2026-03-15 12:02:58 | INFO     | Logger initialized
2026-03-15 12:02:58 | INIT     | ================================================================================
2026-03-15 12:02:58 | INIT     | [RUN CONFIGURATION] instance=XL-n2634-k17.vrp run=0
2026-03-15 12:02:58 | INIT     | seed = 1555341800
2026-03-15 12:02:58 | INIT     | scp_solvers = ['gurobi_mip']
2026-03-15 12:02:58 | INIT     | scp_switch_prob = 0.0
2026-03-15 12:02:58 | INIT     | time_limit_scp = 10000.0
2026-03-15 12:02:58 | INIT     | scp_every = 3
2026-03-15 12:02:58 | INIT     | time_limit_total = 36000.0
2026-03-15 12:02:58 | INIT     | max_no_improvement_iters = 50
2026-03-15 12:02:58 | INIT     | min_avg_cluster_size = 100
2026-03-15 12:02:58 | INIT     | max_avg_cluster_size = 2500
2026-03-15 12:02:58 | INIT     | routing_solvers = ['pyvrp', 'filo1', 'filo2', 'ails2']
2026-03-15 12:02:58 | INIT     | routing_no_improvement = None
2026-03-15 12:02:58 | INIT     | ls_neighbourhood = dri_spatial
2026-03-15 12:02:58 | INIT     | ls_after_routing_max_neighbours = 300
2026-03-15 12:02:58 | INIT     | ls_max_neighbours_restricted = 200
2026-03-15 12:02:58 | INIT     | randomize_polar_angle = True
2026-03-15 12:02:58 | INIT     | warm_start_solutions = None
2026-03-15 12:02:58 | INIT     | log_mode = instance
2026-03-15 12:02:58 | INIT     | log_to_console = False
2026-03-15 12:02:58 | INIT     | periodic_sol_dump = True
2026-03-15 12:02:58 | INIT     | sol_dump_interval = 3600.0
2026-03-15 12:02:58 | INIT     | ================================================================================
2026-03-15 12:02:59 | INFO     | [XL-n2634-k17 ITERATION 1] mode=VB method=sk_kmeans k=1 solver=filo2 ls=pyvrp
2026-03-15 12:03:18 | INFO     | [XL-n2634-k17 CLUSTER] method=sk_kmeans k=1 | sizes=[2633] | min=2633 max=2633 avg=2633.0
2026-03-15 12:03:18 | INFO     | [XL-n2634-k17 ROUTING] Solving clusters with filo2
2026-03-15 12:13:18 | INFO     | [XL-n2634-k17 IMPROVED-VB/RB] best_cost=32131 | Gap: 1.6193%
2026-03-15 12:13:18 | INFO     | [XL-n2634-k17 ITERATION-TIMES 1] cluster=19.558s routing=581.365s ls=18.494s total=619.426s
2026-03-15 12:13:18 | INFO     | [XL-n2634-k17 ITERATION 2] mode=VB method=sk_ac_min k=3 solver=pyvrp ls=pyvrp
2026-03-15 12:13:32 | INFO     | [XL-n2634-k17 CLUSTER] method=sk_ac_min k=3 | sizes=[2628, 1, 4] | min=1 max=2628 avg=877.7
2026-03-15 12:13:32 | INFO     | [XL-n2634-k17 ROUTING] Solving clusters with pyvrp
2026-03-15 12:17:34 | INFO     | [XL-n2634-k17 NO-IMPROVEMENT] best_cost=32131 | streak=1 | Gap: 1.6193%
2026-03-15 12:17:34 | INFO     | [XL-n2634-k17 ITERATION-TIMES 2] cluster=13.564s routing=226.710s ls=15.281s total=255.560s
2026-03-15 12:17:34 | INFO     | [XL-n2634-k17 ITERATION 3] mode=RB method=sk_ac_complete k=2 solver=filo2 ls=pyvrp
2026-03-15 12:17:34 | INFO     | [XL-n2634-k17 CLUSTER] method=sk_ac_complete k=2 | sizes=[1620, 1013] | min=1013 max=1620 avg=1316.5
2026-03-15 12:17:34 | INFO     | [XL-n2634-k17 ROUTING] Solving clusters with filo2
2026-03-15 12:27:29 | INFO     | [XL-n2634-k17 IMPROVED-VB/RB] best_cost=32127 | Gap: 1.6066%
2026-03-15 12:27:29 | INFO     | [XL-n2634-k17 SCP] pruning_mode=diversity
2026-03-15 12:27:29 | INFO     | [XL-n2634-k17 SCP] solver=gurobi_mip | route_pool=51
2026-03-15 12:27:29 | INFO     | [XL-n2634-k17 SCP] optimal solution found
2026-03-15 12:27:45 | INFO     | [XL-n2634-k17 SCP-NO-IMPROVEMENT] cost=32127 (best=32127) | Gap: 1.6066%
2026-03-15 12:27:45 | INFO     | [XL-n2634-k17 ITERATION-TIMES 3] cluster=0.006s routing=577.033s ls=17.997s scp=16.521s total=611.562s
2026-03-15 12:27:45 | INFO     | [XL-n2634-k17 ITERATION 4] mode=RB method=sk_kmeans k=6 solver=pyvrp ls=pyvrp
2026-03-15 12:27:46 | INFO     | [XL-n2634-k17 CLUSTER] method=sk_kmeans k=6 | sizes=[403, 847, 661, 399, 153, 170] | min=153 max=847 avg=438.8
2026-03-15 12:27:46 | INFO     | [XL-n2634-k17 ROUTING] Solving clusters with pyvrp
2026-03-15 12:34:42 | INFO     | [XL-n2634-k17 NO-IMPROVEMENT] best_cost=32127 | streak=1 | Gap: 1.6066%
2026-03-15 12:34:42 | INFO     | [XL-n2634-k17 ITERATION-TIMES 4] cluster=0.343s routing=393.712s ls=22.383s total=416.447s
2026-03-15 12:34:42 | INFO     | [XL-n2634-k17 ITERATION 5] mode=VB method=sk_ac_complete k=5 solver=pyvrp ls=pyvrp
2026-03-15 12:35:00 | INFO     | [XL-n2634-k17 CLUSTER] method=sk_ac_complete k=5 | sizes=[840, 646, 304, 396, 447] | min=304 max=840 avg=526.6
2026-03-15 12:35:00 | INFO     | [XL-n2634-k17 ROUTING] Solving clusters with pyvrp
2026-03-15 12:41:59 | INFO     | [XL-n2634-k17 NO-IMPROVEMENT] best_cost=32127 | streak=2 | Gap: 1.6066%
2026-03-15 12:41:59 | INFO     | [XL-n2634-k17 ITERATION-TIMES 5] cluster=18.505s routing=396.691s ls=21.603s total=436.815s
2026-03-15 12:41:59 | INFO     | [XL-n2634-k17 ITERATION 6] mode=RB method=sk_ac_min k=10 solver=pyvrp ls=pyvrp
2026-03-15 12:41:59 | INFO     | [XL-n2634-k17 CLUSTER] method=sk_ac_min k=10 | sizes=[335, 272, 252, 847, 151, 153, 170, 164, 127, 162] | min=127 max=847 avg=263.3
2026-03-15 12:41:59 | INFO     | [XL-n2634-k17 ROUTING] Solving clusters with pyvrp
2026-03-15 12:50:12 | INFO     | [XL-n2634-k17 SCP] pruning_mode=diversity
2026-03-15 12:50:12 | INFO     | [XL-n2634-k17 SCP] solver=gurobi_mip | route_pool=94
2026-03-15 12:50:12 | INFO     | [XL-n2634-k17 SCP] optimal solution found
2026-03-15 12:50:50 | INFO     | [XL-n2634-k17 SCP-NO-IMPROVEMENT] cost=32127 (best=32127) | Gap: 1.6066%
2026-03-15 12:50:50 | INFO     | [XL-n2634-k17 NO-IMPROVEMENT] best_cost=32127 | streak=3 | Gap: 1.6066%
2026-03-15 12:50:50 | INFO     | [XL-n2634-k17 ITERATION-TIMES 6] cluster=0.004s routing=455.576s ls=37.941s scp=38.138s total=531.664s
2026-03-15 12:50:50 | INFO     | [XL-n2634-k17 ITERATION 7] mode=RB method=sk_ac_min k=6 solver=pyvrp ls=pyvrp
2026-03-15 12:50:50 | INFO     | [XL-n2634-k17 CLUSTER] method=sk_ac_min k=6 | sizes=[403, 661, 170, 847, 399, 153] | min=153 max=847 avg=438.8
2026-03-15 12:50:50 | INFO     | [XL-n2634-k17 ROUTING] Solving clusters with pyvrp
2026-03-15 12:59:54 | INFO     | [XL-n2634-k17 NO-IMPROVEMENT] best_cost=32127 | streak=4 | Gap: 1.6066%
2026-03-15 12:59:54 | INFO     | [XL-n2634-k17 ITERATION-TIMES 7] cluster=0.009s routing=468.613s ls=75.023s total=543.660s
2026-03-15 12:59:54 | INFO     | [XL-n2634-k17 ITERATION 8] mode=RB method=sk_ac_complete k=6 solver=filo1 ls=pyvrp
2026-03-15 12:59:54 | INFO     | [XL-n2634-k17 CLUSTER] method=sk_ac_complete k=6 | sizes=[661, 403, 399, 847, 153, 170] | min=153 max=847 avg=438.8
2026-03-15 12:59:54 | INFO     | [XL-n2634-k17 ROUTING] Solving clusters with filo1
2026-03-15 13:10:49 | INFO     | [XL-n2634-k17 IMPROVED-VB/RB] best_cost=32117 | Gap: 1.5750%
2026-03-15 13:10:49 | INFO     | 
2026-03-15 13:10:49 | INFO     | ================================================================================
2026-03-15 13:10:49 | INFO     | [XL-n2634-k17] PERIODIC SNAPSHOT SNAPSHOT_001
2026-03-15 13:10:49 | INFO     | ================================================================================
2026-03-15 13:10:49 | INFO     | Route #1: 1388 1437 432 544 486 2208 996 612 1158 1881 1460 565 998 1344 2525 1528 1349 932 1072 1798 1114 2302 1242 1111 296 1146 405 2063 1794 640 884 102 130 243 1383 823 1350 2314 1976 848 980 1606 2207 1861 343 1494 9 1270 1279 2612 2113 1263 673 117 874 2071 1892 1345 2267 2309 1011 519 651 1119 20 1823 97 1225 2490 942 1054 2306 1589 322 37 1767 1040 2137 2575 242 683 2325 756 197 721 1712 783 425 1529 2059 2229 845 1243 2277 1687 588 638 2615 152 2304 943 193 1962 567 718 50 555 1571 2546 125 2423 1458 850 2051 2614 2200 4 162 2418 1786 2202 1617 817 562 1902 786 2501 2185 2036 1479 1167 2017 1689 727 788 1718 255 1851 1539 1000 1831 292 73 1427 1673 1702 1043 1395 1584 1333 614 238 1281 1984 735 1554 2358 2235 1320 2451 1277 2018 233 776 295 2491 1920 || mode=rb method=sk_ac_complete solver=filo1 stage=post_ls ls=pyvrp iter=8
2026-03-15 13:10:49 | INFO     | Route #2: 2348 867 1738 128 1188 1016 1436 55 1579 428 1681 2190 1974 883 1736 832 252 279 1675 2424 1931 887 1220 1377 1699 1696 1516 2199 1105 1183 2161 1979 2631 384 440 1315 139 1735 740 2579 1004 1254 2400 1400 770 1485 2364 1247 650 2136 1742 2191 2371 1998 2508 1374 619 526 2260 1760 2326 969 635 2243 2355 1657 1284 351 99 2198 1010 2324 446 1362 1925 472 254 1389 1604 1907 57 1532 1986 98 2520 336 789 1459 1550 1006 169 389 2416 652 1908 2496 459 1971 707 1764 878 272 1392 196 2618 511 375 1778 1789 2231 2049 863 480 920 1980 661 885 798 2133 1144 1442 165 647 1381 1074 2117 2406 2091 2004 2420 924 310 587 122 1592 1117 1874 1223 2128 1526 813 1496 1306 627 522 611 2187 2526 532 2335 1915 826 17 2594 1772 || mode=rb method=sk_ac_complete solver=filo1 stage=post_ls ls=pyvrp iter=8
2026-03-15 13:10:49 | INFO     | Route #3: 1864 919 993 1705 129 793 1822 1047 435 305 1115 1045 2512 2559 170 22 80 1141 143 1983 1643 1734 1587 2535 1637 2587 2430 1701 540 1285 1922 438 1531 1970 937 2147 1585 2380 2057 1049 1660 285 2504 1463 1088 218 138 171 811 157 1488 439 752 1071 1763 1939 1934 1611 434 2632 2604 1037 2588 204 2379 2253 477 463 995 1465 1288 249 1476 56 274 869 2560 1059 903 1477 615 935 92 976 2038 319 1068 390 838 1396 1889 1322 625 1201 1793 1024 202 1302 734 2086 26 2299 248 1203 747 1792 1495 2181 1921 304 1790 1780 1063 1487 54 2531 2073 246 2388 307 2432 2368 2390 1918 2249 286 828 548 430 205 1060 452 1298 720 558 923 493 2150 2025 1050 1163 140 226 2232 1646 380 1246 2221 1265 2088 1961 1564 2047 1722 542 241 137 1999 372 2543 1583 2098 1556 1913 2264 393 1233 || mode=rb method=sk_ac_complete solver=filo1 stage=post_ls ls=pyvrp iter=8
2026-03-15 13:10:49 | INFO     | Route #4: 1680 64 546 2075 1124 118 421 946 812 63 1847 819 1666 1154 1508 349 2313 1880 665 1552 266 1052 131 1089 1212 1729 1189 1356 670 2085 328 2467 1776 499 465 804 342 536 2469 1821 1364 1748 531 2598 1653 694 592 340 1572 829 1489 2204 1313 120 949 1492 750 1093 1369 2503 1833 1676 1296 1394 843 1457 2629 781 1853 630 1170 2031 686 1245 2596 2152 371 774 211 1123 1887 1549 1446 151 453 478 2414 2472 1919 1946 154 1073 1609 1801 2177 2145 362 1743 1784 2296 959 594 1001 1256 2341 1208 1317 2450 1674 1515 1578 397 451 404 891 208 1304 1943 2126 545 645 2331 147 1506 841 1652 111 83 269 2529 1443 888 1194 742 150 2256 1829 1162 2402 2151 396 570 728 444 333 2397 394 330 2464 1996 2109 291 894 971 719 1266 350 2 1237 1210 914 1639 1475 1930 712 1404 2203 1963 1219 288 2412 21 || mode=rb method=sk_ac_complete solver=filo1 stage=post_ls ls=pyvrp iter=8
2026-03-15 13:10:49 | INFO     | Route #5: 520 2454 1325 1728 970 663 2029 2007 1502 2319 703 706 1103 987 2217 1813 664 1137 228 2244 1814 2385 2081 273 2463 986 595 569 934 1438 586 1667 2334 892 403 2471 2437 392 806 2092 1257 775 1580 1297 915 2458 585 1535 1250 1445 1595 827 2026 2509 2270 1053 29 1519 71 487 1483 1375 1207 2127 2369 1450 1932 1659 361 2022 2516 633 2340 642 2118 341 2549 123 1376 508 2435 807 1148 1202 2372 124 2227 2392 1283 2141 2347 215 1222 1367 475 1415 534 1835 2427 2607 1042 1486 1112 2236 1039 323 563 669 713 879 1057 1924 864 101 2550 161 1636 2146 1741 2189 1274 || mode=rb method=sk_ac_complete solver=filo1 stage=post_ls ls=pyvrp iter=8
2026-03-15 13:10:49 | INFO     | Route #6: 1862 2480 862 2608 496 119 2291 1969 1848 711 1917 597 179 1397 47 2534 1947 2014 1385 210 406 1865 2000 1195 2542 219 708 944 2262 2378 1410 94 49 1249 905 184 1174 830 2010 1911 880 1625 1533 895 77 1340 134 1830 1127 106 133 1149 1832 378 2627 820 443 1923 412 230 2396 1029 1691 41 714 191 346 2317 87 1950 539 1038 2551 1600 2507 2457 214 1771 217 15 2354 1714 2426 1378 1870 2225 267 2005 2330 2064 338 58 1129 550 1085 581 2499 2278 433 2159 1271 1165 2616 1102 1022 908 1873 1328 1628 2381 1758 456 1122 1649 527 1435 2156 2110 583 1593 1910 1909 6 379 1398 837 1820 2577 1214 388 668 784 407 787 2625 1510 2558 387 1290 376 902 1480 568 1426 236 1357 91 2433 352 507 1779 || mode=rb method=sk_ac_complete solver=filo1 stage=post_ls ls=pyvrp iter=8
2026-03-15 13:10:49 | INFO     | Route #7: 1648 623 1095 2593 2548 1046 348 1358 560 1079 1099 2589 2440 1797 953 232 2121 2234 1990 600 1226 18 1662 691 2310 277 176 744 2456 1066 1316 2111 2285 1576 2346 589 141 2544 1500 2620 950 271 1540 1454 1982 654 1567 2300 1512 356 1816 1972 212 1837 875 474 1856 1640 2158 726 2220 2077 1805 2009 873 921 571 126 2241 1886 1472 1658 955 1828 1248 909 1630 1166 1241 860 334 1128 622 754 1882 1891 302 399 2320 1368 1403 93 2040 2223 482 2259 1370 1740 68 500 1900 1234 2006 1543 815 2308 1750 1466 889 2350 1875 1690 2176 1704 2172 1461 107 166 2021 1841 2359 455 464 1448 2502 2405 2028 30 1409 1582 || mode=rb method=sk_ac_complete solver=filo1 stage=post_ls ls=pyvrp iter=8
2026-03-15 13:10:49 | INFO     | Route #8: 870 801 160 1104 471 1899 1878 2413 2500 220 1509 1757 2068 312 473 2282 2143 690 1937 842 2366 1224 1005 1501 772 930 2328 2477 142 2362 502 2206 2497 620 225 1555 1765 2293 11 1951 207 382 948 2606 1384 1692 476 551 1456 2115 2179 732 1896 332 1424 2287 1373 172 1087 2053 517 1613 1337 556 2506 1608 834 1626 927 1221 195 1623 187 1725 794 1557 1561 2600 1806 357 978 904 2067 1359 2020 470 2584 1135 2093 1651 1860 2555 1387 2479 1303 2352 1503 1484 1570 1310 1906 1633 529 2332 2134 2116 355 715 2192 115 2611 931 2321 1474 1081 857 1884 408 2511 1408 2055 2105 2455 400 2478 1027 982 778 2002 1840 28 1300 1638 543 2012 1150 809 2601 2578 1379 1100 1030 || mode=rb method=sk_ac_complete solver=filo1 stage=post_ls ls=pyvrp iter=8
2026-03-15 13:10:49 | INFO     | Route #9: 1717 168 1171 748 1968 601 1985 216 69 2257 441 1663 1018 1804 1455 1586 687 780 1239 839 1273 1559 1069 767 1015 1574 1341 1138 2315 1260 1898 1685 2361 1809 489 82 1493 1118 1470 1336 402 427 1406 2155 287 2015 2032 682 1330 2536 1386 359 2533 1028 2135 2610 358 836 2266 2492 658 159 369 799 1795 2170 1987 5 510 628 966 1599 258 792 2205 2476 1469 144 1726 2182 1268 1949 2292 2345 2552 979 2268 954 213 1096 632 203 681 2443 797 1957 2376 769 || mode=rb method=sk_ac_complete solver=filo1 stage=post_ls ls=pyvrp iter=8
2026-03-15 13:10:49 | INFO     | Route #10: 1988 2286 1097 51 1706 1153 2365 321 1439 1713 24 1850 759 2271 1190 796 293 2553 1155 810 344 1682 1845 2487 674 554 1603 1025 303 1766 1782 467 1360 947 1140 1041 413 2591 1598 2250 729 90 1441 1537 1080 2462 1694 626 19 2175 2024 2483 698 1218 1558 1151 25 447 43 1361 366 2312 109 1888 2624 2046 1064 662 1423 1867 1164 1787 1601 411 859 1078 890 2284 1895 2484 1654 1720 1143 1836 2107 1240 2219 189 422 263 1172 110 1120 2342 180 2245 420 2563 95 631 2094 1401 1707 1849 1348 2124 32 113 861 491 1058 1538 1668 223 795 1756 1530 1321 2215 1091 1499 1113 2395 693 2367 1416 766 1624 2460 2099 1292 1615 777 2351 939 367 2165 1697 716 2194 2590 1612 1695 88 2391 1670 911 897 324 1083 1627 347 1272 981 1318 1430 235 2294 1965 || mode=rb method=sk_ac_complete solver=filo1 stage=post_ls ls=pyvrp iter=8
2026-03-15 13:10:49 | INFO     | Route #11: 2494 2452 1733 2269 395 290 1134 337 1232 2609 964 989 579 1520 2633 2539 749 952 1723 2446 1883 1863 2178 1482 1769 509 1090 1308 699 967 899 913 163 2087 576 1056 2060 523 1890 1788 10 566 701 2108 1785 2373 183 1894 469 2403 2597 1236 239 1577 167 1975 2274 449 2344 2162 2322 44 1545 127 1231 199 751 59 1752 2389 354 2382 1796 42 423 800 386 997 360 1749 1332 1094 331 1879 1299 1803 659 1827 2119 1067 2186 39 1013 657 2571 1514 960 2383 1217 14 2540 2129 2475 67 1993 2521 105 60 278 1877 2288 108 1964 973 2132 1229 2258 2605 276 1048 2375 1811 649 2247 572 2523 250 1468 2363 490 33 2538 1216 1418 1227 653 865 1086 2254 1791 1055 1191 1868 1635 1916 621 374 2623 257 1314 3 1721 45 2386 2069 1844 1238 1282 488 2083 2447 495 426 1481 1196 992 2556 785 994 2470 1131 1213 2602 2240 1966 1905 849 1575 78 1808 561 383 1929 || mode=rb method=sk_ac_complete solver=filo1 stage=post_ls ls=pyvrp iter=8
2026-03-15 13:10:49 | INFO     | Route #12: 1569 2276 1955 414 1843 1551 1992 896 2148 666 416 1169 1019 738 2079 2337 2197 758 2311 2411 1960 1912 1710 1546 2580 856 175 2489 245 2246 2070 315 684 497 1524 1197 743 2519 956 722 2316 2485 2066 2275 1754 580 2039 2626 1724 1412 2613 963 65 229 1933 901 925 306 2514 617 1253 1319 2169 2011 604 599 677 1747 1101 505 1876 2272 1339 739 1182 724 1181 368 802 2193 2052 1610 833 1991 466 339 552 991 590 516 377 613 593 1464 2216 186 308 962 629 773 1656 1566 1981 2357 1655 2104 1354 1497 549 2415 234 48 2072 2030 23 2586 1683 1305 685 104 704 1184 1507 1444 240 961 1854 1536 1671 745 1989 1136 1244 513 1731 537 648 1417 2082 1002 1956 591 2349 2238 2080 173 2513 733 1414 692 2338 72 710 1562 2171 2530 299 2174 2201 1719 1116 1565 882 300 2263 2353 1429 1547 1936 1471 2102 1425 || mode=rb method=sk_ac_complete solver=filo1 stage=post_ls ls=pyvrp iter=8
2026-03-15 13:10:49 | INFO     | Route #13: 1391 871 121 1107 34 2001 1973 2434 1605 696 881 1173 2163 2630 641 2188 1594 2442 1007 1421 1451 1941 816 2100 200 1432 417 284 2327 2438 61 1145 145 1619 1672 1109 461 2023 1347 1082 301 1568 1511 85 1462 1903 1938 702 1525 1179 1871 2255 2013 1334 2295 936 1650 1935 1251 1897 1505 1716 2230 2576 297 1573 35 2574 2537 1252 2339 1521 1967 76 2360 518 521 1581 2565 2045 259 75 1070 1647 918 655 7 679 2439 1382 1732 2226 1204 112 790 2074 1323 1762 688 1645 514 2384 2101 2035 988 2343 2566 624 1777 1759 2329 1161 224 2303 805 1023 1051 185 1133 1139 1230 757 803 2488 1289 1157 481 1014 1504 1473 2448 2224 36 1872 1727 746 1402 1365 2541 753 2037 2495 12 1839 1544 557 483 1927 1826 1491 1009 1591 156 609 779 1518 2290 2280 501 2214 401 1661 1857 2583 62 || mode=rb method=sk_ac_complete solver=filo1 stage=post_ls ls=pyvrp iter=8
2026-03-15 13:10:49 | INFO     | Route #14: 261 697 2154 533 1012 761 855 1044 1553 2212 2273 2585 2473 1098 2233 2242 1799 821 760 825 1293 1711 2498 1366 2164 763 327 618 1812 2027 1810 2166 450 1327 765 1309 462 2399 916 983 2419 646 479 1431 313 1351 2301 1901 1517 1168 148 1187 639 672 2103 1267 598 227 364 1452 1411 2252 984 1498 178 1745 316 671 1744 2139 2567 723 289 2084 2581 2428 1751 1977 1003 824 281 2122 1926 972 2409 2106 2404 409 2076 16 846 194 1997 1944 1380 535 86 1597 1513 1770 260 917 680 231 2218 1422 2065 1781 2008 265 951 280 606 2333 1178 2123 1453 822 135 578 876 1978 928 181 1278 1420 573 2034 791 1142 1846 1110 373 2112 705 1490 1693 1866 1180 525 2515 311 553 1126 2211 2356 298 1132 2140 1614 2407 2398 429 1371 457 2222 2138 385 1198 2149 1447 2562 || mode=rb method=sk_ac_complete solver=filo1 stage=post_ls ls=pyvrp iter=8
2026-03-15 13:10:49 | INFO     | Route #15: 1259 2370 814 198 1700 2173 1075 965 675 1026 1629 2569 636 237 1958 2425 2248 1152 1269 1800 294 442 2048 1159 153 345 391 1449 2061 1335 1428 2120 326 1995 2481 512 1399 1077 1329 1709 689 1200 1775 431 1739 2130 1261 329 2196 1708 1664 2142 262 1175 2160 1076 2307 2557 958 2283 2393 709 667 1 1802 1730 1405 1061 410 27 2062 2387 2131 2617 676 84 940 1686 2209 1684 1106 1020 2622 2044 38 1563 2527 1192 2532 1819 318 103 2417 844 1859 256 1307 2510 460 1185 634 1815 818 40 1393 968 247 2153 764 1885 89 1346 365 1286 2422 1021 1331 2125 1703 2095 877 2251 1852 999 1032 448 2431 2374 1621 1642 762 1755 584 2323 454 1156 2033 418 840 1193 2436 886 1363 268 985 524 485 81 2305 547 504 900 1669 1206 1761 608 1121 174 858 2572 1959 1914 1108 851 2408 1008 || mode=rb method=sk_ac_complete solver=filo1 stage=post_ls ls=pyvrp iter=8
2026-03-15 13:10:49 | INFO     | Route #16: 2595 910 700 2468 2042 725 847 1622 1618 2184 146 1084 656 1372 445 177 541 2279 2289 2465 975 164 1869 616 1419 1953 52 1355 221 2466 2228 2003 1773 2377 1390 2167 1858 602 2237 244 2453 2180 2318 2522 492 2568 1590 2261 1211 1588 1209 31 1596 737 990 190 1215 577 717 1434 2336 1255 335 1276 158 2564 2461 2449 1542 538 1607 503 2524 1130 1280 136 1176 1186 2505 1413 771 1262 116 1228 2050 607 898 1855 13 2570 66 1440 2429 132 2213 1301 1264 1287 637 1928 100 2628 872 1275 1541 1825 53 2621 1342 2528 906 1311 188 644 605 436 270 977 575 941 1353 1602 1838 1824 370 1035 209 398 610 2090 317 2114 1698 206 363 2547 1036 275 2297 2041 2518 2078 868 1616 1631 484 1665 1467 1407 1034 114 494 957 || mode=rb method=sk_ac_complete solver=filo1 stage=post_ls ls=pyvrp iter=8
2026-03-15 13:10:49 | INFO     | Route #17: 264 1160 2019 2239 2157 603 1527 582 2599 808 2043 201 96 643 381 2573 353 596 2298 2058 835 2056 1753 182 866 1746 498 155 559 415 854 1235 574 1994 741 1715 1774 1842 2474 1033 1940 1291 1678 1737 852 1523 945 831 853 1548 1065 2482 2545 2410 929 1199 1834 2281 1893 2265 2603 2401 1177 1205 678 1062 730 1312 314 1478 251 320 2444 515 79 1807 2592 2183 736 1942 1031 2554 1904 782 2168 1952 926 660 1534 2394 46 528 1620 1688 192 1641 1324 922 933 2445 506 1948 755 2441 2096 1954 695 2486 564 1634 2144 1017 309 1338 938 1433 419 2195 222 1295 1677 1818 530 8 912 2619 458 1092 893 974 1326 325 2421 1945 282 1522 74 1294 2561 1632 2016 2582 1560 2089 768 1679 253 70 283 437 2493 468 2210 149 1352 2097 2054 1783 2459 1125 1817 731 907 1147 1644 1258 424 2517 1768 1343 || mode=rb method=sk_ac_complete solver=filo1 stage=post_ls ls=pyvrp iter=8
2026-03-15 13:10:49 | INFO     | 
2026-03-15 13:10:49 | INFO     | [BEST SOLUTION ROUTE SUMMARY]
2026-03-15 13:10:49 | INFO     | --------------------------------------------------------------------------------
2026-03-15 13:10:49 | INFO     |   17 routes | RB    | sk_ac_complete  | solver=filo1      | stage=post_ls | ls=pyvrp
2026-03-15 13:10:49 | INFO     | 
2026-03-15 13:10:49 | INFO     | [ROUTE POOL SUMMARY]
2026-03-15 13:10:49 | INFO     |    26 routes | RB | sk_ac_min | solver=pyvrp | stage=post_ls | ls=pyvrp
2026-03-15 13:10:49 | INFO     |    17 routes | VB | sk_kmeans | solver=filo2 | stage=post_ls | ls=pyvrp
2026-03-15 13:10:49 | INFO     |    17 routes | VB | sk_ac_min | solver=pyvrp | stage=post_ls | ls=pyvrp
2026-03-15 13:10:49 | INFO     |    17 routes | RB | sk_ac_complete | solver=filo2 | stage=post_ls | ls=pyvrp
2026-03-15 13:10:49 | INFO     |    17 routes | VB | sk_ac_complete | solver=pyvrp | stage=post_ls | ls=pyvrp
2026-03-15 13:10:49 | INFO     |    16 routes | RB | sk_kmeans | solver=pyvrp | stage=post_ls | ls=pyvrp
2026-03-15 13:10:49 | INFO     |    14 routes | RB | sk_ac_complete | solver=filo1 | stage=post_ls | ls=pyvrp
2026-03-15 13:10:49 | INFO     | [XL-n2634-k17 ITERATION-TIMES 8] cluster=0.005s routing=623.816s ls=31.215s total=655.048s
2026-03-15 13:10:49 | INFO     | [XL-n2634-k17 ITERATION 9] mode=VB method=sk_ac_avg k=10 solver=pyvrp ls=pyvrp
2026-03-15 13:11:02 | INFO     | [XL-n2634-k17 CLUSTER] method=sk_ac_avg k=10 | sizes=[782, 442, 292, 701, 79, 29, 285, 1, 9, 13] | min=1 max=782 avg=263.3
2026-03-15 13:11:02 | INFO     | [XL-n2634-k17 ROUTING] Solving clusters with pyvrp
2026-03-15 13:19:39 | INFO     | [XL-n2634-k17 SCP] pruning_mode=diversity
2026-03-15 13:19:39 | INFO     | [XL-n2634-k17 SCP] solver=gurobi_mip | route_pool=142
2026-03-15 13:19:40 | INFO     | [XL-n2634-k17 SCP] optimal solution found
2026-03-15 13:21:06 | INFO     | [XL-n2634-k17 IMPROVED-SCP] best_cost=32106 | Gap: 1.5402%
2026-03-15 13:21:06 | INFO     | [XL-n2634-k17 ITERATION-TIMES 9] cluster=12.718s routing=455.023s ls=62.426s scp=87.136s total=617.311s
2026-03-15 13:21:06 | INFO     | [XL-n2634-k17 ITERATION 10] mode=RB method=sk_ac_min k=9 solver=pyvrp ls=pyvrp
2026-03-15 13:21:06 | INFO     | [XL-n2634-k17 CLUSTER] method=sk_ac_min k=9 | sizes=[399, 494, 665, 251, 170, 183, 167, 151, 153] | min=151 max=665 avg=292.6
2026-03-15 13:21:06 | INFO     | [XL-n2634-k17 ROUTING] Solving clusters with pyvrp
2026-03-15 13:30:10 | INFO     | [XL-n2634-k17 NO-IMPROVEMENT] best_cost=32106 | streak=1 | Gap: 1.5402%
2026-03-15 13:30:10 | INFO     | [XL-n2634-k17 ITERATION-TIMES 10] cluster=0.029s routing=472.433s ls=71.699s total=544.176s
2026-03-15 13:30:10 | INFO     | [XL-n2634-k17 ITERATION 11] mode=VB method=k_medoids_pyclustering k=5 solver=pyvrp ls=pyvrp
2026-03-15 13:32:45 | INFO     | [XL-n2634-k17 CLUSTER] method=k_medoids_pyclustering k=5 | sizes=[389, 794, 430, 469, 551] | min=389 max=794 avg=526.6
2026-03-15 13:32:45 | INFO     | [XL-n2634-k17 ROUTING] Solving clusters with pyvrp
2026-03-15 13:43:14 | INFO     | [XL-n2634-k17 NO-IMPROVEMENT] best_cost=32106 | streak=2 | Gap: 1.5402%
2026-03-15 13:43:14 | INFO     | [XL-n2634-k17 ITERATION-TIMES 11] cluster=154.426s routing=519.208s ls=109.885s total=783.565s
2026-03-15 13:43:14 | INFO     | [XL-n2634-k17 ITERATION 12] mode=VB method=sk_ac_complete k=5 solver=pyvrp ls=pyvrp
2026-03-15 13:44:03 | INFO     | [XL-n2634-k17 CLUSTER] method=sk_ac_complete k=5 | sizes=[778, 401, 310, 628, 516] | min=310 max=778 avg=526.6
2026-03-15 13:44:03 | INFO     | [XL-n2634-k17 ROUTING] Solving clusters with pyvrp
2026-03-15 13:54:37 | INFO     | [XL-n2634-k17 SCP] pruning_mode=diversity
2026-03-15 13:54:37 | INFO     | [XL-n2634-k17 SCP] solver=gurobi_mip | route_pool=191
2026-03-15 13:54:37 | INFO     | [XL-n2634-k17 SCP] optimal solution found
2026-03-15 13:55:56 | INFO     | [XL-n2634-k17 SCP-NO-IMPROVEMENT] cost=32106 (best=32106) | Gap: 1.5402%
2026-03-15 13:55:56 | INFO     | [XL-n2634-k17 NO-IMPROVEMENT] best_cost=32106 | streak=3 | Gap: 1.5402%
2026-03-15 13:55:56 | INFO     | [XL-n2634-k17 ITERATION-TIMES 12] cluster=49.352s routing=509.257s ls=124.052s scp=79.104s total=761.804s
2026-03-15 13:55:56 | INFO     | [XL-n2634-k17 ITERATION 13] mode=RB method=sk_ac_avg k=9 solver=pyvrp ls=pyvrp
2026-03-15 13:55:56 | INFO     | [XL-n2634-k17 CLUSTER] method=sk_ac_avg k=9 | sizes=[402, 272, 494, 665, 170, 153, 183, 167, 127] | min=127 max=665 avg=292.6
2026-03-15 13:55:56 | INFO     | [XL-n2634-k17 ROUTING] Solving clusters with pyvrp
2026-03-15 14:06:58 | INFO     | [XL-n2634-k17 NO-IMPROVEMENT] best_cost=32106 | streak=4 | Gap: 1.5402%
2026-03-15 14:06:58 | INFO     | [XL-n2634-k17 ITERATION-TIMES 13] cluster=0.024s routing=524.511s ls=137.159s total=661.745s
2026-03-15 14:06:58 | INFO     | [XL-n2634-k17 ITERATION 14] mode=RB method=sk_ac_min k=3 solver=filo2 ls=pyvrp
2026-03-15 14:06:58 | INFO     | [XL-n2634-k17 CLUSTER] method=sk_ac_min k=3 | sizes=[1216, 1018, 399] | min=399 max=1216 avg=877.7
2026-03-15 14:06:58 | INFO     | [XL-n2634-k17 ROUTING] Solving clusters with filo2
2026-03-15 14:41:18 | INFO     | 
2026-03-15 14:41:18 | INFO     | ================================================================================
2026-03-15 14:41:18 | INFO     | [XL-n2634-k17] PERIODIC SNAPSHOT SNAPSHOT_002
2026-03-15 14:41:18 | INFO     | ================================================================================
2026-03-15 14:41:18 | INFO     | Route #1: 520 2454 1325 1728 970 663 2029 2007 1502 2319 703 706 1103 987 2217 1813 664 1137 228 2244 1814 2385 2081 273 2463 986 595 569 934 1438 586 1667 2334 892 403 2471 2437 392 806 2092 1257 775 1580 1297 915 2458 585 1535 1250 1445 1595 827 2026 2509 2270 1053 29 1519 71 487 1483 1375 1207 2127 2369 1450 1932 1659 361 2022 2516 633 2340 642 2118 341 2549 123 1376 508 2435 807 1148 1202 2372 124 2227 2392 1283 2141 2347 215 1222 1367 475 1415 534 1835 2427 2607 1042 1486 2310 691 1662 1226 18 1112 2236 1039 323 563 669 713 879 1057 1924 101 864 2550 161 1636 2146 1741 2189 1274 || mode=rb method=sk_ac_complete solver=filo2 stage=post_ls ls=pyvrp iter=3
2026-03-15 14:41:18 | INFO     | Route #2: 1648 623 1095 2593 2548 1046 348 1358 560 1079 1099 2589 2440 1797 953 232 2121 2234 1990 600 277 176 744 2456 1066 1316 2111 2285 1576 2346 589 141 2544 1500 2620 950 271 1540 1454 1982 654 1567 2300 1512 356 1816 1972 212 1837 875 474 1856 1640 2158 726 2220 2077 1805 2009 873 921 571 126 2241 1886 1472 1658 955 1828 1248 909 1630 1166 1241 860 334 1128 622 754 1882 1891 302 399 2320 1368 1403 93 2040 2223 482 2259 1370 1740 68 500 1900 1234 2006 1543 815 2308 1750 1466 889 2350 1875 1690 2176 1704 2172 1461 107 166 2021 1841 2359 455 464 1448 2502 2405 2028 30 1409 1582 || mode=scp method=gurobi_mip solver=None stage=scp_post_ls ls=N/A iter=9
2026-03-15 14:41:18 | INFO     | Route #3: 2294 235 2365 1153 1706 1439 2553 1155 810 674 2487 1845 344 1682 293 796 1190 2271 759 1713 24 1850 693 2367 2395 1113 1499 1091 2215 1321 1530 1756 795 223 1668 1538 1058 491 861 113 32 2124 1348 1849 1707 1401 2094 631 95 2563 420 2245 180 2342 1120 110 1172 263 422 189 2219 1240 2107 1836 1143 1720 1654 2484 1895 2284 890 1078 859 411 1601 1787 1164 1867 1423 662 1064 2046 2624 1888 109 2312 366 1361 43 447 25 1151 1558 1218 698 2483 2024 2175 19 626 1694 1080 2462 1537 1441 90 729 2250 1598 2591 413 1041 1140 947 1360 467 1782 1766 303 1025 554 1603 1988 2286 1097 51 1965 || mode=rb method=sk_ac_complete solver=filo2 stage=post_ls ls=pyvrp iter=3
2026-03-15 14:41:18 | INFO     | Route #4: 1862 1779 507 352 2433 91 1357 236 1426 568 1480 902 376 1290 387 2558 1510 2625 787 407 784 668 388 1214 2577 1820 837 1398 379 6 1909 1910 1593 583 2110 2156 1435 527 1649 1122 456 1758 2381 1628 1328 1873 908 1022 1102 2616 1165 1271 2159 433 2278 2499 581 1085 550 1129 58 338 2064 2330 267 2005 191 1870 2225 1378 2426 1714 2354 15 217 1771 214 2457 2507 1600 2551 1038 539 1950 87 2317 346 714 41 1691 1029 2396 230 412 1923 443 820 2627 378 1832 1149 133 106 1127 1830 134 1340 77 895 1533 1625 880 1911 2010 830 1174 184 905 1249 49 94 1410 2378 2262 944 708 219 2542 1195 2000 1865 406 210 1385 2014 1947 2534 47 1397 179 597 1917 711 1848 1969 2291 119 496 2608 862 2480 || mode=rb method=sk_ac_complete solver=filo2 stage=post_ls ls=pyvrp iter=3
2026-03-15 14:41:18 | INFO     | Route #5: 1030 1100 1379 2578 2601 809 220 2500 1509 2012 1150 1968 601 1985 543 1638 1300 28 1840 2002 778 982 1027 2478 400 2455 1408 2055 2105 1951 207 382 948 2606 115 2192 715 2611 931 2321 2116 355 2134 2332 529 1633 1906 2479 1387 2555 1651 1860 1303 2352 1503 1310 1570 1484 2315 1138 1341 1809 489 2361 1685 1260 1898 82 1493 1118 1470 1336 402 427 1406 2155 287 2015 2032 682 1330 2536 1386 359 2533 1028 2135 2610 358 836 2266 2492 658 159 369 799 1795 2170 1987 5 510 628 966 1599 258 792 2205 1015 767 1574 1884 857 1081 1474 408 2511 839 1273 1239 780 687 1586 1455 1559 1069 1804 1018 1663 441 2257 2552 979 2345 2292 1949 1268 2476 1469 144 1726 2182 2268 954 213 1096 69 216 632 748 1171 168 797 2443 203 681 1717 1957 2376 769 || mode=rb method=sk_ac_complete solver=filo2 stage=post_ls ls=pyvrp iter=3
2026-03-15 14:41:18 | INFO     | Route #6: 1430 1318 321 1627 897 1083 324 1416 766 1624 367 939 2351 777 1615 1292 2460 2099 1608 2506 556 1337 834 1626 927 1221 195 1623 187 1725 794 1557 1561 2600 1806 357 978 2067 904 470 2584 1135 2093 2020 1359 2115 1424 2287 1373 172 1613 517 1087 2053 332 1896 732 2179 1456 551 476 1692 1384 225 620 2497 2206 502 1555 1765 2293 11 142 2362 2477 772 2328 930 1501 1005 1224 2366 842 1937 690 2143 2282 473 1757 2068 312 1697 2165 716 2194 2590 1612 1695 88 2391 911 1670 347 1272 981 1899 2413 1878 471 1104 160 801 870 || mode=rb method=sk_ac_complete solver=filo2 stage=post_ls ls=pyvrp iter=3
2026-03-15 14:41:18 | INFO     | Route #7: 957 494 114 1034 1407 1467 1665 484 1631 1616 868 2078 2518 2041 2297 275 1036 2547 363 206 1698 2114 317 2090 610 398 209 1035 370 1824 1838 1602 1353 941 575 977 270 436 605 644 188 1311 906 2528 1342 2621 53 1825 1541 1275 872 2628 100 1928 637 1287 1264 1301 2213 132 2429 1440 66 2570 13 1855 898 607 2050 1228 116 1262 771 1413 2505 1186 1176 136 1280 1130 2524 503 1607 538 1542 2449 2461 2564 158 1276 335 1255 2336 1434 717 577 1215 190 990 737 1596 31 1209 1588 1211 2261 1590 2568 492 2522 2318 2180 2453 244 2237 602 1858 2167 1390 2377 1773 2003 2228 2466 221 1355 52 1953 1419 616 1869 164 975 2465 2289 2279 541 177 445 1372 656 1084 146 2184 1618 1622 847 725 2042 2468 700 910 2595 || mode=rb method=sk_ac_complete solver=filo2 stage=post_ls ls=pyvrp iter=3
2026-03-15 14:41:18 | INFO     | Route #8: 264 1160 2019 2239 2157 603 1527 582 2599 808 2043 201 96 643 381 2573 353 596 2298 2058 835 2056 1753 182 1746 866 1940 1291 1678 1737 852 1523 945 853 831 1033 2474 1715 1774 1842 2545 2410 2482 1548 1065 929 1199 1834 2281 1893 2265 2603 2401 1177 1205 678 1062 1994 741 498 155 559 415 854 1235 574 730 1312 314 1478 251 320 2444 515 79 1807 2592 2183 736 1942 1031 2554 1904 782 2168 1952 926 660 1534 2394 46 528 1620 1688 192 1641 1324 922 933 2445 506 1948 755 2441 2096 1954 695 2486 564 1634 2144 1017 309 1338 938 1433 419 2195 222 1295 1677 1818 530 8 912 2619 458 1092 893 974 1326 325 2421 1945 282 1522 74 1294 2561 1632 2016 2582 1560 2089 768 1679 253 70 283 437 2493 468 2210 149 1352 2097 2054 1783 2459 1125 1817 731 907 1147 1644 1258 424 2517 1768 1343 || mode=rb method=sk_ac_complete solver=filo2 stage=post_ls ls=pyvrp iter=3
2026-03-15 14:41:18 | INFO     | Route #9: 1388 1437 432 544 486 2208 996 612 1158 1881 1460 565 998 1344 2525 1528 1349 932 1072 1798 1114 2302 1242 1111 296 1146 405 2063 1794 640 884 102 130 243 1383 823 1350 2314 1976 848 980 1606 2207 1861 343 1494 9 1270 1279 2612 2113 1263 673 117 874 2071 1892 1345 2267 2309 1011 519 651 1119 20 1823 97 1225 2490 942 1054 2306 1589 322 37 1767 1040 2137 2575 242 683 2325 756 197 721 1712 783 425 1529 2059 2229 845 1243 2277 1687 588 638 2615 152 2304 943 193 1962 567 718 50 555 1571 2546 125 2423 1458 850 2051 2614 2200 4 162 2418 1786 2202 1617 817 562 1902 786 2501 2185 2036 1479 1167 2017 1689 727 788 1718 255 1851 1539 1000 1831 292 73 1427 1673 1702 1043 1395 1584 1333 614 238 1281 1984 735 1554 2358 2235 1320 2451 1277 2018 233 776 295 2491 1920 || mode=rb method=sk_ac_complete solver=filo1 stage=post_ls ls=pyvrp iter=8
2026-03-15 14:41:18 | INFO     | Route #10: 2348 867 1738 128 1188 1016 1436 55 1579 428 1681 2190 1974 883 1736 832 252 279 1675 2424 1931 887 1220 1377 1699 1696 1516 2199 1105 1183 2161 1979 2631 384 440 1315 139 1735 740 2579 1004 1254 2400 1400 770 1485 2364 1247 650 2136 1742 2191 2371 1998 2508 1374 619 526 2260 1760 2326 969 635 2243 2355 1657 1284 351 99 2198 1010 2324 446 1362 1925 472 254 1389 1604 1907 57 1532 1986 98 2520 336 789 1459 1550 1006 169 389 2416 652 1908 2496 459 1971 707 1764 878 272 1392 196 2618 511 375 1778 1789 2231 2049 863 480 920 1980 661 885 798 2133 1144 1442 165 647 1381 1074 2117 2406 2091 2004 2420 924 310 587 122 1592 1117 1874 1223 2128 1526 813 1496 1306 627 522 611 2187 2526 532 2335 1915 826 17 2594 1772 || mode=rb method=sk_ac_complete solver=filo1 stage=post_ls ls=pyvrp iter=8
2026-03-15 14:41:18 | INFO     | Route #11: 1864 919 993 1705 129 793 1822 1047 435 305 1115 1045 2512 2559 170 22 80 1141 143 1983 1643 1734 1587 2535 1637 2587 2430 1701 540 1285 1922 438 1531 1970 937 2147 1585 2380 2057 1049 1660 285 2504 1463 1088 218 138 171 811 157 1488 439 752 1071 1763 1939 1934 1611 434 2632 2604 1037 2588 204 2379 2253 477 463 995 1465 1288 249 1476 56 274 869 2560 1059 903 1477 615 935 92 976 2038 319 1068 390 838 1396 1889 1322 625 1201 1793 1024 202 1302 734 2086 26 2299 248 1203 747 1792 1495 2181 1921 304 1790 1780 1063 1487 54 2531 2073 246 2388 307 2432 2368 2390 1918 2249 286 828 548 430 205 1060 452 1298 720 558 923 493 2150 2025 1050 1163 140 226 2232 1646 380 1246 2221 1265 2088 1961 1564 2047 1722 542 241 137 1999 372 2543 1583 2098 1556 1913 2264 393 1233 || mode=rb method=sk_ac_complete solver=filo1 stage=post_ls ls=pyvrp iter=8
2026-03-15 14:41:18 | INFO     | Route #12: 1680 64 546 2075 1124 118 421 946 812 63 1847 819 1666 1154 1508 349 2313 1880 665 1552 266 1052 131 1089 1212 1729 1189 1356 670 2085 328 2467 1776 499 465 804 342 536 2469 1821 1364 1748 531 2598 1653 694 592 340 1572 829 1489 2204 1313 120 949 1492 750 1093 1369 2503 1833 1676 1296 1394 843 1457 2629 781 1853 630 1170 2031 686 1245 2596 2152 371 774 211 1123 1887 1549 1446 151 453 478 2414 2472 1919 1946 154 1073 1609 1801 2177 2145 362 1743 1784 2296 959 594 1001 1256 2341 1208 1317 2450 1674 1515 1578 397 451 404 891 208 1304 1943 2126 545 645 2331 147 1506 841 1652 111 83 269 2529 1443 888 1194 742 150 2256 1829 1162 2402 2151 396 570 728 444 333 2397 394 330 2464 1996 2109 291 894 971 719 1266 350 2 1237 1210 914 1639 1475 1930 712 1404 2203 1963 1219 288 2412 21 || mode=rb method=sk_ac_complete solver=filo1 stage=post_ls ls=pyvrp iter=8
2026-03-15 14:41:18 | INFO     | Route #13: 2494 2452 1733 2269 395 290 1134 337 1232 2609 964 989 579 1520 2633 2539 749 952 1723 2446 1883 1863 2178 1482 1769 509 1090 1308 699 967 899 913 163 2087 576 1056 2060 523 1890 1788 10 566 701 2108 1785 2373 183 1894 469 2403 2597 1236 239 1577 167 1975 2274 449 2344 2162 2322 44 1545 127 1231 199 751 59 1752 2389 354 2382 1796 42 423 800 386 997 360 1749 1332 1094 331 1879 1299 1803 659 1827 2119 1067 2186 39 1013 657 2571 1514 960 2383 1217 14 2540 2129 2475 67 1993 2521 105 60 278 1877 2288 108 1964 973 2132 1229 2258 2605 276 1048 2375 1811 649 2247 572 2523 250 1468 2363 490 33 2538 1216 1418 1227 653 865 1086 2254 1791 1055 1191 1868 1635 1916 621 374 2623 257 1314 3 1721 45 2386 2069 1844 1238 1282 488 2083 2447 495 426 1481 1196 992 2556 785 994 2470 1131 1213 2602 2240 1966 1905 849 1575 78 1808 561 383 1929 || mode=rb method=sk_ac_complete solver=filo1 stage=post_ls ls=pyvrp iter=8
2026-03-15 14:41:18 | INFO     | Route #14: 1569 2276 1955 414 1843 1551 1992 896 2148 666 416 1169 1019 738 2079 2337 2197 758 2311 2411 1960 1912 1710 1546 2580 856 175 2489 245 2246 2070 315 684 497 1524 1197 743 2519 956 722 2316 2485 2066 2275 1754 580 2039 2626 1724 1412 2613 963 65 229 1933 901 925 306 2514 617 1253 1319 2169 2011 604 599 677 1747 1101 505 1876 2272 1339 739 1182 724 1181 368 802 2193 2052 1610 833 1991 466 339 552 991 590 516 377 613 593 1464 2216 186 308 962 629 773 1656 1566 1981 2357 1655 2104 1354 1497 549 2415 234 48 2072 2030 23 2586 1683 1305 685 104 704 1184 1507 1444 240 961 1854 1536 1671 745 1989 1136 1244 513 1731 537 648 1417 2082 1002 1956 591 2349 2238 2080 173 2513 733 1414 692 2338 72 710 1562 2171 2530 299 2174 2201 1719 1116 1565 882 300 2263 2353 1429 1547 1936 1471 2102 1425 || mode=rb method=sk_ac_complete solver=filo1 stage=post_ls ls=pyvrp iter=8
2026-03-15 14:41:18 | INFO     | Route #15: 1391 871 121 1107 34 2001 1973 2434 1605 696 881 1173 2163 2630 641 2188 1594 2442 1007 1421 1451 1941 816 2100 200 1432 417 284 2327 2438 61 1145 145 1619 1672 1109 461 2023 1347 1082 301 1568 1511 85 1462 1903 1938 702 1525 1179 1871 2255 2013 1334 2295 936 1650 1935 1251 1897 1505 1716 2230 2576 297 1573 35 2574 2537 1252 2339 1521 1967 76 2360 518 521 1581 2565 2045 259 75 1070 1647 918 655 7 679 2439 1382 1732 2226 1204 112 790 2074 1323 1762 688 1645 514 2384 2101 2035 988 2343 2566 624 1777 1759 2329 1161 224 2303 805 1023 1051 185 1133 1139 1230 757 803 2488 1289 1157 481 1014 1504 1473 2448 2224 36 1872 1727 746 1402 1365 2541 753 2037 2495 12 1839 1544 557 483 1927 1826 1491 1009 1591 156 609 779 1518 2290 2280 501 2214 401 1661 1857 2583 62 || mode=rb method=sk_ac_complete solver=filo1 stage=post_ls ls=pyvrp iter=8
2026-03-15 14:41:18 | INFO     | Route #16: 261 697 2154 533 1012 761 855 1044 1553 2212 2273 2585 2473 1098 2233 2242 1799 821 760 825 1293 1711 2498 1366 2164 763 327 618 1812 2027 1810 2166 450 1327 765 1309 462 2399 916 983 2419 646 479 1431 313 1351 2301 1901 1517 1168 148 1187 639 672 2103 1267 598 227 364 1452 1411 2252 984 1498 178 1745 316 671 1744 2139 2567 723 289 2084 2581 2428 1751 1977 1003 824 281 2122 1926 972 2409 2106 2404 409 2076 16 846 194 1997 1944 1380 535 86 1597 1513 1770 260 917 680 231 2218 1422 2065 1781 2008 265 951 280 606 2333 1178 2123 1453 822 135 578 876 1978 928 181 1278 1420 573 2034 791 1142 1846 1110 373 2112 705 1490 1693 1866 1180 525 2515 311 553 1126 2211 2356 298 1132 2140 1614 2407 2398 429 1371 457 2222 2138 385 1198 2149 1447 2562 || mode=rb method=sk_ac_complete solver=filo1 stage=post_ls ls=pyvrp iter=8
2026-03-15 14:41:18 | INFO     | Route #17: 1259 2370 814 198 1700 2173 1075 965 675 1026 1629 2569 636 237 1958 2425 2248 1152 1269 1800 294 442 2048 1159 153 345 391 1449 2061 1335 1428 2120 326 1995 2481 512 1399 1077 1329 1709 689 1200 1775 431 1739 2130 1261 329 2196 1708 1664 2142 262 1175 2160 1076 2307 2557 958 2283 2393 709 667 1 1802 1730 1405 1061 410 27 2062 2387 2131 2617 676 84 940 1686 2209 1684 1106 1020 2622 2044 38 1563 2527 1192 2532 1819 318 103 2417 844 1859 256 1307 2510 460 1185 634 1815 818 40 1393 968 247 2153 764 1885 89 1346 365 1286 2422 1021 1331 2125 1703 2095 877 2251 1852 999 1032 448 2431 2374 1621 1642 762 1755 584 2323 454 1156 2033 418 840 1193 2436 886 1363 268 985 524 485 81 2305 547 504 900 1669 1206 1761 608 1121 174 858 2572 1959 1914 1108 851 2408 1008 || mode=rb method=sk_ac_complete solver=filo1 stage=post_ls ls=pyvrp iter=8
2026-03-15 14:41:18 | INFO     | 
2026-03-15 14:41:18 | INFO     | [BEST SOLUTION ROUTE SUMMARY]
2026-03-15 14:41:18 | INFO     | --------------------------------------------------------------------------------
2026-03-15 14:41:18 | INFO     |    9 routes | RB    | sk_ac_complete  | solver=filo1      | stage=post_ls | ls=pyvrp
2026-03-15 14:41:18 | INFO     |    7 routes | RB    | sk_ac_complete  | solver=filo2      | stage=post_ls | ls=pyvrp
2026-03-15 14:41:18 | INFO     |    1 routes | SCP   | gurobi_mip      | solver=UNKNOWN    | stage=scp_post_ls | ls=N/A
2026-03-15 14:41:18 | INFO     | 
2026-03-15 14:41:18 | INFO     | [ROUTE POOL SUMMARY]
2026-03-15 14:41:18 | INFO     |    40 routes | RB | sk_ac_min | solver=pyvrp | stage=post_ls | ls=pyvrp
2026-03-15 14:41:18 | INFO     |    34 routes | VB | sk_ac_complete | solver=pyvrp | stage=post_ls | ls=pyvrp
2026-03-15 14:41:18 | INFO     |    18 routes | VB | sk_ac_avg | solver=pyvrp | stage=post_ls | ls=pyvrp
2026-03-15 14:41:18 | INFO     |    17 routes | VB | sk_kmeans | solver=filo2 | stage=post_ls | ls=pyvrp
2026-03-15 14:41:18 | INFO     |    17 routes | VB | sk_ac_min | solver=pyvrp | stage=post_ls | ls=pyvrp
2026-03-15 14:41:18 | INFO     |    17 routes | RB | sk_ac_complete | solver=filo2 | stage=post_ls | ls=pyvrp
2026-03-15 14:41:18 | INFO     |    17 routes | VB | k_medoids_pyclustering | solver=pyvrp | stage=post_ls | ls=pyvrp
2026-03-15 14:41:18 | INFO     |    17 routes | RB | sk_ac_min | solver=filo2 | stage=post_ls | ls=pyvrp
2026-03-15 14:41:18 | INFO     |    16 routes | RB | sk_kmeans | solver=pyvrp | stage=post_ls | ls=pyvrp
2026-03-15 14:41:18 | INFO     |    14 routes | RB | sk_ac_complete | solver=filo1 | stage=post_ls | ls=pyvrp
2026-03-15 14:41:18 | INFO     |    14 routes | RB | sk_ac_avg | solver=pyvrp | stage=post_ls | ls=pyvrp
2026-03-15 14:41:18 | INFO     |     1 routes | SCP | gurobi_mip | solver=UNKNOWN | stage=scp_post_ls | ls=N/A
2026-03-15 14:41:18 | INFO     | [XL-n2634-k17 NO-IMPROVEMENT] best_cost=32106 | streak=5 | Gap: 1.5402%
2026-03-15 14:41:18 | INFO     | [XL-n2634-k17 ITERATION-TIMES 14] cluster=0.037s routing=1919.917s ls=140.340s total=2060.351s
2026-03-15 14:41:18 | INFO     | [XL-n2634-k17 ITERATION 15] mode=RB method=sk_ac_avg k=6 solver=filo1 ls=pyvrp
2026-03-15 14:41:18 | INFO     | [XL-n2634-k17 CLUSTER] method=sk_ac_avg k=6 | sizes=[848, 661, 399, 402, 170, 153] | min=153 max=848 avg=438.8
2026-03-15 14:41:18 | INFO     | [XL-n2634-k17 ROUTING] Solving clusters with filo1
2026-03-15 15:12:05 | INFO     | [XL-n2634-k17 SCP] pruning_mode=diversity
2026-03-15 15:12:05 | INFO     | [XL-n2634-k17 SCP] solver=gurobi_mip | route_pool=236
2026-03-15 15:12:06 | INFO     | [XL-n2634-k17 SCP] optimal solution found
2026-03-15 15:16:01 | INFO     | [XL-n2634-k17 IMPROVED-SCP] best_cost=32094 | Gap: 1.5023%
2026-03-15 15:16:01 | INFO     | [XL-n2634-k17 ITERATION-TIMES 15] cluster=0.010s routing=1665.624s ls=181.890s scp=235.550s total=2083.111s
2026-03-15 15:16:01 | INFO     | [XL-n2634-k17 ITERATION 16] mode=RB method=sk_kmeans k=6 solver=filo2 ls=pyvrp
2026-03-15 15:16:03 | INFO     | [XL-n2634-k17 CLUSTER] method=sk_kmeans k=6 | sizes=[848, 153, 398, 662, 170, 402] | min=153 max=848 avg=438.8
2026-03-15 15:16:03 | INFO     | [XL-n2634-k17 ROUTING] Solving clusters with filo2
2026-03-15 15:35:56 | INFO     | [XL-n2634-k17 NO-IMPROVEMENT] best_cost=32094 | streak=1 | Gap: 1.5023%
2026-03-15 15:35:56 | INFO     | [XL-n2634-k17 ITERATION-TIMES 16] cluster=1.595s routing=1110.928s ls=82.447s total=1194.990s
2026-03-15 15:35:56 | INFO     | [XL-n2634-k17 ITERATION 17] mode=VB method=sk_ac_min k=2 solver=filo1 ls=pyvrp
2026-03-15 15:37:12 | INFO     | [XL-n2634-k17 CLUSTER] method=sk_ac_min k=2 | sizes=[2632, 1] | min=1 max=2632 avg=1316.5
2026-03-15 15:37:12 | INFO     | [XL-n2634-k17 ROUTING] Solving clusters with filo1
2026-03-15 16:26:50 | INFO     | 
2026-03-15 16:26:50 | INFO     | ================================================================================
2026-03-15 16:26:50 | INFO     | [XL-n2634-k17] PERIODIC SNAPSHOT SNAPSHOT_003
2026-03-15 16:26:50 | INFO     | ================================================================================
2026-03-15 16:26:50 | INFO     | Route #1: 520 2454 1325 1728 970 663 2029 2007 1502 2319 703 706 1103 987 2217 1813 664 1137 228 2244 1814 2385 2081 273 2463 986 595 569 934 1438 586 1667 2334 892 403 2471 2437 392 806 2092 1257 775 1580 1297 915 2458 585 1535 1250 1445 1595 827 2026 2509 2270 1053 29 1519 71 487 1483 1375 1207 2127 2369 1450 1932 1659 361 2022 2516 633 2340 642 2118 341 2549 123 1376 508 2435 807 1148 1202 2372 124 2227 2392 1283 2141 2347 215 1222 1367 475 1415 534 1835 2427 2607 1042 1486 2310 691 1662 1226 18 1112 2236 1039 323 563 669 713 879 1057 1924 101 864 2550 161 1636 2146 1741 2189 1274 || mode=rb method=sk_ac_complete solver=filo2 stage=post_ls ls=pyvrp iter=3
2026-03-15 16:26:50 | INFO     | Route #2: 2294 235 2365 1153 1706 1439 2553 1155 810 674 2487 1845 344 1682 293 796 1190 2271 759 1713 24 1850 693 2367 2395 1113 1499 1091 2215 1321 1530 1756 795 223 1668 1538 1058 491 861 113 32 2124 1348 1849 1707 1401 2094 631 95 2563 420 2245 180 2342 1120 110 1172 263 422 189 2219 1240 2107 1836 1143 1720 1654 2484 1895 2284 890 1078 859 411 1601 1787 1164 1867 1423 662 1064 2046 2624 1888 109 2312 366 1361 43 447 25 1151 1558 1218 698 2483 2024 2175 19 626 1694 1080 2462 1537 1441 90 729 2250 1598 2591 413 1041 1140 947 1360 467 1782 1766 303 1025 554 1603 1988 2286 1097 51 1965 || mode=rb method=sk_ac_complete solver=filo2 stage=post_ls ls=pyvrp iter=3
2026-03-15 16:26:50 | INFO     | Route #3: 1862 1779 507 352 2433 91 1357 236 1426 568 1480 902 376 1290 387 2558 1510 2625 787 407 784 668 388 1214 2577 1820 837 1398 379 6 1909 1910 1593 583 2110 2156 1435 527 1649 1122 456 1758 2381 1628 1328 1873 908 1022 1102 2616 1165 1271 2159 433 2278 2499 581 1085 550 1129 58 338 2064 2330 267 2005 191 1870 2225 1378 2426 1714 2354 15 217 1771 214 2457 2507 1600 2551 1038 539 1950 87 2317 346 714 41 1691 1029 2396 230 412 1923 443 820 2627 378 1832 1149 133 106 1127 1830 134 1340 77 895 1533 1625 880 1911 2010 830 1174 184 905 1249 49 94 1410 2378 2262 944 708 219 2542 1195 2000 1865 406 210 1385 2014 1947 2534 47 1397 179 597 1917 711 1848 1969 2291 119 496 2608 862 2480 || mode=rb method=sk_ac_complete solver=filo2 stage=post_ls ls=pyvrp iter=3
2026-03-15 16:26:50 | INFO     | Route #4: 1030 1100 1379 2578 2601 809 220 2500 1509 2012 1150 1968 601 1985 543 1638 1300 28 1840 2002 778 982 1027 2478 400 2455 1408 2055 2105 1951 207 382 948 2606 115 2192 715 2611 931 2321 2116 355 2134 2332 529 1633 1906 2479 1387 2555 1651 1860 1303 2352 1503 1310 1570 1484 2315 1138 1341 1809 489 2361 1685 1260 1898 82 1493 1118 1470 1336 402 427 1406 2155 287 2015 2032 682 1330 2536 1386 359 2533 1028 2135 358 836 2266 2492 658 159 369 799 1795 2170 1987 5 510 628 966 1599 258 792 2205 1015 767 1574 1884 857 1081 1474 408 2511 839 1273 1239 780 687 1586 1455 1559 1069 1804 1018 1663 441 2257 2552 979 2345 2292 1949 1268 2476 1469 144 1726 2182 2268 954 213 1096 69 216 632 748 1171 168 797 2443 203 681 1717 1957 2376 769 || mode=scp method=gurobi_mip solver=None stage=scp_post_ls ls=N/A iter=15
2026-03-15 16:26:50 | INFO     | Route #5: 1430 1318 321 1627 897 1083 324 1416 766 1624 367 939 2351 777 1615 1292 2460 2099 1608 2506 556 1337 834 1626 927 1221 195 1623 187 1725 794 1557 1561 2600 1806 357 978 2067 904 470 2584 1135 2093 2020 1359 2115 1424 2287 1373 172 1613 517 1087 2053 332 1896 732 2179 1456 551 476 1692 1384 225 620 2497 2206 502 1555 1765 2293 11 142 2362 2477 772 2328 930 1501 1005 1224 2366 842 1937 690 2143 2282 473 1757 2068 312 1697 2165 716 2194 2590 1612 1695 88 2391 911 1670 347 1272 981 1899 2413 1878 471 1104 160 801 870 || mode=rb method=sk_ac_complete solver=filo2 stage=post_ls ls=pyvrp iter=3
2026-03-15 16:26:50 | INFO     | Route #6: 957 494 114 1034 1407 1467 1665 484 1631 1616 868 2078 2518 2041 2297 275 1036 2547 363 206 1698 2114 317 2090 610 398 209 1035 370 1824 1838 1602 1353 941 575 977 270 436 605 644 188 1311 906 2528 1342 2621 53 1825 1541 1275 872 2628 100 1928 637 1287 1264 1301 2213 132 2429 1440 66 2570 13 1855 898 607 2050 1228 116 1262 771 1413 2505 1186 1176 136 1280 1130 2524 503 1607 538 1542 2449 2461 2564 158 1276 335 1255 2336 1434 717 577 1215 190 990 737 1596 31 1209 1588 1211 2261 1590 2568 492 2522 2318 2180 2453 244 2237 602 1858 2167 1390 2377 1773 2003 2228 2466 221 1355 52 1953 1419 616 1869 164 975 2465 2289 2279 541 177 445 1372 656 1084 146 2184 1618 1622 847 725 2042 2468 700 910 2595 || mode=rb method=sk_ac_complete solver=filo2 stage=post_ls ls=pyvrp iter=3
2026-03-15 16:26:50 | INFO     | Route #7: 264 1160 2019 2239 2157 603 1527 582 2599 808 2043 201 96 643 381 2573 353 596 2298 2058 835 2056 1753 182 1746 866 1940 1291 1678 1737 852 1523 945 853 831 1033 2474 1715 1774 1842 2545 2410 2482 1548 1065 929 1199 1834 2281 1893 2265 2603 2401 1177 1205 678 1062 1994 741 498 155 559 415 854 1235 574 730 1312 314 1478 251 320 2444 515 79 1807 2592 2183 736 1942 1031 2554 1904 782 2168 1952 926 660 1534 2394 46 528 1620 1688 192 1641 1324 922 933 2445 506 1948 755 2441 2096 1954 695 2486 564 1634 2144 1017 309 1338 938 1433 419 2195 222 1295 1677 1818 530 8 912 2619 458 1092 893 974 1326 325 2421 1945 282 1522 74 1294 2561 1632 2016 2582 1560 2089 768 1679 253 70 283 437 2493 468 2210 149 1352 2097 2054 1783 2459 1125 1817 731 907 1147 1644 1258 424 2517 1768 1343 || mode=rb method=sk_ac_complete solver=filo2 stage=post_ls ls=pyvrp iter=3
2026-03-15 16:26:50 | INFO     | Route #8: 2494 2452 1733 2269 395 290 1134 337 1232 2609 964 989 579 1520 2633 2539 749 952 1723 2446 1883 1863 2178 1482 1769 509 1090 1308 699 967 899 913 163 2087 576 1056 2060 523 1890 1788 10 566 701 2108 1785 2373 183 1894 469 2403 2597 1236 239 1577 167 1975 2274 449 2344 2162 2322 44 1545 127 1231 199 751 59 1752 2389 354 2382 1796 42 423 800 386 997 360 1749 1332 1094 331 1879 1299 1803 659 1827 2119 1067 2186 39 1013 657 2571 1514 960 2383 1217 14 2540 2129 2475 67 1993 2521 105 60 278 1877 2288 108 1964 973 2132 1229 2258 2605 276 1048 2375 1811 649 2247 572 2523 250 1468 2363 490 33 2538 1216 1418 1227 653 865 1086 2254 1791 1055 1191 1868 1635 1916 621 374 2623 257 1314 3 1721 45 2386 2069 1844 1238 1282 488 2083 2447 495 426 1481 1196 992 2556 785 994 2470 1131 1213 2602 2240 1966 1905 849 1575 78 1808 561 383 1929 || mode=rb method=sk_ac_complete solver=filo1 stage=post_ls ls=pyvrp iter=8
2026-03-15 16:26:50 | INFO     | Route #9: 1569 2276 1955 414 1843 1551 1992 896 2148 666 416 1169 1019 738 2079 2337 2197 758 2311 2411 1960 1912 1710 1546 2580 856 175 2489 245 2246 2070 315 684 497 1524 1197 743 2519 956 722 2316 2485 2066 2275 1754 580 2039 2626 1724 1412 2613 963 65 229 1933 901 925 306 2514 617 1253 1319 2169 2011 604 599 677 1747 1101 505 1876 2272 1339 739 1182 724 1181 368 802 2193 2052 1610 833 1991 466 339 552 991 590 516 377 613 593 1464 2216 186 308 962 629 773 1656 1566 1981 2357 1655 2104 1354 1497 549 2415 234 48 2072 2030 23 2586 1683 1305 685 104 704 1184 1507 1444 240 961 1854 1536 1671 745 1989 1136 1244 513 1731 537 648 1417 2082 1002 1956 591 2349 2238 2080 173 2513 733 1414 692 2338 72 710 1562 2171 2530 299 2174 2201 1719 1116 1565 882 300 2263 2353 1429 1547 1936 1471 2102 1425 || mode=rb method=sk_ac_complete solver=filo1 stage=post_ls ls=pyvrp iter=8
2026-03-15 16:26:50 | INFO     | Route #10: 1391 871 121 1107 34 2001 1973 2434 1605 696 881 1173 2163 2630 641 2188 1594 2442 1007 1421 1451 1941 816 2100 200 1432 417 284 2327 2438 61 1145 145 1619 1672 1109 461 2023 1347 1082 301 1568 1511 85 1462 1903 1938 702 1525 1179 1871 2255 2013 1334 2295 936 1650 1935 1251 1897 1505 1716 2230 2576 297 1573 35 2574 2537 1252 2339 1521 1967 76 2360 518 521 1581 2565 2045 259 75 1070 1647 918 655 7 679 2439 1382 1732 2226 1204 112 790 2074 1323 1762 688 1645 514 2384 2101 2035 988 2343 2566 624 1777 1759 2329 1161 224 2303 805 1023 1051 185 1133 1139 1230 757 803 2488 1289 1157 481 1014 1504 1473 2448 2224 36 1872 1727 746 1402 1365 2541 753 2037 2495 12 1839 1544 557 483 1927 1826 1491 1009 1591 156 609 779 1518 2290 2280 501 2214 401 1661 1857 2583 62 || mode=rb method=sk_ac_complete solver=filo1 stage=post_ls ls=pyvrp iter=8
2026-03-15 16:26:50 | INFO     | Route #11: 261 697 2154 533 1012 761 855 1044 1553 2212 2273 2585 2473 1098 2233 2242 1799 821 760 825 1293 1711 2498 1366 2164 763 327 618 1812 2027 1810 2166 450 1327 765 1309 462 2399 916 983 2419 646 479 1431 313 1351 2301 1901 1517 1168 148 1187 639 672 2103 1267 598 227 364 1452 1411 2252 984 1498 178 1745 316 671 1744 2139 2567 723 289 2084 2581 2428 1751 1977 1003 824 281 2122 1926 972 2409 2106 2404 409 2076 16 846 194 1997 1944 1380 535 86 1597 1513 1770 260 917 680 231 2218 1422 2065 1781 2008 265 951 280 606 2333 1178 2123 1453 822 135 578 876 1978 928 181 1278 1420 573 2034 791 1142 1846 1110 373 2112 705 1490 1693 1866 1180 525 2515 311 553 1126 2211 2356 298 1132 2140 1614 2407 2398 429 1371 457 2222 2138 385 1198 2149 1447 2562 || mode=rb method=sk_ac_complete solver=filo1 stage=post_ls ls=pyvrp iter=8
2026-03-15 16:26:50 | INFO     | Route #12: 1259 2370 814 198 1700 2173 1075 965 675 1026 1629 2569 636 237 1958 2425 2248 1152 1269 1800 294 442 2048 1159 153 345 391 1449 2061 1335 1428 2120 326 1995 2481 512 1399 1077 1329 1709 689 1200 1775 431 1739 2130 1261 329 2196 1708 1664 2142 262 1175 2160 1076 2307 2557 958 2283 2393 709 667 1 1802 1730 1405 1061 410 27 2062 2387 2131 2617 676 84 940 1686 2209 1684 1106 1020 2622 2044 38 1563 2527 1192 2532 1819 318 103 2417 844 1859 256 1307 2510 460 1185 634 1815 818 40 1393 968 247 2153 764 1885 89 1346 365 1286 2422 1021 1331 2125 1703 2095 877 2251 1852 999 1032 448 2431 2374 1621 1642 762 1755 584 2323 454 1156 2033 418 840 1193 2436 886 1363 268 985 524 485 81 2305 547 504 900 1669 1206 1761 608 1121 174 858 2572 1959 1914 1108 851 2408 1008 || mode=rb method=sk_ac_complete solver=filo1 stage=post_ls ls=pyvrp iter=8
2026-03-15 16:26:50 | INFO     | Route #13: 1648 623 1095 2593 2548 1046 348 1358 560 1079 1099 2589 2440 1797 953 232 2121 2234 1990 600 277 176 744 2456 1066 1316 2111 2285 1576 2346 589 141 2544 1500 2620 950 271 1540 1454 1982 654 1567 2300 1512 356 1816 1972 212 1837 875 474 1856 1640 2158 726 2220 2077 1805 2009 873 921 571 126 2241 1886 1472 1658 955 1828 1248 909 1630 1166 1241 860 334 1128 622 754 1882 1891 302 399 2320 1368 1403 93 2040 2223 482 2259 1370 1740 68 500 1900 1234 2006 1543 815 2308 1750 1466 889 2350 1875 1690 2176 1704 2172 1461 107 166 2021 1841 2359 455 464 1448 2502 2405 2028 30 1409 1582 || mode=scp method=gurobi_mip solver=None stage=scp_post_ls ls=N/A iter=9
2026-03-15 16:26:50 | INFO     | Route #14: 2348 867 1738 128 1188 1016 1436 55 1579 428 1681 2190 1974 883 1639 914 1210 252 279 1675 2424 1931 887 1220 1377 1699 1696 1516 2199 1105 1183 2161 1979 2631 384 1167 740 2579 1735 139 1315 440 1778 375 511 2618 196 1392 272 878 1764 707 1971 459 2496 1908 1907 1604 57 1532 1986 98 2520 1962 567 718 943 193 2304 1040 1767 37 322 1589 2306 50 1389 254 472 1925 1362 446 2324 1010 2198 2614 2200 4 162 2418 351 99 1284 1657 2355 2243 635 969 2326 1760 2260 526 619 1374 2508 1998 2371 2191 1742 2136 650 1247 2364 1485 770 1400 2400 1254 1004 2501 2185 2036 1479 2017 1689 727 788 1718 255 1851 1539 1000 1831 292 73 1427 832 1736 1043 1395 1584 1333 614 238 1281 1984 735 1554 2358 2235 1320 2451 1277 2018 233 776 544 295 1920 || mode=rb method=sk_ac_avg solver=filo1 stage=post_ls ls=pyvrp iter=15
2026-03-15 16:26:50 | INFO     | Route #15: 1388 1680 64 546 2075 1124 118 2610 421 946 812 63 1847 819 296 1146 1111 1242 2302 1794 2063 405 1508 1154 1666 349 2313 1880 665 1552 266 1052 131 1089 1212 1729 1189 1356 670 2085 328 2467 1776 499 465 804 673 117 342 536 2469 1821 1364 1748 531 2598 1653 694 592 340 1572 20 1823 829 1489 2204 1313 120 949 1492 750 1093 1369 2503 1833 1676 1296 1457 1394 843 721 1712 783 425 1529 2137 2575 242 683 2325 756 197 2490 942 1054 555 1571 2546 125 2423 1225 97 1458 850 2051 1119 651 519 1011 2309 2267 1345 1892 2071 1786 874 2202 1617 2113 1263 2612 1279 817 562 1902 786 1270 9 1494 343 1861 2207 1606 980 848 1976 2314 1350 823 1383 243 130 102 884 640 1673 1702 1114 1798 1072 932 1349 1528 2525 1344 998 565 1460 1881 1158 612 996 2208 486 432 1437 2491 || mode=rb method=sk_ac_avg solver=filo1 stage=post_ls ls=pyvrp iter=15
2026-03-15 16:26:50 | INFO     | Route #16: 1864 919 993 1705 129 532 2526 793 1822 1047 435 305 1115 1045 2512 2559 170 22 80 1117 1592 1141 143 1983 1643 1734 1587 2535 1637 2587 2430 1701 540 1285 1922 438 1531 1970 937 2147 1585 2380 2057 1049 286 2249 218 138 171 811 157 1488 439 752 1071 1763 1939 1934 1611 434 2632 2604 1037 2588 204 2379 2253 477 463 995 1465 1288 249 1476 56 274 869 2560 1059 903 1477 615 935 92 976 2038 319 1068 390 838 1396 1889 1322 625 1201 1793 1024 202 1302 734 2086 26 2299 248 1203 747 1792 1495 2181 1921 304 1790 1780 1063 1487 54 2531 2073 246 2388 307 2432 2368 2390 1918 828 548 430 205 1060 452 1298 720 558 923 493 2150 2025 1050 1163 140 226 2232 1646 380 1246 2221 1265 2088 1961 1564 2047 1722 542 241 137 1999 372 2543 1583 2098 1556 1913 2264 393 1233 || mode=rb method=sk_ac_avg solver=filo1 stage=post_ls ls=pyvrp iter=15
2026-03-15 16:26:50 | INFO     | Route #17: 1772 2594 17 21 2412 288 1219 1963 2203 1404 712 1930 1475 1496 2 1237 350 1266 719 971 894 291 2109 1996 2464 330 1381 647 165 1442 1144 2133 798 885 661 1980 920 480 863 2049 2231 1789 1194 888 1443 2529 269 169 2416 389 652 1006 336 789 1459 1550 152 2615 638 588 1687 2277 1243 845 2229 2059 630 1170 2031 1853 2629 781 686 1245 2596 2152 371 774 211 1123 1887 1549 1446 151 453 478 2414 2472 1919 1946 154 1073 1609 1801 2177 2145 362 1743 1784 2296 959 594 1001 1256 2341 1208 1317 2450 1674 1515 1578 397 451 404 891 208 1304 1943 2126 545 645 2331 147 1506 841 1652 111 83 1088 1463 2504 285 1660 742 150 2256 1829 1162 2402 2151 396 570 728 444 333 2397 394 1074 2117 2406 2091 2004 2420 924 310 587 122 1874 1223 2128 1526 813 1306 627 522 611 2187 2335 1915 826 || mode=rb method=sk_ac_avg solver=filo1 stage=post_ls ls=pyvrp iter=15
2026-03-15 16:26:50 | INFO     | 
2026-03-15 16:26:50 | INFO     | [BEST SOLUTION ROUTE SUMMARY]
2026-03-15 16:26:50 | INFO     | --------------------------------------------------------------------------------
2026-03-15 16:26:50 | INFO     |    6 routes | RB    | sk_ac_complete  | solver=filo2      | stage=post_ls | ls=pyvrp
2026-03-15 16:26:50 | INFO     |    5 routes | RB    | sk_ac_complete  | solver=filo1      | stage=post_ls | ls=pyvrp
2026-03-15 16:26:50 | INFO     |    4 routes | RB    | sk_ac_avg       | solver=filo1      | stage=post_ls | ls=pyvrp
2026-03-15 16:26:50 | INFO     |    2 routes | SCP   | gurobi_mip      | solver=UNKNOWN    | stage=scp_post_ls | ls=N/A
2026-03-15 16:26:50 | INFO     | 
2026-03-15 16:26:50 | INFO     | [ROUTE POOL SUMMARY]
2026-03-15 16:26:50 | INFO     |    40 routes | RB | sk_ac_min | solver=pyvrp | stage=post_ls | ls=pyvrp
2026-03-15 16:26:50 | INFO     |    34 routes | VB | sk_ac_complete | solver=pyvrp | stage=post_ls | ls=pyvrp
2026-03-15 16:26:50 | INFO     |    18 routes | VB | sk_ac_avg | solver=pyvrp | stage=post_ls | ls=pyvrp
2026-03-15 16:26:50 | INFO     |    17 routes | VB | sk_kmeans | solver=filo2 | stage=post_ls | ls=pyvrp
2026-03-15 16:26:50 | INFO     |    17 routes | VB | sk_ac_min | solver=pyvrp | stage=post_ls | ls=pyvrp
2026-03-15 16:26:50 | INFO     |    17 routes | RB | sk_ac_complete | solver=filo2 | stage=post_ls | ls=pyvrp
2026-03-15 16:26:50 | INFO     |    17 routes | VB | k_medoids_pyclustering | solver=pyvrp | stage=post_ls | ls=pyvrp
2026-03-15 16:26:50 | INFO     |    17 routes | RB | sk_ac_min | solver=filo2 | stage=post_ls | ls=pyvrp
2026-03-15 16:26:50 | INFO     |    17 routes | VB | sk_ac_min | solver=filo1 | stage=post_ls | ls=pyvrp
2026-03-15 16:26:50 | INFO     |    16 routes | RB | sk_kmeans | solver=pyvrp | stage=post_ls | ls=pyvrp
2026-03-15 16:26:50 | INFO     |    14 routes | RB | sk_ac_complete | solver=filo1 | stage=post_ls | ls=pyvrp
2026-03-15 16:26:50 | INFO     |    14 routes | RB | sk_ac_avg | solver=pyvrp | stage=post_ls | ls=pyvrp
2026-03-15 16:26:50 | INFO     |    14 routes | RB | sk_ac_avg | solver=filo1 | stage=post_ls | ls=pyvrp
2026-03-15 16:26:50 | INFO     |    14 routes | RB | sk_kmeans | solver=filo2 | stage=post_ls | ls=pyvrp
2026-03-15 16:26:50 | INFO     |     2 routes | SCP | gurobi_mip | solver=UNKNOWN | stage=scp_post_ls | ls=N/A
2026-03-15 16:26:50 | INFO     | [XL-n2634-k17 NO-IMPROVEMENT] best_cost=32094 | streak=2 | Gap: 1.5023%
2026-03-15 16:26:50 | INFO     | [XL-n2634-k17 ITERATION-TIMES 17] cluster=76.308s routing=2904.850s ls=72.966s total=3054.362s
2026-03-15 16:26:50 | INFO     | [XL-n2634-k17 ITERATION 18] mode=RB method=sk_ac_avg k=3 solver=filo1 ls=pyvrp
2026-03-15 16:26:50 | INFO     | [XL-n2634-k17 CLUSTER] method=sk_ac_avg k=3 | sizes=[1217, 1018, 398] | min=398 max=1217 avg=877.7
2026-03-15 16:26:50 | INFO     | [XL-n2634-k17 ROUTING] Solving clusters with filo1
2026-03-15 17:09:13 | INFO     | [XL-n2634-k17 SCP] pruning_mode=diversity
2026-03-15 17:09:13 | INFO     | [XL-n2634-k17 SCP] solver=gurobi_mip | route_pool=285
2026-03-15 17:09:15 | INFO     | [XL-n2634-k17 SCP] optimal solution found
2026-03-15 17:11:08 | INFO     | [XL-n2634-k17 IMPROVED-SCP] best_cost=32079 | Gap: 1.4548%
2026-03-15 17:11:08 | INFO     | [XL-n2634-k17 ITERATION-TIMES 18] cluster=0.089s routing=2440.735s ls=102.224s scp=114.885s total=2657.976s
2026-03-15 17:11:08 | INFO     | [XL-n2634-k17 ITERATION 19] mode=VB method=sk_ac_min k=7 solver=filo2 ls=pyvrp
2026-03-15 17:12:06 | INFO     | [XL-n2634-k17 CLUSTER] method=sk_ac_min k=7 | sizes=[4, 4, 2620, 1, 1, 1, 2] | min=1 max=2620 avg=376.1
2026-03-15 17:12:06 | INFO     | [XL-n2634-k17 ROUTING] Solving clusters with filo2
2026-03-15 18:13:19 | INFO     | 
2026-03-15 18:13:19 | INFO     | ================================================================================
2026-03-15 18:13:19 | INFO     | [XL-n2634-k17] PERIODIC SNAPSHOT SNAPSHOT_004
2026-03-15 18:13:19 | INFO     | ================================================================================
2026-03-15 18:13:19 | INFO     | Route #1: 520 2454 1325 1728 970 663 2029 2007 1502 2319 703 706 1103 987 2217 1813 664 1137 228 2244 1814 2385 2081 273 2463 986 595 569 934 1438 586 1667 2334 892 403 2471 2437 392 806 2092 1257 775 1580 1297 915 2458 585 1535 1250 1445 1595 827 2026 2509 2270 1053 29 1519 71 487 1483 1375 1207 2127 2369 1450 1932 1659 361 2022 2516 633 2340 642 2118 341 2549 123 1376 508 2435 807 1148 1202 2372 124 2227 2392 1283 2141 2347 215 1222 1367 475 1415 534 1835 2427 2607 1042 1486 2310 691 1662 1226 18 1112 2236 1039 323 563 669 713 879 1057 1924 101 864 2550 161 1636 2146 1741 2189 1274 || mode=rb method=sk_ac_complete solver=filo2 stage=post_ls ls=pyvrp iter=3
2026-03-15 18:13:19 | INFO     | Route #2: 1862 1779 507 352 2433 91 1357 236 1426 568 1480 902 376 1290 387 2558 1510 2625 787 407 784 668 388 1214 2577 1820 837 1398 379 6 1909 1910 1593 583 2110 2156 1435 527 1649 1122 456 1758 2381 1628 1328 1873 908 1022 1102 2616 1165 1271 2159 433 2278 2499 581 1085 550 1129 58 338 2064 2330 267 2005 191 1870 2225 1378 2426 1714 2354 15 217 1771 214 2457 2507 1600 2551 1038 539 1950 87 2317 346 714 41 1691 1029 2396 230 412 1923 443 820 2627 378 1832 1149 133 106 1127 1830 134 1340 77 895 1533 1625 880 1911 2010 830 1174 184 905 1249 49 94 1410 2378 2262 944 708 219 2542 1195 2000 1865 406 210 1385 2014 1947 2534 47 1397 179 597 1917 711 1848 1969 2291 119 496 2608 862 2480 || mode=rb method=sk_ac_complete solver=filo2 stage=post_ls ls=pyvrp iter=3
2026-03-15 18:13:19 | INFO     | Route #3: 957 494 114 1034 1407 1467 1665 484 1631 1616 868 2078 2518 2041 2297 275 1036 2547 363 206 1698 2114 317 2090 610 398 209 1035 370 1824 1838 1602 1353 941 575 977 270 436 605 644 188 1311 906 2528 1342 2621 53 1825 1541 1275 872 2628 100 1928 637 1287 1264 1301 2213 132 2429 1440 66 2570 13 1855 898 607 2050 1228 116 1262 771 1413 2505 1186 1176 136 1280 1130 2524 503 1607 538 1542 2449 2461 2564 158 1276 335 1255 2336 1434 717 577 1215 190 990 737 1596 31 1209 1588 1211 2261 1590 2568 492 2522 2318 2180 2453 244 2237 602 1858 2167 1390 2377 1773 2003 2228 2466 221 1355 52 1953 1419 616 1869 164 975 2465 2289 2279 541 177 445 1372 656 1084 146 2184 1618 1622 847 725 2042 2468 700 910 2595 || mode=rb method=sk_ac_complete solver=filo2 stage=post_ls ls=pyvrp iter=3
2026-03-15 18:13:19 | INFO     | Route #4: 264 1160 2019 2239 2157 603 1527 582 2599 808 2043 201 96 643 381 2573 353 596 2298 2058 835 2056 1753 182 1746 866 1940 1291 1678 1737 852 1523 945 853 831 1033 2474 1715 1774 1842 2545 2410 2482 1548 1065 929 1199 1834 2281 1893 2265 2603 2401 1177 1205 678 1062 1994 741 498 155 559 415 854 1235 574 730 1312 314 1478 251 320 2444 515 79 1807 2592 2183 736 1942 1031 2554 1904 782 2168 1952 926 660 1534 2394 46 528 1620 1688 192 1641 1324 922 933 2445 506 1948 755 2441 2096 1954 695 2486 564 1634 2144 1017 309 1338 938 1433 419 2195 222 1295 1677 1818 530 8 912 2619 458 1092 893 974 1326 325 2421 1945 282 1522 74 1294 2561 1632 2016 2582 1560 2089 768 1679 253 70 283 437 2493 468 2210 149 1352 2097 2054 1783 2459 1125 1817 731 907 1147 1644 1258 424 2517 1768 1343 || mode=rb method=sk_ac_complete solver=filo2 stage=post_ls ls=pyvrp iter=3
2026-03-15 18:13:19 | INFO     | Route #5: 2494 2452 1733 2269 395 290 1134 337 1232 2609 964 989 579 1520 2633 2539 749 952 1723 2446 1883 1863 2178 1482 1769 509 1090 1308 699 967 899 913 163 2087 576 1056 2060 523 1890 1788 10 566 701 2108 1785 2373 183 1894 469 2403 2597 1236 239 1577 167 1975 2274 449 2344 2162 2322 44 1545 127 1231 199 751 59 1752 2389 354 2382 1796 42 423 800 386 997 360 1749 1332 1094 331 1879 1299 1803 659 1827 2119 1067 2186 39 1013 657 2571 1514 960 2383 1217 14 2540 2129 2475 67 1993 2521 105 60 278 1877 2288 108 1964 973 2132 1229 2258 2605 276 1048 2375 1811 649 2247 572 2523 250 1468 2363 490 33 2538 1216 1418 1227 653 865 1086 2254 1791 1055 1191 1868 1635 1916 621 374 2623 257 1314 3 1721 45 2386 2069 1844 1238 1282 488 2083 2447 495 426 1481 1196 992 2556 785 994 2470 1131 1213 2602 2240 1966 1905 849 1575 78 1808 561 383 1929 || mode=rb method=sk_ac_complete solver=filo1 stage=post_ls ls=pyvrp iter=8
2026-03-15 18:13:19 | INFO     | Route #6: 1569 2276 1955 414 1843 1551 1992 896 2148 666 416 1169 1019 738 2079 2337 2197 758 2311 2411 1960 1912 1710 1546 2580 856 175 2489 245 2246 2070 315 684 497 1524 1197 743 2519 956 722 2316 2485 2066 2275 1754 580 2039 2626 1724 1412 2613 963 65 229 1933 901 925 306 2514 617 1253 1319 2169 2011 604 599 677 1747 1101 505 1876 2272 1339 739 1182 724 1181 368 802 2193 2052 1610 833 1991 466 339 552 991 590 516 377 613 593 1464 2216 186 308 962 629 773 1656 1566 1981 2357 1655 2104 1354 1497 549 2415 234 48 2072 2030 23 2586 1683 1305 685 104 704 1184 1507 1444 240 961 1854 1536 1671 745 1989 1136 1244 513 1731 537 648 1417 2082 1002 1956 591 2349 2238 2080 173 2513 733 1414 692 2338 72 710 1562 2171 2530 299 2174 2201 1719 1116 1565 882 300 2263 2353 1429 1547 1936 1471 2102 1425 || mode=rb method=sk_ac_complete solver=filo1 stage=post_ls ls=pyvrp iter=8
2026-03-15 18:13:19 | INFO     | Route #7: 1391 871 121 1107 34 2001 1973 2434 1605 696 881 1173 2163 2630 641 2188 1594 2442 1007 1421 1451 1941 816 2100 200 1432 417 284 2327 2438 61 1145 145 1619 1672 1109 461 2023 1347 1082 301 1568 1511 85 1462 1903 1938 702 1525 1179 1871 2255 2013 1334 2295 936 1650 1935 1251 1897 1505 1716 2230 2576 297 1573 35 2574 2537 1252 2339 1521 1967 76 2360 518 521 1581 2565 2045 259 75 1070 1647 918 655 7 679 2439 1382 1732 2226 1204 112 790 2074 1323 1762 688 1645 514 2384 2101 2035 988 2343 2566 624 1777 1759 2329 1161 224 2303 805 1023 1051 185 1133 1139 1230 757 803 2488 1289 1157 481 1014 1504 1473 2448 2224 36 1872 1727 746 1402 1365 2541 753 2037 2495 12 1839 1544 557 483 1927 1826 1491 1009 1591 156 609 779 1518 2290 2280 501 2214 401 1661 1857 2583 62 || mode=rb method=sk_ac_complete solver=filo1 stage=post_ls ls=pyvrp iter=8
2026-03-15 18:13:19 | INFO     | Route #8: 261 697 2154 533 1012 761 855 1044 1553 2212 2273 2585 2473 1098 2233 2242 1799 821 760 825 1293 1711 2498 1366 2164 763 327 618 1812 2027 1810 2166 450 1327 765 1309 462 2399 916 983 2419 646 479 1431 313 1351 2301 1901 1517 1168 148 1187 639 672 2103 1267 598 227 364 1452 1411 2252 984 1498 178 1745 316 671 1744 2139 2567 723 289 2084 2581 2428 1751 1977 1003 824 281 2122 1926 972 2409 2106 2404 409 2076 16 846 194 1997 1944 1380 535 86 1597 1513 1770 260 917 680 231 2218 1422 2065 1781 2008 265 951 280 606 2333 1178 2123 1453 822 135 578 876 1978 928 181 1278 1420 573 2034 791 1142 1846 1110 373 2112 705 1490 1693 1866 1180 525 2515 311 553 1126 2211 2356 298 1132 2140 1614 2407 2398 429 1371 457 2222 2138 385 1198 2149 1447 2562 || mode=rb method=sk_ac_complete solver=filo1 stage=post_ls ls=pyvrp iter=8
2026-03-15 18:13:19 | INFO     | Route #9: 1259 2370 814 198 1700 2173 1075 965 675 1026 1629 2569 636 237 1958 2425 2248 1152 1269 1800 294 442 2048 1159 153 345 391 1449 2061 1335 1428 2120 326 1995 2481 512 1399 1077 1329 1709 689 1200 1775 431 1739 2130 1261 329 2196 1708 1664 2142 262 1175 2160 1076 2307 2557 958 2283 2393 709 667 1 1802 1730 1405 1061 410 27 2062 2387 2131 2617 676 84 940 1686 2209 1684 1106 1020 2622 2044 38 1563 2527 1192 2532 1819 318 103 2417 844 1859 256 1307 2510 460 1185 634 1815 818 40 1393 968 247 2153 764 1885 89 1346 365 1286 2422 1021 1331 2125 1703 2095 877 2251 1852 999 1032 448 2431 2374 1621 1642 762 1755 584 2323 454 1156 2033 418 840 1193 2436 886 1363 268 985 524 485 81 2305 547 504 900 1669 1206 1761 608 1121 174 858 2572 1959 1914 1108 851 2408 1008 || mode=rb method=sk_ac_complete solver=filo1 stage=post_ls ls=pyvrp iter=8
2026-03-15 18:13:19 | INFO     | Route #10: 1648 623 1095 2593 2548 1046 348 1358 560 1079 1099 2589 2440 1797 953 232 2121 2234 1990 600 277 176 744 2456 1066 1316 2111 2285 1576 2346 589 141 2544 1500 2620 950 271 1540 1454 1982 654 1567 2300 1512 356 1816 1972 212 1837 875 474 1856 1640 2158 726 2220 2077 1805 2009 873 921 571 126 2241 1886 1472 1658 955 1828 1248 909 1630 1166 1241 860 334 1128 622 754 1882 1891 302 399 2320 1368 1403 93 2040 2223 482 2259 1370 1740 68 500 1900 1234 2006 1543 815 2308 1750 1466 889 2350 1875 1690 2176 1704 2172 1461 107 166 2021 1841 2359 455 464 1448 2502 2405 2028 30 1409 1582 || mode=scp method=gurobi_mip solver=None stage=scp_post_ls ls=N/A iter=9
2026-03-15 18:13:19 | INFO     | Route #11: 2348 867 1738 128 1188 1016 1436 55 1579 428 1681 2190 1974 883 1639 914 1210 252 279 1675 2424 1931 887 1220 1377 1699 1696 1516 2199 1105 1183 2161 1979 2631 384 1167 740 2579 1735 139 1315 440 1778 375 511 2618 196 1392 272 878 1764 707 1971 459 2496 1908 1907 1604 57 1532 1986 98 2520 1962 567 718 943 193 2304 1040 1767 37 322 1589 2306 50 1389 254 472 1925 1362 446 2324 1010 2198 2614 2200 4 162 2418 351 99 1284 1657 2355 2243 635 969 2326 1760 2260 526 619 1374 2508 1998 2371 2191 1742 2136 650 1247 2364 1485 770 1400 2400 1254 1004 2501 2185 2036 1479 2017 1689 727 788 1718 255 1851 1539 1000 1831 292 73 1427 832 1736 1043 1395 1584 1333 614 238 1281 1984 735 1554 2358 2235 1320 2451 1277 2018 233 776 544 295 1920 || mode=rb method=sk_ac_avg solver=filo1 stage=post_ls ls=pyvrp iter=15
2026-03-15 18:13:19 | INFO     | Route #12: 1388 1680 64 546 2075 1124 118 2610 421 946 812 63 1847 819 296 1146 1111 1242 2302 1794 2063 405 1508 1154 1666 349 2313 1880 665 1552 266 1052 131 1089 1212 1729 1189 1356 670 2085 328 2467 1776 499 465 804 673 117 342 536 2469 1821 1364 1748 531 2598 1653 694 592 340 1572 20 1823 829 1489 2204 1313 120 949 1492 750 1093 1369 2503 1833 1676 1296 1457 1394 843 721 1712 783 425 1529 2137 2575 242 683 2325 756 197 2490 942 1054 555 1571 2546 125 2423 1225 97 1458 850 2051 1119 651 519 1011 2309 2267 1345 1892 2071 1786 874 2202 1617 2113 1263 2612 1279 817 562 1902 786 1270 9 1494 343 1861 2207 1606 980 848 1976 2314 1350 823 1383 243 130 102 884 640 1673 1702 1114 1798 1072 932 1349 1528 2525 1344 998 565 1460 1881 1158 612 996 2208 486 432 1437 2491 || mode=rb method=sk_ac_avg solver=filo1 stage=post_ls ls=pyvrp iter=15
2026-03-15 18:13:19 | INFO     | Route #13: 1864 919 993 1705 129 532 2526 793 1822 1047 435 305 1115 1045 2512 2559 170 22 80 1117 1592 1141 143 1983 1643 1734 1587 2535 1637 2587 2430 1701 540 1285 1922 438 1531 1970 937 2147 1585 2380 2057 1049 286 2249 218 138 171 811 157 1488 439 752 1071 1763 1939 1934 1611 434 2632 2604 1037 2588 204 2379 2253 477 463 995 1465 1288 249 1476 56 274 869 2560 1059 903 1477 615 935 92 976 2038 319 1068 390 838 1396 1889 1322 625 1201 1793 1024 202 1302 734 2086 26 2299 248 1203 747 1792 1495 2181 1921 304 1790 1780 1063 1487 54 2531 2073 246 2388 307 2432 2368 2390 1918 828 548 430 205 1060 452 1298 720 558 923 493 2150 2025 1050 1163 140 226 2232 1646 380 1246 2221 1265 2088 1961 1564 2047 1722 542 241 137 1999 372 2543 1583 2098 1556 1913 2264 393 1233 || mode=rb method=sk_ac_avg solver=filo1 stage=post_ls ls=pyvrp iter=15
2026-03-15 18:13:19 | INFO     | Route #14: 1772 2594 17 21 2412 288 1219 1963 2203 1404 712 1930 1475 1496 2 1237 350 1266 719 971 894 291 2109 1996 2464 330 1381 647 165 1442 1144 2133 798 885 661 1980 920 480 863 2049 2231 1789 1194 888 1443 2529 269 169 2416 389 652 1006 336 789 1459 1550 152 2615 638 588 1687 2277 1243 845 2229 2059 630 1170 2031 1853 2629 781 686 1245 2596 2152 371 774 211 1123 1887 1549 1446 151 453 478 2414 2472 1919 1946 154 1073 1609 1801 2177 2145 362 1743 1784 2296 959 594 1001 1256 2341 1208 1317 2450 1674 1515 1578 397 451 404 891 208 1304 1943 2126 545 645 2331 147 1506 841 1652 111 83 1088 1463 2504 285 1660 742 150 2256 1829 1162 2402 2151 396 570 728 444 333 2397 394 1074 2117 2406 2091 2004 2420 924 310 587 122 1874 1223 2128 1526 813 1306 627 522 611 2187 2335 1915 826 || mode=rb method=sk_ac_avg solver=filo1 stage=post_ls ls=pyvrp iter=15
2026-03-15 18:13:19 | INFO     | Route #15: 2294 235 1706 1153 2365 321 1439 2553 1155 810 674 2487 1845 344 1682 293 796 1190 2271 759 1713 24 1850 693 2395 2367 1416 1113 1499 1091 2215 1321 1530 1756 223 795 1668 1538 1058 491 861 113 32 2124 1348 1849 1707 1401 2094 631 95 2563 420 2245 180 2342 1120 110 1172 263 422 189 2219 1240 2107 1836 1143 1720 1654 2484 1895 2284 890 1078 859 411 1601 1787 1164 1867 1423 662 1064 2046 2624 1888 109 2312 366 1361 43 447 25 1151 1558 1218 698 2483 2024 2175 19 626 1694 1080 2462 1537 1441 90 729 2250 1598 2591 413 1041 1140 947 1360 467 1782 1766 303 1025 554 1603 1988 2286 1097 51 1965 || mode=rb method=sk_kmeans solver=filo2 stage=post_ls ls=pyvrp iter=16
2026-03-15 18:13:19 | INFO     | Route #16: 769 2376 1957 1717 797 2443 681 203 632 216 69 1096 213 954 2268 1268 2182 1469 144 1726 2476 2205 792 258 1599 966 628 510 5 1987 2170 1795 799 369 159 658 2492 2266 836 358 2135 1028 2533 359 1386 2536 1330 682 2032 2015 287 2155 1406 427 402 1336 1470 1118 1493 82 489 1809 2361 1685 1898 1260 2315 1138 1341 1574 1015 767 1559 1069 1949 2292 2345 979 2552 2257 441 1663 1018 1804 1455 1586 687 780 1239 839 1273 1884 857 1081 1474 408 2511 1408 2055 2105 2455 400 2478 982 1027 142 2362 2477 772 2328 930 1501 1224 1005 690 2143 2002 778 1840 28 1300 1638 543 1985 601 1968 748 1171 168 1379 1100 1030 || mode=rb method=sk_kmeans solver=filo2 stage=post_ls ls=pyvrp iter=16
2026-03-15 18:13:19 | INFO     | Route #17: 870 801 160 1104 471 1899 1878 2413 2500 220 2578 2601 809 1150 2012 1509 1757 473 2282 1937 842 2366 2497 2206 502 1555 1765 2293 11 1951 207 382 948 2606 115 2192 715 2611 931 2321 2116 355 2134 2332 529 1633 1906 1310 1570 1484 1503 2352 1303 2479 1387 2555 1860 1651 2093 1135 2584 470 2020 1359 2067 904 978 357 1806 2600 1561 1557 794 1725 187 1623 195 1221 927 1626 834 1608 2460 2099 2506 556 1337 1613 517 2053 1087 172 1373 2287 1424 332 1896 732 2179 2115 1456 551 476 1692 1384 225 620 1292 1615 777 2351 939 1624 766 367 2194 716 2165 1697 312 2068 2590 1612 1695 88 2391 1670 911 897 324 1083 1627 347 1272 981 1318 1430 || mode=rb method=sk_kmeans solver=filo2 stage=post_ls ls=pyvrp iter=16
2026-03-15 18:13:19 | INFO     | 
2026-03-15 18:13:19 | INFO     | [BEST SOLUTION ROUTE SUMMARY]
2026-03-15 18:13:19 | INFO     | --------------------------------------------------------------------------------
2026-03-15 18:13:19 | INFO     |    5 routes | RB    | sk_ac_complete  | solver=filo1      | stage=post_ls | ls=pyvrp
2026-03-15 18:13:19 | INFO     |    4 routes | RB    | sk_ac_avg       | solver=filo1      | stage=post_ls | ls=pyvrp
2026-03-15 18:13:19 | INFO     |    4 routes | RB    | sk_ac_complete  | solver=filo2      | stage=post_ls | ls=pyvrp
2026-03-15 18:13:19 | INFO     |    3 routes | RB    | sk_kmeans       | solver=filo2      | stage=post_ls | ls=pyvrp
2026-03-15 18:13:19 | INFO     |    1 routes | SCP   | gurobi_mip      | solver=UNKNOWN    | stage=scp_post_ls | ls=N/A
2026-03-15 18:13:19 | INFO     | 
2026-03-15 18:13:19 | INFO     | [ROUTE POOL SUMMARY]
2026-03-15 18:13:19 | INFO     |    40 routes | RB | sk_ac_min | solver=pyvrp | stage=post_ls | ls=pyvrp
2026-03-15 18:13:19 | INFO     |    34 routes | VB | sk_ac_complete | solver=pyvrp | stage=post_ls | ls=pyvrp
2026-03-15 18:13:19 | INFO     |    31 routes | RB | sk_ac_avg | solver=filo1 | stage=post_ls | ls=pyvrp
2026-03-15 18:13:19 | INFO     |    18 routes | VB | sk_ac_avg | solver=pyvrp | stage=post_ls | ls=pyvrp
2026-03-15 18:13:19 | INFO     |    17 routes | VB | sk_kmeans | solver=filo2 | stage=post_ls | ls=pyvrp
2026-03-15 18:13:19 | INFO     |    17 routes | VB | sk_ac_min | solver=pyvrp | stage=post_ls | ls=pyvrp
2026-03-15 18:13:19 | INFO     |    17 routes | RB | sk_ac_complete | solver=filo2 | stage=post_ls | ls=pyvrp
2026-03-15 18:13:19 | INFO     |    17 routes | VB | k_medoids_pyclustering | solver=pyvrp | stage=post_ls | ls=pyvrp
2026-03-15 18:13:19 | INFO     |    17 routes | RB | sk_ac_min | solver=filo2 | stage=post_ls | ls=pyvrp
2026-03-15 18:13:19 | INFO     |    17 routes | VB | sk_ac_min | solver=filo1 | stage=post_ls | ls=pyvrp
2026-03-15 18:13:19 | INFO     |    17 routes | VB | sk_ac_min | solver=filo2 | stage=post_ls | ls=pyvrp
2026-03-15 18:13:19 | INFO     |    16 routes | RB | sk_kmeans | solver=pyvrp | stage=post_ls | ls=pyvrp
2026-03-15 18:13:19 | INFO     |    14 routes | RB | sk_ac_complete | solver=filo1 | stage=post_ls | ls=pyvrp
2026-03-15 18:13:19 | INFO     |    14 routes | RB | sk_ac_avg | solver=pyvrp | stage=post_ls | ls=pyvrp
2026-03-15 18:13:19 | INFO     |    14 routes | RB | sk_kmeans | solver=filo2 | stage=post_ls | ls=pyvrp
2026-03-15 18:13:19 | INFO     |     2 routes | SCP | gurobi_mip | solver=UNKNOWN | stage=scp_post_ls | ls=N/A
2026-03-15 18:13:19 | INFO     | [XL-n2634-k17 NO-IMPROVEMENT] best_cost=32079 | streak=1 | Gap: 1.4548%
2026-03-15 18:13:19 | INFO     | [XL-n2634-k17 ITERATION-TIMES 19] cluster=57.453s routing=3480.970s ls=191.798s total=3730.545s
2026-03-15 18:13:19 | INFO     | [XL-n2634-k17 ITERATION 20] mode=VB method=sk_ac_min k=6 solver=filo1 ls=pyvrp
2026-03-15 18:15:45 | INFO     | [XL-n2634-k17 CLUSTER] method=sk_ac_min k=6 | sizes=[2623, 2, 4, 1, 2, 1] | min=1 max=2623 avg=438.8
2026-03-15 18:15:45 | INFO     | [XL-n2634-k17 ROUTING] Solving clusters with filo1
2026-03-15 19:26:27 | INFO     | 
2026-03-15 19:26:27 | INFO     | ================================================================================
2026-03-15 19:26:27 | INFO     | [XL-n2634-k17] PERIODIC SNAPSHOT SNAPSHOT_005
2026-03-15 19:26:27 | INFO     | ================================================================================
2026-03-15 19:26:27 | INFO     | Route #1: 520 2454 1325 1728 970 663 2029 2007 1502 2319 703 706 1103 987 2217 1813 664 1137 228 2244 1814 2385 2081 273 2463 986 595 569 934 1438 586 1667 2334 892 403 2471 2437 392 806 2092 1257 775 1580 1297 915 2458 585 1535 1250 1445 1595 827 2026 2509 2270 1053 29 1519 71 487 1483 1375 1207 2127 2369 1450 1932 1659 361 2022 2516 633 2340 642 2118 341 2549 123 1376 508 2435 807 1148 1202 2372 124 2227 2392 1283 2141 2347 215 1222 1367 475 1415 534 1835 2427 2607 1042 1486 2310 691 1662 1226 18 1112 2236 1039 323 563 669 713 879 1057 1924 101 864 2550 161 1636 2146 1741 2189 1274 || mode=rb method=sk_ac_complete solver=filo2 stage=post_ls ls=pyvrp iter=3
2026-03-15 19:26:27 | INFO     | Route #2: 1862 1779 507 352 2433 91 1357 236 1426 568 1480 902 376 1290 387 2558 1510 2625 787 407 784 668 388 1214 2577 1820 837 1398 379 6 1909 1910 1593 583 2110 2156 1435 527 1649 1122 456 1758 2381 1628 1328 1873 908 1022 1102 2616 1165 1271 2159 433 2278 2499 581 1085 550 1129 58 338 2064 2330 267 2005 191 1870 2225 1378 2426 1714 2354 15 217 1771 214 2457 2507 1600 2551 1038 539 1950 87 2317 346 714 41 1691 1029 2396 230 412 1923 443 820 2627 378 1832 1149 133 106 1127 1830 134 1340 77 895 1533 1625 880 1911 2010 830 1174 184 905 1249 49 94 1410 2378 2262 944 708 219 2542 1195 2000 1865 406 210 1385 2014 1947 2534 47 1397 179 597 1917 711 1848 1969 2291 119 496 2608 862 2480 || mode=rb method=sk_ac_complete solver=filo2 stage=post_ls ls=pyvrp iter=3
2026-03-15 19:26:27 | INFO     | Route #3: 957 494 114 1034 1407 1467 1665 484 1631 1616 868 2078 2518 2041 2297 275 1036 2547 363 206 1698 2114 317 2090 610 398 209 1035 370 1824 1838 1602 1353 941 575 977 270 436 605 644 188 1311 906 2528 1342 2621 53 1825 1541 1275 872 2628 100 1928 637 1287 1264 1301 2213 132 2429 1440 66 2570 13 1855 898 607 2050 1228 116 1262 771 1413 2505 1186 1176 136 1280 1130 2524 503 1607 538 1542 2449 2461 2564 158 1276 335 1255 2336 1434 717 577 1215 190 990 737 1596 31 1209 1588 1211 2261 1590 2568 492 2522 2318 2180 2453 244 2237 602 1858 2167 1390 2377 1773 2003 2228 2466 221 1355 52 1953 1419 616 1869 164 975 2465 2289 2279 541 177 445 1372 656 1084 146 2184 1618 1622 847 725 2042 2468 700 910 2595 || mode=rb method=sk_ac_complete solver=filo2 stage=post_ls ls=pyvrp iter=3
2026-03-15 19:26:27 | INFO     | Route #4: 264 1160 2019 2239 2157 603 1527 582 2599 808 2043 201 96 643 381 2573 353 596 2298 2058 835 2056 1753 182 1746 866 1940 1291 1678 1737 852 1523 945 853 831 1033 2474 1715 1774 1842 2545 2410 2482 1548 1065 929 1199 1834 2281 1893 2265 2603 2401 1177 1205 678 1062 1994 741 498 155 559 415 854 1235 574 730 1312 314 1478 251 320 2444 515 79 1807 2592 2183 736 1942 1031 2554 1904 782 2168 1952 926 660 1534 2394 46 528 1620 1688 192 1641 1324 922 933 2445 506 1948 755 2441 2096 1954 695 2486 564 1634 2144 1017 309 1338 938 1433 419 2195 222 1295 1677 1818 530 8 912 2619 458 1092 893 974 1326 325 2421 1945 282 1522 74 1294 2561 1632 2016 2582 1560 2089 768 1679 253 70 283 437 2493 468 2210 149 1352 2097 2054 1783 2459 1125 1817 731 907 1147 1644 1258 424 2517 1768 1343 || mode=rb method=sk_ac_complete solver=filo2 stage=post_ls ls=pyvrp iter=3
2026-03-15 19:26:27 | INFO     | Route #5: 2494 2452 1733 2269 395 290 1134 337 1232 2609 964 989 579 1520 2633 2539 749 952 1723 2446 1883 1863 2178 1482 1769 509 1090 1308 699 967 899 913 163 2087 576 1056 2060 523 1890 1788 10 566 701 2108 1785 2373 183 1894 469 2403 2597 1236 239 1577 167 1975 2274 449 2344 2162 2322 44 1545 127 1231 199 751 59 1752 2389 354 2382 1796 42 423 800 386 997 360 1749 1332 1094 331 1879 1299 1803 659 1827 2119 1067 2186 39 1013 657 2571 1514 960 2383 1217 14 2540 2129 2475 67 1993 2521 105 60 278 1877 2288 108 1964 973 2132 1229 2258 2605 276 1048 2375 1811 649 2247 572 2523 250 1468 2363 490 33 2538 1216 1418 1227 653 865 1086 2254 1791 1055 1191 1868 1635 1916 621 374 2623 257 1314 3 1721 45 2386 2069 1844 1238 1282 488 2083 2447 495 426 1481 1196 992 2556 785 994 2470 1131 1213 2602 2240 1966 1905 849 1575 78 1808 561 383 1929 || mode=rb method=sk_ac_complete solver=filo1 stage=post_ls ls=pyvrp iter=8
2026-03-15 19:26:27 | INFO     | Route #6: 1569 2276 1955 414 1843 1551 1992 896 2148 666 416 1169 1019 738 2079 2337 2197 758 2311 2411 1960 1912 1710 1546 2580 856 175 2489 245 2246 2070 315 684 497 1524 1197 743 2519 956 722 2316 2485 2066 2275 1754 580 2039 2626 1724 1412 2613 963 65 229 1933 901 925 306 2514 617 1253 1319 2169 2011 604 599 677 1747 1101 505 1876 2272 1339 739 1182 724 1181 368 802 2193 2052 1610 833 1991 466 339 552 991 590 516 377 613 593 1464 2216 186 308 962 629 773 1656 1566 1981 2357 1655 2104 1354 1497 549 2415 234 48 2072 2030 23 2586 1683 1305 685 104 704 1184 1507 1444 240 961 1854 1536 1671 745 1989 1136 1244 513 1731 537 648 1417 2082 1002 1956 591 2349 2238 2080 173 2513 733 1414 692 2338 72 710 1562 2171 2530 299 2174 2201 1719 1116 1565 882 300 2263 2353 1429 1547 1936 1471 2102 1425 || mode=rb method=sk_ac_complete solver=filo1 stage=post_ls ls=pyvrp iter=8
2026-03-15 19:26:27 | INFO     | Route #7: 1391 871 121 1107 34 2001 1973 2434 1605 696 881 1173 2163 2630 641 2188 1594 2442 1007 1421 1451 1941 816 2100 200 1432 417 284 2327 2438 61 1145 145 1619 1672 1109 461 2023 1347 1082 301 1568 1511 85 1462 1903 1938 702 1525 1179 1871 2255 2013 1334 2295 936 1650 1935 1251 1897 1505 1716 2230 2576 297 1573 35 2574 2537 1252 2339 1521 1967 76 2360 518 521 1581 2565 2045 259 75 1070 1647 918 655 7 679 2439 1382 1732 2226 1204 112 790 2074 1323 1762 688 1645 514 2384 2101 2035 988 2343 2566 624 1777 1759 2329 1161 224 2303 805 1023 1051 185 1133 1139 1230 757 803 2488 1289 1157 481 1014 1504 1473 2448 2224 36 1872 1727 746 1402 1365 2541 753 2037 2495 12 1839 1544 557 483 1927 1826 1491 1009 1591 156 609 779 1518 2290 2280 501 2214 401 1661 1857 2583 62 || mode=rb method=sk_ac_complete solver=filo1 stage=post_ls ls=pyvrp iter=8
2026-03-15 19:26:27 | INFO     | Route #8: 261 697 2154 533 1012 761 855 1044 1553 2212 2273 2585 2473 1098 2233 2242 1799 821 760 825 1293 1711 2498 1366 2164 763 327 618 1812 2027 1810 2166 450 1327 765 1309 462 2399 916 983 2419 646 479 1431 313 1351 2301 1901 1517 1168 148 1187 639 672 2103 1267 598 227 364 1452 1411 2252 984 1498 178 1745 316 671 1744 2139 2567 723 289 2084 2581 2428 1751 1977 1003 824 281 2122 1926 972 2409 2106 2404 409 2076 16 846 194 1997 1944 1380 535 86 1597 1513 1770 260 917 680 231 2218 1422 2065 1781 2008 265 951 280 606 2333 1178 2123 1453 822 135 578 876 1978 928 181 1278 1420 573 2034 791 1142 1846 1110 373 2112 705 1490 1693 1866 1180 525 2515 311 553 1126 2211 2356 298 1132 2140 1614 2407 2398 429 1371 457 2222 2138 385 1198 2149 1447 2562 || mode=rb method=sk_ac_complete solver=filo1 stage=post_ls ls=pyvrp iter=8
2026-03-15 19:26:27 | INFO     | Route #9: 1259 2370 814 198 1700 2173 1075 965 675 1026 1629 2569 636 237 1958 2425 2248 1152 1269 1800 294 442 2048 1159 153 345 391 1449 2061 1335 1428 2120 326 1995 2481 512 1399 1077 1329 1709 689 1200 1775 431 1739 2130 1261 329 2196 1708 1664 2142 262 1175 2160 1076 2307 2557 958 2283 2393 709 667 1 1802 1730 1405 1061 410 27 2062 2387 2131 2617 676 84 940 1686 2209 1684 1106 1020 2622 2044 38 1563 2527 1192 2532 1819 318 103 2417 844 1859 256 1307 2510 460 1185 634 1815 818 40 1393 968 247 2153 764 1885 89 1346 365 1286 2422 1021 1331 2125 1703 2095 877 2251 1852 999 1032 448 2431 2374 1621 1642 762 1755 584 2323 454 1156 2033 418 840 1193 2436 886 1363 268 985 524 485 81 2305 547 504 900 1669 1206 1761 608 1121 174 858 2572 1959 1914 1108 851 2408 1008 || mode=rb method=sk_ac_complete solver=filo1 stage=post_ls ls=pyvrp iter=8
2026-03-15 19:26:27 | INFO     | Route #10: 1648 623 1095 2593 2548 1046 348 1358 560 1079 1099 2589 2440 1797 953 232 2121 2234 1990 600 277 176 744 2456 1066 1316 2111 2285 1576 2346 589 141 2544 1500 2620 950 271 1540 1454 1982 654 1567 2300 1512 356 1816 1972 212 1837 875 474 1856 1640 2158 726 2220 2077 1805 2009 873 921 571 126 2241 1886 1472 1658 955 1828 1248 909 1630 1166 1241 860 334 1128 622 754 1882 1891 302 399 2320 1368 1403 93 2040 2223 482 2259 1370 1740 68 500 1900 1234 2006 1543 815 2308 1750 1466 889 2350 1875 1690 2176 1704 2172 1461 107 166 2021 1841 2359 455 464 1448 2502 2405 2028 30 1409 1582 || mode=scp method=gurobi_mip solver=None stage=scp_post_ls ls=N/A iter=9
2026-03-15 19:26:27 | INFO     | Route #11: 2348 867 1738 128 1188 1016 1436 55 1579 428 1681 2190 1974 883 1639 914 1210 252 279 1675 2424 1931 887 1220 1377 1699 1696 1516 2199 1105 1183 2161 1979 2631 384 1167 740 2579 1735 139 1315 440 1778 375 511 2618 196 1392 272 878 1764 707 1971 459 2496 1908 1907 1604 57 1532 1986 98 2520 1962 567 718 943 193 2304 1040 1767 37 322 1589 2306 50 1389 254 472 1925 1362 446 2324 1010 2198 2614 2200 4 162 2418 351 99 1284 1657 2355 2243 635 969 2326 1760 2260 526 619 1374 2508 1998 2371 2191 1742 2136 650 1247 2364 1485 770 1400 2400 1254 1004 2501 2185 2036 1479 2017 1689 727 788 1718 255 1851 1539 1000 1831 292 73 1427 832 1736 1043 1395 1584 1333 614 238 1281 1984 735 1554 2358 2235 1320 2451 1277 2018 233 776 544 295 1920 || mode=rb method=sk_ac_avg solver=filo1 stage=post_ls ls=pyvrp iter=15
2026-03-15 19:26:27 | INFO     | Route #12: 1388 1680 64 546 2075 1124 118 2610 421 946 812 63 1847 819 296 1146 1111 1242 2302 1794 2063 405 1508 1154 1666 349 2313 1880 665 1552 266 1052 131 1089 1212 1729 1189 1356 670 2085 328 2467 1776 499 465 804 673 117 342 536 2469 1821 1364 1748 531 2598 1653 694 592 340 1572 20 1823 829 1489 2204 1313 120 949 1492 750 1093 1369 2503 1833 1676 1296 1457 1394 843 721 1712 783 425 1529 2137 2575 242 683 2325 756 197 2490 942 1054 555 1571 2546 125 2423 1225 97 1458 850 2051 1119 651 519 1011 2309 2267 1345 1892 2071 1786 874 2202 1617 2113 1263 2612 1279 817 562 1902 786 1270 9 1494 343 1861 2207 1606 980 848 1976 2314 1350 823 1383 243 130 102 884 640 1673 1702 1114 1798 1072 932 1349 1528 2525 1344 998 565 1460 1881 1158 612 996 2208 486 432 1437 2491 || mode=rb method=sk_ac_avg solver=filo1 stage=post_ls ls=pyvrp iter=15
2026-03-15 19:26:27 | INFO     | Route #13: 1864 919 993 1705 129 532 2526 793 1822 1047 435 305 1115 1045 2512 2559 170 22 80 1117 1592 1141 143 1983 1643 1734 1587 2535 1637 2587 2430 1701 540 1285 1922 438 1531 1970 937 2147 1585 2380 2057 1049 286 2249 218 138 171 811 157 1488 439 752 1071 1763 1939 1934 1611 434 2632 2604 1037 2588 204 2379 2253 477 463 995 1465 1288 249 1476 56 274 869 2560 1059 903 1477 615 935 92 976 2038 319 1068 390 838 1396 1889 1322 625 1201 1793 1024 202 1302 734 2086 26 2299 248 1203 747 1792 1495 2181 1921 304 1790 1780 1063 1487 54 2531 2073 246 2388 307 2432 2368 2390 1918 828 548 430 205 1060 452 1298 720 558 923 493 2150 2025 1050 1163 140 226 2232 1646 380 1246 2221 1265 2088 1961 1564 2047 1722 542 241 137 1999 372 2543 1583 2098 1556 1913 2264 393 1233 || mode=rb method=sk_ac_avg solver=filo1 stage=post_ls ls=pyvrp iter=15
2026-03-15 19:26:27 | INFO     | Route #14: 1772 2594 17 21 2412 288 1219 1963 2203 1404 712 1930 1475 1496 2 1237 350 1266 719 971 894 291 2109 1996 2464 330 1381 647 165 1442 1144 2133 798 885 661 1980 920 480 863 2049 2231 1789 1194 888 1443 2529 269 169 2416 389 652 1006 336 789 1459 1550 152 2615 638 588 1687 2277 1243 845 2229 2059 630 1170 2031 1853 2629 781 686 1245 2596 2152 371 774 211 1123 1887 1549 1446 151 453 478 2414 2472 1919 1946 154 1073 1609 1801 2177 2145 362 1743 1784 2296 959 594 1001 1256 2341 1208 1317 2450 1674 1515 1578 397 451 404 891 208 1304 1943 2126 545 645 2331 147 1506 841 1652 111 83 1088 1463 2504 285 1660 742 150 2256 1829 1162 2402 2151 396 570 728 444 333 2397 394 1074 2117 2406 2091 2004 2420 924 310 587 122 1874 1223 2128 1526 813 1306 627 522 611 2187 2335 1915 826 || mode=rb method=sk_ac_avg solver=filo1 stage=post_ls ls=pyvrp iter=15
2026-03-15 19:26:27 | INFO     | Route #15: 2294 235 1706 1153 2365 321 1439 2553 1155 810 674 2487 1845 344 1682 293 796 1190 2271 759 1713 24 1850 693 2395 2367 1416 1113 1499 1091 2215 1321 1530 1756 223 795 1668 1538 1058 491 861 113 32 2124 1348 1849 1707 1401 2094 631 95 2563 420 2245 180 2342 1120 110 1172 263 422 189 2219 1240 2107 1836 1143 1720 1654 2484 1895 2284 890 1078 859 411 1601 1787 1164 1867 1423 662 1064 2046 2624 1888 109 2312 366 1361 43 447 25 1151 1558 1218 698 2483 2024 2175 19 626 1694 1080 2462 1537 1441 90 729 2250 1598 2591 413 1041 1140 947 1360 467 1782 1766 303 1025 554 1603 1988 2286 1097 51 1965 || mode=rb method=sk_kmeans solver=filo2 stage=post_ls ls=pyvrp iter=16
2026-03-15 19:26:27 | INFO     | Route #16: 769 2376 1957 1717 797 2443 681 203 632 216 69 1096 213 954 2268 1268 2182 1469 144 1726 2476 2205 792 258 1599 966 628 510 5 1987 2170 1795 799 369 159 658 2492 2266 836 358 2135 1028 2533 359 1386 2536 1330 682 2032 2015 287 2155 1406 427 402 1336 1470 1118 1493 82 489 1809 2361 1685 1898 1260 2315 1138 1341 1574 1015 767 1559 1069 1949 2292 2345 979 2552 2257 441 1663 1018 1804 1455 1586 687 780 1239 839 1273 1884 857 1081 1474 408 2511 1408 2055 2105 2455 400 2478 982 1027 142 2362 2477 772 2328 930 1501 1224 1005 690 2143 2002 778 1840 28 1300 1638 543 1985 601 1968 748 1171 168 1379 1100 1030 || mode=rb method=sk_kmeans solver=filo2 stage=post_ls ls=pyvrp iter=16
2026-03-15 19:26:27 | INFO     | Route #17: 870 801 160 1104 471 1899 1878 2413 2500 220 2578 2601 809 1150 2012 1509 1757 473 2282 1937 842 2366 2497 2206 502 1555 1765 2293 11 1951 207 382 948 2606 115 2192 715 2611 931 2321 2116 355 2134 2332 529 1633 1906 1310 1570 1484 1503 2352 1303 2479 1387 2555 1860 1651 2093 1135 2584 470 2020 1359 2067 904 978 357 1806 2600 1561 1557 794 1725 187 1623 195 1221 927 1626 834 1608 2460 2099 2506 556 1337 1613 517 2053 1087 172 1373 2287 1424 332 1896 732 2179 2115 1456 551 476 1692 1384 225 620 1292 1615 777 2351 939 1624 766 367 2194 716 2165 1697 312 2068 2590 1612 1695 88 2391 1670 911 897 324 1083 1627 347 1272 981 1318 1430 || mode=rb method=sk_kmeans solver=filo2 stage=post_ls ls=pyvrp iter=16
2026-03-15 19:26:27 | INFO     | 
2026-03-15 19:26:27 | INFO     | [BEST SOLUTION ROUTE SUMMARY]
2026-03-15 19:26:27 | INFO     | --------------------------------------------------------------------------------
2026-03-15 19:26:27 | INFO     |    5 routes | RB    | sk_ac_complete  | solver=filo1      | stage=post_ls | ls=pyvrp
2026-03-15 19:26:27 | INFO     |    4 routes | RB    | sk_ac_avg       | solver=filo1      | stage=post_ls | ls=pyvrp
2026-03-15 19:26:27 | INFO     |    4 routes | RB    | sk_ac_complete  | solver=filo2      | stage=post_ls | ls=pyvrp
2026-03-15 19:26:27 | INFO     |    3 routes | RB    | sk_kmeans       | solver=filo2      | stage=post_ls | ls=pyvrp
2026-03-15 19:26:27 | INFO     |    1 routes | SCP   | gurobi_mip      | solver=UNKNOWN    | stage=scp_post_ls | ls=N/A
2026-03-15 19:26:27 | INFO     | 
2026-03-15 19:26:27 | INFO     | [ROUTE POOL SUMMARY]
2026-03-15 19:26:27 | INFO     |    40 routes | RB | sk_ac_min | solver=pyvrp | stage=post_ls | ls=pyvrp
2026-03-15 19:26:27 | INFO     |    34 routes | VB | sk_ac_complete | solver=pyvrp | stage=post_ls | ls=pyvrp
2026-03-15 19:26:27 | INFO     |    34 routes | VB | sk_ac_min | solver=filo1 | stage=post_ls | ls=pyvrp
2026-03-15 19:26:27 | INFO     |    31 routes | RB | sk_ac_avg | solver=filo1 | stage=post_ls | ls=pyvrp
2026-03-15 19:26:27 | INFO     |    18 routes | VB | sk_ac_avg | solver=pyvrp | stage=post_ls | ls=pyvrp
2026-03-15 19:26:27 | INFO     |    17 routes | VB | sk_kmeans | solver=filo2 | stage=post_ls | ls=pyvrp
2026-03-15 19:26:27 | INFO     |    17 routes | VB | sk_ac_min | solver=pyvrp | stage=post_ls | ls=pyvrp
2026-03-15 19:26:27 | INFO     |    17 routes | RB | sk_ac_complete | solver=filo2 | stage=post_ls | ls=pyvrp
2026-03-15 19:26:27 | INFO     |    17 routes | VB | k_medoids_pyclustering | solver=pyvrp | stage=post_ls | ls=pyvrp
2026-03-15 19:26:27 | INFO     |    17 routes | RB | sk_ac_min | solver=filo2 | stage=post_ls | ls=pyvrp
2026-03-15 19:26:27 | INFO     |    17 routes | VB | sk_ac_min | solver=filo2 | stage=post_ls | ls=pyvrp
2026-03-15 19:26:27 | INFO     |    16 routes | RB | sk_kmeans | solver=pyvrp | stage=post_ls | ls=pyvrp
2026-03-15 19:26:27 | INFO     |    14 routes | RB | sk_ac_complete | solver=filo1 | stage=post_ls | ls=pyvrp
2026-03-15 19:26:27 | INFO     |    14 routes | RB | sk_ac_avg | solver=pyvrp | stage=post_ls | ls=pyvrp
2026-03-15 19:26:27 | INFO     |    14 routes | RB | sk_kmeans | solver=filo2 | stage=post_ls | ls=pyvrp
2026-03-15 19:26:27 | INFO     |     2 routes | SCP | gurobi_mip | solver=UNKNOWN | stage=scp_post_ls | ls=N/A
2026-03-15 19:26:27 | INFO     | [XL-n2634-k17 NO-IMPROVEMENT] best_cost=32079 | streak=2 | Gap: 1.4548%
2026-03-15 19:26:27 | INFO     | [XL-n2634-k17 ITERATION-TIMES 20] cluster=145.792s routing=4209.185s ls=33.448s total=4388.464s
2026-03-15 19:26:27 | INFO     | [XL-n2634-k17 ITERATION 21] mode=VB method=k_medoids_pyclustering k=2 solver=filo2 ls=pyvrp
2026-03-15 19:27:26 | INFO     | [XL-n2634-k17 CLUSTER] method=k_medoids_pyclustering k=2 | sizes=[819, 1814] | min=819 max=1814 avg=1316.5
2026-03-15 19:27:26 | INFO     | [XL-n2634-k17 ROUTING] Solving clusters with filo2
2026-03-15 19:59:48 | INFO     | [XL-n2634-k17 SCP] pruning_mode=diversity
2026-03-15 19:59:48 | INFO     | [XL-n2634-k17 SCP] solver=gurobi_mip | route_pool=336
2026-03-15 19:59:50 | INFO     | [XL-n2634-k17 SCP] optimal solution found
2026-03-15 20:01:12 | INFO     | [XL-n2634-k17 SCP-NO-IMPROVEMENT] cost=32079 (best=32079) | Gap: 1.4548%
2026-03-15 20:01:12 | INFO     | [XL-n2634-k17 NO-IMPROVEMENT] best_cost=32079 | streak=3 | Gap: 1.4548%
2026-03-15 20:01:12 | INFO     | [XL-n2634-k17 ITERATION-TIMES 21] cluster=58.522s routing=1863.481s ls=78.291s scp=84.497s total=2084.825s
2026-03-15 20:01:12 | INFO     | [XL-n2634-k17 ITERATION 22] mode=VB method=sk_kmeans k=10 solver=filo2 ls=pyvrp
2026-03-15 20:02:10 | INFO     | [XL-n2634-k17 CLUSTER] method=sk_kmeans k=10 | sizes=[290, 164, 129, 254, 465, 125, 175, 373, 403, 255] | min=125 max=465 avg=263.3
2026-03-15 20:02:10 | INFO     | [XL-n2634-k17 ROUTING] Solving clusters with filo2
2026-03-15 20:13:10 | INFO     | [XL-n2634-k17 NO-IMPROVEMENT] best_cost=32079 | streak=4 | Gap: 1.4548%
2026-03-15 20:13:10 | INFO     | [XL-n2634-k17 ITERATION-TIMES 22] cluster=58.072s routing=467.780s ls=192.224s total=718.129s
2026-03-15 20:13:10 | INFO     | [XL-n2634-k17 ITERATION 23] mode=RB method=sk_ac_min k=3 solver=filo2 ls=pyvrp
2026-03-15 20:13:10 | INFO     | [XL-n2634-k17 CLUSTER] method=sk_ac_min k=3 | sizes=[1217, 1018, 398] | min=398 max=1217 avg=877.7
2026-03-15 20:13:10 | INFO     | [XL-n2634-k17 ROUTING] Solving clusters with filo2
2026-03-15 20:59:15 | INFO     | 
2026-03-15 20:59:15 | INFO     | ================================================================================
2026-03-15 20:59:15 | INFO     | [XL-n2634-k17] PERIODIC SNAPSHOT SNAPSHOT_006
2026-03-15 20:59:15 | INFO     | ================================================================================
2026-03-15 20:59:15 | INFO     | Route #1: 520 2454 1325 1728 970 663 2029 2007 1502 2319 703 706 1103 987 2217 1813 664 1137 228 2244 1814 2385 2081 273 2463 986 595 569 934 1438 586 1667 2334 892 403 2471 2437 392 806 2092 1257 775 1580 1297 915 2458 585 1535 1250 1445 1595 827 2026 2509 2270 1053 29 1519 71 487 1483 1375 1207 2127 2369 1450 1932 1659 361 2022 2516 633 2340 642 2118 341 2549 123 1376 508 2435 807 1148 1202 2372 124 2227 2392 1283 2141 2347 215 1222 1367 475 1415 534 1835 2427 2607 1042 1486 2310 691 1662 1226 18 1112 2236 1039 323 563 669 713 879 1057 1924 101 864 2550 161 1636 2146 1741 2189 1274 || mode=rb method=sk_ac_complete solver=filo2 stage=post_ls ls=pyvrp iter=3
2026-03-15 20:59:15 | INFO     | Route #2: 1862 1779 507 352 2433 91 1357 236 1426 568 1480 902 376 1290 387 2558 1510 2625 787 407 784 668 388 1214 2577 1820 837 1398 379 6 1909 1910 1593 583 2110 2156 1435 527 1649 1122 456 1758 2381 1628 1328 1873 908 1022 1102 2616 1165 1271 2159 433 2278 2499 581 1085 550 1129 58 338 2064 2330 267 2005 191 1870 2225 1378 2426 1714 2354 15 217 1771 214 2457 2507 1600 2551 1038 539 1950 87 2317 346 714 41 1691 1029 2396 230 412 1923 443 820 2627 378 1832 1149 133 106 1127 1830 134 1340 77 895 1533 1625 880 1911 2010 830 1174 184 905 1249 49 94 1410 2378 2262 944 708 219 2542 1195 2000 1865 406 210 1385 2014 1947 2534 47 1397 179 597 1917 711 1848 1969 2291 119 496 2608 862 2480 || mode=rb method=sk_ac_complete solver=filo2 stage=post_ls ls=pyvrp iter=3
2026-03-15 20:59:15 | INFO     | Route #3: 957 494 114 1034 1407 1467 1665 484 1631 1616 868 2078 2518 2041 2297 275 1036 2547 363 206 1698 2114 317 2090 610 398 209 1035 370 1824 1838 1602 1353 941 575 977 270 436 605 644 188 1311 906 2528 1342 2621 53 1825 1541 1275 872 2628 100 1928 637 1287 1264 1301 2213 132 2429 1440 66 2570 13 1855 898 607 2050 1228 116 1262 771 1413 2505 1186 1176 136 1280 1130 2524 503 1607 538 1542 2449 2461 2564 158 1276 335 1255 2336 1434 717 577 1215 190 990 737 1596 31 1209 1588 1211 2261 1590 2568 492 2522 2318 2180 2453 244 2237 602 1858 2167 1390 2377 1773 2003 2228 2466 221 1355 52 1953 1419 616 1869 164 975 2465 2289 2279 541 177 445 1372 656 1084 146 2184 1618 1622 847 725 2042 2468 700 910 2595 || mode=rb method=sk_ac_complete solver=filo2 stage=post_ls ls=pyvrp iter=3
2026-03-15 20:59:15 | INFO     | Route #4: 264 1160 2019 2239 2157 603 1527 582 2599 808 2043 201 96 643 381 2573 353 596 2298 2058 835 2056 1753 182 1746 866 1940 1291 1678 1737 852 1523 945 853 831 1033 2474 1715 1774 1842 2545 2410 2482 1548 1065 929 1199 1834 2281 1893 2265 2603 2401 1177 1205 678 1062 1994 741 498 155 559 415 854 1235 574 730 1312 314 1478 251 320 2444 515 79 1807 2592 2183 736 1942 1031 2554 1904 782 2168 1952 926 660 1534 2394 46 528 1620 1688 192 1641 1324 922 933 2445 506 1948 755 2441 2096 1954 695 2486 564 1634 2144 1017 309 1338 938 1433 419 2195 222 1295 1677 1818 530 8 912 2619 458 1092 893 974 1326 325 2421 1945 282 1522 74 1294 2561 1632 2016 2582 1560 2089 768 1679 253 70 283 437 2493 468 2210 149 1352 2097 2054 1783 2459 1125 1817 731 907 1147 1644 1258 424 2517 1768 1343 || mode=rb method=sk_ac_complete solver=filo2 stage=post_ls ls=pyvrp iter=3
2026-03-15 20:59:15 | INFO     | Route #5: 2494 2452 1733 2269 395 290 1134 337 1232 2609 964 989 579 1520 2633 2539 749 952 1723 2446 1883 1863 2178 1482 1769 509 1090 1308 699 967 899 913 163 2087 576 1056 2060 523 1890 1788 10 566 701 2108 1785 2373 183 1894 469 2403 2597 1236 239 1577 167 1975 2274 449 2344 2162 2322 44 1545 127 1231 199 751 59 1752 2389 354 2382 1796 42 423 800 386 997 360 1749 1332 1094 331 1879 1299 1803 659 1827 2119 1067 2186 39 1013 657 2571 1514 960 2383 1217 14 2540 2129 2475 67 1993 2521 105 60 278 1877 2288 108 1964 973 2132 1229 2258 2605 276 1048 2375 1811 649 2247 572 2523 250 1468 2363 490 33 2538 1216 1418 1227 653 865 1086 2254 1791 1055 1191 1868 1635 1916 621 374 2623 257 1314 3 1721 45 2386 2069 1844 1238 1282 488 2083 2447 495 426 1481 1196 992 2556 785 994 2470 1131 1213 2602 2240 1966 1905 849 1575 78 1808 561 383 1929 || mode=rb method=sk_ac_complete solver=filo1 stage=post_ls ls=pyvrp iter=8
2026-03-15 20:59:15 | INFO     | Route #6: 1569 2276 1955 414 1843 1551 1992 896 2148 666 416 1169 1019 738 2079 2337 2197 758 2311 2411 1960 1912 1710 1546 2580 856 175 2489 245 2246 2070 315 684 497 1524 1197 743 2519 956 722 2316 2485 2066 2275 1754 580 2039 2626 1724 1412 2613 963 65 229 1933 901 925 306 2514 617 1253 1319 2169 2011 604 599 677 1747 1101 505 1876 2272 1339 739 1182 724 1181 368 802 2193 2052 1610 833 1991 466 339 552 991 590 516 377 613 593 1464 2216 186 308 962 629 773 1656 1566 1981 2357 1655 2104 1354 1497 549 2415 234 48 2072 2030 23 2586 1683 1305 685 104 704 1184 1507 1444 240 961 1854 1536 1671 745 1989 1136 1244 513 1731 537 648 1417 2082 1002 1956 591 2349 2238 2080 173 2513 733 1414 692 2338 72 710 1562 2171 2530 299 2174 2201 1719 1116 1565 882 300 2263 2353 1429 1547 1936 1471 2102 1425 || mode=rb method=sk_ac_complete solver=filo1 stage=post_ls ls=pyvrp iter=8
2026-03-15 20:59:15 | INFO     | Route #7: 1391 871 121 1107 34 2001 1973 2434 1605 696 881 1173 2163 2630 641 2188 1594 2442 1007 1421 1451 1941 816 2100 200 1432 417 284 2327 2438 61 1145 145 1619 1672 1109 461 2023 1347 1082 301 1568 1511 85 1462 1903 1938 702 1525 1179 1871 2255 2013 1334 2295 936 1650 1935 1251 1897 1505 1716 2230 2576 297 1573 35 2574 2537 1252 2339 1521 1967 76 2360 518 521 1581 2565 2045 259 75 1070 1647 918 655 7 679 2439 1382 1732 2226 1204 112 790 2074 1323 1762 688 1645 514 2384 2101 2035 988 2343 2566 624 1777 1759 2329 1161 224 2303 805 1023 1051 185 1133 1139 1230 757 803 2488 1289 1157 481 1014 1504 1473 2448 2224 36 1872 1727 746 1402 1365 2541 753 2037 2495 12 1839 1544 557 483 1927 1826 1491 1009 1591 156 609 779 1518 2290 2280 501 2214 401 1661 1857 2583 62 || mode=rb method=sk_ac_complete solver=filo1 stage=post_ls ls=pyvrp iter=8
2026-03-15 20:59:15 | INFO     | Route #8: 261 697 2154 533 1012 761 855 1044 1553 2212 2273 2585 2473 1098 2233 2242 1799 821 760 825 1293 1711 2498 1366 2164 763 327 618 1812 2027 1810 2166 450 1327 765 1309 462 2399 916 983 2419 646 479 1431 313 1351 2301 1901 1517 1168 148 1187 639 672 2103 1267 598 227 364 1452 1411 2252 984 1498 178 1745 316 671 1744 2139 2567 723 289 2084 2581 2428 1751 1977 1003 824 281 2122 1926 972 2409 2106 2404 409 2076 16 846 194 1997 1944 1380 535 86 1597 1513 1770 260 917 680 231 2218 1422 2065 1781 2008 265 951 280 606 2333 1178 2123 1453 822 135 578 876 1978 928 181 1278 1420 573 2034 791 1142 1846 1110 373 2112 705 1490 1693 1866 1180 525 2515 311 553 1126 2211 2356 298 1132 2140 1614 2407 2398 429 1371 457 2222 2138 385 1198 2149 1447 2562 || mode=rb method=sk_ac_complete solver=filo1 stage=post_ls ls=pyvrp iter=8
2026-03-15 20:59:15 | INFO     | Route #9: 1259 2370 814 198 1700 2173 1075 965 675 1026 1629 2569 636 237 1958 2425 2248 1152 1269 1800 294 442 2048 1159 153 345 391 1449 2061 1335 1428 2120 326 1995 2481 512 1399 1077 1329 1709 689 1200 1775 431 1739 2130 1261 329 2196 1708 1664 2142 262 1175 2160 1076 2307 2557 958 2283 2393 709 667 1 1802 1730 1405 1061 410 27 2062 2387 2131 2617 676 84 940 1686 2209 1684 1106 1020 2622 2044 38 1563 2527 1192 2532 1819 318 103 2417 844 1859 256 1307 2510 460 1185 634 1815 818 40 1393 968 247 2153 764 1885 89 1346 365 1286 2422 1021 1331 2125 1703 2095 877 2251 1852 999 1032 448 2431 2374 1621 1642 762 1755 584 2323 454 1156 2033 418 840 1193 2436 886 1363 268 985 524 485 81 2305 547 504 900 1669 1206 1761 608 1121 174 858 2572 1959 1914 1108 851 2408 1008 || mode=rb method=sk_ac_complete solver=filo1 stage=post_ls ls=pyvrp iter=8
2026-03-15 20:59:15 | INFO     | Route #10: 1648 623 1095 2593 2548 1046 348 1358 560 1079 1099 2589 2440 1797 953 232 2121 2234 1990 600 277 176 744 2456 1066 1316 2111 2285 1576 2346 589 141 2544 1500 2620 950 271 1540 1454 1982 654 1567 2300 1512 356 1816 1972 212 1837 875 474 1856 1640 2158 726 2220 2077 1805 2009 873 921 571 126 2241 1886 1472 1658 955 1828 1248 909 1630 1166 1241 860 334 1128 622 754 1882 1891 302 399 2320 1368 1403 93 2040 2223 482 2259 1370 1740 68 500 1900 1234 2006 1543 815 2308 1750 1466 889 2350 1875 1690 2176 1704 2172 1461 107 166 2021 1841 2359 455 464 1448 2502 2405 2028 30 1409 1582 || mode=scp method=gurobi_mip solver=None stage=scp_post_ls ls=N/A iter=9
2026-03-15 20:59:15 | INFO     | Route #11: 2348 867 1738 128 1188 1016 1436 55 1579 428 1681 2190 1974 883 1639 914 1210 252 279 1675 2424 1931 887 1220 1377 1699 1696 1516 2199 1105 1183 2161 1979 2631 384 1167 740 2579 1735 139 1315 440 1778 375 511 2618 196 1392 272 878 1764 707 1971 459 2496 1908 1907 1604 57 1532 1986 98 2520 1962 567 718 943 193 2304 1040 1767 37 322 1589 2306 50 1389 254 472 1925 1362 446 2324 1010 2198 2614 2200 4 162 2418 351 99 1284 1657 2355 2243 635 969 2326 1760 2260 526 619 1374 2508 1998 2371 2191 1742 2136 650 1247 2364 1485 770 1400 2400 1254 1004 2501 2185 2036 1479 2017 1689 727 788 1718 255 1851 1539 1000 1831 292 73 1427 832 1736 1043 1395 1584 1333 614 238 1281 1984 735 1554 2358 2235 1320 2451 1277 2018 233 776 544 295 1920 || mode=rb method=sk_ac_avg solver=filo1 stage=post_ls ls=pyvrp iter=15
2026-03-15 20:59:15 | INFO     | Route #12: 1388 1680 64 546 2075 1124 118 2610 421 946 812 63 1847 819 296 1146 1111 1242 2302 1794 2063 405 1508 1154 1666 349 2313 1880 665 1552 266 1052 131 1089 1212 1729 1189 1356 670 2085 328 2467 1776 499 465 804 673 117 342 536 2469 1821 1364 1748 531 2598 1653 694 592 340 1572 20 1823 829 1489 2204 1313 120 949 1492 750 1093 1369 2503 1833 1676 1296 1457 1394 843 721 1712 783 425 1529 2137 2575 242 683 2325 756 197 2490 942 1054 555 1571 2546 125 2423 1225 97 1458 850 2051 1119 651 519 1011 2309 2267 1345 1892 2071 1786 874 2202 1617 2113 1263 2612 1279 817 562 1902 786 1270 9 1494 343 1861 2207 1606 980 848 1976 2314 1350 823 1383 243 130 102 884 640 1673 1702 1114 1798 1072 932 1349 1528 2525 1344 998 565 1460 1881 1158 612 996 2208 486 432 1437 2491 || mode=rb method=sk_ac_avg solver=filo1 stage=post_ls ls=pyvrp iter=15
2026-03-15 20:59:15 | INFO     | Route #13: 1864 919 993 1705 129 532 2526 793 1822 1047 435 305 1115 1045 2512 2559 170 22 80 1117 1592 1141 143 1983 1643 1734 1587 2535 1637 2587 2430 1701 540 1285 1922 438 1531 1970 937 2147 1585 2380 2057 1049 286 2249 218 138 171 811 157 1488 439 752 1071 1763 1939 1934 1611 434 2632 2604 1037 2588 204 2379 2253 477 463 995 1465 1288 249 1476 56 274 869 2560 1059 903 1477 615 935 92 976 2038 319 1068 390 838 1396 1889 1322 625 1201 1793 1024 202 1302 734 2086 26 2299 248 1203 747 1792 1495 2181 1921 304 1790 1780 1063 1487 54 2531 2073 246 2388 307 2432 2368 2390 1918 828 548 430 205 1060 452 1298 720 558 923 493 2150 2025 1050 1163 140 226 2232 1646 380 1246 2221 1265 2088 1961 1564 2047 1722 542 241 137 1999 372 2543 1583 2098 1556 1913 2264 393 1233 || mode=rb method=sk_ac_avg solver=filo1 stage=post_ls ls=pyvrp iter=15
2026-03-15 20:59:15 | INFO     | Route #14: 1772 2594 17 21 2412 288 1219 1963 2203 1404 712 1930 1475 1496 2 1237 350 1266 719 971 894 291 2109 1996 2464 330 1381 647 165 1442 1144 2133 798 885 661 1980 920 480 863 2049 2231 1789 1194 888 1443 2529 269 169 2416 389 652 1006 336 789 1459 1550 152 2615 638 588 1687 2277 1243 845 2229 2059 630 1170 2031 1853 2629 781 686 1245 2596 2152 371 774 211 1123 1887 1549 1446 151 453 478 2414 2472 1919 1946 154 1073 1609 1801 2177 2145 362 1743 1784 2296 959 594 1001 1256 2341 1208 1317 2450 1674 1515 1578 397 451 404 891 208 1304 1943 2126 545 645 2331 147 1506 841 1652 111 83 1088 1463 2504 285 1660 742 150 2256 1829 1162 2402 2151 396 570 728 444 333 2397 394 1074 2117 2406 2091 2004 2420 924 310 587 122 1874 1223 2128 1526 813 1306 627 522 611 2187 2335 1915 826 || mode=rb method=sk_ac_avg solver=filo1 stage=post_ls ls=pyvrp iter=15
2026-03-15 20:59:15 | INFO     | Route #15: 2294 235 1706 1153 2365 321 1439 2553 1155 810 674 2487 1845 344 1682 293 796 1190 2271 759 1713 24 1850 693 2395 2367 1416 1113 1499 1091 2215 1321 1530 1756 223 795 1668 1538 1058 491 861 113 32 2124 1348 1849 1707 1401 2094 631 95 2563 420 2245 180 2342 1120 110 1172 263 422 189 2219 1240 2107 1836 1143 1720 1654 2484 1895 2284 890 1078 859 411 1601 1787 1164 1867 1423 662 1064 2046 2624 1888 109 2312 366 1361 43 447 25 1151 1558 1218 698 2483 2024 2175 19 626 1694 1080 2462 1537 1441 90 729 2250 1598 2591 413 1041 1140 947 1360 467 1782 1766 303 1025 554 1603 1988 2286 1097 51 1965 || mode=rb method=sk_kmeans solver=filo2 stage=post_ls ls=pyvrp iter=16
2026-03-15 20:59:15 | INFO     | Route #16: 769 2376 1957 1717 797 2443 681 203 632 216 69 1096 213 954 2268 1268 2182 1469 144 1726 2476 2205 792 258 1599 966 628 510 5 1987 2170 1795 799 369 159 658 2492 2266 836 358 2135 1028 2533 359 1386 2536 1330 682 2032 2015 287 2155 1406 427 402 1336 1470 1118 1493 82 489 1809 2361 1685 1898 1260 2315 1138 1341 1574 1015 767 1559 1069 1949 2292 2345 979 2552 2257 441 1663 1018 1804 1455 1586 687 780 1239 839 1273 1884 857 1081 1474 408 2511 1408 2055 2105 2455 400 2478 982 1027 142 2362 2477 772 2328 930 1501 1224 1005 690 2143 2002 778 1840 28 1300 1638 543 1985 601 1968 748 1171 168 1379 1100 1030 || mode=rb method=sk_kmeans solver=filo2 stage=post_ls ls=pyvrp iter=16
2026-03-15 20:59:15 | INFO     | Route #17: 870 801 160 1104 471 1899 1878 2413 2500 220 2578 2601 809 1150 2012 1509 1757 473 2282 1937 842 2366 2497 2206 502 1555 1765 2293 11 1951 207 382 948 2606 115 2192 715 2611 931 2321 2116 355 2134 2332 529 1633 1906 1310 1570 1484 1503 2352 1303 2479 1387 2555 1860 1651 2093 1135 2584 470 2020 1359 2067 904 978 357 1806 2600 1561 1557 794 1725 187 1623 195 1221 927 1626 834 1608 2460 2099 2506 556 1337 1613 517 2053 1087 172 1373 2287 1424 332 1896 732 2179 2115 1456 551 476 1692 1384 225 620 1292 1615 777 2351 939 1624 766 367 2194 716 2165 1697 312 2068 2590 1612 1695 88 2391 1670 911 897 324 1083 1627 347 1272 981 1318 1430 || mode=rb method=sk_kmeans solver=filo2 stage=post_ls ls=pyvrp iter=16
2026-03-15 20:59:15 | INFO     | 
2026-03-15 20:59:15 | INFO     | [BEST SOLUTION ROUTE SUMMARY]
2026-03-15 20:59:15 | INFO     | --------------------------------------------------------------------------------
2026-03-15 20:59:15 | INFO     |    5 routes | RB    | sk_ac_complete  | solver=filo1      | stage=post_ls | ls=pyvrp
2026-03-15 20:59:15 | INFO     |    4 routes | RB    | sk_ac_avg       | solver=filo1      | stage=post_ls | ls=pyvrp
2026-03-15 20:59:15 | INFO     |    4 routes | RB    | sk_ac_complete  | solver=filo2      | stage=post_ls | ls=pyvrp
2026-03-15 20:59:15 | INFO     |    3 routes | RB    | sk_kmeans       | solver=filo2      | stage=post_ls | ls=pyvrp
2026-03-15 20:59:15 | INFO     |    1 routes | SCP   | gurobi_mip      | solver=UNKNOWN    | stage=scp_post_ls | ls=N/A
2026-03-15 20:59:15 | INFO     | 
2026-03-15 20:59:15 | INFO     | [ROUTE POOL SUMMARY]
2026-03-15 20:59:15 | INFO     |    40 routes | RB | sk_ac_min | solver=pyvrp | stage=post_ls | ls=pyvrp
2026-03-15 20:59:15 | INFO     |    35 routes | VB | sk_kmeans | solver=filo2 | stage=post_ls | ls=pyvrp
2026-03-15 20:59:15 | INFO     |    34 routes | VB | sk_ac_complete | solver=pyvrp | stage=post_ls | ls=pyvrp
2026-03-15 20:59:15 | INFO     |    34 routes | VB | sk_ac_min | solver=filo1 | stage=post_ls | ls=pyvrp
2026-03-15 20:59:15 | INFO     |    31 routes | RB | sk_ac_avg | solver=filo1 | stage=post_ls | ls=pyvrp
2026-03-15 20:59:15 | INFO     |    28 routes | RB | sk_ac_min | solver=filo2 | stage=post_ls | ls=pyvrp
2026-03-15 20:59:15 | INFO     |    18 routes | VB | sk_ac_avg | solver=pyvrp | stage=post_ls | ls=pyvrp
2026-03-15 20:59:15 | INFO     |    17 routes | VB | sk_ac_min | solver=pyvrp | stage=post_ls | ls=pyvrp
2026-03-15 20:59:15 | INFO     |    17 routes | RB | sk_ac_complete | solver=filo2 | stage=post_ls | ls=pyvrp
2026-03-15 20:59:15 | INFO     |    17 routes | VB | k_medoids_pyclustering | solver=pyvrp | stage=post_ls | ls=pyvrp
2026-03-15 20:59:15 | INFO     |    17 routes | VB | sk_ac_min | solver=filo2 | stage=post_ls | ls=pyvrp
2026-03-15 20:59:15 | INFO     |    17 routes | VB | k_medoids_pyclustering | solver=filo2 | stage=post_ls | ls=pyvrp
2026-03-15 20:59:15 | INFO     |    16 routes | RB | sk_kmeans | solver=pyvrp | stage=post_ls | ls=pyvrp
2026-03-15 20:59:15 | INFO     |    14 routes | RB | sk_ac_complete | solver=filo1 | stage=post_ls | ls=pyvrp
2026-03-15 20:59:15 | INFO     |    14 routes | RB | sk_ac_avg | solver=pyvrp | stage=post_ls | ls=pyvrp
2026-03-15 20:59:15 | INFO     |    14 routes | RB | sk_kmeans | solver=filo2 | stage=post_ls | ls=pyvrp
2026-03-15 20:59:15 | INFO     |     2 routes | SCP | gurobi_mip | solver=UNKNOWN | stage=scp_post_ls | ls=N/A
2026-03-15 20:59:15 | INFO     | [XL-n2634-k17 NO-IMPROVEMENT] best_cost=32079 | streak=5 | Gap: 1.4548%
2026-03-15 20:59:15 | INFO     | [XL-n2634-k17 ITERATION-TIMES 23] cluster=0.006s routing=2628.079s ls=136.583s total=2764.980s
2026-03-15 20:59:15 | INFO     | [XL-n2634-k17 ITERATION 24] mode=RB method=sk_ac_avg k=6 solver=filo1 ls=pyvrp
2026-03-15 20:59:15 | INFO     | [XL-n2634-k17 CLUSTER] method=sk_ac_avg k=6 | sizes=[848, 398, 662, 402, 170, 153] | min=153 max=848 avg=438.8
2026-03-15 20:59:15 | INFO     | [XL-n2634-k17 ROUTING] Solving clusters with filo1
2026-03-15 21:38:25 | INFO     | [XL-n2634-k17 SCP] pruning_mode=diversity
2026-03-15 21:38:25 | INFO     | [XL-n2634-k17 SCP] solver=gurobi_mip | route_pool=370
2026-03-15 21:38:29 | INFO     | [XL-n2634-k17 SCP] optimal solution found
2026-03-15 21:41:22 | INFO     | [XL-n2634-k17 SCP-NO-IMPROVEMENT] cost=32079 (best=32079) | Gap: 1.4548%
2026-03-15 21:41:22 | INFO     | [XL-n2634-k17 NO-IMPROVEMENT] best_cost=32079 | streak=6 | Gap: 1.4548%
2026-03-15 21:41:22 | INFO     | [XL-n2634-k17 ITERATION-TIMES 24] cluster=0.062s routing=2186.644s ls=162.669s scp=177.101s total=2526.555s
2026-03-15 21:41:22 | INFO     | [XL-n2634-k17 ITERATION 25] mode=RB method=sk_ac_complete k=7 solver=filo1 ls=pyvrp
2026-03-15 21:41:22 | INFO     | [XL-n2634-k17 CLUSTER] method=sk_ac_complete k=7 | sizes=[662, 398, 665, 402, 170, 153, 183] | min=153 max=665 avg=376.1
2026-03-15 21:41:22 | INFO     | [XL-n2634-k17 ROUTING] Solving clusters with filo1
2026-03-15 22:12:47 | INFO     | 
2026-03-15 22:12:47 | INFO     | ================================================================================
2026-03-15 22:12:47 | INFO     | [XL-n2634-k17] PERIODIC SNAPSHOT SNAPSHOT_007
2026-03-15 22:12:47 | INFO     | ================================================================================
2026-03-15 22:12:47 | INFO     | Route #1: 520 2454 1325 1728 970 663 2029 2007 1502 2319 703 706 1103 987 2217 1813 664 1137 228 2244 1814 2385 2081 273 2463 986 595 569 934 1438 586 1667 2334 892 403 2471 2437 392 806 2092 1257 775 1580 1297 915 2458 585 1535 1250 1445 1595 827 2026 2509 2270 1053 29 1519 71 487 1483 1375 1207 2127 2369 1450 1932 1659 361 2022 2516 633 2340 642 2118 341 2549 123 1376 508 2435 807 1148 1202 2372 124 2227 2392 1283 2141 2347 215 1222 1367 475 1415 534 1835 2427 2607 1042 1486 2310 691 1662 1226 18 1112 2236 1039 323 563 669 713 879 1057 1924 101 864 2550 161 1636 2146 1741 2189 1274 || mode=rb method=sk_ac_complete solver=filo2 stage=post_ls ls=pyvrp iter=3
2026-03-15 22:12:47 | INFO     | Route #2: 1862 1779 507 352 2433 91 1357 236 1426 568 1480 902 376 1290 387 2558 1510 2625 787 407 784 668 388 1214 2577 1820 837 1398 379 6 1909 1910 1593 583 2110 2156 1435 527 1649 1122 456 1758 2381 1628 1328 1873 908 1022 1102 2616 1165 1271 2159 433 2278 2499 581 1085 550 1129 58 338 2064 2330 267 2005 191 1870 2225 1378 2426 1714 2354 15 217 1771 214 2457 2507 1600 2551 1038 539 1950 87 2317 346 714 41 1691 1029 2396 230 412 1923 443 820 2627 378 1832 1149 133 106 1127 1830 134 1340 77 895 1533 1625 880 1911 2010 830 1174 184 905 1249 49 94 1410 2378 2262 944 708 219 2542 1195 2000 1865 406 210 1385 2014 1947 2534 47 1397 179 597 1917 711 1848 1969 2291 119 496 2608 862 2480 || mode=rb method=sk_ac_complete solver=filo2 stage=post_ls ls=pyvrp iter=3
2026-03-15 22:12:47 | INFO     | Route #3: 957 494 114 1034 1407 1467 1665 484 1631 1616 868 2078 2518 2041 2297 275 1036 2547 363 206 1698 2114 317 2090 610 398 209 1035 370 1824 1838 1602 1353 941 575 977 270 436 605 644 188 1311 906 2528 1342 2621 53 1825 1541 1275 872 2628 100 1928 637 1287 1264 1301 2213 132 2429 1440 66 2570 13 1855 898 607 2050 1228 116 1262 771 1413 2505 1186 1176 136 1280 1130 2524 503 1607 538 1542 2449 2461 2564 158 1276 335 1255 2336 1434 717 577 1215 190 990 737 1596 31 1209 1588 1211 2261 1590 2568 492 2522 2318 2180 2453 244 2237 602 1858 2167 1390 2377 1773 2003 2228 2466 221 1355 52 1953 1419 616 1869 164 975 2465 2289 2279 541 177 445 1372 656 1084 146 2184 1618 1622 847 725 2042 2468 700 910 2595 || mode=rb method=sk_ac_complete solver=filo2 stage=post_ls ls=pyvrp iter=3
2026-03-15 22:12:47 | INFO     | Route #4: 264 1160 2019 2239 2157 603 1527 582 2599 808 2043 201 96 643 381 2573 353 596 2298 2058 835 2056 1753 182 1746 866 1940 1291 1678 1737 852 1523 945 853 831 1033 2474 1715 1774 1842 2545 2410 2482 1548 1065 929 1199 1834 2281 1893 2265 2603 2401 1177 1205 678 1062 1994 741 498 155 559 415 854 1235 574 730 1312 314 1478 251 320 2444 515 79 1807 2592 2183 736 1942 1031 2554 1904 782 2168 1952 926 660 1534 2394 46 528 1620 1688 192 1641 1324 922 933 2445 506 1948 755 2441 2096 1954 695 2486 564 1634 2144 1017 309 1338 938 1433 419 2195 222 1295 1677 1818 530 8 912 2619 458 1092 893 974 1326 325 2421 1945 282 1522 74 1294 2561 1632 2016 2582 1560 2089 768 1679 253 70 283 437 2493 468 2210 149 1352 2097 2054 1783 2459 1125 1817 731 907 1147 1644 1258 424 2517 1768 1343 || mode=rb method=sk_ac_complete solver=filo2 stage=post_ls ls=pyvrp iter=3
2026-03-15 22:12:47 | INFO     | Route #5: 2494 2452 1733 2269 395 290 1134 337 1232 2609 964 989 579 1520 2633 2539 749 952 1723 2446 1883 1863 2178 1482 1769 509 1090 1308 699 967 899 913 163 2087 576 1056 2060 523 1890 1788 10 566 701 2108 1785 2373 183 1894 469 2403 2597 1236 239 1577 167 1975 2274 449 2344 2162 2322 44 1545 127 1231 199 751 59 1752 2389 354 2382 1796 42 423 800 386 997 360 1749 1332 1094 331 1879 1299 1803 659 1827 2119 1067 2186 39 1013 657 2571 1514 960 2383 1217 14 2540 2129 2475 67 1993 2521 105 60 278 1877 2288 108 1964 973 2132 1229 2258 2605 276 1048 2375 1811 649 2247 572 2523 250 1468 2363 490 33 2538 1216 1418 1227 653 865 1086 2254 1791 1055 1191 1868 1635 1916 621 374 2623 257 1314 3 1721 45 2386 2069 1844 1238 1282 488 2083 2447 495 426 1481 1196 992 2556 785 994 2470 1131 1213 2602 2240 1966 1905 849 1575 78 1808 561 383 1929 || mode=rb method=sk_ac_complete solver=filo1 stage=post_ls ls=pyvrp iter=8
2026-03-15 22:12:47 | INFO     | Route #6: 1569 2276 1955 414 1843 1551 1992 896 2148 666 416 1169 1019 738 2079 2337 2197 758 2311 2411 1960 1912 1710 1546 2580 856 175 2489 245 2246 2070 315 684 497 1524 1197 743 2519 956 722 2316 2485 2066 2275 1754 580 2039 2626 1724 1412 2613 963 65 229 1933 901 925 306 2514 617 1253 1319 2169 2011 604 599 677 1747 1101 505 1876 2272 1339 739 1182 724 1181 368 802 2193 2052 1610 833 1991 466 339 552 991 590 516 377 613 593 1464 2216 186 308 962 629 773 1656 1566 1981 2357 1655 2104 1354 1497 549 2415 234 48 2072 2030 23 2586 1683 1305 685 104 704 1184 1507 1444 240 961 1854 1536 1671 745 1989 1136 1244 513 1731 537 648 1417 2082 1002 1956 591 2349 2238 2080 173 2513 733 1414 692 2338 72 710 1562 2171 2530 299 2174 2201 1719 1116 1565 882 300 2263 2353 1429 1547 1936 1471 2102 1425 || mode=rb method=sk_ac_complete solver=filo1 stage=post_ls ls=pyvrp iter=8
2026-03-15 22:12:47 | INFO     | Route #7: 1391 871 121 1107 34 2001 1973 2434 1605 696 881 1173 2163 2630 641 2188 1594 2442 1007 1421 1451 1941 816 2100 200 1432 417 284 2327 2438 61 1145 145 1619 1672 1109 461 2023 1347 1082 301 1568 1511 85 1462 1903 1938 702 1525 1179 1871 2255 2013 1334 2295 936 1650 1935 1251 1897 1505 1716 2230 2576 297 1573 35 2574 2537 1252 2339 1521 1967 76 2360 518 521 1581 2565 2045 259 75 1070 1647 918 655 7 679 2439 1382 1732 2226 1204 112 790 2074 1323 1762 688 1645 514 2384 2101 2035 988 2343 2566 624 1777 1759 2329 1161 224 2303 805 1023 1051 185 1133 1139 1230 757 803 2488 1289 1157 481 1014 1504 1473 2448 2224 36 1872 1727 746 1402 1365 2541 753 2037 2495 12 1839 1544 557 483 1927 1826 1491 1009 1591 156 609 779 1518 2290 2280 501 2214 401 1661 1857 2583 62 || mode=rb method=sk_ac_complete solver=filo1 stage=post_ls ls=pyvrp iter=8
2026-03-15 22:12:47 | INFO     | Route #8: 261 697 2154 533 1012 761 855 1044 1553 2212 2273 2585 2473 1098 2233 2242 1799 821 760 825 1293 1711 2498 1366 2164 763 327 618 1812 2027 1810 2166 450 1327 765 1309 462 2399 916 983 2419 646 479 1431 313 1351 2301 1901 1517 1168 148 1187 639 672 2103 1267 598 227 364 1452 1411 2252 984 1498 178 1745 316 671 1744 2139 2567 723 289 2084 2581 2428 1751 1977 1003 824 281 2122 1926 972 2409 2106 2404 409 2076 16 846 194 1997 1944 1380 535 86 1597 1513 1770 260 917 680 231 2218 1422 2065 1781 2008 265 951 280 606 2333 1178 2123 1453 822 135 578 876 1978 928 181 1278 1420 573 2034 791 1142 1846 1110 373 2112 705 1490 1693 1866 1180 525 2515 311 553 1126 2211 2356 298 1132 2140 1614 2407 2398 429 1371 457 2222 2138 385 1198 2149 1447 2562 || mode=rb method=sk_ac_complete solver=filo1 stage=post_ls ls=pyvrp iter=8
2026-03-15 22:12:47 | INFO     | Route #9: 1259 2370 814 198 1700 2173 1075 965 675 1026 1629 2569 636 237 1958 2425 2248 1152 1269 1800 294 442 2048 1159 153 345 391 1449 2061 1335 1428 2120 326 1995 2481 512 1399 1077 1329 1709 689 1200 1775 431 1739 2130 1261 329 2196 1708 1664 2142 262 1175 2160 1076 2307 2557 958 2283 2393 709 667 1 1802 1730 1405 1061 410 27 2062 2387 2131 2617 676 84 940 1686 2209 1684 1106 1020 2622 2044 38 1563 2527 1192 2532 1819 318 103 2417 844 1859 256 1307 2510 460 1185 634 1815 818 40 1393 968 247 2153 764 1885 89 1346 365 1286 2422 1021 1331 2125 1703 2095 877 2251 1852 999 1032 448 2431 2374 1621 1642 762 1755 584 2323 454 1156 2033 418 840 1193 2436 886 1363 268 985 524 485 81 2305 547 504 900 1669 1206 1761 608 1121 174 858 2572 1959 1914 1108 851 2408 1008 || mode=rb method=sk_ac_complete solver=filo1 stage=post_ls ls=pyvrp iter=8
2026-03-15 22:12:47 | INFO     | Route #10: 1648 623 1095 2593 2548 1046 348 1358 560 1079 1099 2589 2440 1797 953 232 2121 2234 1990 600 277 176 744 2456 1066 1316 2111 2285 1576 2346 589 141 2544 1500 2620 950 271 1540 1454 1982 654 1567 2300 1512 356 1816 1972 212 1837 875 474 1856 1640 2158 726 2220 2077 1805 2009 873 921 571 126 2241 1886 1472 1658 955 1828 1248 909 1630 1166 1241 860 334 1128 622 754 1882 1891 302 399 2320 1368 1403 93 2040 2223 482 2259 1370 1740 68 500 1900 1234 2006 1543 815 2308 1750 1466 889 2350 1875 1690 2176 1704 2172 1461 107 166 2021 1841 2359 455 464 1448 2502 2405 2028 30 1409 1582 || mode=scp method=gurobi_mip solver=None stage=scp_post_ls ls=N/A iter=9
2026-03-15 22:12:47 | INFO     | Route #11: 2348 867 1738 128 1188 1016 1436 55 1579 428 1681 2190 1974 883 1639 914 1210 252 279 1675 2424 1931 887 1220 1377 1699 1696 1516 2199 1105 1183 2161 1979 2631 384 1167 740 2579 1735 139 1315 440 1778 375 511 2618 196 1392 272 878 1764 707 1971 459 2496 1908 1907 1604 57 1532 1986 98 2520 1962 567 718 943 193 2304 1040 1767 37 322 1589 2306 50 1389 254 472 1925 1362 446 2324 1010 2198 2614 2200 4 162 2418 351 99 1284 1657 2355 2243 635 969 2326 1760 2260 526 619 1374 2508 1998 2371 2191 1742 2136 650 1247 2364 1485 770 1400 2400 1254 1004 2501 2185 2036 1479 2017 1689 727 788 1718 255 1851 1539 1000 1831 292 73 1427 832 1736 1043 1395 1584 1333 614 238 1281 1984 735 1554 2358 2235 1320 2451 1277 2018 233 776 544 295 1920 || mode=rb method=sk_ac_avg solver=filo1 stage=post_ls ls=pyvrp iter=15
2026-03-15 22:12:47 | INFO     | Route #12: 1388 1680 64 546 2075 1124 118 2610 421 946 812 63 1847 819 296 1146 1111 1242 2302 1794 2063 405 1508 1154 1666 349 2313 1880 665 1552 266 1052 131 1089 1212 1729 1189 1356 670 2085 328 2467 1776 499 465 804 673 117 342 536 2469 1821 1364 1748 531 2598 1653 694 592 340 1572 20 1823 829 1489 2204 1313 120 949 1492 750 1093 1369 2503 1833 1676 1296 1457 1394 843 721 1712 783 425 1529 2137 2575 242 683 2325 756 197 2490 942 1054 555 1571 2546 125 2423 1225 97 1458 850 2051 1119 651 519 1011 2309 2267 1345 1892 2071 1786 874 2202 1617 2113 1263 2612 1279 817 562 1902 786 1270 9 1494 343 1861 2207 1606 980 848 1976 2314 1350 823 1383 243 130 102 884 640 1673 1702 1114 1798 1072 932 1349 1528 2525 1344 998 565 1460 1881 1158 612 996 2208 486 432 1437 2491 || mode=rb method=sk_ac_avg solver=filo1 stage=post_ls ls=pyvrp iter=15
2026-03-15 22:12:47 | INFO     | Route #13: 1864 919 993 1705 129 532 2526 793 1822 1047 435 305 1115 1045 2512 2559 170 22 80 1117 1592 1141 143 1983 1643 1734 1587 2535 1637 2587 2430 1701 540 1285 1922 438 1531 1970 937 2147 1585 2380 2057 1049 286 2249 218 138 171 811 157 1488 439 752 1071 1763 1939 1934 1611 434 2632 2604 1037 2588 204 2379 2253 477 463 995 1465 1288 249 1476 56 274 869 2560 1059 903 1477 615 935 92 976 2038 319 1068 390 838 1396 1889 1322 625 1201 1793 1024 202 1302 734 2086 26 2299 248 1203 747 1792 1495 2181 1921 304 1790 1780 1063 1487 54 2531 2073 246 2388 307 2432 2368 2390 1918 828 548 430 205 1060 452 1298 720 558 923 493 2150 2025 1050 1163 140 226 2232 1646 380 1246 2221 1265 2088 1961 1564 2047 1722 542 241 137 1999 372 2543 1583 2098 1556 1913 2264 393 1233 || mode=rb method=sk_ac_avg solver=filo1 stage=post_ls ls=pyvrp iter=15
2026-03-15 22:12:47 | INFO     | Route #14: 1772 2594 17 21 2412 288 1219 1963 2203 1404 712 1930 1475 1496 2 1237 350 1266 719 971 894 291 2109 1996 2464 330 1381 647 165 1442 1144 2133 798 885 661 1980 920 480 863 2049 2231 1789 1194 888 1443 2529 269 169 2416 389 652 1006 336 789 1459 1550 152 2615 638 588 1687 2277 1243 845 2229 2059 630 1170 2031 1853 2629 781 686 1245 2596 2152 371 774 211 1123 1887 1549 1446 151 453 478 2414 2472 1919 1946 154 1073 1609 1801 2177 2145 362 1743 1784 2296 959 594 1001 1256 2341 1208 1317 2450 1674 1515 1578 397 451 404 891 208 1304 1943 2126 545 645 2331 147 1506 841 1652 111 83 1088 1463 2504 285 1660 742 150 2256 1829 1162 2402 2151 396 570 728 444 333 2397 394 1074 2117 2406 2091 2004 2420 924 310 587 122 1874 1223 2128 1526 813 1306 627 522 611 2187 2335 1915 826 || mode=rb method=sk_ac_avg solver=filo1 stage=post_ls ls=pyvrp iter=15
2026-03-15 22:12:47 | INFO     | Route #15: 2294 235 1706 1153 2365 321 1439 2553 1155 810 674 2487 1845 344 1682 293 796 1190 2271 759 1713 24 1850 693 2395 2367 1416 1113 1499 1091 2215 1321 1530 1756 223 795 1668 1538 1058 491 861 113 32 2124 1348 1849 1707 1401 2094 631 95 2563 420 2245 180 2342 1120 110 1172 263 422 189 2219 1240 2107 1836 1143 1720 1654 2484 1895 2284 890 1078 859 411 1601 1787 1164 1867 1423 662 1064 2046 2624 1888 109 2312 366 1361 43 447 25 1151 1558 1218 698 2483 2024 2175 19 626 1694 1080 2462 1537 1441 90 729 2250 1598 2591 413 1041 1140 947 1360 467 1782 1766 303 1025 554 1603 1988 2286 1097 51 1965 || mode=rb method=sk_kmeans solver=filo2 stage=post_ls ls=pyvrp iter=16
2026-03-15 22:12:47 | INFO     | Route #16: 769 2376 1957 1717 797 2443 681 203 632 216 69 1096 213 954 2268 1268 2182 1469 144 1726 2476 2205 792 258 1599 966 628 510 5 1987 2170 1795 799 369 159 658 2492 2266 836 358 2135 1028 2533 359 1386 2536 1330 682 2032 2015 287 2155 1406 427 402 1336 1470 1118 1493 82 489 1809 2361 1685 1898 1260 2315 1138 1341 1574 1015 767 1559 1069 1949 2292 2345 979 2552 2257 441 1663 1018 1804 1455 1586 687 780 1239 839 1273 1884 857 1081 1474 408 2511 1408 2055 2105 2455 400 2478 982 1027 142 2362 2477 772 2328 930 1501 1224 1005 690 2143 2002 778 1840 28 1300 1638 543 1985 601 1968 748 1171 168 1379 1100 1030 || mode=rb method=sk_kmeans solver=filo2 stage=post_ls ls=pyvrp iter=16
2026-03-15 22:12:48 | INFO     | Route #17: 870 801 160 1104 471 1899 1878 2413 2500 220 2578 2601 809 1150 2012 1509 1757 473 2282 1937 842 2366 2497 2206 502 1555 1765 2293 11 1951 207 382 948 2606 115 2192 715 2611 931 2321 2116 355 2134 2332 529 1633 1906 1310 1570 1484 1503 2352 1303 2479 1387 2555 1860 1651 2093 1135 2584 470 2020 1359 2067 904 978 357 1806 2600 1561 1557 794 1725 187 1623 195 1221 927 1626 834 1608 2460 2099 2506 556 1337 1613 517 2053 1087 172 1373 2287 1424 332 1896 732 2179 2115 1456 551 476 1692 1384 225 620 1292 1615 777 2351 939 1624 766 367 2194 716 2165 1697 312 2068 2590 1612 1695 88 2391 1670 911 897 324 1083 1627 347 1272 981 1318 1430 || mode=rb method=sk_kmeans solver=filo2 stage=post_ls ls=pyvrp iter=16
2026-03-15 22:12:48 | INFO     | 
2026-03-15 22:12:48 | INFO     | [BEST SOLUTION ROUTE SUMMARY]
2026-03-15 22:12:48 | INFO     | --------------------------------------------------------------------------------
2026-03-15 22:12:48 | INFO     |    5 routes | RB    | sk_ac_complete  | solver=filo1      | stage=post_ls | ls=pyvrp
2026-03-15 22:12:48 | INFO     |    4 routes | RB    | sk_ac_avg       | solver=filo1      | stage=post_ls | ls=pyvrp
2026-03-15 22:12:48 | INFO     |    4 routes | RB    | sk_ac_complete  | solver=filo2      | stage=post_ls | ls=pyvrp
2026-03-15 22:12:48 | INFO     |    3 routes | RB    | sk_kmeans       | solver=filo2      | stage=post_ls | ls=pyvrp
2026-03-15 22:12:48 | INFO     |    1 routes | SCP   | gurobi_mip      | solver=UNKNOWN    | stage=scp_post_ls | ls=N/A
2026-03-15 22:12:48 | INFO     | 
2026-03-15 22:12:48 | INFO     | [ROUTE POOL SUMMARY]
2026-03-15 22:12:48 | INFO     |    40 routes | RB | sk_ac_min | solver=pyvrp | stage=post_ls | ls=pyvrp
2026-03-15 22:12:48 | INFO     |    36 routes | RB | sk_ac_avg | solver=filo1 | stage=post_ls | ls=pyvrp
2026-03-15 22:12:48 | INFO     |    35 routes | VB | sk_kmeans | solver=filo2 | stage=post_ls | ls=pyvrp
2026-03-15 22:12:48 | INFO     |    34 routes | VB | sk_ac_complete | solver=pyvrp | stage=post_ls | ls=pyvrp
2026-03-15 22:12:48 | INFO     |    34 routes | VB | sk_ac_min | solver=filo1 | stage=post_ls | ls=pyvrp
2026-03-15 22:12:48 | INFO     |    28 routes | RB | sk_ac_min | solver=filo2 | stage=post_ls | ls=pyvrp
2026-03-15 22:12:48 | INFO     |    23 routes | RB | sk_ac_complete | solver=filo1 | stage=post_ls | ls=pyvrp
2026-03-15 22:12:48 | INFO     |    18 routes | VB | sk_ac_avg | solver=pyvrp | stage=post_ls | ls=pyvrp
2026-03-15 22:12:48 | INFO     |    17 routes | VB | sk_ac_min | solver=pyvrp | stage=post_ls | ls=pyvrp
2026-03-15 22:12:48 | INFO     |    17 routes | RB | sk_ac_complete | solver=filo2 | stage=post_ls | ls=pyvrp
2026-03-15 22:12:48 | INFO     |    17 routes | VB | k_medoids_pyclustering | solver=pyvrp | stage=post_ls | ls=pyvrp
2026-03-15 22:12:48 | INFO     |    17 routes | VB | sk_ac_min | solver=filo2 | stage=post_ls | ls=pyvrp
2026-03-15 22:12:48 | INFO     |    17 routes | VB | k_medoids_pyclustering | solver=filo2 | stage=post_ls | ls=pyvrp
2026-03-15 22:12:48 | INFO     |    16 routes | RB | sk_kmeans | solver=pyvrp | stage=post_ls | ls=pyvrp
2026-03-15 22:12:48 | INFO     |    14 routes | RB | sk_ac_avg | solver=pyvrp | stage=post_ls | ls=pyvrp
2026-03-15 22:12:48 | INFO     |    14 routes | RB | sk_kmeans | solver=filo2 | stage=post_ls | ls=pyvrp
2026-03-15 22:12:48 | INFO     |     2 routes | SCP | gurobi_mip | solver=UNKNOWN | stage=scp_post_ls | ls=N/A
2026-03-15 22:12:48 | INFO     | [XL-n2634-k17 NO-IMPROVEMENT] best_cost=32079 | streak=7 | Gap: 1.4548%
2026-03-15 22:12:48 | INFO     | [XL-n2634-k17 ITERATION-TIMES 25] cluster=0.122s routing=1704.781s ls=180.549s total=1885.692s
2026-03-15 22:12:48 | WARNING  | [XL-n2634-k17 STOP] time limit reached
2026-03-15 22:12:48 | INFO     | [XL-n2634-k17 FINAL SCP] solver=gurobi_mip | route_pool=379
2026-03-15 22:12:53 | INFO     | [XL-n2634-k17 SCP] optimal solution found
2026-03-15 22:16:11 | INFO     | 
2026-03-15 22:16:11 | INFO     | ================================================================================
2026-03-15 22:16:11 | INFO     | [XL-n2634-k17] FINAL BEST ROUTES WITH TAGS
2026-03-15 22:16:11 | INFO     | ================================================================================
2026-03-15 22:16:11 | INFO     | Route #1: 520 2454 1325 1728 970 663 2029 2007 1502 2319 703 706 1103 987 2217 1813 664 1137 228 2244 1814 2385 2081 273 2463 986 595 569 934 1438 586 1667 2334 892 403 2471 2437 392 806 2092 1257 775 1580 1297 915 2458 585 1535 1250 1445 1595 827 2026 2509 2270 1053 29 1519 71 487 1483 1375 1207 2127 2369 1450 1932 1659 361 2022 2516 633 2340 642 2118 341 2549 123 1376 508 2435 807 1148 1202 2372 124 2227 2392 1283 2141 2347 215 1222 1367 475 1415 534 1835 2427 2607 1042 1486 2310 691 1662 1226 18 1112 2236 1039 323 563 669 713 879 1057 1924 101 864 2550 161 1636 2146 1741 2189 1274 || mode=RB method=sk_ac_complete solver=filo2 stage=post_ls ls=pyvrp iter=3
2026-03-15 22:16:11 | INFO     | Route #2: 1862 1779 507 352 2433 91 1357 236 1426 568 1480 902 376 1290 387 2558 1510 2625 787 407 784 668 388 1214 2577 1820 837 1398 379 6 1909 1910 1593 583 2110 2156 1435 527 1649 1122 456 1758 2381 1628 1328 1873 908 1022 1102 2616 1165 1271 2159 433 2278 2499 581 1085 550 1129 58 338 2064 2330 267 2005 191 1870 2225 1378 2426 1714 2354 15 217 1771 214 2457 2507 1600 2551 1038 539 1950 87 2317 346 714 41 1691 1029 2396 230 412 1923 443 820 2627 378 1832 1149 133 106 1127 1830 134 1340 77 895 1533 1625 880 1911 2010 830 1174 184 905 1249 49 94 1410 2378 2262 944 708 219 2542 1195 2000 1865 406 210 1385 2014 1947 2534 47 1397 179 597 1917 711 1848 1969 2291 119 496 2608 862 2480 || mode=RB method=sk_ac_complete solver=filo2 stage=post_ls ls=pyvrp iter=3
2026-03-15 22:16:11 | INFO     | Route #3: 957 494 114 1034 1407 1467 1665 484 1631 1616 868 2078 2518 2041 2297 275 1036 2547 363 206 1698 2114 317 2090 610 398 209 1035 370 1824 1838 1602 1353 941 575 977 270 436 605 644 188 1311 906 2528 1342 2621 53 1825 1541 1275 872 2628 100 1928 637 1287 1264 1301 2213 132 2429 1440 66 2570 13 1855 898 607 2050 1228 116 1262 771 1413 2505 1186 1176 136 1280 1130 2524 503 1607 538 1542 2449 2461 2564 158 1276 335 1255 2336 1434 717 577 1215 190 990 737 1596 31 1209 1588 1211 2261 1590 2568 492 2522 2318 2180 2453 244 2237 602 1858 2167 1390 2377 1773 2003 2228 2466 221 1355 52 1953 1419 616 1869 164 975 2465 2289 2279 541 177 445 1372 656 1084 146 2184 1618 1622 847 725 2042 2468 700 910 2595 || mode=RB method=sk_ac_complete solver=filo2 stage=post_ls ls=pyvrp iter=3
2026-03-15 22:16:11 | INFO     | Route #4: 264 1160 2019 2239 2157 603 1527 582 2599 808 2043 201 96 643 381 2573 353 596 2298 2058 835 2056 1753 182 1746 866 1940 1291 1678 1737 852 1523 945 853 831 1033 2474 1715 1774 1842 2545 2410 2482 1548 1065 929 1199 1834 2281 1893 2265 2603 2401 1177 1205 678 1062 1994 741 498 155 559 415 854 1235 574 730 1312 314 1478 251 320 2444 515 79 1807 2592 2183 736 1942 1031 2554 1904 782 2168 1952 926 660 1534 2394 46 528 1620 1688 192 1641 1324 922 933 2445 506 1948 755 2441 2096 1954 695 2486 564 1634 2144 1017 309 1338 938 1433 419 2195 222 1295 1677 1818 530 8 912 2619 458 1092 893 974 1326 325 2421 1945 282 1522 74 1294 2561 1632 2016 2582 1560 2089 768 1679 253 70 283 437 2493 468 2210 149 1352 2097 2054 1783 2459 1125 1817 731 907 1147 1644 1258 424 2517 1768 1343 || mode=RB method=sk_ac_complete solver=filo2 stage=post_ls ls=pyvrp iter=3
2026-03-15 22:16:11 | INFO     | Route #5: 2494 2452 1733 2269 395 290 1134 337 1232 2609 964 989 579 1520 2633 2539 749 952 1723 2446 1883 1863 2178 1482 1769 509 1090 1308 699 967 899 913 163 2087 576 1056 2060 523 1890 1788 10 566 701 2108 1785 2373 183 1894 469 2403 2597 1236 239 1577 167 1975 2274 449 2344 2162 2322 44 1545 127 1231 199 751 59 1752 2389 354 2382 1796 42 423 800 386 997 360 1749 1332 1094 331 1879 1299 1803 659 1827 2119 1067 2186 39 1013 657 2571 1514 960 2383 1217 14 2540 2129 2475 67 1993 2521 105 60 278 1877 2288 108 1964 973 2132 1229 2258 2605 276 1048 2375 1811 649 2247 572 2523 250 1468 2363 490 33 2538 1216 1418 1227 653 865 1086 2254 1791 1055 1191 1868 1635 1916 621 374 2623 257 1314 3 1721 45 2386 2069 1844 1238 1282 488 2083 2447 495 426 1481 1196 992 2556 785 994 2470 1131 1213 2602 2240 1966 1905 849 1575 78 1808 561 383 1929 || mode=RB method=sk_ac_complete solver=filo1 stage=post_ls ls=pyvrp iter=8
2026-03-15 22:16:11 | INFO     | Route #6: 1569 2276 1955 414 1843 1551 1992 896 2148 666 416 1169 1019 738 2079 2337 2197 758 2311 2411 1960 1912 1710 1546 2580 856 175 2489 245 2246 2070 315 684 497 1524 1197 743 2519 956 722 2316 2485 2066 2275 1754 580 2039 2626 1724 1412 2613 963 65 229 1933 901 925 306 2514 617 1253 1319 2169 2011 604 599 677 1747 1101 505 1876 2272 1339 739 1182 724 1181 368 802 2193 2052 1610 833 1991 466 339 552 991 590 516 377 613 593 1464 2216 186 308 962 629 773 1656 1566 1981 2357 1655 2104 1354 1497 549 2415 234 48 2072 2030 23 2586 1683 1305 685 104 704 1184 1507 1444 240 961 1854 1536 1671 745 1989 1136 1244 513 1731 537 648 1417 2082 1002 1956 591 2349 2238 2080 173 2513 733 1414 692 2338 72 710 1562 2171 2530 299 2174 2201 1719 1116 1565 882 300 2263 2353 1429 1547 1936 1471 2102 1425 || mode=RB method=sk_ac_complete solver=filo1 stage=post_ls ls=pyvrp iter=8
2026-03-15 22:16:11 | INFO     | Route #7: 1391 871 121 1107 34 2001 1973 2434 1605 696 881 1173 2163 2630 641 2188 1594 2442 1007 1421 1451 1941 816 2100 200 1432 417 284 2327 2438 61 1145 145 1619 1672 1109 461 2023 1347 1082 301 1568 1511 85 1462 1903 1938 702 1525 1179 1871 2255 2013 1334 2295 936 1650 1935 1251 1897 1505 1716 2230 2576 297 1573 35 2574 2537 1252 2339 1521 1967 76 2360 518 521 1581 2565 2045 259 75 1070 1647 918 655 7 679 2439 1382 1732 2226 1204 112 790 2074 1323 1762 688 1645 514 2384 2101 2035 988 2343 2566 624 1777 1759 2329 1161 224 2303 805 1023 1051 185 1133 1139 1230 757 803 2488 1289 1157 481 1014 1504 1473 2448 2224 36 1872 1727 746 1402 1365 2541 753 2037 2495 12 1839 1544 557 483 1927 1826 1491 1009 1591 156 609 779 1518 2290 2280 501 2214 401 1661 1857 2583 62 || mode=RB method=sk_ac_complete solver=filo1 stage=post_ls ls=pyvrp iter=8
2026-03-15 22:16:11 | INFO     | Route #8: 261 697 2154 533 1012 761 855 1044 1553 2212 2273 2585 2473 1098 2233 2242 1799 821 760 825 1293 1711 2498 1366 2164 763 327 618 1812 2027 1810 2166 450 1327 765 1309 462 2399 916 983 2419 646 479 1431 313 1351 2301 1901 1517 1168 148 1187 639 672 2103 1267 598 227 364 1452 1411 2252 984 1498 178 1745 316 671 1744 2139 2567 723 289 2084 2581 2428 1751 1977 1003 824 281 2122 1926 972 2409 2106 2404 409 2076 16 846 194 1997 1944 1380 535 86 1597 1513 1770 260 917 680 231 2218 1422 2065 1781 2008 265 951 280 606 2333 1178 2123 1453 822 135 578 876 1978 928 181 1278 1420 573 2034 791 1142 1846 1110 373 2112 705 1490 1693 1866 1180 525 2515 311 553 1126 2211 2356 298 1132 2140 1614 2407 2398 429 1371 457 2222 2138 385 1198 2149 1447 2562 || mode=RB method=sk_ac_complete solver=filo1 stage=post_ls ls=pyvrp iter=8
2026-03-15 22:16:11 | INFO     | Route #9: 1259 2370 814 198 1700 2173 1075 965 675 1026 1629 2569 636 237 1958 2425 2248 1152 1269 1800 294 442 2048 1159 153 345 391 1449 2061 1335 1428 2120 326 1995 2481 512 1399 1077 1329 1709 689 1200 1775 431 1739 2130 1261 329 2196 1708 1664 2142 262 1175 2160 1076 2307 2557 958 2283 2393 709 667 1 1802 1730 1405 1061 410 27 2062 2387 2131 2617 676 84 940 1686 2209 1684 1106 1020 2622 2044 38 1563 2527 1192 2532 1819 318 103 2417 844 1859 256 1307 2510 460 1185 634 1815 818 40 1393 968 247 2153 764 1885 89 1346 365 1286 2422 1021 1331 2125 1703 2095 877 2251 1852 999 1032 448 2431 2374 1621 1642 762 1755 584 2323 454 1156 2033 418 840 1193 2436 886 1363 268 985 524 485 81 2305 547 504 900 1669 1206 1761 608 1121 174 858 2572 1959 1914 1108 851 2408 1008 || mode=RB method=sk_ac_complete solver=filo1 stage=post_ls ls=pyvrp iter=8
2026-03-15 22:16:11 | INFO     | Route #10: 1648 623 1095 2593 2548 1046 348 1358 560 1079 1099 2589 2440 1797 953 232 2121 2234 1990 600 277 176 744 2456 1066 1316 2111 2285 1576 2346 589 141 2544 1500 2620 950 271 1540 1454 1982 654 1567 2300 1512 356 1816 1972 212 1837 875 474 1856 1640 2158 726 2220 2077 1805 2009 873 921 571 126 2241 1886 1472 1658 955 1828 1248 909 1630 1166 1241 860 334 1128 622 754 1882 1891 302 399 2320 1368 1403 93 2040 2223 482 2259 1370 1740 68 500 1900 1234 2006 1543 815 2308 1750 1466 889 2350 1875 1690 2176 1704 2172 1461 107 166 2021 1841 2359 455 464 1448 2502 2405 2028 30 1409 1582 || mode=SCP method=gurobi_mip solver=UNKNOWN stage=scp_post_ls ls=N/A iter=9
2026-03-15 22:16:11 | INFO     | Route #11: 2348 867 1738 128 1188 1016 1436 55 1579 428 1681 2190 1974 883 1639 914 1210 252 279 1675 2424 1931 887 1220 1377 1699 1696 1516 2199 1105 1183 2161 1979 2631 384 1167 740 2579 1735 139 1315 440 1778 375 511 2618 196 1392 272 878 1764 707 1971 459 2496 1908 1907 1604 57 1532 1986 98 2520 1962 567 718 943 193 2304 1040 1767 37 322 1589 2306 50 1389 254 472 1925 1362 446 2324 1010 2198 2614 2200 4 162 2418 351 99 1284 1657 2355 2243 635 969 2326 1760 2260 526 619 1374 2508 1998 2371 2191 1742 2136 650 1247 2364 1485 770 1400 2400 1254 1004 2501 2185 2036 1479 2017 1689 727 788 1718 255 1851 1539 1000 1831 292 73 1427 832 1736 1043 1395 1584 1333 614 238 1281 1984 735 1554 2358 2235 1320 2451 1277 2018 233 776 544 295 1920 || mode=RB method=sk_ac_avg solver=filo1 stage=post_ls ls=pyvrp iter=15
2026-03-15 22:16:11 | INFO     | Route #12: 1388 1680 64 546 2075 1124 118 2610 421 946 812 63 1847 819 296 1146 1111 1242 2302 1794 2063 405 1508 1154 1666 349 2313 1880 665 1552 266 1052 131 1089 1212 1729 1189 1356 670 2085 328 2467 1776 499 465 804 673 117 342 536 2469 1821 1364 1748 531 2598 1653 694 592 340 1572 20 1823 829 1489 2204 1313 120 949 1492 750 1093 1369 2503 1833 1676 1296 1457 1394 843 721 1712 783 425 1529 2137 2575 242 683 2325 756 197 2490 942 1054 555 1571 2546 125 2423 1225 97 1458 850 2051 1119 651 519 1011 2309 2267 1345 1892 2071 1786 874 2202 1617 2113 1263 2612 1279 817 562 1902 786 1270 9 1494 343 1861 2207 1606 980 848 1976 2314 1350 823 1383 243 130 102 884 640 1673 1702 1114 1798 1072 932 1349 1528 2525 1344 998 565 1460 1881 1158 612 996 2208 486 432 1437 2491 || mode=RB method=sk_ac_avg solver=filo1 stage=post_ls ls=pyvrp iter=15
2026-03-15 22:16:11 | INFO     | Route #13: 1864 919 993 1705 129 532 2526 793 1822 1047 435 305 1115 1045 2512 2559 170 22 80 1117 1592 1141 143 1983 1643 1734 1587 2535 1637 2587 2430 1701 540 1285 1922 438 1531 1970 937 2147 1585 2380 2057 1049 286 2249 218 138 171 811 157 1488 439 752 1071 1763 1939 1934 1611 434 2632 2604 1037 2588 204 2379 2253 477 463 995 1465 1288 249 1476 56 274 869 2560 1059 903 1477 615 935 92 976 2038 319 1068 390 838 1396 1889 1322 625 1201 1793 1024 202 1302 734 2086 26 2299 248 1203 747 1792 1495 2181 1921 304 1790 1780 1063 1487 54 2531 2073 246 2388 307 2432 2368 2390 1918 828 548 430 205 1060 452 1298 720 558 923 493 2150 2025 1050 1163 140 226 2232 1646 380 1246 2221 1265 2088 1961 1564 2047 1722 542 241 137 1999 372 2543 1583 2098 1556 1913 2264 393 1233 || mode=RB method=sk_ac_avg solver=filo1 stage=post_ls ls=pyvrp iter=15
2026-03-15 22:16:11 | INFO     | Route #14: 1772 2594 17 21 2412 288 1219 1963 2203 1404 712 1930 1475 1496 2 1237 350 1266 719 971 894 291 2109 1996 2464 330 1381 647 165 1442 1144 2133 798 885 661 1980 920 480 863 2049 2231 1789 1194 888 1443 2529 269 169 2416 389 652 1006 336 789 1459 1550 152 2615 638 588 1687 2277 1243 845 2229 2059 630 1170 2031 1853 2629 781 686 1245 2596 2152 371 774 211 1123 1887 1549 1446 151 453 478 2414 2472 1919 1946 154 1073 1609 1801 2177 2145 362 1743 1784 2296 959 594 1001 1256 2341 1208 1317 2450 1674 1515 1578 397 451 404 891 208 1304 1943 2126 545 645 2331 147 1506 841 1652 111 83 1088 1463 2504 285 1660 742 150 2256 1829 1162 2402 2151 396 570 728 444 333 2397 394 1074 2117 2406 2091 2004 2420 924 310 587 122 1874 1223 2128 1526 813 1306 627 522 611 2187 2335 1915 826 || mode=RB method=sk_ac_avg solver=filo1 stage=post_ls ls=pyvrp iter=15
2026-03-15 22:16:11 | INFO     | Route #15: 2294 235 1706 1153 2365 321 1439 2553 1155 810 674 2487 1845 344 1682 293 796 1190 2271 759 1713 24 1850 693 2395 2367 1416 1113 1499 1091 2215 1321 1530 1756 223 795 1668 1538 1058 491 861 113 32 2124 1348 1849 1707 1401 2094 631 95 2563 420 2245 180 2342 1120 110 1172 263 422 189 2219 1240 2107 1836 1143 1720 1654 2484 1895 2284 890 1078 859 411 1601 1787 1164 1867 1423 662 1064 2046 2624 1888 109 2312 366 1361 43 447 25 1151 1558 1218 698 2483 2024 2175 19 626 1694 1080 2462 1537 1441 90 729 2250 1598 2591 413 1041 1140 947 1360 467 1782 1766 303 1025 554 1603 1988 2286 1097 51 1965 || mode=RB method=sk_kmeans solver=filo2 stage=post_ls ls=pyvrp iter=16
2026-03-15 22:16:11 | INFO     | Route #16: 769 2376 1957 1717 797 2443 681 203 632 216 69 1096 213 954 2268 1268 2182 1469 144 1726 2476 2205 792 258 1599 966 628 510 5 1987 2170 1795 799 369 159 658 2492 2266 836 358 2135 1028 2533 359 1386 2536 1330 682 2032 2015 287 2155 1406 427 402 1336 1470 1118 1493 82 489 1809 2361 1685 1898 1260 2315 1138 1341 1574 1015 767 1559 1069 1949 2292 2345 979 2552 2257 441 1663 1018 1804 1455 1586 687 780 1239 839 1273 1884 857 1081 1474 408 2511 1408 2055 2105 2455 400 2478 982 1027 142 2362 2477 772 2328 930 1501 1224 1005 690 2143 2002 778 1840 28 1300 1638 543 1985 601 1968 748 1171 168 1379 1100 1030 || mode=RB method=sk_kmeans solver=filo2 stage=post_ls ls=pyvrp iter=16
2026-03-15 22:16:11 | INFO     | Route #17: 870 801 160 1104 471 1899 1878 2413 2500 220 2578 2601 809 1150 2012 1509 1757 473 2282 1937 842 2366 2497 2206 502 1555 1765 2293 11 1951 207 382 948 2606 115 2192 715 2611 931 2321 2116 355 2134 2332 529 1633 1906 1310 1570 1484 1503 2352 1303 2479 1387 2555 1860 1651 2093 1135 2584 470 2020 1359 2067 904 978 357 1806 2600 1561 1557 794 1725 187 1623 195 1221 927 1626 834 1608 2460 2099 2506 556 1337 1613 517 2053 1087 172 1373 2287 1424 332 1896 732 2179 2115 1456 551 476 1692 1384 225 620 1292 1615 777 2351 939 1624 766 367 2194 716 2165 1697 312 2068 2590 1612 1695 88 2391 1670 911 897 324 1083 1627 347 1272 981 1318 1430 || mode=RB method=sk_kmeans solver=filo2 stage=post_ls ls=pyvrp iter=16
2026-03-15 22:16:11 | INFO     | 
2026-03-15 22:16:11 | INFO     | ================================================================================
2026-03-15 22:16:11 | INFO     | [XL-n2634-k17] SUMMARY — BEST SOLUTION ROUTE ORIGINS
2026-03-15 22:16:11 | INFO     | ================================================================================
2026-03-15 22:16:11 | INFO     |    5 routes | RB | sk_ac_complete | solver=filo1 | stage=post_ls | ls=pyvrp
2026-03-15 22:16:11 | INFO     |    4 routes | RB | sk_ac_avg | solver=filo1 | stage=post_ls | ls=pyvrp
2026-03-15 22:16:11 | INFO     |    4 routes | RB | sk_ac_complete | solver=filo2 | stage=post_ls | ls=pyvrp
2026-03-15 22:16:11 | INFO     |    3 routes | RB | sk_kmeans | solver=filo2 | stage=post_ls | ls=pyvrp
2026-03-15 22:16:11 | INFO     |    1 routes | SCP | gurobi_mip | solver=UNKNOWN | stage=scp_post_ls | ls=N/A
2026-03-15 22:16:11 | INFO     | 
2026-03-15 22:16:11 | INFO     | ================================================================================
2026-03-15 22:16:11 | INFO     | [XL-n2634-k17] SUMMARY — ROUTE POOL COMPOSITION
2026-03-15 22:16:11 | INFO     | ================================================================================
2026-03-15 22:16:11 | INFO     |   40 routes | RB | sk_ac_min | solver=pyvrp | stage=post_ls | ls=pyvrp
2026-03-15 22:16:11 | INFO     |   36 routes | RB | sk_ac_avg | solver=filo1 | stage=post_ls | ls=pyvrp
2026-03-15 22:16:11 | INFO     |   35 routes | VB | sk_kmeans | solver=filo2 | stage=post_ls | ls=pyvrp
2026-03-15 22:16:11 | INFO     |   34 routes | VB | sk_ac_complete | solver=pyvrp | stage=post_ls | ls=pyvrp
2026-03-15 22:16:11 | INFO     |   34 routes | VB | sk_ac_min | solver=filo1 | stage=post_ls | ls=pyvrp
2026-03-15 22:16:11 | INFO     |   28 routes | RB | sk_ac_min | solver=filo2 | stage=post_ls | ls=pyvrp
2026-03-15 22:16:11 | INFO     |   23 routes | RB | sk_ac_complete | solver=filo1 | stage=post_ls | ls=pyvrp
2026-03-15 22:16:11 | INFO     |   18 routes | VB | sk_ac_avg | solver=pyvrp | stage=post_ls | ls=pyvrp
2026-03-15 22:16:11 | INFO     |   17 routes | RB | sk_ac_complete | solver=filo2 | stage=post_ls | ls=pyvrp
2026-03-15 22:16:11 | INFO     |   17 routes | VB | k_medoids_pyclustering | solver=filo2 | stage=post_ls | ls=pyvrp
2026-03-15 22:16:11 | INFO     |   17 routes | VB | k_medoids_pyclustering | solver=pyvrp | stage=post_ls | ls=pyvrp
2026-03-15 22:16:11 | INFO     |   17 routes | VB | sk_ac_min | solver=filo2 | stage=post_ls | ls=pyvrp
2026-03-15 22:16:11 | INFO     |   17 routes | VB | sk_ac_min | solver=pyvrp | stage=post_ls | ls=pyvrp
2026-03-15 22:16:11 | INFO     |   16 routes | RB | sk_kmeans | solver=pyvrp | stage=post_ls | ls=pyvrp
2026-03-15 22:16:11 | INFO     |   14 routes | RB | sk_ac_avg | solver=pyvrp | stage=post_ls | ls=pyvrp
2026-03-15 22:16:11 | INFO     |   14 routes | RB | sk_kmeans | solver=filo2 | stage=post_ls | ls=pyvrp
2026-03-15 22:16:11 | INFO     |    2 routes | SCP | gurobi_mip | solver=UNKNOWN | stage=scp_post_ls | ls=N/A
2026-03-15 22:16:11 | INFO     | 
2026-03-15 22:16:11 | INFO     | ================================================================================
2026-03-15 22:16:11 | INFO     | [XL-n2634-k17] FULL ROUTE POOL DUMP
2026-03-15 22:16:11 | INFO     | ================================================================================
2026-03-15 22:16:11 | INFO     | [POOL #00001] 1857 401 1982 501 849 1905 1966 2240 2602 1213 1131 2470 994 785 2556 992 1481 1196 495 2447 2083 488 1282 1238 1844 2069 2386 45 1721 3 1314 257 2623 374 621 1916 1635 1868 1191 1055 1791 2254 1086 865 653 1227 1418 1216 2538 33 490 2363 1468 250 2523 572 2247 649 1811 2375 1048 276 2605 2258 1229 2132 973 1964 108 2288 1877 278 60 105 2521 1993 67 2566 2343 988 2035 2101 1067 2186 39 2119 1827 659 1803 1299 1879 331 1094 1332 1647 918 655 1070 75 506 1948 755 2441 521 1581 259 2045 2565 518 2360 76 1967 1521 2339 2417 844 1859 2103 1267 598 227 148 1168 1517 1901 2301 1351 313 1431 479 646 2419 983 916 2399 462 1309 2027 1812 327 763 2164 1366 1711 1293 825 760 821 1799 2242 2233 1098 2473 2585 2273 2212 1553 1044 855 761 1012 533 851 || mode=VB method=sk_kmeans solver=filo2 stage=post_ls ls=pyvrp iter=1
2026-03-15 22:16:11 | INFO     | [POOL #00002] 1768 2517 424 1258 1644 1147 907 731 1817 1125 2459 1783 2054 2097 1352 149 2210 468 2493 437 283 70 253 1679 768 2089 1560 2582 2016 1632 2561 1294 74 1522 282 1945 2421 325 1326 974 1678 1940 1291 1737 831 853 945 1523 852 893 8 530 1818 1677 1295 222 2195 419 1433 938 1338 309 1017 2144 1634 564 2486 2096 695 1954 2295 936 1650 1935 1251 1897 1505 1716 1334 2013 2255 1871 1179 2230 297 2576 1525 912 2619 1092 458 1511 1885 764 85 1462 1903 702 1938 818 40 1393 968 2153 247 1852 999 2251 877 2095 1703 2125 1331 1021 2422 1286 365 1346 89 1568 301 1082 1347 2023 461 1109 61 2438 2327 284 417 1432 200 2100 816 1941 1451 1421 1007 2442 1594 2188 641 2630 2163 1173 881 696 1605 2434 1973 2001 34 1107 121 871 1391 || mode=VB method=sk_kmeans solver=filo2 stage=post_ls ls=pyvrp iter=1
2026-03-15 22:16:11 | INFO     | [POOL #00003] 1862 1779 2480 862 2608 496 119 2291 1969 1848 711 1917 597 179 1397 47 2534 1947 2014 1385 210 406 1865 2000 1195 944 708 219 2542 1758 1649 1122 456 2381 1628 1328 1873 2159 1271 1165 2616 1102 1022 908 527 1435 2156 2110 583 1593 1910 1909 6 379 1398 837 1820 2577 1214 388 668 784 407 787 2625 1510 387 2558 1867 1064 662 1423 1164 1787 1601 411 859 1078 890 2284 1895 2484 1654 1720 1143 1836 2107 1240 2219 189 422 263 1172 110 1120 2342 180 2245 420 2563 95 631 2094 1401 1707 1849 1558 1218 698 2483 2024 1151 25 447 43 1361 366 2312 109 1888 2046 2624 413 1041 1290 376 902 1480 568 1426 236 1357 91 2433 1766 1782 674 554 1025 303 352 507 1603 1988 2286 1097 51 1706 1153 2294 1965 || mode=VB method=sk_kmeans solver=filo2 stage=post_ls ls=pyvrp iter=1
2026-03-15 22:16:11 | INFO     | [POOL #00004] 870 801 160 1104 471 1899 1878 2413 2500 220 2578 2601 809 1150 2012 1509 1757 2068 312 473 2282 2143 690 1937 842 2366 1224 1005 1501 772 930 2328 2477 2362 142 1027 982 2478 400 2455 11 2293 1765 1555 502 2206 2497 620 225 1384 2606 948 382 207 1951 2105 2055 1408 2511 408 1474 1081 857 1884 1341 1138 2315 1685 2361 1260 1898 82 1493 1118 369 799 489 1809 1574 767 1015 2205 792 258 1599 966 628 2170 1795 1987 5 510 1124 118 2135 2610 358 836 2266 2492 658 159 1470 1336 402 427 1406 2155 287 2015 2032 682 1330 2536 1386 359 421 946 812 63 1847 819 296 1146 1111 1242 2302 1114 1798 1072 932 1349 1528 2533 1028 2525 1344 998 565 1460 1881 1158 2075 546 612 996 2208 486 544 432 1437 1388 2491 1920 || mode=VB method=sk_kmeans solver=filo2 stage=post_ls ls=pyvrp iter=1
2026-03-15 22:16:11 | INFO     | [POOL #00005] 1648 623 1095 2593 2548 1046 348 1358 560 1079 1099 2236 1039 1112 1486 1042 2607 2427 1835 534 1415 475 1367 1222 215 2435 508 1376 123 2549 341 2118 642 2340 633 1661 2516 2022 361 1659 1932 1450 2369 2300 1567 654 356 1512 1816 1972 212 1837 875 474 1856 1640 2158 726 2220 2077 1805 2009 873 921 571 126 2241 1886 1472 1658 955 1828 1248 622 1128 334 860 1241 1166 909 1630 1950 87 2317 539 1038 2551 1600 2507 2457 214 1771 217 15 2354 1714 2426 1378 1870 2225 267 2005 2330 2064 338 58 1129 550 1085 581 2499 2278 184 1174 830 2010 1911 880 1625 905 1249 49 94 1410 2378 2262 107 1259 166 2021 1841 2359 455 464 1448 2502 2405 2028 30 1409 1582 || mode=VB method=sk_kmeans solver=filo2 stage=post_ls ls=pyvrp iter=1
2026-03-15 22:16:11 | INFO     | [POOL #00006] 1425 2149 2102 1471 1936 1547 1429 2353 2263 300 882 1565 1116 1719 2201 2174 299 2530 2171 1562 710 72 2338 692 1414 733 2513 173 2080 2238 2349 12 591 1956 1002 2082 1417 648 537 1420 1278 181 2218 1422 2065 928 1978 876 578 135 745 822 1453 280 606 2123 1178 2333 1671 1536 1854 961 240 1444 1507 1184 704 104 685 1305 1683 2586 23 2030 2072 48 234 2415 549 1497 1354 2104 1655 2357 1981 1566 1656 773 629 962 308 186 2216 1464 593 613 377 516 590 552 991 339 466 505 1101 604 2011 2169 1319 1253 617 2008 951 265 1781 901 1933 229 65 963 2039 580 1754 2275 2485 260 917 791 680 231 573 2034 1110 1142 1846 743 1197 1524 2112 373 705 1490 1693 1866 1180 525 2515 311 553 1126 2211 2356 298 1132 2140 1614 2407 2398 429 1371 457 2222 385 1198 1447 2562 || mode=VB method=sk_kmeans solver=filo2 stage=post_ls ls=pyvrp iter=1
2026-03-15 22:16:11 | INFO     | [POOL #00007] 1233 1665 393 2494 2264 1913 1045 1115 2512 2559 170 22 80 1592 1117 122 587 310 924 2420 2004 2091 2406 2117 1074 394 2397 333 444 728 570 396 2151 2402 937 1970 2147 1162 1585 2380 2057 1049 1660 285 2504 1463 1088 218 138 171 811 157 1488 439 1674 2450 1317 1208 2341 1578 1515 891 404 451 397 1256 1001 594 959 2296 362 2145 2177 1743 1784 2472 1919 1946 154 1073 1609 1801 1243 845 2277 1687 2137 2575 242 1767 37 322 1589 2306 1054 125 2546 1571 555 50 718 567 1962 193 943 2304 1040 152 2615 638 588 208 1304 1943 2126 545 645 2331 147 1506 841 1652 111 83 269 2529 1443 888 1194 742 150 2256 1829 1980 661 885 798 2133 1144 1442 165 647 1381 330 2464 1996 2109 291 894 971 719 1266 350 1874 1223 2128 1526 813 305 435 1047 1822 793 2526 2335 || mode=VB method=sk_kmeans solver=filo2 stage=post_ls ls=pyvrp iter=1
2026-03-15 22:16:11 | INFO     | [POOL #00008] 769 2376 1957 1717 797 2443 681 203 1680 64 213 1096 216 69 954 2268 2182 144 1469 1726 2476 1268 1949 2292 2345 979 2552 2257 441 1663 1018 1804 1455 1069 1559 1273 839 1239 1586 780 687 778 2002 1840 28 1300 1638 543 1985 601 1968 632 748 1171 168 1379 1100 1030 || mode=VB method=sk_kmeans solver=filo2 stage=post_ls ls=pyvrp iter=1
2026-03-15 22:16:11 | INFO     | [POOL #00009] 957 1864 919 993 1915 1705 129 532 2187 611 522 627 1306 1496 2 1237 1675 2424 1931 887 1220 1377 1699 1696 1516 2199 1105 1183 2161 1979 2631 384 1167 740 2579 1735 139 1315 440 920 480 863 2049 2231 1789 1778 375 511 2618 196 1392 272 878 1764 707 1971 459 2496 1908 652 389 2416 169 1006 1550 1459 789 336 2520 98 1986 1532 57 1907 1604 1389 254 472 1925 1362 446 2324 1010 2198 2614 2200 4 162 2418 351 99 1284 1657 2355 2243 635 969 2326 1760 2260 526 619 1374 2508 2364 1998 2371 2191 1742 2136 1247 650 1617 2202 817 562 1902 786 1485 770 1400 2400 1254 1004 2501 2185 2036 1479 2017 1689 727 788 1718 255 1851 1539 1000 1831 292 73 279 252 1210 914 1639 1475 1930 712 1404 2203 1963 1219 288 2412 21 826 17 2594 1772 || mode=VB method=sk_kmeans solver=filo2 stage=post_ls ls=pyvrp iter=1
2026-03-15 22:16:11 | INFO     | [POOL #00010] 1343 264 1160 2019 2239 2157 603 1527 582 2599 808 2043 201 96 643 381 2573 353 596 2298 2058 835 2056 1753 182 1746 866 1033 2474 1715 1774 1842 2545 2410 2482 1548 1065 929 1199 1834 2281 1893 2265 2603 2401 1177 1205 678 1062 1994 741 498 155 559 415 854 1235 574 730 1312 314 1478 251 79 320 2444 515 1942 736 2183 2592 1807 469 1894 2403 2597 239 1577 1236 1904 782 2168 2554 1031 1952 926 660 1534 2394 46 528 1620 1324 1688 192 1641 933 2445 922 1749 360 997 386 800 423 42 1796 2382 354 2389 657 2571 1514 1013 960 2383 1217 14 2540 2129 2475 1545 44 2322 127 1231 199 751 59 1752 2274 449 2344 2162 1975 167 183 2373 1785 2108 701 566 10 1788 1890 523 2060 1056 576 2087 163 913 899 967 699 1308 1090 509 1769 1482 2178 1863 1883 2446 1723 952 749 2539 2633 1520 579 989 964 2609 1232 337 1134 290 395 2269 1733 2452 || mode=VB method=sk_kmeans solver=filo2 stage=post_ls ls=pyvrp iter=1
2026-03-15 22:16:11 | INFO     | [POOL #00011] 295 776 233 2018 1277 2451 1320 2235 2358 1554 735 1984 1281 238 614 1333 1584 1395 1043 1702 1673 1794 2063 405 1508 1154 1666 349 2313 1880 665 1552 266 1052 131 1089 1212 1729 1189 1356 670 2085 328 2467 1776 499 465 804 342 536 2469 1821 1364 1748 531 2598 1653 694 592 340 1572 20 1823 829 1489 2204 1313 120 949 1492 750 1093 1369 2503 1833 1676 1296 371 2152 774 211 1123 1887 1549 2596 1245 686 781 2629 1457 1394 843 1853 2031 1170 630 2229 2059 1529 425 783 1712 721 197 756 2325 683 942 2490 97 1225 2423 1458 850 2051 1119 651 519 1011 2309 2267 1345 1892 2071 1786 874 117 673 2113 1263 2612 1279 1270 9 1494 343 1861 2207 1606 980 848 1976 2314 1350 823 1383 243 130 102 884 640 1427 832 1736 883 1974 2190 1681 428 1579 55 1436 1016 1188 128 1738 867 2348 || mode=VB method=sk_kmeans solver=filo2 stage=post_ls ls=pyvrp iter=1
2026-03-15 22:16:11 | INFO     | [POOL #00012] 1569 2276 1955 1103 987 1551 1992 896 666 416 1169 1019 738 2079 2337 2197 758 2311 2411 1960 1912 1710 1546 2580 856 175 2489 245 2246 2070 315 684 497 1159 2048 442 294 450 2166 1327 2061 1449 391 345 153 2519 956 722 1770 2316 1513 1597 86 535 1380 1944 1997 16 194 846 2066 2626 1724 1412 2613 925 306 2514 2076 409 2404 2106 2409 972 1926 2122 2581 2428 1751 824 281 1003 1977 2283 958 2557 2307 2393 1 709 667 599 677 1747 1876 2272 1339 1991 833 1610 2052 2193 802 1181 368 739 1182 724 1323 1762 688 1645 514 2384 624 1777 1759 2329 1161 224 2303 805 1023 1051 185 1133 1139 1230 757 803 2488 1289 1157 481 1014 1504 1473 1989 1136 1244 1731 513 2448 2224 36 1872 1727 746 1402 1365 2541 753 2037 2495 1839 1544 557 483 1927 426 1826 1491 1009 1591 156 609 779 1518 2290 2280 2214 1575 78 1808 1454 561 383 || mode=VB method=sk_kmeans solver=filo2 stage=post_ls ls=pyvrp iter=1
2026-03-15 22:16:11 | INFO     | [POOL #00013] 235 2365 321 1439 1713 759 2271 1190 796 293 2553 1155 810 344 1682 1845 2487 467 1360 947 1140 2591 1598 2250 729 90 1441 1537 1080 2462 1694 626 2175 19 1850 24 693 2395 2367 1416 1113 1499 1091 2215 1321 1530 1756 795 223 1668 1538 113 32 2124 1348 861 491 1058 834 1626 927 1221 195 1623 187 1725 794 1557 1561 2600 1806 357 978 904 2067 1359 2020 470 2584 1135 2093 1651 1860 2555 1387 2479 1303 2352 1503 1484 1570 1310 1906 1633 529 2332 2134 355 2116 2321 931 2611 715 2192 115 1692 476 551 1456 2115 2179 732 1896 332 1424 2287 1373 172 1087 2053 517 1613 1337 556 2506 1608 2099 2460 1292 1615 777 2351 939 1624 766 367 2165 1697 716 2194 2590 1612 1695 88 2391 1670 911 897 324 1083 1627 347 1272 981 1318 1430 || mode=VB method=sk_kmeans solver=filo2 stage=post_ls ls=pyvrp iter=1
2026-03-15 22:16:11 | INFO     | [POOL #00014] 520 2454 1325 1728 970 663 2029 2007 1502 2319 703 706 414 1843 1461 2172 1704 2176 1690 1875 2350 889 1466 1750 2308 815 1340 134 77 895 1533 1830 2148 1127 106 133 1149 1832 378 2627 1923 412 443 820 41 191 346 714 1691 1029 230 2138 2396 754 1882 399 302 1891 2040 2223 93 1403 1368 2320 1053 71 487 1483 1375 1207 2127 1519 29 2270 2509 2026 827 1595 1445 1250 1535 585 2458 915 1297 1580 775 1257 2437 403 2471 392 2092 806 807 1148 1202 2372 124 2227 2347 2141 1283 2392 986 2463 595 569 934 1438 586 1667 892 2334 482 2259 1370 1740 68 500 1900 1234 2006 1543 2081 273 2385 1814 2244 228 1137 664 1813 2217 713 323 563 669 879 1057 1924 101 864 2550 161 1636 2146 1741 2189 1274 || mode=VB method=sk_kmeans solver=filo2 stage=post_ls ls=pyvrp iter=1
2026-03-15 22:16:11 | INFO     | [POOL #00015] 261 697 2154 2370 814 198 1700 2173 1075 965 675 1026 1629 2569 636 237 1958 2425 2248 1152 1800 1269 2498 618 1810 765 1335 1428 2120 326 1995 2481 512 1399 1077 1329 1709 689 1200 1775 431 1739 2130 1261 1498 984 364 1452 1411 2252 329 2196 1745 178 316 671 1744 2139 2567 723 289 2084 1708 1664 2142 262 1175 2160 1076 1802 1730 1405 1061 410 27 2062 2387 2131 2617 940 1686 84 676 1382 2074 790 112 1204 2226 1732 2439 679 7 2209 1684 1106 1020 2622 2044 38 1563 2527 1192 2532 1819 318 103 1252 2537 2574 35 1573 1815 634 1185 460 2510 1307 256 672 639 1187 1032 448 2431 2374 1621 1642 762 1755 584 2323 145 1619 1672 1145 454 1156 2033 418 840 1193 2436 886 1363 268 985 524 485 81 2305 547 504 900 1669 1206 1761 608 1121 174 858 2572 1959 433 1914 1108 2408 1008 || mode=VB method=sk_kmeans solver=filo2 stage=post_ls ls=pyvrp iter=1
2026-03-15 22:16:11 | INFO     | [POOL #00016] 494 114 1034 1407 1467 484 1631 2468 2042 725 1929 1622 232 2121 953 2234 1990 600 177 445 541 2279 2289 2465 975 164 1869 616 1419 1953 1824 1838 1602 1353 575 941 977 270 436 605 644 188 1311 906 2528 1342 2621 53 1825 1541 1275 872 2628 100 1928 1855 13 898 2570 607 2050 1228 116 1262 771 1413 2505 1186 1176 136 1280 1130 2524 503 1607 538 1542 2449 2461 2564 158 1276 335 1255 2336 1434 717 577 1215 190 990 737 1596 31 1209 1588 1211 2261 1590 2568 492 2522 2318 2180 2453 244 2237 602 1858 2167 1390 2377 1773 2003 2228 2466 221 52 1355 950 2620 1500 271 1540 2544 141 589 2346 1576 2285 2111 1316 1066 2456 744 176 2583 277 2310 691 1662 18 1226 1797 2440 2589 62 700 910 2595 || mode=VB method=sk_kmeans solver=filo2 stage=post_ls ls=pyvrp iter=1
2026-03-15 22:16:11 | INFO     | [POOL #00017] 868 847 1618 2184 146 1084 1372 656 1036 2547 275 363 206 1698 2114 317 2090 610 398 209 1035 370 137 241 542 1722 2047 1564 1961 2088 1265 2221 1246 380 1646 2232 226 140 1163 1050 2025 2150 493 923 558 720 1298 452 637 1287 1264 1301 2213 132 2429 1440 66 246 2073 2531 54 1487 1063 1780 1790 304 1921 2181 1495 1792 747 1203 248 2299 26 2086 734 1302 202 1024 1793 1201 625 1322 1889 1396 838 390 1068 319 2038 976 92 935 615 1477 903 1059 1446 151 2414 478 453 2560 869 274 56 1476 249 1288 1465 995 463 477 2253 2379 204 2588 1037 2604 2632 434 1611 1934 1939 1763 1071 752 2388 307 2432 2368 2390 1918 2249 286 828 548 430 205 1060 1531 438 1922 1285 540 1701 2430 2587 1637 2535 1587 1734 1643 1983 143 1141 1999 372 2543 1583 2098 1556 2297 2041 2518 2078 1616 || mode=VB method=sk_kmeans solver=filo2 stage=post_ls ls=pyvrp iter=1
2026-03-15 22:16:11 | INFO     | [POOL #00018] 2468 2042 1929 2184 1084 1372 2279 2289 383 1316 2111 2285 2346 1576 141 2544 1454 1808 1982 356 1816 875 2290 1213 994 785 2556 992 1196 1481 426 1826 1491 1927 483 557 1544 488 2623 374 621 1916 1791 1055 1191 2254 1868 1086 865 653 1418 1227 973 1133 1139 185 1051 1023 805 2303 224 1161 2329 1759 1777 773 1656 629 962 1566 1981 2357 1655 2104 1354 1497 549 2415 234 48 2072 2030 2586 23 2169 617 1933 901 925 2076 409 2404 2106 2409 2581 2122 972 1926 281 824 1003 1977 1751 2428 2084 289 723 2567 2139 1744 671 316 178 1261 431 1775 1200 16 846 194 1997 1944 1329 1709 1077 1399 512 326 2481 1995 1449 391 2061 1327 450 294 442 315 2248 2425 1958 237 675 965 1075 738 1169 2064 267 2005 416 666 830 2010 2148 1830 134 77 1340 1551 1103 864 2276 1569 1325 || mode=VB method=sk_ac_min solver=pyvrp stage=post_ls ls=pyvrp iter=2
2026-03-15 22:16:11 | INFO     | [POOL #00019] 725 1618 146 656 1036 2465 975 164 561 589 1500 2620 950 2466 78 1575 2214 501 1588 1596 737 1905 1966 2240 2602 1276 158 2564 2461 2449 1607 771 1413 2505 1186 2386 45 1721 3 576 1056 2060 523 250 2523 572 2247 649 1811 10 2373 1975 167 1577 239 1236 2597 2403 469 1894 183 2108 1785 701 566 1788 1890 2375 1048 2605 2258 1545 44 2322 127 1231 2344 2162 2274 449 199 751 1752 59 2475 2129 2540 14 1217 2383 960 1013 39 2186 1067 2119 1827 659 1803 1879 331 1094 1332 1749 360 997 423 42 1796 2382 2168 782 2554 1904 354 2389 657 2571 1514 2101 2384 514 1645 688 1762 593 2193 1610 833 466 1991 1876 2272 1339 667 599 677 604 2011 1319 1253 2514 306 2613 1412 1724 2626 2066 1513 743 1197 1524 175 856 1614 429 1371 457 2317 346 714 41 1127 815 889 987 1955 970 1728 || mode=VB method=sk_ac_min solver=pyvrp stage=post_ls ls=pyvrp iter=2
2026-03-15 22:16:11 | INFO     | [POOL #00020] 2593 2548 2562 879 2217 664 228 2244 1814 2385 273 1198 1370 385 1923 1029 1630 1950 87 217 1771 214 2337 2197 2407 2398 2140 2569 636 1799 821 760 825 1293 1711 2498 1366 2164 763 327 618 1812 2027 1309 462 2399 1755 762 1642 1621 2374 2431 448 479 2419 1431 1901 1517 1168 148 227 1187 639 672 2103 1267 1859 844 2574 2537 1252 2417 103 2339 1521 1967 76 2360 1251 1897 1505 1716 1334 936 1935 1650 2295 2013 2255 1871 1179 1525 2230 2576 297 1573 35 1815 634 1185 460 2510 1307 256 1032 999 1852 2251 877 2095 1703 2125 1331 1021 2422 365 1286 584 1156 840 1193 2436 886 1363 268 81 2305 2630 547 504 900 1669 1206 1761 174 858 2212 1553 1044 855 1129 550 761 433 1914 1012 708 219 1195 851 2021 1008 464 30 1582 || mode=VB method=sk_ac_min solver=pyvrp stage=post_ls ls=pyvrp iter=2
2026-03-15 22:16:11 | INFO     | [POOL #00021] 697 166 2154 1259 107 2262 944 533 2370 184 2278 2499 581 1085 58 338 2273 2585 2473 1098 2233 2242 245 684 497 1159 2048 345 153 2519 1597 86 535 1380 689 1745 2196 329 1708 1664 2283 958 2557 2307 2393 1 709 1747 1101 505 739 1182 724 2617 2131 2387 2062 27 410 1686 940 84 676 1382 1732 2439 679 7 655 918 1647 1070 75 506 2445 933 922 1641 1324 1620 528 1534 660 2394 46 1688 192 1433 938 1338 1948 755 2441 521 1581 259 2045 2565 518 1684 2209 1106 1020 2622 2044 38 1563 2527 1192 2532 1061 1405 1730 1802 1076 2160 2142 262 1175 1819 318 598 364 1452 1411 2252 984 1498 2130 1739 2301 1351 313 646 983 916 2120 1428 1335 765 1810 2166 1269 1800 1152 2070 2246 2489 2580 1912 1960 2311 2457 1714 2354 2225 2330 1174 1911 880 1625 1533 895 896 1992 1843 || mode=VB method=sk_ac_min solver=pyvrp stage=post_ls ls=pyvrp iter=2
2026-03-15 22:16:11 | INFO     | [POOL #00022] 1648 623 700 1358 1039 2236 1112 1415 2141 1283 2392 2227 892 1667 2334 1936 827 1595 1429 2353 2263 300 882 1565 726 2220 2077 1719 1518 1131 2470 503 2524 1130 1280 136 1176 495 2447 2083 1282 1238 2069 1844 257 1314 1635 1468 2363 490 33 2538 1216 276 1229 2132 1964 108 2288 1877 278 60 105 2521 1993 67 2566 2343 988 2035 624 308 186 2216 1464 613 377 516 590 991 552 339 2052 802 368 1181 1323 2074 790 112 1204 2226 1299 386 800 1952 1031 1942 515 2444 320 251 79 1807 2592 2183 736 926 2603 2265 1893 678 1062 730 1312 314 1478 1177 2401 1205 2281 1834 1199 2410 2545 2482 1842 1774 741 1994 574 1235 854 415 559 155 498 1715 2474 1033 1291 1737 1678 1940 866 1746 182 1753 2056 2298 2058 835 253 1679 2089 768 816 1941 1421 1451 70 96 201 2043 808 1527 1817 603 731 2156 2157 907 1258 424 1397 711 1848 1343 || mode=VB method=sk_ac_min solver=pyvrp stage=post_ls ls=pyvrp iter=2
2026-03-15 22:16:11 | INFO     | [POOL #00023] 1988 554 1025 303 1766 1782 467 1360 947 1140 1041 413 2624 2046 1888 109 2312 2484 1895 1064 662 1423 1867 1164 1787 1601 411 859 1078 1143 189 2219 1240 2107 1836 890 2284 1720 1654 366 1361 43 447 25 1151 1218 1558 1849 1707 1401 110 1172 422 263 1120 2342 180 2245 420 2563 95 2094 631 1561 1557 794 1725 187 1623 1373 517 1613 1337 556 2506 2099 2460 1608 1530 1756 223 795 1668 1538 113 32 2124 1348 861 491 1058 834 1626 927 1221 195 172 1087 2053 332 1896 732 2179 1692 1384 225 620 1292 1615 777 2351 939 1624 766 367 2194 716 2165 1697 312 2068 1757 473 2282 690 2143 2002 778 1840 28 1300 1638 543 1150 2012 1509 809 2601 2578 220 2500 2590 1612 88 1695 2391 911 1670 2413 1878 1899 471 1104 160 801 870 || mode=VB method=sk_ac_min solver=pyvrp stage=post_ls ls=pyvrp iter=2
2026-03-15 22:16:11 | INFO     | [POOL #00024] 520 2454 1409 2028 2405 2502 663 2029 2007 1502 2319 703 713 1447 669 563 1486 1042 2607 2427 1835 534 2149 2102 986 2463 595 569 934 586 1438 1471 482 2259 2223 2040 1891 302 399 1882 754 334 1128 622 1248 1828 955 1472 1886 2009 873 2174 779 609 156 1591 1009 299 921 571 126 2241 1600 2507 2551 1038 539 2222 1658 909 1166 1241 860 2396 2138 230 1691 412 820 443 2627 378 1832 68 1740 500 1900 1234 2006 1543 2308 1750 1466 2350 1875 1690 2176 1704 94 49 905 1249 2378 1410 2172 1461 414 706 1057 1924 101 2550 161 1636 2146 1274 || mode=VB method=sk_ac_min solver=pyvrp stage=post_ls ls=pyvrp iter=2
2026-03-15 22:16:11 | INFO     | [POOL #00025] 2376 1957 1717 797 2443 681 203 1680 64 1469 144 1726 1268 1069 1559 1455 1804 1018 1663 2552 979 2268 954 213 2182 2476 2205 792 258 1599 966 628 2170 1795 799 369 1118 1493 82 1898 1260 1685 2361 489 1809 1341 1138 2315 1484 1570 1310 1906 1503 2352 1303 2479 1387 2555 1860 1651 2093 1135 2584 470 2020 1359 2067 904 978 357 1806 2600 2287 1424 2115 1456 551 476 715 2192 115 382 207 1951 2105 2055 1408 2455 400 2478 982 1027 142 2477 772 2328 930 1501 1005 1224 1937 842 2366 2497 2206 502 2362 11 2293 1765 1555 2606 948 2611 931 355 2332 529 1633 2134 2116 2321 1474 1081 857 1884 408 2511 780 687 1586 1239 839 1273 1574 1015 767 1949 2292 2345 2257 441 69 1096 216 632 1985 601 1968 748 1171 168 1379 1100 1030 || mode=VB method=sk_ac_min solver=pyvrp stage=post_ls ls=pyvrp iter=2
2026-03-15 22:16:11 | INFO     | [POOL #00026] 1779 2480 862 2433 91 1357 236 1426 568 264 1768 2517 2019 2239 2110 583 1593 1910 1909 6 379 1398 837 1820 2577 1214 388 668 784 407 787 2625 1510 2558 387 1290 376 902 1480 1160 179 1917 871 2359 1841 2408 210 1865 406 1385 34 1107 121 1391 1969 352 507 1603 2286 1097 51 1706 1153 2365 321 1439 1713 1850 24 693 2395 2367 1416 1113 1499 1091 2215 1321 698 2483 2024 2175 19 626 1694 1080 2462 1537 1441 90 729 2250 1598 2591 2487 1845 1682 344 674 810 1155 2553 293 796 1190 2271 759 1083 324 897 1627 347 1272 981 1318 1430 235 2294 1965 || mode=VB method=sk_ac_min solver=pyvrp stage=post_ls ls=pyvrp iter=2
2026-03-15 22:16:11 | INFO     | [POOL #00027] 1425 323 1813 1137 2081 106 133 1149 191 1870 15 1378 2426 1019 814 198 1700 2173 2079 758 2411 1026 1629 1710 1546 1132 298 2356 2211 311 173 2513 1839 2080 2238 2349 12 2495 2037 753 2541 1365 591 1956 1002 1417 2082 1402 746 1727 1872 36 2224 1473 2448 1136 1989 1014 1504 1157 481 1289 2488 803 757 1230 1536 1854 961 240 2333 1178 2123 1671 745 822 1453 280 606 1184 1444 1507 704 104 685 1305 1683 951 265 2008 1781 229 65 963 2039 580 1754 2275 2485 2316 722 956 1770 260 917 680 231 2218 1422 2065 181 928 1978 876 578 135 1244 513 1731 648 537 1278 1420 573 2034 791 1142 1846 1110 373 2112 705 1490 1693 1866 1180 525 2515 553 1126 733 1414 692 2338 72 710 1562 2171 2530 2201 1805 1116 2158 1640 487 71 1519 29 2026 1535 403 124 2372 2347 1222 2310 691 1662 1079 1095 || mode=VB method=sk_ac_min solver=pyvrp stage=post_ls ls=pyvrp iter=2
2026-03-15 22:16:11 | INFO     | [POOL #00028] 1920 2491 295 867 776 233 2018 1188 1277 2451 1158 1124 118 510 1987 5 836 2266 2492 358 2610 2135 421 946 1330 682 2032 2015 287 658 159 1470 1336 402 427 1406 2155 2536 1386 359 2533 1028 1349 614 238 1281 428 1404 1930 1475 522 1306 813 80 1592 1117 122 310 924 1587 2535 1637 2587 2430 1701 540 1285 1922 720 1298 1928 1301 1264 1287 548 828 205 430 637 452 1060 438 1531 1970 937 2147 1585 1162 2402 2151 396 728 444 333 2397 1074 2117 2406 2091 2004 2420 587 1141 542 241 137 370 1035 209 1999 2090 317 2114 290 1583 2098 1556 2269 395 1733 2452 232 2121 953 1622 847 868 484 1467 1407 1034 114 || mode=VB method=sk_ac_min solver=pyvrp stage=post_ls ls=pyvrp iter=2
2026-03-15 22:16:11 | INFO     | [POOL #00029] 2189 1741 1046 348 560 1099 2440 2234 1990 600 177 445 541 1066 2456 508 2435 807 1148 1202 806 392 2471 2437 915 2458 585 1250 1445 1547 93 1403 1368 2320 1053 2270 2509 1932 1659 1297 1580 775 1257 2092 2118 642 361 2022 401 1450 2369 2127 1375 1483 1207 2300 1567 654 1512 1972 212 1837 474 1856 2280 849 990 190 1215 1255 335 2446 1723 952 749 2539 2633 1520 644 188 1311 605 436 602 2237 244 2453 2180 2318 2522 492 2568 1590 2261 1211 1209 31 577 717 2336 1434 579 989 964 2609 1858 2167 1390 2377 1773 2003 2228 271 1540 2516 1661 633 2340 341 2549 1857 123 1376 744 176 2583 215 475 1367 277 1226 18 1797 2589 62 910 2595 || mode=VB method=sk_ac_min solver=pyvrp stage=post_ls ls=pyvrp iter=2
2026-03-15 22:16:11 | INFO     | [POOL #00030] 769 1388 1437 432 544 486 2208 996 612 546 2075 1881 1460 565 998 1344 2525 1984 1333 1584 1395 1702 1673 832 252 279 1675 350 1266 894 291 2109 1696 1516 1105 1183 2161 1979 2631 384 1315 440 920 480 863 1778 375 511 2618 196 2260 1760 2326 969 635 2243 472 1925 1362 446 2324 1010 1571 2546 125 2423 1458 1225 97 1823 20 829 2204 1093 1369 197 2490 942 322 1589 2306 1054 555 50 254 1389 1532 57 1907 1604 2198 2614 2200 4 162 2418 351 99 2355 1284 1657 2191 1998 2364 1485 2501 9 1270 786 1902 562 817 1279 2612 2113 1263 673 804 465 499 1776 2467 328 2085 670 1356 1189 1729 1212 1089 131 1052 266 1552 665 1880 2313 349 1508 1154 1666 1146 296 819 1847 63 812 1798 1114 1043 1736 883 1974 2190 1681 1579 55 1436 1219 288 2412 21 1772 || mode=VB method=sk_ac_min solver=pyvrp stage=post_ls ls=pyvrp iter=2
2026-03-15 22:16:11 | INFO     | [POOL #00031] 2348 1738 128 1320 2235 2358 1554 735 1528 932 1072 1111 1242 2302 1794 2063 405 130 243 1383 823 1350 2314 1976 848 980 1606 2207 1861 343 1494 1479 2036 2185 1004 1254 2400 1400 770 2508 2371 1742 2136 1247 650 1617 2202 1786 874 117 342 536 2469 2071 1892 1345 2309 1011 2051 850 1119 651 519 2267 1364 1748 1821 531 2598 1653 694 592 340 1572 1489 1313 120 949 1492 750 2503 1833 1676 1296 1457 1394 843 721 756 2325 683 242 2575 2137 1529 845 1243 2277 1687 588 638 2615 152 1040 1767 37 2304 193 943 718 567 1962 2520 98 1986 336 789 1459 1550 1006 269 2529 169 389 2416 652 1908 2496 459 1971 707 1764 878 272 1392 526 619 1374 139 1735 2579 740 1167 2017 1689 727 788 1718 255 1851 1539 1000 884 102 640 1831 292 73 1427 1210 914 1639 712 2203 1963 1016 || mode=VB method=sk_ac_min solver=pyvrp stage=post_ls ls=pyvrp iter=2
2026-03-15 22:16:11 | INFO     | [POOL #00032] 494 1631 1616 2078 2518 2041 2297 275 2547 363 206 1698 1134 1869 616 52 1355 221 337 1232 575 941 1353 977 270 1564 1961 2088 906 2528 1342 2621 53 1825 1883 1863 2178 1482 1542 538 1769 509 116 1262 1090 1308 699 967 899 913 163 2087 2299 26 2086 734 248 1203 747 1495 1792 1302 202 1024 1793 1201 625 1322 1889 1396 838 390 1068 319 2038 976 92 935 615 1477 1887 1549 2152 371 774 211 1123 2596 1245 686 781 2629 1853 1712 783 425 2059 2229 630 1170 2031 1073 154 1946 1919 2472 1609 1801 2177 2145 1743 1784 2296 362 397 451 404 891 208 1304 1943 2126 1652 1506 841 111 83 1088 1463 2504 285 1660 150 742 1443 888 1194 1789 2231 2049 1980 885 798 2133 1144 2199 1699 1377 1220 887 1931 2424 1237 2 1496 627 611 2187 2335 1915 826 17 2594 || mode=VB method=sk_ac_min solver=pyvrp stage=post_ls ls=pyvrp iter=2
2026-03-15 22:16:11 | INFO     | [POOL #00033] 957 1864 919 993 1665 393 2494 2264 1913 1045 2559 2543 372 610 398 1419 1953 1824 1838 1602 2047 1722 143 1983 1643 1734 1265 2221 1246 380 1646 2232 226 140 1163 1275 1541 872 2025 2150 1050 493 558 923 2628 100 1228 2050 607 898 1855 13 2570 66 246 2073 2531 54 1487 1063 1780 1790 304 1921 2181 1611 434 2632 249 1476 56 274 869 2560 1059 903 1446 151 453 478 2414 959 594 1001 1256 2341 1578 1515 545 645 2331 147 218 2390 2368 2432 307 2429 2213 132 1440 2388 752 1071 1763 1934 1939 2604 1288 1465 995 463 477 2253 2379 204 1037 2588 1208 1317 2450 1674 439 1488 157 811 171 138 1918 2249 286 1049 2057 2380 1829 2256 661 570 394 1442 165 647 1381 330 2464 1996 971 719 1874 1223 2128 1526 22 170 2512 1115 305 435 1047 1822 793 2526 532 129 1705 1233 || mode=VB method=sk_ac_min solver=pyvrp stage=post_ls ls=pyvrp iter=2
2026-03-15 22:16:11 | INFO     | [POOL #00034] 261 1448 455 1108 2000 2542 1758 1122 527 1435 1973 908 2434 1125 2459 582 2599 643 381 2573 353 596 283 437 2493 468 2210 641 485 985 418 454 145 1619 1672 461 1347 282 2421 325 1326 974 893 852 1523 945 831 853 1548 1065 929 419 2195 222 1634 1017 309 2144 564 2486 2096 695 1954 1295 1677 1818 530 8 912 2619 1092 458 1945 2561 1632 2016 2582 1560 1294 74 1522 2023 1109 2100 200 1007 2442 1594 284 417 1432 2327 2438 61 1145 1082 301 1568 1511 85 1462 1903 702 1938 818 40 1393 968 247 2153 764 1885 89 1346 2323 2033 524 2188 149 1352 2097 2054 1783 2163 1173 608 1121 881 696 1605 1102 1022 2616 2572 1959 2159 1271 1165 1873 1328 1628 2381 456 1649 2001 1147 1644 2014 1947 2534 47 597 2291 119 496 2608 1862 || mode=VB method=sk_ac_min solver=pyvrp stage=post_ls ls=pyvrp iter=2
2026-03-15 22:16:11 | INFO     | [POOL #00035] 1920 2491 295 544 776 233 2018 1277 2451 1320 2235 2358 1554 735 1984 1281 238 614 1333 1584 1974 883 1639 914 1210 252 279 1675 2424 1931 887 1220 1377 1699 1696 1516 2199 1105 1183 2161 1979 2631 384 440 1315 139 1735 740 2579 1004 1254 2400 1400 770 1485 2364 1998 2371 1247 650 2136 1742 2191 1284 1657 2355 99 351 2418 162 4 2200 2614 2198 1010 2324 446 1362 1925 472 254 1389 50 555 1571 2546 125 2423 1225 97 1823 20 1458 850 2051 1119 651 519 1011 2309 1345 2267 1364 1748 1821 2071 1892 1786 874 2202 1617 2113 1263 2612 1279 817 562 1902 786 1270 9 1494 343 1861 2207 1606 980 848 1976 2314 1350 823 1383 243 130 102 884 640 1673 1702 1395 1043 1114 1798 1072 932 1349 1528 2525 1344 998 565 1460 1881 1158 612 996 2208 486 432 1437 1388 || mode=RB method=sk_ac_complete solver=filo2 stage=post_ls ls=pyvrp iter=3
2026-03-15 22:16:11 | INFO     | [POOL #00036] 919 993 1045 1115 2512 2559 170 22 80 1141 143 1983 1643 1734 1587 2535 1637 2587 2430 1701 540 1285 1922 438 1531 1970 937 2147 1585 2380 2057 1049 1660 285 2504 1463 1088 218 138 171 811 157 1488 439 752 1071 1763 1939 1934 1611 434 2632 2604 1037 2588 204 2379 2253 477 463 995 1465 1288 249 1476 56 274 869 2560 453 478 2414 151 1446 1059 903 1477 615 935 92 976 2038 319 1068 390 838 1396 1889 1322 625 1201 1793 1024 202 1302 734 2086 26 2299 248 1203 747 1792 1495 2181 1921 304 1790 1780 1063 1487 54 2531 2073 246 2388 307 2432 2368 2390 1918 2249 286 828 548 430 205 1060 452 1298 720 558 923 493 2150 2025 1050 1163 140 226 2232 1646 380 1246 2221 1265 2088 1961 1564 2047 1722 542 241 137 1999 372 2543 1583 2098 1556 1913 2264 393 1233 || mode=RB method=sk_ac_complete solver=filo2 stage=post_ls ls=pyvrp iter=3
2026-03-15 22:16:11 | INFO     | [POOL #00037] 520 2454 1325 1728 970 663 2029 2007 1502 2319 703 706 1103 987 2217 1813 664 1137 228 2244 1814 2385 2081 273 2463 986 595 569 934 1438 586 1667 2334 892 403 2471 2437 392 806 2092 1257 775 1580 1297 915 2458 585 1535 1250 1445 1595 827 2026 2509 2270 1053 29 1519 71 487 1483 1375 1207 2127 2369 1450 1932 1659 361 2022 2516 633 2340 642 2118 341 2549 123 1376 508 2435 807 1148 1202 2372 124 2227 2392 1283 2141 2347 215 1222 1367 475 1415 534 1835 2427 2607 1042 1486 2310 691 1662 1226 18 1112 2236 1039 323 563 669 713 879 1057 1924 101 864 2550 161 1636 2146 1741 2189 1274 || mode=RB method=sk_ac_complete solver=filo2 stage=post_ls ls=pyvrp iter=3
2026-03-15 22:16:11 | INFO     | [POOL #00038] 1772 2594 17 826 21 2412 288 1219 2203 1404 712 1930 1475 1496 2 1237 350 1266 719 971 894 291 2109 1996 2464 330 1381 647 165 1442 1144 2133 798 885 661 1980 920 480 863 2049 2231 1789 1778 375 511 2618 196 1392 272 878 1764 707 1971 459 2496 1908 652 389 2416 169 1006 336 789 1459 1550 152 2615 638 588 1687 2277 845 1243 1801 1609 1073 154 1946 1919 2472 1784 1743 2177 2145 362 2296 959 594 1001 1256 2341 1208 1317 2450 1674 1515 1578 397 451 404 891 208 1304 1943 2126 545 645 2331 147 1506 841 1652 111 83 269 2529 1443 888 1194 742 150 2256 1829 1162 2402 2151 396 728 570 444 333 2397 394 1074 2117 2406 2091 2004 2420 924 310 587 122 1592 1117 1874 1223 2128 1526 813 1306 627 522 611 305 435 1047 1822 793 2187 2526 532 2335 129 1705 1915 1864 || mode=RB method=sk_ac_complete solver=filo2 stage=post_ls ls=pyvrp iter=3
2026-03-15 22:16:11 | INFO     | [POOL #00039] 1648 623 1095 2593 2548 1046 348 1358 560 1079 1099 2589 2440 1797 953 232 2121 2234 1990 600 277 176 744 2456 1066 1316 2111 2285 1576 2346 589 141 2544 1500 2620 950 271 1540 1454 1982 654 1567 2300 1512 356 1816 1972 212 1837 875 474 1856 1640 2158 726 2220 2077 1805 2009 873 921 571 126 2241 1886 1472 1658 955 1828 1248 909 1630 1166 1241 860 334 1128 622 754 1882 1891 302 399 2320 1368 1403 93 2040 2223 482 2259 1370 1740 68 500 1900 1234 2006 1543 815 2308 1750 1466 889 2350 1875 1690 2176 1704 2172 1461 107 1259 166 2021 1841 2359 455 464 1448 2502 2405 2028 30 1409 1582 || mode=RB method=sk_ac_complete solver=filo2 stage=post_ls ls=pyvrp iter=3
2026-03-15 22:16:11 | INFO     | [POOL #00040] 2294 235 2365 1153 1706 1439 2553 1155 810 674 2487 1845 344 1682 293 796 1190 2271 759 1713 24 1850 693 2367 2395 1113 1499 1091 2215 1321 1530 1756 795 223 1668 1538 1058 491 861 113 32 2124 1348 1849 1707 1401 2094 631 95 2563 420 2245 180 2342 1120 110 1172 263 422 189 2219 1240 2107 1836 1143 1720 1654 2484 1895 2284 890 1078 859 411 1601 1787 1164 1867 1423 662 1064 2046 2624 1888 109 2312 366 1361 43 447 25 1151 1558 1218 698 2483 2024 2175 19 626 1694 1080 2462 1537 1441 90 729 2250 1598 2591 413 1041 1140 947 1360 467 1782 1766 303 1025 554 1603 1988 2286 1097 51 1965 || mode=RB method=sk_ac_complete solver=filo2 stage=post_ls ls=pyvrp iter=3
2026-03-15 22:16:11 | INFO     | [POOL #00041] 2348 867 1738 128 1188 1016 1436 1963 55 1579 428 1681 2190 1736 832 1427 73 292 1831 1000 1539 1851 255 1718 788 727 1689 2017 1167 1479 2036 2185 2501 2508 1374 619 526 2260 1760 2326 969 635 2243 1907 1604 57 1532 1986 98 2520 1962 567 718 943 193 2304 1040 2137 2575 242 1767 37 322 1589 2306 1054 942 2490 683 2325 756 197 721 1712 783 425 1529 2059 2229 630 1170 2031 1853 843 1394 1457 2629 781 686 1245 2596 1549 1887 1123 211 774 371 2152 1296 1676 1833 2503 1369 1093 750 1492 949 120 1313 2204 1489 829 1572 340 592 694 1653 531 2598 2469 536 342 117 673 804 465 499 1776 2467 328 2085 670 1356 1189 1729 1212 1089 131 1052 266 1552 665 1880 2313 349 1666 1154 1508 405 2063 1794 2302 1242 1111 296 1146 819 1847 63 812 946 421 118 1124 2075 546 64 1680 || mode=RB method=sk_ac_complete solver=filo2 stage=post_ls ls=pyvrp iter=3
2026-03-15 22:16:11 | INFO     | [POOL #00042] 1862 1779 507 352 2433 91 1357 236 1426 568 1480 902 376 1290 387 2558 1510 2625 787 407 784 668 388 1214 2577 1820 837 1398 379 6 1909 1910 1593 583 2110 2156 1435 527 1649 1122 456 1758 2381 1628 1328 1873 908 1022 1102 2616 1165 1271 2159 433 2278 2499 581 1085 550 1129 58 338 2064 2330 267 2005 191 1870 2225 1378 2426 1714 2354 15 217 1771 214 2457 2507 1600 2551 1038 539 1950 87 2317 346 714 41 1691 1029 2396 230 412 1923 443 820 2627 378 1832 1149 133 106 1127 1830 134 1340 77 895 1533 1625 880 1911 2010 830 1174 184 905 1249 49 94 1410 2378 2262 944 708 219 2542 1195 2000 1865 406 210 1385 2014 1947 2534 47 1397 179 597 1917 711 1848 1969 2291 119 496 2608 862 2480 || mode=RB method=sk_ac_complete solver=filo2 stage=post_ls ls=pyvrp iter=3
2026-03-15 22:16:11 | INFO     | [POOL #00043] 1030 1100 1379 2578 2601 809 220 2500 1509 2012 1150 1968 601 1985 543 1638 1300 28 1840 2002 778 982 1027 2478 400 2455 1408 2055 2105 1951 207 382 948 2606 115 2192 715 2611 931 2321 2116 355 2134 2332 529 1633 1906 2479 1387 2555 1651 1860 1303 2352 1503 1310 1570 1484 2315 1138 1341 1809 489 2361 1685 1260 1898 82 1493 1118 1470 1336 402 427 1406 2155 287 2015 2032 682 1330 2536 1386 359 2533 1028 2135 2610 358 836 2266 2492 658 159 369 799 1795 2170 1987 5 510 628 966 1599 258 792 2205 1015 767 1574 1884 857 1081 1474 408 2511 839 1273 1239 780 687 1586 1455 1559 1069 1804 1018 1663 441 2257 2552 979 2345 2292 1949 1268 2476 1469 144 1726 2182 2268 954 213 1096 69 216 632 748 1171 168 797 2443 203 681 1717 1957 2376 769 || mode=RB method=sk_ac_complete solver=filo2 stage=post_ls ls=pyvrp iter=3
2026-03-15 22:16:11 | INFO     | [POOL #00044] 1430 1318 321 1627 897 1083 324 1416 766 1624 367 939 2351 777 1615 1292 2460 2099 1608 2506 556 1337 834 1626 927 1221 195 1623 187 1725 794 1557 1561 2600 1806 357 978 2067 904 470 2584 1135 2093 2020 1359 2115 1424 2287 1373 172 1613 517 1087 2053 332 1896 732 2179 1456 551 476 1692 1384 225 620 2497 2206 502 1555 1765 2293 11 142 2362 2477 772 2328 930 1501 1005 1224 2366 842 1937 690 2143 2282 473 1757 2068 312 1697 2165 716 2194 2590 1612 1695 88 2391 911 1670 347 1272 981 1899 2413 1878 471 1104 160 801 870 || mode=RB method=sk_ac_complete solver=filo2 stage=post_ls ls=pyvrp iter=3
2026-03-15 22:16:11 | INFO     | [POOL #00045] 957 494 114 1034 1407 1467 1665 484 1631 1616 868 2078 2518 2041 2297 275 1036 2547 363 206 1698 2114 317 2090 610 398 209 1035 370 1824 1838 1602 1353 941 575 977 270 436 605 644 188 1311 906 2528 1342 2621 53 1825 1541 1275 872 2628 100 1928 637 1287 1264 1301 2213 132 2429 1440 66 2570 13 1855 898 607 2050 1228 116 1262 771 1413 2505 1186 1176 136 1280 1130 2524 503 1607 538 1542 2449 2461 2564 158 1276 335 1255 2336 1434 717 577 1215 190 990 737 1596 31 1209 1588 1211 2261 1590 2568 492 2522 2318 2180 2453 244 2237 602 1858 2167 1390 2377 1773 2003 2228 2466 221 1355 52 1953 1419 616 1869 164 975 2465 2289 2279 541 177 445 1372 656 1084 146 2184 1618 1622 847 725 2042 2468 700 910 2595 || mode=RB method=sk_ac_complete solver=filo2 stage=post_ls ls=pyvrp iter=3
2026-03-15 22:16:11 | INFO     | [POOL #00046] 1569 2276 1955 414 1843 1551 1992 896 2148 666 416 1169 1019 738 2079 2337 2197 758 2311 2411 1960 1912 1710 1546 2580 856 175 2489 245 2246 2070 315 1152 1269 1800 294 442 2048 1159 153 345 391 1449 2061 1335 1428 2120 326 1995 2481 512 1399 1077 1329 1709 689 1200 1775 431 1739 2130 1261 178 1745 316 671 1744 2139 2567 723 2076 409 2404 2106 2409 289 2084 2428 2581 2122 972 1926 281 824 1751 1003 1977 2283 958 2557 2307 2393 1 709 667 599 677 604 2011 2169 1319 1253 617 2514 306 925 901 1933 229 65 963 2613 1412 1724 2626 2039 580 1754 2275 2485 2066 846 194 16 1997 1944 1380 535 86 1597 1513 2519 956 722 2316 1770 260 917 743 1197 1524 497 684 553 1126 2211 2356 298 1132 2140 1614 2407 2398 429 1371 457 2222 2138 385 1198 2149 1447 2562 1425 || mode=RB method=sk_ac_complete solver=filo2 stage=post_ls ls=pyvrp iter=3
2026-03-15 22:16:11 | INFO     | [POOL #00047] 264 1160 2019 2239 2157 603 1527 582 2599 808 2043 201 96 643 381 2573 353 596 2298 2058 835 2056 1753 182 1746 866 1940 1291 1678 1737 852 1523 945 853 831 1033 2474 1715 1774 1842 2545 2410 2482 1548 1065 929 1199 1834 2281 1893 2265 2603 2401 1177 1205 678 1062 1994 741 498 155 559 415 854 1235 574 730 1312 314 1478 251 320 2444 515 79 1807 2592 2183 736 1942 1031 2554 1904 782 2168 1952 926 660 1534 2394 46 528 1620 1688 192 1641 1324 922 933 2445 506 1948 755 2441 2096 1954 695 2486 564 1634 2144 1017 309 1338 938 1433 419 2195 222 1295 1677 1818 530 8 912 2619 458 1092 893 974 1326 325 2421 1945 282 1522 74 1294 2561 1632 2016 2582 1560 2089 768 1679 253 70 283 437 2493 468 2210 149 1352 2097 2054 1783 2459 1125 1817 731 907 1147 1644 1258 424 2517 1768 1343 || mode=RB method=sk_ac_complete solver=filo2 stage=post_ls ls=pyvrp iter=3
2026-03-15 22:16:11 | INFO     | [POOL #00048] 697 2154 2370 814 198 1700 2173 1075 965 675 1026 1629 2569 636 237 1958 2425 2248 2498 618 2166 450 1327 1810 765 1309 462 2399 916 983 2419 646 479 1431 313 1351 2301 1901 1517 1168 148 227 598 364 1452 1411 2252 984 1498 329 2196 1708 1664 2142 262 1175 2532 2160 1076 1802 1730 1405 1061 1339 2272 1876 1747 1101 505 339 466 1991 833 1610 2052 802 2193 593 613 552 991 590 516 377 2357 1655 2104 1354 1497 549 2415 234 48 2072 2030 23 2586 1683 1305 685 104 704 1184 1507 1444 240 961 1854 1536 1671 2333 1178 2123 606 280 1453 822 745 135 578 876 951 265 2008 1781 1978 928 181 2065 1422 2218 231 680 573 2034 791 1142 1846 1110 373 2112 705 1490 1693 1866 1180 525 2515 311 733 1414 692 2338 72 710 1562 2171 2530 299 2174 2201 1719 1116 1565 882 300 2263 2353 1429 1547 1936 1471 2102 || mode=RB method=sk_ac_complete solver=filo2 stage=post_ls ls=pyvrp iter=3
2026-03-15 22:16:11 | INFO     | [POOL #00049] 2583 1857 1661 401 501 849 1905 1966 2240 2602 1213 1131 2470 994 785 2556 992 1481 1196 495 2447 2083 488 1282 1238 1844 2069 2386 45 1721 3 1314 257 2623 2541 1365 1402 746 1916 374 621 1635 1868 1191 1055 1791 2254 1086 865 653 1227 1418 1216 2538 33 490 2363 1468 250 2523 572 2247 649 1811 1048 2375 276 2605 2258 1229 2132 973 1964 108 2288 1877 278 60 105 2521 2329 1759 1777 1993 67 2566 2343 988 2035 624 2384 514 1645 2101 1067 2186 39 2119 1827 659 1803 1299 1879 331 2226 1204 112 790 2074 1382 1732 2439 679 7 2209 1684 1106 1020 2622 76 2360 1967 1521 2339 1252 2537 2574 844 1859 1267 2103 672 639 1187 1032 448 2431 2374 1621 1642 762 1755 584 2027 1812 327 763 2164 1366 1711 1293 825 760 821 1799 2242 2233 1098 1206 2473 2585 2273 2212 1553 1044 855 761 1012 533 261 || mode=RB method=sk_ac_complete solver=filo2 stage=post_ls ls=pyvrp iter=3
2026-03-15 22:16:11 | INFO     | [POOL #00050] 1391 871 121 1107 34 2001 1973 2434 1605 696 881 1173 2163 2630 641 2188 1594 2442 1007 1421 1451 1941 816 2100 200 1432 417 284 2327 2438 61 1145 145 1619 1672 1109 461 2023 1347 1082 301 1511 1568 89 1885 764 85 1462 1903 702 1938 818 1815 634 460 2510 1307 256 2417 103 318 1819 2527 1192 1563 38 2044 410 27 2062 1686 940 84 676 2617 2131 2387 1182 739 368 1181 724 1323 1762 688 1464 2216 186 308 962 1981 1566 1656 629 773 1161 224 2303 805 1023 1051 185 1133 1139 1230 757 803 2488 1289 1157 481 1014 1504 1473 1727 1872 36 2224 2448 1989 1136 1244 513 1731 1278 1420 537 648 1417 2082 1002 1956 591 753 2037 2495 12 2349 2238 2080 173 2513 1839 1544 557 483 1927 426 1826 1491 1009 1591 156 609 779 1518 2290 2280 2214 1575 78 1808 561 383 1929 62 || mode=RB method=sk_ac_complete solver=filo2 stage=post_ls ls=pyvrp iter=3
2026-03-15 22:16:11 | INFO     | [POOL #00051] 1008 2408 851 1108 1914 1959 2572 858 174 1121 608 1761 1669 900 504 547 2305 81 485 524 985 268 1363 886 2436 1193 840 418 2033 1156 454 2323 1286 365 1346 2422 1021 1331 2125 1703 2095 877 2251 999 1852 247 2153 968 1393 40 1185 35 1573 297 2576 2230 1525 1179 1871 2255 2013 2295 1650 1935 936 1334 1716 1505 1897 1251 518 521 1581 2565 2045 259 75 1070 655 918 1647 1094 1332 1749 360 997 386 800 423 42 1796 2382 354 2389 657 2571 1514 1013 960 2383 1217 14 2540 2129 2475 1545 44 2322 127 1231 199 751 59 1752 2274 449 2344 2162 1975 167 1577 239 1236 2597 2403 469 1894 183 2373 1785 2108 701 566 10 1788 1890 523 2060 1056 576 2087 163 913 899 967 699 1308 1090 509 1769 1482 2178 1863 1883 2446 1723 952 749 2539 2633 1520 579 989 964 2609 1232 337 1134 290 395 2269 1733 2452 2494 || mode=RB method=sk_ac_complete solver=filo2 stage=post_ls ls=pyvrp iter=3
2026-03-15 22:16:11 | INFO     | [POOL #00052] 1648 623 1095 2593 2548 1046 348 1358 560 1079 1099 2589 2440 1797 953 232 2121 2234 1990 600 277 176 744 2456 1066 1316 2111 2285 1576 2346 589 141 2544 1500 2620 950 271 1540 1454 1982 654 1567 2300 1512 356 1816 1972 212 1837 875 474 1856 1640 2158 726 2220 2077 1805 2009 873 921 571 126 2241 1886 1472 1658 955 1828 1248 622 1128 334 860 1241 1166 909 1630 1950 87 2317 539 1038 2551 1600 2507 2457 214 1771 217 15 2354 1714 2426 1378 1870 2225 2064 2330 267 2005 191 346 714 41 1691 1029 2396 230 412 1923 443 820 2627 378 1832 1149 133 106 1127 1830 905 1249 49 94 1410 2378 2262 210 1385 2014 1947 2534 47 1397 179 597 1917 711 1848 1969 2291 119 496 2608 862 2480 || mode=RB method=sk_kmeans solver=pyvrp stage=post_ls ls=pyvrp iter=4
2026-03-15 22:16:11 | INFO     | [POOL #00053] 1862 1779 507 352 2433 91 1357 236 1426 568 1480 902 376 1290 387 2558 1510 2625 787 407 784 668 388 1214 2577 1820 837 1398 379 6 1909 1910 1593 583 2110 2156 1435 527 1122 1649 406 1865 2000 1195 944 708 219 2542 1758 456 2381 1628 1328 1873 908 1022 1102 2616 1165 1271 2159 433 761 550 1129 58 338 1085 581 2499 2278 184 1174 830 2010 1911 880 1625 1533 895 77 134 1340 815 2308 1750 1466 889 2350 1875 1690 2176 1704 2172 1461 107 166 2021 1841 2359 455 464 1448 2502 2405 2028 30 1409 1582 || mode=RB method=sk_kmeans solver=pyvrp stage=post_ls ls=pyvrp iter=4
2026-03-15 22:16:11 | INFO     | [POOL #00054] 520 1325 1728 970 663 2029 2007 1502 2319 703 706 1103 987 2217 1813 664 1137 228 2244 1814 2385 273 2081 1543 2006 1234 1900 500 68 1740 1370 2223 2040 93 1891 754 1882 399 302 1403 1368 2320 1053 2270 2509 29 1519 71 487 1483 1375 1207 2127 2369 1450 1932 1659 361 2022 2516 633 2340 642 2118 2092 806 392 2471 403 2437 1257 775 1580 1297 915 2458 585 1535 1250 827 2026 1595 1445 2259 482 2334 892 1667 586 1438 934 569 595 2463 986 2392 1283 2141 2347 2227 124 2372 1202 1148 807 341 2549 123 1376 508 2435 215 1222 1367 475 1415 534 1835 2427 2607 1042 1486 2310 691 1662 1226 18 1112 2236 1039 323 563 669 713 879 1057 1924 101 864 2550 161 1636 2146 1741 2189 1274 || mode=RB method=sk_kmeans solver=pyvrp stage=post_ls ls=pyvrp iter=4
2026-03-15 22:16:11 | INFO     | [POOL #00055] 2562 1447 1198 385 2222 429 2398 1614 1562 1132 298 2356 2211 1126 553 311 2515 525 1180 1866 1693 1490 573 231 680 917 260 1770 1513 1597 86 535 1380 1944 1997 194 846 16 2076 409 2404 2106 2409 972 1926 2122 281 2011 234 2415 549 1497 1354 2104 685 104 704 1184 2333 1178 745 822 135 578 876 928 1978 2008 617 2586 1683 1305 1566 1981 2357 1655 516 377 613 593 1464 2216 186 962 308 624 2384 514 1645 688 1762 1323 2074 790 112 1204 659 1827 1067 2186 39 2119 1803 1299 1879 331 2226 1732 679 2439 1382 676 84 940 1686 2617 2131 1182 739 368 1181 724 2387 2062 27 410 1061 1405 1730 1802 1076 2160 1175 262 2142 1664 1708 2196 329 1498 984 1261 2130 2301 326 2120 1428 1335 2061 1327 450 2166 618 2498 1152 2248 2425 1958 237 636 2569 1629 1026 675 2411 965 1075 2173 1700 198 814 1843 414 2276 1569 || mode=RB method=sk_kmeans solver=pyvrp stage=post_ls ls=pyvrp iter=4
2026-03-15 22:16:11 | INFO     | [POOL #00056] 1008 2408 851 1108 533 1012 1914 1959 2572 858 174 1121 608 1761 1206 1669 2163 2630 641 485 985 524 2188 1594 2442 1007 1421 1451 1941 816 2100 200 1432 417 284 2327 2438 61 1145 145 1619 1672 1109 461 2023 1347 1082 301 1568 1511 764 1393 968 2153 247 1852 999 2251 877 2095 1703 2125 1331 1021 2422 1286 365 1346 89 1885 85 1462 1903 702 1938 1525 1179 1871 2255 2013 1334 2295 936 1650 1935 1251 1897 1505 1716 2230 2576 297 1815 818 40 634 1185 35 1573 2537 1252 2339 1521 1967 2360 76 2622 38 103 2417 844 2574 460 2510 1307 256 672 639 1187 227 148 1168 1032 448 2431 2374 1621 1642 762 1755 584 2323 454 1156 2033 418 840 1193 2436 886 1363 268 81 2305 547 504 900 1173 881 696 1605 2434 1973 2001 34 1107 121 871 1391 || mode=RB method=sk_kmeans solver=pyvrp stage=post_ls ls=pyvrp iter=4
2026-03-15 22:16:11 | INFO     | [POOL #00057] 1425 2149 2102 1471 1936 1547 1429 2353 2263 300 882 1565 1116 2290 1719 2201 1518 779 2174 609 299 2530 2171 1009 1591 156 1481 1196 426 1826 1491 1927 483 710 72 2338 692 1414 733 557 1544 1839 2513 173 2080 2238 2349 12 2495 2037 753 2541 1365 591 1956 1002 2082 1417 648 1420 537 1731 513 1244 1278 181 2065 1422 2218 1754 2275 580 2039 963 65 1933 901 925 306 2514 1253 1319 2169 23 2030 2072 48 604 599 677 1747 1101 505 466 339 991 590 552 2052 2193 802 1610 833 1991 1876 2272 1339 667 709 1 2393 2307 2557 958 2283 1977 1003 824 1751 2428 2581 2084 289 723 2567 2139 1744 671 1200 689 1709 1329 1077 1399 512 2481 1995 1449 391 345 153 1159 2048 442 294 1269 1800 315 2070 2246 245 2489 2580 1710 1912 1960 2311 758 2197 2337 2079 738 1019 1169 416 666 2148 896 1992 1551 1955 || mode=RB method=sk_kmeans solver=pyvrp stage=post_ls ls=pyvrp iter=4
2026-03-15 22:16:11 | INFO     | [POOL #00058] 62 1929 2583 1857 1661 401 1808 78 1575 2214 501 2280 849 1905 1966 2240 2602 1213 1131 2470 994 785 2556 992 495 2447 2083 488 1282 1238 1844 2069 2386 45 1721 3 1314 257 2623 374 621 1635 1916 746 1402 2448 1136 1989 1473 2224 36 1872 1727 1791 1055 1191 2254 1868 1086 865 653 1227 1418 276 649 1811 2375 1048 2605 2258 1229 2132 973 1289 1157 1504 1014 481 2488 803 757 1230 1139 1133 185 1964 108 2288 1877 278 2521 105 60 1545 2475 2129 2540 1217 657 2571 1514 1013 2101 2035 988 2343 2566 960 2383 14 67 1993 1777 1759 2329 1161 224 2303 1051 1023 805 773 629 1656 1507 1444 240 961 1854 1536 1671 2123 606 280 1453 951 265 1781 229 2613 1412 1724 2626 2066 2485 2316 722 956 2519 743 1197 1110 1846 1142 791 2034 705 373 2112 1524 497 684 175 856 1546 2140 2407 1371 457 2138 || mode=RB method=sk_kmeans solver=pyvrp stage=post_ls ls=pyvrp iter=4
2026-03-15 22:16:11 | INFO     | [POOL #00059] 2494 2452 1733 2269 395 290 1134 561 221 337 1232 2609 964 989 579 1520 2633 2539 749 952 1723 2446 1883 1863 2178 1482 1769 509 1090 1308 699 967 899 913 163 2087 576 1056 2060 523 2523 250 1468 2363 490 33 2538 1216 2247 572 1890 1788 10 566 701 2108 1785 2373 1975 2162 2322 44 127 59 751 199 1231 2344 449 2274 167 183 1894 469 2403 2597 1236 239 1577 1752 2389 354 2382 1796 42 423 800 386 997 360 1749 1332 1094 1647 918 655 1070 75 521 1581 259 2045 2565 7 2209 1684 518 1106 1020 2044 1563 2527 1192 2532 1819 318 1859 2103 1267 598 364 1452 1411 2252 178 1745 316 1775 431 1739 1517 1901 1351 313 1431 479 646 2419 983 916 2399 462 1309 765 1810 2027 1812 327 763 2164 1366 1711 1293 825 760 821 1799 2242 2233 1098 2473 2585 2273 2212 1553 1044 855 2370 1259 2154 697 261 2454 || mode=RB method=sk_kmeans solver=pyvrp stage=post_ls ls=pyvrp iter=4
2026-03-15 22:16:11 | INFO     | [POOL #00060] 1772 17 826 1915 1705 129 532 2526 793 1822 1047 1045 1115 2512 2559 170 22 80 1117 1592 1141 1722 2047 1564 1961 2088 1265 2221 1246 380 1646 2232 226 140 1163 1050 2025 2150 493 923 558 720 1298 452 430 548 307 2432 2388 246 2073 2531 54 1763 1939 1934 1611 434 2632 2604 1037 2588 204 2379 2253 477 463 995 1465 1288 56 274 1476 249 1302 202 1024 1068 319 2038 1059 903 1477 615 935 92 976 390 838 1396 1889 1322 625 1201 1793 734 2086 26 2299 248 1203 747 1792 1495 2181 1921 304 1790 1780 1063 1487 752 1071 439 2450 1317 1208 1674 811 157 1488 2368 2390 1918 286 1049 2057 2380 1585 1162 2147 1970 937 2402 2151 396 728 570 444 333 2397 1074 330 2464 1996 2091 2117 2406 2004 2420 924 310 1983 143 542 241 137 1999 372 2543 1583 2098 1556 1913 2264 393 1233 || mode=RB method=sk_kmeans solver=pyvrp stage=post_ls ls=pyvrp iter=4
2026-03-15 22:16:11 | INFO     | [POOL #00061] 2348 867 1738 128 1188 1016 1436 1963 2203 1404 712 1930 1475 611 522 627 1306 1496 2 1237 1210 252 279 1675 2424 1931 887 1699 647 1381 165 394 1442 1144 2133 798 885 661 1980 1829 2256 150 742 1660 285 2504 1463 1088 841 1506 1652 111 83 269 2529 1443 1194 888 707 1971 1764 878 272 1392 196 526 2260 1760 2326 969 635 2243 1907 1604 57 1532 1389 254 472 1925 1362 446 2324 1010 2198 2355 99 351 1284 1657 2191 619 1374 2508 770 1400 1254 2400 2501 2036 1479 2185 1004 2579 740 384 2631 1979 2161 1183 1105 2199 1516 1696 2109 291 894 971 1377 1220 1000 1831 292 73 1427 832 914 1639 1736 883 1974 1584 1333 614 238 1281 1984 2525 1344 998 565 1460 1881 1158 612 996 2208 486 544 432 1437 1388 2491 1920 || mode=RB method=sk_kmeans solver=pyvrp stage=post_ls ls=pyvrp iter=4
2026-03-15 22:16:11 | INFO     | [POOL #00062] 2594 21 2412 288 1219 55 1579 428 1681 2190 1395 1043 2302 1242 1111 296 1146 1666 1154 1508 349 2313 1880 665 1552 266 1052 131 1089 1212 1729 1189 1356 670 2085 328 2467 1776 499 1263 2612 1279 562 817 2113 673 465 804 536 342 117 874 2071 1892 1345 2309 1011 519 651 2267 1364 1748 1821 2469 2598 531 1653 694 592 340 1572 20 1823 829 1489 2204 1313 120 949 1492 750 1093 1369 2503 1833 1676 1296 371 2152 774 211 1123 1887 1549 2596 1245 686 781 2629 1457 1394 843 721 756 197 2490 942 1054 555 50 1571 2546 125 2423 1225 97 1458 850 2051 1119 2614 2200 4 162 2418 1786 2202 1617 650 1247 2136 1742 2371 1998 2364 1485 786 1902 1270 9 1494 343 1861 2207 1606 980 848 1976 2314 1851 1539 102 884 640 1673 1702 1114 1798 1072 932 1349 1528 735 1554 2358 2235 1320 2451 1277 2018 233 776 295 || mode=RB method=sk_kmeans solver=pyvrp stage=post_ls ls=pyvrp iter=4
2026-03-15 22:16:11 | INFO     | [POOL #00063] 1864 919 993 2335 2187 435 305 813 1526 2128 1223 1874 350 1266 719 122 587 1643 1734 1587 2535 1637 2587 2430 1701 540 1285 1922 438 1531 1060 205 828 2249 218 138 171 147 2331 645 545 2126 1304 1943 208 638 588 891 404 451 397 1578 1515 2341 1256 1001 594 959 869 2560 453 1446 151 478 2414 2472 1919 1946 154 1073 1609 1801 1743 1784 2296 362 2145 2177 1243 845 2277 1687 1529 2059 2229 630 1170 2031 1853 1712 783 425 2137 2575 242 2325 683 1589 2306 322 37 1767 1040 2615 152 2304 193 943 718 567 1962 2520 98 1986 336 789 1459 1550 1006 169 2416 389 652 1908 2496 459 2618 511 375 1778 1789 2231 2049 863 480 920 440 1315 139 1735 1167 2017 1689 727 788 1718 255 1350 823 1383 243 130 1794 2063 405 819 1847 63 812 946 421 118 1124 2075 546 64 1680 || mode=RB method=sk_kmeans solver=pyvrp stage=post_ls ls=pyvrp iter=4
2026-03-15 22:16:11 | INFO     | [POOL #00064] 870 801 160 1104 471 1899 1878 2413 2500 220 2578 2601 809 1150 2012 1509 1757 2068 312 1697 2165 939 2351 777 1615 1292 2460 2099 2506 556 1337 1613 517 172 1373 1087 2053 332 1896 732 225 620 2497 2206 502 1555 1765 2293 11 2455 400 2478 982 1027 142 2362 2477 2328 772 930 1501 1005 1224 2366 842 1937 473 2282 690 2143 2002 778 1840 28 1300 1638 543 1985 601 1968 1379 1100 1030 2376 769 || mode=RB method=sk_kmeans solver=pyvrp stage=post_ls ls=pyvrp iter=4
2026-03-15 22:16:11 | INFO     | [POOL #00065] 1965 2294 235 1153 2365 321 1439 1706 51 1097 2286 1988 1603 554 1025 303 1766 1782 1360 947 467 2487 1845 1682 344 674 810 1155 2553 293 796 1190 2271 759 1713 24 1850 693 2367 2395 1113 1499 2175 19 626 1694 2462 1080 1537 1441 90 729 2250 1598 2591 1140 1041 413 2624 2046 1888 109 2312 366 1361 43 447 25 1151 2024 2483 698 1218 1558 223 795 1530 1756 1538 1668 113 32 2124 1348 1707 1849 1720 1654 2484 1895 1064 662 1423 1867 1164 1787 1601 411 859 1078 890 2284 1143 1836 2107 1240 2219 189 422 263 1172 110 1120 2342 180 2245 420 2563 95 631 2094 1401 861 491 1058 927 1626 834 1608 1321 2215 1091 1416 1624 766 367 716 2194 2590 1612 1695 88 2391 1670 911 897 324 1083 1627 347 1272 981 1318 1430 || mode=RB method=sk_kmeans solver=pyvrp stage=post_ls ls=pyvrp iter=4
2026-03-15 22:16:11 | INFO     | [POOL #00066] 1717 168 1171 748 2257 441 1663 1018 1804 1455 1586 687 780 1408 2055 2105 1951 207 382 948 2606 1384 1692 476 551 1456 2179 2115 1424 2287 1623 195 1221 1725 187 794 1557 1561 2600 1806 357 978 904 2067 1359 2020 470 2584 1135 2093 1651 1860 1303 2352 2479 1387 2555 715 2192 115 2611 931 2321 2116 355 2134 2332 529 1633 1906 1503 1310 1570 1484 2315 1138 1341 1884 857 1081 1474 408 2511 1239 839 1273 1559 1069 767 1015 1574 1809 489 2361 1685 1260 1898 82 1493 402 427 1406 2155 287 2015 2032 682 1330 2536 1386 359 2533 1028 2135 2610 358 836 2266 2492 658 159 1470 1336 1118 369 799 1795 2170 1987 5 510 628 966 1599 258 792 2205 2476 1469 144 1726 2182 1268 1949 2292 2345 2552 979 2268 954 213 1096 69 216 632 203 681 2443 797 1957 || mode=RB method=sk_kmeans solver=pyvrp stage=post_ls ls=pyvrp iter=4
2026-03-15 22:16:11 | INFO     | [POOL #00067] 2595 910 700 2468 2042 725 847 1622 1618 2184 146 1084 656 1372 445 177 541 2279 2289 383 2465 975 1698 2114 317 2090 610 398 209 1953 52 1355 2466 2228 2003 1773 2377 1390 2167 1858 602 2237 244 2453 2180 2318 2522 492 2568 1590 2261 1211 1588 1209 31 1596 737 990 190 1215 577 717 1434 2336 1255 335 1276 158 2564 2461 2449 1542 538 1607 503 2524 1130 1280 136 1176 1186 2505 1413 771 1262 116 1228 2050 607 898 1855 13 2570 66 1440 2429 132 2213 1301 1264 1287 637 1928 100 2628 872 1275 1541 1825 53 2621 1342 2528 906 1311 188 644 605 436 270 977 575 941 1353 1602 370 1035 1838 1824 1419 616 1869 164 206 363 2547 1036 275 2297 2041 2518 2078 868 1616 1631 484 1665 1467 1407 1034 114 494 957 || mode=RB method=sk_kmeans solver=pyvrp stage=post_ls ls=pyvrp iter=4
2026-03-15 22:16:11 | INFO     | [POOL #00068] 17 826 1915 1705 129 2335 532 2526 2187 2203 1930 1475 1496 813 80 1592 1117 122 587 310 924 2420 2004 2091 2406 2535 1637 2587 2430 1701 1646 2232 1163 140 226 540 1285 1922 1060 205 430 548 828 2249 1918 2390 2368 307 2432 1488 439 1071 1939 1934 1611 434 2632 2604 1037 2588 204 2379 2253 477 463 995 1465 1288 56 274 1476 249 1302 202 1024 1068 319 390 838 1396 1889 1322 625 1201 1793 734 2086 26 2299 248 1203 747 1792 1495 2181 1921 304 1763 752 2388 1440 2429 132 2213 1301 1264 1287 637 452 720 558 923 493 1050 2150 2025 2628 100 1928 1298 438 1531 1970 937 2402 2151 396 728 444 333 2397 1074 2117 1587 1734 1643 1983 143 1722 2047 137 241 542 1141 1999 372 2543 1583 2098 1556 2269 1733 2452 2297 2041 2518 2078 847 868 1616 484 993 919 1864 957 || mode=VB method=sk_ac_complete solver=pyvrp stage=post_ls ls=pyvrp iter=5
2026-03-15 22:16:11 | INFO     | [POOL #00069] 1233 1407 1467 393 2264 793 1822 1047 435 305 611 522 627 1306 2559 170 317 2090 610 398 209 1035 370 1602 1353 941 575 2609 964 579 1434 2336 2446 1276 158 2564 2461 2449 1542 538 1607 503 2524 1130 1280 136 1176 1186 699 967 899 1790 1780 1063 1487 54 2531 2073 246 66 2570 13 1855 898 607 2050 1228 116 1262 1308 1090 1413 1769 509 872 1275 1541 1825 2178 1863 1883 53 2621 1342 2528 906 2221 380 1246 1265 2088 1961 1564 270 977 1232 337 1838 1824 1953 1419 616 1869 1134 164 2465 975 1698 2114 290 395 275 1036 2547 363 206 2279 2289 1066 1316 383 2285 2111 2456 2583 176 744 541 177 445 1372 656 1084 146 2184 1618 232 2121 2234 1990 1226 18 1662 691 2310 277 600 953 2440 2589 1622 1929 725 2042 2468 1631 1034 114 494 || mode=VB method=sk_ac_complete solver=pyvrp stage=post_ls ls=pyvrp iter=5
2026-03-15 22:16:11 | INFO     | [POOL #00070] 1920 2348 867 233 2018 776 544 432 1437 1388 797 168 1171 748 632 1968 601 1985 543 1638 1300 28 1840 2002 778 982 2478 1027 142 930 1501 772 2328 2477 2362 1765 1555 1384 2606 948 382 207 1951 2293 11 400 2455 2105 2055 1408 408 2511 780 687 1663 441 2257 2552 1018 1804 1455 1586 1239 839 1273 1559 1069 767 1015 1574 1809 489 2361 1685 1260 1898 82 1493 1118 402 427 2155 1406 1336 1470 658 159 369 799 1795 2170 628 966 1599 2205 2476 1469 144 1726 2182 1268 1949 2292 2345 979 2268 954 69 216 1096 213 64 203 681 2443 1717 1100 1030 1957 2376 769 || mode=VB method=sk_ac_complete solver=pyvrp stage=post_ls ls=pyvrp iter=5
2026-03-15 22:16:11 | INFO     | [POOL #00071] 1738 128 1188 1277 2451 1320 1881 1460 2235 1554 2358 565 998 1344 2525 735 1984 1281 238 614 1528 1349 932 1333 1584 1395 1043 1702 1427 640 884 102 1552 266 131 1089 1212 2207 1861 9 1270 1189 1729 670 2085 328 2467 1356 2612 1279 2113 1263 499 1776 465 804 673 874 1892 1345 2267 2309 1011 519 651 1572 340 592 1313 1492 949 120 2204 1489 829 1823 20 1119 2051 850 2423 2546 125 1054 942 2490 1225 97 1458 2324 446 472 2355 1657 1284 99 351 2200 2614 1010 1571 555 50 1389 254 1925 1362 2198 162 4 2418 1786 2071 1821 1364 1748 531 694 1653 2598 2469 536 342 117 2202 1617 817 562 1902 786 2501 2036 1479 2017 1167 1315 440 2133 1144 727 848 1052 665 1880 2313 349 1508 1154 1666 1146 2302 1242 1111 296 819 1847 63 1330 682 2032 2015 287 2536 1386 359 2610 118 1124 2075 1158 612 996 1680 || mode=VB method=sk_ac_complete solver=pyvrp stage=post_ls ls=pyvrp iter=5
2026-03-15 22:16:11 | INFO     | [POOL #00072] 1772 1016 1436 1404 712 1639 914 1210 1237 2 350 1266 971 894 291 1996 2464 330 394 570 661 1162 2147 1585 286 1049 2057 2380 1829 2256 150 742 1443 2529 169 389 2416 652 336 789 1459 1550 152 2137 1529 2059 630 1853 2629 781 2152 371 774 211 1887 1123 2596 154 1946 1073 1609 1801 1243 845 2229 1170 2031 686 1245 1549 903 1059 2038 976 92 935 615 1477 1446 151 453 2560 869 478 2414 1919 2472 1743 1784 2296 959 594 1001 1256 397 362 2145 2177 2277 1687 891 451 404 1515 1578 2341 1208 1317 2450 1674 157 811 171 138 218 147 2331 645 545 2126 1943 1304 208 588 638 2615 1006 269 83 111 1652 1506 841 1088 1463 2504 285 1660 2049 863 480 920 1980 885 798 1442 165 1381 647 1105 1516 2199 1699 1696 2109 1377 1220 887 1931 719 1874 1223 2128 1526 22 2512 1115 1045 1913 2494 1665 || mode=VB method=sk_ac_complete solver=pyvrp stage=post_ls ls=pyvrp iter=5
2026-03-15 22:16:11 | INFO     | [POOL #00073] 2594 21 2412 288 1219 1963 55 1579 428 1681 2190 1974 883 1736 832 252 279 1675 2424 73 292 1831 1000 1539 1851 255 1718 788 1183 2161 1979 2631 384 139 1735 740 2579 1004 1254 1400 2508 1374 619 526 1392 196 2618 511 375 1778 2231 1789 1194 888 1764 707 1971 459 878 272 2496 1908 1986 98 2520 1962 193 2304 1040 1767 242 2575 425 783 1712 721 843 1394 1457 1296 1676 1833 2503 750 1093 1369 197 756 2325 683 37 322 1589 2306 943 718 567 1532 57 1604 1907 2243 635 969 2326 1760 2260 2191 1742 2136 650 1247 2371 1998 2364 1485 770 2400 2185 1494 343 1689 1606 980 1976 2314 1350 823 1383 243 130 405 2063 1794 1673 1114 1798 1072 812 946 421 2533 1028 2135 358 2492 2266 836 5 1987 510 258 792 546 2208 486 295 2491 || mode=VB method=sk_ac_complete solver=pyvrp stage=post_ls ls=pyvrp iter=5
2026-03-15 22:16:11 | INFO     | [POOL #00074] 2480 862 2608 496 119 2291 1969 1848 711 1917 597 179 1397 47 2534 121 1107 34 1385 210 406 1865 2542 1758 456 1122 1649 527 2381 1628 1328 1873 1165 1271 2159 2572 1959 1553 1044 855 2212 2273 858 174 1121 608 1761 2585 198 1700 2173 1075 965 2311 2407 2398 429 1371 2241 126 571 2174 609 779 1518 2201 873 2009 1805 1719 2290 1116 2077 2220 726 2158 1640 1856 2280 849 737 1596 31 1209 2237 244 2453 2180 2318 2522 492 2568 1590 2261 1211 1588 474 875 1837 212 1972 1816 501 2214 356 1512 654 1567 2300 2369 1450 2127 1207 1375 1483 487 71 1519 29 1932 1659 361 1580 1297 775 1257 2092 806 392 2437 2471 403 892 1667 586 1438 934 569 595 2463 986 2102 2149 1835 2427 2607 1486 1797 1099 560 1358 348 1046 2548 2593 1095 700 623 1648 || mode=VB method=sk_ac_complete solver=pyvrp stage=post_ls ls=pyvrp iter=5
2026-03-15 22:16:11 | INFO     | [POOL #00075] 1582 1409 30 464 455 2359 1008 2408 1841 2021 166 1259 107 851 2262 1108 2000 1195 219 708 533 1012 1914 433 761 2278 2499 581 1085 550 1129 58 338 2064 1169 1019 1714 2354 2426 1378 217 2317 539 1038 457 87 1950 1630 1166 1248 1828 955 1658 1472 1565 882 300 2263 2353 622 1128 334 860 1029 1691 230 2138 2396 754 1882 302 399 1403 1368 1429 2320 1053 2270 2509 2026 1595 827 585 915 2458 1535 1250 1445 1547 93 2223 2040 385 1740 68 500 1900 1370 1198 1234 106 133 1127 2148 1830 1533 895 134 1340 77 896 1992 815 1543 2006 273 2081 2308 1750 1466 889 2350 1875 1551 987 1103 713 1447 879 1057 1924 864 101 1955 970 1728 1325 520 || mode=VB method=sk_ac_complete solver=pyvrp stage=post_ls ls=pyvrp iter=5
2026-03-15 22:16:11 | INFO     | [POOL #00076] 1862 1779 507 352 2433 91 1357 236 1426 568 264 1160 1480 376 902 2019 2239 1398 837 379 6 1909 1910 1593 2110 583 603 1817 1527 1125 2459 582 2599 808 2043 201 96 643 381 2573 353 283 70 1451 1941 1421 1007 2442 1594 2188 437 2493 468 2210 149 1352 2097 2054 2630 2305 81 2242 237 1799 821 1958 2425 2070 315 2246 245 2489 175 298 72 2338 692 1414 557 733 2211 2356 1132 1629 1026 675 2411 758 2197 2337 2079 214 2457 2507 1771 15 1870 2225 267 2330 2005 191 346 714 41 820 443 412 1923 2627 378 1832 1149 416 666 1174 830 2010 1911 1625 905 1249 2378 1410 94 49 1690 2176 1704 2172 1461 1843 414 706 703 2319 1502 2007 2029 663 1448 2502 2405 2028 2454 || mode=VB method=sk_ac_complete solver=pyvrp stage=post_ls ls=pyvrp iter=5
2026-03-15 22:16:11 | INFO     | [POOL #00077] 1274 2189 1741 2146 1569 1636 161 2276 2550 1425 2562 669 563 323 2217 1813 664 1137 228 2244 1814 2385 534 1415 475 1367 1222 215 2347 2141 1283 2392 2227 124 2372 1202 1148 807 2435 508 1376 123 1857 2549 341 2118 642 2340 633 1661 2516 2022 401 2544 141 1576 2346 589 561 1500 2620 950 1355 52 221 2466 271 1540 1454 1982 1808 78 2228 1575 2003 1773 2377 1390 2167 1858 602 989 436 605 1311 188 644 1520 2539 749 952 1723 335 1255 717 577 1215 190 990 1905 1966 2240 2602 1213 1131 2470 785 2556 1481 426 1826 1927 1491 1562 2171 2530 1614 2140 1912 2569 2233 504 900 1098 1206 1669 1173 881 696 1605 1102 1022 908 2434 1973 731 2156 1435 2001 1147 1644 1258 424 2517 1768 871 1391 1343 || mode=VB method=sk_ac_complete solver=pyvrp stage=post_ls ls=pyvrp iter=5
2026-03-15 22:16:11 | INFO     | [POOL #00078] 880 814 2473 547 760 825 1711 1293 1366 2164 763 327 1812 2027 765 1309 462 2399 584 1755 762 1642 1621 1286 365 1346 89 1885 764 85 1462 1903 702 1938 818 634 1185 460 2510 1307 256 1859 844 2417 103 2339 1521 1967 76 2360 518 1684 2209 7 2565 2045 259 1581 521 2441 755 1948 506 75 1070 655 918 1647 1332 1094 331 1879 1299 1803 659 1827 2119 1067 2186 39 1796 42 423 800 386 997 360 1749 922 2445 933 1641 1324 1620 528 1534 660 2394 46 1688 192 1199 1834 2281 1893 2265 2603 926 515 2592 2183 1807 79 251 2444 320 1177 2401 1205 1478 314 1312 678 1062 730 1994 741 498 155 559 574 1235 854 415 1746 866 182 1753 2056 2298 596 2058 835 253 1679 2089 768 816 2100 200 1432 417 284 524 985 485 641 1783 2157 907 2014 1947 || mode=VB method=sk_ac_complete solver=pyvrp stage=post_ls ls=pyvrp iter=5
2026-03-15 22:16:11 | INFO     | [POOL #00079] 636 2248 1152 1800 1269 2498 618 1810 1327 2166 450 294 442 2048 1159 153 345 391 1449 2061 1335 1428 2120 1995 2481 512 326 916 983 2374 2431 448 1032 999 1852 2251 877 2095 1703 2125 1331 1021 2422 2153 247 968 1393 40 1815 1573 35 2574 1252 2537 297 2576 2230 1525 1179 1871 2255 2013 1334 1716 1505 1897 1251 1935 1650 936 2295 1954 695 2096 2486 564 1634 2144 1017 309 1338 938 1433 419 929 2195 1065 1548 2482 2410 2545 1842 1774 1715 2474 1033 1940 1291 1678 1737 831 853 945 1523 852 530 1818 1295 222 1677 8 912 2619 1092 458 1511 1568 301 1082 1347 282 1945 2421 325 2561 1632 1560 2582 2016 974 893 1326 1294 74 1522 2023 461 1109 2327 2438 61 1145 1672 1619 145 454 2323 1156 2033 418 840 1193 2436 886 1363 268 2163 2616 944 || mode=VB method=sk_ac_complete solver=pyvrp stage=post_ls ls=pyvrp iter=5
2026-03-15 22:16:11 | INFO     | [POOL #00080] 1965 1706 1153 2365 321 1439 2553 1155 810 674 2487 1845 344 1682 293 796 1190 2271 759 1713 1850 24 693 2367 2395 1499 1091 2215 1321 2460 1624 766 1416 1113 2175 19 626 1694 1080 2462 1537 1441 90 729 2250 2591 1598 2624 2046 1888 109 2312 366 1361 43 447 25 1151 2024 2483 698 1218 1558 1849 1707 1401 2094 95 631 1058 491 861 1348 2124 32 113 1538 1668 223 795 1756 1530 834 1626 927 1221 195 1725 794 187 1623 2287 1424 332 2053 1087 1373 172 517 1613 1337 556 2506 1608 2099 1292 1615 777 2351 939 367 2194 716 2165 1697 312 2068 2590 1612 88 1695 2391 1670 911 897 324 1083 1627 347 1272 981 1318 1430 235 2294 || mode=VB method=sk_ac_complete solver=pyvrp stage=post_ls ls=pyvrp iter=5
2026-03-15 22:16:11 | INFO     | [POOL #00081] 51 1097 2286 1988 1603 554 1025 303 1766 1782 467 1360 947 1140 413 1041 1290 387 2558 1510 2625 787 407 784 668 388 1820 2577 1214 1601 1787 1164 1867 1064 662 1423 411 859 1078 890 2284 1895 2484 1654 1720 1143 1836 2107 1240 2219 189 422 263 1172 110 1120 2342 180 2245 420 2563 1557 1561 2600 1806 357 978 904 2067 1359 2020 470 2584 1135 2093 1651 1860 2555 1387 2479 1303 2352 1503 1906 1310 1570 1484 2315 1138 1341 1884 857 1081 1474 529 1633 2332 2134 355 2116 2321 931 2611 715 2192 115 1692 476 551 1456 2115 2179 732 1896 225 620 502 2206 2497 2366 842 1937 1224 1005 690 2143 2282 473 1757 1509 2012 1150 809 1379 2601 2578 220 2500 2413 1878 1899 471 1104 160 801 870 || mode=VB method=sk_ac_complete solver=pyvrp stage=post_ls ls=pyvrp iter=5
2026-03-15 22:16:11 | INFO     | [POOL #00082] 910 2633 1482 771 2505 913 163 2087 576 1056 2060 523 2523 250 1468 2363 490 33 2538 1216 2247 572 1890 1788 566 2108 1785 701 10 2322 2162 2344 1231 127 44 1545 59 1752 751 199 449 2274 167 1975 2373 183 1894 469 2403 2597 239 1577 1236 1904 2554 1031 736 1942 1952 2168 782 2382 354 2389 657 2571 1514 1013 960 2383 1217 14 2540 2129 2475 1993 67 2566 2343 988 2035 2101 2384 514 1645 688 1762 1323 2074 790 112 1204 2226 1732 679 2439 1382 676 84 940 1686 2617 2131 2387 2062 27 410 1106 1020 2622 2044 38 1563 1192 2527 2532 1819 318 1267 2103 672 639 1187 598 227 148 1168 1517 1901 479 2419 646 1431 313 1351 2301 1399 1077 1709 1329 1944 1997 1380 535 86 1597 1513 2519 722 956 743 1197 1524 497 684 2580 1710 1960 738 184 2370 2154 697 261 || mode=VB method=sk_ac_complete solver=pyvrp stage=post_ls ls=pyvrp iter=5
2026-03-15 22:16:11 | INFO     | [POOL #00083] 2595 62 1079 1039 1042 1471 2334 1936 1891 1241 909 2222 1886 921 299 1591 156 1196 2447 488 2623 2541 1365 753 2037 2495 12 2349 2238 591 1956 1002 2082 1417 648 537 1420 1278 1731 513 2448 1473 1989 1136 1244 876 578 135 745 822 1453 2123 1178 2333 1671 1536 1854 961 240 1444 1507 1656 773 629 962 1566 1981 2357 1655 2104 1354 1497 2415 549 2030 2072 234 48 2011 604 1101 505 1747 667 709 1 2393 2307 1076 1802 1405 1061 1730 2160 1175 262 2142 364 1452 1411 2252 329 2196 1708 1664 2557 958 2283 1977 1751 2428 2581 2084 289 723 2567 2139 1744 671 316 1745 178 1261 1498 984 2130 1739 431 1775 1200 689 16 194 846 2066 2485 2316 1770 260 917 1142 1846 1110 373 705 2112 1866 1180 525 2515 311 553 1126 856 1546 1600 2551 || mode=VB method=sk_ac_complete solver=pyvrp stage=post_ls ls=pyvrp iter=5
2026-03-15 22:16:11 | INFO     | [POOL #00084] 994 992 495 2083 1282 1238 1844 2069 2386 45 1721 3 1314 257 1635 621 374 1916 746 1402 36 2224 1872 1727 1791 1055 1191 2254 1868 1086 865 653 1227 1418 276 649 1811 2375 1048 2605 2258 1229 2132 973 1289 1157 1504 1014 481 2488 803 757 1230 1139 1133 185 1051 1023 805 2303 224 1161 108 1964 2288 1877 278 60 105 2521 2329 1759 1777 624 308 186 2216 1464 593 613 377 516 590 991 552 339 466 1991 833 1610 2052 2193 802 368 1181 724 1182 739 1339 2272 1876 677 599 1003 824 281 2122 1926 972 2409 2106 2404 409 2076 2514 306 925 2613 1412 1724 2626 2039 580 2275 1754 963 65 229 2008 265 951 280 606 1184 704 104 685 1305 1683 2586 23 2169 1319 1253 617 901 1933 1781 1978 928 181 2065 1422 2218 231 680 791 2034 573 1490 1693 2080 173 2513 1839 1544 483 710 1009 482 2259 1112 2236 || mode=VB method=sk_ac_complete solver=pyvrp stage=post_ls ls=pyvrp iter=5
2026-03-15 22:16:11 | INFO     | [POOL #00085] 1030 1100 1379 2578 2601 809 220 2500 1509 2012 1150 601 1968 1985 543 1638 1300 28 1840 2002 778 982 1027 2478 400 2455 780 687 1663 1018 1804 1455 1586 1239 839 1273 1559 1069 767 1015 1574 1809 489 2361 1685 1260 1898 82 1493 1118 1470 1336 402 427 1406 2155 287 2015 2032 682 1330 2536 1386 359 2533 1028 2135 2610 358 836 2266 2492 658 159 369 799 1795 2170 1987 5 510 628 966 1599 258 792 2205 2476 1726 1469 144 2182 1268 1949 2292 2345 2552 441 2257 979 2268 954 213 1096 69 216 632 748 1171 203 681 2443 797 168 1717 1957 2376 769 || mode=RB method=sk_ac_min solver=pyvrp stage=post_ls ls=pyvrp iter=6
2026-03-15 22:16:11 | INFO     | [POOL #00086] 1430 1318 321 1627 897 1083 324 1416 766 1624 367 939 2351 777 1615 1292 620 225 1896 732 2179 1692 476 551 1456 2115 332 1424 2287 1373 172 1087 2053 517 1613 1337 556 2506 2099 2460 1608 834 1626 927 1221 195 1725 794 187 1623 2600 1557 1561 1806 357 978 904 2067 1359 2020 470 2584 1135 2093 1651 1860 1303 2352 2479 1387 2555 715 2192 115 2611 931 2321 2116 355 2134 2332 529 1633 1906 1503 1310 1570 1484 2315 1138 1341 1884 857 1081 1474 408 2511 1408 2055 2105 1951 207 382 948 2606 1384 1555 1765 2293 11 142 2362 502 2497 2206 2477 2328 930 772 1501 1005 1224 2366 842 1937 690 2143 2282 473 1757 2068 312 1697 2165 716 2194 2590 1612 88 1695 2391 911 1670 347 1272 981 1899 2413 1878 471 1104 160 801 870 || mode=RB method=sk_ac_min solver=pyvrp stage=post_ls ls=pyvrp iter=6
2026-03-15 22:16:11 | INFO     | [POOL #00087] 1409 30 2028 2405 2502 1448 464 455 2359 1841 2021 166 1259 107 1461 2172 1704 2176 1690 1875 2350 889 1466 1750 2308 815 1543 2006 1234 1900 500 68 1740 1370 2259 482 1936 1250 1445 1595 827 2026 2509 2270 1053 2320 1368 1403 93 2223 2040 1891 302 399 1882 754 622 1128 334 860 1241 1166 1630 909 1248 1828 955 1658 2222 457 2241 126 571 921 873 2009 1805 2077 2220 726 2158 1640 1856 474 875 1837 1816 212 1972 1207 2127 1375 1483 487 71 1519 29 1932 1450 2369 2300 1512 356 1567 654 1982 1454 1540 271 950 2620 1500 2544 141 589 561 2346 1576 2285 2111 383 1316 1066 2456 744 176 277 600 1990 2234 2121 232 953 1797 2440 2589 1099 1079 560 1358 348 1046 2548 2593 1095 623 1648 || mode=RB method=sk_ac_min solver=pyvrp stage=post_ls ls=pyvrp iter=6
2026-03-15 22:16:11 | INFO     | [POOL #00088] 520 2454 1325 1728 970 663 2029 2007 1502 2319 703 706 1103 987 2217 1813 664 1137 228 2244 1814 2385 2081 273 2463 986 934 569 1438 586 1667 892 403 1535 585 2458 915 2437 2471 392 2092 2118 642 2340 633 2516 2022 361 1659 1297 1580 775 1257 806 1148 807 341 2549 123 1376 508 2435 1202 2372 124 2227 2392 1283 2141 2347 215 1222 1367 475 1415 534 1835 2427 2607 1042 1486 2310 691 1662 1226 18 1112 2236 1039 323 563 669 713 879 1057 1924 101 864 2550 161 1636 2146 1741 2189 1274 || mode=RB method=sk_ac_min solver=pyvrp stage=post_ls ls=pyvrp iter=6
2026-03-15 22:16:11 | INFO     | [POOL #00089] 62 1929 2583 1857 1661 401 1808 78 1575 2214 501 2280 849 1905 1966 2240 2602 1213 1131 2470 994 785 2556 992 1481 1196 495 2447 2083 488 1282 1238 2069 1844 2623 257 2386 45 1721 3 1314 1635 621 374 1916 746 1402 36 2224 1872 1727 1791 1055 1191 2254 1868 1086 865 653 1418 1227 2132 1229 276 2605 2258 1545 44 2322 127 1231 2344 2162 1975 167 2274 449 199 751 59 1752 2389 657 2571 1514 1013 960 2383 1217 14 2540 2129 2475 1993 1777 1759 2329 1161 224 2303 1051 1023 805 773 629 1981 1566 1656 1444 1507 104 685 1305 1683 704 1184 606 280 1453 822 135 1244 1136 1989 1473 2448 513 1731 1278 1420 537 648 1417 2082 1002 1956 591 1365 2541 753 2037 2495 12 2349 2238 2080 173 2513 1839 1544 557 733 1414 692 2338 72 710 483 1927 426 1826 1491 1009 1591 156 609 779 1518 1719 2290 1116 1565 300 2263 2353 1429 1547 1471 595 2102 2149 1447 1425 1569 || mode=RB method=sk_ac_min solver=pyvrp stage=post_ls ls=pyvrp iter=6
2026-03-15 22:16:11 | INFO     | [POOL #00090] 2276 2562 1198 1472 1886 429 2398 1614 2140 1912 1710 1546 856 175 684 497 1524 705 1490 573 2034 791 680 231 2218 1422 2065 181 928 1978 1781 2008 265 951 876 578 745 1671 2123 1178 2333 240 961 1854 1536 1230 757 1139 185 1133 803 2488 481 1014 1504 1157 1289 973 1964 108 2288 1877 278 60 105 2521 67 2566 2343 988 2035 624 308 962 2216 186 1645 514 2384 2101 1827 1067 2186 39 2119 659 1803 2226 1204 112 790 1323 724 1182 739 368 1181 802 2193 2052 1610 833 339 466 505 1101 604 234 48 2011 281 2122 1926 972 2084 289 1745 178 1775 431 1739 2130 1517 1901 2301 1351 313 1431 479 646 2419 983 916 2399 462 1309 1335 765 1810 2027 1812 327 763 2164 1366 1293 1711 825 760 821 1799 2242 2233 1098 2473 2585 198 814 2273 2212 1553 1044 855 761 2370 2154 697 261 || mode=RB method=sk_ac_min solver=pyvrp stage=post_ls ls=pyvrp iter=6
2026-03-15 22:16:11 | INFO     | [POOL #00091] 2334 882 2201 2174 299 2530 2171 1562 1132 298 2356 2211 1126 553 311 2515 525 1693 1180 1866 2112 373 1110 1846 1142 917 260 1770 956 722 2316 2485 2066 2275 1754 580 2039 2626 1724 1412 2613 963 65 229 1933 901 925 306 2514 617 1253 1319 2169 23 2586 2030 2072 549 2415 991 552 590 1497 1354 2104 1655 2357 516 377 613 593 1464 688 1762 2074 1382 1732 2439 679 7 2209 1686 940 84 676 2617 2131 2387 2062 27 410 1061 1405 1730 1802 1076 1 667 599 677 1747 1876 2272 1991 1339 709 2393 2283 1977 1003 824 1751 2428 2581 2409 2106 723 2139 1200 689 1709 1329 1077 1399 512 2481 1995 326 1428 2120 1449 391 2061 1327 450 2166 618 2498 2248 2425 1958 237 636 2569 675 2411 2311 758 965 1075 2197 2337 2079 2173 1700 738 1019 1169 416 666 2148 896 1992 1551 1843 414 1955 || mode=RB method=sk_ac_min solver=pyvrp stage=post_ls ls=pyvrp iter=6
2026-03-15 22:16:11 | INFO     | [POOL #00092] 385 2138 1371 2407 1960 1026 1629 2580 2489 245 2246 2070 315 1152 1269 1800 294 442 2048 1159 345 153 1197 743 2519 1513 1597 86 535 1380 1944 1997 194 846 16 2076 409 2404 2567 1744 671 316 1261 1498 984 2252 1452 364 598 1267 2103 1859 318 1819 103 2339 1521 1967 76 2360 1684 1106 1020 2622 2044 38 1563 2527 1192 2532 2160 1175 262 2142 2307 2557 958 1664 1708 2196 329 1411 227 148 1168 1187 639 672 256 1307 2510 460 35 1573 2537 1252 2417 844 2574 1185 634 40 1393 968 247 2153 764 1885 89 1346 365 1286 2422 1021 1331 2125 1703 2095 877 2251 1852 999 1032 448 2431 2374 1621 1642 762 1755 584 2323 454 1156 2033 418 840 1193 2436 886 1363 268 81 2305 547 504 900 1669 1206 1761 608 1121 174 858 2572 1959 1914 1012 533 851 2408 1008 || mode=RB method=sk_ac_min solver=pyvrp stage=post_ls ls=pyvrp iter=6
2026-03-15 22:16:11 | INFO     | [POOL #00093] 2494 2452 1733 2269 395 290 1134 337 1232 2609 989 964 579 1520 2633 2539 749 952 1723 2446 1883 1863 2178 1482 1769 509 1090 1308 699 967 899 913 163 2087 576 1056 2060 523 1890 1788 572 2523 250 1468 2363 490 33 2538 1216 2247 649 2375 1048 1811 10 566 701 2108 1785 2373 183 1894 469 2403 2597 239 1577 1236 354 2382 1796 42 423 800 386 997 1749 360 1299 1879 331 1094 1332 1647 918 655 1070 75 259 2045 2565 1581 521 518 1251 1935 1650 936 2295 1334 1505 1897 1716 2013 2255 1871 1179 1525 2230 2576 297 1815 818 1938 702 1903 1462 85 1511 1568 301 1082 1347 2023 461 1109 1672 1619 145 1145 61 2438 2327 284 417 1432 200 2100 816 1941 1451 1421 1007 2442 1594 2188 524 985 485 641 2630 2163 1173 881 696 1605 2434 1973 2001 34 1107 121 871 1391 1582 || mode=RB method=sk_ac_min solver=pyvrp stage=post_ls ls=pyvrp iter=6
2026-03-15 22:16:11 | INFO     | [POOL #00094] 1862 1779 507 352 496 119 2291 2433 91 1357 236 1426 568 1480 902 376 1290 387 2558 1510 2625 787 407 784 668 388 1214 2577 1820 837 1398 379 6 1909 1910 1593 583 2110 2156 1435 527 1122 1649 406 1865 2000 1195 944 708 219 2542 1758 456 2381 1628 1328 1873 908 1022 1102 2616 1165 1271 2159 433 2278 2499 581 1085 550 1129 58 338 2064 2330 2005 267 2225 1870 15 1378 2426 2354 1714 1771 214 2457 2507 1600 2551 1038 539 1950 87 2317 217 191 346 714 41 1691 1029 2396 230 412 1923 443 820 2627 378 1832 1149 133 106 1127 1830 830 2010 1911 1174 184 880 1625 1533 895 134 1340 77 905 1249 49 94 1410 2378 2262 1108 210 1385 2014 1947 2534 47 1397 179 597 1917 711 1848 1969 2608 862 2480 || mode=RB method=sk_ac_min solver=pyvrp stage=post_ls ls=pyvrp iter=6
2026-03-15 22:16:11 | INFO     | [POOL #00095] 520 2454 1325 1728 970 663 2029 2007 1502 2319 703 706 1103 987 2217 1813 664 1137 1466 1750 2308 1543 2081 273 2006 1234 1900 500 1370 2259 482 2223 2040 93 1891 1882 399 302 1403 1368 2320 1053 2270 2509 2026 1595 827 1445 1250 1535 585 915 2458 403 892 2334 1667 586 1438 934 569 595 2463 986 1283 2141 2347 2392 2227 124 2372 2471 2437 1257 775 1580 1297 1659 1932 29 1519 71 487 1483 1375 1207 2127 2369 1450 361 2022 2516 633 2340 642 2118 2092 392 806 1202 1148 807 341 2549 123 1376 508 2435 215 1222 1367 475 1415 534 2385 2244 228 1835 2427 2607 1042 1486 2310 691 1662 1226 18 1112 2236 1039 323 563 669 713 879 1057 1924 101 864 2550 161 1636 2146 1741 2189 1274 || mode=RB method=sk_ac_min solver=pyvrp stage=post_ls ls=pyvrp iter=7
2026-03-15 22:16:11 | INFO     | [POOL #00096] 1779 507 352 2433 91 1357 236 1426 568 1480 902 376 1290 387 2558 1510 2625 787 407 784 668 388 1214 2577 1820 837 1398 379 6 1909 1910 1593 583 2110 2156 1435 527 1122 1649 406 1865 2000 1195 944 708 219 2542 1758 456 2381 1628 1328 1873 908 1022 1102 2616 1165 1271 2159 433 761 2278 2499 581 1085 550 1129 58 338 2064 2330 2005 267 2225 1870 2426 1378 2354 1714 1771 214 2457 2507 1600 2551 1038 539 1950 87 2317 217 15 191 346 714 41 820 443 2627 378 1832 1149 1174 830 2010 1911 880 1625 905 1249 49 94 1410 2378 2262 1108 210 1385 34 1107 1947 2534 47 1397 179 597 1917 711 1848 1969 2291 119 496 2608 862 2480 1862 || mode=RB method=sk_ac_min solver=pyvrp stage=post_ls ls=pyvrp iter=7
2026-03-15 22:16:11 | INFO     | [POOL #00097] 1582 1409 30 2028 2405 2502 1448 464 455 2359 1841 2021 166 1259 107 1461 2172 1704 2176 1690 1875 2350 889 815 1340 134 77 895 1533 1830 1127 106 133 68 1740 1923 412 1691 1029 230 2396 754 622 1128 334 860 1241 1166 1630 909 1248 1828 955 1658 1472 1886 2241 126 571 921 873 2009 1805 2077 2220 726 2158 1640 1856 474 875 1837 212 1972 1816 356 1512 2300 1567 654 1982 1454 1540 271 950 2620 1500 2544 141 589 2346 1576 2285 2111 1316 1066 2456 744 176 277 600 1990 2234 2121 953 1797 2440 2589 1099 1079 560 1358 348 1046 2548 2593 1095 1648 || mode=RB method=sk_ac_min solver=pyvrp stage=post_ls ls=pyvrp iter=7
2026-03-15 22:16:11 | INFO     | [POOL #00098] 1233 393 2264 1913 1556 2098 1583 2543 372 1999 1722 143 1983 1643 1734 1587 2535 2587 2430 540 1285 1922 438 1531 1970 937 2147 1585 2380 2057 1049 286 2249 218 138 171 811 157 1488 1674 1515 397 1256 1001 959 594 477 2253 1037 2588 204 2379 463 995 1465 1288 1476 1024 1068 319 2038 1059 903 1477 615 935 92 976 390 838 1396 1889 1322 625 1201 1793 734 2086 26 2299 248 1203 747 1495 1792 1302 202 249 56 274 869 2560 453 478 2414 151 1446 1549 1887 1123 211 774 371 2152 2596 1245 686 781 2629 1457 843 1394 1296 1676 1833 2503 1369 1093 750 1492 949 120 1313 2204 1489 592 340 1572 829 1823 20 651 1345 1892 2071 1786 874 117 2202 1617 817 562 1902 786 2501 2036 2017 1689 727 788 1718 255 1851 1539 1000 1831 292 73 279 252 832 1736 2190 1681 428 1579 55 1219 288 2412 21 || mode=RB method=sk_ac_min solver=pyvrp stage=post_ls ls=pyvrp iter=7
2026-03-15 22:16:11 | INFO     | [POOL #00099] 1772 2594 17 826 1915 1705 129 532 2526 793 1822 1047 1045 1115 2512 2559 170 22 80 1592 1141 542 241 137 2047 1564 1961 2088 1265 2221 1246 380 1637 1701 1646 2232 226 140 1163 1050 2025 2150 493 923 558 720 1298 452 1060 205 430 548 828 1918 2390 2368 2432 307 2388 246 2073 2531 54 1487 1063 1780 1790 304 1921 2181 1611 434 2632 2604 1939 1934 1763 1071 752 439 2450 1317 1208 2341 1578 451 404 891 588 638 2615 152 1550 1459 789 336 1006 169 2416 389 652 1908 2496 272 878 459 1971 707 1764 888 1443 742 1194 1789 2231 2049 863 480 920 1980 661 885 798 2133 1144 1442 165 647 1381 330 2464 1996 291 894 971 719 1266 350 2 1496 1306 627 522 611 1475 1930 712 1404 2203 1963 1436 1016 1188 128 1738 867 2348 1920 || mode=RB method=sk_ac_min solver=pyvrp stage=post_ls ls=pyvrp iter=7
2026-03-15 22:16:11 | INFO     | [POOL #00100] 1388 1680 64 546 2075 1124 118 2610 421 946 812 63 1847 819 296 1146 1111 1242 2302 1794 2063 405 1508 1154 1666 349 2313 1880 665 1552 266 1052 131 1089 1212 1729 1189 9 1270 1356 670 2085 328 2467 1776 499 1263 2612 1279 2113 673 465 804 342 536 2469 2598 1653 694 531 1821 1748 1364 2267 2309 1011 519 1119 2051 850 1458 1225 125 2546 1571 50 555 1054 2306 1589 322 37 1767 1040 2304 193 943 718 567 1962 2520 98 1986 1532 57 1907 1604 2243 635 969 2326 2260 1760 1392 526 196 2618 511 375 1778 440 1315 139 1735 2579 740 1167 384 2631 1979 2161 1183 1105 1516 2199 1699 1696 2109 1377 1220 887 1931 2424 1675 1237 1210 914 1639 883 1974 1584 1333 614 238 1281 1984 735 1554 2358 2235 1320 2451 1277 2018 233 776 544 1437 295 2491 || mode=RB method=sk_ac_min solver=pyvrp stage=post_ls ls=pyvrp iter=7
2026-03-15 22:16:11 | INFO     | [POOL #00101] 1864 919 993 2335 2187 435 305 813 1526 2128 1223 1874 1117 122 587 310 924 2420 2004 2091 2406 2117 1074 394 2397 333 444 728 570 396 2151 2402 1162 1829 2256 150 1660 285 2504 1463 1088 83 2529 269 111 1652 841 1506 147 2331 645 545 2126 1943 1304 208 1687 2277 845 1243 2177 2145 362 2296 1784 1743 2472 1919 1946 154 1073 1609 1801 630 1170 2031 1853 1712 721 783 2059 2229 1529 425 2137 2575 242 683 2325 756 197 942 2490 97 2423 1010 2324 446 1362 1925 254 1389 472 2198 2614 2200 4 162 2418 351 99 2355 1657 1284 650 1247 2136 1742 2371 2191 619 1374 2508 1998 2364 1485 770 1400 1254 2400 1004 2185 1479 1494 343 1861 2207 1606 980 848 1976 2314 1350 823 1383 243 130 102 884 640 1427 1673 1702 1395 1043 1114 1798 1072 932 1349 1528 2525 1344 998 565 1460 1881 1158 612 996 2208 486 432 || mode=RB method=sk_ac_min solver=pyvrp stage=post_ls ls=pyvrp iter=7
2026-03-15 22:16:11 | INFO     | [POOL #00102] 264 1160 2019 2239 2157 603 1817 1125 2459 1783 2054 2097 1352 149 2210 468 2493 437 283 70 1451 253 1679 768 2089 1560 2582 2016 1632 1294 1522 74 2561 1326 974 893 325 2421 1945 282 458 1092 2619 912 8 530 1818 1677 1295 222 1634 1017 309 2144 564 2486 695 1954 2096 2441 755 1948 506 2445 933 922 1324 1641 192 1688 1620 528 46 2394 1534 660 926 1952 2168 782 2554 1031 1942 736 2183 2592 1807 79 515 2444 320 251 1478 314 1312 730 1062 678 1205 1177 2401 2603 2265 1893 2281 1834 1199 1433 938 1338 419 929 2195 1065 2410 2545 2482 1548 853 831 945 1523 852 1737 1678 1291 1940 1746 415 854 1235 574 559 155 498 1994 741 1715 1774 1842 2474 1033 866 182 1753 2056 835 2058 2298 596 353 2573 381 643 96 201 2043 808 2599 582 1527 731 907 1147 1644 1258 424 2517 1768 1343 || mode=RB method=sk_ac_min solver=pyvrp stage=post_ls ls=pyvrp iter=7
2026-03-15 22:16:11 | INFO     | [POOL #00103] 2494 2452 1733 2269 395 290 1134 337 1232 2609 989 964 579 1520 2633 2539 749 952 1723 2446 1883 1863 2178 1482 1769 509 1090 1308 699 967 899 913 163 2087 576 1056 2060 523 1890 1788 10 566 701 2108 1785 2373 183 1894 469 2403 2597 239 1577 1236 1904 354 2382 1796 42 423 800 386 997 360 1749 1332 679 2439 1732 2226 1204 112 688 1762 1323 790 2074 1382 676 84 940 1686 2209 1684 1106 76 2360 1251 1935 1650 2295 936 1505 1897 1967 1521 2339 1252 2537 1573 35 1185 634 1815 297 2576 2230 1716 1334 2013 2255 1871 1179 1525 702 1938 1903 818 40 1393 968 247 2153 764 1462 85 1885 89 1568 1511 301 1082 1347 2023 461 1109 1672 1619 145 1145 61 2438 2327 284 417 1432 200 2100 816 1941 1421 1007 2442 1594 2188 524 985 485 641 81 2305 2630 2163 1173 881 696 1605 2434 1973 2001 2014 121 871 || mode=RB method=sk_ac_min solver=pyvrp stage=post_ls ls=pyvrp iter=7
2026-03-15 22:16:11 | INFO     | [POOL #00104] 623 62 1929 232 2583 1857 1661 401 501 2280 2290 1518 779 2174 609 156 1591 1009 1491 1826 426 1927 483 557 1544 1839 2495 2037 753 2623 2541 1365 1402 746 1727 1872 36 2224 2448 1473 1014 1504 1157 481 2488 803 757 1230 1139 185 1133 973 1964 108 2288 1877 278 2521 105 60 1545 2475 2129 2540 1217 2383 14 67 1993 1777 1759 2329 1161 224 2303 1051 1023 805 773 629 1656 104 685 549 1497 1354 2104 1655 2357 1981 1566 962 308 186 2216 1464 377 516 552 991 339 466 505 1101 604 824 1751 1977 1003 599 677 1747 1876 2272 1339 667 709 1 2393 2283 2428 2581 2409 723 2139 1200 689 1997 1944 1380 535 86 1597 1513 2316 1770 722 956 2519 743 1197 153 345 1159 2048 442 294 1800 1269 1152 315 2070 2248 2246 245 2489 2580 1629 1026 2411 1098 2473 2585 2273 2212 1553 1044 855 2370 2154 697 261 || mode=RB method=sk_ac_min solver=pyvrp stage=post_ls ls=pyvrp iter=7
2026-03-15 22:16:11 | INFO     | [POOL #00105] 1425 2149 2102 1471 1936 1547 1429 2353 2263 300 882 1565 1116 1719 2201 299 2530 2171 1562 710 72 2338 692 1414 733 2513 173 2080 2238 2349 12 591 1956 1002 2082 1417 648 537 1731 513 1244 1136 1989 745 135 578 876 822 1453 280 606 2123 1178 2333 1671 1536 1854 961 240 1444 1507 1184 704 1305 1683 2586 23 2030 2072 48 234 2415 590 613 593 2193 802 2052 1610 833 1991 368 1181 724 739 1182 2387 2131 2617 2062 27 410 1061 1405 1730 1802 1076 2307 2557 958 2196 329 1498 1261 1739 431 1775 1709 1329 1077 1399 2301 1351 313 1431 1901 1517 479 646 2419 983 916 2399 462 1309 765 1335 1428 2120 326 512 2481 1995 1449 391 2061 1327 450 2166 1810 2027 1812 618 327 763 2164 1366 2498 1711 1293 825 760 821 1799 1958 2425 237 636 2569 675 965 1075 2173 1700 198 814 184 1843 2276 || mode=RB method=sk_ac_min solver=pyvrp stage=post_ls ls=pyvrp iter=7
2026-03-15 22:16:11 | INFO     | [POOL #00106] 2562 1447 1814 1198 385 2138 2222 457 1371 429 2398 2407 1614 2140 1132 298 2356 2211 1126 553 311 2515 525 1180 1866 1693 1490 705 2034 573 680 231 1420 1278 181 928 1978 2065 1422 2218 1754 2275 580 2039 2626 1724 1412 2613 963 65 229 1933 901 925 306 2514 1781 265 951 2008 617 1253 1319 2169 2011 281 2122 1926 972 2106 2567 1744 671 316 1745 178 2130 984 2252 1411 1452 364 227 598 1267 2103 1859 318 1819 103 2417 844 2574 460 2510 1307 256 672 639 1187 148 1168 448 1032 999 1852 2251 877 2095 1703 2125 1331 1021 2422 1346 365 1286 1621 2431 2374 1642 762 1755 584 2323 454 1156 2033 418 840 1193 2436 886 1363 268 2242 547 2233 504 900 1669 1206 1761 608 1121 174 858 2572 1959 1914 1012 533 851 2408 1008 1391 || mode=RB method=sk_ac_min solver=pyvrp stage=post_ls ls=pyvrp iter=7
2026-03-15 22:16:11 | INFO     | [POOL #00107] 383 561 1808 78 1575 2214 849 1905 1966 2240 2602 1213 1131 2470 994 785 2556 992 1481 1196 495 2447 2083 488 1282 1238 1844 2069 2386 45 1721 3 1314 257 1635 621 374 1916 1791 1055 1191 2254 1868 653 865 1086 1289 1227 1418 2132 1229 2258 2605 276 2247 572 2523 250 1468 2363 490 33 2538 1216 649 2375 1048 1811 44 2322 2162 1975 167 2274 449 2344 1231 127 199 751 59 1752 2389 39 2186 1067 1013 657 2571 1514 960 2566 2343 988 2035 624 2384 514 1645 2101 1827 2119 659 1803 1299 1879 331 1094 1647 918 655 1070 75 259 2045 7 2565 1581 521 518 1020 2622 2044 38 1563 2527 1192 2532 2160 1175 262 2142 1664 1708 2084 289 2404 409 2076 16 194 846 2066 2485 260 917 791 1142 1846 1110 373 2112 1524 497 684 175 856 1546 1710 1912 1960 2311 758 2197 2337 2079 738 1019 1169 416 666 2148 896 1992 1551 414 1955 1569 || mode=RB method=sk_ac_min solver=pyvrp stage=post_ls ls=pyvrp iter=7
2026-03-15 22:16:11 | INFO     | [POOL #00108] 1965 2294 235 2365 1153 1706 51 1097 2286 1988 1603 554 1025 303 1766 1782 467 1360 947 1140 1041 413 2591 1598 2250 729 2624 2046 1888 109 2312 2484 1654 1720 2284 1895 1064 662 1423 1867 1164 1787 1601 411 859 1078 890 1143 1836 2107 1240 2219 189 422 263 1172 110 1120 2342 180 2245 420 2563 95 631 2094 1401 1707 1849 1348 2124 32 113 861 491 1058 834 1626 927 1221 195 172 1373 1087 2053 517 1613 1337 556 2506 1608 2099 2460 1292 1615 777 2351 939 367 1624 766 1416 1091 2215 1321 1530 1756 1538 1668 795 223 1558 1218 698 2483 2024 1151 25 447 43 366 1361 90 1441 1537 2462 1080 1694 626 19 2175 1499 1113 2395 2367 693 24 1850 1713 759 2271 1190 796 293 1682 344 1845 2487 674 810 1155 2553 1439 321 1318 1430 || mode=RB method=sk_ac_min solver=pyvrp stage=post_ls ls=pyvrp iter=7
2026-03-15 22:16:11 | INFO     | [POOL #00109] 870 160 1104 471 1878 2413 1899 981 1272 347 1627 1083 324 897 911 1670 2391 88 1695 1612 2590 2194 716 2165 1697 312 2068 1757 473 2282 1937 1005 1501 772 930 2328 2477 2362 1765 1555 2606 948 382 207 931 2611 115 2192 715 355 2116 2321 1474 1081 857 1884 1138 1341 1574 1015 767 1559 1069 1455 1586 687 780 1239 839 1273 2511 408 1408 2055 2105 1951 2293 11 2455 400 142 1027 2478 982 778 2002 1840 28 1300 1638 543 1985 601 1968 748 1171 168 1100 1030 || mode=RB method=sk_ac_min solver=pyvrp stage=post_ls ls=pyvrp iter=7
2026-03-15 22:16:11 | INFO     | [POOL #00110] 801 1379 2578 2601 809 220 2500 1509 1150 2012 2143 690 1224 842 2366 2497 2206 502 620 225 1384 1692 476 551 1456 2115 2179 732 1896 332 1424 2287 1623 187 1725 794 1557 1561 2600 1806 357 978 904 2067 1359 2020 470 2584 1135 2093 1651 1860 2555 1387 2479 1303 2352 1503 1906 1633 2134 2332 529 1310 1570 1484 2315 1260 1898 1685 2361 1809 489 82 1493 1118 1470 1336 402 427 1406 2155 287 2015 2032 682 1330 2536 1386 359 2533 1028 2135 358 836 2266 2492 658 159 369 799 1795 2170 1987 5 510 628 966 1599 258 792 2205 2476 1469 144 1726 2182 1268 1949 2292 2345 1804 1018 1663 441 2257 2552 979 2268 954 213 1096 69 216 632 203 681 2443 797 1717 1957 2376 769 || mode=RB method=sk_ac_min solver=pyvrp stage=post_ls ls=pyvrp iter=7
2026-03-15 22:16:11 | INFO     | [POOL #00111] 1388 1437 432 544 486 2208 996 612 1158 1881 1460 565 998 1344 2525 1528 1349 932 1072 1798 1114 2302 1242 1111 296 1146 405 2063 1794 640 884 102 130 243 1383 823 1350 2314 1976 848 980 1606 2207 1861 343 1494 9 1270 1279 2612 2113 1263 673 117 874 2071 1892 1345 2267 2309 1011 519 651 1119 20 1823 97 1225 2490 942 1054 2306 1589 322 37 1767 1040 2137 2575 242 683 2325 756 197 721 1712 783 425 1529 2059 2229 845 1243 2277 1687 588 638 2615 152 2304 943 193 1962 567 718 50 555 1571 2546 125 2423 1458 850 2051 2614 2200 4 162 2418 1786 2202 1617 817 562 1902 786 2501 2185 2036 1479 1167 2017 1689 727 788 1718 255 1851 1539 1000 1831 292 73 1427 1673 1702 1043 1395 1584 1333 614 238 1281 1984 735 1554 2358 2235 1320 2451 1277 2018 233 776 295 2491 1920 || mode=RB method=sk_ac_complete solver=filo1 stage=post_ls ls=pyvrp iter=8
2026-03-15 22:16:11 | INFO     | [POOL #00112] 2348 867 1738 128 1188 1016 1436 55 1579 428 1681 2190 1974 883 1736 832 252 279 1675 2424 1931 887 1220 1377 1699 1696 1516 2199 1105 1183 2161 1979 2631 384 440 1315 139 1735 740 2579 1004 1254 2400 1400 770 1485 2364 1247 650 2136 1742 2191 2371 1998 2508 1374 619 526 2260 1760 2326 969 635 2243 2355 1657 1284 351 99 2198 1010 2324 446 1362 1925 472 254 1389 1604 1907 57 1532 1986 98 2520 336 789 1459 1550 1006 169 389 2416 652 1908 2496 459 1971 707 1764 878 272 1392 196 2618 511 375 1778 1789 2231 2049 863 480 920 1980 661 885 798 2133 1144 1442 165 647 1381 1074 2117 2406 2091 2004 2420 924 310 587 122 1592 1117 1874 1223 2128 1526 813 1496 1306 627 522 611 2187 2526 532 2335 1915 826 17 2594 1772 || mode=RB method=sk_ac_complete solver=filo1 stage=post_ls ls=pyvrp iter=8
2026-03-15 22:16:11 | INFO     | [POOL #00113] 1864 919 993 1705 129 793 1822 1047 435 305 1115 1045 2512 2559 170 22 80 1141 143 1983 1643 1734 1587 2535 1637 2587 2430 1701 540 1285 1922 438 1531 1970 937 2147 1585 2380 2057 1049 1660 285 2504 1463 1088 218 138 171 811 157 1488 439 752 1071 1763 1939 1934 1611 434 2632 2604 1037 2588 204 2379 2253 477 463 995 1465 1288 249 1476 56 274 869 2560 1059 903 1477 615 935 92 976 2038 319 1068 390 838 1396 1889 1322 625 1201 1793 1024 202 1302 734 2086 26 2299 248 1203 747 1792 1495 2181 1921 304 1790 1780 1063 1487 54 2531 2073 246 2388 307 2432 2368 2390 1918 2249 286 828 548 430 205 1060 452 1298 720 558 923 493 2150 2025 1050 1163 140 226 2232 1646 380 1246 2221 1265 2088 1961 1564 2047 1722 542 241 137 1999 372 2543 1583 2098 1556 1913 2264 393 1233 || mode=RB method=sk_ac_complete solver=filo1 stage=post_ls ls=pyvrp iter=8
2026-03-15 22:16:11 | INFO     | [POOL #00114] 1680 64 546 2075 1124 118 421 946 812 63 1847 819 1666 1154 1508 349 2313 1880 665 1552 266 1052 131 1089 1212 1729 1189 1356 670 2085 328 2467 1776 499 465 804 342 536 2469 1821 1364 1748 531 2598 1653 694 592 340 1572 829 1489 2204 1313 120 949 1492 750 1093 1369 2503 1833 1676 1296 1394 843 1457 2629 781 1853 630 1170 2031 686 1245 2596 2152 371 774 211 1123 1887 1549 1446 151 453 478 2414 2472 1919 1946 154 1073 1609 1801 2177 2145 362 1743 1784 2296 959 594 1001 1256 2341 1208 1317 2450 1674 1515 1578 397 451 404 891 208 1304 1943 2126 545 645 2331 147 1506 841 1652 111 83 269 2529 1443 888 1194 742 150 2256 1829 1162 2402 2151 396 570 728 444 333 2397 394 330 2464 1996 2109 291 894 971 719 1266 350 2 1237 1210 914 1639 1475 1930 712 1404 2203 1963 1219 288 2412 21 || mode=RB method=sk_ac_complete solver=filo1 stage=post_ls ls=pyvrp iter=8
2026-03-15 22:16:11 | INFO     | [POOL #00115] 520 2454 1325 1728 970 663 2029 2007 1502 2319 703 706 1103 987 2217 1813 664 1137 228 2244 1814 2385 2081 273 2463 986 595 569 934 1438 586 1667 2334 892 403 2471 2437 392 806 2092 1257 775 1580 1297 915 2458 585 1535 1250 1445 1595 827 2026 2509 2270 1053 29 1519 71 487 1483 1375 1207 2127 2369 1450 1932 1659 361 2022 2516 633 2340 642 2118 341 2549 123 1376 508 2435 807 1148 1202 2372 124 2227 2392 1283 2141 2347 215 1222 1367 475 1415 534 1835 2427 2607 1042 1486 1112 2236 1039 323 563 669 713 879 1057 1924 864 101 2550 161 1636 2146 1741 2189 1274 || mode=RB method=sk_ac_complete solver=filo1 stage=post_ls ls=pyvrp iter=8
2026-03-15 22:16:11 | INFO     | [POOL #00116] 1648 623 1095 2593 2548 1046 348 1358 560 1079 1099 2589 2440 1797 953 232 2121 2234 1990 600 1226 18 1662 691 2310 277 176 744 2456 1066 1316 2111 2285 1576 2346 589 141 2544 1500 2620 950 271 1540 1454 1982 654 1567 2300 1512 356 1816 1972 212 1837 875 474 1856 1640 2158 726 2220 2077 1805 2009 873 921 571 126 2241 1886 1472 1658 955 1828 1248 909 1630 1166 1241 860 334 1128 622 754 1882 1891 302 399 2320 1368 1403 93 2040 2223 482 2259 1370 1740 68 500 1900 1234 2006 1543 815 2308 1750 1466 889 2350 1875 1690 2176 1704 2172 1461 107 166 2021 1841 2359 455 464 1448 2502 2405 2028 30 1409 1582 || mode=RB method=sk_ac_complete solver=filo1 stage=post_ls ls=pyvrp iter=8
2026-03-15 22:16:11 | INFO     | [POOL #00117] 870 801 160 1104 471 1899 1878 2413 2500 220 1509 1757 2068 312 473 2282 2143 690 1937 842 2366 1224 1005 1501 772 930 2328 2477 142 2362 502 2206 2497 620 225 1555 1765 2293 11 1951 207 382 948 2606 1384 1692 476 551 1456 2115 2179 732 1896 332 1424 2287 1373 172 1087 2053 517 1613 1337 556 2506 1608 834 1626 927 1221 195 1623 187 1725 794 1557 1561 2600 1806 357 978 904 2067 1359 2020 470 2584 1135 2093 1651 1860 2555 1387 2479 1303 2352 1503 1484 1570 1310 1906 1633 529 2332 2134 2116 355 715 2192 115 2611 931 2321 1474 1081 857 1884 408 2511 1408 2055 2105 2455 400 2478 1027 982 778 2002 1840 28 1300 1638 543 2012 1150 809 2601 2578 1379 1100 1030 || mode=RB method=sk_ac_complete solver=filo1 stage=post_ls ls=pyvrp iter=8
2026-03-15 22:16:11 | INFO     | [POOL #00118] 1717 168 1171 748 1968 601 1985 216 69 2257 441 1663 1018 1804 1455 1586 687 780 1239 839 1273 1559 1069 767 1015 1574 1341 1138 2315 1260 1898 1685 2361 1809 489 82 1493 1118 1470 1336 402 427 1406 2155 287 2015 2032 682 1330 2536 1386 359 2533 1028 2135 2610 358 836 2266 2492 658 159 369 799 1795 2170 1987 5 510 628 966 1599 258 792 2205 2476 1469 144 1726 2182 1268 1949 2292 2345 2552 979 2268 954 213 1096 632 203 681 2443 797 1957 2376 769 || mode=RB method=sk_ac_complete solver=filo1 stage=post_ls ls=pyvrp iter=8
2026-03-15 22:16:11 | INFO     | [POOL #00119] 1988 2286 1097 51 1706 1153 2365 321 1439 1713 24 1850 759 2271 1190 796 293 2553 1155 810 344 1682 1845 2487 674 554 1603 1025 303 1766 1782 467 1360 947 1140 1041 413 2591 1598 2250 729 90 1441 1537 1080 2462 1694 626 19 2175 2024 2483 698 1218 1558 1151 25 447 43 1361 366 2312 109 1888 2624 2046 1064 662 1423 1867 1164 1787 1601 411 859 1078 890 2284 1895 2484 1654 1720 1143 1836 2107 1240 2219 189 422 263 1172 110 1120 2342 180 2245 420 2563 95 631 2094 1401 1707 1849 1348 2124 32 113 861 491 1058 1538 1668 223 795 1756 1530 1321 2215 1091 1499 1113 2395 693 2367 1416 766 1624 2460 2099 1292 1615 777 2351 939 367 2165 1697 716 2194 2590 1612 1695 88 2391 1670 911 897 324 1083 1627 347 1272 981 1318 1430 235 2294 1965 || mode=RB method=sk_ac_complete solver=filo1 stage=post_ls ls=pyvrp iter=8
2026-03-15 22:16:11 | INFO     | [POOL #00120] 2494 2452 1733 2269 395 290 1134 337 1232 2609 964 989 579 1520 2633 2539 749 952 1723 2446 1883 1863 2178 1482 1769 509 1090 1308 699 967 899 913 163 2087 576 1056 2060 523 1890 1788 10 566 701 2108 1785 2373 183 1894 469 2403 2597 1236 239 1577 167 1975 2274 449 2344 2162 2322 44 1545 127 1231 199 751 59 1752 2389 354 2382 1796 42 423 800 386 997 360 1749 1332 1094 331 1879 1299 1803 659 1827 2119 1067 2186 39 1013 657 2571 1514 960 2383 1217 14 2540 2129 2475 67 1993 2521 105 60 278 1877 2288 108 1964 973 2132 1229 2258 2605 276 1048 2375 1811 649 2247 572 2523 250 1468 2363 490 33 2538 1216 1418 1227 653 865 1086 2254 1791 1055 1191 1868 1635 1916 621 374 2623 257 1314 3 1721 45 2386 2069 1844 1238 1282 488 2083 2447 495 426 1481 1196 992 2556 785 994 2470 1131 1213 2602 2240 1966 1905 849 1575 78 1808 561 383 1929 || mode=RB method=sk_ac_complete solver=filo1 stage=post_ls ls=pyvrp iter=8
2026-03-15 22:16:11 | INFO     | [POOL #00121] 1569 2276 1955 414 1843 1551 1992 896 2148 666 416 1169 1019 738 2079 2337 2197 758 2311 2411 1960 1912 1710 1546 2580 856 175 2489 245 2246 2070 315 684 497 1524 1197 743 2519 956 722 2316 2485 2066 2275 1754 580 2039 2626 1724 1412 2613 963 65 229 1933 901 925 306 2514 617 1253 1319 2169 2011 604 599 677 1747 1101 505 1876 2272 1339 739 1182 724 1181 368 802 2193 2052 1610 833 1991 466 339 552 991 590 516 377 613 593 1464 2216 186 308 962 629 773 1656 1566 1981 2357 1655 2104 1354 1497 549 2415 234 48 2072 2030 23 2586 1683 1305 685 104 704 1184 1507 1444 240 961 1854 1536 1671 745 1989 1136 1244 513 1731 537 648 1417 2082 1002 1956 591 2349 2238 2080 173 2513 733 1414 692 2338 72 710 1562 2171 2530 299 2174 2201 1719 1116 1565 882 300 2263 2353 1429 1547 1936 1471 2102 1425 || mode=RB method=sk_ac_complete solver=filo1 stage=post_ls ls=pyvrp iter=8
2026-03-15 22:16:11 | INFO     | [POOL #00122] 1391 871 121 1107 34 2001 1973 2434 1605 696 881 1173 2163 2630 641 2188 1594 2442 1007 1421 1451 1941 816 2100 200 1432 417 284 2327 2438 61 1145 145 1619 1672 1109 461 2023 1347 1082 301 1568 1511 85 1462 1903 1938 702 1525 1179 1871 2255 2013 1334 2295 936 1650 1935 1251 1897 1505 1716 2230 2576 297 1573 35 2574 2537 1252 2339 1521 1967 76 2360 518 521 1581 2565 2045 259 75 1070 1647 918 655 7 679 2439 1382 1732 2226 1204 112 790 2074 1323 1762 688 1645 514 2384 2101 2035 988 2343 2566 624 1777 1759 2329 1161 224 2303 805 1023 1051 185 1133 1139 1230 757 803 2488 1289 1157 481 1014 1504 1473 2448 2224 36 1872 1727 746 1402 1365 2541 753 2037 2495 12 1839 1544 557 483 1927 1826 1491 1009 1591 156 609 779 1518 2290 2280 501 2214 401 1661 1857 2583 62 || mode=RB method=sk_ac_complete solver=filo1 stage=post_ls ls=pyvrp iter=8
2026-03-15 22:16:11 | INFO     | [POOL #00123] 261 697 2154 533 1012 761 855 1044 1553 2212 2273 2585 2473 1098 2233 2242 1799 821 760 825 1293 1711 2498 1366 2164 763 327 618 1812 2027 1810 2166 450 1327 765 1309 462 2399 916 983 2419 646 479 1431 313 1351 2301 1901 1517 1168 148 1187 639 672 2103 1267 598 227 364 1452 1411 2252 984 1498 178 1745 316 671 1744 2139 2567 723 289 2084 2581 2428 1751 1977 1003 824 281 2122 1926 972 2409 2106 2404 409 2076 16 846 194 1997 1944 1380 535 86 1597 1513 1770 260 917 680 231 2218 1422 2065 1781 2008 265 951 280 606 2333 1178 2123 1453 822 135 578 876 1978 928 181 1278 1420 573 2034 791 1142 1846 1110 373 2112 705 1490 1693 1866 1180 525 2515 311 553 1126 2211 2356 298 1132 2140 1614 2407 2398 429 1371 457 2222 2138 385 1198 2149 1447 2562 || mode=RB method=sk_ac_complete solver=filo1 stage=post_ls ls=pyvrp iter=8
2026-03-15 22:16:11 | INFO     | [POOL #00124] 1259 2370 814 198 1700 2173 1075 965 675 1026 1629 2569 636 237 1958 2425 2248 1152 1269 1800 294 442 2048 1159 153 345 391 1449 2061 1335 1428 2120 326 1995 2481 512 1399 1077 1329 1709 689 1200 1775 431 1739 2130 1261 329 2196 1708 1664 2142 262 1175 2160 1076 2307 2557 958 2283 2393 709 667 1 1802 1730 1405 1061 410 27 2062 2387 2131 2617 676 84 940 1686 2209 1684 1106 1020 2622 2044 38 1563 2527 1192 2532 1819 318 103 2417 844 1859 256 1307 2510 460 1185 634 1815 818 40 1393 968 247 2153 764 1885 89 1346 365 1286 2422 1021 1331 2125 1703 2095 877 2251 1852 999 1032 448 2431 2374 1621 1642 762 1755 584 2323 454 1156 2033 418 840 1193 2436 886 1363 268 985 524 485 81 2305 547 504 900 1669 1206 1761 608 1121 174 858 2572 1959 1914 1108 851 2408 1008 || mode=RB method=sk_ac_complete solver=filo1 stage=post_ls ls=pyvrp iter=8
2026-03-15 22:16:11 | INFO     | [POOL #00125] 2530 2171 1562 1132 298 2356 2211 1126 553 684 497 1159 2048 345 153 2519 1513 1597 86 535 1380 1944 1997 194 1724 2626 1412 2613 65 229 1781 876 578 135 822 1453 1178 2333 1671 1536 1854 961 240 1444 1656 629 773 805 185 1133 1139 1230 757 803 2488 1289 973 1964 108 1051 1023 2303 224 1161 1759 2329 2288 1877 278 60 105 2521 1993 1777 624 2384 514 1645 1067 2186 39 2389 1752 1577 239 1236 2597 2403 1894 469 1807 2592 2183 736 1942 1031 1952 2168 782 2554 1904 354 2382 1796 42 423 800 386 1299 1879 331 1094 1332 360 997 1749 922 933 2445 506 75 1070 1647 918 655 259 2045 2565 1581 521 936 1334 2013 2576 297 1573 35 1185 634 1815 818 40 1393 764 1885 89 1331 1021 2422 1346 365 1286 584 763 2164 327 1366 1293 1711 || mode=VB method=sk_ac_avg solver=pyvrp stage=post_ls ls=pyvrp iter=9
2026-03-15 22:16:11 | INFO     | [POOL #00126] 1799 821 760 825 1363 886 2436 1193 840 418 2033 1156 2323 454 145 1619 1672 1109 2023 1522 74 1294 2561 1632 2016 2582 1560 2089 768 816 2100 200 417 1432 2327 2438 61 1082 301 1568 1511 85 1462 1903 1938 702 1525 1179 2230 1716 1505 1897 1251 1935 1650 2295 1954 2255 1871 912 2619 1092 458 2421 325 1326 974 1678 1940 1291 1737 530 8 1818 1677 1295 222 1634 564 2486 695 2096 2441 755 1948 2144 1017 309 1338 938 1433 192 1688 1641 1324 1620 528 46 2394 1534 660 926 2603 2265 1893 2281 1834 1199 929 419 2195 1065 1548 2482 2410 2545 1842 1715 498 155 559 574 1235 854 415 1753 2056 182 1746 866 1033 2474 741 1994 730 1312 314 1478 251 79 515 2444 320 1177 2401 1205 678 1062 1774 853 831 945 1523 852 893 1945 282 1347 461 1145 284 485 900 881 696 1108 851 || mode=VB method=sk_ac_avg solver=pyvrp stage=post_ls ls=pyvrp iter=9
2026-03-15 22:16:11 | INFO     | [POOL #00127] 2148 2225 2079 2569 2580 856 175 2489 245 2246 2070 315 442 294 450 1327 2061 1335 1428 2120 1449 391 1995 2481 326 512 1399 1077 1329 1709 2301 1351 313 1431 1901 1168 148 227 598 1187 639 672 2103 1267 318 1819 2160 1076 2307 2557 958 1664 1708 2196 329 1745 178 316 671 1744 2139 2567 723 289 2084 2428 2581 2122 281 2011 1319 1253 2169 23 2586 2030 2072 234 48 604 677 599 667 709 1 2393 2283 1977 1003 824 1751 1926 972 2409 2106 2404 409 2076 16 846 2066 2485 2275 1754 580 2039 963 1933 901 925 306 2514 617 2008 951 265 1978 928 181 2065 1422 2218 231 680 917 260 1770 2316 722 956 743 1846 1142 791 573 2034 1110 1197 1524 2112 373 705 1490 1693 1866 1180 525 2515 311 173 1839 1544 557 483 426 1826 2077 || mode=VB method=sk_ac_avg solver=pyvrp stage=post_ls ls=pyvrp iter=9
2026-03-15 22:16:11 | INFO     | [POOL #00128] 1543 15 2311 1629 636 2425 2248 1152 1800 1269 2166 1810 765 2399 1755 762 1642 1621 2374 2431 448 1032 999 1852 2251 877 2095 1703 2125 2153 247 968 460 2510 1307 256 1859 103 2417 844 2574 2537 1252 2339 1521 1967 76 2360 518 1684 1686 940 2131 2387 1182 739 368 1181 724 2617 676 84 2062 27 410 1061 1405 1730 1802 1339 2272 1876 1747 1101 505 339 466 1991 833 1610 2052 802 2193 593 613 516 590 552 991 2415 549 1497 1354 2104 1655 2357 377 1464 2216 186 308 962 1981 1566 685 1305 1683 704 104 1507 1184 280 606 2123 745 1014 481 1157 1504 1473 2224 1872 36 2448 1989 1136 1244 513 1731 1278 1420 537 648 1417 2082 1002 1956 591 2541 2623 2069 2386 45 913 163 2087 576 1721 3 1314 257 1844 1238 1282 488 2083 2447 495 1196 1481 785 1213 2280 501 1982 1661 2583 1990 62 623 || mode=VB method=sk_ac_avg solver=pyvrp stage=post_ls ls=pyvrp iter=9
2026-03-15 22:16:11 | INFO     | [POOL #00129] 700 1079 1471 1882 334 1472 921 299 1009 1491 1927 710 72 2338 692 1414 733 2513 2080 2238 2349 12 2495 2037 753 1365 1402 374 621 1635 1916 746 1727 1791 1055 1191 2254 1868 1086 865 653 490 33 2363 1468 250 1056 2060 523 2523 572 2247 1216 2538 1418 1227 2132 1229 2258 2605 276 1048 2375 649 1811 1890 1788 10 566 701 2108 1785 2373 183 167 1975 2162 2322 44 1545 127 1231 2344 2274 449 199 751 59 2475 2129 2540 14 1217 2383 1514 2571 657 1013 960 67 2566 2343 988 2035 2101 1827 2119 659 1803 2226 1204 112 688 1762 1323 790 2074 1382 1732 2439 679 7 2209 1106 1020 2622 2044 38 1563 1192 2527 2532 1175 262 2142 364 1452 1411 2252 984 1498 1261 1775 1200 689 431 1739 2130 1517 479 646 2419 983 916 462 1309 2027 1812 618 2498 1958 237 1546 1710 1960 214 738 1019 880 1625 2172 || mode=VB method=sk_ac_avg solver=pyvrp stage=post_ls ls=pyvrp iter=9
2026-03-15 22:16:11 | INFO     | [POOL #00130] 1734 1265 2232 1285 1922 438 1531 1970 937 2147 1162 1585 2380 2057 1829 2256 150 1660 285 2504 1049 286 828 205 1060 452 637 430 548 1918 2249 218 1463 1088 83 111 1652 841 1506 147 2331 645 545 2126 1943 1304 1687 2277 845 1243 2177 2145 362 2472 1919 2414 478 869 2560 453 151 1446 1059 903 1477 615 935 92 976 2038 319 1068 390 838 1396 1889 1322 625 1201 1024 1793 734 2086 26 2299 248 1203 747 1495 1792 1302 202 249 1476 56 274 995 1465 1288 2604 2632 434 1611 1934 1939 1037 2588 204 2379 2253 463 477 1001 594 959 2296 1784 1743 1801 1609 1073 1946 154 1245 2596 1549 1887 1123 211 774 371 2152 2629 781 686 2031 1853 1170 630 2229 2059 1529 2137 1040 2304 193 1962 567 2520 98 1986 1532 57 1604 1907 1908 2496 459 878 272 1392 196 2618 511 375 1778 920 798 885 570 2397 2117 2406 2004 || mode=VB method=sk_ac_avg solver=pyvrp stage=post_ls ls=pyvrp iter=9
2026-03-15 22:16:11 | INFO     | [POOL #00131] 494 114 1034 484 1631 2494 2264 1913 2078 2518 2041 2297 2452 1733 2269 395 275 1036 2547 206 363 290 2114 317 2090 1999 398 1419 1953 1824 1838 337 1232 2609 989 964 602 717 577 190 1215 1255 335 2446 1723 952 749 2539 1520 2633 2336 1434 579 436 605 644 188 1311 2221 1246 380 1646 540 394 1442 2133 1144 165 647 1381 1696 1516 2199 1105 1183 2161 1979 727 788 1718 255 848 980 1212 1089 131 1052 1976 266 2314 1851 1539 1350 823 1383 1552 1880 2313 130 243 102 884 640 1831 73 292 1220 887 1931 2424 1675 279 1427 832 1639 914 1210 1237 2 350 1266 719 1874 1223 1526 813 1306 522 1475 1930 2203 1404 712 2190 1681 428 1579 614 238 1281 55 1963 1436 1219 1016 288 2412 21 826 17 2594 2348 || mode=VB method=sk_ac_avg solver=pyvrp stage=post_ls ls=pyvrp iter=9
2026-03-15 22:16:11 | INFO     | [POOL #00132] 252 1000 1699 2631 1167 1479 2036 2185 2501 770 1374 619 526 2260 1760 2326 969 635 2243 1389 718 943 37 1767 242 2575 425 783 1712 721 843 1394 1457 1296 1676 1833 2503 750 1093 1369 197 756 2325 683 322 1589 2306 942 2490 1054 555 50 254 472 2198 1362 1925 446 2324 1010 1571 2546 125 2423 850 2051 1119 1458 1225 97 1823 20 829 1489 2204 949 1492 120 1313 592 694 1653 2598 531 340 1572 651 519 1011 2309 2614 2200 4 162 99 2355 1657 1284 351 2418 1786 2071 1892 1345 2267 1364 1748 1821 2469 536 342 117 874 2202 1617 817 562 1279 2612 2113 1263 673 804 465 499 1776 2467 1356 328 2085 670 1729 1189 9 1270 1902 786 1485 2364 1247 650 2136 1742 2191 2371 1998 2508 1400 2400 1254 1004 2579 740 1735 139 1315 440 384 2017 1689 343 1494 1861 2207 1606 665 349 || mode=VB method=sk_ac_avg solver=pyvrp stage=post_ls ls=pyvrp iter=9
2026-03-15 22:16:11 | INFO     | [POOL #00133] 2595 910 2468 2042 725 1929 1622 1618 2184 146 1084 656 1372 445 177 541 2279 2289 1066 2111 2285 1316 383 164 2465 975 1698 1134 1869 616 1500 2620 950 1355 52 221 2466 2228 2003 1773 2377 1390 2167 1858 2237 244 2453 2180 2318 2522 492 2568 1590 2261 1211 1209 31 990 737 1596 1588 474 1856 1640 2158 726 2220 1116 1805 1719 2290 849 1905 1966 2240 2602 1276 158 994 2470 1131 1518 2201 873 2009 1886 2241 457 2222 1658 955 1828 1248 1128 622 882 1565 300 2263 2353 71 487 1483 1375 1519 2270 1053 2320 1429 399 302 1891 1368 1403 1547 93 2040 2223 1445 1250 1936 482 2259 2334 1667 892 2227 2392 1283 2141 475 1415 1835 2427 2607 1042 1486 2310 691 1662 1112 2236 1039 1358 1046 2548 1741 1325 261 2454 520 || mode=VB method=sk_ac_avg solver=pyvrp stage=post_ls ls=pyvrp iter=9
2026-03-15 22:16:11 | INFO     | [POOL #00134] 769 1388 681 203 1680 64 213 2182 1469 144 1726 2476 1268 2205 767 1015 2170 1795 799 489 82 1493 1118 369 159 658 1470 1336 402 427 1406 2155 287 2015 2032 682 1330 2536 1386 359 1028 2533 421 946 812 63 1847 819 296 1111 1242 2302 1146 1666 1154 1508 405 2063 1794 1673 1702 1798 1114 1043 1395 1736 883 1974 1584 1333 1072 932 1349 1528 1984 735 1554 2358 2235 1881 1460 565 998 1344 2525 2135 2610 358 2492 2266 836 5 1987 510 118 1124 628 966 1599 258 792 546 2075 1158 1320 2451 1277 1188 128 1738 867 776 233 2018 612 996 2208 486 544 432 1437 295 2491 1920 || mode=VB method=sk_ac_avg solver=pyvrp stage=post_ls ls=pyvrp iter=9
2026-03-15 22:16:11 | INFO     | [POOL #00135] 1274 2146 2589 2440 953 232 2121 2234 600 176 744 2456 508 2435 1376 123 1857 2549 341 807 1148 1202 806 392 1257 775 2092 2118 642 2340 633 1580 1297 1659 361 2022 401 2516 1576 2346 561 589 141 2544 271 1540 1454 1808 78 1575 2214 1816 875 1837 212 1972 1207 2127 2300 1512 356 654 1567 2369 1450 1932 29 2509 2026 1595 827 1535 585 2458 915 2437 2471 403 124 2372 2347 215 1222 1367 277 1226 18 1797 1099 560 348 2593 1095 1648 || mode=VB method=sk_ac_avg solver=pyvrp stage=post_ls ls=pyvrp iter=9
2026-03-15 22:16:11 | INFO     | [POOL #00136] 2189 1569 1636 161 2276 2550 1425 2562 879 1447 669 323 563 713 2217 1813 664 1137 534 2149 2102 986 2463 595 934 586 1438 569 1198 1370 385 1923 443 820 412 1691 1029 230 2138 2396 754 860 1241 1166 909 1630 1950 87 539 1038 2551 1600 2507 2457 1771 217 2317 346 714 41 191 1870 2426 1378 2354 1714 1169 2064 267 2005 2330 338 814 2173 1700 198 858 174 1121 608 1761 1669 1173 2459 582 1527 1125 1817 603 731 2156 1147 1258 1644 2014 1107 34 1385 2001 907 2157 2110 583 1593 1910 1909 6 379 837 1398 2239 2019 424 1947 2534 2517 1768 1160 264 568 1426 236 1357 91 2433 352 862 2480 1779 || mode=VB method=sk_ac_avg solver=pyvrp stage=post_ls ls=pyvrp iter=9
2026-03-15 22:16:11 | INFO     | [POOL #00137] 1582 1343 1969 1848 871 1397 47 121 1008 2408 1841 2021 210 406 2000 1865 1649 1122 527 1435 1973 2434 908 1022 1605 1102 2616 2572 1959 1553 1044 855 58 1129 1085 581 2499 2278 761 433 1914 2159 1271 1165 1873 1328 1628 2381 456 1758 2542 219 708 533 2370 184 1174 666 416 1832 2627 378 1149 830 2010 1911 1830 1127 106 133 68 1740 500 1900 1234 2006 2081 273 2385 1814 2244 228 1466 2350 1875 889 1750 2308 815 1340 134 77 895 1533 896 1992 49 905 1249 2378 1410 94 1690 2176 1704 1461 1843 1551 987 1103 414 706 703 2319 1502 1057 1924 864 101 1955 970 663 1728 2405 2028 30 1391 1917 179 597 711 2291 119 496 2608 1862 || mode=VB method=sk_ac_avg solver=pyvrp stage=post_ls ls=pyvrp iter=9
2026-03-15 22:16:11 | INFO     | [POOL #00138] 1864 919 1915 1705 2335 532 2526 793 1822 1047 435 305 1115 1045 2512 2559 170 22 80 1592 1141 587 143 1722 542 241 137 1602 1353 941 575 977 270 1564 1961 2088 906 2528 1342 2621 53 1825 1883 1863 2178 1482 2564 2461 2449 1542 538 1607 771 1413 2505 1186 1176 136 1280 1130 2524 503 992 2556 156 1591 609 779 2174 571 126 1371 429 2398 2407 1614 2140 1912 1026 675 2411 758 2197 2337 1075 965 1098 504 547 81 2305 2630 2163 1783 2054 2097 149 2210 468 2493 437 283 353 2573 381 643 2599 808 2043 201 96 1352 641 2188 1594 1007 1679 253 835 2058 2298 596 70 1451 1941 1421 2442 524 985 268 2242 2233 1206 2473 2585 2273 2212 550 1012 944 1195 2262 107 1259 2154 166 697 2359 455 2007 2029 1448 464 2502 1409 || mode=VB method=sk_ac_avg solver=pyvrp stage=post_ls ls=pyvrp iter=9
2026-03-15 22:16:11 | INFO     | [POOL #00139] 957 1233 393 1616 868 847 1556 2098 1583 2543 372 610 209 1035 370 2047 1983 1643 924 2420 971 1377 894 291 2091 1996 2464 2109 330 1074 2587 1701 226 140 1163 1275 1541 872 2025 2150 1050 493 923 558 720 1298 1928 100 2628 509 1769 1090 1308 699 967 899 1262 116 1228 2050 607 898 1855 13 2570 66 246 2073 2531 54 1487 1063 1780 1790 2181 1921 304 1763 1071 752 2388 1440 2429 132 2213 1301 1264 1287 307 2432 2368 2390 138 171 811 157 1488 439 1674 2450 1317 1208 2341 1256 397 1578 1515 404 451 891 208 588 638 2615 152 1550 1459 789 336 1006 652 389 2416 169 269 2529 1971 1764 707 1443 888 1194 742 1789 2231 2049 863 480 1980 661 2402 2151 396 728 444 333 2430 1637 2535 1587 310 122 1117 2128 1496 627 611 2187 129 1665 1467 1407 993 1772 || mode=VB method=sk_ac_avg solver=pyvrp stage=post_ls ls=pyvrp iter=9
2026-03-15 22:16:11 | INFO     | [POOL #00140] 1965 51 1097 2286 1988 1603 554 674 810 1155 2553 344 1682 1845 2487 2591 1598 2250 729 90 1441 1537 1361 366 2312 1895 2484 1654 1720 2284 890 1143 1836 2107 189 2219 1240 1078 859 411 1601 1787 1164 1867 1423 662 1064 109 1888 2046 2624 387 2558 1510 2625 787 407 784 668 388 1214 2577 1820 902 1480 376 1290 1041 413 1140 947 1360 467 1782 1766 303 1025 507 || mode=VB method=sk_ac_avg solver=pyvrp stage=post_ls ls=pyvrp iter=9
2026-03-15 22:16:11 | INFO     | [POOL #00141] 870 801 160 1104 471 1878 2413 1899 981 1272 347 1627 1083 324 897 911 1670 2391 88 1695 1612 2590 1757 2068 312 1697 2165 716 2194 367 766 1624 939 2351 777 1615 1292 2460 2099 1608 2506 556 1337 1613 517 2053 1087 172 1373 2287 1424 332 1896 732 2179 2115 1456 551 476 1692 1384 225 620 1765 2293 11 2362 142 1027 982 2478 400 2455 1408 2055 2105 1951 207 382 948 2606 1555 502 2206 2497 2366 842 1224 2477 772 2328 930 1501 1005 1937 473 2282 690 2143 2002 778 1840 28 1300 1638 543 1150 2012 1509 2500 220 809 2578 2601 1379 1100 1030 || mode=VB method=sk_ac_avg solver=pyvrp stage=post_ls ls=pyvrp iter=9
2026-03-15 22:16:11 | INFO     | [POOL #00142] 2294 235 1706 1153 2365 1430 1318 321 1439 1713 759 2271 1190 796 293 1080 2462 1694 626 2175 19 1850 24 693 2395 2367 1416 1113 1499 1091 2215 1321 698 2483 2024 25 43 447 1151 1218 1558 223 795 1530 1756 1538 1668 113 32 2124 1348 861 491 1058 834 1626 927 1221 195 1623 187 1725 794 1557 95 631 2094 1401 1707 1849 1172 422 263 110 1120 2342 180 2245 420 2563 1561 2600 1806 357 978 904 2067 1359 2020 470 2584 1135 2093 1651 1860 1387 2134 2332 529 1633 1906 1310 1570 1484 1503 2352 1303 2479 2555 715 2192 115 2611 931 355 2116 2321 1474 1081 857 1884 1341 1138 2315 1260 1898 1685 2361 1809 1574 1273 839 408 2511 1239 780 1586 687 1663 1018 1804 1455 1559 1069 1949 2292 2345 2552 441 2257 979 2268 954 1096 69 216 632 1985 601 1968 748 1171 168 797 2443 1717 1957 2376 || mode=VB method=sk_ac_avg solver=pyvrp stage=post_ls ls=pyvrp iter=9
2026-03-15 22:16:11 | INFO     | [POOL #00143] 1648 623 1095 2593 2548 1046 348 1358 560 1079 1099 2589 2440 1797 953 232 2121 2234 1990 600 277 176 744 2456 1066 1316 2111 2285 1576 2346 589 141 2544 1500 2620 950 271 1540 1454 1982 654 1567 2300 1512 356 1816 1972 212 1837 875 474 1856 1640 2158 726 2220 2077 1805 2009 873 921 571 126 2241 1886 1472 1658 955 1828 1248 909 1630 1166 1241 860 334 1128 622 754 1882 1891 302 399 2320 1368 1403 93 2040 2223 482 2259 1370 1740 68 500 1900 1234 2006 1543 815 2308 1750 1466 889 2350 1875 1690 2176 1704 2172 1461 107 166 2021 1841 2359 455 464 1448 2502 2405 2028 30 1409 1582 || mode=SCP method=gurobi_mip solver=UNKNOWN stage=scp_post_ls ls=N/A iter=9
2026-03-15 22:16:11 | INFO     | [POOL #00144] 870 801 160 1104 471 1899 1878 2413 2500 220 2578 2601 809 1150 2012 1509 1757 2068 473 2282 2143 690 1005 1224 1501 772 930 2328 2477 2362 142 1027 982 2478 400 2455 2105 2055 1408 2511 408 1474 1081 857 1884 1273 839 1239 780 687 1586 1455 1804 1018 1663 441 2257 2552 2345 979 2268 954 69 216 1638 1300 1840 778 2002 28 543 1985 601 1968 748 1171 168 1379 1100 1030 || mode=RB method=sk_ac_min solver=pyvrp stage=post_ls ls=pyvrp iter=10
2026-03-15 22:16:11 | INFO     | [POOL #00145] 1965 1706 51 1097 2286 1988 1603 554 1025 303 1766 1782 674 810 1155 2553 344 1682 1845 2487 467 1360 947 1140 1041 413 2591 1598 2250 729 2624 2046 1888 109 1064 662 1423 1867 1164 1787 1601 411 859 1078 890 2284 1895 2484 1654 1720 1143 1836 2107 1240 2219 189 422 263 1172 110 1120 2342 180 2245 420 2563 357 978 904 2067 1359 2020 470 2584 1135 2093 1651 1860 2555 1387 2479 1303 2352 1503 1906 1310 1570 1484 2315 1138 1341 1809 489 2361 1685 1260 1898 82 1493 1118 369 799 1795 2170 1987 836 2266 2492 658 159 1470 1336 402 427 1406 2155 287 2015 2032 682 1330 2536 1386 359 2533 1028 2135 358 5 510 628 966 1599 258 792 2205 1015 767 1574 1559 1069 2292 1949 1268 2476 1726 1469 144 2182 213 1096 632 203 681 2443 797 1717 1957 2376 769 || mode=RB method=sk_ac_min solver=pyvrp stage=post_ls ls=pyvrp iter=10
2026-03-15 22:16:11 | INFO     | [POOL #00146] 2294 235 1153 2365 321 1439 1713 1850 19 2175 2024 2483 698 1218 1558 223 795 1668 1538 1756 1530 1321 2215 1091 1499 1113 2395 2367 693 24 759 2271 1190 796 293 1080 626 1694 2462 1537 1441 90 1361 2312 366 43 447 25 1151 1849 1707 1401 2094 95 631 491 861 1348 2124 32 113 1058 834 1626 927 1221 195 1725 187 794 1557 1561 1806 2600 1623 2287 1424 332 2053 1087 1373 172 517 1613 1337 556 2506 1608 2099 2460 1416 766 1624 367 939 2351 777 1615 1292 620 225 1896 732 2179 2115 1456 551 476 1692 1384 2606 948 115 2192 715 2134 1633 529 2332 355 2116 2321 931 2611 382 207 1951 11 2293 1765 1555 502 2206 2497 2366 842 1937 312 1697 2165 716 2194 2590 1612 88 1695 2391 1670 911 897 324 1083 1627 347 1272 981 1318 1430 || mode=RB method=sk_ac_min solver=pyvrp stage=post_ls ls=pyvrp iter=10
2026-03-15 22:16:11 | INFO     | [POOL #00147] 1915 2335 532 2526 2187 611 522 627 1306 813 1526 2128 1223 1874 1117 1592 122 587 310 924 2420 2004 2091 2406 2117 1074 394 2397 333 444 728 570 396 2151 2402 1162 1829 2256 150 742 1194 888 1443 2529 269 83 111 1652 841 1506 147 2331 645 545 2126 1943 1304 208 638 588 891 404 451 397 1578 1515 1674 2450 1317 1208 2341 1256 1001 594 959 478 453 1446 151 2414 2472 1919 1946 154 1073 1609 1801 1743 1784 2296 362 2145 2177 1243 845 2277 1687 1529 425 2137 2575 242 1767 1040 2615 1006 169 389 2416 652 1908 2496 459 1971 707 1764 878 272 1392 196 2618 511 375 1778 1789 2231 2049 863 480 920 1980 661 885 798 2133 1144 1442 165 647 1381 330 2464 1996 2109 291 894 971 719 1266 350 1237 2 1496 1475 1930 712 1404 2203 1963 1219 288 21 2594 1772 || mode=RB method=sk_ac_min solver=pyvrp stage=post_ls ls=pyvrp iter=10
2026-03-15 22:16:11 | INFO     | [POOL #00148] 1388 1680 2208 64 546 2075 1124 118 2610 421 946 812 63 1847 819 1146 296 1111 1242 2302 1794 2063 405 1508 1154 1666 349 2313 1880 665 1552 266 1052 131 1089 1212 1729 1189 1356 670 2085 328 2467 1776 499 465 804 342 536 2598 531 1653 694 592 829 1489 2204 1313 120 949 1492 750 1093 1369 2503 1833 1676 1296 2152 371 774 211 1123 1887 1549 2596 1245 686 781 2629 1457 1394 843 1853 2031 1170 630 2229 2059 783 1712 721 197 756 2325 683 2490 942 1054 555 50 254 1925 1362 446 2324 1010 850 2051 1119 651 519 1011 2309 2267 1345 1892 2071 874 1786 2202 1617 817 562 1902 786 2501 2185 2036 1479 1167 2017 1689 727 788 1718 255 1350 823 1383 243 130 102 884 640 1427 832 1736 883 1974 1584 1333 614 238 1281 1984 735 1554 2358 2235 1320 2451 1277 1188 128 1738 867 2348 || mode=RB method=sk_ac_min solver=pyvrp stage=post_ls ls=pyvrp iter=10
2026-03-15 22:16:11 | INFO     | [POOL #00149] 1920 2491 295 1437 432 544 486 776 233 2018 996 612 1158 1881 1460 565 998 1344 2525 1528 1349 932 1072 1798 1114 1043 1395 1702 1673 73 292 1831 1000 1539 1851 2314 1976 848 980 1606 2207 1861 343 1494 9 1270 1279 2612 1263 2113 673 117 2469 1821 1748 1364 340 1572 20 1823 97 1225 1458 2423 125 2546 1571 2306 1589 322 37 2304 152 1550 1459 789 336 1962 567 718 943 193 2520 98 1986 1532 57 1907 1604 1389 472 2198 2614 2200 4 162 2418 351 99 1284 1657 2355 2243 635 969 2326 1760 2260 526 619 1374 2508 1998 1247 650 2136 1742 2191 2371 2364 1485 770 1400 2400 1254 1004 2579 740 1735 139 1315 440 384 2631 1979 2161 1183 1105 2199 1516 1696 1699 1377 1220 887 1931 2424 1675 279 252 1210 914 1639 2190 1681 428 1579 55 1436 1016 2412 826 17 || mode=RB method=sk_ac_min solver=pyvrp stage=post_ls ls=pyvrp iter=10
2026-03-15 22:16:11 | INFO     | [POOL #00150] 2276 2562 1447 664 1198 385 2138 2222 457 1371 429 2398 2407 1614 2171 1562 1132 298 2356 2211 1126 553 684 497 1524 2112 373 2034 573 680 231 2218 1422 2065 181 928 1978 1781 265 951 2008 617 1253 1319 2011 2169 23 2586 1683 1305 685 549 2030 2072 48 234 2415 1497 1354 2104 1655 2357 1981 1566 1656 773 629 962 308 186 2216 1464 688 1645 514 2384 624 2101 2035 988 2343 2566 1993 1777 1759 2329 1161 224 2303 805 1023 1051 185 1133 1139 1230 757 803 2488 481 1157 1504 1014 1473 1727 746 1872 36 2224 2448 1136 1989 745 2123 1178 2333 1671 1536 1854 961 240 1444 1507 104 704 1184 606 280 1453 822 135 578 876 1244 513 1731 1278 1420 537 648 1417 2082 1402 1002 1956 591 1365 2541 753 2037 2495 12 2349 2238 2080 1839 1544 557 483 1927 1826 1009 2530 299 779 1518 2290 2280 501 401 1661 1857 2583 62 623 || mode=RB method=sk_ac_min solver=pyvrp stage=post_ls ls=pyvrp iter=10
2026-03-15 22:16:11 | INFO     | [POOL #00151] 1569 1955 414 1551 1992 896 2148 416 1169 1019 738 2173 1700 1075 965 675 1026 1629 2569 636 237 1958 2425 2248 1152 1800 1269 2166 1810 1309 462 2399 916 983 2374 2431 448 479 2419 646 1431 313 1351 1901 1517 984 2252 1411 1452 364 2142 262 1175 2160 1076 1802 1 709 667 1747 1876 2272 1339 1991 466 833 1610 2052 2193 802 368 1181 724 739 1182 2387 2131 2617 676 84 940 1686 2062 27 410 2044 1061 1405 1730 2532 1192 2527 1563 38 1819 318 1859 1267 2103 672 639 1187 598 227 148 1168 1032 999 1852 2251 877 2095 1703 2125 2153 247 968 1393 764 1885 89 1346 365 1286 2422 1021 1331 1621 1642 762 1755 584 2323 454 1156 2033 418 840 1193 2436 886 1363 268 985 524 485 81 2305 547 504 900 1669 608 1121 174 858 2572 1959 1914 1012 533 851 2408 1008 || mode=RB method=sk_ac_min solver=pyvrp stage=post_ls ls=pyvrp iter=10
2026-03-15 22:16:11 | INFO     | [POOL #00152] 1843 666 2079 2337 2197 758 2311 2411 1960 1912 2140 1710 1546 2580 856 175 2489 245 2246 2070 315 294 450 1327 1428 2120 326 2301 2130 1498 329 2196 1708 1664 958 2557 2307 2393 599 677 604 1101 505 339 552 991 590 516 377 613 593 1762 1323 2074 790 112 1204 2226 1732 1382 2439 679 7 655 918 1647 1070 75 259 2045 2565 1581 521 518 1684 2209 1106 1020 2622 76 2360 1967 1521 2339 103 2417 2574 35 1573 297 2576 2230 1525 1179 1871 2255 2013 1334 2295 936 1650 1935 1251 1897 1505 1716 2537 1252 844 256 1307 2510 460 1185 634 1815 40 818 1938 702 1903 1462 85 1511 1568 301 1082 1347 2023 461 1109 1672 1619 145 1145 61 2438 2327 284 417 1432 200 2100 816 1941 1451 1421 1007 2442 1594 2188 641 2630 2163 1173 881 696 1605 2434 1973 2001 34 1107 121 871 1391 || mode=RB method=sk_ac_min solver=pyvrp stage=post_ls ls=pyvrp iter=10
2026-03-15 22:16:11 | INFO     | [POOL #00153] 1425 2149 2102 1471 1936 1547 1429 2353 2263 300 882 1565 1116 1719 2201 2174 609 1591 156 1491 710 72 2338 692 1414 733 2513 173 311 2515 525 1180 1866 1693 1490 705 1110 1197 743 1846 1142 791 917 260 1770 2316 722 956 2519 1513 1597 86 535 2485 2066 846 194 16 1724 2626 1412 2613 2039 580 2275 1754 963 65 229 1933 901 925 306 2514 2076 409 2404 2106 2409 972 1926 2122 281 824 1751 1003 1977 2283 2428 2581 2084 289 723 2567 2139 1744 671 316 1745 178 1261 1739 431 1775 1200 689 1709 1329 1944 1997 1380 1077 1399 512 2481 1995 345 153 1159 2048 442 391 1449 2061 1335 765 2027 1812 618 327 763 2164 1366 2498 1711 1293 825 760 821 1799 2242 2233 1098 2473 1206 1761 2585 198 814 2273 2212 1553 1044 855 761 2370 1259 2154 697 261 || mode=RB method=sk_ac_min solver=pyvrp stage=post_ls ls=pyvrp iter=10
2026-03-15 22:16:11 | INFO     | [POOL #00154] 1648 1095 2593 2548 1046 348 1358 560 1079 1099 2589 2440 1797 953 2121 2234 1990 600 277 176 744 2456 1066 1316 2111 2285 1576 2346 589 141 2544 1500 2620 950 271 1540 1454 1982 654 1567 2300 1512 356 1816 1972 212 1837 875 474 1856 1640 2158 726 2220 2077 1805 2009 873 921 571 126 2241 1886 1472 1658 955 1828 1248 909 1630 1166 1241 860 334 1128 622 754 1882 1891 302 399 2320 1368 1403 93 2040 2223 482 2259 1370 1740 68 500 1900 1234 2006 1543 815 2308 1750 1466 889 2350 1875 1690 2176 1704 2172 1461 107 166 2021 1841 2359 455 464 1448 2502 2405 2028 30 1409 1582 || mode=RB method=sk_ac_min solver=pyvrp stage=post_ls ls=pyvrp iter=10
2026-03-15 22:16:11 | INFO     | [POOL #00155] 1274 2189 1741 2146 1636 161 2550 101 864 1924 1057 879 713 669 563 323 1039 2236 1112 18 1226 1662 691 2310 1486 1042 2607 2427 1835 534 1415 1367 1222 475 2141 1283 2392 2347 215 2435 508 1376 123 2549 341 807 1148 1202 806 392 1257 775 1297 1580 2092 2118 642 2340 633 2516 2022 361 1659 1932 1450 2369 2127 1207 1375 1483 487 71 1519 29 1053 2270 2509 2026 1595 827 1445 1250 1535 585 2458 915 2437 2471 403 124 2372 2227 892 2334 1667 586 1438 934 569 595 986 2463 273 2081 2385 1814 2244 228 1137 1813 2217 987 1103 706 703 2319 1502 2007 2029 663 970 1728 1325 2454 520 || mode=RB method=sk_ac_min solver=pyvrp stage=post_ls ls=pyvrp iter=10
2026-03-15 22:16:11 | INFO     | [POOL #00156] 2494 2452 1733 2269 395 290 1134 337 1232 2609 964 989 579 2633 2539 952 1723 2446 1883 1863 2178 1482 1769 509 1090 1308 699 967 899 913 163 2087 576 3 1721 45 2386 2069 2623 374 621 1916 1635 1868 1191 1055 1791 2254 1086 865 653 1289 973 1964 108 2288 1877 278 2521 105 60 1545 44 2322 1231 127 2475 2129 2540 67 14 1217 2383 960 1514 2571 657 1013 39 2186 1067 2119 1827 659 1803 1299 1879 331 1094 1332 1749 360 997 386 800 423 42 1796 2382 354 2389 1236 1577 239 2597 2403 469 1894 183 167 2274 1752 59 751 199 449 2344 2162 1975 2373 1785 2108 701 566 10 1788 1890 1811 649 2375 1048 276 2605 2258 1229 2132 1227 1418 490 2363 33 2538 1216 2247 572 2523 523 2060 1056 250 1468 1314 257 1844 1238 1282 488 2083 2447 495 426 1481 1196 992 2556 785 994 2470 1131 1213 2602 2240 1966 1905 849 2214 1575 78 1808 561 383 232 1929 || mode=RB method=sk_ac_min solver=pyvrp stage=post_ls ls=pyvrp iter=10
2026-03-15 22:16:11 | INFO     | [POOL #00157] 2595 910 700 2468 2042 725 847 1622 1618 2184 146 1084 1372 445 177 541 2279 2289 2465 975 164 1869 616 1419 1953 52 1355 221 2466 2228 2003 1773 2377 2318 2180 2453 244 2237 602 1858 2167 1390 2522 492 2568 1590 2261 1211 1588 1209 31 1596 737 990 190 1215 577 717 1255 335 1276 158 2564 2461 2449 1542 538 1607 503 2524 1130 1280 136 1176 1186 2505 1413 771 1262 116 1228 2050 607 898 1855 13 2570 66 1440 2429 132 2213 1301 1264 1287 637 1928 100 2628 872 1275 1541 1825 53 2621 1342 2528 906 749 2336 1434 1520 644 188 1311 605 436 270 977 575 941 1353 1602 1838 1824 370 1035 209 398 610 2090 317 2114 1698 206 363 275 2547 1036 656 2297 2041 2518 2078 868 1616 1631 484 1665 1467 1407 1034 114 494 957 || mode=RB method=sk_ac_min solver=pyvrp stage=post_ls ls=pyvrp iter=10
2026-03-15 22:16:11 | INFO     | [POOL #00158] 1046 2550 1425 2562 1103 706 414 1843 1551 1690 1992 1340 134 1127 106 133 68 1740 385 93 2026 2509 2270 1053 29 1519 71 487 1483 1375 1207 2127 1932 1450 2369 2300 1567 654 1512 356 2214 501 1816 1972 212 1837 875 474 1856 1640 2158 726 2220 2077 1116 2290 1719 1805 2009 873 921 2174 779 1518 1131 2470 994 785 2556 992 156 1591 2530 2171 1562 710 483 1927 1826 426 495 136 2524 1130 1280 1176 1186 2505 1413 771 1769 509 872 1275 1541 1825 2178 1482 1542 538 1607 503 2449 2461 2564 1863 1883 53 2621 2446 1723 952 749 2539 2633 1520 644 188 1311 906 2528 380 1646 2232 140 226 1701 2430 2587 1074 330 2464 1996 2109 1699 1851 1350 823 1552 665 1880 2313 349 1666 1154 1508 405 2063 1794 1702 1043 1395 2190 712 1404 1436 1016 1188 128 1738 867 295 2491 1920 || mode=VB method=k_medoids_pyclustering solver=pyvrp stage=post_ls ls=pyvrp iter=11
2026-03-15 22:16:11 | INFO     | [POOL #00159] 393 2494 2264 1913 1115 2512 170 2088 1342 1163 1050 2025 2150 493 558 923 2628 100 1228 116 1262 1090 1308 699 967 899 913 2087 163 1790 1780 1063 304 1921 2181 1934 1939 1611 434 2632 2604 1288 1465 56 1476 249 202 1302 1792 1495 747 1203 248 2299 26 2086 734 1793 1024 1201 625 1322 1889 1396 838 390 1068 319 2038 976 92 935 615 1477 903 1059 1446 1549 2596 1123 1887 211 774 371 2152 2629 781 1245 686 2031 1853 1712 783 197 1369 1093 750 2503 1833 1676 1296 1457 1394 843 721 756 2325 683 322 1589 2306 1054 555 50 1571 2546 125 1225 97 1823 20 1572 340 651 519 2267 1364 1748 1821 2469 117 673 499 1776 2467 1356 1189 9 1270 786 1485 770 1400 2400 1254 1004 2579 740 1735 139 1315 440 384 2631 1979 2161 727 788 1718 255 1539 719 1874 1223 2128 1526 22 2559 1583 2098 1045 305 435 1047 1822 793 2335 993 1864 || mode=VB method=k_medoids_pyclustering solver=pyvrp stage=post_ls ls=pyvrp iter=11
2026-03-15 22:16:11 | INFO     | [POOL #00160] 2348 776 233 2018 2451 1320 1158 2075 1881 1460 2235 1554 2358 565 998 1344 2525 735 1984 1281 238 614 1528 1349 932 1072 1798 1114 2302 1242 1111 1146 296 819 1847 63 812 946 1330 682 2032 2015 287 2536 1386 359 421 2533 1028 2135 2610 358 836 2492 2266 658 159 1470 1336 1406 2155 427 402 1118 369 799 1795 2170 1987 5 510 118 1124 628 966 1599 258 792 2205 1015 767 1559 1069 1949 2292 2345 1268 2476 1726 2182 144 1469 546 612 996 2208 486 544 1437 432 1680 203 681 1388 769 || mode=VB method=k_medoids_pyclustering solver=pyvrp stage=post_ls ls=pyvrp iter=11
2026-03-15 22:16:11 | INFO     | [POOL #00161] 2580 856 175 2489 245 2246 2070 315 684 497 1524 1197 743 2519 1513 1597 86 535 1380 1944 1997 689 1200 2139 2567 1744 671 316 178 1745 329 2196 1708 2084 2428 2581 2409 972 1926 2122 281 824 1751 1003 1977 2283 677 1747 1876 2272 1339 1991 833 1610 2052 1762 1323 2074 790 112 1204 2226 1732 1382 2439 679 331 1879 1299 1803 659 1827 2119 1067 2186 39 1013 1514 2571 657 2389 1752 59 751 199 1231 2162 2344 449 2274 1577 239 1236 2597 2403 469 1894 183 167 1975 2373 1785 2108 701 566 10 1788 1890 2060 1056 523 2523 572 2247 276 2605 2258 1048 2375 1811 649 1216 2538 33 250 1468 2363 490 1418 1227 1229 2132 973 1289 1086 865 653 1868 2254 1191 1055 1791 1916 374 621 1635 257 1314 3 1721 576 45 2386 2069 1844 2623 1238 1282 488 2083 2447 1491 1009 1936 || mode=VB method=k_medoids_pyclustering solver=pyvrp stage=post_ls ls=pyvrp iter=11
2026-03-15 22:16:11 | INFO     | [POOL #00162] 643 381 2573 353 283 70 1451 1941 1421 2100 200 1432 417 284 2327 2438 61 1145 145 1619 1672 1109 461 2023 1522 74 1294 2561 1632 1560 2582 2016 1678 1940 1291 1737 831 853 945 1523 852 893 1092 458 2619 912 1525 1179 2230 2576 297 1573 35 1185 634 1815 40 818 1938 702 1903 1462 85 1885 764 1393 968 247 2153 1021 2422 1331 2125 1703 2095 877 2251 1852 999 1032 1517 1901 2301 1351 313 1431 479 646 2419 983 916 2399 462 1309 2120 1449 391 2061 1327 2166 450 294 442 2048 1159 345 153 1846 1142 1110 373 2112 705 2034 680 231 2218 1422 2065 181 928 1978 1781 2008 265 951 876 578 1244 513 1731 1278 1420 537 648 1417 2082 1002 1956 591 12 2349 2238 2080 173 2513 733 72 || mode=VB method=k_medoids_pyclustering solver=pyvrp stage=post_ls ls=pyvrp iter=11
2026-03-15 22:16:11 | INFO     | [POOL #00163] 636 237 1958 2425 2248 1152 1800 1269 2498 618 1812 2027 1810 765 1335 1428 326 1995 2481 512 1399 1077 1329 1709 1775 431 1739 2130 1261 1498 984 2252 1411 1452 364 227 598 1267 1859 103 2339 1521 1967 76 2360 518 1684 1106 1020 2622 2044 410 2209 7 2565 1581 2045 259 75 1070 655 918 1647 1094 1332 1749 360 997 386 800 423 42 1796 2382 354 1904 2554 782 2168 1952 1031 1942 736 2183 2592 1807 79 515 2444 320 251 1478 314 1312 730 1062 678 1205 1177 2401 2281 1834 1893 2265 2603 926 660 1534 2394 46 528 1620 1688 192 1641 1324 922 933 2445 506 521 2441 755 1948 1338 938 1433 1199 929 419 2195 1548 1065 2410 2545 2482 1842 1774 2474 1033 1715 741 1994 574 1235 854 415 559 155 498 1746 866 182 1753 2056 2298 596 2058 835 253 1679 2089 768 816 1007 2442 1594 2188 437 2493 468 2210 149 2043 || mode=VB method=k_medoids_pyclustering solver=pyvrp stage=post_ls ls=pyvrp iter=11
2026-03-15 22:16:11 | INFO     | [POOL #00164] 299 1132 298 2356 2211 1126 553 311 2515 525 1180 1866 1693 1490 573 791 917 260 1770 956 722 2316 2485 2066 846 194 16 1724 2626 2275 1754 580 2039 1412 2613 963 65 229 1933 901 925 306 2404 2106 289 723 409 2076 2514 617 1253 1319 2169 2011 48 234 2072 2030 23 2586 1683 1305 685 1655 516 377 613 688 1645 514 2384 2101 2035 988 2343 2566 960 2383 1217 2129 2540 14 67 1993 2475 127 2322 44 1545 60 105 2521 278 1877 2288 1964 108 2329 1759 1777 624 308 962 186 2216 1464 593 2193 802 1181 368 739 724 1182 2387 2131 2617 676 84 940 1686 2062 27 1061 1405 1730 1802 1076 2160 1175 2103 672 639 1187 148 1168 448 2431 2374 1621 1642 762 1755 584 454 2033 418 840 1193 2436 886 1363 268 985 524 485 641 2163 || mode=VB method=k_medoids_pyclustering solver=pyvrp stage=post_ls ls=pyvrp iter=11
2026-03-15 22:16:11 | INFO     | [POOL #00165] 1799 821 760 825 1293 1711 1366 327 2164 763 1156 2323 1286 365 1346 89 1568 1511 301 1082 1347 282 1945 2421 325 1326 974 8 530 1818 1677 1295 222 1634 1017 309 2144 564 2486 2096 695 1954 2255 1871 2013 1334 2295 936 1650 1935 1251 1897 1505 1716 2537 1252 2574 460 2510 1307 256 844 2417 318 1819 38 1563 2527 1192 2532 262 2142 1664 958 2557 2307 2393 1 709 667 599 604 1101 505 466 339 552 991 590 2415 549 1497 1354 2104 2357 1981 1566 1656 629 773 1161 224 2303 805 1023 1051 185 1133 1139 757 1230 1536 1854 961 240 1444 1507 104 704 1184 606 280 1453 2123 1178 2333 1671 803 2488 481 1157 1504 1014 745 822 135 1136 1989 2448 1473 2224 36 1872 1727 746 1402 1365 2541 753 2037 2495 1839 1544 557 1414 692 2338 1196 1481 609 2201 1472 1891 1471 595 2217 || mode=VB method=k_medoids_pyclustering solver=pyvrp stage=post_ls ls=pyvrp iter=11
2026-03-15 22:16:11 | INFO     | [POOL #00166] 1582 1343 1969 1848 1391 711 1917 597 179 1768 2517 424 2157 2110 583 1593 1910 1909 6 379 837 1398 2239 2019 1258 1644 1147 907 2156 731 603 1817 1527 1125 2459 582 2599 808 201 96 1352 2097 1783 2054 2630 2305 81 547 2242 2233 504 900 1669 1206 2473 1098 965 2411 1960 1026 675 2569 1546 1710 1629 1912 2140 1614 2398 429 1371 1600 2551 2507 2457 214 2079 1075 1700 2173 738 1019 1714 2354 2426 1378 15 217 1771 2337 2197 758 2311 2407 2241 126 571 1886 457 1038 539 2317 87 1950 2222 1658 955 1828 1248 909 1630 1166 1241 860 334 1128 622 882 1565 300 2263 2353 2320 1429 1368 1595 827 1445 1250 1535 585 2458 915 2437 392 806 1202 1148 807 2435 1376 508 2583 600 1990 2234 953 2121 232 1622 1929 725 2042 62 700 623 1648 || mode=VB method=k_medoids_pyclustering solver=pyvrp stage=post_ls ls=pyvrp iter=11
2026-03-15 22:16:11 | INFO     | [POOL #00167] 1233 1407 1467 1665 1915 1705 129 532 2526 2187 2203 1930 611 522 627 1306 1496 813 80 1592 1117 122 1141 587 1983 1643 310 924 2420 1734 1564 1961 1265 2221 1246 2535 2117 2406 1587 2004 2091 291 894 971 1377 1220 887 1000 102 884 640 1831 292 73 1427 1639 914 1210 1237 2 350 1266 2424 1675 279 252 832 1736 883 1974 1584 1681 1579 1963 1219 288 2412 21 826 17 2594 1772 1862 1779 2480 862 2608 496 119 2433 2291 91 1357 236 1426 568 264 1160 1480 902 376 1820 2577 1214 388 668 784 407 787 2625 1510 2558 387 1290 1041 413 1140 947 1360 467 2487 1845 1682 344 2553 1155 810 674 554 1025 303 1782 1766 352 507 1603 1988 2286 1097 51 1706 1153 2365 235 2294 1965 || mode=VB method=k_medoids_pyclustering solver=pyvrp stage=post_ls ls=pyvrp iter=11
2026-03-15 22:16:11 | INFO     | [POOL #00168] 1409 30 2028 2405 2502 1448 464 871 1397 47 2534 121 1947 2014 1107 34 2408 2021 1841 1008 2359 455 697 166 2154 1259 107 2262 851 1385 2001 1435 527 1973 2434 908 1022 1102 1605 881 696 2616 1165 1271 2159 433 1914 1873 1328 1628 2381 1758 456 1122 1649 406 210 1108 2000 1865 2542 1195 944 219 708 533 1012 2370 184 2278 761 2499 581 1085 550 1129 58 855 1044 2212 1553 1959 2572 858 174 1121 608 1173 1761 2585 198 2273 814 338 2064 1169 1870 2225 267 2330 2005 191 346 714 41 1691 1029 230 2138 2396 754 1882 302 399 1403 1547 2223 2040 1923 412 443 820 2627 378 1832 1149 416 666 1174 1911 2010 830 2148 1830 880 1625 1533 895 77 896 49 905 1249 2378 1410 94 2176 1704 2172 1461 703 2319 1502 2007 2029 663 970 1728 1325 261 2454 520 || mode=VB method=k_medoids_pyclustering solver=pyvrp stage=post_ls ls=pyvrp iter=11
2026-03-15 22:16:11 | INFO     | [POOL #00169] 919 290 1999 143 1637 540 1285 1922 438 1531 1970 937 2402 1162 2147 1585 1829 2380 2057 1049 286 2249 1918 2390 2368 548 828 205 430 637 452 1060 1298 720 1928 2050 607 898 1855 13 2570 66 1440 2429 132 2213 1301 1264 1287 307 2432 2388 246 2073 2531 54 1487 1763 1071 752 439 2450 1317 1208 1674 1488 157 811 171 138 218 2331 147 1506 841 1652 645 545 2126 1943 1304 208 638 588 891 451 404 1515 1578 2341 1256 397 362 2145 2177 1743 1784 2296 959 594 1001 477 463 2379 204 2588 1037 2253 995 274 869 2560 453 151 478 2414 2472 1919 1946 154 1073 1609 1801 1170 630 2229 2059 425 1529 845 1243 2277 1687 2137 2575 242 1767 37 942 2490 829 1489 2204 120 949 1492 1313 592 694 1653 531 2598 536 342 804 465 328 2085 670 1729 1212 1089 131 1052 266 243 130 1673 428 55 || mode=VB method=k_medoids_pyclustering solver=pyvrp stage=post_ls ls=pyvrp iter=11
2026-03-15 22:16:11 | INFO     | [POOL #00170] 1475 1931 1696 1516 2199 1105 1183 647 1381 165 1144 2133 1442 394 2397 333 444 728 396 2151 570 798 885 661 1980 920 480 863 2049 2256 150 742 1660 285 2504 1463 1088 83 111 269 2529 1443 707 1971 459 2496 1908 1986 98 2520 1962 567 718 943 193 2304 1040 152 2615 1550 1459 789 336 1006 169 2416 389 652 1907 1604 57 1532 1389 254 1925 1362 472 2198 2200 4 162 2418 1786 874 2071 1892 1345 2309 1011 1119 2051 850 1458 2423 446 2324 1010 2614 351 99 1284 1657 2355 2243 635 969 2326 272 878 1764 888 1194 1789 2231 1778 375 511 2618 196 1392 1760 2260 526 619 1374 2508 2364 1998 2371 2191 1742 2136 1247 650 1617 2202 2113 1263 2612 1279 817 562 1902 2501 2185 2036 1479 1167 2017 1689 343 1494 1861 2207 1606 980 848 1976 2314 1383 1333 1277 || mode=VB method=k_medoids_pyclustering solver=pyvrp stage=post_ls ls=pyvrp iter=11
2026-03-15 22:16:11 | INFO     | [POOL #00171] 114 2468 2078 2518 2041 2297 1733 2452 1556 2269 395 275 1036 2547 363 206 1134 1869 616 1419 1953 1824 1838 1602 1353 941 575 2609 989 964 602 2237 244 2453 2180 1858 1232 337 221 52 1355 950 2620 1500 2544 141 1576 2346 589 561 164 2465 975 1698 2114 317 2543 372 2090 610 398 209 1035 370 137 241 542 1722 2047 977 270 436 605 579 1434 2336 717 577 190 1215 1255 335 1276 158 2602 1213 2240 1966 1905 849 2280 990 737 1596 31 1209 1588 1211 2261 1590 2568 492 2522 2318 1390 2167 2377 1773 2003 1575 78 2228 2466 271 1540 1808 1982 1454 401 2516 633 1661 2022 361 1659 1297 1580 775 1257 2092 2118 642 2340 341 2549 123 1857 2285 2111 383 1316 1066 2456 176 744 2289 2279 541 177 445 1372 656 1084 146 2184 1618 847 868 1616 1631 484 1034 957 || mode=VB method=k_medoids_pyclustering solver=pyvrp stage=post_ls ls=pyvrp iter=11
2026-03-15 22:16:11 | INFO     | [POOL #00172] 870 801 160 1104 471 1899 981 1272 347 1627 897 324 1083 1713 759 2271 1080 2462 1694 1361 2312 366 43 447 25 1151 1558 1218 698 2483 2024 2175 19 626 1850 24 693 2367 2395 1499 1113 1416 766 1624 367 939 2351 777 1615 1292 2099 2460 1091 2215 1321 1530 1756 795 223 1668 1538 113 32 2124 1348 1849 1707 1401 861 491 1058 1626 834 1608 2506 556 1337 1613 517 2053 1087 1373 172 195 1221 927 1725 794 187 1623 2287 1424 332 2115 1456 2179 732 1896 225 620 2497 2206 502 1555 1765 2293 11 2455 400 2478 982 1027 142 2362 2477 772 2328 930 1501 1005 1224 2366 842 1937 473 2282 690 2143 2002 778 1840 28 1300 1638 543 2012 1150 1509 1757 2068 312 1697 2165 716 2194 2590 1612 1695 88 2391 911 1670 2413 1878 2500 220 809 2601 2578 1379 1100 1030 || mode=VB method=k_medoids_pyclustering solver=pyvrp stage=post_ls ls=pyvrp iter=11
2026-03-15 22:16:11 | INFO     | [POOL #00173] 1430 1318 321 1439 1190 796 293 1537 1441 90 729 2250 2591 1598 2624 2046 1888 109 1064 662 1423 1867 1164 1787 1601 411 859 1078 890 2284 1895 2484 1654 1720 1143 1836 2107 1240 2219 189 422 263 1172 110 1120 2342 180 2245 420 2563 95 2094 631 1557 1561 2600 1806 357 978 2067 904 470 2584 1135 2093 1651 1860 2555 1387 2479 1303 2352 1503 1484 1570 1310 1906 1633 529 2332 2134 355 2116 2321 931 2611 115 2192 715 2020 1359 551 476 1692 1384 2606 948 382 207 1951 2105 2055 1408 2511 408 1474 1081 857 1884 1341 1138 2315 1685 2361 1260 1898 82 1493 489 1809 1574 1273 839 1239 780 687 1586 1455 1804 1018 1663 441 2257 2552 979 2268 954 213 64 1096 69 216 632 1985 601 1968 748 1171 168 797 2443 1717 1957 2376 || mode=VB method=k_medoids_pyclustering solver=pyvrp stage=post_ls ls=pyvrp iter=11
2026-03-15 22:16:11 | INFO     | [POOL #00174] 1274 2189 1741 2146 1569 1636 161 2276 1955 101 864 1924 1057 879 1447 669 323 563 713 987 1813 664 1137 1466 2350 1875 889 1750 2308 815 1543 2006 2081 273 228 2244 1814 2385 534 2149 2102 2463 986 934 586 1438 569 1198 1234 500 1900 1370 2259 482 2334 1667 892 403 2471 124 2372 2227 2392 1283 2141 2347 215 1222 1367 475 1415 1835 2427 2607 1042 1486 1662 691 2310 277 1226 18 1112 1797 2440 2589 1099 2236 1039 1079 560 1358 348 2548 2593 1095 910 494 2595 || mode=VB method=k_medoids_pyclustering solver=pyvrp stage=post_ls ls=pyvrp iter=11
2026-03-15 22:16:11 | INFO     | [POOL #00175] 47 1644 603 2599 96 2210 2188 1594 2442 1007 1421 1451 70 283 643 381 2573 353 596 2298 2058 835 2056 1753 182 1746 866 1033 2474 1842 1774 1715 498 155 559 415 854 1235 574 741 1994 730 1062 678 1205 2401 1177 320 2444 515 79 251 1478 314 1312 2281 1893 2603 2265 1834 1199 929 2410 2545 2482 1548 1065 2195 419 1433 192 1688 1324 1641 933 922 1647 1070 918 655 2565 1581 521 755 1948 2144 1017 309 1338 938 2445 506 75 259 2045 7 2209 1684 518 2441 2096 1954 695 2486 564 1634 222 1295 1677 1818 530 8 912 2619 1092 893 325 2421 1945 458 1462 85 764 1885 89 1568 1511 301 1082 1347 282 1522 74 1294 2561 1326 974 1678 1737 852 1523 945 853 831 1291 1940 2582 2016 1632 1560 2089 768 1679 253 816 1941 437 2493 468 149 1352 2097 2043 201 808 582 2001 1107 || mode=VB method=sk_ac_complete solver=pyvrp stage=post_ls ls=pyvrp iter=12
2026-03-15 22:16:11 | INFO     | [POOL #00176] 2411 1546 2580 1711 1293 1366 618 1810 2166 450 1327 1335 1309 462 2399 916 983 1642 1621 2374 2431 448 1032 460 2510 1307 256 844 2574 2417 103 1819 318 1859 1267 2103 672 639 1187 1168 148 227 598 364 1452 1411 2252 984 1498 1261 178 329 2196 1708 1664 958 2557 2142 262 1175 2532 1192 2527 1563 38 2044 2622 1020 1106 2360 76 1967 1521 2339 1252 2537 1716 1505 1897 1251 1935 1650 936 2295 1334 2013 2255 1871 1179 1525 2230 2576 297 1573 35 1185 634 1815 40 818 1938 702 1903 1393 968 2153 247 1852 999 2251 877 2095 1703 2125 1331 1021 2422 1346 365 1286 762 1755 584 2323 1156 454 145 1619 1672 461 2023 1109 1145 61 2438 2327 1432 2100 200 417 284 2033 418 840 886 985 524 485 641 2163 1173 1165 455 1409 || mode=VB method=sk_ac_complete solver=pyvrp stage=post_ls ls=pyvrp iter=12
2026-03-15 22:16:11 | INFO     | [POOL #00177] 348 1415 2227 827 882 2077 2009 299 2530 2171 1562 733 1544 1839 2513 173 2080 2238 2349 12 2495 2037 753 591 1956 1002 2082 1417 648 537 1731 513 1244 1136 1989 745 1671 1536 1854 961 240 1184 704 104 685 1305 1683 2586 23 2169 617 901 1933 229 65 963 2039 580 2275 1754 2065 1422 2218 231 1420 1278 181 928 1978 1781 2008 265 951 876 578 135 822 1453 280 606 2123 1178 2333 1444 1507 1656 773 629 962 1566 1981 2357 1655 516 377 613 593 2193 802 2052 1610 833 1991 2272 1876 1747 677 599 604 48 234 2072 2030 549 2415 1497 1354 2104 590 552 991 339 466 505 1101 2011 1319 1253 2514 306 925 2613 1412 2066 2485 2316 1770 260 917 1142 1846 1110 373 705 2112 1524 1197 743 956 722 2519 153 345 1159 2048 442 294 1800 1269 2498 825 760 2173 || mode=VB method=sk_ac_complete solver=pyvrp stage=post_ls ls=pyvrp iter=12
2026-03-15 22:16:11 | INFO     | [POOL #00178] 2201 2083 1282 1238 1844 2069 2386 45 1721 3 1056 2060 523 1890 1788 572 2523 250 1468 2363 490 33 2538 1216 2247 649 1811 2375 1048 276 2605 2258 1229 2132 1418 1227 973 1964 108 2288 1877 278 2521 105 60 1545 44 2322 10 566 701 2108 1785 2373 183 1894 469 1807 2592 2183 736 1942 1031 1952 926 660 1534 2394 46 528 1620 1749 997 360 1332 1094 679 2439 1732 2226 1204 112 790 2074 1382 676 84 940 1686 2062 27 410 1061 1405 1730 1802 1076 2160 2307 2283 1977 1751 2428 2581 2084 289 1745 316 671 1744 2139 1200 1329 1709 2301 1351 313 1431 646 2419 479 1901 1517 2130 1739 431 1775 689 16 846 194 1513 1597 86 535 1380 1997 1944 1077 1399 512 2481 1995 326 1428 2120 1449 391 2061 765 2027 1812 327 763 2164 1193 2436 1363 268 1012 || mode=VB method=sk_ac_complete solver=pyvrp stage=post_ls ls=pyvrp iter=12
2026-03-15 22:16:11 | INFO     | [POOL #00179] 18 1009 1491 483 557 2447 488 2623 2541 1365 1402 746 1916 374 621 257 1314 1635 1868 653 865 1086 2254 1191 1055 1791 1727 1872 36 2224 2448 1473 1014 1504 1157 481 1289 2488 803 757 1230 1139 1133 185 1051 1023 805 2303 224 1161 2329 1759 1777 1993 2475 2129 59 751 1752 2274 449 199 127 1231 2344 2162 1975 167 1577 239 2597 2403 1236 1904 2554 782 2168 354 2382 1796 42 423 800 386 1299 331 1879 1803 659 1827 2119 1067 2186 39 2389 657 2571 1514 1013 960 2383 1217 2540 14 67 2566 2343 988 2035 2101 1645 514 2384 624 308 186 2216 1464 688 1762 1323 2617 2131 2387 1182 724 1181 368 739 1339 667 709 1 2393 1003 824 281 2122 1926 972 2409 2106 723 2567 2404 409 2076 1724 2626 680 791 2034 573 1490 1693 1866 1180 525 2515 497 684 553 311 1126 1710 || mode=VB method=sk_ac_complete solver=pyvrp stage=post_ls ls=pyvrp iter=12
2026-03-15 22:16:11 | INFO     | [POOL #00180] 870 801 160 1104 471 1899 1878 2413 1670 911 1627 897 2391 1695 88 1612 2590 1757 2068 312 1697 2165 716 2194 367 939 2351 777 1615 1292 556 1337 1613 517 172 195 927 1221 1725 794 187 1623 2600 1557 1561 1806 357 978 904 2067 1359 2020 470 2584 1135 2093 1651 1860 2555 1387 2479 1303 2352 1503 1906 1310 1570 1484 2315 1685 2361 1260 1898 82 1493 1118 369 159 658 1470 1336 402 427 1406 2155 287 2015 2032 682 1330 2536 1386 946 421 359 2492 2266 836 358 2610 2135 118 1124 966 1599 258 792 546 612 996 2208 486 544 432 1437 1388 2491 1920 || mode=VB method=sk_ac_complete solver=pyvrp stage=post_ls ls=pyvrp iter=12
2026-03-15 22:16:11 | INFO     | [POOL #00181] 2348 295 867 1738 776 233 2018 1277 2451 1320 1158 2075 1881 1460 565 998 1344 2525 1028 2533 1528 1349 932 1798 1114 1043 1736 1639 914 1210 252 1675 1237 2 1496 1475 1930 2203 1404 712 2190 1333 1072 812 63 1847 819 296 1146 1111 1242 2302 1794 1673 1702 1395 1584 1681 428 1579 55 1963 1436 1554 2235 2358 735 1984 614 238 1281 1974 883 832 1427 640 884 102 1383 823 2314 1976 848 980 1606 1689 2017 1479 2036 2185 2501 786 1902 9 1494 343 1861 2207 1212 1089 131 1052 266 243 130 2063 405 1508 1154 1666 349 2313 1880 665 1552 1350 1851 1539 1220 887 1000 1831 292 73 2424 1266 350 1223 2128 1526 813 1306 627 522 611 435 1047 1822 793 1219 1016 288 2412 1188 128 826 17 2594 1772 || mode=VB method=sk_ac_complete solver=pyvrp stage=post_ls ls=pyvrp iter=12
2026-03-15 22:16:11 | INFO     | [POOL #00182] 1030 1100 1379 2578 2601 809 220 2500 1509 2012 1150 543 1638 1300 28 1840 778 2002 2143 690 2282 473 1937 1005 1224 842 2366 2497 2206 502 620 225 1555 1765 2293 11 2362 2477 2328 772 1501 930 142 1027 982 2478 400 2455 1408 2055 2105 1951 207 382 948 2606 1384 2179 732 1896 332 2053 1087 1373 2287 1424 2115 1456 551 476 1692 115 2192 715 2611 931 2321 2116 355 2134 2332 1633 529 1138 1341 1809 489 799 1795 2170 1987 5 510 628 2205 2476 1469 144 1726 2182 1268 1949 2292 1069 1559 767 1015 1574 1884 857 1081 1474 408 2511 1273 839 1239 780 687 1586 1455 1804 1018 1663 441 2257 2552 2345 979 2268 954 213 1096 69 216 1985 601 1968 1171 748 632 64 1680 203 681 2443 797 168 1717 1957 2376 769 || mode=VB method=sk_ac_complete solver=pyvrp stage=post_ls ls=pyvrp iter=12
2026-03-15 22:16:11 | INFO     | [POOL #00183] 520 2454 261 1325 1569 161 2550 1924 1057 1103 987 1551 1875 2350 889 1690 2176 1704 94 49 1992 896 77 1340 134 895 1533 1625 880 1830 1127 2148 830 2010 1911 1174 666 416 2330 2005 267 1169 1019 814 2273 858 174 1121 608 1761 1669 1206 1098 2473 2585 198 1700 1075 2079 214 2457 2507 2551 1600 1371 429 921 571 126 2241 1886 457 1038 539 1771 217 2317 87 1950 2222 1472 1658 955 1828 1248 909 1630 1166 1241 860 334 1128 622 300 1565 1640 2158 726 2220 1116 1805 873 1719 2290 2280 849 737 1596 31 1209 1211 2261 1588 1856 474 875 1837 212 1972 1207 2127 1932 1659 1297 1580 775 1257 392 2092 806 1202 1148 807 2435 215 1222 475 1367 277 1226 1990 2234 953 1797 2440 2589 62 700 910 2595 || mode=VB method=sk_ac_complete solver=pyvrp stage=post_ls ls=pyvrp iter=12
2026-03-15 22:16:11 | INFO     | [POOL #00184] 1965 51 1097 2286 1988 1603 507 352 554 1025 303 1766 1782 467 1360 947 1140 2591 1598 2250 729 90 1441 1537 2462 1080 1694 626 2175 19 1850 1713 1083 324 2367 1113 1499 1091 2215 1321 1530 1756 1538 1668 795 223 1558 1218 698 2483 2024 1151 25 447 43 1361 366 2312 109 1888 2624 2046 1064 662 1423 1867 1164 1787 1601 411 859 1078 1240 2219 189 2107 1836 1143 890 2284 1895 2484 1654 1720 1849 1707 1172 422 263 110 1120 2342 180 2245 420 2563 95 631 2094 1401 861 1348 2124 32 113 491 1058 1626 834 2506 1608 2099 2460 1624 766 1416 2395 693 24 759 2271 1190 796 293 1682 344 1845 2487 674 810 1155 2553 1439 1706 1153 2365 321 347 1272 981 1318 1430 235 2294 || mode=VB method=sk_ac_complete solver=pyvrp stage=post_ls ls=pyvrp iter=12
2026-03-15 22:16:11 | INFO     | [POOL #00185] 2189 1741 1636 2276 1955 101 864 703 706 414 1843 1461 2172 1410 2378 1249 905 2370 184 581 1085 58 338 2064 2225 1870 15 1378 2426 2354 1714 738 2337 2197 758 965 2311 2407 2398 1614 2140 1912 1960 1629 1026 675 2569 2233 504 900 1783 2054 2630 2305 81 547 2242 636 237 1799 821 1958 2425 2248 1152 315 2070 2246 245 2489 175 856 1132 298 2356 2211 1414 692 2338 72 710 1927 1826 426 495 1196 1481 992 2556 785 994 1518 779 2174 609 1591 156 2470 1131 1213 2602 2240 1966 1905 990 190 1215 577 717 2237 244 2453 2180 2318 2522 492 2568 1590 2214 501 1816 1512 356 1575 78 1808 1454 1982 654 1567 2300 2369 1450 401 2022 361 642 2118 2340 633 1661 2516 1576 1857 341 2549 123 1376 508 2456 744 176 2583 600 2121 232 2184 1618 1622 1929 725 2042 2468 1631 484 1467 1407 1034 114 494 957 || mode=VB method=sk_ac_complete solver=pyvrp stage=post_ls ls=pyvrp iter=12
2026-03-15 22:16:11 | INFO     | [POOL #00186] 1862 1582 1343 30 2028 2405 1391 1848 711 1917 597 179 1160 2517 1768 1397 871 464 1448 2502 1728 970 663 2029 2007 1502 2319 697 2359 1008 121 2534 1947 424 2019 2239 2157 907 1147 1258 2014 34 1385 2408 1841 2021 166 2154 1259 107 851 2262 1108 210 406 1865 2000 1195 944 533 708 219 2542 1758 2381 456 1122 1649 527 1435 2156 731 1973 2434 908 1628 1328 1873 1271 2159 1914 433 761 2278 2499 550 1129 855 1044 2212 1553 1959 2572 2616 1022 1102 1605 696 881 2459 1125 1817 1527 583 2110 1593 1910 1909 6 379 1398 837 1820 2577 1214 388 668 784 407 787 2625 1510 2558 387 1290 413 1041 376 902 1480 264 568 1426 236 1357 91 2433 2291 1969 119 496 2608 862 2480 1779 || mode=VB method=sk_ac_complete solver=pyvrp stage=post_ls ls=pyvrp iter=12
2026-03-15 22:16:11 | INFO     | [POOL #00187] 1274 2146 1046 1358 560 1079 1099 1039 2236 1112 1662 691 2310 1486 1042 2607 2427 1835 534 2149 2102 2463 934 569 1471 1438 586 1667 892 2334 1936 482 2259 1370 385 1740 500 1900 68 106 133 1149 1832 378 2627 820 443 1923 412 1691 41 191 346 714 1029 230 2138 2396 754 1882 1429 2320 2353 2263 71 487 1483 1375 1519 29 1053 2270 2509 2026 1595 2223 2040 1891 302 399 1368 1403 93 1547 1445 1250 1535 585 2458 915 2437 2471 403 124 2372 2347 2141 1283 2392 986 595 1198 1234 2006 2081 273 1543 815 2308 1750 1466 2385 1814 2244 228 1137 664 1813 2217 713 323 563 669 1447 879 2562 1425 2548 2593 1095 623 1648 || mode=VB method=sk_ac_complete solver=pyvrp stage=post_ls ls=pyvrp iter=12
2026-03-15 22:16:11 | INFO     | [POOL #00188] 1233 1665 393 2264 1913 1045 1115 2559 170 80 1592 1141 587 1643 1983 1564 1961 270 977 575 1232 337 1858 2167 1390 2377 1773 2003 2228 2466 271 1540 2544 141 589 561 2346 2285 2111 383 1316 1066 2289 2279 541 177 445 1372 275 395 2269 1733 2452 1556 2098 1583 290 2114 317 2543 372 2090 610 398 1999 542 241 137 2047 1722 143 310 924 1734 1265 2088 1311 188 644 1520 2633 2336 1255 335 1276 158 2564 2461 2449 1542 1482 2178 1863 1883 1825 53 2621 2446 1723 952 749 2539 1434 579 436 989 964 602 2609 941 1353 1602 370 1035 1838 1824 1419 1953 52 221 1355 950 2620 1500 616 1869 1134 164 2465 975 1698 206 363 2547 1036 656 1084 146 2297 2041 2518 2078 847 868 1616 2494 2526 2187 532 129 1705 1915 993 919 1864 || mode=VB method=sk_ac_complete solver=pyvrp stage=post_ls ls=pyvrp iter=12
2026-03-15 22:16:11 | INFO     | [POOL #00189] 2512 1117 2420 2004 2091 2406 2117 1074 2587 2430 540 1285 1531 438 1922 720 1298 452 637 1060 205 430 548 828 286 1049 2057 1660 285 2504 1443 2529 269 169 1006 652 2416 389 1908 2496 336 789 1459 1550 152 2615 638 588 208 2126 1943 1304 891 404 451 397 1256 1001 594 959 2296 362 2145 2177 1743 1784 2472 1919 1946 154 1073 1609 1801 1243 845 2277 1687 1529 2059 2229 630 1170 1853 2031 686 1245 2596 1549 1887 1123 211 774 371 2152 781 2629 843 1712 783 425 2137 2575 242 1767 1040 2304 193 943 718 567 1962 2520 98 1986 1532 57 1907 1604 2243 635 969 2326 1760 2260 1392 272 878 459 1971 707 1764 888 1194 742 150 2256 1829 2380 1585 1162 2147 1970 937 2402 661 1980 885 798 570 2151 396 728 444 333 2397 394 1442 165 647 1381 330 2464 1996 291 894 || mode=VB method=sk_ac_complete solver=pyvrp stage=post_ls ls=pyvrp iter=12
2026-03-15 22:16:11 | INFO     | [POOL #00190] 1874 719 971 2109 1696 1516 1105 1183 2161 1979 2631 384 1167 740 139 1735 2579 1004 1254 2400 1400 770 1485 2364 1247 650 1617 2202 817 562 1279 1270 1189 1729 670 2085 328 1356 2467 1776 499 1263 2612 2113 673 465 804 342 536 2469 117 874 1786 2071 1892 1345 2309 519 651 1119 2051 850 1010 2324 446 1925 1362 2198 99 351 2418 162 4 2200 2614 1011 2267 1364 1748 1821 531 2598 1653 694 592 340 1572 20 1823 829 1489 2204 1313 120 949 1492 750 1093 1369 2503 1833 1676 1296 1457 1394 721 197 756 2325 683 942 2490 97 1225 1458 2423 2546 125 1054 2306 1589 322 37 50 555 1571 254 1389 472 2355 1657 1284 2191 2136 1742 2371 1998 2508 1374 619 526 196 2618 511 375 1778 1789 2231 2049 863 480 920 440 1315 2133 1144 727 788 1718 255 2199 1699 1377 1931 279 || mode=VB method=sk_ac_complete solver=pyvrp stage=post_ls ls=pyvrp iter=12
2026-03-15 22:16:11 | INFO     | [POOL #00191] 21 2335 305 22 122 1587 2535 1637 1701 226 140 1163 1275 872 1541 538 1607 503 2524 1130 1280 136 1176 1186 2505 1413 771 1769 509 116 1262 1090 1308 699 967 899 913 163 2087 576 2299 26 2086 734 248 1203 747 1495 1792 1302 202 1024 1793 1201 625 1322 1889 1396 838 390 1068 319 2038 976 92 935 615 1477 903 1059 1446 151 2414 478 453 2560 869 274 56 1476 249 2632 2604 1288 1465 995 463 477 2253 2379 204 2588 1037 1939 1934 434 1611 2181 1921 304 1790 1780 1063 54 2388 307 2432 2368 2390 1918 2249 218 1463 1088 83 111 1652 841 1506 147 2331 645 545 171 138 811 157 1488 1674 1515 1578 2341 1208 1317 2450 439 752 1071 1763 1487 2531 2073 246 66 1440 2429 132 2213 1287 1264 1301 1855 13 898 2570 607 2050 1228 1928 100 2628 923 558 493 2150 2025 1050 2232 1646 380 1246 2221 2528 1342 906 605 209 || mode=VB method=sk_ac_complete solver=pyvrp stage=post_ls ls=pyvrp iter=12
2026-03-15 22:16:11 | INFO     | [POOL #00192] 1582 1409 30 2028 2405 2502 464 1448 663 2029 2007 1502 2319 703 706 1103 987 1843 1461 2172 1704 2176 1690 1875 2350 889 1466 1750 2308 815 1340 134 77 895 1533 880 1911 2010 830 1174 184 2278 2499 581 1085 338 58 1129 761 433 2159 1271 1165 2616 1102 1022 908 1628 1873 1328 708 219 944 1195 2000 1108 210 406 1865 2542 1758 2381 456 1122 1649 527 1435 2156 2110 583 1593 1910 1909 6 379 1398 837 1820 2577 1214 388 668 784 407 787 2625 1510 2558 387 1290 376 902 1480 568 1426 236 1357 91 2433 352 507 1779 || mode=RB method=sk_ac_avg solver=pyvrp stage=post_ls ls=pyvrp iter=13
2026-03-15 22:16:11 | INFO     | [POOL #00193] 520 2454 1325 1728 970 101 864 1924 1057 879 669 563 323 713 2217 1813 664 1137 228 2244 1814 2385 273 2081 1543 2006 1234 1900 500 68 1740 1370 2259 482 2223 2040 1891 1882 622 1128 334 860 1241 1166 1630 909 1248 1828 955 1658 1472 1886 2241 126 571 921 873 2009 1805 2077 2220 726 2158 1640 1856 474 875 1837 212 1972 1816 1512 356 1982 654 1567 2300 2369 1450 2127 1207 1375 1483 487 71 1519 29 1932 1659 361 2022 2516 141 2544 1454 1540 271 950 2620 1500 589 2346 1576 2285 2111 1316 1066 2456 744 176 508 1376 123 2549 341 633 2340 642 2118 2092 806 2372 124 2227 1202 1148 807 2435 215 1222 1367 277 600 1990 2234 2121 232 953 1797 2440 2589 1099 1079 2550 161 1636 2146 1741 2189 1274 || mode=RB method=sk_ac_avg solver=pyvrp stage=post_ls ls=pyvrp iter=13
2026-03-15 22:16:11 | INFO     | [POOL #00194] 1648 623 1095 2593 2548 1046 348 1358 560 1039 2236 1112 18 1226 1662 691 2310 1486 1042 2607 2427 1835 534 1415 475 2141 1283 2392 986 2463 595 569 934 1438 586 1667 2334 892 403 2471 2437 392 1257 775 1580 1297 915 2458 585 1535 1250 1445 1595 827 2026 2509 2270 1053 2320 1368 1403 93 302 399 754 2396 230 1029 1691 714 346 2317 87 1950 539 1038 2551 1600 2507 2457 214 1771 217 15 2354 1714 2426 1378 1870 2225 2064 2330 267 2005 191 41 820 443 412 1923 2627 378 1832 1149 133 106 1127 1830 1625 905 1249 49 94 1410 2378 2262 107 166 2021 455 2359 1841 1385 2014 1947 2534 47 1397 179 597 1917 711 1848 1969 2291 119 496 2608 862 2480 1862 || mode=RB method=sk_ac_avg solver=pyvrp stage=post_ls ls=pyvrp iter=13
2026-03-15 22:16:11 | INFO     | [POOL #00195] 769 2376 1957 1717 168 797 2443 681 203 1171 748 632 216 69 1096 213 954 2182 144 1469 1726 2476 1268 2268 979 2552 2345 2292 1949 1069 1559 1574 767 1015 2205 792 258 1599 966 628 510 5 1987 2170 1795 799 369 159 658 2266 2492 836 358 2610 2135 1028 2533 359 1386 2536 1330 682 2032 2015 287 2155 1406 427 402 1336 1470 1118 1493 82 489 1809 2361 1685 1898 1260 2315 1138 1341 1884 857 1081 1474 408 2511 1273 839 1239 780 687 1586 1455 1804 1018 1663 2257 441 1638 1300 1840 778 2002 28 543 1985 601 1968 1150 2012 1509 2500 220 809 2578 2601 1379 1100 1030 || mode=RB method=sk_ac_avg solver=pyvrp stage=post_ls ls=pyvrp iter=13
2026-03-15 22:16:11 | INFO     | [POOL #00196] 1430 1318 321 1627 897 1083 324 1416 766 1624 367 939 2351 777 1615 1292 620 225 1896 332 1424 2287 1373 172 1087 2053 517 1613 1337 556 2506 2099 2460 1608 834 1626 927 1221 195 1725 794 187 1623 2600 1557 1561 1806 357 978 904 2067 1359 2020 470 2584 1135 2093 1651 1860 2555 1387 2479 1303 2352 1503 1484 1570 1310 1906 1633 529 2332 2134 355 2116 2321 931 2611 715 2192 115 1692 476 551 1456 2115 2179 732 1384 2606 948 382 207 2055 1408 2105 1951 2293 11 2455 400 2478 982 1027 142 2362 1765 1555 502 2206 2497 2477 2328 930 772 1501 1005 1224 2366 842 1937 690 2143 2282 473 1757 2068 312 1697 2165 716 2194 2590 1612 88 1695 2391 911 1670 347 1272 981 1899 2413 1878 471 1104 160 801 870 || mode=RB method=sk_ac_avg solver=pyvrp stage=post_ls ls=pyvrp iter=13
2026-03-15 22:16:11 | INFO     | [POOL #00197] 2594 17 826 1705 2335 532 2187 611 522 627 1306 813 1526 2128 1223 1874 1117 1592 122 587 310 924 2420 2004 2091 2406 2117 1074 394 2397 333 444 570 728 396 2151 2402 1162 1829 2256 150 742 707 1971 459 2496 1908 652 1006 1550 1459 789 336 2416 389 169 269 111 1652 2126 1943 1304 208 638 588 1687 2277 1243 845 1529 2137 242 2575 425 2059 2229 630 1170 2031 1853 2629 781 686 1245 2596 2152 371 774 211 1123 1887 1549 1446 151 453 478 2414 2472 1919 1946 154 1073 1609 1801 2177 2145 1743 1784 2296 959 594 362 397 1256 1001 1208 1317 2450 1674 2341 1578 451 404 891 1515 545 645 2331 147 1506 841 1088 1463 83 2529 1443 2049 480 920 384 2631 1979 2161 1183 1105 1516 2199 1699 1377 1220 887 1931 2424 1675 279 252 1210 914 1639 1736 883 2190 1681 428 1579 238 1281 1554 1016 2018 233 776 295 || mode=RB method=sk_ac_avg solver=pyvrp stage=post_ls ls=pyvrp iter=13
2026-03-15 22:16:11 | INFO     | [POOL #00198] 2348 867 1738 128 1188 1277 2451 1320 2235 2358 998 1344 2525 1528 1349 932 1072 1798 1114 2302 1242 1111 296 1146 405 2063 1794 640 884 102 130 243 1383 823 1350 2314 1976 848 980 1606 343 9 1270 1189 1729 670 2085 328 1356 2467 1776 499 1263 2612 1279 562 817 2113 673 465 804 342 536 2469 1821 1748 1364 2267 651 519 1011 2309 1345 2418 162 4 2200 2614 1119 2051 850 1010 2324 446 1362 1925 254 1389 472 2198 99 351 1284 1657 2355 969 2326 1392 1760 2260 2191 2136 1742 2371 1998 2508 1374 619 526 196 2618 511 375 1778 440 1315 139 1735 2579 740 1167 2017 1689 727 788 1718 255 1851 1539 1000 1831 292 73 1427 832 1673 1702 1043 1395 1974 1584 1333 614 1984 735 565 1460 1881 1158 612 996 2208 486 544 432 1437 1388 2491 1920 || mode=RB method=sk_ac_avg solver=pyvrp stage=post_ls ls=pyvrp iter=13
2026-03-15 22:16:11 | INFO     | [POOL #00199] 1772 21 2412 288 1219 1436 1963 55 2203 1404 712 1930 1475 1496 2 1237 350 1266 719 971 894 291 1996 2464 330 2109 1696 647 1381 165 1442 1144 2133 798 885 661 1980 863 2231 1789 1194 888 1764 878 272 635 2243 1907 1604 57 1532 1986 98 2520 1962 567 718 193 943 50 555 1571 2546 125 2423 1458 1823 829 1489 2204 1313 120 949 1492 750 2503 1833 1676 1296 1457 843 1394 1369 1093 197 721 1712 783 756 2325 683 1767 1040 2615 152 2304 37 322 1589 2306 1054 942 2490 1225 97 20 1572 340 592 694 1653 2598 531 2071 1892 1786 874 117 2202 1617 650 1247 2364 770 1400 1254 2400 1485 1902 786 2501 1004 2185 2036 1479 1494 1861 2207 1212 1089 131 1052 266 1552 665 1880 2313 349 1508 1154 1666 819 1847 63 812 946 421 118 1124 2075 546 64 1680 || mode=RB method=sk_ac_avg solver=pyvrp stage=post_ls ls=pyvrp iter=13
2026-03-15 22:16:11 | INFO     | [POOL #00200] 1391 871 121 1107 34 2001 1973 2434 1605 696 881 1173 2163 2630 485 524 985 268 1363 886 2436 1193 840 418 2033 1156 584 1621 448 1032 1187 639 672 2103 1267 1859 256 1307 2510 460 2574 844 2417 103 1252 2339 1521 1967 76 2360 1251 1897 1505 1716 1334 936 1935 1650 2295 2013 2255 1871 1179 1525 2230 2576 297 2537 1573 35 1185 634 1815 40 1393 2153 247 968 818 1938 702 1903 1462 85 764 1885 1511 1347 1082 301 1568 89 1346 365 1286 2422 1021 1331 2125 1703 2095 877 1852 999 2251 2431 2374 1642 762 1755 2323 454 145 1619 1672 461 2023 1109 1145 61 2438 2327 284 417 1432 200 2100 816 1941 1451 1421 1007 2442 1594 2188 641 81 2305 547 504 900 1669 1206 1761 608 1121 174 858 2572 1959 1914 1012 533 851 2408 1008 || mode=RB method=sk_ac_avg solver=pyvrp stage=post_ls ls=pyvrp iter=13
2026-03-15 22:16:11 | INFO     | [POOL #00201] 1569 2276 1955 414 1551 1992 896 2148 666 416 1169 1019 738 1700 2173 2079 2337 2197 1075 965 758 2311 2411 675 1026 1629 2569 636 237 1958 2425 2248 1152 1800 1269 2166 450 1327 1810 1309 2399 462 1428 2120 326 916 983 2419 646 479 1431 313 1351 1709 1329 689 1200 316 671 1744 2139 2567 723 2106 2409 972 1926 2122 2581 2428 2283 958 2557 2142 262 1175 318 1819 38 2622 1020 1106 1684 518 521 1581 2565 2045 259 75 1070 1647 918 655 7 2209 1686 940 84 676 2617 2131 724 1181 368 1610 833 1991 466 339 552 991 590 2415 549 2030 2011 2169 1319 1253 2404 409 2076 2514 306 925 2613 1412 2626 2066 2485 2316 1770 260 917 1142 1846 1110 373 705 2112 1524 1197 1159 2048 442 294 315 2070 2246 245 2489 175 856 2580 1546 1710 1912 1960 2407 1371 457 2222 2138 385 1198 2149 2562 || mode=RB method=sk_ac_avg solver=pyvrp stage=post_ls ls=pyvrp iter=13
2026-03-15 22:16:11 | INFO     | [POOL #00202] 700 2347 1936 882 1565 1116 1719 2201 2174 299 2530 2171 1562 710 72 2338 692 1414 733 2513 173 311 684 497 345 153 743 956 722 2519 1513 1597 86 535 1380 1944 1997 16 194 846 1724 2039 580 2275 1754 963 65 229 1933 901 1781 265 951 2008 617 2586 23 2072 234 48 604 1101 505 1747 1876 2272 1339 739 1182 2387 2062 27 410 2044 1563 2527 1192 2532 1061 1405 1730 1802 1076 2160 2307 2393 1 709 667 677 599 1003 281 824 1751 1977 1664 1708 2084 289 2196 329 1745 178 1775 431 1739 2130 1261 1498 984 2252 1411 1452 364 598 227 148 1168 1517 1901 2301 1077 1399 512 2481 1995 1449 391 2061 1335 765 2027 1812 618 327 763 2164 1366 2498 1711 1293 825 760 821 1799 2242 2233 1098 2473 2585 198 814 2273 2212 1553 1044 855 550 2370 1259 2154 697 261 || mode=RB method=sk_ac_avg solver=pyvrp stage=post_ls ls=pyvrp iter=13
2026-03-15 22:16:11 | INFO     | [POOL #00203] 62 2583 1857 1661 401 2214 501 2280 2290 1518 779 609 156 1591 1009 1491 1826 1927 483 557 1544 1839 2080 2495 12 2349 2238 1002 1956 591 2037 753 2541 1365 1402 2082 1417 648 537 1420 1278 928 1978 876 578 135 745 822 1453 2123 1178 2333 606 280 1184 104 1566 1981 2357 1655 2104 1354 1497 516 377 613 593 2193 2052 802 1323 790 112 1204 2226 1732 679 2439 1382 2074 1762 688 1464 2216 962 308 186 1645 514 2384 2101 2035 988 2343 2566 624 1777 1759 2329 1161 224 2303 1051 1023 1230 757 1139 1133 185 805 773 629 1656 685 1305 1683 704 1507 1444 240 961 1854 1536 1671 2488 803 1289 1157 481 1014 1504 1473 1727 746 1872 36 2224 2448 1989 1136 1244 513 1731 181 2065 1422 2218 231 680 791 2034 573 1490 1693 1866 1180 525 2515 553 1126 2211 2356 298 1132 2140 1614 2398 429 300 2263 2353 1429 1547 1471 2102 1447 1425 || mode=RB method=sk_ac_avg solver=pyvrp stage=post_ls ls=pyvrp iter=13
2026-03-15 22:16:11 | INFO     | [POOL #00204] 957 494 114 1034 1407 1467 1665 484 1631 1616 868 2078 2518 2041 2297 656 1036 2547 275 363 206 1698 2114 317 2090 610 398 209 1035 370 1602 1353 941 575 977 270 436 605 644 188 1311 906 2528 1342 2621 53 1825 1541 1275 872 2628 100 1928 637 1287 1264 1301 2213 132 2429 1440 66 2570 13 1855 898 607 2050 1228 116 1262 771 1413 2505 1186 1176 136 1280 1130 2524 503 1607 538 1542 2449 2461 2564 158 1276 335 1255 2336 1434 717 577 1215 190 990 737 1596 31 1209 1588 2261 1211 2180 2453 244 2237 602 1858 2318 492 2568 1590 2522 1390 2167 2377 1773 2003 2228 2466 221 1355 52 1838 1824 1953 1419 616 1869 164 975 2465 2289 2279 541 177 445 1372 1084 146 2184 1618 1622 847 725 2042 2468 910 2595 || mode=RB method=sk_ac_avg solver=pyvrp stage=post_ls ls=pyvrp iter=13
2026-03-15 22:16:11 | INFO     | [POOL #00205] 1864 919 993 1915 129 2526 793 1822 1047 435 305 1115 1045 2512 2559 170 22 80 1141 1722 2047 1564 1961 2088 1265 2221 1246 380 1646 2232 226 140 1163 1050 2025 2150 493 923 558 720 1298 452 1060 430 205 828 548 1918 2390 2368 2432 307 2388 246 2073 2531 54 1487 1063 1780 1790 304 1921 2181 1611 434 2632 2604 1288 1465 274 869 2560 1059 903 1477 615 935 92 976 2038 319 1068 390 838 1396 1889 1322 625 1201 1024 1793 734 2086 26 2299 248 1203 747 1495 1792 1302 202 249 1476 56 995 463 477 2253 2379 204 2588 1037 1939 1934 1763 1071 752 439 1488 157 811 171 138 218 2249 286 1049 2504 285 1660 2057 2380 1585 2147 937 1970 1531 438 1922 1285 540 1701 2430 2587 1637 2535 1587 1734 1643 1983 143 542 241 137 1999 372 2543 1583 2098 1556 1913 2264 393 1233 || mode=RB method=sk_ac_avg solver=pyvrp stage=post_ls ls=pyvrp iter=13
2026-03-15 22:16:11 | INFO     | [POOL #00206] 1680 64 546 2075 1124 118 421 946 812 63 1847 819 1666 1154 1508 349 2313 1880 665 1552 266 1052 131 1089 1212 1729 1189 1356 670 2085 328 2467 1776 499 465 804 342 536 2469 1821 1364 1748 531 2598 1653 694 592 340 1572 20 1823 829 1489 2204 1313 120 949 1492 750 1093 1369 2503 1833 1676 1296 371 2152 774 211 1123 1887 1549 2596 1245 686 781 2629 1457 1394 843 1853 2031 1170 630 2229 2059 783 1712 721 197 756 2325 683 2490 942 1054 2306 1589 322 37 2304 943 193 1962 567 718 50 555 1571 2546 125 2423 1225 97 1458 850 2051 1119 651 519 1011 2309 2267 1345 1892 2071 1786 874 117 673 2113 1263 2612 1279 1270 9 1494 343 1861 2207 1606 980 848 1976 2314 1350 823 1383 243 130 102 884 640 1427 832 1736 883 1974 2190 1681 428 1579 55 1436 1016 1188 128 1738 867 2348 || mode=RB method=sk_ac_min solver=filo2 stage=post_ls ls=pyvrp iter=14
2026-03-15 22:16:11 | INFO     | [POOL #00207] 1862 1779 507 352 2433 91 1357 236 1426 568 1480 902 376 1290 387 2558 1510 2625 787 407 784 668 388 1214 2577 1820 837 1398 379 6 1909 1910 1593 583 2110 2156 1435 527 908 1022 1102 2616 1165 1271 2159 1914 1873 1328 1628 2381 456 1122 1649 1758 2542 219 708 944 1195 2000 1865 406 210 1385 2014 1947 2534 47 1397 179 597 1917 711 1848 1969 2291 119 496 2608 862 2480 || mode=RB method=sk_ac_min solver=filo2 stage=post_ls ls=pyvrp iter=14
2026-03-15 22:16:11 | INFO     | [POOL #00208] 114 1631 2468 2042 725 847 1622 1618 2184 146 1084 656 1372 445 177 541 2279 2289 2465 975 164 1869 616 1419 1953 1824 1838 1602 1353 941 575 977 270 436 579 2336 1255 335 1276 158 2564 2461 2449 1542 538 1607 503 2524 1130 1280 136 1176 1186 2505 1413 771 1262 116 1228 2050 607 2570 898 13 1855 132 2429 2388 307 2432 2368 2390 138 171 811 157 1488 439 1674 2450 1317 1208 2341 1256 1001 594 959 2296 1784 1743 362 2145 2177 1243 845 1529 425 2137 2575 242 1767 1040 152 2615 638 588 208 1304 1943 2126 1652 1506 841 111 83 1088 1463 2504 285 1660 742 150 2256 1829 1980 661 885 798 2133 1144 1442 394 165 647 1381 330 2464 1996 2109 291 894 971 719 1266 350 1874 1223 2128 1526 813 2512 1115 305 435 1047 1822 793 2526 532 2335 993 919 || mode=RB method=sk_ac_min solver=filo2 stage=post_ls ls=pyvrp iter=14
2026-03-15 22:16:11 | INFO     | [POOL #00209] 1648 623 1095 2593 2548 1046 348 1358 560 1079 1099 2236 1039 1112 18 1226 277 2310 691 1662 1486 1042 2607 2427 1835 534 1415 475 1367 1222 215 2347 2141 1283 2392 986 2463 595 569 934 1438 586 2227 124 2372 1202 1148 807 2435 508 1376 123 2549 341 2118 642 2340 633 2516 2022 361 1659 1932 29 1519 71 487 1483 1375 1207 2127 1450 2369 2300 1567 654 1982 356 1512 1816 1972 212 1837 875 474 1590 2568 492 2522 2318 2180 2453 244 2237 602 1858 2167 1390 2377 1773 2003 2228 2466 221 52 1355 950 2620 1500 271 1540 1454 2544 141 589 2346 1576 2285 2111 1316 1066 2456 744 176 600 1990 2234 2121 232 953 1797 2440 2589 700 910 494 2595 || mode=RB method=sk_ac_min solver=filo2 stage=post_ls ls=pyvrp iter=14
2026-03-15 22:16:11 | INFO     | [POOL #00210] 1772 2594 17 826 21 2412 288 1219 1963 2203 1404 712 1930 1475 1639 914 1210 252 279 73 292 1831 1000 1539 1851 255 1718 788 727 1689 2017 1479 2036 2185 2501 1004 1254 2400 1400 770 1485 786 1902 562 817 2202 1617 650 1247 2136 1742 2191 2371 1998 2364 2508 1374 619 526 2260 1760 2326 969 635 2243 2355 1657 1284 99 351 2418 162 4 2200 2614 2198 1010 2324 446 1362 1925 472 254 1389 1604 1907 57 1532 1986 98 2520 336 789 1459 1550 1006 269 2529 169 389 2416 652 1908 2496 459 1971 707 1443 1194 888 1764 878 272 1392 196 2618 511 375 1778 1789 2231 2049 863 480 920 440 1315 139 1735 2579 740 1167 384 2631 1979 2161 1183 1105 2199 1516 1696 1699 1377 1220 887 1931 2424 1675 1237 2 1496 1306 627 522 611 2187 129 1705 1915 1864 957 || mode=RB method=sk_ac_min solver=filo2 stage=post_ls ls=pyvrp iter=14
2026-03-15 22:16:11 | INFO     | [POOL #00211] 520 2454 1325 1728 970 663 2029 2007 1502 2319 703 706 1103 987 1461 2172 1704 2176 1690 1875 2350 889 1466 1750 2308 815 1340 134 77 895 1533 1830 1127 106 133 1149 1832 378 2627 820 443 1923 412 1691 1029 230 2396 334 1128 622 1248 1828 955 1658 1472 1886 2241 126 571 921 873 2009 1805 2077 2220 726 2158 1640 1856 1588 2261 1211 1209 31 1596 737 990 190 1215 577 717 1434 644 188 1311 906 2528 1342 2621 53 1825 1541 1275 872 2628 100 1928 1298 720 558 923 493 2150 2025 1050 1163 140 226 2232 1646 380 1246 2221 1265 2088 1961 1564 2047 1722 542 241 137 370 1035 209 398 610 2090 317 2114 1698 206 363 2547 1036 275 2297 2041 2518 2078 868 1616 393 1665 1467 1233 || mode=RB method=sk_ac_min solver=filo2 stage=post_ls ls=pyvrp iter=14
2026-03-15 22:16:11 | INFO     | [POOL #00212] 1034 484 1913 1556 2098 1583 2543 372 1999 1141 143 1983 1643 1734 1587 2535 1637 2587 2430 1701 540 1285 1922 438 1531 1060 452 637 430 205 828 548 1287 1264 1301 2213 1440 66 246 2073 2531 54 1487 1063 1780 1790 2181 1921 304 1763 752 1071 1939 1934 1611 434 2632 2604 1037 2588 204 2379 2253 477 463 995 1465 1288 56 274 1476 249 202 1302 1792 1495 747 1203 248 2299 26 2086 734 1793 1024 1201 625 1322 1889 1396 838 390 1068 319 2038 976 92 935 615 1477 903 1059 1446 151 453 2560 869 478 2414 2472 1919 1946 154 1073 1609 1801 2277 1687 891 404 451 397 1578 1515 545 645 2331 147 218 2249 1918 286 1049 2057 2380 1585 1162 2147 1970 937 2402 2151 396 728 570 444 333 2397 1074 2117 2406 2091 2004 2420 924 310 587 122 1117 1592 80 22 170 2559 1045 2264 1407 || mode=RB method=sk_ac_min solver=filo2 stage=post_ls ls=pyvrp iter=14
2026-03-15 22:16:11 | INFO     | [POOL #00213] 1274 2189 1741 2146 1636 161 2550 101 864 1924 1057 879 669 563 323 713 2217 1813 664 1137 228 2244 1814 2385 273 2081 1543 2006 1234 1900 500 68 1740 1370 2259 482 2334 1667 892 403 2471 2437 392 806 2092 1257 775 1580 1297 915 2458 585 1535 1250 1445 1595 827 2026 2509 2270 1053 2320 1368 1403 93 2223 2040 1891 302 399 1882 754 860 1241 1166 909 1630 1950 87 539 1038 2551 1600 2507 2457 214 1771 217 2317 346 714 41 191 15 2354 1714 2426 1378 1870 2225 267 2005 2330 2064 338 58 1129 550 1085 581 2499 2278 184 1174 830 2010 1911 880 1625 905 1249 49 94 1410 2378 2262 107 166 2021 1841 2359 455 464 1448 2502 2405 2028 30 1409 || mode=RB method=sk_ac_min solver=filo2 stage=post_ls ls=pyvrp iter=14
2026-03-15 22:16:11 | INFO     | [POOL #00214] 1343 264 1160 2019 2239 2157 603 1817 1125 1527 582 2599 808 2043 201 96 643 381 2573 353 596 2298 2058 835 2056 1753 182 1746 866 1033 2474 1715 1774 1842 2482 2545 2410 1065 1548 853 831 945 1523 852 1737 1291 1940 1678 2582 2016 1632 1560 2089 768 1679 253 816 2100 200 1432 417 284 2327 2438 61 1109 2023 1522 74 1294 2561 1326 974 893 325 2421 1945 282 1511 85 1462 1903 1938 702 458 1092 2619 912 8 530 1818 1677 1295 222 2195 929 419 1338 938 1433 1199 1834 2281 1893 2265 2603 2401 1177 1205 678 1062 1994 741 498 155 559 415 854 1235 574 730 1312 314 1478 251 79 320 2444 515 1942 736 2183 2592 1807 469 1894 183 2373 1785 2108 701 566 10 1788 1890 523 2060 1056 576 2087 163 913 899 967 699 1308 1090 509 1769 1482 2178 1863 1883 2446 1723 952 749 2539 2633 1520 605 989 964 2609 1232 337 1134 290 395 2269 1733 2452 2494 || mode=RB method=sk_ac_min solver=filo2 stage=post_ls ls=pyvrp iter=14
2026-03-15 22:16:11 | INFO     | [POOL #00215] 261 1955 414 1843 1551 1992 896 2148 666 416 1169 1019 738 2079 2337 2197 758 2311 2411 1960 1912 1629 1026 675 2569 636 2489 245 2246 2070 315 1152 1269 1800 294 442 2048 1159 153 345 391 1449 2061 1335 1428 2120 326 1995 2481 512 1399 1077 1329 1709 689 1200 1775 431 1739 2130 1261 1498 984 2252 329 2196 1745 178 316 671 1744 2139 2567 723 289 2084 2581 2428 1708 1664 2283 958 2557 2307 2393 1 709 667 1339 2272 1876 1747 677 599 1003 1977 1751 824 281 2122 1926 972 2409 2106 2404 409 2076 2514 306 925 901 1933 229 65 963 2613 1412 1724 2626 2039 580 1754 2275 2485 2066 846 194 16 1997 1944 1380 535 86 1597 1513 2316 1770 722 956 2519 743 1197 1524 497 684 175 856 2580 1546 1710 2140 1614 2407 2398 429 1371 457 2222 2138 385 1198 2276 1569 || mode=RB method=sk_ac_min solver=filo2 stage=post_ls ls=pyvrp iter=14
2026-03-15 22:16:11 | INFO     | [POOL #00216] 62 2583 1857 1661 401 501 2280 2290 1518 779 609 156 1591 1009 1491 710 72 2338 692 1414 733 1544 1839 2513 173 2080 2238 2349 12 2495 2037 753 2541 1365 591 1956 1002 1417 2082 1402 2448 1989 1136 1244 513 1731 648 537 1420 1278 181 928 1978 876 578 135 745 822 1453 280 606 2123 1178 2333 1671 1536 1854 961 240 1444 1507 1184 704 104 685 1305 1683 2586 23 2030 2072 48 234 2415 549 1497 1354 2104 1655 2357 1981 1566 1656 773 629 962 308 186 2216 1464 593 613 377 516 590 991 552 339 2052 2193 802 1610 833 1991 466 505 1101 604 2011 2169 1319 1253 617 2008 951 265 1781 2065 1422 2218 231 680 573 2034 791 917 260 1142 1846 1110 373 2112 705 1490 1693 1866 1180 525 2515 311 553 1126 2211 2356 298 1132 1562 2171 2530 299 2174 2201 1719 1116 1565 882 300 2263 2353 1429 1547 1936 1471 2102 2149 1447 2562 1425 || mode=RB method=sk_ac_min solver=filo2 stage=post_ls ls=pyvrp iter=14
2026-03-15 22:16:11 | INFO     | [POOL #00217] 1582 1391 871 121 1107 34 2001 433 1959 2572 858 174 1121 608 1173 2163 2630 641 485 268 1363 2436 1193 840 1156 2323 1286 365 1346 2422 1021 1331 2125 1703 2095 877 2251 1852 999 460 2510 1307 256 844 2574 2537 1252 2417 103 2339 1521 1967 76 2360 518 521 1581 2565 2045 259 918 1070 75 506 1948 755 2441 2096 2144 309 1017 1634 564 2486 695 1954 2295 936 1650 1935 1251 1897 1505 1716 1334 2013 2255 1871 1179 1525 2230 2576 297 1573 35 1185 634 1815 818 40 1393 968 247 2153 764 1885 89 1568 301 1082 1347 461 1145 1672 1619 145 454 2033 418 886 985 524 2188 1594 2442 1007 1421 1941 1451 70 283 437 2493 468 2210 149 1352 2097 2054 1783 2459 881 696 1605 2434 1973 731 907 1147 1644 1258 424 2517 1768 || mode=RB method=sk_ac_min solver=filo2 stage=post_ls ls=pyvrp iter=14
2026-03-15 22:16:11 | INFO     | [POOL #00218] 1808 2214 849 1905 1966 1213 1131 2470 2556 1196 1481 426 1826 1927 483 557 2447 488 2623 374 621 1916 746 1727 1872 36 2224 1473 1504 1014 481 1157 1289 2488 803 757 1230 1139 1133 185 1051 1023 805 2303 224 1161 2329 1759 1777 624 2384 514 1645 2101 2035 988 2343 2566 67 1993 2475 2129 2540 14 1217 2383 960 1013 1514 2571 657 2389 39 2186 1067 2119 1827 659 1803 1299 1879 331 2226 1204 1732 679 2439 1382 2074 790 112 688 1762 1323 724 1181 368 739 1182 2387 2131 2617 676 84 940 1686 2062 27 410 1061 1405 1730 1802 1076 2160 1175 262 2142 1411 1452 364 598 227 148 1168 1517 1901 2301 1351 313 1431 479 646 2419 983 916 2399 462 1309 765 1810 1327 450 2166 618 2498 2248 2425 1958 237 2242 2233 1206 2473 1098 965 1075 2173 1700 198 814 2370 1259 2154 697 || mode=RB method=sk_ac_min solver=filo2 stage=post_ls ls=pyvrp iter=14
2026-03-15 22:16:11 | INFO     | [POOL #00219] 1929 383 561 78 1575 2240 2602 994 785 992 495 2083 1282 1238 1844 2069 2386 45 1721 3 1314 257 1635 1868 1191 1055 1791 2254 1086 865 653 1227 1418 1216 2538 33 490 2363 1468 250 2523 572 2247 649 1811 2375 1048 276 2605 2258 1229 2132 973 1964 108 2288 1877 278 2521 105 60 1545 44 2322 127 1231 199 751 59 1752 2274 449 2344 2162 1975 167 1577 239 2597 2403 1236 1904 354 2382 1796 2168 782 2554 1031 1952 926 660 1534 2394 46 528 1620 1324 1688 192 1641 933 2445 922 1749 997 800 423 42 386 360 1332 1094 1647 655 7 2209 1684 1106 1020 2622 2044 38 1563 2527 1192 2532 1819 318 1859 1267 2103 672 639 1187 1032 448 2431 2374 1621 1642 762 1755 584 2027 1812 327 763 2164 1366 1293 1711 825 760 821 1799 81 2305 547 504 900 1669 1761 2585 2273 2212 1553 1044 855 761 1012 533 1108 851 2408 1008 || mode=RB method=sk_ac_min solver=filo2 stage=post_ls ls=pyvrp iter=14
2026-03-15 22:16:11 | INFO     | [POOL #00220] 2294 235 1706 1153 2365 321 1439 2553 1155 810 674 2487 1845 344 1682 293 796 1190 2271 759 1713 1850 24 693 2367 2395 2175 19 626 1694 1080 2462 1537 1441 90 1361 2312 366 43 447 25 1151 2024 2483 698 1218 1558 1849 1707 1401 2094 631 95 1557 1561 1806 2600 1623 187 794 1725 195 1221 927 1626 834 1058 491 861 1348 2124 32 113 1538 1668 795 223 1756 1530 1321 2215 1091 1499 1113 1416 766 1624 2460 2099 1608 2506 556 1337 1613 517 2053 1087 172 1373 2287 1424 332 1896 732 2179 2115 1456 551 476 1692 1384 225 620 1292 1615 777 2351 939 367 2194 716 2165 1697 312 2068 2590 1612 1695 88 2391 1670 911 897 324 1083 1627 347 1272 981 1318 1430 870 || mode=RB method=sk_ac_min solver=filo2 stage=post_ls ls=pyvrp iter=14
2026-03-15 22:16:11 | INFO     | [POOL #00221] 769 2376 1957 1717 2443 681 203 632 216 69 1096 213 954 2268 1268 2182 144 1469 1726 2476 2205 792 258 1599 966 628 510 5 1987 2170 1795 799 369 159 658 2266 2492 836 358 2610 2135 1028 2533 359 1386 2536 1330 682 2032 2015 287 2155 1406 427 402 1336 1470 1118 1493 82 489 1809 2361 1685 1898 1260 2315 1138 1341 1574 1015 767 1559 1069 1949 2292 2345 979 2552 2257 441 1663 1018 1804 1455 1586 1239 780 687 778 2002 1840 28 1300 1638 543 1985 601 1968 748 1171 168 797 1388 1437 432 544 486 2208 996 612 1158 1881 1460 565 998 1344 2525 1528 1349 932 1072 1114 1798 2302 1242 1111 296 1146 405 2063 1794 1673 1702 1043 1395 1584 1333 614 238 1281 1984 735 1554 2358 2235 1320 2451 1277 2018 233 776 295 2491 1920 || mode=RB method=sk_ac_min solver=filo2 stage=post_ls ls=pyvrp iter=14
2026-03-15 22:16:11 | INFO     | [POOL #00222] 1965 51 1097 2286 1988 1603 554 1025 303 1766 1782 467 1360 947 1140 1041 413 2591 1598 2250 729 2624 2046 1888 109 1064 662 1423 1867 1164 1787 1601 411 859 1078 890 2284 1895 2484 1654 1720 1143 1836 2107 1240 2219 189 422 263 1172 110 1120 2342 180 2245 420 2563 357 978 904 2067 1359 2020 470 2584 1135 2093 1651 1860 2555 1387 2479 1303 2352 1503 1484 1570 1310 1906 1633 529 2332 2134 2116 355 715 2192 115 2611 931 2321 1474 1081 857 1884 1273 839 2511 408 1408 2055 2105 1951 207 382 948 2606 1555 1765 2293 11 2455 400 2478 982 1027 142 930 1501 772 2328 2477 2362 502 2206 2497 2366 842 1937 1224 1005 690 2143 2282 473 1757 1509 2012 1150 809 1379 2601 2578 220 2500 2413 1878 1899 471 1104 160 801 1100 1030 || mode=RB method=sk_ac_min solver=filo2 stage=post_ls ls=pyvrp iter=14
2026-03-15 22:16:11 | INFO     | [POOL #00223] 261 697 2154 533 1012 761 855 1044 1553 2212 2273 2585 2473 1098 2233 2242 1799 821 760 825 1293 1711 2498 1366 2164 763 327 618 1812 2027 1810 2166 450 1327 765 1309 462 2399 916 983 2419 646 479 1431 313 1351 2301 1901 1517 1739 2130 1261 1498 984 2252 1411 1452 364 598 227 148 1168 1187 639 672 2103 1267 1859 318 1819 103 2417 1252 2339 1521 1967 76 2360 1251 1897 1505 1716 2230 2576 297 2537 2574 844 256 1307 2510 460 1185 35 1573 634 1815 818 40 1393 968 247 2153 1021 2422 1346 365 1286 1331 2125 1703 2095 877 2251 1852 999 1032 448 2431 2374 1621 1642 762 1755 584 2323 454 1156 2033 418 840 1193 2436 886 1363 268 985 524 485 81 2305 547 504 900 1669 1206 1761 608 1121 174 858 2572 1959 1914 1108 851 2408 1008 || mode=RB method=sk_ac_avg solver=filo1 stage=post_ls ls=pyvrp iter=15
2026-03-15 22:16:11 | INFO     | [POOL #00224] 62 2583 1857 1661 401 501 2280 2290 1518 779 609 156 1591 1009 1491 1826 426 1927 483 557 1544 1839 2495 2037 753 2541 1365 1402 746 1727 1872 36 2224 2448 513 1731 1244 1136 1989 1473 1504 1014 481 1157 1289 2488 803 757 1230 1139 1133 185 1051 1023 805 2303 224 1161 2329 1759 1777 1993 67 2566 2343 988 2035 2101 1645 514 2384 624 308 186 2216 1464 593 613 377 516 590 552 991 2415 549 1497 1354 2104 1655 2357 1981 1566 962 629 773 1656 1444 1507 1184 704 104 685 1305 1683 2586 617 2008 1781 265 951 1453 280 606 2123 1178 2333 240 961 1854 1536 1671 745 822 135 578 876 1978 928 2065 1422 2218 181 1278 1420 537 648 1417 2082 1002 1956 591 12 2349 2238 2080 173 2513 733 1414 692 2338 72 710 1562 2171 2530 299 2174 2201 1719 1116 1565 882 300 2263 2353 1429 1547 1936 1471 2102 2149 1425 || mode=RB method=sk_ac_avg solver=filo1 stage=post_ls ls=pyvrp iter=15
2026-03-15 22:16:11 | INFO     | [POOL #00225] 2494 2452 1733 2269 395 290 1134 337 1232 2609 989 964 579 1520 2633 2539 749 952 1723 2446 1883 1863 2178 1482 1769 509 1090 1308 699 967 899 913 163 2087 576 1056 2060 523 2523 250 1468 2363 490 33 2538 1216 276 2605 2258 1048 2375 1811 649 2247 572 1890 1788 10 566 701 2108 1785 2373 183 1894 469 2403 2597 1236 239 1577 167 1975 2274 449 2344 2162 2322 44 1545 127 1231 199 751 59 1752 2389 354 2382 1796 42 423 800 386 997 360 1749 1332 1094 1647 918 655 1070 75 259 2045 2565 1581 521 518 1935 1650 936 2295 1334 2013 2255 1871 1179 1525 1938 702 1903 1462 85 764 1885 89 1568 1511 301 1082 1347 2023 461 1109 1672 1619 145 1145 61 2438 2327 284 417 1432 200 2100 816 1941 1451 1421 1007 2442 1594 2188 641 2630 2163 1173 881 696 1605 2434 1973 2001 34 1107 121 871 1391 || mode=RB method=sk_ac_avg solver=filo1 stage=post_ls ls=pyvrp iter=15
2026-03-15 22:16:11 | INFO     | [POOL #00226] 1929 383 561 1808 78 1575 2214 849 1905 1966 2240 2602 1213 1131 2470 994 785 2556 992 1481 1196 495 2447 2083 488 1282 1238 1844 2069 2386 45 1721 3 1314 257 2623 374 621 1916 1635 1868 1191 1055 1791 2254 1086 865 653 1227 1418 1229 2132 973 1964 108 2288 1877 278 60 105 2521 2475 2129 2540 14 1217 2383 960 1514 2571 657 1013 39 2186 1067 2119 1827 659 1803 1299 1879 331 2226 1204 112 688 1762 1323 790 2074 1382 1732 2439 679 7 2209 1684 1106 1020 2622 2044 38 1563 2527 1192 2532 1730 1802 1076 2160 1175 262 2142 2557 2307 958 2283 1664 329 2196 1708 2428 2084 289 723 2567 2139 1744 671 316 1745 178 431 1775 1200 689 1709 1329 1077 1399 512 2481 1995 326 2120 1428 1335 2061 1449 391 345 153 1159 2048 442 294 1800 1269 1152 2248 2425 1958 237 636 2569 1629 1026 675 965 1075 2173 1700 198 814 2370 1259 1728 || mode=RB method=sk_ac_avg solver=filo1 stage=post_ls ls=pyvrp iter=15
2026-03-15 22:16:11 | INFO     | [POOL #00227] 2562 1447 1198 385 2138 2222 457 1371 429 2398 2407 1614 2140 1132 298 2356 2211 1126 553 311 2515 525 1180 1866 1693 1490 705 2112 373 1110 1846 1142 791 2034 573 231 680 917 260 2485 2066 2275 1754 580 2039 2626 1724 1412 2613 963 65 229 1933 901 925 306 2514 1253 1319 2169 23 2030 2072 234 48 2011 604 1101 505 339 466 1991 833 1610 2052 2193 802 1181 368 739 724 1182 2387 2131 2617 676 84 940 1686 2062 27 410 1061 1405 1339 2272 1876 1747 677 599 667 709 1 2393 1977 1003 1751 824 281 2122 1926 972 2581 2409 2106 2404 409 2076 16 846 194 1997 1944 1380 535 86 1597 1513 2316 1770 722 956 2519 743 1197 1524 497 684 315 2070 2246 245 2489 175 856 2580 1546 1710 1912 1960 2411 2311 758 2197 2337 2079 738 1019 1169 416 666 2148 896 1992 1551 1843 414 1955 2276 || mode=RB method=sk_ac_avg solver=filo1 stage=post_ls ls=pyvrp iter=15
2026-03-15 22:16:11 | INFO     | [POOL #00228] 2348 867 1738 128 1188 1016 1436 55 1579 428 1681 2190 1974 883 1639 914 1210 252 279 1675 2424 1931 887 1220 1377 1699 1696 1516 2199 1105 1183 2161 1979 2631 384 1167 740 2579 1735 139 1315 440 1778 375 511 2618 196 1392 272 878 1764 707 1971 459 2496 1908 1907 1604 57 1532 1986 98 2520 1962 567 718 943 193 2304 1040 1767 37 322 1589 2306 50 1389 254 472 1925 1362 446 2324 1010 2198 2614 2200 4 162 2418 351 99 1284 1657 2355 2243 635 969 2326 1760 2260 526 619 1374 2508 1998 2371 2191 1742 2136 650 1247 2364 1485 770 1400 2400 1254 1004 2501 2185 2036 1479 2017 1689 727 788 1718 255 1851 1539 1000 1831 292 73 1427 832 1736 1043 1395 1584 1333 614 238 1281 1984 735 1554 2358 2235 1320 2451 1277 2018 233 776 544 295 1920 || mode=RB method=sk_ac_avg solver=filo1 stage=post_ls ls=pyvrp iter=15
2026-03-15 22:16:11 | INFO     | [POOL #00229] 1388 1680 64 546 2075 1124 118 2610 421 946 812 63 1847 819 296 1146 1111 1242 2302 1794 2063 405 1508 1154 1666 349 2313 1880 665 1552 266 1052 131 1089 1212 1729 1189 1356 670 2085 328 2467 1776 499 465 804 673 117 342 536 2469 1821 1364 1748 531 2598 1653 694 592 340 1572 20 1823 829 1489 2204 1313 120 949 1492 750 1093 1369 2503 1833 1676 1296 1457 1394 843 721 1712 783 425 1529 2137 2575 242 683 2325 756 197 2490 942 1054 555 1571 2546 125 2423 1225 97 1458 850 2051 1119 651 519 1011 2309 2267 1345 1892 2071 1786 874 2202 1617 2113 1263 2612 1279 817 562 1902 786 1270 9 1494 343 1861 2207 1606 980 848 1976 2314 1350 823 1383 243 130 102 884 640 1673 1702 1114 1798 1072 932 1349 1528 2525 1344 998 565 1460 1881 1158 612 996 2208 486 432 1437 2491 || mode=RB method=sk_ac_avg solver=filo1 stage=post_ls ls=pyvrp iter=15
2026-03-15 22:16:11 | INFO     | [POOL #00230] 1864 919 993 1705 129 532 2526 793 1822 1047 435 305 1115 1045 2512 2559 170 22 80 1117 1592 1141 143 1983 1643 1734 1587 2535 1637 2587 2430 1701 540 1285 1922 438 1531 1970 937 2147 1585 2380 2057 1049 286 2249 218 138 171 811 157 1488 439 752 1071 1763 1939 1934 1611 434 2632 2604 1037 2588 204 2379 2253 477 463 995 1465 1288 249 1476 56 274 869 2560 1059 903 1477 615 935 92 976 2038 319 1068 390 838 1396 1889 1322 625 1201 1793 1024 202 1302 734 2086 26 2299 248 1203 747 1792 1495 2181 1921 304 1790 1780 1063 1487 54 2531 2073 246 2388 307 2432 2368 2390 1918 828 548 430 205 1060 452 1298 720 558 923 493 2150 2025 1050 1163 140 226 2232 1646 380 1246 2221 1265 2088 1961 1564 2047 1722 542 241 137 1999 372 2543 1583 2098 1556 1913 2264 393 1233 || mode=RB method=sk_ac_avg solver=filo1 stage=post_ls ls=pyvrp iter=15
2026-03-15 22:16:11 | INFO     | [POOL #00231] 1772 2594 17 21 2412 288 1219 1963 2203 1404 712 1930 1475 1496 2 1237 350 1266 719 971 894 291 2109 1996 2464 330 1381 647 165 1442 1144 2133 798 885 661 1980 920 480 863 2049 2231 1789 1194 888 1443 2529 269 169 2416 389 652 1006 336 789 1459 1550 152 2615 638 588 1687 2277 1243 845 2229 2059 630 1170 2031 1853 2629 781 686 1245 2596 2152 371 774 211 1123 1887 1549 1446 151 453 478 2414 2472 1919 1946 154 1073 1609 1801 2177 2145 362 1743 1784 2296 959 594 1001 1256 2341 1208 1317 2450 1674 1515 1578 397 451 404 891 208 1304 1943 2126 545 645 2331 147 1506 841 1652 111 83 1088 1463 2504 285 1660 742 150 2256 1829 1162 2402 2151 396 570 728 444 333 2397 394 1074 2117 2406 2091 2004 2420 924 310 587 122 1874 1223 2128 1526 813 1306 627 522 611 2187 2335 1915 826 || mode=RB method=sk_ac_avg solver=filo1 stage=post_ls ls=pyvrp iter=15
2026-03-15 22:16:11 | INFO     | [POOL #00232] 1717 168 1171 748 1968 601 1985 216 69 2257 441 1663 1018 1804 1455 1586 687 780 1239 839 1273 1559 1069 767 1015 1574 1341 1138 2315 1260 1898 1685 2361 1809 489 82 1493 1118 1470 1336 402 427 1406 2155 287 2015 2032 682 1330 2536 1386 359 2533 1028 2135 358 836 2266 2492 658 159 369 799 1795 2170 1987 5 510 628 966 1599 258 792 2205 2476 1469 144 1726 2182 1268 1949 2292 2345 2552 979 2268 954 213 1096 632 203 681 2443 797 1957 2376 769 || mode=RB method=sk_ac_avg solver=filo1 stage=post_ls ls=pyvrp iter=15
2026-03-15 22:16:11 | INFO     | [POOL #00233] 1779 2286 1097 51 1706 1153 2365 321 1439 1713 24 1850 759 2271 1190 796 293 2553 1155 810 344 1682 1845 2487 674 554 1025 303 1766 1782 467 1360 947 1140 1041 413 2591 1598 2250 729 90 1441 1537 1080 2462 1694 626 19 2175 2024 2483 698 1218 1558 1151 25 447 43 1361 366 2312 109 1888 2624 2046 1064 662 1423 1867 1164 1787 1601 411 859 1078 890 2284 1895 2484 1654 1720 1143 1836 2107 1240 2219 189 422 263 1172 110 1120 2342 180 2245 420 2563 95 631 2094 1401 1707 1849 1348 2124 32 113 861 491 1058 1538 1668 223 795 1756 1530 1321 2215 1091 1499 1113 2395 693 2367 1416 766 1624 2460 2099 1292 1615 777 2351 939 367 2165 1697 716 2194 2590 1612 1695 88 2391 1670 911 897 324 1083 1627 347 1272 981 1318 1430 235 2294 1965 || mode=RB method=sk_ac_avg solver=filo1 stage=post_ls ls=pyvrp iter=15
2026-03-15 22:16:11 | INFO     | [POOL #00234] 1862 2480 862 2608 496 119 2291 1969 1848 711 1917 597 179 1397 47 2534 1947 2014 1385 210 406 1865 2000 1195 944 219 708 1328 1873 1628 908 1022 1102 2616 1165 1271 2159 433 2278 2499 581 1085 550 1129 58 338 2064 2330 2005 267 2225 1870 1378 2426 1714 2354 15 217 1771 214 2457 2507 1600 2551 1038 539 2317 87 1950 1630 909 1166 1241 860 334 1128 622 1248 1828 955 1658 1472 1886 2241 126 571 921 873 2009 1805 2077 2220 726 2158 1640 1856 474 875 1837 212 1972 1816 356 1512 2300 1567 654 1982 1454 1540 271 950 2620 1500 2544 141 589 2346 1576 2285 2111 1316 1066 2456 744 176 600 1990 2234 2121 232 953 1797 2440 2589 1099 1079 560 1358 348 1046 2548 2593 1095 623 1648 || mode=RB method=sk_ac_avg solver=filo1 stage=post_ls ls=pyvrp iter=15
2026-03-15 22:16:11 | INFO     | [POOL #00235] 1274 2189 1741 2146 1636 161 2550 101 864 1924 1057 879 713 669 563 323 1039 2236 1112 18 1226 277 2310 691 1662 1486 1042 2607 2427 1835 534 1415 475 1367 1222 215 2347 2141 1283 2392 2227 124 2372 1202 1148 807 2435 508 1376 123 2549 341 2118 642 2340 633 2516 2022 361 1659 1932 1450 2369 2127 1207 1375 1483 487 71 1519 29 1053 2270 2509 2026 827 1595 1445 1250 1535 585 2458 915 1297 1580 775 1257 2092 806 392 2437 2471 403 892 2334 1667 586 1438 934 569 595 986 2463 273 2081 2385 1814 2244 228 1137 664 1813 2217 987 1103 706 703 2319 1502 2007 2029 663 970 1569 1325 2454 520 || mode=RB method=sk_ac_avg solver=filo1 stage=post_ls ls=pyvrp iter=15
2026-03-15 22:16:11 | INFO     | [POOL #00236] 1582 1409 30 2028 2405 2502 1448 464 455 2359 1841 2021 166 107 1461 2172 1704 2176 1690 1875 2350 889 1466 1750 2308 815 1543 2006 1234 1900 500 68 1740 1370 2259 482 2223 2040 93 1403 1368 2320 399 302 1891 1882 754 2396 230 1029 1691 714 346 191 41 820 443 412 1923 2627 378 1832 1149 133 106 1127 1830 134 1340 77 895 1533 1625 880 1911 2010 830 1174 184 905 1249 49 94 1410 2378 2262 2542 1758 2381 456 1122 1649 527 1435 2156 2110 583 1593 1910 1909 6 379 1398 837 1820 2577 1214 388 668 784 407 787 2625 1510 2558 387 1290 376 902 1480 568 1426 236 1357 91 2433 352 507 1603 1988 || mode=RB method=sk_ac_avg solver=filo1 stage=post_ls ls=pyvrp iter=15
2026-03-15 22:16:11 | INFO     | [POOL #00237] 1030 1100 1379 2578 2601 809 220 2500 1509 2012 1150 1968 601 1985 543 1638 1300 28 1840 2002 778 982 1027 2478 400 2455 1408 2055 2105 1951 207 382 948 2606 115 2192 715 2611 931 2321 2116 355 2134 2332 529 1633 1906 2479 1387 2555 1651 1860 1303 2352 1503 1310 1570 1484 2315 1138 1341 1809 489 2361 1685 1260 1898 82 1493 1118 1470 1336 402 427 1406 2155 287 2015 2032 682 1330 2536 1386 359 2533 1028 2135 358 836 2266 2492 658 159 369 799 1795 2170 1987 5 510 628 966 1599 258 792 2205 1015 767 1574 1884 857 1081 1474 408 2511 839 1273 1239 780 687 1586 1455 1559 1069 1804 1018 1663 441 2257 2552 979 2345 2292 1949 1268 2476 1469 144 1726 2182 2268 954 213 1096 69 216 632 748 1171 168 797 2443 203 681 1717 1957 2376 769 || mode=SCP method=gurobi_mip solver=UNKNOWN stage=scp_post_ls ls=N/A iter=15
2026-03-15 22:16:11 | INFO     | [POOL #00238] 697 2154 1259 2370 761 855 1044 1553 2212 2273 814 198 1700 2173 1075 965 1098 2233 2242 1799 821 760 825 1293 1711 2498 1366 2164 763 327 618 1812 2027 765 1810 2166 450 1327 2061 391 1449 2120 1428 1335 1309 462 2399 916 326 1995 2481 512 1399 1077 2301 1351 313 1431 646 2419 479 1901 1517 1168 148 227 598 1187 639 672 2103 1267 1859 318 1819 2527 1192 2532 2160 1175 262 2142 1664 1708 2428 2581 2084 289 723 2567 2139 1744 671 316 178 1745 2196 329 2252 1411 1452 364 984 1498 1261 2130 1739 431 1775 1200 689 1709 1329 1944 1997 1380 535 86 1597 1513 2316 1770 722 956 2519 743 1197 153 345 1159 2048 442 294 1800 1269 1152 2248 2425 1958 237 636 2569 675 1026 1629 1912 1960 2411 2311 758 2197 2337 2079 738 1019 1169 416 666 2148 896 1992 1551 1843 414 1955 2276 1569 || mode=RB method=sk_kmeans solver=filo2 stage=post_ls ls=pyvrp iter=16
2026-03-15 22:16:11 | INFO     | [POOL #00239] 261 1008 2408 851 1108 533 1012 1914 1959 2572 858 174 1121 608 1761 2585 2473 1206 1669 900 504 547 2305 81 485 524 985 268 1363 886 2436 1193 840 418 2033 1156 454 2323 584 1755 762 983 1642 1621 2374 2431 448 1032 999 1852 2251 877 2095 1703 2125 1331 1021 2422 1286 365 1346 89 1885 764 2153 247 968 1393 40 818 1815 634 1185 460 2510 1307 256 844 2417 103 38 1563 2044 2622 1020 1106 2209 1684 518 2360 76 1967 1521 2339 1252 2537 2574 35 1573 297 2576 2230 1716 1505 1897 1251 1935 1650 936 2295 1334 2013 2255 1871 1179 1525 702 1938 1903 1462 85 1511 1568 301 1082 1347 2023 461 1109 1672 1619 145 1145 61 2438 2327 284 417 1432 200 2100 816 1941 1451 1421 1007 2442 1594 2188 641 2630 2163 1173 881 696 1605 2434 1973 2001 34 1107 121 871 1391 || mode=RB method=sk_kmeans solver=filo2 stage=post_ls ls=pyvrp iter=16
2026-03-15 22:16:11 | INFO     | [POOL #00240] 2494 2452 1733 2269 395 290 1134 337 1232 2609 989 964 579 1520 2633 2539 749 952 1723 2446 1883 1863 2178 1482 1769 509 1090 1308 699 967 899 913 163 2087 576 1056 2060 523 1890 1788 10 566 701 2108 1785 2373 183 1894 469 2403 2597 239 1577 1236 354 2382 1796 42 423 800 386 997 360 1749 1332 1094 1647 918 655 1070 75 521 1581 259 2045 2565 7 679 2439 1732 1382 676 84 1686 940 2617 2131 2387 2062 27 410 1061 1405 1730 1802 1076 2307 2557 958 2283 2393 1 709 667 677 599 1003 1977 1751 824 281 2122 1926 972 2409 2106 2404 409 2076 16 194 846 2066 2626 1724 1412 2613 2039 580 1754 2275 2485 260 917 1142 1846 1110 373 705 2112 1524 497 684 315 2070 2246 245 2489 175 856 2580 1546 1710 2140 1614 2407 2398 429 1371 457 2222 2138 385 1198 2149 1425 || mode=RB method=sk_kmeans solver=filo2 stage=post_ls ls=pyvrp iter=16
2026-03-15 22:16:11 | INFO     | [POOL #00241] 1929 383 561 78 1575 2240 2602 994 785 992 495 2447 2083 488 1282 1238 1844 2069 2386 45 1721 3 1314 257 2623 374 621 1916 1635 1868 1191 1055 1791 2254 1086 865 653 1227 1418 1216 2538 33 490 2363 1468 250 2523 572 2247 649 1811 1048 2375 276 2605 2258 1229 2132 973 1964 108 2288 1877 278 2521 105 60 1545 44 2322 127 1231 2344 2162 1975 167 2274 449 199 751 59 1752 2389 657 2571 1514 1013 39 2186 1067 2119 1827 659 1803 1299 1879 331 2226 1204 112 790 2074 1323 1762 688 1645 514 2384 624 2101 2035 988 2343 2566 960 2383 1217 14 2540 2129 2475 67 1993 1777 1759 2329 1161 224 2303 805 1023 1051 185 1133 1139 1230 757 803 2488 1289 1157 481 1014 1504 1473 1989 1136 2448 2224 36 1872 1727 746 1402 1365 2541 753 2037 2495 1839 1544 557 483 426 1481 1196 2556 2470 1131 1213 1966 1905 849 501 401 1661 1857 2583 62 || mode=RB method=sk_kmeans solver=filo2 stage=post_ls ls=pyvrp iter=16
2026-03-15 22:16:11 | INFO     | [POOL #00242] 2562 2102 1471 1936 1547 1429 2353 2263 300 882 1565 1116 1719 2201 2174 299 2530 2171 1562 1132 298 2356 2211 1126 553 311 2515 525 1180 1866 1693 1490 573 2034 791 680 231 2218 1422 2065 181 928 1978 265 951 2008 1781 229 65 963 1933 901 925 306 2514 617 1253 1319 2169 2011 604 1101 505 1747 1876 2272 1339 739 1182 724 1181 368 802 2193 2052 1610 833 1991 466 339 991 552 590 516 377 613 593 1464 2216 186 308 962 629 773 1656 1566 1981 2357 1655 2104 1354 1497 549 2415 234 48 2072 2030 23 2586 1683 1305 685 104 704 1184 1507 1444 240 961 1854 1536 1671 745 2123 1178 2333 606 280 1453 822 135 578 876 1244 513 1731 1278 1420 537 648 1417 2082 1002 1956 591 12 2349 2238 2080 173 2513 733 1414 692 2338 72 710 1927 1826 1491 1009 1591 156 609 779 1518 2290 2280 2214 1454 2111 || mode=RB method=sk_kmeans solver=filo2 stage=post_ls ls=pyvrp iter=16
2026-03-15 22:16:11 | INFO     | [POOL #00243] 2294 235 1706 1153 2365 321 1439 2553 1155 810 674 2487 1845 344 1682 293 796 1190 2271 759 1713 24 1850 693 2395 2367 1416 1113 1499 1091 2215 1321 1530 1756 223 795 1668 1538 1058 491 861 113 32 2124 1348 1849 1707 1401 2094 631 95 2563 420 2245 180 2342 1120 110 1172 263 422 189 2219 1240 2107 1836 1143 1720 1654 2484 1895 2284 890 1078 859 411 1601 1787 1164 1867 1423 662 1064 2046 2624 1888 109 2312 366 1361 43 447 25 1151 1558 1218 698 2483 2024 2175 19 626 1694 1080 2462 1537 1441 90 729 2250 1598 2591 413 1041 1140 947 1360 467 1782 1766 303 1025 554 1603 1988 2286 1097 51 1965 || mode=RB method=sk_kmeans solver=filo2 stage=post_ls ls=pyvrp iter=16
2026-03-15 22:16:11 | INFO     | [POOL #00244] 769 2376 1957 1717 797 2443 681 203 632 216 69 1096 213 954 2268 1268 2182 1469 144 1726 2476 2205 792 258 1599 966 628 510 5 1987 2170 1795 799 369 159 658 2492 2266 836 358 2135 1028 2533 359 1386 2536 1330 682 2032 2015 287 2155 1406 427 402 1336 1470 1118 1493 82 489 1809 2361 1685 1898 1260 2315 1138 1341 1574 1015 767 1559 1069 1949 2292 2345 979 2552 2257 441 1663 1018 1804 1455 1586 687 780 1239 839 1273 1884 857 1081 1474 408 2511 1408 2055 2105 2455 400 2478 982 1027 142 2362 2477 772 2328 930 1501 1224 1005 690 2143 2002 778 1840 28 1300 1638 543 1985 601 1968 748 1171 168 1379 1100 1030 || mode=RB method=sk_kmeans solver=filo2 stage=post_ls ls=pyvrp iter=16
2026-03-15 22:16:11 | INFO     | [POOL #00245] 870 801 160 1104 471 1899 1878 2413 2500 220 2578 2601 809 1150 2012 1509 1757 473 2282 1937 842 2366 2497 2206 502 1555 1765 2293 11 1951 207 382 948 2606 115 2192 715 2611 931 2321 2116 355 2134 2332 529 1633 1906 1310 1570 1484 1503 2352 1303 2479 1387 2555 1860 1651 2093 1135 2584 470 2020 1359 2067 904 978 357 1806 2600 1561 1557 794 1725 187 1623 195 1221 927 1626 834 1608 2460 2099 2506 556 1337 1613 517 2053 1087 172 1373 2287 1424 332 1896 732 2179 2115 1456 551 476 1692 1384 225 620 1292 1615 777 2351 939 1624 766 367 2194 716 2165 1697 312 2068 2590 1612 1695 88 2391 1670 911 897 324 1083 1627 347 1272 981 1318 1430 || mode=RB method=sk_kmeans solver=filo2 stage=post_ls ls=pyvrp iter=16
2026-03-15 22:16:11 | INFO     | [POOL #00246] 1864 919 1915 2335 2526 793 1822 1047 435 305 1115 1045 2512 2559 170 22 80 1141 143 1983 1643 1734 1587 2535 1637 2587 2430 1701 540 1285 1922 438 1531 1060 205 828 286 2249 218 138 171 811 157 1488 1674 1515 1578 2341 1208 1317 2450 439 752 1071 1763 1939 1934 1611 434 2632 2604 1037 2588 204 2379 2253 477 463 995 1465 1288 249 1476 56 274 869 2560 453 478 2414 151 1446 1059 903 1477 615 935 92 976 2038 319 1068 390 838 1396 1889 1322 625 1201 1793 1024 202 1302 734 2086 26 2299 248 1203 747 1792 1495 2181 1921 304 1790 1780 1063 1487 54 2531 2073 246 2388 307 2432 2368 2390 1918 548 430 452 1298 720 558 923 493 2150 2025 1050 1163 140 226 2232 1646 380 1246 2221 1265 2088 1961 1564 2047 1722 542 241 137 1999 372 2543 1583 2098 1556 1913 2264 393 1233 || mode=RB method=sk_kmeans solver=filo2 stage=post_ls ls=pyvrp iter=16
2026-03-15 22:16:11 | INFO     | [POOL #00247] 2491 295 544 776 233 2018 1277 2451 1320 2235 2358 1554 735 1984 1281 238 614 1333 1584 1395 1043 1702 1673 1427 73 292 1831 1000 1539 1851 255 1718 788 727 1689 2017 1479 2036 2185 2501 1004 2400 1254 1400 770 1485 786 1902 562 817 2202 1617 650 1247 2136 1742 2191 2371 1998 2364 2508 1374 619 526 2260 1760 2326 969 635 2243 2355 1657 1284 99 351 2418 162 4 2200 2614 2198 1010 2324 446 1362 1925 472 254 1389 50 555 1571 2546 125 2423 1225 97 1458 850 2051 1119 651 519 1011 2309 1345 2267 1364 1748 1821 2071 1892 1786 874 117 673 1263 2113 2612 1279 1270 9 1494 343 1861 2207 1606 980 848 1976 2314 1350 823 1383 243 130 102 884 640 1794 2063 405 1146 296 1111 1242 2302 1798 1114 1072 932 1349 1528 2525 1344 998 565 1460 1881 1158 612 996 2208 486 432 1437 1388 || mode=RB method=sk_kmeans solver=filo2 stage=post_ls ls=pyvrp iter=16
2026-03-15 22:16:11 | INFO     | [POOL #00248] 1772 2594 17 826 21 2412 288 1219 1963 2203 1404 712 1930 1475 1639 914 1210 1237 2 350 1266 719 971 894 291 2109 1996 2464 330 1381 647 165 1442 1144 2133 798 885 661 1980 1829 2256 150 742 1194 888 1443 2529 269 169 389 2416 652 1006 336 789 1459 1550 152 2615 638 588 1687 2277 1243 845 2229 2059 1529 425 783 1712 721 197 756 2325 683 2490 942 1054 2306 1589 322 37 1767 242 2575 2137 1040 2304 193 943 718 567 1962 2520 98 1986 1532 57 1604 1907 1908 2496 459 1971 707 1764 878 272 1392 196 2618 511 375 1778 1789 2231 2049 863 480 920 440 1315 139 1735 2579 740 1167 384 2631 1979 2161 1183 1105 2199 1516 1696 1699 1377 1220 887 1931 2424 1675 279 252 832 1736 883 1974 2190 1681 428 1579 55 1436 1016 1188 128 1738 867 2348 1920 || mode=RB method=sk_kmeans solver=filo2 stage=post_ls ls=pyvrp iter=16
2026-03-15 22:16:11 | INFO     | [POOL #00249] 993 1705 129 532 2187 611 522 627 1306 1496 813 1526 2128 1223 1874 1117 1592 122 587 310 924 2420 2004 2091 2406 2117 1074 394 2397 333 444 728 570 396 2151 2402 937 1970 2147 1162 1585 2380 2057 1049 1660 285 2504 1463 1088 83 111 1652 841 1506 147 2331 645 545 2126 1943 1304 208 891 404 451 397 1256 1001 594 959 2296 362 2145 2177 1743 1784 2472 1919 1946 154 1073 1609 1801 630 1170 2031 1853 843 1394 1457 2629 781 686 1245 2596 1549 1887 1123 211 774 2152 371 1296 1676 1833 2503 1369 1093 750 1492 949 120 1313 2204 1489 829 1823 20 1572 340 592 694 1653 531 2598 2469 536 342 804 465 499 1776 2467 328 2085 670 1356 1189 1729 1212 1089 131 1052 266 1552 665 1880 2313 349 1508 1154 1666 819 1847 63 812 946 421 2610 118 1124 2075 546 64 1680 || mode=RB method=sk_kmeans solver=filo2 stage=post_ls ls=pyvrp iter=16
2026-03-15 22:16:11 | INFO     | [POOL #00250] 1582 1409 30 2028 2405 2502 1448 464 455 2359 1841 2021 166 107 1461 2172 1704 2176 1690 1875 2350 889 1466 1750 2308 815 1543 2006 1234 1900 500 68 1740 1370 2259 482 2223 2040 93 1403 1368 2320 399 302 1891 1882 754 622 1128 334 860 1241 1166 1630 909 1248 1828 955 1658 1472 1886 2241 126 571 921 873 2009 1805 2077 2220 726 2158 1640 1856 474 875 1837 1816 212 1972 1207 2127 1375 1483 487 71 1519 29 1053 2270 2509 2026 827 1595 1445 1250 1535 585 2458 915 1297 1580 775 1257 2092 806 392 2437 2471 403 892 2334 1667 586 1438 934 569 595 986 2463 273 2081 2385 1814 2244 228 1137 664 1813 2217 987 1103 706 703 2319 1502 2007 2029 663 970 1728 1325 2454 520 || mode=RB method=sk_kmeans solver=filo2 stage=post_ls ls=pyvrp iter=16
2026-03-15 22:16:11 | INFO     | [POOL #00251] 1274 2189 1741 2146 1636 161 2550 101 864 1924 1057 879 1447 669 713 563 323 1039 2236 1112 18 1226 277 2310 691 1662 1486 1042 2607 2427 1835 534 1415 475 1367 1222 215 2347 2141 1283 2392 2227 124 2372 1202 1148 807 2435 508 1376 123 2549 341 2118 642 2340 633 2516 2022 361 1659 1932 1450 2369 2300 1512 356 1567 654 1982 1808 1540 271 950 2620 1500 2544 141 589 2346 1576 2285 1316 1066 2456 744 176 600 1990 2234 2121 232 953 1797 2440 2589 1099 1079 560 1358 348 1046 2548 2593 1095 623 1648 || mode=RB method=sk_kmeans solver=filo2 stage=post_ls ls=pyvrp iter=16
2026-03-15 22:16:11 | INFO     | [POOL #00252] 1680 2208 996 612 546 2075 1124 118 2610 358 2135 1028 2533 421 946 812 296 1146 1666 1154 1508 349 2313 1880 665 1552 266 1052 131 1089 1212 1729 1189 1356 670 2085 328 2467 1776 499 465 804 342 536 2469 1821 1364 1748 531 2598 1653 694 592 340 1572 20 1823 829 1489 2204 1313 120 949 1492 750 1093 1369 2503 1833 1676 1296 371 2152 774 211 1123 1887 1549 2596 1245 686 781 2629 1457 1394 843 1853 2031 1170 630 2229 2059 1529 425 783 1712 721 197 756 2325 683 37 322 1589 2306 942 2490 1054 555 50 1571 2546 125 2423 1225 97 1458 850 2051 1119 651 519 1011 2309 2267 1345 1892 2071 1786 874 117 673 2113 1263 2612 1279 1270 9 1494 343 1861 2207 1606 980 848 1976 2314 1350 823 1383 243 130 102 884 640 1427 832 1736 1974 1584 1333 614 238 1281 1554 2358 2235 1320 2451 1277 1188 128 1738 867 295 || mode=VB method=sk_ac_min solver=filo1 stage=post_ls ls=pyvrp iter=17
2026-03-15 22:16:11 | INFO     | [POOL #00253] 507 352 303 1766 1782 1360 947 1140 376 902 1480 2019 2239 2110 2599 96 643 381 2573 353 596 2058 2298 2056 1753 182 866 1746 498 155 559 415 854 1235 574 1994 741 1715 1774 1842 2474 1033 1940 1291 1678 1737 831 853 945 1523 852 893 974 1326 325 2421 1945 282 458 1092 2619 912 8 530 1818 1677 1295 222 2195 1065 1548 2482 2545 2410 929 419 1433 1199 1834 2281 1893 2265 2603 2401 1177 1205 678 1062 730 1312 314 1478 251 79 320 2444 515 1942 736 2183 2592 1807 469 1894 183 2373 1785 2108 701 566 10 1788 1890 572 2247 649 1811 2375 1048 2258 2605 276 1216 2538 33 490 2363 1468 250 2523 523 2060 1056 576 45 2386 1721 3 1314 257 1844 2069 1238 1282 2447 495 1176 136 1280 1130 2524 503 1607 538 1542 2449 2461 2564 158 2602 1213 2240 1966 1905 849 1588 2214 1575 78 1808 2544 141 589 561 975 2465 206 2547 1036 656 146 1622 1929 2042 2468 || mode=VB method=sk_ac_min solver=filo1 stage=post_ls ls=pyvrp iter=17
2026-03-15 22:16:11 | INFO     | [POOL #00254] 769 2376 1957 1717 797 2443 681 203 632 216 69 1096 64 213 954 2268 1268 2182 1469 144 1726 2476 2205 792 258 1599 966 628 510 5 1987 2170 1795 1809 489 2361 1685 1260 1898 82 1493 799 369 1118 402 427 2155 1406 1336 1470 159 658 2266 836 2492 359 1386 2536 287 2015 2032 682 1330 63 1847 819 1111 1242 2302 405 2063 1794 1673 1702 1395 1043 1114 1798 1072 932 1349 1528 1984 735 2525 1344 998 565 1460 1881 1158 2018 233 776 486 544 432 1437 1388 2491 1920 || mode=VB method=sk_ac_min solver=filo1 stage=post_ls ls=pyvrp iter=17
2026-03-15 22:16:11 | INFO     | [POOL #00255] 870 801 160 1104 471 1899 1878 2413 2500 220 2578 2601 809 1150 2012 1509 1757 473 2282 1937 1224 842 2366 2497 2206 502 620 225 1384 1692 476 551 1456 2115 2179 732 1896 332 1424 2287 1373 172 1087 2053 517 1613 1337 556 2506 1608 2099 2460 1292 1615 777 2351 939 1624 766 367 2194 716 2165 1697 312 2068 2590 1612 1695 88 2391 1670 911 897 324 1083 1627 347 1272 981 1318 1430 || mode=VB method=sk_ac_min solver=filo1 stage=post_ls ls=pyvrp iter=17
2026-03-15 22:16:11 | INFO     | [POOL #00256] 1034 725 2297 275 363 1698 2114 610 398 209 1035 370 977 270 906 2528 1342 2621 53 1825 1883 1863 2178 1482 1769 509 771 1413 2505 1186 2083 488 2623 374 621 1916 1635 1868 1191 1055 1791 2254 1086 865 653 1418 1227 1229 2132 973 1964 108 2288 1877 278 2521 105 60 1545 44 2322 127 1231 199 751 59 1752 2274 449 2344 2162 1975 167 1577 239 2597 2403 1236 1904 782 2168 2554 1031 1952 926 660 1534 2394 46 528 1620 1324 1688 192 1641 933 922 1749 997 360 1332 1094 1647 918 655 1070 75 259 2045 2565 1581 521 518 2360 76 1967 1521 2339 103 2417 1252 2537 2574 844 256 1307 2510 460 1032 448 2431 2374 1621 1642 762 1755 584 1156 840 418 2033 985 524 485 641 2630 2163 1173 608 1121 174 858 2212 1012 533 708 219 944 1108 851 2408 1008 || mode=VB method=sk_ac_min solver=filo1 stage=post_ls ls=pyvrp iter=17
2026-03-15 22:16:11 | INFO     | [POOL #00257] 1648 910 1095 2593 2548 1046 348 1358 560 1079 1099 2440 953 232 2121 2234 1990 1226 18 1662 691 2310 1367 1222 215 2435 508 1376 123 1857 2549 341 807 1148 1202 806 2092 2118 642 2340 633 1661 2516 401 2022 361 1659 1932 1450 2369 2300 1512 356 1567 654 1982 1454 1540 271 1500 2620 950 1355 52 221 2466 2228 2003 1773 2377 2167 1390 2318 2522 492 2568 1590 2261 1211 1209 31 1596 737 990 190 1215 577 717 2336 1255 335 1276 2446 1723 952 749 2539 1311 188 644 1520 2633 1434 579 605 436 989 964 2609 602 2237 244 2453 2180 1858 337 1232 575 941 1353 1602 1838 1824 1953 1419 616 1869 1134 164 383 1316 1066 2289 2279 541 177 445 1372 1084 2184 1618 847 868 1616 1631 484 1665 1467 1407 1233 114 494 2595 || mode=VB method=sk_ac_min solver=filo1 stage=post_ls ls=pyvrp iter=17
2026-03-15 22:16:11 | INFO     | [POOL #00258] 2294 235 1706 1153 2365 321 1439 1713 759 2271 1190 796 293 1080 2462 1694 626 2175 19 1850 24 693 2395 2367 1416 1113 1499 1091 2215 1321 1530 1756 223 795 1668 1538 113 32 2124 1348 861 491 1058 834 1626 927 1221 195 1623 187 1725 794 1557 1561 2600 1806 357 978 904 2067 1359 2020 470 2584 1135 2093 1651 1860 2555 1387 2479 1303 2352 1503 1906 1633 2134 2332 529 1310 1570 1484 2315 1138 1341 1574 1015 767 1559 1069 1949 2292 2345 979 2552 2257 441 1663 1018 1804 1455 1586 687 780 1239 1273 839 2511 408 1884 857 1081 1474 2321 2116 355 715 2192 115 2611 931 207 382 948 2606 1555 1765 2293 11 1951 2105 2055 1408 2455 400 2478 982 1027 142 2362 2477 772 2328 930 1501 1005 690 2143 2002 778 1840 28 1300 1638 543 1985 601 1968 748 1171 168 1379 1100 1030 || mode=VB method=sk_ac_min solver=filo1 stage=post_ls ls=pyvrp iter=17
2026-03-15 22:16:11 | INFO     | [POOL #00259] 393 2494 2078 2518 2041 2452 1733 2269 395 290 317 2090 1999 137 241 542 143 1983 1643 1734 1587 2535 1637 2587 2430 1701 540 1285 1922 438 1531 1060 452 637 430 205 828 548 1287 1264 1301 2213 132 2429 1440 1855 13 898 2570 66 246 2073 2531 54 1487 1063 1780 1790 304 1763 1071 752 2388 307 2432 2368 138 171 811 157 1674 1515 1578 451 404 891 397 362 2145 2177 1801 1243 845 2277 1687 2137 2575 242 1767 1040 2304 193 943 718 567 1962 2520 98 1986 336 789 1459 1550 152 2615 638 588 208 1304 1943 2126 545 645 2331 147 1506 841 1652 111 83 1088 218 1463 2504 285 1660 150 2256 1829 1980 661 885 798 2133 1144 1442 394 165 647 1381 330 2464 1996 1377 1220 887 1931 2424 1675 1237 2 1496 1475 1930 712 1404 2203 1219 288 2412 21 826 17 2594 1772 || mode=VB method=sk_ac_min solver=filo1 stage=post_ls ls=pyvrp iter=17
2026-03-15 22:16:11 | INFO     | [POOL #00260] 1848 871 2534 1947 2014 2001 1649 1122 527 1605 696 881 2459 1783 2054 149 2210 2188 1594 2442 1007 1421 1451 1941 816 2100 200 1432 417 284 2327 2438 61 1145 1672 1619 145 454 2323 1286 365 1346 2422 1021 1331 2125 1703 2095 877 2251 999 1852 247 2153 968 1393 40 818 1815 634 1185 35 1573 297 2576 2230 2013 1334 1716 1505 1897 1251 1935 1650 936 2295 2441 755 1948 506 2445 938 1338 309 1017 2144 1634 564 2486 2096 695 1954 2255 1871 1179 1525 702 1938 1903 1462 85 764 1885 89 1568 1511 301 1082 1347 461 1109 2023 1522 74 1294 2561 1632 2016 2582 1560 2089 768 1679 253 835 70 283 437 2493 468 1352 2097 2043 201 808 582 1125 1817 603 2157 907 1147 1644 1258 424 1397 179 597 1917 711 1969 1343 || mode=VB method=sk_ac_min solver=filo1 stage=post_ls ls=pyvrp iter=17
2026-03-15 22:16:11 | INFO     | [POOL #00261] 2264 1913 1556 2098 1583 2543 372 1141 1722 2047 1564 1961 2088 1265 2221 1246 380 1646 2232 226 140 1163 1275 1541 872 2025 2150 1050 493 558 923 2628 100 720 1298 1928 2050 607 1228 116 1262 1090 1308 699 967 899 913 163 2087 2299 26 2086 734 248 1203 747 1792 1495 2181 1921 1934 1939 1611 434 2632 2604 1037 2588 204 2379 2253 477 463 995 1465 1288 56 274 1476 249 1302 202 1024 1793 1201 625 1322 1889 1396 838 390 1068 319 2038 976 92 935 615 1477 903 1059 1446 151 453 2560 869 478 2414 2472 1919 1946 154 1073 1609 1743 1784 2296 959 594 1001 1256 2341 1208 1317 2450 439 1488 2390 1918 2249 286 1049 2057 2380 1585 1162 2147 1970 937 2402 2151 396 570 728 444 333 2397 1074 2117 2406 2091 2004 2420 924 310 587 122 1117 1592 80 22 170 2559 2512 1115 1045 || mode=VB method=sk_ac_min solver=filo1 stage=post_ls ls=pyvrp iter=17
2026-03-15 22:16:11 | INFO     | [POOL #00262] 1569 1955 703 414 1843 1551 1992 896 77 134 1830 2148 2010 830 666 416 2330 2064 1169 1019 738 2173 1700 1075 965 675 2569 636 237 1958 2425 2248 1152 1269 1800 294 442 2048 1159 345 153 2519 1513 1597 86 535 1380 1944 1997 689 1200 178 1745 316 671 1744 2139 2567 723 289 2084 2581 2428 1751 824 1003 1977 2283 958 2557 2307 2393 1 709 667 1339 739 368 1181 724 1182 2387 2131 2617 1323 1762 688 1464 2216 962 1566 1981 2357 1655 2104 1354 1497 2415 549 1683 1305 685 104 1507 704 1184 280 606 2333 1178 2123 1453 822 135 578 876 951 265 2008 1781 1978 928 181 1278 1420 573 2034 705 1490 1693 525 311 553 1126 2211 2356 298 1132 1562 2171 2530 299 921 1886 2222 1658 955 1828 1248 622 1128 334 754 1882 1891 2040 2223 482 2259 1471 569 595 2463 2102 1835 2427 2607 1042 1486 1112 2236 1039 || mode=VB method=sk_ac_min solver=filo1 stage=post_ls ls=pyvrp iter=17
2026-03-15 22:16:11 | INFO     | [POOL #00263] 1582 1391 464 697 2154 2262 2378 1410 1249 905 2370 184 58 2273 1761 1206 1669 900 504 547 2305 81 268 1363 886 1193 2436 1366 2164 763 327 1812 2027 1810 765 1335 1309 462 2399 916 983 2419 646 479 1431 313 1351 2301 1901 1517 1168 148 227 598 1187 639 672 2103 1267 1859 318 1819 2532 1192 2527 1563 38 2044 2622 1020 1106 1684 2209 7 679 2439 1732 2226 1204 112 790 2074 1382 676 84 940 1686 2062 27 410 1061 1405 1730 1802 1076 2160 1175 262 2142 1664 1708 2196 329 2252 1411 1452 364 984 1498 1261 2130 1739 431 1775 1709 1329 1077 1399 512 2481 1995 326 1428 2120 1449 391 2061 1327 450 2166 618 2498 1711 1293 825 760 821 1799 2242 2233 1098 2473 2585 198 814 338 1174 1911 880 1625 1533 895 49 94 1704 2172 2319 1502 2007 2029 663 970 1728 261 || mode=VB method=sk_ac_min solver=filo1 stage=post_ls ls=pyvrp iter=17
2026-03-15 22:16:11 | INFO     | [POOL #00264] 957 1864 919 993 1915 1705 129 2335 2187 532 2526 793 1822 1047 435 305 611 522 627 1306 813 1526 2128 1223 1874 350 1266 719 971 894 291 2109 1696 1699 2199 1516 1105 1183 2161 1979 2631 384 1167 740 2579 1735 139 1315 440 920 480 863 2049 2231 1789 1778 375 511 2618 196 1392 272 878 459 1971 707 1764 888 1194 742 1443 2529 269 169 1006 652 2416 389 1908 2496 1907 1604 57 1532 1389 254 472 1925 1362 446 2324 1010 2198 2614 2200 4 162 2418 351 99 1284 1657 2355 2243 635 969 2326 1760 2260 526 619 1374 2508 2364 1998 2371 2191 1742 2136 1247 650 1617 2202 817 562 1902 786 1485 770 1400 1254 2400 1004 2501 2185 2036 1479 2017 1689 727 788 1718 255 1851 1539 1000 1831 292 73 279 252 1210 914 1639 883 2190 1681 428 1579 55 1963 1436 1016 2348 || mode=VB method=sk_ac_min solver=filo1 stage=post_ls ls=pyvrp iter=17
2026-03-15 22:16:11 | INFO     | [POOL #00265] 2276 864 101 706 1103 987 889 1340 1127 106 133 1149 1832 191 2005 267 2225 1870 15 1378 2426 2354 1714 214 2079 2337 2197 758 2311 2411 1960 1912 1026 1629 2580 2489 245 2246 2070 315 497 1524 1197 743 956 722 2316 1770 260 917 2485 2066 846 194 16 2076 409 2404 2106 2409 972 1926 2122 281 2011 604 599 677 1747 1876 2272 1991 833 1610 2052 802 2193 593 613 377 516 590 552 991 339 466 505 1101 48 234 2072 2030 2586 23 2169 1319 1253 617 2514 306 925 901 1933 229 65 963 2613 1412 1724 2626 2039 580 2275 1754 2065 1422 2218 231 680 791 1142 1846 1110 373 2112 1866 1180 2515 684 175 856 1546 1710 2140 1614 2407 2398 429 1371 1600 2551 2507 2457 1771 217 2317 346 714 41 443 1923 385 1370 1198 2081 273 1447 2562 1425 || mode=VB method=sk_ac_min solver=filo1 stage=post_ls ls=pyvrp iter=17
2026-03-15 22:16:11 | INFO     | [POOL #00266] 623 700 1797 277 2347 2227 2334 1936 827 2026 2353 2263 300 882 1565 1472 873 2201 779 2174 609 156 1591 1009 1491 710 72 2338 692 1414 733 2513 173 2080 2238 2349 12 591 1956 1002 2082 1417 648 537 1731 513 1244 1136 1989 745 1671 1536 1854 961 240 1444 1656 773 629 308 186 1645 514 2384 2101 1827 1067 2186 39 2119 659 1803 331 1879 1299 386 800 423 42 1796 2382 354 2389 657 2571 1514 1013 960 2383 1217 14 2540 2129 2475 1993 67 2566 2343 988 2035 624 1777 1759 2329 1161 224 2303 805 1023 1051 185 1133 1139 1230 757 803 2488 1289 1157 481 1014 1504 1473 2448 2224 36 1872 1727 746 1402 1365 2541 753 2037 2495 1839 1544 557 483 1927 1826 426 1481 1196 992 2556 785 994 2470 1131 1518 1719 2290 2280 1856 474 501 1576 2346 2285 2111 2456 744 176 2583 600 2589 62 || mode=VB method=sk_ac_min solver=filo1 stage=post_ls ls=pyvrp iter=17
2026-03-15 22:16:11 | INFO     | [POOL #00267] 1965 51 1097 2286 1988 1603 1025 554 674 810 1155 2553 344 1682 1845 2487 467 2591 1598 2250 729 90 1441 1537 1361 2312 366 43 447 25 1151 2024 2483 698 1218 1558 1849 1707 1401 2094 631 95 2563 420 2245 180 2342 1120 110 1172 263 422 189 2219 1240 2107 1836 1143 1720 1654 2484 1895 2284 890 1078 859 411 1601 1787 1164 1867 1423 662 1064 109 1888 2046 2624 413 1041 1290 387 2558 1510 2625 787 407 784 668 388 1214 2577 1820 837 1398 379 6 1909 1910 1593 583 1527 731 2156 1435 1973 2434 908 1022 1102 2616 2572 1959 1553 1044 855 1129 550 1085 581 2499 2278 761 433 1914 2159 1271 1165 1873 1328 1628 2381 456 1758 2542 1195 2000 1865 406 210 1385 34 1107 121 47 2517 1768 1160 264 568 1426 236 1357 91 2433 2291 119 496 2608 862 2480 1779 1862 || mode=VB method=sk_ac_min solver=filo1 stage=post_ls ls=pyvrp iter=17
2026-03-15 22:16:11 | INFO     | [POOL #00268] 2454 1409 30 2028 2405 2502 1448 455 2359 1841 2021 166 1259 107 1461 2176 1690 1875 2350 1466 1750 2308 815 1543 2006 1234 1900 500 1740 68 378 2627 820 412 1691 1029 230 2138 2396 860 1241 1166 909 1630 1950 87 539 1038 457 2241 126 571 2009 1805 2077 1116 2220 726 2158 1640 1837 875 1816 212 1972 1207 2127 1375 1483 487 71 1519 29 2509 2270 1053 2320 1429 399 302 1368 1403 93 1547 1595 1445 1250 1535 585 2458 915 1297 1580 775 1257 392 2437 2471 2372 124 403 892 1667 586 1438 934 986 2392 1283 2141 475 1415 534 2149 2385 1814 2244 228 1137 664 1813 2217 713 563 323 669 879 1057 1924 2550 161 1636 2146 1741 2189 1274 1325 520 || mode=VB method=sk_ac_min solver=filo1 stage=post_ls ls=pyvrp iter=17
2026-03-15 22:16:11 | INFO     | [POOL #00269] 1772 2594 17 21 2412 288 1219 1963 2203 1404 712 1930 1475 1639 914 1210 1237 2 350 1266 719 971 894 291 2109 1996 2464 330 1381 647 165 1442 1144 2133 798 885 661 1980 1829 2256 150 742 1660 285 2504 1463 1088 841 1506 1652 111 83 269 1006 336 789 1459 1550 152 2615 638 588 1687 2277 1243 845 2229 2059 1529 425 783 1712 721 843 1394 1457 1296 1676 371 2152 774 211 1123 1887 1549 2596 1245 686 781 2629 1853 2031 1170 630 1801 1609 1073 154 1946 1919 2472 1784 1743 2177 2145 362 2296 959 594 1001 1256 397 451 404 891 208 1304 1943 2126 545 645 2331 147 218 2249 286 1049 2057 2380 1585 1162 2147 1970 937 2402 2151 396 570 728 444 333 2397 394 1074 2117 2406 2091 2004 2420 924 310 587 122 1592 1117 1874 1223 2128 1526 813 1496 1306 627 522 611 2187 2335 1915 826 || mode=RB method=sk_ac_avg solver=filo1 stage=post_ls ls=pyvrp iter=18
2026-03-15 22:16:11 | INFO     | [POOL #00270] 1862 1582 1409 30 2028 2405 2502 1448 464 455 2359 1841 2021 166 107 1461 2172 1704 2176 1690 1875 2350 889 1466 1750 2308 815 1543 2006 1234 1900 500 68 1740 1370 2259 482 2223 2040 93 1403 1368 2320 399 302 1891 1882 754 622 1128 334 860 1241 1166 1630 909 1248 1828 955 1658 1472 1886 2241 126 571 921 873 2009 1805 2077 2220 726 2158 1640 1856 474 875 1837 212 1972 1816 356 1512 2300 1567 654 1982 1454 1540 271 950 2620 1500 2544 141 589 2346 1576 2285 2111 1316 1066 2456 744 176 277 600 1990 2234 2121 232 953 1797 2440 2589 1099 1079 560 1358 348 1046 2548 2593 1095 700 623 910 2595 || mode=RB method=sk_ac_avg solver=filo1 stage=post_ls ls=pyvrp iter=18
2026-03-15 22:16:11 | INFO     | [POOL #00271] 957 494 114 1233 1034 1407 1467 393 1616 868 2078 2518 2041 2297 275 1036 2547 363 206 1698 2114 317 2090 610 398 209 1035 370 1824 1838 1602 1353 941 575 977 270 436 605 644 188 1311 906 2528 1342 2621 53 1825 1541 1275 872 2628 100 1928 1301 2213 132 2429 1440 66 2570 13 1855 898 607 2050 1228 116 1262 771 1413 2505 1186 1176 136 1280 1130 2524 503 1607 538 1542 2449 2461 2564 158 1276 335 1255 2336 1434 717 577 1215 190 990 737 1596 31 1209 1588 1211 2261 1590 2568 492 2522 2318 2180 2453 244 2237 602 1858 2167 1390 2377 1773 2003 2228 2466 221 1355 52 1953 1419 616 1869 164 975 2465 2289 2279 541 177 445 1372 656 1084 146 2184 1618 1622 847 725 2042 2468 1631 484 1665 993 919 1864 || mode=RB method=sk_ac_avg solver=filo1 stage=post_ls ls=pyvrp iter=18
2026-03-15 22:16:11 | INFO     | [POOL #00272] 1920 2491 295 544 776 233 2018 1277 2451 1320 2235 2358 1554 735 1984 1281 238 614 1333 1584 1395 1043 1702 1673 1427 73 292 1831 1000 1539 1851 255 1718 788 727 1689 2017 1479 2036 2185 2501 1004 1254 2400 1400 770 2508 1374 619 526 2260 1760 2326 969 635 2243 2355 1657 1284 99 351 2418 162 4 2200 2614 2198 1010 2324 446 1362 1925 472 254 1389 50 555 1571 2546 125 2423 1225 97 1823 20 1458 850 2051 1119 651 519 1011 2309 2267 1345 1892 2071 874 1786 2202 1617 650 1247 2136 1742 2191 2371 1998 2364 1485 786 1902 562 817 1279 2113 1263 2612 1270 9 1494 343 1861 2207 1606 980 848 1976 2314 1350 823 1383 243 130 102 884 640 1794 2063 405 1146 296 1111 1242 2302 1798 1114 1072 932 1349 1528 2525 1344 998 565 1460 1881 1158 612 996 2208 486 432 1437 1388 || mode=RB method=sk_ac_avg solver=filo1 stage=post_ls ls=pyvrp iter=18
2026-03-15 22:16:11 | INFO     | [POOL #00273] 1648 1274 2189 1741 2146 1636 161 2550 864 101 1924 1057 879 713 669 563 323 1039 2236 1112 18 1226 1662 691 2310 1486 1042 2607 2427 1835 534 1415 475 1367 1222 215 2347 2141 1283 2392 2227 124 2372 1202 1148 807 2435 508 1376 123 2549 341 2118 642 2340 633 2516 2022 361 1659 1932 1450 2369 2127 1207 1375 1483 487 71 1519 29 1053 2270 2509 2026 827 1595 1445 1250 1535 585 2458 915 1297 1580 775 1257 2092 806 392 2437 2471 403 892 2334 1667 586 1438 934 569 595 986 2463 273 2081 2385 1814 2244 228 1137 664 1813 2217 987 1103 706 703 2319 1502 2007 2029 663 970 1728 1325 2454 520 || mode=RB method=sk_ac_avg solver=filo1 stage=post_ls ls=pyvrp iter=18
2026-03-15 22:16:11 | INFO     | [POOL #00274] 1779 507 352 2433 91 1357 236 1426 568 1480 902 376 1290 387 2558 1510 2625 787 407 784 668 388 1214 2577 1820 837 1398 379 6 1909 1910 1593 583 2110 2156 1435 527 1649 1122 456 1758 2381 1628 1328 1873 908 1022 1102 2616 1165 1271 2159 433 2278 2499 581 1085 550 1129 58 338 2064 2330 267 2005 191 1870 2225 1378 2426 1714 2354 15 217 1771 214 2457 2507 1600 2551 1038 539 1950 87 2317 346 714 41 1691 1029 2396 230 412 1923 443 820 2627 378 1832 1149 133 106 1127 1830 134 1340 77 895 1533 1625 880 1911 2010 830 1174 184 905 1249 49 94 1410 2378 2262 944 708 219 2542 1195 2000 1865 406 210 1385 2014 1947 2534 47 1397 179 597 1917 711 1848 1969 2291 119 496 2608 862 2480 || mode=RB method=sk_ac_avg solver=filo1 stage=post_ls ls=pyvrp iter=18
2026-03-15 22:16:11 | INFO     | [POOL #00275] 1705 129 532 2526 793 1822 1047 435 305 1115 1045 2512 2559 170 22 80 1141 143 1983 1643 1734 1587 2535 1637 2587 2430 1701 540 1285 1922 438 1531 1060 205 430 548 828 1918 2390 2368 138 171 811 157 1488 1674 1515 1578 2341 1208 1317 2450 439 752 1071 1763 1939 1934 1611 434 2632 2604 1037 2588 204 2379 2253 477 463 995 1465 1288 249 1476 56 274 869 2560 453 478 2414 151 1446 1059 903 1477 615 935 92 976 2038 319 1068 390 838 1396 1889 1322 625 1201 1793 1024 202 1302 734 2086 26 2299 248 1203 747 1792 1495 2181 1921 304 1790 1780 1063 1487 54 2531 2073 246 2388 2432 307 1287 1264 637 452 1298 720 558 923 493 2150 2025 1050 1163 140 226 2232 1646 380 1246 2221 1265 2088 1961 1564 2047 1722 542 241 137 1999 372 2543 1583 2098 1556 1913 2264 || mode=RB method=sk_ac_avg solver=filo1 stage=post_ls ls=pyvrp iter=18
2026-03-15 22:16:11 | INFO     | [POOL #00276] 2348 867 1738 128 1188 1016 1436 55 1579 428 1681 2190 1974 883 1736 832 252 279 1675 2424 1931 887 1220 1377 1699 1696 1516 2199 1105 1183 2161 1979 2631 384 1167 740 2579 1735 139 1315 440 920 480 863 2049 2231 1789 1778 375 511 2618 196 1392 272 878 459 1971 707 1764 888 1194 1443 2529 169 2416 389 652 1908 2496 1907 1604 57 1532 1986 98 2520 1962 567 718 943 193 2304 1040 2137 2575 242 1767 37 322 1589 2306 1054 942 2490 683 2325 756 197 1093 1369 1833 2503 750 1492 949 120 1313 2204 1489 829 1572 340 592 694 1653 2598 531 1748 1364 1821 2469 536 342 117 673 804 465 499 1776 2467 328 2085 670 1356 1189 1729 1212 1089 131 1052 266 1552 665 1880 2313 349 1508 1154 1666 819 1847 63 812 946 421 2610 118 1124 2075 546 64 1680 || mode=RB method=sk_ac_avg solver=filo1 stage=post_ls ls=pyvrp iter=18
2026-03-15 22:16:11 | INFO     | [POOL #00277] 261 697 2154 1259 533 1012 761 1553 2212 814 198 1700 2173 1075 965 675 1026 1629 2569 636 237 1958 2425 2248 1152 1269 1800 294 442 2048 1159 345 153 2519 1513 1597 86 535 1380 1944 1997 689 1200 1775 178 1745 316 671 1744 2139 2567 723 289 2084 2428 2581 2122 1926 281 824 1751 1003 1977 2283 958 2557 2307 2393 1 709 667 599 677 1747 1876 2272 1339 1991 833 1610 2052 2193 802 1181 368 739 724 1182 2387 2131 2617 676 84 940 1686 2062 27 410 1061 1405 1730 1802 1076 2160 2532 1175 262 2142 1664 1708 2196 329 2252 1411 1452 364 984 1498 1261 2130 1739 431 1709 1329 1077 1399 512 2481 1995 326 1428 2120 1449 391 2061 1335 1327 450 2166 1810 2027 1812 327 763 2164 1366 1293 1711 825 760 81 2305 547 504 900 1669 1206 1761 608 1121 174 858 2572 1959 1914 1108 851 2408 1008 1391 || mode=RB method=sk_ac_avg solver=filo1 stage=post_ls ls=pyvrp iter=18
2026-03-15 22:16:11 | INFO     | [POOL #00278] 1929 383 561 1808 78 1575 2214 849 1905 1966 2240 2602 1213 1131 2470 994 785 2556 992 1481 1196 495 2447 2083 488 1282 1238 1844 2069 2386 45 1721 3 1314 257 2623 374 621 1916 1635 1468 250 2523 572 2247 649 1811 2375 1048 276 2605 2258 1229 2132 973 1964 108 2288 1877 278 2521 105 60 1545 44 2322 127 1231 199 751 59 1752 2274 449 2344 2162 1975 167 1577 239 2597 2403 1236 1904 354 2382 1796 2168 782 2554 1031 1952 926 660 1534 2394 46 528 1620 1324 1688 192 1641 933 922 1749 997 800 423 42 386 360 1332 1094 1647 918 655 1070 75 259 2045 2565 7 2209 1684 1106 1020 2622 2044 38 1563 1192 2527 1819 318 1859 2103 672 639 1187 1032 448 2431 2374 1621 1642 762 1755 584 2323 1156 840 1193 2436 886 1363 268 485 641 2630 2163 1173 881 696 1605 2434 1973 2001 34 1107 121 871 1343 || mode=RB method=sk_ac_avg solver=filo1 stage=post_ls ls=pyvrp iter=18
2026-03-15 22:16:11 | INFO     | [POOL #00279] 2370 855 1044 2273 2585 2473 1098 2233 2242 1799 821 2498 618 765 1309 462 2399 916 983 2419 646 479 1431 313 1351 2301 1901 1517 1168 148 227 598 1267 256 2510 1307 844 2574 2537 1252 2417 103 2339 1521 1967 76 2360 518 1581 521 2441 755 1948 506 2445 938 1338 309 1017 2144 1634 564 2486 2096 695 1954 2295 936 1650 1935 1251 1897 1505 1716 1334 2013 2255 1871 1179 2230 297 2576 1525 912 8 530 1818 1677 1295 222 2195 1065 1548 2482 2545 2410 929 419 1433 1199 1834 2281 1893 2265 2603 2401 1177 1205 678 1062 1312 314 1478 251 79 320 2444 515 1942 736 2183 2592 1807 469 1894 183 2373 1785 2108 701 566 10 1788 1890 523 2060 1056 576 2087 163 913 899 967 699 1308 1090 509 1769 1482 2178 1863 1883 2446 1723 952 749 2539 2633 1520 579 989 964 2609 1232 337 1134 290 395 2269 1733 2452 2494 || mode=RB method=sk_ac_avg solver=filo1 stage=post_ls ls=pyvrp iter=18
2026-03-15 22:16:11 | INFO     | [POOL #00280] 1425 2562 1447 1198 385 2138 2222 457 1371 429 2398 2407 1614 2140 1132 298 2356 2211 1126 553 311 2515 525 1180 1866 1693 1490 705 2112 373 1110 1846 1142 791 2034 573 680 231 2218 1422 2065 1754 2275 580 2039 2626 1724 1412 2613 963 65 229 1933 901 925 306 2514 1253 1319 2169 2586 1683 1305 685 104 704 1184 1507 1444 1656 773 629 308 624 1777 1759 2329 1161 224 2303 805 1023 1051 185 1133 1139 1230 757 803 2488 1289 1227 1418 1216 2538 33 490 2363 653 865 1086 1868 2254 1191 1055 1791 1727 746 1872 36 2224 2448 1136 1989 1473 1504 1157 481 1014 745 1671 1536 1854 961 240 2333 1178 2123 606 280 1453 822 135 578 876 1244 513 1731 537 648 1417 2082 1402 1365 2541 753 2037 2495 1839 1544 557 483 1927 426 1826 1491 1009 1591 156 609 779 1518 2290 2280 501 401 1661 1857 2583 62 || mode=RB method=sk_ac_avg solver=filo1 stage=post_ls ls=pyvrp iter=18
2026-03-15 22:16:11 | INFO     | [POOL #00281] 264 1160 2019 2239 2157 603 1527 582 2599 808 2043 201 96 643 381 2573 353 596 2298 2058 835 2056 1753 182 866 1746 498 155 559 415 854 1235 574 730 1994 741 1715 1774 1842 2474 1033 1940 1291 831 853 945 1523 852 1737 1678 974 893 2619 1092 458 1511 1885 764 85 1462 1903 702 1938 818 1815 1573 35 1185 460 634 40 1393 968 2153 247 1852 999 2251 877 2095 1703 2125 1331 1021 2422 1286 365 1346 89 1568 301 1082 1347 461 1109 2023 1522 1294 74 282 1945 2421 325 1326 2561 1632 2016 2582 1560 2089 768 1679 253 816 2100 200 1432 417 284 2327 2438 61 1145 1672 1619 145 454 2033 418 985 524 2188 1594 2442 1007 1421 1941 1451 70 283 437 2493 468 2210 149 1352 2097 2054 1783 2459 1125 1817 731 907 1147 1644 1258 424 2517 1768 || mode=RB method=sk_ac_avg solver=filo1 stage=post_ls ls=pyvrp iter=18
2026-03-15 22:16:11 | INFO     | [POOL #00282] 2149 2102 1471 1936 1547 1429 2353 2263 300 882 1565 1116 1719 2201 2174 299 2530 2171 1562 710 72 2338 692 1414 733 2513 173 2080 2238 2349 12 591 1956 1002 1420 1278 181 928 1978 1781 265 951 2008 617 23 2030 2072 48 234 2415 549 1497 1354 2104 1655 2357 1981 1566 962 2216 186 1645 514 2384 2101 2035 988 2343 2566 67 1993 2475 2129 2540 14 1217 2383 960 1013 1514 2571 657 2389 39 2186 1067 2119 1827 659 1803 1299 1879 331 2226 1204 112 1732 679 2439 1382 2074 790 1323 1762 688 1464 593 613 377 516 590 552 991 339 466 505 1101 604 2011 972 2409 2106 2404 409 2076 16 194 846 2066 2485 917 260 1770 2316 722 956 743 1197 1524 497 684 315 2070 2246 245 2489 175 856 2580 1546 1710 1912 1960 2411 2311 758 2197 2337 2079 738 1019 1169 416 666 2148 896 1992 1551 1843 414 1955 2276 1569 || mode=RB method=sk_ac_avg solver=filo1 stage=post_ls ls=pyvrp iter=18
2026-03-15 22:16:11 | INFO     | [POOL #00283] 1030 1100 1379 168 1171 748 1968 601 1985 543 1638 1300 28 1840 2002 778 982 2478 1027 142 400 2455 11 2293 1765 1555 1384 2606 948 382 207 1951 2105 2055 1408 2511 408 1474 1081 857 1884 1273 839 1239 780 687 1586 1455 1804 1018 1663 441 2257 2552 979 2345 2292 1949 1069 1559 767 1015 1574 1341 1138 2315 1260 1898 1685 2361 1809 489 82 1493 1118 1470 1336 402 427 1406 2155 287 2015 2032 682 1330 2536 1386 359 2533 1028 2135 358 836 2492 2266 658 159 369 799 1795 2170 1987 5 510 628 966 1599 258 792 2205 2476 1726 1469 144 2182 1268 2268 954 213 1096 69 216 632 203 681 2443 797 1717 1957 2376 769 || mode=RB method=sk_ac_avg solver=filo1 stage=post_ls ls=pyvrp iter=18
2026-03-15 22:16:11 | INFO     | [POOL #00284] 1965 51 1097 2286 1988 1603 554 1025 303 1766 1782 674 810 1155 2553 344 1682 1845 2487 467 1360 947 1140 1041 413 2591 1598 2250 729 2624 2046 1888 109 1064 662 1423 1867 1164 1787 1601 411 859 1078 890 2284 1895 2484 1654 1720 1143 1836 2107 1240 2219 189 422 263 1172 110 1120 2342 180 2245 420 2563 95 631 2094 1401 1707 1849 1348 2124 32 113 861 491 1058 927 1626 834 1530 1756 1538 1668 795 223 1558 1218 698 2483 2024 1151 25 447 43 366 2312 1361 90 1441 1537 2462 1080 1694 626 19 2175 2395 2367 693 1850 24 1713 759 2271 293 796 1190 1439 321 2365 1153 1706 235 2294 || mode=RB method=sk_ac_avg solver=filo1 stage=post_ls ls=pyvrp iter=18
2026-03-15 22:16:11 | INFO     | [POOL #00285] 1430 1318 981 1272 347 1627 1083 324 897 911 1670 2391 88 1695 1612 2590 2068 312 1697 2165 716 2194 367 939 2351 777 1615 1292 2099 2460 1624 766 1416 1113 1499 1091 2215 1321 1608 2506 556 1337 1613 517 172 1373 1087 2053 332 1424 2287 1623 195 1221 1725 187 794 1557 1561 2600 1806 357 978 904 2067 1359 2020 470 2584 1135 2093 1651 1860 2555 1387 2479 1303 2352 1503 1484 1570 1310 1906 1633 529 2332 2134 355 2116 2321 931 2611 715 2192 115 1692 476 551 1456 2115 2179 732 1896 225 620 2497 2206 502 2362 2477 2328 772 930 1501 1005 1224 2366 842 1937 690 2143 2282 473 1757 1509 2012 1150 809 2601 2578 220 2500 2413 1878 1899 471 1104 160 801 870 || mode=RB method=sk_ac_avg solver=filo1 stage=post_ls ls=pyvrp iter=18
2026-03-15 22:16:11 | INFO     | [POOL #00286] 290 575 1520 2633 1541 1262 913 163 2087 576 1844 2623 257 1314 1635 621 374 1916 1791 1055 1191 2254 1868 1086 865 653 1227 1418 1216 2538 33 490 2363 1468 250 2523 572 2247 649 1811 2375 1048 276 2605 2258 1229 2132 973 1964 108 2288 1877 278 2521 105 60 1545 44 2322 127 1231 2344 2162 1975 167 2274 449 199 751 1752 59 2475 2129 2540 14 1217 2383 960 1013 1514 2571 657 2389 354 2382 1796 42 423 800 386 997 360 1749 1332 1094 331 1879 1299 1803 659 1827 2119 39 2186 1067 2101 2035 988 2343 2566 67 1993 1777 1759 2329 1161 224 2303 805 1023 1051 185 1133 1139 1230 757 803 2488 1289 1157 481 1014 1504 1473 2448 2224 36 1872 1727 746 1402 1365 2541 753 2037 2495 1839 1544 557 483 1927 1491 1562 2171 2530 299 921 571 1886 2222 1166 860 754 1882 1936 2347 2141 1367 2310 1079 || mode=VB method=sk_ac_min solver=filo2 stage=post_ls ls=pyvrp iter=19
2026-03-15 22:16:11 | INFO     | [POOL #00287] 2154 2262 1012 855 1044 1553 2212 2273 2585 2473 1098 2233 2242 1799 821 760 825 1293 1711 2498 1366 2164 763 327 618 1812 2027 1810 2166 450 1327 765 1309 462 2399 916 983 2419 646 479 1431 313 1351 2301 1901 1517 1168 148 1187 639 672 2103 1267 598 227 364 1452 2252 1411 2142 262 1175 2160 1076 1802 1730 1405 1061 410 27 2062 2617 2131 2387 1182 724 1181 368 739 1339 2272 1876 1991 833 1610 2052 802 2193 593 613 377 516 590 552 991 339 466 505 1101 1747 604 677 599 667 709 1 2393 2307 2557 958 2283 1664 1708 2196 329 1498 984 1261 2130 1739 431 1775 1200 689 1709 1329 1077 1399 512 2481 1995 326 2120 1428 1335 2061 1449 391 345 153 1159 2048 442 294 1800 1269 1152 2248 2425 1958 237 636 2569 1629 1026 675 965 1075 2173 1700 198 814 184 2370 703 || mode=VB method=sk_ac_min solver=filo2 stage=post_ls ls=pyvrp iter=19
2026-03-15 22:16:11 | INFO     | [POOL #00288] 1665 393 2494 2264 1913 1556 2098 1583 2543 372 1999 241 137 2047 1564 1961 2088 1265 2221 1246 380 1646 2232 226 140 1285 1922 438 1531 1060 205 430 548 828 1918 2249 218 147 2331 645 545 2126 1943 1304 208 891 404 451 397 1256 1001 594 959 2296 1784 1743 362 2145 2177 1801 1609 1073 154 1946 1919 2472 2414 478 869 2560 453 151 1446 1549 2596 1245 2152 371 774 211 1123 1887 935 615 1477 903 1059 2038 92 976 319 1068 390 838 1396 1889 1322 625 1201 1024 1793 734 2086 26 2299 248 1203 747 1495 1792 1302 202 249 1476 274 56 1288 1465 995 463 477 2253 2379 204 2588 1037 2604 2632 434 1611 1939 1934 2181 1921 304 1063 1780 1790 899 967 699 1308 1090 1413 1607 538 1542 2449 2461 2564 1276 335 1255 2336 1434 579 964 989 2609 1232 337 1838 1824 1953 1419 1134 1698 363 2547 1036 656 1372 1084 146 2184 1618 725 1034 957 || mode=VB method=sk_ac_min solver=filo2 stage=post_ls ls=pyvrp iter=19
2026-03-15 22:16:11 | INFO     | [POOL #00289] 1648 623 700 62 2589 232 2121 177 445 541 2279 2289 383 1316 1066 744 176 2456 2111 2285 2346 589 561 1500 271 1540 1454 1982 654 1567 2300 1512 356 1816 501 2214 2261 1211 1209 31 1596 737 990 849 2280 2290 1719 2201 873 2009 126 2241 457 2551 1600 2507 2457 214 1771 1714 2354 1378 2426 2064 338 58 1129 1085 581 2499 2278 761 433 1914 2159 1165 2616 1102 1022 908 1628 2381 1758 456 1122 1649 527 2156 731 1817 1125 2459 1783 2043 201 808 582 1527 583 2110 1593 1910 1909 6 379 1398 837 1820 2577 1214 388 668 784 407 787 2625 1510 2558 387 1290 1041 413 1598 2591 2487 1845 1682 344 2553 1155 810 674 554 1603 1988 2286 1097 51 1965 || mode=VB method=sk_ac_min solver=filo2 stage=post_ls ls=pyvrp iter=19
2026-03-15 22:16:11 | INFO     | [POOL #00290] 1569 706 414 1843 1551 1992 896 1533 2330 1169 1019 738 2079 2337 2197 758 2311 2411 1960 1912 1710 1546 2580 856 175 2489 245 2246 2070 315 684 497 1524 1197 743 917 260 1770 2316 722 956 2519 1513 1597 86 535 1380 1944 1997 16 194 846 2066 2485 2275 1754 580 2039 2626 1724 1412 2613 963 65 229 1933 901 925 306 2514 2076 409 2404 2106 723 2567 2139 1744 671 316 178 1745 289 2084 2409 972 1926 2122 2581 2428 1751 1977 1003 824 281 2011 48 234 2072 2030 2586 23 2169 1319 1253 617 2008 1781 265 951 280 606 2333 1178 2123 1453 822 135 578 876 1978 928 181 2065 1422 2218 231 680 573 2034 791 1142 1846 1110 373 2112 705 1490 1693 1866 1180 525 2515 311 553 1126 2211 2356 298 1132 2140 1614 2407 2398 429 1371 1038 539 1923 385 1740 1234 2006 1543 987 1103 2276 || mode=VB method=sk_ac_min solver=filo2 stage=post_ls ls=pyvrp iter=19
2026-03-15 22:16:11 | INFO     | [POOL #00291] 769 2376 1717 2443 797 168 1171 748 1968 601 1985 216 69 954 2268 979 2345 2552 2257 441 1663 1018 1804 1455 1586 687 780 1239 1273 839 2511 408 1884 857 1081 1474 2321 2116 355 715 2192 115 2611 931 207 382 948 2606 1555 1765 2293 11 1951 2105 2055 1408 2455 400 2478 982 1027 142 2362 2477 772 2328 930 1501 1005 1224 1937 473 2282 690 2143 2002 778 1840 28 1300 1638 543 1150 2012 1509 2500 220 809 2601 2578 1379 1100 1030 1957 2595 1095 2593 2548 1046 1358 560 1099 1797 1226 18 1662 691 277 1990 953 1622 1929 2042 2468 114 || mode=VB method=sk_ac_min solver=filo2 stage=post_ls ls=pyvrp iter=19
2026-03-15 22:16:11 | INFO     | [POOL #00292] 1274 2189 1741 2146 1636 161 2550 1425 2562 1039 2236 1112 1486 1042 2607 2427 1835 534 2149 1415 475 1222 215 2435 1376 123 807 1148 1202 806 392 1257 1297 1580 775 2092 2118 642 2340 633 1661 2516 401 2022 361 1659 1450 2369 1932 29 1519 71 487 1483 1375 2127 1207 1972 212 1837 875 474 1856 1640 2158 726 1472 1658 955 1828 1248 622 1128 334 1241 909 1630 1950 87 2317 217 15 1870 2225 267 2005 191 346 714 41 1691 1029 2396 2138 230 412 443 820 2627 378 1832 1149 416 666 1174 830 2010 1911 880 1625 905 49 94 1410 2378 533 708 219 944 1195 2000 1865 406 210 1385 34 1107 121 2534 47 1768 1160 264 568 1426 236 1357 91 2433 2291 119 496 862 2480 1779 1862 || mode=VB method=sk_ac_min solver=filo2 stage=post_ls ls=pyvrp iter=19
2026-03-15 22:16:11 | INFO     | [POOL #00293] 494 1631 868 847 2297 275 206 2465 975 164 1869 616 52 221 1355 2620 950 2466 2228 2003 1773 2377 2167 1858 1390 2522 2318 2180 2453 244 2237 602 717 577 1215 190 2240 2602 158 503 2524 1130 1280 1176 1186 2505 771 1482 1825 2446 1723 952 2539 749 2621 53 1883 1863 2178 1769 509 116 1228 2050 607 898 1855 13 2570 66 246 2073 2531 54 1487 1763 1071 752 439 2450 1317 1208 2341 1578 1515 1674 1488 157 811 171 138 2390 2368 2432 307 2388 1440 2429 132 2213 1301 1264 1287 637 452 1298 1928 100 2628 720 558 923 493 1050 2150 2025 872 1275 1163 1342 2528 906 1311 188 644 605 436 270 977 941 1353 1602 370 1035 209 398 610 2090 317 2114 395 2269 1733 2452 2041 2518 2078 1616 484 1467 1407 1233 || mode=VB method=sk_ac_min solver=filo2 stage=post_ls ls=pyvrp iter=19
2026-03-15 22:16:11 | INFO     | [POOL #00294] 1864 919 993 1915 1705 129 2335 532 2526 2187 793 1822 1047 435 305 1115 1045 2512 2559 170 22 80 1141 542 1722 143 1983 1643 1734 1587 2535 1637 2587 2430 1701 540 333 444 2397 570 728 396 2151 2402 937 1970 2147 1162 1585 2380 2057 286 1049 1660 285 2504 1463 1088 841 1506 1652 111 83 269 1006 789 1459 1550 152 2615 638 588 1687 2277 1243 845 2229 2059 630 1170 1853 2031 686 781 2629 1457 843 1394 1296 1676 1833 2503 1369 1093 750 1492 949 120 1313 2204 1489 829 1823 20 1572 340 592 694 1653 2598 531 1748 1364 1821 2469 536 342 804 465 499 1776 2467 328 2085 670 1356 1189 1729 1212 1089 131 1052 266 1552 665 1880 2313 349 1666 1154 1508 405 2063 1794 2302 1242 1111 296 1146 819 1847 63 812 946 421 2533 1028 2135 358 2610 118 1124 2075 546 64 1680 || mode=VB method=sk_ac_min solver=filo2 stage=post_ls ls=pyvrp iter=19
2026-03-15 22:16:11 | INFO     | [POOL #00295] 910 2440 2234 600 2583 508 2549 341 1857 1576 141 2544 1808 78 1575 492 2568 1590 1588 1905 1966 1213 1131 2470 994 785 2556 992 136 495 2447 2083 488 1282 1238 2069 2386 45 1721 3 1056 2060 523 1890 1788 10 566 701 2108 1785 2373 183 1894 469 2403 2597 239 1577 1236 1904 2554 782 2168 1952 1031 1942 736 2183 2592 1807 79 251 320 2444 515 1177 2401 1205 1478 314 1312 678 1062 730 1994 741 498 1746 866 1033 2474 1715 1774 1842 2482 2545 2410 1065 1548 2195 929 419 1433 1199 1834 2281 1893 2265 2603 926 660 1534 2394 46 528 1620 1688 192 1641 1324 922 933 2445 938 1338 309 1017 2144 2486 564 1634 222 1295 1677 1818 8 530 852 1523 945 853 831 1737 1291 1940 1678 2582 2016 1632 1560 2089 768 1679 253 2058 2298 835 2056 1753 182 155 559 574 1235 854 415 596 283 96 2599 603 2408 1841 455 || mode=VB method=sk_ac_min solver=filo2 stage=post_ls ls=pyvrp iter=19
2026-03-15 22:16:11 | INFO     | [POOL #00296] 1343 1969 1848 711 1917 597 179 1397 2517 424 1258 1644 1147 907 2157 2239 2019 1480 902 376 1140 947 1360 467 1782 1766 303 1025 507 352 2608 1409 30 2028 2405 2502 1448 663 2029 2007 1502 2319 697 2359 2021 166 1259 107 1461 2172 1704 2176 1690 1875 2350 889 1466 1750 2308 815 1340 77 895 134 1830 2148 1127 106 133 68 500 1900 1370 1198 569 934 1438 586 1667 892 2334 482 2259 2223 2040 93 1891 302 399 1403 1368 2320 1053 2270 2509 2026 827 1595 1445 1250 1535 585 2458 915 2437 2471 403 124 2372 2227 2392 1283 986 2463 273 2081 2385 1814 2244 228 1137 664 1813 2217 713 323 563 669 1447 879 1057 1924 864 101 1955 970 1728 1325 520 || mode=VB method=sk_ac_min solver=filo2 stage=post_ls ls=pyvrp iter=19
2026-03-15 22:16:11 | INFO     | [POOL #00297] 1430 1318 321 1627 897 1083 324 1416 1624 766 367 939 2351 777 1615 1292 2099 2460 1091 2215 1321 1530 1756 1538 1058 491 861 1401 2094 631 95 2563 420 2245 180 2342 1120 110 1172 263 422 189 2219 1240 2107 1836 1143 1720 1654 1849 1707 1348 2124 32 113 1668 795 223 1558 1218 698 2483 2024 1151 25 447 43 1361 366 2312 2484 1895 2284 890 1078 859 411 1601 1787 1164 1867 1423 662 1064 109 1888 2046 2624 2250 729 90 1441 1537 2462 1080 1694 626 19 2175 1499 1113 2395 2367 693 24 1850 1713 759 2271 293 796 1190 1439 2365 1153 1706 235 2294 || mode=VB method=sk_ac_min solver=filo2 stage=post_ls ls=pyvrp iter=19
2026-03-15 22:16:11 | INFO     | [POOL #00298] 870 801 160 1104 471 1878 2413 1899 981 1272 347 1670 911 2391 1695 88 1612 2590 1757 2068 312 1697 2194 716 2165 842 2366 2497 2206 502 620 225 1384 1692 476 551 1456 2115 2179 732 1896 332 1424 2287 1373 172 1087 2053 517 1613 1337 556 2506 1608 834 1626 927 1221 195 1623 187 1725 794 1557 1561 2600 1806 357 978 904 2067 1359 2020 470 2584 1135 2093 1651 1860 2555 1387 2479 1303 2352 1503 1906 1633 2134 2332 529 1310 1570 1484 2315 1138 1341 1809 489 2361 1685 1260 1898 82 1493 1118 1470 1336 402 427 1406 2155 287 2015 2032 682 1330 2536 1386 359 2492 836 2266 658 159 369 799 1795 2170 1987 5 510 628 966 1599 258 792 2205 1015 767 1574 1559 1069 2292 1949 1268 2476 1726 1469 144 2182 213 1096 632 203 681 1388 2491 1920 || mode=VB method=sk_ac_min solver=filo2 stage=post_ls ls=pyvrp iter=19
2026-03-15 22:16:11 | INFO     | [POOL #00299] 2454 261 464 1008 851 1108 2542 1328 1873 1271 1121 608 1173 2054 2097 1352 149 2210 2188 1594 2442 1007 1421 1451 70 353 2573 381 643 468 2493 437 1941 816 2100 200 1432 417 284 2327 2438 61 1145 1109 2023 1522 74 1294 2561 1326 974 893 325 2421 1945 282 458 1092 2619 912 1525 2576 297 2230 1179 1871 2255 2013 1334 1716 1505 1897 1251 1935 1650 936 2295 1954 695 2096 2441 755 1948 506 75 1070 1647 918 655 7 2565 2045 259 1581 521 518 2360 76 1967 1521 2339 1252 2537 1573 35 1185 634 1815 818 1938 702 1903 1462 85 764 1885 1331 1021 2422 1286 365 1346 89 1568 1511 301 1082 1347 461 1672 1619 145 454 2033 418 886 985 524 485 641 2630 2163 881 696 1605 2434 1973 1435 2001 2014 1947 871 1391 1582 || mode=VB method=sk_ac_min solver=filo2 stage=post_ls ls=pyvrp iter=19
2026-03-15 22:16:11 | INFO     | [POOL #00300] 2348 867 1738 128 1188 1016 1436 55 1579 428 1681 2190 1974 883 1639 914 1210 1237 2 350 1266 719 1931 887 1220 1377 971 894 291 1996 2464 330 2109 1696 1699 2199 1516 1105 1183 2161 1979 2631 384 1167 740 2579 1735 139 1315 440 920 480 863 2049 2231 1789 1778 375 511 2618 196 1392 272 878 1764 707 1971 459 2496 1908 1907 1604 57 1532 1389 254 472 1925 1362 446 2324 1010 2198 2614 2200 4 162 2418 351 99 1284 1657 2355 2243 635 969 2326 1760 2260 526 619 1374 2508 2364 1998 2371 2191 1742 2136 1247 650 1617 2202 817 562 1902 786 1485 770 1400 1254 2400 1004 2501 2185 2036 1479 2017 1689 727 788 1718 255 1851 1539 1000 1831 292 73 2424 1675 279 252 832 1736 1395 1043 1584 1333 614 238 1281 1984 735 1554 2358 2235 1320 2451 1277 2018 233 776 || mode=VB method=sk_ac_min solver=filo2 stage=post_ls ls=pyvrp iter=19
2026-03-15 22:16:11 | INFO     | [POOL #00301] 1772 2594 17 826 21 2412 288 1219 1963 2203 1404 712 1930 1475 611 522 627 1306 1496 813 1526 2128 1223 1874 1117 1592 122 587 310 924 2420 2004 2091 2406 2117 1074 1381 647 165 394 1442 1144 2133 798 885 661 1980 1829 2256 150 742 1194 888 1443 2529 169 389 2416 652 336 1986 98 2520 1962 567 718 943 193 2304 1040 1767 242 2575 2137 1529 425 783 1712 721 197 756 2325 683 37 322 1589 2306 942 2490 1054 555 50 1571 2546 125 2423 1225 97 1458 850 2051 1119 651 519 1011 2309 2267 1345 1892 2071 1786 874 117 673 2113 1263 2612 1279 1270 9 1494 343 1861 2207 1606 980 848 1976 2314 1350 823 1383 243 130 102 884 640 1427 1673 1702 1114 1798 1072 932 1349 1528 2525 1344 998 565 1460 1881 1158 612 996 2208 486 544 432 1437 295 || mode=VB method=sk_ac_min solver=filo2 stage=post_ls ls=pyvrp iter=19
2026-03-15 22:16:11 | INFO     | [POOL #00302] 1249 550 1959 2572 858 174 1761 1206 1669 900 504 547 2305 81 268 1363 2436 1193 840 1156 2323 584 1755 762 1642 1621 2374 2431 448 1032 999 1852 2251 877 2095 1703 2125 2153 247 968 1393 40 460 2510 1307 256 1859 844 2574 2417 103 318 1819 2532 1192 2527 1563 38 2044 2622 1020 1106 1684 2209 1686 940 84 676 1382 2439 679 1732 2226 1204 112 790 2074 1323 1762 688 1464 2216 186 1645 514 2384 624 308 962 629 773 1656 1566 1981 2357 1655 2104 1354 1497 2415 549 1683 1305 685 104 704 1184 1507 1444 240 961 1854 1536 1671 745 1989 1136 1244 513 1731 1278 1420 537 648 1417 2082 1002 1956 591 12 2349 2238 2080 173 2513 733 1414 692 2338 72 710 1826 426 1196 1481 1009 1591 156 609 2174 779 1518 1805 2077 1116 2220 1565 882 300 2263 2353 1429 1547 1471 595 2102 348 || mode=VB method=sk_ac_min solver=filo2 stage=post_ls ls=pyvrp iter=19
2026-03-15 22:16:11 | INFO     | [POOL #00303] 1095 595 1471 2334 1936 1429 1472 2009 921 299 2530 2171 1562 1132 298 2356 2211 1126 553 311 2515 525 1180 1866 1693 1490 705 2034 573 680 231 2218 1422 2065 928 1978 876 578 135 745 822 1453 280 606 2123 1178 2333 1671 1536 1854 961 240 1444 1507 1184 704 104 685 1656 773 629 186 2216 1464 688 1762 1323 790 2074 1382 2439 679 1732 112 1204 2226 331 1879 1299 1803 659 1827 2119 1067 2186 39 1013 1514 2571 657 2389 1752 59 751 199 449 2274 167 1975 2162 2344 1231 127 2322 44 1545 60 105 2521 278 1877 2288 108 1964 973 2132 1229 2258 2605 276 1048 2375 1811 649 2247 572 2523 250 1468 2363 490 33 2538 1216 1418 1227 653 865 1086 2254 1791 1055 1191 1868 1635 1314 257 2623 374 621 1916 746 1402 1365 2541 753 2037 2495 1839 1544 557 483 1927 1826 426 1196 1481 156 2174 2201 873 1805 2077 2220 726 1565 2347 2310 || mode=VB method=sk_ac_min solver=filo1 stage=post_ls ls=pyvrp iter=20
2026-03-15 22:16:11 | INFO     | [POOL #00304] 2294 235 2365 1153 1706 1439 2553 1155 810 344 1845 1682 293 796 1190 2271 1080 2462 1537 1441 90 729 2250 2624 2046 1888 109 1064 662 1423 1867 1164 1787 1601 411 859 1078 890 2284 1895 2484 1654 1720 1143 1836 2107 1240 2219 189 422 263 1172 110 1120 2342 180 2245 420 2563 95 631 2094 1401 1707 1849 1348 2124 861 491 1058 113 32 1668 1538 1756 1530 795 223 1558 1218 698 2483 2024 1151 25 447 43 366 2312 1361 1694 626 19 2175 1499 1091 2215 1321 1608 834 1626 927 1221 195 172 1373 1087 2053 517 1613 1337 556 2506 2099 2460 1624 766 1416 1113 2395 2367 693 24 1850 759 1713 1083 324 897 1627 321 1318 1430 || mode=VB method=sk_ac_min solver=filo1 stage=post_ls ls=pyvrp iter=20
2026-03-15 22:16:11 | INFO     | [POOL #00305] 21 2412 288 1219 1963 2203 1404 712 1930 1475 1639 914 1210 1237 2 350 1266 719 971 894 291 2109 1996 2464 330 1381 647 165 1442 1144 2133 798 885 661 1980 1829 2256 150 1660 285 2504 1463 1088 841 1506 1652 111 83 269 2529 169 389 2416 652 1006 1550 1459 789 336 1986 98 2520 1962 567 718 943 193 2304 152 2615 638 588 1687 2277 1243 845 2229 2059 1529 425 783 1712 721 197 756 2325 683 242 2575 2137 1040 1767 37 322 1589 2306 942 2490 1054 555 50 472 2198 2614 2200 4 162 2418 351 99 1284 1657 2355 2243 635 969 2326 1760 2260 526 619 1374 2508 770 1400 1254 2400 1004 2501 2185 2036 1479 2017 1689 727 788 1718 255 1851 1539 1000 1831 292 73 1427 1673 1702 1043 1395 1584 1333 614 238 1281 1984 735 1554 2358 2235 1320 2451 1277 2018 233 776 295 || mode=VB method=sk_ac_min solver=filo1 stage=post_ls ls=pyvrp iter=20
2026-03-15 22:16:11 | INFO     | [POOL #00306] 826 1915 1705 129 532 2526 793 1822 1047 435 611 522 627 1306 1496 813 1526 2128 1223 1874 1117 1592 122 587 310 924 2420 2004 2091 2406 2117 1074 394 2397 333 444 728 570 396 2151 2402 937 1970 2147 1162 1585 2380 2057 1049 286 1918 2249 218 147 2331 645 545 2126 1943 1304 208 891 451 404 1515 1578 397 362 2145 2177 1801 630 1170 2031 1853 843 1394 1457 2629 781 686 1245 2596 1549 1887 1123 211 774 2152 371 1296 1676 1833 2503 1369 1093 750 1492 949 120 1313 2204 1489 829 1572 340 592 694 1653 2598 531 1748 1364 1821 2469 536 342 117 673 804 465 499 1776 2467 328 2085 670 1356 1189 1729 1212 1089 131 1052 266 1552 665 1880 2313 349 1508 1154 1666 819 1847 63 812 946 421 2533 1028 2135 358 2610 118 1124 2075 546 64 1680 203 681 || mode=VB method=sk_ac_min solver=filo1 stage=post_ls ls=pyvrp iter=20
2026-03-15 22:16:11 | INFO     | [POOL #00307] 1030 1100 1379 2601 2578 809 220 2500 1509 2012 1150 543 1638 1300 28 1840 778 2002 2143 690 2282 473 1937 1005 1501 930 2328 772 2477 1224 842 2366 2497 2206 502 2362 142 1027 982 2478 400 2455 11 2293 1765 1555 2606 948 382 207 1951 2105 2055 1408 2511 408 1474 1081 857 1884 1341 1138 2315 1484 1570 1310 1906 1633 529 2332 2134 355 2116 2321 931 2611 115 2192 715 2555 1387 2479 1503 2352 1303 1860 1651 2093 1135 2584 470 2020 1359 2067 904 978 357 1806 2600 1561 1557 794 1725 187 1623 2287 1424 332 1896 732 2179 2115 1456 551 476 1692 1384 225 620 1292 1615 777 2351 939 367 2194 716 2165 1697 312 2068 1757 2590 1612 88 1695 2391 911 1670 347 1272 981 1899 2413 1878 471 1104 160 801 870 || mode=VB method=sk_ac_min solver=filo1 stage=post_ls ls=pyvrp iter=20
2026-03-15 22:16:11 | INFO     | [POOL #00308] 1965 51 1097 2286 1988 1603 507 352 303 1025 554 674 2487 2591 1598 413 376 902 1480 2019 2239 2157 907 1147 1258 424 1768 179 1357 2433 1766 1782 467 1360 947 1140 1041 1290 387 2558 1510 2625 787 407 784 668 388 1214 2577 1820 837 1398 379 6 1909 1910 1593 2110 583 603 1817 731 2156 527 1122 456 1758 2542 1865 2000 1195 944 708 533 1012 1914 433 761 2278 2499 581 1085 550 1129 58 338 2064 2330 267 2005 191 346 714 41 1691 1029 2396 2138 230 412 1923 443 820 2627 378 1832 1149 133 106 1127 2148 1830 134 1340 77 895 1533 905 1249 1410 2378 2262 107 1259 166 2021 2408 34 2014 1947 2534 2517 1160 264 568 1426 236 91 2291 119 496 2608 862 2480 1779 1862 || mode=VB method=sk_ac_min solver=filo1 stage=post_ls ls=pyvrp iter=20
2026-03-15 22:16:11 | INFO     | [POOL #00309] 62 1797 1367 1222 215 2435 29 1519 1640 2158 1116 2290 1719 1518 779 609 1591 1009 1491 710 72 2338 692 1414 733 2513 173 2080 2238 2349 12 591 1956 1002 2082 1417 648 537 1420 1278 181 1731 513 1244 1136 1989 2448 2224 36 1872 1727 1473 1504 1014 481 1157 1289 2488 803 757 1230 1139 1133 185 1051 1023 805 2303 224 1161 2329 1759 1777 1993 67 2475 2129 2540 14 1217 2383 960 2566 2343 988 2035 2101 1645 514 2384 624 308 962 1566 1981 2357 1655 2104 1354 1497 2415 549 1305 1683 2586 23 2169 1319 1253 617 2008 951 265 1781 229 65 963 1933 901 2514 306 925 2613 1412 1724 2626 2039 580 1754 2275 2066 2485 2316 1770 260 917 791 1142 1846 1110 373 2112 1524 497 684 175 856 2580 1546 1710 1629 1026 2411 1075 2173 738 1019 1169 416 666 830 2010 896 1992 987 1103 2276 1569 || mode=VB method=sk_ac_min solver=filo1 stage=post_ls ls=pyvrp iter=20
2026-03-15 22:16:11 | INFO     | [POOL #00310] 1437 432 544 486 2208 996 612 1158 1881 1460 565 998 1344 2525 1528 1349 932 1072 1114 1798 2302 1242 1111 296 1146 405 2063 1794 640 884 102 130 243 1383 823 1350 2314 1976 848 980 1606 2207 1861 343 1494 9 1270 2612 1263 2113 1279 817 562 1902 786 1485 2364 1998 2371 2191 1742 2136 1247 650 1617 2202 874 1786 2071 1892 1345 2267 2309 1011 519 651 1119 2051 850 1458 20 1823 97 1225 2423 125 2546 1571 1010 2324 446 1362 1925 254 1389 1532 57 1604 1907 1908 2496 459 1971 707 1443 742 1194 888 1764 878 272 1392 196 2618 511 375 1778 1789 2231 2049 863 480 920 440 1315 139 1735 2579 740 1167 384 2631 1979 2161 1183 1105 2199 1516 1696 1699 1377 1220 887 1931 2424 1675 279 252 832 1736 883 1974 2190 1681 428 1579 55 1436 1016 1188 128 1738 867 1920 || mode=VB method=sk_ac_min solver=filo1 stage=post_ls ls=pyvrp iter=20
2026-03-15 22:16:11 | INFO     | [POOL #00311] 1772 2335 2187 305 1045 1115 2512 22 80 1141 143 1983 1643 1734 1587 2535 1637 2587 2430 1701 540 1285 1922 438 1531 1060 205 828 548 430 1287 307 2432 2368 2390 138 171 811 157 1488 439 1674 2450 1317 1208 2341 1256 1001 594 959 2296 1784 1743 1609 1073 154 1946 1919 2472 2414 478 869 2560 453 151 1446 1059 903 1477 615 935 92 976 2038 319 1068 390 838 1396 1889 1322 625 1201 1024 1793 734 2086 26 2299 248 1203 747 1495 1792 1302 202 249 1476 274 56 1288 1465 995 463 477 2253 2379 204 2588 1037 2604 2632 434 1611 1939 1934 2181 1921 304 1763 1071 752 2388 1440 2429 132 2213 1301 1264 637 452 1298 720 558 923 493 2150 2025 1050 140 226 2232 1646 380 1246 2221 1265 1564 2047 542 241 137 1999 372 1583 2098 1556 1913 2264 393 1665 1467 1407 114 494 || mode=VB method=sk_ac_min solver=filo1 stage=post_ls ls=pyvrp iter=20
2026-03-15 22:16:11 | INFO     | [POOL #00312] 1648 1274 2189 1741 2146 1636 161 2550 1425 2562 1039 2236 1112 1486 1042 2607 2427 1835 1415 475 2141 1283 2392 2227 2372 124 892 1667 403 2471 2437 1257 775 1580 1297 915 2458 585 1535 827 1595 2026 2509 2270 1053 71 487 1483 1375 2127 1207 1512 356 2214 501 1816 1972 212 1837 875 474 1856 2280 849 1966 1905 990 737 1596 31 1209 1588 1211 2261 1590 2568 492 2522 1390 2167 2377 1773 2003 2228 2466 221 52 1355 950 2620 1500 271 1540 1454 1982 654 1567 2300 2369 1450 1932 1659 361 2022 401 2516 1661 633 2340 642 2118 2092 392 806 1202 1148 807 341 2549 1857 123 1376 508 2583 176 277 691 1662 18 1226 1990 2234 953 2440 1099 1079 560 1358 348 1046 2548 2593 700 623 910 2595 || mode=VB method=sk_ac_min solver=filo1 stage=post_ls ls=pyvrp iter=20
2026-03-15 22:16:11 | INFO     | [POOL #00313] 1848 1917 47 1644 1527 2599 201 2043 1783 2054 2097 1352 468 2493 437 283 643 381 2573 353 596 2298 2058 835 2056 1753 182 866 1746 498 155 559 415 854 1235 574 1994 741 1715 1774 1842 2474 1033 1940 1291 831 853 945 1523 852 1737 1678 2016 2582 1560 1632 2561 1294 74 1522 282 1945 2421 325 1326 974 893 2619 1092 458 1511 85 1462 1903 702 1938 818 634 1185 35 1573 2537 2417 103 38 2527 1192 2532 2160 1175 262 2142 1664 1708 329 2196 1745 178 1775 431 1739 2130 1261 1498 984 2252 1411 1452 364 598 227 1187 148 1168 1517 1901 2301 1351 313 1431 479 646 2419 983 916 2399 462 1309 765 1810 2027 1812 327 763 2164 1366 1293 1711 825 760 821 1799 2242 547 504 1206 1761 174 858 1959 2159 1271 1873 1328 219 1108 851 1841 2359 455 464 30 1409 || mode=VB method=sk_ac_min solver=filo1 stage=post_ls ls=pyvrp iter=20
2026-03-15 22:16:11 | INFO     | [POOL #00314] 1728 1461 2172 1704 94 49 1625 880 1911 1174 814 198 1700 965 675 2569 2489 245 2246 2070 315 1152 1269 1800 294 442 2048 1159 345 153 1197 743 956 722 2519 1513 1597 86 535 1380 1944 1997 194 846 16 2076 409 2404 2106 2409 972 1926 2122 281 2011 2030 2072 234 48 604 599 677 1747 1101 505 466 339 552 991 590 516 377 613 593 2193 802 2052 1610 833 1991 1876 2272 1339 739 368 1181 724 1182 2387 2131 2617 676 84 940 1686 2062 27 410 1061 1405 1730 1802 1076 1 667 709 2393 2307 2557 958 2283 1977 1003 824 1751 2428 2581 2084 289 723 2567 2139 1744 671 316 1200 689 1709 1329 1077 1399 512 2481 1995 326 1428 2120 1449 391 2061 1335 1327 450 2166 618 2498 2248 2425 1958 237 636 2233 1098 2473 2585 2273 2212 1553 1044 855 184 2370 2154 697 || mode=VB method=sk_ac_min solver=filo1 stage=post_ls ls=pyvrp iter=20
2026-03-15 22:16:11 | INFO     | [POOL #00315] 1233 1034 2589 232 2121 600 744 2456 2111 1576 141 2544 1808 78 1575 2318 577 1215 190 2240 2602 1213 1131 2470 994 785 2556 992 136 495 2447 2083 488 1282 1238 1844 2069 2386 45 1721 3 576 1056 2060 523 1890 1788 10 566 701 2108 1785 2373 183 1894 469 2403 2597 239 1577 1236 1904 354 2382 2168 782 2554 1031 1942 736 2183 2592 1807 79 515 2444 320 251 1478 314 1312 730 1062 678 1205 1177 2401 2603 2265 1893 2281 1834 1199 1433 419 929 2410 2545 2482 1548 1065 2195 222 1295 1677 1818 530 8 912 1525 1179 1871 2255 2013 2230 2576 297 1815 40 1393 968 247 2153 764 1885 89 1568 301 1082 1347 2023 461 1109 1672 1619 145 1145 61 2438 2327 284 417 1432 200 2100 816 768 2089 1679 253 70 1451 1941 1421 1007 2442 1594 2188 2210 149 96 808 582 2459 1125 1649 1107 121 1397 597 711 1969 1343 1582 || mode=VB method=sk_ac_min solver=filo1 stage=post_ls ls=pyvrp iter=20
2026-03-15 22:16:11 | INFO     | [POOL #00316] 769 2376 1957 1717 168 1171 748 1968 601 1985 216 69 2257 441 1663 1018 1804 1455 1586 687 780 1239 839 1273 1559 1069 767 1015 1574 1809 489 2361 1685 1260 1898 82 1493 799 369 1118 159 658 1470 1336 402 427 1406 2155 287 2015 2032 682 1330 2536 1386 359 2492 2266 836 5 1987 1795 2170 510 628 966 1599 258 792 2205 2476 1469 144 1726 2182 1268 1949 2292 2345 2552 979 2268 954 213 1096 632 797 2443 1388 2491 2348 2594 17 1864 957 || mode=VB method=sk_ac_min solver=filo1 stage=post_ls ls=pyvrp iter=20
2026-03-15 22:16:11 | INFO     | [POOL #00317] 520 1325 970 1955 101 864 1924 1057 879 1447 669 563 323 713 2217 1813 664 1137 228 2244 1814 2385 534 2149 2102 2463 986 586 1438 934 569 1198 1370 2259 482 1250 1445 1547 93 1403 1368 2320 2353 2263 300 882 622 1128 334 1248 1828 955 1658 2222 457 1886 571 126 2241 1371 429 2398 2407 1614 2140 1912 1960 2311 758 2197 2337 2079 214 2457 2507 1600 2551 1038 539 1771 1714 2354 2426 1378 2225 1870 15 217 2317 87 1950 1630 909 1166 1241 860 754 1882 399 302 1891 2223 2040 385 1740 68 500 1900 1234 2006 273 2081 1543 815 2308 1750 1466 889 2350 1875 1690 2176 1551 1843 414 706 703 2319 1502 2007 2029 663 1448 2502 2405 2028 261 2454 || mode=VB method=sk_ac_min solver=filo1 stage=post_ls ls=pyvrp iter=20
2026-03-15 22:16:11 | INFO     | [POOL #00318] 484 2494 1616 868 847 2078 2518 2041 2297 2452 1733 2269 2559 170 1722 1961 2088 2528 1163 1275 1769 509 1262 116 1228 2050 607 2073 1780 1790 1063 1487 54 2531 246 66 2570 898 13 1855 1928 100 2628 872 1541 1825 53 2621 1342 906 1311 188 605 436 989 964 2609 575 941 1353 1602 209 398 610 317 2114 1698 1134 164 975 2465 206 363 2547 1036 1372 445 177 541 2279 2289 1066 1316 383 2285 2346 589 561 616 1869 1419 1953 1824 1838 1232 337 1858 2180 2453 244 2237 602 579 1434 717 2336 2539 749 952 1723 1255 335 1276 158 2564 2461 2449 1542 538 1607 503 2524 1130 1280 1176 1186 1090 1308 967 913 2087 163 899 699 2505 1413 771 1482 2178 1863 1883 2446 2633 1520 644 270 977 370 1035 2090 2543 290 395 275 656 1084 146 2184 1618 1622 1929 725 2042 2468 1631 993 919 || mode=VB method=sk_ac_min solver=filo1 stage=post_ls ls=pyvrp iter=20
2026-03-15 22:16:11 | INFO     | [POOL #00319] 1391 871 1385 2001 1435 1973 2434 908 1022 1102 1605 696 881 1173 2163 2630 641 485 524 985 886 418 2033 454 2323 1286 365 1346 2422 1021 1331 2125 1703 2095 877 2251 1852 999 460 2510 1307 256 844 2574 1252 2339 1521 1967 76 2360 518 1251 1897 1505 1716 1334 936 1935 1650 2295 1954 695 2096 2486 564 1634 2144 1017 309 1338 938 2445 933 922 1324 1641 192 1688 1620 528 46 2394 1534 660 926 1952 1796 42 423 800 386 997 360 1749 1332 1094 1647 918 655 1070 75 506 1948 755 2441 521 1581 259 2045 2565 7 2209 1684 1106 1020 2622 2044 1563 1819 318 1859 1267 2103 672 639 1032 448 2431 2374 1621 1642 762 1755 584 1156 840 1193 2436 1363 268 81 2305 900 1669 608 1121 2572 2616 1165 1628 2381 406 210 1008 || mode=VB method=sk_ac_min solver=filo1 stage=post_ls ls=pyvrp iter=20
2026-03-15 22:16:11 | INFO     | [POOL #00320] 2242 1799 821 760 825 1293 1711 2498 1366 2164 763 327 618 1812 2027 1810 2166 450 1327 765 1309 462 2399 916 983 2374 2431 448 1032 1187 639 672 256 1307 2510 460 35 1573 297 2576 2230 1525 1179 1871 2255 2013 1334 1716 1505 1897 1251 1935 1650 936 2295 1954 695 2096 2486 564 1634 2144 1017 309 1338 938 1433 419 929 2410 2545 2482 1548 1065 2195 222 1295 1677 1818 530 8 912 2619 1092 458 1511 89 1568 301 1082 1347 2023 461 1109 1672 1619 145 1145 61 2438 2327 284 417 1432 200 2100 816 253 1679 768 2089 1560 2582 2016 1632 2561 1294 74 1522 282 1945 2421 325 1326 974 893 852 1523 945 853 831 1737 1678 1291 1940 1033 2474 1842 1774 1715 741 1994 574 1235 854 415 559 155 498 1746 866 182 1753 2056 835 2058 2298 596 353 2573 381 643 96 || mode=VB method=k_medoids_pyclustering solver=filo2 stage=post_ls ls=pyvrp iter=21
2026-03-15 22:16:11 | INFO     | [POOL #00321] 290 1602 436 2633 1482 913 163 2086 26 2299 2087 576 1056 2060 523 1890 1788 10 566 701 2108 1785 2373 183 1894 469 2403 2597 239 1577 1236 1904 354 2382 1796 42 423 800 386 997 360 1749 922 1324 1620 528 46 2394 1534 660 926 1952 2168 782 2554 1031 1942 736 2183 2592 1807 79 515 2444 320 251 1478 314 1312 730 1062 678 1205 1177 2401 2603 2265 1893 2281 1834 1199 192 1688 1641 933 2445 506 1948 755 2441 521 1581 2565 7 679 2439 1382 1732 2226 1204 112 790 2074 1323 1762 688 1645 514 2384 624 2101 2035 988 2343 2566 960 2383 1217 14 2540 2129 2475 67 1993 1777 1759 2329 1161 224 2303 805 1023 1051 185 1133 1139 1230 757 803 2488 1289 1157 481 1014 1504 1473 1989 1136 2448 2224 36 1872 1727 746 1402 1365 2541 753 2037 2495 12 1839 1544 557 483 426 1826 1009 || mode=VB method=k_medoids_pyclustering solver=filo2 stage=post_ls ls=pyvrp iter=21
2026-03-15 22:16:11 | INFO     | [POOL #00322] 547 2305 81 485 524 985 268 1363 886 2436 1193 840 418 2033 1156 454 2323 584 1755 762 1642 1621 1286 365 1346 2422 1021 1331 2125 1703 2095 877 2251 999 1852 247 2153 968 1393 764 1885 85 1462 1903 702 1938 818 40 1815 634 1185 2574 2537 1252 2339 1521 1967 2360 76 2622 1020 1106 2209 1684 518 2045 259 75 1070 655 918 1647 1332 1094 331 1879 1299 1803 659 1827 2119 1067 2186 39 1013 1514 2571 657 2389 1752 59 751 199 449 2274 167 1975 2162 2344 1231 127 2322 44 1545 60 105 2521 278 1877 2288 108 1964 973 2132 1229 2258 2605 276 1048 2375 1811 649 2247 572 2523 250 1468 2363 490 33 2538 1216 1418 1227 653 865 1086 2254 1791 1055 1191 1868 1635 1916 621 374 2623 257 1314 3 1721 45 2386 2069 1844 1238 1282 488 2083 2447 495 || mode=VB method=k_medoids_pyclustering solver=filo2 stage=post_ls ls=pyvrp iter=21
2026-03-15 22:16:11 | INFO     | [POOL #00323] 2530 2171 1132 298 2356 2211 1126 553 311 2515 525 1180 1866 1693 1490 705 2112 373 1110 1846 1142 791 2034 573 680 231 2218 1422 2065 181 928 1978 1781 265 951 2008 617 2514 306 925 901 1933 229 65 963 2613 1412 1724 2626 2039 580 1754 2275 2485 2066 846 194 16 2076 409 2404 2106 2409 972 1926 2122 2581 2428 1751 1977 1003 824 281 2011 1319 1253 2169 23 2030 2072 234 48 604 1101 505 466 339 991 552 590 516 377 613 593 1464 2216 186 308 962 629 773 1656 1566 1981 2357 1655 2104 1354 1497 2415 549 2586 1683 1305 685 104 704 1184 1507 1444 240 961 1854 1536 1671 2333 1178 2123 606 280 1453 822 745 135 578 876 1244 513 1731 1278 1420 537 648 1417 2082 1002 1956 591 2349 2238 2080 173 2513 733 1414 692 2338 72 710 1927 1491 2201 || mode=VB method=k_medoids_pyclustering solver=filo2 stage=post_ls ls=pyvrp iter=21
2026-03-15 22:16:11 | INFO     | [POOL #00324] 2454 261 2502 1448 455 2359 697 2154 1259 107 2262 851 166 2021 2408 1841 1008 464 2405 2028 30 1409 1343 2608 352 507 1025 303 1782 1766 2433 91 1357 236 1426 568 264 1160 1480 376 902 2019 2239 2110 583 1593 1910 1909 6 379 1398 837 1820 2577 1214 388 668 784 407 787 2625 1510 2558 387 1290 1041 413 1140 947 1360 467 2591 1598 2250 729 90 1441 1537 1682 344 1845 2487 674 554 1603 1988 2286 1779 1862 || mode=VB method=k_medoids_pyclustering solver=filo2 stage=post_ls ls=pyvrp iter=21
2026-03-15 22:16:11 | INFO     | [POOL #00325] 636 237 1958 2425 2248 1152 1269 1800 294 442 2048 1159 153 345 391 1449 2061 1335 1428 2120 326 1995 2481 512 1399 1077 2301 1351 313 1431 646 2419 479 1901 1517 1168 148 227 598 1267 2103 1859 844 2417 103 318 1819 2527 1192 1563 38 2044 410 27 2062 1686 940 84 676 2617 2131 2387 724 1182 739 368 1181 802 2193 2052 1610 833 1991 1339 2272 1876 1747 677 599 667 709 1 2393 2283 958 2557 2307 2160 1076 1802 1730 1405 1061 2532 1175 262 2142 1664 1708 2084 289 723 2567 2139 1744 671 316 178 1745 2196 329 2252 1411 1452 364 984 1498 1261 2130 1739 431 1775 1200 689 1709 1329 1944 1997 1380 535 86 1597 1513 2519 956 722 2316 1770 260 917 743 1197 1524 497 684 315 2070 2246 245 2489 175 856 2580 1546 1600 15 1149 889 1569 || mode=VB method=k_medoids_pyclustering solver=filo2 stage=post_ls ls=pyvrp iter=21
2026-03-15 22:16:11 | INFO     | [POOL #00326] 769 2376 1957 1717 2443 797 168 1171 748 1968 601 1985 632 216 69 1096 954 213 64 2182 1469 144 1726 2476 1268 1949 2292 2345 2268 979 2552 2257 441 1663 1018 1804 1455 1586 687 780 1239 839 1273 1559 1069 767 1015 1574 1341 1138 2315 1260 1898 1685 2361 1809 489 82 1493 1118 369 799 1795 2170 1987 5 510 628 2205 792 258 1599 966 1124 118 2135 2610 358 836 2492 2266 658 159 1470 1336 402 427 1406 2155 287 2015 2032 682 1330 2536 1386 359 421 946 812 63 1847 819 296 1111 1242 2302 1146 1666 1154 1508 349 130 243 102 884 640 1831 292 73 279 252 1675 2424 1237 2 1210 914 1639 883 1974 1395 1043 1584 1333 614 238 1281 1984 735 1554 2358 2235 1320 2451 1277 2018 233 776 486 544 432 1437 1388 2491 2348 1920 || mode=VB method=k_medoids_pyclustering solver=filo2 stage=post_ls ls=pyvrp iter=21
2026-03-15 22:16:11 | INFO     | [POOL #00327] 1965 2294 235 2365 1153 1706 51 1097 810 1155 2553 293 796 1190 2271 1080 2462 1694 626 19 2175 2024 2483 698 1218 1558 1151 25 447 43 1361 366 2312 109 1888 2624 2046 1064 662 1423 1867 1164 1787 1601 411 859 1078 890 2284 1895 2484 1654 1720 1143 1836 2107 1240 2219 189 422 263 1172 110 1120 2342 180 2245 420 2563 357 978 904 2067 1359 2020 470 2584 1135 2093 1651 1860 2555 1387 2479 1303 2352 1503 1484 1570 1310 1906 1633 529 2332 2134 2116 355 715 2192 115 2611 931 2321 1474 1081 857 1884 408 2511 1408 2055 2105 2455 400 2478 982 1027 142 2362 502 2206 2497 2366 842 1224 2477 772 2328 930 1501 1005 1937 473 2282 690 2143 2002 778 1840 28 1300 1638 543 1150 2012 1509 2500 220 809 2601 2578 1379 1100 1030 || mode=VB method=k_medoids_pyclustering solver=filo2 stage=post_ls ls=pyvrp iter=21
2026-03-15 22:16:11 | INFO     | [POOL #00328] 1648 1274 2146 1636 2276 1955 101 864 1924 1057 879 1447 669 323 563 713 2217 1813 664 1137 228 2244 1814 2385 273 2081 2006 1543 2308 1750 1466 2350 1875 815 1992 896 77 1340 134 895 1533 1625 880 1830 2148 1127 106 133 68 1740 500 1900 1234 1370 1198 595 569 934 586 1438 1471 1667 2334 2259 482 1936 1250 1445 827 1595 2026 2509 2270 1053 29 1519 71 487 1483 1375 1207 2127 2369 1450 1932 1659 361 2022 401 2516 1661 633 2340 642 2118 2092 806 392 2471 2437 1257 775 1580 1297 915 2458 585 1535 403 892 2227 124 2372 1202 1148 807 341 2549 1857 123 1376 508 2435 215 1222 1367 475 2347 2141 1283 2392 986 2463 2102 2149 534 1415 1835 2427 2607 1042 1486 2310 691 1662 1226 18 1112 2236 1039 2562 1425 2550 161 1741 2189 || mode=VB method=k_medoids_pyclustering solver=filo2 stage=post_ls ls=pyvrp iter=21
2026-03-15 22:16:11 | INFO     | [POOL #00329] 1582 711 1917 597 179 1768 2517 424 1258 1644 1147 907 2157 603 1817 1527 582 2599 808 201 2043 1783 2163 900 504 2233 2569 1710 1562 1481 1196 136 2524 1130 1280 1176 1186 2505 1413 771 1769 509 1090 1308 699 967 899 1262 116 1228 2050 607 898 1855 13 2570 66 1440 132 2213 2429 2388 246 2073 2531 54 1487 1063 1780 1790 304 1921 2181 1611 434 2632 2604 1288 1465 995 463 477 2253 2379 204 2588 1037 1939 1934 1763 1071 752 439 1488 138 171 811 157 1674 2450 1317 1208 2341 1256 1001 594 959 2296 1784 1743 2145 362 397 1578 1515 404 451 891 208 1304 1943 2126 545 645 2331 147 218 2249 1918 2390 2368 2432 307 1287 1264 1301 1928 1298 720 100 2628 923 558 493 1050 2150 2025 872 1541 1275 1163 140 226 2232 1646 380 1246 2221 1265 2088 1961 1564 2047 137 241 1999 372 2543 1583 2098 1556 2494 484 1233 || mode=VB method=k_medoids_pyclustering solver=filo2 stage=post_ls ls=pyvrp iter=21
2026-03-15 22:16:11 | INFO     | [POOL #00330] 2595 910 700 62 2042 725 1929 1622 1618 2184 146 1084 656 1372 445 177 541 2279 2289 2465 975 164 1134 1869 616 1419 1953 1824 1838 1232 337 1858 2180 2453 244 2237 602 2609 964 989 579 1434 1520 2539 749 952 1723 2336 717 577 190 1215 1255 335 2446 1276 158 2602 1213 2240 1966 1905 990 31 1596 737 849 2280 2290 1719 1116 2077 1805 873 2009 1886 126 571 921 299 1591 156 609 2174 779 1518 1131 2470 994 785 2556 992 503 1607 538 1542 2449 2461 2564 1863 2178 1883 1825 53 2621 1342 2528 906 1311 188 644 605 270 977 941 575 1353 370 1035 209 398 610 2090 317 2114 1698 206 363 2547 1036 275 395 2269 1733 2452 2297 2041 2518 2078 847 868 1616 2468 1631 393 1665 1467 1407 1034 114 494 || mode=VB method=k_medoids_pyclustering solver=filo2 stage=post_ls ls=pyvrp iter=21
2026-03-15 22:16:11 | INFO     | [POOL #00331] 21 2412 288 1219 55 1579 428 1681 2190 1736 832 1427 1000 1539 1851 1350 1383 823 2314 1976 255 1718 848 980 727 1689 2017 1167 1479 2036 2185 2501 786 1902 562 817 1617 2202 874 1786 1892 2071 531 2598 1653 694 592 340 1572 20 1823 829 1489 2204 1313 120 949 1492 750 2503 1833 1676 1296 1394 843 1457 2629 781 686 1245 2596 2152 371 774 211 1123 1887 1549 1446 1059 903 1477 615 935 92 976 2038 319 1068 390 838 1396 1889 1322 625 1201 1024 1793 734 248 1203 747 1495 1792 1302 202 249 1476 56 274 869 2560 453 151 478 2414 2472 1919 1946 154 1073 1609 1801 2177 1243 845 2277 1687 588 638 2615 1006 269 83 111 1652 1506 841 1088 1463 2504 285 1660 2057 1049 286 828 548 205 430 637 452 1060 1531 438 1922 1285 540 1701 2430 2587 1637 2535 1587 1734 1643 1983 143 1722 542 1141 170 2559 1045 1913 2264 || mode=VB method=k_medoids_pyclustering solver=filo2 stage=post_ls ls=pyvrp iter=21
2026-03-15 22:16:11 | INFO     | [POOL #00332] 520 1325 1728 970 663 2029 2007 1502 2319 703 414 706 1103 987 1551 1843 1461 2172 1704 2176 1690 49 94 1410 2378 1249 905 2370 184 1174 1911 2010 830 666 416 1832 378 2627 820 443 412 1923 385 2040 2223 1547 93 1403 1368 2320 1429 399 302 1891 1882 754 2396 2138 230 1029 1691 41 714 346 191 2005 2330 267 2225 1870 1378 2426 2354 1714 1771 217 2317 87 1950 539 1038 2551 2507 2457 214 2079 2337 2197 1075 1700 2173 738 1019 1169 2064 338 58 1129 550 1085 581 2499 2278 761 433 1914 1873 1328 1628 2381 456 1758 2542 2000 1865 406 210 1108 1195 944 219 708 533 1012 2159 1271 1165 2616 1102 1605 1022 908 1973 731 2156 1435 527 1122 1649 2001 2014 1947 2534 47 871 1391 1848 1969 862 2480 || mode=VB method=k_medoids_pyclustering solver=filo2 stage=post_ls ls=pyvrp iter=21
2026-03-15 22:16:11 | INFO     | [POOL #00333] 1772 2594 17 826 1915 2335 2187 611 627 1306 813 1526 2128 1223 1874 719 971 894 291 2109 1996 2464 330 1381 647 165 1442 1144 2133 798 885 661 1980 920 480 863 2049 2231 1789 1778 375 511 2618 196 1392 272 878 1764 707 1971 459 2496 1908 1907 1604 57 1532 1986 98 2520 1962 567 718 943 193 2304 37 322 1589 2306 1054 942 2490 683 2325 756 197 1093 1369 721 783 1712 1853 2031 1170 630 2229 2059 1529 425 2137 2575 242 1767 1040 152 1550 1459 789 336 652 389 2416 169 2529 1443 888 1194 742 150 2256 1829 2380 1585 1162 2147 1970 937 2402 2151 396 570 728 444 333 2397 394 1074 2117 2406 2091 2004 2420 924 310 587 122 1117 1592 80 22 2512 1115 305 435 1047 1822 793 2526 532 129 1705 993 919 1864 957 || mode=VB method=k_medoids_pyclustering solver=filo2 stage=post_ls ls=pyvrp iter=21
2026-03-15 22:16:11 | INFO     | [POOL #00334] 681 203 1680 2208 996 612 546 2075 1158 1881 1460 565 998 1344 2525 1028 2533 1528 1349 932 1072 1798 1114 1702 1673 1794 2063 405 2313 1880 665 1552 266 1052 131 1089 1212 1606 2207 1861 343 1494 9 1270 1279 2113 1263 2612 1356 1189 1729 670 2085 328 2467 1776 499 465 804 673 117 342 536 2469 1821 1748 1364 2267 1345 2309 1011 519 651 1119 2051 850 1458 97 1225 2423 125 2546 1571 555 50 1389 254 472 1925 1362 446 2324 1010 2198 2614 2200 4 162 2418 351 99 1284 1657 2355 2243 635 969 2326 1760 2260 526 619 1374 2508 1998 2371 2191 1742 2136 650 1247 2364 1485 770 1400 2400 1254 1004 2579 740 1735 139 1315 440 384 2631 1979 2161 788 1183 1105 2199 1516 1696 1699 1377 1220 887 1931 1266 350 1496 522 1475 1930 712 1404 2203 1963 1436 1016 1188 128 1738 867 295 || mode=VB method=k_medoids_pyclustering solver=filo2 stage=post_ls ls=pyvrp iter=21
2026-03-15 22:16:11 | INFO     | [POOL #00335] 623 1095 2593 2548 1046 348 1358 560 1079 1099 2589 2440 1797 953 232 2121 2234 1990 600 277 2583 176 744 2456 1066 1316 383 2111 2285 561 589 2346 1576 141 2544 1500 2620 950 1355 52 221 2466 271 1540 1454 1808 1982 654 1567 2300 1512 356 1972 212 1837 875 1816 501 2214 1575 78 2228 2003 1773 2377 2167 1390 2318 2522 492 2568 1590 2261 1211 1209 1588 474 1856 1640 2158 726 2220 1565 882 300 2263 2353 622 1128 334 860 1241 1166 1630 909 1248 1828 955 1658 1472 2222 457 2241 1371 429 2398 2407 1614 2140 1912 1629 1026 675 2411 1960 2311 758 965 1098 2473 1206 1669 1761 608 1121 174 2585 198 814 2273 858 2212 855 1044 1553 1959 2572 696 881 1173 2054 2097 1352 149 2210 468 2493 437 283 70 1451 1941 1421 1007 2442 1594 2188 641 2630 2459 1125 2434 1385 34 1107 121 1397 2291 119 496 || mode=VB method=k_medoids_pyclustering solver=filo2 stage=post_ls ls=pyvrp iter=21
2026-03-15 22:16:11 | INFO     | [POOL #00336] 870 801 160 1104 471 1878 2413 1899 981 1272 347 1627 1083 324 897 911 1670 2391 1695 88 1612 2590 1757 2068 312 1697 2165 716 2194 367 766 1624 939 2351 777 1615 1292 620 225 1555 1765 2293 11 1951 207 382 948 2606 1384 1692 476 551 1456 2115 2179 732 1896 332 1424 2287 1373 172 1087 2053 517 1613 1337 556 2506 2099 2460 1608 834 1626 927 1221 195 1725 794 187 1623 2600 1806 1561 1557 95 631 2094 1401 1707 1849 1348 2124 32 113 861 491 1058 1538 1668 795 223 1756 1530 1321 2215 1091 1499 1113 1416 2367 2395 693 24 1850 759 1713 1439 321 1318 1430 || mode=VB method=k_medoids_pyclustering solver=filo2 stage=post_ls ls=pyvrp iter=21
2026-03-15 22:16:11 | INFO     | [POOL #00337] 870 801 160 1104 471 1899 1878 2413 2500 220 2578 2601 1379 809 1150 2012 1509 2143 690 2282 473 312 2068 1757 2590 1695 88 2391 1612 2194 716 1697 2165 367 939 2351 777 1615 1292 620 225 1384 1692 476 551 1456 2115 2179 732 1896 332 2053 1087 517 1613 172 1373 1424 2287 1623 2600 1557 1561 1806 357 978 904 2067 1359 2020 470 2584 1135 2093 1651 1860 2555 1387 2479 1303 2352 1503 1484 1570 1310 1906 1633 529 2332 2134 355 2116 2321 931 2611 715 2192 115 2606 948 382 207 1951 2105 2055 1408 2455 400 11 2293 1765 1555 502 2206 2497 2366 842 1937 1224 1005 1501 772 930 2328 2477 2362 142 1027 2478 982 778 2002 1840 28 1300 1638 543 1985 601 1968 632 748 1171 168 797 2443 1717 1100 1030 1957 2376 769 || mode=VB method=sk_kmeans solver=filo2 stage=post_ls ls=pyvrp iter=22
2026-03-15 22:16:11 | INFO     | [POOL #00338] 1920 1388 681 203 1680 64 213 1096 216 69 954 2268 979 2345 2552 2257 441 1663 1018 1804 1455 1586 687 780 1239 1273 839 2511 408 1474 1081 857 1884 1341 1138 2315 1260 1898 1685 2361 1809 489 82 1493 1118 369 799 1795 2170 1987 5 836 2492 2266 658 159 1470 1336 402 427 1406 2155 287 2015 2032 682 1330 2536 1386 359 2135 2610 358 118 1124 510 628 966 1599 258 792 2205 1015 767 1574 1559 1069 2292 1949 1268 2476 1726 2182 144 1469 546 612 996 2208 486 544 432 1437 || mode=VB method=sk_kmeans solver=filo2 stage=post_ls ls=pyvrp iter=22
2026-03-15 22:16:11 | INFO     | [POOL #00339] 1582 1343 1969 1848 1391 711 179 597 1917 871 1397 1768 2517 47 2534 121 1947 2014 1107 34 1385 2408 1841 2021 166 851 210 1108 2000 1865 406 1649 1122 527 1435 2156 731 1973 2434 908 1022 1102 1605 881 696 2616 1165 1271 2159 1873 1328 1628 2381 456 1758 2542 219 533 2378 1410 1249 94 2176 1690 1551 1843 987 563 323 669 2562 1425 1741 2189 || mode=VB method=sk_kmeans solver=filo2 stage=post_ls ls=pyvrp iter=22
2026-03-15 22:16:11 | INFO     | [POOL #00340] 494 114 2468 2042 2589 2440 2234 277 2583 508 1376 2435 807 1148 1202 2372 124 2471 2437 403 1535 585 2458 915 1297 1580 775 1257 392 806 2092 2118 642 2340 633 1661 2022 361 1659 1932 1450 2369 2300 1567 654 1512 356 2214 501 1816 875 474 1856 2280 849 1905 1966 2240 990 737 1596 31 1209 1211 2261 1588 1837 212 1972 1207 2127 1375 1483 487 71 1053 2270 2509 2026 827 1595 1445 1250 1936 482 2259 2334 1667 892 2227 2392 1283 2141 475 1415 1662 18 1797 1099 560 || mode=VB method=sk_kmeans solver=filo2 stage=post_ls ls=pyvrp iter=22
2026-03-15 22:16:11 | INFO     | [POOL #00341] 2111 78 1575 1590 1213 2602 495 2083 1282 1238 2069 1844 257 1314 3 1721 2386 45 576 1056 2060 523 2523 250 1468 2363 490 33 2538 1216 1418 1227 653 865 1086 1289 973 2132 1229 2258 2605 276 1048 2375 1811 649 2247 572 1890 1788 10 566 701 2108 1785 2373 183 1894 469 1807 79 2592 2183 1031 2554 782 2168 1796 2382 354 1904 1236 2403 2597 239 1577 167 1975 2162 2344 449 2274 1752 59 751 199 1231 127 2322 44 1545 2475 2129 2540 14 1217 2383 960 1013 1514 2571 657 2389 39 2186 1067 2119 1803 659 1827 2101 2035 988 2343 2566 67 1993 2521 105 60 278 1877 2288 108 1964 185 1133 1139 1230 757 803 2488 481 1157 1504 1014 1989 1136 1244 513 2448 1473 2224 36 1872 1727 1791 1055 1191 2254 1868 1635 621 374 1916 746 1402 1365 2541 2623 488 2447 1481 609 1472 1882 1471 || mode=VB method=sk_kmeans solver=filo2 stage=post_ls ls=pyvrp iter=22
2026-03-15 22:16:11 | INFO     | [POOL #00342] 2595 910 700 348 1039 1813 664 1137 228 2244 1814 2385 273 2081 1543 2006 1234 1900 500 1740 385 1923 412 41 714 346 191 267 2064 2273 2585 1761 1206 2473 1098 1075 1700 2173 738 1714 2354 217 2317 87 1950 1630 909 1166 1241 860 334 1128 622 1248 1828 955 1658 2222 539 1038 457 2551 2507 214 2337 2197 758 1960 1912 2140 1614 2398 2407 1371 126 571 921 2530 1591 156 2556 2470 1131 1518 2201 873 2009 1805 2077 2220 726 2158 1640 1565 882 300 2263 2353 2320 1429 1368 1403 93 2223 2040 1891 302 399 754 2396 2138 230 1029 1691 820 443 2627 378 1832 1149 2148 1830 1127 106 133 68 1370 1198 569 1438 586 934 595 2463 2102 2149 534 1835 2427 2607 1042 1486 1112 2236 1358 1046 2548 2593 1095 1648 || mode=VB method=sk_kmeans solver=filo2 stage=post_ls ls=pyvrp iter=22
2026-03-15 22:16:11 | INFO     | [POOL #00343] 520 2454 1409 30 2028 2405 2502 464 1448 970 1955 101 864 1924 1057 879 1447 713 2217 2350 1875 889 1466 1750 2308 815 1340 77 895 1533 880 1911 184 2278 2499 581 1085 1129 855 1044 1553 2212 858 174 1121 1173 2459 582 1527 1125 1817 603 583 2110 1593 1910 1909 6 379 1398 837 1820 2577 1214 388 668 784 407 787 2625 1510 387 2558 1867 1064 662 1423 1164 1787 1601 411 859 1078 890 2284 1895 2484 1654 1720 1143 1836 2107 1240 2219 189 422 263 1172 110 1120 2342 180 2245 420 2563 95 631 2094 1401 1707 1849 1348 2124 32 113 861 491 1058 794 187 1725 195 1221 927 1626 834 1337 556 2506 1608 2099 2460 1624 766 1416 1113 2395 2367 693 1850 24 1083 324 1627 897 911 1670 347 1272 981 1318 1430 1153 1706 51 1097 2286 1988 || mode=VB method=sk_kmeans solver=filo2 stage=post_ls ls=pyvrp iter=22
2026-03-15 22:16:11 | INFO     | [POOL #00344] 1915 129 2187 1047 1115 1045 2559 22 80 1592 1117 122 587 1983 1643 310 924 2420 1734 2221 1246 380 1646 2232 226 140 1163 1050 493 2150 2025 872 1275 1541 1825 1883 1863 2178 1482 2564 2461 2449 1542 538 1607 503 2524 1130 1280 136 1176 1186 2505 1413 771 1769 509 116 1262 1090 1308 699 967 899 913 163 2087 2299 26 2086 734 248 1203 747 1495 1792 1302 202 1476 249 2604 2632 434 1611 1939 1934 2181 1921 304 1790 1780 1063 2531 54 1487 1763 1071 752 439 1488 2432 307 1287 1264 1301 2213 132 2429 1440 2388 246 2073 66 2570 13 1855 898 607 2050 1228 1928 100 2628 923 558 720 1298 452 637 430 548 828 205 1060 1531 438 1922 1285 540 1701 2430 2587 1637 2535 1587 1265 2088 1961 1564 542 241 137 1999 2090 317 2114 290 1733 2452 2297 2041 2078 2494 393 1233 || mode=VB method=sk_kmeans solver=filo2 stage=post_ls ls=pyvrp iter=22
2026-03-15 22:16:11 | INFO     | [POOL #00345] 826 1705 2335 793 435 305 2512 170 1141 143 1722 2047 977 270 436 605 579 1434 2336 717 577 190 1215 1255 335 2446 1723 952 749 2539 2633 1520 644 188 1311 906 2528 1342 2621 53 1276 158 994 785 992 1196 426 483 557 1544 2495 2037 753 591 1956 1002 2082 1417 648 1731 537 1420 1278 181 928 1978 876 578 135 745 822 1453 280 606 2123 1178 2333 1671 1536 1854 961 240 1444 1507 1184 704 104 1656 629 773 805 1023 1051 2303 224 1161 2329 1759 1777 624 2384 514 1645 688 1464 2216 186 308 962 1566 1981 2357 1655 516 377 613 593 552 991 590 2415 549 1497 1354 2104 685 1305 1683 2586 2030 23 617 2008 951 265 1781 901 1933 229 65 963 2065 1422 2218 231 680 791 2034 573 1490 2238 2349 12 733 2338 710 1927 1826 1491 1009 299 2174 779 1719 2290 1116 1519 29 2347 215 1222 1367 2310 691 1226 1990 953 1929 62 623 || mode=VB method=sk_kmeans solver=filo2 stage=post_ls ls=pyvrp iter=22
2026-03-15 22:16:11 | INFO     | [POOL #00346] 1965 2294 235 2365 321 1439 1713 759 2271 1080 2462 1694 626 19 2175 1499 1091 2215 1321 1530 1756 1538 1668 795 223 1558 1218 698 2483 2024 1151 25 447 43 1361 366 2312 109 1888 2046 2624 1598 2591 2250 729 90 1441 1537 293 796 1190 2553 1155 810 344 1682 1845 2487 674 554 1603 507 352 1025 303 1766 1782 467 1360 947 1140 413 1041 1290 376 902 2239 2157 907 2001 1147 1644 1258 424 2019 1480 1160 264 568 1426 236 1357 91 2291 2433 119 496 2608 862 2480 1779 1862 || mode=VB method=sk_kmeans solver=filo2 stage=post_ls ls=pyvrp iter=22
2026-03-15 22:16:11 | INFO     | [POOL #00347] 2491 295 2018 2451 1681 1736 1427 1831 1539 1851 1976 848 980 1606 2207 1861 343 1494 9 1270 2612 1263 2113 1279 817 562 1902 786 1485 2364 1998 2371 2191 1742 2136 1247 650 1617 2202 1786 874 2071 1892 1345 2267 2309 1011 519 651 1119 2051 850 1458 97 1225 2423 125 2546 1571 555 50 718 567 1962 193 943 2304 1040 152 2615 638 588 1687 2277 1243 845 2229 2059 630 1170 2031 1853 1712 783 425 1529 2137 2575 242 1767 37 322 1589 2306 1054 942 2490 683 2325 756 197 721 843 1394 1457 2629 781 686 1245 2596 1549 1887 1123 211 774 371 2152 1296 1676 1833 2503 1369 1093 750 1492 949 120 1313 2204 1489 829 1823 20 1572 340 592 694 1653 2598 531 1748 1364 1821 2469 536 342 117 673 804 465 499 1776 2467 328 2085 670 1356 1189 1729 1212 1089 131 1052 266 243 1043 1395 1584 1436 2594 || mode=VB method=sk_kmeans solver=filo2 stage=post_ls ls=pyvrp iter=22
2026-03-15 22:16:11 | INFO     | [POOL #00348] 1864 919 993 532 2526 1822 611 522 627 1306 1496 813 1526 2128 1223 1874 719 1266 350 2 1237 2424 971 894 2091 1996 2464 330 2109 1696 1516 2199 1105 1183 2161 1979 2631 384 1167 740 2579 1735 139 1315 440 920 480 863 2049 2231 1789 1778 375 511 2618 196 1392 272 878 1764 707 1971 459 2496 1908 652 389 2416 169 1006 1550 1459 789 336 2520 98 1986 1532 57 1907 1604 1389 254 472 1925 1362 446 2324 1010 2198 2614 2200 4 162 2418 351 99 1284 1657 2355 2243 635 969 2326 1760 2260 526 619 1374 2508 770 1400 1254 2400 1004 2501 2185 2036 1479 2017 1689 727 788 1718 255 2314 1350 823 1383 1552 665 1880 2313 349 1666 1154 1508 405 2063 2302 1242 1111 296 1146 819 1847 63 812 946 421 2533 1028 2525 1344 998 565 1460 1881 2075 1158 233 776 2348 || mode=VB method=sk_kmeans solver=filo2 stage=post_ls ls=pyvrp iter=22
2026-03-15 22:16:11 | INFO     | [POOL #00349] 17 21 2412 288 1219 1963 55 1333 1974 832 73 292 1000 1220 1377 291 2004 2406 2117 1074 394 2397 333 444 728 570 396 2151 2402 937 1970 2147 1162 1585 2380 2057 286 1049 1660 285 2504 1463 1088 218 2249 1918 2390 2368 138 171 811 157 1674 2450 1317 1208 2588 1037 204 2379 2253 477 463 995 1465 1288 56 274 869 2560 1059 2038 319 1068 1024 1793 1201 625 1322 1889 1396 838 390 976 92 935 615 1477 903 1446 151 453 478 2414 2472 1919 1946 154 1073 1609 1801 2177 2145 362 1743 1784 2296 959 594 1001 1256 2341 1515 1578 397 451 404 891 208 1304 1943 2126 545 645 2331 147 1506 841 1652 111 83 269 2529 1443 888 1194 742 150 2256 1829 1980 661 885 798 2133 1144 1442 165 1381 647 1699 887 1931 1675 883 2190 428 1579 1281 238 614 735 1554 1016 128 || mode=VB method=sk_kmeans solver=filo2 stage=post_ls ls=pyvrp iter=22
2026-03-15 22:16:11 | INFO     | [POOL #00350] 2097 2188 61 461 2023 1522 74 1294 2561 1632 2016 2582 1560 2089 2056 1753 182 866 1746 498 155 559 415 854 1235 574 1994 741 1715 1774 1842 2474 1033 1940 1291 1678 1737 831 853 945 1523 852 893 974 1326 325 2421 1945 282 1347 1082 301 1568 1511 458 1092 2619 912 8 530 1818 1677 1295 222 2195 1065 1548 2482 2545 2410 929 419 1433 1199 1834 2281 1893 2265 2603 2401 1177 1205 678 1062 730 1312 314 1478 251 320 2444 515 1942 736 1952 926 660 1534 2394 46 528 1620 1688 192 1641 1324 922 933 2445 938 1338 309 1017 2144 1634 564 2486 2096 695 1954 2295 1650 1935 936 2013 2255 1871 1179 1525 702 1938 1903 818 40 1393 968 247 2153 764 1462 85 1885 89 1346 365 1286 2422 1021 1331 2125 1703 2095 877 2251 1852 999 1032 448 2431 2374 1621 1642 762 1755 2489 || mode=VB method=sk_kmeans solver=filo2 stage=post_ls ls=pyvrp iter=22
2026-03-15 22:16:11 | INFO     | [POOL #00351] 1325 261 1461 1704 905 1174 814 198 675 2569 1958 2425 2248 1152 2498 618 2027 462 916 983 2419 646 479 1431 313 1351 2301 1901 1517 1168 148 227 598 1187 639 672 2103 1267 1859 256 1307 2510 460 1185 634 1815 35 1573 297 2576 2230 1716 1334 1505 1897 1251 518 2360 76 1967 1521 2339 1252 2537 2574 844 2417 103 318 1819 38 1563 2527 1192 2532 1061 1405 1730 1802 1076 2160 1175 262 2142 1664 1708 2428 2581 2084 289 723 2567 2139 1744 671 316 178 1745 2196 329 2252 1411 1452 364 984 1498 1261 2130 1739 431 1775 1200 689 1709 1329 1077 1399 512 326 2481 1995 391 1269 1800 315 2070 2246 245 2211 1414 692 72 298 856 1629 1026 2411 1600 1771 1378 2426 1870 2330 2010 1625 49 414 706 2276 1636 || mode=VB method=sk_kmeans solver=filo2 stage=post_ls ls=pyvrp iter=22
2026-03-15 22:16:11 | INFO     | [POOL #00352] 161 2550 1103 1992 896 134 830 666 416 2005 2225 15 2457 2311 1710 1546 2580 175 684 373 1110 1846 1142 917 260 1770 2316 2485 2066 2275 1754 580 2039 2626 1724 1412 2613 925 306 2514 1253 1319 2169 2011 2072 234 48 604 1101 505 339 466 1991 833 1610 2052 2193 802 1762 1323 2074 790 112 1204 2226 331 1879 1299 42 423 800 386 997 360 1749 1332 1094 1647 918 655 1070 75 506 1948 755 2441 521 1581 259 2045 2565 7 679 2439 1732 1382 676 84 940 1686 2209 1684 1106 1020 2622 2044 410 27 2062 2617 2131 2387 1182 724 1181 368 739 1339 2272 1876 1747 677 599 667 709 1 2393 2307 2557 958 2283 1977 1003 1751 824 281 2122 1926 972 2409 2106 2404 409 2076 16 846 194 1997 1944 1380 535 86 1597 1513 2519 722 956 743 1524 1126 2356 1132 1562 2171 429 2241 1886 1547 986 1079 || mode=VB method=sk_kmeans solver=filo2 stage=post_ls ls=pyvrp iter=22
2026-03-15 22:16:11 | INFO     | [POOL #00353] 1274 2146 1569 663 2007 455 1008 2359 697 1502 2319 2154 1259 107 2262 1195 944 708 1012 1914 433 1959 2572 608 1669 900 504 547 81 2305 2630 2163 2054 1783 2043 201 808 2599 96 643 381 2573 353 596 2298 2058 835 253 1679 768 816 2100 200 1594 2442 1007 1421 1941 1451 70 283 437 2493 468 2210 149 1352 641 485 524 985 268 1363 886 2436 1193 840 418 2033 284 417 1432 2327 2438 1109 1145 1672 1619 145 454 1156 2323 584 2399 1309 765 1810 2166 450 1327 2061 1335 1428 2120 1449 345 153 1197 2112 705 1866 1180 525 1693 2080 1839 2513 173 311 553 2515 497 1159 2048 442 294 1812 327 763 2164 1366 1293 1711 825 760 821 1799 237 636 2242 2233 965 2079 1019 1169 338 58 550 761 2370 2172 703 2029 1728 || mode=VB method=sk_kmeans solver=filo2 stage=post_ls ls=pyvrp iter=22
2026-03-15 22:16:11 | INFO     | [POOL #00354] 957 1034 1407 1467 1665 484 1631 1616 868 725 847 1622 1618 2184 232 2121 600 176 744 2456 1066 1316 383 164 2465 975 1698 1134 1869 616 1419 1953 52 221 1355 950 2620 1500 2544 141 1576 2346 589 561 2285 1857 123 2549 341 2516 401 1454 1982 1808 1540 271 2466 2228 2003 1773 2377 1390 2167 1858 2318 2522 492 2568 2180 2453 244 2237 602 964 989 2609 575 941 1353 1232 337 1824 1838 1602 370 1035 209 398 610 372 2543 1583 2098 1556 2269 395 275 1036 2547 363 206 2279 2289 541 177 445 1372 656 1084 146 2518 1913 2264 2203 1404 712 1930 1475 1639 914 1210 252 279 640 884 102 130 1794 1673 1702 1114 1798 1072 932 1349 1528 1984 2358 2235 1320 1277 1188 1738 867 1772 || mode=VB method=sk_kmeans solver=filo2 stage=post_ls ls=pyvrp iter=22
2026-03-15 22:16:11 | INFO     | [POOL #00355] 1680 64 546 2075 1124 118 2610 359 946 812 63 1847 819 1666 1154 1508 349 2313 1880 665 1552 266 1052 131 1089 1212 1729 1189 1356 670 2085 328 2467 1776 499 465 804 673 117 342 536 2469 2598 531 1653 694 592 340 1572 829 1489 2204 1313 120 949 1492 750 1093 1369 2503 1833 1676 1296 2629 781 686 1245 2596 2152 371 774 211 1123 1887 1549 1446 1059 903 1477 615 935 92 976 2038 319 1068 390 838 1396 1889 1322 625 1201 1024 1793 734 2086 26 2299 248 1203 747 1495 1792 1302 202 249 1476 56 274 869 2560 453 151 478 2414 2472 1919 1946 154 1073 1609 1743 1784 2296 959 594 1001 1256 2341 1578 1515 1304 1943 2126 545 645 2331 147 1506 841 1652 111 83 1088 1463 2504 285 1660 742 150 2256 1829 1162 937 1970 1531 438 1922 1285 540 1701 2430 2587 1637 2535 1587 1734 1643 1983 143 1141 2543 1583 2098 1556 1913 2264 || mode=RB method=sk_ac_min solver=filo2 stage=post_ls ls=pyvrp iter=23
2026-03-15 22:16:11 | INFO     | [POOL #00356] 2480 862 2608 496 119 2291 1969 1848 711 1917 597 179 1397 47 2534 1947 2014 1385 210 406 1865 2000 1195 2542 219 708 944 2262 2378 1410 94 49 1249 905 1625 880 830 2010 1911 184 1174 2330 267 2005 191 346 714 41 1691 1029 860 1241 1166 909 1630 1950 87 2317 539 1038 2551 1600 2507 2457 214 1771 217 15 2354 1714 2426 1378 1870 2225 2064 338 58 1129 550 1085 581 2499 2278 433 1914 1873 2159 1271 1165 2616 1102 1022 908 1628 2381 1758 456 1122 1649 527 1435 2156 2110 583 1593 1910 1909 6 379 1398 837 1820 2577 1214 388 668 784 407 787 2625 1510 2558 387 1290 376 902 1480 568 1426 236 1357 91 2433 352 507 1779 || mode=RB method=sk_ac_min solver=filo2 stage=post_ls ls=pyvrp iter=23
2026-03-15 22:16:11 | INFO     | [POOL #00357] 1388 1437 432 486 2208 996 612 1158 1881 1460 565 998 1344 2525 1528 1349 932 1072 1114 1798 2302 1242 1111 296 1146 405 2063 1794 640 884 102 130 243 1383 823 1350 2314 1976 848 980 1606 2207 1861 343 1494 9 1270 2612 1263 2113 1279 817 562 1902 786 1485 2364 1998 2371 2191 1742 2136 1247 650 1617 2202 1786 874 2071 1892 1821 1748 1364 2267 1345 2309 1011 519 651 1119 2051 850 1458 20 1823 97 1225 2423 125 2546 1571 555 50 1389 254 472 1925 1362 446 2324 1010 2198 2614 2200 4 162 2418 351 99 1284 1657 2355 2243 635 969 2326 1760 2260 526 619 1374 2508 770 1400 1254 2400 1004 2501 2185 2036 1479 2017 1689 727 788 1718 255 1851 1539 1000 1831 292 73 1427 1673 1702 1043 1395 1333 614 238 1281 1984 735 1554 2358 2235 1320 2451 1277 2018 233 776 544 295 2491 || mode=RB method=sk_ac_min solver=filo2 stage=post_ls ls=pyvrp iter=23
2026-03-15 22:16:11 | INFO     | [POOL #00358] 520 2454 1325 1728 970 663 2029 2007 1502 2319 703 706 1103 987 2217 1813 664 1137 228 2244 1814 2385 273 2081 1543 2006 1234 1900 500 68 1740 1370 2259 482 2223 2040 93 1891 1882 302 399 1403 1368 2320 1053 2270 2509 2026 1595 827 1445 1250 1535 585 915 2458 403 2471 2437 392 806 2092 1257 775 1580 1297 1659 361 2022 2516 633 2340 642 2118 341 2549 123 1376 508 2435 807 1148 1202 2372 124 2227 892 2334 1667 586 1438 934 569 595 2463 986 2392 1283 2141 2347 215 1222 1367 475 1415 534 1835 2427 2607 1042 1486 2310 691 1662 1226 18 1112 2236 1039 323 563 669 713 879 1057 1924 864 101 2550 161 1636 2146 1741 2189 1274 1648 || mode=RB method=sk_ac_min solver=filo2 stage=post_ls ls=pyvrp iter=23
2026-03-15 22:16:11 | INFO     | [POOL #00359] 2595 910 623 700 1095 2593 2548 1046 348 1358 560 1079 1099 2589 2440 1797 953 232 2121 2234 1990 600 277 176 744 2456 1066 1316 2111 2285 1576 2346 589 141 2544 1540 1454 1982 654 1567 356 1512 2300 2369 1450 1932 29 1519 71 487 1483 1375 2127 1207 1972 212 1816 1837 875 474 1856 1640 2158 726 2220 2077 1805 2009 873 921 571 126 2241 1886 1472 1658 955 1828 1248 622 1128 334 754 2396 230 412 1923 443 820 2627 378 1832 1149 133 106 1127 1830 1533 895 77 134 1340 815 2308 1750 1466 889 2350 1875 1690 2176 1704 2172 1461 107 166 2021 1841 2359 455 464 1448 2502 2405 2028 30 1409 1582 1862 || mode=RB method=sk_ac_min solver=filo2 stage=post_ls ls=pyvrp iter=23
2026-03-15 22:16:11 | INFO     | [POOL #00360] 957 494 114 1233 1034 1407 1467 484 1631 2468 2042 725 847 1622 1618 2184 146 1084 656 1372 445 177 541 2279 2289 2465 975 164 1869 616 1419 1953 52 221 1355 950 2620 1500 271 2466 2228 2003 1773 2377 1390 2167 1858 602 2237 244 2453 2180 2318 2522 492 2568 1590 2261 1211 1588 1209 31 1596 737 990 190 1215 577 717 1434 2336 1255 335 1276 158 2564 2461 2449 1542 538 1607 503 2524 1130 1280 136 1176 1186 2505 1413 771 1262 116 1228 2050 607 898 1855 13 2570 66 2073 246 2388 1440 2429 132 2213 1301 1928 100 2628 872 1275 1541 1825 53 2621 1342 2528 906 1311 188 644 605 436 270 977 575 941 1353 1602 1838 1824 209 398 610 2090 317 2114 1698 206 363 2547 1036 275 2297 2041 2518 2078 868 1616 393 1665 993 919 1864 || mode=RB method=sk_ac_min solver=filo2 stage=post_ls ls=pyvrp iter=23
2026-03-15 22:16:11 | INFO     | [POOL #00361] 2594 17 826 1915 1705 129 2335 532 2187 2526 793 1822 1047 435 305 1115 1045 2512 2559 170 372 1999 1035 370 137 241 542 1722 2047 1564 1961 2088 1265 2221 1246 380 1646 2232 226 140 1163 1050 2025 2150 493 923 558 720 1298 452 637 1060 205 828 548 430 1287 1264 307 2432 1488 439 752 1071 1763 1487 54 2531 1063 1780 1790 304 1921 2181 1934 1939 1611 434 2632 2604 1288 1465 995 463 477 2253 2379 204 1037 2588 1208 1317 2450 1674 157 811 171 138 2368 2390 1918 2249 218 286 1049 2057 2380 1585 2147 2402 2151 396 728 570 444 333 2397 394 1074 2117 2406 2091 2004 2420 924 310 587 122 1592 1117 1874 1223 2128 1526 80 22 813 1496 1306 627 522 611 1475 1930 712 1404 2203 1963 1436 1016 1188 128 1738 867 2348 1920 || mode=RB method=sk_ac_min solver=filo2 stage=post_ls ls=pyvrp iter=23
2026-03-15 22:16:11 | INFO     | [POOL #00362] 1772 21 288 1219 55 1579 1681 1584 1974 1736 832 252 279 1675 2424 1931 887 1220 1377 1699 1696 1516 2199 1105 1183 2161 1979 2631 384 1167 740 2579 1735 139 1315 440 1778 375 511 2618 196 1392 272 878 1764 707 1971 459 2496 1908 1907 1604 57 1532 1986 98 2520 1962 567 718 943 193 2304 1040 1767 37 322 1589 2306 1054 942 2490 197 756 2325 683 242 2575 2137 425 783 1712 721 1394 1457 843 1853 2031 1170 630 2229 2059 1529 1687 2277 845 1243 1801 2177 2145 362 397 451 404 891 208 588 638 2615 152 1550 1459 789 336 1006 652 389 2416 169 269 2529 1443 888 1194 1789 2231 2049 863 480 920 1980 661 885 798 2133 1144 1442 165 647 1381 330 2464 1996 2109 291 894 971 719 1266 350 2 1237 1210 914 1639 883 2190 428 2412 || mode=RB method=sk_ac_min solver=filo2 stage=post_ls ls=pyvrp iter=23
2026-03-15 22:16:11 | INFO     | [POOL #00363] 1343 264 1160 2019 2239 2157 603 1817 1125 1527 582 2599 808 2043 201 96 643 381 2573 353 596 2298 2058 835 2056 1753 182 1746 866 1033 2474 1715 1774 1842 2482 2545 2410 1065 1548 853 831 945 1523 852 1737 1291 1940 1678 2582 2016 1632 1560 2089 768 1679 253 816 2100 200 1432 417 284 2327 2438 61 1109 2023 1522 74 1294 2561 1326 974 893 325 2421 1945 282 1511 85 1462 1903 1938 702 458 1092 2619 912 8 530 1818 1677 1295 222 2195 929 419 1338 938 1433 1199 1834 2281 1893 2265 2603 2401 1177 1205 678 1062 1994 741 498 155 559 415 854 1235 574 730 1312 314 1478 251 79 320 2444 515 1942 736 2183 2592 1807 469 1894 183 2373 1785 2108 701 566 10 1788 1890 523 2060 1056 576 2087 163 913 899 967 699 1308 1090 509 1769 1482 2178 1863 1883 2446 1723 952 749 2539 2633 1520 579 989 964 2609 1232 337 1134 290 395 2269 1733 2452 2494 || mode=RB method=sk_ac_min solver=filo2 stage=post_ls ls=pyvrp iter=23
2026-03-15 22:16:11 | INFO     | [POOL #00364] 1391 871 121 1107 34 2001 1328 1959 2572 858 174 1121 608 1173 2163 2630 641 485 268 1363 2436 1193 840 1156 2323 1286 365 1346 2422 1021 1331 2125 1703 2095 877 2251 1852 999 460 2510 1307 256 844 2574 2537 1252 2417 103 2339 1521 1967 76 2360 518 521 1581 2565 2045 259 918 1070 75 506 1948 755 2441 2096 2144 309 1017 1634 564 2486 695 1954 2295 936 1650 1935 1251 1897 1505 1716 1334 2013 2255 1871 1179 1525 2230 2576 297 1573 35 1185 634 1815 818 40 1393 968 247 2153 764 1885 89 1568 301 1082 1347 461 1145 1672 1619 145 454 2033 418 886 985 524 2188 1594 2442 1007 1421 1941 1451 70 283 437 2493 468 2210 149 1352 2097 2054 1783 2459 881 696 1605 2434 1973 731 907 1147 1644 1258 424 2517 1768 || mode=RB method=sk_ac_min solver=filo2 stage=post_ls ls=pyvrp iter=23
2026-03-15 22:16:11 | INFO     | [POOL #00365] 769 2376 1957 1717 797 2443 681 203 632 216 69 1096 213 954 2268 1268 2182 1469 144 1726 2476 2205 792 258 1599 966 628 510 5 1987 2170 1795 799 369 159 658 2492 2266 836 358 2135 1028 2533 421 1386 2536 1330 682 2032 2015 287 2155 1406 427 402 1336 1470 1118 1493 82 489 1809 2361 1685 1898 1260 2315 1138 1341 1574 1015 767 1559 1069 1949 2292 2345 979 2552 2257 441 1663 1018 1804 1455 1586 687 780 1239 839 1273 1884 857 1081 1474 408 2511 1408 2055 2105 2455 400 2478 982 1027 142 2362 2477 772 2328 930 1501 1224 1005 690 2143 2002 778 1840 28 1300 1638 543 1985 601 1968 748 1171 168 1379 1100 1030 || mode=RB method=sk_ac_min solver=filo2 stage=post_ls ls=pyvrp iter=23
2026-03-15 22:16:11 | INFO     | [POOL #00366] 769 2376 1957 1717 797 2443 681 203 632 216 69 1096 213 954 2268 1268 2182 1726 144 1469 2476 2205 792 258 1599 966 628 510 5 1987 2170 1795 799 369 159 658 2266 2492 836 358 2135 1028 2533 359 1386 2536 1330 682 2032 2015 287 2155 1406 427 402 1336 1470 1118 1493 82 489 1809 2361 1685 1898 1260 2315 1138 1341 1884 857 1081 1474 2321 931 2611 115 2192 715 355 2116 2134 2332 529 1633 1906 1310 1570 1484 1503 2352 1303 2479 1387 2555 1860 1651 2093 1135 2584 470 2020 1359 2067 904 978 357 1806 2600 1561 1557 794 1725 187 1623 195 1221 927 1626 834 1337 556 2506 1608 2099 2460 1292 1615 777 2351 939 1624 766 367 2194 716 2165 1697 312 2068 2590 1612 88 1695 2391 1670 911 897 324 1083 1627 347 1272 981 1318 1430 || mode=RB method=sk_ac_avg solver=filo1 stage=post_ls ls=pyvrp iter=24
2026-03-15 22:16:11 | INFO     | [POOL #00367] 870 801 160 1104 471 1899 1878 2413 2500 220 2578 2601 809 1150 2012 1509 1757 473 2282 2143 690 1937 842 2366 1224 1005 1501 930 2328 772 2477 2362 142 1027 982 2478 400 2455 11 2293 1765 1555 502 2206 2497 620 225 732 1896 332 2053 1087 517 1613 172 1373 2287 1424 2115 2179 1456 551 476 1692 1384 2606 948 382 207 1951 2105 2055 1408 408 2511 1239 839 1273 1574 1015 767 1559 1069 1949 2292 2345 979 2552 2257 441 1663 1018 1804 1455 1586 780 687 778 2002 1840 28 1300 1638 543 1985 601 1968 748 1171 168 1379 1100 1030 || mode=RB method=sk_ac_avg solver=filo1 stage=post_ls ls=pyvrp iter=24
2026-03-15 22:16:11 | INFO     | [POOL #00368] 1233 393 2264 1913 1556 2098 1583 2543 372 1999 137 241 542 1722 2047 1564 1961 2088 1265 2221 1246 380 1646 2232 226 140 1163 1050 2025 2150 493 923 558 720 1298 452 1060 205 430 548 828 1918 2390 2368 2432 307 2388 246 2073 2531 54 1487 1063 1780 1790 304 1921 2181 1495 1792 747 1203 248 2299 26 2086 734 1302 202 1024 1793 1201 625 1322 1889 1396 838 390 1068 319 2038 976 92 935 615 1477 903 1059 1446 151 2414 478 453 2560 869 274 56 1476 249 1288 1465 995 463 477 2253 2379 204 2588 1037 2604 2632 434 1611 1934 1939 1763 1071 752 439 2450 1317 1208 2341 1674 1488 157 811 171 138 218 2249 286 1049 2057 2380 1585 2147 937 1970 1531 438 1922 1285 540 1701 2430 2587 1637 2535 1587 1734 1643 1983 143 1141 80 22 170 2559 2512 1115 1045 1915 || mode=RB method=sk_ac_avg solver=filo1 stage=post_ls ls=pyvrp iter=24
2026-03-15 22:16:11 | INFO     | [POOL #00369] 1772 2594 17 826 21 2412 288 1219 1963 2203 1404 712 1930 1475 1496 2 1237 350 1266 719 971 894 291 2109 1996 2464 330 1381 647 165 1442 1144 2133 798 885 661 1980 920 480 863 2049 2231 1789 1194 888 1443 2529 269 169 389 2416 652 1006 336 789 1459 1550 152 2615 638 588 1687 2277 1243 845 2229 2059 630 1170 1853 2031 686 781 2629 2152 371 774 211 1123 1887 1549 2596 1245 154 1946 1919 2472 1073 1609 1801 2177 2145 362 1743 1784 2296 959 594 1001 1256 397 1578 1515 404 451 891 208 1304 1943 2126 545 645 2331 147 1506 841 1652 111 83 1088 1463 2504 285 1660 742 150 2256 1829 1162 2402 2151 396 570 728 444 333 2397 394 1074 2117 2406 2091 2004 2420 924 310 587 122 1592 1117 1874 1223 2128 1526 813 1306 627 522 611 305 435 1047 1822 793 2526 2187 532 2335 129 1705 993 919 1864 || mode=RB method=sk_ac_avg solver=filo1 stage=post_ls ls=pyvrp iter=24
2026-03-15 22:16:11 | INFO     | [POOL #00370] 1582 1409 30 2028 2405 2502 1448 464 455 2359 1841 2021 166 107 1461 2172 1704 2176 1690 1875 2350 889 1466 1750 2308 815 1543 2006 1234 1900 500 68 1740 1370 2259 482 2223 2040 93 1403 1368 2320 399 302 1891 1882 754 2396 230 1029 1691 714 346 191 41 820 443 412 1923 2627 378 1832 1149 133 106 1127 1830 134 1340 77 895 1533 1625 880 1911 2010 830 1174 184 905 1249 49 94 1410 2378 2262 2542 1758 2381 456 1122 1649 527 1435 2156 2110 583 1593 1910 1909 6 379 1398 837 1820 2577 1214 388 668 784 407 787 2625 1510 2558 387 1290 376 902 1480 568 1426 236 1357 91 2433 352 507 1779 || mode=RB method=sk_ac_avg solver=filo1 stage=post_ls ls=pyvrp iter=24
2026-03-15 22:16:11 | INFO     | [POOL #00371] 1772 2594 17 826 1915 1705 2335 2187 611 522 627 1306 813 1526 2128 1223 350 1266 719 1874 1117 1592 122 587 310 924 2420 2004 2091 2406 2117 1074 394 2397 333 444 570 728 396 2151 2402 937 1970 2147 1162 1585 2380 2057 1049 1660 285 2504 1463 1088 83 111 1652 841 1506 147 2331 645 545 2126 1943 1304 208 891 404 451 397 1578 1515 2341 1256 1001 594 959 2296 362 2145 2177 1743 1784 2472 1919 1946 154 1073 1609 1801 1243 845 2277 1687 588 638 2615 152 2304 193 943 718 567 1962 2520 98 1986 336 789 1459 1550 1006 652 389 2416 169 269 2529 1443 888 1194 742 150 2256 1829 1980 661 885 798 2133 1144 1442 165 647 1381 330 2464 1996 2109 291 894 971 1377 1220 887 1931 2424 1675 1237 2 1496 1475 1930 712 1404 2203 1963 1219 288 2412 21 2348 1920 || mode=RB method=sk_ac_complete solver=filo1 stage=post_ls ls=pyvrp iter=25
2026-03-15 22:16:11 | INFO     | [POOL #00372] 2491 544 776 233 2018 1277 2451 1320 2235 2358 1554 735 1984 1281 238 614 1333 1584 1974 1639 914 1210 252 279 73 292 1831 1000 1539 1851 1699 1696 1516 2199 1105 1183 2161 1979 2631 384 1167 740 2579 1735 139 1315 440 920 480 863 2049 2231 1789 1778 375 511 2618 196 1392 272 878 1764 707 1971 459 2496 1908 1907 1604 57 1532 1389 254 472 1925 1362 446 2324 1010 2198 2614 2200 4 162 2418 351 99 1284 1657 2355 2243 635 969 2326 1760 2260 526 619 1374 2508 1998 2371 2191 1742 2136 650 1247 2364 1902 786 1485 770 1400 2400 1254 1004 2501 2185 2036 1479 2017 1689 727 788 1718 255 1976 2314 1350 823 1383 243 130 405 2063 1794 1673 1702 1395 1043 1114 1798 1072 932 1349 1528 2525 1344 998 565 1460 1881 1158 612 996 2208 486 432 1437 1388 || mode=RB method=sk_ac_complete solver=filo1 stage=post_ls ls=pyvrp iter=25
2026-03-15 22:16:11 | INFO     | [POOL #00373] 1233 393 2264 1913 1556 2098 1583 2543 372 1999 137 241 542 1722 2047 1564 1961 2088 1265 2221 1246 380 1646 2232 226 140 1163 1050 2025 2150 493 923 558 720 1298 452 430 548 1918 2390 2368 2432 307 2388 246 2073 2531 54 1487 1063 1780 1790 2181 1921 304 1763 752 1071 1939 1934 1611 434 2632 2604 1288 1465 995 274 56 1476 249 202 1302 1792 1495 747 1203 248 2299 26 2086 734 1793 1024 1201 625 1322 1889 1396 838 390 1068 319 2038 976 92 935 615 1477 903 1059 1446 151 2414 478 453 2560 869 477 463 2253 2379 204 1037 2588 1208 1317 2450 1674 439 1488 157 811 171 138 218 2249 286 828 205 1060 1531 438 1922 1285 540 1701 2430 2587 1637 2535 1587 1734 1643 1983 143 1141 80 22 170 2559 2512 1045 1115 305 435 1047 1822 793 2526 532 129 993 919 1864 || mode=RB method=sk_ac_complete solver=filo1 stage=post_ls ls=pyvrp iter=25
2026-03-15 22:16:11 | INFO     | [POOL #00374] 1680 64 546 2075 1124 118 2610 421 946 812 63 1847 819 296 1111 1242 2302 1146 1666 1154 1508 349 2313 1880 665 131 1089 1212 1729 1189 1356 670 2085 328 2467 1776 499 465 804 673 117 342 536 2469 1821 1364 1748 531 2598 1653 694 592 340 1572 20 1823 829 1489 2204 1313 120 949 1492 750 1093 1369 2503 1833 1676 1296 371 2152 774 211 1123 1887 1549 2596 1245 686 781 2629 1457 1394 843 1853 2031 1170 630 2229 2059 1529 425 783 1712 721 197 756 2325 683 242 2575 2137 1040 1767 37 322 1589 2306 942 2490 1054 555 50 1571 2546 125 2423 1225 97 1458 850 2051 1119 651 519 1011 2309 2267 1345 1892 2071 1786 874 2202 1617 817 562 1279 2113 1263 2612 1270 9 1494 343 1861 2207 1606 980 848 1052 266 1552 102 884 640 1427 832 1736 883 2190 1681 428 1579 55 1436 1016 1188 128 1738 867 295 || mode=RB method=sk_ac_complete solver=filo1 stage=post_ls ls=pyvrp iter=25
2026-03-15 22:16:11 | INFO     | [POOL #00375] 1425 2562 1447 1198 385 2138 2222 457 1371 429 2398 2407 1614 2140 1132 298 2356 2211 1126 553 311 2515 525 1693 1180 1866 2112 705 373 1110 1846 1142 917 260 1770 2316 2485 2066 2275 1754 580 2039 2626 1724 1412 2613 963 65 229 1933 901 925 306 2514 617 1253 1319 2169 2011 604 1101 505 466 339 991 552 590 516 377 613 593 1464 2216 186 308 962 629 773 1656 1566 1981 2357 1655 2104 1354 1497 549 2415 234 48 2072 2030 23 2586 1683 1305 685 104 704 1184 1507 1444 240 961 1854 1536 1671 2333 1178 2123 606 280 1453 951 265 2008 1781 1978 928 876 578 135 822 745 1989 1136 1244 513 1731 648 537 1420 1278 181 2065 1422 2218 231 680 791 2034 573 1490 2238 2080 173 2513 733 1414 692 2338 72 710 1562 2171 2530 299 779 1518 2290 2280 501 2214 401 1661 1857 2583 62 || mode=RB method=sk_ac_complete solver=filo1 stage=post_ls ls=pyvrp iter=25
2026-03-15 22:16:11 | INFO     | [POOL #00376] 2149 2102 1471 1936 1547 1429 2353 2263 300 882 1565 1116 1719 2201 2174 609 156 1591 1009 1491 1826 1927 483 557 1544 1839 2349 12 2495 2037 753 2541 1365 591 1956 1002 1417 2082 1402 746 1727 1872 36 2224 2448 1473 1504 1014 481 1157 1289 2488 803 757 1230 1139 1133 185 1051 1023 805 2303 224 1161 2329 1759 1777 624 2566 2343 988 2035 2101 2384 514 1645 688 1762 1323 2074 790 112 1204 2226 1732 679 2439 1382 676 84 1686 940 2617 2131 2387 724 368 739 1339 667 709 1 2393 2307 2557 958 2283 1977 1751 2428 2581 2084 289 723 2567 2139 1744 671 316 1745 178 1261 2130 1739 431 1775 1200 689 1709 1329 1077 1399 512 2481 1995 326 2120 1428 1335 2061 1449 391 345 153 1159 2048 442 294 1800 1269 1152 2248 2425 1958 237 636 2569 1629 1026 675 965 1075 2173 1700 198 814 2370 || mode=RB method=sk_ac_complete solver=filo1 stage=post_ls ls=pyvrp iter=25
2026-03-15 22:16:11 | INFO     | [POOL #00377] 261 697 2154 1259 533 1012 761 855 1044 1553 2212 2273 2585 2473 1098 2233 2242 1799 821 760 825 1293 1711 2498 1366 2164 763 327 618 1812 2027 1810 2166 450 1327 765 1309 462 2399 916 983 2419 646 479 1431 313 1351 2301 1901 1517 1168 148 1187 639 672 2103 1859 318 1819 103 2417 844 2574 2537 1252 2339 1521 2622 1020 1106 1684 2209 7 655 918 1647 1070 75 259 2045 2565 1581 521 518 2360 76 1967 1251 1897 1505 1716 1334 936 1935 1650 2295 2013 2255 1871 1179 1525 2230 2576 297 1573 35 1185 634 1815 40 818 1938 702 1903 1462 85 1511 1568 301 1082 1347 2023 461 1109 1672 1619 145 1145 61 2438 2327 284 417 1432 200 2100 816 1941 1451 1421 1007 2442 1594 2188 641 2630 2163 1173 881 696 1605 2434 1973 2001 34 1107 121 871 1391 || mode=RB method=sk_ac_complete solver=filo1 stage=post_ls ls=pyvrp iter=25
2026-03-15 22:16:11 | INFO     | [POOL #00378] 1569 2276 1955 414 1843 1551 1992 896 2148 666 416 1169 1019 738 2079 2337 2197 758 2311 2411 1960 1912 1710 1546 2580 856 175 2489 245 2246 2070 315 684 497 1524 1197 743 956 722 2519 1513 1597 86 535 1380 1944 1997 194 846 16 2076 409 2404 2106 2409 972 1926 2122 281 824 1003 599 677 1747 1876 2272 1991 833 1610 2052 2193 802 1181 1182 2062 27 410 2044 38 1563 2527 1192 2532 1061 1405 1730 1802 1076 2160 1175 262 2142 1664 1708 2196 329 1498 984 2252 1411 1452 364 227 598 1267 256 1307 2510 460 1393 968 247 2153 764 1885 89 1346 365 1286 2422 1021 1331 2125 1703 2095 877 2251 1852 999 1032 448 2431 2374 1621 1642 762 1755 584 2323 454 1156 2033 418 840 1193 2436 886 1363 268 985 524 485 81 2305 547 504 900 1669 1206 1761 608 1121 174 858 2572 1959 1914 1108 851 2408 1008 || mode=RB method=sk_ac_complete solver=filo1 stage=post_ls ls=pyvrp iter=25
2026-03-15 22:16:11 | INFO     | [POOL #00379] 1274 2189 1741 2146 1636 161 2550 101 864 1924 1057 879 713 669 563 323 1039 2236 1112 18 1226 277 2310 691 1662 1486 1042 2607 2427 1835 534 1415 475 1367 1222 215 2347 2141 1283 2392 2227 124 2372 1202 1148 807 2435 508 1376 123 2549 341 2118 642 2340 633 2516 2022 361 1659 1932 1450 2369 2127 1207 1375 1483 487 71 1519 29 1053 2270 2509 2026 827 1595 1445 1250 1535 585 2458 915 1297 1580 775 1257 2092 806 392 2437 2471 403 892 2334 1667 586 1438 934 569 595 986 2463 273 2081 2385 1814 2244 228 1137 664 1813 2217 987 1103 706 703 2319 1502 2007 2029 663 970 1728 1325 2454 520 || mode=RB method=sk_ac_complete solver=filo1 stage=post_ls ls=pyvrp iter=25
2026-03-15 22:16:11 | INFO     | 
2026-03-15 22:16:11 | INFO     | ================================================================================
2026-03-15 22:16:11 | INFO     | [XL-n2634-k17] RUNTIME SUMMARY BY STAGE
2026-03-15 22:16:11 | INFO     | ================================================================================
2026-03-15 22:16:11 | INFO     |         cluster:  666.611s (  1.8% of total runtime)
2026-03-15 22:16:11 | INFO     |              ls: 2300.591s (  6.3% of total runtime)
2026-03-15 22:16:11 | INFO     |         routing: 32786.920s ( 89.1% of total runtime)
2026-03-15 22:16:11 | INFO     |             scp: 1036.430s (  2.8% of total runtime)
2026-03-15 22:16:11 | INFO     |      total_iter: 36588.763s ( 99.4% of total runtime)
2026-03-15 22:16:11 | INFO     | 
2026-03-15 22:16:11 | INFO     | ================================================================================
2026-03-15 22:16:11 | INFO     | [XL-n2634-k17] PERIODIC SNAPSHOT SNAPSHOT_008
2026-03-15 22:16:11 | INFO     | ================================================================================
2026-03-15 22:16:11 | INFO     | Route #1: 520 2454 1325 1728 970 663 2029 2007 1502 2319 703 706 1103 987 2217 1813 664 1137 228 2244 1814 2385 2081 273 2463 986 595 569 934 1438 586 1667 2334 892 403 2471 2437 392 806 2092 1257 775 1580 1297 915 2458 585 1535 1250 1445 1595 827 2026 2509 2270 1053 29 1519 71 487 1483 1375 1207 2127 2369 1450 1932 1659 361 2022 2516 633 2340 642 2118 341 2549 123 1376 508 2435 807 1148 1202 2372 124 2227 2392 1283 2141 2347 215 1222 1367 475 1415 534 1835 2427 2607 1042 1486 2310 691 1662 1226 18 1112 2236 1039 323 563 669 713 879 1057 1924 101 864 2550 161 1636 2146 1741 2189 1274 || mode=rb method=sk_ac_complete solver=filo2 stage=post_ls ls=pyvrp iter=3
2026-03-15 22:16:11 | INFO     | Route #2: 1862 1779 507 352 2433 91 1357 236 1426 568 1480 902 376 1290 387 2558 1510 2625 787 407 784 668 388 1214 2577 1820 837 1398 379 6 1909 1910 1593 583 2110 2156 1435 527 1649 1122 456 1758 2381 1628 1328 1873 908 1022 1102 2616 1165 1271 2159 433 2278 2499 581 1085 550 1129 58 338 2064 2330 267 2005 191 1870 2225 1378 2426 1714 2354 15 217 1771 214 2457 2507 1600 2551 1038 539 1950 87 2317 346 714 41 1691 1029 2396 230 412 1923 443 820 2627 378 1832 1149 133 106 1127 1830 134 1340 77 895 1533 1625 880 1911 2010 830 1174 184 905 1249 49 94 1410 2378 2262 944 708 219 2542 1195 2000 1865 406 210 1385 2014 1947 2534 47 1397 179 597 1917 711 1848 1969 2291 119 496 2608 862 2480 || mode=rb method=sk_ac_complete solver=filo2 stage=post_ls ls=pyvrp iter=3
2026-03-15 22:16:11 | INFO     | Route #3: 957 494 114 1034 1407 1467 1665 484 1631 1616 868 2078 2518 2041 2297 275 1036 2547 363 206 1698 2114 317 2090 610 398 209 1035 370 1824 1838 1602 1353 941 575 977 270 436 605 644 188 1311 906 2528 1342 2621 53 1825 1541 1275 872 2628 100 1928 637 1287 1264 1301 2213 132 2429 1440 66 2570 13 1855 898 607 2050 1228 116 1262 771 1413 2505 1186 1176 136 1280 1130 2524 503 1607 538 1542 2449 2461 2564 158 1276 335 1255 2336 1434 717 577 1215 190 990 737 1596 31 1209 1588 1211 2261 1590 2568 492 2522 2318 2180 2453 244 2237 602 1858 2167 1390 2377 1773 2003 2228 2466 221 1355 52 1953 1419 616 1869 164 975 2465 2289 2279 541 177 445 1372 656 1084 146 2184 1618 1622 847 725 2042 2468 700 910 2595 || mode=rb method=sk_ac_complete solver=filo2 stage=post_ls ls=pyvrp iter=3
2026-03-15 22:16:11 | INFO     | Route #4: 264 1160 2019 2239 2157 603 1527 582 2599 808 2043 201 96 643 381 2573 353 596 2298 2058 835 2056 1753 182 1746 866 1940 1291 1678 1737 852 1523 945 853 831 1033 2474 1715 1774 1842 2545 2410 2482 1548 1065 929 1199 1834 2281 1893 2265 2603 2401 1177 1205 678 1062 1994 741 498 155 559 415 854 1235 574 730 1312 314 1478 251 320 2444 515 79 1807 2592 2183 736 1942 1031 2554 1904 782 2168 1952 926 660 1534 2394 46 528 1620 1688 192 1641 1324 922 933 2445 506 1948 755 2441 2096 1954 695 2486 564 1634 2144 1017 309 1338 938 1433 419 2195 222 1295 1677 1818 530 8 912 2619 458 1092 893 974 1326 325 2421 1945 282 1522 74 1294 2561 1632 2016 2582 1560 2089 768 1679 253 70 283 437 2493 468 2210 149 1352 2097 2054 1783 2459 1125 1817 731 907 1147 1644 1258 424 2517 1768 1343 || mode=rb method=sk_ac_complete solver=filo2 stage=post_ls ls=pyvrp iter=3
2026-03-15 22:16:11 | INFO     | Route #5: 2494 2452 1733 2269 395 290 1134 337 1232 2609 964 989 579 1520 2633 2539 749 952 1723 2446 1883 1863 2178 1482 1769 509 1090 1308 699 967 899 913 163 2087 576 1056 2060 523 1890 1788 10 566 701 2108 1785 2373 183 1894 469 2403 2597 1236 239 1577 167 1975 2274 449 2344 2162 2322 44 1545 127 1231 199 751 59 1752 2389 354 2382 1796 42 423 800 386 997 360 1749 1332 1094 331 1879 1299 1803 659 1827 2119 1067 2186 39 1013 657 2571 1514 960 2383 1217 14 2540 2129 2475 67 1993 2521 105 60 278 1877 2288 108 1964 973 2132 1229 2258 2605 276 1048 2375 1811 649 2247 572 2523 250 1468 2363 490 33 2538 1216 1418 1227 653 865 1086 2254 1791 1055 1191 1868 1635 1916 621 374 2623 257 1314 3 1721 45 2386 2069 1844 1238 1282 488 2083 2447 495 426 1481 1196 992 2556 785 994 2470 1131 1213 2602 2240 1966 1905 849 1575 78 1808 561 383 1929 || mode=rb method=sk_ac_complete solver=filo1 stage=post_ls ls=pyvrp iter=8
2026-03-15 22:16:11 | INFO     | Route #6: 1569 2276 1955 414 1843 1551 1992 896 2148 666 416 1169 1019 738 2079 2337 2197 758 2311 2411 1960 1912 1710 1546 2580 856 175 2489 245 2246 2070 315 684 497 1524 1197 743 2519 956 722 2316 2485 2066 2275 1754 580 2039 2626 1724 1412 2613 963 65 229 1933 901 925 306 2514 617 1253 1319 2169 2011 604 599 677 1747 1101 505 1876 2272 1339 739 1182 724 1181 368 802 2193 2052 1610 833 1991 466 339 552 991 590 516 377 613 593 1464 2216 186 308 962 629 773 1656 1566 1981 2357 1655 2104 1354 1497 549 2415 234 48 2072 2030 23 2586 1683 1305 685 104 704 1184 1507 1444 240 961 1854 1536 1671 745 1989 1136 1244 513 1731 537 648 1417 2082 1002 1956 591 2349 2238 2080 173 2513 733 1414 692 2338 72 710 1562 2171 2530 299 2174 2201 1719 1116 1565 882 300 2263 2353 1429 1547 1936 1471 2102 1425 || mode=rb method=sk_ac_complete solver=filo1 stage=post_ls ls=pyvrp iter=8
2026-03-15 22:16:11 | INFO     | Route #7: 1391 871 121 1107 34 2001 1973 2434 1605 696 881 1173 2163 2630 641 2188 1594 2442 1007 1421 1451 1941 816 2100 200 1432 417 284 2327 2438 61 1145 145 1619 1672 1109 461 2023 1347 1082 301 1568 1511 85 1462 1903 1938 702 1525 1179 1871 2255 2013 1334 2295 936 1650 1935 1251 1897 1505 1716 2230 2576 297 1573 35 2574 2537 1252 2339 1521 1967 76 2360 518 521 1581 2565 2045 259 75 1070 1647 918 655 7 679 2439 1382 1732 2226 1204 112 790 2074 1323 1762 688 1645 514 2384 2101 2035 988 2343 2566 624 1777 1759 2329 1161 224 2303 805 1023 1051 185 1133 1139 1230 757 803 2488 1289 1157 481 1014 1504 1473 2448 2224 36 1872 1727 746 1402 1365 2541 753 2037 2495 12 1839 1544 557 483 1927 1826 1491 1009 1591 156 609 779 1518 2290 2280 501 2214 401 1661 1857 2583 62 || mode=rb method=sk_ac_complete solver=filo1 stage=post_ls ls=pyvrp iter=8
2026-03-15 22:16:11 | INFO     | Route #8: 261 697 2154 533 1012 761 855 1044 1553 2212 2273 2585 2473 1098 2233 2242 1799 821 760 825 1293 1711 2498 1366 2164 763 327 618 1812 2027 1810 2166 450 1327 765 1309 462 2399 916 983 2419 646 479 1431 313 1351 2301 1901 1517 1168 148 1187 639 672 2103 1267 598 227 364 1452 1411 2252 984 1498 178 1745 316 671 1744 2139 2567 723 289 2084 2581 2428 1751 1977 1003 824 281 2122 1926 972 2409 2106 2404 409 2076 16 846 194 1997 1944 1380 535 86 1597 1513 1770 260 917 680 231 2218 1422 2065 1781 2008 265 951 280 606 2333 1178 2123 1453 822 135 578 876 1978 928 181 1278 1420 573 2034 791 1142 1846 1110 373 2112 705 1490 1693 1866 1180 525 2515 311 553 1126 2211 2356 298 1132 2140 1614 2407 2398 429 1371 457 2222 2138 385 1198 2149 1447 2562 || mode=rb method=sk_ac_complete solver=filo1 stage=post_ls ls=pyvrp iter=8
2026-03-15 22:16:11 | INFO     | Route #9: 1259 2370 814 198 1700 2173 1075 965 675 1026 1629 2569 636 237 1958 2425 2248 1152 1269 1800 294 442 2048 1159 153 345 391 1449 2061 1335 1428 2120 326 1995 2481 512 1399 1077 1329 1709 689 1200 1775 431 1739 2130 1261 329 2196 1708 1664 2142 262 1175 2160 1076 2307 2557 958 2283 2393 709 667 1 1802 1730 1405 1061 410 27 2062 2387 2131 2617 676 84 940 1686 2209 1684 1106 1020 2622 2044 38 1563 2527 1192 2532 1819 318 103 2417 844 1859 256 1307 2510 460 1185 634 1815 818 40 1393 968 247 2153 764 1885 89 1346 365 1286 2422 1021 1331 2125 1703 2095 877 2251 1852 999 1032 448 2431 2374 1621 1642 762 1755 584 2323 454 1156 2033 418 840 1193 2436 886 1363 268 985 524 485 81 2305 547 504 900 1669 1206 1761 608 1121 174 858 2572 1959 1914 1108 851 2408 1008 || mode=rb method=sk_ac_complete solver=filo1 stage=post_ls ls=pyvrp iter=8
2026-03-15 22:16:11 | INFO     | Route #10: 1648 623 1095 2593 2548 1046 348 1358 560 1079 1099 2589 2440 1797 953 232 2121 2234 1990 600 277 176 744 2456 1066 1316 2111 2285 1576 2346 589 141 2544 1500 2620 950 271 1540 1454 1982 654 1567 2300 1512 356 1816 1972 212 1837 875 474 1856 1640 2158 726 2220 2077 1805 2009 873 921 571 126 2241 1886 1472 1658 955 1828 1248 909 1630 1166 1241 860 334 1128 622 754 1882 1891 302 399 2320 1368 1403 93 2040 2223 482 2259 1370 1740 68 500 1900 1234 2006 1543 815 2308 1750 1466 889 2350 1875 1690 2176 1704 2172 1461 107 166 2021 1841 2359 455 464 1448 2502 2405 2028 30 1409 1582 || mode=scp method=gurobi_mip solver=None stage=scp_post_ls ls=N/A iter=9
2026-03-15 22:16:11 | INFO     | Route #11: 2348 867 1738 128 1188 1016 1436 55 1579 428 1681 2190 1974 883 1639 914 1210 252 279 1675 2424 1931 887 1220 1377 1699 1696 1516 2199 1105 1183 2161 1979 2631 384 1167 740 2579 1735 139 1315 440 1778 375 511 2618 196 1392 272 878 1764 707 1971 459 2496 1908 1907 1604 57 1532 1986 98 2520 1962 567 718 943 193 2304 1040 1767 37 322 1589 2306 50 1389 254 472 1925 1362 446 2324 1010 2198 2614 2200 4 162 2418 351 99 1284 1657 2355 2243 635 969 2326 1760 2260 526 619 1374 2508 1998 2371 2191 1742 2136 650 1247 2364 1485 770 1400 2400 1254 1004 2501 2185 2036 1479 2017 1689 727 788 1718 255 1851 1539 1000 1831 292 73 1427 832 1736 1043 1395 1584 1333 614 238 1281 1984 735 1554 2358 2235 1320 2451 1277 2018 233 776 544 295 1920 || mode=rb method=sk_ac_avg solver=filo1 stage=post_ls ls=pyvrp iter=15
2026-03-15 22:16:11 | INFO     | Route #12: 1388 1680 64 546 2075 1124 118 2610 421 946 812 63 1847 819 296 1146 1111 1242 2302 1794 2063 405 1508 1154 1666 349 2313 1880 665 1552 266 1052 131 1089 1212 1729 1189 1356 670 2085 328 2467 1776 499 465 804 673 117 342 536 2469 1821 1364 1748 531 2598 1653 694 592 340 1572 20 1823 829 1489 2204 1313 120 949 1492 750 1093 1369 2503 1833 1676 1296 1457 1394 843 721 1712 783 425 1529 2137 2575 242 683 2325 756 197 2490 942 1054 555 1571 2546 125 2423 1225 97 1458 850 2051 1119 651 519 1011 2309 2267 1345 1892 2071 1786 874 2202 1617 2113 1263 2612 1279 817 562 1902 786 1270 9 1494 343 1861 2207 1606 980 848 1976 2314 1350 823 1383 243 130 102 884 640 1673 1702 1114 1798 1072 932 1349 1528 2525 1344 998 565 1460 1881 1158 612 996 2208 486 432 1437 2491 || mode=rb method=sk_ac_avg solver=filo1 stage=post_ls ls=pyvrp iter=15
2026-03-15 22:16:11 | INFO     | Route #13: 1864 919 993 1705 129 532 2526 793 1822 1047 435 305 1115 1045 2512 2559 170 22 80 1117 1592 1141 143 1983 1643 1734 1587 2535 1637 2587 2430 1701 540 1285 1922 438 1531 1970 937 2147 1585 2380 2057 1049 286 2249 218 138 171 811 157 1488 439 752 1071 1763 1939 1934 1611 434 2632 2604 1037 2588 204 2379 2253 477 463 995 1465 1288 249 1476 56 274 869 2560 1059 903 1477 615 935 92 976 2038 319 1068 390 838 1396 1889 1322 625 1201 1793 1024 202 1302 734 2086 26 2299 248 1203 747 1792 1495 2181 1921 304 1790 1780 1063 1487 54 2531 2073 246 2388 307 2432 2368 2390 1918 828 548 430 205 1060 452 1298 720 558 923 493 2150 2025 1050 1163 140 226 2232 1646 380 1246 2221 1265 2088 1961 1564 2047 1722 542 241 137 1999 372 2543 1583 2098 1556 1913 2264 393 1233 || mode=rb method=sk_ac_avg solver=filo1 stage=post_ls ls=pyvrp iter=15
2026-03-15 22:16:11 | INFO     | Route #14: 1772 2594 17 21 2412 288 1219 1963 2203 1404 712 1930 1475 1496 2 1237 350 1266 719 971 894 291 2109 1996 2464 330 1381 647 165 1442 1144 2133 798 885 661 1980 920 480 863 2049 2231 1789 1194 888 1443 2529 269 169 2416 389 652 1006 336 789 1459 1550 152 2615 638 588 1687 2277 1243 845 2229 2059 630 1170 2031 1853 2629 781 686 1245 2596 2152 371 774 211 1123 1887 1549 1446 151 453 478 2414 2472 1919 1946 154 1073 1609 1801 2177 2145 362 1743 1784 2296 959 594 1001 1256 2341 1208 1317 2450 1674 1515 1578 397 451 404 891 208 1304 1943 2126 545 645 2331 147 1506 841 1652 111 83 1088 1463 2504 285 1660 742 150 2256 1829 1162 2402 2151 396 570 728 444 333 2397 394 1074 2117 2406 2091 2004 2420 924 310 587 122 1874 1223 2128 1526 813 1306 627 522 611 2187 2335 1915 826 || mode=rb method=sk_ac_avg solver=filo1 stage=post_ls ls=pyvrp iter=15
2026-03-15 22:16:11 | INFO     | Route #15: 2294 235 1706 1153 2365 321 1439 2553 1155 810 674 2487 1845 344 1682 293 796 1190 2271 759 1713 24 1850 693 2395 2367 1416 1113 1499 1091 2215 1321 1530 1756 223 795 1668 1538 1058 491 861 113 32 2124 1348 1849 1707 1401 2094 631 95 2563 420 2245 180 2342 1120 110 1172 263 422 189 2219 1240 2107 1836 1143 1720 1654 2484 1895 2284 890 1078 859 411 1601 1787 1164 1867 1423 662 1064 2046 2624 1888 109 2312 366 1361 43 447 25 1151 1558 1218 698 2483 2024 2175 19 626 1694 1080 2462 1537 1441 90 729 2250 1598 2591 413 1041 1140 947 1360 467 1782 1766 303 1025 554 1603 1988 2286 1097 51 1965 || mode=rb method=sk_kmeans solver=filo2 stage=post_ls ls=pyvrp iter=16
2026-03-15 22:16:11 | INFO     | Route #16: 769 2376 1957 1717 797 2443 681 203 632 216 69 1096 213 954 2268 1268 2182 1469 144 1726 2476 2205 792 258 1599 966 628 510 5 1987 2170 1795 799 369 159 658 2492 2266 836 358 2135 1028 2533 359 1386 2536 1330 682 2032 2015 287 2155 1406 427 402 1336 1470 1118 1493 82 489 1809 2361 1685 1898 1260 2315 1138 1341 1574 1015 767 1559 1069 1949 2292 2345 979 2552 2257 441 1663 1018 1804 1455 1586 687 780 1239 839 1273 1884 857 1081 1474 408 2511 1408 2055 2105 2455 400 2478 982 1027 142 2362 2477 772 2328 930 1501 1224 1005 690 2143 2002 778 1840 28 1300 1638 543 1985 601 1968 748 1171 168 1379 1100 1030 || mode=rb method=sk_kmeans solver=filo2 stage=post_ls ls=pyvrp iter=16
2026-03-15 22:16:11 | INFO     | Route #17: 870 801 160 1104 471 1899 1878 2413 2500 220 2578 2601 809 1150 2012 1509 1757 473 2282 1937 842 2366 2497 2206 502 1555 1765 2293 11 1951 207 382 948 2606 115 2192 715 2611 931 2321 2116 355 2134 2332 529 1633 1906 1310 1570 1484 1503 2352 1303 2479 1387 2555 1860 1651 2093 1135 2584 470 2020 1359 2067 904 978 357 1806 2600 1561 1557 794 1725 187 1623 195 1221 927 1626 834 1608 2460 2099 2506 556 1337 1613 517 2053 1087 172 1373 2287 1424 332 1896 732 2179 2115 1456 551 476 1692 1384 225 620 1292 1615 777 2351 939 1624 766 367 2194 716 2165 1697 312 2068 2590 1612 1695 88 2391 1670 911 897 324 1083 1627 347 1272 981 1318 1430 || mode=rb method=sk_kmeans solver=filo2 stage=post_ls ls=pyvrp iter=16
2026-03-15 22:16:11 | INFO     | 
2026-03-15 22:16:11 | INFO     | [BEST SOLUTION ROUTE SUMMARY]
2026-03-15 22:16:11 | INFO     | --------------------------------------------------------------------------------
2026-03-15 22:16:11 | INFO     |    5 routes | RB    | sk_ac_complete  | solver=filo1      | stage=post_ls | ls=pyvrp
2026-03-15 22:16:11 | INFO     |    4 routes | RB    | sk_ac_avg       | solver=filo1      | stage=post_ls | ls=pyvrp
2026-03-15 22:16:11 | INFO     |    4 routes | RB    | sk_ac_complete  | solver=filo2      | stage=post_ls | ls=pyvrp
2026-03-15 22:16:11 | INFO     |    3 routes | RB    | sk_kmeans       | solver=filo2      | stage=post_ls | ls=pyvrp
2026-03-15 22:16:11 | INFO     |    1 routes | SCP   | gurobi_mip      | solver=UNKNOWN    | stage=scp_post_ls | ls=N/A
2026-03-15 22:16:11 | INFO     | 
2026-03-15 22:16:11 | INFO     | [ROUTE POOL SUMMARY]
2026-03-15 22:16:11 | INFO     |    40 routes | RB | sk_ac_min | solver=pyvrp | stage=post_ls | ls=pyvrp
2026-03-15 22:16:11 | INFO     |    36 routes | RB | sk_ac_avg | solver=filo1 | stage=post_ls | ls=pyvrp
2026-03-15 22:16:11 | INFO     |    35 routes | VB | sk_kmeans | solver=filo2 | stage=post_ls | ls=pyvrp
2026-03-15 22:16:11 | INFO     |    34 routes | VB | sk_ac_complete | solver=pyvrp | stage=post_ls | ls=pyvrp
2026-03-15 22:16:11 | INFO     |    34 routes | VB | sk_ac_min | solver=filo1 | stage=post_ls | ls=pyvrp
2026-03-15 22:16:11 | INFO     |    28 routes | RB | sk_ac_min | solver=filo2 | stage=post_ls | ls=pyvrp
2026-03-15 22:16:11 | INFO     |    23 routes | RB | sk_ac_complete | solver=filo1 | stage=post_ls | ls=pyvrp
2026-03-15 22:16:11 | INFO     |    18 routes | VB | sk_ac_avg | solver=pyvrp | stage=post_ls | ls=pyvrp
2026-03-15 22:16:11 | INFO     |    17 routes | VB | sk_ac_min | solver=pyvrp | stage=post_ls | ls=pyvrp
2026-03-15 22:16:11 | INFO     |    17 routes | RB | sk_ac_complete | solver=filo2 | stage=post_ls | ls=pyvrp
2026-03-15 22:16:11 | INFO     |    17 routes | VB | k_medoids_pyclustering | solver=pyvrp | stage=post_ls | ls=pyvrp
2026-03-15 22:16:11 | INFO     |    17 routes | VB | sk_ac_min | solver=filo2 | stage=post_ls | ls=pyvrp
2026-03-15 22:16:11 | INFO     |    17 routes | VB | k_medoids_pyclustering | solver=filo2 | stage=post_ls | ls=pyvrp
2026-03-15 22:16:11 | INFO     |    16 routes | RB | sk_kmeans | solver=pyvrp | stage=post_ls | ls=pyvrp
2026-03-15 22:16:11 | INFO     |    14 routes | RB | sk_ac_avg | solver=pyvrp | stage=post_ls | ls=pyvrp
2026-03-15 22:16:11 | INFO     |    14 routes | RB | sk_kmeans | solver=filo2 | stage=post_ls | ls=pyvrp
2026-03-15 22:16:11 | INFO     |     2 routes | SCP | gurobi_mip | solver=UNKNOWN | stage=scp_post_ls | ls=N/A
