2026-03-15 12:02:58 | INFO     | Logger initialized
2026-03-15 12:02:58 | INIT     | ================================================================================
2026-03-15 12:02:58 | INIT     | [RUN CONFIGURATION] instance=XL-n1934-k46.vrp run=0
2026-03-15 12:02:58 | INIT     | seed = 1690086710
2026-03-15 12:02:58 | INIT     | scp_solvers = ['gurobi_mip']
2026-03-15 12:02:58 | INIT     | scp_switch_prob = 0.0
2026-03-15 12:02:58 | INIT     | time_limit_scp = 10000.0
2026-03-15 12:02:58 | INIT     | scp_every = 3
2026-03-15 12:02:58 | INIT     | time_limit_total = 36000.0
2026-03-15 12:02:58 | INIT     | max_no_improvement_iters = 50
2026-03-15 12:02:58 | INIT     | min_avg_cluster_size = 100
2026-03-15 12:02:58 | INIT     | max_avg_cluster_size = 2500
2026-03-15 12:02:58 | INIT     | routing_solvers = ['pyvrp', 'filo1', 'filo2', 'ails2']
2026-03-15 12:02:58 | INIT     | routing_no_improvement = None
2026-03-15 12:02:58 | INIT     | ls_neighbourhood = dri_spatial
2026-03-15 12:02:58 | INIT     | ls_after_routing_max_neighbours = 300
2026-03-15 12:02:58 | INIT     | ls_max_neighbours_restricted = 200
2026-03-15 12:02:58 | INIT     | randomize_polar_angle = True
2026-03-15 12:02:58 | INIT     | warm_start_solutions = None
2026-03-15 12:02:58 | INIT     | log_mode = instance
2026-03-15 12:02:58 | INIT     | log_to_console = False
2026-03-15 12:02:58 | INIT     | periodic_sol_dump = True
2026-03-15 12:02:58 | INIT     | sol_dump_interval = 3600.0
2026-03-15 12:02:58 | INIT     | ================================================================================
2026-03-15 12:02:58 | INFO     | [XL-n1934-k46 ITERATION 1] mode=VB method=sk_kmeans k=1 solver=filo2 ls=pyvrp
2026-03-15 12:03:12 | INFO     | [XL-n1934-k46 CLUSTER] method=sk_kmeans k=1 | sizes=[1933] | min=1933 max=1933 avg=1933.0
2026-03-15 12:03:12 | INFO     | [XL-n1934-k46 ROUTING] Solving clusters with filo2
2026-03-15 12:08:46 | INFO     | [XL-n1934-k46 IMPROVED-VB/RB] best_cost=53204 | Gap: 0.4228%
2026-03-15 12:08:46 | INFO     | [XL-n1934-k46 ITERATION-TIMES 1] cluster=13.318s routing=321.916s ls=12.271s total=347.513s
2026-03-15 12:08:46 | INFO     | [XL-n1934-k46 ITERATION 2] mode=VB method=sk_kmeans k=3 solver=filo2 ls=pyvrp
2026-03-15 12:08:53 | INFO     | [XL-n1934-k46 CLUSTER] method=sk_kmeans k=3 | sizes=[570, 732, 631] | min=570 max=732 avg=644.3
2026-03-15 12:08:53 | INFO     | [XL-n1934-k46 ROUTING] Solving clusters with filo2
2026-03-15 12:15:24 | INFO     | [XL-n1934-k46 NO-IMPROVEMENT] best_cost=53204 | streak=1 | Gap: 0.4228%
2026-03-15 12:15:24 | INFO     | [XL-n1934-k46 ITERATION-TIMES 2] cluster=7.338s routing=382.179s ls=8.995s total=398.516s
2026-03-15 12:15:24 | INFO     | [XL-n1934-k46 ITERATION 3] mode=VB method=sk_ac_min k=7 solver=pyvrp ls=pyvrp
2026-03-15 12:15:32 | INFO     | [XL-n1934-k46 CLUSTER] method=sk_ac_min k=7 | sizes=[26, 1, 1901, 1, 1, 1, 2] | min=1 max=1901 avg=276.1
2026-03-15 12:15:32 | INFO     | [XL-n1934-k46 ROUTING] Solving clusters with pyvrp
2026-03-15 12:19:12 | INFO     | [XL-n1934-k46 SCP] pruning_mode=diversity
2026-03-15 12:19:12 | INFO     | [XL-n1934-k46 SCP] solver=gurobi_mip | route_pool=140
2026-03-15 12:19:12 | INFO     | [XL-n1934-k46 SCP] optimal solution found
2026-03-15 12:19:20 | INFO     | [XL-n1934-k46 SCP-NO-IMPROVEMENT] cost=53204 (best=53204) | Gap: 0.4228%
2026-03-15 12:19:20 | INFO     | [XL-n1934-k46 NO-IMPROVEMENT] best_cost=53204 | streak=2 | Gap: 0.4228%
2026-03-15 12:19:20 | INFO     | [XL-n1934-k46 ITERATION-TIMES 3] cluster=8.100s routing=211.305s ls=8.526s scp=7.489s total=235.425s
2026-03-15 12:19:20 | INFO     | [XL-n1934-k46 ITERATION 4] mode=RB method=sk_ac_complete k=7 solver=pyvrp ls=pyvrp
2026-03-15 12:19:20 | INFO     | [XL-n1934-k46 CLUSTER] method=sk_ac_complete k=7 | sizes=[351, 549, 373, 125, 322, 36, 177] | min=36 max=549 avg=276.1
2026-03-15 12:19:20 | INFO     | [XL-n1934-k46 ROUTING] Solving clusters with pyvrp
2026-03-15 12:24:24 | INFO     | [XL-n1934-k46 NO-IMPROVEMENT] best_cost=53204 | streak=3 | Gap: 0.4228%
2026-03-15 12:24:24 | INFO     | [XL-n1934-k46 ITERATION-TIMES 4] cluster=0.006s routing=292.154s ls=12.055s total=304.220s
2026-03-15 12:24:24 | INFO     | [XL-n1934-k46 ITERATION 5] mode=RB method=sk_ac_complete k=7 solver=filo1 ls=pyvrp
2026-03-15 12:24:24 | INFO     | [XL-n1934-k46 CLUSTER] method=sk_ac_complete k=7 | sizes=[351, 549, 373, 125, 322, 36, 177] | min=36 max=549 avg=276.1
2026-03-15 12:24:24 | INFO     | [XL-n1934-k46 ROUTING] Solving clusters with filo1
2026-03-15 12:32:00 | INFO     | [XL-n1934-k46 NO-IMPROVEMENT] best_cost=53204 | streak=4 | Gap: 0.4228%
2026-03-15 12:32:00 | INFO     | [XL-n1934-k46 ITERATION-TIMES 5] cluster=0.005s routing=434.604s ls=20.962s total=455.577s
2026-03-15 12:32:00 | INFO     | [XL-n1934-k46 ITERATION 6] mode=RB method=sk_ac_complete k=2 solver=pyvrp ls=pyvrp
2026-03-15 12:32:00 | INFO     | [XL-n1934-k46 CLUSTER] method=sk_ac_complete k=2 | sizes=[1046, 887] | min=887 max=1046 avg=966.5
2026-03-15 12:32:00 | INFO     | [XL-n1934-k46 ROUTING] Solving clusters with pyvrp
2026-03-15 12:37:08 | INFO     | [XL-n1934-k46 SCP] pruning_mode=diversity
2026-03-15 12:37:08 | INFO     | [XL-n1934-k46 SCP] solver=gurobi_mip | route_pool=270
2026-03-15 12:37:08 | INFO     | [XL-n1934-k46 SCP] optimal solution found
2026-03-15 12:37:42 | INFO     | [XL-n1934-k46 IMPROVED-SCP] best_cost=53161 | Gap: 0.3416%
2026-03-15 12:37:42 | INFO     | [XL-n1934-k46 ITERATION-TIMES 6] cluster=0.026s routing=294.209s ls=13.815s scp=34.802s total=342.863s
2026-03-15 12:37:42 | INFO     | [XL-n1934-k46 ITERATION 7] mode=RB method=sk_kmeans k=2 solver=filo1 ls=pyvrp
2026-03-15 12:37:43 | INFO     | [XL-n1934-k46 CLUSTER] method=sk_kmeans k=2 | sizes=[1047, 886] | min=886 max=1047 avg=966.5
2026-03-15 12:37:43 | INFO     | [XL-n1934-k46 ROUTING] Solving clusters with filo1
2026-03-15 12:51:57 | INFO     | [XL-n1934-k46 NO-IMPROVEMENT] best_cost=53161 | streak=1 | Gap: 0.3416%
2026-03-15 12:51:57 | INFO     | [XL-n1934-k46 ITERATION-TIMES 7] cluster=0.988s routing=838.902s ls=14.557s total=854.456s
2026-03-15 12:51:57 | INFO     | [XL-n1934-k46 ITERATION 8] mode=VB method=fcm k=6 solver=filo2 ls=pyvrp
2026-03-15 12:52:08 | INFO     | [XL-n1934-k46 CLUSTER] method=fcm k=6 | sizes=[173, 655, 223, 197, 333, 352] | min=173 max=655 avg=322.2
2026-03-15 12:52:08 | INFO     | [XL-n1934-k46 ROUTING] Solving clusters with filo2
2026-03-15 13:00:25 | INFO     | [XL-n1934-k46 NO-IMPROVEMENT] best_cost=53161 | streak=2 | Gap: 0.3416%
2026-03-15 13:00:25 | INFO     | [XL-n1934-k46 ITERATION-TIMES 8] cluster=11.553s routing=457.210s ls=38.882s total=507.657s
2026-03-15 13:00:25 | INFO     | [XL-n1934-k46 ITERATION 9] mode=VB method=sk_ac_min k=7 solver=filo1 ls=pyvrp
2026-03-15 13:00:40 | INFO     | [XL-n1934-k46 CLUSTER] method=sk_ac_min k=7 | sizes=[1924, 2, 2, 1, 1, 2, 1] | min=1 max=1924 avg=276.1
2026-03-15 13:00:40 | INFO     | [XL-n1934-k46 ROUTING] Solving clusters with filo1
2026-03-15 13:18:49 | INFO     | [XL-n1934-k46 SCP] pruning_mode=diversity
2026-03-15 13:18:49 | INFO     | [XL-n1934-k46 SCP] solver=gurobi_mip | route_pool=410
2026-03-15 13:18:50 | INFO     | [XL-n1934-k46 SCP] optimal solution found
2026-03-15 13:19:15 | INFO     | [XL-n1934-k46 SCP-NO-IMPROVEMENT] cost=53161 (best=53161) | Gap: 0.3416%
2026-03-15 13:19:15 | INFO     | 
2026-03-15 13:19:15 | INFO     | ================================================================================
2026-03-15 13:19:15 | INFO     | [XL-n1934-k46] PERIODIC SNAPSHOT SNAPSHOT_001
2026-03-15 13:19:15 | INFO     | ================================================================================
2026-03-15 13:19:15 | INFO     | Route #1: 1635 1476 1039 1911 567 1184 733 1098 1754 1360 1557 128 81 1100 967 315 270 524 1087 1354 1407 296 804 1299 1586 1336 769 758 278 949 1698 36 43 1480 1395 434 238 74 356 40 || mode=vb method=sk_kmeans solver=filo2 stage=post_ls ls=pyvrp iter=1
2026-03-15 13:19:15 | INFO     | Route #2: 1423 4 1154 507 1182 1145 1658 513 792 230 1643 528 745 1205 1669 1555 285 921 192 632 1535 991 1756 463 241 782 1925 131 244 303 481 1840 1063 35 669 112 1131 157 421 322 1466 222 1032 || mode=vb method=sk_kmeans solver=filo2 stage=post_ls ls=pyvrp iter=1
2026-03-15 13:19:15 | INFO     | Route #3: 443 1275 139 384 349 897 337 1393 643 228 1540 417 1342 1343 166 950 718 955 1774 329 1656 964 594 609 1697 225 184 1721 1188 1915 1618 1105 1854 1583 1288 409 1013 1836 877 || mode=vb method=sk_kmeans solver=filo2 stage=post_ls ls=pyvrp iter=1
2026-03-15 13:19:15 | INFO     | Route #4: 532 1207 1569 1104 1353 284 1805 634 1876 675 1483 314 1129 26 148 46 418 884 1765 1158 652 191 504 1715 11 935 1725 476 492 547 275 994 207 1449 982 663 834 654 961 || mode=vb method=sk_kmeans solver=filo2 stage=post_ls ls=pyvrp iter=1
2026-03-15 13:19:15 | INFO     | Route #5: 243 1028 918 295 433 1171 1340 857 617 323 887 861 441 116 1111 86 626 1639 15 144 1347 1827 873 1856 545 606 1286 1865 724 744 1279 1819 830 317 677 930 756 102 1139 858 839 440 1520 219 1786 1738 1217 || mode=vb method=sk_kmeans solver=filo2 stage=post_ls ls=pyvrp iter=1
2026-03-15 13:19:15 | INFO     | Route #6: 90 370 1566 757 1289 516 412 556 575 1060 784 342 480 972 1010 888 1287 362 78 876 276 1270 997 1845 1821 1832 906 1165 1878 226 66 1309 45 1846 1103 625 1525 452 1361 470 || mode=vb method=sk_kmeans solver=filo2 stage=post_ls ls=pyvrp iter=1
2026-03-15 13:19:15 | INFO     | Route #7: 1633 1049 1627 1091 775 1922 1317 1516 531 1316 1541 1777 1932 1689 377 1153 95 779 416 540 1850 59 1149 664 1183 549 794 579 249 1768 1265 1928 1394 1453 754 419 || mode=vb method=sk_kmeans solver=filo2 stage=post_ls ls=pyvrp iter=1
2026-03-15 13:19:15 | INFO     | Route #8: 372 1599 713 1444 1357 1602 361 68 1384 141 257 613 1905 1793 863 1924 1332 495 1869 969 832 1402 1438 1239 1759 85 584 363 743 1492 666 1533 1880 1923 304 1085 1605 1420 529 922 786 1899 381 || mode=vb method=sk_kmeans solver=filo2 stage=post_ls ls=pyvrp iter=1
2026-03-15 13:19:15 | INFO     | Route #9: 1192 1526 1729 1090 1779 1366 420 893 1144 1464 1537 456 842 1501 1839 55 206 1548 1849 247 891 305 511 224 1135 970 232 1179 1196 1489 621 1896 439 1549 1642 821 1271 630 334 1816 1890 580 104 1187 1859 1757 1005 216 1074 || mode=vb method=sk_kmeans solver=filo2 stage=post_ls ls=pyvrp iter=1
2026-03-15 13:19:15 | INFO     | Route #10: 570 28 1559 1693 984 586 168 231 1099 638 1817 1405 1798 498 527 1031 27 164 1652 1344 1209 1313 1127 1838 100 404 262 1676 209 52 1377 1115 612 692 1406 1117 520 1470 1236 1708 589 620 1592 707 477 || mode=vb method=sk_kmeans solver=filo2 stage=post_ls ls=pyvrp iter=1
2026-03-15 13:19:15 | INFO     | Route #11: 158 582 76 1564 824 1824 518 459 430 835 1101 614 135 1231 1688 1 761 1016 725 1086 1432 773 293 1681 597 23 1776 8 956 432 1084 1490 1066 1292 201 379 656 583 || mode=vb method=sk_kmeans solver=filo2 stage=post_ls ls=pyvrp iter=1
2026-03-15 13:19:15 | INFO     | Route #12: 722 1437 1034 1694 1762 297 1486 1459 1534 1578 1044 1781 390 854 1598 554 1929 1061 212 274 376 841 338 462 71 458 214 703 795 393 566 1198 1518 1760 1300 987 1499 1134 335 382 1431 12 1894 748 1054 || mode=scp method=gurobi_mip solver=None stage=scp_post_ls ls=N/A iter=6
2026-03-15 13:19:15 | INFO     | Route #13: 1493 1884 851 1487 899 281 1356 555 405 1509 277 925 310 1648 436 993 759 63 1733 415 237 1216 123 1247 248 1536 1329 13 913 1068 1282 608 347 1306 1577 1197 1251 844 1810 977 1178 187 624 716 195 || mode=vb method=sk_kmeans solver=filo2 stage=post_ls ls=pyvrp iter=1
2026-03-15 13:19:15 | INFO     | Route #14: 121 1900 1410 1740 391 1258 482 1371 896 558 640 1853 240 817 1223 1917 1095 971 1350 1237 900 827 438 1272 1294 557 256 366 653 394 1185 1226 124 1741 1684 1887 460 813 560 354 1719 1020 1724 1778 936 1035 333 || mode=vb method=sk_kmeans solver=filo2 stage=post_ls ls=pyvrp iter=1
2026-03-15 13:19:15 | INFO     | Route #15: 1439 1215 1770 115 387 1554 1780 521 802 636 1446 650 260 3 1450 178 1512 1121 1170 1372 687 1670 569 414 130 1137 75 80 940 952 1581 1468 682 924 181 729 1280 552 642 1424 348 966 || mode=vb method=sk_kmeans solver=filo2 stage=post_ls ls=pyvrp iter=1
2026-03-15 13:19:15 | INFO     | Route #16: 196 1409 828 563 902 1080 1180 1761 760 628 318 881 299 1326 1702 380 61 499 738 455 1477 833 1704 1732 874 1478 776 1822 1349 1417 110 60 814 1383 490 1290 1190 94 660 448 246 || mode=vb method=sk_kmeans solver=filo2 stage=post_ls ls=pyvrp iter=1
2026-03-15 13:19:15 | INFO     | Route #17: 740 975 1426 154 1416 1355 1396 146 89 1889 1458 1823 622 1189 210 236 6 591 1530 1515 1604 1191 1539 163 657 1204 1791 1440 1650 1297 1644 1232 1000 227 1339 866 || mode=vb method=sk_kmeans solver=filo2 stage=post_ls ls=pyvrp iter=1
2026-03-15 13:19:15 | INFO     | Route #18: 1260 805 1844 1700 1322 1375 1571 668 820 651 1079 1920 389 945 1089 1597 1653 1206 1675 213 1181 126 280 1463 1082 819 273 681 1716 1892 811 1194 478 1210 24 487 1069 1660 1427 1758 || mode=vb method=sk_kmeans solver=filo2 stage=post_ls ls=pyvrp iter=1
2026-03-15 13:19:15 | INFO     | Route #19: 812 688 683 1484 595 1811 1589 986 1767 601 400 29 1398 843 446 122 1296 864 1632 10 424 629 357 88 976 1784 1323 837 313 233 517 1748 1164 447 397 || mode=vb method=sk_kmeans solver=filo2 stage=post_ls ls=pyvrp iter=1
2026-03-15 13:19:15 | INFO     | Route #20: 1596 1712 1624 1385 974 298 1018 767 496 889 929 65 923 1833 633 1726 1077 1815 960 53 685 451 763 1550 1503 1249 493 709 489 1070 1027 1386 105 815 1508 1277 || mode=vb method=sk_kmeans solver=filo2 stage=post_ls ls=pyvrp iter=1
2026-03-15 13:19:15 | INFO     | Route #21: 1102 1703 1710 1713 410 369 1071 1527 1255 1764 686 282 1775 1045 610 1229 1314 1674 564 198 1007 1159 1608 506 1367 1253 1435 1783 1588 699 22 483 1519 1682 1902 514 1088 42 165 998 1262 659 || mode=vb method=sk_kmeans solver=filo2 stage=post_ls ls=pyvrp iter=1
2026-03-15 13:19:15 | INFO     | Route #22: 1284 1075 768 1795 1601 1373 137 1025 1335 523 1731 822 200 600 223 1163 1647 627 1259 1830 647 999 648 411 1626 20 161 856 1505 19 1672 1696 1324 639 698 1831 1481 1092 968 82 1584 1551 113 963 454 720 1220 1397 || mode=vb method=sk_kmeans solver=filo2 stage=post_ls ls=pyvrp iter=1
2026-03-15 13:19:15 | INFO     | Route #23: 155 1378 947 1730 1690 398 1568 641 428 1177 1122 562 980 1737 1224 1766 160 853 810 1433 307 1200 193 1113 714 1485 1906 990 1312 103 1736 846 324 1620 || mode=vb method=sk_kmeans solver=filo2 stage=post_ls ls=pyvrp iter=1
2026-03-15 13:19:15 | INFO     | Route #24: 1893 883 264 407 1590 1455 793 177 1345 1926 1901 1460 816 559 1161 1727 1157 1711 1242 479 690 1219 1083 1172 1868 592 1274 573 672 665 1812 1118 1857 1871 1419 245 1744 1661 1241 || mode=vb method=sk_kmeans solver=filo2 stage=post_ls ls=pyvrp iter=1
2026-03-15 13:19:15 | INFO     | Route #25: 173 803 1785 717 1024 1415 1351 1668 1545 360 180 290 684 730 749 1056 1875 637 712 577 1059 615 1595 576 345 186 1531 596 1851 373 1467 1895 907 1521 1046 1430 1162 1879 1570 886 726 1211 || mode=vb method=sk_kmeans solver=filo2 stage=post_ls ls=pyvrp iter=1
2026-03-15 13:19:15 | INFO     | Route #26: 1666 1114 471 279 1376 1645 670 581 1891 1222 1631 176 1443 1017 33 676 494 1753 401 611 799 739 1341 1513 939 283 1576 461 1663 1346 1787 1903 44 951 1330 301 107 344 111 1462 1619 5 538 77 1745 || mode=vb method=sk_kmeans solver=filo2 stage=post_ls ls=pyvrp iter=1
2026-03-15 13:19:15 | INFO     | Route #27: 119 188 1434 1517 1609 497 1014 308 865 268 1331 73 778 1065 836 1752 1146 1252 1927 1722 1214 250 1751 635 1723 321 220 848 781 179 1562 1050 1790 48 869 522 1657 1881 1507 981 1872 973 700 1123 721 395 || mode=vb method=sk_kmeans solver=filo2 stage=post_ls ls=pyvrp iter=1
2026-03-15 13:19:15 | INFO     | Route #28: 871 269 1106 136 661 96 526 1913 1469 1474 185 501 1413 1062 1858 199 125 142 1166 818 1212 829 1228 143 1628 1734 796 1256 1076 1128 1585 98 646 1659 429 543 1051 736 890 17 909 602 || mode=vb method=sk_kmeans solver=filo2 stage=post_ls ls=pyvrp iter=1
2026-03-15 13:19:15 | INFO     | Route #29: 331 352 109 1022 823 785 1451 287 1116 1246 1809 1714 1572 1701 204 1611 1276 1073 488 926 1447 485 1303 1033 674 1257 309 1268 1860 732 374 1898 1298 263 259 1718 1582 948 || mode=vb method=sk_kmeans solver=filo2 stage=post_ls ls=pyvrp iter=1
2026-03-15 13:19:15 | INFO     | Route #30: 788 1514 1621 903 1882 1679 607 1143 30 87 386 1202 807 1293 534 1311 1047 346 1160 694 486 598 1264 1141 798 1380 1125 937 1334 658 1072 292 878 1664 189 1037 1042 132 1400 1563 1428 1502 1174 588 772 97 995 693 || mode=vb method=sk_kmeans solver=filo2 stage=post_ls ls=pyvrp iter=1
2026-03-15 13:19:15 | INFO     | Route #31: 917 1695 437 742 944 117 1006 1547 801 217 988 1094 957 351 1148 1680 825 512 358 502 755 1498 500 92 942 1248 667 1772 928 145 41 378 1482 272 515 680 1686 1261 619 1169 288 319 1651 695 578 1130 364 983 1418 || mode=vb method=sk_kmeans solver=filo2 stage=post_ls ls=pyvrp iter=1
2026-03-15 13:19:15 | INFO     | Route #32: 72 1195 546 312 910 838 1529 992 1235 1107 1877 1421 431 51 1479 1874 1138 1234 1456 1328 465 1705 464 806 1763 1370 1230 1365 1746 1593 852 147 1616 1907 1837 306 1497 946 167 1151 7 1254 252 978 || mode=vb method=sk_kmeans solver=filo2 stage=post_ls ls=pyvrp iter=1
2026-03-15 13:19:15 | INFO     | Route #33: 1641 350 697 938 341 1883 229 1278 1931 265 1269 1392 1636 1829 1667 1368 1454 919 1799 388 1038 1706 734 1142 261 194 1655 1173 728 267 1471 1870 762 1739 1637 565 1587 1720 392 21 1558 1374 1093 847 || mode=vb method=sk_kmeans solver=filo2 stage=post_ls ls=pyvrp iter=1
2026-03-15 13:19:15 | INFO     | Route #34: 603 882 1029 1315 14 79 1908 1707 1567 1390 190 571 1506 475 1803 1425 673 472 787 1600 809 1801 1614 1369 1186 330 572 208 1124 1325 1429 450 826 1147 162 47 879 901 1132 1411 1011 800 1560 1008 1399 || mode=vb method=sk_kmeans solver=filo2 stage=post_ls ls=pyvrp iter=1
2026-03-15 13:19:15 | INFO     | Route #35: 1445 1687 1615 31 93 1155 339 996 426 1403 875 1813 1318 1023 1909 1175 912 16 880 1538 1302 1665 723 604 904 941 316 197 151 691 1914 1009 83 916 359 1112 704 1156 708 1221 || mode=vb method=sk_kmeans solver=filo2 stage=post_ls ls=pyvrp iter=1
2026-03-15 13:19:15 | INFO     | Route #36: 1243 1305 54 1036 1295 766 1461 1218 1208 574 1528 159 1580 1388 789 325 1055 1510 367 1782 1321 1021 1327 1152 1804 1362 1408 934 453 1057 702 1126 845 1473 254 1119 867 1673 340 84 37 || mode=vb method=sk_kmeans solver=filo2 stage=post_ls ls=pyvrp iter=1
2026-03-15 13:19:15 | INFO     | Route #37: 1167 423 371 1646 1573 1828 953 1802 808 99 69 215 868 1337 915 106 1244 1613 1575 1532 662 469 1841 156 101 737 1607 1012 239 1412 402 550 235 1001 1193 1910 25 18 735 291 1422 34 1662 1495 175 1825 701 1504 413 1542 || mode=vb method=sk_kmeans solver=filo2 stage=post_ls ls=pyvrp iter=1
2026-03-15 13:19:15 | INFO     | Route #38: 114 1886 649 1199 57 1002 1814 328 644 258 1867 1064 171 1640 266 533 958 138 353 711 67 954 300 530 182 706 1019 1048 1053 1610 1742 1281 474 1794 561 678 587 1543 1579 1285 892 1391 905 39 1788 1625 894 || mode=vb method=sk_kmeans solver=filo2 stage=post_ls ls=pyvrp iter=1
2026-03-15 13:19:15 | INFO     | Route #39: 425 255 1622 509 1904 679 1847 1855 1358 790 427 548 1818 1565 1381 1441 1544 205 599 1041 1364 445 1843 1267 508 403 525 872 618 859 797 1488 855 1747 505 1404 765 1750 311 705 989 985 791 1826 320 1916 108 590 || mode=rb method=sk_ac_complete solver=pyvrp stage=post_ls ls=pyvrp iter=4
2026-03-15 13:19:15 | INFO     | Route #40: 645 466 780 1820 1692 169 1176 1291 1096 1771 943 777 1630 1201 133 920 689 1921 519 542 671 1848 1888 1494 1283 1030 1465 1213 771 467 1930 1015 1552 1728 457 1685 444 1307 1594 32 || mode=rb method=sk_ac_complete solver=pyvrp stage=post_ls ls=pyvrp iter=4
2026-03-15 13:19:15 | INFO     | Route #41: 715 1078 1227 1363 1524 253 368 1866 56 1110 1671 1338 1052 1496 539 553 289 64 1789 408 134 1755 396 1797 1556 1250 911 70 933 741 1773 1717 365 2 || mode=rb method=sk_ac_complete solver=pyvrp stage=post_ls ls=pyvrp iter=4
2026-03-15 13:19:15 | INFO     | Route #42: 211 568 1081 1591 38 962 731 399 1233 750 1387 1004 510 605 1058 1835 770 1861 1097 1612 1273 153 1333 1691 1677 1863 1709 183 468 862 1442 1168 1379 91 1617 1523 1040 1108 1654 850 221 1864 || mode=rb method=sk_ac_complete solver=pyvrp stage=post_ls ls=pyvrp iter=4
2026-03-15 13:19:15 | INFO     | Route #43: 932 326 150 251 719 1026 1842 1834 118 375 140 343 302 914 1553 202 898 9 1266 774 1500 840 234 1472 1448 1808 908 120 959 1348 62 965 1749 484 1511 535 1352 || mode=rb method=sk_ac_complete solver=pyvrp stage=post_ls ls=pyvrp iter=4
2026-03-15 13:19:15 | INFO     | Route #44: 1245 332 885 783 50 1436 503 1634 751 1606 753 895 1796 1308 1800 1043 1150 696 1678 1546 1136 1359 1852 623 631 1561 1109 831 1638 1735 537 1792 1912 1629 || mode=rb method=sk_ac_complete solver=pyvrp stage=post_ls ls=pyvrp iter=4
2026-03-15 13:19:15 | INFO     | Route #45: 860 541 1885 710 294 1683 1475 1304 271 655 593 536 1603 1263 336 1310 491 435 49 218 1806 585 1743 1452 1769 442 1807 927 355 1649 152 1862 1003 1382 383 1203 422 242 127 172 1933 1699 || mode=rb method=sk_ac_complete solver=pyvrp stage=post_ls ls=pyvrp iter=4
2026-03-15 13:19:15 | INFO     | Route #46: 1918 1623 1301 747 449 149 327 1522 616 931 203 58 1897 170 849 385 1120 473 746 1320 1240 1414 1574 1067 1238 544 979 1319 764 551 1140 129 727 1457 1133 1491 1225 752 1389 406 286 1919 1401 1873 870 174 || mode=rb method=sk_ac_complete solver=pyvrp stage=post_ls ls=pyvrp iter=4
2026-03-15 13:19:15 | INFO     | 
2026-03-15 13:19:15 | INFO     | [BEST SOLUTION ROUTE SUMMARY]
2026-03-15 13:19:15 | INFO     | --------------------------------------------------------------------------------
2026-03-15 13:19:15 | INFO     |   37 routes | VB    | sk_kmeans       | solver=filo2      | stage=post_ls | ls=pyvrp
2026-03-15 13:19:15 | INFO     |    8 routes | RB    | sk_ac_complete  | solver=pyvrp      | stage=post_ls | ls=pyvrp
2026-03-15 13:19:15 | INFO     |    1 routes | SCP   | gurobi_mip      | solver=UNKNOWN    | stage=scp_post_ls | ls=N/A
2026-03-15 13:19:15 | INFO     | 
2026-03-15 13:19:15 | INFO     | [ROUTE POOL SUMMARY]
2026-03-15 13:19:15 | INFO     |    93 routes | VB | sk_kmeans | solver=filo2 | stage=post_ls | ls=pyvrp
2026-03-15 13:19:15 | INFO     |    90 routes | RB | sk_ac_complete | solver=pyvrp | stage=post_ls | ls=pyvrp
2026-03-15 13:19:15 | INFO     |    47 routes | VB | sk_ac_min | solver=pyvrp | stage=post_ls | ls=pyvrp
2026-03-15 13:19:15 | INFO     |    47 routes | VB | fcm | solver=filo2 | stage=post_ls | ls=pyvrp
2026-03-15 13:19:15 | INFO     |    47 routes | VB | sk_ac_min | solver=filo1 | stage=post_ls | ls=pyvrp
2026-03-15 13:19:15 | INFO     |    45 routes | RB | sk_kmeans | solver=filo1 | stage=post_ls | ls=pyvrp
2026-03-15 13:19:15 | INFO     |    40 routes | RB | sk_ac_complete | solver=filo1 | stage=post_ls | ls=pyvrp
2026-03-15 13:19:15 | INFO     |     1 routes | SCP | gurobi_mip | solver=UNKNOWN | stage=scp_post_ls | ls=N/A
2026-03-15 13:19:15 | INFO     | [XL-n1934-k46 NO-IMPROVEMENT] best_cost=53161 | streak=3 | Gap: 0.3416%
2026-03-15 13:19:15 | INFO     | [XL-n1934-k46 ITERATION-TIMES 9] cluster=15.149s routing=1073.639s ls=16.114s scp=25.750s total=1130.682s
2026-03-15 13:19:15 | INFO     | [XL-n1934-k46 ITERATION 10] mode=VB method=fcm k=9 solver=filo1 ls=pyvrp
2026-03-15 13:19:34 | INFO     | [XL-n1934-k46 CLUSTER] method=fcm k=9 | sizes=[317, 208, 231, 231, 135, 353, 67, 252, 139] | min=67 max=353 avg=214.8
2026-03-15 13:19:34 | INFO     | [XL-n1934-k46 ROUTING] Solving clusters with filo1
2026-03-15 13:33:07 | INFO     | [XL-n1934-k46 NO-IMPROVEMENT] best_cost=53161 | streak=4 | Gap: 0.3416%
2026-03-15 13:33:07 | INFO     | [XL-n1934-k46 ITERATION-TIMES 10] cluster=19.088s routing=765.877s ls=46.527s total=831.553s
2026-03-15 13:33:07 | INFO     | [XL-n1934-k46 ITERATION 11] mode=RB method=sk_ac_avg k=7 solver=pyvrp ls=pyvrp
2026-03-15 13:33:07 | INFO     | [XL-n1934-k46 CLUSTER] method=sk_ac_avg k=7 | sizes=[351, 373, 253, 252, 323, 36, 345] | min=36 max=373 avg=276.1
2026-03-15 13:33:07 | INFO     | [XL-n1934-k46 ROUTING] Solving clusters with pyvrp
2026-03-15 13:40:00 | INFO     | [XL-n1934-k46 NO-IMPROVEMENT] best_cost=53161 | streak=5 | Gap: 0.3416%
2026-03-15 13:40:00 | INFO     | [XL-n1934-k46 ITERATION-TIMES 11] cluster=0.058s routing=357.309s ls=56.235s total=413.632s
2026-03-15 13:40:00 | INFO     | [XL-n1934-k46 ITERATION 12] mode=VB method=fcm k=4 solver=filo2 ls=pyvrp
2026-03-15 13:40:35 | INFO     | [XL-n1934-k46 CLUSTER] method=fcm k=4 | sizes=[400, 626, 380, 527] | min=380 max=626 avg=483.2
2026-03-15 13:40:35 | INFO     | [XL-n1934-k46 ROUTING] Solving clusters with filo2
2026-03-15 14:07:38 | INFO     | [XL-n1934-k46 SCP] pruning_mode=diversity
2026-03-15 14:07:38 | INFO     | [XL-n1934-k46 SCP] solver=gurobi_mip | route_pool=549
2026-03-15 14:07:38 | INFO     | [XL-n1934-k46 SCP] optimal solution found
2026-03-15 14:08:30 | INFO     | [XL-n1934-k46 SCP-NO-IMPROVEMENT] cost=53161 (best=53161) | Gap: 0.3416%
2026-03-15 14:08:30 | INFO     | [XL-n1934-k46 NO-IMPROVEMENT] best_cost=53161 | streak=6 | Gap: 0.3416%
2026-03-15 14:08:30 | INFO     | [XL-n1934-k46 ITERATION-TIMES 12] cluster=34.941s routing=1601.405s ls=20.844s scp=52.174s total=1709.378s
2026-03-15 14:08:30 | INFO     | [XL-n1934-k46 ITERATION 13] mode=RB method=sk_ac_avg k=7 solver=pyvrp ls=pyvrp
2026-03-15 14:08:30 | INFO     | [XL-n1934-k46 CLUSTER] method=sk_ac_avg k=7 | sizes=[351, 373, 253, 252, 323, 36, 345] | min=36 max=373 avg=276.1
2026-03-15 14:08:30 | INFO     | [XL-n1934-k46 ROUTING] Solving clusters with pyvrp
2026-03-15 14:14:37 | INFO     | [XL-n1934-k46 NO-IMPROVEMENT] best_cost=53161 | streak=7 | Gap: 0.3416%
2026-03-15 14:14:37 | INFO     | [XL-n1934-k46 ITERATION-TIMES 13] cluster=0.009s routing=343.789s ls=23.367s total=367.180s
2026-03-15 14:14:37 | INFO     | [XL-n1934-k46 ITERATION 14] mode=RB method=sk_ac_complete k=8 solver=filo1 ls=pyvrp
2026-03-15 14:14:37 | INFO     | [XL-n1934-k46 CLUSTER] method=sk_ac_complete k=8 | sizes=[549, 323, 373, 125, 266, 36, 176, 85] | min=36 max=549 avg=241.6
2026-03-15 14:14:37 | INFO     | [XL-n1934-k46 ROUTING] Solving clusters with filo1
2026-03-15 14:40:23 | INFO     | 
2026-03-15 14:40:23 | INFO     | ================================================================================
2026-03-15 14:40:23 | INFO     | [XL-n1934-k46] PERIODIC SNAPSHOT SNAPSHOT_002
2026-03-15 14:40:23 | INFO     | ================================================================================
2026-03-15 14:40:23 | INFO     | Route #1: 1635 1476 1039 1911 567 1184 733 1098 1754 1360 1557 128 81 1100 967 315 270 524 1087 1354 1407 296 804 1299 1586 1336 769 758 278 949 1698 36 43 1480 1395 434 238 74 356 40 || mode=vb method=sk_kmeans solver=filo2 stage=post_ls ls=pyvrp iter=1
2026-03-15 14:40:23 | INFO     | Route #2: 1423 4 1154 507 1182 1145 1658 513 792 230 1643 528 745 1205 1669 1555 285 921 192 632 1535 991 1756 463 241 782 1925 131 244 303 481 1840 1063 35 669 112 1131 157 421 322 1466 222 1032 || mode=vb method=sk_kmeans solver=filo2 stage=post_ls ls=pyvrp iter=1
2026-03-15 14:40:23 | INFO     | Route #3: 443 1275 139 384 349 897 337 1393 643 228 1540 417 1342 1343 166 950 718 955 1774 329 1656 964 594 609 1697 225 184 1721 1188 1915 1618 1105 1854 1583 1288 409 1013 1836 877 || mode=vb method=sk_kmeans solver=filo2 stage=post_ls ls=pyvrp iter=1
2026-03-15 14:40:23 | INFO     | Route #4: 532 1207 1569 1104 1353 284 1805 634 1876 675 1483 314 1129 26 148 46 418 884 1765 1158 652 191 504 1715 11 935 1725 476 492 547 275 994 207 1449 982 663 834 654 961 || mode=vb method=sk_kmeans solver=filo2 stage=post_ls ls=pyvrp iter=1
2026-03-15 14:40:23 | INFO     | Route #5: 243 1028 918 295 433 1171 1340 857 617 323 887 861 441 116 1111 86 626 1639 15 144 1347 1827 873 1856 545 606 1286 1865 724 744 1279 1819 830 317 677 930 756 102 1139 858 839 440 1520 219 1786 1738 1217 || mode=vb method=sk_kmeans solver=filo2 stage=post_ls ls=pyvrp iter=1
2026-03-15 14:40:23 | INFO     | Route #6: 90 370 1566 757 1289 516 412 556 575 1060 784 342 480 972 1010 888 1287 362 78 876 276 1270 997 1845 1821 1832 906 1165 1878 226 66 1309 45 1846 1103 625 1525 452 1361 470 || mode=vb method=sk_kmeans solver=filo2 stage=post_ls ls=pyvrp iter=1
2026-03-15 14:40:23 | INFO     | Route #7: 1633 1049 1627 1091 775 1922 1317 1516 531 1316 1541 1777 1932 1689 377 1153 95 779 416 540 1850 59 1149 664 1183 549 794 579 249 1768 1265 1928 1394 1453 754 419 || mode=vb method=sk_kmeans solver=filo2 stage=post_ls ls=pyvrp iter=1
2026-03-15 14:40:23 | INFO     | Route #8: 372 1599 713 1444 1357 1602 361 68 1384 141 257 613 1905 1793 863 1924 1332 495 1869 969 832 1402 1438 1239 1759 85 584 363 743 1492 666 1533 1880 1923 304 1085 1605 1420 529 922 786 1899 381 || mode=vb method=sk_kmeans solver=filo2 stage=post_ls ls=pyvrp iter=1
2026-03-15 14:40:23 | INFO     | Route #9: 1192 1526 1729 1090 1779 1366 420 893 1144 1464 1537 456 842 1501 1839 55 206 1548 1849 247 891 305 511 224 1135 970 232 1179 1196 1489 621 1896 439 1549 1642 821 1271 630 334 1816 1890 580 104 1187 1859 1757 1005 216 1074 || mode=vb method=sk_kmeans solver=filo2 stage=post_ls ls=pyvrp iter=1
2026-03-15 14:40:23 | INFO     | Route #10: 570 28 1559 1693 984 586 168 231 1099 638 1817 1405 1798 498 527 1031 27 164 1652 1344 1209 1313 1127 1838 100 404 262 1676 209 52 1377 1115 612 692 1406 1117 520 1470 1236 1708 589 620 1592 707 477 || mode=vb method=sk_kmeans solver=filo2 stage=post_ls ls=pyvrp iter=1
2026-03-15 14:40:23 | INFO     | Route #11: 158 582 76 1564 824 1824 518 459 430 835 1101 614 135 1231 1688 1 761 1016 725 1086 1432 773 293 1681 597 23 1776 8 956 432 1084 1490 1066 1292 201 379 656 583 || mode=vb method=sk_kmeans solver=filo2 stage=post_ls ls=pyvrp iter=1
2026-03-15 14:40:23 | INFO     | Route #12: 722 1437 1034 1694 1762 297 1486 1459 1534 1578 1044 1781 390 854 1598 554 1929 1061 212 274 376 841 338 462 71 458 214 703 795 393 566 1198 1518 1760 1300 987 1499 1134 335 382 1431 12 1894 748 1054 || mode=scp method=gurobi_mip solver=None stage=scp_post_ls ls=N/A iter=6
2026-03-15 14:40:23 | INFO     | Route #13: 1493 1884 851 1487 899 281 1356 555 405 1509 277 925 310 1648 436 993 759 63 1733 415 237 1216 123 1247 248 1536 1329 13 913 1068 1282 608 347 1306 1577 1197 1251 844 1810 977 1178 187 624 716 195 || mode=vb method=sk_kmeans solver=filo2 stage=post_ls ls=pyvrp iter=1
2026-03-15 14:40:23 | INFO     | Route #14: 121 1900 1410 1740 391 1258 482 1371 896 558 640 1853 240 817 1223 1917 1095 971 1350 1237 900 827 438 1272 1294 557 256 366 653 394 1185 1226 124 1741 1684 1887 460 813 560 354 1719 1020 1724 1778 936 1035 333 || mode=vb method=sk_kmeans solver=filo2 stage=post_ls ls=pyvrp iter=1
2026-03-15 14:40:23 | INFO     | Route #15: 1439 1215 1770 115 387 1554 1780 521 802 636 1446 650 260 3 1450 178 1512 1121 1170 1372 687 1670 569 414 130 1137 75 80 940 952 1581 1468 682 924 181 729 1280 552 642 1424 348 966 || mode=vb method=sk_kmeans solver=filo2 stage=post_ls ls=pyvrp iter=1
2026-03-15 14:40:23 | INFO     | Route #16: 196 1409 828 563 902 1080 1180 1761 760 628 318 881 299 1326 1702 380 61 499 738 455 1477 833 1704 1732 874 1478 776 1822 1349 1417 110 60 814 1383 490 1290 1190 94 660 448 246 || mode=vb method=sk_kmeans solver=filo2 stage=post_ls ls=pyvrp iter=1
2026-03-15 14:40:23 | INFO     | Route #17: 740 975 1426 154 1416 1355 1396 146 89 1889 1458 1823 622 1189 210 236 6 591 1530 1515 1604 1191 1539 163 657 1204 1791 1440 1650 1297 1644 1232 1000 227 1339 866 || mode=vb method=sk_kmeans solver=filo2 stage=post_ls ls=pyvrp iter=1
2026-03-15 14:40:23 | INFO     | Route #18: 1260 805 1844 1700 1322 1375 1571 668 820 651 1079 1920 389 945 1089 1597 1653 1206 1675 213 1181 126 280 1463 1082 819 273 681 1716 1892 811 1194 478 1210 24 487 1069 1660 1427 1758 || mode=vb method=sk_kmeans solver=filo2 stage=post_ls ls=pyvrp iter=1
2026-03-15 14:40:23 | INFO     | Route #19: 812 688 683 1484 595 1811 1589 986 1767 601 400 29 1398 843 446 122 1296 864 1632 10 424 629 357 88 976 1784 1323 837 313 233 517 1748 1164 447 397 || mode=vb method=sk_kmeans solver=filo2 stage=post_ls ls=pyvrp iter=1
2026-03-15 14:40:23 | INFO     | Route #20: 1596 1712 1624 1385 974 298 1018 767 496 889 929 65 923 1833 633 1726 1077 1815 960 53 685 451 763 1550 1503 1249 493 709 489 1070 1027 1386 105 815 1508 1277 || mode=vb method=sk_kmeans solver=filo2 stage=post_ls ls=pyvrp iter=1
2026-03-15 14:40:23 | INFO     | Route #21: 1102 1703 1710 1713 410 369 1071 1527 1255 1764 686 282 1775 1045 610 1229 1314 1674 564 198 1007 1159 1608 506 1367 1253 1435 1783 1588 699 22 483 1519 1682 1902 514 1088 42 165 998 1262 659 || mode=vb method=sk_kmeans solver=filo2 stage=post_ls ls=pyvrp iter=1
2026-03-15 14:40:23 | INFO     | Route #22: 1284 1075 768 1795 1601 1373 137 1025 1335 523 1731 822 200 600 223 1163 1647 627 1259 1830 647 999 648 411 1626 20 161 856 1505 19 1672 1696 1324 639 698 1831 1481 1092 968 82 1584 1551 113 963 454 720 1220 1397 || mode=vb method=sk_kmeans solver=filo2 stage=post_ls ls=pyvrp iter=1
2026-03-15 14:40:23 | INFO     | Route #23: 155 1378 947 1730 1690 398 1568 641 428 1177 1122 562 980 1737 1224 1766 160 853 810 1433 307 1200 193 1113 714 1485 1906 990 1312 103 1736 846 324 1620 || mode=vb method=sk_kmeans solver=filo2 stage=post_ls ls=pyvrp iter=1
2026-03-15 14:40:23 | INFO     | Route #24: 1893 883 264 407 1590 1455 793 177 1345 1926 1901 1460 816 559 1161 1727 1157 1711 1242 479 690 1219 1083 1172 1868 592 1274 573 672 665 1812 1118 1857 1871 1419 245 1744 1661 1241 || mode=vb method=sk_kmeans solver=filo2 stage=post_ls ls=pyvrp iter=1
2026-03-15 14:40:23 | INFO     | Route #25: 173 803 1785 717 1024 1415 1351 1668 1545 360 180 290 684 730 749 1056 1875 637 712 577 1059 615 1595 576 345 186 1531 596 1851 373 1467 1895 907 1521 1046 1430 1162 1879 1570 886 726 1211 || mode=vb method=sk_kmeans solver=filo2 stage=post_ls ls=pyvrp iter=1
2026-03-15 14:40:23 | INFO     | Route #26: 1666 1114 471 279 1376 1645 670 581 1891 1222 1631 176 1443 1017 33 676 494 1753 401 611 799 739 1341 1513 939 283 1576 461 1663 1346 1787 1903 44 951 1330 301 107 344 111 1462 1619 5 538 77 1745 || mode=vb method=sk_kmeans solver=filo2 stage=post_ls ls=pyvrp iter=1
2026-03-15 14:40:23 | INFO     | Route #27: 119 188 1434 1517 1609 497 1014 308 865 268 1331 73 778 1065 836 1752 1146 1252 1927 1722 1214 250 1751 635 1723 321 220 848 781 179 1562 1050 1790 48 869 522 1657 1881 1507 981 1872 973 700 1123 721 395 || mode=vb method=sk_kmeans solver=filo2 stage=post_ls ls=pyvrp iter=1
2026-03-15 14:40:23 | INFO     | Route #28: 871 269 1106 136 661 96 526 1913 1469 1474 185 501 1413 1062 1858 199 125 142 1166 818 1212 829 1228 143 1628 1734 796 1256 1076 1128 1585 98 646 1659 429 543 1051 736 890 17 909 602 || mode=vb method=sk_kmeans solver=filo2 stage=post_ls ls=pyvrp iter=1
2026-03-15 14:40:23 | INFO     | Route #29: 331 352 109 1022 823 785 1451 287 1116 1246 1809 1714 1572 1701 204 1611 1276 1073 488 926 1447 485 1303 1033 674 1257 309 1268 1860 732 374 1898 1298 263 259 1718 1582 948 || mode=vb method=sk_kmeans solver=filo2 stage=post_ls ls=pyvrp iter=1
2026-03-15 14:40:23 | INFO     | Route #30: 788 1514 1621 903 1882 1679 607 1143 30 87 386 1202 807 1293 534 1311 1047 346 1160 694 486 598 1264 1141 798 1380 1125 937 1334 658 1072 292 878 1664 189 1037 1042 132 1400 1563 1428 1502 1174 588 772 97 995 693 || mode=vb method=sk_kmeans solver=filo2 stage=post_ls ls=pyvrp iter=1
2026-03-15 14:40:23 | INFO     | Route #31: 917 1695 437 742 944 117 1006 1547 801 217 988 1094 957 351 1148 1680 825 512 358 502 755 1498 500 92 942 1248 667 1772 928 145 41 378 1482 272 515 680 1686 1261 619 1169 288 319 1651 695 578 1130 364 983 1418 || mode=vb method=sk_kmeans solver=filo2 stage=post_ls ls=pyvrp iter=1
2026-03-15 14:40:23 | INFO     | Route #32: 72 1195 546 312 910 838 1529 992 1235 1107 1877 1421 431 51 1479 1874 1138 1234 1456 1328 465 1705 464 806 1763 1370 1230 1365 1746 1593 852 147 1616 1907 1837 306 1497 946 167 1151 7 1254 252 978 || mode=vb method=sk_kmeans solver=filo2 stage=post_ls ls=pyvrp iter=1
2026-03-15 14:40:23 | INFO     | Route #33: 1641 350 697 938 341 1883 229 1278 1931 265 1269 1392 1636 1829 1667 1368 1454 919 1799 388 1038 1706 734 1142 261 194 1655 1173 728 267 1471 1870 762 1739 1637 565 1587 1720 392 21 1558 1374 1093 847 || mode=vb method=sk_kmeans solver=filo2 stage=post_ls ls=pyvrp iter=1
2026-03-15 14:40:23 | INFO     | Route #34: 603 882 1029 1315 14 79 1908 1707 1567 1390 190 571 1506 475 1803 1425 673 472 787 1600 809 1801 1614 1369 1186 330 572 208 1124 1325 1429 450 826 1147 162 47 879 901 1132 1411 1011 800 1560 1008 1399 || mode=vb method=sk_kmeans solver=filo2 stage=post_ls ls=pyvrp iter=1
2026-03-15 14:40:23 | INFO     | Route #35: 1445 1687 1615 31 93 1155 339 996 426 1403 875 1813 1318 1023 1909 1175 912 16 880 1538 1302 1665 723 604 904 941 316 197 151 691 1914 1009 83 916 359 1112 704 1156 708 1221 || mode=vb method=sk_kmeans solver=filo2 stage=post_ls ls=pyvrp iter=1
2026-03-15 14:40:23 | INFO     | Route #36: 1243 1305 54 1036 1295 766 1461 1218 1208 574 1528 159 1580 1388 789 325 1055 1510 367 1782 1321 1021 1327 1152 1804 1362 1408 934 453 1057 702 1126 845 1473 254 1119 867 1673 340 84 37 || mode=vb method=sk_kmeans solver=filo2 stage=post_ls ls=pyvrp iter=1
2026-03-15 14:40:23 | INFO     | Route #37: 1167 423 371 1646 1573 1828 953 1802 808 99 69 215 868 1337 915 106 1244 1613 1575 1532 662 469 1841 156 101 737 1607 1012 239 1412 402 550 235 1001 1193 1910 25 18 735 291 1422 34 1662 1495 175 1825 701 1504 413 1542 || mode=vb method=sk_kmeans solver=filo2 stage=post_ls ls=pyvrp iter=1
2026-03-15 14:40:23 | INFO     | Route #38: 114 1886 649 1199 57 1002 1814 328 644 258 1867 1064 171 1640 266 533 958 138 353 711 67 954 300 530 182 706 1019 1048 1053 1610 1742 1281 474 1794 561 678 587 1543 1579 1285 892 1391 905 39 1788 1625 894 || mode=vb method=sk_kmeans solver=filo2 stage=post_ls ls=pyvrp iter=1
2026-03-15 14:40:23 | INFO     | Route #39: 425 255 1622 509 1904 679 1847 1855 1358 790 427 548 1818 1565 1381 1441 1544 205 599 1041 1364 445 1843 1267 508 403 525 872 618 859 797 1488 855 1747 505 1404 765 1750 311 705 989 985 791 1826 320 1916 108 590 || mode=rb method=sk_ac_complete solver=pyvrp stage=post_ls ls=pyvrp iter=4
2026-03-15 14:40:23 | INFO     | Route #40: 645 466 780 1820 1692 169 1176 1291 1096 1771 943 777 1630 1201 133 920 689 1921 519 542 671 1848 1888 1494 1283 1030 1465 1213 771 467 1930 1015 1552 1728 457 1685 444 1307 1594 32 || mode=rb method=sk_ac_complete solver=pyvrp stage=post_ls ls=pyvrp iter=4
2026-03-15 14:40:23 | INFO     | Route #41: 715 1078 1227 1363 1524 253 368 1866 56 1110 1671 1338 1052 1496 539 553 289 64 1789 408 134 1755 396 1797 1556 1250 911 70 933 741 1773 1717 365 2 || mode=rb method=sk_ac_complete solver=pyvrp stage=post_ls ls=pyvrp iter=4
2026-03-15 14:40:23 | INFO     | Route #42: 211 568 1081 1591 38 962 731 399 1233 750 1387 1004 510 605 1058 1835 770 1861 1097 1612 1273 153 1333 1691 1677 1863 1709 183 468 862 1442 1168 1379 91 1617 1523 1040 1108 1654 850 221 1864 || mode=rb method=sk_ac_complete solver=pyvrp stage=post_ls ls=pyvrp iter=4
2026-03-15 14:40:23 | INFO     | Route #43: 932 326 150 251 719 1026 1842 1834 118 375 140 343 302 914 1553 202 898 9 1266 774 1500 840 234 1472 1448 1808 908 120 959 1348 62 965 1749 484 1511 535 1352 || mode=rb method=sk_ac_complete solver=pyvrp stage=post_ls ls=pyvrp iter=4
2026-03-15 14:40:23 | INFO     | Route #44: 1245 332 885 783 50 1436 503 1634 751 1606 753 895 1796 1308 1800 1043 1150 696 1678 1546 1136 1359 1852 623 631 1561 1109 831 1638 1735 537 1792 1912 1629 || mode=rb method=sk_ac_complete solver=pyvrp stage=post_ls ls=pyvrp iter=4
2026-03-15 14:40:23 | INFO     | Route #45: 860 541 1885 710 294 1683 1475 1304 271 655 593 536 1603 1263 336 1310 491 435 49 218 1806 585 1743 1452 1769 442 1807 927 355 1649 152 1862 1003 1382 383 1203 422 242 127 172 1933 1699 || mode=rb method=sk_ac_complete solver=pyvrp stage=post_ls ls=pyvrp iter=4
2026-03-15 14:40:23 | INFO     | Route #46: 1918 1623 1301 747 449 149 327 1522 616 931 203 58 1897 170 849 385 1120 473 746 1320 1240 1414 1574 1067 1238 544 979 1319 764 551 1140 129 727 1457 1133 1491 1225 752 1389 406 286 1919 1401 1873 870 174 || mode=rb method=sk_ac_complete solver=pyvrp stage=post_ls ls=pyvrp iter=4
2026-03-15 14:40:23 | INFO     | 
2026-03-15 14:40:23 | INFO     | [BEST SOLUTION ROUTE SUMMARY]
2026-03-15 14:40:23 | INFO     | --------------------------------------------------------------------------------
2026-03-15 14:40:23 | INFO     |   37 routes | VB    | sk_kmeans       | solver=filo2      | stage=post_ls | ls=pyvrp
2026-03-15 14:40:23 | INFO     |    8 routes | RB    | sk_ac_complete  | solver=pyvrp      | stage=post_ls | ls=pyvrp
2026-03-15 14:40:23 | INFO     |    1 routes | SCP   | gurobi_mip      | solver=UNKNOWN    | stage=scp_post_ls | ls=N/A
2026-03-15 14:40:23 | INFO     | 
2026-03-15 14:40:23 | INFO     | [ROUTE POOL SUMMARY]
2026-03-15 14:40:23 | INFO     |    94 routes | VB | fcm | solver=filo2 | stage=post_ls | ls=pyvrp
2026-03-15 14:40:23 | INFO     |    93 routes | VB | sk_kmeans | solver=filo2 | stage=post_ls | ls=pyvrp
2026-03-15 14:40:23 | INFO     |    90 routes | RB | sk_ac_complete | solver=pyvrp | stage=post_ls | ls=pyvrp
2026-03-15 14:40:23 | INFO     |    73 routes | RB | sk_ac_avg | solver=pyvrp | stage=post_ls | ls=pyvrp
2026-03-15 14:40:23 | INFO     |    71 routes | RB | sk_ac_complete | solver=filo1 | stage=post_ls | ls=pyvrp
2026-03-15 14:40:23 | INFO     |    48 routes | VB | fcm | solver=filo1 | stage=post_ls | ls=pyvrp
2026-03-15 14:40:23 | INFO     |    47 routes | VB | sk_ac_min | solver=pyvrp | stage=post_ls | ls=pyvrp
2026-03-15 14:40:23 | INFO     |    47 routes | VB | sk_ac_min | solver=filo1 | stage=post_ls | ls=pyvrp
2026-03-15 14:40:23 | INFO     |    45 routes | RB | sk_kmeans | solver=filo1 | stage=post_ls | ls=pyvrp
2026-03-15 14:40:23 | INFO     |     1 routes | SCP | gurobi_mip | solver=UNKNOWN | stage=scp_post_ls | ls=N/A
2026-03-15 14:40:23 | INFO     | [XL-n1934-k46 NO-IMPROVEMENT] best_cost=53161 | streak=8 | Gap: 0.3416%
2026-03-15 14:40:23 | INFO     | [XL-n1934-k46 ITERATION-TIMES 14] cluster=0.008s routing=1486.207s ls=59.313s total=1545.716s
2026-03-15 14:40:23 | INFO     | [XL-n1934-k46 ITERATION 15] mode=RB method=sk_ac_complete k=2 solver=filo2 ls=pyvrp
2026-03-15 14:40:23 | INFO     | [XL-n1934-k46 CLUSTER] method=sk_ac_complete k=2 | sizes=[1047, 886] | min=886 max=1047 avg=966.5
2026-03-15 14:40:23 | INFO     | [XL-n1934-k46 ROUTING] Solving clusters with filo2
2026-03-15 15:14:07 | INFO     | [XL-n1934-k46 SCP] pruning_mode=diversity
2026-03-15 15:14:07 | INFO     | [XL-n1934-k46 SCP] solver=gurobi_mip | route_pool=652
2026-03-15 15:14:15 | INFO     | [XL-n1934-k46 SCP] optimal solution found
2026-03-15 15:15:32 | INFO     | [XL-n1934-k46 SCP-NO-IMPROVEMENT] cost=53161 (best=53161) | Gap: 0.3416%
2026-03-15 15:15:32 | INFO     | [XL-n1934-k46 NO-IMPROVEMENT] best_cost=53161 | streak=9 | Gap: 0.3416%
2026-03-15 15:15:32 | INFO     | [XL-n1934-k46 ITERATION-TIMES 15] cluster=0.075s routing=1957.777s ls=66.309s scp=85.203s total=2109.500s
2026-03-15 15:15:32 | INFO     | [XL-n1934-k46 ITERATION 16] mode=RB method=sk_ac_complete k=3 solver=pyvrp ls=pyvrp
2026-03-15 15:15:32 | INFO     | [XL-n1934-k46 CLUSTER] method=sk_ac_complete k=3 | sizes=[886, 674, 373] | min=373 max=886 avg=644.3
2026-03-15 15:15:32 | INFO     | [XL-n1934-k46 ROUTING] Solving clusters with pyvrp
2026-03-15 15:23:43 | INFO     | [XL-n1934-k46 NO-IMPROVEMENT] best_cost=53161 | streak=10 | Gap: 0.3416%
2026-03-15 15:23:43 | INFO     | [XL-n1934-k46 ITERATION-TIMES 16] cluster=0.063s routing=415.358s ls=75.241s total=490.687s
2026-03-15 15:23:43 | INFO     | [XL-n1934-k46 ITERATION 17] mode=VB method=sk_kmeans k=8 solver=filo2 ls=pyvrp
2026-03-15 15:24:20 | INFO     | [XL-n1934-k46 CLUSTER] method=sk_kmeans k=8 | sizes=[176, 339, 338, 155, 218, 221, 208, 278] | min=155 max=339 avg=241.6
2026-03-15 15:24:20 | INFO     | [XL-n1934-k46 ROUTING] Solving clusters with filo2
2026-03-15 15:41:14 | INFO     | 
2026-03-15 15:41:14 | INFO     | ================================================================================
2026-03-15 15:41:14 | INFO     | [XL-n1934-k46] PERIODIC SNAPSHOT SNAPSHOT_003
2026-03-15 15:41:14 | INFO     | ================================================================================
2026-03-15 15:41:14 | INFO     | Route #1: 1635 1476 1039 1911 567 1184 733 1098 1754 1360 1557 128 81 1100 967 315 270 524 1087 1354 1407 296 804 1299 1586 1336 769 758 278 949 1698 36 43 1480 1395 434 238 74 356 40 || mode=vb method=sk_kmeans solver=filo2 stage=post_ls ls=pyvrp iter=1
2026-03-15 15:41:14 | INFO     | Route #2: 1423 4 1154 507 1182 1145 1658 513 792 230 1643 528 745 1205 1669 1555 285 921 192 632 1535 991 1756 463 241 782 1925 131 244 303 481 1840 1063 35 669 112 1131 157 421 322 1466 222 1032 || mode=vb method=sk_kmeans solver=filo2 stage=post_ls ls=pyvrp iter=1
2026-03-15 15:41:14 | INFO     | Route #3: 443 1275 139 384 349 897 337 1393 643 228 1540 417 1342 1343 166 950 718 955 1774 329 1656 964 594 609 1697 225 184 1721 1188 1915 1618 1105 1854 1583 1288 409 1013 1836 877 || mode=vb method=sk_kmeans solver=filo2 stage=post_ls ls=pyvrp iter=1
2026-03-15 15:41:14 | INFO     | Route #4: 532 1207 1569 1104 1353 284 1805 634 1876 675 1483 314 1129 26 148 46 418 884 1765 1158 652 191 504 1715 11 935 1725 476 492 547 275 994 207 1449 982 663 834 654 961 || mode=vb method=sk_kmeans solver=filo2 stage=post_ls ls=pyvrp iter=1
2026-03-15 15:41:14 | INFO     | Route #5: 243 1028 918 295 433 1171 1340 857 617 323 887 861 441 116 1111 86 626 1639 15 144 1347 1827 873 1856 545 606 1286 1865 724 744 1279 1819 830 317 677 930 756 102 1139 858 839 440 1520 219 1786 1738 1217 || mode=vb method=sk_kmeans solver=filo2 stage=post_ls ls=pyvrp iter=1
2026-03-15 15:41:14 | INFO     | Route #6: 90 370 1566 757 1289 516 412 556 575 1060 784 342 480 972 1010 888 1287 362 78 876 276 1270 997 1845 1821 1832 906 1165 1878 226 66 1309 45 1846 1103 625 1525 452 1361 470 || mode=vb method=sk_kmeans solver=filo2 stage=post_ls ls=pyvrp iter=1
2026-03-15 15:41:14 | INFO     | Route #7: 1633 1049 1627 1091 775 1922 1317 1516 531 1316 1541 1777 1932 1689 377 1153 95 779 416 540 1850 59 1149 664 1183 549 794 579 249 1768 1265 1928 1394 1453 754 419 || mode=vb method=sk_kmeans solver=filo2 stage=post_ls ls=pyvrp iter=1
2026-03-15 15:41:14 | INFO     | Route #8: 372 1599 713 1444 1357 1602 361 68 1384 141 257 613 1905 1793 863 1924 1332 495 1869 969 832 1402 1438 1239 1759 85 584 363 743 1492 666 1533 1880 1923 304 1085 1605 1420 529 922 786 1899 381 || mode=vb method=sk_kmeans solver=filo2 stage=post_ls ls=pyvrp iter=1
2026-03-15 15:41:14 | INFO     | Route #9: 1192 1526 1729 1090 1779 1366 420 893 1144 1464 1537 456 842 1501 1839 55 206 1548 1849 247 891 305 511 224 1135 970 232 1179 1196 1489 621 1896 439 1549 1642 821 1271 630 334 1816 1890 580 104 1187 1859 1757 1005 216 1074 || mode=vb method=sk_kmeans solver=filo2 stage=post_ls ls=pyvrp iter=1
2026-03-15 15:41:14 | INFO     | Route #10: 570 28 1559 1693 984 586 168 231 1099 638 1817 1405 1798 498 527 1031 27 164 1652 1344 1209 1313 1127 1838 100 404 262 1676 209 52 1377 1115 612 692 1406 1117 520 1470 1236 1708 589 620 1592 707 477 || mode=vb method=sk_kmeans solver=filo2 stage=post_ls ls=pyvrp iter=1
2026-03-15 15:41:14 | INFO     | Route #11: 158 582 76 1564 824 1824 518 459 430 835 1101 614 135 1231 1688 1 761 1016 725 1086 1432 773 293 1681 597 23 1776 8 956 432 1084 1490 1066 1292 201 379 656 583 || mode=vb method=sk_kmeans solver=filo2 stage=post_ls ls=pyvrp iter=1
2026-03-15 15:41:14 | INFO     | Route #12: 722 1437 1034 1694 1762 297 1486 1459 1534 1578 1044 1781 390 854 1598 554 1929 1061 212 274 376 841 338 462 71 458 214 703 795 393 566 1198 1518 1760 1300 987 1499 1134 335 382 1431 12 1894 748 1054 || mode=scp method=gurobi_mip solver=None stage=scp_post_ls ls=N/A iter=6
2026-03-15 15:41:14 | INFO     | Route #13: 1493 1884 851 1487 899 281 1356 555 405 1509 277 925 310 1648 436 993 759 63 1733 415 237 1216 123 1247 248 1536 1329 13 913 1068 1282 608 347 1306 1577 1197 1251 844 1810 977 1178 187 624 716 195 || mode=vb method=sk_kmeans solver=filo2 stage=post_ls ls=pyvrp iter=1
2026-03-15 15:41:14 | INFO     | Route #14: 121 1900 1410 1740 391 1258 482 1371 896 558 640 1853 240 817 1223 1917 1095 971 1350 1237 900 827 438 1272 1294 557 256 366 653 394 1185 1226 124 1741 1684 1887 460 813 560 354 1719 1020 1724 1778 936 1035 333 || mode=vb method=sk_kmeans solver=filo2 stage=post_ls ls=pyvrp iter=1
2026-03-15 15:41:14 | INFO     | Route #15: 1439 1215 1770 115 387 1554 1780 521 802 636 1446 650 260 3 1450 178 1512 1121 1170 1372 687 1670 569 414 130 1137 75 80 940 952 1581 1468 682 924 181 729 1280 552 642 1424 348 966 || mode=vb method=sk_kmeans solver=filo2 stage=post_ls ls=pyvrp iter=1
2026-03-15 15:41:14 | INFO     | Route #16: 196 1409 828 563 902 1080 1180 1761 760 628 318 881 299 1326 1702 380 61 499 738 455 1477 833 1704 1732 874 1478 776 1822 1349 1417 110 60 814 1383 490 1290 1190 94 660 448 246 || mode=vb method=sk_kmeans solver=filo2 stage=post_ls ls=pyvrp iter=1
2026-03-15 15:41:14 | INFO     | Route #17: 740 975 1426 154 1416 1355 1396 146 89 1889 1458 1823 622 1189 210 236 6 591 1530 1515 1604 1191 1539 163 657 1204 1791 1440 1650 1297 1644 1232 1000 227 1339 866 || mode=vb method=sk_kmeans solver=filo2 stage=post_ls ls=pyvrp iter=1
2026-03-15 15:41:14 | INFO     | Route #18: 1260 805 1844 1700 1322 1375 1571 668 820 651 1079 1920 389 945 1089 1597 1653 1206 1675 213 1181 126 280 1463 1082 819 273 681 1716 1892 811 1194 478 1210 24 487 1069 1660 1427 1758 || mode=vb method=sk_kmeans solver=filo2 stage=post_ls ls=pyvrp iter=1
2026-03-15 15:41:14 | INFO     | Route #19: 812 688 683 1484 595 1811 1589 986 1767 601 400 29 1398 843 446 122 1296 864 1632 10 424 629 357 88 976 1784 1323 837 313 233 517 1748 1164 447 397 || mode=vb method=sk_kmeans solver=filo2 stage=post_ls ls=pyvrp iter=1
2026-03-15 15:41:14 | INFO     | Route #20: 1596 1712 1624 1385 974 298 1018 767 496 889 929 65 923 1833 633 1726 1077 1815 960 53 685 451 763 1550 1503 1249 493 709 489 1070 1027 1386 105 815 1508 1277 || mode=vb method=sk_kmeans solver=filo2 stage=post_ls ls=pyvrp iter=1
2026-03-15 15:41:14 | INFO     | Route #21: 1102 1703 1710 1713 410 369 1071 1527 1255 1764 686 282 1775 1045 610 1229 1314 1674 564 198 1007 1159 1608 506 1367 1253 1435 1783 1588 699 22 483 1519 1682 1902 514 1088 42 165 998 1262 659 || mode=vb method=sk_kmeans solver=filo2 stage=post_ls ls=pyvrp iter=1
2026-03-15 15:41:14 | INFO     | Route #22: 1284 1075 768 1795 1601 1373 137 1025 1335 523 1731 822 200 600 223 1163 1647 627 1259 1830 647 999 648 411 1626 20 161 856 1505 19 1672 1696 1324 639 698 1831 1481 1092 968 82 1584 1551 113 963 454 720 1220 1397 || mode=vb method=sk_kmeans solver=filo2 stage=post_ls ls=pyvrp iter=1
2026-03-15 15:41:14 | INFO     | Route #23: 155 1378 947 1730 1690 398 1568 641 428 1177 1122 562 980 1737 1224 1766 160 853 810 1433 307 1200 193 1113 714 1485 1906 990 1312 103 1736 846 324 1620 || mode=vb method=sk_kmeans solver=filo2 stage=post_ls ls=pyvrp iter=1
2026-03-15 15:41:14 | INFO     | Route #24: 1893 883 264 407 1590 1455 793 177 1345 1926 1901 1460 816 559 1161 1727 1157 1711 1242 479 690 1219 1083 1172 1868 592 1274 573 672 665 1812 1118 1857 1871 1419 245 1744 1661 1241 || mode=vb method=sk_kmeans solver=filo2 stage=post_ls ls=pyvrp iter=1
2026-03-15 15:41:14 | INFO     | Route #25: 173 803 1785 717 1024 1415 1351 1668 1545 360 180 290 684 730 749 1056 1875 637 712 577 1059 615 1595 576 345 186 1531 596 1851 373 1467 1895 907 1521 1046 1430 1162 1879 1570 886 726 1211 || mode=vb method=sk_kmeans solver=filo2 stage=post_ls ls=pyvrp iter=1
2026-03-15 15:41:14 | INFO     | Route #26: 1666 1114 471 279 1376 1645 670 581 1891 1222 1631 176 1443 1017 33 676 494 1753 401 611 799 739 1341 1513 939 283 1576 461 1663 1346 1787 1903 44 951 1330 301 107 344 111 1462 1619 5 538 77 1745 || mode=vb method=sk_kmeans solver=filo2 stage=post_ls ls=pyvrp iter=1
2026-03-15 15:41:14 | INFO     | Route #27: 119 188 1434 1517 1609 497 1014 308 865 268 1331 73 778 1065 836 1752 1146 1252 1927 1722 1214 250 1751 635 1723 321 220 848 781 179 1562 1050 1790 48 869 522 1657 1881 1507 981 1872 973 700 1123 721 395 || mode=vb method=sk_kmeans solver=filo2 stage=post_ls ls=pyvrp iter=1
2026-03-15 15:41:14 | INFO     | Route #28: 871 269 1106 136 661 96 526 1913 1469 1474 185 501 1413 1062 1858 199 125 142 1166 818 1212 829 1228 143 1628 1734 796 1256 1076 1128 1585 98 646 1659 429 543 1051 736 890 17 909 602 || mode=vb method=sk_kmeans solver=filo2 stage=post_ls ls=pyvrp iter=1
2026-03-15 15:41:14 | INFO     | Route #29: 331 352 109 1022 823 785 1451 287 1116 1246 1809 1714 1572 1701 204 1611 1276 1073 488 926 1447 485 1303 1033 674 1257 309 1268 1860 732 374 1898 1298 263 259 1718 1582 948 || mode=vb method=sk_kmeans solver=filo2 stage=post_ls ls=pyvrp iter=1
2026-03-15 15:41:14 | INFO     | Route #30: 788 1514 1621 903 1882 1679 607 1143 30 87 386 1202 807 1293 534 1311 1047 346 1160 694 486 598 1264 1141 798 1380 1125 937 1334 658 1072 292 878 1664 189 1037 1042 132 1400 1563 1428 1502 1174 588 772 97 995 693 || mode=vb method=sk_kmeans solver=filo2 stage=post_ls ls=pyvrp iter=1
2026-03-15 15:41:14 | INFO     | Route #31: 917 1695 437 742 944 117 1006 1547 801 217 988 1094 957 351 1148 1680 825 512 358 502 755 1498 500 92 942 1248 667 1772 928 145 41 378 1482 272 515 680 1686 1261 619 1169 288 319 1651 695 578 1130 364 983 1418 || mode=vb method=sk_kmeans solver=filo2 stage=post_ls ls=pyvrp iter=1
2026-03-15 15:41:14 | INFO     | Route #32: 72 1195 546 312 910 838 1529 992 1235 1107 1877 1421 431 51 1479 1874 1138 1234 1456 1328 465 1705 464 806 1763 1370 1230 1365 1746 1593 852 147 1616 1907 1837 306 1497 946 167 1151 7 1254 252 978 || mode=vb method=sk_kmeans solver=filo2 stage=post_ls ls=pyvrp iter=1
2026-03-15 15:41:14 | INFO     | Route #33: 1641 350 697 938 341 1883 229 1278 1931 265 1269 1392 1636 1829 1667 1368 1454 919 1799 388 1038 1706 734 1142 261 194 1655 1173 728 267 1471 1870 762 1739 1637 565 1587 1720 392 21 1558 1374 1093 847 || mode=vb method=sk_kmeans solver=filo2 stage=post_ls ls=pyvrp iter=1
2026-03-15 15:41:14 | INFO     | Route #34: 603 882 1029 1315 14 79 1908 1707 1567 1390 190 571 1506 475 1803 1425 673 472 787 1600 809 1801 1614 1369 1186 330 572 208 1124 1325 1429 450 826 1147 162 47 879 901 1132 1411 1011 800 1560 1008 1399 || mode=vb method=sk_kmeans solver=filo2 stage=post_ls ls=pyvrp iter=1
2026-03-15 15:41:14 | INFO     | Route #35: 1445 1687 1615 31 93 1155 339 996 426 1403 875 1813 1318 1023 1909 1175 912 16 880 1538 1302 1665 723 604 904 941 316 197 151 691 1914 1009 83 916 359 1112 704 1156 708 1221 || mode=vb method=sk_kmeans solver=filo2 stage=post_ls ls=pyvrp iter=1
2026-03-15 15:41:14 | INFO     | Route #36: 1243 1305 54 1036 1295 766 1461 1218 1208 574 1528 159 1580 1388 789 325 1055 1510 367 1782 1321 1021 1327 1152 1804 1362 1408 934 453 1057 702 1126 845 1473 254 1119 867 1673 340 84 37 || mode=vb method=sk_kmeans solver=filo2 stage=post_ls ls=pyvrp iter=1
2026-03-15 15:41:14 | INFO     | Route #37: 1167 423 371 1646 1573 1828 953 1802 808 99 69 215 868 1337 915 106 1244 1613 1575 1532 662 469 1841 156 101 737 1607 1012 239 1412 402 550 235 1001 1193 1910 25 18 735 291 1422 34 1662 1495 175 1825 701 1504 413 1542 || mode=vb method=sk_kmeans solver=filo2 stage=post_ls ls=pyvrp iter=1
2026-03-15 15:41:14 | INFO     | Route #38: 114 1886 649 1199 57 1002 1814 328 644 258 1867 1064 171 1640 266 533 958 138 353 711 67 954 300 530 182 706 1019 1048 1053 1610 1742 1281 474 1794 561 678 587 1543 1579 1285 892 1391 905 39 1788 1625 894 || mode=vb method=sk_kmeans solver=filo2 stage=post_ls ls=pyvrp iter=1
2026-03-15 15:41:14 | INFO     | Route #39: 425 255 1622 509 1904 679 1847 1855 1358 790 427 548 1818 1565 1381 1441 1544 205 599 1041 1364 445 1843 1267 508 403 525 872 618 859 797 1488 855 1747 505 1404 765 1750 311 705 989 985 791 1826 320 1916 108 590 || mode=rb method=sk_ac_complete solver=pyvrp stage=post_ls ls=pyvrp iter=4
2026-03-15 15:41:14 | INFO     | Route #40: 645 466 780 1820 1692 169 1176 1291 1096 1771 943 777 1630 1201 133 920 689 1921 519 542 671 1848 1888 1494 1283 1030 1465 1213 771 467 1930 1015 1552 1728 457 1685 444 1307 1594 32 || mode=rb method=sk_ac_complete solver=pyvrp stage=post_ls ls=pyvrp iter=4
2026-03-15 15:41:14 | INFO     | Route #41: 715 1078 1227 1363 1524 253 368 1866 56 1110 1671 1338 1052 1496 539 553 289 64 1789 408 134 1755 396 1797 1556 1250 911 70 933 741 1773 1717 365 2 || mode=rb method=sk_ac_complete solver=pyvrp stage=post_ls ls=pyvrp iter=4
2026-03-15 15:41:14 | INFO     | Route #42: 211 568 1081 1591 38 962 731 399 1233 750 1387 1004 510 605 1058 1835 770 1861 1097 1612 1273 153 1333 1691 1677 1863 1709 183 468 862 1442 1168 1379 91 1617 1523 1040 1108 1654 850 221 1864 || mode=rb method=sk_ac_complete solver=pyvrp stage=post_ls ls=pyvrp iter=4
2026-03-15 15:41:14 | INFO     | Route #43: 932 326 150 251 719 1026 1842 1834 118 375 140 343 302 914 1553 202 898 9 1266 774 1500 840 234 1472 1448 1808 908 120 959 1348 62 965 1749 484 1511 535 1352 || mode=rb method=sk_ac_complete solver=pyvrp stage=post_ls ls=pyvrp iter=4
2026-03-15 15:41:14 | INFO     | Route #44: 1245 332 885 783 50 1436 503 1634 751 1606 753 895 1796 1308 1800 1043 1150 696 1678 1546 1136 1359 1852 623 631 1561 1109 831 1638 1735 537 1792 1912 1629 || mode=rb method=sk_ac_complete solver=pyvrp stage=post_ls ls=pyvrp iter=4
2026-03-15 15:41:14 | INFO     | Route #45: 860 541 1885 710 294 1683 1475 1304 271 655 593 536 1603 1263 336 1310 491 435 49 218 1806 585 1743 1452 1769 442 1807 927 355 1649 152 1862 1003 1382 383 1203 422 242 127 172 1933 1699 || mode=rb method=sk_ac_complete solver=pyvrp stage=post_ls ls=pyvrp iter=4
2026-03-15 15:41:14 | INFO     | Route #46: 1918 1623 1301 747 449 149 327 1522 616 931 203 58 1897 170 849 385 1120 473 746 1320 1240 1414 1574 1067 1238 544 979 1319 764 551 1140 129 727 1457 1133 1491 1225 752 1389 406 286 1919 1401 1873 870 174 || mode=rb method=sk_ac_complete solver=pyvrp stage=post_ls ls=pyvrp iter=4
2026-03-15 15:41:14 | INFO     | 
2026-03-15 15:41:14 | INFO     | [BEST SOLUTION ROUTE SUMMARY]
2026-03-15 15:41:14 | INFO     | --------------------------------------------------------------------------------
2026-03-15 15:41:14 | INFO     |   37 routes | VB    | sk_kmeans       | solver=filo2      | stage=post_ls | ls=pyvrp
2026-03-15 15:41:14 | INFO     |    8 routes | RB    | sk_ac_complete  | solver=pyvrp      | stage=post_ls | ls=pyvrp
2026-03-15 15:41:14 | INFO     |    1 routes | SCP   | gurobi_mip      | solver=UNKNOWN    | stage=scp_post_ls | ls=N/A
2026-03-15 15:41:14 | INFO     | 
2026-03-15 15:41:14 | INFO     | [ROUTE POOL SUMMARY]
2026-03-15 15:41:14 | INFO     |   139 routes | VB | sk_kmeans | solver=filo2 | stage=post_ls | ls=pyvrp
2026-03-15 15:41:14 | INFO     |   136 routes | RB | sk_ac_complete | solver=pyvrp | stage=post_ls | ls=pyvrp
2026-03-15 15:41:14 | INFO     |    94 routes | VB | fcm | solver=filo2 | stage=post_ls | ls=pyvrp
2026-03-15 15:41:14 | INFO     |    73 routes | RB | sk_ac_avg | solver=pyvrp | stage=post_ls | ls=pyvrp
2026-03-15 15:41:14 | INFO     |    71 routes | RB | sk_ac_complete | solver=filo1 | stage=post_ls | ls=pyvrp
2026-03-15 15:41:14 | INFO     |    48 routes | VB | fcm | solver=filo1 | stage=post_ls | ls=pyvrp
2026-03-15 15:41:14 | INFO     |    47 routes | VB | sk_ac_min | solver=pyvrp | stage=post_ls | ls=pyvrp
2026-03-15 15:41:14 | INFO     |    47 routes | VB | sk_ac_min | solver=filo1 | stage=post_ls | ls=pyvrp
2026-03-15 15:41:14 | INFO     |    45 routes | RB | sk_kmeans | solver=filo1 | stage=post_ls | ls=pyvrp
2026-03-15 15:41:14 | INFO     |    43 routes | RB | sk_ac_complete | solver=filo2 | stage=post_ls | ls=pyvrp
2026-03-15 15:41:14 | INFO     |     1 routes | SCP | gurobi_mip | solver=UNKNOWN | stage=scp_post_ls | ls=N/A
2026-03-15 15:41:14 | INFO     | [XL-n1934-k46 NO-IMPROVEMENT] best_cost=53161 | streak=11 | Gap: 0.3416%
2026-03-15 15:41:14 | INFO     | [XL-n1934-k46 ITERATION-TIMES 17] cluster=36.701s routing=954.827s ls=59.267s total=1050.850s
2026-03-15 15:41:14 | INFO     | [XL-n1934-k46 ITERATION 18] mode=VB method=fcm k=3 solver=pyvrp ls=pyvrp
2026-03-15 15:41:34 | INFO     | [XL-n1934-k46 CLUSTER] method=fcm k=3 | sizes=[383, 763, 787] | min=383 max=787 avg=644.3
2026-03-15 15:41:34 | INFO     | [XL-n1934-k46 ROUTING] Solving clusters with pyvrp
2026-03-15 15:47:59 | INFO     | [XL-n1934-k46 SCP] pruning_mode=diversity
2026-03-15 15:47:59 | INFO     | [XL-n1934-k46 SCP] solver=gurobi_mip | route_pool=791
2026-03-15 15:48:03 | INFO     | [XL-n1934-k46 SCP] optimal solution found
2026-03-15 15:48:46 | INFO     | [XL-n1934-k46 SCP-NO-IMPROVEMENT] cost=53161 (best=53161) | Gap: 0.3416%
2026-03-15 15:48:46 | INFO     | [XL-n1934-k46 NO-IMPROVEMENT] best_cost=53161 | streak=12 | Gap: 0.3416%
2026-03-15 15:48:46 | INFO     | [XL-n1934-k46 ITERATION-TIMES 18] cluster=20.097s routing=337.586s ls=47.423s scp=47.515s total=452.665s
2026-03-15 15:48:46 | INFO     | [XL-n1934-k46 ITERATION 19] mode=RB method=sk_ac_avg k=5 solver=filo2 ls=pyvrp
2026-03-15 15:48:46 | INFO     | [XL-n1934-k46 CLUSTER] method=sk_ac_avg k=5 | sizes=[633, 351, 253, 373, 323] | min=253 max=633 avg=386.6
2026-03-15 15:48:46 | INFO     | [XL-n1934-k46 ROUTING] Solving clusters with filo2
2026-03-15 16:05:11 | INFO     | [XL-n1934-k46 NO-IMPROVEMENT] best_cost=53161 | streak=13 | Gap: 0.3416%
2026-03-15 16:05:11 | INFO     | [XL-n1934-k46 ITERATION-TIMES 19] cluster=0.009s routing=956.601s ls=28.162s total=984.832s
2026-03-15 16:05:11 | INFO     | [XL-n1934-k46 ITERATION 20] mode=RB method=sk_ac_min k=10 solver=filo2 ls=pyvrp
2026-03-15 16:05:11 | INFO     | [XL-n1934-k46 CLUSTER] method=sk_ac_min k=10 | sizes=[235, 373, 266, 549, 85, 42, 48, 36, 211, 88] | min=36 max=549 avg=193.3
2026-03-15 16:05:11 | INFO     | [XL-n1934-k46 ROUTING] Solving clusters with filo2
2026-03-15 16:14:07 | INFO     | [XL-n1934-k46 NO-IMPROVEMENT] best_cost=53161 | streak=14 | Gap: 0.3416%
2026-03-15 16:14:07 | INFO     | [XL-n1934-k46 ITERATION-TIMES 20] cluster=0.029s routing=496.804s ls=38.893s total=535.754s
2026-03-15 16:14:07 | INFO     | [XL-n1934-k46 ITERATION 21] mode=VB method=k_medoids_pyclustering k=9 solver=filo1 ls=pyvrp
2026-03-15 16:16:21 | INFO     | [XL-n1934-k46 CLUSTER] method=k_medoids_pyclustering k=9 | sizes=[391, 222, 118, 210, 344, 204, 122, 143, 179] | min=118 max=391 avg=214.8
2026-03-15 16:16:21 | INFO     | [XL-n1934-k46 ROUTING] Solving clusters with filo1
2026-03-15 16:27:13 | INFO     | [XL-n1934-k46 SCP] pruning_mode=diversity
2026-03-15 16:27:13 | INFO     | [XL-n1934-k46 SCP] solver=gurobi_mip | route_pool=913
2026-03-15 16:27:18 | INFO     | [XL-n1934-k46 SCP] optimal solution found
2026-03-15 16:28:03 | INFO     | [XL-n1934-k46 IMPROVED-SCP] best_cost=53159 | Gap: 0.3379%
2026-03-15 16:28:03 | INFO     | [XL-n1934-k46 ITERATION-TIMES 21] cluster=134.302s routing=599.654s ls=52.061s scp=50.461s total=836.497s
2026-03-15 16:28:03 | INFO     | [XL-n1934-k46 ITERATION 22] mode=VB method=fcm k=6 solver=filo2 ls=pyvrp
2026-03-15 16:28:22 | INFO     | [XL-n1934-k46 CLUSTER] method=fcm k=6 | sizes=[208, 357, 329, 258, 191, 590] | min=191 max=590 avg=322.2
2026-03-15 16:28:22 | INFO     | [XL-n1934-k46 ROUTING] Solving clusters with filo2
2026-03-15 16:43:51 | INFO     | 
2026-03-15 16:43:51 | INFO     | ================================================================================
2026-03-15 16:43:51 | INFO     | [XL-n1934-k46] PERIODIC SNAPSHOT SNAPSHOT_004
2026-03-15 16:43:51 | INFO     | ================================================================================
2026-03-15 16:43:51 | INFO     | Route #1: 1635 1476 1039 1911 567 1184 733 1098 1754 1360 1557 128 81 1100 967 315 270 524 1087 1354 1407 296 804 1299 1586 1336 769 758 278 949 1698 36 43 1480 1395 434 238 74 356 40 || mode=vb method=sk_kmeans solver=filo2 stage=post_ls ls=pyvrp iter=1
2026-03-15 16:43:51 | INFO     | Route #2: 1423 4 1154 507 1182 1145 1658 513 792 230 1643 528 745 1205 1669 1555 285 921 192 632 1535 991 1756 463 241 782 1925 131 244 303 481 1840 1063 35 669 112 1131 157 421 322 1466 222 1032 || mode=vb method=sk_kmeans solver=filo2 stage=post_ls ls=pyvrp iter=1
2026-03-15 16:43:51 | INFO     | Route #3: 443 1275 139 384 349 897 337 1393 643 228 1540 417 1342 1343 166 950 718 955 1774 329 1656 964 594 609 1697 225 184 1721 1188 1915 1618 1105 1854 1583 1288 409 1013 1836 877 || mode=vb method=sk_kmeans solver=filo2 stage=post_ls ls=pyvrp iter=1
2026-03-15 16:43:51 | INFO     | Route #4: 243 1028 918 295 433 1171 1340 857 617 323 887 861 441 116 1111 86 626 1639 15 144 1347 1827 873 1856 545 606 1286 1865 724 744 1279 1819 830 317 677 930 756 102 1139 858 839 440 1520 219 1786 1738 1217 || mode=vb method=sk_kmeans solver=filo2 stage=post_ls ls=pyvrp iter=1
2026-03-15 16:43:51 | INFO     | Route #5: 90 370 1566 757 1289 516 412 556 575 1060 784 342 480 972 1010 888 1287 362 78 876 276 1270 997 1845 1821 1832 906 1165 1878 226 66 1309 45 1846 1103 625 1525 452 1361 470 || mode=vb method=sk_kmeans solver=filo2 stage=post_ls ls=pyvrp iter=1
2026-03-15 16:43:51 | INFO     | Route #6: 1633 1049 1627 1091 775 1922 1317 1516 531 1316 1541 1777 1932 1689 377 1153 95 779 416 540 1850 59 1149 664 1183 549 794 579 249 1768 1265 1928 1394 1453 754 419 || mode=vb method=sk_kmeans solver=filo2 stage=post_ls ls=pyvrp iter=1
2026-03-15 16:43:51 | INFO     | Route #7: 372 1599 713 1444 1357 1602 361 68 1384 141 257 613 1905 1793 863 1924 1332 495 1869 969 832 1402 1438 1239 1759 85 584 363 743 1492 666 1533 1880 1923 304 1085 1605 1420 529 922 786 1899 381 || mode=vb method=sk_kmeans solver=filo2 stage=post_ls ls=pyvrp iter=1
2026-03-15 16:43:51 | INFO     | Route #8: 570 28 1559 1693 984 586 168 231 1099 638 1817 1405 1798 498 527 1031 27 164 1652 1344 1209 1313 1127 1838 100 404 262 1676 209 52 1377 1115 612 692 1406 1117 520 1470 1236 1708 589 620 1592 707 477 || mode=vb method=sk_kmeans solver=filo2 stage=post_ls ls=pyvrp iter=1
2026-03-15 16:43:51 | INFO     | Route #9: 158 582 76 1564 824 1824 518 459 430 835 1101 614 135 1231 1688 1 761 1016 725 1086 1432 773 293 1681 597 23 1776 8 956 432 1084 1490 1066 1292 201 379 656 583 || mode=vb method=sk_kmeans solver=filo2 stage=post_ls ls=pyvrp iter=1
2026-03-15 16:43:51 | INFO     | Route #10: 1493 1884 851 1487 899 281 1356 555 405 1509 277 925 310 1648 436 993 759 63 1733 415 237 1216 123 1247 248 1536 1329 13 913 1068 1282 608 347 1306 1577 1197 1251 844 1810 977 1178 187 624 716 195 || mode=vb method=sk_kmeans solver=filo2 stage=post_ls ls=pyvrp iter=1
2026-03-15 16:43:51 | INFO     | Route #11: 121 1900 1410 1740 391 1258 482 1371 896 558 640 1853 240 817 1223 1917 1095 971 1350 1237 900 827 438 1272 1294 557 256 366 653 394 1185 1226 124 1741 1684 1887 460 813 560 354 1719 1020 1724 1778 936 1035 333 || mode=vb method=sk_kmeans solver=filo2 stage=post_ls ls=pyvrp iter=1
2026-03-15 16:43:51 | INFO     | Route #12: 1439 1215 1770 115 387 1554 1780 521 802 636 1446 650 260 3 1450 178 1512 1121 1170 1372 687 1670 569 414 130 1137 75 80 940 952 1581 1468 682 924 181 729 1280 552 642 1424 348 966 || mode=vb method=sk_kmeans solver=filo2 stage=post_ls ls=pyvrp iter=1
2026-03-15 16:43:51 | INFO     | Route #13: 196 1409 828 563 902 1080 1180 1761 760 628 318 881 299 1326 1702 380 61 499 738 455 1477 833 1704 1732 874 1478 776 1822 1349 1417 110 60 814 1383 490 1290 1190 94 660 448 246 || mode=vb method=sk_kmeans solver=filo2 stage=post_ls ls=pyvrp iter=1
2026-03-15 16:43:51 | INFO     | Route #14: 740 975 1426 154 1416 1355 1396 146 89 1889 1458 1823 622 1189 210 236 6 591 1530 1515 1604 1191 1539 163 657 1204 1791 1440 1650 1297 1644 1232 1000 227 1339 866 || mode=vb method=sk_kmeans solver=filo2 stage=post_ls ls=pyvrp iter=1
2026-03-15 16:43:51 | INFO     | Route #15: 812 688 683 1484 595 1811 1589 986 1767 601 400 29 1398 843 446 122 1296 864 1632 10 424 629 357 88 976 1784 1323 837 313 233 517 1748 1164 447 397 || mode=vb method=sk_kmeans solver=filo2 stage=post_ls ls=pyvrp iter=1
2026-03-15 16:43:51 | INFO     | Route #16: 1596 1712 1624 1385 974 298 1018 767 496 889 929 65 923 1833 633 1726 1077 1815 960 53 685 451 763 1550 1503 1249 493 709 489 1070 1027 1386 105 815 1508 1277 || mode=vb method=sk_kmeans solver=filo2 stage=post_ls ls=pyvrp iter=1
2026-03-15 16:43:51 | INFO     | Route #17: 1102 1703 1710 1713 410 369 1071 1527 1255 1764 686 282 1775 1045 610 1229 1314 1674 564 198 1007 1159 1608 506 1367 1253 1435 1783 1588 699 22 483 1519 1682 1902 514 1088 42 165 998 1262 659 || mode=vb method=sk_kmeans solver=filo2 stage=post_ls ls=pyvrp iter=1
2026-03-15 16:43:51 | INFO     | Route #18: 1284 1075 768 1795 1601 1373 137 1025 1335 523 1731 822 200 600 223 1163 1647 627 1259 1830 647 999 648 411 1626 20 161 856 1505 19 1672 1696 1324 639 698 1831 1481 1092 968 82 1584 1551 113 963 454 720 1220 1397 || mode=vb method=sk_kmeans solver=filo2 stage=post_ls ls=pyvrp iter=1
2026-03-15 16:43:51 | INFO     | Route #19: 155 1378 947 1730 1690 398 1568 641 428 1177 1122 562 980 1737 1224 1766 160 853 810 1433 307 1200 193 1113 714 1485 1906 990 1312 103 1736 846 324 1620 || mode=vb method=sk_kmeans solver=filo2 stage=post_ls ls=pyvrp iter=1
2026-03-15 16:43:51 | INFO     | Route #20: 1893 883 264 407 1590 1455 793 177 1345 1926 1901 1460 816 559 1161 1727 1157 1711 1242 479 690 1219 1083 1172 1868 592 1274 573 672 665 1812 1118 1857 1871 1419 245 1744 1661 1241 || mode=vb method=sk_kmeans solver=filo2 stage=post_ls ls=pyvrp iter=1
2026-03-15 16:43:51 | INFO     | Route #21: 173 803 1785 717 1024 1415 1351 1668 1545 360 180 290 684 730 749 1056 1875 637 712 577 1059 615 1595 576 345 186 1531 596 1851 373 1467 1895 907 1521 1046 1430 1162 1879 1570 886 726 1211 || mode=vb method=sk_kmeans solver=filo2 stage=post_ls ls=pyvrp iter=1
2026-03-15 16:43:51 | INFO     | Route #22: 1666 1114 471 279 1376 1645 670 581 1891 1222 1631 176 1443 1017 33 676 494 1753 401 611 799 739 1341 1513 939 283 1576 461 1663 1346 1787 1903 44 951 1330 301 107 344 111 1462 1619 5 538 77 1745 || mode=vb method=sk_kmeans solver=filo2 stage=post_ls ls=pyvrp iter=1
2026-03-15 16:43:51 | INFO     | Route #23: 119 188 1434 1517 1609 497 1014 308 865 268 1331 73 778 1065 836 1752 1146 1252 1927 1722 1214 250 1751 635 1723 321 220 848 781 179 1562 1050 1790 48 869 522 1657 1881 1507 981 1872 973 700 1123 721 395 || mode=vb method=sk_kmeans solver=filo2 stage=post_ls ls=pyvrp iter=1
2026-03-15 16:43:51 | INFO     | Route #24: 871 269 1106 136 661 96 526 1913 1469 1474 185 501 1413 1062 1858 199 125 142 1166 818 1212 829 1228 143 1628 1734 796 1256 1076 1128 1585 98 646 1659 429 543 1051 736 890 17 909 602 || mode=vb method=sk_kmeans solver=filo2 stage=post_ls ls=pyvrp iter=1
2026-03-15 16:43:51 | INFO     | Route #25: 331 352 109 1022 823 785 1451 287 1116 1246 1809 1714 1572 1701 204 1611 1276 1073 488 926 1447 485 1303 1033 674 1257 309 1268 1860 732 374 1898 1298 263 259 1718 1582 948 || mode=vb method=sk_kmeans solver=filo2 stage=post_ls ls=pyvrp iter=1
2026-03-15 16:43:51 | INFO     | Route #26: 788 1514 1621 903 1882 1679 607 1143 30 87 386 1202 807 1293 534 1311 1047 346 1160 694 486 598 1264 1141 798 1380 1125 937 1334 658 1072 292 878 1664 189 1037 1042 132 1400 1563 1428 1502 1174 588 772 97 995 693 || mode=vb method=sk_kmeans solver=filo2 stage=post_ls ls=pyvrp iter=1
2026-03-15 16:43:51 | INFO     | Route #27: 917 1695 437 742 944 117 1006 1547 801 217 988 1094 957 351 1148 1680 825 512 358 502 755 1498 500 92 942 1248 667 1772 928 145 41 378 1482 272 515 680 1686 1261 619 1169 288 319 1651 695 578 1130 364 983 1418 || mode=vb method=sk_kmeans solver=filo2 stage=post_ls ls=pyvrp iter=1
2026-03-15 16:43:51 | INFO     | Route #28: 72 1195 546 312 910 838 1529 992 1235 1107 1877 1421 431 51 1479 1874 1138 1234 1456 1328 465 1705 464 806 1763 1370 1230 1365 1746 1593 852 147 1616 1907 1837 306 1497 946 167 1151 7 1254 252 978 || mode=vb method=sk_kmeans solver=filo2 stage=post_ls ls=pyvrp iter=1
2026-03-15 16:43:51 | INFO     | Route #29: 1641 350 697 938 341 1883 229 1278 1931 265 1269 1392 1636 1829 1667 1368 1454 919 1799 388 1038 1706 734 1142 261 194 1655 1173 728 267 1471 1870 762 1739 1637 565 1587 1720 392 21 1558 1374 1093 847 || mode=vb method=sk_kmeans solver=filo2 stage=post_ls ls=pyvrp iter=1
2026-03-15 16:43:51 | INFO     | Route #30: 603 882 1029 1315 14 79 1908 1707 1567 1390 190 571 1506 475 1803 1425 673 472 787 1600 809 1801 1614 1369 1186 330 572 208 1124 1325 1429 450 826 1147 162 47 879 901 1132 1411 1011 800 1560 1008 1399 || mode=vb method=sk_kmeans solver=filo2 stage=post_ls ls=pyvrp iter=1
2026-03-15 16:43:51 | INFO     | Route #31: 1445 1687 1615 31 93 1155 339 996 426 1403 875 1813 1318 1023 1909 1175 912 16 880 1538 1302 1665 723 604 904 941 316 197 151 691 1914 1009 83 916 359 1112 704 1156 708 1221 || mode=vb method=sk_kmeans solver=filo2 stage=post_ls ls=pyvrp iter=1
2026-03-15 16:43:51 | INFO     | Route #32: 1243 1305 54 1036 1295 766 1461 1218 1208 574 1528 159 1580 1388 789 325 1055 1510 367 1782 1321 1021 1327 1152 1804 1362 1408 934 453 1057 702 1126 845 1473 254 1119 867 1673 340 84 37 || mode=vb method=sk_kmeans solver=filo2 stage=post_ls ls=pyvrp iter=1
2026-03-15 16:43:51 | INFO     | Route #33: 1167 423 371 1646 1573 1828 953 1802 808 99 69 215 868 1337 915 106 1244 1613 1575 1532 662 469 1841 156 101 737 1607 1012 239 1412 402 550 235 1001 1193 1910 25 18 735 291 1422 34 1662 1495 175 1825 701 1504 413 1542 || mode=vb method=sk_kmeans solver=filo2 stage=post_ls ls=pyvrp iter=1
2026-03-15 16:43:51 | INFO     | Route #34: 114 1886 649 1199 57 1002 1814 328 644 258 1867 1064 171 1640 266 533 958 138 353 711 67 954 300 530 182 706 1019 1048 1053 1610 1742 1281 474 1794 561 678 587 1543 1579 1285 892 1391 905 39 1788 1625 894 || mode=vb method=sk_kmeans solver=filo2 stage=post_ls ls=pyvrp iter=1
2026-03-15 16:43:51 | INFO     | Route #35: 425 255 1622 509 1904 679 1847 1855 1358 790 427 548 1818 1565 1381 1441 1544 205 599 1041 1364 445 1843 1267 508 403 525 872 618 859 797 1488 855 1747 505 1404 765 1750 311 705 989 985 791 1826 320 1916 108 590 || mode=rb method=sk_ac_complete solver=pyvrp stage=post_ls ls=pyvrp iter=4
2026-03-15 16:43:51 | INFO     | Route #36: 645 466 780 1820 1692 169 1176 1291 1096 1771 943 777 1630 1201 133 920 689 1921 519 542 671 1848 1888 1494 1283 1030 1465 1213 771 467 1930 1015 1552 1728 457 1685 444 1307 1594 32 || mode=rb method=sk_ac_complete solver=pyvrp stage=post_ls ls=pyvrp iter=4
2026-03-15 16:43:51 | INFO     | Route #37: 715 1078 1227 1363 1524 253 368 1866 56 1110 1671 1338 1052 1496 539 553 289 64 1789 408 134 1755 396 1797 1556 1250 911 70 933 741 1773 1717 365 2 || mode=rb method=sk_ac_complete solver=pyvrp stage=post_ls ls=pyvrp iter=4
2026-03-15 16:43:51 | INFO     | Route #38: 211 568 1081 1591 38 962 731 399 1233 750 1387 1004 510 605 1058 1835 770 1861 1097 1612 1273 153 1333 1691 1677 1863 1709 183 468 862 1442 1168 1379 91 1617 1523 1040 1108 1654 850 221 1864 || mode=rb method=sk_ac_complete solver=pyvrp stage=post_ls ls=pyvrp iter=4
2026-03-15 16:43:51 | INFO     | Route #39: 932 326 150 251 719 1026 1842 1834 118 375 140 343 302 914 1553 202 898 9 1266 774 1500 840 234 1472 1448 1808 908 120 959 1348 62 965 1749 484 1511 535 1352 || mode=rb method=sk_ac_complete solver=pyvrp stage=post_ls ls=pyvrp iter=4
2026-03-15 16:43:51 | INFO     | Route #40: 1245 332 885 783 50 1436 503 1634 751 1606 753 895 1796 1308 1800 1043 1150 696 1678 1546 1136 1359 1852 623 631 1561 1109 831 1638 1735 537 1792 1912 1629 || mode=rb method=sk_ac_complete solver=pyvrp stage=post_ls ls=pyvrp iter=4
2026-03-15 16:43:51 | INFO     | Route #41: 860 541 1885 710 294 1683 1475 1304 271 655 593 536 1603 1263 336 1310 491 435 49 218 1806 585 1743 1452 1769 442 1807 927 355 1649 152 1862 1003 1382 383 1203 422 242 127 172 1933 1699 || mode=rb method=sk_ac_complete solver=pyvrp stage=post_ls ls=pyvrp iter=4
2026-03-15 16:43:51 | INFO     | Route #42: 1918 1623 1301 747 449 149 327 1522 616 931 203 58 1897 170 849 385 1120 473 746 1320 1240 1414 1574 1067 1238 544 979 1319 764 551 1140 129 727 1457 1133 1491 1225 752 1389 406 286 1919 1401 1873 870 174 || mode=rb method=sk_ac_complete solver=pyvrp stage=post_ls ls=pyvrp iter=4
2026-03-15 16:43:51 | INFO     | Route #43: 1074 1207 216 1005 1757 1859 1571 668 104 580 1890 1816 334 630 1271 821 1642 1549 439 1896 621 1489 1196 1179 232 126 280 376 274 212 1061 1929 854 390 1781 1044 1578 1534 1300 987 297 1762 1694 1034 1437 722 1758 1054 || mode=rb method=sk_ac_min solver=filo2 stage=post_ls ls=pyvrp iter=20
2026-03-15 16:43:51 | INFO     | Route #44: 748 1894 12 1431 382 335 1134 1499 1760 1518 1198 566 1598 554 393 795 703 214 458 71 462 338 841 970 1135 224 511 305 891 247 1849 1548 206 55 1839 1501 842 456 1537 1464 1144 893 420 1366 1779 1090 1729 1526 1192 || mode=rb method=sk_ac_min solver=filo2 stage=post_ls ls=pyvrp iter=20
2026-03-15 16:43:51 | INFO     | Route #45: 1427 1660 1069 1486 1459 487 24 1210 478 1194 811 1892 1716 681 273 819 1082 1463 1181 213 1675 1206 1653 1597 1089 945 389 820 651 1079 1920 1322 1375 1700 1844 805 532 1260 || mode=rb method=sk_ac_min solver=filo2 stage=post_ls ls=pyvrp iter=20
2026-03-15 16:43:51 | INFO     | Route #46: 1569 1104 1353 284 1805 634 1876 1187 314 1483 1129 26 148 46 418 884 1765 1158 652 191 504 1715 11 935 1725 476 492 547 275 675 994 207 1449 982 663 834 654 961 || mode=rb method=sk_ac_min solver=filo2 stage=post_ls ls=pyvrp iter=20
2026-03-15 16:43:51 | INFO     | 
2026-03-15 16:43:51 | INFO     | [BEST SOLUTION ROUTE SUMMARY]
2026-03-15 16:43:51 | INFO     | --------------------------------------------------------------------------------
2026-03-15 16:43:51 | INFO     |   34 routes | VB    | sk_kmeans       | solver=filo2      | stage=post_ls | ls=pyvrp
2026-03-15 16:43:51 | INFO     |    8 routes | RB    | sk_ac_complete  | solver=pyvrp      | stage=post_ls | ls=pyvrp
2026-03-15 16:43:51 | INFO     |    4 routes | RB    | sk_ac_min       | solver=filo2      | stage=post_ls | ls=pyvrp
2026-03-15 16:43:52 | INFO     | 
2026-03-15 16:43:52 | INFO     | [ROUTE POOL SUMMARY]
2026-03-15 16:43:52 | INFO     |   141 routes | VB | fcm | solver=filo2 | stage=post_ls | ls=pyvrp
2026-03-15 16:43:52 | INFO     |   139 routes | VB | sk_kmeans | solver=filo2 | stage=post_ls | ls=pyvrp
2026-03-15 16:43:52 | INFO     |   136 routes | RB | sk_ac_complete | solver=pyvrp | stage=post_ls | ls=pyvrp
2026-03-15 16:43:52 | INFO     |    73 routes | RB | sk_ac_avg | solver=pyvrp | stage=post_ls | ls=pyvrp
2026-03-15 16:43:52 | INFO     |    71 routes | RB | sk_ac_complete | solver=filo1 | stage=post_ls | ls=pyvrp
2026-03-15 16:43:52 | INFO     |    48 routes | VB | fcm | solver=filo1 | stage=post_ls | ls=pyvrp
2026-03-15 16:43:52 | INFO     |    48 routes | VB | k_medoids_pyclustering | solver=filo1 | stage=post_ls | ls=pyvrp
2026-03-15 16:43:52 | INFO     |    47 routes | VB | sk_ac_min | solver=pyvrp | stage=post_ls | ls=pyvrp
2026-03-15 16:43:52 | INFO     |    47 routes | VB | sk_ac_min | solver=filo1 | stage=post_ls | ls=pyvrp
2026-03-15 16:43:52 | INFO     |    47 routes | VB | fcm | solver=pyvrp | stage=post_ls | ls=pyvrp
2026-03-15 16:43:52 | INFO     |    45 routes | RB | sk_kmeans | solver=filo1 | stage=post_ls | ls=pyvrp
2026-03-15 16:43:52 | INFO     |    43 routes | RB | sk_ac_complete | solver=filo2 | stage=post_ls | ls=pyvrp
2026-03-15 16:43:52 | INFO     |    38 routes | RB | sk_ac_min | solver=filo2 | stage=post_ls | ls=pyvrp
2026-03-15 16:43:52 | INFO     |    36 routes | RB | sk_ac_avg | solver=filo2 | stage=post_ls | ls=pyvrp
2026-03-15 16:43:52 | INFO     |     1 routes | SCP | gurobi_mip | solver=UNKNOWN | stage=scp_post_ls | ls=N/A
2026-03-15 16:43:52 | INFO     | [XL-n1934-k46 NO-IMPROVEMENT] best_cost=53159 | streak=1 | Gap: 0.3379%
2026-03-15 16:43:52 | INFO     | [XL-n1934-k46 ITERATION-TIMES 22] cluster=18.493s routing=863.456s ls=65.928s total=948.164s
2026-03-15 16:43:52 | INFO     | [XL-n1934-k46 ITERATION 23] mode=VB method=sk_ac_min k=2 solver=pyvrp ls=pyvrp
2026-03-15 16:44:17 | INFO     | [XL-n1934-k46 CLUSTER] method=sk_ac_min k=2 | sizes=[1932, 1] | min=1 max=1932 avg=966.5
2026-03-15 16:44:17 | INFO     | [XL-n1934-k46 ROUTING] Solving clusters with pyvrp
2026-03-15 16:49:40 | INFO     | [XL-n1934-k46 NO-IMPROVEMENT] best_cost=53159 | streak=2 | Gap: 0.3379%
2026-03-15 16:49:40 | INFO     | [XL-n1934-k46 ITERATION-TIMES 23] cluster=25.004s routing=264.263s ls=59.106s total=348.430s
2026-03-15 16:49:40 | INFO     | [XL-n1934-k46 ITERATION 24] mode=RB method=sk_ac_complete k=3 solver=filo1 ls=pyvrp
2026-03-15 16:49:40 | INFO     | [XL-n1934-k46 CLUSTER] method=sk_ac_complete k=3 | sizes=[886, 674, 373] | min=373 max=886 avg=644.3
2026-03-15 16:49:40 | INFO     | [XL-n1934-k46 ROUTING] Solving clusters with filo1
2026-03-15 17:25:53 | INFO     | [XL-n1934-k46 SCP] pruning_mode=diversity
2026-03-15 17:25:53 | INFO     | [XL-n1934-k46 SCP] solver=gurobi_mip | route_pool=1037
2026-03-15 17:26:05 | INFO     | [XL-n1934-k46 SCP] optimal solution found
2026-03-15 17:26:43 | INFO     | [XL-n1934-k46 IMPROVED-SCP] best_cost=53147 | Gap: 0.3152%
2026-03-15 17:26:43 | INFO     | [XL-n1934-k46 ITERATION-TIMES 24] cluster=0.023s routing=2119.712s ls=53.550s scp=49.612s total=2222.967s
2026-03-15 17:26:43 | INFO     | [XL-n1934-k46 ITERATION 25] mode=RB method=sk_ac_complete k=5 solver=pyvrp ls=pyvrp
2026-03-15 17:26:43 | INFO     | [XL-n1934-k46 CLUSTER] method=sk_ac_complete k=5 | sizes=[585, 301, 373, 351, 323] | min=301 max=585 avg=386.6
2026-03-15 17:26:43 | INFO     | [XL-n1934-k46 ROUTING] Solving clusters with pyvrp
2026-03-15 17:33:18 | INFO     | [XL-n1934-k46 NO-IMPROVEMENT] best_cost=53147 | streak=1 | Gap: 0.3152%
2026-03-15 17:33:18 | INFO     | [XL-n1934-k46 ITERATION-TIMES 25] cluster=0.011s routing=365.572s ls=29.650s total=395.277s
2026-03-15 17:33:18 | INFO     | [XL-n1934-k46 ITERATION 26] mode=VB method=sk_kmeans k=2 solver=pyvrp ls=pyvrp
2026-03-15 17:33:45 | INFO     | [XL-n1934-k46 CLUSTER] method=sk_kmeans k=2 | sizes=[1199, 734] | min=734 max=1199 avg=966.5
2026-03-15 17:33:45 | INFO     | [XL-n1934-k46 ROUTING] Solving clusters with pyvrp
2026-03-15 17:40:39 | INFO     | [XL-n1934-k46 NO-IMPROVEMENT] best_cost=53147 | streak=2 | Gap: 0.3152%
2026-03-15 17:40:39 | INFO     | [XL-n1934-k46 ITERATION-TIMES 26] cluster=26.385s routing=361.594s ls=52.505s total=440.511s
2026-03-15 17:40:39 | INFO     | [XL-n1934-k46 ITERATION 27] mode=VB method=k_medoids_pyclustering k=8 solver=pyvrp ls=pyvrp
2026-03-15 17:41:48 | INFO     | [XL-n1934-k46 CLUSTER] method=k_medoids_pyclustering k=8 | sizes=[359, 212, 117, 329, 393, 224, 179, 120] | min=117 max=393 avg=241.6
2026-03-15 17:41:48 | INFO     | [XL-n1934-k46 ROUTING] Solving clusters with pyvrp
2026-03-15 17:47:57 | INFO     | [XL-n1934-k46 SCP] pruning_mode=diversity
2026-03-15 17:47:57 | INFO     | [XL-n1934-k46 SCP] solver=gurobi_mip | route_pool=1173
2026-03-15 17:48:01 | INFO     | [XL-n1934-k46 SCP] optimal solution found
2026-03-15 17:48:22 | INFO     | [XL-n1934-k46 SCP-NO-IMPROVEMENT] cost=53147 (best=53147) | Gap: 0.3152%
2026-03-15 17:48:22 | INFO     | 
2026-03-15 17:48:22 | INFO     | ================================================================================
2026-03-15 17:48:22 | INFO     | [XL-n1934-k46] PERIODIC SNAPSHOT SNAPSHOT_005
2026-03-15 17:48:22 | INFO     | ================================================================================
2026-03-15 17:48:22 | INFO     | Route #1: 1635 1476 1039 1911 567 1184 733 1098 1754 1360 1557 128 81 1100 967 315 270 524 1087 1354 1407 296 804 1299 1586 1336 769 758 278 949 1698 36 43 1480 1395 434 238 74 356 40 || mode=vb method=sk_kmeans solver=filo2 stage=post_ls ls=pyvrp iter=1
2026-03-15 17:48:22 | INFO     | Route #2: 1423 4 1154 507 1182 1145 1658 513 792 230 1643 528 745 1205 1669 1555 285 921 192 632 1535 991 1756 463 241 782 1925 131 244 303 481 1840 1063 35 669 112 1131 157 421 322 1466 222 1032 || mode=vb method=sk_kmeans solver=filo2 stage=post_ls ls=pyvrp iter=1
2026-03-15 17:48:22 | INFO     | Route #3: 443 1275 139 384 349 897 337 1393 643 228 1540 417 1342 1343 166 950 718 955 1774 329 1656 964 594 609 1697 225 184 1721 1188 1915 1618 1105 1854 1583 1288 409 1013 1836 877 || mode=vb method=sk_kmeans solver=filo2 stage=post_ls ls=pyvrp iter=1
2026-03-15 17:48:22 | INFO     | Route #4: 243 1028 918 295 433 1171 1340 857 617 323 887 861 441 116 1111 86 626 1639 15 144 1347 1827 873 1856 545 606 1286 1865 724 744 1279 1819 830 317 677 930 756 102 1139 858 839 440 1520 219 1786 1738 1217 || mode=vb method=sk_kmeans solver=filo2 stage=post_ls ls=pyvrp iter=1
2026-03-15 17:48:22 | INFO     | Route #5: 90 370 1566 757 1289 516 412 556 575 1060 784 342 480 972 1010 888 1287 362 78 876 276 1270 997 1845 1821 1832 906 1165 1878 226 66 1309 45 1846 1103 625 1525 452 1361 470 || mode=vb method=sk_kmeans solver=filo2 stage=post_ls ls=pyvrp iter=1
2026-03-15 17:48:22 | INFO     | Route #6: 1633 1049 1627 1091 775 1922 1317 1516 531 1316 1541 1777 1932 1689 377 1153 95 779 416 540 1850 59 1149 664 1183 549 794 579 249 1768 1265 1928 1394 1453 754 419 || mode=vb method=sk_kmeans solver=filo2 stage=post_ls ls=pyvrp iter=1
2026-03-15 17:48:22 | INFO     | Route #7: 372 1599 713 1444 1357 1602 361 68 1384 141 257 613 1905 1793 863 1924 1332 495 1869 969 832 1402 1438 1239 1759 85 584 363 743 1492 666 1533 1880 1923 304 1085 1605 1420 529 922 786 1899 381 || mode=vb method=sk_kmeans solver=filo2 stage=post_ls ls=pyvrp iter=1
2026-03-15 17:48:22 | INFO     | Route #8: 570 28 1559 1693 984 586 168 231 1099 638 1817 1405 1798 498 527 1031 27 164 1652 1344 1209 1313 1127 1838 100 404 262 1676 209 52 1377 1115 612 692 1406 1117 520 1470 1236 1708 589 620 1592 707 477 || mode=vb method=sk_kmeans solver=filo2 stage=post_ls ls=pyvrp iter=1
2026-03-15 17:48:22 | INFO     | Route #9: 158 582 76 1564 824 1824 518 459 430 835 1101 614 135 1231 1688 1 761 1016 725 1086 1432 773 293 1681 597 23 1776 8 956 432 1084 1490 1066 1292 201 379 656 583 || mode=vb method=sk_kmeans solver=filo2 stage=post_ls ls=pyvrp iter=1
2026-03-15 17:48:22 | INFO     | Route #10: 121 1900 1410 1740 391 1258 482 1371 896 558 640 1853 240 817 1223 1917 1095 971 1350 1237 900 827 438 1272 1294 557 256 366 653 394 1185 1226 124 1741 1684 1887 460 813 560 354 1719 1020 1724 1778 936 1035 333 || mode=vb method=sk_kmeans solver=filo2 stage=post_ls ls=pyvrp iter=1
2026-03-15 17:48:22 | INFO     | Route #11: 1439 1215 1770 115 387 1554 1780 521 802 636 1446 650 260 3 1450 178 1512 1121 1170 1372 687 1670 569 414 130 1137 75 80 940 952 1581 1468 682 924 181 729 1280 552 642 1424 348 966 || mode=vb method=sk_kmeans solver=filo2 stage=post_ls ls=pyvrp iter=1
2026-03-15 17:48:22 | INFO     | Route #12: 740 975 1426 154 1416 1355 1396 146 89 1889 1458 1823 622 1189 210 236 6 591 1530 1515 1604 1191 1539 163 657 1204 1791 1440 1650 1297 1644 1232 1000 227 1339 866 || mode=vb method=sk_kmeans solver=filo2 stage=post_ls ls=pyvrp iter=1
2026-03-15 17:48:22 | INFO     | Route #13: 812 688 683 1484 595 1811 1589 986 1767 601 400 29 1398 843 446 122 1296 864 1632 10 424 629 357 88 976 1784 1323 837 313 233 517 1748 1164 447 397 || mode=vb method=sk_kmeans solver=filo2 stage=post_ls ls=pyvrp iter=1
2026-03-15 17:48:22 | INFO     | Route #14: 1596 1712 1624 1385 974 298 1018 767 496 889 929 65 923 1833 633 1726 1077 1815 960 53 685 451 763 1550 1503 1249 493 709 489 1070 1027 1386 105 815 1508 1277 || mode=vb method=sk_kmeans solver=filo2 stage=post_ls ls=pyvrp iter=1
2026-03-15 17:48:22 | INFO     | Route #15: 1102 1703 1710 1713 410 369 1071 1527 1255 1764 686 282 1775 1045 610 1229 1314 1674 564 198 1007 1159 1608 506 1367 1253 1435 1783 1588 699 22 483 1519 1682 1902 514 1088 42 165 998 1262 659 || mode=vb method=sk_kmeans solver=filo2 stage=post_ls ls=pyvrp iter=1
2026-03-15 17:48:22 | INFO     | Route #16: 1284 1075 768 1795 1601 1373 137 1025 1335 523 1731 822 200 600 223 1163 1647 627 1259 1830 647 999 648 411 1626 20 161 856 1505 19 1672 1696 1324 639 698 1831 1481 1092 968 82 1584 1551 113 963 454 720 1220 1397 || mode=vb method=sk_kmeans solver=filo2 stage=post_ls ls=pyvrp iter=1
2026-03-15 17:48:22 | INFO     | Route #17: 155 1378 947 1730 1690 398 1568 641 428 1177 1122 562 980 1737 1224 1766 160 853 810 1433 307 1200 193 1113 714 1485 1906 990 1312 103 1736 846 324 1620 || mode=vb method=sk_kmeans solver=filo2 stage=post_ls ls=pyvrp iter=1
2026-03-15 17:48:22 | INFO     | Route #18: 1893 883 264 407 1590 1455 793 177 1345 1926 1901 1460 816 559 1161 1727 1157 1711 1242 479 690 1219 1083 1172 1868 592 1274 573 672 665 1812 1118 1857 1871 1419 245 1744 1661 1241 || mode=vb method=sk_kmeans solver=filo2 stage=post_ls ls=pyvrp iter=1
2026-03-15 17:48:22 | INFO     | Route #19: 173 803 1785 717 1024 1415 1351 1668 1545 360 180 290 684 730 749 1056 1875 637 712 577 1059 615 1595 576 345 186 1531 596 1851 373 1467 1895 907 1521 1046 1430 1162 1879 1570 886 726 1211 || mode=vb method=sk_kmeans solver=filo2 stage=post_ls ls=pyvrp iter=1
2026-03-15 17:48:22 | INFO     | Route #20: 1666 1114 471 279 1376 1645 670 581 1891 1222 1631 176 1443 1017 33 676 494 1753 401 611 799 739 1341 1513 939 283 1576 461 1663 1346 1787 1903 44 951 1330 301 107 344 111 1462 1619 5 538 77 1745 || mode=vb method=sk_kmeans solver=filo2 stage=post_ls ls=pyvrp iter=1
2026-03-15 17:48:22 | INFO     | Route #21: 119 188 1434 1517 1609 497 1014 308 865 268 1331 73 778 1065 836 1752 1146 1252 1927 1722 1214 250 1751 635 1723 321 220 848 781 179 1562 1050 1790 48 869 522 1657 1881 1507 981 1872 973 700 1123 721 395 || mode=vb method=sk_kmeans solver=filo2 stage=post_ls ls=pyvrp iter=1
2026-03-15 17:48:22 | INFO     | Route #22: 871 269 1106 136 661 96 526 1913 1469 1474 185 501 1413 1062 1858 199 125 142 1166 818 1212 829 1228 143 1628 1734 796 1256 1076 1128 1585 98 646 1659 429 543 1051 736 890 17 909 602 || mode=vb method=sk_kmeans solver=filo2 stage=post_ls ls=pyvrp iter=1
2026-03-15 17:48:22 | INFO     | Route #23: 331 352 109 1022 823 785 1451 287 1116 1246 1809 1714 1572 1701 204 1611 1276 1073 488 926 1447 485 1303 1033 674 1257 309 1268 1860 732 374 1898 1298 263 259 1718 1582 948 || mode=vb method=sk_kmeans solver=filo2 stage=post_ls ls=pyvrp iter=1
2026-03-15 17:48:22 | INFO     | Route #24: 72 1195 546 312 910 838 1529 992 1235 1107 1877 1421 431 51 1479 1874 1138 1234 1456 1328 465 1705 464 806 1763 1370 1230 1365 1746 1593 852 147 1616 1907 1837 306 1497 946 167 1151 7 1254 252 978 || mode=vb method=sk_kmeans solver=filo2 stage=post_ls ls=pyvrp iter=1
2026-03-15 17:48:22 | INFO     | Route #25: 1641 350 697 938 341 1883 229 1278 1931 265 1269 1392 1636 1829 1667 1368 1454 919 1799 388 1038 1706 734 1142 261 194 1655 1173 728 267 1471 1870 762 1739 1637 565 1587 1720 392 21 1558 1374 1093 847 || mode=vb method=sk_kmeans solver=filo2 stage=post_ls ls=pyvrp iter=1
2026-03-15 17:48:22 | INFO     | Route #26: 603 882 1029 1315 14 79 1908 1707 1567 1390 190 571 1506 475 1803 1425 673 472 787 1600 809 1801 1614 1369 1186 330 572 208 1124 1325 1429 450 826 1147 162 47 879 901 1132 1411 1011 800 1560 1008 1399 || mode=vb method=sk_kmeans solver=filo2 stage=post_ls ls=pyvrp iter=1
2026-03-15 17:48:22 | INFO     | Route #27: 1445 1687 1615 31 93 1155 339 996 426 1403 875 1813 1318 1023 1909 1175 912 16 880 1538 1302 1665 723 604 904 941 316 197 151 691 1914 1009 83 916 359 1112 704 1156 708 1221 || mode=vb method=sk_kmeans solver=filo2 stage=post_ls ls=pyvrp iter=1
2026-03-15 17:48:22 | INFO     | Route #28: 1243 1305 54 1036 1295 766 1461 1218 1208 574 1528 159 1580 1388 789 325 1055 1510 367 1782 1321 1021 1327 1152 1804 1362 1408 934 453 1057 702 1126 845 1473 254 1119 867 1673 340 84 37 || mode=vb method=sk_kmeans solver=filo2 stage=post_ls ls=pyvrp iter=1
2026-03-15 17:48:22 | INFO     | Route #29: 1167 423 371 1646 1573 1828 953 1802 808 99 69 215 868 1337 915 106 1244 1613 1575 1532 662 469 1841 156 101 737 1607 1012 239 1412 402 550 235 1001 1193 1910 25 18 735 291 1422 34 1662 1495 175 1825 701 1504 413 1542 || mode=vb method=sk_kmeans solver=filo2 stage=post_ls ls=pyvrp iter=1
2026-03-15 17:48:22 | INFO     | Route #30: 32 1594 1307 444 1685 457 1728 1552 1291 1176 1096 1015 1930 467 771 1213 1888 1494 1465 1030 1283 1848 1630 777 943 1771 1052 1338 169 1692 1866 1820 780 368 253 1524 1363 || mode=vb method=sk_kmeans solver=filo2 stage=post_ls ls=pyvrp iter=2
2026-03-15 17:48:22 | INFO     | Route #31: 1864 1629 1912 1792 537 1735 1638 831 1109 1561 631 623 1852 1359 1136 1546 1678 696 1150 1043 1800 1308 1796 895 753 1606 751 1634 503 1436 50 783 885 332 1245 || mode=rb method=sk_ac_complete solver=filo1 stage=post_ls ls=pyvrp iter=14
2026-03-15 17:48:22 | INFO     | Route #32: 1074 1207 216 1005 1757 1859 1571 668 104 580 1890 1816 334 630 1271 821 1642 1549 439 1896 621 1489 1196 1179 232 126 280 376 274 212 1061 1929 854 390 1781 1044 1578 1534 1300 987 297 1762 1694 1034 1437 722 1758 1054 || mode=rb method=sk_ac_min solver=filo2 stage=post_ls ls=pyvrp iter=20
2026-03-15 17:48:22 | INFO     | Route #33: 748 1894 12 1431 382 335 1134 1499 1760 1518 1198 566 1598 554 393 795 703 214 458 71 462 338 841 970 1135 224 511 305 891 247 1849 1548 206 55 1839 1501 842 456 1537 1464 1144 893 420 1366 1779 1090 1729 1526 1192 || mode=rb method=sk_ac_min solver=filo2 stage=post_ls ls=pyvrp iter=20
2026-03-15 17:48:22 | INFO     | Route #34: 1427 1660 1069 1486 1459 487 24 1210 478 1194 811 1892 1716 681 273 819 1082 1463 1181 213 1675 1206 1653 1597 1089 945 389 820 651 1079 1920 1322 1375 1700 1844 805 532 1260 || mode=rb method=sk_ac_min solver=filo2 stage=post_ls ls=pyvrp iter=20
2026-03-15 17:48:22 | INFO     | Route #35: 1569 1104 1353 284 1805 634 1876 1187 314 1483 1129 26 148 46 418 884 1765 1158 652 191 504 1715 11 935 1725 476 492 547 275 675 994 207 1449 982 663 834 654 961 || mode=rb method=sk_ac_min solver=filo2 stage=post_ls ls=pyvrp iter=20
2026-03-15 17:48:22 | INFO     | Route #36: 715 2 365 645 1717 1227 1773 741 933 70 911 1250 1556 396 1755 134 408 1789 1387 64 510 605 1004 750 1233 399 1333 1691 1677 1863 710 1168 1379 91 1617 172 174 1699 || mode=rb method=sk_ac_complete solver=filo1 stage=post_ls ls=pyvrp iter=24
2026-03-15 17:48:22 | INFO     | Route #37: 568 1081 1591 38 962 731 153 1273 1612 1097 1058 1835 770 1861 655 271 1304 1475 1683 294 1709 468 862 1203 422 242 127 1918 1040 965 1749 484 1511 850 221 932 535 1352 || mode=rb method=sk_ac_complete solver=filo1 stage=post_ls ls=pyvrp iter=24
2026-03-15 17:48:22 | INFO     | Route #38: 211 860 541 1885 1442 183 383 1382 1003 1862 593 536 1603 1263 336 442 1769 1452 1743 585 1806 49 218 491 1310 435 790 519 1921 689 1358 1855 1847 679 509 289 553 539 1496 1671 1110 56 466 || mode=rb method=sk_ac_complete solver=filo1 stage=post_ls ls=pyvrp iter=24
2026-03-15 17:48:22 | INFO     | Route #39: 196 1409 828 563 902 1080 1180 1810 844 1251 1197 881 299 1326 358 502 1498 755 380 61 499 738 455 1477 833 1704 1732 874 1478 776 1822 1417 110 60 814 1383 490 1290 1190 94 660 448 246 || mode=rb method=sk_ac_complete solver=filo1 stage=post_ls ls=pyvrp iter=24
2026-03-15 17:48:22 | INFO     | Route #40: 326 1654 1108 62 1348 959 120 908 1808 1448 1472 234 840 1500 774 1266 9 898 1301 286 406 449 747 914 1553 202 302 343 140 375 118 1834 1842 1026 719 251 150 || mode=rb method=sk_ac_complete solver=filo1 stage=post_ls ls=pyvrp iter=24
2026-03-15 17:48:22 | INFO     | Route #41: 114 1886 649 1199 995 97 772 328 644 258 1867 1064 171 1640 266 533 958 138 353 711 67 954 300 530 182 706 1019 1048 1053 878 1610 1742 189 1664 1037 1042 132 1400 1563 1428 1502 1174 588 892 1391 905 39 1788 1814 1002 57 1625 894 || mode=rb method=sk_ac_complete solver=filo1 stage=post_ls ls=pyvrp iter=24
2026-03-15 17:48:22 | INFO     | Route #42: 1078 590 108 1916 320 1826 791 985 989 705 311 1750 765 1404 505 1747 855 1488 797 859 618 872 525 403 508 1267 1843 445 1364 1041 599 205 1544 1441 1381 1565 1818 427 548 542 671 920 133 1201 1904 1622 255 1797 425 || mode=rb method=sk_ac_complete solver=filo1 stage=post_ls ls=pyvrp iter=24
2026-03-15 17:48:22 | INFO     | Route #43: 944 1006 1547 801 217 988 351 1148 1248 942 1648 436 292 1072 658 1334 937 1125 1380 798 1141 1264 598 486 694 1160 346 1047 1311 534 1293 807 1202 386 87 30 1143 607 1679 1882 903 1621 1514 788 693 || mode=rb method=sk_ac_complete solver=filo1 stage=post_ls ls=pyvrp iter=24
2026-03-15 17:48:22 | INFO     | Route #44: 1418 983 364 1130 1493 1884 851 1487 899 281 1285 1579 1543 587 1356 555 678 561 1794 474 1281 925 310 145 928 1772 667 378 41 277 1509 405 1482 272 515 680 1686 1261 619 1169 288 319 1651 578 695 437 1695 917 || mode=rb method=sk_ac_complete solver=filo1 stage=post_ls ls=pyvrp iter=24
2026-03-15 17:48:22 | INFO     | Route #45: 195 716 624 187 1178 977 1349 1577 1306 347 1702 608 1282 1068 913 13 1329 1536 248 1247 123 1216 237 415 1733 63 759 993 500 92 512 825 1680 957 1094 318 628 760 1761 117 742 || mode=rb method=sk_ac_complete solver=filo1 stage=post_ls ls=pyvrp iter=24
2026-03-15 17:48:22 | INFO     | Route #46: 1933 1523 1623 1401 1919 1649 355 1389 149 327 1522 616 931 203 58 1897 170 849 385 1120 473 746 1320 1240 1414 1574 1067 1238 544 979 1319 764 551 1140 129 727 1457 1133 1491 1225 752 1807 927 152 1873 870 || mode=rb method=sk_ac_complete solver=filo1 stage=post_ls ls=pyvrp iter=24
2026-03-15 17:48:22 | INFO     | 
2026-03-15 17:48:22 | INFO     | [BEST SOLUTION ROUTE SUMMARY]
2026-03-15 17:48:22 | INFO     | --------------------------------------------------------------------------------
2026-03-15 17:48:22 | INFO     |   30 routes | VB    | sk_kmeans       | solver=filo2      | stage=post_ls | ls=pyvrp
2026-03-15 17:48:22 | INFO     |   12 routes | RB    | sk_ac_complete  | solver=filo1      | stage=post_ls | ls=pyvrp
2026-03-15 17:48:22 | INFO     |    4 routes | RB    | sk_ac_min       | solver=filo2      | stage=post_ls | ls=pyvrp
2026-03-15 17:48:22 | INFO     | 
2026-03-15 17:48:22 | INFO     | [ROUTE POOL SUMMARY]
2026-03-15 17:48:22 | INFO     |   176 routes | RB | sk_ac_complete | solver=pyvrp | stage=post_ls | ls=pyvrp
2026-03-15 17:48:22 | INFO     |   141 routes | VB | fcm | solver=filo2 | stage=post_ls | ls=pyvrp
2026-03-15 17:48:22 | INFO     |   139 routes | VB | sk_kmeans | solver=filo2 | stage=post_ls | ls=pyvrp
2026-03-15 17:48:22 | INFO     |   101 routes | RB | sk_ac_complete | solver=filo1 | stage=post_ls | ls=pyvrp
2026-03-15 17:48:22 | INFO     |    94 routes | VB | sk_ac_min | solver=pyvrp | stage=post_ls | ls=pyvrp
2026-03-15 17:48:22 | INFO     |    73 routes | RB | sk_ac_avg | solver=pyvrp | stage=post_ls | ls=pyvrp
2026-03-15 17:48:22 | INFO     |    49 routes | VB | k_medoids_pyclustering | solver=pyvrp | stage=post_ls | ls=pyvrp
2026-03-15 17:48:22 | INFO     |    48 routes | VB | fcm | solver=filo1 | stage=post_ls | ls=pyvrp
2026-03-15 17:48:22 | INFO     |    48 routes | VB | k_medoids_pyclustering | solver=filo1 | stage=post_ls | ls=pyvrp
2026-03-15 17:48:22 | INFO     |    47 routes | VB | sk_ac_min | solver=filo1 | stage=post_ls | ls=pyvrp
2026-03-15 17:48:22 | INFO     |    47 routes | VB | fcm | solver=pyvrp | stage=post_ls | ls=pyvrp
2026-03-15 17:48:22 | INFO     |    47 routes | VB | sk_kmeans | solver=pyvrp | stage=post_ls | ls=pyvrp
2026-03-15 17:48:22 | INFO     |    45 routes | RB | sk_kmeans | solver=filo1 | stage=post_ls | ls=pyvrp
2026-03-15 17:48:22 | INFO     |    43 routes | RB | sk_ac_complete | solver=filo2 | stage=post_ls | ls=pyvrp
2026-03-15 17:48:22 | INFO     |    38 routes | RB | sk_ac_min | solver=filo2 | stage=post_ls | ls=pyvrp
2026-03-15 17:48:22 | INFO     |    36 routes | RB | sk_ac_avg | solver=filo2 | stage=post_ls | ls=pyvrp
2026-03-15 17:48:22 | INFO     |     1 routes | SCP | gurobi_mip | solver=UNKNOWN | stage=scp_post_ls | ls=N/A
2026-03-15 17:48:22 | INFO     | [XL-n1934-k46 NO-IMPROVEMENT] best_cost=53147 | streak=3 | Gap: 0.3152%
2026-03-15 17:48:22 | INFO     | [XL-n1934-k46 ITERATION-TIMES 27] cluster=69.629s routing=332.423s ls=36.484s scp=24.973s total=463.559s
2026-03-15 17:48:22 | INFO     | [XL-n1934-k46 ITERATION 28] mode=VB method=sk_ac_complete k=4 solver=filo1 ls=pyvrp
2026-03-15 17:48:35 | INFO     | [XL-n1934-k46 CLUSTER] method=sk_ac_complete k=4 | sizes=[800, 669, 164, 300] | min=164 max=800 avg=483.2
2026-03-15 17:48:35 | INFO     | [XL-n1934-k46 ROUTING] Solving clusters with filo1
2026-03-15 18:35:07 | INFO     | [XL-n1934-k46 NO-IMPROVEMENT] best_cost=53147 | streak=4 | Gap: 0.3152%
2026-03-15 18:35:07 | INFO     | [XL-n1934-k46 ITERATION-TIMES 28] cluster=12.855s routing=2720.741s ls=71.260s total=2804.902s
2026-03-15 18:35:07 | INFO     | [XL-n1934-k46 ITERATION 29] mode=VB method=k_medoids_pyclustering k=5 solver=filo1 ls=pyvrp
2026-03-15 18:37:24 | INFO     | [XL-n1934-k46 CLUSTER] method=k_medoids_pyclustering k=5 | sizes=[256, 361, 393, 329, 594] | min=256 max=594 avg=386.6
2026-03-15 18:37:24 | INFO     | [XL-n1934-k46 ROUTING] Solving clusters with filo1
2026-03-15 19:19:57 | INFO     | 
2026-03-15 19:19:57 | INFO     | ================================================================================
2026-03-15 19:19:57 | INFO     | [XL-n1934-k46] PERIODIC SNAPSHOT SNAPSHOT_006
2026-03-15 19:19:57 | INFO     | ================================================================================
2026-03-15 19:19:57 | INFO     | Route #1: 1635 1476 1039 1911 567 1184 733 1098 1754 1360 1557 128 81 1100 967 315 270 524 1087 1354 1407 296 804 1299 1586 1336 769 758 278 949 1698 36 43 1480 1395 434 238 74 356 40 || mode=vb method=sk_kmeans solver=filo2 stage=post_ls ls=pyvrp iter=1
2026-03-15 19:19:57 | INFO     | Route #2: 1423 4 1154 507 1182 1145 1658 513 792 230 1643 528 745 1205 1669 1555 285 921 192 632 1535 991 1756 463 241 782 1925 131 244 303 481 1840 1063 35 669 112 1131 157 421 322 1466 222 1032 || mode=vb method=sk_kmeans solver=filo2 stage=post_ls ls=pyvrp iter=1
2026-03-15 19:19:57 | INFO     | Route #3: 443 1275 139 384 349 897 337 1393 643 228 1540 417 1342 1343 166 950 718 955 1774 329 1656 964 594 609 1697 225 184 1721 1188 1915 1618 1105 1854 1583 1288 409 1013 1836 877 || mode=vb method=sk_kmeans solver=filo2 stage=post_ls ls=pyvrp iter=1
2026-03-15 19:19:57 | INFO     | Route #4: 243 1028 918 295 433 1171 1340 857 617 323 887 861 441 116 1111 86 626 1639 15 144 1347 1827 873 1856 545 606 1286 1865 724 744 1279 1819 830 317 677 930 756 102 1139 858 839 440 1520 219 1786 1738 1217 || mode=vb method=sk_kmeans solver=filo2 stage=post_ls ls=pyvrp iter=1
2026-03-15 19:19:57 | INFO     | Route #5: 90 370 1566 757 1289 516 412 556 575 1060 784 342 480 972 1010 888 1287 362 78 876 276 1270 997 1845 1821 1832 906 1165 1878 226 66 1309 45 1846 1103 625 1525 452 1361 470 || mode=vb method=sk_kmeans solver=filo2 stage=post_ls ls=pyvrp iter=1
2026-03-15 19:19:57 | INFO     | Route #6: 1633 1049 1627 1091 775 1922 1317 1516 531 1316 1541 1777 1932 1689 377 1153 95 779 416 540 1850 59 1149 664 1183 549 794 579 249 1768 1265 1928 1394 1453 754 419 || mode=vb method=sk_kmeans solver=filo2 stage=post_ls ls=pyvrp iter=1
2026-03-15 19:19:57 | INFO     | Route #7: 372 1599 713 1444 1357 1602 361 68 1384 141 257 613 1905 1793 863 1924 1332 495 1869 969 832 1402 1438 1239 1759 85 584 363 743 1492 666 1533 1880 1923 304 1085 1605 1420 529 922 786 1899 381 || mode=vb method=sk_kmeans solver=filo2 stage=post_ls ls=pyvrp iter=1
2026-03-15 19:19:57 | INFO     | Route #8: 570 28 1559 1693 984 586 168 231 1099 638 1817 1405 1798 498 527 1031 27 164 1652 1344 1209 1313 1127 1838 100 404 262 1676 209 52 1377 1115 612 692 1406 1117 520 1470 1236 1708 589 620 1592 707 477 || mode=vb method=sk_kmeans solver=filo2 stage=post_ls ls=pyvrp iter=1
2026-03-15 19:19:57 | INFO     | Route #9: 158 582 76 1564 824 1824 518 459 430 835 1101 614 135 1231 1688 1 761 1016 725 1086 1432 773 293 1681 597 23 1776 8 956 432 1084 1490 1066 1292 201 379 656 583 || mode=vb method=sk_kmeans solver=filo2 stage=post_ls ls=pyvrp iter=1
2026-03-15 19:19:57 | INFO     | Route #10: 121 1900 1410 1740 391 1258 482 1371 896 558 640 1853 240 817 1223 1917 1095 971 1350 1237 900 827 438 1272 1294 557 256 366 653 394 1185 1226 124 1741 1684 1887 460 813 560 354 1719 1020 1724 1778 936 1035 333 || mode=vb method=sk_kmeans solver=filo2 stage=post_ls ls=pyvrp iter=1
2026-03-15 19:19:57 | INFO     | Route #11: 1439 1215 1770 115 387 1554 1780 521 802 636 1446 650 260 3 1450 178 1512 1121 1170 1372 687 1670 569 414 130 1137 75 80 940 952 1581 1468 682 924 181 729 1280 552 642 1424 348 966 || mode=vb method=sk_kmeans solver=filo2 stage=post_ls ls=pyvrp iter=1
2026-03-15 19:19:57 | INFO     | Route #12: 740 975 1426 154 1416 1355 1396 146 89 1889 1458 1823 622 1189 210 236 6 591 1530 1515 1604 1191 1539 163 657 1204 1791 1440 1650 1297 1644 1232 1000 227 1339 866 || mode=vb method=sk_kmeans solver=filo2 stage=post_ls ls=pyvrp iter=1
2026-03-15 19:19:57 | INFO     | Route #13: 812 688 683 1484 595 1811 1589 986 1767 601 400 29 1398 843 446 122 1296 864 1632 10 424 629 357 88 976 1784 1323 837 313 233 517 1748 1164 447 397 || mode=vb method=sk_kmeans solver=filo2 stage=post_ls ls=pyvrp iter=1
2026-03-15 19:19:57 | INFO     | Route #14: 1596 1712 1624 1385 974 298 1018 767 496 889 929 65 923 1833 633 1726 1077 1815 960 53 685 451 763 1550 1503 1249 493 709 489 1070 1027 1386 105 815 1508 1277 || mode=vb method=sk_kmeans solver=filo2 stage=post_ls ls=pyvrp iter=1
2026-03-15 19:19:57 | INFO     | Route #15: 1102 1703 1710 1713 410 369 1071 1527 1255 1764 686 282 1775 1045 610 1229 1314 1674 564 198 1007 1159 1608 506 1367 1253 1435 1783 1588 699 22 483 1519 1682 1902 514 1088 42 165 998 1262 659 || mode=vb method=sk_kmeans solver=filo2 stage=post_ls ls=pyvrp iter=1
2026-03-15 19:19:57 | INFO     | Route #16: 1284 1075 768 1795 1601 1373 137 1025 1335 523 1731 822 200 600 223 1163 1647 627 1259 1830 647 999 648 411 1626 20 161 856 1505 19 1672 1696 1324 639 698 1831 1481 1092 968 82 1584 1551 113 963 454 720 1220 1397 || mode=vb method=sk_kmeans solver=filo2 stage=post_ls ls=pyvrp iter=1
2026-03-15 19:19:57 | INFO     | Route #17: 155 1378 947 1730 1690 398 1568 641 428 1177 1122 562 980 1737 1224 1766 160 853 810 1433 307 1200 193 1113 714 1485 1906 990 1312 103 1736 846 324 1620 || mode=vb method=sk_kmeans solver=filo2 stage=post_ls ls=pyvrp iter=1
2026-03-15 19:19:57 | INFO     | Route #18: 1893 883 264 407 1590 1455 793 177 1345 1926 1901 1460 816 559 1161 1727 1157 1711 1242 479 690 1219 1083 1172 1868 592 1274 573 672 665 1812 1118 1857 1871 1419 245 1744 1661 1241 || mode=vb method=sk_kmeans solver=filo2 stage=post_ls ls=pyvrp iter=1
2026-03-15 19:19:57 | INFO     | Route #19: 173 803 1785 717 1024 1415 1351 1668 1545 360 180 290 684 730 749 1056 1875 637 712 577 1059 615 1595 576 345 186 1531 596 1851 373 1467 1895 907 1521 1046 1430 1162 1879 1570 886 726 1211 || mode=vb method=sk_kmeans solver=filo2 stage=post_ls ls=pyvrp iter=1
2026-03-15 19:19:57 | INFO     | Route #20: 1666 1114 471 279 1376 1645 670 581 1891 1222 1631 176 1443 1017 33 676 494 1753 401 611 799 739 1341 1513 939 283 1576 461 1663 1346 1787 1903 44 951 1330 301 107 344 111 1462 1619 5 538 77 1745 || mode=vb method=sk_kmeans solver=filo2 stage=post_ls ls=pyvrp iter=1
2026-03-15 19:19:57 | INFO     | Route #21: 119 188 1434 1517 1609 497 1014 308 865 268 1331 73 778 1065 836 1752 1146 1252 1927 1722 1214 250 1751 635 1723 321 220 848 781 179 1562 1050 1790 48 869 522 1657 1881 1507 981 1872 973 700 1123 721 395 || mode=vb method=sk_kmeans solver=filo2 stage=post_ls ls=pyvrp iter=1
2026-03-15 19:19:57 | INFO     | Route #22: 871 269 1106 136 661 96 526 1913 1469 1474 185 501 1413 1062 1858 199 125 142 1166 818 1212 829 1228 143 1628 1734 796 1256 1076 1128 1585 98 646 1659 429 543 1051 736 890 17 909 602 || mode=vb method=sk_kmeans solver=filo2 stage=post_ls ls=pyvrp iter=1
2026-03-15 19:19:57 | INFO     | Route #23: 331 352 109 1022 823 785 1451 287 1116 1246 1809 1714 1572 1701 204 1611 1276 1073 488 926 1447 485 1303 1033 674 1257 309 1268 1860 732 374 1898 1298 263 259 1718 1582 948 || mode=vb method=sk_kmeans solver=filo2 stage=post_ls ls=pyvrp iter=1
2026-03-15 19:19:57 | INFO     | Route #24: 72 1195 546 312 910 838 1529 992 1235 1107 1877 1421 431 51 1479 1874 1138 1234 1456 1328 465 1705 464 806 1763 1370 1230 1365 1746 1593 852 147 1616 1907 1837 306 1497 946 167 1151 7 1254 252 978 || mode=vb method=sk_kmeans solver=filo2 stage=post_ls ls=pyvrp iter=1
2026-03-15 19:19:57 | INFO     | Route #25: 1641 350 697 938 341 1883 229 1278 1931 265 1269 1392 1636 1829 1667 1368 1454 919 1799 388 1038 1706 734 1142 261 194 1655 1173 728 267 1471 1870 762 1739 1637 565 1587 1720 392 21 1558 1374 1093 847 || mode=vb method=sk_kmeans solver=filo2 stage=post_ls ls=pyvrp iter=1
2026-03-15 19:19:57 | INFO     | Route #26: 603 882 1029 1315 14 79 1908 1707 1567 1390 190 571 1506 475 1803 1425 673 472 787 1600 809 1801 1614 1369 1186 330 572 208 1124 1325 1429 450 826 1147 162 47 879 901 1132 1411 1011 800 1560 1008 1399 || mode=vb method=sk_kmeans solver=filo2 stage=post_ls ls=pyvrp iter=1
2026-03-15 19:19:57 | INFO     | Route #27: 1445 1687 1615 31 93 1155 339 996 426 1403 875 1813 1318 1023 1909 1175 912 16 880 1538 1302 1665 723 604 904 941 316 197 151 691 1914 1009 83 916 359 1112 704 1156 708 1221 || mode=vb method=sk_kmeans solver=filo2 stage=post_ls ls=pyvrp iter=1
2026-03-15 19:19:57 | INFO     | Route #28: 1243 1305 54 1036 1295 766 1461 1218 1208 574 1528 159 1580 1388 789 325 1055 1510 367 1782 1321 1021 1327 1152 1804 1362 1408 934 453 1057 702 1126 845 1473 254 1119 867 1673 340 84 37 || mode=vb method=sk_kmeans solver=filo2 stage=post_ls ls=pyvrp iter=1
2026-03-15 19:19:57 | INFO     | Route #29: 1167 423 371 1646 1573 1828 953 1802 808 99 69 215 868 1337 915 106 1244 1613 1575 1532 662 469 1841 156 101 737 1607 1012 239 1412 402 550 235 1001 1193 1910 25 18 735 291 1422 34 1662 1495 175 1825 701 1504 413 1542 || mode=vb method=sk_kmeans solver=filo2 stage=post_ls ls=pyvrp iter=1
2026-03-15 19:19:57 | INFO     | Route #30: 32 1594 1307 444 1685 457 1728 1552 1291 1176 1096 1015 1930 467 771 1213 1888 1494 1465 1030 1283 1848 1630 777 943 1771 1052 1338 169 1692 1866 1820 780 368 253 1524 1363 || mode=vb method=sk_kmeans solver=filo2 stage=post_ls ls=pyvrp iter=2
2026-03-15 19:19:57 | INFO     | Route #31: 1864 1629 1912 1792 537 1735 1638 831 1109 1561 631 623 1852 1359 1136 1546 1678 696 1150 1043 1800 1308 1796 895 753 1606 751 1634 503 1436 50 783 885 332 1245 || mode=rb method=sk_ac_complete solver=filo1 stage=post_ls ls=pyvrp iter=14
2026-03-15 19:19:57 | INFO     | Route #32: 1074 1207 216 1005 1757 1859 1571 668 104 580 1890 1816 334 630 1271 821 1642 1549 439 1896 621 1489 1196 1179 232 126 280 376 274 212 1061 1929 854 390 1781 1044 1578 1534 1300 987 297 1762 1694 1034 1437 722 1758 1054 || mode=rb method=sk_ac_min solver=filo2 stage=post_ls ls=pyvrp iter=20
2026-03-15 19:19:57 | INFO     | Route #33: 748 1894 12 1431 382 335 1134 1499 1760 1518 1198 566 1598 554 393 795 703 214 458 71 462 338 841 970 1135 224 511 305 891 247 1849 1548 206 55 1839 1501 842 456 1537 1464 1144 893 420 1366 1779 1090 1729 1526 1192 || mode=rb method=sk_ac_min solver=filo2 stage=post_ls ls=pyvrp iter=20
2026-03-15 19:19:57 | INFO     | Route #34: 1427 1660 1069 1486 1459 487 24 1210 478 1194 811 1892 1716 681 273 819 1082 1463 1181 213 1675 1206 1653 1597 1089 945 389 820 651 1079 1920 1322 1375 1700 1844 805 532 1260 || mode=rb method=sk_ac_min solver=filo2 stage=post_ls ls=pyvrp iter=20
2026-03-15 19:19:57 | INFO     | Route #35: 1569 1104 1353 284 1805 634 1876 1187 314 1483 1129 26 148 46 418 884 1765 1158 652 191 504 1715 11 935 1725 476 492 547 275 675 994 207 1449 982 663 834 654 961 || mode=rb method=sk_ac_min solver=filo2 stage=post_ls ls=pyvrp iter=20
2026-03-15 19:19:57 | INFO     | Route #36: 715 2 365 645 1717 1227 1773 741 933 70 911 1250 1556 396 1755 134 408 1789 1387 64 510 605 1004 750 1233 399 1333 1691 1677 1863 710 1168 1379 91 1617 172 174 1699 || mode=rb method=sk_ac_complete solver=filo1 stage=post_ls ls=pyvrp iter=24
2026-03-15 19:19:57 | INFO     | Route #37: 568 1081 1591 38 962 731 153 1273 1612 1097 1058 1835 770 1861 655 271 1304 1475 1683 294 1709 468 862 1203 422 242 127 1918 1040 965 1749 484 1511 850 221 932 535 1352 || mode=rb method=sk_ac_complete solver=filo1 stage=post_ls ls=pyvrp iter=24
2026-03-15 19:19:57 | INFO     | Route #38: 211 860 541 1885 1442 183 383 1382 1003 1862 593 536 1603 1263 336 442 1769 1452 1743 585 1806 49 218 491 1310 435 790 519 1921 689 1358 1855 1847 679 509 289 553 539 1496 1671 1110 56 466 || mode=rb method=sk_ac_complete solver=filo1 stage=post_ls ls=pyvrp iter=24
2026-03-15 19:19:57 | INFO     | Route #39: 196 1409 828 563 902 1080 1180 1810 844 1251 1197 881 299 1326 358 502 1498 755 380 61 499 738 455 1477 833 1704 1732 874 1478 776 1822 1417 110 60 814 1383 490 1290 1190 94 660 448 246 || mode=rb method=sk_ac_complete solver=filo1 stage=post_ls ls=pyvrp iter=24
2026-03-15 19:19:57 | INFO     | Route #40: 326 1654 1108 62 1348 959 120 908 1808 1448 1472 234 840 1500 774 1266 9 898 1301 286 406 449 747 914 1553 202 302 343 140 375 118 1834 1842 1026 719 251 150 || mode=rb method=sk_ac_complete solver=filo1 stage=post_ls ls=pyvrp iter=24
2026-03-15 19:19:57 | INFO     | Route #41: 114 1886 649 1199 995 97 772 328 644 258 1867 1064 171 1640 266 533 958 138 353 711 67 954 300 530 182 706 1019 1048 1053 878 1610 1742 189 1664 1037 1042 132 1400 1563 1428 1502 1174 588 892 1391 905 39 1788 1814 1002 57 1625 894 || mode=rb method=sk_ac_complete solver=filo1 stage=post_ls ls=pyvrp iter=24
2026-03-15 19:19:57 | INFO     | Route #42: 1078 590 108 1916 320 1826 791 985 989 705 311 1750 765 1404 505 1747 855 1488 797 859 618 872 525 403 508 1267 1843 445 1364 1041 599 205 1544 1441 1381 1565 1818 427 548 542 671 920 133 1201 1904 1622 255 1797 425 || mode=rb method=sk_ac_complete solver=filo1 stage=post_ls ls=pyvrp iter=24
2026-03-15 19:19:57 | INFO     | Route #43: 944 1006 1547 801 217 988 351 1148 1248 942 1648 436 292 1072 658 1334 937 1125 1380 798 1141 1264 598 486 694 1160 346 1047 1311 534 1293 807 1202 386 87 30 1143 607 1679 1882 903 1621 1514 788 693 || mode=rb method=sk_ac_complete solver=filo1 stage=post_ls ls=pyvrp iter=24
2026-03-15 19:19:57 | INFO     | Route #44: 1418 983 364 1130 1493 1884 851 1487 899 281 1285 1579 1543 587 1356 555 678 561 1794 474 1281 925 310 145 928 1772 667 378 41 277 1509 405 1482 272 515 680 1686 1261 619 1169 288 319 1651 578 695 437 1695 917 || mode=rb method=sk_ac_complete solver=filo1 stage=post_ls ls=pyvrp iter=24
2026-03-15 19:19:57 | INFO     | Route #45: 195 716 624 187 1178 977 1349 1577 1306 347 1702 608 1282 1068 913 13 1329 1536 248 1247 123 1216 237 415 1733 63 759 993 500 92 512 825 1680 957 1094 318 628 760 1761 117 742 || mode=rb method=sk_ac_complete solver=filo1 stage=post_ls ls=pyvrp iter=24
2026-03-15 19:19:57 | INFO     | Route #46: 1933 1523 1623 1401 1919 1649 355 1389 149 327 1522 616 931 203 58 1897 170 849 385 1120 473 746 1320 1240 1414 1574 1067 1238 544 979 1319 764 551 1140 129 727 1457 1133 1491 1225 752 1807 927 152 1873 870 || mode=rb method=sk_ac_complete solver=filo1 stage=post_ls ls=pyvrp iter=24
2026-03-15 19:19:57 | INFO     | 
2026-03-15 19:19:57 | INFO     | [BEST SOLUTION ROUTE SUMMARY]
2026-03-15 19:19:57 | INFO     | --------------------------------------------------------------------------------
2026-03-15 19:19:57 | INFO     |   30 routes | VB    | sk_kmeans       | solver=filo2      | stage=post_ls | ls=pyvrp
2026-03-15 19:19:57 | INFO     |   12 routes | RB    | sk_ac_complete  | solver=filo1      | stage=post_ls | ls=pyvrp
2026-03-15 19:19:57 | INFO     |    4 routes | RB    | sk_ac_min       | solver=filo2      | stage=post_ls | ls=pyvrp
2026-03-15 19:19:57 | INFO     | 
2026-03-15 19:19:57 | INFO     | [ROUTE POOL SUMMARY]
2026-03-15 19:19:57 | INFO     |   176 routes | RB | sk_ac_complete | solver=pyvrp | stage=post_ls | ls=pyvrp
2026-03-15 19:19:57 | INFO     |   141 routes | VB | fcm | solver=filo2 | stage=post_ls | ls=pyvrp
2026-03-15 19:19:57 | INFO     |   139 routes | VB | sk_kmeans | solver=filo2 | stage=post_ls | ls=pyvrp
2026-03-15 19:19:57 | INFO     |   101 routes | RB | sk_ac_complete | solver=filo1 | stage=post_ls | ls=pyvrp
2026-03-15 19:19:57 | INFO     |    96 routes | VB | k_medoids_pyclustering | solver=filo1 | stage=post_ls | ls=pyvrp
2026-03-15 19:19:57 | INFO     |    94 routes | VB | sk_ac_min | solver=pyvrp | stage=post_ls | ls=pyvrp
2026-03-15 19:19:57 | INFO     |    73 routes | RB | sk_ac_avg | solver=pyvrp | stage=post_ls | ls=pyvrp
2026-03-15 19:19:57 | INFO     |    49 routes | VB | k_medoids_pyclustering | solver=pyvrp | stage=post_ls | ls=pyvrp
2026-03-15 19:19:57 | INFO     |    48 routes | VB | fcm | solver=filo1 | stage=post_ls | ls=pyvrp
2026-03-15 19:19:57 | INFO     |    47 routes | VB | sk_ac_min | solver=filo1 | stage=post_ls | ls=pyvrp
2026-03-15 19:19:57 | INFO     |    47 routes | VB | fcm | solver=pyvrp | stage=post_ls | ls=pyvrp
2026-03-15 19:19:57 | INFO     |    47 routes | VB | sk_kmeans | solver=pyvrp | stage=post_ls | ls=pyvrp
2026-03-15 19:19:57 | INFO     |    45 routes | RB | sk_kmeans | solver=filo1 | stage=post_ls | ls=pyvrp
2026-03-15 19:19:57 | INFO     |    45 routes | VB | sk_ac_complete | solver=filo1 | stage=post_ls | ls=pyvrp
2026-03-15 19:19:57 | INFO     |    43 routes | RB | sk_ac_complete | solver=filo2 | stage=post_ls | ls=pyvrp
2026-03-15 19:19:57 | INFO     |    38 routes | RB | sk_ac_min | solver=filo2 | stage=post_ls | ls=pyvrp
2026-03-15 19:19:57 | INFO     |    36 routes | RB | sk_ac_avg | solver=filo2 | stage=post_ls | ls=pyvrp
2026-03-15 19:19:57 | INFO     |     1 routes | SCP | gurobi_mip | solver=UNKNOWN | stage=scp_post_ls | ls=N/A
2026-03-15 19:19:57 | INFO     | [XL-n1934-k46 NO-IMPROVEMENT] best_cost=53147 | streak=5 | Gap: 0.3152%
2026-03-15 19:19:57 | INFO     | [XL-n1934-k46 ITERATION-TIMES 29] cluster=137.101s routing=2486.432s ls=66.002s total=2689.624s
2026-03-15 19:19:57 | INFO     | [XL-n1934-k46 ITERATION 30] mode=VB method=k_medoids_pyclustering k=9 solver=filo1 ls=pyvrp
2026-03-15 19:21:52 | INFO     | [XL-n1934-k46 CLUSTER] method=k_medoids_pyclustering k=9 | sizes=[391, 222, 118, 210, 344, 204, 122, 143, 179] | min=118 max=391 avg=214.8
2026-03-15 19:21:52 | INFO     | [XL-n1934-k46 ROUTING] Solving clusters with filo1
2026-03-15 19:29:09 | INFO     | [XL-n1934-k46 SCP] pruning_mode=diversity
2026-03-15 19:29:09 | INFO     | [XL-n1934-k46 SCP] solver=gurobi_mip | route_pool=1266
2026-03-15 19:29:16 | INFO     | [XL-n1934-k46 SCP] optimal solution found
2026-03-15 19:29:55 | INFO     | [XL-n1934-k46 SCP-NO-IMPROVEMENT] cost=53147 (best=53147) | Gap: 0.3152%
2026-03-15 19:29:55 | INFO     | [XL-n1934-k46 NO-IMPROVEMENT] best_cost=53147 | streak=6 | Gap: 0.3152%
2026-03-15 19:29:55 | INFO     | [XL-n1934-k46 ITERATION-TIMES 30] cluster=115.159s routing=401.365s ls=35.120s scp=46.769s total=598.428s
2026-03-15 19:29:55 | INFO     | [XL-n1934-k46 ITERATION 31] mode=RB method=sk_kmeans k=5 solver=filo2 ls=pyvrp
2026-03-15 19:29:56 | INFO     | [XL-n1934-k46 CLUSTER] method=sk_kmeans k=5 | sizes=[585, 323, 373, 351, 301] | min=301 max=585 avg=386.6
2026-03-15 19:29:56 | INFO     | [XL-n1934-k46 ROUTING] Solving clusters with filo2
2026-03-15 19:48:23 | INFO     | [XL-n1934-k46 NO-IMPROVEMENT] best_cost=53147 | streak=7 | Gap: 0.3152%
2026-03-15 19:48:23 | INFO     | [XL-n1934-k46 ITERATION-TIMES 31] cluster=1.163s routing=1052.706s ls=53.368s total=1107.371s
2026-03-15 19:48:23 | INFO     | [XL-n1934-k46 ITERATION 32] mode=VB method=sk_kmeans k=5 solver=filo2 ls=pyvrp
2026-03-15 19:48:49 | INFO     | [XL-n1934-k46 CLUSTER] method=sk_kmeans k=5 | sizes=[394, 595, 350, 340, 254] | min=254 max=595 avg=386.6
2026-03-15 19:48:49 | INFO     | [XL-n1934-k46 ROUTING] Solving clusters with filo2
2026-03-15 20:08:53 | INFO     | [XL-n1934-k46 NO-IMPROVEMENT] best_cost=53147 | streak=8 | Gap: 0.3152%
2026-03-15 20:08:53 | INFO     | [XL-n1934-k46 ITERATION-TIMES 32] cluster=26.503s routing=1135.757s ls=68.352s total=1230.790s
2026-03-15 20:08:53 | INFO     | [XL-n1934-k46 ITERATION 33] mode=RB method=sk_kmeans k=10 solver=filo1 ls=pyvrp
2026-03-15 20:08:54 | INFO     | [XL-n1934-k46 CLUSTER] method=sk_kmeans k=10 | sizes=[215, 36, 254, 266, 345, 323, 204, 86, 85, 119] | min=36 max=345 avg=193.3
2026-03-15 20:08:54 | INFO     | [XL-n1934-k46 ROUTING] Solving clusters with filo1
2026-03-15 20:32:30 | INFO     | [XL-n1934-k46 SCP] pruning_mode=diversity
2026-03-15 20:32:30 | INFO     | [XL-n1934-k46 SCP] solver=gurobi_mip | route_pool=1376
2026-03-15 20:32:47 | INFO     | [XL-n1934-k46 SCP] optimal solution found
2026-03-15 20:34:01 | INFO     | 
2026-03-15 20:34:01 | INFO     | ================================================================================
2026-03-15 20:34:01 | INFO     | [XL-n1934-k46] PERIODIC SNAPSHOT SNAPSHOT_007
2026-03-15 20:34:01 | INFO     | ================================================================================
2026-03-15 20:34:01 | INFO     | Route #1: 1635 1476 1039 1911 567 1184 733 1098 1754 1360 1557 128 81 1100 967 315 270 524 1087 1354 1407 296 804 1299 1586 1336 769 758 278 949 1698 36 43 1480 1395 434 238 74 356 40 || mode=vb method=sk_kmeans solver=filo2 stage=post_ls ls=pyvrp iter=1
2026-03-15 20:34:01 | INFO     | Route #2: 1423 4 1154 507 1182 1145 1658 513 792 230 1643 528 745 1205 1669 1555 285 921 192 632 1535 991 1756 463 241 782 1925 131 244 303 481 1840 1063 35 669 112 1131 157 421 322 1466 222 1032 || mode=vb method=sk_kmeans solver=filo2 stage=post_ls ls=pyvrp iter=1
2026-03-15 20:34:01 | INFO     | Route #3: 443 1275 139 384 349 897 337 1393 643 228 1540 417 1342 1343 166 950 718 955 1774 329 1656 964 594 609 1697 225 184 1721 1188 1915 1618 1105 1854 1583 1288 409 1013 1836 877 || mode=vb method=sk_kmeans solver=filo2 stage=post_ls ls=pyvrp iter=1
2026-03-15 20:34:01 | INFO     | Route #4: 243 1028 918 295 433 1171 1340 857 617 323 887 861 441 116 1111 86 626 1639 15 144 1347 1827 873 1856 545 606 1286 1865 724 744 1279 1819 830 317 677 930 756 102 1139 858 839 440 1520 219 1786 1738 1217 || mode=vb method=sk_kmeans solver=filo2 stage=post_ls ls=pyvrp iter=1
2026-03-15 20:34:01 | INFO     | Route #5: 90 370 1566 757 1289 516 412 556 575 1060 784 342 480 972 1010 888 1287 362 78 876 276 1270 997 1845 1821 1832 906 1165 1878 226 66 1309 45 1846 1103 625 1525 452 1361 470 || mode=vb method=sk_kmeans solver=filo2 stage=post_ls ls=pyvrp iter=1
2026-03-15 20:34:01 | INFO     | Route #6: 1633 1049 1627 1091 775 1922 1317 1516 531 1316 1541 1777 1932 1689 377 1153 95 779 416 540 1850 59 1149 664 1183 549 794 579 249 1768 1265 1928 1394 1453 754 419 || mode=vb method=sk_kmeans solver=filo2 stage=post_ls ls=pyvrp iter=1
2026-03-15 20:34:01 | INFO     | Route #7: 372 1599 713 1444 1357 1602 361 68 1384 141 257 613 1905 1793 863 1924 1332 495 1869 969 832 1402 1438 1239 1759 85 584 363 743 1492 666 1533 1880 1923 304 1085 1605 1420 529 922 786 1899 381 || mode=vb method=sk_kmeans solver=filo2 stage=post_ls ls=pyvrp iter=1
2026-03-15 20:34:01 | INFO     | Route #8: 570 28 1559 1693 984 586 168 231 1099 638 1817 1405 1798 498 527 1031 27 164 1652 1344 1209 1313 1127 1838 100 404 262 1676 209 52 1377 1115 612 692 1406 1117 520 1470 1236 1708 589 620 1592 707 477 || mode=vb method=sk_kmeans solver=filo2 stage=post_ls ls=pyvrp iter=1
2026-03-15 20:34:01 | INFO     | Route #9: 158 582 76 1564 824 1824 518 459 430 835 1101 614 135 1231 1688 1 761 1016 725 1086 1432 773 293 1681 597 23 1776 8 956 432 1084 1490 1066 1292 201 379 656 583 || mode=vb method=sk_kmeans solver=filo2 stage=post_ls ls=pyvrp iter=1
2026-03-15 20:34:01 | INFO     | Route #10: 121 1900 1410 1740 391 1258 482 1371 896 558 640 1853 240 817 1223 1917 1095 971 1350 1237 900 827 438 1272 1294 557 256 366 653 394 1185 1226 124 1741 1684 1887 460 813 560 354 1719 1020 1724 1778 936 1035 333 || mode=vb method=sk_kmeans solver=filo2 stage=post_ls ls=pyvrp iter=1
2026-03-15 20:34:01 | INFO     | Route #11: 1439 1215 1770 115 387 1554 1780 521 802 636 1446 650 260 3 1450 178 1512 1121 1170 1372 687 1670 569 414 130 1137 75 80 940 952 1581 1468 682 924 181 729 1280 552 642 1424 348 966 || mode=vb method=sk_kmeans solver=filo2 stage=post_ls ls=pyvrp iter=1
2026-03-15 20:34:01 | INFO     | Route #12: 740 975 1426 154 1416 1355 1396 146 89 1889 1458 1823 622 1189 210 236 6 591 1530 1515 1604 1191 1539 163 657 1204 1791 1440 1650 1297 1644 1232 1000 227 1339 866 || mode=vb method=sk_kmeans solver=filo2 stage=post_ls ls=pyvrp iter=1
2026-03-15 20:34:01 | INFO     | Route #13: 812 688 683 1484 595 1811 1589 986 1767 601 400 29 1398 843 446 122 1296 864 1632 10 424 629 357 88 976 1784 1323 837 313 233 517 1748 1164 447 397 || mode=vb method=sk_kmeans solver=filo2 stage=post_ls ls=pyvrp iter=1
2026-03-15 20:34:01 | INFO     | Route #14: 1596 1712 1624 1385 974 298 1018 767 496 889 929 65 923 1833 633 1726 1077 1815 960 53 685 451 763 1550 1503 1249 493 709 489 1070 1027 1386 105 815 1508 1277 || mode=vb method=sk_kmeans solver=filo2 stage=post_ls ls=pyvrp iter=1
2026-03-15 20:34:01 | INFO     | Route #15: 1102 1703 1710 1713 410 369 1071 1527 1255 1764 686 282 1775 1045 610 1229 1314 1674 564 198 1007 1159 1608 506 1367 1253 1435 1783 1588 699 22 483 1519 1682 1902 514 1088 42 165 998 1262 659 || mode=vb method=sk_kmeans solver=filo2 stage=post_ls ls=pyvrp iter=1
2026-03-15 20:34:01 | INFO     | Route #16: 1284 1075 768 1795 1601 1373 137 1025 1335 523 1731 822 200 600 223 1163 1647 627 1259 1830 647 999 648 411 1626 20 161 856 1505 19 1672 1696 1324 639 698 1831 1481 1092 968 82 1584 1551 113 963 454 720 1220 1397 || mode=vb method=sk_kmeans solver=filo2 stage=post_ls ls=pyvrp iter=1
2026-03-15 20:34:01 | INFO     | Route #17: 155 1378 947 1730 1690 398 1568 641 428 1177 1122 562 980 1737 1224 1766 160 853 810 1433 307 1200 193 1113 714 1485 1906 990 1312 103 1736 846 324 1620 || mode=vb method=sk_kmeans solver=filo2 stage=post_ls ls=pyvrp iter=1
2026-03-15 20:34:01 | INFO     | Route #18: 1893 883 264 407 1590 1455 793 177 1345 1926 1901 1460 816 559 1161 1727 1157 1711 1242 479 690 1219 1083 1172 1868 592 1274 573 672 665 1812 1118 1857 1871 1419 245 1744 1661 1241 || mode=vb method=sk_kmeans solver=filo2 stage=post_ls ls=pyvrp iter=1
2026-03-15 20:34:01 | INFO     | Route #19: 173 803 1785 717 1024 1415 1351 1668 1545 360 180 290 684 730 749 1056 1875 637 712 577 1059 615 1595 576 345 186 1531 596 1851 373 1467 1895 907 1521 1046 1430 1162 1879 1570 886 726 1211 || mode=vb method=sk_kmeans solver=filo2 stage=post_ls ls=pyvrp iter=1
2026-03-15 20:34:01 | INFO     | Route #20: 1666 1114 471 279 1376 1645 670 581 1891 1222 1631 176 1443 1017 33 676 494 1753 401 611 799 739 1341 1513 939 283 1576 461 1663 1346 1787 1903 44 951 1330 301 107 344 111 1462 1619 5 538 77 1745 || mode=vb method=sk_kmeans solver=filo2 stage=post_ls ls=pyvrp iter=1
2026-03-15 20:34:01 | INFO     | Route #21: 119 188 1434 1517 1609 497 1014 308 865 268 1331 73 778 1065 836 1752 1146 1252 1927 1722 1214 250 1751 635 1723 321 220 848 781 179 1562 1050 1790 48 869 522 1657 1881 1507 981 1872 973 700 1123 721 395 || mode=vb method=sk_kmeans solver=filo2 stage=post_ls ls=pyvrp iter=1
2026-03-15 20:34:01 | INFO     | Route #22: 871 269 1106 136 661 96 526 1913 1469 1474 185 501 1413 1062 1858 199 125 142 1166 818 1212 829 1228 143 1628 1734 796 1256 1076 1128 1585 98 646 1659 429 543 1051 736 890 17 909 602 || mode=vb method=sk_kmeans solver=filo2 stage=post_ls ls=pyvrp iter=1
2026-03-15 20:34:01 | INFO     | Route #23: 331 352 109 1022 823 785 1451 287 1116 1246 1809 1714 1572 1701 204 1611 1276 1073 488 926 1447 485 1303 1033 674 1257 309 1268 1860 732 374 1898 1298 263 259 1718 1582 948 || mode=vb method=sk_kmeans solver=filo2 stage=post_ls ls=pyvrp iter=1
2026-03-15 20:34:01 | INFO     | Route #24: 72 1195 546 312 910 838 1529 992 1235 1107 1877 1421 431 51 1479 1874 1138 1234 1456 1328 465 1705 464 806 1763 1370 1230 1365 1746 1593 852 147 1616 1907 1837 306 1497 946 167 1151 7 1254 252 978 || mode=vb method=sk_kmeans solver=filo2 stage=post_ls ls=pyvrp iter=1
2026-03-15 20:34:01 | INFO     | Route #25: 1641 350 697 938 341 1883 229 1278 1931 265 1269 1392 1636 1829 1667 1368 1454 919 1799 388 1038 1706 734 1142 261 194 1655 1173 728 267 1471 1870 762 1739 1637 565 1587 1720 392 21 1558 1374 1093 847 || mode=vb method=sk_kmeans solver=filo2 stage=post_ls ls=pyvrp iter=1
2026-03-15 20:34:01 | INFO     | Route #26: 603 882 1029 1315 14 79 1908 1707 1567 1390 190 571 1506 475 1803 1425 673 472 787 1600 809 1801 1614 1369 1186 330 572 208 1124 1325 1429 450 826 1147 162 47 879 901 1132 1411 1011 800 1560 1008 1399 || mode=vb method=sk_kmeans solver=filo2 stage=post_ls ls=pyvrp iter=1
2026-03-15 20:34:01 | INFO     | Route #27: 1445 1687 1615 31 93 1155 339 996 426 1403 875 1813 1318 1023 1909 1175 912 16 880 1538 1302 1665 723 604 904 941 316 197 151 691 1914 1009 83 916 359 1112 704 1156 708 1221 || mode=vb method=sk_kmeans solver=filo2 stage=post_ls ls=pyvrp iter=1
2026-03-15 20:34:01 | INFO     | Route #28: 1243 1305 54 1036 1295 766 1461 1218 1208 574 1528 159 1580 1388 789 325 1055 1510 367 1782 1321 1021 1327 1152 1804 1362 1408 934 453 1057 702 1126 845 1473 254 1119 867 1673 340 84 37 || mode=vb method=sk_kmeans solver=filo2 stage=post_ls ls=pyvrp iter=1
2026-03-15 20:34:01 | INFO     | Route #29: 1167 423 371 1646 1573 1828 953 1802 808 99 69 215 868 1337 915 106 1244 1613 1575 1532 662 469 1841 156 101 737 1607 1012 239 1412 402 550 235 1001 1193 1910 25 18 735 291 1422 34 1662 1495 175 1825 701 1504 413 1542 || mode=vb method=sk_kmeans solver=filo2 stage=post_ls ls=pyvrp iter=1
2026-03-15 20:34:01 | INFO     | Route #30: 32 1594 1307 444 1685 457 1728 1552 1291 1176 1096 1015 1930 467 771 1213 1888 1494 1465 1030 1283 1848 1630 777 943 1771 1052 1338 169 1692 1866 1820 780 368 253 1524 1363 || mode=vb method=sk_kmeans solver=filo2 stage=post_ls ls=pyvrp iter=2
2026-03-15 20:34:01 | INFO     | Route #31: 1864 1629 1912 1792 537 1735 1638 831 1109 1561 631 623 1852 1359 1136 1546 1678 696 1150 1043 1800 1308 1796 895 753 1606 751 1634 503 1436 50 783 885 332 1245 || mode=rb method=sk_ac_complete solver=filo1 stage=post_ls ls=pyvrp iter=14
2026-03-15 20:34:01 | INFO     | Route #32: 1074 1207 216 1005 1757 1859 1571 668 104 580 1890 1816 334 630 1271 821 1642 1549 439 1896 621 1489 1196 1179 232 126 280 376 274 212 1061 1929 854 390 1781 1044 1578 1534 1300 987 297 1762 1694 1034 1437 722 1758 1054 || mode=rb method=sk_ac_min solver=filo2 stage=post_ls ls=pyvrp iter=20
2026-03-15 20:34:01 | INFO     | Route #33: 748 1894 12 1431 382 335 1134 1499 1760 1518 1198 566 1598 554 393 795 703 214 458 71 462 338 841 970 1135 224 511 305 891 247 1849 1548 206 55 1839 1501 842 456 1537 1464 1144 893 420 1366 1779 1090 1729 1526 1192 || mode=rb method=sk_ac_min solver=filo2 stage=post_ls ls=pyvrp iter=20
2026-03-15 20:34:01 | INFO     | Route #34: 1427 1660 1069 1486 1459 487 24 1210 478 1194 811 1892 1716 681 273 819 1082 1463 1181 213 1675 1206 1653 1597 1089 945 389 820 651 1079 1920 1322 1375 1700 1844 805 532 1260 || mode=rb method=sk_ac_min solver=filo2 stage=post_ls ls=pyvrp iter=20
2026-03-15 20:34:01 | INFO     | Route #35: 1569 1104 1353 284 1805 634 1876 1187 314 1483 1129 26 148 46 418 884 1765 1158 652 191 504 1715 11 935 1725 476 492 547 275 675 994 207 1449 982 663 834 654 961 || mode=rb method=sk_ac_min solver=filo2 stage=post_ls ls=pyvrp iter=20
2026-03-15 20:34:01 | INFO     | Route #36: 715 2 365 645 1717 1227 1773 741 933 70 911 1250 1556 396 1755 134 408 1789 1387 64 510 605 1004 750 1233 399 1333 1691 1677 1863 710 1168 1379 91 1617 172 174 1699 || mode=rb method=sk_ac_complete solver=filo1 stage=post_ls ls=pyvrp iter=24
2026-03-15 20:34:01 | INFO     | Route #37: 568 1081 1591 38 962 731 153 1273 1612 1097 1058 1835 770 1861 655 271 1304 1475 1683 294 1709 468 862 1203 422 242 127 1918 1040 965 1749 484 1511 850 221 932 535 1352 || mode=rb method=sk_ac_complete solver=filo1 stage=post_ls ls=pyvrp iter=24
2026-03-15 20:34:01 | INFO     | Route #38: 211 860 541 1885 1442 183 383 1382 1003 1862 593 536 1603 1263 336 442 1769 1452 1743 585 1806 49 218 491 1310 435 790 519 1921 689 1358 1855 1847 679 509 289 553 539 1496 1671 1110 56 466 || mode=rb method=sk_ac_complete solver=filo1 stage=post_ls ls=pyvrp iter=24
2026-03-15 20:34:01 | INFO     | Route #39: 196 1409 828 563 902 1080 1180 1810 844 1251 1197 881 299 1326 358 502 1498 755 380 61 499 738 455 1477 833 1704 1732 874 1478 776 1822 1417 110 60 814 1383 490 1290 1190 94 660 448 246 || mode=rb method=sk_ac_complete solver=filo1 stage=post_ls ls=pyvrp iter=24
2026-03-15 20:34:01 | INFO     | Route #40: 326 1654 1108 62 1348 959 120 908 1808 1448 1472 234 840 1500 774 1266 9 898 1301 286 406 449 747 914 1553 202 302 343 140 375 118 1834 1842 1026 719 251 150 || mode=rb method=sk_ac_complete solver=filo1 stage=post_ls ls=pyvrp iter=24
2026-03-15 20:34:01 | INFO     | Route #41: 114 1886 649 1199 995 97 772 328 644 258 1867 1064 171 1640 266 533 958 138 353 711 67 954 300 530 182 706 1019 1048 1053 878 1610 1742 189 1664 1037 1042 132 1400 1563 1428 1502 1174 588 892 1391 905 39 1788 1814 1002 57 1625 894 || mode=rb method=sk_ac_complete solver=filo1 stage=post_ls ls=pyvrp iter=24
2026-03-15 20:34:01 | INFO     | Route #42: 1078 590 108 1916 320 1826 791 985 989 705 311 1750 765 1404 505 1747 855 1488 797 859 618 872 525 403 508 1267 1843 445 1364 1041 599 205 1544 1441 1381 1565 1818 427 548 542 671 920 133 1201 1904 1622 255 1797 425 || mode=rb method=sk_ac_complete solver=filo1 stage=post_ls ls=pyvrp iter=24
2026-03-15 20:34:01 | INFO     | Route #43: 944 1006 1547 801 217 988 351 1148 1248 942 1648 436 292 1072 658 1334 937 1125 1380 798 1141 1264 598 486 694 1160 346 1047 1311 534 1293 807 1202 386 87 30 1143 607 1679 1882 903 1621 1514 788 693 || mode=rb method=sk_ac_complete solver=filo1 stage=post_ls ls=pyvrp iter=24
2026-03-15 20:34:01 | INFO     | Route #44: 1418 983 364 1130 1493 1884 851 1487 899 281 1285 1579 1543 587 1356 555 678 561 1794 474 1281 925 310 145 928 1772 667 378 41 277 1509 405 1482 272 515 680 1686 1261 619 1169 288 319 1651 578 695 437 1695 917 || mode=rb method=sk_ac_complete solver=filo1 stage=post_ls ls=pyvrp iter=24
2026-03-15 20:34:01 | INFO     | Route #45: 195 716 624 187 1178 977 1349 1577 1306 347 1702 608 1282 1068 913 13 1329 1536 248 1247 123 1216 237 415 1733 63 759 993 500 92 512 825 1680 957 1094 318 628 760 1761 117 742 || mode=rb method=sk_ac_complete solver=filo1 stage=post_ls ls=pyvrp iter=24
2026-03-15 20:34:01 | INFO     | Route #46: 1933 1523 1623 1401 1919 1649 355 1389 149 327 1522 616 931 203 58 1897 170 849 385 1120 473 746 1320 1240 1414 1574 1067 1238 544 979 1319 764 551 1140 129 727 1457 1133 1491 1225 752 1807 927 152 1873 870 || mode=rb method=sk_ac_complete solver=filo1 stage=post_ls ls=pyvrp iter=24
2026-03-15 20:34:01 | INFO     | 
2026-03-15 20:34:01 | INFO     | [BEST SOLUTION ROUTE SUMMARY]
2026-03-15 20:34:01 | INFO     | --------------------------------------------------------------------------------
2026-03-15 20:34:01 | INFO     |   30 routes | VB    | sk_kmeans       | solver=filo2      | stage=post_ls | ls=pyvrp
2026-03-15 20:34:01 | INFO     |   12 routes | RB    | sk_ac_complete  | solver=filo1      | stage=post_ls | ls=pyvrp
2026-03-15 20:34:01 | INFO     |    4 routes | RB    | sk_ac_min       | solver=filo2      | stage=post_ls | ls=pyvrp
2026-03-15 20:34:02 | INFO     | 
2026-03-15 20:34:02 | INFO     | [ROUTE POOL SUMMARY]
2026-03-15 20:34:02 | INFO     |   183 routes | VB | sk_kmeans | solver=filo2 | stage=post_ls | ls=pyvrp
2026-03-15 20:34:02 | INFO     |   176 routes | RB | sk_ac_complete | solver=pyvrp | stage=post_ls | ls=pyvrp
2026-03-15 20:34:02 | INFO     |   141 routes | VB | fcm | solver=filo2 | stage=post_ls | ls=pyvrp
2026-03-15 20:34:02 | INFO     |   101 routes | RB | sk_ac_complete | solver=filo1 | stage=post_ls | ls=pyvrp
2026-03-15 20:34:02 | INFO     |    96 routes | VB | k_medoids_pyclustering | solver=filo1 | stage=post_ls | ls=pyvrp
2026-03-15 20:34:02 | INFO     |    94 routes | VB | sk_ac_min | solver=pyvrp | stage=post_ls | ls=pyvrp
2026-03-15 20:34:02 | INFO     |    73 routes | RB | sk_ac_avg | solver=pyvrp | stage=post_ls | ls=pyvrp
2026-03-15 20:34:02 | INFO     |    72 routes | RB | sk_kmeans | solver=filo1 | stage=post_ls | ls=pyvrp
2026-03-15 20:34:02 | INFO     |    49 routes | VB | k_medoids_pyclustering | solver=pyvrp | stage=post_ls | ls=pyvrp
2026-03-15 20:34:02 | INFO     |    48 routes | VB | fcm | solver=filo1 | stage=post_ls | ls=pyvrp
2026-03-15 20:34:02 | INFO     |    47 routes | VB | sk_ac_min | solver=filo1 | stage=post_ls | ls=pyvrp
2026-03-15 20:34:02 | INFO     |    47 routes | VB | fcm | solver=pyvrp | stage=post_ls | ls=pyvrp
2026-03-15 20:34:02 | INFO     |    47 routes | VB | sk_kmeans | solver=pyvrp | stage=post_ls | ls=pyvrp
2026-03-15 20:34:02 | INFO     |    45 routes | VB | sk_ac_complete | solver=filo1 | stage=post_ls | ls=pyvrp
2026-03-15 20:34:02 | INFO     |    43 routes | RB | sk_ac_complete | solver=filo2 | stage=post_ls | ls=pyvrp
2026-03-15 20:34:02 | INFO     |    39 routes | RB | sk_kmeans | solver=filo2 | stage=post_ls | ls=pyvrp
2026-03-15 20:34:02 | INFO     |    38 routes | RB | sk_ac_min | solver=filo2 | stage=post_ls | ls=pyvrp
2026-03-15 20:34:02 | INFO     |    36 routes | RB | sk_ac_avg | solver=filo2 | stage=post_ls | ls=pyvrp
2026-03-15 20:34:02 | INFO     |     1 routes | SCP | gurobi_mip | solver=UNKNOWN | stage=scp_post_ls | ls=N/A
2026-03-15 20:34:02 | INFO     | [XL-n1934-k46 IMPROVED-SCP] best_cost=53146 | Gap: 0.3133%
2026-03-15 20:34:02 | INFO     | [XL-n1934-k46 ITERATION-TIMES 33] cluster=0.931s routing=1329.748s ls=86.154s scp=91.156s total=1508.111s
2026-03-15 20:34:02 | INFO     | [XL-n1934-k46 ITERATION 34] mode=RB method=sk_ac_avg k=8 solver=filo1 ls=pyvrp
2026-03-15 20:34:02 | INFO     | [XL-n1934-k46 CLUSTER] method=sk_ac_avg k=8 | sizes=[373, 323, 253, 212, 266, 36, 385, 85] | min=36 max=385 avg=241.6
2026-03-15 20:34:02 | INFO     | [XL-n1934-k46 ROUTING] Solving clusters with filo1
2026-03-15 21:05:52 | INFO     | [XL-n1934-k46 NO-IMPROVEMENT] best_cost=53146 | streak=1 | Gap: 0.3133%
2026-03-15 21:05:52 | INFO     | [XL-n1934-k46 ITERATION-TIMES 34] cluster=0.040s routing=1834.276s ls=75.795s total=1910.142s
2026-03-15 21:05:52 | INFO     | [XL-n1934-k46 ITERATION 35] mode=RB method=sk_ac_min k=7 solver=filo2 ls=pyvrp
2026-03-15 21:05:52 | INFO     | [XL-n1934-k46 CLUSTER] method=sk_ac_min k=7 | sizes=[351, 323, 597, 36, 373, 42, 211] | min=36 max=597 avg=276.1
2026-03-15 21:05:52 | INFO     | [XL-n1934-k46 ROUTING] Solving clusters with filo2
2026-03-15 21:37:10 | INFO     | 
2026-03-15 21:37:10 | INFO     | ================================================================================
2026-03-15 21:37:10 | INFO     | [XL-n1934-k46] PERIODIC SNAPSHOT SNAPSHOT_008
2026-03-15 21:37:10 | INFO     | ================================================================================
2026-03-15 21:37:10 | INFO     | Route #1: 1635 1476 1039 1911 567 1184 733 1098 1754 1360 1557 128 81 1100 967 315 270 524 1087 1354 1407 296 804 1299 1586 1336 769 758 278 949 1698 36 43 1480 1395 434 238 74 356 40 || mode=vb method=sk_kmeans solver=filo2 stage=post_ls ls=pyvrp iter=1
2026-03-15 21:37:10 | INFO     | Route #2: 1423 4 1154 507 1182 1145 1658 513 792 230 1643 528 745 1205 1669 1555 285 921 192 632 1535 991 1756 463 241 782 1925 131 244 303 481 1840 1063 35 669 112 1131 157 421 322 1466 222 1032 || mode=vb method=sk_kmeans solver=filo2 stage=post_ls ls=pyvrp iter=1
2026-03-15 21:37:10 | INFO     | Route #3: 443 1275 139 384 349 897 337 1393 643 228 1540 417 1342 1343 166 950 718 955 1774 329 1656 964 594 609 1697 225 184 1721 1188 1915 1618 1105 1854 1583 1288 409 1013 1836 877 || mode=vb method=sk_kmeans solver=filo2 stage=post_ls ls=pyvrp iter=1
2026-03-15 21:37:10 | INFO     | Route #4: 243 1028 918 295 433 1171 1340 857 617 323 887 861 441 116 1111 86 626 1639 15 144 1347 1827 873 1856 545 606 1286 1865 724 744 1279 1819 830 317 677 930 756 102 1139 858 839 440 1520 219 1786 1738 1217 || mode=vb method=sk_kmeans solver=filo2 stage=post_ls ls=pyvrp iter=1
2026-03-15 21:37:10 | INFO     | Route #5: 90 370 1566 757 1289 516 412 556 575 1060 784 342 480 972 1010 888 1287 362 78 876 276 1270 997 1845 1821 1832 906 1165 1878 226 66 1309 45 1846 1103 625 1525 452 1361 470 || mode=vb method=sk_kmeans solver=filo2 stage=post_ls ls=pyvrp iter=1
2026-03-15 21:37:10 | INFO     | Route #6: 1633 1049 1627 1091 775 1922 1317 1516 531 1316 1541 1777 1932 1689 377 1153 95 779 416 540 1850 59 1149 664 1183 549 794 579 249 1768 1265 1928 1394 1453 754 419 || mode=vb method=sk_kmeans solver=filo2 stage=post_ls ls=pyvrp iter=1
2026-03-15 21:37:10 | INFO     | Route #7: 570 28 1559 1693 984 586 168 231 1099 638 1817 1405 1798 498 527 1031 27 164 1652 1344 1209 1313 1127 1838 100 404 262 1676 209 52 1377 1115 612 692 1406 1117 520 1470 1236 1708 589 620 1592 707 477 || mode=vb method=sk_kmeans solver=filo2 stage=post_ls ls=pyvrp iter=1
2026-03-15 21:37:10 | INFO     | Route #8: 121 1900 1410 1740 391 1258 482 1371 896 558 640 1853 240 817 1223 1917 1095 971 1350 1237 900 827 438 1272 1294 557 256 366 653 394 1185 1226 124 1741 1684 1887 460 813 560 354 1719 1020 1724 1778 936 1035 333 || mode=vb method=sk_kmeans solver=filo2 stage=post_ls ls=pyvrp iter=1
2026-03-15 21:37:10 | INFO     | Route #9: 1439 1215 1770 115 387 1554 1780 521 802 636 1446 650 260 3 1450 178 1512 1121 1170 1372 687 1670 569 414 130 1137 75 80 940 952 1581 1468 682 924 181 729 1280 552 642 1424 348 966 || mode=vb method=sk_kmeans solver=filo2 stage=post_ls ls=pyvrp iter=1
2026-03-15 21:37:10 | INFO     | Route #10: 740 975 1426 154 1416 1355 1396 146 89 1889 1458 1823 622 1189 210 236 6 591 1530 1515 1604 1191 1539 163 657 1204 1791 1440 1650 1297 1644 1232 1000 227 1339 866 || mode=vb method=sk_kmeans solver=filo2 stage=post_ls ls=pyvrp iter=1
2026-03-15 21:37:10 | INFO     | Route #11: 812 688 683 1484 595 1811 1589 986 1767 601 400 29 1398 843 446 122 1296 864 1632 10 424 629 357 88 976 1784 1323 837 313 233 517 1748 1164 447 397 || mode=vb method=sk_kmeans solver=filo2 stage=post_ls ls=pyvrp iter=1
2026-03-15 21:37:10 | INFO     | Route #12: 1596 1712 1624 1385 974 298 1018 767 496 889 929 65 923 1833 633 1726 1077 1815 960 53 685 451 763 1550 1503 1249 493 709 489 1070 1027 1386 105 815 1508 1277 || mode=vb method=sk_kmeans solver=filo2 stage=post_ls ls=pyvrp iter=1
2026-03-15 21:37:10 | INFO     | Route #13: 1102 1703 1710 1713 410 369 1071 1527 1255 1764 686 282 1775 1045 610 1229 1314 1674 564 198 1007 1159 1608 506 1367 1253 1435 1783 1588 699 22 483 1519 1682 1902 514 1088 42 165 998 1262 659 || mode=vb method=sk_kmeans solver=filo2 stage=post_ls ls=pyvrp iter=1
2026-03-15 21:37:10 | INFO     | Route #14: 1284 1075 768 1795 1601 1373 137 1025 1335 523 1731 822 200 600 223 1163 1647 627 1259 1830 647 999 648 411 1626 20 161 856 1505 19 1672 1696 1324 639 698 1831 1481 1092 968 82 1584 1551 113 963 454 720 1220 1397 || mode=vb method=sk_kmeans solver=filo2 stage=post_ls ls=pyvrp iter=1
2026-03-15 21:37:10 | INFO     | Route #15: 155 1378 947 1730 1690 398 1568 641 428 1177 1122 562 980 1737 1224 1766 160 853 810 1433 307 1200 193 1113 714 1485 1906 990 1312 103 1736 846 324 1620 || mode=vb method=sk_kmeans solver=filo2 stage=post_ls ls=pyvrp iter=1
2026-03-15 21:37:10 | INFO     | Route #16: 173 803 1785 717 1024 1415 1351 1668 1545 360 180 290 684 730 749 1056 1875 637 712 577 1059 615 1595 576 345 186 1531 596 1851 373 1467 1895 907 1521 1046 1430 1162 1879 1570 886 726 1211 || mode=vb method=sk_kmeans solver=filo2 stage=post_ls ls=pyvrp iter=1
2026-03-15 21:37:10 | INFO     | Route #17: 1666 1114 471 279 1376 1645 670 581 1891 1222 1631 176 1443 1017 33 676 494 1753 401 611 799 739 1341 1513 939 283 1576 461 1663 1346 1787 1903 44 951 1330 301 107 344 111 1462 1619 5 538 77 1745 || mode=vb method=sk_kmeans solver=filo2 stage=post_ls ls=pyvrp iter=1
2026-03-15 21:37:10 | INFO     | Route #18: 119 188 1434 1517 1609 497 1014 308 865 268 1331 73 778 1065 836 1752 1146 1252 1927 1722 1214 250 1751 635 1723 321 220 848 781 179 1562 1050 1790 48 869 522 1657 1881 1507 981 1872 973 700 1123 721 395 || mode=vb method=sk_kmeans solver=filo2 stage=post_ls ls=pyvrp iter=1
2026-03-15 21:37:10 | INFO     | Route #19: 871 269 1106 136 661 96 526 1913 1469 1474 185 501 1413 1062 1858 199 125 142 1166 818 1212 829 1228 143 1628 1734 796 1256 1076 1128 1585 98 646 1659 429 543 1051 736 890 17 909 602 || mode=vb method=sk_kmeans solver=filo2 stage=post_ls ls=pyvrp iter=1
2026-03-15 21:37:10 | INFO     | Route #20: 331 352 109 1022 823 785 1451 287 1116 1246 1809 1714 1572 1701 204 1611 1276 1073 488 926 1447 485 1303 1033 674 1257 309 1268 1860 732 374 1898 1298 263 259 1718 1582 948 || mode=vb method=sk_kmeans solver=filo2 stage=post_ls ls=pyvrp iter=1
2026-03-15 21:37:10 | INFO     | Route #21: 1641 350 697 938 341 1883 229 1278 1931 265 1269 1392 1636 1829 1667 1368 1454 919 1799 388 1038 1706 734 1142 261 194 1655 1173 728 267 1471 1870 762 1739 1637 565 1587 1720 392 21 1558 1374 1093 847 || mode=vb method=sk_kmeans solver=filo2 stage=post_ls ls=pyvrp iter=1
2026-03-15 21:37:10 | INFO     | Route #22: 603 882 1029 1315 14 79 1908 1707 1567 1390 190 571 1506 475 1803 1425 673 472 787 1600 809 1801 1614 1369 1186 330 572 208 1124 1325 1429 450 826 1147 162 47 879 901 1132 1411 1011 800 1560 1008 1399 || mode=vb method=sk_kmeans solver=filo2 stage=post_ls ls=pyvrp iter=1
2026-03-15 21:37:10 | INFO     | Route #23: 1445 1687 1615 31 93 1155 339 996 426 1403 875 1813 1318 1023 1909 1175 912 16 880 1538 1302 1665 723 604 904 941 316 197 151 691 1914 1009 83 916 359 1112 704 1156 708 1221 || mode=vb method=sk_kmeans solver=filo2 stage=post_ls ls=pyvrp iter=1
2026-03-15 21:37:10 | INFO     | Route #24: 1243 1305 54 1036 1295 766 1461 1218 1208 574 1528 159 1580 1388 789 325 1055 1510 367 1782 1321 1021 1327 1152 1804 1362 1408 934 453 1057 702 1126 845 1473 254 1119 867 1673 340 84 37 || mode=vb method=sk_kmeans solver=filo2 stage=post_ls ls=pyvrp iter=1
2026-03-15 21:37:10 | INFO     | Route #25: 1167 423 371 1646 1573 1828 953 1802 808 99 69 215 868 1337 915 106 1244 1613 1575 1532 662 469 1841 156 101 737 1607 1012 239 1412 402 550 235 1001 1193 1910 25 18 735 291 1422 34 1662 1495 175 1825 701 1504 413 1542 || mode=vb method=sk_kmeans solver=filo2 stage=post_ls ls=pyvrp iter=1
2026-03-15 21:37:10 | INFO     | Route #26: 32 1594 1307 444 1685 457 1728 1552 1291 1176 1096 1015 1930 467 771 1213 1888 1494 1465 1030 1283 1848 1630 777 943 1771 1052 1338 169 1692 1866 1820 780 368 253 1524 1363 || mode=vb method=sk_kmeans solver=filo2 stage=post_ls ls=pyvrp iter=2
2026-03-15 21:37:10 | INFO     | Route #27: 1864 1629 1912 1792 537 1735 1638 831 1109 1561 631 623 1852 1359 1136 1546 1678 696 1150 1043 1800 1308 1796 895 753 1606 751 1634 503 1436 50 783 885 332 1245 || mode=rb method=sk_ac_complete solver=filo1 stage=post_ls ls=pyvrp iter=14
2026-03-15 21:37:10 | INFO     | Route #28: 748 1894 12 1431 382 335 1134 1499 1760 1518 1198 566 1598 554 393 795 703 214 458 71 462 338 841 970 1135 224 511 305 891 247 1849 1548 206 55 1839 1501 842 456 1537 1464 1144 893 420 1366 1779 1090 1729 1526 1192 || mode=rb method=sk_ac_min solver=filo2 stage=post_ls ls=pyvrp iter=20
2026-03-15 21:37:10 | INFO     | Route #29: 1569 1104 1353 284 1805 634 1876 1187 314 1483 1129 26 148 46 418 884 1765 1158 652 191 504 1715 11 935 1725 476 492 547 275 675 994 207 1449 982 663 834 654 961 || mode=rb method=sk_ac_min solver=filo2 stage=post_ls ls=pyvrp iter=20
2026-03-15 21:37:10 | INFO     | Route #30: 715 2 365 645 1717 1227 1773 741 933 70 911 1250 1556 396 1755 134 408 1789 1387 64 510 605 1004 750 1233 399 1333 1691 1677 1863 710 1168 1379 91 1617 172 174 1699 || mode=rb method=sk_ac_complete solver=filo1 stage=post_ls ls=pyvrp iter=24
2026-03-15 21:37:10 | INFO     | Route #31: 568 1081 1591 38 962 731 153 1273 1612 1097 1058 1835 770 1861 655 271 1304 1475 1683 294 1709 468 862 1203 422 242 127 1918 1040 965 1749 484 1511 850 221 932 535 1352 || mode=rb method=sk_ac_complete solver=filo1 stage=post_ls ls=pyvrp iter=24
2026-03-15 21:37:10 | INFO     | Route #32: 211 860 541 1885 1442 183 383 1382 1003 1862 593 536 1603 1263 336 442 1769 1452 1743 585 1806 49 218 491 1310 435 790 519 1921 689 1358 1855 1847 679 509 289 553 539 1496 1671 1110 56 466 || mode=rb method=sk_ac_complete solver=filo1 stage=post_ls ls=pyvrp iter=24
2026-03-15 21:37:10 | INFO     | Route #33: 196 1409 828 563 902 1080 1180 1810 844 1251 1197 881 299 1326 358 502 1498 755 380 61 499 738 455 1477 833 1704 1732 874 1478 776 1822 1417 110 60 814 1383 490 1290 1190 94 660 448 246 || mode=rb method=sk_ac_complete solver=filo1 stage=post_ls ls=pyvrp iter=24
2026-03-15 21:37:10 | INFO     | Route #34: 326 1654 1108 62 1348 959 120 908 1808 1448 1472 234 840 1500 774 1266 9 898 1301 286 406 449 747 914 1553 202 302 343 140 375 118 1834 1842 1026 719 251 150 || mode=rb method=sk_ac_complete solver=filo1 stage=post_ls ls=pyvrp iter=24
2026-03-15 21:37:10 | INFO     | Route #35: 114 1886 649 1199 995 97 772 328 644 258 1867 1064 171 1640 266 533 958 138 353 711 67 954 300 530 182 706 1019 1048 1053 878 1610 1742 189 1664 1037 1042 132 1400 1563 1428 1502 1174 588 892 1391 905 39 1788 1814 1002 57 1625 894 || mode=rb method=sk_ac_complete solver=filo1 stage=post_ls ls=pyvrp iter=24
2026-03-15 21:37:10 | INFO     | Route #36: 1078 590 108 1916 320 1826 791 985 989 705 311 1750 765 1404 505 1747 855 1488 797 859 618 872 525 403 508 1267 1843 445 1364 1041 599 205 1544 1441 1381 1565 1818 427 548 542 671 920 133 1201 1904 1622 255 1797 425 || mode=rb method=sk_ac_complete solver=filo1 stage=post_ls ls=pyvrp iter=24
2026-03-15 21:37:10 | INFO     | Route #37: 944 1006 1547 801 217 988 351 1148 1248 942 1648 436 292 1072 658 1334 937 1125 1380 798 1141 1264 598 486 694 1160 346 1047 1311 534 1293 807 1202 386 87 30 1143 607 1679 1882 903 1621 1514 788 693 || mode=rb method=sk_ac_complete solver=filo1 stage=post_ls ls=pyvrp iter=24
2026-03-15 21:37:10 | INFO     | Route #38: 1418 983 364 1130 1493 1884 851 1487 899 281 1285 1579 1543 587 1356 555 678 561 1794 474 1281 925 310 145 928 1772 667 378 41 277 1509 405 1482 272 515 680 1686 1261 619 1169 288 319 1651 578 695 437 1695 917 || mode=rb method=sk_ac_complete solver=filo1 stage=post_ls ls=pyvrp iter=24
2026-03-15 21:37:10 | INFO     | Route #39: 195 716 624 187 1178 977 1349 1577 1306 347 1702 608 1282 1068 913 13 1329 1536 248 1247 123 1216 237 415 1733 63 759 993 500 92 512 825 1680 957 1094 318 628 760 1761 117 742 || mode=rb method=sk_ac_complete solver=filo1 stage=post_ls ls=pyvrp iter=24
2026-03-15 21:37:10 | INFO     | Route #40: 1933 1523 1623 1401 1919 1649 355 1389 149 327 1522 616 931 203 58 1897 170 849 385 1120 473 746 1320 1240 1414 1574 1067 1238 544 979 1319 764 551 1140 129 727 1457 1133 1491 1225 752 1807 927 152 1873 870 || mode=rb method=sk_ac_complete solver=filo1 stage=post_ls ls=pyvrp iter=24
2026-03-15 21:37:10 | INFO     | Route #41: 1260 532 805 1844 1700 1375 1322 1920 1079 651 820 389 945 1089 1597 1653 1206 1675 213 1181 1463 1082 819 273 681 1716 1892 811 1194 478 1210 24 487 1459 1486 1069 1660 1427 1758 1054 || mode=rb method=sk_kmeans solver=filo1 stage=post_ls ls=pyvrp iter=33
2026-03-15 21:37:10 | INFO     | Route #42: 722 1437 1034 1694 1762 297 987 1300 1534 1578 1044 1781 390 854 1929 1061 212 274 376 280 126 232 1179 1196 1489 621 1896 439 1549 1642 821 1271 630 334 1816 1890 580 104 668 1571 1859 1757 1005 216 1207 1074 || mode=rb method=sk_kmeans solver=filo1 stage=post_ls ls=pyvrp iter=33
2026-03-15 21:37:10 | INFO     | Route #43: 582 76 1564 824 1824 518 430 835 1101 431 51 1479 1234 1456 1328 1705 464 806 1763 1370 1230 1365 1746 1593 852 147 1616 1907 1837 946 167 1151 7 1254 252 312 546 1195 72 || mode=rb method=sk_kmeans solver=filo1 stage=post_ls ls=pyvrp iter=33
2026-03-15 21:37:10 | INFO     | Route #44: 583 656 379 1066 1899 1490 1084 432 956 8 1776 23 597 1681 293 773 1432 1420 1086 725 1016 761 1 1688 177 1345 793 1231 1455 135 614 1590 407 264 459 883 1893 158 || mode=rb method=sk_kmeans solver=filo1 stage=post_ls ls=pyvrp iter=33
2026-03-15 21:37:10 | INFO     | Route #45: 372 1444 1357 1602 361 68 1384 141 257 613 1905 1793 863 1924 1332 495 1869 969 832 1402 1438 1239 1759 85 584 363 743 1492 666 1533 1880 1923 304 1085 1605 529 922 786 713 1599 381 1292 201 || mode=rb method=sk_kmeans solver=filo1 stage=post_ls ls=pyvrp iter=33
2026-03-15 21:37:10 | INFO     | Route #46: 978 910 838 1529 992 1235 1107 1877 1421 1874 1138 465 1901 1926 690 1219 1083 1172 1868 1727 479 1242 1711 1157 1460 816 559 1161 592 1274 573 672 665 1812 1118 1857 1871 1419 306 1497 245 1744 1661 1241 || mode=rb method=sk_kmeans solver=filo1 stage=post_ls ls=pyvrp iter=33
2026-03-15 21:37:10 | INFO     | 
2026-03-15 21:37:10 | INFO     | [BEST SOLUTION ROUTE SUMMARY]
2026-03-15 21:37:10 | INFO     | --------------------------------------------------------------------------------
2026-03-15 21:37:10 | INFO     |   26 routes | VB    | sk_kmeans       | solver=filo2      | stage=post_ls | ls=pyvrp
2026-03-15 21:37:10 | INFO     |   12 routes | RB    | sk_ac_complete  | solver=filo1      | stage=post_ls | ls=pyvrp
2026-03-15 21:37:10 | INFO     |    6 routes | RB    | sk_kmeans       | solver=filo1      | stage=post_ls | ls=pyvrp
2026-03-15 21:37:10 | INFO     |    2 routes | RB    | sk_ac_min       | solver=filo2      | stage=post_ls | ls=pyvrp
2026-03-15 21:37:10 | INFO     | 
2026-03-15 21:37:10 | INFO     | [ROUTE POOL SUMMARY]
2026-03-15 21:37:10 | INFO     |   183 routes | VB | sk_kmeans | solver=filo2 | stage=post_ls | ls=pyvrp
2026-03-15 21:37:10 | INFO     |   176 routes | RB | sk_ac_complete | solver=pyvrp | stage=post_ls | ls=pyvrp
2026-03-15 21:37:10 | INFO     |   141 routes | VB | fcm | solver=filo2 | stage=post_ls | ls=pyvrp
2026-03-15 21:37:10 | INFO     |   101 routes | RB | sk_ac_complete | solver=filo1 | stage=post_ls | ls=pyvrp
2026-03-15 21:37:10 | INFO     |    96 routes | VB | k_medoids_pyclustering | solver=filo1 | stage=post_ls | ls=pyvrp
2026-03-15 21:37:10 | INFO     |    94 routes | VB | sk_ac_min | solver=pyvrp | stage=post_ls | ls=pyvrp
2026-03-15 21:37:10 | INFO     |    73 routes | RB | sk_ac_avg | solver=pyvrp | stage=post_ls | ls=pyvrp
2026-03-15 21:37:10 | INFO     |    72 routes | RB | sk_kmeans | solver=filo1 | stage=post_ls | ls=pyvrp
2026-03-15 21:37:10 | INFO     |    63 routes | RB | sk_ac_min | solver=filo2 | stage=post_ls | ls=pyvrp
2026-03-15 21:37:10 | INFO     |    49 routes | VB | k_medoids_pyclustering | solver=pyvrp | stage=post_ls | ls=pyvrp
2026-03-15 21:37:10 | INFO     |    48 routes | VB | fcm | solver=filo1 | stage=post_ls | ls=pyvrp
2026-03-15 21:37:10 | INFO     |    47 routes | VB | sk_ac_min | solver=filo1 | stage=post_ls | ls=pyvrp
2026-03-15 21:37:10 | INFO     |    47 routes | VB | fcm | solver=pyvrp | stage=post_ls | ls=pyvrp
2026-03-15 21:37:10 | INFO     |    47 routes | VB | sk_kmeans | solver=pyvrp | stage=post_ls | ls=pyvrp
2026-03-15 21:37:10 | INFO     |    45 routes | VB | sk_ac_complete | solver=filo1 | stage=post_ls | ls=pyvrp
2026-03-15 21:37:10 | INFO     |    43 routes | RB | sk_ac_complete | solver=filo2 | stage=post_ls | ls=pyvrp
2026-03-15 21:37:10 | INFO     |    39 routes | RB | sk_kmeans | solver=filo2 | stage=post_ls | ls=pyvrp
2026-03-15 21:37:10 | INFO     |    36 routes | RB | sk_ac_avg | solver=filo2 | stage=post_ls | ls=pyvrp
2026-03-15 21:37:10 | INFO     |    24 routes | RB | sk_ac_avg | solver=filo1 | stage=post_ls | ls=pyvrp
2026-03-15 21:37:10 | INFO     |     1 routes | SCP | gurobi_mip | solver=UNKNOWN | stage=scp_post_ls | ls=N/A
2026-03-15 21:37:10 | INFO     | [XL-n1934-k46 NO-IMPROVEMENT] best_cost=53146 | streak=2 | Gap: 0.3133%
2026-03-15 21:37:10 | INFO     | [XL-n1934-k46 ITERATION-TIMES 35] cluster=0.024s routing=1804.470s ls=73.939s total=1878.635s
2026-03-15 21:37:10 | INFO     | [XL-n1934-k46 ITERATION 36] mode=RB method=sk_kmeans k=5 solver=pyvrp ls=pyvrp
2026-03-15 21:37:11 | INFO     | [XL-n1934-k46 CLUSTER] method=sk_kmeans k=5 | sizes=[323, 585, 373, 301, 351] | min=301 max=585 avg=386.6
2026-03-15 21:37:11 | INFO     | [XL-n1934-k46 ROUTING] Solving clusters with pyvrp
2026-03-15 21:45:21 | INFO     | [XL-n1934-k46 SCP] pruning_mode=diversity
2026-03-15 21:45:21 | INFO     | [XL-n1934-k46 SCP] solver=gurobi_mip | route_pool=1470
2026-03-15 21:45:38 | INFO     | [XL-n1934-k46 SCP] optimal solution found
2026-03-15 21:46:58 | INFO     | [XL-n1934-k46 IMPROVED-SCP] best_cost=53133 | Gap: 0.2888%
2026-03-15 21:46:58 | INFO     | [XL-n1934-k46 ITERATION-TIMES 36] cluster=0.979s routing=408.253s ls=81.381s scp=97.187s total=587.967s
2026-03-15 21:46:58 | INFO     | [XL-n1934-k46 ITERATION 37] mode=VB method=sk_kmeans k=3 solver=filo2 ls=pyvrp
2026-03-15 21:47:44 | INFO     | [XL-n1934-k46 CLUSTER] method=sk_kmeans k=3 | sizes=[570, 732, 631] | min=570 max=732 avg=644.3
2026-03-15 21:47:44 | INFO     | [XL-n1934-k46 ROUTING] Solving clusters with filo2
2026-03-15 22:30:42 | INFO     | [XL-n1934-k46 NO-IMPROVEMENT] best_cost=53133 | streak=1 | Gap: 0.2888%
2026-03-15 22:30:42 | INFO     | [XL-n1934-k46 ITERATION-TIMES 37] cluster=45.220s routing=2481.282s ls=97.286s total=2623.820s
2026-03-15 22:30:42 | WARNING  | [XL-n1934-k46 STOP] time limit reached
2026-03-15 22:30:42 | INFO     | [XL-n1934-k46 FINAL SCP] solver=gurobi_mip | route_pool=1470
2026-03-15 22:31:05 | INFO     | [XL-n1934-k46 SCP] optimal solution found
2026-03-15 22:32:47 | INFO     | 
2026-03-15 22:32:47 | INFO     | ================================================================================
2026-03-15 22:32:47 | INFO     | [XL-n1934-k46] FINAL BEST ROUTES WITH TAGS
2026-03-15 22:32:47 | INFO     | ================================================================================
2026-03-15 22:32:47 | INFO     | Route #1: 1635 1476 1039 1911 567 1184 733 1098 1754 1360 1557 128 81 1100 967 315 270 524 1087 1354 1407 296 804 1299 1586 1336 769 758 278 949 1698 36 43 1480 1395 434 238 74 356 40 || mode=VB method=sk_kmeans solver=filo2 stage=post_ls ls=pyvrp iter=1
2026-03-15 22:32:47 | INFO     | Route #2: 1423 4 1154 507 1182 1145 1658 513 792 230 1643 528 745 1205 1669 1555 285 921 192 632 1535 991 1756 463 241 782 1925 131 244 303 481 1840 1063 35 669 112 1131 157 421 322 1466 222 1032 || mode=VB method=sk_kmeans solver=filo2 stage=post_ls ls=pyvrp iter=1
2026-03-15 22:32:47 | INFO     | Route #3: 443 1275 139 384 349 897 337 1393 643 228 1540 417 1342 1343 166 950 718 955 1774 329 1656 964 594 609 1697 225 184 1721 1188 1915 1618 1105 1854 1583 1288 409 1013 1836 877 || mode=VB method=sk_kmeans solver=filo2 stage=post_ls ls=pyvrp iter=1
2026-03-15 22:32:47 | INFO     | Route #4: 243 1028 918 295 433 1171 1340 857 617 323 887 861 441 116 1111 86 626 1639 15 144 1347 1827 873 1856 545 606 1286 1865 724 744 1279 1819 830 317 677 930 756 102 1139 858 839 440 1520 219 1786 1738 1217 || mode=VB method=sk_kmeans solver=filo2 stage=post_ls ls=pyvrp iter=1
2026-03-15 22:32:47 | INFO     | Route #5: 90 370 1566 757 1289 516 412 556 575 1060 784 342 480 972 1010 888 1287 362 78 876 276 1270 997 1845 1821 1832 906 1165 1878 226 66 1309 45 1846 1103 625 1525 452 1361 470 || mode=VB method=sk_kmeans solver=filo2 stage=post_ls ls=pyvrp iter=1
2026-03-15 22:32:47 | INFO     | Route #6: 1633 1049 1627 1091 775 1922 1317 1516 531 1316 1541 1777 1932 1689 377 1153 95 779 416 540 1850 59 1149 664 1183 549 794 579 249 1768 1265 1928 1394 1453 754 419 || mode=VB method=sk_kmeans solver=filo2 stage=post_ls ls=pyvrp iter=1
2026-03-15 22:32:47 | INFO     | Route #7: 570 28 1559 1693 984 586 168 231 1099 638 1817 1405 1798 498 527 1031 27 164 1652 1344 1209 1313 1127 1838 100 404 262 1676 209 52 1377 1115 612 692 1406 1117 520 1470 1236 1708 589 620 1592 707 477 || mode=VB method=sk_kmeans solver=filo2 stage=post_ls ls=pyvrp iter=1
2026-03-15 22:32:47 | INFO     | Route #8: 121 1900 1410 1740 391 1258 482 1371 896 558 640 1853 240 817 1223 1917 1095 971 1350 1237 900 827 438 1272 1294 557 256 366 653 394 1185 1226 124 1741 1684 1887 460 813 560 354 1719 1020 1724 1778 936 1035 333 || mode=VB method=sk_kmeans solver=filo2 stage=post_ls ls=pyvrp iter=1
2026-03-15 22:32:47 | INFO     | Route #9: 1439 1215 1770 115 387 1554 1780 521 802 636 1446 650 260 3 1450 178 1512 1121 1170 1372 687 1670 569 414 130 1137 75 80 940 952 1581 1468 682 924 181 729 1280 552 642 1424 348 966 || mode=VB method=sk_kmeans solver=filo2 stage=post_ls ls=pyvrp iter=1
2026-03-15 22:32:47 | INFO     | Route #10: 740 975 1426 154 1416 1355 1396 146 89 1889 1458 1823 622 1189 210 236 6 591 1530 1515 1604 1191 1539 163 657 1204 1791 1440 1650 1297 1644 1232 1000 227 1339 866 || mode=VB method=sk_kmeans solver=filo2 stage=post_ls ls=pyvrp iter=1
2026-03-15 22:32:47 | INFO     | Route #11: 812 688 683 1484 595 1811 1589 986 1767 601 400 29 1398 843 446 122 1296 864 1632 10 424 629 357 88 976 1784 1323 837 313 233 517 1748 1164 447 397 || mode=VB method=sk_kmeans solver=filo2 stage=post_ls ls=pyvrp iter=1
2026-03-15 22:32:47 | INFO     | Route #12: 1596 1712 1624 1385 974 298 1018 767 496 889 929 65 923 1833 633 1726 1077 1815 960 53 685 451 763 1550 1503 1249 493 709 489 1070 1027 1386 105 815 1508 1277 || mode=VB method=sk_kmeans solver=filo2 stage=post_ls ls=pyvrp iter=1
2026-03-15 22:32:47 | INFO     | Route #13: 1102 1703 1710 1713 410 369 1071 1527 1255 1764 686 282 1775 1045 610 1229 1314 1674 564 198 1007 1159 1608 506 1367 1253 1435 1783 1588 699 22 483 1519 1682 1902 514 1088 42 165 998 1262 659 || mode=VB method=sk_kmeans solver=filo2 stage=post_ls ls=pyvrp iter=1
2026-03-15 22:32:47 | INFO     | Route #14: 155 1378 947 1730 1690 398 1568 641 428 1177 1122 562 980 1737 1224 1766 160 853 810 1433 307 1200 193 1113 714 1485 1906 990 1312 103 1736 846 324 1620 || mode=VB method=sk_kmeans solver=filo2 stage=post_ls ls=pyvrp iter=1
2026-03-15 22:32:47 | INFO     | Route #15: 173 803 1785 717 1024 1415 1351 1668 1545 360 180 290 684 730 749 1056 1875 637 712 577 1059 615 1595 576 345 186 1531 596 1851 373 1467 1895 907 1521 1046 1430 1162 1879 1570 886 726 1211 || mode=VB method=sk_kmeans solver=filo2 stage=post_ls ls=pyvrp iter=1
2026-03-15 22:32:47 | INFO     | Route #16: 1666 1114 471 279 1376 1645 670 581 1891 1222 1631 176 1443 1017 33 676 494 1753 401 611 799 739 1341 1513 939 283 1576 461 1663 1346 1787 1903 44 951 1330 301 107 344 111 1462 1619 5 538 77 1745 || mode=VB method=sk_kmeans solver=filo2 stage=post_ls ls=pyvrp iter=1
2026-03-15 22:32:47 | INFO     | Route #17: 119 188 1434 1517 1609 497 1014 308 865 268 1331 73 778 1065 836 1752 1146 1252 1927 1722 1214 250 1751 635 1723 321 220 848 781 179 1562 1050 1790 48 869 522 1657 1881 1507 981 1872 973 700 1123 721 395 || mode=VB method=sk_kmeans solver=filo2 stage=post_ls ls=pyvrp iter=1
2026-03-15 22:32:47 | INFO     | Route #18: 871 269 1106 136 661 96 526 1913 1469 1474 185 501 1413 1062 1858 199 125 142 1166 818 1212 829 1228 143 1628 1734 796 1256 1076 1128 1585 98 646 1659 429 543 1051 736 890 17 909 602 || mode=VB method=sk_kmeans solver=filo2 stage=post_ls ls=pyvrp iter=1
2026-03-15 22:32:47 | INFO     | Route #19: 331 352 109 1022 823 785 1451 287 1116 1246 1809 1714 1572 1701 204 1611 1276 1073 488 926 1447 485 1303 1033 674 1257 309 1268 1860 732 374 1898 1298 263 259 1718 1582 948 || mode=VB method=sk_kmeans solver=filo2 stage=post_ls ls=pyvrp iter=1
2026-03-15 22:32:47 | INFO     | Route #20: 1641 350 697 938 341 1883 229 1278 1931 265 1269 1392 1636 1829 1667 1368 1454 919 1799 388 1038 1706 734 1142 261 194 1655 1173 728 267 1471 1870 762 1739 1637 565 1587 1720 392 21 1558 1374 1093 847 || mode=VB method=sk_kmeans solver=filo2 stage=post_ls ls=pyvrp iter=1
2026-03-15 22:32:47 | INFO     | Route #21: 603 882 1029 1315 14 79 1908 1707 1567 1390 190 571 1506 475 1803 1425 673 472 787 1600 809 1801 1614 1369 1186 330 572 208 1124 1325 1429 450 826 1147 162 47 879 901 1132 1411 1011 800 1560 1008 1399 || mode=VB method=sk_kmeans solver=filo2 stage=post_ls ls=pyvrp iter=1
2026-03-15 22:32:47 | INFO     | Route #22: 1445 1687 1615 31 93 1155 339 996 426 1403 875 1813 1318 1023 1909 1175 912 16 880 1538 1302 1665 723 604 904 941 316 197 151 691 1914 1009 83 916 359 1112 704 1156 708 1221 || mode=VB method=sk_kmeans solver=filo2 stage=post_ls ls=pyvrp iter=1
2026-03-15 22:32:47 | INFO     | Route #23: 1243 1305 54 1036 1295 766 1461 1218 1208 574 1528 159 1580 1388 789 325 1055 1510 367 1782 1321 1021 1327 1152 1804 1362 1408 934 453 1057 702 1126 845 1473 254 1119 867 1673 340 84 37 || mode=VB method=sk_kmeans solver=filo2 stage=post_ls ls=pyvrp iter=1
2026-03-15 22:32:47 | INFO     | Route #24: 1167 423 371 1646 1573 1828 953 1802 808 99 69 215 868 1337 915 106 1244 1613 1575 1532 662 469 1841 156 101 737 1607 1012 239 1412 402 550 235 1001 1193 1910 25 18 735 291 1422 34 1662 1495 175 1825 701 1504 413 1542 || mode=VB method=sk_kmeans solver=filo2 stage=post_ls ls=pyvrp iter=1
2026-03-15 22:32:47 | INFO     | Route #25: 32 1594 1307 444 1685 457 1728 1552 1291 1176 1096 1015 1930 467 771 1213 1888 1494 1465 1030 1283 1848 1630 777 943 1771 1052 1338 169 1692 1866 1820 780 368 253 1524 1363 || mode=VB method=sk_kmeans solver=filo2 stage=post_ls ls=pyvrp iter=2
2026-03-15 22:32:47 | INFO     | Route #26: 1864 1629 1912 1792 537 1735 1638 831 1109 1561 631 623 1852 1359 1136 1546 1678 696 1150 1043 1800 1308 1796 895 753 1606 751 1634 503 1436 50 783 885 332 1245 || mode=RB method=sk_ac_complete solver=filo1 stage=post_ls ls=pyvrp iter=14
2026-03-15 22:32:47 | INFO     | Route #27: 748 1894 12 1431 382 335 1134 1499 1760 1518 1198 566 1598 554 393 795 703 214 458 71 462 338 841 970 1135 224 511 305 891 247 1849 1548 206 55 1839 1501 842 456 1537 1464 1144 893 420 1366 1779 1090 1729 1526 1192 || mode=RB method=sk_ac_min solver=filo2 stage=post_ls ls=pyvrp iter=20
2026-03-15 22:32:47 | INFO     | Route #28: 1569 1104 1353 284 1805 634 1876 1187 314 1483 1129 26 148 46 418 884 1765 1158 652 191 504 1715 11 935 1725 476 492 547 275 675 994 207 1449 982 663 834 654 961 || mode=RB method=sk_ac_min solver=filo2 stage=post_ls ls=pyvrp iter=20
2026-03-15 22:32:47 | INFO     | Route #29: 715 2 365 645 1717 1227 1773 741 933 70 911 1250 1556 396 1755 134 408 1789 1387 64 510 605 1004 750 1233 399 1333 1691 1677 1863 710 1168 1379 91 1617 172 174 1699 || mode=RB method=sk_ac_complete solver=filo1 stage=post_ls ls=pyvrp iter=24
2026-03-15 22:32:47 | INFO     | Route #30: 568 1081 1591 38 962 731 153 1273 1612 1097 1058 1835 770 1861 655 271 1304 1475 1683 294 1709 468 862 1203 422 242 127 1918 1040 965 1749 484 1511 850 221 932 535 1352 || mode=RB method=sk_ac_complete solver=filo1 stage=post_ls ls=pyvrp iter=24
2026-03-15 22:32:47 | INFO     | Route #31: 211 860 541 1885 1442 183 383 1382 1003 1862 593 536 1603 1263 336 442 1769 1452 1743 585 1806 49 218 491 1310 435 790 519 1921 689 1358 1855 1847 679 509 289 553 539 1496 1671 1110 56 466 || mode=RB method=sk_ac_complete solver=filo1 stage=post_ls ls=pyvrp iter=24
2026-03-15 22:32:47 | INFO     | Route #32: 196 1409 828 563 902 1080 1180 1810 844 1251 1197 881 299 1326 358 502 1498 755 380 61 499 738 455 1477 833 1704 1732 874 1478 776 1822 1417 110 60 814 1383 490 1290 1190 94 660 448 246 || mode=RB method=sk_ac_complete solver=filo1 stage=post_ls ls=pyvrp iter=24
2026-03-15 22:32:47 | INFO     | Route #33: 326 1654 1108 62 1348 959 120 908 1808 1448 1472 234 840 1500 774 1266 9 898 1301 286 406 449 747 914 1553 202 302 343 140 375 118 1834 1842 1026 719 251 150 || mode=RB method=sk_ac_complete solver=filo1 stage=post_ls ls=pyvrp iter=24
2026-03-15 22:32:47 | INFO     | Route #34: 114 1886 649 1199 995 97 772 328 644 258 1867 1064 171 1640 266 533 958 138 353 711 67 954 300 530 182 706 1019 1048 1053 878 1610 1742 189 1664 1037 1042 132 1400 1563 1428 1502 1174 588 892 1391 905 39 1788 1814 1002 57 1625 894 || mode=RB method=sk_ac_complete solver=filo1 stage=post_ls ls=pyvrp iter=24
2026-03-15 22:32:47 | INFO     | Route #35: 1078 590 108 1916 320 1826 791 985 989 705 311 1750 765 1404 505 1747 855 1488 797 859 618 872 525 403 508 1267 1843 445 1364 1041 599 205 1544 1441 1381 1565 1818 427 548 542 671 920 133 1201 1904 1622 255 1797 425 || mode=RB method=sk_ac_complete solver=filo1 stage=post_ls ls=pyvrp iter=24
2026-03-15 22:32:47 | INFO     | Route #36: 944 1006 1547 801 217 988 351 1148 1248 942 1648 436 292 1072 658 1334 937 1125 1380 798 1141 1264 598 486 694 1160 346 1047 1311 534 1293 807 1202 386 87 30 1143 607 1679 1882 903 1621 1514 788 693 || mode=RB method=sk_ac_complete solver=filo1 stage=post_ls ls=pyvrp iter=24
2026-03-15 22:32:47 | INFO     | Route #37: 1418 983 364 1130 1493 1884 851 1487 899 281 1285 1579 1543 587 1356 555 678 561 1794 474 1281 925 310 145 928 1772 667 378 41 277 1509 405 1482 272 515 680 1686 1261 619 1169 288 319 1651 578 695 437 1695 917 || mode=RB method=sk_ac_complete solver=filo1 stage=post_ls ls=pyvrp iter=24
2026-03-15 22:32:47 | INFO     | Route #38: 195 716 624 187 1178 977 1349 1577 1306 347 1702 608 1282 1068 913 13 1329 1536 248 1247 123 1216 237 415 1733 63 759 993 500 92 512 825 1680 957 1094 318 628 760 1761 117 742 || mode=RB method=sk_ac_complete solver=filo1 stage=post_ls ls=pyvrp iter=24
2026-03-15 22:32:47 | INFO     | Route #39: 1933 1523 1623 1401 1919 1649 355 1389 149 327 1522 616 931 203 58 1897 170 849 385 1120 473 746 1320 1240 1414 1574 1067 1238 544 979 1319 764 551 1140 129 727 1457 1133 1491 1225 752 1807 927 152 1873 870 || mode=RB method=sk_ac_complete solver=filo1 stage=post_ls ls=pyvrp iter=24
2026-03-15 22:32:47 | INFO     | Route #40: 1260 532 805 1844 1700 1375 1322 1920 1079 651 820 389 945 1089 1597 1653 1206 1675 213 1181 1463 1082 819 273 681 1716 1892 811 1194 478 1210 24 487 1459 1486 1069 1660 1427 1758 1054 || mode=RB method=sk_kmeans solver=filo1 stage=post_ls ls=pyvrp iter=33
2026-03-15 22:32:47 | INFO     | Route #41: 722 1437 1034 1694 1762 297 987 1300 1534 1578 1044 1781 390 854 1929 1061 212 274 376 280 126 232 1179 1196 1489 621 1896 439 1549 1642 821 1271 630 334 1816 1890 580 104 668 1571 1859 1757 1005 216 1207 1074 || mode=RB method=sk_kmeans solver=filo1 stage=post_ls ls=pyvrp iter=33
2026-03-15 22:32:47 | INFO     | Route #42: 583 656 379 381 1066 1490 1084 432 956 8 1776 23 597 1681 293 773 1432 1420 1086 725 1016 761 1 1688 177 1345 793 1231 1455 135 614 1590 407 264 372 883 1893 || mode=RB method=sk_ac_avg solver=filo1 stage=post_ls ls=pyvrp iter=34
2026-03-15 22:32:47 | INFO     | Route #43: 1599 713 1444 1357 1926 1602 361 68 1384 141 257 613 1905 1793 863 1924 1332 495 1869 969 832 1402 1438 1239 1759 85 584 363 743 1492 666 1533 1880 1923 304 1085 1605 529 922 786 1899 1292 201 || mode=RB method=sk_ac_avg solver=filo1 stage=post_ls ls=pyvrp iter=34
2026-03-15 22:32:47 | INFO     | Route #44: 1397 1220 454 963 113 1551 1661 1744 245 1497 306 698 639 1324 1696 1672 19 1505 856 161 20 1626 411 648 999 647 1830 1259 627 1647 1163 223 600 200 822 1731 523 1335 968 82 137 1025 1795 768 720 1241 || mode=RB method=sk_ac_min solver=filo2 stage=post_ls ls=pyvrp iter=35
2026-03-15 22:32:47 | INFO     | Route #45: 72 1195 546 312 1254 7 1151 167 946 1837 1907 1616 147 852 1593 1746 1365 1230 1370 1763 806 464 1705 1328 1456 1234 1479 51 431 1101 835 430 459 518 1824 824 1564 76 582 158 || mode=RB method=sk_ac_min solver=filo2 stage=post_ls ls=pyvrp iter=35
2026-03-15 22:32:47 | INFO     | Route #46: 978 252 910 838 1529 992 1235 1107 1877 1421 1874 1138 465 1901 1460 816 559 1161 1727 1157 1711 1242 479 690 1219 1083 1172 1868 592 1274 573 672 665 1812 1118 1857 1871 1419 1831 1481 1092 1584 1601 1373 1075 1284 || mode=RB method=sk_ac_min solver=filo2 stage=post_ls ls=pyvrp iter=35
2026-03-15 22:32:47 | INFO     | 
2026-03-15 22:32:47 | INFO     | ================================================================================
2026-03-15 22:32:47 | INFO     | [XL-n1934-k46] SUMMARY — BEST SOLUTION ROUTE ORIGINS
2026-03-15 22:32:47 | INFO     | ================================================================================
2026-03-15 22:32:47 | INFO     |   25 routes | VB | sk_kmeans | solver=filo2 | stage=post_ls | ls=pyvrp
2026-03-15 22:32:47 | INFO     |   12 routes | RB | sk_ac_complete | solver=filo1 | stage=post_ls | ls=pyvrp
2026-03-15 22:32:47 | INFO     |    5 routes | RB | sk_ac_min | solver=filo2 | stage=post_ls | ls=pyvrp
2026-03-15 22:32:47 | INFO     |    2 routes | RB | sk_ac_avg | solver=filo1 | stage=post_ls | ls=pyvrp
2026-03-15 22:32:47 | INFO     |    2 routes | RB | sk_kmeans | solver=filo1 | stage=post_ls | ls=pyvrp
2026-03-15 22:32:47 | INFO     | 
2026-03-15 22:32:47 | INFO     | ================================================================================
2026-03-15 22:32:47 | INFO     | [XL-n1934-k46] SUMMARY — ROUTE POOL COMPOSITION
2026-03-15 22:32:47 | INFO     | ================================================================================
2026-03-15 22:32:48 | INFO     |  183 routes | VB | sk_kmeans | solver=filo2 | stage=post_ls | ls=pyvrp
2026-03-15 22:32:48 | INFO     |  176 routes | RB | sk_ac_complete | solver=pyvrp | stage=post_ls | ls=pyvrp
2026-03-15 22:32:48 | INFO     |  141 routes | VB | fcm | solver=filo2 | stage=post_ls | ls=pyvrp
2026-03-15 22:32:48 | INFO     |  101 routes | RB | sk_ac_complete | solver=filo1 | stage=post_ls | ls=pyvrp
2026-03-15 22:32:48 | INFO     |   96 routes | VB | k_medoids_pyclustering | solver=filo1 | stage=post_ls | ls=pyvrp
2026-03-15 22:32:48 | INFO     |   94 routes | VB | sk_ac_min | solver=pyvrp | stage=post_ls | ls=pyvrp
2026-03-15 22:32:48 | INFO     |   73 routes | RB | sk_ac_avg | solver=pyvrp | stage=post_ls | ls=pyvrp
2026-03-15 22:32:48 | INFO     |   72 routes | RB | sk_kmeans | solver=filo1 | stage=post_ls | ls=pyvrp
2026-03-15 22:32:48 | INFO     |   63 routes | RB | sk_ac_min | solver=filo2 | stage=post_ls | ls=pyvrp
2026-03-15 22:32:48 | INFO     |   49 routes | VB | k_medoids_pyclustering | solver=pyvrp | stage=post_ls | ls=pyvrp
2026-03-15 22:32:48 | INFO     |   48 routes | VB | fcm | solver=filo1 | stage=post_ls | ls=pyvrp
2026-03-15 22:32:48 | INFO     |   47 routes | VB | fcm | solver=pyvrp | stage=post_ls | ls=pyvrp
2026-03-15 22:32:48 | INFO     |   47 routes | VB | sk_ac_min | solver=filo1 | stage=post_ls | ls=pyvrp
2026-03-15 22:32:48 | INFO     |   47 routes | VB | sk_kmeans | solver=pyvrp | stage=post_ls | ls=pyvrp
2026-03-15 22:32:48 | INFO     |   45 routes | RB | sk_kmeans | solver=pyvrp | stage=post_ls | ls=pyvrp
2026-03-15 22:32:48 | INFO     |   45 routes | VB | sk_ac_complete | solver=filo1 | stage=post_ls | ls=pyvrp
2026-03-15 22:32:48 | INFO     |   43 routes | RB | sk_ac_complete | solver=filo2 | stage=post_ls | ls=pyvrp
2026-03-15 22:32:48 | INFO     |   39 routes | RB | sk_kmeans | solver=filo2 | stage=post_ls | ls=pyvrp
2026-03-15 22:32:48 | INFO     |   36 routes | RB | sk_ac_avg | solver=filo2 | stage=post_ls | ls=pyvrp
2026-03-15 22:32:48 | INFO     |   24 routes | RB | sk_ac_avg | solver=filo1 | stage=post_ls | ls=pyvrp
2026-03-15 22:32:48 | INFO     |    1 routes | SCP | gurobi_mip | solver=UNKNOWN | stage=scp_post_ls | ls=N/A
2026-03-15 22:32:48 | INFO     | 
2026-03-15 22:32:48 | INFO     | ================================================================================
2026-03-15 22:32:48 | INFO     | [XL-n1934-k46] FULL ROUTE POOL DUMP
2026-03-15 22:32:48 | INFO     | ================================================================================
2026-03-15 22:32:48 | INFO     | [POOL #00001] 221 850 1511 484 1749 965 1040 1523 1617 91 1379 710 1863 1677 1333 1691 731 750 1233 399 1273 1612 1097 510 64 1789 408 134 1755 396 1556 1250 911 70 933 741 645 365 || mode=VB method=sk_kmeans solver=filo2 stage=post_ls ls=pyvrp iter=1
2026-03-15 22:32:48 | INFO     | [POOL #00002] 2 1717 1227 1773 466 56 1110 1671 1496 539 553 289 509 1904 1201 1630 133 920 689 1921 519 790 1358 1855 679 1847 1861 770 1835 1058 605 1004 1387 1622 255 1797 425 211 || mode=VB method=sk_kmeans solver=filo2 stage=post_ls ls=pyvrp iter=1
2026-03-15 22:32:48 | INFO     | [POOL #00003] 1635 1476 1039 1911 567 1184 733 1098 1754 1360 1557 128 81 1100 967 315 270 524 1087 1354 1407 296 804 1299 1586 1336 769 758 278 949 1698 36 43 1480 1395 434 238 74 356 40 || mode=VB method=sk_kmeans solver=filo2 stage=post_ls ls=pyvrp iter=1
2026-03-15 22:32:48 | INFO     | [POOL #00004] 1423 4 1154 507 1182 1145 1658 513 792 230 1643 528 745 1205 1669 1555 285 921 192 632 1535 991 1756 463 241 782 1925 131 244 303 481 1840 1063 35 669 112 1131 157 421 322 1466 222 1032 || mode=VB method=sk_kmeans solver=filo2 stage=post_ls ls=pyvrp iter=1
2026-03-15 22:32:48 | INFO     | [POOL #00005] 1864 326 1654 1108 62 1348 127 242 422 1203 1808 1448 1500 840 774 1266 9 898 202 1553 914 302 343 140 375 118 1834 719 1842 1026 908 120 959 251 150 932 1352 || mode=VB method=sk_kmeans solver=filo2 stage=post_ls ls=pyvrp iter=1
2026-03-15 22:32:48 | INFO     | [POOL #00006] 535 1629 1912 1792 537 1735 1638 831 1109 1561 631 623 1852 1359 1136 1546 1678 696 1150 1043 1800 1308 1796 895 753 1606 751 1634 503 1436 50 783 885 332 || mode=VB method=sk_kmeans solver=filo2 stage=post_ls ls=pyvrp iter=1
2026-03-15 22:32:48 | INFO     | [POOL #00007] 443 1275 139 384 349 897 337 1393 643 228 1540 417 1342 1343 166 950 718 955 1774 329 1656 964 594 609 1697 225 184 1721 1188 1915 1618 1105 1854 1583 1288 409 1013 1836 877 || mode=VB method=sk_kmeans solver=filo2 stage=post_ls ls=pyvrp iter=1
2026-03-15 22:32:48 | INFO     | [POOL #00008] 532 1207 1569 1104 1353 284 1805 634 1876 675 1483 314 1129 26 148 46 418 884 1765 1158 652 191 504 1715 11 935 1725 476 492 547 275 994 207 1449 982 663 834 654 961 || mode=VB method=sk_kmeans solver=filo2 stage=post_ls ls=pyvrp iter=1
2026-03-15 22:32:48 | INFO     | [POOL #00009] 243 1028 918 295 433 1171 1340 857 617 323 887 861 441 116 1111 86 626 1639 15 144 1347 1827 873 1856 545 606 1286 1865 724 744 1279 1819 830 317 677 930 756 102 1139 858 839 440 1520 219 1786 1738 1217 || mode=VB method=sk_kmeans solver=filo2 stage=post_ls ls=pyvrp iter=1
2026-03-15 22:32:48 | INFO     | [POOL #00010] 90 370 1566 757 1289 516 412 556 575 1060 784 342 480 972 1010 888 1287 362 78 876 276 1270 997 1845 1821 1832 906 1165 1878 226 66 1309 45 1846 1103 625 1525 452 1361 470 || mode=VB method=sk_kmeans solver=filo2 stage=post_ls ls=pyvrp iter=1
2026-03-15 22:32:48 | INFO     | [POOL #00011] 1633 1049 1627 1091 775 1922 1317 1516 531 1316 1541 1777 1932 1689 377 1153 95 779 416 540 1850 59 1149 664 1183 549 794 579 249 1768 1265 1928 1394 1453 754 419 || mode=VB method=sk_kmeans solver=filo2 stage=post_ls ls=pyvrp iter=1
2026-03-15 22:32:48 | INFO     | [POOL #00012] 372 1599 713 1444 1357 1602 361 68 1384 141 257 613 1905 1793 863 1924 1332 495 1869 969 832 1402 1438 1239 1759 85 584 363 743 1492 666 1533 1880 1923 304 1085 1605 1420 529 922 786 1899 381 || mode=VB method=sk_kmeans solver=filo2 stage=post_ls ls=pyvrp iter=1
2026-03-15 22:32:48 | INFO     | [POOL #00013] 1192 1526 1729 1090 1779 1366 420 893 1144 1464 1537 456 842 1501 1839 55 206 1548 1849 247 891 305 511 224 1135 970 232 1179 1196 1489 621 1896 439 1549 1642 821 1271 630 334 1816 1890 580 104 1187 1859 1757 1005 216 1074 || mode=VB method=sk_kmeans solver=filo2 stage=post_ls ls=pyvrp iter=1
2026-03-15 22:32:48 | INFO     | [POOL #00014] 570 28 1559 1693 984 586 168 231 1099 638 1817 1405 1798 498 527 1031 27 164 1652 1344 1209 1313 1127 1838 100 404 262 1676 209 52 1377 1115 612 692 1406 1117 520 1470 1236 1708 589 620 1592 707 477 || mode=VB method=sk_kmeans solver=filo2 stage=post_ls ls=pyvrp iter=1
2026-03-15 22:32:48 | INFO     | [POOL #00015] 158 582 76 1564 824 1824 518 459 430 835 1101 614 135 1231 1688 1 761 1016 725 1086 1432 773 293 1681 597 23 1776 8 956 432 1084 1490 1066 1292 201 379 656 583 || mode=VB method=sk_kmeans solver=filo2 stage=post_ls ls=pyvrp iter=1
2026-03-15 22:32:48 | INFO     | [POOL #00016] 722 1437 1034 1694 1762 297 1486 1459 1534 1578 1044 1781 390 854 1598 554 1929 1061 212 274 376 841 338 462 71 458 214 703 795 393 566 1198 1518 1760 1300 987 1499 1134 335 382 1431 12 1894 748 1054 1245 || mode=VB method=sk_kmeans solver=filo2 stage=post_ls ls=pyvrp iter=1
2026-03-15 22:32:48 | INFO     | [POOL #00017] 1493 1884 851 1487 899 281 1356 555 405 1509 277 925 310 1648 436 993 759 63 1733 415 237 1216 123 1247 248 1536 1329 13 913 1068 1282 608 347 1306 1577 1197 1251 844 1810 977 1178 187 624 716 195 || mode=VB method=sk_kmeans solver=filo2 stage=post_ls ls=pyvrp iter=1
2026-03-15 22:32:48 | INFO     | [POOL #00018] 121 1900 1410 1740 391 1258 482 1371 896 558 640 1853 240 817 1223 1917 1095 971 1350 1237 900 827 438 1272 1294 557 256 366 653 394 1185 1226 124 1741 1684 1887 460 813 560 354 1719 1020 1724 1778 936 1035 333 || mode=VB method=sk_kmeans solver=filo2 stage=post_ls ls=pyvrp iter=1
2026-03-15 22:32:48 | INFO     | [POOL #00019] 1439 1215 1770 115 387 1554 1780 521 802 636 1446 650 260 3 1450 178 1512 1121 1170 1372 687 1670 569 414 130 1137 75 80 940 952 1581 1468 682 924 181 729 1280 552 642 1424 348 966 || mode=VB method=sk_kmeans solver=filo2 stage=post_ls ls=pyvrp iter=1
2026-03-15 22:32:48 | INFO     | [POOL #00020] 196 1409 828 563 902 1080 1180 1761 760 628 318 881 299 1326 1702 380 61 499 738 455 1477 833 1704 1732 874 1478 776 1822 1349 1417 110 60 814 1383 490 1290 1190 94 660 448 246 || mode=VB method=sk_kmeans solver=filo2 stage=post_ls ls=pyvrp iter=1
2026-03-15 22:32:48 | INFO     | [POOL #00021] 740 975 1426 154 1416 1355 1396 146 89 1889 1458 1823 622 1189 210 236 6 591 1530 1515 1604 1191 1539 163 657 1204 1791 1440 1650 1297 1644 1232 1000 227 1339 866 || mode=VB method=sk_kmeans solver=filo2 stage=post_ls ls=pyvrp iter=1
2026-03-15 22:32:48 | INFO     | [POOL #00022] 1260 805 1844 1700 1322 1375 1571 668 820 651 1079 1920 389 945 1089 1597 1653 1206 1675 213 1181 126 280 1463 1082 819 273 681 1716 1892 811 1194 478 1210 24 487 1069 1660 1427 1758 || mode=VB method=sk_kmeans solver=filo2 stage=post_ls ls=pyvrp iter=1
2026-03-15 22:32:48 | INFO     | [POOL #00023] 1363 1524 253 368 1866 1692 169 1176 1291 1096 1771 943 1015 1888 1494 1283 1030 1465 1213 771 467 1930 1552 1728 457 320 1916 444 1307 1594 108 590 1078 715 || mode=VB method=sk_kmeans solver=filo2 stage=post_ls ls=pyvrp iter=1
2026-03-15 22:32:48 | INFO     | [POOL #00024] 812 688 683 1484 595 1811 1589 986 1767 601 400 29 1398 843 446 122 1296 864 1632 10 424 629 357 88 976 1784 1323 837 313 233 517 1748 1164 447 397 || mode=VB method=sk_kmeans solver=filo2 stage=post_ls ls=pyvrp iter=1
2026-03-15 22:32:48 | INFO     | [POOL #00025] 1596 1712 1624 1385 974 298 1018 767 496 889 929 65 923 1833 633 1726 1077 1815 960 53 685 451 763 1550 1503 1249 493 709 489 1070 1027 1386 105 815 1508 1277 || mode=VB method=sk_kmeans solver=filo2 stage=post_ls ls=pyvrp iter=1
2026-03-15 22:32:48 | INFO     | [POOL #00026] 1102 1703 1710 1713 410 369 1071 1527 1255 1764 686 282 1775 1045 610 1229 1314 1674 564 198 1007 1159 1608 506 1367 1253 1435 1783 1588 699 22 483 1519 1682 1902 514 1088 42 165 998 1262 659 || mode=VB method=sk_kmeans solver=filo2 stage=post_ls ls=pyvrp iter=1
2026-03-15 22:32:48 | INFO     | [POOL #00027] 1284 1075 768 1795 1601 1373 137 1025 1335 523 1731 822 200 600 223 1163 1647 627 1259 1830 647 999 648 411 1626 20 161 856 1505 19 1672 1696 1324 639 698 1831 1481 1092 968 82 1584 1551 113 963 454 720 1220 1397 || mode=VB method=sk_kmeans solver=filo2 stage=post_ls ls=pyvrp iter=1
2026-03-15 22:32:48 | INFO     | [POOL #00028] 155 1378 947 1730 1690 398 1568 641 428 1177 1122 562 980 1737 1224 1766 160 853 810 1433 307 1200 193 1113 714 1485 1906 990 1312 103 1736 846 324 1620 || mode=VB method=sk_kmeans solver=filo2 stage=post_ls ls=pyvrp iter=1
2026-03-15 22:32:48 | INFO     | [POOL #00029] 860 568 1081 1591 38 962 153 294 1683 1475 271 655 593 1603 1263 336 1310 491 435 49 218 1806 585 1452 1225 752 1807 927 355 1649 152 1003 1382 1873 383 183 468 862 1442 1168 172 1933 1699 || mode=VB method=sk_kmeans solver=filo2 stage=post_ls ls=pyvrp iter=1
2026-03-15 22:32:48 | INFO     | [POOL #00030] 1893 883 264 407 1590 1455 793 177 1345 1926 1901 1460 816 559 1161 1727 1157 1711 1242 479 690 1219 1083 1172 1868 592 1274 573 672 665 1812 1118 1857 1871 1419 245 1744 1661 1241 || mode=VB method=sk_kmeans solver=filo2 stage=post_ls ls=pyvrp iter=1
2026-03-15 22:32:48 | INFO     | [POOL #00031] 32 1685 1826 791 985 989 705 311 1750 765 1404 505 1747 855 1488 797 859 618 872 525 403 508 1267 1843 445 1364 1041 599 205 1381 1441 1544 1140 551 129 727 1457 1565 1818 427 548 542 671 1848 777 1052 1338 1820 780 || mode=VB method=sk_kmeans solver=filo2 stage=post_ls ls=pyvrp iter=1
2026-03-15 22:32:48 | INFO     | [POOL #00032] 173 803 1785 717 1024 1415 1351 1668 1545 360 180 290 684 730 749 1056 1875 637 712 577 1059 615 1595 576 345 186 1531 596 1851 373 1467 1895 907 1521 1046 1430 1162 1879 1570 886 726 1211 || mode=VB method=sk_kmeans solver=filo2 stage=post_ls ls=pyvrp iter=1
2026-03-15 22:32:48 | INFO     | [POOL #00033] 1666 1114 471 279 1376 1645 670 581 1891 1222 1631 176 1443 1017 33 676 494 1753 401 611 799 739 1341 1513 939 283 1576 461 1663 1346 1787 1903 44 951 1330 301 107 344 111 1462 1619 5 538 77 1745 || mode=VB method=sk_kmeans solver=filo2 stage=post_ls ls=pyvrp iter=1
2026-03-15 22:32:48 | INFO     | [POOL #00034] 119 188 1434 1517 1609 497 1014 308 865 268 1331 73 778 1065 836 1752 1146 1252 1927 1722 1214 250 1751 635 1723 321 220 848 781 179 1562 1050 1790 48 869 522 1657 1881 1507 981 1872 973 700 1123 721 395 || mode=VB method=sk_kmeans solver=filo2 stage=post_ls ls=pyvrp iter=1
2026-03-15 22:32:48 | INFO     | [POOL #00035] 871 269 1106 136 661 96 526 1913 1469 1474 185 501 1413 1062 1858 199 125 142 1166 818 1212 829 1228 143 1628 1734 796 1256 1076 1128 1585 98 646 1659 429 543 1051 736 890 17 909 602 || mode=VB method=sk_kmeans solver=filo2 stage=post_ls ls=pyvrp iter=1
2026-03-15 22:32:48 | INFO     | [POOL #00036] 331 352 109 1022 823 785 1451 287 1116 1246 1809 1714 1572 1701 204 1611 1276 1073 488 926 1447 485 1303 1033 674 1257 309 1268 1860 732 374 1898 1298 263 259 1718 1582 948 || mode=VB method=sk_kmeans solver=filo2 stage=post_ls ls=pyvrp iter=1
2026-03-15 22:32:48 | INFO     | [POOL #00037] 788 1514 1621 903 1882 1679 607 1143 30 87 386 1202 807 1293 534 1311 1047 346 1160 694 486 598 1264 1141 798 1380 1125 937 1334 658 1072 292 878 1664 189 1037 1042 132 1400 1563 1428 1502 1174 588 772 97 995 693 || mode=VB method=sk_kmeans solver=filo2 stage=post_ls ls=pyvrp iter=1
2026-03-15 22:32:48 | INFO     | [POOL #00038] 917 1695 437 742 944 117 1006 1547 801 217 988 1094 957 351 1148 1680 825 512 358 502 755 1498 500 92 942 1248 667 1772 928 145 41 378 1482 272 515 680 1686 1261 619 1169 288 319 1651 695 578 1130 364 983 1418 || mode=VB method=sk_kmeans solver=filo2 stage=post_ls ls=pyvrp iter=1
2026-03-15 22:32:48 | INFO     | [POOL #00039] 72 1195 546 312 910 838 1529 992 1235 1107 1877 1421 431 51 1479 1874 1138 1234 1456 1328 465 1705 464 806 1763 1370 1230 1365 1746 1593 852 147 1616 1907 1837 306 1497 946 167 1151 7 1254 252 978 || mode=VB method=sk_kmeans solver=filo2 stage=post_ls ls=pyvrp iter=1
2026-03-15 22:32:48 | INFO     | [POOL #00040] 1641 350 697 938 341 1883 229 1278 1931 265 1269 1392 1636 1829 1667 1368 1454 919 1799 388 1038 1706 734 1142 261 194 1655 1173 728 267 1471 1870 762 1739 1637 565 1587 1720 392 21 1558 1374 1093 847 || mode=VB method=sk_kmeans solver=filo2 stage=post_ls ls=pyvrp iter=1
2026-03-15 22:32:48 | INFO     | [POOL #00041] 603 882 1029 1315 14 79 1908 1707 1567 1390 190 571 1506 475 1803 1425 673 472 787 1600 809 1801 1614 1369 1186 330 572 208 1124 1325 1429 450 826 1147 162 47 879 901 1132 1411 1011 800 1560 1008 1399 || mode=VB method=sk_kmeans solver=filo2 stage=post_ls ls=pyvrp iter=1
2026-03-15 22:32:48 | INFO     | [POOL #00042] 1918 1623 1472 234 1401 1301 1919 286 406 747 449 1389 149 327 1522 616 931 203 58 1897 170 1238 849 385 1120 473 746 1320 1240 1414 1574 1067 764 1319 979 544 1491 1133 1743 1769 442 536 1862 1304 1709 1885 541 870 174 || mode=VB method=sk_kmeans solver=filo2 stage=post_ls ls=pyvrp iter=1
2026-03-15 22:32:48 | INFO     | [POOL #00043] 1445 1687 1615 31 93 1155 339 996 426 1403 875 1813 1318 1023 1909 1175 912 16 880 1538 1302 1665 723 604 904 941 316 197 151 691 1914 1009 83 916 359 1112 704 1156 708 1221 || mode=VB method=sk_kmeans solver=filo2 stage=post_ls ls=pyvrp iter=1
2026-03-15 22:32:48 | INFO     | [POOL #00044] 1243 1305 54 1036 1295 766 1461 1218 1208 574 1528 159 1580 1388 789 325 1055 1510 367 1782 1321 1021 1327 1152 1804 1362 1408 934 453 1057 702 1126 845 1473 254 1119 867 1673 340 84 37 || mode=VB method=sk_kmeans solver=filo2 stage=post_ls ls=pyvrp iter=1
2026-03-15 22:32:48 | INFO     | [POOL #00045] 1167 423 371 1646 1573 1828 953 1802 808 99 69 215 868 1337 915 106 1244 1613 1575 1532 662 469 1841 156 101 737 1607 1012 239 1412 402 550 235 1001 1193 1910 25 18 735 291 1422 34 1662 1495 175 1825 701 1504 413 1542 || mode=VB method=sk_kmeans solver=filo2 stage=post_ls ls=pyvrp iter=1
2026-03-15 22:32:48 | INFO     | [POOL #00046] 114 1886 649 1199 57 1002 1814 328 644 258 1867 1064 171 1640 266 533 958 138 353 711 67 954 300 530 182 706 1019 1048 1053 1610 1742 1281 474 1794 561 678 587 1543 1579 1285 892 1391 905 39 1788 1625 894 || mode=VB method=sk_kmeans solver=filo2 stage=post_ls ls=pyvrp iter=1
2026-03-15 22:32:48 | INFO     | [POOL #00047] 1054 748 890 1437 1034 1694 1762 297 987 1300 1534 1578 1781 390 1044 1194 811 1892 1716 681 280 126 1463 1082 819 945 273 389 1079 1920 1375 1322 478 1210 24 487 1459 1486 1069 1660 1427 722 17 1758 || mode=VB method=sk_kmeans solver=filo2 stage=post_ls ls=pyvrp iter=2
2026-03-15 22:32:48 | INFO     | [POOL #00048] 32 1594 1307 444 1685 457 1728 1552 1291 1176 1096 1015 1930 467 771 1213 1888 1494 1465 1030 1283 1848 1630 777 943 1771 1052 1338 169 1692 1866 1820 780 368 253 1524 1363 || mode=VB method=sk_kmeans solver=filo2 stage=post_ls ls=pyvrp iter=2
2026-03-15 22:32:48 | INFO     | [POOL #00049] 1245 332 783 885 871 50 1436 503 1634 751 1606 753 1308 1800 1150 696 1678 1526 1546 1043 623 631 1561 1109 831 1638 1735 537 1792 1912 1192 1629 535 1352 || mode=VB method=sk_kmeans solver=filo2 stage=post_ls ls=pyvrp iter=2
2026-03-15 22:32:48 | INFO     | [POOL #00050] 736 1051 543 429 1431 1076 1628 1734 829 143 1228 1518 1198 566 393 795 703 1548 1849 247 891 305 214 458 71 511 224 1135 970 841 462 338 376 274 212 1061 1929 554 1598 854 1760 1499 1134 335 382 12 1894 || mode=VB method=sk_kmeans solver=filo2 stage=post_ls ls=pyvrp iter=2
2026-03-15 22:32:48 | INFO     | [POOL #00051] 2 365 645 1717 1227 1773 741 933 70 911 1250 1556 396 1755 134 408 1789 1387 1004 510 605 1058 1835 770 1861 1097 1612 1273 399 1233 750 731 962 38 1591 1081 568 211 || mode=VB method=sk_kmeans solver=filo2 stage=post_ls ls=pyvrp iter=2
2026-03-15 22:32:48 | INFO     | [POOL #00052] 961 654 834 1718 259 263 1298 1898 374 732 1860 1268 309 1257 674 1033 1303 488 926 1447 1073 1276 1611 204 1701 1572 1714 1809 1246 1116 287 1451 785 823 1022 109 1582 948 || mode=VB method=sk_kmeans solver=filo2 stage=post_ls ls=pyvrp iter=2
2026-03-15 22:32:48 | INFO     | [POOL #00053] 150 251 719 1026 1842 1834 118 375 140 343 302 1852 1359 1136 58 1897 170 849 385 1120 473 746 1320 1240 1414 1574 1067 1238 203 931 616 1522 327 149 449 747 914 1553 202 898 9 1266 1623 || mode=VB method=sk_kmeans solver=filo2 stage=post_ls ls=pyvrp iter=2
2026-03-15 22:32:48 | INFO     | [POOL #00054] 715 1864 221 850 1511 484 1749 965 1040 1918 1523 1617 91 1379 1168 1442 862 468 383 1873 1472 234 840 774 1500 1448 1808 908 120 959 1348 62 1108 1654 326 932 || mode=VB method=sk_kmeans solver=filo2 stage=post_ls ls=pyvrp iter=2
2026-03-15 22:32:48 | INFO     | [POOL #00055] 425 1797 255 1622 64 509 1904 1201 133 689 920 671 542 548 427 1818 1565 1381 1441 1544 205 599 1041 1364 445 1843 1267 508 797 1488 855 1747 505 1404 765 1750 311 705 989 985 791 1826 1339 320 1916 866 108 590 || mode=VB method=sk_kmeans solver=filo2 stage=post_ls ls=pyvrp iter=2
2026-03-15 22:32:48 | INFO     | [POOL #00056] 1569 1104 663 982 1449 207 994 275 547 492 485 476 1725 935 11 1715 504 191 652 1158 1765 884 418 46 148 26 1129 314 1483 675 1876 634 1805 284 1353 532 1260 602 || mode=VB method=sk_kmeans solver=filo2 stage=post_ls ls=pyvrp iter=2
2026-03-15 22:32:48 | INFO     | [POOL #00057] 269 661 895 1796 1474 185 1729 1090 1779 1366 420 501 1413 1062 1858 199 893 1144 1464 1537 456 842 1501 1839 55 206 1212 818 1166 142 125 796 1256 1128 1585 98 646 1659 1469 1913 526 96 136 1106 || mode=VB method=sk_kmeans solver=filo2 stage=post_ls ls=pyvrp iter=2
2026-03-15 22:32:48 | INFO     | [POOL #00058] 1933 172 127 242 422 1203 1401 1301 1919 286 406 1389 752 1225 1491 544 979 1319 764 551 1140 129 727 1457 1133 1743 585 1806 49 218 1452 1769 442 1807 927 355 1649 152 1862 1003 1382 183 1709 1885 541 1699 || mode=VB method=sk_kmeans solver=filo2 stage=post_ls ls=pyvrp iter=2
2026-03-15 22:32:48 | INFO     | [POOL #00059] 860 174 870 710 1863 1677 1691 1333 153 294 1683 1475 1304 271 655 593 536 1603 1263 336 1310 491 435 790 519 1921 1358 1855 1847 679 289 553 539 1496 1671 1110 56 466 || mode=VB method=sk_kmeans solver=filo2 stage=post_ls ls=pyvrp iter=2
2026-03-15 22:32:48 | INFO     | [POOL #00060] 909 805 1844 1700 1571 668 820 651 1089 1597 1653 1206 1675 213 1181 232 1179 1196 1489 621 1896 439 1549 1642 821 1271 630 334 1816 1890 580 104 1187 1859 1757 1005 216 1207 1074 || mode=VB method=sk_kmeans solver=filo2 stage=post_ls ls=pyvrp iter=2
2026-03-15 22:32:48 | INFO     | [POOL #00061] 1078 246 227 660 94 1190 1426 154 1416 1355 1539 163 657 1191 1604 1515 1530 591 6 89 146 455 833 1477 1396 1704 1732 874 1478 776 1822 1417 110 60 814 1383 490 1290 975 740 || mode=VB method=sk_kmeans solver=filo2 stage=post_ls ls=pyvrp iter=2
2026-03-15 22:32:48 | INFO     | [POOL #00062] 1439 1215 1182 507 1145 1658 513 230 792 745 1205 1669 1555 285 991 1535 632 386 534 1293 1202 807 300 530 182 954 67 711 353 138 533 958 1143 30 87 192 921 607 1679 528 1643 1882 903 1621 1514 97 995 693 || mode=VB method=sk_kmeans solver=filo2 stage=post_ls ls=pyvrp iter=2
2026-03-15 22:32:48 | INFO     | [POOL #00063] 1217 121 1811 1589 538 5 1619 1462 111 344 107 301 1330 799 739 1341 1513 461 1576 283 939 611 401 1753 494 676 33 1017 1443 176 1631 1222 1891 581 670 1645 188 279 1376 119 77 1484 || mode=VB method=sk_kmeans solver=filo2 stage=post_ls ls=pyvrp iter=2
2026-03-15 22:32:48 | INFO     | [POOL #00064] 1770 115 387 1554 1780 521 802 636 1446 244 131 1925 782 241 463 1756 260 3 1450 1512 178 1372 1170 1121 80 940 650 303 481 1840 1063 35 669 112 1131 157 421 322 1466 222 1032 || mode=VB method=sk_kmeans solver=filo2 stage=post_ls ls=pyvrp iter=2
2026-03-15 22:32:48 | INFO     | [POOL #00065] 1028 1378 947 398 1568 428 1177 193 1200 307 1737 1224 1766 160 1684 124 1226 1741 1887 460 813 853 810 1433 560 1618 1915 1105 354 1113 714 1020 1724 1778 936 877 1035 333 1620 || mode=VB method=sk_kmeans solver=filo2 stage=post_ls ls=pyvrp iter=2
2026-03-15 22:32:48 | INFO     | [POOL #00066] 917 1695 437 1080 1180 1761 844 1251 1197 881 1326 299 1680 825 512 358 92 500 502 755 1498 1329 13 913 1536 248 1247 123 1216 237 415 1733 63 759 993 436 1648 942 1248 988 217 1169 288 319 1651 695 578 894 || mode=VB method=sk_kmeans solver=filo2 stage=post_ls ls=pyvrp iter=2
2026-03-15 22:32:48 | INFO     | [POOL #00067] 812 688 683 1114 1666 966 || mode=VB method=sk_kmeans solver=filo2 stage=post_ls ls=pyvrp iter=2
2026-03-15 22:32:48 | INFO     | [POOL #00068] 1900 595 986 1767 601 400 29 1398 843 446 122 1296 951 44 1903 1787 1346 1663 1223 1917 1095 830 1819 1279 606 545 1856 317 640 1853 817 240 864 1632 10 558 896 1371 482 1258 391 1740 1410 1738 || mode=VB method=sk_kmeans solver=filo2 stage=post_ls ls=pyvrp iter=2
2026-03-15 22:32:48 | INFO     | [POOL #00069] 348 1424 700 973 1872 981 1507 1881 1657 522 869 48 1790 1050 1562 179 781 848 220 321 250 1723 635 1751 557 256 366 1294 1214 1722 1927 1252 1146 1752 836 1065 778 73 1331 268 865 308 1014 497 1609 1517 1434 471 1745 || mode=VB method=sk_kmeans solver=filo2 stage=post_ls ls=pyvrp iter=2
2026-03-15 22:32:48 | INFO     | [POOL #00070] 918 295 433 641 323 441 144 1347 873 1827 1286 1865 724 744 971 1350 1237 900 827 438 1272 1185 394 653 594 609 1697 225 184 1721 1188 718 950 166 1343 1342 409 1013 1836 443 || mode=VB method=sk_kmeans solver=filo2 stage=post_ls ls=pyvrp iter=2
2026-03-15 22:32:48 | INFO     | [POOL #00071] 395 721 1123 642 552 1280 729 181 924 682 1468 1581 952 75 1137 130 414 569 1670 687 1311 1047 346 1160 694 486 598 1264 1141 798 1380 1125 937 1334 1019 706 1053 1048 658 1072 292 878 1610 1742 189 1664 1037 1042 132 474 678 1130 || mode=VB method=sk_kmeans solver=filo2 stage=post_ls ls=pyvrp iter=2
2026-03-15 22:32:48 | INFO     | [POOL #00072] 243 155 324 846 1736 1730 1690 103 1312 990 1906 1485 1719 1854 1583 1288 417 1540 337 897 1393 228 643 229 1883 349 384 1275 139 341 938 298 974 105 1385 1624 1712 847 || mode=VB method=sk_kmeans solver=filo2 stage=post_ls ls=pyvrp iter=2
2026-03-15 22:32:48 | INFO     | [POOL #00073] 1418 983 364 1493 1884 851 1487 899 619 1261 1686 680 515 272 1482 405 1509 41 277 1281 925 310 145 928 1772 667 378 1148 351 957 1094 318 628 760 801 1547 1006 117 944 742 902 563 828 1409 196 || mode=VB method=sk_kmeans solver=filo2 stage=post_ls ls=pyvrp iter=2
2026-03-15 22:32:48 | INFO     | [POOL #00074] 1596 1641 350 697 1018 767 496 1278 955 1774 329 1656 964 1636 1392 1829 1667 1368 1454 919 1799 388 1038 1706 734 1142 261 194 1655 1173 728 267 1471 1870 762 1739 1637 565 1587 1453 754 419 || mode=VB method=sk_kmeans solver=filo2 stage=post_ls ls=pyvrp iter=2
2026-03-15 22:32:48 | INFO     | [POOL #00075] 447 1786 219 1520 440 839 858 1323 976 88 357 629 1139 424 102 756 930 677 116 1111 86 626 1639 15 980 562 1122 861 887 617 1784 857 1340 1171 837 313 233 517 1748 1164 397 || mode=VB method=sk_kmeans solver=filo2 stage=post_ls ls=pyvrp iter=2
2026-03-15 22:32:48 | INFO     | [POOL #00076] 114 1886 649 1199 1625 57 1002 1814 1788 39 905 1391 892 281 1285 1579 1543 587 1356 555 561 1794 1428 1400 1563 266 1640 171 1502 1174 1064 1867 258 588 644 328 772 788 1154 4 1423 || mode=VB method=sk_kmeans solver=filo2 stage=post_ls ls=pyvrp iter=2
2026-03-15 22:32:48 | INFO     | [POOL #00077] 1093 1374 1558 21 392 1720 493 1249 1503 1550 763 451 685 53 960 1815 1077 1726 633 1833 1269 265 1931 889 923 65 929 709 489 1070 1027 1386 815 1508 1277 || mode=VB method=sk_kmeans solver=filo2 stage=post_ls ls=pyvrp iter=2
2026-03-15 22:32:48 | INFO     | [POOL #00078] 448 1000 1232 1644 1297 1650 1440 1791 1204 859 618 872 403 525 236 210 1189 622 1823 1889 1458 1068 1282 608 380 1702 61 499 738 347 1306 1577 1349 1810 977 1178 187 624 716 195 || mode=VB method=sk_kmeans solver=filo2 stage=post_ls ls=pyvrp iter=2
2026-03-15 22:32:48 | INFO     | [POOL #00079] 1397 1220 454 1661 1744 245 1497 306 1837 1616 147 852 1593 1874 1138 1479 1234 1456 1328 1345 177 793 135 614 1590 407 1101 835 430 459 518 1824 824 1564 76 1893 582 158 || mode=VB method=sk_kmeans solver=filo2 stage=post_ls ls=pyvrp iter=2
2026-03-15 22:32:48 | INFO     | [POOL #00080] 1633 1049 1627 1922 1317 1516 1932 886 1570 1879 371 1430 1011 1411 1132 1046 901 879 47 162 1147 826 450 1429 1127 1313 1838 1209 1344 1652 164 100 404 262 1676 209 52 800 1560 1008 1167 1211 1399 1541 531 1091 || mode=VB method=sk_kmeans solver=filo2 stage=post_ls ls=pyvrp iter=2
2026-03-15 22:32:48 | INFO     | [POOL #00081] 1703 1710 410 369 1713 42 377 1153 95 779 416 1367 506 1608 1674 564 198 1007 1159 1851 373 1531 596 186 345 615 1595 576 99 808 1467 1895 1802 953 1828 907 1521 1573 1646 1162 423 726 1777 1316 775 || mode=VB method=sk_kmeans solver=filo2 stage=post_ls ls=pyvrp iter=2
2026-03-15 22:32:48 | INFO     | [POOL #00082] 1102 659 1262 998 165 1088 1689 514 1902 1682 1519 483 22 699 1588 1783 1435 1253 1314 1229 610 1045 1775 282 686 540 1764 1850 59 1255 1527 1149 664 1071 1183 549 794 579 717 1785 803 173 || mode=VB method=sk_kmeans solver=filo2 stage=post_ls ls=pyvrp iter=2
2026-03-15 22:32:48 | INFO     | [POOL #00083] 37 516 84 340 1673 867 1119 845 1126 702 1057 453 1023 1909 1175 912 16 880 1538 1302 239 1532 662 1575 1613 1244 1665 604 723 1782 1321 367 673 1425 1803 475 1506 571 190 79 1309 45 || mode=VB method=sk_kmeans solver=filo2 stage=post_ls ls=pyvrp iter=2
2026-03-15 22:32:48 | INFO     | [POOL #00084] 1542 413 575 888 1010 1287 78 31 93 1155 1422 339 996 426 1403 875 1813 1318 1152 1327 1021 1804 1362 934 1408 325 1055 1510 789 1388 1580 159 1528 574 1461 1473 254 1615 1687 1445 556 412 || mode=VB method=sk_kmeans solver=filo2 stage=post_ls ls=pyvrp iter=2
2026-03-15 22:32:48 | INFO     | [POOL #00085] 603 704 1112 359 270 524 916 83 1009 1914 691 151 1614 1369 1124 1325 208 572 330 1186 69 215 868 1059 577 712 637 1875 1056 749 730 684 290 180 360 1545 1668 1351 1415 1024 1768 249 1265 1928 1394 || mode=VB method=sk_kmeans solver=filo2 stage=post_ls ls=pyvrp iter=2
2026-03-15 22:32:48 | INFO     | [POOL #00086] 352 1284 1075 1373 137 1025 1335 523 1731 822 200 600 223 1163 1647 627 1259 1830 647 20 161 856 19 665 1812 1118 1857 1871 1419 698 639 1626 999 648 411 968 82 1584 1601 1795 768 720 331 || mode=VB method=sk_kmeans solver=filo2 stage=post_ls ls=pyvrp iter=2
2026-03-15 22:32:48 | INFO     | [POOL #00087] 1476 1039 1911 567 1184 1480 43 36 1698 949 1908 278 758 769 1336 1586 1299 1707 1567 1390 1208 1218 766 1295 1036 54 1305 14 1315 1029 882 1395 434 238 708 74 356 || mode=VB method=sk_kmeans solver=filo2 stage=post_ls ls=pyvrp iter=2
2026-03-15 22:32:48 | INFO     | [POOL #00088] 1156 804 296 1407 1087 1354 472 787 1600 809 1801 197 316 941 904 106 915 1337 469 1841 156 101 737 1012 1607 1412 402 550 235 1001 1193 1910 25 18 735 291 34 1662 1495 175 1825 701 1292 201 || mode=VB method=sk_kmeans solver=filo2 stage=post_ls ls=pyvrp iter=2
2026-03-15 22:32:48 | INFO     | [POOL #00089] 883 372 264 1444 1016 725 1605 1085 304 1923 1880 1533 666 1492 743 363 584 85 1759 1239 1438 1402 832 969 1869 495 1332 1924 863 1793 1905 613 257 141 1384 68 361 1602 1926 1901 465 1705 464 1877 1254 || mode=VB method=sk_kmeans solver=filo2 stage=post_ls ls=pyvrp iter=2
2026-03-15 22:32:48 | INFO     | [POOL #00090] 978 252 7 1151 167 946 1907 1365 1230 1370 1746 1763 806 816 1460 1157 1711 1242 479 690 1219 1083 1172 1868 1727 559 1161 592 1274 573 672 1505 1672 1324 1696 1831 1481 1092 1551 113 963 1241 || mode=VB method=sk_kmeans solver=filo2 stage=post_ls ls=pyvrp iter=2
2026-03-15 22:32:48 | INFO     | [POOL #00091] 477 707 1592 620 589 1708 1236 1470 520 1117 1406 692 1099 638 1817 612 1405 1115 1377 1798 498 1031 27 527 315 967 1100 81 128 1557 1360 1754 231 1098 733 168 586 984 1693 1559 28 570 1635 || mode=VB method=sk_kmeans solver=filo2 stage=post_ls ls=pyvrp iter=2
2026-03-15 22:32:48 | INFO     | [POOL #00092] 72 1195 546 312 910 838 1529 992 1107 1235 1421 431 51 1455 1231 1688 1 761 1357 1086 1420 1432 773 293 1681 597 23 1776 529 8 956 432 922 786 713 1599 381 379 656 90 583 || mode=VB method=sk_kmeans solver=filo2 stage=post_ls ls=pyvrp iter=2
2026-03-15 22:32:48 | INFO     | [POOL #00093] 470 1361 370 1566 757 1289 1066 1899 1490 1084 1504 1060 784 342 480 972 362 276 876 1270 997 1845 1821 1832 906 1165 1878 226 66 1846 1243 1103 625 1525 452 1221 40 || mode=VB method=sk_kmeans solver=filo2 stage=post_ls ls=pyvrp iter=2
2026-03-15 22:32:48 | INFO     | [POOL #00094] 1820 1692 169 1176 1291 1096 1771 943 1015 1213 771 1930 467 505 1747 855 1488 797 859 618 872 525 403 508 1267 1843 445 1364 1041 1465 1030 1283 1494 1888 1848 777 1052 1338 1671 56 || mode=VB method=sk_ac_min solver=pyvrp stage=post_ls ls=pyvrp iter=3
2026-03-15 22:32:48 | INFO     | [POOL #00095] 2 1524 253 368 457 791 985 989 1728 1552 705 311 765 1404 1750 1297 1650 1440 1204 1791 154 110 1417 1822 776 1478 1704 1732 874 1577 1197 1251 844 1761 1006 117 944 742 437 983 1418 || mode=VB method=sk_ac_min solver=pyvrp stage=post_ls ls=pyvrp iter=3
2026-03-15 22:32:48 | INFO     | [POOL #00096] 1180 1178 977 1810 1349 1306 347 61 499 738 455 833 1477 1396 146 89 1889 1458 1823 622 1189 210 236 6 591 1530 1515 1604 1191 657 163 1539 1355 1416 60 814 1383 716 195 975 740 || mode=VB method=sk_ac_min solver=pyvrp stage=post_ls ls=pyvrp iter=3
2026-03-15 22:32:48 | INFO     | [POOL #00097] 365 1717 1227 1363 32 1594 1307 444 1916 320 1339 227 1826 1232 1644 1000 660 94 1190 1426 1290 490 187 624 1080 902 563 828 1409 196 715 || mode=VB method=sk_ac_min solver=pyvrp stage=post_ls ls=pyvrp iter=3
2026-03-15 22:32:48 | INFO     | [POOL #00098] 1695 695 319 1547 760 628 1094 957 351 1148 1680 825 512 358 502 755 1498 1329 13 1536 1247 123 1216 237 415 1733 248 913 1068 1282 608 380 1702 1326 299 881 318 988 217 801 1169 1651 1130 364 || mode=VB method=sk_ac_min solver=pyvrp stage=post_ls ls=pyvrp iter=3
2026-03-15 22:32:48 | INFO     | [POOL #00099] 114 1625 1487 1285 1579 1543 587 678 561 277 925 1037 1664 189 1742 1610 878 1053 706 1019 1048 658 63 759 993 500 92 942 667 1772 928 145 310 1281 1042 132 474 1794 1482 272 515 680 1686 1261 619 851 1884 1493 894 || mode=VB method=sk_ac_min solver=pyvrp stage=post_ls ls=pyvrp iter=3
2026-03-15 22:32:48 | INFO     | [POOL #00100] 917 578 288 899 281 1356 555 405 1509 41 378 1248 1648 436 292 1072 1334 798 486 598 1264 1141 937 1125 1380 530 182 67 87 30 1143 607 192 921 1679 1640 171 1064 1867 258 644 328 788 1154 || mode=VB method=sk_ac_min solver=pyvrp stage=post_ls ls=pyvrp iter=3
2026-03-15 22:32:48 | INFO     | [POOL #00101] 4 1658 513 1643 528 1555 285 632 386 1202 1160 694 346 1047 1311 687 1670 1372 178 1512 1450 3 260 1756 991 1535 534 1293 807 300 954 711 353 138 958 533 266 1563 1400 1428 1502 1174 588 892 1391 905 39 1788 1814 97 995 693 || mode=VB method=sk_ac_min solver=pyvrp stage=post_ls ls=pyvrp iter=3
2026-03-15 22:32:48 | INFO     | [POOL #00102] 1423 1215 507 1145 1182 1780 521 802 636 244 1446 303 481 1840 1063 35 669 112 1131 157 421 721 348 279 1376 188 1645 119 77 1811 1484 1666 688 812 || mode=VB method=sk_ac_min solver=pyvrp stage=post_ls ls=pyvrp iter=3
2026-03-15 22:32:48 | INFO     | [POOL #00103] 222 1466 322 1439 1770 115 387 1554 682 1468 1581 952 75 1137 130 414 569 1170 1121 80 940 650 463 241 782 1925 131 1669 1205 745 792 230 1882 903 1621 1514 772 1002 57 1199 649 1886 || mode=VB method=sk_ac_min solver=pyvrp stage=post_ls ls=pyvrp iter=3
2026-03-15 22:32:48 | INFO     | [POOL #00104] 966 1032 395 1123 642 552 1280 729 924 181 1507 1881 1657 522 869 48 1790 1562 179 781 848 220 1927 1722 1146 1252 1050 1065 778 73 1331 268 1753 836 1752 401 611 799 1330 344 111 1462 1619 400 601 1767 986 595 1900 || mode=VB method=sk_ac_min solver=pyvrp stage=post_ls ls=pyvrp iter=3
2026-03-15 22:32:48 | INFO     | [POOL #00105] 683 1114 471 1424 1434 1517 1609 497 1014 700 981 1872 973 865 308 494 676 33 1017 301 122 1296 446 843 29 1398 864 1632 558 896 1371 839 858 1323 837 313 440 1520 219 1786 1738 1217 || mode=VB method=sk_ac_min solver=pyvrp stage=post_ls ls=pyvrp iter=3
2026-03-15 22:32:48 | INFO     | [POOL #00106] 1745 1589 5 538 670 581 1891 1222 1631 176 1443 107 951 44 1903 739 1341 1513 939 283 1576 461 1663 1346 1787 817 240 1853 640 102 116 441 88 976 1784 857 1340 1171 433 233 517 1748 1164 447 || mode=VB method=sk_ac_min solver=pyvrp stage=post_ls ls=pyvrp iter=3
2026-03-15 22:32:48 | INFO     | [POOL #00107] 121 1410 1740 391 1258 482 10 424 1139 357 629 756 930 677 317 1223 1917 1095 830 1819 1279 1286 606 545 1856 873 144 1111 86 626 1639 861 887 323 617 641 1568 398 295 1378 155 || mode=VB method=sk_ac_min solver=pyvrp stage=post_ls ls=pyvrp iter=3
2026-03-15 22:32:48 | INFO     | [POOL #00108] 877 936 1013 409 1288 1719 714 1113 354 1433 810 853 1684 1741 1226 124 160 1766 1224 1737 307 1200 193 1485 1906 990 1312 103 1730 947 918 1028 397 243 || mode=VB method=sk_ac_min solver=pyvrp stage=post_ls ls=pyvrp iter=3
2026-03-15 22:32:48 | INFO     | [POOL #00109] 350 443 1275 349 897 337 1342 1583 1854 1105 1915 1618 560 813 460 1887 394 1185 1272 438 827 900 1237 1350 971 744 724 1865 1827 1347 15 980 562 1122 1177 428 1690 1736 846 324 1620 || mode=VB method=sk_ac_min solver=pyvrp stage=post_ls ls=pyvrp iter=3
2026-03-15 22:32:48 | INFO     | [POOL #00110] 333 1035 1778 1724 1020 955 329 1656 964 1636 1392 1829 1667 1368 1454 919 1706 734 1038 388 1799 1751 635 1723 321 250 1214 1294 557 256 366 653 594 609 1697 225 184 1188 950 1393 229 1883 341 938 697 1641 1596 || mode=VB method=sk_ac_min solver=pyvrp stage=post_ls ls=pyvrp iter=3
2026-03-15 22:32:48 | INFO     | [POOL #00111] 1277 1508 815 1386 1018 767 496 1278 643 228 1540 417 1343 166 718 1721 1774 1269 265 1931 889 65 451 685 1550 763 493 1249 1720 392 21 1558 1374 1093 || mode=VB method=sk_ac_min solver=pyvrp stage=post_ls ls=pyvrp iter=3
2026-03-15 22:32:48 | INFO     | [POOL #00112] 1712 1624 1385 105 974 298 139 1836 384 1027 1070 489 709 929 923 1833 633 1726 1077 1173 1655 194 1142 261 728 267 1471 1870 762 1739 1815 960 53 1503 1637 565 1587 1453 754 || mode=VB method=sk_ac_min solver=pyvrp stage=post_ls ls=pyvrp iter=3
2026-03-15 22:32:48 | INFO     | [POOL #00113] 1102 1633 1049 1627 775 1922 1317 1516 1932 1689 514 1902 1682 1519 483 22 699 1588 1879 1570 886 1167 1211 1399 1541 531 1592 477 || mode=VB method=sk_ac_min solver=pyvrp stage=post_ls ls=pyvrp iter=3
2026-03-15 22:32:48 | INFO     | [POOL #00114] 28 984 520 1117 692 1406 800 52 209 1676 162 1147 826 450 1429 1325 1369 197 1801 809 1600 787 472 673 1782 1321 367 1425 1803 475 1506 571 190 159 1528 1208 766 1295 1036 66 45 || mode=VB method=sk_ac_min solver=pyvrp stage=post_ls ls=pyvrp iter=3
2026-03-15 22:32:48 | INFO     | [POOL #00115] 1635 570 567 586 168 231 638 81 1100 527 1031 164 1652 1344 1209 404 498 1798 1377 1115 612 1817 128 1557 1698 14 1315 882 603 1243 625 452 40 || mode=VB method=sk_ac_min solver=pyvrp stage=post_ls ls=pyvrp iter=3
2026-03-15 22:32:48 | INFO     | [POOL #00116] 659 1262 998 165 42 1088 377 1153 95 779 416 540 282 1775 1045 610 1229 1314 290 684 730 749 1056 596 1531 186 345 615 1595 576 69 1186 330 572 208 1124 691 1914 1009 916 315 967 1360 1754 1156 238 1221 || mode=VB method=sk_ac_min solver=pyvrp stage=post_ls ls=pyvrp iter=3
2026-03-15 22:32:48 | INFO     | [POOL #00117] 356 1476 1039 1911 708 1184 733 1098 1480 43 36 704 1112 359 270 524 1087 1354 1407 296 804 1299 1586 1336 769 758 278 1908 79 54 1305 1029 1309 1846 1103 1361 470 || mode=VB method=sk_ac_min solver=pyvrp stage=post_ls ls=pyvrp iter=3
2026-03-15 22:32:48 | INFO     | [POOL #00118] 1091 1316 1777 726 423 371 1162 1783 1435 1253 1367 506 1608 1674 564 198 1007 1159 1851 373 1467 1895 1802 953 1828 1573 1646 1521 907 47 879 901 1046 1132 1411 1011 1430 1560 1008 1236 1470 1708 589 620 707 || mode=VB method=sk_ac_min solver=pyvrp stage=post_ls ls=pyvrp iter=3
2026-03-15 22:32:48 | INFO     | [POOL #00119] 381 1899 922 529 1776 23 597 1681 293 773 1432 1605 1384 141 68 361 1602 1926 1901 465 1705 464 806 1763 1370 1230 1365 1746 1593 852 147 1616 1907 1837 946 167 1151 7 1254 252 978 || mode=VB method=sk_ac_min solver=pyvrp stage=post_ls ls=pyvrp iter=3
2026-03-15 22:32:48 | INFO     | [POOL #00120] 158 582 1893 883 1564 459 264 372 1599 713 786 1084 432 956 8 342 972 362 78 876 276 1270 997 1287 1010 888 784 1060 1445 556 412 1490 1066 379 656 90 || mode=VB method=sk_ac_min solver=pyvrp stage=post_ls ls=pyvrp iter=3
2026-03-15 22:32:48 | INFO     | [POOL #00121] 1542 1821 1673 845 702 1057 875 1813 1318 1152 1362 1804 1021 1327 1023 1909 1175 912 16 1412 402 550 235 1001 1193 1402 1438 832 969 1869 495 1332 1239 1759 85 584 291 34 1422 1155 1687 1845 340 84 37 || mode=VB method=sk_ac_min solver=pyvrp stage=post_ls ls=pyvrp iter=3
2026-03-15 22:32:48 | INFO     | [POOL #00122] 1525 74 434 1395 949 1707 1567 1390 1580 1388 789 1510 1055 325 1408 934 453 1910 25 1403 426 18 735 863 1924 1793 1905 613 257 1219 690 1242 1711 1157 816 1460 1328 1138 1874 431 1421 1877 838 72 || mode=VB method=sk_ac_min solver=pyvrp stage=post_ls ls=pyvrp iter=3
2026-03-15 22:32:48 | INFO     | [POOL #00123] 76 824 1824 518 430 407 1590 1444 793 1688 1 761 1016 725 1420 1086 1357 177 1345 1456 1234 1479 51 1455 1231 135 614 1101 835 1235 1107 992 1529 910 312 546 1195 || mode=VB method=sk_ac_min solver=pyvrp stage=post_ls ls=pyvrp iter=3
2026-03-15 22:32:48 | INFO     | [POOL #00124] 583 201 1292 413 575 1504 701 480 1825 175 1495 1533 1085 304 1923 1880 666 1492 363 743 1662 93 31 339 996 1126 574 1218 1461 1473 254 1119 1615 867 906 1832 1165 1878 226 516 1289 757 1566 370 || mode=VB method=sk_ac_min solver=pyvrp stage=post_ls ls=pyvrp iter=3
2026-03-15 22:32:48 | INFO     | [POOL #00125] 1397 1220 454 963 113 1551 1661 1744 245 1497 306 1419 1871 1857 1118 1812 665 573 1274 592 1868 1172 1083 479 1727 559 1161 672 1505 19 856 161 1672 1696 1324 639 698 1831 1481 1092 82 1584 1601 1241 || mode=VB method=sk_ac_min solver=pyvrp stage=post_ls ls=pyvrp iter=3
2026-03-15 22:32:48 | INFO     | [POOL #00126] 331 352 1284 720 768 1075 1795 1373 137 1025 523 1335 968 411 648 999 1626 20 647 1830 1259 627 1647 1163 223 1809 1116 287 1246 600 200 822 1731 823 1718 834 654 602 1352 || mode=VB method=sk_ac_min solver=pyvrp stage=post_ls ls=pyvrp iter=3
2026-03-15 22:32:48 | INFO     | [POOL #00127] 961 948 1582 109 1022 785 263 1451 1298 374 732 1714 1572 1701 204 1611 1276 1257 674 1033 1303 547 492 1765 884 418 46 148 26 314 1483 275 994 207 675 1876 634 1805 1005 216 532 1260 || mode=VB method=sk_ac_min solver=pyvrp stage=post_ls ls=pyvrp iter=3
2026-03-15 22:32:48 | INFO     | [POOL #00128] 1074 1207 805 1700 1322 1375 1571 668 820 651 1920 1079 1089 1653 1206 334 1158 652 191 504 1715 11 935 1725 476 485 1447 926 488 1073 309 1268 1860 1898 1449 982 663 259 || mode=VB method=sk_ac_min solver=pyvrp stage=post_ls ls=pyvrp iter=3
2026-03-15 22:32:48 | INFO     | [POOL #00129] 1758 1660 1069 297 1486 1459 1534 1578 1781 390 811 1716 389 945 1597 213 1181 1549 630 1271 821 1642 439 1489 1196 1179 621 1896 1675 1816 1890 1129 580 104 1187 1859 1757 284 1353 1104 1569 || mode=VB method=sk_ac_min solver=pyvrp stage=post_ls ls=pyvrp iter=3
2026-03-15 22:32:48 | INFO     | [POOL #00130] 748 1437 1034 1694 1762 1134 1499 987 1300 1760 1518 1198 566 1598 1929 1061 212 273 819 1082 1463 280 126 232 970 1135 224 511 305 891 703 795 393 554 854 1044 24 487 1844 909 || mode=VB method=sk_ac_min solver=pyvrp stage=post_ls ls=pyvrp iter=3
2026-03-15 22:32:48 | INFO     | [POOL #00131] 503 1634 751 1606 753 895 1796 429 543 1051 12 1431 382 335 1076 1256 796 1734 1628 143 1228 829 1212 818 1166 142 125 199 1858 1062 1128 1585 98 646 1659 1469 1913 526 96 736 1894 890 17 1054 1245 || mode=VB method=sk_ac_min solver=pyvrp stage=post_ls ls=pyvrp iter=3
2026-03-15 22:32:48 | INFO     | [POOL #00132] 722 1427 1210 478 1194 1892 681 274 376 841 338 462 71 458 214 1548 1849 247 206 55 1839 1501 842 456 1537 1464 1144 893 473 746 1320 1240 1414 1574 1067 1120 385 849 1238 170 1897 58 203 931 616 1522 327 149 343 719 251 326 || mode=VB method=sk_ac_min solver=pyvrp stage=post_ls ls=pyvrp iter=3
2026-03-15 22:32:48 | INFO     | [POOL #00133] 332 783 885 871 269 1106 136 661 1308 1800 1043 1150 696 1678 1526 1729 1090 1779 1366 420 1413 501 185 1474 1546 1136 1359 1852 302 375 118 537 1792 1436 50 1192 1629 || mode=VB method=sk_ac_min solver=pyvrp stage=post_ls ls=pyvrp iter=3
2026-03-15 22:32:48 | INFO     | [POOL #00134] 1864 1511 484 1749 965 1040 1918 1348 959 1026 1842 1834 140 1553 202 898 406 286 1649 1919 1401 1301 9 1266 774 1500 840 234 1472 1448 1808 908 120 62 1108 1654 850 221 932 || mode=VB method=sk_ac_min solver=pyvrp stage=post_ls ls=pyvrp iter=3
2026-03-15 22:32:48 | INFO     | [POOL #00135] 535 150 1912 1735 1638 831 1109 1561 631 623 914 747 449 1389 752 218 49 435 1310 491 336 1263 1603 593 271 1475 294 1677 1863 1442 468 862 1203 422 1623 242 127 1523 1933 || mode=VB method=sk_ac_min solver=pyvrp stage=post_ls ls=pyvrp iter=3
2026-03-15 22:32:48 | INFO     | [POOL #00136] 1699 172 1168 183 383 1873 1382 1003 152 355 927 1807 1225 1491 544 979 1319 764 551 1140 599 205 1381 1441 1544 727 129 1457 1133 1743 585 1806 1452 1769 442 536 1862 1304 1683 1709 710 1885 541 870 174 || mode=VB method=sk_ac_min solver=pyvrp stage=post_ls ls=pyvrp iter=3
2026-03-15 22:32:48 | INFO     | [POOL #00137] 645 1773 911 1250 1556 396 1797 38 1617 91 1379 962 1622 1387 64 510 605 1097 1612 1273 153 1333 1691 731 399 1233 750 1789 408 134 466 780 1866 1685 866 448 246 108 590 1078 || mode=VB method=sk_ac_min solver=pyvrp stage=post_ls ls=pyvrp iter=3
2026-03-15 22:32:48 | INFO     | [POOL #00138] 1099 1405 27 83 151 1614 316 941 904 604 723 1302 1538 880 239 1012 1607 737 101 156 1841 469 662 1532 1575 1613 1665 1244 106 915 1337 712 637 1875 577 1059 868 215 99 808 1127 1313 1838 100 262 1693 1559 || mode=VB method=sk_ac_min solver=pyvrp stage=post_ls ls=pyvrp iter=3
2026-03-15 22:32:48 | INFO     | [POOL #00139] 741 933 70 1755 1110 1496 539 553 289 509 1904 1630 671 542 1565 1818 548 427 790 519 1921 689 920 133 1201 1358 1855 679 1847 655 1861 770 1835 1058 1004 255 425 1591 1081 568 860 211 || mode=VB method=sk_ac_min solver=pyvrp stage=post_ls ls=pyvrp iter=3
2026-03-15 22:32:48 | INFO     | [POOL #00140] 847 419 1394 1928 1265 1768 249 717 579 794 549 1024 1415 1351 1668 1545 360 180 686 1764 1850 59 1255 1527 1149 664 1071 1183 369 410 1713 1710 1703 1785 803 173 || mode=VB method=sk_ac_min solver=pyvrp stage=post_ls ls=pyvrp iter=3
2026-03-15 22:32:48 | INFO     | [POOL #00141] 114 995 97 772 644 258 1867 1064 1640 266 533 958 1143 30 87 138 353 711 67 954 300 530 182 1380 1125 937 798 486 694 1160 346 1047 1311 534 1293 807 1202 386 632 192 921 607 1679 1882 903 1514 788 || mode=RB method=sk_ac_complete solver=pyvrp stage=post_ls ls=pyvrp iter=4
2026-03-15 22:32:48 | INFO     | [POOL #00142] 1423 4 1154 507 1145 1658 1621 513 792 230 1643 528 745 1205 1669 1555 285 991 1535 3 260 1756 463 241 782 1925 131 244 1446 636 802 521 1780 1182 1554 387 115 1770 1215 1439 966 || mode=RB method=sk_ac_complete solver=pyvrp stage=post_ls ls=pyvrp iter=4
2026-03-15 22:32:48 | INFO     | [POOL #00143] 1032 222 1466 322 421 157 1131 112 669 35 1063 1840 481 303 650 940 80 1121 1512 1450 178 1170 1372 687 1670 569 414 130 1137 75 952 1581 1468 682 924 181 729 1280 552 642 1424 348 || mode=RB method=sk_ac_complete solver=pyvrp stage=post_ls ls=pyvrp iter=4
2026-03-15 22:32:48 | INFO     | [POOL #00144] 196 917 1695 437 742 944 117 1006 1761 844 881 299 1326 1702 61 499 738 455 833 1477 1704 1732 874 1478 776 1822 1417 110 60 814 1383 1178 187 624 716 1290 1426 1190 94 660 448 246 || mode=RB method=sk_ac_complete solver=pyvrp stage=post_ls ls=pyvrp iter=4
2026-03-15 22:32:48 | INFO     | [POOL #00145] 693 649 1199 57 1002 1788 39 905 1391 892 281 1285 1579 1543 587 1356 555 678 1794 561 405 1509 41 277 1281 925 310 145 928 1772 667 378 1482 272 515 680 1686 1261 619 899 1487 851 1884 1493 || mode=RB method=sk_ac_complete solver=pyvrp stage=post_ls ls=pyvrp iter=4
2026-03-15 22:32:48 | INFO     | [POOL #00146] 866 1339 227 1000 1232 1644 1297 1650 1440 1791 1204 657 163 1539 1191 1604 1515 1530 591 6 236 210 1189 622 1823 1458 1889 89 146 1396 1355 1416 154 490 195 975 740 || mode=RB method=sk_ac_complete solver=pyvrp stage=post_ls ls=pyvrp iter=4
2026-03-15 22:32:48 | INFO     | [POOL #00147] 1418 983 364 695 1651 319 1547 801 760 628 318 1094 957 1680 825 512 358 92 500 502 755 1498 1329 13 1536 913 1068 1282 608 380 347 1306 1577 1197 1251 1349 977 1810 1180 1080 902 563 828 1409 || mode=RB method=sk_ac_complete solver=pyvrp stage=post_ls ls=pyvrp iter=4
2026-03-15 22:32:48 | INFO     | [POOL #00148] 1886 1625 1814 328 588 1174 1502 171 1563 1400 1428 474 132 1042 1037 1664 189 1742 1610 878 292 1072 658 1048 1053 706 1019 1334 1141 1264 598 415 1733 237 1216 123 1247 248 63 759 993 436 1648 942 1248 1148 351 988 217 1169 288 578 1130 894 || mode=RB method=sk_ac_complete solver=pyvrp stage=post_ls ls=pyvrp iter=4
2026-03-15 22:32:48 | INFO     | [POOL #00149] 158 582 1564 459 372 381 1066 1899 1490 1084 1504 784 342 701 956 8 1776 23 597 1681 293 773 1432 1825 175 480 972 362 276 1287 1010 888 1060 575 413 516 1289 757 1542 90 || mode=RB method=sk_ac_complete solver=pyvrp stage=post_ls ls=pyvrp iter=4
2026-03-15 22:32:48 | INFO     | [POOL #00150] 40 452 625 1103 1846 603 1480 43 704 1112 359 270 524 1087 1354 1407 296 804 1299 1586 769 278 1908 79 1295 1036 14 1315 1029 882 1395 434 238 708 74 1525 1221 || mode=RB method=sk_ac_complete solver=pyvrp stage=post_ls ls=pyvrp iter=4
2026-03-15 22:32:48 | INFO     | [POOL #00151] 477 1592 589 1708 1236 1008 1560 1430 1011 800 1411 1132 1046 901 879 47 1147 826 404 100 1209 1344 1652 164 1031 498 1798 1377 1115 612 1817 638 1360 1754 1098 733 1184 567 1911 1039 1476 1635 || mode=RB method=sk_ac_complete solver=pyvrp stage=post_ls ls=pyvrp iter=4
2026-03-15 22:32:48 | INFO     | [POOL #00152] 1102 1710 1713 410 369 1071 1527 1255 1764 686 282 1775 1045 610 1229 1314 1674 564 198 1007 1851 373 1467 1895 1802 953 1828 907 1521 1573 1646 1162 371 1879 1570 886 423 726 1167 1211 1399 620 707 || mode=RB method=sk_ac_complete solver=pyvrp stage=post_ls ls=pyvrp iter=4
2026-03-15 22:32:48 | INFO     | [POOL #00153] 1703 659 1262 998 165 42 1088 514 1902 1682 1519 483 22 699 1588 1783 1435 1253 1367 506 1608 1159 596 345 186 1531 99 572 208 1124 691 1914 1009 916 27 315 967 1100 81 128 1557 231 168 586 || mode=RB method=sk_ac_complete solver=pyvrp stage=post_ls ls=pyvrp iter=4
2026-03-15 22:32:48 | INFO     | [POOL #00154] 173 803 1785 717 1024 1415 1351 1668 1545 360 180 290 684 730 749 1056 1875 637 712 577 1059 615 1595 576 1186 1369 1600 787 472 1803 475 1506 571 190 1390 1567 1707 1336 758 949 1698 36 1156 356 || mode=RB method=sk_ac_complete solver=pyvrp stage=post_ls ls=pyvrp iter=4
2026-03-15 22:32:48 | INFO     | [POOL #00155] 570 984 520 1099 1405 527 83 151 809 1801 941 604 723 1302 1538 880 1412 16 912 1175 1023 1909 402 550 235 1001 1193 1318 1813 1910 25 18 426 996 1126 845 254 1119 867 1832 340 84 37 370 || mode=RB method=sk_ac_complete solver=pyvrp stage=post_ls ls=pyvrp iter=4
2026-03-15 22:32:48 | INFO     | [POOL #00156] 28 1693 1117 1406 692 262 1838 1313 1127 1325 1614 197 316 904 106 1244 1665 1613 1575 662 1532 239 1012 1607 737 101 156 1841 469 1337 915 868 215 69 330 808 1429 450 162 1676 209 52 1470 1559 || mode=RB method=sk_ac_complete solver=pyvrp stage=post_ls ls=pyvrp iter=4
2026-03-15 22:32:48 | INFO     | [POOL #00157] 1243 1305 54 766 1218 1208 159 702 1057 1403 875 453 934 1408 1362 1804 1152 1327 1021 1321 1782 367 673 1425 1510 1055 325 789 1388 1580 1528 574 1461 1473 1615 1687 1673 906 1165 1878 226 1309 45 || mode=RB method=sk_ac_complete solver=pyvrp stage=post_ls ls=pyvrp iter=4
2026-03-15 22:32:48 | INFO     | [POOL #00158] 1893 883 264 1444 725 1357 1901 1711 1242 690 1219 1083 1172 1332 495 1869 969 832 1402 1438 1239 1924 863 1793 1905 613 257 141 1384 68 361 1602 1926 465 1328 1705 464 1138 1874 1593 167 1151 7 1254 312 || mode=RB method=sk_ac_complete solver=pyvrp stage=post_ls ls=pyvrp iter=4
2026-03-15 22:32:48 | INFO     | [POOL #00159] 1361 1566 66 412 556 1445 1821 1845 997 1270 876 78 31 1155 93 1495 1662 34 1422 339 291 735 584 85 1759 363 743 1492 666 1533 1880 1923 304 1085 1605 1420 1086 1016 529 432 922 786 713 1599 1292 201 583 || mode=RB method=sk_ac_complete solver=pyvrp stage=post_ls ls=pyvrp iter=4
2026-03-15 22:32:48 | INFO     | [POOL #00160] 1195 978 252 946 1837 1907 1616 147 852 1746 1365 1230 1370 1763 806 816 1460 1157 479 1727 559 1161 1868 592 1274 573 672 665 1812 1118 1857 1871 1419 306 1497 245 1744 1661 1241 || mode=RB method=sk_ac_complete solver=pyvrp stage=post_ls ls=pyvrp iter=4
2026-03-15 22:32:48 | INFO     | [POOL #00161] 72 546 910 838 1529 992 1235 1107 1877 1421 431 51 1479 1234 1456 1345 177 1688 761 1 793 1231 1455 135 614 1590 407 1101 835 430 518 1824 824 76 379 656 470 || mode=RB method=sk_ac_complete solver=pyvrp stage=post_ls ls=pyvrp iter=4
2026-03-15 22:32:48 | INFO     | [POOL #00162] 395 721 1123 1434 1517 1609 497 1014 700 973 1872 981 1507 1881 1657 522 869 48 1790 778 73 1331 268 865 308 494 676 33 1017 107 1443 176 1631 1222 1891 581 670 1645 188 279 1376 119 471 1114 1666 || mode=RB method=sk_ac_complete solver=pyvrp stage=post_ls ls=pyvrp iter=4
2026-03-15 22:32:48 | INFO     | [POOL #00163] 1900 595 986 400 29 1398 843 446 122 1296 1903 44 951 739 1341 1513 939 283 461 1576 1146 1252 1722 1927 848 781 179 1562 1050 1065 1752 836 1753 401 611 799 1330 301 344 111 1462 1619 5 538 77 1745 || mode=RB method=sk_ac_complete solver=pyvrp stage=post_ls ls=pyvrp iter=4
2026-03-15 22:32:48 | INFO     | [POOL #00164] 447 1164 1748 517 433 617 323 887 861 441 144 1347 1827 873 1856 545 606 1286 1865 724 1279 1819 744 971 1350 1237 900 827 438 1272 1185 1226 124 1741 1684 160 1766 1224 1737 307 1200 193 103 1378 || mode=RB method=sk_ac_complete solver=pyvrp stage=post_ls ls=pyvrp iter=4
2026-03-15 22:32:48 | INFO     | [POOL #00165] 1620 324 846 1724 1020 1719 354 560 813 460 1697 609 594 366 256 557 1751 635 1723 321 220 250 1214 1294 653 394 1887 853 810 1433 1113 714 1485 1906 990 1312 1736 155 243 || mode=RB method=sk_ac_complete solver=pyvrp stage=post_ls ls=pyvrp iter=4
2026-03-15 22:32:48 | INFO     | [POOL #00166] 847 1093 1374 1558 21 392 1720 1587 565 1637 1739 762 1870 1471 267 728 1173 1655 194 261 1142 734 1706 1038 388 1799 919 1454 1368 1667 1829 1636 1392 1269 1931 265 1278 229 1883 341 139 697 350 1641 || mode=RB method=sk_ac_complete solver=pyvrp stage=post_ls ls=pyvrp iter=4
2026-03-15 22:32:48 | INFO     | [POOL #00167] 1712 1624 1385 974 298 938 1018 767 496 889 929 65 923 1833 633 1726 1077 1815 960 53 685 451 763 1550 1503 1249 493 709 489 1070 1027 1386 105 815 1508 1277 || mode=RB method=sk_ac_complete solver=pyvrp stage=post_ls ls=pyvrp iter=4
2026-03-15 22:32:48 | INFO     | [POOL #00168] 333 1035 877 936 1778 409 1288 1583 1854 1105 1618 1915 1188 1721 184 225 964 1656 329 1774 955 718 950 166 1343 1342 417 1540 228 643 1393 337 897 1013 349 384 1836 1275 443 1596 || mode=RB method=sk_ac_complete solver=pyvrp stage=post_ls ls=pyvrp iter=4
2026-03-15 22:32:48 | INFO     | [POOL #00169] 397 1786 219 1520 440 233 313 837 1323 1171 1340 857 1784 976 88 357 629 116 1111 86 626 1639 15 980 562 1122 1177 428 641 1568 398 1690 1730 947 295 918 1028 || mode=RB method=sk_ac_complete solver=pyvrp stage=post_ls ls=pyvrp iter=4
2026-03-15 22:32:48 | INFO     | [POOL #00170] 812 688 683 1484 1811 1589 1767 601 391 1258 482 1371 896 558 10 1632 864 1853 640 817 240 1787 1346 1663 1223 1917 1095 830 317 677 930 756 102 424 1139 858 839 1740 1410 1738 121 1217 || mode=RB method=sk_ac_complete solver=pyvrp stage=post_ls ls=pyvrp iter=4
2026-03-15 22:32:48 | INFO     | [POOL #00171] 331 1397 1220 454 963 113 1551 1584 82 968 1092 1481 1831 698 639 1324 1696 1672 19 1505 856 161 20 1626 411 648 999 647 1830 1259 627 1647 223 600 200 822 1335 523 1025 137 1373 1601 1795 1075 768 720 1284 352 || mode=RB method=sk_ac_complete solver=pyvrp stage=post_ls ls=pyvrp iter=4
2026-03-15 22:32:48 | INFO     | [POOL #00172] 1718 259 263 1451 1298 1898 374 732 1860 1268 309 1257 674 1033 1303 485 1447 926 488 1073 1276 1611 204 1701 1572 1163 1714 1809 1246 1116 287 1731 785 823 1022 109 1582 948 || mode=RB method=sk_ac_complete solver=pyvrp stage=post_ls ls=pyvrp iter=4
2026-03-15 22:32:48 | INFO     | [POOL #00173] 425 255 1622 509 1904 679 1847 1855 1358 790 427 548 1818 1565 1381 1441 1544 205 599 1041 1364 445 1843 1267 508 403 525 872 618 859 797 1488 855 1747 505 1404 765 1750 311 705 989 985 791 1826 320 1916 108 590 || mode=RB method=sk_ac_complete solver=pyvrp stage=post_ls ls=pyvrp iter=4
2026-03-15 22:32:48 | INFO     | [POOL #00174] 645 466 780 1820 1692 169 1176 1291 1096 1771 943 777 1630 1201 133 920 689 1921 519 542 671 1848 1888 1494 1283 1030 1465 1213 771 467 1930 1015 1552 1728 457 1685 444 1307 1594 32 || mode=RB method=sk_ac_complete solver=pyvrp stage=post_ls ls=pyvrp iter=4
2026-03-15 22:32:48 | INFO     | [POOL #00175] 715 1078 1227 1363 1524 253 368 1866 56 1110 1671 1338 1052 1496 539 553 289 64 1789 408 134 1755 396 1797 1556 1250 911 70 933 741 1773 1717 365 2 || mode=RB method=sk_ac_complete solver=pyvrp stage=post_ls ls=pyvrp iter=4
2026-03-15 22:32:48 | INFO     | [POOL #00176] 211 568 1081 1591 38 962 731 399 1233 750 1387 1004 510 605 1058 1835 770 1861 1097 1612 1273 153 1333 1691 1677 1863 1709 183 468 862 1442 1168 1379 91 1617 1523 1040 1108 1654 850 221 1864 || mode=RB method=sk_ac_complete solver=pyvrp stage=post_ls ls=pyvrp iter=4
2026-03-15 22:32:48 | INFO     | [POOL #00177] 932 326 150 251 719 1026 1842 1834 118 375 140 343 302 914 1553 202 898 9 1266 774 1500 840 234 1472 1448 1808 908 120 959 1348 62 965 1749 484 1511 535 1352 || mode=RB method=sk_ac_complete solver=pyvrp stage=post_ls ls=pyvrp iter=4
2026-03-15 22:32:48 | INFO     | [POOL #00178] 1245 332 885 783 50 1436 503 1634 751 1606 753 895 1796 1308 1800 1043 1150 696 1678 1546 1136 1359 1852 623 631 1561 1109 831 1638 1735 537 1792 1912 1629 || mode=RB method=sk_ac_complete solver=pyvrp stage=post_ls ls=pyvrp iter=4
2026-03-15 22:32:48 | INFO     | [POOL #00179] 860 541 1885 710 294 1683 1475 1304 271 655 593 536 1603 1263 336 1310 491 435 49 218 1806 585 1743 1452 1769 442 1807 927 355 1649 152 1862 1003 1382 383 1203 422 242 127 172 1933 1699 || mode=RB method=sk_ac_complete solver=pyvrp stage=post_ls ls=pyvrp iter=4
2026-03-15 22:32:48 | INFO     | [POOL #00180] 1918 1623 1301 747 449 149 327 1522 616 931 203 58 1897 170 849 385 1120 473 746 1320 1240 1414 1574 1067 1238 544 979 1319 764 551 1140 129 727 1457 1133 1491 1225 752 1389 406 286 1919 1401 1873 870 174 || mode=RB method=sk_ac_complete solver=pyvrp stage=post_ls ls=pyvrp iter=4
2026-03-15 22:32:48 | INFO     | [POOL #00181] 1192 871 269 661 1474 185 1526 1729 1090 1779 1366 420 501 1413 1062 1858 199 893 1144 1464 1537 456 842 1501 1839 55 206 1212 818 1166 142 125 796 1256 1128 1585 98 646 1659 1469 1913 526 96 136 1106 || mode=RB method=sk_ac_complete solver=pyvrp stage=post_ls ls=pyvrp iter=4
2026-03-15 22:32:48 | INFO     | [POOL #00182] 1758 17 890 1437 1660 1034 1694 1762 297 1486 1459 1534 1578 24 1044 1194 811 1892 1716 681 274 212 1061 1929 554 1598 854 390 1781 1760 1300 987 1499 1134 335 382 12 543 1051 1894 748 1054 || mode=RB method=sk_ac_complete solver=pyvrp stage=post_ls ls=pyvrp iter=4
2026-03-15 22:32:48 | INFO     | [POOL #00183] 602 1260 805 1844 1700 1571 668 820 651 1089 1597 1653 1206 1675 213 1181 232 1179 1196 1489 621 1896 439 1549 1642 821 1271 630 334 1816 1890 580 104 1187 1859 1757 1005 216 1074 || mode=RB method=sk_ac_complete solver=pyvrp stage=post_ls ls=pyvrp iter=4
2026-03-15 22:32:48 | INFO     | [POOL #00184] 909 722 1427 1069 487 1210 478 1322 1375 1920 1079 389 273 945 819 1082 1463 126 280 376 338 462 841 970 1135 224 511 71 458 214 305 891 247 1849 1548 703 795 393 566 1198 1518 1228 143 829 1734 1628 1076 1431 429 736 || mode=RB method=sk_ac_complete solver=pyvrp stage=post_ls ls=pyvrp iter=4
2026-03-15 22:32:48 | INFO     | [POOL #00185] 196 1409 828 563 917 1418 983 1695 437 902 1080 1180 624 187 1178 1383 814 60 110 1417 1355 1416 1539 163 657 1204 1791 1440 1650 1297 1644 1232 1000 227 1339 866 246 740 || mode=RB method=sk_ac_complete solver=filo1 stage=post_ls ls=pyvrp iter=5
2026-03-15 22:32:48 | INFO     | [POOL #00186] 1423 4 507 1145 1658 513 792 230 1643 528 745 1205 1669 1555 285 921 192 632 1535 991 1756 463 241 782 1925 131 244 303 481 1840 1063 35 669 112 1131 157 421 322 1466 222 1032 966 || mode=RB method=sk_ac_complete solver=filo1 stage=post_ls ls=pyvrp iter=5
2026-03-15 22:32:48 | INFO     | [POOL #00187] 894 364 1130 578 1651 319 801 760 628 318 1094 957 881 1326 299 1680 825 512 942 667 1772 928 145 41 378 272 515 555 1356 1285 892 1391 905 39 1788 1814 1002 57 1199 649 1886 114 || mode=RB method=sk_ac_complete solver=filo1 stage=post_ls ls=pyvrp iter=5
2026-03-15 22:32:48 | INFO     | [POOL #00188] 693 995 97 772 328 644 588 258 1867 1064 1174 1502 171 1640 1428 1400 1563 266 533 958 138 353 711 67 954 300 530 182 706 1019 1048 1053 878 1610 1742 189 1664 1037 1042 132 474 1794 561 678 587 1543 1579 281 899 1487 851 1884 1625 || mode=RB method=sk_ac_complete solver=filo1 stage=post_ls ls=pyvrp iter=5
2026-03-15 22:32:48 | INFO     | [POOL #00189] 742 944 117 1006 1547 1761 844 1349 1822 776 1478 874 1732 1704 1396 1477 833 455 146 89 1889 1458 1823 622 1189 210 236 6 591 1530 1515 1604 1191 154 490 1290 1426 1190 94 660 448 || mode=RB method=sk_ac_complete solver=filo1 stage=post_ls ls=pyvrp iter=5
2026-03-15 22:32:48 | INFO     | [POOL #00190] 695 288 1169 217 988 351 1148 1248 92 500 358 502 755 1498 993 759 63 1733 415 237 1216 123 1247 248 1536 1329 13 913 1068 1282 608 380 1702 61 499 738 347 1306 1577 1197 1251 1810 977 716 195 975 || mode=RB method=sk_ac_complete solver=filo1 stage=post_ls ls=pyvrp iter=5
2026-03-15 22:32:48 | INFO     | [POOL #00191] 1114 348 1424 642 552 1280 729 181 924 682 1468 1581 952 940 80 75 1137 130 414 569 1670 687 1372 1170 1121 1512 178 1450 3 260 650 1446 636 802 521 1780 1182 1554 387 115 1770 1215 1439 || mode=RB method=sk_ac_complete solver=filo1 stage=post_ls ls=pyvrp iter=5
2026-03-15 22:32:48 | INFO     | [POOL #00192] 1154 788 1514 1621 903 1882 1679 607 1143 30 87 386 1202 807 1293 534 1311 1047 346 1160 694 486 598 1264 1141 798 1380 1125 937 1334 658 1072 292 436 1648 310 925 1281 277 1509 405 1482 680 1686 1261 619 1493 || mode=RB method=sk_ac_complete solver=filo1 stage=post_ls ls=pyvrp iter=5
2026-03-15 22:32:48 | INFO     | [POOL #00193] 477 707 28 984 586 168 231 1099 638 1817 612 1115 1377 1798 498 1031 27 916 1009 472 1803 475 1506 1580 1390 159 1528 574 1208 1567 1707 1908 79 1029 603 45 || mode=RB method=sk_ac_complete solver=filo1 stage=post_ls ls=pyvrp iter=5
2026-03-15 22:32:48 | INFO     | [POOL #00194] 76 459 835 1101 614 135 1455 1231 793 177 1345 1901 1460 816 559 1161 1727 1157 1711 1242 479 690 1219 1083 1172 1868 592 1274 573 672 665 1812 1118 1857 1871 1419 245 1744 1661 1241 || mode=RB method=sk_ac_complete solver=filo1 stage=post_ls ls=pyvrp iter=5
2026-03-15 22:32:48 | INFO     | [POOL #00195] 1221 1525 74 708 238 434 1395 882 1315 14 1698 949 278 758 769 1336 1586 1299 804 1407 1354 1087 524 270 315 967 1100 81 128 1557 1360 1754 1098 733 1184 567 1911 1039 1476 1635 || mode=RB method=sk_ac_complete solver=filo1 stage=post_ls ls=pyvrp iter=5
2026-03-15 22:32:48 | INFO     | [POOL #00196] 620 589 1708 1470 1236 1008 1560 1430 1011 1411 1132 1046 901 879 47 1521 907 1895 1467 808 99 330 1186 1369 1614 151 691 1325 1429 450 162 1147 826 1838 100 404 262 1676 209 52 800 692 1406 1117 520 1693 1559 || mode=RB method=sk_ac_complete solver=filo1 stage=post_ls ls=pyvrp iter=5
2026-03-15 22:32:48 | INFO     | [POOL #00197] 452 625 1243 1309 1305 54 1036 1295 766 1218 1461 702 1388 1057 453 789 1510 1055 325 1408 934 1362 1804 1152 1318 1813 1910 875 1403 25 18 426 996 1126 845 1473 254 1687 997 1845 1821 1445 340 84 37 || mode=RB method=sk_ac_complete solver=filo1 stage=post_ls ls=pyvrp iter=5
2026-03-15 22:32:48 | INFO     | [POOL #00198] 40 1103 1846 66 226 1878 1165 906 1832 1673 867 1119 1615 31 93 1155 1422 34 1662 1495 175 1825 1432 773 293 1681 597 23 1776 529 922 1084 1490 1899 1066 381 1292 201 379 656 90 || mode=RB method=sk_ac_complete solver=filo1 stage=post_ls ls=pyvrp iter=5
2026-03-15 22:32:48 | INFO     | [POOL #00199] 1592 1399 1211 1167 726 423 886 1570 1879 371 1162 1646 1573 1828 953 1802 373 1851 596 1531 186 345 576 1595 615 1059 577 712 637 1875 1056 749 730 684 290 180 360 1545 1668 1351 1415 1024 717 1785 803 173 || mode=RB method=sk_ac_complete solver=filo1 stage=post_ls ls=pyvrp iter=5
2026-03-15 22:32:48 | INFO     | [POOL #00200] 883 264 407 1590 1688 1 761 1357 1926 1602 361 68 1384 141 257 613 1905 1793 1332 1924 863 1759 584 85 363 743 1492 666 1533 1880 1923 304 1085 1605 1420 1086 725 1016 1444 || mode=RB method=sk_ac_complete solver=filo1 stage=post_ls ls=pyvrp iter=5
2026-03-15 22:32:48 | INFO     | [POOL #00201] 470 1361 370 1566 757 1289 516 412 556 575 1060 784 888 1287 1270 276 876 78 362 972 480 342 701 8 956 432 786 713 1599 372 430 518 1824 824 1564 1893 582 158 583 || mode=RB method=sk_ac_complete solver=filo1 stage=post_ls ls=pyvrp iter=5
2026-03-15 22:32:48 | INFO     | [POOL #00202] 1480 43 164 83 1914 787 1600 809 1801 197 316 941 904 604 723 1665 1244 1613 1575 1302 1538 880 16 912 1023 1327 1021 1321 1782 367 673 1425 571 190 296 359 1112 704 36 1156 356 || mode=RB method=sk_ac_complete solver=filo1 stage=post_ls ls=pyvrp iter=5
2026-03-15 22:32:48 | INFO     | [POOL #00203] 1542 413 1504 1010 339 291 735 1239 1438 969 1869 495 832 1402 1193 1001 235 550 402 1909 1175 1412 1607 1012 239 1532 662 737 101 156 1841 469 1337 915 106 868 215 69 572 208 1124 1127 1313 1209 1344 1652 527 1405 570 || mode=RB method=sk_ac_complete solver=filo1 stage=post_ls ls=pyvrp iter=5
2026-03-15 22:32:48 | INFO     | [POOL #00204] 395 721 1123 700 973 1872 981 1507 1881 1657 522 869 48 1790 1050 1562 179 781 848 220 321 1723 635 250 1722 1927 1252 1146 1752 836 1065 778 73 1331 268 865 308 1014 497 1609 1517 1434 188 1376 279 471 || mode=RB method=sk_ac_complete solver=filo1 stage=post_ls ls=pyvrp iter=5
2026-03-15 22:32:48 | INFO     | [POOL #00205] 1596 1641 350 697 938 341 1883 229 643 1393 228 955 329 1656 964 1636 1392 1829 1667 1368 1454 919 1706 734 1038 388 1799 1751 1214 1294 557 256 366 653 594 609 1697 225 184 1188 1915 1105 1020 1724 1778 936 877 1035 333 || mode=RB method=sk_ac_complete solver=filo1 stage=post_ls ls=pyvrp iter=5
2026-03-15 22:32:48 | INFO     | [POOL #00206] 243 397 1164 1748 1786 219 1520 440 839 858 1323 1784 976 88 357 629 1139 424 10 1632 558 896 1371 482 1258 391 1740 1767 986 1589 77 1484 1666 688 812 || mode=RB method=sk_ac_complete solver=filo1 stage=post_ls ls=pyvrp iter=5
2026-03-15 22:32:48 | INFO     | [POOL #00207] 155 1378 947 1730 1690 398 1568 641 428 1177 193 1200 307 1737 1224 1766 160 853 810 1433 560 354 1113 714 1719 1485 1906 990 1312 103 1736 846 324 1620 || mode=RB method=sk_ac_complete solver=filo1 stage=post_ls ls=pyvrp iter=5
2026-03-15 22:32:48 | INFO     | [POOL #00208] 1738 1410 601 400 29 1398 843 446 122 1296 864 240 817 1223 1917 1095 971 1350 1237 900 827 438 1272 394 1185 1226 124 1741 1684 1887 460 813 1618 1854 1583 1288 409 1013 1836 || mode=RB method=sk_ac_complete solver=filo1 stage=post_ls ls=pyvrp iter=5
2026-03-15 22:32:48 | INFO     | [POOL #00209] 847 1712 1624 1385 105 974 298 1018 767 496 1278 265 1931 889 929 65 923 1833 1269 1774 1721 718 950 166 1343 1342 417 1540 337 897 349 384 139 1275 443 || mode=RB method=sk_ac_complete solver=filo1 stage=post_ls ls=pyvrp iter=5
2026-03-15 22:32:48 | INFO     | [POOL #00210] 1028 918 295 433 1340 857 887 861 1122 562 980 15 1639 626 86 1111 144 1347 1827 873 1856 545 606 1286 1865 724 744 1279 1819 830 317 640 1853 102 756 930 677 116 441 323 617 1171 837 313 233 517 447 || mode=RB method=sk_ac_complete solver=filo1 stage=post_ls ls=pyvrp iter=5
2026-03-15 22:32:48 | INFO     | [POOL #00211] 1093 1374 1558 21 392 1720 1587 565 1637 1739 762 1870 1471 267 728 261 1142 194 1655 1173 1726 633 1077 1815 960 53 685 451 763 1550 1503 1249 493 709 489 1070 1027 1386 815 1508 1277 || mode=RB method=sk_ac_complete solver=filo1 stage=post_ls ls=pyvrp iter=5
2026-03-15 22:32:48 | INFO     | [POOL #00212] 1217 121 1900 595 1811 538 5 1619 1462 111 344 107 301 1330 951 44 1903 1787 1346 1663 461 1576 283 939 1513 1341 739 799 611 401 1753 494 676 33 1017 1443 176 1631 1222 1891 581 670 1645 119 1745 683 || mode=RB method=sk_ac_complete solver=filo1 stage=post_ls ls=pyvrp iter=5
2026-03-15 22:32:48 | INFO     | [POOL #00213] 1352 535 1629 150 1912 1792 537 1735 1638 831 1109 1561 631 623 1043 1546 1678 696 1150 1800 1308 1796 895 753 1606 751 1634 503 1436 50 783 885 332 || mode=RB method=sk_ac_complete solver=filo1 stage=post_ls ls=pyvrp iter=5
2026-03-15 22:32:48 | INFO     | [POOL #00214] 715 2 365 645 1773 911 1250 1556 1755 255 1622 1789 1387 64 1004 510 605 1058 1835 770 1861 1097 1612 1273 399 1233 750 731 1691 1333 1677 1863 38 1591 1081 568 211 || mode=RB method=sk_ac_complete solver=filo1 stage=post_ls ls=pyvrp iter=5
2026-03-15 22:32:48 | INFO     | [POOL #00215] 1699 1933 1918 1266 9 898 202 1553 914 747 449 149 327 1522 616 931 203 1238 1067 1574 1414 1240 1320 746 473 1120 385 849 170 1897 58 1136 1359 1852 302 343 140 375 118 1834 1842 1026 719 251 || mode=RB method=sk_ac_complete solver=filo1 stage=post_ls ls=pyvrp iter=5
2026-03-15 22:32:48 | INFO     | [POOL #00216] 1363 1524 253 368 780 1820 1866 1692 169 1728 1291 1176 1096 1015 1888 1494 1030 1283 1565 1818 427 548 542 671 1848 1630 777 943 1771 1052 1338 1671 56 466 1227 1717 || mode=RB method=sk_ac_complete solver=filo1 stage=post_ls ls=pyvrp iter=5
2026-03-15 22:32:48 | INFO     | [POOL #00217] 1864 221 850 1511 484 1749 965 1040 1523 1617 91 1379 1168 1442 862 468 183 383 1873 1472 234 840 774 1500 1448 1808 1203 422 242 1623 908 120 959 1348 62 1108 1654 326 932 || mode=RB method=sk_ac_complete solver=filo1 stage=post_ls ls=pyvrp iter=5
2026-03-15 22:32:48 | INFO     | [POOL #00218] 32 1594 1307 444 1685 457 1552 1930 467 771 1213 1465 1381 1441 1544 205 599 1041 1364 445 1843 1267 508 403 525 872 618 859 797 1488 855 1747 505 1404 765 1750 311 705 989 985 791 1826 320 1916 108 590 1078 || mode=RB method=sk_ac_complete solver=filo1 stage=post_ls ls=pyvrp iter=5
2026-03-15 22:32:48 | INFO     | [POOL #00219] 860 174 870 541 1885 710 1709 294 1683 1382 1003 1862 152 1649 355 927 1807 442 1769 1452 218 49 1806 585 1743 1133 1457 727 129 1140 551 764 1319 979 544 1491 1225 752 1389 406 286 1919 1301 1401 127 172 || mode=RB method=sk_ac_complete solver=filo1 stage=post_ls ls=pyvrp iter=5
2026-03-15 22:32:48 | INFO     | [POOL #00220] 741 933 70 396 134 408 1110 1496 539 553 289 509 1904 679 1847 1855 1358 1201 133 920 689 1921 519 790 435 1310 491 336 1263 1603 536 593 655 271 1304 1475 153 962 1797 425 || mode=RB method=sk_ac_complete solver=filo1 stage=post_ls ls=pyvrp iter=5
2026-03-15 22:32:48 | INFO     | [POOL #00221] 1074 216 1005 1757 1859 1187 104 580 1890 1816 334 630 1271 821 1642 1549 439 1896 621 1489 1196 1179 232 1181 213 1675 1206 1653 1597 1089 1079 651 820 668 1571 1700 1844 805 909 || mode=RB method=sk_ac_complete solver=filo1 stage=post_ls ls=pyvrp iter=5
2026-03-15 22:32:48 | INFO     | [POOL #00222] 602 1260 890 1894 736 1051 543 429 1659 646 98 1585 1128 1076 1256 796 1734 1628 143 1228 829 1212 818 1166 142 125 199 1858 1062 1413 501 185 1474 1469 1913 526 96 661 136 1106 269 871 1245 || mode=RB method=sk_ac_complete solver=filo1 stage=post_ls ls=pyvrp iter=5
2026-03-15 22:32:48 | INFO     | [POOL #00223] 1192 1526 1729 1090 1779 1366 420 893 1144 1464 1537 456 842 1501 1839 55 206 1548 1849 247 305 891 703 795 393 214 458 71 511 224 1135 970 841 462 338 376 280 126 1463 1082 819 273 945 389 1920 1375 1322 478 1210 1069 1427 722 1758 || mode=RB method=sk_ac_complete solver=filo1 stage=post_ls ls=pyvrp iter=5
2026-03-15 22:32:48 | INFO     | [POOL #00224] 1054 748 12 1431 382 335 1134 1499 987 1300 1534 1578 1044 390 1781 1760 1518 1198 566 1598 554 854 1929 1061 212 274 681 1716 1892 811 1194 24 487 1459 1486 297 1762 1694 1034 1660 1437 17 || mode=RB method=sk_ac_complete solver=filo1 stage=post_ls ls=pyvrp iter=5
2026-03-15 22:32:48 | INFO     | [POOL #00225] 975 195 490 1383 1349 1822 776 1478 1306 347 738 499 61 608 380 358 502 755 1498 1282 1329 13 913 1536 248 1247 123 1216 237 415 1733 63 658 1072 292 759 993 436 1648 310 925 1281 1794 561 678 587 1543 281 899 288 1884 894 || mode=RB method=sk_ac_complete solver=pyvrp stage=post_ls ls=pyvrp iter=6
2026-03-15 22:32:48 | INFO     | [POOL #00226] 1625 39 905 1391 892 1285 1579 1356 555 272 378 41 277 145 928 1772 667 1248 942 92 500 512 825 1680 299 1326 1702 881 957 1148 351 1094 318 628 988 844 1810 977 1180 1080 902 1695 || mode=RB method=sk_ac_complete solver=pyvrp stage=post_ls ls=pyvrp iter=6
2026-03-15 22:32:48 | INFO     | [POOL #00227] 1418 983 364 1130 578 1493 851 1487 1788 1514 1621 903 1882 1643 528 230 792 745 1669 1555 285 921 192 607 1679 1640 171 1502 1064 1867 258 644 328 772 1814 1002 57 1199 649 1886 114 || mode=RB method=sk_ac_complete solver=pyvrp stage=post_ls ls=pyvrp iter=6
2026-03-15 22:32:48 | INFO     | [POOL #00228] 695 1651 319 1169 619 1261 1686 680 515 1482 405 1509 474 132 1042 1037 1664 189 1742 1610 878 1053 1048 1019 706 937 1125 1380 807 1202 386 632 991 1535 3 1450 178 1512 1121 80 940 650 260 1756 782 1205 521 1554 387 115 1770 1215 || mode=RB method=sk_ac_complete solver=pyvrp stage=post_ls ls=pyvrp iter=6
2026-03-15 22:32:48 | INFO     | [POOL #00229] 222 395 721 421 157 669 35 682 1468 1581 952 75 1137 130 414 569 1170 1372 1670 687 1311 1047 534 1293 1160 346 694 486 798 598 1264 1141 1334 182 530 300 954 67 711 353 138 87 30 1143 958 533 266 1563 1400 1428 1174 588 97 995 693 || mode=RB method=sk_ac_complete solver=pyvrp stage=post_ls ls=pyvrp iter=6
2026-03-15 22:32:48 | INFO     | [POOL #00230] 1439 1423 4 1154 788 1658 513 1145 507 1182 1780 802 636 131 1925 241 463 244 1446 303 481 1840 1063 924 181 729 1280 552 642 1123 1131 112 322 1466 1032 812 966 || mode=RB method=sk_ac_complete solver=pyvrp stage=post_ls ls=pyvrp iter=6
2026-03-15 22:32:48 | INFO     | [POOL #00231] 1217 1738 595 1811 77 119 1645 538 581 1891 1222 1434 1517 1609 497 1014 700 973 1872 981 1507 1881 1657 522 869 48 1790 1065 836 1753 1017 107 1631 670 188 1376 279 471 1484 683 688 || mode=RB method=sk_ac_complete solver=pyvrp stage=post_ls ls=pyvrp iter=6
2026-03-15 22:32:48 | INFO     | [POOL #00232] 1666 1114 348 1424 176 1443 33 676 494 308 865 268 1331 73 778 1050 1562 179 781 848 220 321 1723 635 388 1799 1751 250 1214 1722 1927 1252 1146 1752 401 611 799 1330 301 344 111 1462 1619 601 1767 986 1410 1900 121 || mode=RB method=sk_ac_complete solver=pyvrp stage=post_ls ls=pyvrp iter=6
2026-03-15 22:32:48 | INFO     | [POOL #00233] 1745 1589 5 400 29 1398 843 446 122 1296 1903 44 951 739 1341 1513 939 283 1576 461 1663 1917 1223 1346 1787 240 817 640 1853 864 1632 558 896 1371 482 858 839 1258 391 1740 219 1748 1164 397 || mode=RB method=sk_ac_complete solver=pyvrp stage=post_ls ls=pyvrp iter=6
2026-03-15 22:32:48 | INFO     | [POOL #00234] 918 433 641 626 1639 15 1827 606 1286 1865 724 744 971 1350 1237 900 827 438 1272 1185 1226 124 1741 1684 160 1766 1224 1737 980 562 1122 1177 428 1568 398 295 1028 || mode=RB method=sk_ac_complete solver=pyvrp stage=post_ls ls=pyvrp iter=6
2026-03-15 22:32:48 | INFO     | [POOL #00235] 447 1786 1520 440 313 1171 1340 857 1784 617 323 887 861 441 86 1111 144 1347 873 1856 545 1279 1819 1095 830 317 677 930 116 756 102 424 10 1139 629 357 88 976 1323 837 233 517 || mode=RB method=sk_ac_complete solver=pyvrp stage=post_ls ls=pyvrp iter=6
2026-03-15 22:32:48 | INFO     | [POOL #00236] 1093 1374 1720 1587 565 1637 1739 762 1870 1471 267 728 1173 1655 261 1142 194 1454 919 1706 734 1038 1368 1829 1667 366 256 557 1294 653 394 1887 460 813 853 810 307 1200 193 103 947 1378 155 || mode=RB method=sk_ac_complete solver=pyvrp stage=post_ls ls=pyvrp iter=6
2026-03-15 22:32:48 | INFO     | [POOL #00237] 1712 1558 21 392 1027 1070 489 709 929 889 1269 1392 1636 1656 964 594 609 1697 225 184 1915 1618 560 1433 1113 714 1485 1906 990 1312 1690 1730 1736 846 324 1620 || mode=RB method=sk_ac_complete solver=pyvrp stage=post_ls ls=pyvrp iter=6
2026-03-15 22:32:48 | INFO     | [POOL #00238] 1624 697 974 298 767 496 1278 1833 633 1726 1077 1815 960 53 1503 1249 493 763 1550 685 451 65 923 1931 265 955 1774 329 1721 1188 1020 1724 1778 936 877 1035 333 243 || mode=RB method=sk_ac_complete solver=pyvrp stage=post_ls ls=pyvrp iter=6
2026-03-15 22:32:48 | INFO     | [POOL #00239] 1596 1641 350 443 1275 139 938 341 384 1836 349 1013 897 337 409 1288 1583 1854 1719 354 1105 166 718 950 1343 1342 417 1540 1393 228 643 229 1883 1018 1386 105 1385 815 1508 1277 847 || mode=RB method=sk_ac_complete solver=pyvrp stage=post_ls ls=pyvrp iter=6
2026-03-15 22:32:48 | INFO     | [POOL #00240] 1245 332 885 783 50 1436 503 1634 751 631 623 1852 1359 1136 1546 1678 696 1150 1043 1800 1308 1796 895 753 1606 1561 1109 831 1638 1735 1792 1912 1629 535 || mode=RB method=sk_ac_complete solver=pyvrp stage=post_ls ls=pyvrp iter=6
2026-03-15 22:32:48 | INFO     | [POOL #00241] 1699 425 1797 255 1622 1273 1612 1097 1058 1835 770 1861 1847 1855 1358 1201 133 1630 777 1848 671 542 519 1921 920 689 679 1904 509 289 553 539 1496 1052 1338 1671 1110 56 466 1227 1717 || mode=RB method=sk_ac_complete solver=pyvrp stage=post_ls ls=pyvrp iter=6
2026-03-15 22:32:48 | INFO     | [POOL #00242] 932 326 1654 1108 1918 1523 1617 91 1379 1168 710 1863 1709 1677 1333 1691 731 399 1233 750 1004 605 510 64 1387 1789 408 134 1755 396 1556 1250 911 70 933 741 1773 645 365 || mode=RB method=sk_ac_complete solver=pyvrp stage=post_ls ls=pyvrp iter=6
2026-03-15 22:32:48 | INFO     | [POOL #00243] 1591 38 962 153 294 1683 1475 1304 271 655 593 536 152 1649 355 927 1807 442 1769 1452 1225 752 327 149 1389 449 747 914 1553 202 898 9 140 343 302 375 118 537 251 150 || mode=RB method=sk_ac_complete solver=pyvrp stage=post_ls ls=pyvrp iter=6
2026-03-15 22:32:48 | INFO     | [POOL #00244] 1623 1401 1301 1919 286 406 1522 616 931 203 58 1897 170 1238 849 385 1120 473 746 1320 1240 1414 1574 1067 764 1319 979 544 1491 1133 1743 585 1806 218 49 435 491 1310 336 1263 1862 183 1885 541 || mode=RB method=sk_ac_complete solver=pyvrp stage=post_ls ls=pyvrp iter=6
2026-03-15 22:32:48 | INFO     | [POOL #00245] 211 860 568 1081 174 172 127 242 422 1203 862 1442 468 383 1873 1472 234 840 1266 774 1500 1448 1808 1842 1834 719 1026 908 120 959 1348 62 1040 965 1749 484 1511 850 221 1864 1352 || mode=RB method=sk_ac_complete solver=pyvrp stage=post_ls ls=pyvrp iter=6
2026-03-15 22:32:48 | INFO     | [POOL #00246] 715 1078 196 740 108 866 1916 320 1685 457 1826 1232 791 985 989 705 311 1552 1015 943 1771 1096 1176 1291 1728 169 1692 1866 1820 780 368 1307 444 1594 32 253 1524 1363 2 || mode=RB method=sk_ac_complete solver=pyvrp stage=post_ls ls=pyvrp iter=6
2026-03-15 22:32:48 | INFO     | [POOL #00247] 1933 870 1382 1003 1603 790 427 548 1818 1565 1457 727 129 551 1140 1544 1381 1441 205 599 1041 1364 445 1465 1030 1283 1494 1888 1213 1747 855 505 1404 765 1750 1644 1000 227 1339 || mode=RB method=sk_ac_complete solver=pyvrp stage=post_ls ls=pyvrp iter=6
2026-03-15 22:32:48 | INFO     | [POOL #00248] 660 1297 1650 1440 1791 1204 859 797 1488 467 1930 771 1843 1267 508 403 525 872 618 591 6 236 210 1189 622 1823 1889 1458 1068 89 146 455 1477 833 1355 1416 154 1426 1290 1190 94 448 246 590 || mode=RB method=sk_ac_complete solver=pyvrp stage=post_ls ls=pyvrp iter=6
2026-03-15 22:32:48 | INFO     | [POOL #00249] 1409 828 563 716 624 187 1178 814 60 110 1417 1539 163 657 1191 1604 1530 1515 1396 1704 1732 874 1577 1197 1251 760 217 801 1547 1761 1006 117 944 742 437 917 || mode=RB method=sk_ac_complete solver=pyvrp stage=post_ls ls=pyvrp iter=6
2026-03-15 22:32:48 | INFO     | [POOL #00250] 871 269 661 1474 185 1526 1729 1090 1779 1366 420 501 1413 1256 796 125 142 1166 818 1212 829 1734 1628 143 1228 1760 1781 390 1044 1578 1534 297 1694 1762 382 429 543 1051 736 748 1054 || mode=RB method=sk_ac_complete solver=pyvrp stage=post_ls ls=pyvrp iter=6
2026-03-15 22:32:48 | INFO     | [POOL #00251] 419 754 1453 1394 1928 1265 249 1768 1024 1415 59 1850 1764 416 540 686 282 1775 1045 1435 1783 1430 371 1588 699 22 779 95 1153 1255 1527 1071 1183 659 || mode=RB method=sk_ac_complete solver=pyvrp stage=post_ls ls=pyvrp iter=6
2026-03-15 22:32:48 | INFO     | [POOL #00252] 1102 1703 1710 410 369 1713 1262 998 165 42 1088 1689 377 514 1902 1682 1519 483 1879 886 423 726 1167 1211 1399 1236 1470 1708 589 1541 1777 1316 531 1317 1922 775 1091 1592 707 477 || mode=RB method=sk_ac_complete solver=pyvrp stage=post_ls ls=pyvrp iter=6
2026-03-15 22:32:48 | INFO     | [POOL #00253] 452 1525 1103 1846 603 434 1395 882 1029 1315 14 1360 638 1557 128 81 1100 359 1112 704 769 1586 1299 1336 1908 949 1698 36 43 1754 1480 1098 733 1184 238 708 74 || mode=RB method=sk_ac_complete solver=pyvrp stage=post_ls ls=pyvrp iter=6
2026-03-15 22:32:48 | INFO     | [POOL #00254] 173 803 1785 717 579 794 549 664 1149 1351 1668 1545 360 180 610 1229 1314 290 1674 564 1007 1159 1851 596 1531 186 345 615 1595 576 99 808 373 1467 1895 1802 953 1828 907 1521 47 209 52 692 1406 1693 1559 || mode=RB method=sk_ac_complete solver=pyvrp stage=post_ls ls=pyvrp iter=6
2026-03-15 22:32:48 | INFO     | [POOL #00255] 1542 757 1289 413 1504 1060 784 888 1673 1615 1119 254 845 31 1155 93 1495 1662 34 1422 339 1126 996 291 584 85 363 743 1492 666 1533 1880 1923 304 1085 1605 1420 293 23 922 786 713 1599 372 || mode=RB method=sk_ac_complete solver=pyvrp stage=post_ls ls=pyvrp iter=6
2026-03-15 22:32:48 | INFO     | [POOL #00256] 1798 262 162 450 1429 208 572 330 1186 69 215 868 1337 469 1841 156 101 737 662 1532 239 1012 1607 1412 402 1909 1175 912 16 880 1538 1302 1665 604 723 1804 1362 789 1580 159 79 || mode=RB method=sk_ac_complete solver=pyvrp stage=post_ls ls=pyvrp iter=6
2026-03-15 22:32:48 | INFO     | [POOL #00257] 1633 1049 1627 1516 1932 1570 1162 1646 1573 1253 1367 506 1608 198 684 730 749 1056 1875 637 712 577 1059 915 1613 1575 1244 106 904 941 316 197 1801 809 1614 1369 1124 1325 1127 1652 164 1405 231 168 567 1911 1039 || mode=RB method=sk_ac_complete solver=pyvrp stage=post_ls ls=pyvrp iter=6
2026-03-15 22:32:48 | INFO     | [POOL #00258] 45 1309 1473 1461 574 702 1057 1318 1193 1001 235 550 1023 1327 1152 1021 1321 1782 367 673 1425 1803 472 1354 1407 1087 916 27 1031 498 1377 1115 612 1817 1099 1117 520 586 984 28 570 || mode=RB method=sk_ac_complete solver=pyvrp stage=post_ls ls=pyvrp iter=6
2026-03-15 22:32:48 | INFO     | [POOL #00259] 583 90 379 381 1066 1490 1084 575 556 1445 1821 1845 997 1287 1010 972 480 342 701 956 8 1776 761 1 1688 177 1345 1456 1455 135 1590 407 264 459 518 76 546 72 || mode=RB method=sk_ac_complete solver=pyvrp stage=post_ls ls=pyvrp iter=6
2026-03-15 22:32:48 | INFO     | [POOL #00260] 620 1008 1560 800 1011 1411 1132 1046 901 879 1676 1147 826 1838 1313 691 151 1600 787 1914 1009 83 1209 1344 100 404 527 315 967 270 524 804 296 190 571 475 1506 1390 1567 1707 758 278 1156 1476 1635 || mode=RB method=sk_ac_complete solver=pyvrp stage=post_ls ls=pyvrp iter=6
2026-03-15 22:32:48 | INFO     | [POOL #00261] 40 470 1361 370 1566 37 516 412 84 340 1165 1832 906 1036 1295 867 1687 78 876 276 1270 362 175 1825 1432 773 1681 597 1444 614 1101 835 430 1824 824 1564 883 1893 || mode=RB method=sk_ac_complete solver=pyvrp stage=post_ls ls=pyvrp iter=6
2026-03-15 22:32:48 | INFO     | [POOL #00262] 1221 356 625 1243 66 226 1878 1305 54 766 1218 1208 1528 1388 1510 1055 325 1408 934 453 1813 1910 875 1403 426 18 25 1239 1924 1793 1905 613 257 141 1384 68 361 1602 529 432 1899 1292 201 656 || mode=RB method=sk_ac_complete solver=pyvrp stage=post_ls ls=pyvrp iter=6
2026-03-15 22:32:48 | INFO     | [POOL #00263] 352 1284 720 768 1795 1601 1584 82 1092 1481 1831 306 1497 1837 1907 1616 147 852 1874 1138 1234 1328 465 1901 1926 1357 1086 725 1016 793 1231 51 431 1421 1877 167 1151 1661 1551 113 963 454 1220 1241 1397 331 || mode=RB method=sk_ac_complete solver=pyvrp stage=post_ls ls=pyvrp iter=6
2026-03-15 22:32:48 | INFO     | [POOL #00264] 1195 1529 1107 1479 1705 464 806 573 1274 592 1161 559 1727 1868 1172 1332 495 1869 969 832 1402 1438 735 1759 863 1083 1219 690 479 1242 1711 1157 1460 816 1763 1370 1230 1365 1746 1593 1235 992 838 910 978 || mode=RB method=sk_ac_complete solver=pyvrp stage=post_ls ls=pyvrp iter=6
2026-03-15 22:32:48 | INFO     | [POOL #00265] 961 948 1582 109 1075 1373 137 1025 523 1335 968 1626 999 648 411 1830 1259 627 1647 647 20 856 161 1324 639 698 1696 1672 19 1505 672 665 1812 1118 1857 1871 1419 946 245 1744 7 1254 252 312 582 158 || mode=RB method=sk_ac_complete solver=pyvrp stage=post_ls ls=pyvrp iter=6
2026-03-15 22:32:48 | INFO     | [POOL #00266] 654 834 259 663 982 1449 1898 374 732 1809 1246 1116 287 1731 822 200 600 223 1163 1714 1572 1701 204 1611 1276 1073 488 926 1447 492 547 275 994 207 1876 1757 1005 1207 1074 || mode=RB method=sk_ac_complete solver=pyvrp stage=post_ls ls=pyvrp iter=6
2026-03-15 22:32:48 | INFO     | [POOL #00267] 1569 1104 1353 284 1805 634 675 1483 1129 26 148 46 418 884 1765 1158 652 191 504 1715 11 935 1725 476 485 1303 1033 674 1257 309 1268 1860 1298 1451 263 785 823 1022 1718 || mode=RB method=sk_ac_complete solver=pyvrp stage=post_ls ls=pyvrp iter=6
2026-03-15 22:32:48 | INFO     | [POOL #00268] 532 216 805 1859 1187 314 1890 1816 334 630 1271 821 1642 1549 439 1489 1196 1179 621 1896 1181 213 1675 1206 1653 1597 945 1089 651 820 580 104 668 1571 1700 1844 1260 602 || mode=RB method=sk_ac_complete solver=pyvrp stage=post_ls ls=pyvrp iter=6
2026-03-15 22:32:48 | INFO     | [POOL #00269] 1758 17 890 1437 1034 1486 1459 24 1194 811 1892 1716 681 212 274 376 841 338 462 71 458 214 511 224 1135 970 232 126 280 1463 1082 819 273 389 1079 1920 1375 1322 478 1210 487 1069 1660 1427 722 909 || mode=RB method=sk_ac_complete solver=pyvrp stage=post_ls ls=pyvrp iter=6
2026-03-15 22:32:48 | INFO     | [POOL #00270] 1894 12 1431 1076 335 1134 1499 987 1300 1518 1198 854 1929 1061 554 1598 566 393 795 703 891 305 247 1849 1548 206 55 1839 1501 842 456 1537 1464 1144 893 199 1858 1062 1128 1585 98 646 1659 1469 1913 526 96 136 1106 1192 || mode=RB method=sk_ac_complete solver=pyvrp stage=post_ls ls=pyvrp iter=6
2026-03-15 22:32:48 | INFO     | [POOL #00271] 722 1437 1034 1694 1762 297 1486 1459 1534 1578 1044 1781 390 854 1598 554 1929 1061 212 274 376 841 338 462 71 458 214 703 795 393 566 1198 1518 1760 1300 987 1499 1134 335 382 1431 12 1894 748 1054 || mode=SCP method=gurobi_mip solver=UNKNOWN stage=scp_post_ls ls=N/A iter=6
2026-03-15 22:32:48 | INFO     | [POOL #00272] 1620 155 324 846 1736 103 1312 990 1906 1485 714 1113 193 1200 307 1737 1224 1766 980 562 1122 1177 428 641 1568 398 1690 1730 947 295 918 1378 1028 || mode=RB method=sk_kmeans solver=filo1 stage=post_ls ls=pyvrp iter=7
2026-03-15 22:32:48 | INFO     | [POOL #00273] 1439 1215 1770 115 387 1554 481 303 80 940 650 260 3 1450 178 1512 1121 1170 1372 687 1670 569 414 130 1137 75 952 1581 1468 682 1840 1063 35 669 112 1131 157 421 322 1466 222 1032 966 || mode=RB method=sk_kmeans solver=filo1 stage=post_ls ls=pyvrp iter=7
2026-03-15 22:32:48 | INFO     | [POOL #00274] 812 1745 1811 1589 538 5 1619 1462 111 344 107 301 1330 799 611 401 1752 1146 1252 1927 1722 1576 461 283 939 1513 1341 739 951 44 1903 1296 122 446 843 1398 29 400 601 1767 986 595 1900 || mode=RB method=sk_kmeans solver=filo1 stage=post_ls ls=pyvrp iter=7
2026-03-15 22:32:48 | INFO     | [POOL #00275] 4 1154 788 1514 1621 903 1882 1643 528 1679 607 87 30 1143 958 533 138 353 711 67 954 182 530 300 807 1202 1293 534 386 632 192 921 285 1555 1669 1205 745 792 230 513 1658 1145 507 1423 || mode=RB method=sk_kmeans solver=filo1 stage=post_ls ls=pyvrp iter=7
2026-03-15 22:32:48 | INFO     | [POOL #00276] 932 326 1654 1108 62 1348 959 120 908 1808 1448 1500 774 840 234 1472 1873 383 468 862 1203 422 242 127 1523 1918 1040 965 1749 484 1511 850 221 1864 || mode=RB method=sk_kmeans solver=filo1 stage=post_ls ls=pyvrp iter=7
2026-03-15 22:32:48 | INFO     | [POOL #00277] 1699 1933 172 1617 91 1379 1168 710 1863 1677 1709 294 1683 1475 1304 1003 152 1401 1301 1919 286 1649 355 406 449 747 914 1553 202 302 343 140 375 118 1834 1842 1026 719 251 150 535 1352 || mode=RB method=sk_kmeans solver=filo1 stage=post_ls ls=pyvrp iter=7
2026-03-15 22:32:48 | INFO     | [POOL #00278] 196 1409 828 563 195 716 624 187 1178 977 1349 1251 1197 1577 1306 347 499 738 455 146 89 1889 1458 1823 622 1189 210 236 6 591 1530 1355 1416 154 1426 1190 94 660 227 448 246 || mode=RB method=sk_kmeans solver=filo1 stage=post_ls ls=pyvrp iter=7
2026-03-15 22:32:48 | INFO     | [POOL #00279] 447 1748 1520 839 858 10 1853 640 317 830 971 1350 1237 900 827 438 1272 653 366 256 557 1294 1214 250 1751 635 1723 321 220 848 781 179 1562 1050 1790 48 869 522 1657 1881 1507 181 924 729 1280 552 642 1123 721 395 1666 || mode=RB method=sk_kmeans solver=filo1 stage=post_ls ls=pyvrp iter=7
2026-03-15 22:32:48 | INFO     | [POOL #00280] 1217 1738 1786 219 440 837 1323 976 88 357 629 1139 424 102 756 930 677 144 1347 15 1639 626 86 1111 116 441 861 887 323 617 1784 857 1340 1171 433 313 233 517 1164 397 243 || mode=RB method=sk_kmeans solver=filo1 stage=post_ls ls=pyvrp iter=7
2026-03-15 22:32:48 | INFO     | [POOL #00281] 1363 1524 253 368 780 1820 1866 1692 169 1728 1552 1291 1176 1096 1015 1930 467 771 1213 1888 1494 1465 1030 1283 1848 1630 777 943 1771 1052 1338 1671 56 466 645 || mode=RB method=sk_kmeans solver=filo1 stage=post_ls ls=pyvrp iter=7
2026-03-15 22:32:48 | INFO     | [POOL #00282] 333 1035 877 936 1778 1724 1020 1719 354 560 1433 810 853 160 1827 873 1856 545 606 1286 1865 724 744 1279 1819 1095 1917 1223 1663 1346 1787 817 240 864 1632 558 896 1371 482 1258 391 1740 1410 121 || mode=RB method=sk_kmeans solver=filo1 stage=post_ls ls=pyvrp iter=7
2026-03-15 22:32:48 | INFO     | [POOL #00283] 443 1275 384 349 897 337 1540 417 1342 1343 166 1188 1721 184 225 1697 609 594 394 1185 1226 124 1741 1684 1887 460 813 1618 1915 1105 1854 1583 1288 409 1013 1836 || mode=RB method=sk_kmeans solver=filo1 stage=post_ls ls=pyvrp iter=7
2026-03-15 22:32:48 | INFO     | [POOL #00284] 2 365 1717 1227 1773 741 911 1250 1556 396 1797 255 1622 1387 1004 510 605 1058 1835 770 1861 1097 1612 1273 399 1233 750 731 962 38 1591 1081 568 211 || mode=RB method=sk_kmeans solver=filo1 stage=post_ls ls=pyvrp iter=7
2026-03-15 22:32:48 | INFO     | [POOL #00285] 1078 590 108 866 1916 320 1339 1826 1232 1000 1644 1297 1650 1440 1791 1204 657 163 1539 1191 1604 1515 1396 1477 833 1704 1732 874 1478 776 1822 1417 110 60 814 1383 490 1290 975 740 || mode=RB method=sk_kmeans solver=filo1 stage=post_ls ls=pyvrp iter=7
2026-03-15 22:32:48 | INFO     | [POOL #00286] 688 1114 471 348 1424 1434 1517 1609 497 1014 700 981 1872 973 308 865 268 1331 73 778 1065 836 1753 494 676 33 1017 1443 176 1631 1222 1891 581 670 1645 188 279 1376 119 77 1484 683 || mode=RB method=sk_kmeans solver=filo1 stage=post_ls ls=pyvrp iter=7
2026-03-15 22:32:48 | INFO     | [POOL #00287] 847 1093 1374 1508 815 105 1385 1624 1712 || mode=RB method=sk_kmeans solver=filo1 stage=post_ls ls=pyvrp iter=7
2026-03-15 22:32:48 | INFO     | [POOL #00288] 1625 1814 588 1174 1502 1428 132 1042 1037 1664 189 1742 1610 878 292 1072 658 1048 1053 706 1019 1334 937 1125 1380 798 1141 1264 598 486 694 1160 346 1047 1311 1535 991 1756 463 241 782 1925 131 244 1446 636 802 521 1780 1182 || mode=RB method=sk_kmeans solver=filo1 stage=post_ls ls=pyvrp iter=7
2026-03-15 22:32:48 | INFO     | [POOL #00289] 139 938 341 1883 229 643 1393 228 950 718 955 1774 329 1656 964 1636 1392 1829 1667 1368 1454 919 1799 388 1038 1706 734 1142 261 194 1655 1173 728 267 1471 1870 762 1739 1637 565 1587 1720 392 21 1558 1277 || mode=RB method=sk_kmeans solver=filo1 stage=post_ls ls=pyvrp iter=7
2026-03-15 22:32:48 | INFO     | [POOL #00290] 32 1594 1307 444 1685 457 791 985 989 705 311 1750 765 1404 505 1747 855 1488 797 859 618 872 525 403 508 1267 1843 445 1364 1041 599 205 1544 1441 1381 1565 1818 427 548 542 671 689 1358 1855 1847 679 509 64 1789 408 425 || mode=RB method=sk_kmeans solver=filo1 stage=post_ls ls=pyvrp iter=7
2026-03-15 22:32:48 | INFO     | [POOL #00291] 350 697 298 1018 767 496 1278 889 1931 265 1269 1833 633 1726 1077 1815 960 53 1503 1249 493 763 1550 685 451 923 65 929 709 489 1070 1027 1386 974 1641 1596 || mode=RB method=sk_kmeans solver=filo1 stage=post_ls ls=pyvrp iter=7
2026-03-15 22:32:48 | INFO     | [POOL #00292] 1623 1266 9 898 1389 149 327 1522 616 931 203 58 1897 170 849 385 1120 473 746 1320 1240 1414 1574 1067 1238 544 979 1319 764 551 1140 129 727 1457 1133 1491 1225 752 1807 927 1862 1382 183 1442 870 || mode=RB method=sk_kmeans solver=filo1 stage=post_ls ls=pyvrp iter=7
2026-03-15 22:32:48 | INFO     | [POOL #00293] 860 174 541 1885 1691 1333 153 271 655 593 536 1603 1263 336 442 1769 1452 1743 585 1806 49 218 491 1310 435 790 519 1921 920 133 1201 1904 289 553 539 1496 1110 134 1755 70 933 || mode=RB method=sk_kmeans solver=filo1 stage=post_ls ls=pyvrp iter=7
2026-03-15 22:32:48 | INFO     | [POOL #00294] 1418 1695 437 742 944 117 1006 1547 1761 760 628 318 1094 957 1680 825 512 358 502 755 1498 500 92 942 667 1772 928 145 310 925 1281 474 1400 1563 266 1640 171 1064 1867 258 644 328 772 97 995 693 || mode=RB method=sk_kmeans solver=filo1 stage=post_ls ls=pyvrp iter=7
2026-03-15 22:32:48 | INFO     | [POOL #00295] 114 1886 649 1199 57 1002 1788 39 905 1391 892 281 1285 1579 1543 587 1356 555 678 1794 561 405 1509 277 41 378 1482 272 515 680 1686 1261 619 899 1487 851 1884 1493 1130 983 917 715 || mode=RB method=sk_kmeans solver=filo1 stage=post_ls ls=pyvrp iter=7
2026-03-15 22:32:48 | INFO     | [POOL #00296] 902 1080 1180 1810 844 881 299 1326 1702 61 380 608 1282 1068 913 13 1329 1536 248 1247 123 1216 237 415 1733 63 759 993 436 1648 1248 1148 351 988 217 801 1169 288 319 1651 695 578 364 894 || mode=RB method=sk_kmeans solver=filo1 stage=post_ls ls=pyvrp iter=7
2026-03-15 22:32:48 | INFO     | [POOL #00297] 352 1075 1373 137 82 968 411 648 999 1626 639 698 1696 1324 1672 19 1505 665 1370 1230 1365 1812 1118 1857 1871 1419 1616 1907 1837 1497 306 1831 1481 1092 1584 1601 1795 768 720 331 || mode=RB method=sk_kmeans solver=filo1 stage=post_ls ls=pyvrp iter=7
2026-03-15 22:32:48 | INFO     | [POOL #00298] 216 1005 1757 1859 1187 104 580 1890 1816 334 630 1271 821 1642 1549 439 1896 621 1489 1196 1179 232 1181 213 1675 1206 1653 1597 1089 651 820 668 1571 1700 1844 805 532 1260 || mode=RB method=sk_kmeans solver=filo1 stage=post_ls ls=pyvrp iter=7
2026-03-15 22:32:48 | INFO     | [POOL #00299] 40 1221 1525 625 1103 1243 1846 1309 603 882 1029 1305 54 1295 1036 906 1832 1673 867 1687 276 1270 997 1845 1821 1165 1878 226 340 1445 556 412 84 516 1289 757 37 1566 370 1361 470 || mode=RB method=sk_kmeans solver=filo1 stage=post_ls ls=pyvrp iter=7
2026-03-15 22:32:48 | INFO     | [POOL #00300] 1758 17 748 890 1437 1034 1694 1762 297 987 1300 1534 1578 1781 390 1044 1194 811 1892 1716 681 280 126 1463 1082 819 273 945 389 1079 1920 1375 1322 478 1210 24 487 1459 1486 1069 1660 1427 722 909 || mode=RB method=sk_kmeans solver=filo1 stage=post_ls ls=pyvrp iter=7
2026-03-15 22:32:48 | INFO     | [POOL #00301] 1284 1025 523 1335 200 600 223 1163 1647 627 1259 1830 647 20 161 856 672 573 1274 592 1161 559 1727 1868 1172 1083 1219 690 479 1242 1711 1157 1460 816 806 1763 1746 852 147 167 1151 7 1254 252 978 || mode=RB method=sk_kmeans solver=filo1 stage=post_ls ls=pyvrp iter=7
2026-03-15 22:32:48 | INFO     | [POOL #00302] 1102 1633 1049 1627 1091 775 1922 1317 1516 165 1932 1689 514 1902 1682 1519 779 416 540 1764 1850 59 1255 1527 1149 664 1071 1183 549 794 369 1713 410 579 717 1785 803 173 || mode=RB method=sk_kmeans solver=filo1 stage=post_ls ls=pyvrp iter=7
2026-03-15 22:32:48 | INFO     | [POOL #00303] 74 238 434 1395 1480 43 36 1698 949 1908 278 758 769 1336 1586 1299 1707 1567 1208 1218 1473 845 254 1119 1615 876 1287 972 342 784 1060 1504 1490 1066 1292 379 656 90 583 || mode=RB method=sk_kmeans solver=filo1 stage=post_ls ls=pyvrp iter=7
2026-03-15 22:32:48 | INFO     | [POOL #00304] 602 1074 1207 1569 1104 1353 284 1805 634 1876 675 1483 314 1129 26 148 46 418 884 1765 1158 652 191 504 1715 11 935 1725 476 485 492 547 275 994 207 1449 982 663 834 || mode=RB method=sk_kmeans solver=filo1 stage=post_ls ls=pyvrp iter=7
2026-03-15 22:32:48 | INFO     | [POOL #00305] 620 589 1708 1470 1008 800 1411 1132 901 879 1676 47 162 826 1147 404 100 1838 1127 1313 1209 1344 1652 164 27 1031 527 498 1798 1377 1115 1405 612 1817 638 1099 692 1406 1117 520 1693 28 1635 || mode=RB method=sk_kmeans solver=filo1 stage=post_ls ls=pyvrp iter=7
2026-03-15 22:32:48 | INFO     | [POOL #00306] 477 1592 531 1316 1541 1399 1211 1167 886 1570 1879 483 22 699 1588 1783 1435 1253 1367 506 1608 1159 1007 198 564 1674 1314 1229 610 1045 1775 282 686 95 1153 377 1088 42 998 1262 659 1710 1703 || mode=RB method=sk_kmeans solver=filo1 stage=post_ls ls=pyvrp iter=7
2026-03-15 22:32:48 | INFO     | [POOL #00307] 1777 726 423 371 1162 1646 1573 1828 953 1802 1851 596 1531 186 345 576 1595 615 1059 577 712 637 1875 1056 749 730 684 290 180 360 1545 1668 1351 1415 1024 1768 249 1265 1928 1394 1453 754 419 || mode=RB method=sk_kmeans solver=filo1 stage=post_ls ls=pyvrp iter=7
2026-03-15 22:32:48 | INFO     | [POOL #00308] 1542 413 575 888 1010 362 78 31 1155 1422 339 1126 996 426 1403 875 1813 1318 1152 1804 1362 934 1408 325 1055 1510 789 453 1057 702 1388 1580 1390 159 1528 574 1461 766 79 14 1315 66 45 452 || mode=RB method=sk_kmeans solver=filo1 stage=post_ls ls=pyvrp iter=7
2026-03-15 22:32:48 | INFO     | [POOL #00309] 1397 1241 1220 454 963 113 1551 1661 1744 245 946 1593 1874 1138 464 1705 465 1901 1926 1602 361 68 1923 304 1085 1605 1432 773 293 1681 597 23 1776 529 432 922 786 713 1599 372 883 1893 158 || mode=RB method=sk_kmeans solver=filo1 stage=post_ls ls=pyvrp iter=7
2026-03-15 22:32:48 | INFO     | [POOL #00310] 570 567 586 168 231 1360 1557 128 81 1100 967 315 916 83 1009 1914 691 151 1614 1801 809 1600 787 472 1354 1087 1407 524 270 359 1112 704 1754 1098 733 1184 708 1911 1039 1476 356 || mode=RB method=sk_kmeans solver=filo1 stage=post_ls ls=pyvrp iter=7
2026-03-15 22:32:48 | INFO     | [POOL #00311] 93 34 291 735 18 25 1910 1193 1001 235 550 402 1412 1607 1012 239 1532 662 737 101 156 1841 469 1337 915 106 868 215 69 1186 330 572 208 99 808 373 1467 1895 907 1521 1046 1011 1430 1560 1236 1559 707 || mode=RB method=sk_kmeans solver=filo1 stage=post_ls ls=pyvrp iter=7
2026-03-15 22:32:48 | INFO     | [POOL #00312] 1195 546 312 910 838 1529 992 1235 1107 1877 1421 431 51 1479 1234 1456 1328 1345 177 1688 761 1 793 1231 1455 135 614 1590 407 1101 835 430 518 1824 824 76 582 || mode=RB method=sk_kmeans solver=filo1 stage=post_ls ls=pyvrp iter=7
2026-03-15 22:32:48 | INFO     | [POOL #00313] 948 1582 109 1022 823 785 1731 822 287 1116 1246 1809 1714 1572 1701 204 1611 1276 1073 926 1447 488 1303 1033 674 1257 309 1268 1860 732 374 1898 1298 1451 263 259 1718 654 961 || mode=RB method=sk_kmeans solver=filo1 stage=post_ls ls=pyvrp iter=7
2026-03-15 22:32:48 | INFO     | [POOL #00314] 984 52 209 262 450 1429 1325 1124 1369 197 316 941 904 604 723 1665 1244 1613 1575 1302 1538 880 16 912 1175 1909 1023 1327 1021 1321 1782 367 673 1425 1803 475 1506 571 190 296 804 1156 || mode=RB method=sk_kmeans solver=filo1 stage=post_ls ls=pyvrp iter=7
2026-03-15 22:32:48 | INFO     | [POOL #00315] 201 381 1899 1084 701 956 8 480 1825 175 1495 1662 1533 1880 666 1492 743 363 85 584 1759 1239 1438 1402 832 969 1869 495 1332 1924 863 1793 1905 613 257 141 1384 1357 1086 1420 725 1016 1444 264 459 1564 72 || mode=RB method=sk_kmeans solver=filo1 stage=post_ls ls=pyvrp iter=7
2026-03-15 22:32:48 | INFO     | [POOL #00316] 1054 1894 12 382 335 1134 1499 1760 854 1598 554 1929 1061 212 274 376 338 462 841 970 1135 224 511 71 458 214 795 703 305 891 247 1849 1548 393 566 1198 1518 1228 143 829 1734 1628 1076 1431 429 543 1051 736 || mode=RB method=sk_kmeans solver=filo1 stage=post_ls ls=pyvrp iter=7
2026-03-15 22:32:48 | INFO     | [POOL #00317] 1596 1641 350 697 938 341 1883 229 643 228 1393 1540 417 1342 1343 166 950 718 955 1721 329 1774 1269 1392 1636 1656 964 594 609 1697 225 184 1188 1915 1618 1105 1719 1724 1778 936 877 1035 333 1620 || mode=VB method=fcm solver=filo2 stage=post_ls ls=pyvrp iter=8
2026-03-15 22:32:48 | INFO     | [POOL #00318] 155 324 846 1736 1730 103 1312 990 1906 1485 1020 714 1113 1200 307 810 853 1887 460 813 560 1433 354 1854 1583 1288 409 337 897 1013 349 1836 384 139 1275 443 || mode=VB method=fcm solver=filo2 stage=post_ls ls=pyvrp iter=8
2026-03-15 22:32:48 | INFO     | [POOL #00319] 1624 1385 105 1386 1027 1070 489 709 493 1249 1503 1550 763 451 685 53 960 1815 1077 1726 633 1833 923 65 929 889 1931 265 1278 496 767 1018 298 974 || mode=VB method=fcm solver=filo2 stage=post_ls ls=pyvrp iter=8
2026-03-15 22:32:48 | INFO     | [POOL #00320] 1277 815 1558 21 392 1720 1587 565 1637 1739 762 1870 1471 267 728 1173 1655 194 261 1142 734 1706 1038 388 1751 1799 919 1454 1368 1829 1667 557 256 366 653 394 1185 1741 1684 160 1737 193 1690 947 1378 1028 243 || mode=VB method=fcm solver=filo2 stage=post_ls ls=pyvrp iter=8
2026-03-15 22:32:48 | INFO     | [POOL #00321] 158 582 1893 1564 459 372 1599 713 786 1084 922 432 956 8 529 1776 23 597 1681 293 773 1432 1825 175 480 342 784 1060 1504 1490 1066 1292 201 379 656 90 583 || mode=VB method=fcm solver=filo2 stage=post_ls ls=pyvrp iter=8
2026-03-15 22:32:48 | INFO     | [POOL #00322] 570 28 984 586 168 231 1099 638 1817 1405 1798 498 527 1031 27 164 1652 1838 826 1147 162 47 1676 879 901 1132 1411 1011 1430 1783 1588 699 22 483 1519 1682 1902 514 1689 1088 165 998 1049 1633 || mode=VB method=fcm solver=filo2 stage=post_ls ls=pyvrp iter=8
2026-03-15 22:32:48 | INFO     | [POOL #00323] 1102 1703 1713 410 369 1183 1071 664 1149 1527 1255 59 1850 1764 416 540 686 282 1775 1045 610 1229 1314 290 180 360 1545 1668 1351 1415 1024 549 794 579 717 1785 803 173 || mode=VB method=fcm solver=filo2 stage=post_ls ls=pyvrp iter=8
2026-03-15 22:32:48 | INFO     | [POOL #00324] 1399 1167 1008 1560 800 1046 1521 907 1895 1467 808 99 69 215 868 106 915 1337 469 1841 156 101 737 1532 662 1575 1613 1244 1665 723 604 904 941 316 197 151 691 1914 1009 83 916 359 1112 704 1156 || mode=VB method=fcm solver=filo2 stage=post_ls ls=pyvrp iter=8
2026-03-15 22:32:48 | INFO     | [POOL #00325] 72 1195 546 312 910 838 1529 992 1107 1235 1421 431 51 1479 1234 1456 1328 1345 177 1357 761 1 1688 793 1231 1455 135 614 1590 407 1101 835 430 518 1824 824 76 || mode=VB method=fcm solver=filo2 stage=post_ls ls=pyvrp iter=8
2026-03-15 22:32:48 | INFO     | [POOL #00326] 45 1315 14 79 1908 1707 1567 1390 190 571 1506 475 1803 1425 673 472 787 1600 809 1801 1614 1369 1186 330 572 208 1124 1325 1429 450 1127 1313 1209 1344 100 404 262 209 52 1377 1115 612 692 1406 1117 520 1693 1559 || mode=VB method=fcm solver=filo2 stage=post_ls ls=pyvrp iter=8
2026-03-15 22:32:48 | INFO     | [POOL #00327] 1284 1075 1025 523 1335 968 1626 20 856 161 1672 19 1505 672 665 573 1274 592 1161 559 1727 1868 1172 1083 1219 690 479 1242 1711 1157 1460 816 806 1763 1746 1593 167 1151 7 1254 252 978 || mode=VB method=fcm solver=filo2 stage=post_ls ls=pyvrp iter=8
2026-03-15 22:32:48 | INFO     | [POOL #00328] 66 226 1878 1165 766 1461 1218 1208 574 1528 159 1580 1388 789 325 1055 1510 367 1782 1321 1021 1327 1152 1804 1362 1408 934 453 1057 702 1126 845 1473 254 1119 1615 867 1673 340 84 37 1542 || mode=VB method=fcm solver=filo2 stage=post_ls ls=pyvrp iter=8
2026-03-15 22:32:48 | INFO     | [POOL #00329] 477 707 1592 1091 775 620 589 1708 1470 1236 1211 1777 1541 1316 531 1516 1317 1922 659 1710 249 1768 1265 1928 1394 1453 754 419 1374 1093 1508 1712 847 || mode=VB method=fcm solver=filo2 stage=post_ls ls=pyvrp iter=8
2026-03-15 22:32:48 | INFO     | [POOL #00330] 381 1899 701 972 1495 1662 34 1422 291 584 85 735 18 25 1910 1193 1001 235 550 402 1412 1607 1012 239 1302 1538 880 16 912 1175 1909 1023 1318 1813 875 1403 426 996 339 1155 93 31 78 1010 575 413 || mode=VB method=fcm solver=filo2 stage=post_ls ls=pyvrp iter=8
2026-03-15 22:32:48 | INFO     | [POOL #00331] 961 654 834 1718 259 263 1451 1298 1898 374 732 1276 1611 204 1701 1572 1714 1809 1116 287 1246 600 223 1163 1647 627 1259 1830 647 999 648 411 200 822 1731 785 823 1022 109 1582 948 || mode=VB method=fcm solver=filo2 stage=post_ls ls=pyvrp iter=8
2026-03-15 22:32:48 | INFO     | [POOL #00332] 1627 1932 726 423 886 1570 1879 371 1162 1646 1573 1828 953 1802 373 1851 596 1531 186 345 576 1595 615 1059 577 712 637 1875 1056 749 730 684 198 1674 564 1007 1159 1608 506 1367 1253 1435 779 95 1153 377 42 1262 || mode=VB method=fcm solver=filo2 stage=post_ls ls=pyvrp iter=8
2026-03-15 22:32:48 | INFO     | [POOL #00333] 356 74 708 238 434 1395 1480 43 36 1698 949 278 758 769 1336 1586 1299 804 296 1407 1354 1087 524 270 315 967 1100 81 128 1557 1360 1754 1098 733 1184 567 1911 1039 1476 1635 || mode=VB method=fcm solver=filo2 stage=post_ls ls=pyvrp iter=8
2026-03-15 22:32:48 | INFO     | [POOL #00334] 40 1221 452 1525 625 1103 1243 1846 1309 603 882 1029 1305 54 1295 1036 906 1832 1821 1845 997 1270 1687 876 276 362 1287 888 1445 556 412 516 1289 757 1566 370 1361 470 || mode=VB method=fcm solver=filo2 stage=post_ls ls=pyvrp iter=8
2026-03-15 22:32:48 | INFO     | [POOL #00335] 331 1397 1241 1220 454 963 113 1551 1661 1744 245 946 1497 306 1837 1907 1616 147 852 1365 1370 1230 1812 1118 1857 1871 1419 1696 1324 639 698 1831 1481 1092 1584 82 137 1373 1601 1795 768 720 352 || mode=VB method=fcm solver=filo2 stage=post_ls ls=pyvrp iter=8
2026-03-15 22:32:48 | INFO     | [POOL #00336] 1877 1874 1138 464 1705 465 1901 1926 1602 361 68 1384 141 257 613 1905 1793 863 1924 1332 495 1869 969 832 1402 1438 1239 1759 363 743 1492 666 1533 1880 1923 304 1085 1605 1420 1086 725 1016 1444 264 883 || mode=VB method=fcm solver=filo2 stage=post_ls ls=pyvrp iter=8
2026-03-15 22:32:48 | INFO     | [POOL #00337] 447 839 858 896 1632 864 240 817 1787 1346 1663 1223 1917 1095 971 1350 1237 900 827 438 1272 1294 1214 250 635 1723 321 220 848 781 179 1562 1790 48 869 522 1657 1881 1507 181 729 1280 552 1123 348 721 395 || mode=VB method=fcm solver=filo2 stage=post_ls ls=pyvrp iter=8
2026-03-15 22:32:48 | INFO     | [POOL #00338] 121 1738 1786 219 1520 440 837 1323 1171 1340 857 1784 976 88 357 629 1139 424 102 756 930 677 144 1347 15 1639 626 86 1111 116 441 861 887 323 617 641 433 313 233 517 1748 397 || mode=VB method=fcm solver=filo2 stage=post_ls ls=pyvrp iter=8
2026-03-15 22:32:48 | INFO     | [POOL #00339] 1466 322 421 157 112 1131 642 1424 1434 1517 1609 497 1014 700 981 1872 973 308 865 268 1331 73 778 1050 1065 836 1753 494 676 33 1017 1443 176 1631 1222 1891 581 670 188 279 1376 119 77 || mode=VB method=fcm solver=filo2 stage=post_ls ls=pyvrp iter=8
2026-03-15 22:32:48 | INFO     | [POOL #00340] 471 1645 538 5 1619 1462 111 344 107 301 1330 799 611 401 1752 1146 1252 1927 1722 1576 461 283 939 1513 1341 739 951 44 1903 1296 122 446 843 1398 29 400 601 1767 986 1589 1811 595 1900 || mode=VB method=fcm solver=filo2 stage=post_ls ls=pyvrp iter=8
2026-03-15 22:32:48 | INFO     | [POOL #00341] 1217 1410 1740 391 1258 482 1371 558 10 1853 640 317 830 1819 1279 744 724 1865 1226 124 1286 606 545 1856 873 1827 1766 1224 980 562 1122 1177 428 1568 398 295 918 1164 || mode=VB method=fcm solver=filo2 stage=post_ls ls=pyvrp iter=8
2026-03-15 22:32:48 | INFO     | [POOL #00342] 1245 332 783 885 871 269 1106 136 661 1606 753 895 1796 1308 1800 1043 1150 696 1678 1526 1546 1136 1359 1852 623 631 751 1634 503 1436 50 1192 || mode=VB method=fcm solver=filo2 stage=post_ls ls=pyvrp iter=8
2026-03-15 22:32:48 | INFO     | [POOL #00343] 1353 284 1805 634 1876 675 275 547 492 1158 652 191 504 1715 11 935 1725 476 485 1447 926 1073 488 1303 1033 674 1257 309 1268 1860 994 207 1449 982 663 1104 1569 || mode=VB method=fcm solver=filo2 stage=post_ls ls=pyvrp iter=8
2026-03-15 22:32:48 | INFO     | [POOL #00344] 1844 487 24 1210 478 1322 1375 1920 1079 651 820 389 273 945 819 1082 1463 213 1181 232 126 280 681 1716 1892 811 1194 1044 390 1781 1578 1534 1459 1486 1069 1034 1660 1427 || mode=VB method=fcm solver=filo2 stage=post_ls ls=pyvrp iter=8
2026-03-15 22:32:48 | INFO     | [POOL #00345] 1074 1207 216 1005 1757 1859 1187 314 1483 1129 26 148 46 1765 884 418 334 630 1271 821 1642 1549 439 1489 1196 1179 621 1896 1675 1206 1653 1597 1089 1816 1890 580 104 668 1571 1700 805 532 1260 || mode=VB method=fcm solver=filo2 stage=post_ls ls=pyvrp iter=8
2026-03-15 22:32:48 | INFO     | [POOL #00346] 1758 722 1437 1694 1762 297 987 1300 1760 854 1598 554 1929 1061 212 274 376 338 462 841 970 1135 224 511 71 458 214 795 703 305 891 247 1849 1548 393 566 1198 1518 1228 143 829 1734 1628 1499 1134 335 382 17 || mode=VB method=fcm solver=filo2 stage=post_ls ls=pyvrp iter=8
2026-03-15 22:32:48 | INFO     | [POOL #00347] 4 1154 788 1658 513 230 792 745 1205 1669 1555 285 991 1535 632 386 534 1293 1202 807 300 530 182 706 1019 1048 1053 67 954 711 353 138 533 958 1143 30 87 192 921 607 1679 528 1643 1882 903 1621 1514 995 693 || mode=VB method=fcm solver=filo2 stage=post_ls ls=pyvrp iter=8
2026-03-15 22:32:48 | INFO     | [POOL #00348] 1423 1215 507 1145 1182 1780 521 802 636 1446 244 131 1925 782 241 463 1756 260 3 1450 1512 178 1372 1170 1121 80 940 650 303 481 1840 1554 387 115 1770 1439 || mode=VB method=fcm solver=filo2 stage=post_ls ls=pyvrp iter=8
2026-03-15 22:32:48 | INFO     | [POOL #00349] 660 94 154 1416 1355 1478 874 1732 1704 1477 833 455 146 1068 913 13 1329 1536 248 1247 123 1216 237 415 1733 63 759 993 436 1648 942 1248 1148 351 957 1094 318 628 760 1761 1180 1080 902 828 1409 || mode=VB method=fcm solver=filo2 stage=post_ls ls=pyvrp iter=8
2026-03-15 22:32:48 | INFO     | [POOL #00350] 1886 649 1199 1002 1814 1788 39 905 1391 892 1285 1579 281 899 1487 851 1884 1493 1130 364 983 1418 894 114 222 1032 1666 1114 1484 1745 683 688 812 966 || mode=VB method=fcm solver=filo2 stage=post_ls ls=pyvrp iter=8
2026-03-15 22:32:48 | INFO     | [POOL #00351] 578 695 1651 319 288 1169 619 1261 1356 1543 587 678 561 132 1042 1037 1664 189 1742 1610 878 292 1072 658 1334 937 1125 1380 798 1141 1264 598 486 694 1160 346 1047 1311 687 1670 569 414 130 1137 75 952 1581 1468 682 924 1063 35 669 || mode=VB method=fcm solver=filo2 stage=post_ls ls=pyvrp iter=8
2026-03-15 22:32:48 | INFO     | [POOL #00352] 866 1339 1000 1232 1644 1297 1650 1440 797 1267 508 403 525 872 618 859 591 6 236 210 1189 622 1823 1458 1889 89 1396 1515 1530 1604 1191 1539 163 657 1204 1791 1426 1190 || mode=VB method=fcm solver=filo2 stage=post_ls ls=pyvrp iter=8
2026-03-15 22:32:48 | INFO     | [POOL #00353] 975 1290 490 1383 814 60 110 1417 1349 1822 776 1577 1306 347 738 499 61 1702 380 608 1282 1498 755 502 358 500 92 512 825 1680 299 1326 881 1197 1251 844 1810 977 1178 187 624 716 195 563 || mode=VB method=fcm solver=filo2 stage=post_ls ls=pyvrp iter=8
2026-03-15 22:32:48 | INFO     | [POOL #00354] 1625 57 97 772 328 644 588 258 1867 1064 1174 1502 171 1640 266 1563 1400 1428 1794 474 1281 925 310 145 928 1772 667 378 41 277 1509 405 1482 272 515 555 680 1686 988 217 801 1547 1006 117 944 742 437 1695 917 || mode=VB method=fcm solver=filo2 stage=post_ls ls=pyvrp iter=8
2026-03-15 22:32:48 | INFO     | [POOL #00355] 425 1797 255 1622 510 605 509 679 1847 1855 1358 790 427 548 1818 1565 1457 727 129 1140 551 764 1319 979 544 1491 1133 1743 1769 442 1807 927 355 1649 152 1919 1301 1401 234 1472 1203 422 172 1933 || mode=VB method=fcm solver=filo2 stage=post_ls ls=pyvrp iter=8
2026-03-15 22:32:48 | INFO     | [POOL #00356] 932 326 1654 1108 1040 1918 1523 1617 91 1379 710 1863 1691 1333 1677 1709 294 1683 1475 1304 271 655 1861 770 1835 1058 1097 1612 1273 153 399 1233 750 731 962 38 1591 1081 568 211 || mode=VB method=fcm solver=filo2 stage=post_ls ls=pyvrp iter=8
2026-03-15 22:32:48 | INFO     | [POOL #00357] 1717 1227 1363 1524 253 32 1594 444 1307 368 780 1820 1866 1692 169 1338 1496 539 553 289 64 1004 1387 1789 408 1755 396 1556 1250 911 741 645 365 2 || mode=VB method=fcm solver=filo2 stage=post_ls ls=pyvrp iter=8
2026-03-15 22:32:48 | INFO     | [POOL #00358] 933 70 134 1110 1904 777 1630 1201 133 920 689 1921 519 542 671 1848 1888 1494 1465 1030 1283 1381 1441 1544 205 599 1041 1364 445 1843 1213 1015 1771 943 1052 1671 56 466 1773 || mode=VB method=fcm solver=filo2 stage=post_ls ls=pyvrp iter=8
2026-03-15 22:32:48 | INFO     | [POOL #00359] 1078 590 108 1916 320 1685 457 1728 1291 1176 1096 1552 1930 771 467 505 1747 855 1488 1404 765 1750 311 705 989 985 791 1826 227 448 246 740 196 715 || mode=VB method=fcm solver=filo2 stage=post_ls ls=pyvrp iter=8
2026-03-15 22:32:48 | INFO     | [POOL #00360] 1864 221 850 1511 484 1749 965 62 1348 959 120 908 1026 1842 1834 118 1561 1109 831 1638 1735 537 1792 1912 150 1629 535 1352 || mode=VB method=fcm solver=filo2 stage=post_ls ls=pyvrp iter=8
2026-03-15 22:32:48 | INFO     | [POOL #00361] 602 909 890 736 1051 543 429 1659 646 98 1585 1128 1413 501 1366 420 893 1144 1464 1537 456 842 1501 1839 55 206 1212 818 1166 142 125 199 1858 1062 1256 796 1076 1431 12 1894 748 1054 || mode=VB method=fcm solver=filo2 stage=post_ls ls=pyvrp iter=8
2026-03-15 22:32:48 | INFO     | [POOL #00362] 96 526 1913 1469 1474 185 1729 1090 1779 385 1120 473 746 1320 1240 1414 1574 1067 1238 849 170 1897 58 203 931 616 1522 327 149 449 747 914 1553 202 302 343 140 375 719 251 || mode=VB method=fcm solver=filo2 stage=post_ls ls=pyvrp iter=8
2026-03-15 22:32:48 | INFO     | [POOL #00363] 1699 127 242 1623 1808 1448 840 1500 774 1266 9 898 286 406 1389 752 1225 1452 585 1806 218 49 435 1310 491 336 1263 1603 536 593 1862 1003 1382 1873 383 183 468 862 1442 1168 1885 541 870 174 860 || mode=VB method=fcm solver=filo2 stage=post_ls ls=pyvrp iter=8
2026-03-15 22:32:48 | INFO     | [POOL #00364] 932 326 1654 1108 62 959 120 908 1026 1842 719 1834 118 375 140 1266 9 898 1301 1919 286 406 449 747 914 1553 202 343 302 1561 1109 831 1735 1792 251 150 1629 || mode=VB method=sk_ac_min solver=filo1 stage=post_ls ls=pyvrp iter=9
2026-03-15 22:32:48 | INFO     | [POOL #00365] 211 568 1081 1591 38 962 731 750 1233 399 153 1273 1612 1097 1861 770 1835 1058 605 510 1004 1387 1789 408 134 1755 396 1556 1250 911 70 933 741 1773 1717 645 365 2 715 || mode=VB method=sk_ac_min solver=filo1 stage=post_ls ls=pyvrp iter=9
2026-03-15 22:32:48 | INFO     | [POOL #00366] 1078 246 448 660 94 1190 1426 490 1383 814 60 110 1417 1822 776 1577 1306 347 738 499 61 608 1282 1498 755 380 1702 1326 299 881 1197 1251 844 1810 1180 1080 902 563 828 1409 196 || mode=VB method=sk_ac_min solver=filo1 stage=post_ls ls=pyvrp iter=9
2026-03-15 22:32:48 | INFO     | [POOL #00367] 158 582 1893 1564 459 372 1599 713 786 1084 922 432 701 956 8 529 1776 23 597 1681 293 773 1432 1825 175 480 342 784 1060 1504 1490 1899 1066 381 1292 201 379 656 90 583 || mode=VB method=sk_ac_min solver=filo1 stage=post_ls ls=pyvrp iter=9
2026-03-15 22:32:48 | INFO     | [POOL #00368] 352 1284 1075 1601 1584 82 968 1092 1481 1831 1419 1871 1857 1230 1370 816 559 1161 1727 1868 592 1274 573 672 1505 856 161 20 647 1830 1259 627 1647 1163 223 600 200 822 1731 785 823 1022 109 1582 948 || mode=VB method=sk_ac_min solver=filo1 stage=post_ls ls=pyvrp iter=9
2026-03-15 22:32:48 | INFO     | [POOL #00369] 477 707 1559 1708 1470 1236 1008 1560 1430 1011 800 1411 1132 1046 901 879 1676 47 162 1147 826 1127 1313 1209 1344 1652 164 27 1031 498 1798 1377 1115 1405 612 1817 638 1099 231 168 586 1693 28 570 || mode=VB method=sk_ac_min solver=filo1 stage=post_ls ls=pyvrp iter=9
2026-03-15 22:32:48 | INFO     | [POOL #00370] 1207 1353 284 1805 634 1876 675 275 547 492 485 488 1073 926 1447 476 1725 935 11 1715 504 191 652 1158 1765 884 418 46 148 26 1129 1483 314 1187 1859 1757 1005 216 532 || mode=VB method=sk_ac_min solver=filo1 stage=post_ls ls=pyvrp iter=9
2026-03-15 22:32:48 | INFO     | [POOL #00371] 1363 1524 253 368 780 1820 1866 1692 169 1338 1052 1771 943 777 1630 1848 1283 1030 1465 1494 1888 1213 771 467 1930 1015 1096 1176 1291 1552 1728 457 1685 444 1307 32 || mode=VB method=sk_ac_min solver=filo1 stage=post_ls ls=pyvrp iter=9
2026-03-15 22:32:48 | INFO     | [POOL #00372] 128 81 1100 967 315 270 524 916 1009 787 1600 809 1801 197 316 941 904 604 723 1302 1538 880 16 912 1175 1412 402 550 235 1909 1023 1001 1193 1910 25 291 1662 1495 972 1010 575 413 1542 || mode=VB method=sk_ac_min solver=filo1 stage=post_ls ls=pyvrp iter=9
2026-03-15 22:32:48 | INFO     | [POOL #00373] 909 1844 487 24 1210 478 1322 1375 1920 1079 651 820 389 945 1089 1597 1653 1206 1675 213 1181 1463 1082 819 273 681 1716 1892 811 1194 1044 1578 1534 1459 1486 1069 1660 1427 722 1758 || mode=VB method=sk_ac_min solver=filo1 stage=post_ls ls=pyvrp iter=9
2026-03-15 22:32:48 | INFO     | [POOL #00374] 195 716 624 187 1178 977 1349 1478 874 1732 1704 833 1477 455 146 1068 913 13 1329 1536 248 1247 123 1216 237 415 1733 63 759 993 436 1648 1248 1148 351 988 217 801 1547 1169 319 1651 695 578 1130 364 983 1418 || mode=VB method=sk_ac_min solver=filo1 stage=post_ls ls=pyvrp iter=9
2026-03-15 22:32:48 | INFO     | [POOL #00375] 72 1195 546 252 312 910 838 1529 992 1107 1235 1421 431 51 1479 1234 1456 1328 1345 177 1688 761 1 793 1231 1455 135 614 1590 407 1101 835 430 518 1824 824 76 || mode=VB method=sk_ac_min solver=filo1 stage=post_ls ls=pyvrp iter=9
2026-03-15 22:32:48 | INFO     | [POOL #00376] 447 1786 1740 391 1258 482 1632 864 240 817 1853 640 317 830 1095 1917 1223 1346 1663 461 1576 283 939 1513 1341 739 1787 1903 44 951 1296 122 446 843 1398 29 400 601 1767 986 1410 1738 1217 || mode=VB method=sk_ac_min solver=filo1 stage=post_ls ls=pyvrp iter=9
2026-03-15 22:32:48 | INFO     | [POOL #00377] 1352 535 1912 50 1436 503 1634 751 1606 753 895 1796 1308 1800 1150 696 1546 1678 1474 185 1469 429 543 1051 96 736 136 1106 269 871 885 783 332 1245 || mode=VB method=sk_ac_min solver=filo1 stage=post_ls ls=pyvrp iter=9
2026-03-15 22:32:48 | INFO     | [POOL #00378] 860 174 870 183 1382 1003 1862 536 927 1807 752 1225 442 1769 1452 218 49 1806 585 1743 1491 1133 1457 727 129 1140 551 764 1319 979 544 1238 203 931 616 1522 327 149 1389 355 1649 152 1401 1623 1348 || mode=VB method=sk_ac_min solver=filo1 stage=post_ls ls=pyvrp iter=9
2026-03-15 22:32:48 | INFO     | [POOL #00379] 590 108 866 1339 227 1000 1232 1644 1297 1650 1440 1791 1204 657 163 1539 1191 1604 1515 1530 591 6 236 210 1189 622 1823 1458 1889 89 1396 1355 1416 154 1290 975 740 || mode=VB method=sk_ac_min solver=filo1 stage=post_ls ls=pyvrp iter=9
2026-03-15 22:32:48 | INFO     | [POOL #00380] 805 1700 1571 668 104 580 1890 1816 334 630 1271 821 1642 1549 439 1896 621 1489 1196 1179 232 126 280 376 274 212 1061 1929 554 1598 854 390 1781 1760 1300 987 297 1762 1694 1034 1437 890 17 || mode=VB method=sk_ac_min solver=filo1 stage=post_ls ls=pyvrp iter=9
2026-03-15 22:32:48 | INFO     | [POOL #00381] 1423 1215 1770 115 1182 507 1145 1658 513 230 792 745 1205 1669 1555 285 921 192 632 386 534 1293 1202 807 300 530 182 954 67 711 87 30 1143 607 1679 528 1643 1882 903 1621 1514 97 995 693 || mode=VB method=sk_ac_min solver=filo1 stage=post_ls ls=pyvrp iter=9
2026-03-15 22:32:48 | INFO     | [POOL #00382] 894 1493 1884 851 1487 899 281 1579 1356 555 515 272 378 41 145 928 1772 667 942 92 500 502 358 512 825 1680 957 1094 318 628 760 1761 1006 117 944 742 437 1695 917 || mode=VB method=sk_ac_min solver=filo1 stage=post_ls ls=pyvrp iter=9
2026-03-15 22:32:48 | INFO     | [POOL #00383] 1624 1385 974 298 1018 767 496 709 929 65 923 1833 633 1726 1077 1815 960 53 685 451 763 1550 1503 493 1249 565 1928 1394 1453 754 419 173 847 || mode=VB method=sk_ac_min solver=filo1 stage=post_ls ls=pyvrp iter=9
2026-03-15 22:32:48 | INFO     | [POOL #00384] 1596 1641 350 697 938 341 1883 229 1393 228 643 1278 889 1931 265 1269 1392 1636 1829 1667 1368 1454 919 1799 388 1038 1706 734 1142 261 1655 194 1173 728 267 1471 1870 762 1739 1637 1587 1720 1374 || mode=VB method=sk_ac_min solver=filo1 stage=post_ls ls=pyvrp iter=9
2026-03-15 22:32:48 | INFO     | [POOL #00385] 1397 1220 454 963 113 1551 1661 1744 245 946 1497 306 1837 1907 1616 147 852 1365 1118 1812 665 19 1672 1324 1696 698 639 1626 999 648 411 1335 523 1025 137 1373 1795 768 720 1241 331 || mode=VB method=sk_ac_min solver=filo1 stage=post_ls ls=pyvrp iter=9
2026-03-15 22:32:48 | INFO     | [POOL #00386] 333 936 1778 1724 714 1113 1887 1684 1741 124 1226 1185 394 653 366 256 557 1294 1272 438 827 900 1237 1350 971 744 1819 1279 724 1865 1286 606 545 1856 873 1827 980 562 1122 641 433 1378 155 || mode=VB method=sk_ac_min solver=filo1 stage=post_ls ls=pyvrp iter=9
2026-03-15 22:32:48 | INFO     | [POOL #00387] 1035 877 1836 1013 409 1288 1583 1854 1105 1915 1618 813 460 1697 609 594 964 1656 329 1774 955 1721 225 184 1188 718 950 166 1343 1342 417 1540 337 897 349 384 139 1275 443 || mode=VB method=sk_ac_min solver=filo1 stage=post_ls ls=pyvrp iter=9
2026-03-15 22:32:48 | INFO     | [POOL #00388] 121 1900 595 1811 1589 538 5 1619 1462 111 344 301 1330 799 611 401 1752 1146 1252 1927 1722 1214 250 1751 635 1723 321 220 848 781 179 1562 1050 1065 836 1753 1017 107 1891 581 1645 119 77 1484 1745 683 || mode=VB method=sk_ac_min solver=filo1 stage=post_ls ls=pyvrp iter=9
2026-03-15 22:32:48 | INFO     | [POOL #00389] 661 526 1913 1659 646 98 1585 1128 1076 1256 796 1212 818 206 55 247 1849 1548 891 305 511 224 1135 970 841 338 462 71 458 214 703 795 393 566 1198 1518 1228 143 829 1734 1628 1499 1134 335 382 1431 12 1894 748 1054 || mode=VB method=sk_ac_min solver=filo1 stage=post_ls ls=pyvrp iter=9
2026-03-15 22:32:48 | INFO     | [POOL #00390] 978 7 1151 167 1593 1746 1763 806 1460 1157 1711 1242 479 690 1219 1083 1172 1332 495 1869 969 832 1402 1438 1239 1924 863 1793 1905 613 257 141 1384 68 361 1602 1926 1901 465 1705 464 1138 1874 1877 1254 || mode=VB method=sk_ac_min solver=filo1 stage=post_ls ls=pyvrp iter=9
2026-03-15 22:32:48 | INFO     | [POOL #00391] 1633 1049 1627 1091 775 1922 1317 1516 531 1316 1541 1777 1932 1689 514 1902 1682 1519 1153 95 779 416 540 1764 1850 1255 1527 1071 1183 369 410 1713 1710 1703 1102 || mode=VB method=sk_ac_min solver=filo1 stage=post_ls ls=pyvrp iter=9
2026-03-15 22:32:48 | INFO     | [POOL #00392] 1620 324 846 1736 103 1312 990 1906 1485 1020 1719 354 560 1433 810 853 160 1766 1224 1737 307 1200 193 1177 428 1568 398 1690 1730 947 295 918 1028 243 || mode=VB method=sk_ac_min solver=filo1 stage=post_ls ls=pyvrp iter=9
2026-03-15 22:32:48 | INFO     | [POOL #00393] 966 1666 348 1424 1434 1517 1609 497 1014 700 973 1872 981 1507 1881 1657 522 869 48 1790 778 73 1331 268 865 308 494 676 33 1443 176 1631 1222 670 188 1376 279 471 1114 688 812 || mode=VB method=sk_ac_min solver=filo1 stage=post_ls ls=pyvrp iter=9
2026-03-15 22:32:48 | INFO     | [POOL #00394] 1699 1933 172 1617 91 1379 1168 710 1863 1442 862 468 383 1873 1472 234 840 774 1500 1448 1808 1203 422 242 127 1523 1918 1040 965 1749 484 1511 850 221 1864 || mode=VB method=sk_ac_min solver=filo1 stage=post_ls ls=pyvrp iter=9
2026-03-15 22:32:48 | INFO     | [POOL #00395] 803 1785 717 579 794 549 664 1149 59 686 282 1775 1045 610 1229 1314 290 1674 564 198 1007 1159 1608 506 1367 1253 1435 1783 1588 699 22 483 1879 1570 886 423 726 1167 1211 1399 589 620 1592 || mode=VB method=sk_ac_min solver=filo1 stage=post_ls ls=pyvrp iter=9
2026-03-15 22:32:48 | INFO     | [POOL #00396] 470 1361 370 1566 37 757 1289 516 412 556 1445 888 1287 362 78 876 276 1270 1673 1832 906 1036 1295 54 1305 1878 226 603 1309 1846 1243 1103 625 74 1525 452 40 || mode=VB method=sk_ac_min solver=filo1 stage=post_ls ls=pyvrp iter=9
2026-03-15 22:32:48 | INFO     | [POOL #00397] 4 1154 788 772 328 644 588 258 1867 1064 1174 1502 171 1640 1428 1400 1563 266 533 958 138 353 1610 1742 189 1664 1037 1042 132 474 1794 561 678 587 1543 1285 892 1391 905 39 1788 1814 1002 57 1199 649 1886 114 || mode=VB method=sk_ac_min solver=filo1 stage=post_ls ls=pyvrp iter=9
2026-03-15 22:32:48 | INFO     | [POOL #00398] 1748 219 1520 440 839 858 1371 896 558 10 424 1139 357 629 756 102 930 677 144 1347 15 1639 626 86 1111 116 441 861 887 323 617 976 88 1784 857 1340 1171 1323 837 313 233 517 1164 397 || mode=VB method=sk_ac_min solver=filo1 stage=post_ls ls=pyvrp iter=9
2026-03-15 22:32:48 | INFO     | [POOL #00399] 1594 1916 320 1826 791 985 989 705 311 1750 765 1404 505 1747 855 1488 797 859 618 872 525 403 508 1267 1843 445 1364 1041 599 205 1544 1441 1381 1565 1818 427 548 542 671 920 133 1201 1904 64 1622 255 1797 425 || mode=VB method=sk_ac_min solver=filo1 stage=post_ls ls=pyvrp iter=9
2026-03-15 22:32:48 | INFO     | [POOL #00400] 84 340 1821 1845 997 1687 1615 31 93 1155 34 1422 339 996 426 1057 453 1318 1813 875 1403 18 735 584 85 1759 363 743 1492 666 1533 1880 1923 304 1085 1605 1420 1086 1357 725 1016 1444 264 883 || mode=VB method=sk_ac_min solver=filo1 stage=post_ls ls=pyvrp iter=9
2026-03-15 22:32:48 | INFO     | [POOL #00401] 961 654 834 1718 259 263 1451 1298 1898 374 1116 287 1246 1809 1714 1572 1701 204 1611 1276 732 1860 1268 309 1257 674 1303 1033 994 207 1449 982 663 1104 1569 1074 1260 602 || mode=VB method=sk_ac_min solver=filo1 stage=post_ls ls=pyvrp iter=9
2026-03-15 22:32:48 | INFO     | [POOL #00402] 1192 1638 631 623 1043 1526 1729 1090 1779 1366 420 501 1413 1062 1858 199 125 142 1166 1839 1501 842 456 1537 1464 1144 893 473 746 1320 1240 1414 1574 1067 1120 385 849 170 1897 58 1136 1359 1852 537 || mode=VB method=sk_ac_min solver=filo1 stage=post_ls ls=pyvrp iter=9
2026-03-15 22:32:48 | INFO     | [POOL #00403] 45 66 1165 867 1119 254 1473 845 1126 702 1388 789 1510 1055 325 1408 934 1362 1804 1152 1327 1021 1321 1782 367 673 1425 472 1803 475 1506 571 190 1354 1087 1407 296 804 359 1112 704 1754 1184 1221 || mode=VB method=sk_ac_min solver=filo1 stage=post_ls ls=pyvrp iter=9
2026-03-15 22:32:48 | INFO     | [POOL #00404] 1265 249 1768 1024 1415 1351 1668 1545 360 180 684 730 749 1056 1875 637 712 577 1059 615 1595 576 345 186 1531 596 1851 373 99 808 1467 1895 1802 953 1828 907 1521 1573 1646 1162 371 377 1088 42 165 998 1262 659 || mode=VB method=sk_ac_min solver=filo1 stage=post_ls ls=pyvrp iter=9
2026-03-15 22:32:48 | INFO     | [POOL #00405] 1032 395 721 1123 642 552 1280 729 181 924 682 1468 1581 952 75 1137 130 414 569 1670 687 1372 1170 1121 1512 178 1450 3 260 650 940 80 303 481 1840 1063 35 669 112 1131 157 421 322 1466 222 || mode=VB method=sk_ac_min solver=filo1 stage=post_ls ls=pyvrp iter=9
2026-03-15 22:32:48 | INFO     | [POOL #00406] 1439 387 1554 1780 521 802 636 1446 244 131 1925 782 241 463 1756 991 1535 1311 1047 346 1160 694 486 598 1264 1141 798 1380 1125 937 1334 1019 706 1053 1048 658 1072 292 878 310 925 1281 277 1509 405 1482 680 1686 1261 619 288 1625 || mode=VB method=sk_ac_min solver=filo1 stage=post_ls ls=pyvrp iter=9
2026-03-15 22:32:48 | INFO     | [POOL #00407] 1156 1360 1557 527 83 1914 691 151 1614 1369 106 1244 1665 1613 1575 662 1532 239 1012 1607 737 101 156 1841 469 1337 915 868 215 69 1186 330 572 208 1124 1325 1429 450 1838 100 404 262 209 52 692 1406 1117 520 984 || mode=VB method=sk_ac_min solver=filo1 stage=post_ls ls=pyvrp iter=9
2026-03-15 22:32:48 | INFO     | [POOL #00408] 541 1885 1691 1333 1677 1709 294 1683 1475 1304 271 655 593 1603 1263 336 1310 491 435 790 519 1921 689 1358 1855 1847 679 509 289 553 539 1496 1671 1110 56 466 1227 || mode=VB method=sk_ac_min solver=filo1 stage=post_ls ls=pyvrp iter=9
2026-03-15 22:32:48 | INFO     | [POOL #00409] 356 1039 1911 567 733 1098 1480 43 36 1698 949 1908 278 758 769 1336 1586 1299 1707 1567 1390 1580 159 1528 574 1208 1218 1461 766 79 14 1315 1029 882 1395 434 238 708 1476 1635 || mode=VB method=sk_ac_min solver=filo1 stage=post_ls ls=pyvrp iter=9
2026-03-15 22:32:48 | INFO     | [POOL #00410] 1712 815 105 1386 1027 489 1070 392 21 1558 1508 1093 1277 || mode=VB method=sk_ac_min solver=filo1 stage=post_ls ls=pyvrp iter=9
2026-03-15 22:32:48 | INFO     | [POOL #00411] 1290 490 814 60 1416 1539 163 657 1191 1604 1515 1530 591 6 89 1889 1458 1823 622 1189 210 236 618 872 525 403 508 1267 797 859 1204 1791 1440 1650 1297 660 || mode=VB method=fcm solver=filo1 stage=post_ls ls=pyvrp iter=10
2026-03-15 22:32:48 | INFO     | [POOL #00412] 975 716 624 187 1178 977 1810 844 1251 1197 1577 1306 347 1702 1326 299 512 358 92 500 502 755 1498 1282 608 380 61 499 738 455 1477 833 1704 1732 874 1478 776 1822 1349 1417 110 154 1426 1190 94 || mode=VB method=fcm solver=filo1 stage=post_ls ls=pyvrp iter=10
2026-03-15 22:32:48 | INFO     | [POOL #00413] 1695 437 742 944 117 1006 1547 801 217 988 628 318 1094 351 1148 378 667 1772 928 145 310 925 1281 277 41 1509 405 1482 272 515 680 1356 587 1543 1579 1285 281 899 1487 851 1884 1493 1130 364 983 1418 || mode=VB method=fcm solver=filo1 stage=post_ls ls=pyvrp iter=10
2026-03-15 22:32:48 | INFO     | [POOL #00414] 894 649 995 97 772 1514 1621 903 1882 1643 528 1679 607 921 192 1535 991 1756 260 3 1450 178 1512 1121 1170 1372 687 1670 569 414 130 1137 75 952 1468 1581 80 940 650 303 1446 244 636 802 521 1780 1182 1145 507 || mode=VB method=fcm solver=filo1 stage=post_ls ls=pyvrp iter=10
2026-03-15 22:32:48 | INFO     | [POOL #00415] 917 578 695 1651 319 288 1169 619 1261 1686 555 678 561 1794 474 132 1042 1037 1664 189 1742 1610 878 1053 1048 1019 706 1380 1125 937 1334 658 1072 292 63 759 993 436 1648 942 1248 825 1680 957 881 760 1761 1180 1080 902 || mode=VB method=fcm solver=filo1 stage=post_ls ls=pyvrp iter=10
2026-03-15 22:32:48 | INFO     | [POOL #00416] 1625 1814 328 644 258 1640 533 138 353 711 67 954 182 530 300 807 1202 1293 534 1311 1047 346 1160 694 486 798 1141 1264 598 415 1733 237 1216 123 1247 248 1536 1329 13 913 1068 146 1396 1355 1383 195 || mode=VB method=fcm solver=filo1 stage=post_ls ls=pyvrp iter=10
2026-03-15 22:32:48 | INFO     | [POOL #00417] 4 1154 788 1658 513 230 792 745 1205 1669 131 463 241 1925 782 1555 285 632 386 87 30 1143 958 266 1563 1400 1428 171 1502 1174 1064 1867 588 892 1391 905 39 1788 1002 57 1199 1886 || mode=VB method=fcm solver=filo1 stage=post_ls ls=pyvrp iter=10
2026-03-15 22:32:48 | INFO     | [POOL #00418] 121 1738 1740 391 1258 482 1371 896 558 10 1632 864 240 817 1787 1346 1663 1223 1917 1095 971 1350 1237 900 827 438 1272 1185 1226 124 1741 1684 853 810 307 1200 193 990 1312 1690 947 1378 || mode=VB method=fcm solver=filo1 stage=post_ls ls=pyvrp iter=10
2026-03-15 22:32:48 | INFO     | [POOL #00419] 397 1164 1748 517 233 837 1323 976 88 357 629 102 756 930 677 144 1347 15 1639 626 86 1111 116 441 861 887 323 617 1784 857 1340 1171 433 313 440 219 1410 1484 1114 683 688 812 || mode=VB method=fcm solver=filo1 stage=post_ls ls=pyvrp iter=10
2026-03-15 22:32:48 | INFO     | [POOL #00420] 1745 77 1645 670 581 1891 1222 1631 1443 1017 33 676 494 1753 836 778 1562 179 781 848 220 321 1723 635 1038 734 1706 1799 388 1751 250 1214 1294 557 256 366 653 394 1887 460 813 560 1433 1113 1485 103 1730 || mode=VB method=fcm solver=filo1 stage=post_ls ls=pyvrp iter=10
2026-03-15 22:32:48 | INFO     | [POOL #00421] 1217 447 1786 1520 839 858 1139 424 1853 640 317 830 1819 1279 744 724 1865 1286 606 545 1856 873 1827 160 1766 1224 1737 980 562 1122 1177 428 641 1568 398 295 918 1028 || mode=VB method=fcm solver=filo1 stage=post_ls ls=pyvrp iter=10
2026-03-15 22:32:48 | INFO     | [POOL #00422] 1900 595 986 1767 601 400 29 1398 843 446 122 1296 1903 44 951 739 1341 1513 939 283 461 1576 1722 1927 1146 1252 1050 1065 1752 401 611 799 1330 301 107 344 111 1462 1619 5 538 1589 1811 || mode=VB method=fcm solver=filo1 stage=post_ls ls=pyvrp iter=10
2026-03-15 22:32:48 | INFO     | [POOL #00423] 331 1397 1220 454 963 113 1551 1661 1744 245 946 1497 306 1837 1907 1616 147 852 1746 1365 1812 665 19 1672 1324 1696 698 639 1626 968 82 137 1373 768 720 1241 || mode=VB method=fcm solver=filo1 stage=post_ls ls=pyvrp iter=10
2026-03-15 22:32:48 | INFO     | [POOL #00424] 470 1361 452 1525 74 625 1103 1243 1846 516 412 556 1445 340 1821 1845 997 1270 276 876 78 362 1287 888 1010 972 701 8 956 432 1084 1490 1899 1066 1292 379 656 90 583 || mode=VB method=fcm solver=filo1 stage=post_ls ls=pyvrp iter=10
2026-03-15 22:32:48 | INFO     | [POOL #00425] 72 1195 546 312 910 838 1529 992 1235 1107 1877 1421 431 51 1479 1234 1456 1328 1345 177 793 1231 1455 135 614 1101 835 430 459 518 1824 824 1564 76 582 158 || mode=VB method=fcm solver=filo1 stage=post_ls ls=pyvrp iter=10
2026-03-15 22:32:48 | INFO     | [POOL #00426] 1075 1025 523 1335 411 648 999 647 20 161 856 1505 672 573 1274 592 1868 1161 559 1727 479 1242 1711 1157 1460 816 806 1763 1370 1230 1118 1857 1871 1419 1831 1481 1092 1584 1601 1795 1284 352 || mode=VB method=fcm solver=filo1 stage=post_ls ls=pyvrp iter=10
2026-03-15 22:32:48 | INFO     | [POOL #00427] 201 381 1599 713 786 922 529 1776 23 597 1681 293 773 1432 1605 1085 304 1923 1880 666 363 743 1492 1533 1662 1495 175 1825 480 342 784 1060 1504 575 413 1289 757 1566 370 || mode=VB method=fcm solver=filo1 stage=post_ls ls=pyvrp iter=10
2026-03-15 22:32:48 | INFO     | [POOL #00428] 1893 883 372 264 407 1590 1444 1688 1 761 1016 725 1420 1086 1357 1602 361 68 1384 141 257 613 1793 863 1924 1905 1172 1083 1219 690 1926 1901 465 1705 464 1138 1874 1593 167 1151 7 1254 252 978 || mode=VB method=fcm solver=filo1 stage=post_ls ls=pyvrp iter=10
2026-03-15 22:32:48 | INFO     | [POOL #00429] 805 1700 1571 668 104 580 1890 1816 1089 1597 1653 1206 1675 213 1181 232 1179 1196 1489 621 1896 439 1549 1642 821 1271 630 334 418 884 1765 46 148 26 1129 1483 314 1187 1859 1757 1005 || mode=VB method=fcm solver=filo1 stage=post_ls ls=pyvrp iter=10
2026-03-15 22:32:48 | INFO     | [POOL #00430] 909 722 1427 1660 1034 1069 1486 1459 1534 1578 1781 390 1044 1194 811 1892 1716 681 280 126 1463 1082 819 273 945 389 820 651 1079 1920 1375 1322 478 1210 24 487 1844 532 1260 || mode=VB method=fcm solver=filo1 stage=post_ls ls=pyvrp iter=10
2026-03-15 22:32:48 | INFO     | [POOL #00431] 1074 1207 216 1353 284 1805 634 1876 675 275 547 492 1158 652 191 504 1715 11 935 1725 476 485 1447 926 488 1073 309 1268 1257 674 1303 1033 994 207 1449 982 663 1104 1569 || mode=VB method=fcm solver=filo1 stage=post_ls ls=pyvrp iter=10
2026-03-15 22:32:48 | INFO     | [POOL #00432] 1352 535 885 783 871 269 1106 661 1606 753 895 1796 1308 1800 1043 1150 696 1678 1526 1546 1136 1359 1852 623 631 751 1634 503 1436 50 1192 332 1245 || mode=VB method=fcm solver=filo1 stage=post_ls ls=pyvrp iter=10
2026-03-15 22:32:48 | INFO     | [POOL #00433] 1054 748 382 335 1134 1499 1628 1734 829 143 1228 1518 1198 566 393 795 703 1548 1849 247 891 305 214 458 71 511 224 1135 970 841 462 338 376 274 212 1061 1929 554 1598 854 1760 1300 987 297 1762 1694 1437 || mode=VB method=fcm solver=filo1 stage=post_ls ls=pyvrp iter=10
2026-03-15 22:32:48 | INFO     | [POOL #00434] 961 654 834 1718 259 263 1451 1298 1898 1860 374 732 1276 1611 204 1701 1572 1714 1163 1647 627 1259 1830 223 1809 1116 287 1246 600 200 822 1731 785 823 1022 109 1582 948 || mode=VB method=fcm solver=filo1 stage=post_ls ls=pyvrp iter=10
2026-03-15 22:32:48 | INFO     | [POOL #00435] 243 155 324 846 1736 1724 1906 1020 1719 714 354 1105 1618 1915 1188 1721 184 225 1697 609 594 964 1656 329 1774 955 718 950 166 1343 1854 1583 1342 1288 409 1778 936 333 || mode=VB method=fcm solver=filo1 stage=post_ls ls=pyvrp iter=10
2026-03-15 22:32:48 | INFO     | [POOL #00436] 847 419 754 1453 1394 1928 1739 762 1870 1471 267 728 1173 1655 194 261 1142 919 1454 1368 1667 1829 1636 1392 1269 265 1931 889 1278 496 767 1018 298 697 1596 || mode=VB method=fcm solver=filo1 stage=post_ls ls=pyvrp iter=10
2026-03-15 22:32:48 | INFO     | [POOL #00437] 1712 1624 1641 350 443 1275 139 938 341 384 349 1883 229 643 228 1393 417 1540 337 897 1013 1836 877 1035 1620 || mode=VB method=fcm solver=filo1 stage=post_ls ls=pyvrp iter=10
2026-03-15 22:32:48 | INFO     | [POOL #00438] 1277 1508 815 1385 105 974 1386 1027 1070 489 709 929 65 923 1833 633 1726 1077 1815 960 53 451 685 1550 763 493 1249 1503 1637 565 1587 1720 392 21 1558 1374 1093 || mode=VB method=fcm solver=filo1 stage=post_ls ls=pyvrp iter=10
2026-03-15 22:32:48 | INFO     | [POOL #00439] 136 96 526 1913 1469 1474 185 1729 1090 1779 1366 420 893 473 746 1320 1240 1414 1574 1067 1120 385 849 1238 170 1897 58 203 931 616 1522 327 149 1389 449 747 914 1553 202 1834 719 251 150 932 || mode=VB method=fcm solver=filo1 stage=post_ls ls=pyvrp iter=10
2026-03-15 22:32:48 | INFO     | [POOL #00440] 602 1758 736 1051 543 429 1659 646 98 1585 1128 501 1413 1062 1858 199 1144 1464 1537 456 842 1501 1839 55 206 1212 818 1166 142 125 1256 796 1076 1431 12 1894 890 17 || mode=VB method=fcm solver=filo1 stage=post_ls ls=pyvrp iter=10
2026-03-15 22:32:48 | INFO     | [POOL #00441] 1699 174 870 172 1617 91 1379 1168 1442 862 468 183 383 1401 1301 1919 152 1649 355 406 286 898 9 1266 774 1500 840 234 1472 1448 1808 1203 422 242 127 1523 1918 1040 965 1749 484 850 1511 || mode=VB method=fcm solver=filo1 stage=post_ls ls=pyvrp iter=10
2026-03-15 22:32:48 | INFO     | [POOL #00442] 740 246 448 227 1826 1000 1644 1232 791 985 989 705 311 1750 765 1404 1488 855 1747 505 467 771 1930 1552 1728 169 1692 1866 1820 780 368 1307 444 1594 32 253 1524 1363 1227 || mode=VB method=fcm solver=filo1 stage=post_ls ls=pyvrp iter=10
2026-03-15 22:32:48 | INFO     | [POOL #00443] 2 365 1717 1773 911 1250 1556 396 1755 408 1789 1387 1004 510 605 1058 1835 770 1861 1097 1612 1273 153 399 1233 750 731 962 38 1591 1081 568 211 || mode=VB method=fcm solver=filo1 stage=post_ls ls=pyvrp iter=10
2026-03-15 22:32:48 | INFO     | [POOL #00444] 741 933 70 134 1110 1496 539 553 289 679 1847 1855 1358 689 1921 519 790 435 491 1310 336 1263 1603 593 655 271 1304 1475 1683 294 1709 1677 1333 1691 1863 710 1885 541 860 || mode=VB method=fcm solver=filo1 stage=post_ls ls=pyvrp iter=10
2026-03-15 22:32:48 | INFO     | [POOL #00445] 1933 1623 1873 1382 1003 1862 536 927 1807 752 1225 442 1769 1452 218 49 1806 585 1743 1133 1491 544 979 1319 764 551 1140 129 727 1457 1565 1818 427 548 542 671 920 133 1201 1904 509 64 1622 255 1797 425 || mode=VB method=fcm solver=filo1 stage=post_ls ls=pyvrp iter=10
2026-03-15 22:32:48 | INFO     | [POOL #00446] 1864 221 326 1654 1108 62 1348 959 120 908 1026 1842 118 375 140 343 302 1561 1109 831 1638 1735 537 1792 1912 1629 || mode=VB method=fcm solver=filo1 stage=post_ls ls=pyvrp iter=10
2026-03-15 22:32:48 | INFO     | [POOL #00447] 645 466 56 1671 1338 1052 1771 943 777 1630 1848 1888 1494 1465 1030 1283 1381 1441 1544 205 599 1041 1364 445 1843 1213 1015 1096 1176 1291 457 1685 1916 320 1339 866 108 590 1078 || mode=VB method=fcm solver=filo1 stage=post_ls ls=pyvrp iter=10
2026-03-15 22:32:48 | INFO     | [POOL #00448] 1666 395 721 348 1434 1517 1609 176 497 1014 700 552 1280 981 1872 973 308 865 268 1331 73 1790 48 869 522 1657 1881 1507 181 924 729 669 35 1063 1840 682 481 1554 387 115 1770 1215 1423 1439 || mode=VB method=fcm solver=filo1 stage=post_ls ls=pyvrp iter=10
2026-03-15 22:32:48 | INFO     | [POOL #00449] 966 1032 222 1466 322 421 157 112 1131 1123 642 1424 188 279 1376 119 471 693 114 563 828 1409 196 715 || mode=VB method=fcm solver=filo1 stage=post_ls ls=pyvrp iter=10
2026-03-15 22:32:48 | INFO     | [POOL #00450] 483 1783 1435 1253 1367 506 1608 1159 1007 596 1531 186 345 576 1595 615 577 1059 868 1337 915 1244 1665 1302 1538 723 604 904 941 316 197 1369 1186 330 572 208 1124 1325 1429 450 1895 907 1521 1430 1011 800 || mode=VB method=fcm solver=filo1 stage=post_ls ls=pyvrp iter=10
2026-03-15 22:32:48 | INFO     | [POOL #00451] 1221 1754 1360 1557 128 81 1100 967 315 527 498 1031 27 164 1652 1344 1209 1313 1127 1838 826 162 1147 404 100 262 209 1676 47 879 901 1046 1411 1132 52 1115 1377 1798 1405 612 1817 638 1099 520 984 570 || mode=VB method=fcm solver=filo1 stage=post_ls ls=pyvrp iter=10
2026-03-15 22:32:48 | INFO     | [POOL #00452] 1165 1832 906 1036 1295 766 1707 1567 1390 159 1580 1388 789 325 1055 1510 367 1782 1321 1021 1327 1152 1804 1362 1408 934 453 1057 702 1528 574 1208 1218 1461 1473 254 1119 867 1673 37 || mode=VB method=fcm solver=filo1 stage=post_ls ls=pyvrp iter=10
2026-03-15 22:32:48 | INFO     | [POOL #00453] 1156 1698 949 704 1112 359 270 524 1407 1354 1087 916 83 1009 1914 691 151 1614 1801 809 1600 787 472 673 1425 1803 475 1506 571 190 296 804 1299 1586 1336 769 758 278 1908 79 54 1305 1309 45 || mode=VB method=fcm solver=filo1 stage=post_ls ls=pyvrp iter=10
2026-03-15 22:32:48 | INFO     | [POOL #00454] 1071 360 180 610 1229 1314 290 1674 564 198 684 730 749 1056 1875 637 712 469 1841 156 101 737 1607 1012 239 1532 662 1575 1613 106 215 69 99 808 1467 373 1851 1802 953 1828 1573 1646 1162 1399 || mode=VB method=fcm solver=filo1 stage=post_ls ls=pyvrp iter=10
2026-03-15 22:32:48 | INFO     | [POOL #00455] 1542 1687 1615 845 1126 996 426 18 25 1403 875 1910 1813 1318 1023 1909 1175 912 16 880 1412 402 550 235 1001 1193 1402 1438 832 969 1869 495 1332 1239 1759 85 584 735 291 339 1422 34 1155 93 31 || mode=VB method=fcm solver=filo1 stage=post_ls ls=pyvrp iter=10
2026-03-15 22:32:48 | INFO     | [POOL #00456] 1635 477 707 1592 28 1559 620 589 1708 1236 1470 1693 586 567 1184 168 733 1098 1480 43 36 14 1315 882 1029 1878 226 84 66 603 1395 434 238 708 1911 1039 1476 356 40 || mode=VB method=fcm solver=filo1 stage=post_ls ls=pyvrp iter=10
2026-03-15 22:32:48 | INFO     | [POOL #00457] 803 1785 717 579 794 549 1183 664 1149 1527 1255 59 1850 1764 540 416 779 95 1153 377 1519 1682 1902 514 1689 1932 1088 42 165 998 659 1262 1713 369 410 1710 1703 1102 || mode=VB method=fcm solver=filo1 stage=post_ls ls=pyvrp iter=10
2026-03-15 22:32:48 | INFO     | [POOL #00458] 1633 1049 1627 1091 775 1922 1317 1516 531 1316 1541 1777 1211 1167 726 1570 1879 886 423 1008 1117 231 692 1406 1560 371 1588 699 22 686 282 1775 1045 1545 1668 1351 1415 1024 1768 249 1265 173 || mode=VB method=fcm solver=filo1 stage=post_ls ls=pyvrp iter=10
2026-03-15 22:32:48 | INFO     | [POOL #00459] 693 995 97 1788 39 905 1391 892 1285 1579 1543 587 1428 474 132 1042 1742 1610 878 1053 1048 1019 706 1334 937 1125 1380 182 530 300 954 67 711 353 138 958 533 1400 1563 266 1640 171 1502 1174 1064 1867 258 588 328 772 1814 1002 57 || mode=RB method=sk_ac_avg solver=pyvrp stage=post_ls ls=pyvrp iter=11
2026-03-15 22:32:48 | INFO     | [POOL #00460] 1423 1215 115 1182 1780 521 1555 285 991 1535 632 192 921 607 1143 30 87 386 534 1293 1202 807 1160 346 1311 1047 694 486 798 598 1264 1141 658 1072 292 436 942 1248 1148 351 988 217 801 319 1493 917 || mode=RB method=sk_ac_avg solver=pyvrp stage=post_ls ls=pyvrp iter=11
2026-03-15 22:32:48 | INFO     | [POOL #00461] 1032 222 1466 322 421 157 1131 112 669 35 1063 682 1468 1581 952 75 1137 130 414 80 940 650 1121 1512 1372 687 1670 569 1170 178 1450 3 260 1756 463 241 782 1925 131 244 636 802 1554 387 1770 1439 || mode=RB method=sk_ac_avg solver=pyvrp stage=post_ls ls=pyvrp iter=11
2026-03-15 22:32:48 | INFO     | [POOL #00462] 114 649 1199 4 1154 788 507 1145 1658 513 1621 1514 644 903 1882 1679 528 1643 230 792 745 1669 1205 1446 303 481 1840 924 181 729 1280 552 642 1424 348 966 || mode=RB method=sk_ac_avg solver=pyvrp stage=post_ls ls=pyvrp iter=11
2026-03-15 22:32:48 | INFO     | [POOL #00463] 196 1418 983 1695 437 695 742 944 117 1006 1547 1761 760 318 1094 881 299 1326 1702 380 1282 608 61 499 738 833 1477 1704 1732 874 1478 776 1822 1417 110 60 814 1383 490 1290 1190 || mode=RB method=sk_ac_avg solver=pyvrp stage=post_ls ls=pyvrp iter=11
2026-03-15 22:32:48 | INFO     | [POOL #00464] 1409 828 563 902 1080 1180 1810 844 628 957 1680 825 512 92 500 358 502 755 1498 993 1648 667 1772 928 145 41 378 1482 272 515 555 680 1686 1261 619 899 1169 288 851 1884 1625 1886 894 || mode=RB method=sk_ac_avg solver=pyvrp stage=post_ls ls=pyvrp iter=11
2026-03-15 22:32:48 | INFO     | [POOL #00465] 740 975 195 716 624 187 1178 977 1349 1251 1197 1577 1306 347 455 89 1889 1458 1823 622 1189 210 236 6 591 1530 1515 1604 1191 657 163 1539 154 1426 94 660 227 448 246 || mode=RB method=sk_ac_avg solver=pyvrp stage=post_ls ls=pyvrp iter=11
2026-03-15 22:32:48 | INFO     | [POOL #00466] 364 1130 578 1651 1487 281 1356 678 1794 561 405 1509 277 925 1281 1037 189 1664 310 759 63 1733 415 237 1216 123 1247 248 1536 1329 13 913 1068 146 1396 1355 1416 1791 1204 1440 1650 1297 1644 1232 1000 1339 1594 || mode=RB method=sk_ac_avg solver=pyvrp stage=post_ls ls=pyvrp iter=11
2026-03-15 22:32:48 | INFO     | [POOL #00467] 395 721 1123 1434 1517 1609 497 1014 700 973 1872 981 1507 1881 1657 522 869 48 1790 1050 1065 778 73 1331 268 865 308 494 676 33 1017 107 1443 176 1631 1222 1891 581 670 188 1376 279 471 1114 1666 688 || mode=RB method=sk_ac_avg solver=pyvrp stage=post_ls ls=pyvrp iter=11
2026-03-15 22:32:48 | INFO     | [POOL #00468] 121 1900 595 1811 1589 5 301 1330 799 611 401 1753 836 1752 1146 1722 1927 848 781 179 1562 1252 1576 461 283 939 1513 1341 739 951 44 1903 864 1398 446 843 29 400 601 1767 986 1410 1738 1217 || mode=RB method=sk_ac_avg solver=pyvrp stage=post_ls ls=pyvrp iter=11
2026-03-15 22:32:48 | INFO     | [POOL #00469] 243 1028 918 295 433 641 1568 398 428 1177 86 1111 144 1347 1827 1286 1865 724 744 1819 1279 606 545 1856 873 677 116 424 10 1632 558 896 1371 482 1258 391 1740 1520 219 1786 || mode=RB method=sk_ac_avg solver=pyvrp stage=post_ls ls=pyvrp iter=11
2026-03-15 22:32:48 | INFO     | [POOL #00470] 397 447 1748 440 839 858 1323 1139 102 930 317 830 1095 971 1350 827 900 1237 1294 1214 250 220 321 1723 635 1038 388 1799 1751 557 256 366 653 1272 438 1185 1741 160 1766 1224 193 103 1736 846 324 155 || mode=RB method=sk_ac_avg solver=pyvrp stage=post_ls ls=pyvrp iter=11
2026-03-15 22:32:48 | INFO     | [POOL #00471] 1093 1374 1558 21 392 1720 1587 565 1637 1739 762 1870 1471 267 728 1173 194 1655 261 1142 734 1706 919 1454 1368 1667 1829 394 1226 124 1684 1887 460 813 354 337 897 1275 443 || mode=RB method=sk_ac_avg solver=pyvrp stage=post_ls ls=pyvrp iter=11
2026-03-15 22:32:48 | INFO     | [POOL #00472] 1378 947 1730 1690 1312 1020 560 1433 810 853 1697 609 594 964 1636 1392 1656 225 184 1721 329 1774 955 1188 1915 1618 1105 166 718 950 1343 1342 1288 409 1013 1836 139 697 1624 1712 || mode=RB method=sk_ac_avg solver=pyvrp stage=post_ls ls=pyvrp iter=11
2026-03-15 22:32:48 | INFO     | [POOL #00473] 1596 1641 350 298 1018 767 496 1278 265 1931 889 929 65 923 1269 1833 633 1726 1077 1815 960 53 685 451 763 1550 1503 1249 493 709 489 1070 1027 1386 1385 || mode=RB method=sk_ac_avg solver=pyvrp stage=post_ls ls=pyvrp iter=11
2026-03-15 22:32:48 | INFO     | [POOL #00474] 847 1277 1508 815 105 974 938 341 384 349 1883 229 643 228 1393 1540 417 1583 1854 1719 714 1113 562 1122 1639 626 15 980 1737 307 1200 1485 1906 990 1724 1778 936 877 1035 333 1620 || mode=RB method=sk_ac_avg solver=pyvrp stage=post_ls ls=pyvrp iter=11
2026-03-15 22:32:48 | INFO     | [POOL #00475] 812 683 1745 1484 77 119 1645 538 1619 1462 111 344 122 1296 1787 1346 1663 1917 1223 817 240 1853 640 756 629 357 88 976 441 861 887 323 617 1784 857 1340 1171 837 313 233 517 1164 || mode=RB method=sk_ac_avg solver=pyvrp stage=post_ls ls=pyvrp iter=11
2026-03-15 22:32:48 | INFO     | [POOL #00476] 17 890 1894 12 382 1076 1628 1734 829 143 1228 1518 1198 566 393 795 703 1548 1849 247 891 305 214 458 71 511 224 1135 462 338 841 970 126 280 1463 1082 819 945 273 389 1920 1375 1322 478 1210 805 722 909 || mode=RB method=sk_ac_avg solver=pyvrp stage=post_ls ls=pyvrp iter=11
2026-03-15 22:32:48 | INFO     | [POOL #00477] 331 352 1582 109 1022 823 785 263 1451 1298 1898 1860 374 732 1116 287 1246 1809 1714 1572 1701 204 1611 1276 1268 309 1257 674 994 675 1876 634 1104 834 654 948 || mode=RB method=sk_ac_avg solver=pyvrp stage=post_ls ls=pyvrp iter=11
2026-03-15 22:32:48 | INFO     | [POOL #00478] 961 1718 259 663 982 1449 207 1033 1303 488 1073 926 1447 485 476 1725 935 11 1715 504 652 191 821 1642 1271 630 334 418 884 1765 1158 492 547 275 1483 314 1187 1757 1805 284 1353 1569 1207 1074 || mode=RB method=sk_ac_avg solver=pyvrp stage=post_ls ls=pyvrp iter=11
2026-03-15 22:32:48 | INFO     | [POOL #00479] 1260 532 216 1005 1859 104 580 1129 26 148 46 1816 1890 1653 1206 1675 1549 439 1896 621 1489 1196 1179 232 1181 213 1597 1089 1079 651 820 668 1571 1700 1844 1069 1427 1758 || mode=RB method=sk_ac_avg solver=pyvrp stage=post_ls ls=pyvrp iter=11
2026-03-15 22:32:48 | INFO     | [POOL #00480] 1054 748 736 1051 543 429 1431 335 1134 1499 987 1300 1534 1578 1194 811 1892 1716 681 274 376 212 1061 1929 554 1598 854 1760 390 1781 1044 24 487 1459 1486 297 1762 1694 1034 1660 1437 602 || mode=RB method=sk_ac_avg solver=pyvrp stage=post_ls ls=pyvrp iter=11
2026-03-15 22:32:48 | INFO     | [POOL #00481] 546 312 252 1254 7 910 838 1529 992 1235 1107 1877 1151 167 1421 431 51 1455 1456 1328 465 1705 464 1746 1365 852 1593 1874 1138 1234 1479 614 1101 835 430 459 518 1824 824 1564 76 72 || mode=RB method=sk_ac_avg solver=pyvrp stage=post_ls ls=pyvrp iter=11
2026-03-15 22:32:48 | INFO     | [POOL #00482] 583 656 379 381 1599 713 1899 1490 786 1084 432 922 1444 529 1776 23 597 1681 293 773 1420 1086 1357 761 1 1688 177 1345 793 1231 135 1590 407 264 372 883 1893 582 158 || mode=RB method=sk_ac_avg solver=pyvrp stage=post_ls ls=pyvrp iter=11
2026-03-15 22:32:48 | INFO     | [POOL #00483] 1016 725 1901 1926 1602 361 68 1384 141 257 613 1905 1793 863 1924 1332 495 1869 969 832 1402 1438 1239 1759 85 584 363 743 1492 666 1533 1880 1923 304 1085 1605 1432 8 956 1066 1292 201 || mode=RB method=sk_ac_avg solver=pyvrp stage=post_ls ls=pyvrp iter=11
2026-03-15 22:32:48 | INFO     | [POOL #00484] 1195 978 454 1661 1744 245 946 147 1230 1370 1763 806 816 1460 1157 1711 1242 479 690 1219 1083 1172 1868 1727 559 1161 592 1274 573 672 1505 856 161 20 648 411 968 82 1584 1601 1373 1795 768 720 1241 || mode=RB method=sk_ac_avg solver=pyvrp stage=post_ls ls=pyvrp iter=11
2026-03-15 22:32:48 | INFO     | [POOL #00485] 1284 1075 137 1025 1335 523 1731 822 200 600 223 1163 1647 627 1259 1830 647 999 1626 639 698 1696 1324 1672 19 665 1812 1118 1857 1871 1419 1616 1907 1837 1497 306 1831 1481 1092 1551 113 963 1220 1397 || mode=RB method=sk_ac_avg solver=pyvrp stage=post_ls ls=pyvrp iter=11
2026-03-15 22:32:48 | INFO     | [POOL #00486] 1524 253 368 1866 1728 1552 1213 1465 1030 1283 1494 1888 1848 671 542 548 427 1818 1565 1381 1441 1544 205 599 1041 1364 445 1843 1267 508 403 525 872 618 859 797 1750 989 457 1685 444 1307 32 || mode=RB method=sk_ac_avg solver=pyvrp stage=post_ls ls=pyvrp iter=11
2026-03-15 22:32:48 | INFO     | [POOL #00487] 715 1078 590 108 866 1916 320 1826 791 985 705 311 765 1404 1488 855 1747 505 467 771 1930 1015 943 1771 1096 1291 1176 1052 539 1496 1671 1338 169 1692 56 1820 780 466 1363 1227 || mode=RB method=sk_ac_avg solver=pyvrp stage=post_ls ls=pyvrp iter=11
2026-03-15 22:32:48 | INFO     | [POOL #00488] 2 365 645 1717 1773 933 70 396 1797 255 1622 1789 1387 64 1004 510 605 1058 1835 1097 1612 1273 153 1333 1691 1863 710 1379 91 1617 1523 172 1933 965 1749 484 1511 221 1864 || mode=RB method=sk_ac_avg solver=pyvrp stage=post_ls ls=pyvrp iter=11
2026-03-15 22:32:48 | INFO     | [POOL #00489] 425 38 1677 1709 294 1475 271 1603 336 491 218 49 1806 585 1743 1452 1769 442 1225 616 1522 327 149 1389 449 747 898 9 140 343 302 375 118 1834 1842 1026 719 120 1348 62 850 || mode=RB method=sk_ac_avg solver=pyvrp stage=post_ls ls=pyvrp iter=11
2026-03-15 22:32:48 | INFO     | [POOL #00490] 741 911 1250 1556 1755 134 408 1110 553 289 509 1847 1855 1358 679 1904 777 1630 1201 133 920 689 1921 519 790 435 1310 1263 1862 1003 1304 1683 183 468 862 1442 1168 1885 541 870 174 1699 || mode=RB method=sk_ac_avg solver=pyvrp stage=post_ls ls=pyvrp iter=11
2026-03-15 22:32:48 | INFO     | [POOL #00491] 1352 535 1629 150 1912 1792 537 1735 1638 831 1109 1561 631 623 1043 1546 1678 696 1150 1800 1308 1796 895 753 1606 751 1634 503 1436 50 783 885 332 1245 || mode=RB method=sk_ac_avg solver=pyvrp stage=post_ls ls=pyvrp iter=11
2026-03-15 22:32:48 | INFO     | [POOL #00492] 211 860 568 1081 1591 962 731 750 1233 399 770 1861 655 593 536 927 1807 355 152 1649 286 1919 1301 1401 1382 383 1873 1472 234 840 774 1448 1808 1203 422 1623 242 127 1918 1040 1108 1654 326 932 || mode=RB method=sk_ac_avg solver=pyvrp stage=post_ls ls=pyvrp iter=11
2026-03-15 22:32:48 | INFO     | [POOL #00493] 251 959 908 1266 202 1553 914 1852 1359 1136 931 203 58 1897 170 849 385 1120 473 746 1320 1240 1414 1574 1067 1238 544 979 1319 764 551 1140 129 727 1457 1133 1491 752 406 1500 || mode=RB method=sk_ac_avg solver=pyvrp stage=post_ls ls=pyvrp iter=11
2026-03-15 22:32:48 | INFO     | [POOL #00494] 1633 1049 1627 1091 775 1922 1317 1516 531 1316 1541 1777 1932 1689 377 1153 95 779 416 540 1764 1850 59 1149 664 549 794 579 249 1768 1265 1928 1394 1453 754 419 || mode=RB method=sk_ac_avg solver=pyvrp stage=post_ls ls=pyvrp iter=11
2026-03-15 22:32:48 | INFO     | [POOL #00495] 40 1221 1243 603 1315 79 766 1218 1208 1580 1803 472 673 367 1021 1804 1152 1327 1023 912 16 1175 1909 402 550 235 1001 1193 25 18 735 291 34 1422 1155 31 93 1662 1495 175 1825 701 1504 413 1542 || mode=RB method=sk_ac_avg solver=pyvrp stage=post_ls ls=pyvrp iter=11
2026-03-15 22:32:48 | INFO     | [POOL #00496] 477 707 1559 1708 1470 1236 1008 371 1162 1646 1430 1011 800 1411 1132 1046 901 879 47 1676 209 52 1798 612 1405 1100 81 1817 638 1099 692 1406 1879 1570 886 1167 1211 1399 589 620 1592 || mode=RB method=sk_ac_avg solver=pyvrp stage=post_ls ls=pyvrp iter=11
2026-03-15 22:32:48 | INFO     | [POOL #00497] 1703 1710 1262 42 1088 514 1902 1682 1519 483 22 699 1588 1783 1435 1253 1367 506 1608 1007 596 1531 186 345 615 1595 576 99 808 1467 450 1429 1127 164 27 315 967 270 128 1557 1754 1098 733 168 586 567 570 || mode=RB method=sk_ac_avg solver=pyvrp stage=post_ls ls=pyvrp iter=11
2026-03-15 22:32:48 | INFO     | [POOL #00498] 1102 1713 410 369 1183 1071 1527 1255 686 282 1775 1045 610 1229 1314 1674 564 198 1159 1851 373 1802 953 1828 1573 1521 907 1895 162 826 1147 404 100 1344 1031 498 1377 1115 1560 423 726 165 998 659 || mode=RB method=sk_ac_avg solver=pyvrp stage=post_ls ls=pyvrp iter=11
2026-03-15 22:32:48 | INFO     | [POOL #00499] 173 803 1785 717 1024 1415 1351 1668 1545 360 180 290 684 730 749 1056 1875 637 712 577 1059 1337 915 868 215 69 1186 330 572 208 1325 1124 1369 1614 151 691 1914 83 1313 1838 1209 1652 262 527 1360 231 1117 520 984 1693 28 || mode=RB method=sk_ac_avg solver=pyvrp stage=post_ls ls=pyvrp iter=11
2026-03-15 22:32:48 | INFO     | [POOL #00500] 190 1425 1321 1782 604 723 1302 1538 880 1412 1607 1012 239 1532 662 469 1841 156 101 737 1575 1613 1665 1244 106 904 941 316 197 1801 809 1600 787 1009 916 524 704 1156 || mode=RB method=sk_ac_avg solver=pyvrp stage=post_ls ls=pyvrp iter=11
2026-03-15 22:32:48 | INFO     | [POOL #00501] 356 434 882 14 1908 1336 1586 1299 1707 1567 1390 1528 159 1506 475 571 1354 1087 1407 296 804 359 1112 769 758 278 949 1698 36 43 1480 1184 1911 1039 1635 || mode=RB method=sk_ac_avg solver=pyvrp stage=post_ls ls=pyvrp iter=11
2026-03-15 22:32:48 | INFO     | [POOL #00502] 37 84 340 1445 1673 867 1687 1615 1119 254 1461 574 702 1388 1057 789 1510 1055 325 1408 934 1362 453 1318 1813 1910 875 1403 426 996 1126 339 845 1473 1295 1036 54 1305 1029 1395 238 708 74 1476 || mode=RB method=sk_ac_avg solver=pyvrp stage=post_ls ls=pyvrp iter=11
2026-03-15 22:32:48 | INFO     | [POOL #00503] 333 1035 877 936 1778 409 1288 1583 1854 1105 1618 1915 1188 1721 184 225 1697 609 394 1185 1887 460 813 853 810 1433 560 354 1113 714 1719 1485 1020 1724 846 324 || mode=VB method=fcm solver=filo2 stage=post_ls ls=pyvrp iter=12
2026-03-15 22:32:48 | INFO     | [POOL #00504] 1028 1378 1736 103 1312 990 1906 193 1200 307 1737 1224 1766 160 1684 1741 124 1226 1865 724 1286 606 545 1856 873 1827 1347 144 1111 116 629 357 1323 837 440 219 1786 447 || mode=VB method=fcm solver=filo2 stage=post_ls ls=pyvrp iter=12
2026-03-15 22:32:48 | INFO     | [POOL #00505] 1277 1508 815 105 1386 1027 1070 489 709 493 1249 1503 1550 763 685 451 923 65 929 889 1278 643 228 1393 229 1883 349 384 341 938 139 1275 697 350 1641 1596 || mode=VB method=fcm solver=filo2 stage=post_ls ls=pyvrp iter=12
2026-03-15 22:32:48 | INFO     | [POOL #00506] 812 688 683 1484 119 1376 279 188 1645 670 581 1891 1222 1631 176 1443 1017 33 676 494 308 865 973 700 1014 497 1609 1517 1434 1424 348 471 1114 1666 966 || mode=VB method=fcm solver=filo2 stage=post_ls ls=pyvrp iter=12
2026-03-15 22:32:48 | INFO     | [POOL #00507] 1620 155 918 295 947 1730 1690 398 1568 641 428 1177 1122 562 980 15 1639 626 86 441 861 887 323 617 976 88 1784 857 1340 1171 433 313 233 517 1164 397 243 || mode=VB method=fcm solver=filo2 stage=post_ls ls=pyvrp iter=12
2026-03-15 22:32:48 | INFO     | [POOL #00508] 121 1900 595 1811 986 1767 601 400 29 1398 843 446 122 1296 1903 44 951 739 1341 1513 939 283 1576 461 1663 1346 1787 240 817 640 1853 864 1632 10 558 896 1371 482 1258 391 1740 1410 1738 1217 || mode=VB method=fcm solver=filo2 stage=post_ls ls=pyvrp iter=12
2026-03-15 22:32:48 | INFO     | [POOL #00509] 395 721 1123 642 552 1280 981 1872 268 1331 73 778 1050 1562 179 781 848 1927 1722 1214 250 220 321 1723 635 1751 1799 388 1038 1706 734 1142 261 728 267 1471 1870 762 1739 1928 1394 1453 754 419 || mode=VB method=fcm solver=filo2 stage=post_ls ls=pyvrp iter=12
2026-03-15 22:32:48 | INFO     | [POOL #00510] 443 1836 1013 897 337 1540 417 1342 1343 166 950 718 955 1774 329 1656 964 594 653 366 256 557 1294 1272 438 827 900 1237 1350 971 744 1279 1819 830 1095 1917 1223 317 677 930 756 102 424 1139 858 839 1520 1748 || mode=VB method=fcm solver=filo2 stage=post_ls ls=pyvrp iter=12
2026-03-15 22:32:48 | INFO     | [POOL #00511] 1032 222 1466 322 421 157 1131 112 669 35 1840 1063 924 729 181 1507 1881 1657 522 869 48 1790 1065 1252 1146 1752 836 1753 401 611 799 1330 301 107 344 111 1462 1619 5 538 1589 77 1745 || mode=VB method=fcm solver=filo2 stage=post_ls ls=pyvrp iter=12
2026-03-15 22:32:48 | INFO     | [POOL #00512] 847 1093 1374 1558 21 392 1720 1587 565 1637 1815 960 53 1833 633 1726 1077 1173 1655 194 919 1454 1368 1667 1829 1636 1392 1269 265 1931 496 767 1018 298 974 1385 1624 1712 || mode=VB method=fcm solver=filo2 stage=post_ls ls=pyvrp iter=12
2026-03-15 22:32:48 | INFO     | [POOL #00513] 570 567 586 168 231 1360 1557 128 81 1100 967 315 527 498 1031 27 164 1652 1344 1209 1313 1127 1838 826 1147 404 100 262 1676 209 52 1115 1377 1798 1405 612 1817 638 1099 692 1406 1117 520 984 1693 28 || mode=VB method=fcm solver=filo2 stage=post_ls ls=pyvrp iter=12
2026-03-15 22:32:48 | INFO     | [POOL #00514] 72 1195 546 312 910 838 1529 992 1235 1107 1877 1421 431 51 1479 1874 1138 1234 1456 1328 1345 177 793 1231 1455 135 614 1101 835 430 459 518 1824 824 1564 76 1893 582 158 || mode=VB method=fcm solver=filo2 stage=post_ls ls=pyvrp iter=12
2026-03-15 22:32:48 | INFO     | [POOL #00515] 1284 1075 1601 1584 82 968 1626 639 698 1696 1324 1672 1505 672 573 1274 592 1161 559 1727 1868 1172 1083 1219 690 479 1242 1711 1157 1460 816 806 1763 1370 1230 1857 1871 1419 1831 1481 1092 1551 113 963 1241 || mode=VB method=fcm solver=filo2 stage=post_ls ls=pyvrp iter=12
2026-03-15 22:32:48 | INFO     | [POOL #00516] 477 707 1592 620 589 1708 1470 1236 1399 1211 1167 726 886 1570 1879 699 1435 1253 1367 506 1608 1159 1007 198 564 1674 1314 1229 610 1045 1775 282 686 59 1149 664 549 794 579 717 1785 803 || mode=VB method=fcm solver=filo2 stage=post_ls ls=pyvrp iter=12
2026-03-15 22:32:48 | INFO     | [POOL #00517] 1156 704 804 296 190 571 472 787 1600 809 1801 197 316 941 904 604 723 1665 1244 1613 1575 662 1532 737 101 156 1841 469 1337 915 106 868 215 69 99 808 1467 1895 907 1521 1046 800 1560 1008 1559 || mode=VB method=fcm solver=filo2 stage=post_ls ls=pyvrp iter=12
2026-03-15 22:32:48 | INFO     | [POOL #00518] 1635 356 1476 1039 1911 708 238 434 1395 1184 733 1098 1480 1754 43 36 1698 14 54 1295 1036 906 1832 1165 1878 226 66 1846 1103 625 74 1525 452 40 || mode=VB method=fcm solver=filo2 stage=post_ls ls=pyvrp iter=12
2026-03-15 22:32:48 | INFO     | [POOL #00519] 173 1265 249 1768 1024 1415 1351 1668 1545 360 180 290 684 730 749 1056 1875 637 712 577 1059 615 1595 576 345 186 1531 596 1851 373 1802 953 1828 1573 1646 1783 1588 22 483 95 1153 377 1088 42 165 998 1262 659 || mode=VB method=fcm solver=filo2 stage=post_ls ls=pyvrp iter=12
2026-03-15 22:32:48 | INFO     | [POOL #00520] 1221 45 1309 1305 766 1461 1218 1208 574 1528 159 1580 1388 702 1057 453 789 1510 1055 325 1408 934 1362 1804 1021 1321 1782 367 673 1425 1803 475 1506 1390 1567 1707 1299 1586 1336 758 949 882 || mode=VB method=fcm solver=filo2 stage=post_ls ls=pyvrp iter=12
2026-03-15 22:32:48 | INFO     | [POOL #00521] 423 371 1162 1430 1011 1411 1132 901 879 47 162 450 1429 1325 1124 208 572 330 1186 1369 1614 151 691 1914 1009 83 916 1087 1354 1407 524 270 359 1112 769 278 1908 79 1315 1029 603 1243 || mode=VB method=fcm solver=filo2 stage=post_ls ls=pyvrp iter=12
2026-03-15 22:32:48 | INFO     | [POOL #00522] 883 372 264 407 1590 1444 761 1 1688 1357 1086 1605 1085 304 1923 1880 1533 1662 1155 93 31 254 1119 1615 1687 78 876 276 1270 1287 362 1010 888 1445 84 37 1566 || mode=VB method=fcm solver=filo2 stage=post_ls ls=pyvrp iter=12
2026-03-15 22:32:48 | INFO     | [POOL #00523] 978 252 1254 7 1151 167 1593 1746 464 1705 465 1901 1926 1602 361 68 1384 141 257 613 1905 1793 863 1924 1332 495 1869 969 832 1402 1438 1239 1759 584 85 363 743 1492 666 1420 725 1016 529 922 786 713 1599 1292 201 || mode=VB method=fcm solver=filo2 stage=post_ls ls=pyvrp iter=12
2026-03-15 22:32:48 | INFO     | [POOL #00524] 1542 413 575 1504 701 972 1495 34 1422 339 291 735 18 25 1910 1193 1001 235 550 402 1412 1607 1012 239 1302 1538 880 16 912 1175 1909 1023 1327 1152 1318 1813 875 1403 426 996 1126 845 1473 867 1673 997 1845 1821 340 || mode=VB method=fcm solver=filo2 stage=post_ls ls=pyvrp iter=12
2026-03-15 22:32:48 | INFO     | [POOL #00525] 720 768 1795 1373 137 1025 523 1335 822 200 600 223 627 1647 1259 1830 411 648 999 647 20 161 856 19 665 1812 1118 1365 852 147 1616 1907 1837 306 1497 946 245 1744 1661 454 1220 1397 || mode=VB method=fcm solver=filo2 stage=post_ls ls=pyvrp iter=12
2026-03-15 22:32:48 | INFO     | [POOL #00526] 1102 1703 1710 1713 410 369 1183 1071 1527 1255 1850 1764 540 416 779 1519 1682 1902 514 1689 1932 1777 1541 1316 531 1516 1317 1922 775 1091 1627 1049 1633 || mode=VB method=fcm solver=filo2 stage=post_ls ls=pyvrp iter=12
2026-03-15 22:32:48 | INFO     | [POOL #00527] 583 90 656 379 381 1066 1899 1490 1084 432 956 8 1776 23 597 1681 293 773 1432 1825 175 480 342 784 1060 556 412 516 1289 757 370 1361 470 || mode=VB method=fcm solver=filo2 stage=post_ls ls=pyvrp iter=12
2026-03-15 22:32:48 | INFO     | [POOL #00528] 693 995 97 328 588 1174 1502 1428 1563 1400 132 1042 1037 1664 189 1742 1610 878 292 1072 658 1334 937 1125 1380 798 1141 1264 598 486 694 1160 346 1047 1311 1535 991 285 1555 1669 1205 745 792 230 513 1658 1145 507 || mode=VB method=fcm solver=filo2 stage=post_ls ls=pyvrp iter=12
2026-03-15 22:32:48 | INFO     | [POOL #00529] 1409 828 563 902 1080 1180 1178 977 1810 844 1251 1197 881 299 1326 1702 61 380 755 1498 502 358 500 92 512 825 1680 1148 351 957 1094 318 628 760 1761 1547 1006 117 944 742 437 1695 917 || mode=VB method=fcm solver=filo2 stage=post_ls ls=pyvrp iter=12
2026-03-15 22:32:48 | INFO     | [POOL #00530] 1078 590 32 1594 1307 444 1916 320 1339 1826 1232 1644 1297 1650 1440 1426 1190 94 660 227 448 246 740 196 715 || mode=VB method=fcm solver=filo2 stage=post_ls ls=pyvrp iter=12
2026-03-15 22:32:48 | INFO     | [POOL #00531] 1886 1625 1814 772 644 258 1867 1064 171 1640 266 533 958 1143 30 87 138 353 711 954 67 1053 1048 1019 706 182 530 300 807 1202 1293 534 386 632 192 921 607 1679 528 1643 1882 903 1621 1514 788 1154 4 || mode=VB method=fcm solver=filo2 stage=post_ls ls=pyvrp iter=12
2026-03-15 22:32:48 | INFO     | [POOL #00532] 975 1290 490 154 1416 1355 1822 776 1577 1306 347 738 499 608 1282 1068 913 13 1329 1536 248 1247 123 1216 237 415 1733 63 759 993 436 1648 942 1248 378 988 217 801 1169 288 319 1651 695 578 1130 364 983 1418 || mode=VB method=fcm solver=filo2 stage=post_ls ls=pyvrp iter=12
2026-03-15 22:32:48 | INFO     | [POOL #00533] 1000 1791 1204 657 163 1539 1191 1604 1515 1530 591 6 236 210 1189 622 1823 1458 1889 89 146 455 833 1477 1396 1704 1732 874 1478 1349 1417 110 60 814 1383 187 624 716 195 || mode=VB method=fcm solver=filo2 stage=post_ls ls=pyvrp iter=12
2026-03-15 22:32:48 | INFO     | [POOL #00534] 1524 253 368 1820 1866 1692 169 1728 1552 1291 1176 1096 1015 1213 1364 445 1843 1267 508 403 525 872 618 859 797 1488 855 1747 505 771 1930 467 1404 765 1750 311 705 989 985 791 457 1685 866 108 || mode=VB method=fcm solver=filo2 stage=post_ls ls=pyvrp iter=12
2026-03-15 22:32:48 | INFO     | [POOL #00535] 1423 1215 1182 1780 521 802 636 1446 244 131 1925 782 241 463 1756 260 3 1450 178 1512 1121 1170 1372 687 1670 569 414 130 1137 75 952 1468 1581 80 940 650 303 682 481 1554 387 115 1770 1439 || mode=VB method=fcm solver=filo2 stage=post_ls ls=pyvrp iter=12
2026-03-15 22:32:48 | INFO     | [POOL #00536] 894 1493 1884 851 1487 899 619 1261 1686 680 515 272 1482 405 1509 277 41 667 1772 928 145 310 925 1281 474 1794 561 678 555 1356 587 1543 1579 1285 281 892 1391 905 39 1788 1002 57 1199 649 114 || mode=VB method=fcm solver=filo2 stage=post_ls ls=pyvrp iter=12
2026-03-15 22:32:48 | INFO     | [POOL #00537] 602 1260 532 216 805 1844 1700 1571 668 104 820 651 1089 1597 1653 1206 1675 213 1181 1463 1082 819 273 945 389 1079 1920 1375 1322 478 1210 24 487 1459 1486 1069 1427 722 909 || mode=VB method=fcm solver=filo2 stage=post_ls ls=pyvrp iter=12
2026-03-15 22:32:48 | INFO     | [POOL #00538] 331 352 109 1022 823 785 1731 1451 287 1116 1246 1809 1714 1163 1572 1701 204 1611 1276 732 374 1860 1257 674 1033 1303 275 994 207 1449 982 663 834 654 961 || mode=VB method=fcm solver=filo2 stage=post_ls ls=pyvrp iter=12
2026-03-15 22:32:48 | INFO     | [POOL #00539] 1569 1104 1353 284 1805 634 1876 675 1483 314 1129 26 148 46 547 492 1158 652 191 504 1715 11 935 1725 476 485 1447 926 488 1073 309 1268 1898 1298 263 259 1718 1582 948 || mode=VB method=fcm solver=filo2 stage=post_ls ls=pyvrp iter=12
2026-03-15 22:32:48 | INFO     | [POOL #00540] 251 719 1842 1834 118 375 1852 1359 1136 1729 1090 1779 1366 420 501 1413 1062 1858 199 893 1144 1464 1537 456 842 1501 1839 55 206 1212 818 1166 142 125 796 1256 1128 1585 98 646 1659 429 543 1051 736 || mode=VB method=fcm solver=filo2 stage=post_ls ls=pyvrp iter=12
2026-03-15 22:32:48 | INFO     | [POOL #00541] 850 1026 1266 9 898 449 1389 149 327 1522 616 931 203 58 1897 170 1238 849 385 1120 473 746 1320 1240 1414 1574 1067 764 1319 979 544 1491 1133 1743 1452 1769 1225 752 1807 927 355 1919 1301 1401 1623 || mode=VB method=fcm solver=filo2 stage=post_ls ls=pyvrp iter=12
2026-03-15 22:32:48 | INFO     | [POOL #00542] 1629 150 1912 1792 537 1735 1638 831 1109 1561 302 343 140 202 1553 914 747 406 286 1649 152 1304 1475 1683 294 153 1333 1691 1677 1863 710 1168 1379 91 1617 172 1933 1699 || mode=VB method=fcm solver=filo2 stage=post_ls ls=pyvrp iter=12
2026-03-15 22:32:48 | INFO     | [POOL #00543] 1864 221 1511 484 1749 965 1040 1918 1523 127 242 422 1203 862 1442 468 383 1873 1472 234 840 774 1500 1448 1808 908 120 959 1348 62 1108 1654 326 932 1352 || mode=VB method=fcm solver=filo2 stage=post_ls ls=pyvrp iter=12
2026-03-15 22:32:48 | INFO     | [POOL #00544] 1054 17 1437 1660 1034 1694 1762 297 987 1300 1534 1578 1044 1194 811 1892 1716 681 280 126 232 1179 1196 1489 621 1896 439 1549 1642 821 1271 630 334 884 1765 418 1816 1890 580 1187 1859 1757 1005 1207 1074 || mode=VB method=fcm solver=filo2 stage=post_ls ls=pyvrp iter=12
2026-03-15 22:32:48 | INFO     | [POOL #00545] 1758 890 382 335 1134 1499 1760 1781 390 854 1598 554 1929 1061 212 274 376 338 462 841 970 1135 224 511 71 458 214 795 703 305 891 247 1849 1548 393 566 1198 1518 1228 143 829 1734 1628 1076 1431 12 1894 748 || mode=VB method=fcm solver=filo2 stage=post_ls ls=pyvrp iter=12
2026-03-15 22:32:48 | INFO     | [POOL #00546] 860 174 870 541 1885 1709 183 1382 1003 1862 536 442 218 49 1806 585 1457 727 129 551 1140 599 1041 205 1544 1441 1381 1465 1494 1888 1030 1283 1565 1818 427 548 542 671 1848 777 943 1771 1052 1338 56 780 || mode=VB method=fcm solver=filo2 stage=post_ls ls=pyvrp iter=12
2026-03-15 22:32:48 | INFO     | [POOL #00547] 425 1797 255 1622 64 1904 679 1847 1855 1358 1201 1630 133 920 689 1921 519 790 435 491 1310 336 1263 1603 593 271 655 1861 1097 1612 1273 399 1233 750 731 962 38 1591 1081 568 211 || mode=VB method=fcm solver=filo2 stage=post_ls ls=pyvrp iter=12
2026-03-15 22:32:48 | INFO     | [POOL #00548] 1245 332 783 885 871 269 1106 136 661 1606 753 1308 895 1796 96 526 1913 1469 1474 185 1526 1678 1546 696 1150 1800 1043 623 631 751 1634 503 1436 50 1192 535 || mode=VB method=fcm solver=filo2 stage=post_ls ls=pyvrp iter=12
2026-03-15 22:32:48 | INFO     | [POOL #00549] 1717 1227 1363 466 134 1110 1671 1496 539 553 289 509 770 1835 1058 605 510 1004 1387 1789 408 1755 396 1556 1250 911 70 933 741 1773 645 365 2 || mode=VB method=fcm solver=filo2 stage=post_ls ls=pyvrp iter=12
2026-03-15 22:32:48 | INFO     | [POOL #00550] 114 1886 649 995 57 1002 97 1814 772 328 588 1064 1640 533 958 1143 30 87 138 353 711 67 954 386 1535 991 1756 260 3 1311 1047 346 1160 694 486 798 598 1264 1141 1334 706 1019 1048 1053 878 1610 1742 1042 1400 1428 1502 1174 899 578 1130 364 894 || mode=RB method=sk_ac_avg solver=pyvrp stage=post_ls ls=pyvrp iter=13
2026-03-15 22:32:48 | INFO     | [POOL #00551] 917 1695 695 319 1169 217 988 515 272 1482 405 1509 277 1037 189 1664 292 1072 658 937 1125 1380 182 530 300 807 1202 1293 534 632 192 607 921 285 1555 782 1925 241 463 131 636 802 1554 387 115 1770 1215 1423 || mode=RB method=sk_ac_avg solver=pyvrp stage=post_ls ls=pyvrp iter=13
2026-03-15 22:32:48 | INFO     | [POOL #00552] 421 157 1131 112 669 35 1063 1840 481 303 1446 244 650 940 80 1121 1512 1450 178 1170 1372 687 1670 569 414 130 1137 75 952 1581 1468 682 924 181 729 1280 552 642 1424 348 966 || mode=RB method=sk_ac_avg solver=pyvrp stage=post_ls ls=pyvrp iter=13
2026-03-15 22:32:48 | INFO     | [POOL #00553] 1180 760 628 318 1094 957 351 1148 378 145 310 925 1281 132 474 1563 266 171 1867 258 644 1514 1621 1658 513 903 1882 1679 528 1643 230 792 745 1669 1205 521 1780 1182 507 1145 788 1154 693 || mode=RB method=sk_ac_avg solver=pyvrp stage=post_ls ls=pyvrp iter=13
2026-03-15 22:32:48 | INFO     | [POOL #00554] 196 1409 828 563 437 742 944 117 1006 1761 1547 801 619 1261 1356 587 1543 1579 1285 281 892 1391 905 39 1788 1487 851 1884 1493 1625 1199 4 1439 322 1466 222 1032 || mode=RB method=sk_ac_avg solver=pyvrp stage=post_ls ls=pyvrp iter=13
2026-03-15 22:32:48 | INFO     | [POOL #00555] 246 448 1000 1232 1644 1297 1650 1440 1791 1204 657 163 1539 1191 1604 1530 1515 455 738 499 380 1498 755 502 500 358 512 1248 825 1680 299 1326 881 1197 1251 844 1810 977 716 195 975 740 || mode=RB method=sk_ac_avg solver=pyvrp stage=post_ls ls=pyvrp iter=13
2026-03-15 22:32:48 | INFO     | [POOL #00556] 624 187 1383 814 60 110 1417 1822 776 1478 874 1732 1396 591 6 236 210 1189 622 1823 1458 1889 89 146 1477 833 1704 1355 1416 154 490 1290 1426 1190 94 660 227 1339 1594 || mode=RB method=sk_ac_avg solver=pyvrp stage=post_ls ls=pyvrp iter=13
2026-03-15 22:32:48 | INFO     | [POOL #00557] 902 1080 1178 1349 1577 1306 347 1702 61 608 1282 1068 913 13 1329 1536 248 1247 123 1216 237 415 1733 63 759 993 436 1648 92 942 667 1772 928 41 561 1794 678 555 680 1686 288 1651 983 1418 || mode=RB method=sk_ac_avg solver=pyvrp stage=post_ls ls=pyvrp iter=13
2026-03-15 22:32:48 | INFO     | [POOL #00558] 395 721 1123 1434 1517 1609 497 1014 700 973 268 1331 73 778 1790 48 869 522 1657 1881 1507 981 1872 865 308 1443 176 1631 1222 1891 581 670 1645 188 279 1376 119 77 1484 1114 1666 688 812 || mode=RB method=sk_ac_avg solver=pyvrp stage=post_ls ls=pyvrp iter=13
2026-03-15 22:32:48 | INFO     | [POOL #00559] 1217 121 1900 1410 986 1767 601 482 1371 1398 29 843 446 122 951 44 1903 1787 1346 1663 461 939 283 1576 1350 1237 900 827 971 744 1819 1279 606 1286 124 1684 160 1113 1485 1020 1724 1736 846 324 || mode=RB method=sk_ac_avg solver=pyvrp stage=post_ls ls=pyvrp iter=13
2026-03-15 22:32:48 | INFO     | [POOL #00560] 683 471 107 1017 33 676 494 1753 1752 1146 1252 1927 1722 1214 557 256 366 653 394 1185 438 1272 1294 1751 635 1723 250 321 220 848 781 179 1562 1050 1065 836 401 611 799 1513 1341 739 1330 301 400 1258 391 1740 1786 || mode=RB method=sk_ac_avg solver=pyvrp stage=post_ls ls=pyvrp iter=13
2026-03-15 22:32:48 | INFO     | [POOL #00561] 155 1378 641 428 1177 1122 562 980 1224 1766 1741 1226 1865 724 545 1856 873 1827 1347 15 144 1111 441 323 887 861 1639 626 86 116 677 930 756 102 629 357 1323 858 839 219 1738 || mode=RB method=sk_ac_avg solver=pyvrp stage=post_ls ls=pyvrp iter=13
2026-03-15 22:32:48 | INFO     | [POOL #00562] 847 1277 1508 815 1720 1587 565 1637 1739 762 1870 1471 267 728 1173 194 1655 261 1142 734 1706 1038 388 1799 919 1454 1368 1667 1829 1833 923 451 685 1550 763 65 929 496 767 1018 974 697 350 1596 || mode=RB method=sk_ac_avg solver=pyvrp stage=post_ls ls=pyvrp iter=13
2026-03-15 22:32:48 | INFO     | [POOL #00563] 1620 333 1035 877 936 1836 1013 1288 1343 950 718 1774 329 1656 964 1636 1392 1269 633 1726 1077 1815 960 53 1503 1249 493 709 489 1070 1027 1386 392 21 1558 1374 1093 || mode=RB method=sk_ac_avg solver=pyvrp stage=post_ls ls=pyvrp iter=13
2026-03-15 22:32:48 | INFO     | [POOL #00564] 443 1275 139 384 349 897 1540 166 1188 184 225 594 609 1697 1887 460 813 560 1433 810 853 1737 307 1200 193 1906 990 1312 398 1568 433 233 517 1164 397 || mode=RB method=sk_ac_avg solver=pyvrp stage=post_ls ls=pyvrp iter=13
2026-03-15 22:32:48 | INFO     | [POOL #00565] 1712 1624 1641 1385 105 298 938 341 1883 229 1278 889 1931 265 955 1721 1915 1618 1105 354 714 1719 1854 1583 1342 417 228 643 1393 337 409 1778 103 1690 1730 947 295 918 1028 243 || mode=RB method=sk_ac_avg solver=pyvrp stage=post_ls ls=pyvrp iter=13
2026-03-15 22:32:48 | INFO     | [POOL #00566] 1745 595 1811 1589 538 5 1619 1462 111 344 1296 1853 640 317 830 1095 1917 1223 817 240 864 1632 896 558 10 424 1139 88 976 617 1784 857 1340 1171 313 837 440 1520 1748 447 || mode=RB method=sk_ac_avg solver=pyvrp stage=post_ls ls=pyvrp iter=13
2026-03-15 22:32:48 | INFO     | [POOL #00567] 1054 748 736 1051 543 429 1431 382 1134 1499 987 1300 1534 1578 1044 1781 390 854 1929 1061 554 1598 566 1198 1518 1760 1228 143 829 1734 1628 1076 335 1694 1069 1034 1660 1427 1437 890 909 602 || mode=RB method=sk_ac_avg solver=pyvrp stage=post_ls ls=pyvrp iter=13
2026-03-15 22:32:48 | INFO     | [POOL #00568] 961 948 654 834 1718 259 263 1298 207 994 675 275 1303 1033 674 309 1268 1860 374 732 1276 1611 204 1701 1572 1714 1809 1246 1116 287 1451 785 823 1022 109 1582 352 331 || mode=RB method=sk_ac_avg solver=pyvrp stage=post_ls ls=pyvrp iter=13
2026-03-15 22:32:48 | INFO     | [POOL #00569] 1569 1104 663 982 1449 1898 1257 1073 488 926 1447 485 476 1725 935 11 1715 504 652 191 821 1642 1271 630 334 418 884 1765 1158 492 547 1483 314 1187 1859 1757 1876 634 1805 284 1353 1074 || mode=RB method=sk_ac_avg solver=pyvrp stage=post_ls ls=pyvrp iter=13
2026-03-15 22:32:48 | INFO     | [POOL #00570] 1207 216 1005 1571 668 104 580 1129 26 148 46 1816 1890 1089 1597 1653 1206 1675 1549 439 1896 621 1489 1196 1179 1181 213 273 389 651 820 1375 1700 805 532 1260 || mode=RB method=sk_ac_avg solver=pyvrp stage=post_ls ls=pyvrp iter=13
2026-03-15 22:32:48 | INFO     | [POOL #00571] 17 1894 12 1762 297 1486 1459 487 1210 478 1322 1920 1079 945 819 1082 1463 280 126 232 970 841 462 71 458 214 703 795 393 1548 1849 247 891 305 511 224 1135 338 376 274 212 681 1716 1892 811 1194 24 1844 722 1758 || mode=RB method=sk_ac_avg solver=pyvrp stage=post_ls ls=pyvrp iter=13
2026-03-15 22:32:48 | INFO     | [POOL #00572] 40 1221 1243 603 882 14 1908 1336 1586 1299 1707 1567 1208 159 1390 1506 475 1354 1087 1407 296 804 359 1112 769 758 278 949 1698 36 43 1480 1184 1039 || mode=RB method=sk_ac_avg solver=pyvrp stage=post_ls ls=pyvrp iter=13
2026-03-15 22:32:48 | INFO     | [POOL #00573] 477 707 28 1559 1708 1470 1236 1008 371 1162 1646 1430 1011 800 52 1132 1411 1046 901 879 47 1676 209 498 527 1798 1377 1115 612 1560 1879 1570 886 423 726 1167 1211 1399 589 620 1592 || mode=RB method=sk_ac_avg solver=pyvrp stage=post_ls ls=pyvrp iter=13
2026-03-15 22:32:48 | INFO     | [POOL #00574] 1703 1710 1713 410 369 1071 1527 1255 1764 686 282 1775 1045 610 1229 1314 1608 1159 596 1531 186 345 615 1595 576 99 808 1429 450 1127 1313 1209 1652 164 1031 315 270 967 81 128 1557 1360 1754 1098 733 567 || mode=RB method=sk_ac_avg solver=pyvrp stage=post_ls ls=pyvrp iter=13
2026-03-15 22:32:48 | INFO     | [POOL #00575] 1102 659 1262 998 165 42 1088 514 1902 1682 1519 483 22 699 1588 1783 1435 1253 1367 506 1674 564 198 1007 1851 373 1467 1895 1802 953 1828 1573 1521 907 162 1147 826 1838 1344 100 404 262 1405 1817 692 1406 1117 520 1693 || mode=RB method=sk_ac_avg solver=pyvrp stage=post_ls ls=pyvrp iter=13
2026-03-15 22:32:48 | INFO     | [POOL #00576] 173 803 1785 717 1024 1415 1351 1668 1545 360 180 290 684 730 749 1056 1875 637 712 577 1059 1337 915 868 215 69 1186 330 572 208 1325 1124 1369 1614 151 691 1914 83 27 1100 638 1099 231 168 586 984 570 || mode=RB method=sk_ac_avg solver=pyvrp stage=post_ls ls=pyvrp iter=13
2026-03-15 22:32:48 | INFO     | [POOL #00577] 37 84 340 1445 1673 867 1687 1615 1119 254 1473 1461 702 1388 1057 453 1152 1021 1327 1023 912 16 1175 1909 402 550 235 1001 1193 1910 25 18 735 291 339 1422 34 1155 31 93 1662 1495 175 1825 701 1504 413 1542 || mode=RB method=sk_ac_avg solver=pyvrp stage=post_ls ls=pyvrp iter=13
2026-03-15 22:32:48 | INFO     | [POOL #00578] 1635 1476 1911 708 238 1315 79 766 1218 574 1528 1580 571 1803 472 673 367 1510 1055 325 789 1408 934 1362 1804 1318 1813 875 1403 426 996 1126 845 1295 1036 54 1305 1029 1395 434 74 356 || mode=RB method=sk_ac_avg solver=pyvrp stage=post_ls ls=pyvrp iter=13
2026-03-15 22:32:48 | INFO     | [POOL #00579] 72 1195 546 312 910 838 1529 992 1107 1235 1421 1877 1151 167 946 1837 1907 1616 147 852 1593 1874 1138 464 806 1763 1746 1370 1230 1365 1812 1118 1857 1871 1419 306 1497 245 1744 7 1254 252 978 || mode=RB method=sk_ac_complete solver=filo1 stage=post_ls ls=pyvrp iter=14
2026-03-15 22:32:48 | INFO     | [POOL #00580] 477 707 620 589 1708 1470 1236 1008 1560 1430 1011 52 209 1676 879 901 47 162 1147 826 1127 1313 1209 1344 1652 164 27 1031 527 498 1798 1377 1115 612 1817 638 1099 231 168 586 567 570 || mode=RB method=sk_ac_complete solver=filo1 stage=post_ls ls=pyvrp iter=14
2026-03-15 22:32:48 | INFO     | [POOL #00581] 1241 1661 665 672 573 1274 592 1868 1727 1161 559 816 1157 1711 1242 690 1219 257 613 1905 1793 863 1924 1239 1759 85 584 363 743 1492 666 1533 1662 1495 175 1825 480 342 701 1504 575 413 || mode=RB method=sk_ac_complete solver=filo1 stage=post_ls ls=pyvrp iter=14
2026-03-15 22:32:48 | INFO     | [POOL #00582] 158 1893 883 372 264 835 1101 51 1234 1456 1328 465 1901 1926 1602 361 68 141 1384 1880 1923 304 1085 1605 1432 773 293 1681 1776 529 1444 786 713 1599 381 379 90 583 || mode=RB method=sk_ac_complete solver=filo1 stage=post_ls ls=pyvrp iter=14
2026-03-15 22:32:48 | INFO     | [POOL #00583] 1542 1445 1287 1270 78 31 93 1155 34 1422 339 996 291 735 18 25 1910 875 1403 426 1057 453 1813 1318 1152 1804 1362 934 1408 325 1055 1510 789 1388 702 1126 845 254 1119 1615 867 997 1845 1821 340 84 37 || mode=RB method=sk_ac_complete solver=filo1 stage=post_ls ls=pyvrp iter=14
2026-03-15 22:32:48 | INFO     | [POOL #00584] 1635 1476 1039 1911 1184 733 1098 1754 1360 1557 128 81 1100 967 315 270 1087 1354 1407 296 804 1299 1586 1336 769 758 278 1908 949 1698 36 43 1480 1395 434 238 708 74 356 || mode=RB method=sk_ac_complete solver=filo1 stage=post_ls ls=pyvrp iter=14
2026-03-15 22:32:48 | INFO     | [POOL #00585] 656 201 1292 1066 1899 1490 1084 922 432 956 8 23 597 1016 725 1420 1086 1357 761 1 1688 177 1345 793 1231 1455 135 614 1590 407 430 459 518 1824 824 1564 76 582 || mode=RB method=sk_ac_complete solver=filo1 stage=post_ls ls=pyvrp iter=14
2026-03-15 22:32:48 | INFO     | [POOL #00586] 28 984 520 1117 692 800 1411 1132 1046 1521 907 1895 1467 808 99 330 1186 1369 1614 1801 809 1600 787 472 475 1506 1580 1390 159 1528 574 1208 1218 1461 1473 1165 1878 226 66 45 || mode=RB method=sk_ac_complete solver=filo1 stage=post_ls ls=pyvrp iter=14
2026-03-15 22:32:48 | INFO     | [POOL #00587] 470 1361 370 1566 757 1289 516 412 556 1060 784 888 1010 972 362 276 876 1687 1673 1832 906 1036 1295 54 1305 14 1315 1029 882 603 1309 1846 1243 1103 625 1525 452 1221 40 || mode=RB method=sk_ac_complete solver=filo1 stage=post_ls ls=pyvrp iter=14
2026-03-15 22:32:48 | INFO     | [POOL #00588] 431 1479 1705 1460 479 1083 1172 1332 495 1869 969 832 1438 1402 1193 1001 235 550 402 1412 1607 1012 239 1575 1613 662 1532 737 101 156 1841 469 1337 915 868 215 69 572 208 1124 1325 1429 450 1838 100 404 262 1405 1406 1693 1559 || mode=RB method=sk_ac_complete solver=filo1 stage=post_ls ls=pyvrp iter=14
2026-03-15 22:32:48 | INFO     | [POOL #00589] 1156 704 1112 359 524 916 83 1009 1914 691 151 197 316 941 904 106 1244 1665 604 723 1302 1538 880 16 912 1175 1909 1023 1327 1021 1321 1782 367 673 1425 1803 571 190 1567 1707 766 79 || mode=RB method=sk_ac_complete solver=filo1 stage=post_ls ls=pyvrp iter=14
2026-03-15 22:32:48 | INFO     | [POOL #00590] 715 1078 590 108 1594 444 1916 320 1826 791 985 989 705 311 1750 765 1404 505 855 1747 771 1213 1015 943 1771 1096 1291 1176 169 1692 1866 1820 780 368 253 1524 1363 1227 || mode=RB method=sk_ac_complete solver=filo1 stage=post_ls ls=pyvrp iter=14
2026-03-15 22:32:48 | INFO     | [POOL #00591] 211 568 1081 1591 38 962 731 750 1233 399 1273 1612 1097 1861 655 271 1304 1475 1683 294 153 1333 1691 710 1863 1677 1709 468 862 1442 1168 1379 91 1617 1523 1918 1040 965 1749 484 1511 || mode=RB method=sk_ac_complete solver=filo1 stage=post_ls ls=pyvrp iter=14
2026-03-15 22:32:48 | INFO     | [POOL #00592] 1717 1773 911 1250 1556 1755 134 1110 1496 539 553 289 1904 679 1358 1855 1847 509 770 1835 1058 605 510 1004 1387 1622 255 1797 396 70 933 741 645 365 2 || mode=RB method=sk_ac_complete solver=filo1 stage=post_ls ls=pyvrp iter=14
2026-03-15 22:32:48 | INFO     | [POOL #00593] 1352 535 932 326 150 251 959 120 908 1026 1842 719 1834 118 375 140 343 302 914 1553 202 898 9 1266 774 840 1500 1448 1808 1623 242 127 1348 62 1108 1654 850 221 || mode=RB method=sk_ac_complete solver=filo1 stage=post_ls ls=pyvrp iter=14
2026-03-15 22:32:48 | INFO     | [POOL #00594] 1864 1629 1912 1792 537 1735 1638 831 1109 1561 631 623 1852 1359 1136 1546 1678 696 1150 1043 1800 1308 1796 895 753 1606 751 1634 503 1436 50 783 885 332 1245 || mode=RB method=sk_ac_complete solver=filo1 stage=post_ls ls=pyvrp iter=14
2026-03-15 22:32:48 | INFO     | [POOL #00595] 466 56 1671 1338 1052 777 1630 1848 671 542 548 427 1818 1565 1283 1030 1888 1494 1465 1381 1441 1544 205 599 1041 1364 445 1843 1267 508 403 525 872 618 859 797 1488 467 1930 1552 1728 457 1685 1307 32 || mode=RB method=sk_ac_complete solver=filo1 stage=post_ls ls=pyvrp iter=14
2026-03-15 22:32:48 | INFO     | [POOL #00596] 860 174 541 1885 183 383 1382 1003 152 1649 355 927 1807 752 1225 1238 1067 1574 1414 1240 1320 746 473 1120 385 849 170 1897 58 203 931 616 1522 327 149 1389 449 747 406 286 1919 1301 1401 234 1472 1203 422 172 1933 1699 || mode=RB method=sk_ac_complete solver=filo1 stage=post_ls ls=pyvrp iter=14
2026-03-15 22:32:48 | INFO     | [POOL #00597] 425 408 1789 64 1201 133 920 689 1921 519 790 435 1310 491 218 49 1806 585 1743 1133 1457 727 129 1140 551 764 1319 979 544 1491 1452 1769 442 336 1263 1603 536 593 1862 1873 870 || mode=RB method=sk_ac_complete solver=filo1 stage=post_ls ls=pyvrp iter=14
2026-03-15 22:32:48 | INFO     | [POOL #00598] 243 397 447 1748 1786 219 1520 440 839 858 1323 1784 976 88 357 629 1139 424 10 1632 558 896 1371 482 1258 391 1740 1767 986 1589 77 1484 1114 1666 688 812 || mode=RB method=sk_ac_complete solver=filo1 stage=post_ls ls=pyvrp iter=14
2026-03-15 22:32:48 | INFO     | [POOL #00599] 1028 918 295 433 1340 857 887 861 1122 562 980 15 1639 626 86 1111 144 1347 1827 873 1856 545 606 1286 1865 724 744 1279 1819 830 317 640 1853 102 756 930 677 116 441 323 617 1171 837 313 233 517 1164 || mode=RB method=sk_ac_complete solver=filo1 stage=post_ls ls=pyvrp iter=14
2026-03-15 22:32:48 | INFO     | [POOL #00600] 196 1409 828 563 902 1080 1180 624 187 1178 977 1810 844 1251 1197 881 299 1326 1702 61 499 738 455 833 1477 1704 1732 874 1478 776 1822 1417 110 60 814 490 1290 1190 660 448 246 || mode=RB method=sk_ac_complete solver=filo1 stage=post_ls ls=pyvrp iter=14
2026-03-15 22:32:48 | INFO     | [POOL #00601] 1886 649 1199 57 1002 1788 39 905 1391 892 281 1285 1579 1543 587 1356 678 561 1794 474 1281 925 310 145 928 1772 667 41 277 1509 405 1482 555 680 1686 1261 619 899 1487 851 1884 1493 983 1418 || mode=RB method=sk_ac_complete solver=filo1 stage=post_ls ls=pyvrp iter=14
2026-03-15 22:32:48 | INFO     | [POOL #00602] 1625 1814 588 1174 1502 1428 1563 1400 132 1042 1037 1664 189 1742 1610 878 292 1072 658 1048 1053 706 1019 1334 937 1125 1380 182 530 300 807 534 1293 1202 954 67 711 353 138 958 533 266 1640 171 1064 1867 258 644 328 772 97 995 693 || mode=RB method=sk_ac_complete solver=filo1 stage=post_ls ls=pyvrp iter=14
2026-03-15 22:32:48 | INFO     | [POOL #00603] 195 716 1383 1349 1577 1306 347 380 608 1282 1068 913 13 1329 1536 248 1247 123 1216 237 1733 415 598 1264 1141 798 486 694 1160 346 1047 1311 386 87 30 1143 607 1679 1882 903 1621 1514 788 114 || mode=RB method=sk_ac_complete solver=filo1 stage=post_ls ls=pyvrp iter=14
2026-03-15 22:32:48 | INFO     | [POOL #00604] 917 1695 437 742 944 117 1006 1761 760 628 318 1094 957 351 1148 1680 825 512 358 92 500 502 755 1498 63 759 993 436 1648 942 1248 378 272 515 988 217 801 1547 1169 288 319 1651 695 578 1130 364 894 || mode=RB method=sk_ac_complete solver=filo1 stage=post_ls ls=pyvrp iter=14
2026-03-15 22:32:48 | INFO     | [POOL #00605] 866 1339 227 1000 1232 1644 1297 1650 1440 1791 1204 657 163 1539 1191 1604 1515 1530 591 6 236 210 1189 622 1823 1458 1889 89 146 1396 1355 1416 154 1426 94 975 740 || mode=RB method=sk_ac_complete solver=filo1 stage=post_ls ls=pyvrp iter=14
2026-03-15 22:32:48 | INFO     | [POOL #00606] 269 1106 136 736 1051 543 429 1431 382 335 1134 1499 1628 1734 829 143 1228 1760 1518 1198 566 1598 554 1061 1929 854 390 1781 1044 1578 1534 1300 987 297 1762 1694 1034 1660 1427 722 909 602 || mode=RB method=sk_ac_complete solver=filo1 stage=post_ls ls=pyvrp iter=14
2026-03-15 22:32:48 | INFO     | [POOL #00607] 1844 1210 478 1322 1920 389 273 945 819 1082 1463 280 126 970 1135 224 511 305 891 247 1849 1548 393 795 703 214 458 71 462 338 841 376 274 212 681 1716 1892 811 1194 24 487 1459 1486 1069 1437 890 17 1758 || mode=RB method=sk_ac_complete solver=filo1 stage=post_ls ls=pyvrp iter=14
2026-03-15 22:32:48 | INFO     | [POOL #00608] 1260 805 1700 1375 1571 668 820 651 1079 1089 1597 1653 1206 1675 213 1181 232 1179 1196 1489 621 1896 439 1549 1642 821 1271 630 334 1816 1890 580 104 1187 1859 1757 1005 216 1074 || mode=RB method=sk_ac_complete solver=filo1 stage=post_ls ls=pyvrp iter=14
2026-03-15 22:32:48 | INFO     | [POOL #00609] 1192 871 661 96 526 1913 1469 1474 185 1526 1729 1090 1779 1366 420 501 1413 1062 1858 199 893 1144 1464 1537 456 842 1501 1839 55 206 1212 818 1166 142 125 1256 796 1076 1128 1585 98 646 1659 12 1894 748 1054 || mode=RB method=sk_ac_complete solver=filo1 stage=post_ls ls=pyvrp iter=14
2026-03-15 22:32:48 | INFO     | [POOL #00610] 1717 1227 1363 1524 253 1594 444 368 780 1820 1866 1692 169 1338 1496 539 553 1110 134 1755 1556 1250 911 741 645 365 2 || mode=RB method=sk_ac_complete solver=filo2 stage=post_ls ls=pyvrp iter=15
2026-03-15 22:32:48 | INFO     | [POOL #00611] 243 397 1164 1748 517 233 837 313 433 1171 1340 857 1784 976 88 357 629 116 1111 86 626 1639 15 980 562 1122 1177 428 641 1568 398 1690 1730 947 295 918 1378 1028 1620 || mode=RB method=sk_ac_complete solver=filo2 stage=post_ls ls=pyvrp iter=15
2026-03-15 22:32:48 | INFO     | [POOL #00612] 172 1873 152 927 442 1769 1452 1743 1133 1457 727 129 551 1140 1544 1381 1441 205 599 1041 1364 445 1843 1267 508 403 525 872 618 859 797 1488 855 1747 505 1404 765 1750 311 705 989 985 791 457 1685 1307 32 || mode=RB method=sk_ac_complete solver=filo2 stage=post_ls ls=pyvrp iter=15
2026-03-15 22:32:48 | INFO     | [POOL #00613] 395 721 1123 642 552 1280 729 924 181 1507 1881 1657 522 869 48 1790 1050 1562 179 781 848 220 321 1723 635 1751 250 1214 1294 557 256 366 594 609 1697 225 184 1188 166 1343 1342 1288 409 1013 936 877 || mode=RB method=sk_ac_complete solver=filo2 stage=post_ls ls=pyvrp iter=15
2026-03-15 22:32:48 | INFO     | [POOL #00614] 860 568 1081 1591 38 962 731 750 1233 399 153 1273 1612 1097 1058 1835 770 1861 655 271 1304 1475 1683 294 1709 1677 1333 1691 1863 710 1379 91 1617 1523 1918 965 1749 484 850 1511 || mode=RB method=sk_ac_complete solver=filo2 stage=post_ls ls=pyvrp iter=15
2026-03-15 22:32:48 | INFO     | [POOL #00615] 211 425 1797 255 1622 1387 1004 510 605 509 679 1847 1855 1358 689 920 1921 519 790 435 49 585 1806 218 491 1310 336 1263 1603 536 593 1862 1003 1382 383 183 468 862 1442 1168 1885 541 870 174 1699 || mode=RB method=sk_ac_complete solver=filo2 stage=post_ls ls=pyvrp iter=15
2026-03-15 22:32:48 | INFO     | [POOL #00616] 447 839 482 1632 864 1853 640 817 240 1787 1346 1663 1223 1917 1095 971 1350 1237 900 827 438 1272 653 394 1185 1226 124 1741 1684 1887 460 813 354 1113 714 1719 1485 1020 1724 1778 1035 333 || mode=RB method=sk_ac_complete solver=filo2 stage=post_ls ls=pyvrp iter=15
2026-03-15 22:32:48 | INFO     | [POOL #00617] 1641 974 298 1018 767 496 1278 889 1931 265 1269 1833 633 1726 1077 1815 960 53 1503 1249 493 763 1550 685 451 923 65 929 709 489 1070 1027 1386 105 1385 || mode=RB method=sk_ac_complete solver=filo2 stage=post_ls ls=pyvrp iter=15
2026-03-15 22:32:48 | INFO     | [POOL #00618] 933 70 396 408 1789 64 289 1904 1201 133 1630 777 1848 671 542 548 427 1818 1565 1283 1030 1465 1494 1888 1213 771 467 1930 1015 1552 1728 1291 1176 1096 1771 943 1052 1671 56 466 1773 || mode=RB method=sk_ac_complete solver=filo2 stage=post_ls ls=pyvrp iter=15
2026-03-15 22:32:48 | INFO     | [POOL #00619] 847 1093 1374 1508 1624 1712 || mode=RB method=sk_ac_complete solver=filo2 stage=post_ls ls=pyvrp iter=15
2026-03-15 22:32:48 | INFO     | [POOL #00620] 1182 1780 521 802 636 1446 244 131 1925 782 241 463 1756 991 1535 1311 1047 346 1160 694 486 598 1264 1141 798 1380 1125 937 1334 1019 706 1053 1048 658 1072 292 878 1610 1742 189 1664 1037 1042 132 1428 1502 1174 588 97 995 693 || mode=RB method=sk_ac_complete solver=filo2 stage=post_ls ls=pyvrp iter=15
2026-03-15 22:32:48 | INFO     | [POOL #00621] 1217 1738 1786 219 1520 440 858 1323 617 323 887 861 441 144 1347 1827 873 1856 545 606 1286 1865 724 744 1279 1819 830 317 677 930 756 102 1139 424 10 558 896 1371 1258 391 1740 1410 1900 121 || mode=RB method=sk_ac_complete solver=filo2 stage=post_ls ls=pyvrp iter=15
2026-03-15 22:32:48 | INFO     | [POOL #00622] 966 683 77 1589 538 5 1619 1462 111 344 107 301 1330 799 611 401 1752 1146 1252 1927 1722 1576 461 283 939 1513 1341 739 951 44 1903 1296 122 446 843 1398 29 400 601 1767 986 1811 595 || mode=RB method=sk_ac_complete solver=filo2 stage=post_ls ls=pyvrp iter=15
2026-03-15 22:32:48 | INFO     | [POOL #00623] 1745 1484 119 1376 279 188 1645 670 581 1891 1222 1631 176 1443 1017 33 676 494 1753 836 1065 778 73 1331 268 865 308 973 1872 981 700 1014 497 1609 1517 1434 1424 348 471 1114 1666 688 || mode=RB method=sk_ac_complete solver=filo2 stage=post_ls ls=pyvrp iter=15
2026-03-15 22:32:48 | INFO     | [POOL #00624] 894 364 1130 1493 1884 851 1487 1788 39 905 1391 892 899 281 1285 1579 1543 587 1356 555 678 561 1794 474 1400 1563 266 1640 171 1064 1867 258 644 328 772 1814 1002 57 1199 649 1886 114 || mode=RB method=sk_ac_complete solver=filo2 stage=post_ls ls=pyvrp iter=15
2026-03-15 22:32:48 | INFO     | [POOL #00625] 740 975 195 716 1178 977 1349 1822 776 1478 874 1732 1704 1396 1477 833 455 146 89 1889 1458 1823 622 1189 210 236 6 591 1530 1515 1604 1191 154 490 1290 1426 1190 94 660 448 246 || mode=RB method=sk_ac_complete solver=filo2 stage=post_ls ls=pyvrp iter=15
2026-03-15 22:32:48 | INFO     | [POOL #00626] 1933 127 242 422 1203 1472 1401 1919 1649 355 1807 752 1225 1491 544 979 1319 764 1067 1574 1414 1240 1320 746 473 1120 385 849 1238 170 1897 58 203 931 616 1522 327 149 1389 449 747 406 286 1301 234 1623 1040 || mode=RB method=sk_ac_complete solver=filo2 stage=post_ls ls=pyvrp iter=15
2026-03-15 22:32:48 | INFO     | [POOL #00627] 715 196 1409 828 563 1695 437 902 1080 624 187 1383 814 60 110 1417 1355 1416 1539 163 657 1204 1791 1440 1650 1297 1644 1000 1232 1826 227 1339 320 1916 866 108 590 1078 || mode=RB method=sk_ac_complete solver=filo2 stage=post_ls ls=pyvrp iter=15
2026-03-15 22:32:48 | INFO     | [POOL #00628] 1180 1810 844 1251 1197 1577 1306 347 738 499 61 1702 380 608 1282 1068 913 13 1329 1536 248 1247 123 1216 237 415 1733 63 759 993 436 1648 310 925 1281 277 1509 405 1482 272 515 680 1686 1261 619 1169 288 1625 || mode=RB method=sk_ac_complete solver=filo2 stage=post_ls ls=pyvrp iter=15
2026-03-15 22:32:48 | INFO     | [POOL #00629] 443 1836 897 337 950 718 1721 955 1774 329 1656 964 1636 1392 1829 1667 1368 1454 919 1799 388 1038 1706 734 1142 261 194 1655 1173 728 267 1471 1870 762 1739 1637 565 1587 1720 392 21 1558 815 1277 || mode=RB method=sk_ac_complete solver=filo2 stage=post_ls ls=pyvrp iter=15
2026-03-15 22:32:48 | INFO     | [POOL #00630] 932 1912 1792 537 1735 1638 831 1109 1561 631 623 1852 1359 1136 1546 1526 1678 696 1043 1800 1308 1796 895 753 1606 751 1634 503 1436 50 783 885 332 1245 || mode=RB method=sk_ac_complete solver=filo2 stage=post_ls ls=pyvrp iter=15
2026-03-15 22:32:48 | INFO     | [POOL #00631] 812 1032 222 1466 322 421 157 1131 112 669 35 1063 1840 682 1468 1581 952 75 1137 130 414 569 1670 687 1372 1170 1121 1512 178 1450 3 260 650 940 80 303 481 1554 387 115 1770 1215 1439 || mode=RB method=sk_ac_complete solver=filo2 stage=post_ls ls=pyvrp iter=15
2026-03-15 22:32:48 | INFO     | [POOL #00632] 1352 535 1629 150 251 719 1026 1842 1834 118 375 140 343 302 914 1553 202 898 9 1266 774 840 1500 1448 1808 908 120 959 1348 62 1108 1654 326 221 1864 || mode=RB method=sk_ac_complete solver=filo2 stage=post_ls ls=pyvrp iter=15
2026-03-15 22:32:48 | INFO     | [POOL #00633] 1596 350 697 1275 139 938 341 384 349 1883 229 643 228 1393 1540 417 1583 1854 1105 1915 1618 560 1433 810 853 160 1766 1224 1737 307 1200 193 1906 990 1312 103 1736 846 324 155 || mode=RB method=sk_ac_complete solver=filo2 stage=post_ls ls=pyvrp iter=15
2026-03-15 22:32:48 | INFO     | [POOL #00634] 917 742 944 117 1006 1761 760 628 318 1094 881 1326 299 1680 825 512 358 502 755 1498 500 92 942 1248 667 1772 928 145 41 378 1148 351 957 988 217 801 1547 319 1651 695 578 983 1418 || mode=RB method=sk_ac_complete solver=filo2 stage=post_ls ls=pyvrp iter=15
2026-03-15 22:32:48 | INFO     | [POOL #00635] 76 459 264 407 1590 1444 1016 1357 1602 361 68 1384 141 257 613 1905 1793 863 1924 1239 1438 1402 832 969 1869 495 1332 1172 1083 1219 690 1926 1901 465 1705 464 1138 1874 1593 946 167 1151 7 1254 252 978 || mode=RB method=sk_ac_complete solver=filo2 stage=post_ls ls=pyvrp iter=15
2026-03-15 22:32:48 | INFO     | [POOL #00636] 331 1241 720 768 1795 1373 137 82 968 411 648 999 1626 639 698 1696 1324 1672 19 665 1812 1118 1365 1746 852 147 1616 1907 1837 306 1497 245 1744 1661 1551 113 963 454 1220 1397 || mode=RB method=sk_ac_complete solver=filo2 stage=post_ls ls=pyvrp iter=15
2026-03-15 22:32:48 | INFO     | [POOL #00637] 173 803 1785 369 410 1713 42 377 1153 779 686 282 1775 1045 610 1229 1314 1674 564 198 1007 1159 1608 506 1367 1253 1435 1783 1588 699 22 483 1879 1570 886 726 1932 1516 1317 1922 1627 || mode=RB method=sk_ac_complete solver=filo2 stage=post_ls ls=pyvrp iter=15
2026-03-15 22:32:48 | INFO     | [POOL #00638] 1192 871 269 661 1150 1474 185 1729 1090 1779 1366 420 501 1413 1062 1858 199 893 1144 1464 1537 456 842 1501 1839 55 206 1212 818 1166 142 125 796 1256 1128 1585 98 646 1659 1469 1913 526 96 136 1106 || mode=RB method=sk_ac_complete solver=filo2 stage=post_ls ls=pyvrp iter=15
2026-03-15 22:32:48 | INFO     | [POOL #00639] 1635 1476 1039 1911 708 238 434 1395 882 1029 1315 14 1698 949 278 758 769 1336 1586 1299 1707 1567 1208 1218 766 1295 1036 906 1832 1165 1878 226 66 1846 1243 1103 1525 1221 || mode=RB method=sk_ac_complete solver=filo2 stage=post_ls ls=pyvrp iter=15
2026-03-15 22:32:48 | INFO     | [POOL #00640] 72 1195 546 312 910 838 1529 992 1235 1107 1877 1421 431 51 1479 1234 1456 1328 1345 177 1688 761 1 793 1231 1455 135 614 1101 835 430 518 1824 824 1564 1893 582 158 583 || mode=RB method=sk_ac_complete solver=filo2 stage=post_ls ls=pyvrp iter=15
2026-03-15 22:32:48 | INFO     | [POOL #00641] 1075 1025 523 1335 200 600 223 1163 1647 627 1259 1830 647 20 161 856 1505 672 573 1274 592 1868 1161 559 1727 479 1242 1711 1157 1460 816 806 1763 1370 1230 1857 1871 1419 1831 1481 1092 1584 1601 1284 352 || mode=RB method=sk_ac_complete solver=filo2 stage=post_ls ls=pyvrp iter=15
2026-03-15 22:32:48 | INFO     | [POOL #00642] 1758 17 890 1437 1660 1034 1694 1762 297 1486 487 24 1210 478 1322 1375 1920 1079 389 945 273 819 1082 1463 126 280 212 1061 1929 554 1598 854 390 1781 1760 1300 987 1499 1134 335 382 12 1894 748 1054 || mode=RB method=sk_ac_complete solver=filo2 stage=post_ls ls=pyvrp iter=15
2026-03-15 22:32:48 | INFO     | [POOL #00643] 45 1309 603 1305 54 79 1908 804 296 190 571 1506 475 1803 1425 673 367 1782 1321 1021 1327 1152 1804 1362 934 1408 325 1055 1510 789 1388 1580 1390 159 1528 574 1461 845 254 1615 1687 997 1845 84 1542 || mode=RB method=sk_ac_complete solver=filo2 stage=post_ls ls=pyvrp iter=15
2026-03-15 22:32:48 | INFO     | [POOL #00644] 90 656 379 381 1066 1899 1490 1084 432 956 8 1776 23 597 1681 293 773 1432 1825 175 362 972 480 342 784 1060 575 413 1289 757 1566 370 1361 470 40 || mode=RB method=sk_ac_complete solver=filo2 stage=post_ls ls=pyvrp iter=15
2026-03-15 22:32:48 | INFO     | [POOL #00645] 419 754 1453 1394 1928 1265 1768 249 579 794 549 1183 1071 664 1149 1527 1255 59 1850 1764 540 416 95 1519 1682 1902 514 1689 1088 165 998 1262 659 1710 1703 1102 || mode=RB method=sk_ac_complete solver=filo2 stage=post_ls ls=pyvrp iter=15
2026-03-15 22:32:48 | INFO     | [POOL #00646] 1592 620 589 1708 1470 1236 1008 1560 1430 1011 800 1411 1132 1046 901 879 1676 47 162 826 1147 404 100 1209 1344 1652 164 1031 527 498 1798 1377 1405 1817 638 1099 231 168 586 567 570 || mode=RB method=sk_ac_complete solver=filo2 stage=post_ls ls=pyvrp iter=15
2026-03-15 22:32:48 | INFO     | [POOL #00647] 736 1051 543 429 1431 1076 1628 1734 829 143 1228 1518 1198 566 393 1548 1849 247 305 891 703 795 214 458 71 511 224 1135 970 841 462 338 376 274 681 1716 1892 811 1194 1044 1578 1534 1459 1069 1427 722 909 || mode=RB method=sk_ac_complete solver=filo2 stage=post_ls ls=pyvrp iter=15
2026-03-15 22:32:48 | INFO     | [POOL #00648] 356 74 1184 733 1098 1754 1360 1557 128 81 1100 967 315 27 83 1325 1124 208 572 330 1186 1369 1801 809 1600 787 472 1354 1087 1407 524 270 359 1112 704 36 43 1480 1156 625 452 || mode=RB method=sk_ac_complete solver=filo2 stage=post_ls ls=pyvrp iter=15
2026-03-15 22:32:48 | INFO     | [POOL #00649] 477 707 1559 1693 1117 1406 692 612 1115 52 209 262 1838 1313 1127 450 1429 808 99 69 215 576 1595 615 345 186 1531 596 1851 373 1467 1895 1802 953 1828 907 1521 1573 1646 1162 371 423 1167 1211 1399 1777 1541 1316 531 1091 775 1049 1633 || mode=RB method=sk_ac_complete solver=filo2 stage=post_ls ls=pyvrp iter=15
2026-03-15 22:32:48 | INFO     | [POOL #00650] 37 516 412 556 1445 888 1010 1287 1270 276 876 78 31 93 1155 339 1126 996 291 735 584 85 1759 363 743 1492 666 1533 1880 1923 304 1085 1605 1420 1086 725 529 922 786 713 1599 372 883 || mode=RB method=sk_ac_complete solver=filo2 stage=post_ls ls=pyvrp iter=15
2026-03-15 22:32:48 | INFO     | [POOL #00651] 201 1292 1504 701 1495 1662 34 1422 426 18 25 1910 1193 1001 235 550 402 1909 1175 1412 1607 1012 737 101 156 1841 469 1337 915 106 868 1059 577 712 637 1875 1056 749 730 684 290 180 360 1545 1668 1351 1415 1024 717 || mode=RB method=sk_ac_complete solver=filo2 stage=post_ls ls=pyvrp iter=15
2026-03-15 22:32:48 | INFO     | [POOL #00652] 28 984 520 916 1009 1914 691 151 1614 197 316 941 904 604 723 1665 1244 1613 1575 662 1532 239 1302 1538 880 16 912 1023 1318 1813 453 875 1403 1057 702 1473 1119 867 1673 1821 340 || mode=RB method=sk_ac_complete solver=filo2 stage=post_ls ls=pyvrp iter=15
2026-03-15 22:32:48 | INFO     | [POOL #00653] 909 748 890 1894 736 1051 543 12 1694 1762 382 1431 98 501 1413 1858 199 1256 796 1734 1628 143 206 55 1839 1501 842 456 1537 1464 1144 893 420 1366 1779 1090 1729 1526 185 1474 661 136 1106 || mode=RB method=sk_ac_complete solver=pyvrp stage=post_ls ls=pyvrp iter=16
2026-03-15 22:32:48 | INFO     | [POOL #00654] 602 1260 1207 1569 834 1718 1022 823 785 263 1451 287 1246 1809 1714 1163 1572 1701 204 1611 1276 1073 926 1447 935 11 1715 488 309 1268 732 374 1116 200 822 1731 137 1373 1795 || mode=RB method=sk_ac_complete solver=pyvrp stage=post_ls ls=pyvrp iter=16
2026-03-15 22:32:48 | INFO     | [POOL #00655] 1592 1541 1777 1211 1167 726 423 886 371 1162 1430 1011 800 1115 1377 1798 527 1031 164 1652 1209 1344 100 404 262 27 916 524 270 315 967 612 1817 692 1406 231 1184 1911 || mode=RB method=sk_ac_complete solver=pyvrp stage=post_ls ls=pyvrp iter=16
2026-03-15 22:32:48 | INFO     | [POOL #00656] 1102 1633 1091 775 1516 165 1088 1570 1879 483 22 699 1588 1783 1646 1573 1521 907 1895 1467 373 808 99 330 572 208 1124 1325 1429 450 1127 1313 1838 826 1147 162 47 879 901 1046 1411 1132 1676 209 52 567 570 || mode=RB method=sk_ac_complete solver=pyvrp stage=post_ls ls=pyvrp iter=16
2026-03-15 22:32:48 | INFO     | [POOL #00657] 173 803 1785 579 1024 1415 1351 1668 1545 360 180 610 1229 1314 290 684 730 749 1056 1875 637 712 469 1841 156 101 737 1607 1012 662 1532 239 1412 402 550 235 1001 1152 1804 789 1580 1218 || mode=RB method=sk_ac_complete solver=pyvrp stage=post_ls ls=pyvrp iter=16
2026-03-15 22:32:48 | INFO     | [POOL #00658] 477 707 1559 620 589 1708 1236 1470 1693 984 586 168 733 1098 1480 1754 43 36 14 1305 1165 1821 997 1270 276 876 1687 1673 1832 906 1036 1295 54 1029 882 1395 434 238 708 1039 1476 1635 || mode=RB method=sk_ac_complete solver=pyvrp stage=post_ls ls=pyvrp iter=16
2026-03-15 22:32:48 | INFO     | [POOL #00659] 1703 659 1262 998 42 377 1850 1764 416 540 686 282 1775 1045 1435 1253 1367 506 1608 1674 564 198 1007 1159 1531 345 615 577 1059 1595 69 1186 1369 1614 691 83 498 1405 1099 1117 520 28 || mode=RB method=sk_ac_complete solver=pyvrp stage=post_ls ls=pyvrp iter=16
2026-03-15 22:32:48 | INFO     | [POOL #00660] 470 1361 1566 757 1289 413 701 956 8 293 1420 1086 1085 304 1923 1880 1384 141 690 1219 1083 1172 1332 495 1869 969 832 1438 1402 1193 1910 25 18 735 291 996 1422 34 1155 31 1615 1845 556 412 516 37 1542 || mode=RB method=sk_ac_complete solver=pyvrp stage=post_ls ls=pyvrp iter=16
2026-03-15 22:32:48 | INFO     | [POOL #00661] 1049 1627 1922 1317 531 1316 1932 1689 514 1902 1682 1519 779 95 1153 1255 59 1149 664 1527 1071 1183 549 794 369 410 1713 1710 717 249 1768 1265 1928 1394 1453 754 419 || mode=RB method=sk_ac_complete solver=pyvrp stage=post_ls ls=pyvrp iter=16
2026-03-15 22:32:48 | INFO     | [POOL #00662] 452 1846 66 84 340 1445 888 1287 78 1662 743 363 85 584 1759 1239 1924 863 1793 1905 613 257 666 1492 1533 1495 175 480 342 784 1060 1504 1490 1899 713 372 883 1564 1893 582 || mode=RB method=sk_ac_complete solver=pyvrp stage=post_ls ls=pyvrp iter=16
2026-03-15 22:32:48 | INFO     | [POOL #00663] 766 1707 1390 190 571 1506 475 1803 1425 673 367 1782 1321 1021 1327 1023 1909 1175 912 16 880 1538 1302 723 604 904 1665 1575 1613 1244 106 915 1337 868 215 576 186 596 1851 1802 953 1828 1560 1008 1399 || mode=RB method=sk_ac_complete solver=pyvrp stage=post_ls ls=pyvrp iter=16
2026-03-15 22:32:48 | INFO     | [POOL #00664] 40 1221 1525 1103 45 1309 226 1878 867 1119 254 845 1473 1461 574 1528 159 1208 1567 296 804 769 704 1360 638 1557 128 81 1100 1112 1586 1299 1336 758 278 1908 79 949 1698 1315 603 1243 625 356 || mode=RB method=sk_ac_complete solver=pyvrp stage=post_ls ls=pyvrp iter=16
2026-03-15 22:32:48 | INFO     | [POOL #00665] 158 90 201 1292 1066 1084 432 597 1016 725 1357 1460 816 573 1274 592 1868 1161 559 1727 1157 479 1242 1711 177 793 1231 51 431 1421 1877 167 1151 7 1661 1551 113 963 720 1241 1397 331 || mode=RB method=sk_ac_complete solver=pyvrp stage=post_ls ls=pyvrp iter=16
2026-03-15 22:32:48 | INFO     | [POOL #00666] 583 656 379 381 1599 1444 761 1 1688 1345 465 1705 464 1328 1456 1234 1138 1874 1479 1455 135 614 1590 407 1101 835 430 518 992 1235 1107 1529 838 910 312 1254 252 978 || mode=RB method=sk_ac_complete solver=pyvrp stage=post_ls ls=pyvrp iter=16
2026-03-15 22:32:48 | INFO     | [POOL #00667] 961 352 1284 768 1601 1584 82 968 1626 639 1324 1696 1672 19 1505 672 665 1812 1230 1370 1763 806 1901 1926 1602 361 68 1605 1432 1825 773 1681 23 1776 529 922 786 264 459 1824 824 76 546 1195 72 || mode=RB method=sk_ac_complete solver=pyvrp stage=post_ls ls=pyvrp iter=16
2026-03-15 22:32:48 | INFO     | [POOL #00668] 1220 454 1092 1744 245 946 1497 306 1419 1871 1857 1118 1365 1746 1593 852 147 1616 1907 1837 1831 1481 698 161 856 20 647 1259 1647 627 223 600 1830 999 648 411 1335 523 1025 1075 109 1582 532 1074 || mode=RB method=sk_ac_complete solver=pyvrp stage=post_ls ls=pyvrp iter=16
2026-03-15 22:32:48 | INFO     | [POOL #00669] 74 1156 359 1407 1087 1354 1009 1914 151 197 316 941 1801 809 1600 787 472 1510 1055 325 1408 934 1362 453 1318 1813 875 1403 426 1057 1388 702 1126 339 93 362 972 1010 575 370 || mode=RB method=sk_ac_complete solver=pyvrp stage=post_ls ls=pyvrp iter=16
2026-03-15 22:32:48 | INFO     | [POOL #00670] 216 1005 1805 1876 634 663 982 1298 1898 1860 1257 674 1033 1303 492 485 476 1725 1158 1765 884 418 46 148 26 1129 1483 314 580 104 668 1187 1859 1700 1844 805 || mode=RB method=sk_ac_complete solver=pyvrp stage=post_ls ls=pyvrp iter=16
2026-03-15 22:32:48 | INFO     | [POOL #00671] 429 1659 1128 1062 125 142 1166 818 1212 829 1228 1760 1518 1198 566 393 1548 1849 247 891 305 703 795 214 458 71 511 224 1135 970 841 462 338 376 274 212 1061 1929 554 1598 854 390 487 1459 1069 1437 722 17 || mode=RB method=sk_ac_complete solver=pyvrp stage=post_ls ls=pyvrp iter=16
2026-03-15 22:32:48 | INFO     | [POOL #00672] 1054 1758 1427 1660 1034 297 1486 1534 1578 24 1210 478 1322 1375 1920 280 126 232 1179 1196 1489 621 1896 439 1642 1549 1675 1206 1653 1597 213 1181 1463 1082 389 1079 651 820 1571 1757 284 1353 1104 654 948 || mode=RB method=sk_ac_complete solver=pyvrp stage=post_ls ls=pyvrp iter=16
2026-03-15 22:32:48 | INFO     | [POOL #00673] 259 1449 207 994 675 275 547 652 504 191 821 1271 630 334 1816 1890 1089 945 819 273 681 1716 1892 811 1194 1044 1781 1300 987 1499 1134 335 1076 1585 646 1469 1913 526 96 269 871 1192 || mode=RB method=sk_ac_complete solver=pyvrp stage=post_ls ls=pyvrp iter=16
2026-03-15 22:32:48 | INFO     | [POOL #00674] 1409 437 319 217 988 957 1248 942 92 500 1498 755 502 358 512 825 1680 299 1326 1702 380 1282 1068 1458 1889 1823 622 1189 210 236 618 797 765 311 705 989 985 791 457 320 1916 444 1594 590 || mode=RB method=sk_ac_complete solver=pyvrp stage=post_ls ls=pyvrp iter=16
2026-03-15 22:32:48 | INFO     | [POOL #00675] 1227 466 780 1820 1866 1692 169 1728 1552 1291 1176 1096 1015 1771 943 777 1630 1848 1888 1494 1030 1283 671 542 1921 689 920 133 1201 1358 1855 1861 271 1304 1475 1885 541 860 || mode=RB method=sk_ac_complete solver=pyvrp stage=post_ls ls=pyvrp iter=16
2026-03-15 22:32:48 | INFO     | [POOL #00676] 894 1130 1493 1884 288 619 1261 1686 680 555 515 272 1482 405 1509 277 145 1648 436 993 759 63 1247 123 1216 237 415 1733 248 1536 913 13 1329 608 61 499 738 347 1306 1577 1197 1251 844 1761 1180 1080 448 246 || mode=RB method=sk_ac_complete solver=pyvrp stage=post_ls ls=pyvrp iter=16
2026-03-15 22:32:48 | INFO     | [POOL #00677] 1695 695 1169 899 1356 678 561 1794 474 132 1042 189 1664 878 1053 1334 937 1125 486 798 598 1264 1141 658 1072 292 1048 1019 706 1380 807 1160 694 346 1047 1311 534 386 632 285 1555 1882 644 328 1002 57 649 114 693 || mode=RB method=sk_ac_complete solver=pyvrp stage=post_ls ls=pyvrp iter=16
2026-03-15 22:32:48 | INFO     | [POOL #00678] 1886 1625 1487 281 1579 1543 587 1428 1400 1563 266 533 958 138 353 711 182 530 300 1202 1293 954 67 1610 1742 1037 1281 925 310 928 1772 667 41 378 1148 351 881 1094 318 628 760 801 1547 1006 117 578 917 || mode=RB method=sk_ac_complete solver=pyvrp stage=post_ls ls=pyvrp iter=16
2026-03-15 22:32:48 | INFO     | [POOL #00679] 1439 1770 115 387 1554 481 682 1468 1581 952 940 80 75 1137 130 414 569 1670 687 1372 1170 1121 1512 178 1450 3 260 650 244 1446 303 924 181 729 1280 552 1123 642 1424 348 966 || mode=RB method=sk_ac_complete solver=pyvrp stage=post_ls ls=pyvrp iter=16
2026-03-15 22:32:48 | INFO     | [POOL #00680] 1423 1215 507 1145 1182 1780 521 745 1205 1669 131 1925 782 241 463 1756 991 1535 921 192 87 30 1143 607 1679 528 1643 230 792 636 802 1840 1063 35 669 112 1131 157 421 322 1466 222 1032 || mode=RB method=sk_ac_complete solver=pyvrp stage=post_ls ls=pyvrp iter=16
2026-03-15 22:32:48 | INFO     | [POOL #00681] 715 196 1418 983 364 1199 995 4 1154 788 97 1814 772 1514 1621 1658 513 903 258 1867 1064 1640 171 1502 1174 588 1285 892 1391 905 39 1788 851 1651 742 944 902 563 828 740 1078 || mode=RB method=sk_ac_complete solver=pyvrp stage=post_ls ls=pyvrp iter=16
2026-03-15 22:32:48 | INFO     | [POOL #00682] 1352 535 1629 1912 1638 1735 719 1026 1842 1834 118 375 140 1919 1401 1266 774 1500 840 234 1472 1873 383 1709 1677 1691 1863 710 1168 1442 862 1203 422 1379 91 1617 1523 1918 172 1933 568 365 || mode=RB method=sk_ac_complete solver=pyvrp stage=post_ls ls=pyvrp iter=16
2026-03-15 22:32:48 | INFO     | [POOL #00683] 2 645 1717 1773 741 933 70 911 1250 1556 1755 396 1797 962 731 399 1233 750 1004 605 510 1387 64 289 509 770 1835 1058 1097 1612 1273 153 1333 38 1591 1081 || mode=RB method=sk_ac_complete solver=pyvrp stage=post_ls ls=pyvrp iter=16
2026-03-15 22:32:48 | INFO     | [POOL #00684] 1245 332 885 783 50 1436 503 1634 751 1606 753 1308 1800 1150 696 1678 1546 1359 914 1553 202 9 908 120 959 1348 1040 965 1749 484 1511 850 221 1864 || mode=RB method=sk_ac_complete solver=pyvrp stage=post_ls ls=pyvrp iter=16
2026-03-15 22:32:48 | INFO     | [POOL #00685] 211 425 255 1622 1789 408 134 56 1110 1671 1338 1052 1496 539 553 1904 679 1847 655 593 536 927 1807 1389 149 449 406 355 152 1649 286 1301 1448 1808 1623 242 127 62 1108 1654 326 932 || mode=RB method=sk_ac_complete solver=pyvrp stage=post_ls ls=pyvrp iter=16
2026-03-15 22:32:48 | INFO     | [POOL #00686] 1796 895 1043 1136 58 1897 1238 1067 1574 551 1140 727 129 764 1319 979 544 1491 1133 1457 1743 585 1806 49 218 1452 1769 442 752 1225 327 1522 1852 623 631 1109 831 1792 150 || mode=RB method=sk_ac_complete solver=pyvrp stage=post_ls ls=pyvrp iter=16
2026-03-15 22:32:48 | INFO     | [POOL #00687] 1363 32 1307 1685 1339 227 660 94 1190 1426 1290 490 1383 814 60 1417 110 1416 1355 1704 833 1477 455 146 89 6 591 1530 1515 1396 1732 874 1478 776 1822 1349 1810 977 1178 187 624 716 195 975 || mode=RB method=sk_ac_complete solver=pyvrp stage=post_ls ls=pyvrp iter=16
2026-03-15 22:32:48 | INFO     | [POOL #00688] 251 537 1561 302 343 898 747 616 931 203 170 849 385 1120 473 746 1320 1414 1240 1041 599 205 1544 1441 1381 1565 1818 548 427 519 790 435 491 1310 336 1263 1603 1862 1003 1382 1683 294 183 468 870 174 1699 || mode=RB method=sk_ac_complete solver=pyvrp stage=post_ls ls=pyvrp iter=16
2026-03-15 22:32:48 | INFO     | [POOL #00689] 108 866 1000 1644 1750 1404 1488 855 1747 505 467 1930 771 1213 1465 1364 445 1843 1267 508 403 525 872 859 1604 1191 657 163 1539 154 1791 1204 1440 1650 1297 1232 1826 368 253 1524 || mode=RB method=sk_ac_complete solver=pyvrp stage=post_ls ls=pyvrp iter=16
2026-03-15 22:32:48 | INFO     | [POOL #00690] 397 447 1786 219 1520 440 313 837 1323 1784 976 88 357 629 424 10 1632 558 896 1371 482 1258 391 601 5 538 1589 1811 595 1484 683 688 812 || mode=RB method=sk_ac_complete solver=pyvrp stage=post_ls ls=pyvrp iter=16
2026-03-15 22:32:48 | INFO     | [POOL #00691] 1745 77 119 1645 670 581 1891 1222 1631 1619 1462 111 344 122 1903 1787 1346 1223 1917 1663 461 283 1576 1146 1752 836 1753 401 611 939 1513 1341 739 799 1330 951 44 1296 864 1398 446 843 29 400 1767 986 121 1217 || mode=RB method=sk_ac_complete solver=pyvrp stage=post_ls ls=pyvrp iter=16
2026-03-15 22:32:48 | INFO     | [POOL #00692] 395 721 176 1443 107 301 1017 33 676 494 308 865 268 1331 73 778 1065 1050 1252 781 179 1562 1790 48 869 522 1657 1881 1507 981 1872 973 700 1014 497 1609 1517 1434 188 1376 279 471 1114 1666 || mode=RB method=sk_ac_complete solver=pyvrp stage=post_ls ls=pyvrp iter=16
2026-03-15 22:32:48 | INFO     | [POOL #00693] 1378 947 1690 1113 560 1433 810 813 460 1887 394 653 366 256 557 1294 1214 1722 1927 848 220 321 250 1723 635 1751 1799 388 1038 1706 734 1142 261 1655 194 919 1454 1368 1667 1656 329 1721 718 1724 1778 443 || mode=RB method=sk_ac_complete solver=pyvrp stage=post_ls ls=pyvrp iter=16
2026-03-15 22:32:48 | INFO     | [POOL #00694] 1374 1558 21 1720 1587 565 1637 1739 762 1870 1471 267 728 1173 1829 1392 1636 964 594 609 1697 225 184 1188 1915 1618 1105 354 714 1719 1020 1485 1906 990 1312 1736 846 324 || mode=RB method=sk_ac_complete solver=pyvrp stage=post_ls ls=pyvrp iter=16
2026-03-15 22:32:48 | INFO     | [POOL #00695] 1712 1385 105 392 1386 1027 1070 489 889 929 65 923 1833 633 1726 1077 1815 960 53 685 451 763 1550 1503 1249 493 709 767 1018 298 974 815 1508 1093 1277 847 || mode=RB method=sk_ac_complete solver=pyvrp stage=post_ls ls=pyvrp iter=16
2026-03-15 22:32:48 | INFO     | [POOL #00696] 1620 333 1035 877 936 1013 897 337 409 1288 1540 417 1342 1583 1854 1343 166 950 955 1774 1269 1931 265 1278 496 643 228 1393 229 1883 349 1836 384 341 938 139 1275 697 350 1641 1624 1596 || mode=RB method=sk_ac_complete solver=pyvrp stage=post_ls ls=pyvrp iter=16
2026-03-15 22:32:48 | INFO     | [POOL #00697] 1900 1738 1410 1740 839 858 1139 102 756 930 677 640 1853 240 817 317 830 1095 1819 1279 1865 724 744 971 1350 1237 900 827 438 1272 1185 1226 124 1741 1684 853 160 1737 307 1200 193 103 1730 155 || mode=RB method=sk_ac_complete solver=pyvrp stage=post_ls ls=pyvrp iter=16
2026-03-15 22:32:48 | INFO     | [POOL #00698] 1164 1748 517 233 433 1171 1340 857 617 323 887 861 441 116 1111 86 626 1639 15 144 1347 873 1856 545 606 1286 1827 1766 1224 980 562 1122 1177 428 641 1568 398 295 918 1028 243 || mode=RB method=sk_ac_complete solver=pyvrp stage=post_ls ls=pyvrp iter=16
2026-03-15 22:32:48 | INFO     | [POOL #00699] 333 1035 877 936 1013 409 1288 1343 166 950 718 1188 1721 184 225 1697 609 594 653 366 256 557 1294 438 1272 394 1185 1741 124 1684 1887 460 813 354 1113 714 1719 1020 1724 1778 || mode=VB method=sk_kmeans solver=filo2 stage=post_ls ls=pyvrp iter=17
2026-03-15 22:32:48 | INFO     | [POOL #00700] 847 812 688 683 1745 1484 1666 1032 222 114 1886 649 1199 57 1002 1814 772 328 644 258 1867 1064 1502 1174 588 1285 1579 281 892 1391 905 39 1487 851 1884 1493 1130 364 894 715 || mode=VB method=sk_kmeans solver=filo2 stage=post_ls ls=pyvrp iter=17
2026-03-15 22:32:48 | INFO     | [POOL #00701] 443 1275 1836 384 349 897 337 1540 417 1342 1583 1854 1105 1915 1618 560 1433 810 853 160 1766 1224 1737 307 1200 193 1485 1906 990 1312 103 1690 947 1730 1736 846 324 1620 || mode=VB method=sk_kmeans solver=filo2 stage=post_ls ls=pyvrp iter=17
2026-03-15 22:32:48 | INFO     | [POOL #00702] 1277 1558 21 392 1720 1587 565 1637 1739 762 1870 1471 267 728 1173 194 1655 261 1142 734 1706 1038 635 1751 388 1799 919 1454 1368 1667 1829 1392 1636 964 1656 329 1774 955 228 1393 643 229 1883 341 938 139 1712 || mode=VB method=sk_kmeans solver=filo2 stage=post_ls ls=pyvrp iter=17
2026-03-15 22:32:48 | INFO     | [POOL #00703] 1624 1385 105 815 1508 1093 1374 419 754 1453 1394 1928 1265 1768 249 1785 803 173 40 470 1361 1221 356 452 1525 74 625 1103 45 1846 1243 1911 570 707 477 1633 1102 || mode=VB method=sk_kmeans solver=filo2 stage=post_ls ls=pyvrp iter=17
2026-03-15 22:32:48 | INFO     | [POOL #00704] 717 579 794 549 1024 1415 1351 1668 1545 360 180 290 684 730 749 1056 1875 637 712 577 1059 615 1595 576 345 186 1531 596 1851 373 1467 1895 907 1521 47 879 901 1046 1132 1411 800 1011 1430 1560 1008 1399 || mode=VB method=sk_kmeans solver=filo2 stage=post_ls ls=pyvrp iter=17
2026-03-15 22:32:48 | INFO     | [POOL #00705] 1049 1627 1091 775 1922 1317 1516 531 1316 1541 1777 1932 1689 514 1902 1682 1519 483 699 22 779 416 1764 1850 59 1255 1527 1149 664 1071 1183 369 410 1713 1710 1703 || mode=VB method=sk_kmeans solver=filo2 stage=post_ls ls=pyvrp iter=17
2026-03-15 22:32:48 | INFO     | [POOL #00706] 423 371 1162 1646 1573 1828 953 1802 808 99 69 215 868 1337 915 106 1244 1665 1613 1575 1532 662 469 1841 156 101 737 1607 1012 239 1412 402 550 235 1001 1193 1402 832 969 1438 25 18 735 291 339 845 1473 1036 || mode=VB method=sk_kmeans solver=filo2 stage=post_ls ls=pyvrp iter=17
2026-03-15 22:32:48 | INFO     | [POOL #00707] 1156 704 1336 1586 1299 804 296 190 571 1506 475 1803 1425 673 472 787 1600 809 1801 1369 1186 330 572 208 1124 1325 1429 450 1127 1313 1838 826 1147 162 1676 209 52 1377 1115 612 1817 638 692 1406 1117 520 1693 1559 || mode=VB method=sk_kmeans solver=filo2 stage=post_ls ls=pyvrp iter=17
2026-03-15 22:32:48 | INFO     | [POOL #00708] 659 1262 998 165 42 1088 377 1153 95 540 686 282 1775 1045 610 1229 1314 1674 564 198 1007 1159 1608 506 1367 1253 1435 1783 1588 1879 1570 886 726 1167 1211 1236 1470 1708 589 620 1592 || mode=VB method=sk_kmeans solver=filo2 stage=post_ls ls=pyvrp iter=17
2026-03-15 22:32:48 | INFO     | [POOL #00709] 1395 882 1315 14 79 1908 1707 1567 1390 159 1580 1388 789 325 1055 1510 367 1782 1321 1021 1804 1362 1408 934 453 1057 702 1528 574 1208 1218 1461 766 1295 54 1305 1029 || mode=VB method=sk_kmeans solver=filo2 stage=post_ls ls=pyvrp iter=17
2026-03-15 22:32:48 | INFO     | [POOL #00710] 1542 1119 254 1126 996 426 1403 875 1910 1813 1318 1152 1327 1023 1909 1175 912 16 880 1538 1302 723 604 904 941 316 197 1614 151 691 1914 1009 83 1031 1798 1405 1099 231 567 || mode=VB method=sk_kmeans solver=filo2 stage=post_ls ls=pyvrp iter=17
2026-03-15 22:32:48 | INFO     | [POOL #00711] 1184 1480 43 36 1698 949 278 758 769 1112 359 270 524 1407 1354 1087 916 27 164 1652 1209 1344 100 404 262 498 527 315 967 1100 81 128 1557 1360 1754 1098 733 168 586 984 28 || mode=VB method=sk_kmeans solver=filo2 stage=post_ls ls=pyvrp iter=17
2026-03-15 22:32:48 | INFO     | [POOL #00712] 669 35 1063 1840 481 303 682 1468 1581 952 75 1137 130 414 569 1670 687 1372 1170 178 1450 1512 1121 80 940 650 260 3 1756 463 241 782 1925 131 244 1446 636 802 1554 387 115 1770 1439 || mode=VB method=sk_kmeans solver=filo2 stage=post_ls ls=pyvrp iter=17
2026-03-15 22:32:48 | INFO     | [POOL #00713] 866 1339 227 1000 1232 1644 1297 1650 1440 1791 1204 859 618 872 525 236 210 1189 622 1823 1889 1458 1068 1282 608 61 499 738 347 1306 1577 1197 1251 844 1810 977 1178 187 624 716 195 || mode=VB method=sk_kmeans solver=filo2 stage=post_ls ls=pyvrp iter=17
2026-03-15 22:32:48 | INFO     | [POOL #00714] 196 1409 828 563 902 1080 1180 1761 760 881 299 1326 1702 380 755 1498 1329 13 913 1536 248 1247 123 1216 237 415 1733 63 759 993 436 1648 310 925 1281 277 1509 405 1482 555 1356 899 1625 || mode=VB method=sk_kmeans solver=filo2 stage=post_ls ls=pyvrp iter=17
2026-03-15 22:32:48 | INFO     | [POOL #00715] 1215 1182 1780 521 745 1205 1669 1555 285 991 1535 1311 1047 346 1160 694 486 598 1264 1141 798 1380 1125 937 1334 1019 706 1053 1048 658 1072 292 878 1610 1742 189 1664 1037 1042 132 474 1794 561 678 587 1543 1788 97 995 693 || mode=VB method=sk_kmeans solver=filo2 stage=post_ls ls=pyvrp iter=17
2026-03-15 22:32:48 | INFO     | [POOL #00716] 1078 246 448 660 94 1190 1426 154 1416 1355 1539 163 657 1191 1604 1515 1530 591 6 89 146 455 833 1477 1396 1704 1732 874 1478 776 1822 1349 1417 110 60 814 1383 490 1290 975 740 || mode=VB method=sk_kmeans solver=filo2 stage=post_ls ls=pyvrp iter=17
2026-03-15 22:32:48 | INFO     | [POOL #00717] 1423 507 1145 1658 513 792 230 1643 528 1679 607 921 192 632 386 534 1293 1202 807 300 530 182 954 67 711 353 138 87 30 1143 958 533 266 1563 1400 1428 171 1640 1882 903 1621 1514 788 1154 4 || mode=VB method=sk_kmeans solver=filo2 stage=post_ls ls=pyvrp iter=17
2026-03-15 22:32:48 | INFO     | [POOL #00718] 917 1695 437 742 944 117 1006 1547 801 217 988 628 318 1094 957 351 1148 1680 825 512 358 502 500 92 942 1248 667 1772 928 145 41 378 272 515 680 1686 1261 619 1169 288 319 1651 695 578 983 1418 || mode=VB method=sk_kmeans solver=filo2 stage=post_ls ls=pyvrp iter=17
2026-03-15 22:32:48 | INFO     | [POOL #00719] 1699 1933 172 1918 1523 127 422 1203 1808 1448 1472 234 840 1500 774 1266 9 898 202 1553 914 302 343 140 375 118 1561 1109 831 1638 1735 537 1792 251 150 326 932 || mode=VB method=sk_kmeans solver=filo2 stage=post_ls ls=pyvrp iter=17
2026-03-15 22:32:48 | INFO     | [POOL #00720] 1352 535 1629 1192 1912 50 1436 503 1634 751 631 623 1852 1359 1136 203 58 1897 170 1729 1090 1779 385 1120 473 746 893 420 1366 1413 501 1585 98 646 1659 429 543 1051 722 909 || mode=VB method=sk_kmeans solver=filo2 stage=post_ls ls=pyvrp iter=17
2026-03-15 22:32:48 | INFO     | [POOL #00721] 1245 332 885 783 871 269 1106 136 661 1606 753 895 1796 1308 1800 1043 1150 696 1546 1678 1526 185 1474 1469 1913 526 96 736 748 1054 || mode=VB method=sk_kmeans solver=filo2 stage=post_ls ls=pyvrp iter=17
2026-03-15 22:32:48 | INFO     | [POOL #00722] 1864 221 850 1511 484 1749 1654 1108 965 1040 62 1348 959 120 719 1834 1842 1026 908 1623 242 1617 91 1379 1885 1591 425 70 911 1250 1363 1227 1717 645 365 2 || mode=VB method=sk_kmeans solver=filo2 stage=post_ls ls=pyvrp iter=17
2026-03-15 22:32:48 | INFO     | [POOL #00723] 805 1844 487 24 1210 478 1322 1375 1571 668 820 651 1920 1079 389 945 273 819 1082 1463 213 1181 1179 232 126 280 681 1716 1892 811 1194 1044 1578 1534 1459 1486 1069 1427 1758 || mode=VB method=sk_kmeans solver=filo2 stage=post_ls ls=pyvrp iter=17
2026-03-15 22:32:48 | INFO     | [POOL #00724] 1718 785 1451 287 1116 1246 1809 374 732 1276 1611 204 1701 1572 1714 1163 1647 627 1259 1830 223 600 200 822 1731 523 823 1022 109 1582 948 331 || mode=VB method=sk_kmeans solver=filo2 stage=post_ls ls=pyvrp iter=17
2026-03-15 22:32:48 | INFO     | [POOL #00725] 1074 1207 1353 284 1805 1757 1876 634 675 275 1483 314 1129 26 148 46 1765 884 418 334 630 1271 821 1642 1549 439 1489 1196 621 1896 1675 1206 1653 1597 1089 1816 1890 580 104 1187 1859 1700 1005 216 || mode=VB method=sk_kmeans solver=filo2 stage=post_ls ls=pyvrp iter=17
2026-03-15 22:32:48 | INFO     | [POOL #00726] 297 987 1300 1781 390 1760 1518 1198 566 1598 554 854 1929 1061 212 274 376 338 462 841 970 1135 224 511 71 458 214 305 891 703 795 393 1548 1849 247 206 55 1839 1501 842 456 1537 1464 1144 199 1858 1062 1128 1431 1894 || mode=VB method=sk_kmeans solver=filo2 stage=post_ls ls=pyvrp iter=17
2026-03-15 22:32:48 | INFO     | [POOL #00727] 17 890 12 382 335 1076 796 1256 125 142 1166 818 1212 1734 829 1228 143 1628 1499 1134 1762 1694 1034 1660 1437 532 1260 602 || mode=VB method=sk_kmeans solver=filo2 stage=post_ls ls=pyvrp iter=17
2026-03-15 22:32:48 | INFO     | [POOL #00728] 1569 1104 663 982 1449 207 994 1033 1257 674 1303 547 492 1158 652 191 504 1715 11 935 1725 476 485 1447 926 488 1073 309 1268 1860 1898 1298 263 259 834 654 961 || mode=VB method=sk_kmeans solver=filo2 stage=post_ls ls=pyvrp iter=17
2026-03-15 22:32:48 | INFO     | [POOL #00729] 1028 517 1740 391 1258 482 1371 896 558 10 1632 864 240 817 1223 1663 1917 1095 1819 1279 744 724 1865 1226 1286 606 545 1856 873 1827 1347 144 441 861 887 323 617 1784 857 1340 433 233 1164 447 || mode=VB method=sk_kmeans solver=filo2 stage=post_ls ls=pyvrp iter=17
2026-03-15 22:32:48 | INFO     | [POOL #00730] 1410 1786 219 1520 440 313 837 1171 1323 976 88 357 629 756 102 930 677 116 1111 86 626 1639 15 980 562 1122 1177 428 641 1568 398 295 918 1378 155 243 || mode=VB method=sk_kmeans solver=filo2 stage=post_ls ls=pyvrp iter=17
2026-03-15 22:32:48 | INFO     | [POOL #00731] 397 1748 839 858 1139 424 1853 640 317 830 971 1350 827 900 1237 1214 250 1723 321 220 848 781 179 1562 1050 1790 48 869 522 1657 1881 1507 181 924 729 1280 552 642 1123 1131 112 157 421 322 1466 || mode=VB method=sk_kmeans solver=filo2 stage=post_ls ls=pyvrp iter=17
2026-03-15 22:32:48 | INFO     | [POOL #00732] 1114 471 119 1376 279 188 1645 670 581 1891 1222 1631 176 1443 107 1017 33 676 494 1753 836 1065 778 73 1331 268 865 308 973 1872 981 700 1014 497 1609 1517 1434 1424 348 721 395 966 || mode=VB method=sk_kmeans solver=filo2 stage=post_ls ls=pyvrp iter=17
2026-03-15 22:32:48 | INFO     | [POOL #00733] 1217 1738 595 1811 986 1767 601 400 29 1398 843 446 122 1296 44 951 1903 1787 1346 739 1341 1513 939 283 461 1576 1722 1927 1252 1146 1752 401 611 799 1330 301 344 111 1462 1619 5 538 1589 77 1900 121 || mode=VB method=sk_kmeans solver=filo2 stage=post_ls ls=pyvrp iter=17
2026-03-15 22:32:48 | INFO     | [POOL #00734] 1773 741 933 1556 1755 396 1797 255 1622 1789 1387 64 1004 510 605 1058 1835 770 1861 655 271 1097 1612 1273 153 399 1233 750 731 1691 1333 1677 1863 710 962 38 1081 568 211 || mode=VB method=sk_kmeans solver=filo2 stage=post_ls ls=pyvrp iter=17
2026-03-15 22:32:48 | INFO     | [POOL #00735] 383 1873 1401 1301 1919 286 406 747 449 1389 149 327 1522 616 931 1238 849 1067 1574 1414 1320 1240 1041 599 205 1544 1441 1381 1030 1283 1888 1015 943 1771 1096 1176 1291 457 1685 444 1307 1594 32 || mode=VB method=sk_kmeans solver=filo2 stage=post_ls ls=pyvrp iter=17
2026-03-15 22:32:48 | INFO     | [POOL #00736] 1524 253 368 780 1820 1866 1692 169 1728 1552 1930 467 771 1213 1494 1465 1364 445 1843 1267 508 403 797 1488 855 1747 505 1404 765 1750 311 705 989 985 791 1826 320 1916 108 590 || mode=VB method=sk_kmeans solver=filo2 stage=post_ls ls=pyvrp iter=17
2026-03-15 22:32:48 | INFO     | [POOL #00737] 860 174 541 1168 1442 862 468 183 294 1683 1475 1304 1862 536 593 1603 1263 336 491 1310 435 790 519 1921 689 920 133 1201 1358 1855 1847 679 1904 509 289 553 539 1496 1110 408 134 || mode=VB method=sk_kmeans solver=filo2 stage=post_ls ls=pyvrp iter=17
2026-03-15 22:32:48 | INFO     | [POOL #00738] 466 56 1671 1338 1052 777 1630 1848 671 542 548 427 1818 1565 1457 727 129 1140 551 764 1319 979 544 1491 1133 1743 585 1806 49 218 1452 1769 442 1225 752 1807 927 355 1649 152 1003 1382 1709 870 || mode=VB method=sk_kmeans solver=filo2 stage=post_ls ls=pyvrp iter=17
2026-03-15 22:32:48 | INFO     | [POOL #00739] 158 582 1893 76 1564 824 1824 518 459 430 835 1101 614 135 1455 1231 793 177 1345 1328 1456 1234 1138 1874 1593 852 147 1616 1907 1837 946 167 1151 7 1254 252 312 546 1195 72 || mode=VB method=sk_kmeans solver=filo2 stage=post_ls ls=pyvrp iter=17
2026-03-15 22:32:48 | INFO     | [POOL #00740] 370 1566 757 1289 516 413 412 556 575 1504 1060 784 342 480 972 1010 362 175 1825 1432 773 293 1681 597 23 1776 8 956 701 432 1084 1490 1899 1066 1292 201 379 656 90 || mode=VB method=sk_kmeans solver=filo2 stage=post_ls ls=pyvrp iter=17
2026-03-15 22:32:48 | INFO     | [POOL #00741] 352 720 768 1795 1601 1373 137 1584 82 968 1626 639 698 1696 1324 1672 19 665 1812 1230 1370 1763 806 1746 1365 1118 1857 1871 1419 306 1497 245 1744 1831 1481 1092 1661 1551 113 963 454 1220 1241 1397 || mode=VB method=sk_kmeans solver=filo2 stage=post_ls ls=pyvrp iter=17
2026-03-15 22:32:48 | INFO     | [POOL #00742] 978 910 838 1529 992 1235 1107 1877 1421 431 51 1479 464 1705 465 1901 1460 816 559 1161 1727 1157 1711 1242 479 690 1219 1083 1172 1868 592 1274 573 672 1505 856 161 20 647 999 648 411 1335 1025 1075 1284 || mode=VB method=sk_kmeans solver=filo2 stage=post_ls ls=pyvrp iter=17
2026-03-15 22:32:48 | INFO     | [POOL #00743] 583 883 372 264 407 1590 1444 1688 1 761 725 1086 1420 1605 1085 304 1923 1880 1533 1662 34 1422 1155 93 31 1615 1687 867 906 1832 1673 997 1845 1821 1165 1878 226 603 434 238 708 1039 1476 1635 || mode=VB method=sk_kmeans solver=filo2 stage=post_ls ls=pyvrp iter=17
2026-03-15 22:32:48 | INFO     | [POOL #00744] 37 1309 66 84 340 1445 888 1287 1270 276 876 78 1495 666 1492 743 363 584 85 1759 1239 1869 495 1332 1924 863 1793 1905 613 257 141 1384 68 361 1602 1926 1357 1016 529 922 786 713 1599 381 || mode=VB method=sk_kmeans solver=filo2 stage=post_ls ls=pyvrp iter=17
2026-03-15 22:32:48 | INFO     | [POOL #00745] 1439 1215 1770 115 387 1554 481 303 80 940 650 260 3 1450 178 1512 1121 1170 1372 687 1670 569 414 130 1137 75 952 1581 1468 682 924 181 729 1280 552 1123 642 1424 721 395 1032 966 || mode=VB method=fcm solver=pyvrp stage=post_ls ls=pyvrp iter=18
2026-03-15 22:32:48 | INFO     | [POOL #00746] 688 471 348 1434 1517 1609 497 1014 700 973 1872 981 1507 1881 1657 522 869 48 1790 1050 1065 778 73 1331 268 865 308 494 1017 107 301 122 1296 864 1398 446 843 29 400 5 1900 121 || mode=VB method=fcm solver=pyvrp stage=post_ls ls=pyvrp iter=18
2026-03-15 22:32:48 | INFO     | [POOL #00747] 1745 595 1589 538 581 1891 1222 670 1645 188 279 1376 119 1114 1666 || mode=VB method=fcm solver=pyvrp stage=post_ls ls=pyvrp iter=18
2026-03-15 22:32:48 | INFO     | [POOL #00748] 1620 1035 877 936 409 1288 1342 1343 950 718 1721 964 594 366 256 557 1214 1294 653 394 609 1697 225 184 1188 166 228 1393 643 229 897 1013 1778 1736 947 295 233 440 219 1786 || mode=VB method=fcm solver=pyvrp stage=post_ls ls=pyvrp iter=18
2026-03-15 22:32:48 | INFO     | [POOL #00749] 397 1164 517 313 433 428 1177 1122 562 980 1737 1224 1766 160 853 810 460 813 560 1433 307 1200 193 1113 354 714 1719 1020 1485 1906 990 1312 846 324 155 || mode=VB method=fcm solver=pyvrp stage=post_ls ls=pyvrp iter=18
2026-03-15 22:32:48 | INFO     | [POOL #00750] 1217 1738 1410 601 1619 1462 111 344 1330 799 611 401 939 283 1576 461 1513 1341 739 951 44 1903 1787 1346 1663 1223 1917 1095 830 317 817 240 1853 640 102 756 930 677 116 441 861 887 617 857 1340 1171 837 447 || mode=VB method=fcm solver=pyvrp stage=post_ls ls=pyvrp iter=18
2026-03-15 22:32:48 | INFO     | [POOL #00751] 1748 1520 839 858 1323 1784 323 1111 86 626 1639 15 144 1347 1827 873 1856 545 606 1286 1865 724 1279 1819 744 971 1350 1237 900 827 438 1272 1185 1226 124 1741 1684 1887 1618 1915 1105 1854 1583 1724 333 || mode=VB method=fcm solver=pyvrp stage=post_ls ls=pyvrp iter=18
2026-03-15 22:32:48 | INFO     | [POOL #00752] 243 1028 1378 918 1730 103 1690 398 1568 641 976 88 357 629 1139 424 10 1632 558 896 1371 482 1258 391 1740 1767 986 1811 1484 683 812 || mode=VB method=fcm solver=pyvrp stage=post_ls ls=pyvrp iter=18
2026-03-15 22:32:48 | INFO     | [POOL #00753] 1423 4 1154 507 1182 1145 1658 513 792 230 1643 528 745 1205 1669 1555 285 1535 991 1756 463 241 782 1925 131 244 1446 636 802 521 1780 1840 1063 35 669 112 1131 157 421 322 1466 222 || mode=VB method=fcm solver=pyvrp stage=post_ls ls=pyvrp iter=18
2026-03-15 22:32:48 | INFO     | [POOL #00754] 77 1631 176 1443 33 676 1753 836 1752 1146 1252 1562 179 781 848 1927 1722 220 321 250 1723 635 1751 1799 388 1038 1706 734 1142 194 919 1454 1368 1667 1829 1392 1636 1656 329 1774 955 417 1540 337 1836 || mode=VB method=fcm solver=pyvrp stage=post_ls ls=pyvrp iter=18
2026-03-15 22:32:48 | INFO     | [POOL #00755] 741 933 70 134 1110 1671 1496 539 553 289 1904 679 1855 1358 1201 133 1630 1848 1888 1213 1015 1096 1176 1291 1552 1728 169 1692 1866 1820 780 448 246 740 196 || mode=VB method=fcm solver=pyvrp stage=post_ls ls=pyvrp iter=18
2026-03-15 22:32:48 | INFO     | [POOL #00756] 1773 56 1338 1052 1771 943 777 542 671 1283 1030 1494 1465 1364 445 1843 1267 508 403 525 210 236 618 872 859 797 1488 855 1747 505 771 1930 467 1404 765 1750 311 705 989 985 791 457 1685 444 1307 1594 590 1078 || mode=VB method=fcm solver=pyvrp stage=post_ls ls=pyvrp iter=18
2026-03-15 22:32:48 | INFO     | [POOL #00757] 563 902 742 944 117 1006 1547 1761 844 760 628 318 1094 515 1482 405 1509 41 667 1772 928 925 1281 1037 189 1664 878 1048 1019 706 1053 1610 1742 1042 132 474 1794 678 587 1543 281 899 1487 851 1625 894 || mode=VB method=fcm solver=pyvrp stage=post_ls ls=pyvrp iter=18
2026-03-15 22:32:48 | INFO     | [POOL #00758] 695 1651 288 619 1261 1686 680 272 378 1248 942 92 500 993 759 63 1733 415 237 1216 123 1247 248 1536 1329 13 913 1068 1282 1498 755 502 358 512 299 825 1680 1148 351 957 988 217 801 || mode=VB method=fcm solver=pyvrp stage=post_ls ls=pyvrp iter=18
2026-03-15 22:32:48 | INFO     | [POOL #00759] 1409 828 1080 1180 1810 977 1349 776 1478 874 1732 1704 833 1477 146 89 1889 1458 1823 622 1189 6 591 1530 1515 1396 455 738 499 61 608 380 1702 1326 881 347 1306 1577 1197 1251 1822 1355 154 490 195 975 || mode=VB method=fcm solver=pyvrp stage=post_ls ls=pyvrp iter=18
2026-03-15 22:32:48 | INFO     | [POOL #00760] 1695 437 578 319 1169 1356 555 561 277 145 310 1648 436 292 1072 658 1334 1141 1264 598 798 937 1125 1380 486 694 1160 346 1047 1311 534 1293 1202 807 300 530 182 954 67 711 353 138 533 266 1563 1400 1428 1502 1174 644 772 97 57 693 || mode=VB method=fcm solver=pyvrp stage=post_ls ls=pyvrp iter=18
2026-03-15 22:32:48 | INFO     | [POOL #00761] 108 866 1916 320 1339 227 660 94 1190 1426 1290 716 624 187 1178 1383 814 60 1417 110 1416 1539 1191 1604 657 163 1204 1791 1440 1650 1297 1644 1000 1232 1826 368 253 || mode=VB method=fcm solver=pyvrp stage=post_ls ls=pyvrp iter=18
2026-03-15 22:32:48 | INFO     | [POOL #00762] 114 1886 649 1199 995 788 328 1514 1621 903 1882 1679 958 1143 30 87 386 632 192 921 607 1640 171 1064 1867 258 588 1579 1285 892 1391 905 39 1788 1814 1002 1884 1493 1130 364 983 917 1418 || mode=VB method=fcm solver=pyvrp stage=post_ls ls=pyvrp iter=18
2026-03-15 22:32:48 | INFO     | [POOL #00763] 932 326 1654 1108 251 1792 1638 831 1109 1735 537 719 1026 1842 1834 118 375 140 343 302 631 753 1796 96 429 543 1051 736 661 136 1106 269 885 783 332 1352 || mode=VB method=fcm solver=pyvrp stage=post_ls ls=pyvrp iter=18
2026-03-15 22:32:48 | INFO     | [POOL #00764] 1864 221 850 1511 484 1749 965 1040 1918 1523 1623 1808 1448 1500 840 234 1472 1401 1301 1919 286 406 747 449 1807 927 536 593 1862 1003 1382 383 183 1442 1168 1379 91 1885 1591 365 2 715 || mode=VB method=fcm solver=pyvrp stage=post_ls ls=pyvrp iter=18
2026-03-15 22:32:48 | INFO     | [POOL #00765] 602 909 722 1437 1660 1034 1694 1486 1300 1628 1734 829 1212 818 1166 142 125 796 1256 1062 1413 501 1128 1076 1585 98 646 1659 185 1474 1150 1800 1308 1606 751 1634 503 1436 50 1912 1192 1245 || mode=VB method=fcm solver=pyvrp stage=post_ls ls=pyvrp iter=18
2026-03-15 22:32:48 | INFO     | [POOL #00766] 1260 532 216 1005 1700 1859 1187 104 580 1890 1089 1597 1653 1206 1675 213 1181 621 1896 439 1489 1196 1179 232 126 1463 1716 1194 478 1210 24 487 1844 805 1207 1074 || mode=VB method=fcm solver=pyvrp stage=post_ls ls=pyvrp iter=18
2026-03-15 22:32:48 | INFO     | [POOL #00767] 17 890 1762 297 987 143 1228 1518 1198 566 1598 554 854 1929 1061 212 274 280 1082 819 273 945 389 1079 1920 651 820 668 1571 1375 1322 1044 1781 390 1760 1499 1134 335 382 1431 12 1894 748 1054 || mode=VB method=fcm solver=pyvrp stage=post_ls ls=pyvrp iter=18
2026-03-15 22:32:48 | INFO     | [POOL #00768] 1699 1933 172 127 242 422 862 468 1709 294 1683 1475 1304 271 655 1603 1263 336 491 1310 435 49 218 1806 585 1769 442 752 1225 616 1522 327 149 1389 355 1649 152 1873 1203 1617 1081 568 211 || mode=VB method=fcm solver=pyvrp stage=post_ls ls=pyvrp iter=18
2026-03-15 22:32:48 | INFO     | [POOL #00769] 62 1348 959 120 908 774 1266 9 898 202 1553 914 1852 1359 1136 931 203 58 1897 170 849 385 1120 1779 1090 1729 1526 1678 1546 696 1043 623 1561 150 1629 || mode=VB method=fcm solver=pyvrp stage=post_ls ls=pyvrp iter=18
2026-03-15 22:32:48 | INFO     | [POOL #00770] 1758 1427 1069 1459 1534 1578 811 1892 681 376 338 462 841 970 1135 224 511 71 458 214 305 891 703 795 393 1548 1849 247 206 55 1839 1501 842 456 1537 1464 1144 199 1858 893 746 473 420 1366 1469 1913 526 895 871 535 || mode=VB method=fcm solver=pyvrp stage=post_ls ls=pyvrp iter=18
2026-03-15 22:32:48 | INFO     | [POOL #00771] 860 174 870 541 38 962 710 1863 1677 1691 1333 153 1861 770 1835 1058 1097 1612 1273 399 1233 731 750 1004 1387 1622 255 1755 396 1556 911 1250 466 32 1524 1363 1227 1717 645 || mode=VB method=fcm solver=pyvrp stage=post_ls ls=pyvrp iter=18
2026-03-15 22:32:48 | INFO     | [POOL #00772] 1452 1743 1491 1133 1457 727 129 1140 551 764 1319 979 544 1238 1067 1574 1414 1320 1240 1041 599 205 1544 1441 1381 1565 1818 548 427 790 519 1921 920 689 1847 509 605 510 64 1789 408 1797 425 || mode=VB method=fcm solver=pyvrp stage=post_ls ls=pyvrp iter=18
2026-03-15 22:32:48 | INFO     | [POOL #00773] 1093 1374 1508 815 105 1385 697 974 1386 298 938 384 349 1883 767 496 1278 1931 265 1269 889 929 65 709 489 1070 1027 1018 341 139 1275 443 350 1641 1624 1712 1596 || mode=VB method=fcm solver=pyvrp stage=post_ls ls=pyvrp iter=18
2026-03-15 22:32:48 | INFO     | [POOL #00774] 847 419 754 1453 1394 1928 1739 762 1870 1471 267 728 261 1655 1173 1077 1726 633 1833 923 763 1550 685 451 53 960 1815 1503 493 1249 565 1637 1587 1720 392 21 1558 1277 || mode=VB method=fcm solver=pyvrp stage=post_ls ls=pyvrp iter=18
2026-03-15 22:32:48 | INFO     | [POOL #00775] 173 1265 1768 249 803 1785 717 579 794 1183 1071 664 1149 1527 1255 59 1850 1764 686 282 1229 1314 610 1045 1775 540 416 779 1519 1682 1902 514 1689 1932 165 998 1262 659 || mode=VB method=fcm solver=pyvrp stage=post_ls ls=pyvrp iter=18
2026-03-15 22:32:48 | INFO     | [POOL #00776] 1633 1049 1627 1091 775 1922 42 1088 377 1153 95 483 22 699 1435 1253 1367 506 1608 1674 564 198 749 730 684 290 180 360 1545 1668 1351 1415 1024 549 369 410 1713 1710 1703 1102 || mode=VB method=fcm solver=pyvrp stage=post_ls ls=pyvrp iter=18
2026-03-15 22:32:48 | INFO     | [POOL #00777] 470 1361 1476 570 28 1559 1470 1236 423 886 1879 1162 1646 1573 907 1895 1467 373 1851 1802 953 1828 1521 901 1676 209 262 100 404 1147 826 1838 1209 1344 1652 164 1031 1405 612 1817 638 1099 231 1098 733 168 1184 567 || mode=VB method=fcm solver=pyvrp stage=post_ls ls=pyvrp iter=18
2026-03-15 22:32:48 | INFO     | [POOL #00778] 477 707 1592 620 589 1708 1693 984 586 520 1117 692 1406 1560 1430 1011 800 1411 1132 52 1115 1377 1798 498 527 315 270 359 1112 769 278 949 14 882 603 708 1911 1039 1635 || mode=VB method=fcm solver=pyvrp stage=post_ls ls=pyvrp iter=18
2026-03-15 22:32:48 | INFO     | [POOL #00779] 1317 1516 531 1316 1541 1777 726 1570 1588 1783 1159 1007 596 1531 186 345 1056 1875 637 712 577 1059 615 1595 576 1186 330 572 208 1124 1325 1127 1313 83 27 967 1100 81 128 1557 1360 1754 1480 1395 434 1243 625 356 || mode=VB method=fcm solver=pyvrp stage=post_ls ls=pyvrp iter=18
2026-03-15 22:32:48 | INFO     | [POOL #00780] 1698 758 1336 1586 1299 296 197 316 941 904 106 1244 1665 1613 1575 662 1532 239 1012 1607 737 101 156 1841 469 1337 915 868 215 69 99 808 1429 450 162 47 879 1046 371 1008 1167 1211 1399 || mode=VB method=fcm solver=pyvrp stage=post_ls ls=pyvrp iter=18
2026-03-15 22:32:48 | INFO     | [POOL #00781] 238 1156 43 524 1407 1354 1087 916 1009 1914 691 151 1369 1614 1801 809 1600 787 472 673 1425 1803 475 1506 1390 1208 1218 766 1295 1036 54 1305 1878 226 1309 1846 452 || mode=VB method=fcm solver=pyvrp stage=post_ls ls=pyvrp iter=18
2026-03-15 22:32:48 | INFO     | [POOL #00782] 45 1029 1315 79 1908 1707 1567 1388 789 325 1408 934 1021 1327 1023 912 1175 1909 1001 1193 235 550 402 1412 16 880 1538 1302 723 604 1782 1321 367 1055 1510 571 190 804 704 36 74 || mode=VB method=fcm solver=pyvrp stage=post_ls ls=pyvrp iter=18
2026-03-15 22:32:48 | INFO     | [POOL #00783] 40 1221 1525 1103 66 556 888 1010 1287 1270 276 876 1126 996 426 1403 18 25 1910 875 1813 1318 1152 1804 1362 453 1057 702 1580 159 1528 574 1461 1473 906 1832 1165 340 84 37 || mode=VB method=fcm solver=pyvrp stage=post_ls ls=pyvrp iter=18
2026-03-15 22:32:48 | INFO     | [POOL #00784] 1542 757 1289 412 1445 1845 997 1687 31 1155 1422 34 743 363 863 1924 1793 1905 613 257 1219 1083 479 1727 1161 559 1157 1460 816 806 1705 1328 1456 793 1231 614 1101 1235 1107 992 1529 838 910 312 1195 72 || mode=VB method=fcm solver=pyvrp stage=post_ls ls=pyvrp iter=18
2026-03-15 22:32:48 | INFO     | [POOL #00785] 379 381 1066 1899 1490 575 1060 784 342 972 362 78 93 1662 1495 1533 1492 666 1880 1384 141 690 1242 1711 1901 1926 1357 725 1016 761 1 1688 177 1345 465 464 1593 946 245 1744 978 || mode=VB method=fcm solver=pyvrp stage=post_ls ls=pyvrp iter=18
2026-03-15 22:32:48 | INFO     | [POOL #00786] 370 1566 516 1821 1673 867 1615 1119 254 845 339 291 735 584 85 1759 1239 1438 1402 832 969 1869 495 1332 1172 1868 592 1274 573 672 665 1812 1118 1365 1230 1370 1763 1746 1874 431 1421 1877 1254 252 546 || mode=VB method=fcm solver=pyvrp stage=post_ls ls=pyvrp iter=18
2026-03-15 22:32:48 | INFO     | [POOL #00787] 883 459 264 372 1599 713 786 1084 432 922 1444 529 8 480 175 1825 1432 1605 1085 304 1923 68 361 1602 1086 1420 773 293 1681 597 23 1776 956 701 1504 413 1292 201 656 90 583 || mode=VB method=fcm solver=pyvrp stage=post_ls ls=pyvrp iter=18
2026-03-15 22:32:48 | INFO     | [POOL #00788] 961 654 834 663 982 1449 207 994 275 547 492 485 476 1725 935 11 1715 504 191 821 1642 1549 1271 630 334 1816 148 26 1129 314 1483 675 634 1876 1757 1805 284 1353 1104 1569 || mode=VB method=fcm solver=pyvrp stage=post_ls ls=pyvrp iter=18
2026-03-15 22:32:48 | INFO     | [POOL #00789] 1397 1220 454 963 113 1661 7 1151 167 1857 1871 1419 698 639 1324 1696 1672 19 1505 856 161 20 1626 411 648 999 647 1830 1259 627 1647 1163 223 600 200 822 1731 523 1335 968 82 1025 137 1373 1601 768 720 1241 || mode=VB method=fcm solver=pyvrp stage=post_ls ls=pyvrp iter=18
2026-03-15 22:32:48 | INFO     | [POOL #00790] 948 1582 109 1022 823 785 1451 287 1116 1246 1809 1714 1572 1701 204 1611 1276 1073 488 926 1447 652 1158 1765 884 418 46 1303 1033 674 1257 309 1268 1860 732 374 1898 1298 263 259 1718 || mode=VB method=fcm solver=pyvrp stage=post_ls ls=pyvrp iter=18
2026-03-15 22:32:48 | INFO     | [POOL #00791] 331 352 1284 1075 1795 1551 1584 1092 1481 1831 306 1497 1837 1907 1616 147 852 1138 1234 1479 51 1455 135 1590 407 835 430 518 1824 824 1564 76 1893 582 158 || mode=VB method=fcm solver=pyvrp stage=post_ls ls=pyvrp iter=18
2026-03-15 22:32:48 | INFO     | [POOL #00792] 978 252 1254 7 1151 167 1593 1874 1138 464 1705 465 1901 1926 690 1219 1083 1172 1905 1793 863 1924 1332 495 1869 969 832 1402 1438 1239 1759 735 584 85 363 743 1492 1533 1825 175 480 701 413 1289 757 370 || mode=RB method=sk_ac_avg solver=filo2 stage=post_ls ls=pyvrp iter=19
2026-03-15 22:32:48 | INFO     | [POOL #00793] 768 1795 1373 137 1025 1335 523 1731 822 200 600 223 1163 1647 627 1259 1830 411 648 999 647 20 161 856 19 665 1812 1370 1230 1365 1118 1857 1871 1419 1837 1497 306 1831 1481 1092 1551 113 963 720 || mode=RB method=sk_ac_avg solver=filo2 stage=post_ls ls=pyvrp iter=19
2026-03-15 22:32:48 | INFO     | [POOL #00794] 516 412 556 1445 1845 997 1270 78 31 93 1155 1422 339 1126 996 426 1403 875 1813 1318 1152 1327 1021 1321 1782 367 673 1425 472 1803 475 1506 571 190 1390 1208 1218 766 1305 1029 603 45 || mode=RB method=sk_ac_avg solver=filo2 stage=post_ls ls=pyvrp iter=19
2026-03-15 22:32:48 | INFO     | [POOL #00795] 76 459 264 407 1590 1444 1016 725 1420 1086 1357 1602 361 68 1384 141 257 613 666 1880 1923 304 1085 1605 1432 773 293 1681 597 23 1776 529 8 956 432 922 786 713 1599 372 883 || mode=RB method=sk_ac_avg solver=filo2 stage=post_ls ls=pyvrp iter=19
2026-03-15 22:32:48 | INFO     | [POOL #00796] 1635 1184 1480 43 36 1698 949 278 758 769 1112 359 804 296 1407 1354 1087 916 27 83 1209 1344 1652 164 1031 498 527 315 967 1100 81 128 1557 1360 1754 1098 733 168 586 570 || mode=RB method=sk_ac_avg solver=filo2 stage=post_ls ls=pyvrp iter=19
2026-03-15 22:32:48 | INFO     | [POOL #00797] 40 1221 356 1476 74 625 1103 1243 1846 1309 66 226 1878 1165 54 1295 1036 906 1832 1673 1687 876 276 362 1287 1010 888 342 784 1060 1504 1084 1490 1899 1066 381 1292 201 379 656 90 || mode=RB method=sk_ac_avg solver=filo2 stage=post_ls ls=pyvrp iter=19
2026-03-15 22:32:48 | INFO     | [POOL #00798] 1397 1241 1220 454 1661 1744 245 946 1907 1616 147 852 1746 1763 806 816 1460 1157 1711 1242 479 1727 559 1161 1868 592 1274 573 672 1505 1672 1324 1696 698 639 1626 968 82 1584 1601 1075 1284 || mode=RB method=sk_ac_avg solver=filo2 stage=post_ls ls=pyvrp iter=19
2026-03-15 22:32:48 | INFO     | [POOL #00799] 708 238 434 1395 882 1315 14 79 1908 1336 1586 1299 1707 1567 159 1580 1388 789 1510 1055 325 1408 934 1804 1362 453 1057 702 1528 574 1461 845 1473 254 1119 1615 867 1821 340 84 37 1566 || mode=RB method=sk_ac_avg solver=filo2 stage=post_ls ls=pyvrp iter=19
2026-03-15 22:32:48 | INFO     | [POOL #00800] 477 707 1592 1559 1693 984 520 1117 1406 692 638 1817 1405 1798 1377 1115 52 209 1676 47 879 901 1046 1132 1411 1011 1430 1162 1588 699 22 483 1519 1682 1902 514 1689 1088 165 1317 775 1627 1049 1633 || mode=RB method=sk_ac_avg solver=filo2 stage=post_ls ls=pyvrp iter=19
2026-03-15 22:32:48 | INFO     | [POOL #00801] 419 754 1453 1394 1928 1265 1768 249 579 369 410 1713 1262 659 1922 1516 531 1316 1541 1777 1211 1236 1470 1708 589 620 28 1911 1039 1525 452 1361 470 || mode=RB method=sk_ac_avg solver=filo2 stage=post_ls ls=pyvrp iter=19
2026-03-15 22:32:48 | INFO     | [POOL #00802] 1102 1703 1710 998 42 377 1153 95 779 416 1850 1764 540 686 282 1775 1045 610 1229 1314 290 180 360 1545 1668 1351 1415 1024 1149 664 59 1255 1527 1071 1183 549 794 717 1785 803 173 || mode=RB method=sk_ac_avg solver=filo2 stage=post_ls ls=pyvrp iter=19
2026-03-15 22:32:48 | INFO     | [POOL #00803] 1008 1560 800 162 1147 826 450 1429 808 99 576 1595 868 915 1337 469 1841 156 101 737 1607 1012 239 1532 662 1575 1613 1665 1244 106 215 69 1186 330 572 208 1124 1325 1127 1313 1838 100 404 262 612 1099 231 567 || mode=RB method=sk_ac_avg solver=filo2 stage=post_ls ls=pyvrp iter=19
2026-03-15 22:32:48 | INFO     | [POOL #00804] 1542 575 972 1495 1662 34 291 18 25 1910 1193 1001 1023 1909 235 550 402 1412 1175 912 16 880 1538 1302 723 604 904 941 316 197 1801 809 1614 1369 691 151 1600 787 1914 1009 524 270 704 1156 || mode=RB method=sk_ac_avg solver=filo2 stage=post_ls ls=pyvrp iter=19
2026-03-15 22:32:48 | INFO     | [POOL #00805] 1091 1932 726 886 1570 1879 1783 1435 1253 1367 506 1608 1159 1007 564 1674 198 684 730 749 1056 1875 637 712 577 1059 615 345 186 1531 596 1851 373 1467 1895 1802 953 1828 907 1521 1573 1646 371 423 1167 1399 || mode=RB method=sk_ac_avg solver=filo2 stage=post_ls ls=pyvrp iter=19
2026-03-15 22:32:48 | INFO     | [POOL #00806] 114 995 97 772 328 588 1174 1502 1428 1563 1400 1281 925 310 292 1072 658 1334 937 1125 1380 798 1141 1264 598 486 694 1160 346 1047 1311 534 1293 807 1202 386 87 30 1143 607 1679 1882 903 1621 1514 788 693 || mode=RB method=sk_ac_avg solver=filo2 stage=post_ls ls=pyvrp iter=19
2026-03-15 22:32:48 | INFO     | [POOL #00807] 1418 983 364 1130 1493 1884 851 1487 899 281 1356 555 515 272 378 41 928 1772 667 1248 942 92 500 1498 755 502 358 512 825 1680 1148 351 988 217 801 1547 1006 117 944 742 437 1695 917 || mode=RB method=sk_ac_avg solver=filo2 stage=post_ls ls=pyvrp iter=19
2026-03-15 22:32:48 | INFO     | [POOL #00808] 246 448 660 94 1190 1290 490 1383 814 60 110 1417 1349 1822 776 1478 874 1732 1704 833 1477 455 738 499 61 1702 1326 299 881 957 1094 318 628 760 1761 1180 1080 902 563 828 1409 196 || mode=RB method=sk_ac_avg solver=filo2 stage=post_ls ls=pyvrp iter=19
2026-03-15 22:32:48 | INFO     | [POOL #00809] 195 716 624 187 1178 977 1810 844 1251 1197 1577 1306 347 380 608 1282 1068 913 13 1329 1536 248 1247 123 1216 237 415 1733 63 759 993 436 1648 145 277 1509 405 1482 680 1686 1261 619 1169 288 319 1651 695 578 894 || mode=RB method=sk_ac_avg solver=filo2 stage=post_ls ls=pyvrp iter=19
2026-03-15 22:32:48 | INFO     | [POOL #00810] 649 1199 57 1002 1814 644 258 1867 1064 171 1640 266 533 958 138 353 711 67 954 300 530 182 706 1019 1048 1053 878 1610 1742 189 1664 1037 1042 132 474 1794 561 678 587 1543 1579 1285 892 1391 905 39 1788 1625 1886 || mode=RB method=sk_ac_avg solver=filo2 stage=post_ls ls=pyvrp iter=19
2026-03-15 22:32:48 | INFO     | [POOL #00811] 1074 216 1005 1757 1859 1187 104 580 1890 1816 334 630 1271 821 1642 1549 439 1896 621 1489 1196 1179 232 1181 213 1675 1206 1653 1597 1089 651 820 668 1571 1700 1844 805 532 1260 || mode=RB method=sk_ac_avg solver=filo2 stage=post_ls ls=pyvrp iter=19
2026-03-15 22:32:48 | INFO     | [POOL #00812] 871 269 661 1474 185 1526 1729 1090 1779 1366 420 501 1413 1062 1858 199 893 1144 1464 1537 456 842 1501 1839 55 206 1212 818 1166 142 125 796 1256 1128 1585 98 646 1659 1469 1913 526 96 136 1106 || mode=RB method=sk_ac_avg solver=filo2 stage=post_ls ls=pyvrp iter=19
2026-03-15 22:32:48 | INFO     | [POOL #00813] 961 654 834 663 982 1449 207 994 275 547 492 476 1725 935 11 1715 504 191 652 1158 1765 884 418 46 148 26 1129 314 1483 675 1876 634 1805 284 1353 1104 1569 1207 602 || mode=RB method=sk_ac_avg solver=filo2 stage=post_ls ls=pyvrp iter=19
2026-03-15 22:32:48 | INFO     | [POOL #00814] 243 397 1164 1748 219 1520 440 837 1323 88 976 617 887 861 86 626 1639 15 980 562 1122 1177 428 641 1568 398 1690 1730 947 295 918 1378 1028 1620 || mode=RB method=sk_ac_avg solver=filo2 stage=post_ls ls=pyvrp iter=19
2026-03-15 22:32:48 | INFO     | [POOL #00815] 812 688 683 1745 1484 77 119 1645 538 5 1619 1462 111 344 301 107 1017 33 676 494 1753 401 611 799 1330 951 44 1903 1296 122 446 843 1398 29 400 601 1767 986 1589 1811 595 1900 || mode=RB method=sk_ac_avg solver=filo2 stage=post_ls ls=pyvrp iter=19
2026-03-15 22:32:48 | INFO     | [POOL #00816] 155 324 846 1736 103 1312 990 1906 193 1200 307 1737 1224 1766 160 1684 124 1226 1741 1887 460 813 853 810 1433 560 354 1113 714 1719 1485 1020 1724 1778 936 1035 333 || mode=RB method=sk_ac_avg solver=filo2 stage=post_ls ls=pyvrp iter=19
2026-03-15 22:32:48 | INFO     | [POOL #00817] 447 1786 839 1632 864 240 817 1223 1917 1663 1346 1787 739 1341 1513 939 283 461 1576 1722 1927 1252 1146 1752 836 1065 778 73 1331 268 865 308 1443 176 1631 1222 1891 581 670 188 1376 279 471 1114 1666 || mode=RB method=sk_ac_avg solver=filo2 stage=post_ls ls=pyvrp iter=19
2026-03-15 22:32:48 | INFO     | [POOL #00818] 395 721 1123 1434 1517 1609 497 1014 700 973 1872 981 1507 1881 1657 522 869 48 1790 1050 1562 179 781 848 220 321 1723 635 1751 250 1214 1294 557 256 366 653 394 1185 1272 438 827 900 1237 1350 971 1279 677 930 116 858 || mode=RB method=sk_ac_avg solver=filo2 stage=post_ls ls=pyvrp iter=19
2026-03-15 22:32:48 | INFO     | [POOL #00819] 517 233 313 433 1171 1340 857 1784 323 441 1111 144 1347 1827 873 1856 545 606 1286 1865 724 744 1819 1095 830 317 640 1853 102 756 629 357 1139 424 10 558 896 1371 482 1258 391 1740 1410 1738 121 1217 || mode=RB method=sk_ac_avg solver=filo2 stage=post_ls ls=pyvrp iter=19
2026-03-15 22:32:48 | INFO     | [POOL #00820] 150 251 719 1026 1842 1834 118 375 9 898 202 1553 914 747 449 149 327 1522 616 931 203 1136 1546 1678 696 1150 1043 1800 1308 1796 895 753 1606 751 1634 503 1912 1629 || mode=RB method=sk_ac_avg solver=filo2 stage=post_ls ls=pyvrp iter=19
2026-03-15 22:32:48 | INFO     | [POOL #00821] 365 645 1773 741 933 70 911 1250 1556 396 1755 134 408 1789 1387 510 605 1004 750 1233 399 1333 1691 1677 1709 183 468 862 1442 1168 1379 91 1617 1523 1918 1040 965 1749 484 850 1511 1864 || mode=RB method=sk_ac_avg solver=filo2 stage=post_ls ls=pyvrp iter=19
2026-03-15 22:32:48 | INFO     | [POOL #00822] 715 2 1717 1227 1363 1524 253 368 780 1820 1866 1692 169 1338 1496 539 553 289 1904 679 1855 1847 1861 770 1835 1058 1097 1612 1273 153 731 962 38 1591 1081 568 211 || mode=RB method=sk_ac_avg solver=filo2 stage=post_ls ls=pyvrp iter=19
2026-03-15 22:32:48 | INFO     | [POOL #00823] 466 56 1110 1671 1052 1771 943 777 1630 1201 133 920 689 1921 519 542 671 1848 1283 1030 1465 1494 1888 1213 771 467 1930 1015 1096 1176 1291 1552 1728 457 1685 444 1307 1594 32 || mode=RB method=sk_ac_avg solver=filo2 stage=post_ls ls=pyvrp iter=19
2026-03-15 22:32:48 | INFO     | [POOL #00824] 1245 1192 631 623 1852 1359 58 1897 170 849 385 1120 473 746 1320 1240 1414 1574 1067 1238 544 979 1319 764 551 1140 129 727 1457 1133 1491 1743 1225 752 1389 406 286 1919 1301 1401 234 1472 1623 1933 1699 || mode=RB method=sk_ac_avg solver=filo2 stage=post_ls ls=pyvrp iter=19
2026-03-15 22:32:48 | INFO     | [POOL #00825] 860 174 870 541 1885 710 1863 294 1683 1475 1304 271 655 593 536 1603 1263 336 1310 491 435 49 218 1806 585 1452 1769 442 1807 927 355 1649 152 1862 1003 1382 383 1873 1203 422 242 127 172 || mode=RB method=sk_ac_avg solver=filo2 stage=post_ls ls=pyvrp iter=19
2026-03-15 22:32:48 | INFO     | [POOL #00826] 1352 535 332 885 783 50 1436 1792 537 1735 1638 831 1109 1561 302 343 140 1266 774 840 1500 1448 1808 908 120 959 1348 62 1108 1654 326 221 932 || mode=RB method=sk_ac_avg solver=filo2 stage=post_ls ls=pyvrp iter=19
2026-03-15 22:32:48 | INFO     | [POOL #00827] 1078 590 108 1916 320 1826 791 985 989 705 311 1750 765 1404 505 1747 855 1488 797 859 618 872 525 403 508 1267 1843 445 1364 1041 599 205 1544 1441 1381 1565 1818 548 427 790 1358 509 64 1622 255 1797 425 || mode=RB method=sk_ac_avg solver=filo2 stage=post_ls ls=pyvrp iter=19
2026-03-15 22:32:48 | INFO     | [POOL #00828] 2 365 1717 1773 741 933 70 911 1250 1556 1797 396 1755 134 408 1789 1387 64 1004 510 605 1058 1097 1612 1273 1333 1691 1677 1863 710 1168 1379 91 1617 172 870 174 1699 || mode=RB method=sk_ac_min solver=filo2 stage=post_ls ls=pyvrp iter=20
2026-03-15 22:32:48 | INFO     | [POOL #00829] 1918 1623 1401 152 1649 355 927 1807 752 1225 442 1769 1452 1491 544 979 1319 764 551 1140 129 727 1457 1133 1743 585 1806 218 49 435 1310 491 336 1263 1603 536 593 1862 1003 1382 183 1709 1885 541 860 211 || mode=RB method=sk_ac_min solver=filo2 stage=post_ls ls=pyvrp iter=20
2026-03-15 22:32:48 | INFO     | [POOL #00830] 932 326 1654 1108 62 1348 959 120 719 1834 1842 1026 908 1808 1448 1500 774 840 234 1472 1873 383 468 1442 862 1203 422 242 127 1523 1040 965 1749 484 1511 850 221 1864 || mode=RB method=sk_ac_min solver=filo2 stage=post_ls ls=pyvrp iter=20
2026-03-15 22:32:48 | INFO     | [POOL #00831] 715 1227 1363 1524 253 368 1866 56 1110 1671 1338 1052 1496 539 553 289 509 1835 770 1861 655 271 1304 1475 1683 294 153 399 1233 750 731 962 38 1591 1081 568 || mode=RB method=sk_ac_min solver=filo2 stage=post_ls ls=pyvrp iter=20
2026-03-15 22:32:48 | INFO     | [POOL #00832] 1933 1266 9 898 1301 1919 286 406 747 449 1389 149 327 1522 616 931 203 1238 1067 1574 1414 1240 1320 746 473 1120 385 849 170 1897 58 1136 1359 1852 914 1553 202 302 343 140 375 118 251 || mode=RB method=sk_ac_min solver=filo2 stage=post_ls ls=pyvrp iter=20
2026-03-15 22:32:48 | INFO     | [POOL #00833] 243 397 1028 1378 918 295 947 1730 103 1312 990 1906 1485 1719 1854 1583 1342 417 1540 337 897 1393 228 643 229 1883 349 1836 384 341 938 139 1275 443 350 1641 1624 1712 847 || mode=RB method=sk_ac_min solver=filo2 stage=post_ls ls=pyvrp iter=20
2026-03-15 22:32:48 | INFO     | [POOL #00834] 1620 877 936 1013 409 1288 1343 166 950 718 955 1774 329 1721 1188 184 225 1697 609 594 964 1656 1636 1392 1269 265 1931 889 1278 496 767 1018 298 974 697 1596 || mode=RB method=sk_ac_min solver=filo2 stage=post_ls ls=pyvrp iter=20
2026-03-15 22:32:48 | INFO     | [POOL #00835] 447 839 482 1632 864 1296 1903 739 1341 1513 939 283 461 1576 1722 1927 848 781 179 1562 1050 1065 1252 1146 1752 836 1753 401 611 799 1330 301 107 344 111 1462 1619 5 538 1645 119 77 1745 || mode=RB method=sk_ac_min solver=filo2 stage=post_ls ls=pyvrp iter=20
2026-03-15 22:32:48 | INFO     | [POOL #00836] 812 688 683 1484 471 279 1376 188 670 581 1891 1222 1631 176 1443 1017 33 676 494 308 865 268 1331 73 778 1790 48 869 522 1657 1881 1507 981 1872 973 700 1014 497 1609 1517 1434 1123 721 395 1114 1666 || mode=RB method=sk_ac_min solver=filo2 stage=post_ls ls=pyvrp iter=20
2026-03-15 22:32:48 | INFO     | [POOL #00837] 121 1900 595 1811 1589 986 1767 601 400 29 1398 843 446 122 951 44 1787 1346 1663 1917 1095 1223 817 240 1853 640 102 756 629 357 1139 424 10 558 896 1371 1258 391 1740 1410 1738 1217 || mode=RB method=sk_ac_min solver=filo2 stage=post_ls ls=pyvrp iter=20
2026-03-15 22:32:48 | INFO     | [POOL #00838] 1385 105 1386 1027 1070 489 709 929 65 923 1833 633 1726 1829 1667 1368 1454 919 194 1655 1173 1077 1815 960 53 685 451 763 1550 1503 1249 493 815 1508 1277 || mode=RB method=sk_ac_min solver=filo2 stage=post_ls ls=pyvrp iter=20
2026-03-15 22:32:48 | INFO     | [POOL #00839] 1164 858 116 930 677 317 830 1819 1279 744 971 1350 1237 900 827 438 1272 1185 394 653 366 256 557 1294 1214 250 220 321 1723 635 1751 1799 388 1038 1706 734 1142 261 728 267 1471 1870 762 1739 1637 565 1587 1720 392 21 1558 1374 1093 || mode=RB method=sk_ac_min solver=filo2 stage=post_ls ls=pyvrp iter=20
2026-03-15 22:32:48 | INFO     | [POOL #00840] 1786 219 1520 440 313 837 1323 88 976 617 323 887 861 1122 562 980 1224 1766 160 1737 307 1200 193 1177 428 641 1568 398 1690 1736 846 324 155 || mode=RB method=sk_ac_min solver=filo2 stage=post_ls ls=pyvrp iter=20
2026-03-15 22:32:48 | INFO     | [POOL #00841] 333 1035 1778 1724 1020 714 1113 354 1105 1915 1618 460 813 560 1433 810 853 1887 1684 1741 124 1226 1865 724 1286 606 545 1856 873 1827 1347 144 15 1639 626 86 1111 441 1784 857 1340 1171 433 233 517 1748 || mode=RB method=sk_ac_min solver=filo2 stage=post_ls ls=pyvrp iter=20
2026-03-15 22:32:48 | INFO     | [POOL #00842] 1695 437 1761 760 318 957 1680 825 512 358 92 500 502 755 1498 63 1733 415 237 1216 123 1247 248 1536 1329 13 913 1068 1282 608 380 347 1306 1577 1197 1251 1349 977 1178 187 624 716 195 || mode=RB method=sk_ac_min solver=filo2 stage=post_ls ls=pyvrp iter=20
2026-03-15 22:32:48 | INFO     | [POOL #00843] 196 1409 828 563 902 742 944 117 1006 1547 801 217 988 628 1094 881 299 1326 1702 61 499 738 455 1477 833 1704 1732 874 1478 776 1822 1417 110 60 814 1383 490 1290 1190 94 660 448 246 || mode=RB method=sk_ac_min solver=filo2 stage=post_ls ls=pyvrp iter=20
2026-03-15 22:32:48 | INFO     | [POOL #00844] 1418 364 1130 1493 1884 851 1487 899 281 1543 587 1428 1563 1400 132 1042 1037 1664 189 1742 1610 878 1053 1048 1019 706 182 530 300 954 67 711 353 138 30 1143 958 533 266 1640 171 1502 1174 1064 1867 258 588 644 328 772 97 57 1625 894 || mode=RB method=sk_ac_min solver=filo2 stage=post_ls ls=pyvrp iter=20
2026-03-15 22:32:48 | INFO     | [POOL #00845] 917 983 578 695 1651 319 288 1169 619 1261 1686 680 515 272 1482 405 1509 277 41 378 667 1772 928 145 310 925 1281 474 1794 561 678 555 1356 1579 1285 892 1391 905 39 1788 1814 1002 1199 649 1886 114 || mode=RB method=sk_ac_min solver=filo2 stage=post_ls ls=pyvrp iter=20
2026-03-15 22:32:48 | INFO     | [POOL #00846] 693 995 788 1514 1621 903 1882 1679 607 87 386 1202 807 1293 534 1311 1047 346 1160 694 486 598 1264 1141 798 1380 1125 937 1334 658 1072 292 759 993 436 1648 942 1248 1148 351 844 1810 1180 1080 || mode=RB method=sk_ac_min solver=filo2 stage=post_ls ls=pyvrp iter=20
2026-03-15 22:32:48 | INFO     | [POOL #00847] 477 707 1592 620 589 1708 1470 1693 586 567 1184 733 1098 1480 43 36 1698 949 79 54 1295 1036 906 1832 1165 1878 226 66 45 1846 1243 1103 625 1525 452 470 40 || mode=RB method=sk_ac_min solver=filo2 stage=post_ls ls=pyvrp iter=20
2026-03-15 22:32:48 | INFO     | [POOL #00848] 72 312 910 838 1529 992 1235 1107 1877 1421 431 51 1479 1874 1138 1234 1456 1328 1345 177 1688 1 761 793 1231 1455 135 614 1101 835 430 459 518 1824 824 1564 76 582 158 || mode=RB method=sk_ac_min solver=filo2 stage=post_ls ls=pyvrp iter=20
2026-03-15 22:32:48 | INFO     | [POOL #00849] 1559 52 209 262 1838 1313 1127 1325 1124 208 572 330 69 576 1595 868 915 1337 469 1841 156 101 737 1607 1012 239 1532 662 1575 1613 1665 1244 106 215 1186 1369 1614 151 691 1914 1009 83 916 359 1112 704 1754 || mode=RB method=sk_ac_min solver=filo2 stage=post_ls ls=pyvrp iter=20
2026-03-15 22:32:48 | INFO     | [POOL #00850] 583 90 656 379 381 1599 713 786 1084 432 701 956 8 1776 23 597 1681 293 773 1432 1825 175 362 972 480 342 784 1060 1504 575 412 516 1289 757 1566 370 1361 || mode=RB method=sk_ac_min solver=filo2 stage=post_ls ls=pyvrp iter=20
2026-03-15 22:32:48 | INFO     | [POOL #00851] 1399 1211 1167 726 423 886 1570 1879 371 1162 1646 1573 1521 907 1828 953 1802 1851 373 808 99 1531 596 186 345 615 1059 577 712 637 1875 1056 749 730 684 290 180 360 1545 1668 1351 1415 1024 717 1785 803 173 || mode=RB method=sk_ac_min solver=filo2 stage=post_ls ls=pyvrp iter=20
2026-03-15 22:32:48 | INFO     | [POOL #00852] 603 1305 766 1218 1208 1390 159 1580 1388 789 1510 1055 325 1408 934 1804 1362 453 1318 1813 875 1910 25 18 426 1403 1057 702 1528 574 1461 845 1473 254 1119 1615 1687 867 1673 997 1845 1821 340 84 37 1542 || mode=RB method=sk_ac_min solver=filo2 stage=post_ls ls=pyvrp iter=20
2026-03-15 22:32:48 | INFO     | [POOL #00853] 1635 1476 1039 1911 168 231 1360 1557 128 81 1100 967 315 270 524 1087 1354 1407 296 804 1567 1707 1299 1586 1336 769 758 278 1908 14 1315 1029 882 1395 434 238 708 74 356 || mode=RB method=sk_ac_min solver=filo2 stage=post_ls ls=pyvrp iter=20
2026-03-15 22:32:48 | INFO     | [POOL #00854] 1236 1008 1560 1430 1011 800 1411 1132 1046 901 879 1676 47 1895 1467 1429 450 162 826 1147 404 100 1344 1209 1652 164 27 1031 527 498 1798 1377 1115 612 1405 1817 638 1099 692 1406 1117 520 984 28 570 || mode=RB method=sk_ac_min solver=filo2 stage=post_ls ls=pyvrp iter=20
2026-03-15 22:32:48 | INFO     | [POOL #00855] 201 1292 1066 1899 1490 922 529 1016 725 1086 1420 1605 1085 304 1923 1880 1533 666 1492 743 363 1759 85 584 735 291 996 1126 339 1422 34 1662 1495 93 1155 31 78 876 276 1270 1287 1010 888 1445 556 413 || mode=RB method=sk_ac_min solver=filo2 stage=post_ls ls=pyvrp iter=20
2026-03-15 22:32:48 | INFO     | [POOL #00856] 978 252 1254 1151 167 1593 1746 464 1705 465 1901 1926 690 1219 1083 1172 1332 495 1869 969 832 1193 1402 1438 1239 1924 863 1793 1905 613 257 141 1384 68 361 1602 1357 1444 1590 407 264 372 883 1893 || mode=RB method=sk_ac_min solver=filo2 stage=post_ls ls=pyvrp iter=20
2026-03-15 22:32:48 | INFO     | [POOL #00857] 1241 1661 1744 245 1497 306 1419 1871 1857 1118 1812 665 672 573 1274 592 1868 1161 559 1727 479 1242 1711 1157 1460 816 806 1763 1370 1230 1365 852 147 1616 1907 1837 946 7 546 1195 || mode=RB method=sk_ac_min solver=filo2 stage=post_ls ls=pyvrp iter=20
2026-03-15 22:32:48 | INFO     | [POOL #00858] 1221 1156 472 787 1600 809 1801 197 316 941 904 604 723 1302 1538 880 1412 16 912 1175 1909 402 550 235 1001 1023 1327 1152 1021 1321 1782 367 673 1425 1803 475 1506 571 190 1309 || mode=RB method=sk_ac_min solver=filo2 stage=post_ls ls=pyvrp iter=20
2026-03-15 22:32:48 | INFO     | [POOL #00859] 1423 4 1154 507 1145 1658 513 792 230 1643 528 745 1205 1669 1555 285 921 192 632 1535 991 1756 463 241 782 1925 131 244 1446 636 802 521 1780 1182 1554 387 115 1770 1215 1439 322 1466 222 || mode=RB method=sk_ac_min solver=filo2 stage=post_ls ls=pyvrp iter=20
2026-03-15 22:32:48 | INFO     | [POOL #00860] 348 1424 642 552 1280 729 181 924 682 1468 1581 952 75 1137 130 414 569 1670 687 1372 1170 1121 1512 178 1450 3 260 650 940 80 303 481 1840 1063 35 669 112 1131 157 421 1032 966 || mode=RB method=sk_ac_min solver=filo2 stage=post_ls ls=pyvrp iter=20
2026-03-15 22:32:48 | INFO     | [POOL #00861] 1074 1207 216 1005 1757 1859 1571 668 104 580 1890 1816 334 630 1271 821 1642 1549 439 1896 621 1489 1196 1179 232 126 280 376 274 212 1061 1929 854 390 1781 1044 1578 1534 1300 987 297 1762 1694 1034 1437 722 1758 1054 || mode=RB method=sk_ac_min solver=filo2 stage=post_ls ls=pyvrp iter=20
2026-03-15 22:32:48 | INFO     | [POOL #00862] 748 1894 12 1431 382 335 1134 1499 1760 1518 1198 566 1598 554 393 795 703 214 458 71 462 338 841 970 1135 224 511 305 891 247 1849 1548 206 55 1839 1501 842 456 1537 1464 1144 893 420 1366 1779 1090 1729 1526 1192 || mode=RB method=sk_ac_min solver=filo2 stage=post_ls ls=pyvrp iter=20
2026-03-15 22:32:48 | INFO     | [POOL #00863] 1427 1660 1069 1486 1459 487 24 1210 478 1194 811 1892 1716 681 273 819 1082 1463 1181 213 1675 1206 1653 1597 1089 945 389 820 651 1079 1920 1322 1375 1700 1844 805 532 1260 || mode=RB method=sk_ac_min solver=filo2 stage=post_ls ls=pyvrp iter=20
2026-03-15 22:32:48 | INFO     | [POOL #00864] 1569 1104 1353 284 1805 634 1876 1187 314 1483 1129 26 148 46 418 884 1765 1158 652 191 504 1715 11 935 1725 476 492 547 275 675 994 207 1449 982 663 834 654 961 || mode=RB method=sk_ac_min solver=filo2 stage=post_ls ls=pyvrp iter=20
2026-03-15 22:32:48 | INFO     | [POOL #00865] 1078 590 108 1916 320 1826 791 985 989 705 311 1750 765 1404 505 1747 855 1488 797 859 618 872 525 403 508 1267 1843 445 1364 1041 599 205 1544 1441 1381 1565 1818 548 427 790 1358 1855 1847 679 1904 1622 255 425 || mode=RB method=sk_ac_min solver=filo2 stage=post_ls ls=pyvrp iter=20
2026-03-15 22:32:48 | INFO     | [POOL #00866] 121 1900 1767 601 400 29 1398 843 446 1296 1903 44 951 1330 799 611 401 1753 836 1752 1146 1722 1927 220 321 1723 635 1751 250 1214 1294 557 256 366 653 594 964 1656 329 1774 955 718 950 166 1343 1342 409 1013 936 877 1035 333 || mode=VB method=k_medoids_pyclustering solver=filo1 stage=post_ls ls=pyvrp iter=21
2026-03-15 22:32:48 | INFO     | [POOL #00867] 222 1466 322 421 157 112 1131 1123 700 973 1872 981 1507 1881 1657 522 869 48 1790 1562 179 781 848 1252 1050 1065 778 73 1331 268 865 308 1014 497 1609 1517 1434 348 721 395 1032 966 || mode=VB method=k_medoids_pyclustering solver=filo1 stage=post_ls ls=pyvrp iter=21
2026-03-15 22:32:48 | INFO     | [POOL #00868] 517 433 887 861 323 441 144 1347 1827 873 1856 545 606 1286 1865 724 1279 1819 744 971 1350 1237 900 827 438 1272 1185 394 609 1697 225 184 1721 1188 1915 1618 1105 1854 1583 1719 1020 1724 1778 || mode=VB method=k_medoids_pyclustering solver=filo1 stage=post_ls ls=pyvrp iter=21
2026-03-15 22:32:48 | INFO     | [POOL #00869] 1217 1740 391 1258 482 1371 896 558 10 1632 864 1853 640 817 240 1787 739 1341 1513 939 283 1576 461 1663 1346 1223 1917 1095 830 317 677 930 756 102 424 1139 858 839 440 1520 219 1786 447 || mode=VB method=k_medoids_pyclustering solver=filo1 stage=post_ls ls=pyvrp iter=21
2026-03-15 22:32:48 | INFO     | [POOL #00870] 1620 324 846 1736 103 1312 990 1906 1485 714 1113 354 560 1433 810 853 813 460 1887 1741 1226 124 1684 160 1766 1224 1737 307 1200 193 1690 1730 1378 155 || mode=VB method=k_medoids_pyclustering solver=filo1 stage=post_ls ls=pyvrp iter=21
2026-03-15 22:32:48 | INFO     | [POOL #00871] 847 419 754 1453 1394 1928 1739 762 1870 1471 267 728 1173 194 1655 261 1142 734 1706 1038 388 1799 919 1454 1368 1667 1829 1636 1392 1269 265 1931 1278 496 767 341 938 697 || mode=VB method=k_medoids_pyclustering solver=filo1 stage=post_ls ls=pyvrp iter=21
2026-03-15 22:32:48 | INFO     | [POOL #00872] 1666 1114 471 119 1376 279 188 1645 581 1891 1222 1631 176 1443 33 494 676 1017 107 301 122 344 111 1462 1619 5 1589 77 1811 595 1484 1745 683 688 812 || mode=VB method=k_medoids_pyclustering solver=filo1 stage=post_ls ls=pyvrp iter=21
2026-03-15 22:32:48 | INFO     | [POOL #00873] 1712 1624 1385 974 298 1018 1883 229 643 228 1393 1540 417 1288 337 897 349 1836 384 139 1275 443 350 1641 1596 || mode=VB method=k_medoids_pyclustering solver=filo1 stage=post_ls ls=pyvrp iter=21
2026-03-15 22:32:48 | INFO     | [POOL #00874] 1277 1508 815 105 1386 1027 1070 489 709 889 929 65 923 1833 633 1726 1077 1815 960 53 451 685 1550 763 493 1249 1503 1637 565 1587 1720 392 21 1558 1374 1093 || mode=VB method=k_medoids_pyclustering solver=filo1 stage=post_ls ls=pyvrp iter=21
2026-03-15 22:32:48 | INFO     | [POOL #00875] 397 1164 1748 233 313 837 1323 1171 1340 857 1784 617 976 88 357 629 116 1111 86 626 1639 15 980 562 1122 1177 428 641 1568 398 947 295 918 1028 243 || mode=VB method=k_medoids_pyclustering solver=filo1 stage=post_ls ls=pyvrp iter=21
2026-03-15 22:32:48 | INFO     | [POOL #00876] 1091 531 1541 1399 1008 1560 1430 1011 800 1411 1132 1046 901 879 47 1676 209 52 1115 1377 612 1817 638 692 1406 1117 231 1754 1480 1098 733 1184 567 586 74 1525 452 1361 470 || mode=VB method=k_medoids_pyclustering solver=filo1 stage=post_ls ls=pyvrp iter=21
2026-03-15 22:32:48 | INFO     | [POOL #00877] 1156 704 1112 359 524 1407 1087 1354 472 787 1600 809 1801 197 316 941 904 604 723 1302 1538 880 16 912 1175 1909 1023 1318 1813 453 1388 1528 1208 1218 766 || mode=VB method=k_medoids_pyclustering solver=filo1 stage=post_ls ls=pyvrp iter=21
2026-03-15 22:32:48 | INFO     | [POOL #00878] 1559 1693 168 1360 1557 128 1405 1798 527 1031 498 262 164 1652 1209 1344 100 404 1147 162 826 1838 1313 1127 450 1429 1325 1124 208 572 330 1186 1369 1614 151 691 1914 1009 83 916 27 315 270 967 1100 81 1099 520 984 28 570 1635 || mode=VB method=k_medoids_pyclustering solver=filo1 stage=post_ls ls=pyvrp iter=21
2026-03-15 22:32:48 | INFO     | [POOL #00879] 1633 1922 1570 1588 1783 1435 1253 1367 506 1608 1674 564 198 1007 1159 1851 373 1531 596 186 345 576 1595 615 1059 577 712 637 1875 1056 749 730 684 290 1314 1229 610 540 416 779 95 1153 377 42 1262 659 || mode=VB method=k_medoids_pyclustering solver=filo1 stage=post_ls ls=pyvrp iter=21
2026-03-15 22:32:48 | INFO     | [POOL #00880] 79 1461 574 702 1057 1403 875 1910 1193 1001 235 550 402 1412 239 1012 1607 737 101 156 1841 469 662 1532 1575 1613 1665 1244 106 915 1337 868 215 69 99 808 1467 1895 1802 953 1828 907 1521 1573 1646 1162 371 || mode=VB method=k_medoids_pyclustering solver=filo1 stage=post_ls ls=pyvrp iter=21
2026-03-15 22:32:48 | INFO     | [POOL #00881] 1698 949 1908 278 758 1336 1586 1299 1707 1567 1390 159 1580 789 1510 1055 325 1408 934 1362 1804 1152 1327 1021 1321 1782 367 673 1425 1803 475 1506 571 190 296 804 769 36 625 1221 || mode=VB method=k_medoids_pyclustering solver=filo1 stage=post_ls ls=pyvrp iter=21
2026-03-15 22:32:48 | INFO     | [POOL #00882] 331 1397 1241 1220 454 963 113 1551 1584 82 968 1335 523 1025 137 1373 1601 1795 1075 768 720 1284 352 || mode=VB method=k_medoids_pyclustering solver=filo1 stage=post_ls ls=pyvrp iter=21
2026-03-15 22:32:48 | INFO     | [POOL #00883] 961 948 1582 1718 109 1022 823 785 1731 822 200 411 648 999 1626 639 698 1831 1481 1092 1661 7 1254 252 312 910 838 1529 992 824 1824 518 430 459 1564 1893 582 72 || mode=VB method=k_medoids_pyclustering solver=filo1 stage=post_ls ls=pyvrp iter=21
2026-03-15 22:32:48 | INFO     | [POOL #00884] 1911 43 1673 175 1825 773 1231 431 1421 1877 167 1151 1497 306 1837 1907 1616 1419 1871 1857 1118 1812 665 672 1505 19 1672 1696 1324 161 856 20 647 1830 1259 627 1647 223 600 1079 1486 1034 1660 1427 1758 || mode=VB method=k_medoids_pyclustering solver=filo1 stage=post_ls ls=pyvrp iter=21
2026-03-15 22:32:48 | INFO     | [POOL #00885] 1245 1054 748 1894 736 96 526 1051 543 429 1913 1800 1043 696 1678 1526 1546 1136 1359 1852 623 631 1561 1109 831 1638 1735 537 1792 251 1912 150 1629 535 || mode=VB method=k_medoids_pyclustering solver=filo1 stage=post_ls ls=pyvrp iter=21
2026-03-15 22:32:48 | INFO     | [POOL #00886] 654 834 259 263 1451 1298 1898 374 1116 287 1246 1809 1714 1163 1572 1701 204 1611 1276 732 1860 1268 309 1257 674 1033 1303 275 675 994 207 1449 982 663 1104 1569 1074 || mode=VB method=k_medoids_pyclustering solver=filo1 stage=post_ls ls=pyvrp iter=21
2026-03-15 22:32:48 | INFO     | [POOL #00887] 805 1844 1700 1375 1571 668 580 1890 1816 418 884 1765 1158 652 191 504 1715 11 935 1725 476 1447 926 1073 488 485 492 547 46 148 26 1129 314 1483 1876 634 1805 284 1353 || mode=VB method=k_medoids_pyclustering solver=filo1 stage=post_ls ls=pyvrp iter=21
2026-03-15 22:32:48 | INFO     | [POOL #00888] 1069 1459 487 1210 478 1322 1920 389 273 945 819 1082 1463 280 126 232 1179 1196 1489 621 1896 439 1549 1642 821 1271 630 334 1206 1675 1181 213 1653 1597 1089 651 820 104 1187 1859 1757 1005 216 || mode=VB method=k_medoids_pyclustering solver=filo1 stage=post_ls ls=pyvrp iter=21
2026-03-15 22:32:48 | INFO     | [POOL #00889] 1192 50 1659 646 98 1585 1128 1062 1413 501 420 893 1858 199 1144 1464 1537 456 842 1501 1839 55 206 1166 142 125 818 1212 829 1228 1760 390 1044 1781 1300 987 1499 1134 335 382 12 || mode=VB method=k_medoids_pyclustering solver=filo1 stage=post_ls ls=pyvrp iter=21
2026-03-15 22:32:48 | INFO     | [POOL #00890] 1431 1076 1256 796 1734 1628 143 1518 1198 566 1598 554 854 1929 1061 393 795 703 1548 1849 247 891 305 214 458 71 511 224 1135 970 841 462 338 376 274 212 681 1716 1892 811 1194 24 1578 1534 297 1762 1694 1437 17 || mode=VB method=k_medoids_pyclustering solver=filo1 stage=post_ls ls=pyvrp iter=21
2026-03-15 22:32:48 | INFO     | [POOL #00891] 1699 174 870 1203 1472 1401 1301 1919 286 406 747 449 1389 149 327 1522 616 931 203 58 1897 170 1238 849 385 1120 1067 1574 1414 1240 1320 746 473 1366 1779 1090 1729 185 1469 1474 1150 234 1873 383 38 425 || mode=VB method=k_medoids_pyclustering solver=filo1 stage=post_ls ls=pyvrp iter=21
2026-03-15 22:32:48 | INFO     | [POOL #00892] 1933 172 422 152 1649 355 927 1807 752 1225 442 1769 1452 1743 1133 1491 544 979 1319 764 551 1140 129 727 1457 585 1806 218 49 435 491 1310 336 1263 1603 593 536 1862 1003 1382 183 1885 541 860 || mode=VB method=k_medoids_pyclustering solver=filo1 stage=post_ls ls=pyvrp iter=21
2026-03-15 22:32:48 | INFO     | [POOL #00893] 211 568 1081 1591 1797 962 731 750 1233 399 153 1273 1612 1097 1835 770 1861 655 271 1304 1475 1683 294 1709 1677 1333 1691 710 1863 468 862 1442 1168 1379 91 1617 1523 1511 221 || mode=VB method=k_medoids_pyclustering solver=filo1 stage=post_ls ls=pyvrp iter=21
2026-03-15 22:32:48 | INFO     | [POOL #00894] 590 108 1916 320 1826 985 989 1552 1015 1930 467 771 1213 1888 1494 1283 1030 1465 445 1364 1041 599 205 1544 1441 1381 1565 1818 427 548 542 671 1848 777 1052 1671 1110 56 457 1685 1594 32 || mode=VB method=k_medoids_pyclustering solver=filo1 stage=post_ls ls=pyvrp iter=21
2026-03-15 22:32:48 | INFO     | [POOL #00895] 932 326 1654 1108 62 1348 959 120 908 1026 1842 719 1834 118 375 140 343 302 914 1553 202 898 9 1266 774 840 1500 1448 1808 1623 242 127 1918 1040 965 1749 484 850 1864 || mode=VB method=k_medoids_pyclustering solver=filo1 stage=post_ls ls=pyvrp iter=21
2026-03-15 22:32:48 | INFO     | [POOL #00896] 196 740 246 448 227 660 1232 791 1728 1291 1176 1096 1771 943 1630 1201 133 920 689 1921 519 790 1358 1855 1847 679 1904 509 1058 605 510 1387 1789 408 134 466 1773 || mode=VB method=k_medoids_pyclustering solver=filo1 stage=post_ls ls=pyvrp iter=21
2026-03-15 22:32:48 | INFO     | [POOL #00897] 1352 332 885 783 871 269 1106 136 661 1796 895 1308 753 1606 751 1634 503 1436 890 722 532 1207 1260 909 602 || mode=VB method=k_medoids_pyclustering solver=filo1 stage=post_ls ls=pyvrp iter=21
2026-03-15 22:32:48 | INFO     | [POOL #00898] 1717 1227 1363 1524 253 1307 444 368 780 1820 1866 1692 169 1338 1496 539 553 289 64 1004 1622 255 1755 396 1556 1250 911 70 933 741 645 365 2 || mode=VB method=k_medoids_pyclustering solver=filo1 stage=post_ls ls=pyvrp iter=21
2026-03-15 22:32:48 | INFO     | [POOL #00899] 715 1078 866 1339 705 311 1750 765 1404 505 1747 855 1488 797 1843 1267 508 403 525 872 618 859 591 6 236 210 1189 622 1823 1458 1889 89 146 1477 1704 1732 874 1478 1355 1416 154 490 1290 975 || mode=VB method=k_medoids_pyclustering solver=filo1 stage=post_ls ls=pyvrp iter=21
2026-03-15 22:32:48 | INFO     | [POOL #00900] 894 364 1130 578 695 1651 288 1543 587 1428 561 277 145 928 1772 667 1648 436 993 759 63 1733 415 237 1216 123 1247 248 1536 1329 13 913 1068 1282 608 380 347 1306 1197 1577 776 1822 1417 110 60 814 1383 187 195 || mode=VB method=k_medoids_pyclustering solver=filo1 stage=post_ls ls=pyvrp iter=21
2026-03-15 22:32:48 | INFO     | [POOL #00901] 114 1886 649 1199 57 1002 1814 1788 39 905 1391 892 1285 1579 281 899 1487 851 1884 1493 1625 995 1154 4 1215 669 35 1063 924 181 729 1280 552 642 1424 670 538 986 1410 1738 || mode=VB method=k_medoids_pyclustering solver=filo1 stage=post_ls ls=pyvrp iter=21
2026-03-15 22:32:48 | INFO     | [POOL #00902] 1409 828 563 94 1190 1426 716 624 1178 977 1810 1349 1251 844 760 628 318 1094 881 299 1326 1702 61 499 738 455 833 1396 1515 1530 1604 1191 1539 163 657 1204 1791 1440 1650 1297 1644 1000 || mode=VB method=k_medoids_pyclustering solver=filo1 stage=post_ls ls=pyvrp iter=21
2026-03-15 22:32:48 | INFO     | [POOL #00903] 1418 983 742 944 117 319 1169 619 1261 1686 680 555 515 272 1482 405 1509 41 378 1248 942 92 500 1498 755 502 358 512 825 1680 1148 351 957 988 217 801 1547 1761 1006 1180 1080 902 437 1695 917 || mode=VB method=k_medoids_pyclustering solver=filo1 stage=post_ls ls=pyvrp iter=21
2026-03-15 22:32:48 | INFO     | [POOL #00904] 477 707 1592 620 589 1708 1470 1236 1211 1167 726 423 886 1879 699 22 483 1519 1682 1902 514 1689 1932 1777 1316 1516 1317 775 1627 1049 1102 || mode=VB method=k_medoids_pyclustering solver=filo1 stage=post_ls ls=pyvrp iter=21
2026-03-15 22:32:48 | INFO     | [POOL #00905] 803 1785 1703 1710 410 369 1713 998 165 1088 1255 59 1850 1764 686 282 1775 1045 180 360 1545 1668 1351 1415 1024 1149 664 1527 1071 1183 549 794 579 717 249 1768 1265 173 || mode=VB method=k_medoids_pyclustering solver=filo1 stage=post_ls ls=pyvrp iter=21
2026-03-15 22:32:48 | INFO     | [POOL #00906] 1439 1770 115 387 1554 1840 481 303 682 1468 1581 952 75 1137 130 414 569 1670 687 1372 1170 178 1450 1512 1121 80 940 650 260 3 1535 991 1756 463 241 782 1925 131 244 1446 636 802 521 1780 1182 || mode=VB method=k_medoids_pyclustering solver=filo1 stage=post_ls ls=pyvrp iter=21
2026-03-15 22:32:48 | INFO     | [POOL #00907] 693 97 772 328 644 588 258 1867 1064 1174 1502 171 1640 266 1563 1400 132 1042 1037 1664 189 1742 1610 878 1053 1048 1019 706 182 530 300 954 67 711 353 138 533 958 1143 30 87 192 921 607 1679 528 1643 1882 903 1621 1514 788 1423 || mode=VB method=k_medoids_pyclustering solver=filo1 stage=post_ls ls=pyvrp iter=21
2026-03-15 22:32:48 | INFO     | [POOL #00908] 1356 678 1794 474 1281 925 310 292 1072 658 1334 937 1125 1380 798 1141 1264 598 486 694 1160 346 1047 1311 534 1293 807 1202 386 632 285 1555 1669 1205 745 792 230 513 1658 1145 507 || mode=VB method=k_medoids_pyclustering solver=filo1 stage=post_ls ls=pyvrp iter=21
2026-03-15 22:32:48 | INFO     | [POOL #00909] 583 90 656 379 201 1292 1066 1490 1504 1060 784 342 480 1681 597 23 1776 8 956 701 432 922 786 713 1599 381 1289 757 37 45 1846 66 603 1395 434 238 708 1039 1476 356 40 || mode=VB method=k_medoids_pyclustering solver=filo1 stage=post_ls ls=pyvrp iter=21
2026-03-15 22:32:48 | INFO     | [POOL #00910] 1195 1107 1235 835 1101 51 1479 1234 1138 1874 1593 852 1746 1365 1230 1370 1763 806 464 1705 465 1328 1456 1345 177 1688 761 1 793 1455 135 614 1590 407 264 883 || mode=VB method=k_medoids_pyclustering solver=filo1 stage=post_ls ls=pyvrp iter=21
2026-03-15 22:32:48 | INFO     | [POOL #00911] 1542 516 84 412 556 1445 340 226 1878 1165 1821 1845 997 1287 1270 276 876 78 93 1155 31 845 1473 254 1119 1615 1687 867 1832 906 1036 1295 54 1305 14 1315 1029 882 1309 1243 1103 1566 370 || mode=VB method=k_medoids_pyclustering solver=filo1 stage=post_ls ls=pyvrp iter=21
2026-03-15 22:32:48 | INFO     | [POOL #00912] 158 1899 1084 529 293 1432 1605 1085 304 1923 1880 1533 666 1492 743 363 85 584 735 1759 1239 1924 863 1793 1905 613 257 141 1384 68 361 1602 1926 1901 1357 1086 1420 725 1016 1444 372 76 546 || mode=VB method=k_medoids_pyclustering solver=filo1 stage=post_ls ls=pyvrp iter=21
2026-03-15 22:32:48 | INFO     | [POOL #00913] 978 1744 245 946 147 573 1274 592 1868 1727 1161 559 816 1460 1157 1711 1242 479 690 1219 1083 1172 1332 495 1869 969 832 1402 1438 25 18 426 291 996 1126 339 1422 34 1662 1495 362 972 1010 888 575 413 || mode=VB method=k_medoids_pyclustering solver=filo1 stage=post_ls ls=pyvrp iter=21
2026-03-15 22:32:48 | INFO     | [POOL #00914] 395 721 1123 642 552 1280 981 1872 268 1331 73 778 1065 1050 1252 1146 1927 1722 250 1723 321 220 848 781 179 1562 1790 48 869 522 1657 1881 1507 181 729 924 1063 35 669 112 1131 157 421 322 1466 222 || mode=VB method=fcm solver=filo2 stage=post_ls ls=pyvrp iter=22
2026-03-15 22:32:48 | INFO     | [POOL #00915] 966 1666 1114 471 119 1376 279 188 1645 670 581 1891 1222 1631 176 1443 107 301 1330 951 44 1903 1296 122 344 111 1462 1619 5 538 1589 77 1484 1745 683 688 812 || mode=VB method=fcm solver=filo2 stage=post_ls ls=pyvrp iter=22
2026-03-15 22:32:48 | INFO     | [POOL #00916] 243 397 1164 1748 219 1520 440 313 837 1323 1171 1340 857 1784 617 976 88 357 629 424 10 1632 558 896 1371 482 1258 391 1740 1410 1738 1217 || mode=VB method=fcm solver=filo2 stage=post_ls ls=pyvrp iter=22
2026-03-15 22:32:48 | INFO     | [POOL #00917] 517 233 433 323 887 861 441 116 1111 86 626 1639 15 144 1347 873 1856 545 606 1286 1865 724 827 900 1237 1350 971 744 1279 1819 830 1095 1917 1223 817 240 864 1398 446 843 29 400 601 1767 986 1811 595 1900 121 || mode=VB method=fcm solver=filo2 stage=post_ls ls=pyvrp iter=22
2026-03-15 22:32:48 | INFO     | [POOL #00918] 1032 348 1424 1434 1517 1609 497 1014 700 973 865 308 494 676 33 1017 1753 836 1752 401 611 799 739 1341 1513 939 283 1576 461 1663 1346 1787 1853 640 317 677 930 756 102 1139 858 839 1786 447 || mode=VB method=fcm solver=filo2 stage=post_ls ls=pyvrp iter=22
2026-03-15 22:32:48 | INFO     | [POOL #00919] 1717 1227 1363 1524 253 32 1594 444 1307 368 780 1820 1866 1692 169 1176 1291 1096 1552 1728 985 791 1232 1644 1000 1826 227 1339 320 1916 866 246 740 715 || mode=VB method=fcm solver=filo2 stage=post_ls ls=pyvrp iter=22
2026-03-15 22:32:48 | INFO     | [POOL #00920] 741 933 70 1755 134 1110 1671 1496 539 553 289 509 679 1847 1855 1358 689 920 1921 519 790 435 491 1310 336 1263 1603 593 536 1862 152 1003 1382 1683 294 183 468 862 1442 1885 541 870 174 || mode=VB method=fcm solver=filo2 stage=post_ls ls=pyvrp iter=22
2026-03-15 22:32:48 | INFO     | [POOL #00921] 466 56 1338 1052 943 1771 1015 1888 1494 1465 1030 1283 1381 1441 1544 205 599 1041 1364 445 1843 1267 1213 771 1930 467 505 1747 855 1488 1404 765 1750 311 705 989 457 1685 108 590 || mode=VB method=fcm solver=filo2 stage=post_ls ls=pyvrp iter=22
2026-03-15 22:32:48 | INFO     | [POOL #00922] 211 860 568 1081 1591 38 962 731 750 1233 399 153 1273 1612 1097 1475 1304 271 655 1861 770 1835 1058 605 510 1004 1387 1622 255 1797 396 1556 1250 911 1773 645 365 2 || mode=VB method=fcm solver=filo2 stage=post_ls ls=pyvrp iter=22
2026-03-15 22:32:48 | INFO     | [POOL #00923] 425 408 1789 64 1904 1201 133 1630 777 1848 671 542 548 427 1818 1565 1457 727 129 1140 551 764 1319 979 544 1491 1133 1743 585 1806 49 218 1452 1769 442 1225 752 1807 927 355 1649 286 1919 1301 1401 1623 || mode=VB method=fcm solver=filo2 stage=post_ls ls=pyvrp iter=22
2026-03-15 22:32:48 | INFO     | [POOL #00924] 1629 150 251 719 1026 1842 1834 118 375 140 343 302 1852 1359 1136 170 1897 58 203 931 616 1522 327 149 1389 449 406 747 914 1553 202 898 9 1266 774 1203 422 242 127 172 1933 1699 || mode=VB method=fcm solver=filo2 stage=post_ls ls=pyvrp iter=22
2026-03-15 22:32:48 | INFO     | [POOL #00925] 602 890 1894 736 1051 543 429 1913 1469 1474 185 501 1366 420 893 473 746 1320 1240 1414 1574 1067 1238 849 385 1120 1779 1090 1729 1526 1678 1546 696 1150 1800 1043 623 751 1634 1912 1192 535 || mode=VB method=fcm solver=filo2 stage=post_ls ls=pyvrp iter=22
2026-03-15 22:32:48 | INFO     | [POOL #00926] 331 961 1260 909 17 748 269 1106 136 661 96 526 1796 895 1308 753 1606 631 1561 1109 831 1638 1735 537 1792 503 1436 50 871 783 885 332 1245 || mode=VB method=fcm solver=filo2 stage=post_ls ls=pyvrp iter=22
2026-03-15 22:32:48 | INFO     | [POOL #00927] 1352 932 326 1654 1108 62 1348 959 120 908 1808 1448 1500 840 234 1472 1873 383 1709 1677 1333 1691 1863 710 1168 1379 91 1617 1523 1918 1040 965 1749 484 1511 850 221 1864 || mode=VB method=fcm solver=filo2 stage=post_ls ls=pyvrp iter=22
2026-03-15 22:32:48 | INFO     | [POOL #00928] 1080 1180 1761 760 318 1094 957 351 1148 1248 942 1648 436 993 759 63 1733 415 237 1216 123 1247 248 1536 1329 13 913 1068 1282 608 1702 347 1306 1577 1197 1251 844 1810 977 1178 187 624 716 195 || mode=VB method=fcm solver=filo2 stage=post_ls ls=pyvrp iter=22
2026-03-15 22:32:48 | INFO     | [POOL #00929] 4 1154 788 1658 513 230 792 745 1205 1669 1555 782 1925 241 463 1756 991 1535 1311 1047 346 1160 694 486 798 598 1264 1141 658 1072 292 878 1610 1742 189 1664 1037 1042 132 1400 1563 1428 1502 1174 588 328 772 1814 1002 57 || mode=VB method=fcm solver=filo2 stage=post_ls ls=pyvrp iter=22
2026-03-15 22:32:48 | INFO     | [POOL #00930] 97 644 258 1867 1064 171 1640 266 533 958 1143 30 87 138 353 711 67 954 530 182 1053 1048 1019 706 1334 937 1125 1380 300 807 1202 1293 534 386 632 285 192 921 607 1679 528 1643 1882 903 1621 1514 995 693 || mode=VB method=fcm solver=filo2 stage=post_ls ls=pyvrp iter=22
2026-03-15 22:32:48 | INFO     | [POOL #00931] 1423 1215 507 1145 1182 1780 521 802 636 1446 244 131 650 260 3 1450 178 1512 1121 1170 1372 687 1670 569 414 130 1137 75 80 940 952 1581 1468 682 303 481 1840 1554 387 115 1770 1439 || mode=VB method=fcm solver=filo2 stage=post_ls ls=pyvrp iter=22
2026-03-15 22:32:48 | INFO     | [POOL #00932] 894 364 1130 1884 851 1487 1788 39 905 1391 892 281 1285 1579 1543 587 1356 555 678 561 1794 474 1281 925 310 145 928 1772 667 378 41 277 1509 405 1482 272 515 680 1686 1261 619 899 1169 288 319 1651 1418 || mode=VB method=fcm solver=filo2 stage=post_ls ls=pyvrp iter=22
2026-03-15 22:32:48 | INFO     | [POOL #00933] 196 1409 828 563 917 983 1695 437 902 695 578 1493 1625 1199 649 1886 114 || mode=VB method=fcm solver=filo2 stage=post_ls ls=pyvrp iter=22
2026-03-15 22:32:48 | INFO     | [POOL #00934] 1290 490 1383 814 60 110 1416 1355 1417 1349 1822 776 1478 874 1732 1704 1477 833 455 738 499 61 380 755 1498 502 500 92 358 512 825 1680 299 1326 881 628 988 217 801 1547 1006 117 944 742 || mode=VB method=fcm solver=filo2 stage=post_ls ls=pyvrp iter=22
2026-03-15 22:32:48 | INFO     | [POOL #00935] 1078 448 660 1297 1650 1440 797 508 403 525 872 618 859 591 6 236 210 1189 622 1823 1458 1889 89 146 1396 1515 1530 1604 1191 1539 163 657 1204 1791 154 1426 1190 94 975 || mode=VB method=fcm solver=filo2 stage=post_ls ls=pyvrp iter=22
2026-03-15 22:32:48 | INFO     | [POOL #00936] 1074 1207 216 1005 1757 1859 1187 104 580 1890 1816 334 630 1271 1549 1642 821 191 652 504 1715 11 935 1725 476 485 1447 926 488 1073 1276 732 374 1451 785 823 1022 109 1582 948 || mode=VB method=fcm solver=filo2 stage=post_ls ls=pyvrp iter=22
2026-03-15 22:32:48 | INFO     | [POOL #00937] 1758 1427 1069 487 24 1210 478 1322 1375 1920 1079 389 273 945 819 1082 1463 213 1181 1179 1196 1489 439 621 1896 1675 1206 1653 1597 1089 651 820 668 1571 1700 1844 805 532 || mode=VB method=fcm solver=filo2 stage=post_ls ls=pyvrp iter=22
2026-03-15 22:32:48 | INFO     | [POOL #00938] 1569 1104 1353 284 1805 1876 634 663 982 1449 207 994 675 275 1483 314 1129 26 148 46 418 884 1765 1158 492 547 1303 1033 674 1257 309 1268 1860 1898 1298 263 259 1718 834 654 || mode=VB method=fcm solver=filo2 stage=post_ls ls=pyvrp iter=22
2026-03-15 22:32:48 | INFO     | [POOL #00939] 722 1437 1660 1034 1694 1762 297 1486 1459 1534 1578 1044 1194 811 1892 1716 681 280 126 232 970 1135 224 511 71 458 462 338 841 376 274 212 1061 1929 554 1598 854 390 1781 1300 987 1499 1134 335 382 1054 || mode=VB method=fcm solver=filo2 stage=post_ls ls=pyvrp iter=22
2026-03-15 22:32:48 | INFO     | [POOL #00940] 352 1284 720 768 1075 1795 1601 1373 137 1025 1335 523 1731 822 200 600 1246 287 1116 1809 1714 1611 204 1701 1572 1163 1647 627 223 1259 1830 647 20 1626 999 648 411 968 82 1584 1551 113 963 454 1220 1241 || mode=VB method=fcm solver=filo2 stage=post_ls ls=pyvrp iter=22
2026-03-15 22:32:48 | INFO     | [POOL #00941] 1659 646 98 1585 1128 1413 1062 1858 199 1144 1464 1537 456 842 1501 1839 55 206 1548 1849 247 891 305 214 703 795 393 566 1198 1518 1760 1228 143 1628 1734 829 1212 818 1166 142 125 1256 796 1076 1431 12 || mode=VB method=fcm solver=filo2 stage=post_ls ls=pyvrp iter=22
2026-03-15 22:32:48 | INFO     | [POOL #00942] 1596 443 1275 1836 384 349 1013 897 337 409 1288 1583 1854 1105 1618 1915 1188 1721 329 1774 955 718 950 166 1343 1342 417 1540 1393 228 643 229 1883 341 938 139 697 350 1641 1624 1712 || mode=VB method=fcm solver=filo2 stage=post_ls ls=pyvrp iter=22
2026-03-15 22:32:48 | INFO     | [POOL #00943] 1620 324 846 1736 1730 103 1312 990 1906 193 1200 307 1737 1224 1766 160 1684 1741 1226 124 1827 980 562 1122 1177 428 641 1568 398 295 918 1028 || mode=VB method=fcm solver=filo2 stage=post_ls ls=pyvrp iter=22
2026-03-15 22:32:48 | INFO     | [POOL #00944] 155 1378 947 1690 1113 810 853 1887 394 1185 438 1272 653 366 256 557 1294 1214 635 1751 1799 388 1038 1706 734 1142 919 1454 1368 1667 1829 194 1655 1173 261 728 267 1471 1870 762 1739 1928 1394 173 || mode=VB method=fcm solver=filo2 stage=post_ls ls=pyvrp iter=22
2026-03-15 22:32:48 | INFO     | [POOL #00945] 847 419 754 1453 1720 1587 565 1637 1503 1249 493 763 1550 685 451 53 960 1815 1077 1726 633 1833 923 65 929 709 489 1070 1027 1386 392 21 1558 1374 1093 || mode=VB method=fcm solver=filo2 stage=post_ls ls=pyvrp iter=22
2026-03-15 22:32:48 | INFO     | [POOL #00946] 1277 1508 815 1385 105 974 298 1018 767 496 1278 889 1931 265 1269 1392 1636 1656 964 594 609 1697 225 184 460 813 560 1433 354 714 1719 1485 1020 1724 1778 936 877 1035 333 || mode=VB method=fcm solver=filo2 stage=post_ls ls=pyvrp iter=22
2026-03-15 22:32:48 | INFO     | [POOL #00947] 40 1221 452 1525 625 1103 1243 1846 1309 603 1395 882 1029 1315 14 36 43 1754 1480 1098 733 1184 567 586 1693 1470 1236 1777 1541 1316 531 1516 1317 1922 775 1091 1627 1049 1102 || mode=VB method=fcm solver=filo2 stage=post_ls ls=pyvrp iter=22
2026-03-15 22:32:48 | INFO     | [POOL #00948] 477 707 1592 620 589 1708 1117 692 1099 638 1817 612 1405 1798 1377 1115 52 209 1676 1132 1411 1011 1430 371 1879 886 1570 1682 1519 1902 514 1689 1932 165 998 1262 659 1703 1633 || mode=VB method=fcm solver=filo2 stage=post_ls ls=pyvrp iter=22
2026-03-15 22:32:48 | INFO     | [POOL #00949] 356 74 708 238 1156 1698 949 278 758 769 1336 1586 1299 804 296 1407 1354 1087 916 27 83 1209 1344 1652 164 1031 498 527 315 967 1100 81 128 1557 1360 231 168 1911 1039 1476 1635 || mode=VB method=fcm solver=filo2 stage=post_ls ls=pyvrp iter=22
2026-03-15 22:32:48 | INFO     | [POOL #00950] 158 582 76 824 1824 518 430 835 407 1590 135 793 177 1688 1 761 1357 1086 1420 1432 773 293 1681 597 23 1776 8 956 701 432 786 1899 1599 381 379 || mode=VB method=fcm solver=filo2 stage=post_ls ls=pyvrp iter=22
2026-03-15 22:32:48 | INFO     | [POOL #00951] 1092 1481 1831 698 639 1324 1696 1672 161 856 1505 19 665 672 573 1274 592 1161 559 1727 1868 1172 1083 1219 690 479 1242 1711 1157 1460 816 806 1593 852 147 1616 1907 946 167 1151 7 1254 252 978 || mode=VB method=fcm solver=filo2 stage=post_ls ls=pyvrp iter=22
2026-03-15 22:32:48 | INFO     | [POOL #00952] 1008 1162 1646 1573 1521 907 1828 953 1802 1895 1467 373 1851 1159 1007 596 1531 186 345 576 1595 615 1059 577 712 637 1875 1056 749 730 684 198 564 1674 290 180 360 1545 1668 1351 1415 1024 1768 249 1265 || mode=VB method=fcm solver=filo2 stage=post_ls ls=pyvrp iter=22
2026-03-15 22:32:48 | INFO     | [POOL #00953] 1397 1661 1744 245 1497 306 1837 1419 1871 1857 1118 1812 1365 1230 1370 1763 1746 464 1705 465 1328 1456 1234 1138 1874 1479 1455 51 431 1421 1877 1107 1235 992 1529 838 910 312 546 1195 72 || mode=VB method=fcm solver=filo2 stage=post_ls ls=pyvrp iter=22
2026-03-15 22:32:48 | INFO     | [POOL #00954] 470 1361 370 757 1289 516 412 556 1445 340 1878 226 1305 54 1295 1036 906 1832 1821 1845 997 1270 276 362 972 480 342 784 1060 1504 1084 1490 1066 1292 201 656 90 583 || mode=VB method=fcm solver=filo2 stage=post_ls ls=pyvrp iter=22
2026-03-15 22:32:48 | INFO     | [POOL #00955] 1564 459 1101 614 1231 1345 1901 1926 1602 361 68 1384 141 257 613 1905 1793 863 1924 1332 495 1869 969 832 1402 1438 1239 1759 584 85 363 743 1492 666 1533 1880 1923 304 1085 1605 725 1016 1444 264 || mode=VB method=fcm solver=filo2 stage=post_ls ls=pyvrp iter=22
2026-03-15 22:32:48 | INFO     | [POOL #00956] 803 1785 717 579 794 549 1183 1071 664 1149 1527 1255 59 1850 1764 416 540 686 282 1775 1045 610 1229 1314 1608 506 1367 1253 1435 1783 1588 699 22 483 779 95 1153 377 1088 42 1713 369 410 1710 || mode=VB method=fcm solver=filo2 stage=post_ls ls=pyvrp iter=22
2026-03-15 22:32:48 | INFO     | [POOL #00957] 45 66 1165 766 1218 1208 159 1580 1506 475 472 787 1600 809 1801 1614 1369 1186 330 572 208 1124 1325 1127 1313 1838 100 404 1147 826 162 47 879 901 1046 800 1560 423 726 1167 1211 1399 1559 28 570 || mode=VB method=fcm solver=filo2 stage=post_ls ls=pyvrp iter=22
2026-03-15 22:32:48 | INFO     | [POOL #00958] 1542 413 575 888 1010 1287 876 78 31 93 1155 1422 339 1126 996 426 1403 875 1813 1318 1152 1804 1362 934 1408 325 1055 1510 789 453 1057 1388 702 1528 574 1461 845 1473 254 1119 1615 1687 867 1673 84 37 1566 || mode=VB method=fcm solver=filo2 stage=post_ls ls=pyvrp iter=22
2026-03-15 22:32:48 | INFO     | [POOL #00959] 1893 883 372 713 922 529 1825 175 1495 1662 34 291 735 18 25 1910 1193 1001 235 550 402 1412 880 16 912 1175 1909 1023 1327 1021 1321 1782 367 673 1425 1803 571 190 1390 1567 1707 1908 79 434 || mode=VB method=fcm solver=filo2 stage=post_ls ls=pyvrp iter=22
2026-03-15 22:32:48 | INFO     | [POOL #00960] 704 1112 359 270 524 1009 1914 691 151 197 316 941 904 106 1244 1665 604 723 1538 1302 1613 1575 662 1532 239 1012 1607 737 101 156 1841 469 1337 915 868 215 69 99 808 1429 450 262 1406 520 984 || mode=VB method=fcm solver=filo2 stage=post_ls ls=pyvrp iter=22
2026-03-15 22:32:48 | INFO     | [POOL #00961] 32 1594 1307 444 1685 457 791 985 989 705 311 1750 765 1404 467 1930 771 505 1747 855 1488 797 508 1267 1843 445 1364 1465 1494 1848 777 1630 1201 133 920 689 1358 1855 1847 679 1904 509 64 1789 408 1755 || mode=VB method=sk_ac_min solver=pyvrp stage=post_ls ls=pyvrp iter=23
2026-03-15 22:32:48 | INFO     | [POOL #00962] 1717 1227 1363 1524 253 368 1866 1820 780 466 56 1692 169 1728 1552 1096 1291 1176 1338 1671 1110 134 1556 1250 911 1773 645 365 2 || mode=VB method=sk_ac_min solver=pyvrp stage=post_ls ls=pyvrp iter=23
2026-03-15 22:32:48 | INFO     | [POOL #00963] 740 975 716 624 187 1178 977 1349 776 1478 874 1732 1704 1396 1477 833 455 146 89 1889 1458 1823 622 1189 210 236 6 591 618 872 525 403 859 163 1539 154 60 814 1383 490 1426 94 || mode=VB method=sk_ac_min solver=pyvrp stage=post_ls ls=pyvrp iter=23
2026-03-15 22:32:48 | INFO     | [POOL #00964] 1078 590 108 866 1916 320 1339 1826 1232 1000 1644 1297 1650 1440 1791 1204 657 1191 1604 1530 1515 1355 1416 110 1417 1822 1577 347 1306 1197 1251 1810 1080 902 563 828 1409 196 715 || mode=VB method=sk_ac_min solver=pyvrp stage=post_ls ls=pyvrp iter=23
2026-03-15 22:32:48 | INFO     | [POOL #00965] 246 448 227 660 1190 1290 195 742 851 1487 1788 39 905 1391 892 281 1285 1579 1356 555 678 561 1509 41 378 272 515 680 1686 1261 619 1169 319 1651 1493 1130 364 983 1418 || mode=VB method=sk_ac_min solver=pyvrp stage=post_ls ls=pyvrp iter=23
2026-03-15 22:32:48 | INFO     | [POOL #00966] 1180 844 1680 825 512 942 92 500 358 502 755 1498 759 63 1733 415 237 1216 123 1247 248 1536 1329 13 913 1068 1282 608 380 61 499 738 1702 1326 299 881 988 217 801 1547 944 437 1695 || mode=VB method=sk_ac_min solver=pyvrp stage=post_ls ls=pyvrp iter=23
2026-03-15 22:32:48 | INFO     | [POOL #00967] 917 578 695 117 1006 1761 760 628 318 1094 957 351 1148 1248 667 1772 928 310 925 1281 1664 189 1037 1042 132 171 1640 1679 528 1643 230 792 513 1621 1514 644 328 772 1814 1002 57 1199 649 1886 114 || mode=VB method=sk_ac_min solver=pyvrp stage=post_ls ls=pyvrp iter=23
2026-03-15 22:32:48 | INFO     | [POOL #00968] 693 995 97 1174 1502 1428 1742 1610 878 1053 1048 1019 706 182 530 67 711 954 300 807 1202 1293 534 1160 346 694 486 598 1264 1141 798 1380 1125 937 1334 658 1072 292 993 436 1648 145 277 405 1482 899 288 1884 1625 894 || mode=VB method=sk_ac_min solver=pyvrp stage=post_ls ls=pyvrp iter=23
2026-03-15 22:32:48 | INFO     | [POOL #00969] 4 1154 788 1658 903 1882 1064 1867 258 588 1543 587 1794 474 1400 1563 266 533 958 138 353 87 30 1143 607 921 192 285 632 386 1311 1047 687 1670 1372 178 1450 1512 1121 1170 569 414 130 1137 75 952 682 1063 35 669 112 322 || mode=VB method=sk_ac_min solver=pyvrp stage=post_ls ls=pyvrp iter=23
2026-03-15 22:32:48 | INFO     | [POOL #00970] 1423 1215 507 1145 1182 1780 521 802 636 1446 244 131 1205 745 1669 1555 782 1925 241 463 1756 991 1535 3 260 650 940 80 1581 1468 303 481 1840 1554 387 115 1770 1439 || mode=VB method=sk_ac_min solver=pyvrp stage=post_ls ls=pyvrp iter=23
2026-03-15 22:32:48 | INFO     | [POOL #00971] 222 1466 421 157 1131 552 1280 729 924 181 1507 1881 1657 522 48 869 981 1872 268 1331 73 778 1790 1050 1065 836 1753 676 33 1443 176 1631 1222 1891 581 670 1424 642 1123 721 395 1032 966 || mode=VB method=sk_ac_min solver=pyvrp stage=post_ls ls=pyvrp iter=23
2026-03-15 22:32:48 | INFO     | [POOL #00972] 1666 1114 471 348 1434 1517 1609 497 1014 700 973 865 308 494 1017 611 401 1752 1146 1722 1927 848 781 179 1562 1252 1576 283 939 799 1330 301 107 111 1462 1619 5 538 1589 1811 595 121 || mode=VB method=sk_ac_min solver=pyvrp stage=post_ls ls=pyvrp iter=23
2026-03-15 22:32:48 | INFO     | [POOL #00973] 812 688 683 1745 1410 1520 440 313 433 1171 1340 857 1784 976 88 357 1139 424 10 558 896 1371 482 1258 391 1740 1767 1645 188 279 1376 119 77 1484 || mode=VB method=sk_ac_min solver=pyvrp stage=post_ls ls=pyvrp iter=23
2026-03-15 22:32:48 | INFO     | [POOL #00974] 447 1748 858 629 756 102 1853 640 317 830 545 606 1827 144 1111 86 626 1639 15 1347 873 1856 1279 1819 744 971 1095 1917 1223 1663 1346 1787 1903 44 951 1296 122 344 446 843 29 1632 839 219 1786 1738 1217 || mode=VB method=sk_ac_min solver=pyvrp stage=post_ls ls=pyvrp iter=23
2026-03-15 22:32:48 | INFO     | [POOL #00975] 1900 986 601 400 1398 864 240 817 739 1341 1513 461 1350 1237 900 827 438 1272 1185 1226 124 1684 160 1766 1224 980 562 1122 1177 428 641 1568 398 1690 947 295 918 1378 1028 || mode=VB method=sk_ac_min solver=pyvrp stage=post_ls ls=pyvrp iter=23
2026-03-15 22:32:48 | INFO     | [POOL #00976] 243 155 324 846 1736 1730 103 1312 990 1906 193 1200 307 1737 853 810 1433 560 813 184 225 329 1774 955 1721 1188 1915 1618 1105 1342 1288 337 897 1836 877 1035 350 1641 1596 || mode=VB method=sk_ac_min solver=pyvrp stage=post_ls ls=pyvrp iter=23
2026-03-15 22:32:48 | INFO     | [POOL #00977] 333 936 1778 1724 714 1113 354 460 394 653 366 256 557 1294 1214 250 220 321 1723 635 1751 1799 388 1038 1706 734 1142 261 1655 194 919 1454 1368 1667 1726 1077 1815 1503 493 1249 565 1637 1587 1720 1374 || mode=VB method=sk_ac_min solver=pyvrp stage=post_ls ls=pyvrp iter=23
2026-03-15 22:32:48 | INFO     | [POOL #00978] 1620 443 1275 139 384 349 1013 409 1020 1485 1719 1583 1854 1343 166 718 950 417 1540 1393 228 643 229 1883 341 938 298 697 974 105 815 1508 1277 || mode=VB method=sk_ac_min solver=pyvrp stage=post_ls ls=pyvrp iter=23
2026-03-15 22:32:48 | INFO     | [POOL #00979] 419 754 1453 1394 1928 1739 762 1870 1471 267 728 1173 1829 1392 1636 1656 964 594 609 1697 1887 1741 1865 724 1286 677 930 116 441 861 887 323 617 1323 837 233 517 1164 397 || mode=VB method=sk_ac_min solver=pyvrp stage=post_ls ls=pyvrp iter=23
2026-03-15 22:32:48 | INFO     | [POOL #00980] 1712 1624 1385 1386 1018 767 496 1278 889 1931 265 1269 1833 633 960 53 685 1550 763 451 923 65 929 709 489 1070 1027 392 21 1558 1093 || mode=VB method=sk_ac_min solver=pyvrp stage=post_ls ls=pyvrp iter=23
2026-03-15 22:32:48 | INFO     | [POOL #00981] 803 1785 410 1713 369 1183 1071 664 1149 1527 1255 59 1850 1764 540 416 779 95 1153 377 1689 1932 1777 1541 1316 531 1516 1317 775 1091 1592 477 || mode=VB method=sk_ac_min solver=pyvrp stage=post_ls ls=pyvrp iter=23
2026-03-15 22:32:48 | INFO     | [POOL #00982] 847 173 1265 1768 249 717 579 794 549 1024 1415 1351 1668 1545 360 180 1045 1775 282 686 22 1879 1570 886 1167 1211 1399 1236 1470 1708 589 620 1559 1243 1846 1103 625 1525 452 || mode=VB method=sk_ac_min solver=pyvrp stage=post_ls ls=pyvrp iter=23
2026-03-15 22:32:48 | INFO     | [POOL #00983] 1635 1476 1039 1911 1184 733 1098 231 638 1817 612 1377 1115 901 879 1521 907 1895 1802 953 506 1608 564 1674 290 1314 1229 610 1367 1253 1435 699 483 1682 1902 514 1088 165 998 1262 1710 1703 1102 || mode=VB method=sk_ac_min solver=pyvrp stage=post_ls ls=pyvrp iter=23
2026-03-15 22:32:48 | INFO     | [POOL #00984] 1633 1049 659 42 1519 1588 1783 1573 1828 1159 1007 198 684 730 749 596 1531 186 345 1056 1875 637 712 577 1059 615 1595 576 868 215 69 330 1186 1124 208 572 99 808 373 1851 1467 450 1127 1313 100 404 262 209 52 800 1560 1008 1693 707 || mode=VB method=sk_ac_min solver=pyvrp stage=post_ls ls=pyvrp iter=23
2026-03-15 22:32:48 | INFO     | [POOL #00985] 28 984 586 520 1117 692 1406 1430 1011 1411 1132 1676 1147 826 1838 1209 1344 1652 164 1031 498 527 315 270 359 1112 704 769 1908 79 54 1305 14 1315 1029 882 1395 434 238 74 1221 40 || mode=VB method=sk_ac_min solver=pyvrp stage=post_ls ls=pyvrp iter=23
2026-03-15 22:32:48 | INFO     | [POOL #00986] 570 567 168 1099 1405 1798 83 1914 787 1600 197 316 941 904 106 915 1337 469 1841 156 101 737 1532 662 1575 1302 1538 604 723 1021 934 1408 325 1055 1510 789 159 1528 574 1473 867 1673 340 84 || mode=VB method=sk_ac_min solver=pyvrp stage=post_ls ls=pyvrp iter=23
2026-03-15 22:32:48 | INFO     | [POOL #00987] 1361 45 1309 603 36 1698 949 278 758 1336 1586 1299 1707 1567 1218 1461 1126 996 339 1155 93 31 845 254 1119 1615 1687 876 78 175 1825 480 342 701 786 1066 1292 201 656 90 || mode=VB method=sk_ac_min solver=pyvrp stage=post_ls ls=pyvrp iter=23
2026-03-15 22:32:48 | INFO     | [POOL #00988] 1627 1922 726 423 371 1162 1646 1046 47 162 1429 1325 691 1369 809 1801 1782 1321 367 673 1425 475 571 190 1390 1208 766 1295 1036 906 1832 1165 1878 226 66 37 1566 370 470 || mode=VB method=sk_ac_min solver=pyvrp stage=post_ls ls=pyvrp iter=23
2026-03-15 22:32:48 | INFO     | [POOL #00989] 356 708 1156 1480 43 1754 1360 1557 81 1100 967 524 804 296 1407 1354 1087 916 1009 472 1803 1506 1580 1388 702 1057 426 735 584 85 1759 363 743 1492 1533 1662 1495 362 1287 888 784 1504 381 379 || mode=VB method=sk_ac_min solver=pyvrp stage=post_ls ls=pyvrp iter=23
2026-03-15 22:32:48 | INFO     | [POOL #00990] 1542 757 1289 516 412 556 1445 1821 1845 997 1270 276 1422 34 291 18 25 1910 1813 1318 1023 1327 1152 1804 1362 453 875 1403 1239 1924 863 1793 1905 613 257 666 1880 972 1010 1060 575 413 || mode=VB method=sk_ac_min solver=pyvrp stage=post_ls ls=pyvrp iter=23
2026-03-15 22:32:48 | INFO     | [POOL #00991] 128 27 151 1614 1244 1665 1613 239 1012 1607 1412 880 16 912 1175 1909 402 550 235 1001 1193 1402 1438 832 969 1869 495 1332 1172 1868 1727 1460 1705 464 1138 1874 167 1151 7 1254 252 546 1195 72 || mode=VB method=sk_ac_min solver=pyvrp stage=post_ls ls=pyvrp iter=23
2026-03-15 22:32:48 | INFO     | [POOL #00992] 583 1893 1564 459 264 407 1590 135 1231 793 1357 1086 1420 773 1432 1605 1085 304 1923 1384 141 68 361 1602 1926 1901 806 1763 1746 1593 1497 306 1831 1481 1092 1551 113 963 1220 1397 || mode=VB method=sk_ac_min solver=pyvrp stage=post_ls ls=pyvrp iter=23
2026-03-15 22:32:48 | INFO     | [POOL #00993] 76 824 1824 518 430 835 1101 614 1455 1328 465 816 1157 1711 1242 690 1219 1083 479 559 1161 592 1274 573 672 1505 19 665 1118 1857 1871 1419 698 639 1626 968 137 1025 1022 109 1582 961 || mode=VB method=sk_ac_min solver=pyvrp stage=post_ls ls=pyvrp iter=23
2026-03-15 22:32:48 | INFO     | [POOL #00994] 978 312 910 838 1529 992 1235 1107 1877 1421 431 51 1479 1234 1456 1345 177 1688 1 761 1016 725 293 1681 597 23 1776 8 956 529 1444 922 432 1084 1490 1899 713 1599 372 883 582 158 || mode=VB method=sk_ac_min solver=pyvrp stage=post_ls ls=pyvrp iter=23
2026-03-15 22:32:48 | INFO     | [POOL #00995] 1241 720 454 1661 1744 245 946 1837 1907 1616 147 852 1365 1370 1230 1812 1696 1324 1672 161 856 20 647 1259 627 1647 1163 1714 1572 1701 204 1611 1276 1257 674 1303 1033 207 994 634 1805 284 1353 1074 || mode=VB method=sk_ac_min solver=pyvrp stage=post_ls ls=pyvrp iter=23
2026-03-15 22:32:48 | INFO     | [POOL #00996] 331 352 1284 1075 768 1795 1373 1601 1584 82 1335 523 823 785 1731 822 200 411 648 999 1830 223 600 1246 287 1116 1809 732 374 1449 982 663 1104 1569 1207 532 1260 602 || mode=VB method=sk_ac_min solver=pyvrp stage=post_ls ls=pyvrp iter=23
2026-03-15 22:32:48 | INFO     | [POOL #00997] 948 654 834 1718 259 263 1451 1298 1898 1860 1268 309 1073 488 926 1447 935 11 1715 1725 476 485 492 547 46 148 26 1129 1187 1859 1844 1069 1660 722 1758 || mode=VB method=sk_ac_min solver=pyvrp stage=post_ls ls=pyvrp iter=23
2026-03-15 22:32:48 | INFO     | [POOL #00998] 805 1700 1571 651 820 1890 1816 334 418 884 1765 1158 652 504 191 630 1271 821 1642 1549 439 1896 621 1489 1196 1179 232 126 280 1463 1082 681 1716 1892 811 1044 1459 1486 297 1034 1437 890 748 1054 || mode=VB method=sk_ac_min solver=pyvrp stage=post_ls ls=pyvrp iter=23
2026-03-15 22:32:48 | INFO     | [POOL #00999] 17 1427 487 1210 1194 854 566 1598 554 1929 1061 212 274 376 338 1135 224 511 305 891 247 1849 1548 393 795 703 214 458 71 462 841 970 1181 213 1675 1206 1653 1597 1089 945 819 273 389 1079 1920 216 || mode=VB method=sk_ac_min solver=pyvrp stage=post_ls ls=pyvrp iter=23
2026-03-15 22:32:48 | INFO     | [POOL #01000] 909 1005 1757 1876 675 275 1483 314 580 104 668 1375 1322 478 24 1578 1534 987 1300 1781 390 1760 143 829 1212 206 818 796 1256 1128 1076 335 382 1431 1659 1474 1150 1800 1308 661 783 1245 || mode=VB method=sk_ac_min solver=pyvrp stage=post_ls ls=pyvrp iter=23
2026-03-15 22:32:48 | INFO     | [POOL #01001] 1894 12 1694 1762 1134 1499 1628 1734 1228 1518 1198 55 1839 1501 842 456 1537 1464 1144 1166 142 125 199 420 1366 1779 849 1238 1067 1574 1414 1240 1041 599 205 1544 1565 1818 427 548 542 671 1921 519 790 1603 271 294 1677 710 870 || mode=VB method=sk_ac_min solver=pyvrp stage=post_ls ls=pyvrp iter=23
2026-03-15 22:32:48 | INFO     | [POOL #01002] 1192 1634 751 631 1852 1359 931 203 58 1897 170 385 1120 473 746 1320 893 1858 1062 1413 501 1090 1729 1526 696 1043 623 375 118 1834 1842 1026 719 959 62 1108 484 850 932 || mode=VB method=sk_ac_min solver=pyvrp stage=post_ls ls=pyvrp iter=23
2026-03-15 22:32:48 | INFO     | [POOL #01003] 885 871 269 136 96 526 1796 895 753 1606 1109 1561 302 343 140 9 1266 774 1500 1808 1448 840 234 1472 468 862 1442 1379 91 1617 172 1933 1511 221 1864 || mode=VB method=sk_ac_min solver=pyvrp stage=post_ls ls=pyvrp iter=23
2026-03-15 22:32:48 | INFO     | [POOL #01004] 332 1106 736 1051 543 429 1913 1469 1585 98 646 185 1678 1546 1136 914 1553 202 898 1301 152 1003 1304 1475 1683 1097 1612 1273 399 1233 750 731 962 38 1591 1081 568 211 || mode=VB method=sk_ac_min solver=pyvrp stage=post_ls ls=pyvrp iter=23
2026-03-15 22:32:48 | INFO     | [POOL #01005] 1699 174 1523 127 422 1203 383 1382 1862 536 1263 336 491 1310 435 218 49 1457 727 129 1133 1743 585 1806 1452 1769 442 752 1807 927 593 655 1861 770 1835 1058 1387 1622 70 933 741 || mode=VB method=sk_ac_min solver=pyvrp stage=post_ls ls=pyvrp iter=23
2026-03-15 22:32:48 | INFO     | [POOL #01006] 425 1797 255 1004 510 605 153 1333 1691 1863 1168 242 1623 908 120 1348 1918 1040 965 1749 1654 150 1912 50 1436 503 1638 831 1735 537 1792 251 326 1629 535 1352 || mode=VB method=sk_ac_min solver=pyvrp stage=post_ls ls=pyvrp iter=23
2026-03-15 22:32:48 | INFO     | [POOL #01007] 396 289 553 539 1496 1052 943 1771 1015 1213 1888 1283 1030 1381 1441 1140 551 764 1319 979 544 1491 1225 616 1522 327 149 1389 449 747 406 355 1649 286 1919 1401 1873 183 1709 1885 541 860 || mode=VB method=sk_ac_min solver=pyvrp stage=post_ls ls=pyvrp iter=23
2026-03-15 22:32:48 | INFO     | [POOL #01008] 1592 620 589 1708 1236 1470 586 1184 733 1098 43 36 1698 949 1908 278 758 769 1336 1586 1299 1707 1567 766 79 14 1315 1029 882 1395 434 238 708 1911 1039 1476 356 1635 || mode=RB method=sk_ac_complete solver=filo1 stage=post_ls ls=pyvrp iter=24
2026-03-15 22:32:48 | INFO     | [POOL #01009] 961 654 834 1718 259 263 1298 1898 1268 309 1073 488 926 1447 485 476 1725 935 11 1715 504 191 652 1158 1765 46 148 26 1129 1483 314 1187 1859 1757 1005 805 216 532 || mode=RB method=sk_ac_complete solver=filo1 stage=post_ls ls=pyvrp iter=24
2026-03-15 22:32:48 | INFO     | [POOL #01010] 1241 720 768 1795 1601 1584 1092 1481 1831 698 639 1324 1696 1672 1505 672 573 1274 592 1868 1172 1083 1219 690 479 1242 1711 1157 1727 1161 559 816 1460 1901 1926 1345 177 793 1231 614 1101 835 459 1564 || mode=RB method=sk_ac_complete solver=filo1 stage=post_ls ls=pyvrp iter=24
2026-03-15 22:32:48 | INFO     | [POOL #01011] 352 1284 1075 1373 137 1025 82 968 1335 523 1731 822 200 600 223 627 1647 1259 1830 647 999 648 411 1626 20 161 856 19 665 1812 1118 1857 1871 1419 306 1497 245 1744 1661 1551 113 963 454 1220 1397 || mode=RB method=sk_ac_complete solver=filo1 stage=post_ls ls=pyvrp iter=24
2026-03-15 22:32:48 | INFO     | [POOL #01012] 583 90 656 379 381 1599 713 786 1084 432 956 8 1776 23 597 1681 293 773 1420 1086 725 1016 761 1 1688 135 1590 407 264 430 518 1824 824 76 1893 582 158 || mode=RB method=sk_ac_complete solver=filo1 stage=post_ls ls=pyvrp iter=24
2026-03-15 22:32:48 | INFO     | [POOL #01013] 40 1221 452 1525 74 625 1103 1243 1846 45 1309 603 226 1878 1305 54 1295 1036 906 1832 1673 1687 876 276 362 1287 1010 972 342 784 1060 556 412 516 1289 757 370 1361 470 || mode=RB method=sk_ac_complete solver=filo1 stage=post_ls ls=pyvrp iter=24
2026-03-15 22:32:48 | INFO     | [POOL #01014] 72 1195 546 312 910 838 1529 992 1235 1107 1877 1421 431 51 1455 1479 1874 1138 1234 1456 1328 465 1705 464 806 1763 1370 1230 1365 1746 1593 852 147 1616 1907 1837 946 167 1151 7 1254 252 978 || mode=RB method=sk_ac_complete solver=filo1 stage=post_ls ls=pyvrp iter=24
2026-03-15 22:32:48 | INFO     | [POOL #01015] 1102 1049 1627 1091 775 1922 1317 1516 531 1316 1541 1777 1932 1689 514 1682 1519 779 416 540 1764 1850 59 1255 1527 1149 664 1071 1183 549 794 369 410 579 717 1785 803 173 || mode=RB method=sk_ac_complete solver=filo1 stage=post_ls ls=pyvrp iter=24
2026-03-15 22:32:48 | INFO     | [POOL #01016] 1758 17 1660 1069 1486 1459 487 24 1210 478 1322 1375 1920 1079 651 820 389 945 273 819 1082 1463 126 280 681 1716 1892 811 1194 1044 390 1781 1578 1534 1300 987 297 1762 1694 1034 1437 890 748 || mode=RB method=sk_ac_complete solver=filo1 stage=post_ls ls=pyvrp iter=24
2026-03-15 22:32:48 | INFO     | [POOL #01017] 1074 1353 284 1805 634 1876 675 275 547 492 884 418 334 630 1271 821 1642 1549 439 1896 621 1489 1196 1179 232 1181 213 1675 1206 1653 1597 1089 1816 1890 580 104 668 1571 1700 1844 1427 722 909 || mode=RB method=sk_ac_complete solver=filo1 stage=post_ls ls=pyvrp iter=24
2026-03-15 22:32:48 | INFO     | [POOL #01018] 1156 1480 1754 704 1112 359 804 296 190 571 1506 475 1510 1055 325 1408 1804 1021 1321 1782 367 673 1425 1803 472 787 1600 1614 1369 1186 330 572 208 1124 1325 1429 450 162 47 901 879 1676 209 52 800 1559 || mode=RB method=sk_ac_complete solver=filo1 stage=post_ls ls=pyvrp iter=24
2026-03-15 22:32:48 | INFO     | [POOL #01019] 1633 659 1262 998 165 1088 1902 1570 886 1879 483 22 699 1588 1783 1435 1253 1367 506 1608 1159 1007 564 1674 290 180 360 1545 1668 1351 1415 1024 1768 249 1265 1928 1394 1453 754 419 || mode=RB method=sk_ac_complete solver=filo1 stage=post_ls ls=pyvrp iter=24
2026-03-15 22:32:48 | INFO     | [POOL #01020] 1703 1710 1713 42 377 1153 95 686 282 1775 1045 610 1229 1314 198 684 730 749 1056 1875 637 712 577 1059 615 1595 576 345 186 1531 596 1851 373 1802 953 1828 907 1573 1646 1162 371 423 726 1167 1211 1399 707 477 || mode=RB method=sk_ac_complete solver=filo1 stage=post_ls ls=pyvrp iter=24
2026-03-15 22:32:48 | INFO     | [POOL #01021] 602 1260 1207 1569 1104 663 982 1449 207 994 1033 1303 674 1257 1860 374 732 1276 1611 204 1701 1572 1163 1714 1809 1246 1116 287 1451 785 823 1022 109 1582 948 331 || mode=RB method=sk_ac_complete solver=filo1 stage=post_ls ls=pyvrp iter=24
2026-03-15 22:32:48 | INFO     | [POOL #01022] 1566 66 84 1445 1821 1845 997 867 1615 1119 254 1473 1461 1218 1208 574 1528 159 1390 1580 1388 1057 453 1318 1813 875 1403 426 996 1126 339 34 1662 1495 175 1825 480 701 1504 1490 1292 || mode=RB method=sk_ac_complete solver=filo1 stage=post_ls ls=pyvrp iter=24
2026-03-15 22:32:48 | INFO     | [POOL #01023] 28 1693 1117 692 1099 638 1817 612 1115 1377 1798 498 262 100 404 1147 826 1838 1127 1313 1209 1344 1652 164 27 916 1087 1354 1407 524 270 315 967 1100 81 128 1557 1360 231 168 567 570 || mode=RB method=sk_ac_complete solver=filo1 stage=post_ls ls=pyvrp iter=24
2026-03-15 22:32:48 | INFO     | [POOL #01024] 883 372 1444 1357 1602 361 68 1384 141 257 613 1905 1793 863 1924 1332 495 1869 969 832 1402 1438 1239 1759 584 85 363 743 1492 666 1533 1880 1923 304 1085 1605 1432 529 922 1899 1066 201 || mode=RB method=sk_ac_complete solver=filo1 stage=post_ls ls=pyvrp iter=24
2026-03-15 22:32:48 | INFO     | [POOL #01025] 1008 1560 1430 1011 1411 1132 1046 1521 1895 1467 808 99 69 215 868 106 915 1337 469 1841 156 101 737 1012 1607 1412 1175 1909 402 550 235 1001 1193 1910 25 18 735 291 1422 1155 93 31 78 1270 888 575 413 1542 || mode=RB method=sk_ac_complete solver=filo1 stage=post_ls ls=pyvrp iter=24
2026-03-15 22:32:48 | INFO     | [POOL #01026] 37 340 1165 845 702 789 934 1362 1152 1327 1023 912 16 880 1538 1302 239 1532 662 1575 1613 1244 1665 723 604 904 941 316 197 1801 809 151 691 1914 1009 83 1031 527 1405 1406 520 984 || mode=RB method=sk_ac_complete solver=filo1 stage=post_ls ls=pyvrp iter=24
2026-03-15 22:32:48 | INFO     | [POOL #01027] 715 2 365 645 1717 1227 1773 741 933 70 911 1250 1556 396 1755 134 408 1789 1387 64 510 605 1004 750 1233 399 1333 1691 1677 1863 710 1168 1379 91 1617 172 174 1699 || mode=RB method=sk_ac_complete solver=filo1 stage=post_ls ls=pyvrp iter=24
2026-03-15 22:32:48 | INFO     | [POOL #01028] 568 1081 1591 38 962 731 153 1273 1612 1097 1058 1835 770 1861 655 271 1304 1475 1683 294 1709 468 862 1203 422 242 127 1918 1040 965 1749 484 1511 850 221 932 535 1352 || mode=RB method=sk_ac_complete solver=filo1 stage=post_ls ls=pyvrp iter=24
2026-03-15 22:32:48 | INFO     | [POOL #01029] 211 860 541 1885 1442 183 383 1382 1003 1862 593 536 1603 1263 336 442 1769 1452 1743 585 1806 49 218 491 1310 435 790 519 1921 689 1358 1855 1847 679 509 289 553 539 1496 1671 1110 56 466 || mode=RB method=sk_ac_complete solver=filo1 stage=post_ls ls=pyvrp iter=24
2026-03-15 22:32:48 | INFO     | [POOL #01030] 196 1409 828 563 902 1080 1180 1810 844 1251 1197 881 299 1326 358 502 1498 755 380 61 499 738 455 1477 833 1704 1732 874 1478 776 1822 1417 110 60 814 1383 490 1290 1190 94 660 448 246 || mode=RB method=sk_ac_complete solver=filo1 stage=post_ls ls=pyvrp iter=24
2026-03-15 22:32:48 | INFO     | [POOL #01031] 326 1654 1108 62 1348 959 120 908 1808 1448 1472 234 840 1500 774 1266 9 898 1301 286 406 449 747 914 1553 202 302 343 140 375 118 1834 1842 1026 719 251 150 || mode=RB method=sk_ac_complete solver=filo1 stage=post_ls ls=pyvrp iter=24
2026-03-15 22:32:48 | INFO     | [POOL #01032] 114 1886 649 1199 995 97 772 328 644 258 1867 1064 171 1640 266 533 958 138 353 711 67 954 300 530 182 706 1019 1048 1053 878 1610 1742 189 1664 1037 1042 132 1400 1563 1428 1502 1174 588 892 1391 905 39 1788 1814 1002 57 1625 894 || mode=RB method=sk_ac_complete solver=filo1 stage=post_ls ls=pyvrp iter=24
2026-03-15 22:32:48 | INFO     | [POOL #01033] 1078 590 108 1916 320 1826 791 985 989 705 311 1750 765 1404 505 1747 855 1488 797 859 618 872 525 403 508 1267 1843 445 1364 1041 599 205 1544 1441 1381 1565 1818 427 548 542 671 920 133 1201 1904 1622 255 1797 425 || mode=RB method=sk_ac_complete solver=filo1 stage=post_ls ls=pyvrp iter=24
2026-03-15 22:32:48 | INFO     | [POOL #01034] 944 1006 1547 801 217 988 351 1148 1248 942 1648 436 292 1072 658 1334 937 1125 1380 798 1141 1264 598 486 694 1160 346 1047 1311 534 1293 807 1202 386 87 30 1143 607 1679 1882 903 1621 1514 788 693 || mode=RB method=sk_ac_complete solver=filo1 stage=post_ls ls=pyvrp iter=24
2026-03-15 22:32:48 | INFO     | [POOL #01035] 1418 983 364 1130 1493 1884 851 1487 899 281 1285 1579 1543 587 1356 555 678 561 1794 474 1281 925 310 145 928 1772 667 378 41 277 1509 405 1482 272 515 680 1686 1261 619 1169 288 319 1651 578 695 437 1695 917 || mode=RB method=sk_ac_complete solver=filo1 stage=post_ls ls=pyvrp iter=24
2026-03-15 22:32:48 | INFO     | [POOL #01036] 195 716 624 187 1178 977 1349 1577 1306 347 1702 608 1282 1068 913 13 1329 1536 248 1247 123 1216 237 415 1733 63 759 993 500 92 512 825 1680 957 1094 318 628 760 1761 117 742 || mode=RB method=sk_ac_complete solver=filo1 stage=post_ls ls=pyvrp iter=24
2026-03-15 22:32:48 | INFO     | [POOL #01037] 1933 1523 1623 1401 1919 1649 355 1389 149 327 1522 616 931 203 58 1897 170 849 385 1120 473 746 1320 1240 1414 1574 1067 1238 544 979 1319 764 551 1140 129 727 1457 1133 1491 1225 752 1807 927 152 1873 870 || mode=RB method=sk_ac_complete solver=filo1 stage=post_ls ls=pyvrp iter=24
2026-03-15 22:32:48 | INFO     | [POOL #01038] 40 1221 1525 74 1911 238 1395 882 1315 14 79 1908 1707 1567 1390 475 1506 1580 159 1528 574 1208 1218 1473 254 766 1295 1036 54 1305 1029 603 1243 1361 470 || mode=RB method=sk_ac_complete solver=pyvrp stage=post_ls ls=pyvrp iter=25
2026-03-15 22:32:48 | INFO     | [POOL #01039] 419 754 1453 1394 1928 1265 1768 249 717 1710 1317 620 589 1708 1470 1236 1211 1167 726 423 886 1879 22 483 1519 1682 1902 514 1689 1088 165 998 1922 775 1091 1592 477 || mode=RB method=sk_ac_complete solver=pyvrp stage=post_ls ls=pyvrp iter=25
2026-03-15 22:32:48 | INFO     | [POOL #01040] 1102 1703 1713 410 369 549 1024 1415 1351 1668 1545 360 180 290 1314 1229 610 1045 1775 282 686 540 416 1764 1850 59 1255 1527 1149 664 1071 1183 794 579 1785 803 173 || mode=RB method=sk_ac_complete solver=pyvrp stage=post_ls ls=pyvrp iter=25
2026-03-15 22:32:48 | INFO     | [POOL #01041] 1635 1039 1184 168 692 1099 638 1817 1405 1377 1115 52 1676 262 498 1031 27 916 315 967 270 524 1087 1354 1407 359 1112 769 949 1698 36 43 1098 733 567 1559 570 || mode=RB method=sk_ac_complete solver=pyvrp stage=post_ls ls=pyvrp iter=25
2026-03-15 22:32:48 | INFO     | [POOL #01042] 531 1541 1777 1932 1570 1588 1783 1435 1253 1367 506 1608 1674 564 198 684 730 749 1056 345 186 1531 596 1007 1159 1851 1802 953 1828 1573 1521 1046 1011 1430 1162 371 699 779 95 1153 377 42 1262 659 1049 1633 || mode=RB method=sk_ac_complete solver=pyvrp stage=post_ls ls=pyvrp iter=25
2026-03-15 22:32:48 | INFO     | [POOL #01043] 1627 1316 1399 1008 1560 800 1411 1132 901 879 47 1147 826 1838 404 100 1344 83 1009 1914 787 1600 809 1801 197 316 941 1369 1614 151 691 1124 1325 1127 1313 1209 1652 164 527 1100 81 128 1557 1360 231 1693 707 || mode=RB method=sk_ac_complete solver=pyvrp stage=post_ls ls=pyvrp iter=25
2026-03-15 22:32:48 | INFO     | [POOL #01044] 356 708 1156 1480 704 472 673 367 1321 1782 723 604 904 1244 1613 1575 662 1532 239 1012 1607 737 101 156 1841 469 712 637 1875 577 1059 615 1595 576 99 808 373 1467 1895 907 1646 1516 || mode=RB method=sk_ac_complete solver=pyvrp stage=post_ls ls=pyvrp iter=25
2026-03-15 22:32:48 | INFO     | [POOL #01045] 28 984 586 520 1117 1406 612 1798 209 162 450 1429 208 572 330 1186 69 215 868 1337 915 106 1665 1302 1538 880 16 912 1175 1412 402 1909 550 235 1001 1023 1327 1021 1152 1804 1362 789 1057 1388 702 1461 1309 45 452 || mode=RB method=sk_ac_complete solver=pyvrp stage=post_ls ls=pyvrp iter=25
2026-03-15 22:32:48 | INFO     | [POOL #01046] 1476 625 434 1754 278 758 1336 1586 1299 804 296 190 571 1803 1425 1510 1055 325 1408 934 453 1318 1813 875 1403 426 996 339 1155 31 1615 1687 997 1845 1821 340 1445 556 412 84 66 1846 1103 1566 || mode=RB method=sk_ac_complete solver=pyvrp stage=post_ls ls=pyvrp iter=25
2026-03-15 22:32:48 | INFO     | [POOL #01047] 370 37 516 226 1878 1165 906 1832 1673 867 1119 845 1126 18 25 1910 1193 1402 1438 832 969 1869 495 1332 1905 1219 1083 1172 1868 1727 559 1161 592 1274 573 672 665 1857 1871 1419 306 245 1744 1661 1241 || mode=RB method=sk_ac_complete solver=pyvrp stage=post_ls ls=pyvrp iter=25
2026-03-15 22:32:48 | INFO     | [POOL #01048] 583 90 656 201 1292 1066 1899 1490 1504 701 342 480 972 1010 1287 1270 276 876 78 93 1422 34 291 735 584 85 1759 1239 1924 863 1793 613 257 141 1384 68 361 1602 1605 1420 1086 725 1016 1444 264 459 883 || mode=RB method=sk_ac_complete solver=pyvrp stage=post_ls ls=pyvrp iter=25
2026-03-15 22:32:48 | INFO     | [POOL #01049] 379 381 713 786 1084 922 432 956 8 529 1776 23 597 1681 293 773 1432 1495 1662 1533 1492 743 363 666 1880 1923 304 1085 1825 175 362 888 784 1060 575 413 1289 757 1542 || mode=RB method=sk_ac_complete solver=pyvrp stage=post_ls ls=pyvrp iter=25
2026-03-15 22:32:48 | INFO     | [POOL #01050] 1195 312 910 838 1529 1107 1877 1421 431 1874 1138 464 1705 465 1901 1926 690 479 1242 1711 1157 1460 816 806 1763 1370 1230 1812 1118 1365 1746 1593 852 147 1616 1907 1837 1497 946 167 1151 7 1254 252 978 || mode=RB method=sk_ac_complete solver=pyvrp stage=post_ls ls=pyvrp iter=25
2026-03-15 22:32:48 | INFO     | [POOL #01051] 72 546 992 1235 835 1101 614 135 1455 1231 793 1688 1 761 1357 177 1345 1328 1456 1234 1479 51 1590 407 1599 372 430 518 1824 824 1564 76 1893 582 158 || mode=RB method=sk_ac_complete solver=pyvrp stage=post_ls ls=pyvrp iter=25
2026-03-15 22:32:48 | INFO     | [POOL #01052] 1054 748 736 1051 543 1431 1076 1628 1734 829 143 1228 1518 1198 566 393 1548 1849 247 891 305 703 795 214 458 71 511 224 1135 970 841 462 338 376 1061 1929 554 1598 390 1781 987 1499 1134 335 382 12 1894 890 17 || mode=RB method=sk_ac_complete solver=pyvrp stage=post_ls ls=pyvrp iter=25
2026-03-15 22:32:48 | INFO     | [POOL #01053] 1106 136 96 429 1659 646 98 1585 1128 1256 796 1212 818 125 142 1166 206 55 1839 1501 842 456 1537 1464 1144 893 199 1858 1062 1413 501 420 1366 1779 1090 1729 1526 185 1474 1469 1913 526 661 269 871 1192 || mode=RB method=sk_ac_complete solver=pyvrp stage=post_ls ls=pyvrp iter=25
2026-03-15 22:32:48 | INFO     | [POOL #01054] 602 1074 1207 216 1005 1353 284 1805 1757 1859 1187 314 1483 1129 1890 1816 1089 945 819 273 389 820 651 1079 1920 1375 1322 478 1210 24 1578 1534 1459 1486 297 1762 1694 1034 1660 1427 1437 722 909 || mode=RB method=sk_ac_complete solver=pyvrp stage=post_ls ls=pyvrp iter=25
2026-03-15 22:32:48 | INFO     | [POOL #01055] 331 1397 1220 720 454 963 113 1551 1584 82 968 1092 1481 1831 698 639 1324 1696 1672 19 1505 856 161 20 1626 411 648 999 647 1830 1259 627 1647 1163 223 600 1335 523 1025 137 1373 1601 1795 768 1075 1284 352 || mode=RB method=sk_ac_complete solver=pyvrp stage=post_ls ls=pyvrp iter=25
2026-03-15 22:32:48 | INFO     | [POOL #01056] 948 1582 109 1022 785 263 1451 1298 982 1449 207 994 1033 674 1257 309 1268 1860 1898 374 732 1276 1611 204 1701 1572 1714 1809 1246 1116 287 200 822 1731 823 1718 834 654 961 || mode=RB method=sk_ac_complete solver=pyvrp stage=post_ls ls=pyvrp iter=25
2026-03-15 22:32:48 | INFO     | [POOL #01057] 1569 1104 259 663 634 1876 675 275 1303 547 1765 1158 652 191 504 1715 11 935 1725 476 1447 926 1073 488 485 492 46 148 26 580 104 668 1571 1700 805 532 || mode=RB method=sk_ac_complete solver=pyvrp stage=post_ls ls=pyvrp iter=25
2026-03-15 22:32:48 | INFO     | [POOL #01058] 1758 1069 1300 1760 854 212 274 280 126 232 1179 1196 1489 621 1896 439 1549 1642 821 1271 630 884 418 334 1675 1206 1653 1597 213 1181 1463 1082 681 1716 1892 811 1194 1044 487 1844 1260 || mode=RB method=sk_ac_complete solver=pyvrp stage=post_ls ls=pyvrp iter=25
2026-03-15 22:32:48 | INFO     | [POOL #01059] 395 721 1123 1434 1517 1609 497 1014 700 973 1872 981 1507 1881 1657 522 869 48 1790 778 73 1331 268 865 308 494 676 33 1017 301 107 1443 176 1631 1222 1891 581 670 188 1376 279 471 1114 1666 812 || mode=RB method=sk_ac_complete solver=pyvrp stage=post_ls ls=pyvrp iter=25
2026-03-15 22:32:48 | INFO     | [POOL #01060] 1620 155 324 846 1778 1724 1312 990 1906 1485 714 1113 354 560 1433 810 853 160 1766 1224 1737 307 1200 193 1568 398 1690 103 1730 947 295 1378 1028 243 || mode=RB method=sk_ac_complete solver=pyvrp stage=post_ls ls=pyvrp iter=25
2026-03-15 22:32:48 | INFO     | [POOL #01061] 77 119 1645 538 5 1619 1462 111 344 1330 1753 836 1065 1050 1562 179 781 848 1927 1722 1146 1252 1752 401 611 799 739 1341 1513 939 283 1576 461 1663 1346 1903 44 951 122 1767 986 595 1900 || mode=RB method=sk_ac_complete solver=pyvrp stage=post_ls ls=pyvrp iter=25
2026-03-15 22:32:49 | INFO     | [POOL #01062] 1164 918 1736 1020 1719 1105 184 225 1697 609 594 653 366 256 557 1294 1214 250 220 321 1723 635 1751 1799 388 1038 1706 734 1142 261 1655 194 919 1454 1368 1667 1829 1392 1636 964 1656 329 955 1540 337 1013 936 1035 333 || mode=RB method=sk_ac_complete solver=pyvrp stage=post_ls ls=pyvrp iter=25
2026-03-15 22:32:49 | INFO     | [POOL #01063] 1712 1624 1385 105 974 298 938 384 897 409 1288 1343 950 718 1188 1721 1774 1269 923 65 929 889 1931 265 1278 496 767 1018 341 139 1275 697 350 1641 1596 || mode=RB method=sk_ac_complete solver=pyvrp stage=post_ls ls=pyvrp iter=25
2026-03-15 22:32:49 | INFO     | [POOL #01064] 1745 1484 1811 1589 601 400 446 1296 240 317 830 1819 1279 744 724 1865 1286 606 545 1856 873 1684 1887 460 813 1618 1915 166 1854 1583 1342 417 228 1393 643 229 1883 349 1836 877 443 || mode=RB method=sk_ac_complete solver=pyvrp stage=post_ls ls=pyvrp iter=25
2026-03-15 22:32:49 | INFO     | [POOL #01065] 1277 1508 815 392 1720 1587 565 1637 1739 762 1870 1471 267 728 1173 1726 633 1833 1077 1815 960 53 685 451 763 1550 1503 1249 493 709 489 1070 1027 1386 21 1558 1374 1093 847 || mode=RB method=sk_ac_complete solver=pyvrp stage=post_ls ls=pyvrp iter=25
2026-03-15 22:32:49 | INFO     | [POOL #01066] 688 683 1738 1786 219 1520 839 858 896 29 843 1398 1632 10 424 1139 88 357 629 756 102 930 677 116 86 626 1639 15 980 562 1122 1177 428 641 857 1340 1171 433 313 440 1748 447 1217 || mode=RB method=sk_ac_complete solver=pyvrp stage=post_ls ls=pyvrp iter=25
2026-03-15 22:32:49 | INFO     | [POOL #01067] 397 517 233 837 1323 1784 976 617 323 887 861 441 1111 144 1347 1827 124 1741 1226 1185 394 1272 438 827 900 1237 1350 971 1095 1917 1223 1787 817 640 1853 864 558 1371 482 1258 391 1740 1410 121 || mode=RB method=sk_ac_complete solver=pyvrp stage=post_ls ls=pyvrp iter=25
2026-03-15 22:32:49 | INFO     | [POOL #01068] 894 39 905 892 1543 587 678 1794 277 310 1648 436 993 759 292 1072 658 63 1733 415 237 1216 123 1247 248 1536 1329 13 913 1068 1282 608 380 512 825 1680 299 1326 1702 61 499 738 347 1306 1251 1810 977 624 716 195 || mode=RB method=sk_ac_complete solver=pyvrp stage=post_ls ls=pyvrp iter=25
2026-03-15 22:32:49 | INFO     | [POOL #01069] 364 1130 578 899 561 474 132 1042 189 1664 1610 878 1053 1048 1019 706 1334 937 1125 798 1141 1264 598 486 1380 182 530 300 807 1202 954 67 711 353 138 1742 1037 1281 925 145 928 1772 1482 272 515 680 1686 1261 619 288 1651 695 917 || mode=RB method=sk_ac_complete solver=pyvrp stage=post_ls ls=pyvrp iter=25
2026-03-15 22:32:49 | INFO     | [POOL #01070] 222 348 1424 642 552 1280 729 181 924 682 1468 1581 952 75 1137 130 414 569 1670 687 1372 1170 178 1450 1512 1121 80 940 650 260 3 1756 991 285 528 1643 1882 903 513 1658 1145 507 788 1154 4 1423 || mode=RB method=sk_ac_complete solver=pyvrp stage=post_ls ls=pyvrp iter=25
2026-03-15 22:32:49 | INFO     | [POOL #01071] 966 1032 1466 322 421 157 1131 112 669 35 1063 1840 481 303 802 636 1446 244 131 463 241 1925 782 1555 1669 1205 745 230 792 521 1780 1182 1554 387 115 1770 1215 1439 || mode=RB method=sk_ac_complete solver=pyvrp stage=post_ls ls=pyvrp iter=25
2026-03-15 22:32:49 | INFO     | [POOL #01072] 740 975 1290 490 187 1178 1383 814 60 1417 110 1416 163 1539 1704 1732 874 1478 776 1577 1197 1822 1349 844 760 217 801 1547 1761 1006 117 1180 1080 902 563 828 1409 196 || mode=RB method=sk_ac_complete solver=pyvrp stage=post_ls ls=pyvrp iter=25
2026-03-15 22:32:49 | INFO     | [POOL #01073] 866 1339 227 660 94 1190 1426 154 1355 1530 591 6 236 210 1189 622 1823 1458 1889 89 146 455 833 1477 1396 1515 1604 1191 657 1204 1791 1440 1650 1297 1644 1232 1000 448 246 || mode=RB method=sk_ac_complete solver=pyvrp stage=post_ls ls=pyvrp iter=25
2026-03-15 22:32:49 | INFO     | [POOL #01074] 1418 983 1493 1884 851 1487 1391 281 1285 1579 1356 555 405 1509 41 378 667 942 92 500 1498 755 502 358 1248 1148 351 957 881 1094 318 628 988 1169 319 944 742 437 1695 || mode=RB method=sk_ac_complete solver=pyvrp stage=post_ls ls=pyvrp iter=25
2026-03-15 22:32:49 | INFO     | [POOL #01075] 1886 1625 57 1002 1814 1788 328 644 588 1174 1502 1428 1400 1563 266 533 958 1143 30 87 632 1535 1311 1047 346 694 1160 1293 534 386 192 921 607 1679 1640 171 1064 1867 258 1621 1514 772 97 995 1199 649 114 693 || mode=RB method=sk_ac_complete solver=pyvrp stage=post_ls ls=pyvrp iter=25
2026-03-15 22:32:49 | INFO     | [POOL #01076] 1524 253 368 1866 169 1728 1552 1213 1465 1030 1283 1494 1888 1848 671 542 548 427 1818 1565 1381 1441 1544 205 599 1041 1364 445 1843 1267 508 403 525 872 618 859 797 1750 989 457 1685 1307 32 || mode=RB method=sk_ac_complete solver=pyvrp stage=post_ls ls=pyvrp iter=25
2026-03-15 22:32:49 | INFO     | [POOL #01077] 715 1078 590 108 1594 444 1916 320 1826 791 985 705 311 765 1404 1488 855 1747 505 467 771 1930 1015 943 1771 1096 1291 1176 1052 539 1496 1671 1338 1692 56 1820 780 466 1363 1227 || mode=RB method=sk_ac_complete solver=pyvrp stage=post_ls ls=pyvrp iter=25
2026-03-15 22:32:49 | INFO     | [POOL #01078] 1245 332 885 269 1106 96 526 1913 1469 1659 646 98 1585 1128 1413 420 1366 1120 385 1779 1090 1729 1526 1678 1546 696 1043 753 1606 751 1634 503 1436 50 1192 221 365 2 || mode=VB method=sk_kmeans solver=pyvrp stage=post_ls ls=pyvrp iter=26
2026-03-15 22:32:49 | INFO     | [POOL #01079] 251 118 375 1553 202 327 1522 616 931 203 58 1897 170 849 1238 1067 1574 1414 1240 1041 599 205 1544 1441 1381 1030 1283 1888 1494 1465 1364 445 1843 1267 508 797 1488 1404 765 1750 311 705 457 368 || mode=VB method=sk_kmeans solver=pyvrp stage=post_ls ls=pyvrp iter=26
2026-03-15 22:32:49 | INFO     | [POOL #01080] 860 174 870 541 1885 1168 183 1382 1003 1862 536 1263 336 491 49 1743 1133 1491 544 979 1319 764 551 1140 129 727 1457 1565 1818 427 548 671 542 1921 519 790 435 1310 1603 271 1304 1475 1683 1709 710 1591 1081 211 || mode=VB method=sk_kmeans solver=pyvrp stage=post_ls ls=pyvrp iter=26
2026-03-15 22:32:49 | INFO     | [POOL #01081] 1864 1699 1933 172 38 962 255 1622 1387 1004 510 605 289 553 539 1496 1052 1096 1015 1213 771 1747 855 505 467 1930 1552 1728 169 1692 1338 1671 1110 56 466 1773 1717 645 || mode=VB method=sk_kmeans solver=pyvrp stage=post_ls ls=pyvrp iter=26
2026-03-15 22:32:49 | INFO     | [POOL #01082] 326 62 959 908 1026 1842 1834 719 537 1735 1561 302 343 140 9 898 1301 1919 286 406 1389 149 449 747 914 1852 1359 1136 623 631 1109 831 1638 1792 1912 150 1629 535 || mode=VB method=sk_kmeans solver=pyvrp stage=post_ls ls=pyvrp iter=26
2026-03-15 22:32:49 | INFO     | [POOL #01083] 741 933 70 911 1250 1556 1755 396 1797 1379 91 1617 242 1623 1808 1448 840 234 1472 1873 383 294 153 1333 1691 1677 1863 1442 468 862 1203 422 127 1523 1918 1108 1654 484 1511 || mode=VB method=sk_kmeans solver=pyvrp stage=post_ls ls=pyvrp iter=26
2026-03-15 22:32:49 | INFO     | [POOL #01084] 932 850 1749 965 1040 1348 120 1500 774 1266 1401 152 1649 355 927 1807 752 1225 1769 1452 585 1806 218 442 593 655 1861 770 1835 1058 1097 1612 1273 399 1233 750 731 425 568 || mode=VB method=sk_kmeans solver=pyvrp stage=post_ls ls=pyvrp iter=26
2026-03-15 22:32:49 | INFO     | [POOL #01085] 590 108 866 1339 1826 791 985 989 1291 1176 1771 943 777 1848 1630 1201 133 920 689 1358 1855 1847 679 1904 509 64 1789 408 134 780 1820 1866 1685 320 1916 444 1307 1594 32 253 1524 1363 1227 || mode=VB method=sk_kmeans solver=pyvrp stage=post_ls ls=pyvrp iter=26
2026-03-15 22:32:49 | INFO     | [POOL #01086] 477 1592 531 1316 1541 1777 1932 514 1902 1682 1519 483 22 699 1588 1879 1570 886 1689 1088 42 998 659 1262 1713 369 410 1710 1703 1102 || mode=VB method=sk_kmeans solver=pyvrp stage=post_ls ls=pyvrp iter=26
2026-03-15 22:32:49 | INFO     | [POOL #01087] 173 1265 1768 249 579 794 549 1183 1071 664 1149 1527 1255 59 1850 1764 540 1435 1783 1646 1573 162 826 1147 404 100 1344 1652 1031 527 1100 81 1557 1360 231 168 586 984 1911 1039 1476 356 || mode=VB method=sk_kmeans solver=pyvrp stage=post_ls ls=pyvrp iter=26
2026-03-15 22:32:49 | INFO     | [POOL #01088] 1633 1049 1627 1091 775 1922 1317 1516 165 377 1153 95 779 416 686 282 1775 1045 610 1229 1314 1367 1253 506 1608 1007 1159 1828 953 1802 1851 373 1467 1895 907 1521 1046 1411 52 1377 1115 800 1560 1008 1236 1708 28 || mode=VB method=sk_kmeans solver=pyvrp stage=post_ls ls=pyvrp iter=26
2026-03-15 22:32:49 | INFO     | [POOL #01089] 803 1785 717 1024 1415 1351 1668 1545 360 180 290 1674 564 198 684 730 749 1056 1875 637 712 577 1059 615 345 186 596 1531 99 808 1429 450 1313 1209 498 1798 612 692 1117 1470 || mode=VB method=sk_kmeans solver=pyvrp stage=post_ls ls=pyvrp iter=26
2026-03-15 22:32:49 | INFO     | [POOL #01090] 1635 570 567 1184 733 1099 638 1817 1405 967 315 916 1087 1354 1407 524 270 359 1112 704 1754 1480 1395 603 1066 372 264 459 518 1824 824 454 1582 1718 834 1569 1074 1260 602 || mode=VB method=sk_kmeans solver=pyvrp stage=post_ls ls=pyvrp iter=26
2026-03-15 22:32:49 | INFO     | [POOL #01091] 40 1221 1525 74 708 238 434 43 36 1698 949 766 1208 159 1390 1567 1707 1299 1586 769 278 1295 1036 54 1305 1878 226 66 1566 370 1361 470 || mode=VB method=sk_kmeans solver=pyvrp stage=post_ls ls=pyvrp iter=26
2026-03-15 22:32:49 | INFO     | [POOL #01092] 620 589 1399 1211 1167 726 423 371 1162 1430 1011 1132 901 879 47 1838 1127 1325 1124 208 572 330 69 576 1595 868 915 1337 469 1841 156 101 737 1532 662 1575 1665 904 1614 151 1914 1009 27 128 1098 || mode=VB method=sk_kmeans solver=pyvrp stage=post_ls ls=pyvrp iter=26
2026-03-15 22:32:49 | INFO     | [POOL #01093] 583 656 379 413 575 556 1445 888 1010 972 1287 997 1673 867 1119 254 1615 1687 876 276 362 175 1825 1432 773 293 597 23 1776 529 1444 1590 407 835 430 1564 76 582 158 || mode=VB method=sk_kmeans solver=pyvrp stage=post_ls ls=pyvrp iter=26
2026-03-15 22:32:49 | INFO     | [POOL #01094] 452 625 1156 758 804 296 472 787 1600 809 1801 197 316 941 604 723 1302 1538 880 1782 1321 1510 1055 325 1408 934 1362 1804 1021 367 673 1425 1803 1506 1580 1528 574 1461 1218 79 1029 1243 || mode=VB method=sk_kmeans solver=pyvrp stage=post_ls ls=pyvrp iter=26
2026-03-15 22:32:49 | INFO     | [POOL #01095] 707 1559 1693 520 1406 209 1676 262 164 83 691 1369 1186 215 106 1244 1613 239 1012 1607 1412 16 912 1175 1909 402 550 235 1001 1318 1813 875 1910 25 18 426 1403 1057 1388 702 1126 845 1473 906 1832 1165 84 516 37 || mode=VB method=sk_kmeans solver=pyvrp stage=post_ls ls=pyvrp iter=26
2026-03-15 22:32:49 | INFO     | [POOL #01096] 1103 1846 45 1309 882 1315 14 1908 1336 190 571 475 789 453 1152 1327 1023 1193 1402 1438 832 969 1869 495 1332 1924 863 1239 1759 85 743 1533 1662 1495 480 342 784 1060 1504 1490 1899 381 1292 201 || mode=VB method=sk_kmeans solver=pyvrp stage=post_ls ls=pyvrp iter=26
2026-03-15 22:32:49 | INFO     | [POOL #01097] 1542 757 1289 412 340 1821 1845 1270 78 31 93 1155 34 1422 339 996 291 735 584 363 1492 666 1880 1923 304 1085 1605 1420 1086 1016 761 1 1688 177 1345 793 1231 1455 135 614 1101 1235 992 546 1195 72 || mode=VB method=sk_kmeans solver=pyvrp stage=post_ls ls=pyvrp iter=26
2026-03-15 22:32:49 | INFO     | [POOL #01098] 1397 1220 312 252 1254 7 1151 167 946 1907 1837 1616 147 852 1593 1138 1234 1479 1874 1746 1365 1230 1812 1118 1857 1871 1419 306 1497 245 1744 1661 1551 113 963 720 1241 331 || mode=VB method=sk_kmeans solver=pyvrp stage=post_ls ls=pyvrp iter=26
2026-03-15 22:32:49 | INFO     | [POOL #01099] 90 1893 883 1599 713 786 1084 922 432 701 956 8 1681 725 1357 1602 361 68 1384 141 1219 1083 479 1242 1711 1157 1460 816 806 1763 1370 665 1505 856 161 20 999 1626 968 82 137 1025 1795 768 352 || mode=VB method=sk_kmeans solver=pyvrp stage=post_ls ls=pyvrp iter=26
2026-03-15 22:32:49 | INFO     | [POOL #01100] 1284 1075 1373 1601 1584 1092 1481 1831 698 639 1324 1696 1672 19 672 573 1274 592 1161 559 1727 1868 1172 1905 1793 613 257 690 1926 1901 465 1705 464 1328 1456 51 431 1421 1877 1107 1529 838 910 978 || mode=VB method=sk_kmeans solver=pyvrp stage=post_ls ls=pyvrp iter=26
2026-03-15 22:32:49 | INFO     | [POOL #01101] 1104 663 982 1449 1033 674 1257 309 1268 1860 374 732 1276 1611 204 1701 1572 1714 1809 1116 287 1246 600 223 1163 1647 627 1259 1830 647 648 411 200 822 1335 523 1731 263 259 654 961 || mode=VB method=sk_kmeans solver=pyvrp stage=post_ls ls=pyvrp iter=26
2026-03-15 22:32:49 | INFO     | [POOL #01102] 1353 284 1805 634 1876 1187 580 1890 1816 418 1765 1158 652 191 504 1715 11 935 1725 476 485 1447 926 1073 488 1303 275 675 994 207 1898 1298 1451 785 823 1022 109 948 || mode=VB method=sk_kmeans solver=pyvrp stage=post_ls ls=pyvrp iter=26
2026-03-15 22:32:49 | INFO     | [POOL #01103] 1207 1005 1757 1859 1571 668 104 1675 1896 621 1489 1196 1179 232 1181 213 334 46 148 26 1129 314 1483 547 492 884 630 1271 821 1642 439 1549 1206 1653 1597 945 389 1920 1322 478 1210 487 1459 297 1762 12 1894 17 || mode=VB method=sk_kmeans solver=pyvrp stage=post_ls ls=pyvrp iter=26
2026-03-15 22:32:49 | INFO     | [POOL #01104] 382 1076 143 1228 829 206 55 393 795 703 891 305 214 458 71 511 224 1135 970 841 462 338 376 274 681 1716 1892 811 1194 24 1578 1534 1300 987 1499 1134 335 1431 429 543 1051 736 136 || mode=VB method=sk_kmeans solver=pyvrp stage=post_ls ls=pyvrp iter=26
2026-03-15 22:32:49 | INFO     | [POOL #01105] 1758 722 1437 1427 1660 1069 1486 1044 1781 390 1760 1518 1198 566 1598 554 854 1929 1061 212 280 126 1463 1082 819 273 1089 1079 651 820 1375 1700 1844 805 216 532 909 || mode=VB method=sk_kmeans solver=pyvrp stage=post_ls ls=pyvrp iter=26
2026-03-15 22:32:49 | INFO     | [POOL #01106] 1054 748 890 1034 1694 1628 1734 1212 1166 142 125 1858 199 1144 1464 893 473 746 1320 1537 456 842 1501 247 1849 1548 1839 818 796 1256 1062 501 185 1474 1150 1800 1308 895 1796 661 871 783 1352 || mode=VB method=sk_kmeans solver=pyvrp stage=post_ls ls=pyvrp iter=26
2026-03-15 22:32:49 | INFO     | [POOL #01107] 57 587 678 277 925 1281 1037 1610 878 292 1072 658 1048 1053 1019 706 182 530 300 807 1202 1293 534 1311 1047 346 1160 694 486 1380 1125 937 1334 1141 1264 798 598 415 1733 237 1216 123 1247 248 63 759 92 942 1148 977 195 975 || mode=VB method=sk_kmeans solver=pyvrp stage=post_ls ls=pyvrp iter=26
2026-03-15 22:32:49 | INFO     | [POOL #01108] 1439 1770 115 387 1554 802 244 131 1925 782 241 463 1756 991 1535 632 386 954 67 711 353 138 533 958 1143 30 87 607 192 921 285 1555 1669 1205 745 792 230 513 1145 507 1154 4 || mode=VB method=sk_kmeans solver=pyvrp stage=post_ls ls=pyvrp iter=26
2026-03-15 22:32:49 | INFO     | [POOL #01109] 1131 729 924 181 1507 1881 1657 522 869 48 1790 1562 179 781 848 1252 1146 1927 1722 1214 250 220 321 1723 635 1751 388 1799 919 1454 1655 1173 261 728 267 1471 1870 762 1739 1928 1394 1453 754 419 || mode=VB method=sk_kmeans solver=pyvrp stage=post_ls ls=pyvrp iter=26
2026-03-15 22:32:49 | INFO     | [POOL #01110] 966 1032 222 1466 322 421 157 112 669 35 1063 1840 481 682 1468 1581 952 75 1137 130 414 569 1670 687 1372 1170 1121 1512 178 1450 3 260 650 940 80 303 1446 636 521 1780 1182 1215 1423 || mode=VB method=sk_kmeans solver=pyvrp stage=post_ls ls=pyvrp iter=26
2026-03-15 22:32:49 | INFO     | [POOL #01111] 1745 1811 670 581 1891 1222 1631 176 1443 33 494 676 1017 107 301 1330 799 611 401 1753 836 1752 1065 1050 778 73 1331 268 865 308 973 1872 981 1280 552 700 1014 497 1609 1517 1434 1424 642 1123 721 395 || mode=VB method=sk_kmeans solver=pyvrp stage=post_ls ls=pyvrp iter=26
2026-03-15 22:32:49 | INFO     | [POOL #01112] 517 1323 88 976 441 1639 15 1347 873 1827 1766 160 1684 1741 124 1226 1185 394 653 366 256 557 1294 1272 438 827 900 1237 1350 971 461 1576 283 939 1513 1341 739 817 240 864 482 1740 1410 1900 121 || mode=VB method=sk_kmeans solver=pyvrp stage=post_ls ls=pyvrp iter=26
2026-03-15 22:32:49 | INFO     | [POOL #01113] 397 1748 219 1520 440 1258 391 601 1767 986 1589 119 1645 188 1376 279 348 471 1114 1666 688 812 || mode=VB method=sk_kmeans solver=pyvrp stage=post_ls ls=pyvrp iter=26
2026-03-15 22:32:49 | INFO     | [POOL #01114] 333 1035 877 936 1778 1724 1020 1719 1105 1618 1915 184 225 1656 964 594 609 1697 1887 460 813 560 1433 810 853 1224 1737 307 1200 193 1122 861 887 323 617 1784 857 1340 1171 433 1164 447 || mode=VB method=sk_kmeans solver=pyvrp stage=post_ls ls=pyvrp iter=26
2026-03-15 22:32:49 | INFO     | [POOL #01115] 155 1378 918 295 947 1730 1690 398 1568 641 428 1177 562 980 626 86 1111 144 677 930 102 756 116 629 357 1139 424 10 558 896 1371 858 837 313 233 1028 243 || mode=VB method=sk_kmeans solver=pyvrp stage=post_ls ls=pyvrp iter=26
2026-03-15 22:32:49 | INFO     | [POOL #01116] 443 349 1883 496 1278 1269 1392 1636 1829 1667 1368 1706 1038 734 1142 194 1726 1077 633 1833 923 65 493 1249 1503 1550 763 451 685 53 960 1815 1637 565 1587 1720 815 1508 1277 || mode=VB method=sk_kmeans solver=pyvrp stage=post_ls ls=pyvrp iter=26
2026-03-15 22:32:49 | INFO     | [POOL #01117] 1093 1374 1558 21 392 1386 1027 1070 489 709 929 889 1931 265 955 1774 329 1721 1188 718 950 166 1343 1342 417 1540 1393 228 643 229 767 1018 298 697 350 1641 1596 || mode=VB method=sk_kmeans solver=pyvrp stage=post_ls ls=pyvrp iter=26
2026-03-15 22:32:49 | INFO     | [POOL #01118] 1217 1738 1786 839 1632 1853 640 317 1856 545 606 1286 1865 724 744 1279 1819 830 1095 1917 1223 1663 1346 1787 1903 44 951 1296 1398 29 843 446 122 344 111 1462 1619 400 5 538 77 595 1484 683 || mode=VB method=sk_kmeans solver=pyvrp stage=post_ls ls=pyvrp iter=26
2026-03-15 22:32:49 | INFO     | [POOL #01119] 1620 324 846 1736 103 1312 990 1906 1485 714 1113 354 1854 1583 1288 409 337 897 1013 1836 384 341 938 139 1275 974 105 1385 1624 1712 847 || mode=VB method=sk_kmeans solver=pyvrp stage=post_ls ls=pyvrp iter=26
2026-03-15 22:32:49 | INFO     | [POOL #01120] 715 740 563 902 1080 716 624 187 1383 814 60 154 1539 1355 1416 110 1417 1822 1478 776 1251 844 760 619 899 1169 319 117 1178 490 1290 1426 1190 94 660 227 246 1078 || mode=VB method=sk_kmeans solver=pyvrp stage=post_ls ls=pyvrp iter=26
2026-03-15 22:32:49 | INFO     | [POOL #01121] 448 1000 1644 1650 1440 1204 859 403 525 872 618 591 6 236 210 1189 622 1823 1458 1889 89 146 455 1477 833 874 1732 1704 1396 1515 1530 1604 1191 657 163 1791 1297 1232 || mode=VB method=sk_kmeans solver=pyvrp stage=post_ls ls=pyvrp iter=26
2026-03-15 22:32:49 | INFO     | [POOL #01122] 196 1409 1418 983 364 1130 1493 1002 97 1814 772 328 905 1391 892 1285 1579 1543 1502 1174 588 258 1867 1064 171 1640 1679 528 1643 1882 903 644 1514 1621 1658 788 995 1199 649 1886 114 693 || mode=VB method=sk_kmeans solver=pyvrp stage=post_ls ls=pyvrp iter=26
2026-03-15 22:32:49 | INFO     | [POOL #01123] 828 944 1006 1761 1547 801 217 988 628 318 1094 351 957 1680 825 512 358 755 1498 1329 13 1536 913 1068 1282 608 380 502 500 993 436 1648 667 378 41 1509 405 555 680 1686 1261 288 1651 695 578 || mode=VB method=sk_kmeans solver=pyvrp stage=post_ls ls=pyvrp iter=26
2026-03-15 22:32:49 | INFO     | [POOL #01124] 894 1625 1884 851 1487 1788 39 281 1356 515 272 1482 561 1794 1428 266 1563 1400 474 132 1042 1742 189 1664 310 145 928 1772 1248 881 299 1326 1702 61 499 738 347 1306 1197 1577 1349 1810 1180 742 437 1695 917 || mode=VB method=sk_kmeans solver=pyvrp stage=post_ls ls=pyvrp iter=26
2026-03-15 22:32:49 | INFO     | [POOL #01125] 246 448 227 1000 1644 1232 705 311 1750 765 1404 1488 855 1747 505 467 771 1930 1552 1096 1771 943 1052 1338 169 1692 1866 1820 780 368 444 1594 32 || mode=VB method=k_medoids_pyclustering solver=pyvrp stage=post_ls ls=pyvrp iter=27
2026-03-15 22:32:49 | INFO     | [POOL #01126] 590 108 866 1916 320 1339 1826 791 985 989 1728 1291 1176 1015 1213 1267 1843 445 1364 1041 599 205 1544 1441 1381 1283 1030 1465 1494 1888 1848 777 289 1110 134 1250 741 || mode=VB method=k_medoids_pyclustering solver=pyvrp stage=post_ls ls=pyvrp iter=27
2026-03-15 22:32:49 | INFO     | [POOL #01127] 1717 1227 1363 1524 253 466 56 1671 1496 539 553 689 920 1921 519 790 435 49 218 491 1310 336 1263 1603 536 593 655 271 1612 1273 399 731 962 38 1591 1081 568 || mode=VB method=k_medoids_pyclustering solver=pyvrp stage=post_ls ls=pyvrp iter=27
2026-03-15 22:32:49 | INFO     | [POOL #01128] 1699 1933 172 127 242 1623 422 1203 1808 1448 234 840 1500 774 1266 140 375 118 1834 719 1842 1026 908 120 959 1348 62 1108 1654 326 932 || mode=VB method=k_medoids_pyclustering solver=pyvrp stage=post_ls ls=pyvrp iter=27
2026-03-15 22:32:49 | INFO     | [POOL #01129] 1352 535 1629 1192 1912 50 1436 503 1634 751 631 302 1553 914 202 898 286 1649 152 1862 1003 1304 1475 1683 294 1233 750 255 396 1556 911 1773 645 365 2 || mode=VB method=k_medoids_pyclustering solver=pyvrp stage=post_ls ls=pyvrp iter=27
2026-03-15 22:32:49 | INFO     | [POOL #01130] 909 17 748 890 736 96 526 1800 1043 696 1546 1678 1526 1729 1090 1779 170 1897 58 1136 623 1308 1796 895 753 1606 661 136 1106 269 871 885 783 332 1245 || mode=VB method=k_medoids_pyclustering solver=pyvrp stage=post_ls ls=pyvrp iter=27
2026-03-15 22:32:49 | INFO     | [POOL #01131] 948 1582 1022 785 823 523 1335 968 82 1584 1601 1373 137 1025 1795 768 1075 109 1718 654 834 1104 1569 961 || mode=VB method=k_medoids_pyclustering solver=pyvrp stage=post_ls ls=pyvrp iter=27
2026-03-15 22:32:49 | INFO     | [POOL #01132] 425 1797 1622 1387 1004 510 605 1058 1835 770 509 679 1358 1855 1847 1861 1097 153 1333 1691 1677 710 1863 468 862 1442 1168 1379 91 1617 1918 1040 965 1749 484 1511 221 1864 || mode=VB method=k_medoids_pyclustering solver=pyvrp stage=post_ls ls=pyvrp iter=27
2026-03-15 22:32:49 | INFO     | [POOL #01133] 933 70 1755 408 1789 64 1904 1201 133 1630 671 542 548 427 1818 1565 1457 727 129 1140 551 764 1319 979 544 1238 849 1067 1574 1414 1240 1320 746 473 1120 385 1366 185 1474 1913 543 1051 1894 722 602 || mode=VB method=k_medoids_pyclustering solver=pyvrp stage=post_ls ls=pyvrp iter=27
2026-03-15 22:32:49 | INFO     | [POOL #01134] 1054 12 382 335 1134 1499 987 1300 1518 1198 566 1598 554 854 1929 1061 393 795 703 1548 1849 247 891 305 214 458 71 511 224 1135 970 841 462 338 376 274 212 681 1716 1892 811 1194 24 1578 1762 1694 1758 || mode=VB method=k_medoids_pyclustering solver=pyvrp stage=post_ls ls=pyvrp iter=27
2026-03-15 22:32:49 | INFO     | [POOL #01135] 1074 1207 663 982 1449 207 994 675 1033 674 1257 1268 732 374 1116 287 1246 1809 1714 1163 1572 1701 204 1611 1276 309 1303 275 1483 314 1187 1876 634 1005 805 532 1260 || mode=VB method=k_medoids_pyclustering solver=pyvrp stage=post_ls ls=pyvrp iter=27
2026-03-15 22:32:49 | INFO     | [POOL #01136] 1427 1660 1069 1459 487 1210 478 1322 1375 389 273 945 819 1082 1463 280 126 232 1179 1196 1489 1642 821 1271 630 334 1549 439 621 1896 1181 213 1675 1206 1653 1597 1089 1816 1890 104 668 1859 1757 1805 284 1353 216 || mode=VB method=k_medoids_pyclustering solver=pyvrp stage=post_ls ls=pyvrp iter=27
2026-03-15 22:32:49 | INFO     | [POOL #01137] 1844 1700 1571 580 26 148 46 418 884 1765 1158 652 191 504 1715 11 935 1725 476 1447 926 1073 488 485 492 547 1129 820 651 1079 1920 297 1431 1469 1150 343 9 1472 1873 383 183 1523 850 || mode=VB method=k_medoids_pyclustering solver=pyvrp stage=post_ls ls=pyvrp iter=27
2026-03-15 22:32:49 | INFO     | [POOL #01138] 1437 1034 1486 1534 1044 390 1781 1760 1228 143 829 1734 1628 1076 796 1256 1062 1858 199 125 142 1166 818 1212 206 55 1839 1501 842 456 1537 1464 1144 893 420 501 1413 1128 1585 98 646 1659 429 || mode=VB method=k_medoids_pyclustering solver=pyvrp stage=post_ls ls=pyvrp iter=27
2026-03-15 22:32:49 | INFO     | [POOL #01139] 150 251 1792 537 1735 1638 831 1109 1561 1852 1359 203 931 616 1522 327 149 1389 752 1225 1491 1133 1743 585 1806 1452 1769 442 1807 927 355 406 449 747 1919 1301 1401 1382 1709 1885 541 870 174 860 211 || mode=VB method=k_medoids_pyclustering solver=pyvrp stage=post_ls ls=pyvrp iter=27
2026-03-15 22:32:49 | INFO     | [POOL #01140] 72 1195 546 824 1824 518 430 1235 992 1529 838 910 312 252 1254 1877 1421 167 1151 1744 245 1497 306 1831 1481 1092 1661 1551 113 963 454 720 1284 352 331 || mode=VB method=k_medoids_pyclustering solver=pyvrp stage=post_ls ls=pyvrp iter=27
2026-03-15 22:32:49 | INFO     | [POOL #01141] 520 1406 27 916 1009 1914 787 1600 1801 197 316 941 904 604 723 1302 1538 880 16 912 1175 1909 1023 1327 1804 1362 934 789 1388 159 1528 574 1208 1908 79 1305 37 1542 || mode=VB method=k_medoids_pyclustering solver=pyvrp stage=post_ls ls=pyvrp iter=27
2026-03-15 22:32:49 | INFO     | [POOL #01142] 1154 788 1658 903 1882 1640 958 1143 30 87 386 534 1293 1202 807 1160 346 1311 1047 694 486 798 598 1264 1141 1334 937 1125 1380 182 530 300 954 67 711 353 138 533 1285 892 1391 1487 851 1884 1130 364 894 || mode=VB method=k_medoids_pyclustering solver=pyvrp stage=post_ls ls=pyvrp iter=27
2026-03-15 22:32:49 | INFO     | [POOL #01143] 1439 669 35 1063 1840 682 1468 1581 952 75 1137 130 414 569 1670 687 1372 1170 1121 1512 178 1450 3 260 1756 991 1535 632 285 921 192 607 1679 528 1643 230 792 513 1621 1514 1814 1002 57 1199 649 114 || mode=VB method=k_medoids_pyclustering solver=pyvrp stage=post_ls ls=pyvrp iter=27
2026-03-15 22:32:49 | INFO     | [POOL #01144] 1423 1215 1770 115 387 1554 481 303 80 940 650 463 241 1925 782 1555 1669 745 1205 131 244 1446 636 802 521 1780 1182 1145 507 4 || mode=VB method=k_medoids_pyclustering solver=pyvrp stage=post_ls ls=pyvrp iter=27
2026-03-15 22:32:49 | INFO     | [POOL #01145] 715 196 917 1695 437 742 944 319 899 281 1579 1543 587 1356 555 678 561 1794 277 41 1509 405 1482 272 515 680 1686 1261 619 801 1547 1761 1006 117 1651 695 578 983 1418 || mode=VB method=k_medoids_pyclustering solver=pyvrp stage=post_ls ls=pyvrp iter=27
2026-03-15 22:32:49 | INFO     | [POOL #01146] 693 995 97 772 328 644 258 1867 1064 171 266 1563 1400 474 1281 925 310 145 928 1772 667 378 1248 512 825 1680 1148 351 957 1094 318 628 760 844 1810 977 1178 1180 1080 902 563 828 1409 || mode=VB method=k_medoids_pyclustering solver=pyvrp stage=post_ls ls=pyvrp iter=27
2026-03-15 22:32:49 | INFO     | [POOL #01147] 1078 660 94 1190 1426 1791 1204 657 163 1539 1191 1604 1515 1530 591 6 89 146 1396 1732 874 1478 776 1577 347 1306 1197 1251 1349 1822 1417 110 60 814 1383 187 624 716 195 740 || mode=VB method=k_medoids_pyclustering solver=pyvrp stage=post_ls ls=pyvrp iter=27
2026-03-15 22:32:49 | INFO     | [POOL #01148] 1307 1685 457 1297 1650 1440 797 859 508 403 525 872 618 236 210 1189 622 1823 1889 1458 1068 913 248 1733 415 237 1216 123 1247 1536 13 1329 1282 608 499 738 455 1477 833 1704 1355 1416 154 490 1290 975 || mode=VB method=k_medoids_pyclustering solver=pyvrp stage=post_ls ls=pyvrp iter=27
2026-03-15 22:32:49 | INFO     | [POOL #01149] 1886 1625 1788 39 905 588 1174 1502 1428 132 1042 1037 1664 189 1742 1610 878 1053 706 1019 1048 292 1072 658 63 759 993 436 1648 942 92 500 358 502 755 1498 380 61 1702 1326 299 881 988 217 1169 288 1493 || mode=VB method=k_medoids_pyclustering solver=pyvrp stage=post_ls ls=pyvrp iter=27
2026-03-15 22:32:49 | INFO     | [POOL #01150] 1666 1114 471 1123 642 1424 1434 1517 1609 497 1014 700 981 1872 973 308 865 268 1331 73 836 1753 494 676 33 1017 1443 176 1631 1222 1891 581 670 1645 188 1376 279 348 721 395 1032 966 || mode=VB method=k_medoids_pyclustering solver=pyvrp stage=post_ls ls=pyvrp iter=27
2026-03-15 22:32:49 | INFO     | [POOL #01151] 1745 77 119 538 5 1619 1462 111 843 446 1296 122 344 107 301 1330 951 44 1903 739 1341 1513 799 611 401 939 283 1576 461 1663 1346 1787 817 240 864 1398 29 400 601 1410 1738 1217 || mode=VB method=k_medoids_pyclustering solver=pyvrp stage=post_ls ls=pyvrp iter=27
2026-03-15 22:32:49 | INFO     | [POOL #01152] 222 1466 322 421 157 112 1131 552 1280 729 924 181 1507 1881 1657 522 869 48 1790 778 1065 1752 1146 1252 1050 1562 179 781 848 1927 1722 1237 900 827 1350 971 744 1279 1819 830 1095 1917 1223 317 640 1853 482 1740 595 1900 121 || mode=VB method=k_medoids_pyclustering solver=pyvrp stage=post_ls ls=pyvrp iter=27
2026-03-15 22:32:49 | INFO     | [POOL #01153] 155 1378 947 1730 1690 398 1568 193 1200 307 1887 394 1185 438 1272 1294 1214 250 220 321 1723 635 1038 388 1799 1751 557 256 366 653 594 609 1697 225 184 1188 166 1342 1288 409 1013 1836 333 || mode=VB method=k_medoids_pyclustering solver=pyvrp stage=post_ls ls=pyvrp iter=27
2026-03-15 22:32:49 | INFO     | [POOL #01154] 847 419 754 1453 1394 1928 1739 762 1870 1471 267 728 1173 194 1655 261 1142 734 1706 919 1454 1368 1667 1829 1392 1636 964 1656 329 1774 1721 955 1540 337 897 349 384 || mode=VB method=k_medoids_pyclustering solver=pyvrp stage=post_ls ls=pyvrp iter=27
2026-03-15 22:32:49 | INFO     | [POOL #01155] 397 1786 219 1520 440 313 837 1371 896 558 1632 10 424 1139 629 357 88 976 1784 857 1340 1323 858 839 1258 391 1767 986 1589 1811 1484 683 688 812 || mode=VB method=k_medoids_pyclustering solver=pyvrp stage=post_ls ls=pyvrp iter=27
2026-03-15 22:32:49 | INFO     | [POOL #01156] 1277 1093 1374 1508 815 1558 21 392 1720 1587 565 1637 1503 1249 493 65 923 889 1931 718 950 1343 1854 1583 1719 1485 1020 1724 1778 936 877 1035 1620 || mode=VB method=k_medoids_pyclustering solver=pyvrp stage=post_ls ls=pyvrp iter=27
2026-03-15 22:32:49 | INFO     | [POOL #01157] 443 1275 139 938 341 1883 229 643 228 1393 417 1105 1915 1618 460 813 560 1433 1737 1224 1766 160 124 1226 1741 1684 853 810 354 1113 714 1906 990 1312 103 1736 846 324 || mode=VB method=k_medoids_pyclustering solver=pyvrp stage=post_ls ls=pyvrp iter=27
2026-03-15 22:32:49 | INFO     | [POOL #01158] 447 1164 1748 517 233 1171 617 323 887 861 441 144 677 930 102 756 116 1111 86 626 1639 15 1347 1827 1286 1865 724 606 545 1856 873 980 562 1122 1177 428 641 433 295 918 1028 243 || mode=VB method=k_medoids_pyclustering solver=pyvrp stage=post_ls ls=pyvrp iter=27
2026-03-15 22:32:49 | INFO     | [POOL #01159] 1712 1624 1385 105 974 298 1018 767 496 1278 265 1269 1833 633 1726 1077 1815 960 53 451 685 1550 763 929 709 489 1070 1027 1386 697 350 1641 1596 || mode=VB method=k_medoids_pyclustering solver=pyvrp stage=post_ls ls=pyvrp iter=27
2026-03-15 22:32:49 | INFO     | [POOL #01160] 7 946 1907 852 147 1616 1837 1419 1871 1857 1118 1812 672 1505 19 1672 1696 698 639 1324 161 856 20 1626 411 648 999 647 1830 1259 627 1647 223 600 200 822 1731 1451 1860 1898 1298 263 259 || mode=VB method=k_medoids_pyclustering solver=pyvrp stage=post_ls ls=pyvrp iter=27
2026-03-15 22:32:49 | INFO     | [POOL #01161] 1635 570 28 1559 620 589 1708 1236 1470 1693 984 567 1156 434 603 1309 45 1103 1566 370 1361 470 || mode=VB method=k_medoids_pyclustering solver=pyvrp stage=post_ls ls=pyvrp iter=27
2026-03-15 22:32:49 | INFO     | [POOL #01162] 1262 42 686 282 1775 1045 360 180 610 1229 1314 290 1674 564 1007 198 684 730 749 1056 1875 637 712 577 615 1595 576 215 69 1186 330 572 208 99 808 1467 373 1851 1802 953 1828 1895 907 1521 1573 1646 1162 371 1399 || mode=VB method=k_medoids_pyclustering solver=pyvrp stage=post_ls ls=pyvrp iter=27
2026-03-15 22:32:49 | INFO     | [POOL #01163] 531 1588 1783 1435 1253 1367 506 1608 1159 596 1531 186 345 1059 868 1337 915 106 1244 1665 1613 1575 1532 662 469 1841 156 101 737 1607 1012 239 1412 402 550 235 1001 1193 1910 875 1403 1057 702 1461 1218 766 || mode=VB method=k_medoids_pyclustering solver=pyvrp stage=post_ls ls=pyvrp iter=27
2026-03-15 22:32:49 | INFO     | [POOL #01164] 1395 1698 949 278 769 704 1112 359 1586 1299 804 296 1407 1087 1354 190 571 1506 475 1803 1425 673 472 83 1313 1127 826 1147 162 47 879 901 1046 1132 1411 800 1011 1430 1560 1008 1777 1317 1627 || mode=VB method=k_medoids_pyclustering solver=pyvrp stage=post_ls ls=pyvrp iter=27
2026-03-15 22:32:49 | INFO     | [POOL #01165] 733 231 1099 1817 1405 1798 262 100 1838 450 1429 1325 1124 691 151 1369 1614 809 367 1782 1321 1021 1152 1318 1813 453 1408 325 1055 1510 1580 1390 1567 1707 1336 758 36 43 1480 238 1221 || mode=VB method=k_medoids_pyclustering solver=pyvrp stage=post_ls ls=pyvrp iter=27
2026-03-15 22:32:49 | INFO     | [POOL #01166] 158 582 1893 381 1599 713 786 922 432 956 8 1681 293 773 1420 1086 1357 1345 177 1688 1 761 1016 725 597 23 1776 529 1444 135 1590 407 264 372 459 1564 76 978 1220 1241 1397 || mode=VB method=k_medoids_pyclustering solver=pyvrp stage=post_ls ls=pyvrp iter=27
2026-03-15 22:32:49 | INFO     | [POOL #01167] 356 1525 74 708 1184 1098 1754 1360 638 1557 128 81 1100 967 270 524 315 527 498 1031 164 1652 1344 1209 404 1676 209 52 1377 1115 612 692 1117 168 586 1911 1039 1476 || mode=VB method=k_medoids_pyclustering solver=pyvrp stage=post_ls ls=pyvrp iter=27
2026-03-15 22:32:49 | INFO     | [POOL #01168] 201 1292 1066 1899 1490 1084 701 342 480 175 1825 1432 1605 1085 304 1923 1880 1533 666 1492 743 363 85 584 1759 1239 735 291 1422 34 1662 1495 362 1287 972 1010 888 784 1060 1504 575 413 || mode=VB method=k_medoids_pyclustering solver=pyvrp stage=post_ls ls=pyvrp iter=27
2026-03-15 22:32:49 | INFO     | [POOL #01169] 882 1029 1315 14 1473 845 254 1119 1615 31 93 1155 339 1126 996 426 18 25 1438 1402 832 969 1869 495 1332 1924 863 1793 1905 613 257 141 1384 68 361 1602 1926 1901 793 1231 1455 614 1101 || mode=VB method=k_medoids_pyclustering solver=pyvrp stage=post_ls ls=pyvrp iter=27
2026-03-15 22:32:49 | INFO     | [POOL #01170] 883 835 51 1234 1456 1328 465 1705 464 806 816 1460 1157 1711 1242 479 690 1219 1083 1172 1868 1727 559 1161 592 1274 573 665 1365 1230 1370 1763 1746 1593 1874 1138 1479 431 1107 || mode=VB method=k_medoids_pyclustering solver=pyvrp stage=post_ls ls=pyvrp iter=27
2026-03-15 22:32:49 | INFO     | [POOL #01171] 1102 1703 1710 1713 410 369 1183 1071 664 1149 1527 1255 377 1153 95 779 416 540 1764 1850 59 1545 1668 1351 1415 1024 549 794 579 717 1785 803 249 1768 1265 173 || mode=VB method=k_medoids_pyclustering solver=pyvrp stage=post_ls ls=pyvrp iter=27
2026-03-15 22:32:49 | INFO     | [POOL #01172] 40 452 625 1243 1846 66 84 226 1878 1165 54 1295 1036 906 1832 1673 867 1687 78 876 276 1270 997 1845 1821 340 1445 556 412 516 1289 757 379 656 90 583 || mode=VB method=k_medoids_pyclustering solver=pyvrp stage=post_ls ls=pyvrp iter=27
2026-03-15 22:32:49 | INFO     | [POOL #01173] 477 707 1592 1091 775 1922 1516 1316 1541 1211 1167 726 423 886 1570 1879 699 22 483 1519 1682 1902 514 1689 1932 1088 165 998 659 1049 1633 || mode=VB method=k_medoids_pyclustering solver=pyvrp stage=post_ls ls=pyvrp iter=27
2026-03-15 22:32:49 | INFO     | [POOL #01174] 917 944 117 1006 1761 760 628 318 1094 957 1680 825 512 358 92 500 502 755 1498 63 1733 415 237 1216 123 1247 248 1536 1329 13 913 1068 1282 608 347 1306 1577 1349 977 1178 187 624 716 195 975 || mode=VB method=sk_ac_complete solver=filo1 stage=post_ls ls=pyvrp iter=28
2026-03-15 22:32:49 | INFO     | [POOL #01175] 1352 535 1629 150 251 719 1026 1842 1834 118 375 140 343 302 914 1553 202 898 9 1266 774 234 840 1500 1448 1808 908 120 959 1348 62 1108 1654 326 221 1864 || mode=VB method=sk_ac_complete solver=filo1 stage=post_ls ls=pyvrp iter=28
2026-03-15 22:32:49 | INFO     | [POOL #01176] 1886 1625 1788 39 588 1174 1502 1428 1563 1400 132 1042 1037 1664 189 1742 1610 878 1053 1048 1019 706 1334 937 1125 1380 182 530 300 954 67 711 353 138 958 533 266 1640 171 1064 1867 258 644 328 772 1814 1002 57 1199 649 114 || mode=VB method=sk_ac_complete solver=filo1 stage=post_ls ls=pyvrp iter=28
2026-03-15 22:32:49 | INFO     | [POOL #01177] 196 1409 828 563 902 1080 1180 1810 844 1251 1197 881 299 1326 1702 380 61 499 738 455 833 1477 1704 1732 874 1478 776 1822 1417 110 60 814 1383 490 1426 1190 94 660 227 448 246 || mode=VB method=sk_ac_complete solver=filo1 stage=post_ls ls=pyvrp iter=28
2026-03-15 22:32:49 | INFO     | [POOL #01178] 1418 983 364 1130 578 695 1651 288 899 619 1261 1686 680 515 272 1482 405 1509 277 41 378 667 1772 928 145 310 925 1281 474 1794 561 678 555 1356 587 1543 1579 1285 281 892 1391 905 1487 851 1884 1493 894 || mode=VB method=sk_ac_complete solver=filo1 stage=post_ls ls=pyvrp iter=28
2026-03-15 22:32:49 | INFO     | [POOL #01179] 1207 1005 1757 1859 1187 104 580 1890 1816 418 334 630 1271 821 1642 1549 439 1896 621 1489 1196 1179 232 1181 213 1675 1206 1653 1597 1089 651 820 668 1571 1700 1844 805 1260 602 || mode=VB method=sk_ac_complete solver=filo1 stage=post_ls ls=pyvrp iter=28
2026-03-15 22:32:49 | INFO     | [POOL #01180] 108 866 1339 1826 1232 1000 1644 1297 1650 1440 1791 1204 657 163 1539 1191 1604 1515 1530 591 6 236 210 1189 622 1823 1458 1889 89 146 1396 1355 1416 154 1290 740 || mode=VB method=sk_ac_complete solver=filo1 stage=post_ls ls=pyvrp iter=28
2026-03-15 22:32:49 | INFO     | [POOL #01181] 1699 1933 127 242 422 1203 1401 1919 1649 355 1807 752 1225 1491 544 979 1319 764 1067 1574 1414 1240 1320 746 473 1120 385 849 1238 170 1897 58 203 931 616 1522 327 149 1389 449 747 406 286 1301 1472 1623 1918 1040 850 || mode=VB method=sk_ac_complete solver=filo1 stage=post_ls ls=pyvrp iter=28
2026-03-15 22:32:49 | INFO     | [POOL #01182] 1511 484 1749 965 1523 1617 91 1379 710 1863 1691 1333 1677 1709 294 1683 1475 1304 271 655 1861 770 1835 1058 1097 1612 1273 153 399 1233 750 731 962 38 1591 1081 568 211 || mode=VB method=sk_ac_complete solver=filo1 stage=post_ls ls=pyvrp iter=28
2026-03-15 22:32:49 | INFO     | [POOL #01183] 871 269 661 1150 1474 185 1729 1090 1779 1366 420 501 1413 1062 1858 199 893 1144 1464 1537 456 842 1501 1839 55 206 1212 818 1166 142 125 796 1256 1128 1585 98 646 1659 1469 1913 526 96 136 1106 1245 || mode=VB method=sk_ac_complete solver=filo1 stage=post_ls ls=pyvrp iter=28
2026-03-15 22:32:49 | INFO     | [POOL #01184] 332 885 783 50 1436 503 1634 751 1606 753 895 1796 1308 1800 1043 696 1678 1526 1546 1136 1359 1852 623 631 1561 1109 831 1638 1735 537 1792 1912 1192 932 || mode=VB method=sk_ac_complete solver=filo1 stage=post_ls ls=pyvrp iter=28
2026-03-15 22:32:49 | INFO     | [POOL #01185] 1695 437 742 319 1169 1547 801 217 988 351 1148 1248 942 1648 436 993 759 292 1072 658 1141 1264 598 798 486 694 1160 346 1047 1311 534 1293 807 1202 87 30 1143 607 1679 1882 903 1514 97 995 693 || mode=VB method=sk_ac_complete solver=filo1 stage=post_ls ls=pyvrp iter=28
2026-03-15 22:32:49 | INFO     | [POOL #01186] 32 1307 1685 791 985 989 705 311 1750 765 1404 505 1747 855 1488 797 859 618 872 525 403 508 1267 1843 445 1364 1041 599 205 1381 1441 1544 1140 551 129 727 1457 1133 1743 1452 1769 442 927 152 1873 172 174 860 || mode=VB method=sk_ac_complete solver=filo1 stage=post_ls ls=pyvrp iter=28
2026-03-15 22:32:49 | INFO     | [POOL #01187] 425 1797 255 1622 1004 510 605 509 1904 679 1847 1855 1358 1201 133 920 689 1921 519 790 435 49 1806 585 218 491 1310 336 1263 1603 536 593 1862 1003 1382 383 183 468 862 1442 1168 1885 541 870 || mode=VB method=sk_ac_complete solver=filo1 stage=post_ls ls=pyvrp iter=28
2026-03-15 22:32:49 | INFO     | [POOL #01188] 2 365 645 741 933 70 911 1250 1556 396 1755 134 408 1789 1387 64 289 553 539 1496 1671 1338 169 1692 1866 1820 780 368 253 1524 1363 1227 1717 715 || mode=VB method=sk_ac_complete solver=filo1 stage=post_ls ls=pyvrp iter=28
2026-03-15 22:32:49 | INFO     | [POOL #01189] 1074 1353 284 1805 1876 1483 314 1129 26 148 46 547 492 1765 884 1158 652 191 504 1715 11 935 1725 476 485 1447 926 488 1073 309 1268 1257 674 1033 1303 275 675 634 216 532 || mode=VB method=sk_ac_complete solver=filo1 stage=post_ls ls=pyvrp iter=28
2026-03-15 22:32:49 | INFO     | [POOL #01190] 1773 466 56 1110 1052 1771 943 777 1630 1848 671 542 548 427 1818 1565 1283 1030 1465 1494 1888 1213 771 467 1930 1015 1096 1176 1291 1552 1728 457 320 1916 444 1594 590 1078 || mode=VB method=sk_ac_complete solver=filo1 stage=post_ls ls=pyvrp iter=28
2026-03-15 22:32:49 | INFO     | [POOL #01191] 470 1361 370 1566 757 1289 516 412 556 575 1060 784 888 1287 362 276 1687 1673 1832 906 1036 1295 54 1305 14 1315 1029 882 1395 434 238 708 74 1525 452 40 || mode=VB method=sk_ac_complete solver=filo1 stage=post_ls ls=pyvrp iter=28
2026-03-15 22:32:49 | INFO     | [POOL #01192] 1241 720 768 1795 1373 1601 1584 1092 1481 1831 1419 1871 1857 1230 1370 1763 806 816 1460 1157 1711 1242 479 1727 559 1161 1868 592 1274 573 672 1505 1672 1324 1696 698 639 1626 968 82 137 1025 1075 1284 352 || mode=VB method=sk_ac_complete solver=filo1 stage=post_ls ls=pyvrp iter=28
2026-03-15 22:32:49 | INFO     | [POOL #01193] 1103 1846 45 1309 66 226 1878 1165 867 1615 1119 254 845 1473 1461 1218 1208 574 159 1528 702 1057 453 875 1403 426 996 1126 339 1422 34 1155 93 31 78 876 1270 997 1845 1821 1445 340 84 37 1542 || mode=VB method=sk_ac_complete solver=filo1 stage=post_ls ls=pyvrp iter=28
2026-03-15 22:32:49 | INFO     | [POOL #01194] 28 984 520 1117 692 52 209 1676 162 450 1429 808 99 69 215 868 106 915 1337 469 1841 156 101 737 662 1532 239 1012 1607 1412 402 550 235 1001 1193 1402 1438 832 969 1869 495 1332 1172 1083 1219 690 1357 || mode=VB method=sk_ac_complete solver=filo1 stage=post_ls ls=pyvrp iter=28
2026-03-15 22:32:49 | INFO     | [POOL #01195] 1102 1633 1049 1627 775 1922 1317 1516 165 1088 1932 1689 514 1902 1682 1519 779 416 540 1764 1850 59 1255 1527 1149 664 1071 1183 549 794 369 1713 410 579 717 1785 803 173 || mode=VB method=sk_ac_complete solver=filo1 stage=post_ls ls=pyvrp iter=28
2026-03-15 22:32:49 | INFO     | [POOL #01196] 1394 1928 1265 249 1768 1024 1415 1351 1668 1545 360 180 290 684 730 749 1056 1875 637 712 577 1059 615 1595 576 345 186 1531 596 1851 373 1467 1895 1802 953 1828 907 1521 1573 1646 1162 371 423 1777 1091 || mode=VB method=sk_ac_complete solver=filo1 stage=post_ls ls=pyvrp iter=28
2026-03-15 22:32:49 | INFO     | [POOL #01197] 1243 603 79 766 1707 1567 1390 1580 1388 789 1510 1055 325 1408 934 1362 1804 1021 1321 1782 367 673 1425 1803 475 1506 571 190 296 804 1299 1586 1336 769 758 278 1908 949 1698 36 1156 625 1221 || mode=VB method=sk_ac_complete solver=filo1 stage=post_ls ls=pyvrp iter=28
2026-03-15 22:32:49 | INFO     | [POOL #01198] 72 1195 546 252 1254 312 910 838 1529 992 1235 1107 1877 1421 431 51 1479 1874 1138 1234 1456 1328 1345 177 1688 761 1 793 1231 1455 135 614 1590 407 1101 835 459 1564 1893 90 || mode=VB method=sk_ac_complete solver=filo1 stage=post_ls ls=pyvrp iter=28
2026-03-15 22:32:49 | INFO     | [POOL #01199] 1635 1476 1039 1911 567 733 1098 1754 1360 1557 128 81 1100 967 315 27 916 1009 1914 691 151 1614 1801 809 1600 787 472 1354 1087 1407 524 270 359 1112 704 43 1480 1184 356 || mode=VB method=sk_ac_complete solver=filo1 stage=post_ls ls=pyvrp iter=28
2026-03-15 22:32:49 | INFO     | [POOL #01200] 583 656 379 381 1066 1899 1490 1084 701 342 480 175 1825 1432 773 293 1681 597 23 1776 529 8 956 432 922 786 713 1599 372 264 430 518 1824 824 76 582 158 || mode=VB method=sk_ac_complete solver=filo1 stage=post_ls ls=pyvrp iter=28
2026-03-15 22:32:49 | INFO     | [POOL #01201] 331 654 834 1718 259 263 1451 287 1116 1246 1809 600 223 1830 1259 627 1647 1163 1714 1572 1701 204 1611 1276 732 374 1860 1898 207 994 1449 1298 982 663 1104 1569 961 || mode=VB method=sk_ac_complete solver=filo1 stage=post_ls ls=pyvrp iter=28
2026-03-15 22:32:49 | INFO     | [POOL #01202] 477 1592 531 1316 1541 1399 1211 1167 726 886 1570 1879 483 22 699 1588 1783 1435 1253 1367 506 1608 1159 1007 198 564 1674 1314 1229 610 1045 1775 282 686 95 1153 377 42 998 1262 659 1710 1703 || mode=VB method=sk_ac_complete solver=filo1 stage=post_ls ls=pyvrp iter=28
2026-03-15 22:32:49 | INFO     | [POOL #01203] 978 7 1151 167 1593 1746 464 1705 465 1901 1926 1602 361 68 1384 141 257 613 1905 1793 863 1924 1239 1759 584 85 363 743 1492 666 1533 1880 1923 304 1085 1605 1420 1086 725 1016 1444 883 || mode=VB method=sk_ac_complete solver=filo1 stage=post_ls ls=pyvrp iter=28
2026-03-15 22:32:49 | INFO     | [POOL #01204] 570 586 168 231 1099 638 1817 612 1115 1377 1798 527 1031 498 262 404 100 1652 1344 1209 1313 1127 1838 826 1147 47 879 901 1046 1132 1411 800 1011 1430 1560 1008 1236 1470 1708 589 620 707 || mode=VB method=sk_ac_complete solver=filo1 stage=post_ls ls=pyvrp iter=28
2026-03-15 22:32:49 | INFO     | [POOL #01205] 201 1292 413 1504 1010 972 1495 1662 291 735 18 25 1910 1813 1318 1152 1327 1023 1909 1175 912 16 880 1538 1302 1575 1613 1244 1665 723 604 904 941 316 197 1369 1186 330 572 208 1124 1325 83 164 1405 1406 1693 1559 || mode=VB method=sk_ac_complete solver=filo1 stage=post_ls ls=pyvrp iter=28
2026-03-15 22:32:49 | INFO     | [POOL #01206] 948 1582 109 1022 785 823 523 1335 1731 822 200 411 648 999 647 20 161 856 19 665 1812 1118 1365 852 147 1616 1907 1837 306 1497 946 245 1744 1661 1551 113 963 454 1220 1397 || mode=VB method=sk_ac_complete solver=filo1 stage=post_ls ls=pyvrp iter=28
2026-03-15 22:32:49 | INFO     | [POOL #01207] 966 1666 1114 471 348 1424 1434 1517 1609 497 1014 700 973 1872 981 1507 1881 1657 522 869 48 1790 1050 1065 1752 401 611 1753 836 778 73 1331 268 865 308 1222 1891 581 538 5 219 1786 1738 1217 || mode=VB method=sk_ac_complete solver=filo1 stage=post_ls ls=pyvrp iter=28
2026-03-15 22:32:49 | INFO     | [POOL #01208] 222 1466 322 421 157 1131 112 669 35 1063 1840 481 303 80 940 650 1756 260 3 1450 178 1512 1121 1170 1372 687 1670 569 414 130 1137 75 952 1581 1468 682 924 181 729 1280 552 642 1123 721 395 1032 || mode=VB method=sk_ac_complete solver=filo1 stage=post_ls ls=pyvrp iter=28
2026-03-15 22:32:49 | INFO     | [POOL #01209] 812 688 683 1484 595 1811 77 119 1376 279 188 1645 1589 986 1767 601 391 1258 839 858 837 313 233 440 918 1378 155 1028 397 243 || mode=VB method=sk_ac_complete solver=filo1 stage=post_ls ls=pyvrp iter=28
2026-03-15 22:32:49 | INFO     | [POOL #01210] 1423 4 1154 788 507 1145 1658 1621 513 792 230 1643 528 745 1205 1669 1555 285 921 192 632 386 1535 991 463 241 782 1925 131 244 1446 636 802 521 1780 1182 1554 387 115 1770 1215 1439 || mode=VB method=sk_ac_complete solver=filo1 stage=post_ls ls=pyvrp iter=28
2026-03-15 22:32:49 | INFO     | [POOL #01211] 324 846 1736 1730 947 1690 103 1312 990 1906 1485 1719 714 1113 354 1433 560 813 460 1697 609 594 225 184 1188 1915 1618 1105 1854 1583 1288 409 1013 936 877 1035 1620 || mode=VB method=sk_ac_complete solver=filo1 stage=post_ls ls=pyvrp iter=28
2026-03-15 22:32:49 | INFO     | [POOL #01212] 1712 1624 1385 105 815 1508 1093 1374 754 419 847 || mode=VB method=sk_ac_complete solver=filo1 stage=post_ls ls=pyvrp iter=28
2026-03-15 22:32:49 | INFO     | [POOL #01213] 697 974 298 1018 767 496 1931 265 1269 1833 633 1726 1077 1173 1655 194 919 1454 1368 1667 1829 1392 1636 964 1656 329 1774 1721 955 718 950 166 1343 1342 417 1540 337 897 1836 333 || mode=VB method=sk_ac_complete solver=filo1 stage=post_ls ls=pyvrp iter=28
2026-03-15 22:32:49 | INFO     | [POOL #01214] 1745 670 1631 176 1443 33 494 676 1017 107 301 1330 951 44 1903 1787 739 799 1341 1513 939 283 1576 461 1346 1663 1917 1223 817 240 864 1398 29 843 446 1296 122 344 111 1462 1619 400 1410 1900 121 || mode=VB method=sk_ac_complete solver=filo1 stage=post_ls ls=pyvrp iter=28
2026-03-15 22:32:49 | INFO     | [POOL #01215] 447 1520 1740 482 1371 896 558 10 1632 1853 640 317 830 1095 971 1350 1237 900 827 438 1272 1185 1226 124 1741 1684 160 1766 1224 1737 980 562 1122 1177 428 641 1568 398 295 || mode=VB method=sk_ac_complete solver=filo1 stage=post_ls ls=pyvrp iter=28
2026-03-15 22:32:49 | INFO     | [POOL #01216] 1596 1641 350 443 1275 139 938 341 384 349 1883 229 1393 228 643 1278 889 929 923 65 763 1550 685 451 53 960 1815 1503 1249 493 709 489 1070 1027 1386 392 21 1558 1277 || mode=VB method=sk_ac_complete solver=filo1 stage=post_ls ls=pyvrp iter=28
2026-03-15 22:32:49 | INFO     | [POOL #01217] 1453 1720 1587 565 1637 1739 762 1870 1471 267 728 261 1142 734 1706 1038 388 1799 1751 635 1723 250 321 220 848 781 179 1562 1252 1146 1927 1722 1214 1294 557 256 366 653 394 1887 853 810 307 1200 193 1020 1724 1778 || mode=VB method=sk_ac_complete solver=filo1 stage=post_ls ls=pyvrp iter=28
2026-03-15 22:32:49 | INFO     | [POOL #01218] 1164 517 433 1171 1340 857 1784 617 323 887 861 441 116 1111 86 626 1639 15 1347 1827 1286 1865 724 744 1819 1279 606 545 1856 873 144 677 930 756 102 424 1139 629 357 88 976 1323 1748 || mode=VB method=sk_ac_complete solver=filo1 stage=post_ls ls=pyvrp iter=28
2026-03-15 22:32:49 | INFO     | [POOL #01219] 1427 1660 1034 1694 1762 297 1486 1534 1578 1044 1194 811 1892 1716 681 274 212 1061 1929 554 1598 566 1198 1518 1760 1228 143 1628 1734 829 1212 818 1166 142 125 1256 796 1076 1128 1585 98 646 1659 || mode=VB method=k_medoids_pyclustering solver=filo1 stage=post_ls ls=pyvrp iter=29
2026-03-15 22:32:49 | INFO     | [POOL #01220] 654 834 1718 259 663 982 1449 207 994 1033 1257 674 1303 547 492 485 935 11 1715 504 191 821 1642 439 1549 1271 630 334 1816 1890 580 104 1187 1859 1757 1005 805 216 1207 1074 || mode=VB method=k_medoids_pyclustering solver=filo1 stage=post_ls ls=pyvrp iter=29
2026-03-15 22:32:49 | INFO     | [POOL #01221] 948 1582 109 1022 823 785 263 1451 1298 1898 374 1860 1268 309 1073 488 926 1447 476 1725 652 1158 1765 884 418 46 148 26 1129 314 1483 275 675 1876 634 1805 284 1353 1104 1569 || mode=VB method=k_medoids_pyclustering solver=filo1 stage=post_ls ls=pyvrp iter=29
2026-03-15 22:32:49 | INFO     | [POOL #01222] 961 352 1284 1075 1601 1584 82 1335 523 1731 822 200 600 1246 287 1116 1809 732 1276 1611 204 1701 1572 1714 1163 1647 627 223 1259 1830 647 20 1626 999 648 411 968 1025 137 1373 1795 768 720 1220 1241 1397 || mode=VB method=k_medoids_pyclustering solver=filo1 stage=post_ls ls=pyvrp iter=29
2026-03-15 22:32:49 | INFO     | [POOL #01223] 1933 1873 1382 1003 152 1807 752 1225 442 1769 1452 218 49 1806 585 1743 1133 1491 544 979 1319 764 551 1140 129 727 1457 1565 1818 548 427 790 435 1310 491 336 1263 1603 655 271 294 1709 1885 541 870 174 860 || mode=VB method=k_medoids_pyclustering solver=filo1 stage=post_ls ls=pyvrp iter=29
2026-03-15 22:32:49 | INFO     | [POOL #01224] 1758 1437 1069 1459 487 24 1210 478 1322 1375 1920 1079 389 945 273 819 1082 1463 280 126 232 1179 1196 1489 621 1896 1181 213 1675 1206 1653 1597 1089 651 820 668 1571 1700 1844 532 || mode=VB method=k_medoids_pyclustering solver=filo1 stage=post_ls ls=pyvrp iter=29
2026-03-15 22:32:49 | INFO     | [POOL #01225] 932 221 326 1654 1108 62 1348 127 242 422 1203 1808 1448 1472 840 1500 774 1266 9 140 375 118 1834 719 1842 1026 908 120 959 251 1912 150 1629 332 535 1352 || mode=VB method=k_medoids_pyclustering solver=filo1 stage=post_ls ls=pyvrp iter=29
2026-03-15 22:32:49 | INFO     | [POOL #01226] 1699 537 185 501 1413 1062 1858 199 893 1144 1464 1537 456 842 1501 1839 55 206 1548 1849 247 891 305 511 224 1135 970 841 376 338 462 71 458 214 703 795 393 854 390 1781 1300 987 1499 1134 335 382 1431 12 1054 || mode=VB method=k_medoids_pyclustering solver=filo1 stage=post_ls ls=pyvrp iter=29
2026-03-15 22:32:49 | INFO     | [POOL #01227] 1078 590 108 1594 1307 444 1916 320 1685 457 1866 1692 169 1338 1052 943 1771 1096 1176 1291 1552 1930 771 467 505 1747 855 1488 1404 765 1750 311 705 985 791 1826 227 448 246 740 || mode=VB method=k_medoids_pyclustering solver=filo1 stage=post_ls ls=pyvrp iter=29
2026-03-15 22:32:49 | INFO     | [POOL #01228] 1245 783 885 871 1436 503 1792 1735 1638 831 1109 1561 302 343 1553 914 202 898 1301 1649 355 927 536 593 1862 1304 1475 1683 383 183 468 862 1442 38 1591 1081 568 211 || mode=VB method=k_medoids_pyclustering solver=filo1 stage=post_ls ls=pyvrp iter=29
2026-03-15 22:32:49 | INFO     | [POOL #01229] 2 1363 1524 32 253 368 780 1820 56 1110 1671 1496 539 553 289 679 1358 1855 1847 1861 770 1835 1058 605 510 1004 1387 1789 408 134 466 1227 1717 || mode=VB method=k_medoids_pyclustering solver=filo1 stage=post_ls ls=pyvrp iter=29
2026-03-15 22:32:49 | INFO     | [POOL #01230] 850 1918 1623 234 1401 1919 286 406 747 449 1389 149 327 1522 616 931 203 58 1897 170 1238 849 385 1120 1067 1574 1414 1240 1320 746 473 420 1366 1779 1090 1729 1136 1359 1852 623 631 751 1634 50 1192 || mode=VB method=k_medoids_pyclustering solver=filo1 stage=post_ls ls=pyvrp iter=29
2026-03-15 22:32:49 | INFO     | [POOL #01231] 909 17 748 269 1106 136 661 1606 753 895 1796 1308 1800 1043 1150 696 1546 1678 1526 1474 1469 1913 429 543 1051 526 96 736 1894 890 722 1260 602 || mode=VB method=k_medoids_pyclustering solver=filo1 stage=post_ls ls=pyvrp iter=29
2026-03-15 22:32:49 | INFO     | [POOL #01232] 365 645 1773 741 933 70 911 1250 1556 1755 396 1797 962 731 750 1233 399 1273 1097 1612 153 1333 1691 1677 1863 710 1168 1379 91 1617 1523 172 1040 965 1749 484 1511 1864 || mode=VB method=k_medoids_pyclustering solver=filo1 stage=post_ls ls=pyvrp iter=29
2026-03-15 22:32:49 | INFO     | [POOL #01233] 866 1339 660 1000 1644 1232 989 1728 1015 1213 1267 1843 445 1364 1041 599 205 1544 1441 1381 1283 1030 1465 1494 1888 1848 671 542 519 1921 689 920 133 1201 1630 777 1904 509 64 1622 255 425 || mode=VB method=k_medoids_pyclustering solver=filo1 stage=post_ls ls=pyvrp iter=29
2026-03-15 22:32:49 | INFO     | [POOL #01234] 447 1786 839 858 629 102 756 930 677 317 1223 1917 1095 830 1819 1279 744 971 1350 1237 900 827 438 1272 1185 394 609 1697 225 1721 718 950 166 1343 1342 417 1540 337 897 349 384 139 1275 443 || mode=VB method=k_medoids_pyclustering solver=filo1 stage=post_ls ls=pyvrp iter=29
2026-03-15 22:32:49 | INFO     | [POOL #01235] 397 1164 1748 219 1520 440 837 1323 1171 1340 857 1784 617 861 887 976 88 357 1139 424 10 1632 558 896 1371 482 1258 391 1740 1410 1738 1217 || mode=VB method=k_medoids_pyclustering solver=filo1 stage=post_ls ls=pyvrp iter=29
2026-03-15 22:32:49 | INFO     | [POOL #01236] 419 754 1453 1394 1928 1739 762 1870 1471 267 728 261 1142 734 1706 1038 388 1799 1751 635 1723 321 220 250 1214 1294 557 256 366 653 594 184 1188 1915 1618 1105 1854 1583 1288 409 1013 1836 || mode=VB method=k_medoids_pyclustering solver=filo1 stage=post_ls ls=pyvrp iter=29
2026-03-15 22:32:49 | INFO     | [POOL #01237] 333 1035 877 936 1778 1724 1020 1485 1719 714 1113 354 1433 560 813 460 1887 1684 1741 124 1226 1865 724 1286 606 545 1856 873 1827 1347 144 15 1639 626 86 1111 116 441 323 641 433 313 233 517 || mode=VB method=k_medoids_pyclustering solver=filo1 stage=post_ls ls=pyvrp iter=29
2026-03-15 22:32:49 | INFO     | [POOL #01238] 121 1900 595 986 1767 601 400 29 843 446 1398 864 1853 640 817 240 1787 1346 1663 461 1576 283 939 1513 1341 739 951 44 1903 1296 122 344 111 1462 1619 5 538 1589 1811 1484 683 688 || mode=VB method=k_medoids_pyclustering solver=filo1 stage=post_ls ls=pyvrp iter=29
2026-03-15 22:32:49 | INFO     | [POOL #01239] 243 1028 1378 918 295 947 1730 1690 398 1568 428 1177 1122 562 980 1737 1224 1766 160 853 810 307 1200 193 1906 990 1312 103 1736 846 324 155 1620 || mode=VB method=k_medoids_pyclustering solver=filo1 stage=post_ls ls=pyvrp iter=29
2026-03-15 22:32:49 | INFO     | [POOL #01240] 847 1093 1374 1558 21 392 1720 1587 1637 565 1249 493 1503 1815 960 53 451 685 1550 763 65 923 889 929 709 489 1070 1027 1386 105 1385 1624 1712 || mode=VB method=k_medoids_pyclustering solver=filo1 stage=post_ls ls=pyvrp iter=29
2026-03-15 22:32:49 | INFO     | [POOL #01241] 222 1466 322 421 157 112 1131 1123 642 552 1280 729 924 181 1507 1881 1657 522 869 48 1790 778 73 1331 268 865 308 973 1872 981 700 1014 497 1609 1517 1434 1424 348 721 395 1032 966 || mode=VB method=k_medoids_pyclustering solver=filo1 stage=post_ls ls=pyvrp iter=29
2026-03-15 22:32:49 | INFO     | [POOL #01242] 1745 77 119 1645 581 1891 107 301 1330 799 611 401 1752 1252 1146 1722 1927 848 781 179 1562 1050 1065 836 1753 494 676 33 1017 1443 176 1631 1222 670 188 1376 279 471 1114 1666 812 || mode=VB method=k_medoids_pyclustering solver=filo1 stage=post_ls ls=pyvrp iter=29
2026-03-15 22:32:49 | INFO     | [POOL #01243] 1596 1641 350 697 938 341 1883 229 643 1393 228 955 1774 329 1656 964 1636 1392 1829 1667 1368 1454 919 194 1655 1173 1077 1726 633 1833 1269 1931 265 1278 496 767 1018 298 974 815 1508 1277 || mode=VB method=k_medoids_pyclustering solver=filo1 stage=post_ls ls=pyvrp iter=29
2026-03-15 22:32:49 | INFO     | [POOL #01244] 1215 1770 115 387 1554 1840 481 303 650 940 80 1121 1170 1372 178 1512 1450 3 260 1756 463 241 1925 782 1555 1669 745 1205 131 244 1446 636 802 521 1780 1182 1145 507 1423 || mode=VB method=k_medoids_pyclustering solver=filo1 stage=post_ls ls=pyvrp iter=29
2026-03-15 22:32:49 | INFO     | [POOL #01245] 828 742 944 117 1006 1547 801 217 988 351 1148 1248 942 1648 436 993 759 63 292 1072 658 415 1733 237 1216 123 1247 248 1536 1329 13 913 1068 146 455 833 1477 1396 1704 1732 874 1478 776 1822 1349 1417 110 154 1426 94 || mode=VB method=k_medoids_pyclustering solver=filo1 stage=post_ls ls=pyvrp iter=29
2026-03-15 22:32:49 | INFO     | [POOL #01246] 1409 563 1080 1180 1761 760 628 318 1094 957 881 1326 299 1680 825 512 358 92 500 502 755 1498 1282 608 380 1702 61 499 738 347 1306 1577 1197 1251 844 1810 977 1178 187 624 716 195 || mode=VB method=k_medoids_pyclustering solver=filo1 stage=post_ls ls=pyvrp iter=29
2026-03-15 22:32:49 | INFO     | [POOL #01247] 975 1190 1290 490 1383 814 60 1416 1355 1539 163 657 1191 1604 1515 1530 591 6 89 1889 1458 1823 622 1189 210 236 618 872 525 403 508 797 859 1204 1791 1440 1650 1297 || mode=VB method=k_medoids_pyclustering solver=filo1 stage=post_ls ls=pyvrp iter=29
2026-03-15 22:32:49 | INFO     | [POOL #01248] 693 995 97 772 328 644 1514 1621 903 1882 1640 171 1563 266 533 958 1143 30 87 138 353 711 67 954 182 530 300 807 1202 1293 534 386 632 1535 991 285 192 921 607 1679 528 1643 230 792 513 1658 788 1154 4 || mode=VB method=k_medoids_pyclustering solver=filo1 stage=post_ls ls=pyvrp iter=29
2026-03-15 22:32:49 | INFO     | [POOL #01249] 1130 1651 319 288 1169 899 619 1261 1686 680 515 272 1482 405 1509 41 378 667 1772 928 145 277 1281 925 310 1664 189 1037 1042 132 474 1794 561 678 555 1356 587 1543 1579 1285 281 892 1391 905 39 1788 1814 1002 57 || mode=VB method=k_medoids_pyclustering solver=filo1 stage=post_ls ls=pyvrp iter=29
2026-03-15 22:32:49 | INFO     | [POOL #01250] 364 1884 851 1487 588 258 1867 1064 1174 1502 1428 1400 1742 1610 878 1053 1048 1019 706 1334 937 1125 1380 798 1141 1264 598 486 694 1160 346 1047 1311 687 1670 569 414 130 1137 75 952 1581 1468 682 1063 35 669 1439 || mode=VB method=k_medoids_pyclustering solver=filo1 stage=post_ls ls=pyvrp iter=29
2026-03-15 22:32:49 | INFO     | [POOL #01251] 114 1886 649 1199 1625 1493 578 695 902 437 1695 983 917 1418 894 196 715 || mode=VB method=k_medoids_pyclustering solver=filo1 stage=post_ls ls=pyvrp iter=29
2026-03-15 22:32:49 | INFO     | [POOL #01252] 40 470 1361 90 331 || mode=VB method=k_medoids_pyclustering solver=filo1 stage=post_ls ls=pyvrp iter=29
2026-03-15 22:32:49 | INFO     | [POOL #01253] 72 546 312 838 1529 992 1107 1235 1101 614 135 1455 1231 793 1345 177 1688 1 761 1016 725 1086 1420 773 293 1681 597 23 1776 529 8 956 701 432 922 1084 786 713 1599 381 1292 379 656 || mode=VB method=k_medoids_pyclustering solver=filo1 stage=post_ls ls=pyvrp iter=29
2026-03-15 22:32:49 | INFO     | [POOL #01254] 803 1785 717 579 794 549 1183 1071 664 1149 1527 1255 59 1850 1764 686 282 1775 1045 610 1229 1314 1674 564 198 1007 1159 1608 506 1367 1253 1435 1783 1588 1879 1570 886 423 726 1167 1211 1399 1592 || mode=VB method=k_medoids_pyclustering solver=filo1 stage=post_ls ls=pyvrp iter=29
2026-03-15 22:32:49 | INFO     | [POOL #01255] 1195 910 1877 1421 431 1874 1138 465 1901 1926 690 1219 1083 1172 1905 1793 863 1924 1332 495 1869 969 832 1402 1438 1239 1759 584 85 363 743 1492 666 613 257 141 1384 68 361 1602 1357 1444 264 372 883 201 583 || mode=VB method=k_medoids_pyclustering solver=filo1 stage=post_ls ls=pyvrp iter=29
2026-03-15 22:32:49 | INFO     | [POOL #01256] 707 620 589 1708 1470 1008 371 1162 1646 1573 1828 953 1802 1467 373 1851 596 1531 186 345 576 1595 615 1059 577 712 637 1875 1056 749 730 684 290 180 360 1545 1668 1351 1415 1024 1768 249 1265 173 || mode=VB method=k_medoids_pyclustering solver=filo1 stage=post_ls ls=pyvrp iter=29
2026-03-15 22:32:49 | INFO     | [POOL #01257] 1635 1476 74 708 238 434 1395 882 1315 14 1698 949 79 1908 278 758 1336 1586 1299 1707 1567 1390 1528 574 1218 1461 845 1473 254 1119 867 1673 1832 906 1165 1878 226 66 1309 45 1846 1103 1525 1221 || mode=VB method=k_medoids_pyclustering solver=filo1 stage=post_ls ls=pyvrp iter=29
2026-03-15 22:32:49 | INFO     | [POOL #01258] 370 757 1289 516 412 556 1445 888 1287 362 1270 276 876 78 93 1155 1662 1533 1880 1923 304 1085 1605 1432 1825 175 480 342 784 1060 1504 1490 1899 1066 || mode=VB method=k_medoids_pyclustering solver=filo1 stage=post_ls ls=pyvrp iter=29
2026-03-15 22:32:49 | INFO     | [POOL #01259] 1039 1911 567 733 231 1360 1557 128 81 1100 967 315 527 498 1031 27 164 1652 1344 1209 1313 1127 1838 100 404 262 1676 209 52 1115 1377 1798 612 1817 638 1099 692 1406 1117 168 586 984 28 477 || mode=VB method=k_medoids_pyclustering solver=filo1 stage=post_ls ls=pyvrp iter=29
2026-03-15 22:32:49 | INFO     | [POOL #01260] 1559 1693 800 1011 1411 1132 1046 901 879 47 162 1147 826 450 1429 1325 1124 208 572 330 1186 1369 1614 1801 809 1600 787 472 1009 916 1087 1354 1407 524 270 359 1112 704 1754 1098 1184 || mode=VB method=k_medoids_pyclustering solver=filo1 stage=post_ls ls=pyvrp iter=29
2026-03-15 22:32:49 | INFO     | [POOL #01261] 1102 1703 1710 410 369 1713 1262 659 998 165 42 1088 377 1153 95 779 416 540 22 699 483 1519 1682 1902 514 1689 1932 1777 1541 1316 531 1516 1317 1922 775 1091 1627 1049 1633 || mode=VB method=k_medoids_pyclustering solver=filo1 stage=post_ls ls=pyvrp iter=29
2026-03-15 22:32:49 | INFO     | [POOL #01262] 356 452 625 1243 603 1029 1305 54 1036 1295 766 1208 159 1580 1388 702 1057 789 1510 1055 325 1408 934 453 1318 1813 875 1403 426 996 1126 339 31 1615 1687 997 1845 1821 340 84 37 1566 || mode=VB method=k_medoids_pyclustering solver=filo1 stage=post_ls ls=pyvrp iter=29
2026-03-15 22:32:49 | INFO     | [POOL #01263] 454 1661 1744 245 1497 306 1837 1419 1871 1857 1118 1812 1365 1230 1370 1763 464 1705 1328 1456 1234 1479 51 1590 407 835 430 459 518 1824 824 1564 76 1893 582 158 || mode=VB method=k_medoids_pyclustering solver=filo1 stage=post_ls ls=pyvrp iter=29
2026-03-15 22:32:49 | INFO     | [POOL #01264] 1236 1560 1430 1521 907 1895 808 99 69 215 868 915 1337 469 1841 156 101 737 1607 1012 239 1532 662 1575 1613 1302 1538 880 723 604 1665 1244 106 904 941 316 197 151 691 1914 83 1405 520 570 || mode=VB method=k_medoids_pyclustering solver=filo1 stage=post_ls ls=pyvrp iter=29
2026-03-15 22:32:49 | INFO     | [POOL #01265] 978 252 1254 7 1151 167 946 1907 1616 147 852 1593 1746 806 816 1460 1157 1711 1242 479 1727 559 1161 1868 592 1274 573 672 665 19 1505 856 161 1672 1696 1324 639 698 1831 1481 1092 1551 113 963 || mode=VB method=k_medoids_pyclustering solver=filo1 stage=post_ls ls=pyvrp iter=29
2026-03-15 22:32:49 | INFO     | [POOL #01266] 1156 1480 43 36 769 804 296 190 571 1506 475 1803 1425 673 367 1782 1321 1021 1804 1362 1152 1327 1023 1909 1175 912 16 1412 402 550 235 1001 1193 1910 25 18 735 291 1422 34 1495 972 1010 575 413 1542 || mode=VB method=k_medoids_pyclustering solver=filo1 stage=post_ls ls=pyvrp iter=29
2026-03-15 22:32:49 | INFO     | [POOL #01267] 370 1566 37 516 412 556 1445 888 1010 1287 1270 276 876 1687 1615 1119 1473 1461 574 1528 159 1390 1567 1707 1299 1586 1336 769 758 278 1908 79 54 1305 1395 434 74 1221 40 || mode=RB method=sk_kmeans solver=filo2 stage=post_ls ls=pyvrp iter=31
2026-03-15 22:32:49 | INFO     | [POOL #01268] 582 76 824 1824 518 430 835 1101 614 1455 793 1688 1 761 1016 725 1086 1420 1432 773 293 1681 597 23 1776 8 956 432 1084 1490 1066 379 656 90 583 || mode=RB method=sk_kmeans solver=filo2 stage=post_ls ls=pyvrp iter=31
2026-03-15 22:32:49 | INFO     | [POOL #01269] 1592 531 1777 1932 1689 514 1902 1682 1519 483 22 699 1588 1783 1646 1573 1521 907 1828 953 1802 1895 1467 1851 373 808 99 1531 596 1007 1159 1253 1435 416 59 1149 664 549 794 579 717 1785 803 173 || mode=RB method=sk_kmeans solver=filo2 stage=post_ls ls=pyvrp iter=31
2026-03-15 22:32:49 | INFO     | [POOL #01270] 381 1599 713 922 529 1605 1085 304 1923 1880 1533 666 1492 743 363 584 85 1759 1239 1438 1402 832 969 1869 495 1332 1924 863 1793 1905 613 257 141 1384 68 361 1602 1926 1357 1444 372 883 || mode=RB method=sk_kmeans solver=filo2 stage=post_ls ls=pyvrp iter=31
2026-03-15 22:32:49 | INFO     | [POOL #01271] 1102 1049 1627 1091 775 1922 1317 1516 1316 1541 1708 1470 1693 586 567 1184 733 1098 1480 1754 43 36 1698 14 1315 1029 882 603 1309 1846 1243 1103 625 1525 452 1361 470 || mode=RB method=sk_kmeans solver=filo2 stage=post_ls ls=pyvrp iter=31
2026-03-15 22:32:49 | INFO     | [POOL #01272] 1635 570 168 231 1360 638 128 1557 81 1100 967 315 27 916 1009 1914 691 1369 1614 1801 809 1600 787 472 1354 1087 1407 524 270 359 1112 704 949 1156 238 708 1911 1039 1476 356 || mode=RB method=sk_kmeans solver=filo2 stage=post_ls ls=pyvrp iter=31
2026-03-15 22:32:49 | INFO     | [POOL #01273] 1703 1710 1713 410 369 1183 1071 1527 1255 1850 1764 540 686 282 1775 1045 610 1229 1314 290 180 360 1545 1668 1351 1415 1024 1768 249 1265 1928 1394 1453 754 419 || mode=RB method=sk_kmeans solver=filo2 stage=post_ls ls=pyvrp iter=31
2026-03-15 22:32:49 | INFO     | [POOL #01274] 28 1117 1406 692 1099 612 1115 1377 1798 498 1031 164 1652 1344 1209 1838 826 1147 162 47 1676 879 901 1046 1132 1411 1011 1430 1162 371 1879 1570 886 423 726 1167 1211 1399 589 620 707 477 || mode=RB method=sk_kmeans solver=filo2 stage=post_ls ls=pyvrp iter=31
2026-03-15 22:32:49 | INFO     | [POOL #01275] 1241 1661 1744 245 1419 1871 1857 1118 1812 665 672 573 1274 592 1868 1172 1083 1219 690 479 1242 1711 1157 1727 1161 559 816 1460 1901 1345 177 1231 135 1590 407 264 459 1564 1893 158 || mode=RB method=sk_kmeans solver=filo2 stage=post_ls ls=pyvrp iter=31
2026-03-15 22:32:49 | INFO     | [POOL #01276] 804 296 190 571 1506 475 1803 1425 673 367 1321 1782 604 723 1538 1302 1665 1244 1613 1575 662 1532 239 1012 1607 737 101 156 1841 469 1337 915 106 904 941 316 197 151 83 527 1405 1817 520 984 || mode=RB method=sk_kmeans solver=filo2 stage=post_ls ls=pyvrp iter=31
2026-03-15 22:32:49 | INFO     | [POOL #01277] 1633 659 1262 998 165 42 1088 377 1153 95 779 1367 506 1608 1674 564 198 684 730 749 1056 1875 637 712 577 1059 615 345 186 576 1595 868 215 69 1186 330 572 208 1124 1325 1429 450 1127 1313 100 404 262 209 52 800 1560 1008 1236 1559 || mode=RB method=sk_kmeans solver=filo2 stage=post_ls ls=pyvrp iter=31
2026-03-15 22:32:49 | INFO     | [POOL #01278] 201 1292 1899 786 701 480 1825 175 1495 1662 34 1422 291 735 18 25 1910 1193 1001 235 550 402 1412 880 16 912 1175 1909 1023 1327 1021 1804 453 1057 702 1126 845 254 867 1673 997 1845 1821 340 84 1542 || mode=RB method=sk_kmeans solver=filo2 stage=post_ls ls=pyvrp iter=31
2026-03-15 22:32:49 | INFO     | [POOL #01279] 757 1289 413 575 1504 1060 784 342 972 362 78 31 93 1155 339 996 426 1403 875 1813 1318 1152 1362 934 1408 325 1055 1510 789 1388 1580 1208 1218 766 1295 1036 906 1832 1165 1878 226 66 45 || mode=RB method=sk_kmeans solver=filo2 stage=post_ls ls=pyvrp iter=31
2026-03-15 22:32:49 | INFO     | [POOL #01280] 741 933 70 134 1110 1496 539 553 289 509 1904 679 1847 1855 1358 1201 133 920 689 1921 519 790 435 1310 491 336 1263 1603 655 1861 770 1835 1058 1004 1387 1622 255 1797 425 || mode=RB method=sk_kmeans solver=filo2 stage=post_ls ls=pyvrp iter=31
2026-03-15 22:32:49 | INFO     | [POOL #01281] 568 1081 1591 38 962 153 1475 271 593 536 442 1769 1452 218 49 1806 585 1743 1133 1457 727 129 1140 551 764 1319 979 544 1491 1225 752 1807 927 1862 1304 1683 294 1709 1885 541 174 1699 || mode=RB method=sk_kmeans solver=filo2 stage=post_ls ls=pyvrp iter=31
2026-03-15 22:32:49 | INFO     | [POOL #01282] 211 860 870 1442 862 468 183 383 1873 1382 1003 152 1649 355 1389 149 327 1522 616 931 203 1238 1067 1574 1414 1240 1320 746 473 1120 385 849 170 1897 58 1136 1359 1852 302 343 140 375 118 1834 1842 1026 719 251 || mode=RB method=sk_kmeans solver=filo2 stage=post_ls ls=pyvrp iter=31
2026-03-15 22:32:49 | INFO     | [POOL #01283] 466 56 1671 1338 1052 1771 943 777 1630 1848 671 542 548 427 1818 1565 1283 1030 1888 1494 1465 1381 1441 1544 205 599 1041 1364 445 1843 1267 508 403 525 872 618 859 797 1750 457 1685 444 1307 1594 32 || mode=RB method=sk_kmeans solver=filo2 stage=post_ls ls=pyvrp iter=31
2026-03-15 22:32:49 | INFO     | [POOL #01284] 715 1078 590 108 1916 320 1826 791 985 989 705 311 765 1404 1488 855 1747 505 467 1930 771 1213 1015 1096 1176 1291 1552 1728 169 1692 1866 1820 780 368 253 1524 1363 1227 || mode=RB method=sk_kmeans solver=filo2 stage=post_ls ls=pyvrp iter=31
2026-03-15 22:32:49 | INFO     | [POOL #01285] 1864 850 484 1749 965 1040 1918 1523 1617 91 1379 1168 710 1863 1677 1333 1691 731 750 1233 399 1273 1612 1097 605 510 64 1789 408 1755 396 1556 1250 911 1773 1717 645 365 2 || mode=RB method=sk_kmeans solver=filo2 stage=post_ls ls=pyvrp iter=31
2026-03-15 22:32:49 | INFO     | [POOL #01286] 221 1511 1933 172 127 242 1623 422 1203 1472 234 1401 1301 1919 286 406 449 747 914 1553 202 898 9 1266 774 1500 840 1448 1808 908 120 959 1348 62 1108 1654 326 932 || mode=RB method=sk_kmeans solver=filo2 stage=post_ls ls=pyvrp iter=31
2026-03-15 22:32:49 | INFO     | [POOL #01287] 839 858 1139 424 930 677 317 830 1095 1917 1223 1663 1346 1787 739 1341 1513 939 283 461 1576 1722 1927 1252 1146 1752 836 1065 778 73 1331 268 865 308 1443 176 1631 1222 1891 581 670 188 1376 279 471 1114 1666 || mode=RB method=sk_kmeans solver=filo2 stage=post_ls ls=pyvrp iter=31
2026-03-15 22:32:49 | INFO     | [POOL #01288] 1217 121 1738 1410 1740 391 1258 482 1371 896 558 10 1632 864 240 817 1853 640 102 756 116 629 357 88 976 617 1784 857 1340 1171 1323 837 313 440 1520 219 1786 1748 447 397 || mode=RB method=sk_kmeans solver=filo2 stage=post_ls ls=pyvrp iter=31
2026-03-15 22:32:49 | INFO     | [POOL #01289] 155 1378 947 1690 193 560 813 460 1887 394 653 366 256 557 1294 1214 250 1751 635 1723 321 220 848 781 179 1562 1050 1790 48 869 522 1657 1881 1507 981 1872 973 700 1014 497 1609 1517 1434 1123 721 395 || mode=RB method=sk_kmeans solver=filo2 stage=post_ls ls=pyvrp iter=31
2026-03-15 22:32:49 | INFO     | [POOL #01290] 443 938 341 1883 229 1393 228 643 265 1931 1269 1392 1636 1829 1667 1368 1454 919 1799 388 1038 1706 734 1142 261 194 1655 1173 728 267 1471 1870 762 1739 1637 565 1587 1720 392 21 1558 1374 1093 || mode=RB method=sk_kmeans solver=filo2 stage=post_ls ls=pyvrp iter=31
2026-03-15 22:32:49 | INFO     | [POOL #01291] 243 1028 918 295 398 1568 641 428 1177 887 861 1122 562 980 1766 1224 1737 307 1200 1113 714 1485 1906 990 1312 103 1730 1736 846 324 1620 || mode=RB method=sk_kmeans solver=filo2 stage=post_ls ls=pyvrp iter=31
2026-03-15 22:32:49 | INFO     | [POOL #01292] 1164 517 233 433 323 441 1111 86 626 1639 15 144 1347 1827 873 1856 545 606 1286 1865 724 1279 1819 744 971 1350 1237 900 827 438 1272 1185 1226 124 1741 1684 160 853 810 1433 354 1719 1020 1724 1778 936 877 1035 333 || mode=RB method=sk_kmeans solver=filo2 stage=post_ls ls=pyvrp iter=31
2026-03-15 22:32:49 | INFO     | [POOL #01293] 1712 1624 1385 974 139 384 349 897 337 1540 417 1342 1343 166 950 718 955 1774 329 1656 964 594 609 1697 225 184 1721 1188 1915 1618 1105 1854 1583 1288 409 1013 1836 1275 350 || mode=RB method=sk_kmeans solver=filo2 stage=post_ls ls=pyvrp iter=31
2026-03-15 22:32:49 | INFO     | [POOL #01294] 847 1277 1508 815 105 1386 1027 1070 489 709 493 1249 1503 1550 763 451 685 53 960 1815 1077 1726 633 1833 923 65 929 889 1278 496 767 1018 298 697 1641 1596 || mode=RB method=sk_kmeans solver=filo2 stage=post_ls ls=pyvrp iter=31
2026-03-15 22:32:49 | INFO     | [POOL #01295] 1418 917 1695 437 695 319 1169 899 281 1579 1356 555 678 561 1794 474 1281 925 310 928 1772 667 41 378 1248 1148 351 957 1094 318 628 988 217 801 1547 1006 117 944 742 902 563 1409 196 || mode=RB method=sk_kmeans solver=filo2 stage=post_ls ls=pyvrp iter=31
2026-03-15 22:32:49 | INFO     | [POOL #01296] 4 1154 788 1658 903 1882 1679 607 921 192 632 386 534 1293 1202 807 300 954 67 711 353 138 30 87 1143 958 533 1400 1563 266 1640 171 1502 1174 1064 1867 258 588 892 1391 905 1487 851 1884 1493 983 || mode=RB method=sk_kmeans solver=filo2 stage=post_ls ls=pyvrp iter=31
2026-03-15 22:32:49 | INFO     | [POOL #01297] 966 348 1424 642 552 1280 729 181 924 682 1468 1581 952 75 1137 130 414 569 1670 687 1372 1170 1121 1512 178 1450 3 260 1756 241 131 244 1446 636 802 1554 387 115 1770 1215 1439 || mode=RB method=sk_kmeans solver=filo2 stage=post_ls ls=pyvrp iter=31
2026-03-15 22:32:49 | INFO     | [POOL #01298] 1423 507 1145 1182 1780 521 1205 1555 285 991 1535 1311 1047 346 1160 694 486 798 598 1264 1141 1334 937 1125 1380 530 182 706 1019 1053 1048 658 1072 292 878 1610 1742 189 1664 1037 1042 132 1428 587 1543 1285 39 1788 97 995 693 || mode=RB method=sk_kmeans solver=filo2 stage=post_ls ls=pyvrp iter=31
2026-03-15 22:32:49 | INFO     | [POOL #01299] 894 364 1130 578 1651 288 619 1261 1686 680 515 272 1482 405 1509 277 145 1648 436 993 759 63 1733 415 237 1216 123 1247 248 1536 1329 13 913 1068 1282 608 1702 347 1306 1577 1197 1251 844 1810 977 1178 187 624 716 195 || mode=RB method=sk_kmeans solver=filo2 stage=post_ls ls=pyvrp iter=31
2026-03-15 22:32:49 | INFO     | [POOL #01300] 114 1886 649 1199 1625 57 1002 1814 772 328 644 1514 1621 513 792 230 1643 528 745 1669 782 1925 463 650 940 80 303 481 1840 1063 35 669 112 1131 157 421 322 1466 222 1032 || mode=RB method=sk_kmeans solver=filo2 stage=post_ls ls=pyvrp iter=31
2026-03-15 22:32:49 | INFO     | [POOL #01301] 246 448 660 94 1190 1290 490 1383 814 60 110 1417 1349 1822 776 1478 874 1732 1704 1477 833 455 738 499 61 380 1498 755 502 358 500 92 942 512 825 1680 299 1326 881 760 1761 1180 1080 828 || mode=RB method=sk_kmeans solver=filo2 stage=post_ls ls=pyvrp iter=31
2026-03-15 22:32:49 | INFO     | [POOL #01302] 654 834 259 263 1451 1298 1898 374 732 1860 1268 309 1257 674 1033 1303 488 926 1447 1073 1276 1611 204 1701 1572 1714 1809 1246 1116 287 1731 785 823 1022 109 1582 948 331 || mode=RB method=sk_kmeans solver=filo2 stage=post_ls ls=pyvrp iter=31
2026-03-15 22:32:49 | INFO     | [POOL #01303] 602 1260 1207 216 1005 1805 634 1876 675 1483 314 1129 26 148 46 418 884 1765 1158 652 191 504 1715 11 935 1725 476 485 492 547 275 994 207 1449 982 663 1718 961 || mode=RB method=sk_kmeans solver=filo2 stage=post_ls ls=pyvrp iter=31
2026-03-15 22:32:49 | INFO     | [POOL #01304] 532 805 1844 1700 1571 668 820 651 1089 1597 1653 1206 1675 213 1181 232 1179 1196 1489 621 1896 439 1549 1642 821 1271 630 334 1816 1890 580 104 1187 1859 1757 284 1353 1104 1569 1074 || mode=RB method=sk_kmeans solver=filo2 stage=post_ls ls=pyvrp iter=31
2026-03-15 22:32:49 | INFO     | [POOL #01305] 352 1284 720 768 1075 1795 1601 1373 137 1025 523 1335 822 200 600 223 1163 1647 627 1259 1830 647 999 648 411 1626 20 161 856 1505 19 1672 1696 1324 639 698 1831 1481 1092 968 82 1584 1551 113 963 454 1220 1397 || mode=RB method=sk_kmeans solver=filo2 stage=post_ls ls=pyvrp iter=31
2026-03-15 22:32:49 | INFO     | [POOL #01306] 1277 1508 815 1385 105 1386 1027 1070 489 709 929 889 923 65 763 1550 685 451 53 960 1815 1503 493 1249 565 1637 1587 1720 392 21 1558 1374 1093 847 || mode=VB method=sk_kmeans solver=filo2 stage=post_ls ls=pyvrp iter=32
2026-03-15 22:32:49 | INFO     | [POOL #01307] 243 1028 1378 918 295 947 1690 398 1568 641 428 1177 193 1200 307 810 853 160 1766 1224 1737 980 562 1122 861 887 323 617 1784 857 1340 1171 433 233 517 1164 397 || mode=VB method=sk_kmeans solver=filo2 stage=post_ls ls=pyvrp iter=32
2026-03-15 22:32:49 | INFO     | [POOL #01308] 419 754 1453 1394 1928 1739 762 1870 1471 267 728 261 1142 734 1706 1038 388 1799 1751 635 1723 321 220 250 1214 1294 557 256 366 594 609 1697 225 184 1721 1188 1915 1618 1105 1288 409 1013 || mode=VB method=sk_kmeans solver=filo2 stage=post_ls ls=pyvrp iter=32
2026-03-15 22:32:49 | INFO     | [POOL #01309] 1748 839 858 441 1639 15 1347 1827 873 1856 545 606 1286 1865 724 1279 1819 744 971 1350 1237 900 827 438 1272 653 394 1185 1226 124 1741 1684 1887 460 813 560 1433 354 1113 714 1020 1724 1778 936 || mode=VB method=sk_kmeans solver=filo2 stage=post_ls ls=pyvrp iter=32
2026-03-15 22:32:49 | INFO     | [POOL #01310] 1032 395 721 348 1424 1434 1517 1609 497 1014 700 981 1872 973 308 865 268 1331 73 778 1065 1050 1252 1146 1752 836 401 611 1753 494 676 33 1017 1443 176 1631 1222 188 1376 279 471 1114 1666 || mode=VB method=sk_kmeans solver=filo2 stage=post_ls ls=pyvrp iter=32
2026-03-15 22:32:49 | INFO     | [POOL #01311] 333 1035 877 1836 897 337 1343 166 950 718 955 1774 329 1656 964 1636 1392 1829 1667 1368 1454 919 194 1655 1173 1077 1726 633 1833 1269 1931 265 1278 496 767 1018 298 974 697 1596 || mode=VB method=sk_kmeans solver=filo2 stage=post_ls ls=pyvrp iter=32
2026-03-15 22:32:49 | INFO     | [POOL #01312] 1745 77 538 5 1619 1462 107 301 1330 799 739 1341 1513 939 283 461 1576 1722 1927 848 781 179 1562 1790 48 869 522 1657 1881 1507 181 729 1280 552 642 1123 1131 112 157 421 322 1466 222 966 || mode=VB method=sk_kmeans solver=filo2 stage=post_ls ls=pyvrp iter=32
2026-03-15 22:32:49 | INFO     | [POOL #01313] 121 1900 595 1811 1589 986 1767 601 400 29 1398 843 446 1296 864 240 817 1853 640 317 830 1095 1917 1223 1663 1346 1787 1903 44 951 122 344 111 1891 581 670 1645 119 1484 683 688 812 || mode=VB method=sk_kmeans solver=filo2 stage=post_ls ls=pyvrp iter=32
2026-03-15 22:32:49 | INFO     | [POOL #01314] 1620 155 324 846 1736 1730 103 1312 990 1906 1485 1719 1854 1583 1342 417 1540 1393 228 643 229 1883 349 384 341 938 139 1275 443 350 1641 1624 1712 || mode=VB method=sk_kmeans solver=filo2 stage=post_ls ls=pyvrp iter=32
2026-03-15 22:32:49 | INFO     | [POOL #01315] 1217 1738 1410 1740 391 1258 482 1371 896 558 1632 10 424 1139 102 756 930 677 144 626 86 1111 116 629 357 88 976 1323 837 313 440 1520 219 1786 447 || mode=VB method=sk_kmeans solver=filo2 stage=post_ls ls=pyvrp iter=32
2026-03-15 22:32:49 | INFO     | [POOL #01316] 40 470 1361 90 72 961 602 909 17 748 269 1106 136 661 96 526 1796 895 1308 753 1606 631 1561 1109 831 1638 1735 537 1792 503 1436 871 885 783 332 1245 || mode=VB method=sk_kmeans solver=filo2 stage=post_ls ls=pyvrp iter=32
2026-03-15 22:32:49 | INFO     | [POOL #01317] 454 1661 1744 245 1497 306 1837 1419 1871 1857 1118 1812 1365 1230 1370 1763 464 1705 465 1328 1456 1455 135 614 1590 407 835 430 518 1824 824 1564 1893 582 158 || mode=VB method=sk_kmeans solver=filo2 stage=post_ls ls=pyvrp iter=32
2026-03-15 22:32:49 | INFO     | [POOL #01318] 1635 356 452 1525 74 625 1103 1243 1846 45 66 226 1878 1165 1305 54 1295 1036 906 1832 1845 997 1270 276 876 78 362 972 480 342 784 1060 556 412 516 1289 757 370 || mode=VB method=sk_kmeans solver=filo2 stage=post_ls ls=pyvrp iter=32
2026-03-15 22:32:49 | INFO     | [POOL #01319] 1566 37 84 340 1445 1821 1673 867 1687 1615 1119 254 845 1473 1461 1218 1208 574 1528 159 1390 1567 1707 1299 1586 1336 769 758 278 1908 949 1698 14 1029 882 1395 434 238 708 1911 1039 || mode=VB method=sk_kmeans solver=filo2 stage=post_ls ls=pyvrp iter=32
2026-03-15 22:32:49 | INFO     | [POOL #01320] 659 1262 998 165 42 1088 377 483 22 699 1588 371 1162 1646 1573 1828 953 1802 373 1851 596 1531 186 345 576 1595 615 1059 577 712 637 1875 1056 749 730 684 290 180 360 1545 1668 1351 1415 1024 1768 249 1265 173 || mode=VB method=sk_kmeans solver=filo2 stage=post_ls ls=pyvrp iter=32
2026-03-15 22:32:49 | INFO     | [POOL #01321] 803 1785 717 579 794 549 664 1149 59 686 282 1775 1045 610 1229 1314 1674 564 198 1007 1159 1608 506 1367 1253 1435 1783 1879 1570 886 423 726 1167 1211 1399 1236 1470 1708 589 620 1592 707 477 || mode=VB method=sk_kmeans solver=filo2 stage=post_ls ls=pyvrp iter=32
2026-03-15 22:32:49 | INFO     | [POOL #01322] 1195 546 312 910 838 1529 992 1235 1107 1877 1421 431 51 1479 1874 1138 1234 1345 177 1688 1 761 1016 725 1086 1420 293 597 23 1776 8 956 432 1084 1490 1899 1066 381 379 656 583 || mode=VB method=sk_kmeans solver=filo2 stage=post_ls ls=pyvrp iter=32
2026-03-15 22:32:49 | INFO     | [POOL #01323] 1476 1184 733 1098 1480 43 1754 1360 1557 128 81 1100 967 315 527 498 1031 27 164 1652 1344 1209 1313 1127 1838 100 404 262 1676 209 52 1115 1377 1798 1405 612 1817 638 1099 231 168 586 567 || mode=VB method=sk_kmeans solver=filo2 stage=post_ls ls=pyvrp iter=32
2026-03-15 22:32:49 | INFO     | [POOL #01324] 1221 603 36 704 1112 359 270 524 1407 1354 1087 916 83 1009 1914 691 151 1614 1369 1186 330 572 208 1124 1325 1429 450 826 1147 162 47 879 901 1046 1132 1411 1011 800 1406 692 1117 520 984 1693 28 570 || mode=VB method=sk_kmeans solver=filo2 stage=post_ls ls=pyvrp iter=32
2026-03-15 22:32:49 | INFO     | [POOL #01325] 1559 1008 1560 1430 1521 907 1895 1467 808 99 69 215 868 915 1337 469 1841 156 101 737 1607 1012 239 1532 662 1575 1613 1665 1244 106 904 941 316 197 1801 809 1600 787 472 571 190 296 804 1156 || mode=VB method=sk_kmeans solver=filo2 stage=post_ls ls=pyvrp iter=32
2026-03-15 22:32:49 | INFO     | [POOL #01326] 1309 1315 79 766 1580 1506 475 1803 1425 673 367 1321 1782 604 723 1302 1538 880 16 912 1175 1412 402 550 235 1909 1023 1001 1193 1402 1438 832 969 1869 495 1332 1172 1083 1219 690 1926 1901 793 1231 1101 || mode=VB method=sk_kmeans solver=filo2 stage=post_ls ls=pyvrp iter=32
2026-03-15 22:32:49 | INFO     | [POOL #01327] 1542 413 575 888 1010 1287 31 93 1155 1422 339 996 1126 702 1388 789 1510 1055 325 1408 934 1362 1804 1021 1327 1152 1318 1813 453 1057 426 1403 875 1910 25 18 735 291 34 1662 1495 175 1825 701 1504 1292 201 || mode=VB method=sk_kmeans solver=filo2 stage=post_ls ls=pyvrp iter=32
2026-03-15 22:32:49 | INFO     | [POOL #01328] 883 372 1599 713 786 922 529 1681 773 1432 1605 1085 304 1923 1880 1533 666 1492 743 363 584 85 1759 1239 1924 863 1793 1905 613 257 141 1384 68 361 1602 1357 1444 264 459 76 || mode=VB method=sk_kmeans solver=filo2 stage=post_ls ls=pyvrp iter=32
2026-03-15 22:32:49 | INFO     | [POOL #01329] 590 108 866 1916 320 1339 1826 791 985 989 705 311 1750 765 1404 505 1747 855 1488 797 508 1267 1843 445 1364 1041 599 205 1544 1441 1381 1565 1818 548 427 790 1358 1855 1847 679 1904 509 64 1622 255 425 || mode=VB method=sk_kmeans solver=filo2 stage=post_ls ls=pyvrp iter=32
2026-03-15 22:32:49 | INFO     | [POOL #01330] 1054 890 1894 736 1051 543 1913 1469 1474 185 501 1366 420 893 473 746 1320 1240 1414 1574 1067 1120 385 849 1238 170 1779 1090 1729 1526 1678 1546 696 1150 1800 1043 623 751 1634 50 1912 1192 || mode=VB method=sk_kmeans solver=filo2 stage=post_ls ls=pyvrp iter=32
2026-03-15 22:32:49 | INFO     | [POOL #01331] 860 541 1885 1709 183 1382 1003 1862 593 536 1603 1263 336 1310 491 435 49 218 1806 585 1743 1133 1457 727 129 1140 551 764 1319 979 544 1491 1452 1769 442 1225 752 1807 927 355 1649 152 1401 1623 1933 || mode=VB method=sk_kmeans solver=filo2 stage=post_ls ls=pyvrp iter=32
2026-03-15 22:32:49 | INFO     | [POOL #01332] 1773 911 1250 1556 1755 134 408 1789 1387 1004 510 605 1058 1097 1612 1273 153 399 1233 750 731 962 1797 396 70 933 741 645 365 2 || mode=VB method=sk_kmeans solver=filo2 stage=post_ls ls=pyvrp iter=32
2026-03-15 22:32:49 | INFO     | [POOL #01333] 1864 221 850 1511 484 1749 965 1040 1918 1523 1617 91 1379 1168 1442 862 468 383 1873 1472 234 840 774 1500 1448 1808 908 120 959 1348 62 1108 1654 326 932 1352 || mode=VB method=sk_kmeans solver=filo2 stage=post_ls ls=pyvrp iter=32
2026-03-15 22:32:49 | INFO     | [POOL #01334] 211 568 1081 1591 38 710 1863 1677 1691 1333 294 1683 1475 1304 271 655 1861 770 1835 289 553 539 1496 1338 169 1692 1866 1820 780 368 253 1524 1363 1227 1717 || mode=VB method=sk_kmeans solver=filo2 stage=post_ls ls=pyvrp iter=32
2026-03-15 22:32:49 | INFO     | [POOL #01335] 1699 174 870 172 127 242 422 1203 1266 9 898 1301 1919 286 406 747 449 1389 149 327 1522 616 931 203 1897 58 1136 1359 1852 914 1553 202 302 343 140 375 118 1834 1842 1026 719 251 150 1629 535 || mode=VB method=sk_kmeans solver=filo2 stage=post_ls ls=pyvrp iter=32
2026-03-15 22:32:49 | INFO     | [POOL #01336] 1423 507 1145 1658 513 792 230 1643 528 1679 607 921 192 87 30 1143 958 533 138 353 711 67 954 300 530 182 706 1019 1048 1053 878 1610 1742 189 1664 1037 1042 132 474 1794 561 678 555 1356 899 1487 851 1884 1625 894 || mode=VB method=sk_kmeans solver=filo2 stage=post_ls ls=pyvrp iter=32
2026-03-15 22:32:49 | INFO     | [POOL #01337] 975 195 716 1178 977 1349 1822 1478 776 1577 1306 347 738 499 61 608 1282 1068 913 13 1329 1536 248 1247 123 1216 237 415 1733 63 759 993 1498 755 380 1702 1326 299 881 1197 1251 844 1810 1180 || mode=VB method=sk_kmeans solver=filo2 stage=post_ls ls=pyvrp iter=32
2026-03-15 22:32:49 | INFO     | [POOL #01338] 1439 115 387 1554 1840 481 303 802 636 1446 244 131 1925 782 241 463 1756 991 1535 3 260 650 940 80 1121 1512 1450 178 1170 1372 687 1670 569 414 130 1137 75 952 1581 1468 682 924 1063 35 669 || mode=VB method=sk_kmeans solver=filo2 stage=post_ls ls=pyvrp iter=32
2026-03-15 22:32:49 | INFO     | [POOL #01339] 660 94 1190 1426 1204 859 403 525 872 618 591 6 236 210 1189 622 1823 1458 1889 89 146 455 1477 833 874 1732 1704 1396 1515 1530 1604 1191 657 163 1539 154 490 1290 740 || mode=VB method=sk_kmeans solver=filo2 stage=post_ls ls=pyvrp iter=32
2026-03-15 22:32:49 | INFO     | [POOL #01340] 1418 983 364 1130 578 695 1651 319 1169 1547 801 217 988 515 272 378 41 145 928 1772 667 1248 942 92 500 502 358 512 825 1680 1148 351 957 1094 318 628 760 1761 1006 117 944 742 437 1695 917 || mode=VB method=sk_kmeans solver=filo2 stage=post_ls ls=pyvrp iter=32
2026-03-15 22:32:49 | INFO     | [POOL #01341] 1078 246 448 227 1000 1232 1644 1297 1650 1440 1791 1416 1355 1417 110 60 814 1383 187 624 1080 902 563 828 1409 196 715 || mode=VB method=sk_kmeans solver=filo2 stage=post_ls ls=pyvrp iter=32
2026-03-15 22:32:49 | INFO     | [POOL #01342] 114 1886 649 1199 995 57 1002 1814 1788 39 905 1391 892 281 1285 1579 1543 587 1428 1400 1563 266 1640 171 1502 1174 588 258 1867 1064 1882 903 1621 1514 644 328 772 97 788 1154 4 693 || mode=VB method=sk_kmeans solver=filo2 stage=post_ls ls=pyvrp iter=32
2026-03-15 22:32:49 | INFO     | [POOL #01343] 1493 288 619 1261 1686 680 1482 405 1509 277 1281 925 310 1648 436 292 1072 658 1334 937 1125 1380 798 1141 1264 598 486 694 1160 346 1047 1311 534 1293 807 1202 386 632 285 1555 1669 1205 745 521 1780 1182 1770 1215 || mode=VB method=sk_kmeans solver=filo2 stage=post_ls ls=pyvrp iter=32
2026-03-15 22:32:49 | INFO     | [POOL #01344] 1260 532 216 1005 1700 1571 668 104 580 1890 1816 1089 945 1597 1653 1206 1675 213 1181 1896 621 439 1549 1642 1271 630 334 418 884 1765 46 148 26 1129 1483 314 1187 1859 1757 1805 284 1353 1104 1569 || mode=VB method=sk_kmeans solver=filo2 stage=post_ls ls=pyvrp iter=32
2026-03-15 22:32:49 | INFO     | [POOL #01345] 1074 1207 805 1844 24 1194 811 1892 1716 681 212 274 376 338 462 841 970 1135 224 511 71 458 214 305 891 247 1849 1548 703 795 393 1061 1929 854 554 1598 566 1198 1518 143 1628 1076 335 382 1431 12 || mode=VB method=sk_kmeans solver=filo2 stage=post_ls ls=pyvrp iter=32
2026-03-15 22:32:49 | INFO     | [POOL #01346] 1718 259 663 982 1449 207 994 1033 674 1257 1303 485 476 1725 1715 11 935 1447 926 488 1073 309 1268 1860 732 374 1898 1298 1451 263 785 823 1022 109 1582 948 || mode=VB method=sk_kmeans solver=filo2 stage=post_ls ls=pyvrp iter=32
2026-03-15 22:32:49 | INFO     | [POOL #01347] 429 1659 646 98 1585 1128 1413 1062 1858 199 1144 1464 1537 456 842 1501 1839 55 206 1212 818 1166 142 125 1256 796 1734 829 1228 1760 1781 390 1044 1578 1534 1300 987 1499 1134 1762 1694 1034 1427 || mode=VB method=sk_kmeans solver=filo2 stage=post_ls ls=pyvrp iter=32
2026-03-15 22:32:49 | INFO     | [POOL #01348] 1758 722 1437 1660 1069 297 1486 1459 487 1210 478 1322 1375 1920 1079 651 820 389 273 819 1082 1463 280 126 232 1179 1196 1489 821 191 504 652 1158 492 547 275 675 1876 634 834 654 || mode=VB method=sk_kmeans solver=filo2 stage=post_ls ls=pyvrp iter=32
2026-03-15 22:32:49 | INFO     | [POOL #01349] 331 1397 1241 1220 720 768 1795 1601 1584 82 968 411 648 999 1626 20 647 1830 1259 223 627 1647 1163 1572 1701 204 1276 1611 1714 1809 1116 287 1246 600 200 822 1731 523 1335 1025 137 1373 1075 1284 352 || mode=VB method=sk_kmeans solver=filo2 stage=post_ls ls=pyvrp iter=32
2026-03-15 22:32:49 | INFO     | [POOL #01350] 1260 532 805 1844 1700 1375 1322 1920 1079 651 820 389 945 1089 1597 1653 1206 1675 213 1181 1463 1082 819 273 681 1716 1892 811 1194 478 1210 24 487 1459 1486 1069 1660 1427 1758 1054 || mode=RB method=sk_kmeans solver=filo1 stage=post_ls ls=pyvrp iter=33
2026-03-15 22:32:49 | INFO     | [POOL #01351] 722 1437 1034 1694 1762 297 987 1300 1534 1578 1044 1781 390 854 1929 1061 212 274 376 280 126 232 1179 1196 1489 621 1896 439 1549 1642 821 1271 630 334 1816 1890 580 104 668 1571 1859 1757 1005 216 1207 1074 || mode=RB method=sk_kmeans solver=filo1 stage=post_ls ls=pyvrp iter=33
2026-03-15 22:32:49 | INFO     | [POOL #01352] 1666 1114 471 279 1376 188 670 581 1891 1222 1631 176 1443 1017 33 676 494 308 865 268 1331 73 778 1065 1252 1146 1752 836 1753 401 611 799 1330 301 107 344 111 1462 1619 5 538 1645 119 77 1484 || mode=RB method=sk_kmeans solver=filo1 stage=post_ls ls=pyvrp iter=33
2026-03-15 22:32:49 | INFO     | [POOL #01353] 243 1028 918 295 398 1568 641 428 1177 1122 562 980 15 1639 626 86 441 861 887 323 617 976 1784 857 1340 1171 433 313 440 1520 219 1786 1738 1900 1745 683 688 812 || mode=RB method=sk_kmeans solver=filo1 stage=post_ls ls=pyvrp iter=33
2026-03-15 22:32:49 | INFO     | [POOL #01354] 155 324 846 1736 1730 103 1312 990 1906 193 1200 307 1737 1224 1766 1827 1286 1865 724 606 545 1856 873 1347 144 1111 116 629 357 88 1323 837 233 517 1164 397 || mode=RB method=sk_kmeans solver=filo1 stage=post_ls ls=pyvrp iter=33
2026-03-15 22:32:49 | INFO     | [POOL #01355] 1217 121 1410 1740 391 1258 482 1371 896 558 10 1632 864 1853 640 817 240 1787 1346 1663 461 1576 283 939 1513 1341 739 951 44 1903 1296 122 446 843 1398 29 400 601 1767 986 1589 1811 595 || mode=RB method=sk_kmeans solver=filo1 stage=post_ls ls=pyvrp iter=33
2026-03-15 22:32:49 | INFO     | [POOL #01356] 1378 947 1690 714 1113 813 460 1887 394 653 366 256 557 1294 1214 250 1751 635 1723 321 220 1722 1927 848 781 179 1562 1050 1790 48 869 522 1657 1881 1507 981 1872 973 700 1014 497 1609 1517 1434 1123 721 395 || mode=RB method=sk_kmeans solver=filo1 stage=post_ls ls=pyvrp iter=33
2026-03-15 22:32:49 | INFO     | [POOL #01357] 447 1748 839 858 1139 424 102 756 930 677 317 1223 1917 1095 830 1819 1279 744 971 1350 1237 900 827 438 1272 1185 1226 124 1741 1684 160 853 810 1433 560 354 1719 1485 1020 1724 1778 936 1035 333 1620 || mode=RB method=sk_kmeans solver=filo1 stage=post_ls ls=pyvrp iter=33
2026-03-15 22:32:49 | INFO     | [POOL #01358] 114 649 1199 57 1002 1814 1788 39 905 1391 892 1285 588 1174 1502 1428 1400 1563 266 533 138 353 711 67 954 182 530 300 807 1202 1293 534 386 87 30 1143 958 1640 171 1064 1867 258 644 328 772 97 995 693 || mode=RB method=sk_kmeans solver=filo1 stage=post_ls ls=pyvrp iter=33
2026-03-15 22:32:49 | INFO     | [POOL #01359] 195 716 624 187 1178 977 1810 844 1251 1197 1577 1306 347 608 1282 1068 913 13 1329 1536 248 1247 123 1216 237 415 1733 63 759 993 436 1648 310 925 1281 277 1509 405 561 555 1356 899 1487 851 1884 1493 894 || mode=RB method=sk_kmeans solver=filo1 stage=post_ls ls=pyvrp iter=33
2026-03-15 22:32:49 | INFO     | [POOL #01360] 788 1514 1621 903 1882 1679 607 1311 1047 346 1160 694 486 598 1264 1141 798 1380 1125 937 1334 1019 706 1053 1048 658 1072 292 878 1610 1742 189 1664 1037 1042 132 474 1794 678 587 1543 1579 281 1625 1886 || mode=RB method=sk_kmeans solver=filo1 stage=post_ls ls=pyvrp iter=33
2026-03-15 22:32:49 | INFO     | [POOL #01361] 40 1221 1243 603 882 1029 1315 14 1305 54 1036 1295 766 1218 1208 1390 1567 1707 1299 1586 1336 769 758 278 1908 949 1698 36 43 1754 1480 1395 434 238 708 74 356 || mode=RB method=sk_kmeans solver=filo1 stage=post_ls ls=pyvrp iter=33
2026-03-15 22:32:49 | INFO     | [POOL #01362] 1156 704 1112 359 1407 472 787 1600 809 1801 197 316 941 904 604 723 1665 1244 1613 1575 1302 1538 880 16 912 1023 1327 1321 1782 367 673 1425 1803 475 1506 571 190 296 804 79 || mode=RB method=sk_kmeans solver=filo1 stage=post_ls ls=pyvrp iter=33
2026-03-15 22:32:49 | INFO     | [POOL #01363] 1635 1476 1039 1911 567 1184 733 1098 231 1360 1557 128 81 1100 967 315 270 524 1087 1354 916 27 1031 527 498 1798 1377 1115 612 1817 638 1099 692 1406 1117 168 586 984 1693 28 || mode=RB method=sk_kmeans solver=filo1 stage=post_ls ls=pyvrp iter=33
2026-03-15 22:32:49 | INFO     | [POOL #01364] 173 803 1785 717 1024 1415 1351 1668 1545 360 180 290 684 730 749 1056 1875 637 712 577 1059 615 1595 576 345 186 1531 596 1851 373 1467 808 99 330 572 208 1124 1325 1429 450 1895 1802 953 1828 907 1521 1573 1646 570 || mode=RB method=sk_kmeans solver=filo1 stage=post_ls ls=pyvrp iter=33
2026-03-15 22:32:49 | INFO     | [POOL #01365] 477 1592 620 589 1399 1211 1167 726 423 886 1570 1879 371 1162 1430 1011 1411 1132 1046 901 879 47 162 1147 826 1838 1127 1313 1209 1344 1652 100 404 262 1676 209 52 800 1560 1008 1236 1470 1708 1559 707 || mode=RB method=sk_kmeans solver=filo1 stage=post_ls ls=pyvrp iter=33
2026-03-15 22:32:49 | INFO     | [POOL #01366] 37 84 340 1673 867 1615 1119 254 845 1473 1461 574 1528 159 1580 1388 702 1057 453 789 1510 1055 325 1408 934 1362 1804 1021 1152 1318 1813 875 1403 426 996 1126 339 1422 1155 93 31 1687 1445 || mode=RB method=sk_kmeans solver=filo1 stage=post_ls ls=pyvrp iter=33
2026-03-15 22:32:49 | INFO     | [POOL #01367] 520 1405 164 83 1009 1914 691 151 1614 1369 1186 69 215 868 106 915 1337 469 1841 156 101 737 662 1532 239 1012 1607 1412 1175 1909 402 550 235 1001 1193 1910 25 18 735 291 34 1662 1495 175 1825 701 1504 413 1542 || mode=RB method=sk_kmeans solver=filo1 stage=post_ls ls=pyvrp iter=33
2026-03-15 22:32:49 | INFO     | [POOL #01368] 425 1797 255 1622 1110 1496 539 553 289 509 1904 679 1847 1855 1358 1201 133 920 689 1921 519 790 435 1310 491 336 1263 1603 536 593 655 271 1304 1475 1683 294 183 468 1442 1885 541 860 211 || mode=RB method=sk_kmeans solver=filo1 stage=post_ls ls=pyvrp iter=33
2026-03-15 22:32:49 | INFO     | [POOL #01369] 932 326 1654 1108 62 1348 959 120 908 1808 1448 1500 774 840 234 1472 1873 383 1709 1677 1333 1691 1863 710 1168 1379 91 1617 1523 1918 1040 965 1749 484 1511 850 221 1864 || mode=RB method=sk_kmeans solver=filo1 stage=post_ls ls=pyvrp iter=33
2026-03-15 22:32:49 | INFO     | [POOL #01370] 1933 127 242 422 1203 1401 1301 1919 286 406 1389 752 1225 1491 544 979 1319 764 551 1140 129 727 1457 1133 1743 585 1806 49 218 1452 1769 442 1807 927 355 1649 152 1862 1003 1382 862 870 174 || mode=RB method=sk_kmeans solver=filo1 stage=post_ls ls=pyvrp iter=33
2026-03-15 22:32:49 | INFO     | [POOL #01371] 251 719 1026 1842 1834 118 375 140 343 302 1852 1359 1136 58 1897 170 849 385 1120 473 746 1320 1240 1414 1574 1067 1238 203 931 616 1522 327 149 449 747 914 1553 202 898 9 1266 1623 172 1699 || mode=RB method=sk_kmeans solver=filo1 stage=post_ls ls=pyvrp iter=33
2026-03-15 22:32:49 | INFO     | [POOL #01372] 715 2 365 645 1773 741 933 70 911 1250 1556 396 1755 134 408 1789 1387 64 1004 510 605 1058 1835 770 1861 1097 1612 1273 153 399 1233 750 731 962 38 1591 1081 568 || mode=RB method=sk_kmeans solver=filo1 stage=post_ls ls=pyvrp iter=33
2026-03-15 22:32:49 | INFO     | [POOL #01373] 582 76 1564 824 1824 518 430 835 1101 431 51 1479 1234 1456 1328 1705 464 806 1763 1370 1230 1365 1746 1593 852 147 1616 1907 1837 946 167 1151 7 1254 252 312 546 1195 72 || mode=RB method=sk_kmeans solver=filo1 stage=post_ls ls=pyvrp iter=33
2026-03-15 22:32:49 | INFO     | [POOL #01374] 583 656 379 1066 1899 1490 1084 432 956 8 1776 23 597 1681 293 773 1432 1420 1086 725 1016 761 1 1688 177 1345 793 1231 1455 135 614 1590 407 264 459 883 1893 158 || mode=RB method=sk_kmeans solver=filo1 stage=post_ls ls=pyvrp iter=33
2026-03-15 22:32:49 | INFO     | [POOL #01375] 372 1444 1357 1602 361 68 1384 141 257 613 1905 1793 863 1924 1332 495 1869 969 832 1402 1438 1239 1759 85 584 363 743 1492 666 1533 1880 1923 304 1085 1605 529 922 786 713 1599 381 1292 201 || mode=RB method=sk_kmeans solver=filo1 stage=post_ls ls=pyvrp iter=33
2026-03-15 22:32:49 | INFO     | [POOL #01376] 978 910 838 1529 992 1235 1107 1877 1421 1874 1138 465 1901 1926 690 1219 1083 1172 1868 1727 479 1242 1711 1157 1460 816 559 1161 592 1274 573 672 665 1812 1118 1857 1871 1419 306 1497 245 1744 1661 1241 || mode=RB method=sk_kmeans solver=filo1 stage=post_ls ls=pyvrp iter=33
2026-03-15 22:32:49 | INFO     | [POOL #01377] 1164 1748 517 233 433 641 887 861 1122 562 980 15 1639 626 86 1111 116 756 102 930 677 317 830 1095 1917 1223 817 240 640 1853 864 1296 122 446 843 1398 29 400 601 1767 1410 1738 1217 || mode=RB method=sk_ac_avg solver=filo1 stage=post_ls ls=pyvrp iter=34
2026-03-15 22:32:49 | INFO     | [POOL #01378] 121 1900 77 538 5 1619 1462 111 344 107 301 1330 951 44 1903 1787 1346 1663 461 1576 283 939 1513 1341 739 799 611 401 1753 494 676 33 1017 1443 176 1631 1222 1891 581 670 1645 1376 279 471 1114 1666 || mode=RB method=sk_ac_avg solver=filo1 stage=post_ls ls=pyvrp iter=34
2026-03-15 22:32:49 | INFO     | [POOL #01379] 847 1277 1508 815 105 1386 1027 1070 489 709 493 1249 1503 1815 960 53 451 685 1550 763 65 923 929 889 1278 643 228 1393 229 1883 341 938 139 974 1385 1624 1712 || mode=RB method=sk_ac_avg solver=filo1 stage=post_ls ls=pyvrp iter=34
2026-03-15 22:32:49 | INFO     | [POOL #01380] 683 1484 119 188 1434 1517 1609 497 1014 308 865 268 1331 73 778 1065 836 1752 1146 1252 1927 1722 250 1214 1294 557 256 366 653 594 609 1697 225 184 1721 1188 166 417 1540 337 897 349 384 1275 || mode=RB method=sk_ac_avg solver=filo1 stage=post_ls ls=pyvrp iter=34
2026-03-15 22:32:49 | INFO     | [POOL #01381] 443 1836 1013 409 1288 1342 1343 950 718 955 1774 329 1656 964 1636 1392 1829 1667 1368 1454 919 194 1655 1173 1077 1726 633 1833 1269 265 1931 496 767 1018 298 697 350 1641 1596 || mode=RB method=sk_ac_avg solver=filo1 stage=post_ls ls=pyvrp iter=34
2026-03-15 22:32:49 | INFO     | [POOL #01382] 1093 1374 1558 21 392 1720 1587 565 1637 1739 762 1870 1471 267 728 261 1142 734 1706 1038 388 1799 1751 635 1723 321 220 848 781 179 1562 1050 1790 48 869 522 1657 1881 1507 981 1872 973 700 1123 721 395 || mode=RB method=sk_ac_avg solver=filo1 stage=post_ls ls=pyvrp iter=34
2026-03-15 22:32:49 | INFO     | [POOL #01383] 243 397 447 1786 219 1520 440 313 837 1323 1171 1340 857 1784 617 976 88 357 629 1139 424 10 1632 558 896 1371 482 1258 391 1740 986 1589 1811 595 1745 688 812 || mode=RB method=sk_ac_avg solver=filo1 stage=post_ls ls=pyvrp iter=34
2026-03-15 22:32:49 | INFO     | [POOL #01384] 1028 1378 918 295 947 1730 1690 398 1568 428 1177 193 1200 307 1737 1224 1766 160 853 810 1433 560 354 1113 714 1719 1485 1906 990 1312 103 1736 846 324 155 || mode=RB method=sk_ac_avg solver=filo1 stage=post_ls ls=pyvrp iter=34
2026-03-15 22:32:49 | INFO     | [POOL #01385] 1620 333 1035 877 936 1778 1724 1020 1583 1854 1105 1915 1618 813 460 1887 1684 1741 124 1226 1185 394 1272 438 827 900 1237 1350 971 744 1819 1279 724 1865 1286 606 545 1856 873 1827 1347 144 441 323 858 839 || mode=RB method=sk_ac_avg solver=filo1 stage=post_ls ls=pyvrp iter=34
2026-03-15 22:32:49 | INFO     | [POOL #01386] 1054 748 890 1894 12 382 335 1134 1499 987 1300 1760 1781 390 854 1598 554 1929 1061 212 274 681 1716 1892 811 1194 1044 24 1578 1534 1459 1486 297 1762 1694 1034 1660 1437 722 909 602 || mode=RB method=sk_ac_avg solver=filo1 stage=post_ls ls=pyvrp iter=34
2026-03-15 22:32:49 | INFO     | [POOL #01387] 1074 216 1005 1757 1859 1187 104 580 1890 1816 334 630 1271 821 1642 1549 439 1896 621 1489 1196 1179 232 1181 213 1675 1206 1653 1597 1089 1079 651 820 668 1571 1700 1844 805 1260 || mode=RB method=sk_ac_avg solver=filo1 stage=post_ls ls=pyvrp iter=34
2026-03-15 22:32:49 | INFO     | [POOL #01388] 736 1051 543 429 1431 1076 1628 1734 829 143 1228 1518 1198 566 393 1548 1849 247 305 891 703 795 214 458 71 511 224 1135 970 841 462 338 376 280 126 1463 1082 819 273 945 389 1920 1375 1322 478 1210 487 1069 1427 17 1758 || mode=RB method=sk_ac_avg solver=filo1 stage=post_ls ls=pyvrp iter=34
2026-03-15 22:32:49 | INFO     | [POOL #01389] 583 656 379 381 1066 1490 1084 432 956 8 1776 23 597 1681 293 773 1432 1420 1086 725 1016 761 1 1688 177 1345 793 1231 1455 135 614 1590 407 264 372 883 1893 || mode=RB method=sk_ac_avg solver=filo1 stage=post_ls ls=pyvrp iter=34
2026-03-15 22:32:49 | INFO     | [POOL #01390] 978 910 838 1529 992 1235 1107 1877 1421 431 1874 1138 1705 465 1901 1460 816 559 1161 1727 1157 1711 1242 479 690 1219 1083 1172 1868 592 1274 573 672 665 1812 1118 1857 1871 1419 306 1497 245 1744 1661 1241 || mode=RB method=sk_ac_avg solver=filo1 stage=post_ls ls=pyvrp iter=34
2026-03-15 22:32:49 | INFO     | [POOL #01391] 72 1195 546 312 252 1254 7 1151 167 946 1837 1907 1616 147 852 1593 1746 1365 1230 1370 1763 806 464 1328 1456 1234 1479 51 1101 835 430 459 518 1824 824 1564 76 582 158 || mode=RB method=sk_ac_avg solver=filo1 stage=post_ls ls=pyvrp iter=34
2026-03-15 22:32:49 | INFO     | [POOL #01392] 1599 713 1444 1357 1926 1602 361 68 1384 141 257 613 1905 1793 863 1924 1332 495 1869 969 832 1402 1438 1239 1759 85 584 363 743 1492 666 1533 1880 1923 304 1085 1605 529 922 786 1899 1292 201 || mode=RB method=sk_ac_avg solver=filo1 stage=post_ls ls=pyvrp iter=34
2026-03-15 22:32:49 | INFO     | [POOL #01393] 570 984 520 1117 692 1099 638 1817 612 1115 1377 1798 498 262 404 100 1652 1344 1209 1838 1313 1127 691 151 1614 1369 1186 330 572 208 1124 1325 1429 450 826 1147 47 879 901 1046 1132 1411 1011 1430 1560 1008 1167 1211 || mode=RB method=sk_ac_avg solver=filo1 stage=post_ls ls=pyvrp iter=34
2026-03-15 22:32:49 | INFO     | [POOL #01394] 470 1361 452 1525 74 625 1103 1846 45 1309 603 1395 882 1029 1315 14 949 1698 36 43 1754 231 1098 733 168 1184 567 586 1693 1470 1236 1708 589 620 1592 707 477 || mode=RB method=sk_ac_avg solver=filo1 stage=post_ls ls=pyvrp iter=34
2026-03-15 22:32:49 | INFO     | [POOL #01395] 1566 1165 1832 906 1036 1295 766 1707 1567 1390 190 571 1506 475 1803 1510 1055 325 789 1408 934 453 1318 1813 875 1403 1057 426 291 1422 34 1662 1495 175 1825 480 342 784 1060 575 413 || mode=RB method=sk_ac_avg solver=filo1 stage=post_ls ls=pyvrp iter=34
2026-03-15 22:32:49 | INFO     | [POOL #01396] 1399 726 423 886 1570 1879 371 1162 1646 1573 1521 907 1828 953 1802 1895 1467 373 1851 596 1531 186 345 576 1595 615 1059 577 712 637 1875 1056 749 730 684 290 180 360 1545 1668 1351 1415 1024 717 1785 803 173 || mode=RB method=sk_ac_avg solver=filo1 stage=post_ls ls=pyvrp iter=34
2026-03-15 22:32:49 | INFO     | [POOL #01397] 1635 356 1476 1039 1911 708 238 434 1480 1360 1557 128 81 1100 967 315 27 916 1087 1354 1407 296 804 1299 1586 1336 769 758 278 1908 79 54 1305 1878 226 66 1243 1221 40 || mode=RB method=sk_ac_avg solver=filo1 stage=post_ls ls=pyvrp iter=34
2026-03-15 22:32:49 | INFO     | [POOL #01398] 1156 704 1112 359 270 524 472 1425 673 367 1782 1321 1021 1804 1362 1152 1327 1023 1909 1175 912 723 604 904 941 316 197 1801 809 1600 787 1914 1009 83 164 1031 527 1405 1406 28 || mode=RB method=sk_ac_avg solver=filo1 stage=post_ls ls=pyvrp iter=34
2026-03-15 22:32:49 | INFO     | [POOL #01399] 1559 800 52 209 1676 162 808 99 69 215 868 106 915 1337 469 1841 156 101 737 1607 1012 239 1532 662 1575 1613 1244 1665 1302 1538 880 16 1412 402 550 235 1001 1193 1910 25 18 735 701 1504 || mode=RB method=sk_ac_avg solver=filo1 stage=post_ls ls=pyvrp iter=34
2026-03-15 22:32:49 | INFO     | [POOL #01400] 370 37 84 340 1821 1845 997 1673 867 1687 1615 1119 254 1473 845 1461 1218 1208 574 1528 159 1580 1388 702 1126 996 339 1155 93 31 78 876 276 1270 1287 362 972 1010 888 1445 556 412 516 1289 757 1542 90 || mode=RB method=sk_ac_avg solver=filo1 stage=post_ls ls=pyvrp iter=34
2026-03-15 22:32:49 | INFO     | [POOL #01401] 1418 983 364 1130 1493 1884 851 1487 899 281 1285 1579 1543 587 1356 515 272 1482 405 1509 41 277 1281 925 310 145 928 1772 667 378 1148 957 1094 318 628 760 801 1547 1006 117 944 742 437 1409 || mode=RB method=sk_ac_min solver=filo2 stage=post_ls ls=pyvrp iter=35
2026-03-15 22:32:49 | INFO     | [POOL #01402] 246 448 660 94 1190 1426 490 1383 814 60 110 1417 1822 1478 874 1732 1704 833 1477 1396 1515 1530 1604 1191 1539 163 657 1204 1791 1440 1650 1297 1644 1232 1000 227 1339 866 || mode=RB method=sk_ac_min solver=filo2 stage=post_ls ls=pyvrp iter=35
2026-03-15 22:32:49 | INFO     | [POOL #01403] 348 1424 642 552 1280 729 181 924 682 1468 1581 952 75 1137 130 414 569 1670 687 1372 1170 1121 1512 178 1450 3 260 1756 241 131 244 1446 636 802 521 1780 1554 387 115 1770 1215 1439 || mode=RB method=sk_ac_min solver=filo2 stage=post_ls ls=pyvrp iter=35
2026-03-15 22:32:49 | INFO     | [POOL #01404] 196 828 563 902 1080 1180 1761 844 1251 1197 881 1326 299 1680 825 512 358 92 500 502 755 1498 1282 608 380 1702 61 499 738 347 1306 1577 776 1349 1810 977 1178 187 624 716 195 740 || mode=RB method=sk_ac_min solver=filo2 stage=post_ls ls=pyvrp iter=35
2026-03-15 22:32:49 | INFO     | [POOL #01405] 1423 507 1145 1182 792 1555 285 991 1535 1311 1047 346 1160 694 486 598 1264 1141 798 1380 1125 937 1334 1019 706 1053 1048 658 1072 292 878 1610 1742 189 1664 1037 1042 132 474 1794 561 678 555 680 1686 1261 619 288 578 || mode=RB method=sk_ac_min solver=filo2 stage=post_ls ls=pyvrp iter=35
2026-03-15 22:32:49 | INFO     | [POOL #01406] 966 1032 222 1466 322 421 157 1131 112 669 35 1063 1840 481 303 80 940 650 463 1925 782 1669 1205 745 528 1643 230 513 1621 1514 644 328 772 1814 97 1002 57 995 1199 649 1886 114 693 || mode=RB method=sk_ac_min solver=filo2 stage=post_ls ls=pyvrp iter=35
2026-03-15 22:32:49 | INFO     | [POOL #01407] 4 1154 788 1658 903 1882 1679 607 921 192 632 386 534 1293 1202 807 300 530 182 954 67 711 353 138 87 30 1143 958 533 266 1563 1400 1428 1640 171 1502 1174 1064 1867 258 588 892 1391 905 39 1788 1625 894 || mode=RB method=sk_ac_min solver=filo2 stage=post_ls ls=pyvrp iter=35
2026-03-15 22:32:49 | INFO     | [POOL #01408] 917 1695 695 1651 319 1169 217 988 351 1248 942 1648 436 993 759 63 1733 415 237 1216 123 1247 248 1536 1329 13 913 1068 1458 1889 1823 622 1189 210 236 591 6 89 146 455 1355 1416 154 1290 975 || mode=RB method=sk_ac_min solver=filo2 stage=post_ls ls=pyvrp iter=35
2026-03-15 22:32:49 | INFO     | [POOL #01409] 1156 1009 1914 691 151 1614 1369 1186 69 215 868 1337 915 106 1244 1613 1575 1532 662 469 1841 156 101 737 1607 1012 239 1412 402 550 235 1001 1193 1402 1438 832 969 1869 495 1332 1239 735 291 34 1662 1495 972 1504 413 || mode=RB method=sk_ac_min solver=filo2 stage=post_ls ls=pyvrp iter=35
2026-03-15 22:32:49 | INFO     | [POOL #01410] 356 1184 1754 704 1112 359 804 296 190 571 1506 475 1803 1425 673 367 1782 1321 1021 1327 1152 1804 1362 934 1408 325 1055 1510 789 453 875 1403 1057 1388 702 1126 845 1473 254 1119 1615 1687 867 1673 340 84 37 || mode=RB method=sk_ac_min solver=filo2 stage=post_ls ls=pyvrp iter=35
2026-03-15 22:32:49 | INFO     | [POOL #01411] 477 620 1708 1470 1236 1008 1560 1430 1011 1411 1132 1046 901 879 47 1521 907 1895 1467 808 99 330 572 208 1124 1325 1429 450 162 1147 826 1838 1127 1313 83 164 1652 1209 1344 100 404 262 1676 209 52 800 586 984 28 570 || mode=RB method=sk_ac_min solver=filo2 stage=post_ls ls=pyvrp iter=35
2026-03-15 22:32:49 | INFO     | [POOL #01412] 1635 1476 708 238 434 1395 1480 43 36 1698 949 278 758 769 1336 1586 1299 1707 1567 1390 1580 159 1528 574 1208 1218 1461 766 1295 1036 54 1305 1029 882 603 1243 1221 || mode=RB method=sk_ac_min solver=filo2 stage=post_ls ls=pyvrp iter=35
2026-03-15 22:32:49 | INFO     | [POOL #01413] 90 1893 883 372 264 407 1590 614 135 1455 1231 793 1345 177 1688 1 761 1016 725 1086 1420 773 293 1681 597 23 1776 529 8 956 432 922 1084 786 713 1599 381 379 656 583 || mode=RB method=sk_ac_min solver=filo2 stage=post_ls ls=pyvrp iter=35
2026-03-15 22:32:49 | INFO     | [POOL #01414] 1397 1220 454 963 113 1551 1661 1744 245 1497 306 698 639 1324 1696 1672 19 1505 856 161 20 1626 411 648 999 647 1830 1259 627 1647 1163 223 600 200 822 1731 523 1335 968 82 137 1025 1795 768 720 1241 || mode=RB method=sk_ac_min solver=filo2 stage=post_ls ls=pyvrp iter=35
2026-03-15 22:32:49 | INFO     | [POOL #01415] 72 1195 546 312 1254 7 1151 167 946 1837 1907 1616 147 852 1593 1746 1365 1230 1370 1763 806 464 1705 1328 1456 1234 1479 51 431 1101 835 430 459 518 1824 824 1564 76 582 158 || mode=RB method=sk_ac_min solver=filo2 stage=post_ls ls=pyvrp iter=35
2026-03-15 22:32:49 | INFO     | [POOL #01416] 1039 1911 567 168 733 1098 231 1360 1557 128 81 1100 967 315 270 524 1407 1354 1087 916 27 1031 527 498 1798 1377 1115 1405 612 1817 638 1099 692 1406 1117 520 1693 1559 1592 || mode=RB method=sk_ac_min solver=filo2 stage=post_ls ls=pyvrp iter=35
2026-03-15 22:32:49 | INFO     | [POOL #01417] 978 252 910 838 1529 992 1235 1107 1877 1421 1874 1138 465 1901 1460 816 559 1161 1727 1157 1711 1242 479 690 1219 1083 1172 1868 592 1274 573 672 665 1812 1118 1857 1871 1419 1831 1481 1092 1584 1601 1373 1075 1284 || mode=RB method=sk_ac_min solver=filo2 stage=post_ls ls=pyvrp iter=35
2026-03-15 22:32:49 | INFO     | [POOL #01418] 173 803 1785 717 1024 1415 1351 1668 1545 360 180 290 684 730 749 1056 1875 637 712 577 1059 615 1595 576 345 186 1531 596 1851 373 1802 953 1828 1573 1646 1162 371 1879 1570 886 423 726 1167 1211 1399 589 707 || mode=RB method=sk_ac_min solver=filo2 stage=post_ls ls=pyvrp iter=35
2026-03-15 22:32:49 | INFO     | [POOL #01419] 1292 1899 1444 1357 1926 1602 361 68 1384 141 257 613 1905 1793 1924 863 1759 584 85 363 743 1492 666 1533 1880 1923 304 1085 1605 1432 1825 175 480 701 1490 1066 201 || mode=RB method=sk_ac_min solver=filo2 stage=post_ls ls=pyvrp iter=35
2026-03-15 22:32:49 | INFO     | [POOL #01420] 470 1361 370 1566 757 1289 516 412 556 1445 1060 784 342 888 1287 362 78 876 276 1270 997 1845 1821 1832 906 1165 1878 226 66 45 1846 1103 625 74 1525 452 40 || mode=RB method=sk_ac_min solver=filo2 stage=post_ls ls=pyvrp iter=35
2026-03-15 22:32:49 | INFO     | [POOL #01421] 1542 575 1010 31 93 1155 1422 339 996 426 18 25 1910 1813 1318 1023 1909 1175 912 16 880 1538 1302 1665 723 604 904 941 316 197 1801 809 1600 787 472 1908 79 14 1315 1309 || mode=RB method=sk_ac_min solver=filo2 stage=post_ls ls=pyvrp iter=35
2026-03-15 22:32:49 | INFO     | [POOL #01422] 447 440 837 1323 357 629 116 1111 144 1347 1827 873 1856 545 606 1286 1865 724 744 1279 1819 1095 1917 1663 1346 1223 817 240 1853 640 102 424 10 558 896 1371 839 1520 219 1786 1738 1217 || mode=RB method=sk_ac_min solver=filo2 stage=post_ls ls=pyvrp iter=35
2026-03-15 22:32:49 | INFO     | [POOL #01423] 121 1410 1740 391 1258 482 1632 864 1787 739 1341 1513 939 283 461 1576 1722 1927 848 220 321 1723 635 1751 250 1214 1294 557 256 366 653 394 1185 1272 438 827 900 1237 1350 971 830 317 677 930 756 1139 858 1748 || mode=RB method=sk_ac_min solver=filo2 stage=post_ls ls=pyvrp iter=35
2026-03-15 22:32:49 | INFO     | [POOL #01424] 1620 1028 1378 918 295 947 1730 1690 398 1568 641 428 1177 1122 562 980 15 1639 626 86 441 861 887 323 617 976 88 1784 857 1340 1171 433 313 233 517 1164 397 243 || mode=RB method=sk_ac_min solver=filo2 stage=post_ls ls=pyvrp iter=35
2026-03-15 22:32:49 | INFO     | [POOL #01425] 1666 1114 471 279 1376 188 670 581 1891 1222 1631 176 1443 308 865 268 1331 73 778 1065 836 1752 1146 1252 781 179 1562 1050 1790 48 869 522 1657 1881 1507 981 1872 973 700 1014 497 1609 1517 1434 1123 721 395 || mode=RB method=sk_ac_min solver=filo2 stage=post_ls ls=pyvrp iter=35
2026-03-15 22:32:49 | INFO     | [POOL #01426] 32 1916 320 1826 1750 1404 505 1747 855 1488 797 859 618 872 525 403 508 1267 1843 445 1364 1041 599 205 1544 1441 1381 1565 1818 1457 1133 1743 585 1452 1769 442 1225 752 1807 927 355 1649 1919 1301 1623 1523 1699 || mode=RB method=sk_kmeans solver=pyvrp stage=post_ls ls=pyvrp iter=36
2026-03-15 22:32:49 | INFO     | [POOL #01427] 1524 253 1307 1685 457 791 985 989 705 311 765 467 1930 771 1213 1465 1030 1283 1494 1888 1848 671 542 548 427 790 435 49 1806 218 491 1310 336 1263 536 152 1401 1448 1808 326 || mode=RB method=sk_kmeans solver=pyvrp stage=post_ls ls=pyvrp iter=36
2026-03-15 22:32:49 | INFO     | [POOL #01428] 211 860 1081 1591 425 1755 134 1110 289 1904 679 1855 1358 519 1921 689 920 133 1201 1630 777 943 1771 1015 1096 1176 1291 1552 1728 169 1692 1866 368 444 1594 108 590 1078 715 || mode=RB method=sk_kmeans solver=pyvrp stage=post_ls ls=pyvrp iter=36
2026-03-15 22:32:49 | INFO     | [POOL #01429] 1227 1363 466 780 1820 56 1671 1338 1052 1496 539 553 509 1847 1603 593 1862 1003 1382 1683 294 1475 1304 271 655 1861 770 1835 1058 64 1789 408 1556 1250 911 741 645 || mode=RB method=sk_kmeans solver=pyvrp stage=post_ls ls=pyvrp iter=36
2026-03-15 22:32:49 | INFO     | [POOL #01430] 2 365 1717 1773 933 70 396 1797 38 962 255 1622 1387 1004 510 605 1097 1612 1273 153 399 1233 750 731 1691 1333 1677 1709 1863 710 1168 1379 91 1617 1885 541 870 1933 1749 484 850 221 932 1864 || mode=RB method=sk_kmeans solver=pyvrp stage=post_ls ls=pyvrp iter=36
2026-03-15 22:32:49 | INFO     | [POOL #01431] 1511 1654 1108 965 1040 1918 1348 959 120 908 1842 719 1834 375 140 9 898 747 406 286 1266 774 1500 840 234 1472 1873 383 183 468 1442 862 1203 422 242 127 172 174 568 || mode=RB method=sk_kmeans solver=pyvrp stage=post_ls ls=pyvrp iter=36
2026-03-15 22:32:49 | INFO     | [POOL #01432] 62 1026 202 1553 914 449 1389 149 327 1522 616 931 203 1238 544 1491 129 727 1140 551 764 1319 979 1067 1574 1414 1240 1320 746 473 1120 385 849 170 1897 58 1136 1359 1852 302 343 118 251 || mode=RB method=sk_kmeans solver=pyvrp stage=post_ls ls=pyvrp iter=36
2026-03-15 22:32:49 | INFO     | [POOL #01433] 1633 1049 1592 620 1693 984 567 1184 733 1098 231 1099 1817 1405 1798 498 1031 27 916 1087 1354 1407 296 804 1299 1586 1336 769 758 278 949 1698 14 1315 1029 603 1243 470 || mode=RB method=sk_kmeans solver=pyvrp stage=post_ls ls=pyvrp iter=36
2026-03-15 22:32:49 | INFO     | [POOL #01434] 477 707 589 1708 1470 520 692 638 81 1100 967 315 527 164 1652 1344 1209 83 1914 1009 472 673 1425 1803 475 1506 1390 1208 1567 1707 1908 79 882 1395 434 28 1091 775 1785 803 173 || mode=RB method=sk_kmeans solver=pyvrp stage=post_ls ls=pyvrp iter=36
2026-03-15 22:32:49 | INFO     | [POOL #01435] 1710 1713 410 369 794 549 1183 1071 664 1149 1527 1255 59 1850 1764 540 686 282 1775 1045 610 1229 1314 1435 699 22 483 1570 886 726 1167 1211 1541 1316 1516 1317 1922 1627 || mode=RB method=sk_kmeans solver=pyvrp stage=post_ls ls=pyvrp iter=36
2026-03-15 22:32:49 | INFO     | [POOL #01436] 1102 1703 659 1262 998 165 42 1088 1689 1902 514 377 1153 95 416 779 1519 1682 1879 1646 1521 907 1895 1467 826 1838 100 404 262 1377 1115 612 128 1557 1360 1754 1480 1156 238 708 1911 1476 1635 || mode=RB method=sk_kmeans solver=pyvrp stage=post_ls ls=pyvrp iter=36
2026-03-15 22:32:49 | INFO     | [POOL #01437] 419 754 1453 1394 1928 1265 1768 249 717 579 1024 1415 1351 1668 1545 360 180 290 1674 564 198 1056 1875 637 712 345 186 1531 596 749 730 684 1007 1159 1608 506 1367 1253 1783 1588 423 1399 || mode=RB method=sk_kmeans solver=pyvrp stage=post_ls ls=pyvrp iter=36
2026-03-15 22:32:49 | INFO     | [POOL #01438] 356 1039 586 168 1117 1406 800 1430 1011 1411 1132 1046 901 879 47 162 1313 1127 1325 691 151 1614 809 1782 1321 367 1055 789 1580 159 1528 574 1218 1473 1119 1615 867 906 1832 1165 1878 226 1566 1542 || mode=RB method=sk_kmeans solver=pyvrp stage=post_ls ls=pyvrp iter=36
2026-03-15 22:32:49 | INFO     | [POOL #01439] 570 1559 1236 1008 1560 52 209 1676 1147 450 1429 808 208 1124 1369 316 941 904 604 723 1302 1538 880 16 239 1532 662 1575 1613 1665 1244 106 197 1801 1600 787 524 270 359 1112 704 36 43 1221 || mode=RB method=sk_kmeans solver=pyvrp stage=post_ls ls=pyvrp iter=36
2026-03-15 22:32:49 | INFO     | [POOL #01440] 531 1777 1932 371 1162 1573 1828 953 1802 1851 373 99 572 330 1186 69 215 576 1595 615 577 1059 868 915 1337 469 1841 156 101 737 1012 1607 1412 402 1909 1175 912 1327 1152 1804 453 1388 702 1461 766 45 || mode=RB method=sk_kmeans solver=pyvrp stage=post_ls ls=pyvrp iter=36
2026-03-15 22:32:49 | INFO     | [POOL #01441] 40 66 1305 54 190 571 1510 325 1408 934 1362 1021 1023 550 235 1001 1193 1402 832 495 1869 969 1438 735 584 85 363 743 1492 666 1533 1495 1662 34 1422 1155 93 31 78 276 1687 1673 340 84 370 1361 || mode=RB method=sk_kmeans solver=pyvrp stage=post_ls ls=pyvrp iter=36
2026-03-15 22:32:49 | INFO     | [POOL #01442] 1103 1846 1309 1036 1295 254 845 339 1126 996 426 1057 1403 875 1813 1318 1910 25 18 291 1759 1239 1332 1924 863 1793 1905 613 257 141 1384 68 361 1602 1357 1444 1899 1066 201 || mode=RB method=sk_kmeans solver=pyvrp stage=post_ls ls=pyvrp iter=36
2026-03-15 22:32:49 | INFO     | [POOL #01443] 1397 252 910 1877 1151 167 946 1907 1616 147 1812 665 672 573 1274 592 1161 559 1727 1868 1172 1083 1219 690 1926 1901 1711 1242 479 1157 1460 816 1370 1230 852 1593 1874 1138 1479 431 1421 1235 1107 992 1529 838 || mode=RB method=sk_kmeans solver=pyvrp stage=post_ls ls=pyvrp iter=36
2026-03-15 22:32:49 | INFO     | [POOL #01444] 978 312 1254 7 1661 1744 245 1497 306 1837 1419 1871 1857 1118 1365 1746 1763 806 464 1705 465 1328 1456 1234 1455 51 614 1101 835 430 518 1824 824 76 546 1195 72 || mode=RB method=sk_kmeans solver=pyvrp stage=post_ls ls=pyvrp iter=36
2026-03-15 22:32:49 | INFO     | [POOL #01445] 583 379 1292 413 556 1445 888 1010 1287 1821 1845 997 1270 876 362 972 480 175 1825 1880 1923 304 1085 1605 1432 773 529 922 432 1084 786 1490 713 1599 381 883 1893 582 158 || mode=RB method=sk_kmeans solver=pyvrp stage=post_ls ls=pyvrp iter=36
2026-03-15 22:32:49 | INFO     | [POOL #01446] 452 1525 74 625 37 757 1289 516 412 575 1504 1060 784 342 701 956 8 1776 23 597 1681 293 1420 1086 725 1016 761 1 1688 177 1345 793 1231 135 1590 407 264 372 459 1564 656 90 || mode=RB method=sk_kmeans solver=pyvrp stage=post_ls ls=pyvrp iter=36
2026-03-15 22:32:49 | INFO     | [POOL #01447] 1666 1114 395 1424 1434 1517 1609 497 1014 700 973 1872 981 1507 1881 1657 522 869 48 1790 778 73 1331 268 865 308 494 676 33 1017 301 122 1296 446 843 1619 1891 581 538 1589 77 1484 683 688 || mode=RB method=sk_kmeans solver=pyvrp stage=post_ls ls=pyvrp iter=36
2026-03-15 22:32:49 | INFO     | [POOL #01448] 1217 1410 839 1371 896 558 10 424 629 116 144 1347 1827 873 1856 545 606 1286 1865 724 438 1272 1185 1226 124 1766 1224 1737 1122 1177 428 641 433 295 918 1378 1028 || mode=RB method=sk_kmeans solver=pyvrp stage=post_ls ls=pyvrp iter=36
2026-03-15 22:32:49 | INFO     | [POOL #01449] 121 1900 1767 601 400 29 1398 1903 739 1341 1513 939 283 461 1576 1146 1252 848 220 321 1723 635 1038 1706 734 1142 261 728 267 1471 1870 762 1739 1637 565 1587 1720 1027 341 139 938 298 974 697 1641 1624 1712 847 || mode=RB method=sk_kmeans solver=pyvrp stage=post_ls ls=pyvrp iter=36
2026-03-15 22:32:49 | INFO     | [POOL #01450] 1277 1093 1374 1508 815 1558 21 392 1070 489 709 929 65 923 451 685 1550 763 493 1249 1503 53 960 1815 1077 1173 1655 194 1454 919 1799 388 1751 250 1214 1294 557 256 366 653 394 1741 1684 160 562 || mode=RB method=sk_kmeans solver=pyvrp stage=post_ls ls=pyvrp iter=36
2026-03-15 22:32:49 | INFO     | [POOL #01451] 1385 105 1386 1018 767 1883 229 496 1278 889 1931 265 1269 1833 633 1726 1829 1368 1667 1636 1392 1656 964 594 609 1697 1887 460 813 853 810 1433 560 1724 155 || mode=RB method=sk_kmeans solver=pyvrp stage=post_ls ls=pyvrp iter=36
2026-03-15 22:32:49 | INFO     | [POOL #01452] 1596 350 443 1275 384 1013 1778 409 1288 1583 1854 1105 1618 1915 1188 184 225 1721 329 1774 955 718 950 166 1343 1342 417 1540 228 643 1393 337 897 349 1836 936 877 1035 333 1620 || mode=RB method=sk_kmeans solver=pyvrp stage=post_ls ls=pyvrp iter=36
2026-03-15 22:32:49 | INFO     | [POOL #01453] 447 517 233 313 837 1171 1784 617 323 887 861 441 1111 86 626 1639 15 980 307 1200 193 1113 354 714 1719 1020 1485 1906 990 1312 1568 398 1690 103 947 1730 1736 846 324 243 || mode=RB method=sk_kmeans solver=pyvrp stage=post_ls ls=pyvrp iter=36
2026-03-15 22:32:49 | INFO     | [POOL #01454] 397 1164 1748 219 1520 1740 391 1258 482 1632 102 756 930 677 317 830 1819 1279 744 971 1350 827 900 1237 1722 1927 781 179 1562 1050 1065 1752 836 1753 401 611 799 951 44 344 111 1462 5 986 1811 595 1745 || mode=RB method=sk_kmeans solver=pyvrp stage=post_ls ls=pyvrp iter=36
2026-03-15 22:32:49 | INFO     | [POOL #01455] 812 471 119 1376 279 188 1645 670 1222 1631 176 1443 107 1330 1787 1346 1663 1917 1095 1223 817 240 640 1853 864 1139 357 88 976 857 1340 1323 858 440 1786 1738 || mode=RB method=sk_kmeans solver=pyvrp stage=post_ls ls=pyvrp iter=36
2026-03-15 22:32:49 | INFO     | [POOL #01456] 602 909 722 1437 1034 1694 335 1134 1499 987 1300 1760 1781 390 854 566 1598 554 1929 1061 681 1716 1920 1079 651 820 580 1129 26 314 1483 634 1805 284 1353 1104 1569 961 || mode=RB method=sk_kmeans solver=pyvrp stage=post_ls ls=pyvrp iter=36
2026-03-15 22:32:49 | INFO     | [POOL #01457] 1054 748 1894 12 1431 382 1076 1628 143 1228 1518 1198 206 55 1839 1537 456 842 1501 247 1849 1548 393 795 703 891 305 214 458 71 511 224 1135 462 338 841 970 126 1463 1082 819 945 273 389 1194 24 1069 1660 890 1758 || mode=RB method=sk_kmeans solver=pyvrp stage=post_ls ls=pyvrp iter=36
2026-03-15 22:32:49 | INFO     | [POOL #01458] 331 1241 1220 454 963 113 1551 1584 82 968 1092 1481 1831 698 639 1324 1696 1672 19 1505 856 161 20 1626 411 648 999 647 1830 1259 627 1647 1163 223 822 1335 523 1025 137 1373 1601 1795 1075 768 720 1284 352 || mode=RB method=sk_kmeans solver=pyvrp stage=post_ls ls=pyvrp iter=36
2026-03-15 22:32:49 | INFO     | [POOL #01459] 948 1582 109 1022 823 785 263 1451 1731 200 600 1246 287 1116 1809 1714 1572 1701 204 1611 1276 732 374 1898 1860 1268 309 674 1033 994 207 1449 1298 982 663 259 1718 834 654 || mode=RB method=sk_kmeans solver=pyvrp stage=post_ls ls=pyvrp iter=36
2026-03-15 22:32:49 | INFO     | [POOL #01460] 1074 1207 216 1005 1757 1876 675 275 1303 1257 1073 488 926 1447 485 476 1725 935 11 1715 504 191 652 1158 884 1765 492 547 46 148 1187 1859 1700 1844 805 532 1260 || mode=RB method=sk_kmeans solver=pyvrp stage=post_ls ls=pyvrp iter=36
2026-03-15 22:32:49 | INFO     | [POOL #01461] 736 1051 543 429 1659 646 98 1585 1128 1256 796 1734 829 1212 818 1166 142 125 1062 1858 199 1144 1464 893 1413 501 420 1366 1779 1090 1729 1526 185 1474 1469 1913 526 96 661 136 1106 269 871 1192 || mode=RB method=sk_kmeans solver=pyvrp stage=post_ls ls=pyvrp iter=36
2026-03-15 22:32:49 | INFO     | [POOL #01462] 17 1762 297 1486 1459 487 1210 478 1322 1375 1571 668 104 1890 1816 1089 1597 1653 1206 1675 213 1181 1896 621 439 1642 821 1271 630 418 334 1549 1489 1196 1179 232 280 376 274 212 1892 811 1044 1578 1534 1427 || mode=RB method=sk_kmeans solver=pyvrp stage=post_ls ls=pyvrp iter=36
2026-03-15 22:32:49 | INFO     | [POOL #01463] 894 364 1130 578 1651 899 1543 587 678 561 277 145 310 925 1281 1037 189 1664 1610 878 1053 1019 1334 937 1125 1380 486 798 598 1264 1141 658 1072 292 1048 706 182 530 300 954 67 711 353 138 1742 1042 132 474 1794 555 1261 619 288 695 437 || mode=RB method=sk_kmeans solver=pyvrp stage=post_ls ls=pyvrp iter=36
2026-03-15 22:32:49 | INFO     | [POOL #01464] 114 97 1788 588 258 1867 1064 1174 1502 1428 1400 1563 266 533 958 1143 30 87 386 534 1293 1202 807 1160 694 346 1047 1311 991 285 1555 745 528 1643 230 792 1780 1554 387 115 1770 1215 1423 || mode=RB method=sk_kmeans solver=pyvrp stage=post_ls ls=pyvrp iter=36
2026-03-15 22:32:49 | INFO     | [POOL #01465] 693 1199 995 57 1002 1814 772 328 644 1514 1621 1145 507 1182 521 802 636 1446 650 940 80 1121 1512 178 1450 3 260 1756 463 241 782 1925 131 1669 1205 244 303 481 1840 1063 35 669 1439 || mode=RB method=sk_kmeans solver=pyvrp stage=post_ls ls=pyvrp iter=36
2026-03-15 22:32:49 | INFO     | [POOL #01466] 966 1032 222 1466 322 112 1131 157 421 721 348 642 1123 552 1280 729 181 924 682 1468 1581 952 75 1137 130 414 569 1170 1372 1670 687 1535 632 192 921 607 1679 1640 171 1882 903 513 1658 788 1154 4 || mode=RB method=sk_kmeans solver=pyvrp stage=post_ls ls=pyvrp iter=36
2026-03-15 22:32:49 | INFO     | [POOL #01467] 1886 649 1625 117 1006 1547 1761 760 628 318 957 351 1148 378 667 1772 928 41 1509 405 1482 272 515 680 1686 1356 1579 1285 281 892 1391 905 39 1487 851 1884 1493 983 917 1418 || mode=RB method=sk_kmeans solver=pyvrp stage=post_ls ls=pyvrp iter=36
2026-03-15 22:32:49 | INFO     | [POOL #01468] 196 1409 828 563 902 1080 1180 187 1383 814 154 1539 1515 1530 1396 455 833 1477 1704 1732 874 1478 776 1822 1417 1355 1416 110 60 490 1426 1190 94 1644 1232 1000 227 1339 866 246 || mode=RB method=sk_kmeans solver=pyvrp stage=post_ls ls=pyvrp iter=36
2026-03-15 22:32:49 | INFO     | [POOL #01469] 1695 742 944 319 1169 801 217 988 1094 881 1680 825 512 299 1326 1702 358 92 500 502 755 1498 1536 13 1329 1282 608 380 61 499 738 347 1306 1577 1197 1251 844 1810 977 1178 624 716 195 740 || mode=RB method=sk_kmeans solver=pyvrp stage=post_ls ls=pyvrp iter=36
2026-03-15 22:32:49 | INFO     | [POOL #01470] 448 660 1297 1650 1440 1791 1204 163 657 1191 1604 591 6 236 210 1189 622 1823 1458 1889 89 146 1068 913 248 1247 123 1216 237 415 1733 63 759 993 436 1648 942 1248 1349 1290 975 || mode=RB method=sk_kmeans solver=pyvrp stage=post_ls ls=pyvrp iter=36
2026-03-15 22:32:49 | INFO     | 
2026-03-15 22:32:49 | INFO     | ================================================================================
2026-03-15 22:32:49 | INFO     | [XL-n1934-k46] RUNTIME SUMMARY BY STAGE
2026-03-15 22:32:49 | INFO     | ================================================================================
2026-03-15 22:32:49 | INFO     |         cluster:  781.385s (  2.1% of total runtime)
2026-03-15 22:32:49 | INFO     |              ls: 1725.698s (  4.6% of total runtime)
2026-03-15 22:32:49 | INFO     |         routing: 34541.366s ( 91.4% of total runtime)
2026-03-15 22:32:49 | INFO     |             scp:  738.315s (  2.0% of total runtime)
2026-03-15 22:32:49 | INFO     |      total_iter: 37663.849s ( 99.7% of total runtime)
2026-03-15 22:32:49 | INFO     | 
2026-03-15 22:32:49 | INFO     | ================================================================================
2026-03-15 22:32:49 | INFO     | [XL-n1934-k46] PERIODIC SNAPSHOT SNAPSHOT_009
2026-03-15 22:32:49 | INFO     | ================================================================================
2026-03-15 22:32:49 | INFO     | Route #1: 1635 1476 1039 1911 567 1184 733 1098 1754 1360 1557 128 81 1100 967 315 270 524 1087 1354 1407 296 804 1299 1586 1336 769 758 278 949 1698 36 43 1480 1395 434 238 74 356 40 || mode=vb method=sk_kmeans solver=filo2 stage=post_ls ls=pyvrp iter=1
2026-03-15 22:32:49 | INFO     | Route #2: 1423 4 1154 507 1182 1145 1658 513 792 230 1643 528 745 1205 1669 1555 285 921 192 632 1535 991 1756 463 241 782 1925 131 244 303 481 1840 1063 35 669 112 1131 157 421 322 1466 222 1032 || mode=vb method=sk_kmeans solver=filo2 stage=post_ls ls=pyvrp iter=1
2026-03-15 22:32:49 | INFO     | Route #3: 443 1275 139 384 349 897 337 1393 643 228 1540 417 1342 1343 166 950 718 955 1774 329 1656 964 594 609 1697 225 184 1721 1188 1915 1618 1105 1854 1583 1288 409 1013 1836 877 || mode=vb method=sk_kmeans solver=filo2 stage=post_ls ls=pyvrp iter=1
2026-03-15 22:32:49 | INFO     | Route #4: 243 1028 918 295 433 1171 1340 857 617 323 887 861 441 116 1111 86 626 1639 15 144 1347 1827 873 1856 545 606 1286 1865 724 744 1279 1819 830 317 677 930 756 102 1139 858 839 440 1520 219 1786 1738 1217 || mode=vb method=sk_kmeans solver=filo2 stage=post_ls ls=pyvrp iter=1
2026-03-15 22:32:49 | INFO     | Route #5: 90 370 1566 757 1289 516 412 556 575 1060 784 342 480 972 1010 888 1287 362 78 876 276 1270 997 1845 1821 1832 906 1165 1878 226 66 1309 45 1846 1103 625 1525 452 1361 470 || mode=vb method=sk_kmeans solver=filo2 stage=post_ls ls=pyvrp iter=1
2026-03-15 22:32:49 | INFO     | Route #6: 1633 1049 1627 1091 775 1922 1317 1516 531 1316 1541 1777 1932 1689 377 1153 95 779 416 540 1850 59 1149 664 1183 549 794 579 249 1768 1265 1928 1394 1453 754 419 || mode=vb method=sk_kmeans solver=filo2 stage=post_ls ls=pyvrp iter=1
2026-03-15 22:32:49 | INFO     | Route #7: 570 28 1559 1693 984 586 168 231 1099 638 1817 1405 1798 498 527 1031 27 164 1652 1344 1209 1313 1127 1838 100 404 262 1676 209 52 1377 1115 612 692 1406 1117 520 1470 1236 1708 589 620 1592 707 477 || mode=vb method=sk_kmeans solver=filo2 stage=post_ls ls=pyvrp iter=1
2026-03-15 22:32:49 | INFO     | Route #8: 121 1900 1410 1740 391 1258 482 1371 896 558 640 1853 240 817 1223 1917 1095 971 1350 1237 900 827 438 1272 1294 557 256 366 653 394 1185 1226 124 1741 1684 1887 460 813 560 354 1719 1020 1724 1778 936 1035 333 || mode=vb method=sk_kmeans solver=filo2 stage=post_ls ls=pyvrp iter=1
2026-03-15 22:32:49 | INFO     | Route #9: 1439 1215 1770 115 387 1554 1780 521 802 636 1446 650 260 3 1450 178 1512 1121 1170 1372 687 1670 569 414 130 1137 75 80 940 952 1581 1468 682 924 181 729 1280 552 642 1424 348 966 || mode=vb method=sk_kmeans solver=filo2 stage=post_ls ls=pyvrp iter=1
2026-03-15 22:32:49 | INFO     | Route #10: 740 975 1426 154 1416 1355 1396 146 89 1889 1458 1823 622 1189 210 236 6 591 1530 1515 1604 1191 1539 163 657 1204 1791 1440 1650 1297 1644 1232 1000 227 1339 866 || mode=vb method=sk_kmeans solver=filo2 stage=post_ls ls=pyvrp iter=1
2026-03-15 22:32:49 | INFO     | Route #11: 812 688 683 1484 595 1811 1589 986 1767 601 400 29 1398 843 446 122 1296 864 1632 10 424 629 357 88 976 1784 1323 837 313 233 517 1748 1164 447 397 || mode=vb method=sk_kmeans solver=filo2 stage=post_ls ls=pyvrp iter=1
2026-03-15 22:32:49 | INFO     | Route #12: 1596 1712 1624 1385 974 298 1018 767 496 889 929 65 923 1833 633 1726 1077 1815 960 53 685 451 763 1550 1503 1249 493 709 489 1070 1027 1386 105 815 1508 1277 || mode=vb method=sk_kmeans solver=filo2 stage=post_ls ls=pyvrp iter=1
2026-03-15 22:32:49 | INFO     | Route #13: 1102 1703 1710 1713 410 369 1071 1527 1255 1764 686 282 1775 1045 610 1229 1314 1674 564 198 1007 1159 1608 506 1367 1253 1435 1783 1588 699 22 483 1519 1682 1902 514 1088 42 165 998 1262 659 || mode=vb method=sk_kmeans solver=filo2 stage=post_ls ls=pyvrp iter=1
2026-03-15 22:32:49 | INFO     | Route #14: 155 1378 947 1730 1690 398 1568 641 428 1177 1122 562 980 1737 1224 1766 160 853 810 1433 307 1200 193 1113 714 1485 1906 990 1312 103 1736 846 324 1620 || mode=vb method=sk_kmeans solver=filo2 stage=post_ls ls=pyvrp iter=1
2026-03-15 22:32:49 | INFO     | Route #15: 173 803 1785 717 1024 1415 1351 1668 1545 360 180 290 684 730 749 1056 1875 637 712 577 1059 615 1595 576 345 186 1531 596 1851 373 1467 1895 907 1521 1046 1430 1162 1879 1570 886 726 1211 || mode=vb method=sk_kmeans solver=filo2 stage=post_ls ls=pyvrp iter=1
2026-03-15 22:32:49 | INFO     | Route #16: 1666 1114 471 279 1376 1645 670 581 1891 1222 1631 176 1443 1017 33 676 494 1753 401 611 799 739 1341 1513 939 283 1576 461 1663 1346 1787 1903 44 951 1330 301 107 344 111 1462 1619 5 538 77 1745 || mode=vb method=sk_kmeans solver=filo2 stage=post_ls ls=pyvrp iter=1
2026-03-15 22:32:49 | INFO     | Route #17: 119 188 1434 1517 1609 497 1014 308 865 268 1331 73 778 1065 836 1752 1146 1252 1927 1722 1214 250 1751 635 1723 321 220 848 781 179 1562 1050 1790 48 869 522 1657 1881 1507 981 1872 973 700 1123 721 395 || mode=vb method=sk_kmeans solver=filo2 stage=post_ls ls=pyvrp iter=1
2026-03-15 22:32:49 | INFO     | Route #18: 871 269 1106 136 661 96 526 1913 1469 1474 185 501 1413 1062 1858 199 125 142 1166 818 1212 829 1228 143 1628 1734 796 1256 1076 1128 1585 98 646 1659 429 543 1051 736 890 17 909 602 || mode=vb method=sk_kmeans solver=filo2 stage=post_ls ls=pyvrp iter=1
2026-03-15 22:32:49 | INFO     | Route #19: 331 352 109 1022 823 785 1451 287 1116 1246 1809 1714 1572 1701 204 1611 1276 1073 488 926 1447 485 1303 1033 674 1257 309 1268 1860 732 374 1898 1298 263 259 1718 1582 948 || mode=vb method=sk_kmeans solver=filo2 stage=post_ls ls=pyvrp iter=1
2026-03-15 22:32:49 | INFO     | Route #20: 1641 350 697 938 341 1883 229 1278 1931 265 1269 1392 1636 1829 1667 1368 1454 919 1799 388 1038 1706 734 1142 261 194 1655 1173 728 267 1471 1870 762 1739 1637 565 1587 1720 392 21 1558 1374 1093 847 || mode=vb method=sk_kmeans solver=filo2 stage=post_ls ls=pyvrp iter=1
2026-03-15 22:32:49 | INFO     | Route #21: 603 882 1029 1315 14 79 1908 1707 1567 1390 190 571 1506 475 1803 1425 673 472 787 1600 809 1801 1614 1369 1186 330 572 208 1124 1325 1429 450 826 1147 162 47 879 901 1132 1411 1011 800 1560 1008 1399 || mode=vb method=sk_kmeans solver=filo2 stage=post_ls ls=pyvrp iter=1
2026-03-15 22:32:49 | INFO     | Route #22: 1445 1687 1615 31 93 1155 339 996 426 1403 875 1813 1318 1023 1909 1175 912 16 880 1538 1302 1665 723 604 904 941 316 197 151 691 1914 1009 83 916 359 1112 704 1156 708 1221 || mode=vb method=sk_kmeans solver=filo2 stage=post_ls ls=pyvrp iter=1
2026-03-15 22:32:49 | INFO     | Route #23: 1243 1305 54 1036 1295 766 1461 1218 1208 574 1528 159 1580 1388 789 325 1055 1510 367 1782 1321 1021 1327 1152 1804 1362 1408 934 453 1057 702 1126 845 1473 254 1119 867 1673 340 84 37 || mode=vb method=sk_kmeans solver=filo2 stage=post_ls ls=pyvrp iter=1
2026-03-15 22:32:49 | INFO     | Route #24: 1167 423 371 1646 1573 1828 953 1802 808 99 69 215 868 1337 915 106 1244 1613 1575 1532 662 469 1841 156 101 737 1607 1012 239 1412 402 550 235 1001 1193 1910 25 18 735 291 1422 34 1662 1495 175 1825 701 1504 413 1542 || mode=vb method=sk_kmeans solver=filo2 stage=post_ls ls=pyvrp iter=1
2026-03-15 22:32:49 | INFO     | Route #25: 32 1594 1307 444 1685 457 1728 1552 1291 1176 1096 1015 1930 467 771 1213 1888 1494 1465 1030 1283 1848 1630 777 943 1771 1052 1338 169 1692 1866 1820 780 368 253 1524 1363 || mode=vb method=sk_kmeans solver=filo2 stage=post_ls ls=pyvrp iter=2
2026-03-15 22:32:49 | INFO     | Route #26: 1864 1629 1912 1792 537 1735 1638 831 1109 1561 631 623 1852 1359 1136 1546 1678 696 1150 1043 1800 1308 1796 895 753 1606 751 1634 503 1436 50 783 885 332 1245 || mode=rb method=sk_ac_complete solver=filo1 stage=post_ls ls=pyvrp iter=14
2026-03-15 22:32:49 | INFO     | Route #27: 748 1894 12 1431 382 335 1134 1499 1760 1518 1198 566 1598 554 393 795 703 214 458 71 462 338 841 970 1135 224 511 305 891 247 1849 1548 206 55 1839 1501 842 456 1537 1464 1144 893 420 1366 1779 1090 1729 1526 1192 || mode=rb method=sk_ac_min solver=filo2 stage=post_ls ls=pyvrp iter=20
2026-03-15 22:32:49 | INFO     | Route #28: 1569 1104 1353 284 1805 634 1876 1187 314 1483 1129 26 148 46 418 884 1765 1158 652 191 504 1715 11 935 1725 476 492 547 275 675 994 207 1449 982 663 834 654 961 || mode=rb method=sk_ac_min solver=filo2 stage=post_ls ls=pyvrp iter=20
2026-03-15 22:32:49 | INFO     | Route #29: 715 2 365 645 1717 1227 1773 741 933 70 911 1250 1556 396 1755 134 408 1789 1387 64 510 605 1004 750 1233 399 1333 1691 1677 1863 710 1168 1379 91 1617 172 174 1699 || mode=rb method=sk_ac_complete solver=filo1 stage=post_ls ls=pyvrp iter=24
2026-03-15 22:32:49 | INFO     | Route #30: 568 1081 1591 38 962 731 153 1273 1612 1097 1058 1835 770 1861 655 271 1304 1475 1683 294 1709 468 862 1203 422 242 127 1918 1040 965 1749 484 1511 850 221 932 535 1352 || mode=rb method=sk_ac_complete solver=filo1 stage=post_ls ls=pyvrp iter=24
2026-03-15 22:32:49 | INFO     | Route #31: 211 860 541 1885 1442 183 383 1382 1003 1862 593 536 1603 1263 336 442 1769 1452 1743 585 1806 49 218 491 1310 435 790 519 1921 689 1358 1855 1847 679 509 289 553 539 1496 1671 1110 56 466 || mode=rb method=sk_ac_complete solver=filo1 stage=post_ls ls=pyvrp iter=24
2026-03-15 22:32:49 | INFO     | Route #32: 196 1409 828 563 902 1080 1180 1810 844 1251 1197 881 299 1326 358 502 1498 755 380 61 499 738 455 1477 833 1704 1732 874 1478 776 1822 1417 110 60 814 1383 490 1290 1190 94 660 448 246 || mode=rb method=sk_ac_complete solver=filo1 stage=post_ls ls=pyvrp iter=24
2026-03-15 22:32:49 | INFO     | Route #33: 326 1654 1108 62 1348 959 120 908 1808 1448 1472 234 840 1500 774 1266 9 898 1301 286 406 449 747 914 1553 202 302 343 140 375 118 1834 1842 1026 719 251 150 || mode=rb method=sk_ac_complete solver=filo1 stage=post_ls ls=pyvrp iter=24
2026-03-15 22:32:49 | INFO     | Route #34: 114 1886 649 1199 995 97 772 328 644 258 1867 1064 171 1640 266 533 958 138 353 711 67 954 300 530 182 706 1019 1048 1053 878 1610 1742 189 1664 1037 1042 132 1400 1563 1428 1502 1174 588 892 1391 905 39 1788 1814 1002 57 1625 894 || mode=rb method=sk_ac_complete solver=filo1 stage=post_ls ls=pyvrp iter=24
2026-03-15 22:32:49 | INFO     | Route #35: 1078 590 108 1916 320 1826 791 985 989 705 311 1750 765 1404 505 1747 855 1488 797 859 618 872 525 403 508 1267 1843 445 1364 1041 599 205 1544 1441 1381 1565 1818 427 548 542 671 920 133 1201 1904 1622 255 1797 425 || mode=rb method=sk_ac_complete solver=filo1 stage=post_ls ls=pyvrp iter=24
2026-03-15 22:32:49 | INFO     | Route #36: 944 1006 1547 801 217 988 351 1148 1248 942 1648 436 292 1072 658 1334 937 1125 1380 798 1141 1264 598 486 694 1160 346 1047 1311 534 1293 807 1202 386 87 30 1143 607 1679 1882 903 1621 1514 788 693 || mode=rb method=sk_ac_complete solver=filo1 stage=post_ls ls=pyvrp iter=24
2026-03-15 22:32:49 | INFO     | Route #37: 1418 983 364 1130 1493 1884 851 1487 899 281 1285 1579 1543 587 1356 555 678 561 1794 474 1281 925 310 145 928 1772 667 378 41 277 1509 405 1482 272 515 680 1686 1261 619 1169 288 319 1651 578 695 437 1695 917 || mode=rb method=sk_ac_complete solver=filo1 stage=post_ls ls=pyvrp iter=24
2026-03-15 22:32:49 | INFO     | Route #38: 195 716 624 187 1178 977 1349 1577 1306 347 1702 608 1282 1068 913 13 1329 1536 248 1247 123 1216 237 415 1733 63 759 993 500 92 512 825 1680 957 1094 318 628 760 1761 117 742 || mode=rb method=sk_ac_complete solver=filo1 stage=post_ls ls=pyvrp iter=24
2026-03-15 22:32:49 | INFO     | Route #39: 1933 1523 1623 1401 1919 1649 355 1389 149 327 1522 616 931 203 58 1897 170 849 385 1120 473 746 1320 1240 1414 1574 1067 1238 544 979 1319 764 551 1140 129 727 1457 1133 1491 1225 752 1807 927 152 1873 870 || mode=rb method=sk_ac_complete solver=filo1 stage=post_ls ls=pyvrp iter=24
2026-03-15 22:32:49 | INFO     | Route #40: 1260 532 805 1844 1700 1375 1322 1920 1079 651 820 389 945 1089 1597 1653 1206 1675 213 1181 1463 1082 819 273 681 1716 1892 811 1194 478 1210 24 487 1459 1486 1069 1660 1427 1758 1054 || mode=rb method=sk_kmeans solver=filo1 stage=post_ls ls=pyvrp iter=33
2026-03-15 22:32:49 | INFO     | Route #41: 722 1437 1034 1694 1762 297 987 1300 1534 1578 1044 1781 390 854 1929 1061 212 274 376 280 126 232 1179 1196 1489 621 1896 439 1549 1642 821 1271 630 334 1816 1890 580 104 668 1571 1859 1757 1005 216 1207 1074 || mode=rb method=sk_kmeans solver=filo1 stage=post_ls ls=pyvrp iter=33
2026-03-15 22:32:49 | INFO     | Route #42: 583 656 379 381 1066 1490 1084 432 956 8 1776 23 597 1681 293 773 1432 1420 1086 725 1016 761 1 1688 177 1345 793 1231 1455 135 614 1590 407 264 372 883 1893 || mode=rb method=sk_ac_avg solver=filo1 stage=post_ls ls=pyvrp iter=34
2026-03-15 22:32:49 | INFO     | Route #43: 1599 713 1444 1357 1926 1602 361 68 1384 141 257 613 1905 1793 863 1924 1332 495 1869 969 832 1402 1438 1239 1759 85 584 363 743 1492 666 1533 1880 1923 304 1085 1605 529 922 786 1899 1292 201 || mode=rb method=sk_ac_avg solver=filo1 stage=post_ls ls=pyvrp iter=34
2026-03-15 22:32:49 | INFO     | Route #44: 1397 1220 454 963 113 1551 1661 1744 245 1497 306 698 639 1324 1696 1672 19 1505 856 161 20 1626 411 648 999 647 1830 1259 627 1647 1163 223 600 200 822 1731 523 1335 968 82 137 1025 1795 768 720 1241 || mode=rb method=sk_ac_min solver=filo2 stage=post_ls ls=pyvrp iter=35
2026-03-15 22:32:49 | INFO     | Route #45: 72 1195 546 312 1254 7 1151 167 946 1837 1907 1616 147 852 1593 1746 1365 1230 1370 1763 806 464 1705 1328 1456 1234 1479 51 431 1101 835 430 459 518 1824 824 1564 76 582 158 || mode=rb method=sk_ac_min solver=filo2 stage=post_ls ls=pyvrp iter=35
2026-03-15 22:32:49 | INFO     | Route #46: 978 252 910 838 1529 992 1235 1107 1877 1421 1874 1138 465 1901 1460 816 559 1161 1727 1157 1711 1242 479 690 1219 1083 1172 1868 592 1274 573 672 665 1812 1118 1857 1871 1419 1831 1481 1092 1584 1601 1373 1075 1284 || mode=rb method=sk_ac_min solver=filo2 stage=post_ls ls=pyvrp iter=35
2026-03-15 22:32:49 | INFO     | 
2026-03-15 22:32:49 | INFO     | [BEST SOLUTION ROUTE SUMMARY]
2026-03-15 22:32:49 | INFO     | --------------------------------------------------------------------------------
2026-03-15 22:32:49 | INFO     |   25 routes | VB    | sk_kmeans       | solver=filo2      | stage=post_ls | ls=pyvrp
2026-03-15 22:32:49 | INFO     |   12 routes | RB    | sk_ac_complete  | solver=filo1      | stage=post_ls | ls=pyvrp
2026-03-15 22:32:49 | INFO     |    5 routes | RB    | sk_ac_min       | solver=filo2      | stage=post_ls | ls=pyvrp
2026-03-15 22:32:49 | INFO     |    2 routes | RB    | sk_ac_avg       | solver=filo1      | stage=post_ls | ls=pyvrp
2026-03-15 22:32:49 | INFO     |    2 routes | RB    | sk_kmeans       | solver=filo1      | stage=post_ls | ls=pyvrp
2026-03-15 22:32:49 | INFO     | 
2026-03-15 22:32:49 | INFO     | [ROUTE POOL SUMMARY]
2026-03-15 22:32:49 | INFO     |   183 routes | VB | sk_kmeans | solver=filo2 | stage=post_ls | ls=pyvrp
2026-03-15 22:32:49 | INFO     |   176 routes | RB | sk_ac_complete | solver=pyvrp | stage=post_ls | ls=pyvrp
2026-03-15 22:32:49 | INFO     |   141 routes | VB | fcm | solver=filo2 | stage=post_ls | ls=pyvrp
2026-03-15 22:32:49 | INFO     |   101 routes | RB | sk_ac_complete | solver=filo1 | stage=post_ls | ls=pyvrp
2026-03-15 22:32:49 | INFO     |    96 routes | VB | k_medoids_pyclustering | solver=filo1 | stage=post_ls | ls=pyvrp
2026-03-15 22:32:49 | INFO     |    94 routes | VB | sk_ac_min | solver=pyvrp | stage=post_ls | ls=pyvrp
2026-03-15 22:32:49 | INFO     |    73 routes | RB | sk_ac_avg | solver=pyvrp | stage=post_ls | ls=pyvrp
2026-03-15 22:32:49 | INFO     |    72 routes | RB | sk_kmeans | solver=filo1 | stage=post_ls | ls=pyvrp
2026-03-15 22:32:49 | INFO     |    63 routes | RB | sk_ac_min | solver=filo2 | stage=post_ls | ls=pyvrp
2026-03-15 22:32:49 | INFO     |    49 routes | VB | k_medoids_pyclustering | solver=pyvrp | stage=post_ls | ls=pyvrp
2026-03-15 22:32:49 | INFO     |    48 routes | VB | fcm | solver=filo1 | stage=post_ls | ls=pyvrp
2026-03-15 22:32:49 | INFO     |    47 routes | VB | sk_ac_min | solver=filo1 | stage=post_ls | ls=pyvrp
2026-03-15 22:32:49 | INFO     |    47 routes | VB | fcm | solver=pyvrp | stage=post_ls | ls=pyvrp
2026-03-15 22:32:49 | INFO     |    47 routes | VB | sk_kmeans | solver=pyvrp | stage=post_ls | ls=pyvrp
2026-03-15 22:32:49 | INFO     |    45 routes | VB | sk_ac_complete | solver=filo1 | stage=post_ls | ls=pyvrp
2026-03-15 22:32:49 | INFO     |    45 routes | RB | sk_kmeans | solver=pyvrp | stage=post_ls | ls=pyvrp
2026-03-15 22:32:49 | INFO     |    43 routes | RB | sk_ac_complete | solver=filo2 | stage=post_ls | ls=pyvrp
2026-03-15 22:32:49 | INFO     |    39 routes | RB | sk_kmeans | solver=filo2 | stage=post_ls | ls=pyvrp
2026-03-15 22:32:49 | INFO     |    36 routes | RB | sk_ac_avg | solver=filo2 | stage=post_ls | ls=pyvrp
2026-03-15 22:32:49 | INFO     |    24 routes | RB | sk_ac_avg | solver=filo1 | stage=post_ls | ls=pyvrp
2026-03-15 22:32:49 | INFO     |     1 routes | SCP | gurobi_mip | solver=UNKNOWN | stage=scp_post_ls | ls=N/A
