2026-03-15 12:02:58 | INFO     | Logger initialized
2026-03-15 12:02:58 | INIT     | ================================================================================
2026-03-15 12:02:58 | INIT     | [RUN CONFIGURATION] instance=XL-n2914-k95.vrp run=0
2026-03-15 12:02:58 | INIT     | seed = 1953815729
2026-03-15 12:02:58 | INIT     | scp_solvers = ['gurobi_mip']
2026-03-15 12:02:58 | INIT     | scp_switch_prob = 0.0
2026-03-15 12:02:58 | INIT     | time_limit_scp = 10000.0
2026-03-15 12:02:58 | INIT     | scp_every = 3
2026-03-15 12:02:58 | INIT     | time_limit_total = 36000.0
2026-03-15 12:02:58 | INIT     | max_no_improvement_iters = 50
2026-03-15 12:02:58 | INIT     | min_avg_cluster_size = 100
2026-03-15 12:02:58 | INIT     | max_avg_cluster_size = 2500
2026-03-15 12:02:58 | INIT     | routing_solvers = ['pyvrp', 'filo1', 'filo2', 'ails2']
2026-03-15 12:02:58 | INIT     | routing_no_improvement = None
2026-03-15 12:02:58 | INIT     | ls_neighbourhood = dri_spatial
2026-03-15 12:02:58 | INIT     | ls_after_routing_max_neighbours = 300
2026-03-15 12:02:58 | INIT     | ls_max_neighbours_restricted = 200
2026-03-15 12:02:58 | INIT     | randomize_polar_angle = True
2026-03-15 12:02:58 | INIT     | warm_start_solutions = None
2026-03-15 12:02:58 | INIT     | log_mode = instance
2026-03-15 12:02:58 | INIT     | log_to_console = False
2026-03-15 12:02:58 | INIT     | periodic_sol_dump = True
2026-03-15 12:02:58 | INIT     | sol_dump_interval = 3600.0
2026-03-15 12:02:58 | INIT     | ================================================================================
2026-03-15 12:02:59 | INFO     | [XL-n2914-k95 ITERATION 1] mode=VB method=sk_kmeans k=1 solver=filo2 ls=pyvrp
2026-03-15 12:03:23 | INFO     | [XL-n2914-k95 CLUSTER] method=sk_kmeans k=1 | sizes=[2913] | min=2913 max=2913 avg=2913.0
2026-03-15 12:03:23 | INFO     | [XL-n2914-k95 ROUTING] Solving clusters with filo2
2026-03-15 12:10:38 | INFO     | [XL-n2914-k95 IMPROVED-VB/RB] best_cost=89509 | Gap: 0.6828%
2026-03-15 12:10:38 | INFO     | [XL-n2914-k95 ITERATION-TIMES 1] cluster=24.440s routing=408.572s ls=26.006s total=459.031s
2026-03-15 12:10:38 | INFO     | [XL-n2914-k95 ITERATION 2] mode=VB method=fcm k=7 solver=filo1 ls=pyvrp
2026-03-15 12:10:54 | INFO     | [XL-n2914-k95 CLUSTER] method=fcm k=7 | sizes=[457, 629, 504, 251, 281, 504, 287] | min=251 max=629 avg=416.1
2026-03-15 12:10:54 | INFO     | [XL-n2914-k95 ROUTING] Solving clusters with filo1
2026-03-15 12:21:52 | INFO     | [XL-n2914-k95 NO-IMPROVEMENT] best_cost=89509 | streak=1 | Gap: 0.6828%
2026-03-15 12:21:52 | INFO     | [XL-n2914-k95 ITERATION-TIMES 2] cluster=15.975s routing=637.371s ls=21.032s total=674.385s
2026-03-15 12:21:52 | INFO     | [XL-n2914-k95 ITERATION 3] mode=VB method=sk_ac_avg k=4 solver=filo2 ls=pyvrp
2026-03-15 12:22:03 | INFO     | [XL-n2914-k95 CLUSTER] method=sk_ac_avg k=4 | sizes=[557, 1050, 1026, 280] | min=280 max=1050 avg=728.2
2026-03-15 12:22:03 | INFO     | [XL-n2914-k95 ROUTING] Solving clusters with filo2
2026-03-15 12:33:28 | INFO     | [XL-n2914-k95 SCP] pruning_mode=diversity
2026-03-15 12:33:28 | INFO     | [XL-n2914-k95 SCP] solver=gurobi_mip | route_pool=285
2026-03-15 12:33:28 | INFO     | [XL-n2914-k95 SCP] optimal solution found
2026-03-15 12:33:57 | INFO     | [XL-n2914-k95 SCP-NO-IMPROVEMENT] cost=89509 (best=89509) | Gap: 0.6828%
2026-03-15 12:33:57 | INFO     | [XL-n2914-k95 NO-IMPROVEMENT] best_cost=89509 | streak=2 | Gap: 0.6828%
2026-03-15 12:33:57 | INFO     | [XL-n2914-k95 ITERATION-TIMES 3] cluster=11.069s routing=649.806s ls=34.236s scp=29.705s total=724.839s
2026-03-15 12:33:57 | INFO     | [XL-n2914-k95 ITERATION 4] mode=VB method=fcm k=4 solver=filo1 ls=pyvrp
2026-03-15 12:34:16 | INFO     | [XL-n2914-k95 CLUSTER] method=fcm k=4 | sizes=[358, 1085, 436, 1034] | min=358 max=1085 avg=728.2
2026-03-15 12:34:16 | INFO     | [XL-n2914-k95 ROUTING] Solving clusters with filo1
2026-03-15 12:55:37 | INFO     | [XL-n2914-k95 NO-IMPROVEMENT] best_cost=89509 | streak=3 | Gap: 0.6828%
2026-03-15 12:55:37 | INFO     | [XL-n2914-k95 ITERATION-TIMES 4] cluster=18.301s routing=1246.123s ls=35.082s total=1299.518s
2026-03-15 12:55:37 | INFO     | [XL-n2914-k95 ITERATION 5] mode=RB method=sk_kmeans k=4 solver=filo2 ls=pyvrp
2026-03-15 12:55:37 | INFO     | [XL-n2914-k95 CLUSTER] method=sk_kmeans k=4 | sizes=[749, 589, 709, 866] | min=589 max=866 avg=728.2
2026-03-15 12:55:37 | INFO     | [XL-n2914-k95 ROUTING] Solving clusters with filo2
2026-03-15 13:19:58 | INFO     | 
2026-03-15 13:19:58 | INFO     | ================================================================================
2026-03-15 13:19:58 | INFO     | [XL-n2914-k95] PERIODIC SNAPSHOT SNAPSHOT_001
2026-03-15 13:19:58 | INFO     | ================================================================================
2026-03-15 13:19:58 | INFO     | Route #1: 1550 585 199 1014 826 2891 502 2216 1556 1962 1515 136 1150 468 1355 1958 2351 1865 1252 1433 2 1377 || mode=vb method=sk_kmeans solver=filo2 stage=post_ls ls=pyvrp iter=1
2026-03-15 13:19:58 | INFO     | Route #2: 2197 1907 37 1082 2575 2095 2016 2138 2133 1350 2408 192 388 2749 1187 2613 504 2310 2517 1716 2436 1152 || mode=vb method=sk_kmeans solver=filo2 stage=post_ls ls=pyvrp iter=1
2026-03-15 13:19:58 | INFO     | Route #3: 1787 2033 69 754 371 1699 1241 1075 1611 1708 49 569 2561 2835 1619 592 712 795 2772 2221 941 1918 || mode=vb method=sk_kmeans solver=filo2 stage=post_ls ls=pyvrp iter=1
2026-03-15 13:19:58 | INFO     | Route #4: 969 544 33 1030 1452 2598 836 2232 102 1422 2770 100 983 2253 426 375 733 1130 186 645 966 2398 267 || mode=vb method=sk_kmeans solver=filo2 stage=post_ls ls=pyvrp iter=1
2026-03-15 13:19:58 | INFO     | Route #5: 978 2246 764 839 2681 174 1838 1830 2209 1788 1814 313 639 1736 1380 1400 2148 2667 215 292 1473 2531 || mode=vb method=sk_kmeans solver=filo2 stage=post_ls ls=pyvrp iter=1
2026-03-15 13:19:58 | INFO     | Route #6: 2843 2052 336 2616 418 1998 1789 2786 2219 2213 1945 2217 2523 2160 1399 165 1037 644 1733 2527 309 503 || mode=vb method=sk_kmeans solver=filo2 stage=post_ls ls=pyvrp iter=1
2026-03-15 13:19:58 | INFO     | Route #7: 2845 1059 1650 2543 2842 2295 1632 20 1496 59 770 341 2241 390 680 455 2080 1615 2137 2847 2220 577 1658 || mode=vb method=sk_kmeans solver=filo2 stage=post_ls ls=pyvrp iter=1
2026-03-15 13:19:58 | INFO     | Route #8: 114 2494 908 850 1656 1758 1089 2205 540 16 1967 432 2607 1096 1461 2280 605 1354 1949 1697 1862 993 || mode=vb method=sk_kmeans solver=filo2 stage=post_ls ls=pyvrp iter=1
2026-03-15 13:19:58 | INFO     | Route #9: 1607 1598 428 485 508 51 618 1442 253 477 1180 293 1321 2277 967 2882 1177 183 2760 706 484 2361 || mode=vb method=sk_kmeans solver=filo2 stage=post_ls ls=pyvrp iter=1
2026-03-15 13:19:58 | INFO     | Route #10: 462 1194 2418 677 1779 1581 991 996 1423 612 2573 2652 1604 1088 1631 1866 1981 2759 1557 499 2302 2532 || mode=vb method=sk_kmeans solver=filo2 stage=post_ls ls=pyvrp iter=1
2026-03-15 13:19:58 | INFO     | Route #11: 2664 1085 873 1817 2675 2582 2585 1545 2004 2411 1239 1487 1060 1534 227 492 2673 2047 765 2821 1287 || mode=vb method=sk_kmeans solver=filo2 stage=post_ls ls=pyvrp iter=1
2026-03-15 13:19:58 | INFO     | Route #12: 1651 2850 2481 2830 2046 791 404 2894 2397 2107 2387 2610 2415 1388 151 2657 621 349 2225 2126 824 || mode=vb method=sk_kmeans solver=filo2 stage=post_ls ls=pyvrp iter=1
2026-03-15 13:19:58 | INFO     | Route #13: 2146 1167 2115 1655 2629 858 1263 107 223 1441 334 1008 245 31 1256 1978 2774 2336 1712 2243 729 2358 1166 || mode=vb method=sk_kmeans solver=filo2 stage=post_ls ls=pyvrp iter=1
2026-03-15 13:19:58 | INFO     | Route #14: 755 2117 2334 347 241 1640 38 1195 1630 160 395 626 1498 932 954 2496 1080 2301 1628 1774 1041 || mode=vb method=sk_kmeans solver=filo2 stage=post_ls ls=pyvrp iter=1
2026-03-15 13:19:58 | INFO     | Route #15: 2528 919 842 239 2422 2400 2600 1925 1430 1646 2175 1639 1390 2251 2818 1299 772 90 2645 424 835 || mode=vb method=sk_kmeans solver=filo2 stage=post_ls ls=pyvrp iter=1
2026-03-15 13:19:58 | INFO     | Route #16: 1839 246 304 1127 335 722 572 1576 1942 652 657 1429 2278 2784 1394 714 2341 1879 1634 2546 2108 149 1440 622 2888 1999 || mode=vb method=sk_kmeans solver=filo2 stage=post_ls ls=pyvrp iter=1
2026-03-15 13:19:58 | INFO     | Route #17: 697 1638 1947 350 263 1108 892 613 1261 568 2185 340 1548 2640 1509 1517 2758 2588 365 1900 2478 1751 || mode=vb method=sk_kmeans solver=filo2 stage=post_ls ls=pyvrp iter=1
2026-03-15 13:19:58 | INFO     | Route #18: 2620 2526 2788 1946 2083 1039 700 2416 299 305 548 2449 1546 198 1472 1540 2433 514 1376 273 2870 2856 2132 || mode=vb method=sk_kmeans solver=filo2 stage=post_ls ls=pyvrp iter=1
2026-03-15 13:19:58 | INFO     | Route #19: 2425 2726 2840 1503 828 1071 737 643 2783 793 1427 2206 205 2559 2825 106 1276 2696 2567 1723 1773 2008 1625 1320 2656 1885 798 1620 1226 21 2747 713 1909 2592 517 1673 629 2762 1064 1012 509 2373 808 1104 1524 640 1034 660 345 725 951 1868 128 2580 1734 72 779 1491 190 382 152 1464 || mode=vb method=sk_kmeans solver=filo2 stage=post_ls ls=pyvrp iter=1
2026-03-15 13:19:58 | INFO     | Route #20: 2604 2502 324 2646 78 2520 143 2479 1343 1439 1753 1834 1228 938 1323 2326 2019 302 705 1722 752 248 2156 || mode=vb method=sk_kmeans solver=filo2 stage=post_ls ls=pyvrp iter=1
2026-03-15 13:19:58 | INFO     | Route #21: 1953 2557 1752 1161 1549 1532 39 1771 2798 1366 1351 667 1431 2542 1149 134 1923 781 749 794 1730 || mode=vb method=sk_kmeans solver=filo2 stage=post_ls ls=pyvrp iter=1
2026-03-15 13:19:58 | INFO     | Route #22: 122 66 743 780 889 83 189 401 158 1362 2090 1309 2229 416 903 2536 2860 1296 1966 1971 170 2318 || mode=vb method=sk_kmeans solver=filo2 stage=post_ls ls=pyvrp iter=1
2026-03-15 13:19:58 | INFO     | Route #23: 2067 2625 1799 986 635 496 693 2057 1568 547 387 2401 542 846 2022 230 2337 1138 797 1700 99 1078 1058 || mode=vb method=sk_kmeans solver=filo2 stage=post_ls ls=pyvrp iter=1
2026-03-15 13:19:58 | INFO     | Route #24: 1743 1466 378 953 284 2614 801 2807 2628 912 380 1476 80 1137 1046 812 1807 788 1340 2887 2689 || mode=vb method=sk_kmeans solver=filo2 stage=post_ls ls=pyvrp iter=1
2026-03-15 13:19:58 | INFO     | Route #25: 1896 2105 2076 799 1772 356 2709 2507 2293 1718 495 602 1210 2461 2474 1641 973 2859 981 1805 1300 856 || mode=vb method=sk_kmeans solver=filo2 stage=post_ls ls=pyvrp iter=1
2026-03-15 13:19:58 | INFO     | Route #26: 2188 2617 2381 1905 2555 1027 2089 950 1160 2376 364 2421 315 813 2454 2593 415 1236 2128 1996 2789 35 || mode=vb method=sk_kmeans solver=filo2 stage=post_ls ls=pyvrp iter=1
2026-03-15 13:19:58 | INFO     | Route #27: 204 1336 2660 1119 1437 1402 1446 2059 766 2250 1982 1278 2648 2193 2101 571 2348 1670 2510 1690 2655 98 || mode=vb method=sk_kmeans solver=filo2 stage=post_ls ls=pyvrp iter=1
2026-03-15 13:19:58 | INFO     | Route #28: 2678 2155 884 715 1457 2692 597 329 1298 214 653 1103 1383 1696 2084 153 528 1845 870 688 1322 928 980 288 218 1101 1883 551 1387 1294 || mode=vb method=sk_kmeans solver=filo2 stage=post_ls ls=pyvrp iter=1
2026-03-15 13:19:58 | INFO     | Route #29: 447 1105 771 1258 2359 2858 142 588 679 814 2521 2718 890 2548 480 768 1288 1565 1849 1204 1331 || mode=vb method=sk_kmeans solver=filo2 stage=post_ls ls=pyvrp iter=1
2026-03-15 13:19:58 | INFO     | Route #30: 1677 1987 1079 882 2276 1643 2720 1802 692 2596 2010 1880 2599 2912 922 2851 1411 556 1381 351 607 1095 || mode=vb method=sk_kmeans solver=filo2 stage=post_ls ls=pyvrp iter=1
2026-03-15 13:19:58 | INFO     | Route #31: 211 1969 1132 330 1303 473 2704 1359 2199 2458 1675 1173 1083 2030 399 1775 2039 600 2459 536 157 1003 || mode=vb method=sk_kmeans solver=filo2 stage=post_ls ls=pyvrp iter=1
2026-03-15 13:19:58 | INFO     | Route #32: 1889 1054 494 1667 1315 1922 670 1357 1624 105 2031 1019 1894 1609 823 1474 488 261 2092 2642 1159 2106 2001 144 || mode=vb method=sk_kmeans solver=filo2 stage=post_ls ls=pyvrp iter=1
2026-03-15 13:19:58 | INFO     | Route #33: 498 1121 2682 453 2707 2509 236 1483 1363 2622 2753 2142 56 2121 2873 2130 1279 1458 855 742 2141 1032 1284 943 1018 94 || mode=vb method=sk_kmeans solver=filo2 stage=post_ls ls=pyvrp iter=1
2026-03-15 13:19:58 | INFO     | Route #34: 1116 224 2465 2813 1989 2283 1616 691 1419 2286 1346 1564 617 686 1749 1488 1141 2061 1988 2781 || mode=vb method=sk_kmeans solver=filo2 stage=post_ls ls=pyvrp iter=1
2026-03-15 13:19:58 | INFO     | Route #35: 326 2715 2796 2744 1588 115 2698 287 2558 2898 2799 1791 744 611 2848 1780 2867 619 1165 1282 924 221 2380 1313 905 1109 2611 2173 1551 || mode=vb method=sk_kmeans solver=filo2 stage=post_ls ls=pyvrp iter=1
2026-03-15 13:19:58 | INFO     | Route #36: 1506 1325 1157 1117 963 1148 914 1251 1828 909 2202 381 1468 501 2114 2460 2597 1168 2814 1575 1451 1936 || mode=vb method=sk_kmeans solver=filo2 stage=post_ls ls=pyvrp iter=1
2026-03-15 13:19:58 | INFO     | Route #37: 2907 1519 1692 2560 1963 2581 2776 1666 2370 681 25 439 318 1094 145 1213 2122 562 2683 2901 1669 988 || mode=vb method=sk_kmeans solver=filo2 stage=post_ls ls=pyvrp iter=1
2026-03-15 13:19:58 | INFO     | Route #38: 206 1413 637 830 2849 1175 1583 2880 1306 897 121 904 2192 1426 1804 2432 2594 2215 2438 1852 1555 1257 || mode=vb method=sk_kmeans solver=filo2 stage=post_ls ls=pyvrp iter=1
2026-03-15 13:19:58 | INFO     | Route #39: 1244 1223 2826 2686 452 1614 723 1051 1146 1062 104 716 773 301 1680 1776 792 155 2236 2066 1536 847 984 || mode=vb method=sk_kmeans solver=filo2 stage=post_ls ls=pyvrp iter=1
2026-03-15 13:19:58 | INFO     | Route #40: 2074 1505 515 2403 2338 1139 1824 1492 238 1368 2214 247 202 2364 2211 2026 130 535 1713 1825 || mode=vb method=sk_kmeans solver=filo2 stage=post_ls ls=pyvrp iter=1
2026-03-15 13:19:58 | INFO     | Route #41: 1538 844 7 1986 112 1937 2097 1201 2820 593 2158 8 2486 1460 2603 1707 606 2037 1123 1972 1765 2535 2290 2245 || mode=vb method=sk_kmeans solver=filo2 stage=post_ls ls=pyvrp iter=1
2026-03-15 13:19:58 | INFO     | Route #42: 673 1040 1681 1547 1629 656 1352 2165 2258 1475 161 2385 516 1562 2503 1031 1163 1800 959 1559 1445 249 2748 1369 1844 1726 875 1510 862 || mode=vb method=sk_kmeans solver=filo2 stage=post_ls ls=pyvrp iter=1
2026-03-15 13:19:58 | INFO     | Route #43: 437 1016 1594 1302 979 790 18 1134 17 2062 1235 1603 30 957 2498 110 1367 1297 444 1063 857 || mode=vb method=sk_kmeans solver=filo2 stage=post_ls ls=pyvrp iter=1
2026-03-15 13:19:58 | INFO     | Route #44: 1456 761 316 750 386 2172 2519 108 2289 777 2470 2455 709 942 2414 2872 1554 1202 1796 446 2731 2570 662 || mode=vb method=sk_kmeans solver=filo2 stage=post_ls ls=pyvrp iter=1
2026-03-15 13:19:58 | INFO     | Route #45: 2565 2472 685 534 2583 1268 1735 11 2265 370 614 1007 255 1289 1577 1266 3 294 584 1070 1747 19 1065 2237 || mode=vb method=sk_kmeans solver=filo2 stage=post_ls ls=pyvrp iter=1
2026-03-15 13:19:58 | INFO     | Route #46: 2051 1613 1154 1347 2491 2224 1756 2000 936 1398 879 518 2350 2714 2670 2288 1617 998 1897 2658 1135 2852 1902 266 1968 173 278 450 838 1864 2131 408 511 829 2234 2442 1017 1295 300 1470 259 648 413 1934 48 2883 172 803 2601 2322 244 456 2154 442 1246 2684 1740 2267 1207 1416 1586 2892 2457 524 1186 5 417 2135 1421 2260 2913 2453 2247 620 || mode=vb method=sk_kmeans solver=filo2 stage=post_ls ls=pyvrp iter=1
2026-03-15 13:19:58 | INFO     | Route #47: 232 841 898 2729 1493 14 1349 926 2317 1412 1262 1810 1028 2087 1273 1311 1000 101 1637 2865 2790 1086 || mode=vb method=sk_kmeans solver=filo2 stage=post_ls ls=pyvrp iter=1
2026-03-15 13:19:58 | INFO     | Route #48: 1307 1847 876 1002 1345 458 1172 2832 1954 166 1533 2765 1259 1406 28 2808 2490 2309 1671 1994 1812 931 1621 2169 13 43 2093 958 1877 2792 445 1618 2862 1200 994 2855 2685 1649 126 545 2346 1731 2190 881 997 2096 457 834 2180 331 633 282 2330 918 2475 1092 1404 885 1539 555 531 24 466 2043 64 1711 || mode=vb method=sk_kmeans solver=filo2 stage=post_ls ls=pyvrp iter=1
2026-03-15 13:19:58 | INFO     | Route #49: 520 1590 1162 1851 507 2544 310 2124 971 2513 1254 46 2522 1272 1469 2171 1211 2777 690 934 || mode=vb method=sk_kmeans solver=filo2 stage=post_ls ls=pyvrp iter=1
2026-03-15 13:19:58 | INFO     | Route #50: 2085 1841 1818 2002 1015 2515 2268 1822 229 1511 2065 2564 1886 707 1585 2119 486 1185 2366 1374 1606 757 || mode=vb method=sk_kmeans solver=filo2 stage=post_ls ls=pyvrp iter=1
2026-03-15 13:19:58 | INFO     | Route #51: 1462 1110 1215 2014 1023 479 886 2577 763 642 2854 1502 1338 1029 1106 789 2075 2161 1353 899 113 1653 2868 1373 1182 45 2794 933 1959 559 || mode=vb method=sk_kmeans solver=filo2 stage=post_ls ls=pyvrp iter=1
2026-03-15 13:19:58 | INFO     | Route #52: 2186 1420 1729 1183 179 2378 2235 975 758 1903 2539 1850 2504 1120 177 1153 441 674 964 1010 2352 159 111 || mode=vb method=sk_kmeans solver=filo2 stage=post_ls ls=pyvrp iter=1
2026-03-15 13:19:58 | INFO     | Route #53: 2900 1203 2791 1459 311 2632 235 195 851 1916 1848 911 1467 1777 1761 2111 831 1199 1917 2606 339 2355 1724 || mode=vb method=sk_kmeans solver=filo2 stage=post_ls ls=pyvrp iter=1
2026-03-15 13:19:58 | INFO     | Route #54: 1155 400 1929 2319 2356 2423 1593 2780 818 868 2816 1854 182 243 1409 1636 1829 604 2723 2752 2164 203 || mode=vb method=sk_kmeans solver=filo2 stage=post_ls ls=pyvrp iter=1
2026-03-15 13:19:58 | INFO     | Route #55: 1526 913 989 2492 178 1169 396 2824 552 1783 2733 1190 762 2340 2406 164 1397 2424 1053 196 1836 1285 || mode=vb method=sk_kmeans solver=filo2 stage=post_ls ls=pyvrp iter=1
2026-03-15 13:19:58 | INFO     | Route #56: 1823 2231 410 727 481 154 2595 2787 465 191 1970 85 1705 2365 1592 2540 2899 2782 1853 1872 874 1067 || mode=vb method=sk_kmeans solver=filo2 stage=post_ls ls=pyvrp iter=1
2026-03-15 13:19:58 | INFO     | Route #57: 320 2306 1760 1224 474 1191 907 623 2635 2471 377 753 827 352 726 475 1091 807 2881 422 96 || mode=vb method=sk_kmeans solver=filo2 stage=post_ls ls=pyvrp iter=1
2026-03-15 13:19:58 | INFO     | Route #58: 1770 1360 1435 2569 2653 1715 2551 1260 2426 2168 2626 2399 2343 1689 2506 366 2530 423 1044 1415 290 || mode=vb method=sk_kmeans solver=filo2 stage=post_ls ls=pyvrp iter=1
2026-03-15 13:19:58 | INFO     | Route #59: 131 1158 1574 47 530 554 760 1484 2331 1537 1233 169 1508 1035 1792 682 1686 2072 1939 2256 2568 213 704 || mode=vb method=sk_kmeans solver=filo2 stage=post_ls ls=pyvrp iter=1
2026-03-15 13:19:58 | INFO     | Route #60: 419 541 337 2810 29 1956 2602 565 1599 2384 1230 359 93 405 570 1455 1081 363 2003 2325 || mode=vb method=sk_kmeans solver=filo2 stage=post_ls ls=pyvrp iter=1
2026-03-15 13:19:58 | INFO     | Route #61: 1267 558 1291 2244 1542 2152 1372 891 759 822 2375 2679 1333 1507 2316 1990 2024 1738 393 219 659 2291 2149 279 181 209 2694 353 412 2693 2463 1087 1984 2590 2717 1280 2383 || mode=vb method=sk_kmeans solver=filo2 stage=post_ls ls=pyvrp iter=1
2026-03-15 13:19:58 | INFO     | Route #62: 1385 180 1827 2238 1057 1125 1501 1831 2741 878 740 1570 1098 384 1654 2737 2771 50 1482 1341 1222 1196 1301 2100 2428 2739 1980 1042 1786 992 1647 1943 631 634 748 176 1750 1993 2005 156 2641 2643 1728 436 560 1024 1676 940 1924 220 2651 2672 529 774 274 322 2706 2166 2110 2524 628 361 2550 990 2447 767 2751 || mode=vb method=sk_kmeans solver=filo2 stage=post_ls ls=pyvrp iter=1
2026-03-15 13:19:58 | INFO     | Route #63: 1887 2281 921 61 430 2889 2354 2313 521 125 1124 1176 1685 2392 60 470 26 778 2020 9 2034 1142 || mode=vb method=sk_kmeans solver=filo2 stage=post_ls ls=pyvrp iter=1
2026-03-15 13:19:58 | INFO     | Route #64: 2388 636 1931 1478 1283 389 1237 2150 1826 2556 1151 252 2239 1184 1516 2194 1597 478 2884 746 2710 || mode=vb method=sk_kmeans solver=filo2 stage=post_ls ls=pyvrp iter=1
2026-03-15 13:19:58 | INFO     | Route #65: 1171 666 2429 1156 250 837 348 2431 1001 625 2274 1275 608 1052 1449 599 1914 2266 784 2182 1198 167 379 821 431 2804 1915 367 257 1231 1443 1418 2631 2779 1674 338 1128 260 917 2876 1038 471 1952 2833 1382 1739 2708 1660 226 2430 15 525 2766 233 944 2563 1904 277 939 513 1819 52 || mode=vb method=sk_kmeans solver=filo2 stage=post_ls ls=pyvrp iter=1
2026-03-15 13:19:58 | INFO     | Route #66: 2750 2187 1090 459 2396 1 71 579 1941 2102 2412 132 566 2785 1408 1702 906 258 372 497 1342 1074 1022 2800 1522 2690 2586 1928 2623 1410 1951 1688 2368 1253 2394 6 638 2060 1935 323 1255 2839 2495 1567 2308 1709 2904 2377 1242 171 194 505 1013 1530 1327 2511 1926 490 2743 955 2382 1047 1745 995 || mode=vb method=sk_kmeans solver=filo2 stage=post_ls ls=pyvrp iter=1
2026-03-15 13:19:58 | INFO     | Route #67: 2725 63 2347 960 756 2129 2636 2837 2248 710 2462 901 2773 2650 925 296 976 694 1878 2261 2572 1858 || mode=vb method=sk_kmeans solver=filo2 stage=post_ls ls=pyvrp iter=1
2026-03-15 13:19:58 | INFO     | Route #68: 397 1991 342 1463 1892 641 385 581 1405 2736 1193 1497 2767 1652 1319 1192 2420 1329 2227 684 1485 1453 || mode=vb method=sk_kmeans solver=filo2 stage=post_ls ls=pyvrp iter=1
2026-03-15 13:19:58 | INFO     | Route #69: 2722 1471 163 1737 510 1045 2665 1979 738 421 449 887 1769 1056 1778 133 2834 526 1813 2012 2413 27 2042 1129 355 469 1973 2909 1901 1403 2371 519 1714 2578 234 429 1906 1815 1580 1425 1520 1821 1664 1361 2321 1270 276 328 1717 1732 1684 1356 1115 2896 1448 1742 929 1837 2078 448 1919 1021 805 1584 860 || mode=vb method=sk_kmeans solver=filo2 stage=post_ls ls=pyvrp iter=1
2026-03-15 13:19:58 | INFO     | Route #70: 2493 1579 1334 730 2875 88 1781 2497 1025 1217 1093 2296 343 609 1066 2071 81 1179 1898 1525 || mode=vb method=sk_kmeans solver=filo2 stage=post_ls ls=pyvrp iter=1
2026-03-15 13:19:58 | INFO     | Route #71: 1595 1102 2754 2501 711 1976 2207 2608 1026 1450 216 2167 1992 573 70 2056 2228 2809 2395 1113 696 1225 1687 188 2404 1221 2895 1401 2516 2079 2633 2562 1147 1762 1084 1622 1644 603 1698 787 893 2464 2230 || mode=vb method=sk_kmeans solver=filo2 stage=post_ls ls=pyvrp iter=1
2026-03-15 13:19:58 | INFO     | Route #72: 312 2890 36 2473 616 2456 1234 87 57 185 440 956 2488 1048 582 1358 1932 2048 1840 482 1645 1573 2906 92 2145 1881 590 1005 68 138 2487 2552 147 2136 624 1375 2662 2659 1587 2612 1174 563 420 289 1337 1803 77 2393 2127 1816 2434 2769 1927 1605 2123 2098 280 1495 2838 695 464 319 1891 2362 1801 2417 1964 649 647 2857 || mode=vb method=sk_kmeans solver=filo2 stage=post_ls ls=pyvrp iter=1
2026-03-15 13:19:58 | INFO     | Route #73: 1480 2864 1578 1871 2485 1746 1247 1767 2307 2333 1833 2812 1867 2702 139 1424 877 945 2647 970 2716 810 || mode=vb method=sk_kmeans solver=filo2 stage=post_ls ls=pyvrp iter=1
2026-03-15 13:19:58 | INFO     | Route #74: 785 2312 2049 1514 321 1863 532 2009 825 317 225 1626 1293 123 1164 2176 769 910 506 663 1561 || mode=vb method=sk_kmeans solver=filo2 stage=post_ls ls=pyvrp iter=1
2026-03-15 13:19:58 | INFO     | Route #75: 2630 2861 533 2055 776 2070 1118 702 135 1379 894 251 1248 665 2905 1144 118 1721 2627 2701 || mode=vb method=sk_kmeans solver=filo2 stage=post_ls ls=pyvrp iter=1
2026-03-15 13:19:58 | INFO     | Route #76: 2407 671 2015 977 1755 1960 406 2198 2125 1596 2050 1521 2027 1076 1050 1920 1318 1659 1930 587 591 1558 298 1948 1391 2195 627 2609 1011 2174 314 1679 595 2233 946 2871 2011 2699 2028 402 923 2719 2676 354 325 1006 2547 2711 1798 2440 2450 1111 443 308 550 1543 537 557 1131 2323 935 575 1396 630 2822 2724 264 1365 1544 962 2140 168 1055 1428 332 || mode=vb method=sk_kmeans solver=filo2 stage=post_ls ls=pyvrp iter=1
2026-03-15 13:19:58 | INFO     | Route #77: 1754 1499 815 853 2902 1286 275 1392 2727 1582 2649 140 2094 1531 775 193 2099 1842 2489 1870 672 1678 2314 1061 || mode=vb method=sk_kmeans solver=filo2 stage=post_ls ls=pyvrp iter=1
2026-03-15 13:19:58 | INFO     | Route #78: 2668 1378 1782 2159 1873 1209 1249 2068 1552 2828 1661 1683 358 1099 242 2212 1432 601 1744 283 2311 1695 1512 || mode=vb method=sk_kmeans solver=filo2 stage=post_ls ls=pyvrp iter=1
2026-03-15 13:19:58 | INFO     | Route #79: 1682 1326 1882 2103 2041 2687 1811 2349 1494 1170 1020 10 2637 2468 2254 747 1049 2218 883 1097 2058 2270 2427 1240 1112 1229 2327 546 1528 1305 2208 493 2518 1438 1785 2153 1290 2476 1122 124 864 1265 731 2827 1600 2091 2017 54 1009 2363 2697 806 346 678 867 2805 2669 1790 2259 1895 1975 1957 843 || mode=vb method=sk_kmeans solver=filo2 stage=post_ls ls=pyvrp iter=1
2026-03-15 13:19:58 | INFO     | Route #80: 840 1608 724 865 373 930 982 79 1985 567 915 1245 2252 2618 2756 1281 2742 1395 687 2183 2179 1332 || mode=vb method=sk_kmeans solver=filo2 stage=post_ls ls=pyvrp iter=1
2026-03-15 13:19:58 | INFO     | Route #81: 2444 1407 1220 1479 1806 2285 2484 861 2344 1339 1623 1890 869 116 1938 2191 1527 1642 1292 2086 2275 2829 403 2116 655 2878 2735 1216 2534 1974 307 1181 816 1145 2029 676 2437 2712 240 2409 67 86 32 1725 610 1591 1703 2104 2624 2439 2157 669 12 783 2538 95 661 433 || mode=vb method=sk_kmeans solver=filo2 stage=post_ls ls=pyvrp iter=1
2026-03-15 13:19:58 | INFO     | Route #82: 1197 1316 2841 2369 728 119 2139 2801 2162 487 425 689 2446 2441 58 2576 522 719 2874 699 476 1553 374 1271 2680 574 262 2204 295 1913 1243 2284 987 2402 1274 2615 1513 2591 2315 2082 2386 2466 1314 2738 2634 2691 2545 1250 2410 2549 2329 2360 2374 2869 2324 1846 650 2163 2448 961 2255 2143 872 2038 1759 2178 796 2379 553 895 || mode=vb method=sk_kmeans solver=filo2 stage=post_ls ls=pyvrp iter=1
2026-03-15 13:19:58 | INFO     | Route #83: 2757 721 1454 210 871 256 2638 2677 594 2435 1308 1977 2745 127 212 708 291 1933 2505 1529 651 1206 || mode=vb method=sk_kmeans solver=filo2 stage=post_ls ls=pyvrp iter=1
2026-03-15 13:19:58 | INFO     | Route #84: 1312 2226 1768 2746 811 222 1859 1072 369 1860 2391 2525 2897 985 549 2109 467 461 254 1370 394 2389 1563 91 1589 2054 820 1912 286 1757 2367 2863 391 2443 580 65 1875 2879 664 217 833 2018 2797 668 2269 1566 1899 34 880 968 272 2013 900 53 1668 2803 2144 675 || mode=vb method=sk_kmeans solver=filo2 stage=post_ls ls=pyvrp iter=1
2026-03-15 13:19:58 | INFO     | Route #85: 1820 414 902 888 2703 1876 427 717 2482 2120 454 852 1635 438 84 863 1386 2541 2081 2605 1727 1436 1921 646 543 285 1569 2584 927 2621 281 1004 1832 2467 1835 2469 1465 937 2666 2342 22 1884 1911 920 1518 344 1910 2908 197 435 2262 2298 1795 1389 268 1107 109 || mode=vb method=sk_kmeans solver=filo2 stage=post_ls ls=pyvrp iter=1
2026-03-15 13:19:58 | INFO     | Route #86: 1043 2671 2811 383 392 146 141 2200 41 2500 2853 2134 137 2451 2654 75 1212 1560 1627 589 2332 1068 1657 2695 207 1069 303 2755 407 949 583 187 2728 62 2184 718 1238 451 || mode=vb method=sk_kmeans solver=filo2 stage=post_ls ls=pyvrp iter=1
2026-03-15 13:19:58 | INFO     | Route #87: 2554 2713 2885 1997 1393 1944 2452 1701 1114 148 1995 2836 55 2263 362 615 1602 23 2196 76 732 1694 916 1856 || mode=vb method=sk_kmeans solver=filo2 stage=post_ls ls=pyvrp iter=1
2026-03-15 13:19:58 | INFO     | Route #88: 2032 1763 2170 1218 2292 2063 1710 409 1189 2271 1610 42 1178 1672 1269 1766 117 845 184 802 1784 483 97 2036 2249 2222 1324 1719 327 1447 561 73 376 698 817 2508 2663 2279 2764 999 1504 2118 2181 2021 || mode=vb method=sk_kmeans solver=filo2 stage=post_ls ls=pyvrp iter=1
2026-03-15 13:19:58 | INFO     | Route #89: 1612 1741 1808 2795 1855 2730 2886 800 306 2064 854 1477 2345 2113 2866 564 2372 1335 1869 411 || mode=vb method=sk_kmeans solver=filo2 stage=post_ls ls=pyvrp iter=1
2026-03-15 13:19:58 | INFO     | Route #90: 2911 2210 2700 1809 1330 701 2553 360 809 2328 1535 1434 398 1133 2483 654 2053 2793 2335 1908 2819 1143 2846 368 103 269 1348 2069 2775 2705 1036 1344 2272 2806 208 271 2587 745 129 1033 1797 1794 2007 489 1490 2151 2734 2297 1523 2445 2045 2579 357 683 2823 2223 2073 1371 2189 866 2721 2817 1219 1704 || mode=vb method=sk_kmeans solver=filo2 stage=post_ls ls=pyvrp iter=1
2026-03-15 13:19:58 | INFO     | Route #91: 2405 1384 201 1277 2044 2499 1665 734 703 2644 1663 1264 1100 1706 539 2566 2674 1940 2477 974 500 1633 2035 || mode=vb method=sk_kmeans solver=filo2 stage=post_ls ls=pyvrp iter=1
2026-03-15 13:19:58 | INFO     | Route #92: 2088 175 2514 1208 1571 491 1140 739 1310 2264 2240 735 1541 2480 1077 658 1227 228 1662 1328 2040 2910 1489 || mode=vb method=sk_kmeans solver=filo2 stage=post_ls ls=pyvrp iter=1
2026-03-15 13:19:58 | INFO     | Route #93: 1720 463 2761 2353 270 1232 2242 1417 2201 297 2619 632 333 2574 460 2893 2357 82 972 1693 896 2537 2339 2287 434 472 2778 1500 1364 2390 231 2419 1126 2529 2006 2802 150 1444 1317 2740 598 576 849 || mode=vb method=sk_kmeans solver=filo2 stage=post_ls ls=pyvrp iter=1
2026-03-15 13:19:58 | INFO     | Route #94: 2305 44 1601 741 162 786 2533 1304 2763 265 2815 804 2903 947 819 2571 2299 2300 2877 40 1955 736 || mode=vb method=sk_kmeans solver=filo2 stage=post_ls ls=pyvrp iter=1
2026-03-15 13:19:58 | INFO     | Route #95: 1188 2112 538 1414 1572 1888 237 2732 2304 1983 1073 89 2844 2320 1961 720 832 2688 965 1874 1793 2661 1481 2077 2294 1214 2831 2025 4 2147 578 1205 948 2512 2639 523 2257 952 751 1136 1893 1764 596 848 1691 586 2282 2589 200 782 2303 1965 2177 2203 1748 527 2023 74 2273 2768 859 1648 1857 512 1843 1950 1861 1486 120 || mode=vb method=sk_kmeans solver=filo2 stage=post_ls ls=pyvrp iter=1
2026-03-15 13:19:58 | INFO     | 
2026-03-15 13:19:58 | INFO     | [BEST SOLUTION ROUTE SUMMARY]
2026-03-15 13:19:58 | INFO     | --------------------------------------------------------------------------------
2026-03-15 13:19:58 | INFO     |   95 routes | VB    | sk_kmeans       | solver=filo2      | stage=post_ls | ls=pyvrp
2026-03-15 13:19:58 | INFO     | 
2026-03-15 13:19:58 | INFO     | [ROUTE POOL SUMMARY]
2026-03-15 13:19:58 | INFO     |   191 routes | VB | fcm | solver=filo1 | stage=post_ls | ls=pyvrp
2026-03-15 13:19:58 | INFO     |    95 routes | VB | sk_kmeans | solver=filo2 | stage=post_ls | ls=pyvrp
2026-03-15 13:19:58 | INFO     |    94 routes | VB | sk_ac_avg | solver=filo2 | stage=post_ls | ls=pyvrp
2026-03-15 13:19:58 | INFO     |    83 routes | RB | sk_kmeans | solver=filo2 | stage=post_ls | ls=pyvrp
2026-03-15 13:19:58 | INFO     | [XL-n2914-k95 NO-IMPROVEMENT] best_cost=89509 | streak=4 | Gap: 0.6828%
2026-03-15 13:19:58 | INFO     | [XL-n2914-k95 ITERATION-TIMES 5] cluster=0.748s routing=1385.423s ls=75.364s total=1461.565s
2026-03-15 13:19:58 | INFO     | [XL-n2914-k95 ITERATION 6] mode=RB method=sk_kmeans k=10 solver=filo1 ls=pyvrp
2026-03-15 13:19:59 | INFO     | [XL-n2914-k95 CLUSTER] method=sk_kmeans k=10 | sizes=[424, 306, 111, 227, 423, 263, 270, 135, 221, 533] | min=111 max=533 avg=291.3
2026-03-15 13:19:59 | INFO     | [XL-n2914-k95 ROUTING] Solving clusters with filo1
2026-03-15 13:53:36 | INFO     | [XL-n2914-k95 SCP] pruning_mode=diversity
2026-03-15 13:53:36 | INFO     | [XL-n2914-k95 SCP] solver=gurobi_mip | route_pool=539
2026-03-15 13:53:37 | INFO     | [XL-n2914-k95 SCP] optimal solution found
2026-03-15 13:55:22 | INFO     | [XL-n2914-k95 IMPROVED-SCP] best_cost=89468 | Gap: 0.6367%
2026-03-15 13:55:22 | INFO     | [XL-n2914-k95 ITERATION-TIMES 6] cluster=0.968s routing=1891.387s ls=125.519s scp=106.154s total=2124.047s
2026-03-15 13:55:22 | INFO     | [XL-n2914-k95 ITERATION 7] mode=VB method=fcm k=9 solver=pyvrp ls=pyvrp
2026-03-15 13:56:29 | INFO     | [XL-n2914-k95 CLUSTER] method=fcm k=9 | sizes=[284, 403, 435, 212, 225, 377, 528, 213, 236] | min=212 max=528 avg=323.7
2026-03-15 13:56:29 | INFO     | [XL-n2914-k95 ROUTING] Solving clusters with pyvrp
2026-03-15 14:09:07 | INFO     | [XL-n2914-k95 NO-IMPROVEMENT] best_cost=89468 | streak=1 | Gap: 0.6367%
2026-03-15 14:09:07 | INFO     | [XL-n2914-k95 ITERATION-TIMES 7] cluster=66.204s routing=638.399s ls=119.773s total=824.411s
2026-03-15 14:09:07 | INFO     | [XL-n2914-k95 ITERATION 8] mode=VB method=k_medoids_pyclustering k=8 solver=filo1 ls=pyvrp
2026-03-15 14:15:05 | INFO     | [XL-n2914-k95 CLUSTER] method=k_medoids_pyclustering k=8 | sizes=[604, 223, 644, 235, 429, 189, 277, 312] | min=189 max=644 avg=364.1
2026-03-15 14:15:05 | INFO     | [XL-n2914-k95 ROUTING] Solving clusters with filo1
2026-03-15 15:08:38 | INFO     | 
2026-03-15 15:08:38 | INFO     | ================================================================================
2026-03-15 15:08:38 | INFO     | [XL-n2914-k95] PERIODIC SNAPSHOT SNAPSHOT_002
2026-03-15 15:08:38 | INFO     | ================================================================================
2026-03-15 15:08:38 | INFO     | Route #1: 1787 2033 69 754 371 1699 1241 1075 1611 1708 49 569 2561 2835 1619 592 712 795 2772 2221 941 1918 || mode=vb method=sk_kmeans solver=filo2 stage=post_ls ls=pyvrp iter=1
2026-03-15 15:08:38 | INFO     | Route #2: 969 544 33 1030 1452 2598 836 2232 102 1422 2770 100 983 2253 426 375 733 1130 186 645 966 2398 267 || mode=vb method=sk_kmeans solver=filo2 stage=post_ls ls=pyvrp iter=1
2026-03-15 15:08:38 | INFO     | Route #3: 2845 1059 1650 2543 2842 2295 1632 20 1496 59 770 341 2241 390 680 455 2080 1615 2137 2847 2220 577 1658 || mode=vb method=sk_kmeans solver=filo2 stage=post_ls ls=pyvrp iter=1
2026-03-15 15:08:38 | INFO     | Route #4: 114 2494 908 850 1656 1758 1089 2205 540 16 1967 432 2607 1096 1461 2280 605 1354 1949 1697 1862 993 || mode=vb method=sk_kmeans solver=filo2 stage=post_ls ls=pyvrp iter=1
2026-03-15 15:08:38 | INFO     | Route #5: 1607 1598 428 485 508 51 618 1442 253 477 1180 293 1321 2277 967 2882 1177 183 2760 706 484 2361 || mode=vb method=sk_kmeans solver=filo2 stage=post_ls ls=pyvrp iter=1
2026-03-15 15:08:38 | INFO     | Route #6: 1651 2850 2481 2830 2046 791 404 2894 2397 2107 2387 2610 2415 1388 151 2657 621 349 2225 2126 824 || mode=vb method=sk_kmeans solver=filo2 stage=post_ls ls=pyvrp iter=1
2026-03-15 15:08:38 | INFO     | Route #7: 2146 1167 2115 1655 2629 858 1263 107 223 1441 334 1008 245 31 1256 1978 2774 2336 1712 2243 729 2358 1166 || mode=vb method=sk_kmeans solver=filo2 stage=post_ls ls=pyvrp iter=1
2026-03-15 15:08:38 | INFO     | Route #8: 2528 919 842 239 2422 2400 2600 1925 1430 1646 2175 1639 1390 2251 2818 1299 772 90 2645 424 835 || mode=vb method=sk_kmeans solver=filo2 stage=post_ls ls=pyvrp iter=1
2026-03-15 15:08:38 | INFO     | Route #9: 2620 2526 2788 1946 2083 1039 700 2416 299 305 548 2449 1546 198 1472 1540 2433 514 1376 273 2870 2856 2132 || mode=vb method=sk_kmeans solver=filo2 stage=post_ls ls=pyvrp iter=1
2026-03-15 15:08:38 | INFO     | Route #10: 2425 2726 2840 1503 828 1071 737 643 2783 793 1427 2206 205 2559 2825 106 1276 2696 2567 1723 1773 2008 1625 1320 2656 1885 798 1620 1226 21 2747 713 1909 2592 517 1673 629 2762 1064 1012 509 2373 808 1104 1524 640 1034 660 345 725 951 1868 128 2580 1734 72 779 1491 190 382 152 1464 || mode=vb method=sk_kmeans solver=filo2 stage=post_ls ls=pyvrp iter=1
2026-03-15 15:08:38 | INFO     | Route #11: 2604 2502 324 2646 78 2520 143 2479 1343 1439 1753 1834 1228 938 1323 2326 2019 302 705 1722 752 248 2156 || mode=vb method=sk_kmeans solver=filo2 stage=post_ls ls=pyvrp iter=1
2026-03-15 15:08:38 | INFO     | Route #12: 122 66 743 780 889 83 189 401 158 1362 2090 1309 2229 416 903 2536 2860 1296 1966 1971 170 2318 || mode=vb method=sk_kmeans solver=filo2 stage=post_ls ls=pyvrp iter=1
2026-03-15 15:08:38 | INFO     | Route #13: 2067 2625 1799 986 635 496 693 2057 1568 547 387 2401 542 846 2022 230 2337 1138 797 1700 99 1078 1058 || mode=vb method=sk_kmeans solver=filo2 stage=post_ls ls=pyvrp iter=1
2026-03-15 15:08:38 | INFO     | Route #14: 1743 1466 378 953 284 2614 801 2807 2628 912 380 1476 80 1137 1046 812 1807 788 1340 2887 2689 || mode=vb method=sk_kmeans solver=filo2 stage=post_ls ls=pyvrp iter=1
2026-03-15 15:08:38 | INFO     | Route #15: 204 1336 2660 1119 1437 1402 1446 2059 766 2250 1982 1278 2648 2193 2101 571 2348 1670 2510 1690 2655 98 || mode=vb method=sk_kmeans solver=filo2 stage=post_ls ls=pyvrp iter=1
2026-03-15 15:08:38 | INFO     | Route #16: 211 1969 1132 330 1303 473 2704 1359 2199 2458 1675 1173 1083 2030 399 1775 2039 600 2459 536 157 1003 || mode=vb method=sk_kmeans solver=filo2 stage=post_ls ls=pyvrp iter=1
2026-03-15 15:08:38 | INFO     | Route #17: 1889 1054 494 1667 1315 1922 670 1357 1624 105 2031 1019 1894 1609 823 1474 488 261 2092 2642 1159 2106 2001 144 || mode=vb method=sk_kmeans solver=filo2 stage=post_ls ls=pyvrp iter=1
2026-03-15 15:08:38 | INFO     | Route #18: 1116 224 2465 2813 1989 2283 1616 691 1419 2286 1346 1564 617 686 1749 1488 1141 2061 1988 2781 || mode=vb method=sk_kmeans solver=filo2 stage=post_ls ls=pyvrp iter=1
2026-03-15 15:08:38 | INFO     | Route #19: 326 2715 2796 2744 1588 115 2698 287 2558 2898 2799 1791 744 611 2848 1780 2867 619 1165 1282 924 221 2380 1313 905 1109 2611 2173 1551 || mode=vb method=sk_kmeans solver=filo2 stage=post_ls ls=pyvrp iter=1
2026-03-15 15:08:38 | INFO     | Route #20: 1506 1325 1157 1117 963 1148 914 1251 1828 909 2202 381 1468 501 2114 2460 2597 1168 2814 1575 1451 1936 || mode=vb method=sk_kmeans solver=filo2 stage=post_ls ls=pyvrp iter=1
2026-03-15 15:08:38 | INFO     | Route #21: 2907 1519 1692 2560 1963 2581 2776 1666 2370 681 25 439 318 1094 145 1213 2122 562 2683 2901 1669 988 || mode=vb method=sk_kmeans solver=filo2 stage=post_ls ls=pyvrp iter=1
2026-03-15 15:08:38 | INFO     | Route #22: 1244 1223 2826 2686 452 1614 723 1051 1146 1062 104 716 773 301 1680 1776 792 155 2236 2066 1536 847 984 || mode=vb method=sk_kmeans solver=filo2 stage=post_ls ls=pyvrp iter=1
2026-03-15 15:08:38 | INFO     | Route #23: 2074 1505 515 2403 2338 1139 1824 1492 238 1368 2214 247 202 2364 2211 2026 130 535 1713 1825 || mode=vb method=sk_kmeans solver=filo2 stage=post_ls ls=pyvrp iter=1
2026-03-15 15:08:38 | INFO     | Route #24: 1538 844 7 1986 112 1937 2097 1201 2820 593 2158 8 2486 1460 2603 1707 606 2037 1123 1972 1765 2535 2290 2245 || mode=vb method=sk_kmeans solver=filo2 stage=post_ls ls=pyvrp iter=1
2026-03-15 15:08:38 | INFO     | Route #25: 673 1040 1681 1547 1629 656 1352 2165 2258 1475 161 2385 516 1562 2503 1031 1163 1800 959 1559 1445 249 2748 1369 1844 1726 875 1510 862 || mode=vb method=sk_kmeans solver=filo2 stage=post_ls ls=pyvrp iter=1
2026-03-15 15:08:38 | INFO     | Route #26: 1456 761 316 750 386 2172 2519 108 2289 777 2470 2455 709 942 2414 2872 1554 1202 1796 446 2731 2570 662 || mode=vb method=sk_kmeans solver=filo2 stage=post_ls ls=pyvrp iter=1
2026-03-15 15:08:38 | INFO     | Route #27: 2051 1613 1154 1347 2491 2224 1756 2000 936 1398 879 518 2350 2714 2670 2288 1617 998 1897 2658 1135 2852 1902 266 1968 173 278 450 838 1864 2131 408 511 829 2234 2442 1017 1295 300 1470 259 648 413 1934 48 2883 172 803 2601 2322 244 456 2154 442 1246 2684 1740 2267 1207 1416 1586 2892 2457 524 1186 5 417 2135 1421 2260 2913 2453 2247 620 || mode=vb method=sk_kmeans solver=filo2 stage=post_ls ls=pyvrp iter=1
2026-03-15 15:08:38 | INFO     | Route #28: 1307 1847 876 1002 1345 458 1172 2832 1954 166 1533 2765 1259 1406 28 2808 2490 2309 1671 1994 1812 931 1621 2169 13 43 2093 958 1877 2792 445 1618 2862 1200 994 2855 2685 1649 126 545 2346 1731 2190 881 997 2096 457 834 2180 331 633 282 2330 918 2475 1092 1404 885 1539 555 531 24 466 2043 64 1711 || mode=vb method=sk_kmeans solver=filo2 stage=post_ls ls=pyvrp iter=1
2026-03-15 15:08:38 | INFO     | Route #29: 520 1590 1162 1851 507 2544 310 2124 971 2513 1254 46 2522 1272 1469 2171 1211 2777 690 934 || mode=vb method=sk_kmeans solver=filo2 stage=post_ls ls=pyvrp iter=1
2026-03-15 15:08:38 | INFO     | Route #30: 2186 1420 1729 1183 179 2378 2235 975 758 1903 2539 1850 2504 1120 177 1153 441 674 964 1010 2352 159 111 || mode=vb method=sk_kmeans solver=filo2 stage=post_ls ls=pyvrp iter=1
2026-03-15 15:08:38 | INFO     | Route #31: 1526 913 989 2492 178 1169 396 2824 552 1783 2733 1190 762 2340 2406 164 1397 2424 1053 196 1836 1285 || mode=vb method=sk_kmeans solver=filo2 stage=post_ls ls=pyvrp iter=1
2026-03-15 15:08:38 | INFO     | Route #32: 1823 2231 410 727 481 154 2595 2787 465 191 1970 85 1705 2365 1592 2540 2899 2782 1853 1872 874 1067 || mode=vb method=sk_kmeans solver=filo2 stage=post_ls ls=pyvrp iter=1
2026-03-15 15:08:38 | INFO     | Route #33: 1770 1360 1435 2569 2653 1715 2551 1260 2426 2168 2626 2399 2343 1689 2506 366 2530 423 1044 1415 290 || mode=vb method=sk_kmeans solver=filo2 stage=post_ls ls=pyvrp iter=1
2026-03-15 15:08:38 | INFO     | Route #34: 1267 558 1291 2244 1542 2152 1372 891 759 822 2375 2679 1333 1507 2316 1990 2024 1738 393 219 659 2291 2149 279 181 209 2694 353 412 2693 2463 1087 1984 2590 2717 1280 2383 || mode=vb method=sk_kmeans solver=filo2 stage=post_ls ls=pyvrp iter=1
2026-03-15 15:08:38 | INFO     | Route #35: 1385 180 1827 2238 1057 1125 1501 1831 2741 878 740 1570 1098 384 1654 2737 2771 50 1482 1341 1222 1196 1301 2100 2428 2739 1980 1042 1786 992 1647 1943 631 634 748 176 1750 1993 2005 156 2641 2643 1728 436 560 1024 1676 940 1924 220 2651 2672 529 774 274 322 2706 2166 2110 2524 628 361 2550 990 2447 767 2751 || mode=vb method=sk_kmeans solver=filo2 stage=post_ls ls=pyvrp iter=1
2026-03-15 15:08:38 | INFO     | Route #36: 2388 636 1931 1478 1283 389 1237 2150 1826 2556 1151 252 2239 1184 1516 2194 1597 478 2884 746 2710 || mode=vb method=sk_kmeans solver=filo2 stage=post_ls ls=pyvrp iter=1
2026-03-15 15:08:38 | INFO     | Route #37: 1171 666 2429 1156 250 837 348 2431 1001 625 2274 1275 608 1052 1449 599 1914 2266 784 2182 1198 167 379 821 431 2804 1915 367 257 1231 1443 1418 2631 2779 1674 338 1128 260 917 2876 1038 471 1952 2833 1382 1739 2708 1660 226 2430 15 525 2766 233 944 2563 1904 277 939 513 1819 52 || mode=vb method=sk_kmeans solver=filo2 stage=post_ls ls=pyvrp iter=1
2026-03-15 15:08:38 | INFO     | Route #38: 2750 2187 1090 459 2396 1 71 579 1941 2102 2412 132 566 2785 1408 1702 906 258 372 497 1342 1074 1022 2800 1522 2690 2586 1928 2623 1410 1951 1688 2368 1253 2394 6 638 2060 1935 323 1255 2839 2495 1567 2308 1709 2904 2377 1242 171 194 505 1013 1530 1327 2511 1926 490 2743 955 2382 1047 1745 995 || mode=vb method=sk_kmeans solver=filo2 stage=post_ls ls=pyvrp iter=1
2026-03-15 15:08:38 | INFO     | Route #39: 397 1991 342 1463 1892 641 385 581 1405 2736 1193 1497 2767 1652 1319 1192 2420 1329 2227 684 1485 1453 || mode=vb method=sk_kmeans solver=filo2 stage=post_ls ls=pyvrp iter=1
2026-03-15 15:08:38 | INFO     | Route #40: 2722 1471 163 1737 510 1045 2665 1979 738 421 449 887 1769 1056 1778 133 2834 526 1813 2012 2413 27 2042 1129 355 469 1973 2909 1901 1403 2371 519 1714 2578 234 429 1906 1815 1580 1425 1520 1821 1664 1361 2321 1270 276 328 1717 1732 1684 1356 1115 2896 1448 1742 929 1837 2078 448 1919 1021 805 1584 860 || mode=vb method=sk_kmeans solver=filo2 stage=post_ls ls=pyvrp iter=1
2026-03-15 15:08:38 | INFO     | Route #41: 2493 1579 1334 730 2875 88 1781 2497 1025 1217 1093 2296 343 609 1066 2071 81 1179 1898 1525 || mode=vb method=sk_kmeans solver=filo2 stage=post_ls ls=pyvrp iter=1
2026-03-15 15:08:38 | INFO     | Route #42: 1595 1102 2754 2501 711 1976 2207 2608 1026 1450 216 2167 1992 573 70 2056 2228 2809 2395 1113 696 1225 1687 188 2404 1221 2895 1401 2516 2079 2633 2562 1147 1762 1084 1622 1644 603 1698 787 893 2464 2230 || mode=vb method=sk_kmeans solver=filo2 stage=post_ls ls=pyvrp iter=1
2026-03-15 15:08:38 | INFO     | Route #43: 312 2890 36 2473 616 2456 1234 87 57 185 440 956 2488 1048 582 1358 1932 2048 1840 482 1645 1573 2906 92 2145 1881 590 1005 68 138 2487 2552 147 2136 624 1375 2662 2659 1587 2612 1174 563 420 289 1337 1803 77 2393 2127 1816 2434 2769 1927 1605 2123 2098 280 1495 2838 695 464 319 1891 2362 1801 2417 1964 649 647 2857 || mode=vb method=sk_kmeans solver=filo2 stage=post_ls ls=pyvrp iter=1
2026-03-15 15:08:38 | INFO     | Route #44: 1480 2864 1578 1871 2485 1746 1247 1767 2307 2333 1833 2812 1867 2702 139 1424 877 945 2647 970 2716 810 || mode=vb method=sk_kmeans solver=filo2 stage=post_ls ls=pyvrp iter=1
2026-03-15 15:08:38 | INFO     | Route #45: 785 2312 2049 1514 321 1863 532 2009 825 317 225 1626 1293 123 1164 2176 769 910 506 663 1561 || mode=vb method=sk_kmeans solver=filo2 stage=post_ls ls=pyvrp iter=1
2026-03-15 15:08:38 | INFO     | Route #46: 2630 2861 533 2055 776 2070 1118 702 135 1379 894 251 1248 665 2905 1144 118 1721 2627 2701 || mode=vb method=sk_kmeans solver=filo2 stage=post_ls ls=pyvrp iter=1
2026-03-15 15:08:38 | INFO     | Route #47: 2407 671 2015 977 1755 1960 406 2198 2125 1596 2050 1521 2027 1076 1050 1920 1318 1659 1930 587 591 1558 298 1948 1391 2195 627 2609 1011 2174 314 1679 595 2233 946 2871 2011 2699 2028 402 923 2719 2676 354 325 1006 2547 2711 1798 2440 2450 1111 443 308 550 1543 537 557 1131 2323 935 575 1396 630 2822 2724 264 1365 1544 962 2140 168 1055 1428 332 || mode=vb method=sk_kmeans solver=filo2 stage=post_ls ls=pyvrp iter=1
2026-03-15 15:08:38 | INFO     | Route #48: 1754 1499 815 853 2902 1286 275 1392 2727 1582 2649 140 2094 1531 775 193 2099 1842 2489 1870 672 1678 2314 1061 || mode=vb method=sk_kmeans solver=filo2 stage=post_ls ls=pyvrp iter=1
2026-03-15 15:08:38 | INFO     | Route #49: 2668 1378 1782 2159 1873 1209 1249 2068 1552 2828 1661 1683 358 1099 242 2212 1432 601 1744 283 2311 1695 1512 || mode=vb method=sk_kmeans solver=filo2 stage=post_ls ls=pyvrp iter=1
2026-03-15 15:08:38 | INFO     | Route #50: 840 1608 724 865 373 930 982 79 1985 567 915 1245 2252 2618 2756 1281 2742 1395 687 2183 2179 1332 || mode=vb method=sk_kmeans solver=filo2 stage=post_ls ls=pyvrp iter=1
2026-03-15 15:08:38 | INFO     | Route #51: 1197 1316 2841 2369 728 119 2139 2801 2162 487 425 689 2446 2441 58 2576 522 719 2874 699 476 1553 374 1271 2680 574 262 2204 295 1913 1243 2284 987 2402 1274 2615 1513 2591 2315 2082 2386 2466 1314 2738 2634 2691 2545 1250 2410 2549 2329 2360 2374 2869 2324 1846 650 2163 2448 961 2255 2143 872 2038 1759 2178 796 2379 553 895 || mode=vb method=sk_kmeans solver=filo2 stage=post_ls ls=pyvrp iter=1
2026-03-15 15:08:38 | INFO     | Route #52: 1312 2226 1768 2746 811 222 1859 1072 369 1860 2391 2525 2897 985 549 2109 467 461 254 1370 394 2389 1563 91 1589 2054 820 1912 286 1757 2367 2863 391 2443 580 65 1875 2879 664 217 833 2018 2797 668 2269 1566 1899 34 880 968 272 2013 900 53 1668 2803 2144 675 || mode=vb method=sk_kmeans solver=filo2 stage=post_ls ls=pyvrp iter=1
2026-03-15 15:08:38 | INFO     | Route #53: 1820 414 902 888 2703 1876 427 717 2482 2120 454 852 1635 438 84 863 1386 2541 2081 2605 1727 1436 1921 646 543 285 1569 2584 927 2621 281 1004 1832 2467 1835 2469 1465 937 2666 2342 22 1884 1911 920 1518 344 1910 2908 197 435 2262 2298 1795 1389 268 1107 109 || mode=vb method=sk_kmeans solver=filo2 stage=post_ls ls=pyvrp iter=1
2026-03-15 15:08:38 | INFO     | Route #54: 1043 2671 2811 383 392 146 141 2200 41 2500 2853 2134 137 2451 2654 75 1212 1560 1627 589 2332 1068 1657 2695 207 1069 303 2755 407 949 583 187 2728 62 2184 718 1238 451 || mode=vb method=sk_kmeans solver=filo2 stage=post_ls ls=pyvrp iter=1
2026-03-15 15:08:38 | INFO     | Route #55: 1612 1741 1808 2795 1855 2730 2886 800 306 2064 854 1477 2345 2113 2866 564 2372 1335 1869 411 || mode=vb method=sk_kmeans solver=filo2 stage=post_ls ls=pyvrp iter=1
2026-03-15 15:08:38 | INFO     | Route #56: 2911 2210 2700 1809 1330 701 2553 360 809 2328 1535 1434 398 1133 2483 654 2053 2793 2335 1908 2819 1143 2846 368 103 269 1348 2069 2775 2705 1036 1344 2272 2806 208 271 2587 745 129 1033 1797 1794 2007 489 1490 2151 2734 2297 1523 2445 2045 2579 357 683 2823 2223 2073 1371 2189 866 2721 2817 1219 1704 || mode=vb method=sk_kmeans solver=filo2 stage=post_ls ls=pyvrp iter=1
2026-03-15 15:08:38 | INFO     | Route #57: 2088 175 2514 1208 1571 491 1140 739 1310 2264 2240 735 1541 2480 1077 658 1227 228 1662 1328 2040 2910 1489 || mode=vb method=sk_kmeans solver=filo2 stage=post_ls ls=pyvrp iter=1
2026-03-15 15:08:38 | INFO     | Route #58: 1720 463 2761 2353 270 1232 2242 1417 2201 297 2619 632 333 2574 460 2893 2357 82 972 1693 896 2537 2339 2287 434 472 2778 1500 1364 2390 231 2419 1126 2529 2006 2802 150 1444 1317 2740 598 576 849 || mode=vb method=sk_kmeans solver=filo2 stage=post_ls ls=pyvrp iter=1
2026-03-15 15:08:38 | INFO     | Route #59: 1188 2112 538 1414 1572 1888 237 2732 2304 1983 1073 89 2844 2320 1961 720 832 2688 965 1874 1793 2661 1481 2077 2294 1214 2831 2025 4 2147 578 1205 948 2512 2639 523 2257 952 751 1136 1893 1764 596 848 1691 586 2282 2589 200 782 2303 1965 2177 2203 1748 527 2023 74 2273 2768 859 1648 1857 512 1843 1950 1861 1486 120 || mode=vb method=sk_kmeans solver=filo2 stage=post_ls ls=pyvrp iter=1
2026-03-15 15:08:38 | INFO     | Route #60: 1413 637 830 2849 1175 1583 2880 1306 897 121 904 2192 2729 1426 898 841 1804 2432 2594 2215 2438 1257 || mode=vb method=fcm solver=filo1 stage=post_ls ls=pyvrp iter=2
2026-03-15 15:08:38 | INFO     | Route #61: 462 1637 101 1194 2418 2499 677 1779 1581 991 996 1866 1981 2759 1557 499 2302 2532 2087 1273 1311 1000 232 || mode=vb method=fcm solver=filo1 stage=post_ls ls=pyvrp iter=4
2026-03-15 15:08:38 | INFO     | Route #62: 419 541 337 2810 363 1081 1455 570 405 2461 2474 1641 2821 973 2859 981 1805 1300 856 2003 2325 || mode=rb method=sk_kmeans solver=filo1 stage=post_ls ls=pyvrp iter=6
2026-03-15 15:08:38 | INFO     | Route #63: 2035 2405 1086 2790 2865 1384 201 2877 819 2571 2299 265 2763 1304 2533 786 162 741 1601 44 2305 || mode=rb method=sk_kmeans solver=filo1 stage=post_ls ls=pyvrp iter=6
2026-03-15 15:08:38 | INFO     | Route #64: 1633 1277 2044 500 974 734 703 2644 1663 1706 539 2566 2674 1940 2477 2903 804 2815 947 2300 40 1955 736 || mode=rb method=sk_kmeans solver=filo1 stage=post_ls ls=pyvrp iter=6
2026-03-15 15:08:38 | INFO     | Route #65: 2602 565 2384 1599 2664 1085 873 1817 1814 2675 2209 1788 1830 1838 174 2681 839 764 2246 978 || mode=rb method=sk_kmeans solver=filo1 stage=post_ls ls=pyvrp iter=6
2026-03-15 15:08:38 | INFO     | Route #66: 1665 1264 1100 612 1423 2573 2652 1604 882 1079 1088 1631 1987 1677 18 790 979 1302 1594 1016 1349 || mode=rb method=sk_kmeans solver=filo1 stage=post_ls ls=pyvrp iter=6
2026-03-15 15:08:38 | INFO     | Route #67: 1956 1230 292 313 639 1736 2582 2585 1545 2004 2411 1239 1487 1380 1400 2148 2667 215 1473 2531 359 29 || mode=rb method=sk_kmeans solver=filo1 stage=post_ls ls=pyvrp iter=6
2026-03-15 15:08:38 | INFO     | Route #68: 1896 503 2105 309 2076 1287 799 1772 356 2709 1095 444 1063 857 437 1399 165 1037 644 2616 2052 2843 || mode=rb method=sk_kmeans solver=filo1 stage=post_ls ls=pyvrp iter=6
2026-03-15 15:08:38 | INFO     | Route #69: 93 602 1210 495 1718 2293 1206 765 2047 2673 492 227 1534 1411 556 1381 351 1367 607 2507 2527 1733 || mode=rb method=sk_kmeans solver=filo1 stage=post_ls ls=pyvrp iter=6
2026-03-15 15:08:38 | INFO     | Route #70: 206 1555 1852 2786 2219 2213 1945 1493 1028 1810 1262 1412 2317 926 14 2217 2523 2160 1789 1998 418 336 || mode=rb method=sk_kmeans solver=filo1 stage=post_ls ls=pyvrp iter=6
2026-03-15 15:08:38 | INFO     | Route #71: 1134 17 2062 1643 2276 1454 210 871 256 2638 1802 2596 692 2720 721 2757 1235 1603 30 957 2498 1297 || mode=rb method=sk_kmeans solver=filo1 stage=post_ls ls=pyvrp iter=6
2026-03-15 15:08:38 | INFO     | Route #72: 1060 651 1529 2505 1933 291 708 212 127 2745 1977 1308 2435 594 2677 2010 1880 2599 2912 922 2851 110 || mode=rb method=sk_kmeans solver=filo1 stage=post_ls ls=pyvrp iter=6
2026-03-15 15:08:38 | INFO     | Route #73: 1155 400 1929 884 715 2319 2356 2423 1593 1457 2692 818 2780 868 2816 1854 182 1829 2472 2565 203 || mode=rb method=sk_kmeans solver=filo1 stage=post_ls ls=pyvrp iter=6
2026-03-15 15:08:38 | INFO     | Route #74: 2021 2181 2118 1504 999 2764 698 376 73 561 1447 327 1719 1324 2222 2249 2805 867 678 346 806 2697 2363 1009 117 1766 1269 1672 42 1178 184 845 802 688 1610 2271 1189 409 584 1070 2292 1218 2170 1763 2032 || mode=rb method=sk_kmeans solver=filo1 stage=post_ls ls=pyvrp iter=6
2026-03-15 15:08:38 | INFO     | Route #75: 2279 2508 817 843 1957 1975 1895 2259 1790 2669 2036 97 483 1784 54 2017 2091 1600 2827 731 1265 864 1438 1785 2153 2518 493 2208 1305 1528 546 2327 1229 1112 1240 2427 2270 2058 1290 2476 1122 124 1097 883 2218 1049 747 2254 2468 2637 10 1020 1170 1494 2349 1811 2687 2041 2103 1882 1326 1682 || mode=rb method=sk_kmeans solver=filo1 stage=post_ls ls=pyvrp iter=6
2026-03-15 15:08:38 | INFO     | Route #76: 1377 2 1433 1252 1865 2351 1958 1355 468 1150 136 1515 1962 1556 2216 502 2891 826 1014 199 1550 2888 || mode=rb method=sk_kmeans solver=filo1 stage=post_ls ls=pyvrp iter=6
2026-03-15 15:08:38 | INFO     | Route #77: 2164 2063 685 534 2583 1268 1735 11 2265 370 614 153 1007 255 1289 1577 1266 3 294 1710 1747 19 1065 2237 1387 1294 || mode=rb method=sk_kmeans solver=filo1 stage=post_ls ls=pyvrp iter=6
2026-03-15 15:08:38 | INFO     | Route #78: 2678 2155 2752 2723 604 1636 1409 243 653 214 1298 597 329 1103 1383 1696 2084 528 1845 870 1322 928 980 288 218 1101 1883 551 2663 || mode=rb method=sk_kmeans solver=filo1 stage=post_ls ls=pyvrp iter=6
2026-03-15 15:08:38 | INFO     | Route #79: 1917 1199 831 2111 1761 1606 697 1638 2478 1374 1947 911 1467 1777 2085 235 2632 311 1459 2791 2606 339 || mode=rb method=sk_kmeans solver=filo1 stage=post_ls ls=pyvrp iter=6
2026-03-15 15:08:38 | INFO     | Route #80: 2355 2188 2381 1905 1027 2089 950 1160 2376 364 2421 315 813 2454 2593 415 1236 2128 1996 2789 35 1203 2900 || mode=rb method=sk_kmeans solver=filo1 stage=post_ls ls=pyvrp iter=6
2026-03-15 15:08:38 | INFO     | Route #81: 2117 2334 347 241 1640 38 1195 1630 160 395 626 1498 932 954 2496 1080 2301 1628 1774 1716 2436 || mode=rb method=sk_kmeans solver=filo1 stage=post_ls ls=pyvrp iter=6
2026-03-15 15:08:38 | INFO     | Route #82: 246 304 1127 335 722 572 1576 1942 652 657 1429 585 2278 2784 1394 714 2341 1879 1634 2546 2108 149 1440 622 1999 || mode=rb method=sk_kmeans solver=filo1 stage=post_ls ls=pyvrp iter=6
2026-03-15 15:08:38 | INFO     | Route #83: 1331 1204 94 1288 480 2548 890 2718 2521 814 679 588 142 2858 2359 1258 771 1105 447 1565 1849 || mode=rb method=sk_kmeans solver=filo1 stage=post_ls ls=pyvrp iter=6
2026-03-15 15:08:38 | INFO     | Route #84: 1724 2197 1907 37 1082 2575 2095 2016 2138 2133 1350 2408 388 2749 1187 2613 504 2310 2517 1041 755 1152 || mode=rb method=sk_kmeans solver=filo1 stage=post_ls ls=pyvrp iter=6
2026-03-15 15:08:38 | INFO     | Route #85: 498 1121 2682 453 2707 2509 236 1483 1363 2622 2753 2142 56 2121 2873 2130 1279 1458 855 742 2141 1032 1284 943 1018 768 1839 || mode=rb method=sk_kmeans solver=filo1 stage=post_ls ls=pyvrp iter=6
2026-03-15 15:08:38 | INFO     | Route #86: 192 1751 1900 365 2588 2758 1517 1509 2640 1548 340 2185 568 1261 613 892 1108 263 350 486 1185 2366 757 || mode=rb method=sk_kmeans solver=filo1 stage=post_ls ls=pyvrp iter=6
2026-03-15 15:08:38 | INFO     | Route #87: 2617 195 851 1916 1848 2119 1585 707 1886 2564 2065 1511 229 1822 2268 2515 1015 2002 1818 1841 2555 || mode=rb method=sk_kmeans solver=filo1 stage=post_ls ls=pyvrp iter=6
2026-03-15 15:08:38 | INFO     | Route #88: 1953 2557 1752 1161 1549 39 1771 2798 1366 1351 667 1431 2542 1149 134 1923 781 704 749 794 1730 || mode=rb method=sk_kmeans solver=filo1 stage=post_ls ls=pyvrp iter=6
2026-03-15 15:08:38 | INFO     | Route #89: 131 213 2568 2256 1939 2072 1686 682 1792 1035 1856 169 1233 1537 2331 1484 760 554 2885 47 1158 433 || mode=rb method=sk_kmeans solver=filo1 stage=post_ls ls=pyvrp iter=6
2026-03-15 15:08:38 | INFO     | Route #90: 96 422 63 2347 960 756 2129 2636 2837 2248 710 2462 901 2773 2650 925 976 694 1878 2261 2572 1858 || mode=rb method=sk_kmeans solver=filo1 stage=post_ls ls=pyvrp iter=6
2026-03-15 15:08:38 | INFO     | Route #91: 1532 320 2306 1760 1224 474 1191 907 2635 2471 623 377 753 827 352 726 475 1091 807 2881 2725 || mode=rb method=sk_kmeans solver=filo1 stage=post_ls ls=pyvrp iter=6
2026-03-15 15:08:38 | INFO     | Route #92: 530 1997 1393 1944 2452 1701 1114 148 1995 2836 55 2263 362 615 1602 23 2196 76 732 1694 916 1508 1142 || mode=rb method=sk_kmeans solver=filo1 stage=post_ls ls=pyvrp iter=6
2026-03-15 15:08:38 | INFO     | Route #93: 661 95 2538 783 1806 2157 2439 2624 2104 1703 1591 610 1725 32 86 67 2409 1338 1106 789 2712 2161 1353 899 113 2075 1653 2868 1373 1182 45 2794 933 1959 2713 1574 2554 || mode=rb method=sk_kmeans solver=filo1 stage=post_ls ls=pyvrp iter=6
2026-03-15 15:08:38 | INFO     | Route #94: 1887 296 2281 921 61 430 2889 2354 2313 521 125 1124 1176 1685 2392 60 470 26 778 2020 9 2034 || mode=rb method=sk_kmeans solver=filo1 stage=post_ls ls=pyvrp iter=6
2026-03-15 15:08:38 | INFO     | Route #95: 2444 1407 1220 1479 2285 2484 861 2344 1339 1623 1890 869 116 1938 2191 1527 1642 1292 2086 2275 2829 403 2116 655 2878 2735 1216 2534 1974 307 1181 816 1145 2029 676 2437 240 1029 1502 2854 642 763 2577 886 479 1023 2014 1215 669 12 1110 559 1462 || mode=rb method=sk_kmeans solver=filo1 stage=post_ls ls=pyvrp iter=6
2026-03-15 15:08:38 | INFO     | 
2026-03-15 15:08:38 | INFO     | [BEST SOLUTION ROUTE SUMMARY]
2026-03-15 15:08:38 | INFO     | --------------------------------------------------------------------------------
2026-03-15 15:08:38 | INFO     |   59 routes | VB    | sk_kmeans       | solver=filo2      | stage=post_ls | ls=pyvrp
2026-03-15 15:08:38 | INFO     |   34 routes | RB    | sk_kmeans       | solver=filo1      | stage=post_ls | ls=pyvrp
2026-03-15 15:08:38 | INFO     |    2 routes | VB    | fcm             | solver=filo1      | stage=post_ls | ls=pyvrp
2026-03-15 15:08:38 | INFO     | 
2026-03-15 15:08:38 | INFO     | [ROUTE POOL SUMMARY]
2026-03-15 15:08:38 | INFO     |   191 routes | VB | fcm | solver=filo1 | stage=post_ls | ls=pyvrp
2026-03-15 15:08:38 | INFO     |    96 routes | VB | fcm | solver=pyvrp | stage=post_ls | ls=pyvrp
2026-03-15 15:08:38 | INFO     |    96 routes | VB | k_medoids_pyclustering | solver=filo1 | stage=post_ls | ls=pyvrp
2026-03-15 15:08:38 | INFO     |    95 routes | VB | sk_kmeans | solver=filo2 | stage=post_ls | ls=pyvrp
2026-03-15 15:08:38 | INFO     |    94 routes | VB | sk_ac_avg | solver=filo2 | stage=post_ls | ls=pyvrp
2026-03-15 15:08:38 | INFO     |    83 routes | RB | sk_kmeans | solver=filo2 | stage=post_ls | ls=pyvrp
2026-03-15 15:08:38 | INFO     |    76 routes | RB | sk_kmeans | solver=filo1 | stage=post_ls | ls=pyvrp
2026-03-15 15:08:38 | INFO     | [XL-n2914-k95 NO-IMPROVEMENT] best_cost=89468 | streak=2 | Gap: 0.6367%
2026-03-15 15:08:38 | INFO     | [XL-n2914-k95 ITERATION-TIMES 8] cluster=358.340s routing=3062.400s ls=150.601s total=3571.436s
2026-03-15 15:08:38 | INFO     | [XL-n2914-k95 ITERATION 9] mode=RB method=sk_ac_avg k=4 solver=filo2 ls=pyvrp
2026-03-15 15:08:38 | INFO     | [XL-n2914-k95 CLUSTER] method=sk_ac_avg k=4 | sizes=[1990, 477, 198, 248] | min=198 max=1990 avg=728.2
2026-03-15 15:08:38 | INFO     | [XL-n2914-k95 ROUTING] Solving clusters with filo2
2026-03-15 15:47:40 | INFO     | [XL-n2914-k95 SCP] pruning_mode=diversity
2026-03-15 15:47:40 | INFO     | [XL-n2914-k95 SCP] solver=gurobi_mip | route_pool=818
2026-03-15 15:47:41 | INFO     | [XL-n2914-k95 SCP] optimal solution found
2026-03-15 15:49:21 | INFO     | [XL-n2914-k95 SCP-NO-IMPROVEMENT] cost=89468 (best=89468) | Gap: 0.6367%
2026-03-15 15:49:21 | INFO     | [XL-n2914-k95 NO-IMPROVEMENT] best_cost=89468 | streak=3 | Gap: 0.6367%
2026-03-15 15:49:21 | INFO     | [XL-n2914-k95 ITERATION-TIMES 9] cluster=0.034s routing=2220.043s ls=121.328s scp=100.913s total=2442.359s
2026-03-15 15:49:21 | INFO     | [XL-n2914-k95 ITERATION 10] mode=RB method=sk_ac_avg k=5 solver=filo1 ls=pyvrp
2026-03-15 15:49:21 | INFO     | [XL-n2914-k95 CLUSTER] method=sk_ac_avg k=5 | sizes=[477, 623, 198, 248, 1367] | min=198 max=1367 avg=582.6
2026-03-15 15:49:21 | INFO     | [XL-n2914-k95 ROUTING] Solving clusters with filo1
2026-03-15 16:24:00 | INFO     | 
2026-03-15 16:24:00 | INFO     | ================================================================================
2026-03-15 16:24:00 | INFO     | [XL-n2914-k95] PERIODIC SNAPSHOT SNAPSHOT_003
2026-03-15 16:24:00 | INFO     | ================================================================================
2026-03-15 16:24:00 | INFO     | Route #1: 1787 2033 69 754 371 1699 1241 1075 1611 1708 49 569 2561 2835 1619 592 712 795 2772 2221 941 1918 || mode=vb method=sk_kmeans solver=filo2 stage=post_ls ls=pyvrp iter=1
2026-03-15 16:24:00 | INFO     | Route #2: 969 544 33 1030 1452 2598 836 2232 102 1422 2770 100 983 2253 426 375 733 1130 186 645 966 2398 267 || mode=vb method=sk_kmeans solver=filo2 stage=post_ls ls=pyvrp iter=1
2026-03-15 16:24:00 | INFO     | Route #3: 2845 1059 1650 2543 2842 2295 1632 20 1496 59 770 341 2241 390 680 455 2080 1615 2137 2847 2220 577 1658 || mode=vb method=sk_kmeans solver=filo2 stage=post_ls ls=pyvrp iter=1
2026-03-15 16:24:00 | INFO     | Route #4: 114 2494 908 850 1656 1758 1089 2205 540 16 1967 432 2607 1096 1461 2280 605 1354 1949 1697 1862 993 || mode=vb method=sk_kmeans solver=filo2 stage=post_ls ls=pyvrp iter=1
2026-03-15 16:24:00 | INFO     | Route #5: 1607 1598 428 485 508 51 618 1442 253 477 1180 293 1321 2277 967 2882 1177 183 2760 706 484 2361 || mode=vb method=sk_kmeans solver=filo2 stage=post_ls ls=pyvrp iter=1
2026-03-15 16:24:00 | INFO     | Route #6: 1651 2850 2481 2830 2046 791 404 2894 2397 2107 2387 2610 2415 1388 151 2657 621 349 2225 2126 824 || mode=vb method=sk_kmeans solver=filo2 stage=post_ls ls=pyvrp iter=1
2026-03-15 16:24:00 | INFO     | Route #7: 2146 1167 2115 1655 2629 858 1263 107 223 1441 334 1008 245 31 1256 1978 2774 2336 1712 2243 729 2358 1166 || mode=vb method=sk_kmeans solver=filo2 stage=post_ls ls=pyvrp iter=1
2026-03-15 16:24:00 | INFO     | Route #8: 2528 919 842 239 2422 2400 2600 1925 1430 1646 2175 1639 1390 2251 2818 1299 772 90 2645 424 835 || mode=vb method=sk_kmeans solver=filo2 stage=post_ls ls=pyvrp iter=1
2026-03-15 16:24:00 | INFO     | Route #9: 2620 2526 2788 1946 2083 1039 700 2416 299 305 548 2449 1546 198 1472 1540 2433 514 1376 273 2870 2856 2132 || mode=vb method=sk_kmeans solver=filo2 stage=post_ls ls=pyvrp iter=1
2026-03-15 16:24:00 | INFO     | Route #10: 2425 2726 2840 1503 828 1071 737 643 2783 793 1427 2206 205 2559 2825 106 1276 2696 2567 1723 1773 2008 1625 1320 2656 1885 798 1620 1226 21 2747 713 1909 2592 517 1673 629 2762 1064 1012 509 2373 808 1104 1524 640 1034 660 345 725 951 1868 128 2580 1734 72 779 1491 190 382 152 1464 || mode=vb method=sk_kmeans solver=filo2 stage=post_ls ls=pyvrp iter=1
2026-03-15 16:24:00 | INFO     | Route #11: 2604 2502 324 2646 78 2520 143 2479 1343 1439 1753 1834 1228 938 1323 2326 2019 302 705 1722 752 248 2156 || mode=vb method=sk_kmeans solver=filo2 stage=post_ls ls=pyvrp iter=1
2026-03-15 16:24:00 | INFO     | Route #12: 122 66 743 780 889 83 189 401 158 1362 2090 1309 2229 416 903 2536 2860 1296 1966 1971 170 2318 || mode=vb method=sk_kmeans solver=filo2 stage=post_ls ls=pyvrp iter=1
2026-03-15 16:24:00 | INFO     | Route #13: 2067 2625 1799 986 635 496 693 2057 1568 547 387 2401 542 846 2022 230 2337 1138 797 1700 99 1078 1058 || mode=vb method=sk_kmeans solver=filo2 stage=post_ls ls=pyvrp iter=1
2026-03-15 16:24:00 | INFO     | Route #14: 1743 1466 378 953 284 2614 801 2807 2628 912 380 1476 80 1137 1046 812 1807 788 1340 2887 2689 || mode=vb method=sk_kmeans solver=filo2 stage=post_ls ls=pyvrp iter=1
2026-03-15 16:24:00 | INFO     | Route #15: 204 1336 2660 1119 1437 1402 1446 2059 766 2250 1982 1278 2648 2193 2101 571 2348 1670 2510 1690 2655 98 || mode=vb method=sk_kmeans solver=filo2 stage=post_ls ls=pyvrp iter=1
2026-03-15 16:24:00 | INFO     | Route #16: 211 1969 1132 330 1303 473 2704 1359 2199 2458 1675 1173 1083 2030 399 1775 2039 600 2459 536 157 1003 || mode=vb method=sk_kmeans solver=filo2 stage=post_ls ls=pyvrp iter=1
2026-03-15 16:24:00 | INFO     | Route #17: 1889 1054 494 1667 1315 1922 670 1357 1624 105 2031 1019 1894 1609 823 1474 488 261 2092 2642 1159 2106 2001 144 || mode=vb method=sk_kmeans solver=filo2 stage=post_ls ls=pyvrp iter=1
2026-03-15 16:24:00 | INFO     | Route #18: 1116 224 2465 2813 1989 2283 1616 691 1419 2286 1346 1564 617 686 1749 1488 1141 2061 1988 2781 || mode=vb method=sk_kmeans solver=filo2 stage=post_ls ls=pyvrp iter=1
2026-03-15 16:24:00 | INFO     | Route #19: 326 2715 2796 2744 1588 115 2698 287 2558 2898 2799 1791 744 611 2848 1780 2867 619 1165 1282 924 221 2380 1313 905 1109 2611 2173 1551 || mode=vb method=sk_kmeans solver=filo2 stage=post_ls ls=pyvrp iter=1
2026-03-15 16:24:00 | INFO     | Route #20: 1506 1325 1157 1117 963 1148 914 1251 1828 909 2202 381 1468 501 2114 2460 2597 1168 2814 1575 1451 1936 || mode=vb method=sk_kmeans solver=filo2 stage=post_ls ls=pyvrp iter=1
2026-03-15 16:24:00 | INFO     | Route #21: 2907 1519 1692 2560 1963 2581 2776 1666 2370 681 25 439 318 1094 145 1213 2122 562 2683 2901 1669 988 || mode=vb method=sk_kmeans solver=filo2 stage=post_ls ls=pyvrp iter=1
2026-03-15 16:24:00 | INFO     | Route #22: 1244 1223 2826 2686 452 1614 723 1051 1146 1062 104 716 773 301 1680 1776 792 155 2236 2066 1536 847 984 || mode=vb method=sk_kmeans solver=filo2 stage=post_ls ls=pyvrp iter=1
2026-03-15 16:24:00 | INFO     | Route #23: 2074 1505 515 2403 2338 1139 1824 1492 238 1368 2214 247 202 2364 2211 2026 130 535 1713 1825 || mode=vb method=sk_kmeans solver=filo2 stage=post_ls ls=pyvrp iter=1
2026-03-15 16:24:00 | INFO     | Route #24: 1538 844 7 1986 112 1937 2097 1201 2820 593 2158 8 2486 1460 2603 1707 606 2037 1123 1972 1765 2535 2290 2245 || mode=vb method=sk_kmeans solver=filo2 stage=post_ls ls=pyvrp iter=1
2026-03-15 16:24:00 | INFO     | Route #25: 673 1040 1681 1547 1629 656 1352 2165 2258 1475 161 2385 516 1562 2503 1031 1163 1800 959 1559 1445 249 2748 1369 1844 1726 875 1510 862 || mode=vb method=sk_kmeans solver=filo2 stage=post_ls ls=pyvrp iter=1
2026-03-15 16:24:00 | INFO     | Route #26: 1456 761 316 750 386 2172 2519 108 2289 777 2470 2455 709 942 2414 2872 1554 1202 1796 446 2731 2570 662 || mode=vb method=sk_kmeans solver=filo2 stage=post_ls ls=pyvrp iter=1
2026-03-15 16:24:00 | INFO     | Route #27: 2051 1613 1154 1347 2491 2224 1756 2000 936 1398 879 518 2350 2714 2670 2288 1617 998 1897 2658 1135 2852 1902 266 1968 173 278 450 838 1864 2131 408 511 829 2234 2442 1017 1295 300 1470 259 648 413 1934 48 2883 172 803 2601 2322 244 456 2154 442 1246 2684 1740 2267 1207 1416 1586 2892 2457 524 1186 5 417 2135 1421 2260 2913 2453 2247 620 || mode=vb method=sk_kmeans solver=filo2 stage=post_ls ls=pyvrp iter=1
2026-03-15 16:24:00 | INFO     | Route #28: 1307 1847 876 1002 1345 458 1172 2832 1954 166 1533 2765 1259 1406 28 2808 2490 2309 1671 1994 1812 931 1621 2169 13 43 2093 958 1877 2792 445 1618 2862 1200 994 2855 2685 1649 126 545 2346 1731 2190 881 997 2096 457 834 2180 331 633 282 2330 918 2475 1092 1404 885 1539 555 531 24 466 2043 64 1711 || mode=vb method=sk_kmeans solver=filo2 stage=post_ls ls=pyvrp iter=1
2026-03-15 16:24:00 | INFO     | Route #29: 520 1590 1162 1851 507 2544 310 2124 971 2513 1254 46 2522 1272 1469 2171 1211 2777 690 934 || mode=vb method=sk_kmeans solver=filo2 stage=post_ls ls=pyvrp iter=1
2026-03-15 16:24:00 | INFO     | Route #30: 2186 1420 1729 1183 179 2378 2235 975 758 1903 2539 1850 2504 1120 177 1153 441 674 964 1010 2352 159 111 || mode=vb method=sk_kmeans solver=filo2 stage=post_ls ls=pyvrp iter=1
2026-03-15 16:24:00 | INFO     | Route #31: 1526 913 989 2492 178 1169 396 2824 552 1783 2733 1190 762 2340 2406 164 1397 2424 1053 196 1836 1285 || mode=vb method=sk_kmeans solver=filo2 stage=post_ls ls=pyvrp iter=1
2026-03-15 16:24:00 | INFO     | Route #32: 1823 2231 410 727 481 154 2595 2787 465 191 1970 85 1705 2365 1592 2540 2899 2782 1853 1872 874 1067 || mode=vb method=sk_kmeans solver=filo2 stage=post_ls ls=pyvrp iter=1
2026-03-15 16:24:00 | INFO     | Route #33: 1770 1360 1435 2569 2653 1715 2551 1260 2426 2168 2626 2399 2343 1689 2506 366 2530 423 1044 1415 290 || mode=vb method=sk_kmeans solver=filo2 stage=post_ls ls=pyvrp iter=1
2026-03-15 16:24:00 | INFO     | Route #34: 1267 558 1291 2244 1542 2152 1372 891 759 822 2375 2679 1333 1507 2316 1990 2024 1738 393 219 659 2291 2149 279 181 209 2694 353 412 2693 2463 1087 1984 2590 2717 1280 2383 || mode=vb method=sk_kmeans solver=filo2 stage=post_ls ls=pyvrp iter=1
2026-03-15 16:24:00 | INFO     | Route #35: 1385 180 1827 2238 1057 1125 1501 1831 2741 878 740 1570 1098 384 1654 2737 2771 50 1482 1341 1222 1196 1301 2100 2428 2739 1980 1042 1786 992 1647 1943 631 634 748 176 1750 1993 2005 156 2641 2643 1728 436 560 1024 1676 940 1924 220 2651 2672 529 774 274 322 2706 2166 2110 2524 628 361 2550 990 2447 767 2751 || mode=vb method=sk_kmeans solver=filo2 stage=post_ls ls=pyvrp iter=1
2026-03-15 16:24:00 | INFO     | Route #36: 2388 636 1931 1478 1283 389 1237 2150 1826 2556 1151 252 2239 1184 1516 2194 1597 478 2884 746 2710 || mode=vb method=sk_kmeans solver=filo2 stage=post_ls ls=pyvrp iter=1
2026-03-15 16:24:00 | INFO     | Route #37: 1171 666 2429 1156 250 837 348 2431 1001 625 2274 1275 608 1052 1449 599 1914 2266 784 2182 1198 167 379 821 431 2804 1915 367 257 1231 1443 1418 2631 2779 1674 338 1128 260 917 2876 1038 471 1952 2833 1382 1739 2708 1660 226 2430 15 525 2766 233 944 2563 1904 277 939 513 1819 52 || mode=vb method=sk_kmeans solver=filo2 stage=post_ls ls=pyvrp iter=1
2026-03-15 16:24:00 | INFO     | Route #38: 2750 2187 1090 459 2396 1 71 579 1941 2102 2412 132 566 2785 1408 1702 906 258 372 497 1342 1074 1022 2800 1522 2690 2586 1928 2623 1410 1951 1688 2368 1253 2394 6 638 2060 1935 323 1255 2839 2495 1567 2308 1709 2904 2377 1242 171 194 505 1013 1530 1327 2511 1926 490 2743 955 2382 1047 1745 995 || mode=vb method=sk_kmeans solver=filo2 stage=post_ls ls=pyvrp iter=1
2026-03-15 16:24:00 | INFO     | Route #39: 397 1991 342 1463 1892 641 385 581 1405 2736 1193 1497 2767 1652 1319 1192 2420 1329 2227 684 1485 1453 || mode=vb method=sk_kmeans solver=filo2 stage=post_ls ls=pyvrp iter=1
2026-03-15 16:24:00 | INFO     | Route #40: 2722 1471 163 1737 510 1045 2665 1979 738 421 449 887 1769 1056 1778 133 2834 526 1813 2012 2413 27 2042 1129 355 469 1973 2909 1901 1403 2371 519 1714 2578 234 429 1906 1815 1580 1425 1520 1821 1664 1361 2321 1270 276 328 1717 1732 1684 1356 1115 2896 1448 1742 929 1837 2078 448 1919 1021 805 1584 860 || mode=vb method=sk_kmeans solver=filo2 stage=post_ls ls=pyvrp iter=1
2026-03-15 16:24:00 | INFO     | Route #41: 2493 1579 1334 730 2875 88 1781 2497 1025 1217 1093 2296 343 609 1066 2071 81 1179 1898 1525 || mode=vb method=sk_kmeans solver=filo2 stage=post_ls ls=pyvrp iter=1
2026-03-15 16:24:00 | INFO     | Route #42: 1595 1102 2754 2501 711 1976 2207 2608 1026 1450 216 2167 1992 573 70 2056 2228 2809 2395 1113 696 1225 1687 188 2404 1221 2895 1401 2516 2079 2633 2562 1147 1762 1084 1622 1644 603 1698 787 893 2464 2230 || mode=vb method=sk_kmeans solver=filo2 stage=post_ls ls=pyvrp iter=1
2026-03-15 16:24:00 | INFO     | Route #43: 312 2890 36 2473 616 2456 1234 87 57 185 440 956 2488 1048 582 1358 1932 2048 1840 482 1645 1573 2906 92 2145 1881 590 1005 68 138 2487 2552 147 2136 624 1375 2662 2659 1587 2612 1174 563 420 289 1337 1803 77 2393 2127 1816 2434 2769 1927 1605 2123 2098 280 1495 2838 695 464 319 1891 2362 1801 2417 1964 649 647 2857 || mode=vb method=sk_kmeans solver=filo2 stage=post_ls ls=pyvrp iter=1
2026-03-15 16:24:00 | INFO     | Route #44: 1480 2864 1578 1871 2485 1746 1247 1767 2307 2333 1833 2812 1867 2702 139 1424 877 945 2647 970 2716 810 || mode=vb method=sk_kmeans solver=filo2 stage=post_ls ls=pyvrp iter=1
2026-03-15 16:24:00 | INFO     | Route #45: 785 2312 2049 1514 321 1863 532 2009 825 317 225 1626 1293 123 1164 2176 769 910 506 663 1561 || mode=vb method=sk_kmeans solver=filo2 stage=post_ls ls=pyvrp iter=1
2026-03-15 16:24:00 | INFO     | Route #46: 2630 2861 533 2055 776 2070 1118 702 135 1379 894 251 1248 665 2905 1144 118 1721 2627 2701 || mode=vb method=sk_kmeans solver=filo2 stage=post_ls ls=pyvrp iter=1
2026-03-15 16:24:00 | INFO     | Route #47: 2407 671 2015 977 1755 1960 406 2198 2125 1596 2050 1521 2027 1076 1050 1920 1318 1659 1930 587 591 1558 298 1948 1391 2195 627 2609 1011 2174 314 1679 595 2233 946 2871 2011 2699 2028 402 923 2719 2676 354 325 1006 2547 2711 1798 2440 2450 1111 443 308 550 1543 537 557 1131 2323 935 575 1396 630 2822 2724 264 1365 1544 962 2140 168 1055 1428 332 || mode=vb method=sk_kmeans solver=filo2 stage=post_ls ls=pyvrp iter=1
2026-03-15 16:24:00 | INFO     | Route #48: 1754 1499 815 853 2902 1286 275 1392 2727 1582 2649 140 2094 1531 775 193 2099 1842 2489 1870 672 1678 2314 1061 || mode=vb method=sk_kmeans solver=filo2 stage=post_ls ls=pyvrp iter=1
2026-03-15 16:24:00 | INFO     | Route #49: 2668 1378 1782 2159 1873 1209 1249 2068 1552 2828 1661 1683 358 1099 242 2212 1432 601 1744 283 2311 1695 1512 || mode=vb method=sk_kmeans solver=filo2 stage=post_ls ls=pyvrp iter=1
2026-03-15 16:24:00 | INFO     | Route #50: 840 1608 724 865 373 930 982 79 1985 567 915 1245 2252 2618 2756 1281 2742 1395 687 2183 2179 1332 || mode=vb method=sk_kmeans solver=filo2 stage=post_ls ls=pyvrp iter=1
2026-03-15 16:24:00 | INFO     | Route #51: 1197 1316 2841 2369 728 119 2139 2801 2162 487 425 689 2446 2441 58 2576 522 719 2874 699 476 1553 374 1271 2680 574 262 2204 295 1913 1243 2284 987 2402 1274 2615 1513 2591 2315 2082 2386 2466 1314 2738 2634 2691 2545 1250 2410 2549 2329 2360 2374 2869 2324 1846 650 2163 2448 961 2255 2143 872 2038 1759 2178 796 2379 553 895 || mode=vb method=sk_kmeans solver=filo2 stage=post_ls ls=pyvrp iter=1
2026-03-15 16:24:00 | INFO     | Route #52: 1312 2226 1768 2746 811 222 1859 1072 369 1860 2391 2525 2897 985 549 2109 467 461 254 1370 394 2389 1563 91 1589 2054 820 1912 286 1757 2367 2863 391 2443 580 65 1875 2879 664 217 833 2018 2797 668 2269 1566 1899 34 880 968 272 2013 900 53 1668 2803 2144 675 || mode=vb method=sk_kmeans solver=filo2 stage=post_ls ls=pyvrp iter=1
2026-03-15 16:24:00 | INFO     | Route #53: 1820 414 902 888 2703 1876 427 717 2482 2120 454 852 1635 438 84 863 1386 2541 2081 2605 1727 1436 1921 646 543 285 1569 2584 927 2621 281 1004 1832 2467 1835 2469 1465 937 2666 2342 22 1884 1911 920 1518 344 1910 2908 197 435 2262 2298 1795 1389 268 1107 109 || mode=vb method=sk_kmeans solver=filo2 stage=post_ls ls=pyvrp iter=1
2026-03-15 16:24:00 | INFO     | Route #54: 1043 2671 2811 383 392 146 141 2200 41 2500 2853 2134 137 2451 2654 75 1212 1560 1627 589 2332 1068 1657 2695 207 1069 303 2755 407 949 583 187 2728 62 2184 718 1238 451 || mode=vb method=sk_kmeans solver=filo2 stage=post_ls ls=pyvrp iter=1
2026-03-15 16:24:00 | INFO     | Route #55: 1612 1741 1808 2795 1855 2730 2886 800 306 2064 854 1477 2345 2113 2866 564 2372 1335 1869 411 || mode=vb method=sk_kmeans solver=filo2 stage=post_ls ls=pyvrp iter=1
2026-03-15 16:24:00 | INFO     | Route #56: 2911 2210 2700 1809 1330 701 2553 360 809 2328 1535 1434 398 1133 2483 654 2053 2793 2335 1908 2819 1143 2846 368 103 269 1348 2069 2775 2705 1036 1344 2272 2806 208 271 2587 745 129 1033 1797 1794 2007 489 1490 2151 2734 2297 1523 2445 2045 2579 357 683 2823 2223 2073 1371 2189 866 2721 2817 1219 1704 || mode=vb method=sk_kmeans solver=filo2 stage=post_ls ls=pyvrp iter=1
2026-03-15 16:24:00 | INFO     | Route #57: 2088 175 2514 1208 1571 491 1140 739 1310 2264 2240 735 1541 2480 1077 658 1227 228 1662 1328 2040 2910 1489 || mode=vb method=sk_kmeans solver=filo2 stage=post_ls ls=pyvrp iter=1
2026-03-15 16:24:00 | INFO     | Route #58: 1720 463 2761 2353 270 1232 2242 1417 2201 297 2619 632 333 2574 460 2893 2357 82 972 1693 896 2537 2339 2287 434 472 2778 1500 1364 2390 231 2419 1126 2529 2006 2802 150 1444 1317 2740 598 576 849 || mode=vb method=sk_kmeans solver=filo2 stage=post_ls ls=pyvrp iter=1
2026-03-15 16:24:00 | INFO     | Route #59: 1188 2112 538 1414 1572 1888 237 2732 2304 1983 1073 89 2844 2320 1961 720 832 2688 965 1874 1793 2661 1481 2077 2294 1214 2831 2025 4 2147 578 1205 948 2512 2639 523 2257 952 751 1136 1893 1764 596 848 1691 586 2282 2589 200 782 2303 1965 2177 2203 1748 527 2023 74 2273 2768 859 1648 1857 512 1843 1950 1861 1486 120 || mode=vb method=sk_kmeans solver=filo2 stage=post_ls ls=pyvrp iter=1
2026-03-15 16:24:00 | INFO     | Route #60: 1413 637 830 2849 1175 1583 2880 1306 897 121 904 2192 2729 1426 898 841 1804 2432 2594 2215 2438 1257 || mode=vb method=fcm solver=filo1 stage=post_ls ls=pyvrp iter=2
2026-03-15 16:24:00 | INFO     | Route #61: 462 1637 101 1194 2418 2499 677 1779 1581 991 996 1866 1981 2759 1557 499 2302 2532 2087 1273 1311 1000 232 || mode=vb method=fcm solver=filo1 stage=post_ls ls=pyvrp iter=4
2026-03-15 16:24:00 | INFO     | Route #62: 419 541 337 2810 363 1081 1455 570 405 2461 2474 1641 2821 973 2859 981 1805 1300 856 2003 2325 || mode=rb method=sk_kmeans solver=filo1 stage=post_ls ls=pyvrp iter=6
2026-03-15 16:24:00 | INFO     | Route #63: 2035 2405 1086 2790 2865 1384 201 2877 819 2571 2299 265 2763 1304 2533 786 162 741 1601 44 2305 || mode=rb method=sk_kmeans solver=filo1 stage=post_ls ls=pyvrp iter=6
2026-03-15 16:24:00 | INFO     | Route #64: 1633 1277 2044 500 974 734 703 2644 1663 1706 539 2566 2674 1940 2477 2903 804 2815 947 2300 40 1955 736 || mode=rb method=sk_kmeans solver=filo1 stage=post_ls ls=pyvrp iter=6
2026-03-15 16:24:00 | INFO     | Route #65: 2602 565 2384 1599 2664 1085 873 1817 1814 2675 2209 1788 1830 1838 174 2681 839 764 2246 978 || mode=rb method=sk_kmeans solver=filo1 stage=post_ls ls=pyvrp iter=6
2026-03-15 16:24:00 | INFO     | Route #66: 1665 1264 1100 612 1423 2573 2652 1604 882 1079 1088 1631 1987 1677 18 790 979 1302 1594 1016 1349 || mode=rb method=sk_kmeans solver=filo1 stage=post_ls ls=pyvrp iter=6
2026-03-15 16:24:00 | INFO     | Route #67: 1956 1230 292 313 639 1736 2582 2585 1545 2004 2411 1239 1487 1380 1400 2148 2667 215 1473 2531 359 29 || mode=rb method=sk_kmeans solver=filo1 stage=post_ls ls=pyvrp iter=6
2026-03-15 16:24:00 | INFO     | Route #68: 1896 503 2105 309 2076 1287 799 1772 356 2709 1095 444 1063 857 437 1399 165 1037 644 2616 2052 2843 || mode=rb method=sk_kmeans solver=filo1 stage=post_ls ls=pyvrp iter=6
2026-03-15 16:24:00 | INFO     | Route #69: 93 602 1210 495 1718 2293 1206 765 2047 2673 492 227 1534 1411 556 1381 351 1367 607 2507 2527 1733 || mode=rb method=sk_kmeans solver=filo1 stage=post_ls ls=pyvrp iter=6
2026-03-15 16:24:00 | INFO     | Route #70: 206 1555 1852 2786 2219 2213 1945 1493 1028 1810 1262 1412 2317 926 14 2217 2523 2160 1789 1998 418 336 || mode=rb method=sk_kmeans solver=filo1 stage=post_ls ls=pyvrp iter=6
2026-03-15 16:24:00 | INFO     | Route #71: 1134 17 2062 1643 2276 1454 210 871 256 2638 1802 2596 692 2720 721 2757 1235 1603 30 957 2498 1297 || mode=rb method=sk_kmeans solver=filo1 stage=post_ls ls=pyvrp iter=6
2026-03-15 16:24:00 | INFO     | Route #72: 1060 651 1529 2505 1933 291 708 212 127 2745 1977 1308 2435 594 2677 2010 1880 2599 2912 922 2851 110 || mode=rb method=sk_kmeans solver=filo1 stage=post_ls ls=pyvrp iter=6
2026-03-15 16:24:00 | INFO     | Route #73: 1155 400 1929 884 715 2319 2356 2423 1593 1457 2692 818 2780 868 2816 1854 182 1829 2472 2565 203 || mode=rb method=sk_kmeans solver=filo1 stage=post_ls ls=pyvrp iter=6
2026-03-15 16:24:00 | INFO     | Route #74: 2021 2181 2118 1504 999 2764 698 376 73 561 1447 327 1719 1324 2222 2249 2805 867 678 346 806 2697 2363 1009 117 1766 1269 1672 42 1178 184 845 802 688 1610 2271 1189 409 584 1070 2292 1218 2170 1763 2032 || mode=rb method=sk_kmeans solver=filo1 stage=post_ls ls=pyvrp iter=6
2026-03-15 16:24:00 | INFO     | Route #75: 2279 2508 817 843 1957 1975 1895 2259 1790 2669 2036 97 483 1784 54 2017 2091 1600 2827 731 1265 864 1438 1785 2153 2518 493 2208 1305 1528 546 2327 1229 1112 1240 2427 2270 2058 1290 2476 1122 124 1097 883 2218 1049 747 2254 2468 2637 10 1020 1170 1494 2349 1811 2687 2041 2103 1882 1326 1682 || mode=rb method=sk_kmeans solver=filo1 stage=post_ls ls=pyvrp iter=6
2026-03-15 16:24:00 | INFO     | Route #76: 1377 2 1433 1252 1865 2351 1958 1355 468 1150 136 1515 1962 1556 2216 502 2891 826 1014 199 1550 2888 || mode=rb method=sk_kmeans solver=filo1 stage=post_ls ls=pyvrp iter=6
2026-03-15 16:24:00 | INFO     | Route #77: 2164 2063 685 534 2583 1268 1735 11 2265 370 614 153 1007 255 1289 1577 1266 3 294 1710 1747 19 1065 2237 1387 1294 || mode=rb method=sk_kmeans solver=filo1 stage=post_ls ls=pyvrp iter=6
2026-03-15 16:24:00 | INFO     | Route #78: 2678 2155 2752 2723 604 1636 1409 243 653 214 1298 597 329 1103 1383 1696 2084 528 1845 870 1322 928 980 288 218 1101 1883 551 2663 || mode=rb method=sk_kmeans solver=filo1 stage=post_ls ls=pyvrp iter=6
2026-03-15 16:24:00 | INFO     | Route #79: 1917 1199 831 2111 1761 1606 697 1638 2478 1374 1947 911 1467 1777 2085 235 2632 311 1459 2791 2606 339 || mode=rb method=sk_kmeans solver=filo1 stage=post_ls ls=pyvrp iter=6
2026-03-15 16:24:00 | INFO     | Route #80: 2355 2188 2381 1905 1027 2089 950 1160 2376 364 2421 315 813 2454 2593 415 1236 2128 1996 2789 35 1203 2900 || mode=rb method=sk_kmeans solver=filo1 stage=post_ls ls=pyvrp iter=6
2026-03-15 16:24:00 | INFO     | Route #81: 2117 2334 347 241 1640 38 1195 1630 160 395 626 1498 932 954 2496 1080 2301 1628 1774 1716 2436 || mode=rb method=sk_kmeans solver=filo1 stage=post_ls ls=pyvrp iter=6
2026-03-15 16:24:00 | INFO     | Route #82: 246 304 1127 335 722 572 1576 1942 652 657 1429 585 2278 2784 1394 714 2341 1879 1634 2546 2108 149 1440 622 1999 || mode=rb method=sk_kmeans solver=filo1 stage=post_ls ls=pyvrp iter=6
2026-03-15 16:24:00 | INFO     | Route #83: 1331 1204 94 1288 480 2548 890 2718 2521 814 679 588 142 2858 2359 1258 771 1105 447 1565 1849 || mode=rb method=sk_kmeans solver=filo1 stage=post_ls ls=pyvrp iter=6
2026-03-15 16:24:00 | INFO     | Route #84: 1724 2197 1907 37 1082 2575 2095 2016 2138 2133 1350 2408 388 2749 1187 2613 504 2310 2517 1041 755 1152 || mode=rb method=sk_kmeans solver=filo1 stage=post_ls ls=pyvrp iter=6
2026-03-15 16:24:00 | INFO     | Route #85: 498 1121 2682 453 2707 2509 236 1483 1363 2622 2753 2142 56 2121 2873 2130 1279 1458 855 742 2141 1032 1284 943 1018 768 1839 || mode=rb method=sk_kmeans solver=filo1 stage=post_ls ls=pyvrp iter=6
2026-03-15 16:24:00 | INFO     | Route #86: 192 1751 1900 365 2588 2758 1517 1509 2640 1548 340 2185 568 1261 613 892 1108 263 350 486 1185 2366 757 || mode=rb method=sk_kmeans solver=filo1 stage=post_ls ls=pyvrp iter=6
2026-03-15 16:24:00 | INFO     | Route #87: 2617 195 851 1916 1848 2119 1585 707 1886 2564 2065 1511 229 1822 2268 2515 1015 2002 1818 1841 2555 || mode=rb method=sk_kmeans solver=filo1 stage=post_ls ls=pyvrp iter=6
2026-03-15 16:24:00 | INFO     | Route #88: 1953 2557 1752 1161 1549 39 1771 2798 1366 1351 667 1431 2542 1149 134 1923 781 704 749 794 1730 || mode=rb method=sk_kmeans solver=filo1 stage=post_ls ls=pyvrp iter=6
2026-03-15 16:24:00 | INFO     | Route #89: 131 213 2568 2256 1939 2072 1686 682 1792 1035 1856 169 1233 1537 2331 1484 760 554 2885 47 1158 433 || mode=rb method=sk_kmeans solver=filo1 stage=post_ls ls=pyvrp iter=6
2026-03-15 16:24:00 | INFO     | Route #90: 96 422 63 2347 960 756 2129 2636 2837 2248 710 2462 901 2773 2650 925 976 694 1878 2261 2572 1858 || mode=rb method=sk_kmeans solver=filo1 stage=post_ls ls=pyvrp iter=6
2026-03-15 16:24:00 | INFO     | Route #91: 1532 320 2306 1760 1224 474 1191 907 2635 2471 623 377 753 827 352 726 475 1091 807 2881 2725 || mode=rb method=sk_kmeans solver=filo1 stage=post_ls ls=pyvrp iter=6
2026-03-15 16:24:00 | INFO     | Route #92: 530 1997 1393 1944 2452 1701 1114 148 1995 2836 55 2263 362 615 1602 23 2196 76 732 1694 916 1508 1142 || mode=rb method=sk_kmeans solver=filo1 stage=post_ls ls=pyvrp iter=6
2026-03-15 16:24:00 | INFO     | Route #93: 661 95 2538 783 1806 2157 2439 2624 2104 1703 1591 610 1725 32 86 67 2409 1338 1106 789 2712 2161 1353 899 113 2075 1653 2868 1373 1182 45 2794 933 1959 2713 1574 2554 || mode=rb method=sk_kmeans solver=filo1 stage=post_ls ls=pyvrp iter=6
2026-03-15 16:24:00 | INFO     | Route #94: 1887 296 2281 921 61 430 2889 2354 2313 521 125 1124 1176 1685 2392 60 470 26 778 2020 9 2034 || mode=rb method=sk_kmeans solver=filo1 stage=post_ls ls=pyvrp iter=6
2026-03-15 16:24:00 | INFO     | Route #95: 2444 1407 1220 1479 2285 2484 861 2344 1339 1623 1890 869 116 1938 2191 1527 1642 1292 2086 2275 2829 403 2116 655 2878 2735 1216 2534 1974 307 1181 816 1145 2029 676 2437 240 1029 1502 2854 642 763 2577 886 479 1023 2014 1215 669 12 1110 559 1462 || mode=rb method=sk_kmeans solver=filo1 stage=post_ls ls=pyvrp iter=6
2026-03-15 16:24:00 | INFO     | 
2026-03-15 16:24:00 | INFO     | [BEST SOLUTION ROUTE SUMMARY]
2026-03-15 16:24:00 | INFO     | --------------------------------------------------------------------------------
2026-03-15 16:24:00 | INFO     |   59 routes | VB    | sk_kmeans       | solver=filo2      | stage=post_ls | ls=pyvrp
2026-03-15 16:24:00 | INFO     |   34 routes | RB    | sk_kmeans       | solver=filo1      | stage=post_ls | ls=pyvrp
2026-03-15 16:24:00 | INFO     |    2 routes | VB    | fcm             | solver=filo1      | stage=post_ls | ls=pyvrp
2026-03-15 16:24:00 | INFO     | 
2026-03-15 16:24:00 | INFO     | [ROUTE POOL SUMMARY]
2026-03-15 16:24:00 | INFO     |   191 routes | VB | fcm | solver=filo1 | stage=post_ls | ls=pyvrp
2026-03-15 16:24:00 | INFO     |    96 routes | VB | fcm | solver=pyvrp | stage=post_ls | ls=pyvrp
2026-03-15 16:24:00 | INFO     |    96 routes | VB | k_medoids_pyclustering | solver=filo1 | stage=post_ls | ls=pyvrp
2026-03-15 16:24:00 | INFO     |    95 routes | VB | sk_kmeans | solver=filo2 | stage=post_ls | ls=pyvrp
2026-03-15 16:24:00 | INFO     |    94 routes | VB | sk_ac_avg | solver=filo2 | stage=post_ls | ls=pyvrp
2026-03-15 16:24:00 | INFO     |    87 routes | RB | sk_ac_avg | solver=filo2 | stage=post_ls | ls=pyvrp
2026-03-15 16:24:00 | INFO     |    83 routes | RB | sk_kmeans | solver=filo2 | stage=post_ls | ls=pyvrp
2026-03-15 16:24:00 | INFO     |    80 routes | RB | sk_ac_avg | solver=filo1 | stage=post_ls | ls=pyvrp
2026-03-15 16:24:00 | INFO     |    76 routes | RB | sk_kmeans | solver=filo1 | stage=post_ls | ls=pyvrp
2026-03-15 16:24:00 | INFO     | [XL-n2914-k95 NO-IMPROVEMENT] best_cost=89468 | streak=4 | Gap: 0.6367%
2026-03-15 16:24:00 | INFO     | [XL-n2914-k95 ITERATION-TIMES 10] cluster=0.034s routing=1977.088s ls=102.171s total=2079.410s
2026-03-15 16:24:00 | INFO     | [XL-n2914-k95 ITERATION 11] mode=RB method=sk_kmeans k=10 solver=filo2 ls=pyvrp
2026-03-15 16:24:01 | INFO     | [XL-n2914-k95 CLUSTER] method=sk_kmeans k=10 | sizes=[337, 423, 200, 532, 592, 165, 244, 89, 263, 68] | min=68 max=592 avg=291.3
2026-03-15 16:24:01 | INFO     | [XL-n2914-k95 ROUTING] Solving clusters with filo2
2026-03-15 16:47:55 | INFO     | [XL-n2914-k95 NO-IMPROVEMENT] best_cost=89468 | streak=5 | Gap: 0.6367%
2026-03-15 16:47:55 | INFO     | [XL-n2914-k95 ITERATION-TIMES 11] cluster=1.054s routing=1300.602s ls=132.904s total=1434.613s
2026-03-15 16:47:55 | INFO     | [XL-n2914-k95 ITERATION 12] mode=RB method=sk_ac_complete k=9 solver=filo2 ls=pyvrp
2026-03-15 16:47:55 | INFO     | [XL-n2914-k95 CLUSTER] method=sk_ac_complete k=9 | sizes=[231, 750, 156, 552, 248, 219, 244, 379, 134] | min=134 max=750 avg=323.7
2026-03-15 16:47:55 | INFO     | [XL-n2914-k95 ROUTING] Solving clusters with filo2
2026-03-15 17:14:30 | INFO     | [XL-n2914-k95 SCP] pruning_mode=diversity
2026-03-15 17:14:30 | INFO     | [XL-n2914-k95 SCP] solver=gurobi_mip | route_pool=1040
2026-03-15 17:14:40 | INFO     | [XL-n2914-k95 SCP] optimal solution found
2026-03-15 17:16:15 | INFO     | [XL-n2914-k95 IMPROVED-SCP] best_cost=89454 | Gap: 0.6209%
2026-03-15 17:16:15 | INFO     | [XL-n2914-k95 ITERATION-TIMES 12] cluster=0.035s routing=1477.203s ls=117.825s scp=104.809s total=1699.940s
2026-03-15 17:16:15 | INFO     | [XL-n2914-k95 ITERATION 13] mode=RB method=sk_kmeans k=10 solver=filo1 ls=pyvrp
2026-03-15 17:16:15 | INFO     | [XL-n2914-k95 CLUSTER] method=sk_kmeans k=10 | sizes=[337, 307, 212, 423, 615, 176, 289, 157, 133, 264] | min=133 max=615 avg=291.3
2026-03-15 17:16:15 | INFO     | [XL-n2914-k95 ROUTING] Solving clusters with filo1
2026-03-15 18:00:07 | INFO     | 
2026-03-15 18:00:07 | INFO     | ================================================================================
2026-03-15 18:00:07 | INFO     | [XL-n2914-k95] PERIODIC SNAPSHOT SNAPSHOT_004
2026-03-15 18:00:07 | INFO     | ================================================================================
2026-03-15 18:00:07 | INFO     | Route #1: 1787 2033 69 754 371 1699 1241 1075 1611 1708 49 569 2561 2835 1619 592 712 795 2772 2221 941 1918 || mode=vb method=sk_kmeans solver=filo2 stage=post_ls ls=pyvrp iter=1
2026-03-15 18:00:07 | INFO     | Route #2: 969 544 33 1030 1452 2598 836 2232 102 1422 2770 100 983 2253 426 375 733 1130 186 645 966 2398 267 || mode=vb method=sk_kmeans solver=filo2 stage=post_ls ls=pyvrp iter=1
2026-03-15 18:00:07 | INFO     | Route #3: 2845 1059 1650 2543 2842 2295 1632 20 1496 59 770 341 2241 390 680 455 2080 1615 2137 2847 2220 577 1658 || mode=vb method=sk_kmeans solver=filo2 stage=post_ls ls=pyvrp iter=1
2026-03-15 18:00:07 | INFO     | Route #4: 114 2494 908 850 1656 1758 1089 2205 540 16 1967 432 2607 1096 1461 2280 605 1354 1949 1697 1862 993 || mode=vb method=sk_kmeans solver=filo2 stage=post_ls ls=pyvrp iter=1
2026-03-15 18:00:07 | INFO     | Route #5: 1607 1598 428 485 508 51 618 1442 253 477 1180 293 1321 2277 967 2882 1177 183 2760 706 484 2361 || mode=vb method=sk_kmeans solver=filo2 stage=post_ls ls=pyvrp iter=1
2026-03-15 18:00:07 | INFO     | Route #6: 1651 2850 2481 2830 2046 791 404 2894 2397 2107 2387 2610 2415 1388 151 2657 621 349 2225 2126 824 || mode=vb method=sk_kmeans solver=filo2 stage=post_ls ls=pyvrp iter=1
2026-03-15 18:00:07 | INFO     | Route #7: 2146 1167 2115 1655 2629 858 1263 107 223 1441 334 1008 245 31 1256 1978 2774 2336 1712 2243 729 2358 1166 || mode=vb method=sk_kmeans solver=filo2 stage=post_ls ls=pyvrp iter=1
2026-03-15 18:00:07 | INFO     | Route #8: 2528 919 842 239 2422 2400 2600 1925 1430 1646 2175 1639 1390 2251 2818 1299 772 90 2645 424 835 || mode=vb method=sk_kmeans solver=filo2 stage=post_ls ls=pyvrp iter=1
2026-03-15 18:00:07 | INFO     | Route #9: 2604 2502 324 2646 78 2520 143 2479 1343 1439 1753 1834 1228 938 1323 2326 2019 302 705 1722 752 248 2156 || mode=vb method=sk_kmeans solver=filo2 stage=post_ls ls=pyvrp iter=1
2026-03-15 18:00:07 | INFO     | Route #10: 122 66 743 780 889 83 189 401 158 1362 2090 1309 2229 416 903 2536 2860 1296 1966 1971 170 2318 || mode=vb method=sk_kmeans solver=filo2 stage=post_ls ls=pyvrp iter=1
2026-03-15 18:00:07 | INFO     | Route #11: 2067 2625 1799 986 635 496 693 2057 1568 547 387 2401 542 846 2022 230 2337 1138 797 1700 99 1078 1058 || mode=vb method=sk_kmeans solver=filo2 stage=post_ls ls=pyvrp iter=1
2026-03-15 18:00:07 | INFO     | Route #12: 1743 1466 378 953 284 2614 801 2807 2628 912 380 1476 80 1137 1046 812 1807 788 1340 2887 2689 || mode=vb method=sk_kmeans solver=filo2 stage=post_ls ls=pyvrp iter=1
2026-03-15 18:00:07 | INFO     | Route #13: 204 1336 2660 1119 1437 1402 1446 2059 766 2250 1982 1278 2648 2193 2101 571 2348 1670 2510 1690 2655 98 || mode=vb method=sk_kmeans solver=filo2 stage=post_ls ls=pyvrp iter=1
2026-03-15 18:00:07 | INFO     | Route #14: 211 1969 1132 330 1303 473 2704 1359 2199 2458 1675 1173 1083 2030 399 1775 2039 600 2459 536 157 1003 || mode=vb method=sk_kmeans solver=filo2 stage=post_ls ls=pyvrp iter=1
2026-03-15 18:00:07 | INFO     | Route #15: 1889 1054 494 1667 1315 1922 670 1357 1624 105 2031 1019 1894 1609 823 1474 488 261 2092 2642 1159 2106 2001 144 || mode=vb method=sk_kmeans solver=filo2 stage=post_ls ls=pyvrp iter=1
2026-03-15 18:00:07 | INFO     | Route #16: 1116 224 2465 2813 1989 2283 1616 691 1419 2286 1346 1564 617 686 1749 1488 1141 2061 1988 2781 || mode=vb method=sk_kmeans solver=filo2 stage=post_ls ls=pyvrp iter=1
2026-03-15 18:00:07 | INFO     | Route #17: 326 2715 2796 2744 1588 115 2698 287 2558 2898 2799 1791 744 611 2848 1780 2867 619 1165 1282 924 221 2380 1313 905 1109 2611 2173 1551 || mode=vb method=sk_kmeans solver=filo2 stage=post_ls ls=pyvrp iter=1
2026-03-15 18:00:07 | INFO     | Route #18: 1506 1325 1157 1117 963 1148 914 1251 1828 909 2202 381 1468 501 2114 2460 2597 1168 2814 1575 1451 1936 || mode=vb method=sk_kmeans solver=filo2 stage=post_ls ls=pyvrp iter=1
2026-03-15 18:00:07 | INFO     | Route #19: 2907 1519 1692 2560 1963 2581 2776 1666 2370 681 25 439 318 1094 145 1213 2122 562 2683 2901 1669 988 || mode=vb method=sk_kmeans solver=filo2 stage=post_ls ls=pyvrp iter=1
2026-03-15 18:00:07 | INFO     | Route #20: 1244 1223 2826 2686 452 1614 723 1051 1146 1062 104 716 773 301 1680 1776 792 155 2236 2066 1536 847 984 || mode=vb method=sk_kmeans solver=filo2 stage=post_ls ls=pyvrp iter=1
2026-03-15 18:00:07 | INFO     | Route #21: 2074 1505 515 2403 2338 1139 1824 1492 238 1368 2214 247 202 2364 2211 2026 130 535 1713 1825 || mode=vb method=sk_kmeans solver=filo2 stage=post_ls ls=pyvrp iter=1
2026-03-15 18:00:07 | INFO     | Route #22: 1538 844 7 1986 112 1937 2097 1201 2820 593 2158 8 2486 1460 2603 1707 606 2037 1123 1972 1765 2535 2290 2245 || mode=vb method=sk_kmeans solver=filo2 stage=post_ls ls=pyvrp iter=1
2026-03-15 18:00:07 | INFO     | Route #23: 673 1040 1681 1547 1629 656 1352 2165 2258 1475 161 2385 516 1562 2503 1031 1163 1800 959 1559 1445 249 2748 1369 1844 1726 875 1510 862 || mode=vb method=sk_kmeans solver=filo2 stage=post_ls ls=pyvrp iter=1
2026-03-15 18:00:07 | INFO     | Route #24: 1456 761 316 750 386 2172 2519 108 2289 777 2470 2455 709 942 2414 2872 1554 1202 1796 446 2731 2570 662 || mode=vb method=sk_kmeans solver=filo2 stage=post_ls ls=pyvrp iter=1
2026-03-15 18:00:07 | INFO     | Route #25: 2051 1613 1154 1347 2491 2224 1756 2000 936 1398 879 518 2350 2714 2670 2288 1617 998 1897 2658 1135 2852 1902 266 1968 173 278 450 838 1864 2131 408 511 829 2234 2442 1017 1295 300 1470 259 648 413 1934 48 2883 172 803 2601 2322 244 456 2154 442 1246 2684 1740 2267 1207 1416 1586 2892 2457 524 1186 5 417 2135 1421 2260 2913 2453 2247 620 || mode=vb method=sk_kmeans solver=filo2 stage=post_ls ls=pyvrp iter=1
2026-03-15 18:00:07 | INFO     | Route #26: 1307 1847 876 1002 1345 458 1172 2832 1954 166 1533 2765 1259 1406 28 2808 2490 2309 1671 1994 1812 931 1621 2169 13 43 2093 958 1877 2792 445 1618 2862 1200 994 2855 2685 1649 126 545 2346 1731 2190 881 997 2096 457 834 2180 331 633 282 2330 918 2475 1092 1404 885 1539 555 531 24 466 2043 64 1711 || mode=vb method=sk_kmeans solver=filo2 stage=post_ls ls=pyvrp iter=1
2026-03-15 18:00:07 | INFO     | Route #27: 520 1590 1162 1851 507 2544 310 2124 971 2513 1254 46 2522 1272 1469 2171 1211 2777 690 934 || mode=vb method=sk_kmeans solver=filo2 stage=post_ls ls=pyvrp iter=1
2026-03-15 18:00:07 | INFO     | Route #28: 2186 1420 1729 1183 179 2378 2235 975 758 1903 2539 1850 2504 1120 177 1153 441 674 964 1010 2352 159 111 || mode=vb method=sk_kmeans solver=filo2 stage=post_ls ls=pyvrp iter=1
2026-03-15 18:00:07 | INFO     | Route #29: 1823 2231 410 727 481 154 2595 2787 465 191 1970 85 1705 2365 1592 2540 2899 2782 1853 1872 874 1067 || mode=vb method=sk_kmeans solver=filo2 stage=post_ls ls=pyvrp iter=1
2026-03-15 18:00:07 | INFO     | Route #30: 1770 1360 1435 2569 2653 1715 2551 1260 2426 2168 2626 2399 2343 1689 2506 366 2530 423 1044 1415 290 || mode=vb method=sk_kmeans solver=filo2 stage=post_ls ls=pyvrp iter=1
2026-03-15 18:00:07 | INFO     | Route #31: 1267 558 1291 2244 1542 2152 1372 891 759 822 2375 2679 1333 1507 2316 1990 2024 1738 393 219 659 2291 2149 279 181 209 2694 353 412 2693 2463 1087 1984 2590 2717 1280 2383 || mode=vb method=sk_kmeans solver=filo2 stage=post_ls ls=pyvrp iter=1
2026-03-15 18:00:07 | INFO     | Route #32: 2388 636 1931 1478 1283 389 1237 2150 1826 2556 1151 252 2239 1184 1516 2194 1597 478 2884 746 2710 || mode=vb method=sk_kmeans solver=filo2 stage=post_ls ls=pyvrp iter=1
2026-03-15 18:00:07 | INFO     | Route #33: 1171 666 2429 1156 250 837 348 2431 1001 625 2274 1275 608 1052 1449 599 1914 2266 784 2182 1198 167 379 821 431 2804 1915 367 257 1231 1443 1418 2631 2779 1674 338 1128 260 917 2876 1038 471 1952 2833 1382 1739 2708 1660 226 2430 15 525 2766 233 944 2563 1904 277 939 513 1819 52 || mode=vb method=sk_kmeans solver=filo2 stage=post_ls ls=pyvrp iter=1
2026-03-15 18:00:07 | INFO     | Route #34: 2750 2187 1090 459 2396 1 71 579 1941 2102 2412 132 566 2785 1408 1702 906 258 372 497 1342 1074 1022 2800 1522 2690 2586 1928 2623 1410 1951 1688 2368 1253 2394 6 638 2060 1935 323 1255 2839 2495 1567 2308 1709 2904 2377 1242 171 194 505 1013 1530 1327 2511 1926 490 2743 955 2382 1047 1745 995 || mode=vb method=sk_kmeans solver=filo2 stage=post_ls ls=pyvrp iter=1
2026-03-15 18:00:07 | INFO     | Route #35: 397 1991 342 1463 1892 641 385 581 1405 2736 1193 1497 2767 1652 1319 1192 2420 1329 2227 684 1485 1453 || mode=vb method=sk_kmeans solver=filo2 stage=post_ls ls=pyvrp iter=1
2026-03-15 18:00:07 | INFO     | Route #36: 2722 1471 163 1737 510 1045 2665 1979 738 421 449 887 1769 1056 1778 133 2834 526 1813 2012 2413 27 2042 1129 355 469 1973 2909 1901 1403 2371 519 1714 2578 234 429 1906 1815 1580 1425 1520 1821 1664 1361 2321 1270 276 328 1717 1732 1684 1356 1115 2896 1448 1742 929 1837 2078 448 1919 1021 805 1584 860 || mode=vb method=sk_kmeans solver=filo2 stage=post_ls ls=pyvrp iter=1
2026-03-15 18:00:07 | INFO     | Route #37: 2493 1579 1334 730 2875 88 1781 2497 1025 1217 1093 2296 343 609 1066 2071 81 1179 1898 1525 || mode=vb method=sk_kmeans solver=filo2 stage=post_ls ls=pyvrp iter=1
2026-03-15 18:00:07 | INFO     | Route #38: 1595 1102 2754 2501 711 1976 2207 2608 1026 1450 216 2167 1992 573 70 2056 2228 2809 2395 1113 696 1225 1687 188 2404 1221 2895 1401 2516 2079 2633 2562 1147 1762 1084 1622 1644 603 1698 787 893 2464 2230 || mode=vb method=sk_kmeans solver=filo2 stage=post_ls ls=pyvrp iter=1
2026-03-15 18:00:07 | INFO     | Route #39: 312 2890 36 2473 616 2456 1234 87 57 185 440 956 2488 1048 582 1358 1932 2048 1840 482 1645 1573 2906 92 2145 1881 590 1005 68 138 2487 2552 147 2136 624 1375 2662 2659 1587 2612 1174 563 420 289 1337 1803 77 2393 2127 1816 2434 2769 1927 1605 2123 2098 280 1495 2838 695 464 319 1891 2362 1801 2417 1964 649 647 2857 || mode=vb method=sk_kmeans solver=filo2 stage=post_ls ls=pyvrp iter=1
2026-03-15 18:00:07 | INFO     | Route #40: 1480 2864 1578 1871 2485 1746 1247 1767 2307 2333 1833 2812 1867 2702 139 1424 877 945 2647 970 2716 810 || mode=vb method=sk_kmeans solver=filo2 stage=post_ls ls=pyvrp iter=1
2026-03-15 18:00:07 | INFO     | Route #41: 785 2312 2049 1514 321 1863 532 2009 825 317 225 1626 1293 123 1164 2176 769 910 506 663 1561 || mode=vb method=sk_kmeans solver=filo2 stage=post_ls ls=pyvrp iter=1
2026-03-15 18:00:07 | INFO     | Route #42: 2630 2861 533 2055 776 2070 1118 702 135 1379 894 251 1248 665 2905 1144 118 1721 2627 2701 || mode=vb method=sk_kmeans solver=filo2 stage=post_ls ls=pyvrp iter=1
2026-03-15 18:00:07 | INFO     | Route #43: 2407 671 2015 977 1755 1960 406 2198 2125 1596 2050 1521 2027 1076 1050 1920 1318 1659 1930 587 591 1558 298 1948 1391 2195 627 2609 1011 2174 314 1679 595 2233 946 2871 2011 2699 2028 402 923 2719 2676 354 325 1006 2547 2711 1798 2440 2450 1111 443 308 550 1543 537 557 1131 2323 935 575 1396 630 2822 2724 264 1365 1544 962 2140 168 1055 1428 332 || mode=vb method=sk_kmeans solver=filo2 stage=post_ls ls=pyvrp iter=1
2026-03-15 18:00:07 | INFO     | Route #44: 2668 1378 1782 2159 1873 1209 1249 2068 1552 2828 1661 1683 358 1099 242 2212 1432 601 1744 283 2311 1695 1512 || mode=vb method=sk_kmeans solver=filo2 stage=post_ls ls=pyvrp iter=1
2026-03-15 18:00:07 | INFO     | Route #45: 840 1608 724 865 373 930 982 79 1985 567 915 1245 2252 2618 2756 1281 2742 1395 687 2183 2179 1332 || mode=vb method=sk_kmeans solver=filo2 stage=post_ls ls=pyvrp iter=1
2026-03-15 18:00:07 | INFO     | Route #46: 1197 1316 2841 2369 728 119 2139 2801 2162 487 425 689 2446 2441 58 2576 522 719 2874 699 476 1553 374 1271 2680 574 262 2204 295 1913 1243 2284 987 2402 1274 2615 1513 2591 2315 2082 2386 2466 1314 2738 2634 2691 2545 1250 2410 2549 2329 2360 2374 2869 2324 1846 650 2163 2448 961 2255 2143 872 2038 1759 2178 796 2379 553 895 || mode=vb method=sk_kmeans solver=filo2 stage=post_ls ls=pyvrp iter=1
2026-03-15 18:00:07 | INFO     | Route #47: 1312 2226 1768 2746 811 222 1859 1072 369 1860 2391 2525 2897 985 549 2109 467 461 254 1370 394 2389 1563 91 1589 2054 820 1912 286 1757 2367 2863 391 2443 580 65 1875 2879 664 217 833 2018 2797 668 2269 1566 1899 34 880 968 272 2013 900 53 1668 2803 2144 675 || mode=vb method=sk_kmeans solver=filo2 stage=post_ls ls=pyvrp iter=1
2026-03-15 18:00:07 | INFO     | Route #48: 1820 414 902 888 2703 1876 427 717 2482 2120 454 852 1635 438 84 863 1386 2541 2081 2605 1727 1436 1921 646 543 285 1569 2584 927 2621 281 1004 1832 2467 1835 2469 1465 937 2666 2342 22 1884 1911 920 1518 344 1910 2908 197 435 2262 2298 1795 1389 268 1107 109 || mode=vb method=sk_kmeans solver=filo2 stage=post_ls ls=pyvrp iter=1
2026-03-15 18:00:07 | INFO     | Route #49: 1043 2671 2811 383 392 146 141 2200 41 2500 2853 2134 137 2451 2654 75 1212 1560 1627 589 2332 1068 1657 2695 207 1069 303 2755 407 949 583 187 2728 62 2184 718 1238 451 || mode=vb method=sk_kmeans solver=filo2 stage=post_ls ls=pyvrp iter=1
2026-03-15 18:00:07 | INFO     | Route #50: 2911 2210 2700 1809 1330 701 2553 360 809 2328 1535 1434 398 1133 2483 654 2053 2793 2335 1908 2819 1143 2846 368 103 269 1348 2069 2775 2705 1036 1344 2272 2806 208 271 2587 745 129 1033 1797 1794 2007 489 1490 2151 2734 2297 1523 2445 2045 2579 357 683 2823 2223 2073 1371 2189 866 2721 2817 1219 1704 || mode=vb method=sk_kmeans solver=filo2 stage=post_ls ls=pyvrp iter=1
2026-03-15 18:00:07 | INFO     | Route #51: 2088 175 2514 1208 1571 491 1140 739 1310 2264 2240 735 1541 2480 1077 658 1227 228 1662 1328 2040 2910 1489 || mode=vb method=sk_kmeans solver=filo2 stage=post_ls ls=pyvrp iter=1
2026-03-15 18:00:07 | INFO     | Route #52: 1720 463 2761 2353 270 1232 2242 1417 2201 297 2619 632 333 2574 460 2893 2357 82 972 1693 896 2537 2339 2287 434 472 2778 1500 1364 2390 231 2419 1126 2529 2006 2802 150 1444 1317 2740 598 576 849 || mode=vb method=sk_kmeans solver=filo2 stage=post_ls ls=pyvrp iter=1
2026-03-15 18:00:07 | INFO     | Route #53: 1188 2112 538 1414 1572 1888 237 2732 2304 1983 1073 89 2844 2320 1961 720 832 2688 965 1874 1793 2661 1481 2077 2294 1214 2831 2025 4 2147 578 1205 948 2512 2639 523 2257 952 751 1136 1893 1764 596 848 1691 586 2282 2589 200 782 2303 1965 2177 2203 1748 527 2023 74 2273 2768 859 1648 1857 512 1843 1950 1861 1486 120 || mode=vb method=sk_kmeans solver=filo2 stage=post_ls ls=pyvrp iter=1
2026-03-15 18:00:07 | INFO     | Route #54: 1413 637 830 2849 1175 1583 2880 1306 897 121 904 2192 2729 1426 898 841 1804 2432 2594 2215 2438 1257 || mode=vb method=fcm solver=filo1 stage=post_ls ls=pyvrp iter=2
2026-03-15 18:00:07 | INFO     | Route #55: 462 1637 101 1194 2418 2499 677 1779 1581 991 996 1866 1981 2759 1557 499 2302 2532 2087 1273 1311 1000 232 || mode=vb method=fcm solver=filo1 stage=post_ls ls=pyvrp iter=4
2026-03-15 18:00:07 | INFO     | Route #56: 419 541 337 2810 363 1081 1455 570 405 2461 2474 1641 2821 973 2859 981 1805 1300 856 2003 2325 || mode=rb method=sk_kmeans solver=filo1 stage=post_ls ls=pyvrp iter=6
2026-03-15 18:00:07 | INFO     | Route #57: 2035 2405 1086 2790 2865 1384 201 2877 819 2571 2299 265 2763 1304 2533 786 162 741 1601 44 2305 || mode=rb method=sk_kmeans solver=filo1 stage=post_ls ls=pyvrp iter=6
2026-03-15 18:00:07 | INFO     | Route #58: 1633 1277 2044 500 974 734 703 2644 1663 1706 539 2566 2674 1940 2477 2903 804 2815 947 2300 40 1955 736 || mode=rb method=sk_kmeans solver=filo1 stage=post_ls ls=pyvrp iter=6
2026-03-15 18:00:07 | INFO     | Route #59: 2602 565 2384 1599 2664 1085 873 1817 1814 2675 2209 1788 1830 1838 174 2681 839 764 2246 978 || mode=rb method=sk_kmeans solver=filo1 stage=post_ls ls=pyvrp iter=6
2026-03-15 18:00:07 | INFO     | Route #60: 1665 1264 1100 612 1423 2573 2652 1604 882 1079 1088 1631 1987 1677 18 790 979 1302 1594 1016 1349 || mode=rb method=sk_kmeans solver=filo1 stage=post_ls ls=pyvrp iter=6
2026-03-15 18:00:07 | INFO     | Route #61: 1956 1230 292 313 639 1736 2582 2585 1545 2004 2411 1239 1487 1380 1400 2148 2667 215 1473 2531 359 29 || mode=rb method=sk_kmeans solver=filo1 stage=post_ls ls=pyvrp iter=6
2026-03-15 18:00:07 | INFO     | Route #62: 1896 503 2105 309 2076 1287 799 1772 356 2709 1095 444 1063 857 437 1399 165 1037 644 2616 2052 2843 || mode=rb method=sk_kmeans solver=filo1 stage=post_ls ls=pyvrp iter=6
2026-03-15 18:00:07 | INFO     | Route #63: 93 602 1210 495 1718 2293 1206 765 2047 2673 492 227 1534 1411 556 1381 351 1367 607 2507 2527 1733 || mode=rb method=sk_kmeans solver=filo1 stage=post_ls ls=pyvrp iter=6
2026-03-15 18:00:07 | INFO     | Route #64: 206 1555 1852 2786 2219 2213 1945 1493 1028 1810 1262 1412 2317 926 14 2217 2523 2160 1789 1998 418 336 || mode=rb method=sk_kmeans solver=filo1 stage=post_ls ls=pyvrp iter=6
2026-03-15 18:00:07 | INFO     | Route #65: 1134 17 2062 1643 2276 1454 210 871 256 2638 1802 2596 692 2720 721 2757 1235 1603 30 957 2498 1297 || mode=rb method=sk_kmeans solver=filo1 stage=post_ls ls=pyvrp iter=6
2026-03-15 18:00:07 | INFO     | Route #66: 1060 651 1529 2505 1933 291 708 212 127 2745 1977 1308 2435 594 2677 2010 1880 2599 2912 922 2851 110 || mode=rb method=sk_kmeans solver=filo1 stage=post_ls ls=pyvrp iter=6
2026-03-15 18:00:07 | INFO     | Route #67: 1155 400 1929 884 715 2319 2356 2423 1593 1457 2692 818 2780 868 2816 1854 182 1829 2472 2565 203 || mode=rb method=sk_kmeans solver=filo1 stage=post_ls ls=pyvrp iter=6
2026-03-15 18:00:07 | INFO     | Route #68: 2021 2181 2118 1504 999 2764 698 376 73 561 1447 327 1719 1324 2222 2249 2805 867 678 346 806 2697 2363 1009 117 1766 1269 1672 42 1178 184 845 802 688 1610 2271 1189 409 584 1070 2292 1218 2170 1763 2032 || mode=rb method=sk_kmeans solver=filo1 stage=post_ls ls=pyvrp iter=6
2026-03-15 18:00:07 | INFO     | Route #69: 2279 2508 817 843 1957 1975 1895 2259 1790 2669 2036 97 483 1784 54 2017 2091 1600 2827 731 1265 864 1438 1785 2153 2518 493 2208 1305 1528 546 2327 1229 1112 1240 2427 2270 2058 1290 2476 1122 124 1097 883 2218 1049 747 2254 2468 2637 10 1020 1170 1494 2349 1811 2687 2041 2103 1882 1326 1682 || mode=rb method=sk_kmeans solver=filo1 stage=post_ls ls=pyvrp iter=6
2026-03-15 18:00:07 | INFO     | Route #70: 2164 2063 685 534 2583 1268 1735 11 2265 370 614 153 1007 255 1289 1577 1266 3 294 1710 1747 19 1065 2237 1387 1294 || mode=rb method=sk_kmeans solver=filo1 stage=post_ls ls=pyvrp iter=6
2026-03-15 18:00:07 | INFO     | Route #71: 2678 2155 2752 2723 604 1636 1409 243 653 214 1298 597 329 1103 1383 1696 2084 528 1845 870 1322 928 980 288 218 1101 1883 551 2663 || mode=rb method=sk_kmeans solver=filo1 stage=post_ls ls=pyvrp iter=6
2026-03-15 18:00:07 | INFO     | Route #72: 1917 1199 831 2111 1761 1606 697 1638 2478 1374 1947 911 1467 1777 2085 235 2632 311 1459 2791 2606 339 || mode=rb method=sk_kmeans solver=filo1 stage=post_ls ls=pyvrp iter=6
2026-03-15 18:00:07 | INFO     | Route #73: 2355 2188 2381 1905 1027 2089 950 1160 2376 364 2421 315 813 2454 2593 415 1236 2128 1996 2789 35 1203 2900 || mode=rb method=sk_kmeans solver=filo1 stage=post_ls ls=pyvrp iter=6
2026-03-15 18:00:07 | INFO     | Route #74: 2117 2334 347 241 1640 38 1195 1630 160 395 626 1498 932 954 2496 1080 2301 1628 1774 1716 2436 || mode=rb method=sk_kmeans solver=filo1 stage=post_ls ls=pyvrp iter=6
2026-03-15 18:00:07 | INFO     | Route #75: 1331 1204 94 1288 480 2548 890 2718 2521 814 679 588 142 2858 2359 1258 771 1105 447 1565 1849 || mode=rb method=sk_kmeans solver=filo1 stage=post_ls ls=pyvrp iter=6
2026-03-15 18:00:07 | INFO     | Route #76: 1724 2197 1907 37 1082 2575 2095 2016 2138 2133 1350 2408 388 2749 1187 2613 504 2310 2517 1041 755 1152 || mode=rb method=sk_kmeans solver=filo1 stage=post_ls ls=pyvrp iter=6
2026-03-15 18:00:07 | INFO     | Route #77: 498 1121 2682 453 2707 2509 236 1483 1363 2622 2753 2142 56 2121 2873 2130 1279 1458 855 742 2141 1032 1284 943 1018 768 1839 || mode=rb method=sk_kmeans solver=filo1 stage=post_ls ls=pyvrp iter=6
2026-03-15 18:00:07 | INFO     | Route #78: 192 1751 1900 365 2588 2758 1517 1509 2640 1548 340 2185 568 1261 613 892 1108 263 350 486 1185 2366 757 || mode=rb method=sk_kmeans solver=filo1 stage=post_ls ls=pyvrp iter=6
2026-03-15 18:00:07 | INFO     | Route #79: 2617 195 851 1916 1848 2119 1585 707 1886 2564 2065 1511 229 1822 2268 2515 1015 2002 1818 1841 2555 || mode=rb method=sk_kmeans solver=filo1 stage=post_ls ls=pyvrp iter=6
2026-03-15 18:00:07 | INFO     | Route #80: 1953 2557 1752 1161 1549 39 1771 2798 1366 1351 667 1431 2542 1149 134 1923 781 704 749 794 1730 || mode=rb method=sk_kmeans solver=filo1 stage=post_ls ls=pyvrp iter=6
2026-03-15 18:00:07 | INFO     | Route #81: 131 213 2568 2256 1939 2072 1686 682 1792 1035 1856 169 1233 1537 2331 1484 760 554 2885 47 1158 433 || mode=rb method=sk_kmeans solver=filo1 stage=post_ls ls=pyvrp iter=6
2026-03-15 18:00:07 | INFO     | Route #82: 530 1997 1393 1944 2452 1701 1114 148 1995 2836 55 2263 362 615 1602 23 2196 76 732 1694 916 1508 1142 || mode=rb method=sk_kmeans solver=filo1 stage=post_ls ls=pyvrp iter=6
2026-03-15 18:00:07 | INFO     | Route #83: 246 304 1127 335 722 572 1576 1942 652 657 1429 585 199 2784 1394 714 2341 1879 1634 2546 2108 149 1440 622 1999 || mode=rb method=sk_ac_complete solver=filo2 stage=post_ls ls=pyvrp iter=12
2026-03-15 18:00:07 | INFO     | Route #84: 1858 1377 1433 1252 1865 2351 1958 1355 468 1150 136 1515 1962 1556 2216 502 2891 826 1014 2278 1550 2888 || mode=rb method=sk_ac_complete solver=filo2 stage=post_ls ls=pyvrp iter=12
2026-03-15 18:00:07 | INFO     | Route #85: 320 2306 1760 1224 474 1191 907 623 2635 2471 377 753 827 352 726 475 1091 807 2881 1532 96 || mode=rb method=sk_ac_complete solver=filo2 stage=post_ls ls=pyvrp iter=12
2026-03-15 18:00:07 | INFO     | Route #86: 2 2725 422 63 2347 960 756 2129 2636 2837 2248 710 2462 901 2650 2773 2281 976 694 1878 2261 2572 || mode=rb method=sk_ac_complete solver=filo2 stage=post_ls ls=pyvrp iter=12
2026-03-15 18:00:07 | INFO     | Route #87: 1612 2620 1678 2526 2788 1946 2083 1039 700 2416 299 305 548 2449 1546 198 1472 1540 2433 514 1376 273 1754 || mode=rb method=sk_ac_complete solver=filo2 stage=post_ls ls=pyvrp iter=12
2026-03-15 18:00:07 | INFO     | Route #88: 1887 296 925 430 2889 2354 2313 521 125 1124 1176 1053 196 1685 2392 60 470 26 778 2020 9 2034 || mode=rb method=sk_ac_complete solver=filo2 stage=post_ls ls=pyvrp iter=12
2026-03-15 18:00:07 | INFO     | Route #89: 61 921 2314 1061 2795 1855 2730 2886 800 306 2064 854 1477 2345 2113 2866 564 2372 1335 1869 411 || mode=rb method=sk_ac_complete solver=filo2 stage=post_ls ls=pyvrp iter=12
2026-03-15 18:00:07 | INFO     | Route #90: 1285 1836 2424 1397 164 2406 2340 762 1190 2733 1783 552 2492 396 2824 1169 178 853 815 989 913 1526 || mode=rb method=sk_ac_complete solver=filo2 stage=post_ls ls=pyvrp iter=12
2026-03-15 18:00:07 | INFO     | Route #91: 2132 2856 1499 2870 2902 1286 275 1392 2727 1582 2649 140 2094 1531 775 193 2099 1842 2489 1870 672 1808 1741 || mode=rb method=sk_ac_complete solver=filo2 stage=post_ls ls=pyvrp iter=12
2026-03-15 18:00:07 | INFO     | Route #92: 2425 2726 2840 1503 828 1071 737 643 2783 793 1427 2206 205 2559 2825 106 1276 2696 2567 1723 1773 2008 1625 1320 2656 1885 798 1620 1226 2747 713 1909 2592 21 436 560 1024 1676 940 1924 220 2651 2672 529 774 1570 274 322 740 878 2706 2166 2110 2524 628 361 2550 1057 2238 990 2447 767 1385 || mode=rb method=sk_ac_complete solver=filo2 stage=post_ls ls=pyvrp iter=12
2026-03-15 18:00:07 | INFO     | Route #93: 2554 1574 2713 1959 933 2794 45 1182 1373 2868 1653 2075 113 899 1353 2161 2712 789 1106 1338 2409 67 86 32 1725 610 1591 1703 2104 2624 2439 2157 669 12 783 2538 1407 || mode=rb method=sk_ac_complete solver=filo2 stage=post_ls ls=pyvrp iter=12
2026-03-15 18:00:07 | INFO     | Route #94: 180 1827 2285 1501 1125 1831 2741 1339 1623 1890 869 1527 2191 116 1654 384 1098 2737 2771 50 2428 2739 1980 1042 1786 992 1647 1943 631 634 748 176 1750 1993 2005 156 2641 2643 1728 517 1673 629 2762 1064 1012 509 2373 808 1104 1524 640 1034 660 345 725 951 1868 128 2580 1734 72 779 1491 190 382 152 1464 || mode=rb method=sk_ac_complete solver=filo2 stage=post_ls ls=pyvrp iter=12
2026-03-15 18:00:07 | INFO     | Route #95: 2751 2444 1220 1479 1806 2484 2344 861 1292 1642 2086 2275 2829 403 2116 1938 655 2878 2735 1216 1196 1222 1341 1482 2100 1301 2534 1974 307 1181 816 1145 2029 676 2437 240 1029 1502 2854 642 763 2577 886 479 1023 2014 1215 1110 559 1462 95 661 || mode=rb method=sk_ac_complete solver=filo2 stage=post_ls ls=pyvrp iter=12
2026-03-15 18:00:07 | INFO     | 
2026-03-15 18:00:07 | INFO     | [BEST SOLUTION ROUTE SUMMARY]
2026-03-15 18:00:07 | INFO     | --------------------------------------------------------------------------------
2026-03-15 18:00:07 | INFO     |   53 routes | VB    | sk_kmeans       | solver=filo2      | stage=post_ls | ls=pyvrp
2026-03-15 18:00:07 | INFO     |   27 routes | RB    | sk_kmeans       | solver=filo1      | stage=post_ls | ls=pyvrp
2026-03-15 18:00:07 | INFO     |   13 routes | RB    | sk_ac_complete  | solver=filo2      | stage=post_ls | ls=pyvrp
2026-03-15 18:00:07 | INFO     |    2 routes | VB    | fcm             | solver=filo1      | stage=post_ls | ls=pyvrp
2026-03-15 18:00:07 | INFO     | 
2026-03-15 18:00:07 | INFO     | [ROUTE POOL SUMMARY]
2026-03-15 18:00:07 | INFO     |   191 routes | VB | fcm | solver=filo1 | stage=post_ls | ls=pyvrp
2026-03-15 18:00:07 | INFO     |   149 routes | RB | sk_kmeans | solver=filo2 | stage=post_ls | ls=pyvrp
2026-03-15 18:00:07 | INFO     |   145 routes | RB | sk_kmeans | solver=filo1 | stage=post_ls | ls=pyvrp
2026-03-15 18:00:07 | INFO     |    96 routes | VB | fcm | solver=pyvrp | stage=post_ls | ls=pyvrp
2026-03-15 18:00:07 | INFO     |    96 routes | VB | k_medoids_pyclustering | solver=filo1 | stage=post_ls | ls=pyvrp
2026-03-15 18:00:07 | INFO     |    95 routes | VB | sk_kmeans | solver=filo2 | stage=post_ls | ls=pyvrp
2026-03-15 18:00:07 | INFO     |    94 routes | VB | sk_ac_avg | solver=filo2 | stage=post_ls | ls=pyvrp
2026-03-15 18:00:07 | INFO     |    87 routes | RB | sk_ac_avg | solver=filo2 | stage=post_ls | ls=pyvrp
2026-03-15 18:00:07 | INFO     |    80 routes | RB | sk_ac_avg | solver=filo1 | stage=post_ls | ls=pyvrp
2026-03-15 18:00:07 | INFO     |    76 routes | RB | sk_ac_complete | solver=filo2 | stage=post_ls | ls=pyvrp
2026-03-15 18:00:07 | INFO     | [XL-n2914-k95 NO-IMPROVEMENT] best_cost=89454 | streak=1 | Gap: 0.6209%
2026-03-15 18:00:07 | INFO     | [XL-n2914-k95 ITERATION-TIMES 13] cluster=0.802s routing=2522.893s ls=108.919s total=2632.807s
2026-03-15 18:00:07 | INFO     | [XL-n2914-k95 ITERATION 14] mode=RB method=sk_ac_avg k=9 solver=pyvrp ls=pyvrp
2026-03-15 18:00:07 | INFO     | [XL-n2914-k95 CLUSTER] method=sk_ac_avg k=9 | sizes=[1367, 179, 199, 248, 111, 199, 444, 68, 98] | min=68 max=1367 avg=323.7
2026-03-15 18:00:07 | INFO     | [XL-n2914-k95 ROUTING] Solving clusters with pyvrp
2026-03-15 18:14:01 | INFO     | [XL-n2914-k95 NO-IMPROVEMENT] best_cost=89454 | streak=2 | Gap: 0.6209%
2026-03-15 18:14:01 | INFO     | [XL-n2914-k95 ITERATION-TIMES 14] cluster=0.015s routing=695.297s ls=138.651s total=833.992s
2026-03-15 18:14:01 | INFO     | [XL-n2914-k95 ITERATION 15] mode=RB method=sk_ac_min k=7 solver=filo2 ls=pyvrp
2026-03-15 18:14:01 | INFO     | [XL-n2914-k95 CLUSTER] method=sk_ac_min k=7 | sizes=[474, 1990, 141, 130, 47, 69, 62] | min=47 max=1990 avg=416.1
2026-03-15 18:14:01 | INFO     | [XL-n2914-k95 ROUTING] Solving clusters with filo2
2026-03-15 19:07:24 | INFO     | [XL-n2914-k95 SCP] pruning_mode=diversity
2026-03-15 19:07:24 | INFO     | [XL-n2914-k95 SCP] solver=gurobi_mip | route_pool=1281
2026-03-15 19:07:36 | INFO     | [XL-n2914-k95 SCP] optimal solution found
2026-03-15 19:09:13 | INFO     | 
2026-03-15 19:09:13 | INFO     | ================================================================================
2026-03-15 19:09:13 | INFO     | [XL-n2914-k95] PERIODIC SNAPSHOT SNAPSHOT_005
2026-03-15 19:09:13 | INFO     | ================================================================================
2026-03-15 19:09:13 | INFO     | Route #1: 1787 2033 69 754 371 1699 1241 1075 1611 1708 49 569 2561 2835 1619 592 712 795 2772 2221 941 1918 || mode=vb method=sk_kmeans solver=filo2 stage=post_ls ls=pyvrp iter=1
2026-03-15 19:09:13 | INFO     | Route #2: 969 544 33 1030 1452 2598 836 2232 102 1422 2770 100 983 2253 426 375 733 1130 186 645 966 2398 267 || mode=vb method=sk_kmeans solver=filo2 stage=post_ls ls=pyvrp iter=1
2026-03-15 19:09:13 | INFO     | Route #3: 2845 1059 1650 2543 2842 2295 1632 20 1496 59 770 341 2241 390 680 455 2080 1615 2137 2847 2220 577 1658 || mode=vb method=sk_kmeans solver=filo2 stage=post_ls ls=pyvrp iter=1
2026-03-15 19:09:13 | INFO     | Route #4: 114 2494 908 850 1656 1758 1089 2205 540 16 1967 432 2607 1096 1461 2280 605 1354 1949 1697 1862 993 || mode=vb method=sk_kmeans solver=filo2 stage=post_ls ls=pyvrp iter=1
2026-03-15 19:09:13 | INFO     | Route #5: 1607 1598 428 485 508 51 618 1442 253 477 1180 293 1321 2277 967 2882 1177 183 2760 706 484 2361 || mode=vb method=sk_kmeans solver=filo2 stage=post_ls ls=pyvrp iter=1
2026-03-15 19:09:13 | INFO     | Route #6: 1651 2850 2481 2830 2046 791 404 2894 2397 2107 2387 2610 2415 1388 151 2657 621 349 2225 2126 824 || mode=vb method=sk_kmeans solver=filo2 stage=post_ls ls=pyvrp iter=1
2026-03-15 19:09:13 | INFO     | Route #7: 2146 1167 2115 1655 2629 858 1263 107 223 1441 334 1008 245 31 1256 1978 2774 2336 1712 2243 729 2358 1166 || mode=vb method=sk_kmeans solver=filo2 stage=post_ls ls=pyvrp iter=1
2026-03-15 19:09:13 | INFO     | Route #8: 2528 919 842 239 2422 2400 2600 1925 1430 1646 2175 1639 1390 2251 2818 1299 772 90 2645 424 835 || mode=vb method=sk_kmeans solver=filo2 stage=post_ls ls=pyvrp iter=1
2026-03-15 19:09:13 | INFO     | Route #9: 2604 2502 324 2646 78 2520 143 2479 1343 1439 1753 1834 1228 938 1323 2326 2019 302 705 1722 752 248 2156 || mode=vb method=sk_kmeans solver=filo2 stage=post_ls ls=pyvrp iter=1
2026-03-15 19:09:13 | INFO     | Route #10: 122 66 743 780 889 83 189 401 158 1362 2090 1309 2229 416 903 2536 2860 1296 1966 1971 170 2318 || mode=vb method=sk_kmeans solver=filo2 stage=post_ls ls=pyvrp iter=1
2026-03-15 19:09:13 | INFO     | Route #11: 2067 2625 1799 986 635 496 693 2057 1568 547 387 2401 542 846 2022 230 2337 1138 797 1700 99 1078 1058 || mode=vb method=sk_kmeans solver=filo2 stage=post_ls ls=pyvrp iter=1
2026-03-15 19:09:13 | INFO     | Route #12: 1743 1466 378 953 284 2614 801 2807 2628 912 380 1476 80 1137 1046 812 1807 788 1340 2887 2689 || mode=vb method=sk_kmeans solver=filo2 stage=post_ls ls=pyvrp iter=1
2026-03-15 19:09:13 | INFO     | Route #13: 204 1336 2660 1119 1437 1402 1446 2059 766 2250 1982 1278 2648 2193 2101 571 2348 1670 2510 1690 2655 98 || mode=vb method=sk_kmeans solver=filo2 stage=post_ls ls=pyvrp iter=1
2026-03-15 19:09:13 | INFO     | Route #14: 211 1969 1132 330 1303 473 2704 1359 2199 2458 1675 1173 1083 2030 399 1775 2039 600 2459 536 157 1003 || mode=vb method=sk_kmeans solver=filo2 stage=post_ls ls=pyvrp iter=1
2026-03-15 19:09:13 | INFO     | Route #15: 1889 1054 494 1667 1315 1922 670 1357 1624 105 2031 1019 1894 1609 823 1474 488 261 2092 2642 1159 2106 2001 144 || mode=vb method=sk_kmeans solver=filo2 stage=post_ls ls=pyvrp iter=1
2026-03-15 19:09:13 | INFO     | Route #16: 1116 224 2465 2813 1989 2283 1616 691 1419 2286 1346 1564 617 686 1749 1488 1141 2061 1988 2781 || mode=vb method=sk_kmeans solver=filo2 stage=post_ls ls=pyvrp iter=1
2026-03-15 19:09:13 | INFO     | Route #17: 326 2715 2796 2744 1588 115 2698 287 2558 2898 2799 1791 744 611 2848 1780 2867 619 1165 1282 924 221 2380 1313 905 1109 2611 2173 1551 || mode=vb method=sk_kmeans solver=filo2 stage=post_ls ls=pyvrp iter=1
2026-03-15 19:09:13 | INFO     | Route #18: 1506 1325 1157 1117 963 1148 914 1251 1828 909 2202 381 1468 501 2114 2460 2597 1168 2814 1575 1451 1936 || mode=vb method=sk_kmeans solver=filo2 stage=post_ls ls=pyvrp iter=1
2026-03-15 19:09:13 | INFO     | Route #19: 2907 1519 1692 2560 1963 2581 2776 1666 2370 681 25 439 318 1094 145 1213 2122 562 2683 2901 1669 988 || mode=vb method=sk_kmeans solver=filo2 stage=post_ls ls=pyvrp iter=1
2026-03-15 19:09:13 | INFO     | Route #20: 1244 1223 2826 2686 452 1614 723 1051 1146 1062 104 716 773 301 1680 1776 792 155 2236 2066 1536 847 984 || mode=vb method=sk_kmeans solver=filo2 stage=post_ls ls=pyvrp iter=1
2026-03-15 19:09:13 | INFO     | Route #21: 2074 1505 515 2403 2338 1139 1824 1492 238 1368 2214 247 202 2364 2211 2026 130 535 1713 1825 || mode=vb method=sk_kmeans solver=filo2 stage=post_ls ls=pyvrp iter=1
2026-03-15 19:09:13 | INFO     | Route #22: 1538 844 7 1986 112 1937 2097 1201 2820 593 2158 8 2486 1460 2603 1707 606 2037 1123 1972 1765 2535 2290 2245 || mode=vb method=sk_kmeans solver=filo2 stage=post_ls ls=pyvrp iter=1
2026-03-15 19:09:13 | INFO     | Route #23: 673 1040 1681 1547 1629 656 1352 2165 2258 1475 161 2385 516 1562 2503 1031 1163 1800 959 1559 1445 249 2748 1369 1844 1726 875 1510 862 || mode=vb method=sk_kmeans solver=filo2 stage=post_ls ls=pyvrp iter=1
2026-03-15 19:09:13 | INFO     | Route #24: 1456 761 316 750 386 2172 2519 108 2289 777 2470 2455 709 942 2414 2872 1554 1202 1796 446 2731 2570 662 || mode=vb method=sk_kmeans solver=filo2 stage=post_ls ls=pyvrp iter=1
2026-03-15 19:09:13 | INFO     | Route #25: 2051 1613 1154 1347 2491 2224 1756 2000 936 1398 879 518 2350 2714 2670 2288 1617 998 1897 2658 1135 2852 1902 266 1968 173 278 450 838 1864 2131 408 511 829 2234 2442 1017 1295 300 1470 259 648 413 1934 48 2883 172 803 2601 2322 244 456 2154 442 1246 2684 1740 2267 1207 1416 1586 2892 2457 524 1186 5 417 2135 1421 2260 2913 2453 2247 620 || mode=vb method=sk_kmeans solver=filo2 stage=post_ls ls=pyvrp iter=1
2026-03-15 19:09:13 | INFO     | Route #26: 1307 1847 876 1002 1345 458 1172 2832 1954 166 1533 2765 1259 1406 28 2808 2490 2309 1671 1994 1812 931 1621 2169 13 43 2093 958 1877 2792 445 1618 2862 1200 994 2855 2685 1649 126 545 2346 1731 2190 881 997 2096 457 834 2180 331 633 282 2330 918 2475 1092 1404 885 1539 555 531 24 466 2043 64 1711 || mode=vb method=sk_kmeans solver=filo2 stage=post_ls ls=pyvrp iter=1
2026-03-15 19:09:13 | INFO     | Route #27: 520 1590 1162 1851 507 2544 310 2124 971 2513 1254 46 2522 1272 1469 2171 1211 2777 690 934 || mode=vb method=sk_kmeans solver=filo2 stage=post_ls ls=pyvrp iter=1
2026-03-15 19:09:13 | INFO     | Route #28: 2186 1420 1729 1183 179 2378 2235 975 758 1903 2539 1850 2504 1120 177 1153 441 674 964 1010 2352 159 111 || mode=vb method=sk_kmeans solver=filo2 stage=post_ls ls=pyvrp iter=1
2026-03-15 19:09:13 | INFO     | Route #29: 1823 2231 410 727 481 154 2595 2787 465 191 1970 85 1705 2365 1592 2540 2899 2782 1853 1872 874 1067 || mode=vb method=sk_kmeans solver=filo2 stage=post_ls ls=pyvrp iter=1
2026-03-15 19:09:13 | INFO     | Route #30: 1770 1360 1435 2569 2653 1715 2551 1260 2426 2168 2626 2399 2343 1689 2506 366 2530 423 1044 1415 290 || mode=vb method=sk_kmeans solver=filo2 stage=post_ls ls=pyvrp iter=1
2026-03-15 19:09:13 | INFO     | Route #31: 1267 558 1291 2244 1542 2152 1372 891 759 822 2375 2679 1333 1507 2316 1990 2024 1738 393 219 659 2291 2149 279 181 209 2694 353 412 2693 2463 1087 1984 2590 2717 1280 2383 || mode=vb method=sk_kmeans solver=filo2 stage=post_ls ls=pyvrp iter=1
2026-03-15 19:09:13 | INFO     | Route #32: 2388 636 1931 1478 1283 389 1237 2150 1826 2556 1151 252 2239 1184 1516 2194 1597 478 2884 746 2710 || mode=vb method=sk_kmeans solver=filo2 stage=post_ls ls=pyvrp iter=1
2026-03-15 19:09:13 | INFO     | Route #33: 1171 666 2429 1156 250 837 348 2431 1001 625 2274 1275 608 1052 1449 599 1914 2266 784 2182 1198 167 379 821 431 2804 1915 367 257 1231 1443 1418 2631 2779 1674 338 1128 260 917 2876 1038 471 1952 2833 1382 1739 2708 1660 226 2430 15 525 2766 233 944 2563 1904 277 939 513 1819 52 || mode=vb method=sk_kmeans solver=filo2 stage=post_ls ls=pyvrp iter=1
2026-03-15 19:09:13 | INFO     | Route #34: 2750 2187 1090 459 2396 1 71 579 1941 2102 2412 132 566 2785 1408 1702 906 258 372 497 1342 1074 1022 2800 1522 2690 2586 1928 2623 1410 1951 1688 2368 1253 2394 6 638 2060 1935 323 1255 2839 2495 1567 2308 1709 2904 2377 1242 171 194 505 1013 1530 1327 2511 1926 490 2743 955 2382 1047 1745 995 || mode=vb method=sk_kmeans solver=filo2 stage=post_ls ls=pyvrp iter=1
2026-03-15 19:09:13 | INFO     | Route #35: 397 1991 342 1463 1892 641 385 581 1405 2736 1193 1497 2767 1652 1319 1192 2420 1329 2227 684 1485 1453 || mode=vb method=sk_kmeans solver=filo2 stage=post_ls ls=pyvrp iter=1
2026-03-15 19:09:13 | INFO     | Route #36: 2722 1471 163 1737 510 1045 2665 1979 738 421 449 887 1769 1056 1778 133 2834 526 1813 2012 2413 27 2042 1129 355 469 1973 2909 1901 1403 2371 519 1714 2578 234 429 1906 1815 1580 1425 1520 1821 1664 1361 2321 1270 276 328 1717 1732 1684 1356 1115 2896 1448 1742 929 1837 2078 448 1919 1021 805 1584 860 || mode=vb method=sk_kmeans solver=filo2 stage=post_ls ls=pyvrp iter=1
2026-03-15 19:09:13 | INFO     | Route #37: 2493 1579 1334 730 2875 88 1781 2497 1025 1217 1093 2296 343 609 1066 2071 81 1179 1898 1525 || mode=vb method=sk_kmeans solver=filo2 stage=post_ls ls=pyvrp iter=1
2026-03-15 19:09:13 | INFO     | Route #38: 1595 1102 2754 2501 711 1976 2207 2608 1026 1450 216 2167 1992 573 70 2056 2228 2809 2395 1113 696 1225 1687 188 2404 1221 2895 1401 2516 2079 2633 2562 1147 1762 1084 1622 1644 603 1698 787 893 2464 2230 || mode=vb method=sk_kmeans solver=filo2 stage=post_ls ls=pyvrp iter=1
2026-03-15 19:09:13 | INFO     | Route #39: 312 2890 36 2473 616 2456 1234 87 57 185 440 956 2488 1048 582 1358 1932 2048 1840 482 1645 1573 2906 92 2145 1881 590 1005 68 138 2487 2552 147 2136 624 1375 2662 2659 1587 2612 1174 563 420 289 1337 1803 77 2393 2127 1816 2434 2769 1927 1605 2123 2098 280 1495 2838 695 464 319 1891 2362 1801 2417 1964 649 647 2857 || mode=vb method=sk_kmeans solver=filo2 stage=post_ls ls=pyvrp iter=1
2026-03-15 19:09:13 | INFO     | Route #40: 1480 2864 1578 1871 2485 1746 1247 1767 2307 2333 1833 2812 1867 2702 139 1424 877 945 2647 970 2716 810 || mode=vb method=sk_kmeans solver=filo2 stage=post_ls ls=pyvrp iter=1
2026-03-15 19:09:13 | INFO     | Route #41: 785 2312 2049 1514 321 1863 532 2009 825 317 225 1626 1293 123 1164 2176 769 910 506 663 1561 || mode=vb method=sk_kmeans solver=filo2 stage=post_ls ls=pyvrp iter=1
2026-03-15 19:09:13 | INFO     | Route #42: 2630 2861 533 2055 776 2070 1118 702 135 1379 894 251 1248 665 2905 1144 118 1721 2627 2701 || mode=vb method=sk_kmeans solver=filo2 stage=post_ls ls=pyvrp iter=1
2026-03-15 19:09:13 | INFO     | Route #43: 2407 671 2015 977 1755 1960 406 2198 2125 1596 2050 1521 2027 1076 1050 1920 1318 1659 1930 587 591 1558 298 1948 1391 2195 627 2609 1011 2174 314 1679 595 2233 946 2871 2011 2699 2028 402 923 2719 2676 354 325 1006 2547 2711 1798 2440 2450 1111 443 308 550 1543 537 557 1131 2323 935 575 1396 630 2822 2724 264 1365 1544 962 2140 168 1055 1428 332 || mode=vb method=sk_kmeans solver=filo2 stage=post_ls ls=pyvrp iter=1
2026-03-15 19:09:13 | INFO     | Route #44: 2668 1378 1782 2159 1873 1209 1249 2068 1552 2828 1661 1683 358 1099 242 2212 1432 601 1744 283 2311 1695 1512 || mode=vb method=sk_kmeans solver=filo2 stage=post_ls ls=pyvrp iter=1
2026-03-15 19:09:13 | INFO     | Route #45: 840 1608 724 865 373 930 982 79 1985 567 915 1245 2252 2618 2756 1281 2742 1395 687 2183 2179 1332 || mode=vb method=sk_kmeans solver=filo2 stage=post_ls ls=pyvrp iter=1
2026-03-15 19:09:13 | INFO     | Route #46: 1197 1316 2841 2369 728 119 2139 2801 2162 487 425 689 2446 2441 58 2576 522 719 2874 699 476 1553 374 1271 2680 574 262 2204 295 1913 1243 2284 987 2402 1274 2615 1513 2591 2315 2082 2386 2466 1314 2738 2634 2691 2545 1250 2410 2549 2329 2360 2374 2869 2324 1846 650 2163 2448 961 2255 2143 872 2038 1759 2178 796 2379 553 895 || mode=vb method=sk_kmeans solver=filo2 stage=post_ls ls=pyvrp iter=1
2026-03-15 19:09:13 | INFO     | Route #47: 1312 2226 1768 2746 811 222 1859 1072 369 1860 2391 2525 2897 985 549 2109 467 461 254 1370 394 2389 1563 91 1589 2054 820 1912 286 1757 2367 2863 391 2443 580 65 1875 2879 664 217 833 2018 2797 668 2269 1566 1899 34 880 968 272 2013 900 53 1668 2803 2144 675 || mode=vb method=sk_kmeans solver=filo2 stage=post_ls ls=pyvrp iter=1
2026-03-15 19:09:13 | INFO     | Route #48: 1820 414 902 888 2703 1876 427 717 2482 2120 454 852 1635 438 84 863 1386 2541 2081 2605 1727 1436 1921 646 543 285 1569 2584 927 2621 281 1004 1832 2467 1835 2469 1465 937 2666 2342 22 1884 1911 920 1518 344 1910 2908 197 435 2262 2298 1795 1389 268 1107 109 || mode=vb method=sk_kmeans solver=filo2 stage=post_ls ls=pyvrp iter=1
2026-03-15 19:09:13 | INFO     | Route #49: 1043 2671 2811 383 392 146 141 2200 41 2500 2853 2134 137 2451 2654 75 1212 1560 1627 589 2332 1068 1657 2695 207 1069 303 2755 407 949 583 187 2728 62 2184 718 1238 451 || mode=vb method=sk_kmeans solver=filo2 stage=post_ls ls=pyvrp iter=1
2026-03-15 19:09:13 | INFO     | Route #50: 2911 2210 2700 1809 1330 701 2553 360 809 2328 1535 1434 398 1133 2483 654 2053 2793 2335 1908 2819 1143 2846 368 103 269 1348 2069 2775 2705 1036 1344 2272 2806 208 271 2587 745 129 1033 1797 1794 2007 489 1490 2151 2734 2297 1523 2445 2045 2579 357 683 2823 2223 2073 1371 2189 866 2721 2817 1219 1704 || mode=vb method=sk_kmeans solver=filo2 stage=post_ls ls=pyvrp iter=1
2026-03-15 19:09:13 | INFO     | Route #51: 2088 175 2514 1208 1571 491 1140 739 1310 2264 2240 735 1541 2480 1077 658 1227 228 1662 1328 2040 2910 1489 || mode=vb method=sk_kmeans solver=filo2 stage=post_ls ls=pyvrp iter=1
2026-03-15 19:09:13 | INFO     | Route #52: 1720 463 2761 2353 270 1232 2242 1417 2201 297 2619 632 333 2574 460 2893 2357 82 972 1693 896 2537 2339 2287 434 472 2778 1500 1364 2390 231 2419 1126 2529 2006 2802 150 1444 1317 2740 598 576 849 || mode=vb method=sk_kmeans solver=filo2 stage=post_ls ls=pyvrp iter=1
2026-03-15 19:09:13 | INFO     | Route #53: 1188 2112 538 1414 1572 1888 237 2732 2304 1983 1073 89 2844 2320 1961 720 832 2688 965 1874 1793 2661 1481 2077 2294 1214 2831 2025 4 2147 578 1205 948 2512 2639 523 2257 952 751 1136 1893 1764 596 848 1691 586 2282 2589 200 782 2303 1965 2177 2203 1748 527 2023 74 2273 2768 859 1648 1857 512 1843 1950 1861 1486 120 || mode=vb method=sk_kmeans solver=filo2 stage=post_ls ls=pyvrp iter=1
2026-03-15 19:09:13 | INFO     | Route #54: 1413 637 830 2849 1175 1583 2880 1306 897 121 904 2192 2729 1426 898 841 1804 2432 2594 2215 2438 1257 || mode=vb method=fcm solver=filo1 stage=post_ls ls=pyvrp iter=2
2026-03-15 19:09:13 | INFO     | Route #55: 462 1637 101 1194 2418 2499 677 1779 1581 991 996 1866 1981 2759 1557 499 2302 2532 2087 1273 1311 1000 232 || mode=vb method=fcm solver=filo1 stage=post_ls ls=pyvrp iter=4
2026-03-15 19:09:13 | INFO     | Route #56: 419 541 337 2810 363 1081 1455 570 405 2461 2474 1641 2821 973 2859 981 1805 1300 856 2003 2325 || mode=rb method=sk_kmeans solver=filo1 stage=post_ls ls=pyvrp iter=6
2026-03-15 19:09:13 | INFO     | Route #57: 2035 2405 1086 2790 2865 1384 201 2877 819 2571 2299 265 2763 1304 2533 786 162 741 1601 44 2305 || mode=rb method=sk_kmeans solver=filo1 stage=post_ls ls=pyvrp iter=6
2026-03-15 19:09:13 | INFO     | Route #58: 1633 1277 2044 500 974 734 703 2644 1663 1706 539 2566 2674 1940 2477 2903 804 2815 947 2300 40 1955 736 || mode=rb method=sk_kmeans solver=filo1 stage=post_ls ls=pyvrp iter=6
2026-03-15 19:09:13 | INFO     | Route #59: 2602 565 2384 1599 2664 1085 873 1817 1814 2675 2209 1788 1830 1838 174 2681 839 764 2246 978 || mode=rb method=sk_kmeans solver=filo1 stage=post_ls ls=pyvrp iter=6
2026-03-15 19:09:13 | INFO     | Route #60: 1665 1264 1100 612 1423 2573 2652 1604 882 1079 1088 1631 1987 1677 18 790 979 1302 1594 1016 1349 || mode=rb method=sk_kmeans solver=filo1 stage=post_ls ls=pyvrp iter=6
2026-03-15 19:09:13 | INFO     | Route #61: 1956 1230 292 313 639 1736 2582 2585 1545 2004 2411 1239 1487 1380 1400 2148 2667 215 1473 2531 359 29 || mode=rb method=sk_kmeans solver=filo1 stage=post_ls ls=pyvrp iter=6
2026-03-15 19:09:13 | INFO     | Route #62: 1896 503 2105 309 2076 1287 799 1772 356 2709 1095 444 1063 857 437 1399 165 1037 644 2616 2052 2843 || mode=rb method=sk_kmeans solver=filo1 stage=post_ls ls=pyvrp iter=6
2026-03-15 19:09:13 | INFO     | Route #63: 93 602 1210 495 1718 2293 1206 765 2047 2673 492 227 1534 1411 556 1381 351 1367 607 2507 2527 1733 || mode=rb method=sk_kmeans solver=filo1 stage=post_ls ls=pyvrp iter=6
2026-03-15 19:09:13 | INFO     | Route #64: 206 1555 1852 2786 2219 2213 1945 1493 1028 1810 1262 1412 2317 926 14 2217 2523 2160 1789 1998 418 336 || mode=rb method=sk_kmeans solver=filo1 stage=post_ls ls=pyvrp iter=6
2026-03-15 19:09:13 | INFO     | Route #65: 1134 17 2062 1643 2276 1454 210 871 256 2638 1802 2596 692 2720 721 2757 1235 1603 30 957 2498 1297 || mode=rb method=sk_kmeans solver=filo1 stage=post_ls ls=pyvrp iter=6
2026-03-15 19:09:13 | INFO     | Route #66: 1060 651 1529 2505 1933 291 708 212 127 2745 1977 1308 2435 594 2677 2010 1880 2599 2912 922 2851 110 || mode=rb method=sk_kmeans solver=filo1 stage=post_ls ls=pyvrp iter=6
2026-03-15 19:09:13 | INFO     | Route #67: 1155 400 1929 884 715 2319 2356 2423 1593 1457 2692 818 2780 868 2816 1854 182 1829 2472 2565 203 || mode=rb method=sk_kmeans solver=filo1 stage=post_ls ls=pyvrp iter=6
2026-03-15 19:09:13 | INFO     | Route #68: 2021 2181 2118 1504 999 2764 698 376 73 561 1447 327 1719 1324 2222 2249 2805 867 678 346 806 2697 2363 1009 117 1766 1269 1672 42 1178 184 845 802 688 1610 2271 1189 409 584 1070 2292 1218 2170 1763 2032 || mode=rb method=sk_kmeans solver=filo1 stage=post_ls ls=pyvrp iter=6
2026-03-15 19:09:13 | INFO     | Route #69: 2279 2508 817 843 1957 1975 1895 2259 1790 2669 2036 97 483 1784 54 2017 2091 1600 2827 731 1265 864 1438 1785 2153 2518 493 2208 1305 1528 546 2327 1229 1112 1240 2427 2270 2058 1290 2476 1122 124 1097 883 2218 1049 747 2254 2468 2637 10 1020 1170 1494 2349 1811 2687 2041 2103 1882 1326 1682 || mode=rb method=sk_kmeans solver=filo1 stage=post_ls ls=pyvrp iter=6
2026-03-15 19:09:13 | INFO     | Route #70: 2164 2063 685 534 2583 1268 1735 11 2265 370 614 153 1007 255 1289 1577 1266 3 294 1710 1747 19 1065 2237 1387 1294 || mode=rb method=sk_kmeans solver=filo1 stage=post_ls ls=pyvrp iter=6
2026-03-15 19:09:13 | INFO     | Route #71: 2678 2155 2752 2723 604 1636 1409 243 653 214 1298 597 329 1103 1383 1696 2084 528 1845 870 1322 928 980 288 218 1101 1883 551 2663 || mode=rb method=sk_kmeans solver=filo1 stage=post_ls ls=pyvrp iter=6
2026-03-15 19:09:13 | INFO     | Route #72: 1917 1199 831 2111 1761 1606 697 1638 2478 1374 1947 911 1467 1777 2085 235 2632 311 1459 2791 2606 339 || mode=rb method=sk_kmeans solver=filo1 stage=post_ls ls=pyvrp iter=6
2026-03-15 19:09:13 | INFO     | Route #73: 2355 2188 2381 1905 1027 2089 950 1160 2376 364 2421 315 813 2454 2593 415 1236 2128 1996 2789 35 1203 2900 || mode=rb method=sk_kmeans solver=filo1 stage=post_ls ls=pyvrp iter=6
2026-03-15 19:09:13 | INFO     | Route #74: 2117 2334 347 241 1640 38 1195 1630 160 395 626 1498 932 954 2496 1080 2301 1628 1774 1716 2436 || mode=rb method=sk_kmeans solver=filo1 stage=post_ls ls=pyvrp iter=6
2026-03-15 19:09:13 | INFO     | Route #75: 1331 1204 94 1288 480 2548 890 2718 2521 814 679 588 142 2858 2359 1258 771 1105 447 1565 1849 || mode=rb method=sk_kmeans solver=filo1 stage=post_ls ls=pyvrp iter=6
2026-03-15 19:09:13 | INFO     | Route #76: 1724 2197 1907 37 1082 2575 2095 2016 2138 2133 1350 2408 388 2749 1187 2613 504 2310 2517 1041 755 1152 || mode=rb method=sk_kmeans solver=filo1 stage=post_ls ls=pyvrp iter=6
2026-03-15 19:09:13 | INFO     | Route #77: 498 1121 2682 453 2707 2509 236 1483 1363 2622 2753 2142 56 2121 2873 2130 1279 1458 855 742 2141 1032 1284 943 1018 768 1839 || mode=rb method=sk_kmeans solver=filo1 stage=post_ls ls=pyvrp iter=6
2026-03-15 19:09:13 | INFO     | Route #78: 192 1751 1900 365 2588 2758 1517 1509 2640 1548 340 2185 568 1261 613 892 1108 263 350 486 1185 2366 757 || mode=rb method=sk_kmeans solver=filo1 stage=post_ls ls=pyvrp iter=6
2026-03-15 19:09:13 | INFO     | Route #79: 2617 195 851 1916 1848 2119 1585 707 1886 2564 2065 1511 229 1822 2268 2515 1015 2002 1818 1841 2555 || mode=rb method=sk_kmeans solver=filo1 stage=post_ls ls=pyvrp iter=6
2026-03-15 19:09:13 | INFO     | Route #80: 1953 2557 1752 1161 1549 39 1771 2798 1366 1351 667 1431 2542 1149 134 1923 781 704 749 794 1730 || mode=rb method=sk_kmeans solver=filo1 stage=post_ls ls=pyvrp iter=6
2026-03-15 19:09:13 | INFO     | Route #81: 131 213 2568 2256 1939 2072 1686 682 1792 1035 1856 169 1233 1537 2331 1484 760 554 2885 47 1158 433 || mode=rb method=sk_kmeans solver=filo1 stage=post_ls ls=pyvrp iter=6
2026-03-15 19:09:13 | INFO     | Route #82: 530 1997 1393 1944 2452 1701 1114 148 1995 2836 55 2263 362 615 1602 23 2196 76 732 1694 916 1508 1142 || mode=rb method=sk_kmeans solver=filo1 stage=post_ls ls=pyvrp iter=6
2026-03-15 19:09:13 | INFO     | Route #83: 246 304 1127 335 722 572 1576 1942 652 657 1429 585 199 2784 1394 714 2341 1879 1634 2546 2108 149 1440 622 1999 || mode=rb method=sk_ac_complete solver=filo2 stage=post_ls ls=pyvrp iter=12
2026-03-15 19:09:13 | INFO     | Route #84: 1858 1377 1433 1252 1865 2351 1958 1355 468 1150 136 1515 1962 1556 2216 502 2891 826 1014 2278 1550 2888 || mode=rb method=sk_ac_complete solver=filo2 stage=post_ls ls=pyvrp iter=12
2026-03-15 19:09:13 | INFO     | Route #85: 320 2306 1760 1224 474 1191 907 623 2635 2471 377 753 827 352 726 475 1091 807 2881 1532 96 || mode=rb method=sk_ac_complete solver=filo2 stage=post_ls ls=pyvrp iter=12
2026-03-15 19:09:13 | INFO     | Route #86: 2 2725 422 63 2347 960 756 2129 2636 2837 2248 710 2462 901 2650 2773 2281 976 694 1878 2261 2572 || mode=rb method=sk_ac_complete solver=filo2 stage=post_ls ls=pyvrp iter=12
2026-03-15 19:09:13 | INFO     | Route #87: 1612 2620 1678 2526 2788 1946 2083 1039 700 2416 299 305 548 2449 1546 198 1472 1540 2433 514 1376 273 1754 || mode=rb method=sk_ac_complete solver=filo2 stage=post_ls ls=pyvrp iter=12
2026-03-15 19:09:13 | INFO     | Route #88: 1887 296 925 430 2889 2354 2313 521 125 1124 1176 1053 196 1685 2392 60 470 26 778 2020 9 2034 || mode=rb method=sk_ac_complete solver=filo2 stage=post_ls ls=pyvrp iter=12
2026-03-15 19:09:13 | INFO     | Route #89: 61 921 2314 1061 2795 1855 2730 2886 800 306 2064 854 1477 2345 2113 2866 564 2372 1335 1869 411 || mode=rb method=sk_ac_complete solver=filo2 stage=post_ls ls=pyvrp iter=12
2026-03-15 19:09:13 | INFO     | Route #90: 1285 1836 2424 1397 164 2406 2340 762 1190 2733 1783 552 2492 396 2824 1169 178 853 815 989 913 1526 || mode=rb method=sk_ac_complete solver=filo2 stage=post_ls ls=pyvrp iter=12
2026-03-15 19:09:13 | INFO     | Route #91: 2132 2856 1499 2870 2902 1286 275 1392 2727 1582 2649 140 2094 1531 775 193 2099 1842 2489 1870 672 1808 1741 || mode=rb method=sk_ac_complete solver=filo2 stage=post_ls ls=pyvrp iter=12
2026-03-15 19:09:13 | INFO     | Route #92: 2425 2726 2840 1503 828 1071 737 643 2783 793 1427 2206 205 2559 2825 106 1276 2696 2567 1723 1773 2008 1625 1320 2656 1885 798 1620 1226 2747 713 1909 2592 21 436 560 1024 1676 940 1924 220 2651 2672 529 774 1570 274 322 740 878 2706 2166 2110 2524 628 361 2550 1057 2238 990 2447 767 1385 || mode=rb method=sk_ac_complete solver=filo2 stage=post_ls ls=pyvrp iter=12
2026-03-15 19:09:13 | INFO     | Route #93: 2554 1574 2713 1959 933 2794 45 1182 1373 2868 1653 2075 113 899 1353 2161 2712 789 1106 1338 2409 67 86 32 1725 610 1591 1703 2104 2624 2439 2157 669 12 783 2538 1407 || mode=rb method=sk_ac_complete solver=filo2 stage=post_ls ls=pyvrp iter=12
2026-03-15 19:09:13 | INFO     | Route #94: 180 1827 2285 1501 1125 1831 2741 1339 1623 1890 869 1527 2191 116 1654 384 1098 2737 2771 50 2428 2739 1980 1042 1786 992 1647 1943 631 634 748 176 1750 1993 2005 156 2641 2643 1728 517 1673 629 2762 1064 1012 509 2373 808 1104 1524 640 1034 660 345 725 951 1868 128 2580 1734 72 779 1491 190 382 152 1464 || mode=rb method=sk_ac_complete solver=filo2 stage=post_ls ls=pyvrp iter=12
2026-03-15 19:09:13 | INFO     | Route #95: 2751 2444 1220 1479 1806 2484 2344 861 1292 1642 2086 2275 2829 403 2116 1938 655 2878 2735 1216 1196 1222 1341 1482 2100 1301 2534 1974 307 1181 816 1145 2029 676 2437 240 1029 1502 2854 642 763 2577 886 479 1023 2014 1215 1110 559 1462 95 661 || mode=rb method=sk_ac_complete solver=filo2 stage=post_ls ls=pyvrp iter=12
2026-03-15 19:09:13 | INFO     | 
2026-03-15 19:09:13 | INFO     | [BEST SOLUTION ROUTE SUMMARY]
2026-03-15 19:09:13 | INFO     | --------------------------------------------------------------------------------
2026-03-15 19:09:13 | INFO     |   53 routes | VB    | sk_kmeans       | solver=filo2      | stage=post_ls | ls=pyvrp
2026-03-15 19:09:13 | INFO     |   27 routes | RB    | sk_kmeans       | solver=filo1      | stage=post_ls | ls=pyvrp
2026-03-15 19:09:13 | INFO     |   13 routes | RB    | sk_ac_complete  | solver=filo2      | stage=post_ls | ls=pyvrp
2026-03-15 19:09:13 | INFO     |    2 routes | VB    | fcm             | solver=filo1      | stage=post_ls | ls=pyvrp
2026-03-15 19:09:13 | INFO     | 
2026-03-15 19:09:13 | INFO     | [ROUTE POOL SUMMARY]
2026-03-15 19:09:13 | INFO     |   191 routes | VB | fcm | solver=filo1 | stage=post_ls | ls=pyvrp
2026-03-15 19:09:13 | INFO     |   149 routes | RB | sk_kmeans | solver=filo2 | stage=post_ls | ls=pyvrp
2026-03-15 19:09:13 | INFO     |   145 routes | RB | sk_kmeans | solver=filo1 | stage=post_ls | ls=pyvrp
2026-03-15 19:09:13 | INFO     |    96 routes | VB | fcm | solver=pyvrp | stage=post_ls | ls=pyvrp
2026-03-15 19:09:13 | INFO     |    96 routes | VB | k_medoids_pyclustering | solver=filo1 | stage=post_ls | ls=pyvrp
2026-03-15 19:09:13 | INFO     |    95 routes | VB | sk_kmeans | solver=filo2 | stage=post_ls | ls=pyvrp
2026-03-15 19:09:13 | INFO     |    94 routes | VB | sk_ac_avg | solver=filo2 | stage=post_ls | ls=pyvrp
2026-03-15 19:09:13 | INFO     |    87 routes | RB | sk_ac_avg | solver=filo2 | stage=post_ls | ls=pyvrp
2026-03-15 19:09:13 | INFO     |    87 routes | RB | sk_ac_avg | solver=pyvrp | stage=post_ls | ls=pyvrp
2026-03-15 19:09:13 | INFO     |    85 routes | RB | sk_ac_min | solver=filo2 | stage=post_ls | ls=pyvrp
2026-03-15 19:09:13 | INFO     |    80 routes | RB | sk_ac_avg | solver=filo1 | stage=post_ls | ls=pyvrp
2026-03-15 19:09:13 | INFO     |    76 routes | RB | sk_ac_complete | solver=filo2 | stage=post_ls | ls=pyvrp
2026-03-15 19:09:13 | INFO     |     2 routes | SCP | gurobi_mip | solver=UNKNOWN | stage=scp_post_ls | ls=N/A
2026-03-15 19:09:13 | INFO     | [XL-n2914-k95 IMPROVED-SCP] best_cost=89423 | Gap: 0.5860%
2026-03-15 19:09:13 | INFO     | [XL-n2914-k95 ITERATION-TIMES 15] cluster=0.016s routing=3009.873s ls=192.970s scp=109.161s total=3312.054s
2026-03-15 19:09:13 | INFO     | [XL-n2914-k95 ITERATION 16] mode=RB method=sk_ac_complete k=4 solver=pyvrp ls=pyvrp
2026-03-15 19:09:13 | INFO     | [XL-n2914-k95 CLUSTER] method=sk_ac_complete k=4 | sizes=[998, 476, 1176, 263] | min=263 max=1176 avg=728.2
2026-03-15 19:09:13 | INFO     | [XL-n2914-k95 ROUTING] Solving clusters with pyvrp
2026-03-15 19:22:29 | INFO     | [XL-n2914-k95 NO-IMPROVEMENT] best_cost=89423 | streak=1 | Gap: 0.5860%
2026-03-15 19:22:29 | INFO     | [XL-n2914-k95 ITERATION-TIMES 16] cluster=0.016s routing=614.240s ls=181.071s total=795.520s
2026-03-15 19:22:29 | INFO     | [XL-n2914-k95 ITERATION 17] mode=RB method=sk_ac_complete k=4 solver=filo1 ls=pyvrp
2026-03-15 19:22:29 | INFO     | [XL-n2914-k95 CLUSTER] method=sk_ac_complete k=4 | sizes=[998, 476, 1176, 263] | min=263 max=1176 avg=728.2
2026-03-15 19:22:29 | INFO     | [XL-n2914-k95 ROUTING] Solving clusters with filo1
2026-03-15 20:14:39 | INFO     | 
2026-03-15 20:14:39 | INFO     | ================================================================================
2026-03-15 20:14:39 | INFO     | [XL-n2914-k95] PERIODIC SNAPSHOT SNAPSHOT_006
2026-03-15 20:14:39 | INFO     | ================================================================================
2026-03-15 20:14:39 | INFO     | Route #1: 1787 2033 69 754 371 1699 1241 1075 1611 1708 49 569 2561 2835 1619 592 712 795 2772 2221 941 1918 || mode=vb method=sk_kmeans solver=filo2 stage=post_ls ls=pyvrp iter=1
2026-03-15 20:14:39 | INFO     | Route #2: 969 544 33 1030 1452 2598 836 2232 102 1422 2770 100 983 2253 426 375 733 1130 186 645 966 2398 267 || mode=vb method=sk_kmeans solver=filo2 stage=post_ls ls=pyvrp iter=1
2026-03-15 20:14:39 | INFO     | Route #3: 2845 1059 1650 2543 2842 2295 1632 20 1496 59 770 341 2241 390 680 455 2080 1615 2137 2847 2220 577 1658 || mode=vb method=sk_kmeans solver=filo2 stage=post_ls ls=pyvrp iter=1
2026-03-15 20:14:39 | INFO     | Route #4: 114 2494 908 850 1656 1758 1089 2205 540 16 1967 432 2607 1096 1461 2280 605 1354 1949 1697 1862 993 || mode=vb method=sk_kmeans solver=filo2 stage=post_ls ls=pyvrp iter=1
2026-03-15 20:14:39 | INFO     | Route #5: 1607 1598 428 485 508 51 618 1442 253 477 1180 293 1321 2277 967 2882 1177 183 2760 706 484 2361 || mode=vb method=sk_kmeans solver=filo2 stage=post_ls ls=pyvrp iter=1
2026-03-15 20:14:39 | INFO     | Route #6: 1651 2850 2481 2830 2046 791 404 2894 2397 2107 2387 2610 2415 1388 151 2657 621 349 2225 2126 824 || mode=vb method=sk_kmeans solver=filo2 stage=post_ls ls=pyvrp iter=1
2026-03-15 20:14:39 | INFO     | Route #7: 2146 1167 2115 1655 2629 858 1263 107 223 1441 334 1008 245 31 1256 1978 2774 2336 1712 2243 729 2358 1166 || mode=vb method=sk_kmeans solver=filo2 stage=post_ls ls=pyvrp iter=1
2026-03-15 20:14:39 | INFO     | Route #8: 2528 919 842 239 2422 2400 2600 1925 1430 1646 2175 1639 1390 2251 2818 1299 772 90 2645 424 835 || mode=vb method=sk_kmeans solver=filo2 stage=post_ls ls=pyvrp iter=1
2026-03-15 20:14:39 | INFO     | Route #9: 2604 2502 324 2646 78 2520 143 2479 1343 1439 1753 1834 1228 938 1323 2326 2019 302 705 1722 752 248 2156 || mode=vb method=sk_kmeans solver=filo2 stage=post_ls ls=pyvrp iter=1
2026-03-15 20:14:39 | INFO     | Route #10: 122 66 743 780 889 83 189 401 158 1362 2090 1309 2229 416 903 2536 2860 1296 1966 1971 170 2318 || mode=vb method=sk_kmeans solver=filo2 stage=post_ls ls=pyvrp iter=1
2026-03-15 20:14:39 | INFO     | Route #11: 211 1969 1132 330 1303 473 2704 1359 2199 2458 1675 1173 1083 2030 399 1775 2039 600 2459 536 157 1003 || mode=vb method=sk_kmeans solver=filo2 stage=post_ls ls=pyvrp iter=1
2026-03-15 20:14:39 | INFO     | Route #12: 1889 1054 494 1667 1315 1922 670 1357 1624 105 2031 1019 1894 1609 823 1474 488 261 2092 2642 1159 2106 2001 144 || mode=vb method=sk_kmeans solver=filo2 stage=post_ls ls=pyvrp iter=1
2026-03-15 20:14:39 | INFO     | Route #13: 2907 1519 1692 2560 1963 2581 2776 1666 2370 681 25 439 318 1094 145 1213 2122 562 2683 2901 1669 988 || mode=vb method=sk_kmeans solver=filo2 stage=post_ls ls=pyvrp iter=1
2026-03-15 20:14:39 | INFO     | Route #14: 1244 1223 2826 2686 452 1614 723 1051 1146 1062 104 716 773 301 1680 1776 792 155 2236 2066 1536 847 984 || mode=vb method=sk_kmeans solver=filo2 stage=post_ls ls=pyvrp iter=1
2026-03-15 20:14:39 | INFO     | Route #15: 2074 1505 515 2403 2338 1139 1824 1492 238 1368 2214 247 202 2364 2211 2026 130 535 1713 1825 || mode=vb method=sk_kmeans solver=filo2 stage=post_ls ls=pyvrp iter=1
2026-03-15 20:14:39 | INFO     | Route #16: 1538 844 7 1986 112 1937 2097 1201 2820 593 2158 8 2486 1460 2603 1707 606 2037 1123 1972 1765 2535 2290 2245 || mode=vb method=sk_kmeans solver=filo2 stage=post_ls ls=pyvrp iter=1
2026-03-15 20:14:39 | INFO     | Route #17: 673 1040 1681 1547 1629 656 1352 2165 2258 1475 161 2385 516 1562 2503 1031 1163 1800 959 1559 1445 249 2748 1369 1844 1726 875 1510 862 || mode=vb method=sk_kmeans solver=filo2 stage=post_ls ls=pyvrp iter=1
2026-03-15 20:14:39 | INFO     | Route #18: 1456 761 316 750 386 2172 2519 108 2289 777 2470 2455 709 942 2414 2872 1554 1202 1796 446 2731 2570 662 || mode=vb method=sk_kmeans solver=filo2 stage=post_ls ls=pyvrp iter=1
2026-03-15 20:14:39 | INFO     | Route #19: 2051 1613 1154 1347 2491 2224 1756 2000 936 1398 879 518 2350 2714 2670 2288 1617 998 1897 2658 1135 2852 1902 266 1968 173 278 450 838 1864 2131 408 511 829 2234 2442 1017 1295 300 1470 259 648 413 1934 48 2883 172 803 2601 2322 244 456 2154 442 1246 2684 1740 2267 1207 1416 1586 2892 2457 524 1186 5 417 2135 1421 2260 2913 2453 2247 620 || mode=vb method=sk_kmeans solver=filo2 stage=post_ls ls=pyvrp iter=1
2026-03-15 20:14:39 | INFO     | Route #20: 1307 1847 876 1002 1345 458 1172 2832 1954 166 1533 2765 1259 1406 28 2808 2490 2309 1671 1994 1812 931 1621 2169 13 43 2093 958 1877 2792 445 1618 2862 1200 994 2855 2685 1649 126 545 2346 1731 2190 881 997 2096 457 834 2180 331 633 282 2330 918 2475 1092 1404 885 1539 555 531 24 466 2043 64 1711 || mode=vb method=sk_kmeans solver=filo2 stage=post_ls ls=pyvrp iter=1
2026-03-15 20:14:39 | INFO     | Route #21: 520 1590 1162 1851 507 2544 310 2124 971 2513 1254 46 2522 1272 1469 2171 1211 2777 690 934 || mode=vb method=sk_kmeans solver=filo2 stage=post_ls ls=pyvrp iter=1
2026-03-15 20:14:39 | INFO     | Route #22: 1823 2231 410 727 481 154 2595 2787 465 191 1970 85 1705 2365 1592 2540 2899 2782 1853 1872 874 1067 || mode=vb method=sk_kmeans solver=filo2 stage=post_ls ls=pyvrp iter=1
2026-03-15 20:14:39 | INFO     | Route #23: 1770 1360 1435 2569 2653 1715 2551 1260 2426 2168 2626 2399 2343 1689 2506 366 2530 423 1044 1415 290 || mode=vb method=sk_kmeans solver=filo2 stage=post_ls ls=pyvrp iter=1
2026-03-15 20:14:39 | INFO     | Route #24: 1267 558 1291 2244 1542 2152 1372 891 759 822 2375 2679 1333 1507 2316 1990 2024 1738 393 219 659 2291 2149 279 181 209 2694 353 412 2693 2463 1087 1984 2590 2717 1280 2383 || mode=vb method=sk_kmeans solver=filo2 stage=post_ls ls=pyvrp iter=1
2026-03-15 20:14:39 | INFO     | Route #25: 1171 666 2429 1156 250 837 348 2431 1001 625 2274 1275 608 1052 1449 599 1914 2266 784 2182 1198 167 379 821 431 2804 1915 367 257 1231 1443 1418 2631 2779 1674 338 1128 260 917 2876 1038 471 1952 2833 1382 1739 2708 1660 226 2430 15 525 2766 233 944 2563 1904 277 939 513 1819 52 || mode=vb method=sk_kmeans solver=filo2 stage=post_ls ls=pyvrp iter=1
2026-03-15 20:14:39 | INFO     | Route #26: 2750 2187 1090 459 2396 1 71 579 1941 2102 2412 132 566 2785 1408 1702 906 258 372 497 1342 1074 1022 2800 1522 2690 2586 1928 2623 1410 1951 1688 2368 1253 2394 6 638 2060 1935 323 1255 2839 2495 1567 2308 1709 2904 2377 1242 171 194 505 1013 1530 1327 2511 1926 490 2743 955 2382 1047 1745 995 || mode=vb method=sk_kmeans solver=filo2 stage=post_ls ls=pyvrp iter=1
2026-03-15 20:14:39 | INFO     | Route #27: 397 1991 342 1463 1892 641 385 581 1405 2736 1193 1497 2767 1652 1319 1192 2420 1329 2227 684 1485 1453 || mode=vb method=sk_kmeans solver=filo2 stage=post_ls ls=pyvrp iter=1
2026-03-15 20:14:39 | INFO     | Route #28: 2722 1471 163 1737 510 1045 2665 1979 738 421 449 887 1769 1056 1778 133 2834 526 1813 2012 2413 27 2042 1129 355 469 1973 2909 1901 1403 2371 519 1714 2578 234 429 1906 1815 1580 1425 1520 1821 1664 1361 2321 1270 276 328 1717 1732 1684 1356 1115 2896 1448 1742 929 1837 2078 448 1021 805 1584 553 || mode=scp method=gurobi_mip solver=None stage=scp_post_ls ls=N/A iter=15
2026-03-15 20:14:39 | INFO     | Route #29: 1595 1102 2754 2501 711 1976 2207 2608 1026 1450 216 2167 1992 573 70 2056 2228 2809 2395 1113 696 1225 1687 188 2404 1221 2895 1401 2516 2079 2633 2562 1147 1762 1084 1622 1644 603 1698 787 893 2464 2230 || mode=vb method=sk_kmeans solver=filo2 stage=post_ls ls=pyvrp iter=1
2026-03-15 20:14:39 | INFO     | Route #30: 312 2890 36 2473 616 2456 1234 87 57 185 440 956 2488 1048 582 1358 1932 2048 1840 482 1645 1573 2906 92 2145 1881 590 1005 68 138 2487 2552 147 2136 624 1375 2662 2659 1587 2612 1174 563 420 289 1337 1803 77 2393 2127 1816 2434 2769 1927 1605 2123 2098 280 1495 2838 695 464 319 1891 2362 1801 2417 1964 649 647 2857 || mode=vb method=sk_kmeans solver=filo2 stage=post_ls ls=pyvrp iter=1
2026-03-15 20:14:39 | INFO     | Route #31: 1480 2864 1578 1871 2485 1746 1247 1767 2307 2333 1833 2812 1867 2702 139 1424 877 945 2647 970 2716 810 || mode=vb method=sk_kmeans solver=filo2 stage=post_ls ls=pyvrp iter=1
2026-03-15 20:14:39 | INFO     | Route #32: 785 2312 2049 1514 321 1863 532 2009 825 317 225 1626 1293 123 1164 2176 769 910 506 663 1561 || mode=vb method=sk_kmeans solver=filo2 stage=post_ls ls=pyvrp iter=1
2026-03-15 20:14:39 | INFO     | Route #33: 2407 671 2015 977 1755 1960 406 2198 2125 1596 2050 1521 2027 1076 1050 1920 1318 1659 1930 587 591 1558 298 1948 1391 2195 627 2609 1011 2174 314 1679 595 2233 946 2871 2011 2699 2028 402 923 2719 2676 354 325 1006 2547 2711 1798 2440 2450 1111 443 308 550 1543 537 557 1131 2323 935 575 1396 630 2822 2724 264 1365 1544 962 2140 168 1055 1428 332 || mode=vb method=sk_kmeans solver=filo2 stage=post_ls ls=pyvrp iter=1
2026-03-15 20:14:39 | INFO     | Route #34: 2668 1378 1782 2159 1873 1209 1249 2068 1552 2828 1661 1683 358 1099 242 2212 1432 601 1744 283 2311 1695 1512 || mode=vb method=sk_kmeans solver=filo2 stage=post_ls ls=pyvrp iter=1
2026-03-15 20:14:39 | INFO     | Route #35: 840 1608 724 865 373 930 982 79 1985 567 915 1245 2252 2618 2756 1281 2742 1395 687 2183 2179 1332 || mode=vb method=sk_kmeans solver=filo2 stage=post_ls ls=pyvrp iter=1
2026-03-15 20:14:39 | INFO     | Route #36: 1312 2226 1768 2746 811 222 1859 1072 369 1860 2391 2525 2897 985 549 2109 467 461 254 1370 394 2389 1563 91 1589 2054 820 1912 286 1757 2367 2863 391 2443 580 65 1875 2879 664 217 833 2018 2797 668 2269 1566 1899 34 880 968 272 2013 900 53 1668 2803 2144 675 || mode=vb method=sk_kmeans solver=filo2 stage=post_ls ls=pyvrp iter=1
2026-03-15 20:14:39 | INFO     | Route #37: 1820 414 902 888 2703 1876 427 717 2482 2120 454 852 1635 438 84 863 1386 2541 2081 2605 1727 1436 1921 646 543 285 1569 2584 927 2621 281 1004 1832 2467 1835 2469 1465 937 2666 2342 22 1884 1911 920 1518 344 1910 2908 197 435 2262 2298 1795 1389 268 1107 109 || mode=vb method=sk_kmeans solver=filo2 stage=post_ls ls=pyvrp iter=1
2026-03-15 20:14:39 | INFO     | Route #38: 1043 2671 2811 383 392 146 141 2200 41 2500 2853 2134 137 2451 2654 75 1212 1560 1627 589 2332 1068 1657 2695 207 1069 303 2755 407 949 583 187 2728 62 2184 718 1238 451 || mode=vb method=sk_kmeans solver=filo2 stage=post_ls ls=pyvrp iter=1
2026-03-15 20:14:39 | INFO     | Route #39: 2911 2210 2700 1809 1330 701 2553 360 809 2328 1535 1434 398 1133 2483 654 2053 2793 2335 1908 2819 1143 2846 368 103 269 1348 2069 2775 2705 1036 1344 2272 2806 208 271 2587 745 129 1033 1797 1794 2007 489 1490 2151 2734 2297 1523 2445 2045 2579 357 683 2823 2223 2073 1371 2189 866 2721 2817 1219 1704 || mode=vb method=sk_kmeans solver=filo2 stage=post_ls ls=pyvrp iter=1
2026-03-15 20:14:39 | INFO     | Route #40: 1188 2112 538 1414 1572 1888 237 2732 2304 1983 1073 89 2844 2320 1961 720 832 2688 965 1874 1793 2661 1481 2077 2294 1214 2831 2025 4 2147 578 1205 948 2512 2639 523 2257 952 751 1136 1893 1764 596 848 1691 586 2282 2589 200 782 2303 1965 2177 2203 1748 527 2023 74 2273 2768 859 1648 1857 512 1843 1950 1861 1486 120 || mode=vb method=sk_kmeans solver=filo2 stage=post_ls ls=pyvrp iter=1
2026-03-15 20:14:39 | INFO     | Route #41: 1413 637 830 2849 1175 1583 2880 1306 897 121 904 2192 2729 1426 898 841 1804 2432 2594 2215 2438 1257 || mode=vb method=fcm solver=filo1 stage=post_ls ls=pyvrp iter=2
2026-03-15 20:14:39 | INFO     | Route #42: 462 1637 101 1194 2418 2499 677 1779 1581 991 996 1866 1981 2759 1557 499 2302 2532 2087 1273 1311 1000 232 || mode=vb method=fcm solver=filo1 stage=post_ls ls=pyvrp iter=4
2026-03-15 20:14:39 | INFO     | Route #43: 2035 2405 1086 2790 2865 1384 201 2877 819 2571 2299 265 2763 1304 2533 786 162 741 1601 44 2305 || mode=rb method=sk_kmeans solver=filo1 stage=post_ls ls=pyvrp iter=6
2026-03-15 20:14:39 | INFO     | Route #44: 1633 1277 2044 500 974 734 703 2644 1663 1706 539 2566 2674 1940 2477 2903 804 2815 947 2300 40 1955 736 || mode=rb method=sk_kmeans solver=filo1 stage=post_ls ls=pyvrp iter=6
2026-03-15 20:14:39 | INFO     | Route #45: 2602 565 2384 1599 2664 1085 873 1817 1814 2675 2209 1788 1830 1838 174 2681 839 764 2246 978 || mode=rb method=sk_kmeans solver=filo1 stage=post_ls ls=pyvrp iter=6
2026-03-15 20:14:39 | INFO     | Route #46: 1665 1264 1100 612 1423 2573 2652 1604 882 1079 1088 1631 1987 1677 18 790 979 1302 1594 1016 1349 || mode=rb method=sk_kmeans solver=filo1 stage=post_ls ls=pyvrp iter=6
2026-03-15 20:14:39 | INFO     | Route #47: 1956 1230 292 313 639 1736 2582 2585 1545 2004 2411 1239 1487 1380 1400 2148 2667 215 1473 2531 359 29 || mode=rb method=sk_kmeans solver=filo1 stage=post_ls ls=pyvrp iter=6
2026-03-15 20:14:39 | INFO     | Route #48: 1896 503 2105 309 2076 1287 799 1772 356 2709 1095 444 1063 857 437 1399 165 1037 644 2616 2052 2843 || mode=rb method=sk_kmeans solver=filo1 stage=post_ls ls=pyvrp iter=6
2026-03-15 20:14:39 | INFO     | Route #49: 93 602 1210 495 1718 2293 1206 765 2047 2673 492 227 1534 1411 556 1381 351 1367 607 2507 2527 1733 || mode=rb method=sk_kmeans solver=filo1 stage=post_ls ls=pyvrp iter=6
2026-03-15 20:14:39 | INFO     | Route #50: 206 1555 1852 2786 2219 2213 1945 1493 1028 1810 1262 1412 2317 926 14 2217 2523 2160 1789 1998 418 336 || mode=rb method=sk_kmeans solver=filo1 stage=post_ls ls=pyvrp iter=6
2026-03-15 20:14:39 | INFO     | Route #51: 1134 17 2062 1643 2276 1454 210 871 256 2638 1802 2596 692 2720 721 2757 1235 1603 30 957 2498 1297 || mode=rb method=sk_kmeans solver=filo1 stage=post_ls ls=pyvrp iter=6
2026-03-15 20:14:39 | INFO     | Route #52: 1060 651 1529 2505 1933 291 708 212 127 2745 1977 1308 2435 594 2677 2010 1880 2599 2912 922 2851 110 || mode=rb method=sk_kmeans solver=filo1 stage=post_ls ls=pyvrp iter=6
2026-03-15 20:14:39 | INFO     | Route #53: 1155 400 1929 884 715 2319 2356 2423 1593 1457 2692 818 2780 868 2816 1854 182 1829 2472 2565 203 || mode=rb method=sk_kmeans solver=filo1 stage=post_ls ls=pyvrp iter=6
2026-03-15 20:14:39 | INFO     | Route #54: 2021 2181 2118 1504 999 2764 698 376 73 561 1447 327 1719 1324 2222 2249 2805 867 678 346 806 2697 2363 1009 117 1766 1269 1672 42 1178 184 845 802 688 1610 2271 1189 409 584 1070 2292 1218 2170 1763 2032 || mode=rb method=sk_kmeans solver=filo1 stage=post_ls ls=pyvrp iter=6
2026-03-15 20:14:39 | INFO     | Route #55: 2279 2508 817 843 1957 1975 1895 2259 1790 2669 2036 97 483 1784 54 2017 2091 1600 2827 731 1265 864 1438 1785 2153 2518 493 2208 1305 1528 546 2327 1229 1112 1240 2427 2270 2058 1290 2476 1122 124 1097 883 2218 1049 747 2254 2468 2637 10 1020 1170 1494 2349 1811 2687 2041 2103 1882 1326 1682 || mode=rb method=sk_kmeans solver=filo1 stage=post_ls ls=pyvrp iter=6
2026-03-15 20:14:39 | INFO     | Route #56: 2164 2063 685 534 2583 1268 1735 11 2265 370 614 153 1007 255 1289 1577 1266 3 294 1710 1747 19 1065 2237 1387 1294 || mode=rb method=sk_kmeans solver=filo1 stage=post_ls ls=pyvrp iter=6
2026-03-15 20:14:39 | INFO     | Route #57: 2678 2155 2752 2723 604 1636 1409 243 653 214 1298 597 329 1103 1383 1696 2084 528 1845 870 1322 928 980 288 218 1101 1883 551 2663 || mode=rb method=sk_kmeans solver=filo1 stage=post_ls ls=pyvrp iter=6
2026-03-15 20:14:39 | INFO     | Route #58: 1917 1199 831 2111 1761 1606 697 1638 2478 1374 1947 911 1467 1777 2085 235 2632 311 1459 2791 2606 339 || mode=rb method=sk_kmeans solver=filo1 stage=post_ls ls=pyvrp iter=6
2026-03-15 20:14:39 | INFO     | Route #59: 2355 2188 2381 1905 1027 2089 950 1160 2376 364 2421 315 813 2454 2593 415 1236 2128 1996 2789 35 1203 2900 || mode=rb method=sk_kmeans solver=filo1 stage=post_ls ls=pyvrp iter=6
2026-03-15 20:14:39 | INFO     | Route #60: 2117 2334 347 241 1640 38 1195 1630 160 395 626 1498 932 954 2496 1080 2301 1628 1774 1716 2436 || mode=rb method=sk_kmeans solver=filo1 stage=post_ls ls=pyvrp iter=6
2026-03-15 20:14:39 | INFO     | Route #61: 1724 2197 1907 37 1082 2575 2095 2016 2138 2133 1350 2408 388 2749 1187 2613 504 2310 2517 1041 755 1152 || mode=rb method=sk_kmeans solver=filo1 stage=post_ls ls=pyvrp iter=6
2026-03-15 20:14:39 | INFO     | Route #62: 192 1751 1900 365 2588 2758 1517 1509 2640 1548 340 2185 568 1261 613 892 1108 263 350 486 1185 2366 757 || mode=rb method=sk_kmeans solver=filo1 stage=post_ls ls=pyvrp iter=6
2026-03-15 20:14:39 | INFO     | Route #63: 2617 195 851 1916 1848 2119 1585 707 1886 2564 2065 1511 229 1822 2268 2515 1015 2002 1818 1841 2555 || mode=rb method=sk_kmeans solver=filo1 stage=post_ls ls=pyvrp iter=6
2026-03-15 20:14:39 | INFO     | Route #64: 1953 2557 1752 1161 1549 39 1771 2798 1366 1351 667 1431 2542 1149 134 1923 781 704 749 794 1730 || mode=rb method=sk_kmeans solver=filo1 stage=post_ls ls=pyvrp iter=6
2026-03-15 20:14:39 | INFO     | Route #65: 530 1997 1393 1944 2452 1701 1114 148 1995 2836 55 2263 362 615 1602 23 2196 76 732 1694 916 1508 1142 || mode=rb method=sk_kmeans solver=filo1 stage=post_ls ls=pyvrp iter=6
2026-03-15 20:14:39 | INFO     | Route #66: 1462 559 1110 1215 2014 1023 479 886 2577 763 642 2854 1502 1029 1106 789 2075 2161 1353 899 113 1653 2868 1373 1182 45 2794 933 1959 2713 || mode=rb method=sk_ac_avg solver=filo1 stage=post_ls ls=pyvrp iter=10
2026-03-15 20:14:39 | INFO     | Route #67: 213 2568 2256 1939 2072 1686 682 1792 1035 1856 169 1233 1537 2331 1484 760 554 2885 47 1574 2554 1158 131 || mode=rb method=sk_kmeans solver=filo2 stage=post_ls ls=pyvrp iter=11
2026-03-15 20:14:39 | INFO     | Route #68: 246 304 1127 335 722 572 1576 1942 652 657 1429 585 199 2784 1394 714 2341 1879 1634 2546 2108 149 1440 622 1999 || mode=rb method=sk_ac_complete solver=filo2 stage=post_ls ls=pyvrp iter=12
2026-03-15 20:14:39 | INFO     | Route #69: 1858 1377 1433 1252 1865 2351 1958 1355 468 1150 136 1515 1962 1556 2216 502 2891 826 1014 2278 1550 2888 || mode=rb method=sk_ac_complete solver=filo2 stage=post_ls ls=pyvrp iter=12
2026-03-15 20:14:39 | INFO     | Route #70: 320 2306 1760 1224 474 1191 907 623 2635 2471 377 753 827 352 726 475 1091 807 2881 1532 96 || mode=rb method=sk_ac_complete solver=filo2 stage=post_ls ls=pyvrp iter=12
2026-03-15 20:14:39 | INFO     | Route #71: 2 2725 422 63 2347 960 756 2129 2636 2837 2248 710 2462 901 2650 2773 2281 976 694 1878 2261 2572 || mode=rb method=sk_ac_complete solver=filo2 stage=post_ls ls=pyvrp iter=12
2026-03-15 20:14:39 | INFO     | Route #72: 1612 2620 1678 2526 2788 1946 2083 1039 700 2416 299 305 548 2449 1546 198 1472 1540 2433 514 1376 273 1754 || mode=rb method=sk_ac_complete solver=filo2 stage=post_ls ls=pyvrp iter=12
2026-03-15 20:14:39 | INFO     | Route #73: 61 921 2314 1061 2795 1855 2730 2886 800 306 2064 854 1477 2345 2113 2866 564 2372 1335 1869 411 || mode=rb method=sk_ac_complete solver=filo2 stage=post_ls ls=pyvrp iter=12
2026-03-15 20:14:39 | INFO     | Route #74: 2132 2856 1499 2870 2902 1286 275 1392 2727 1582 2649 140 2094 1531 775 193 2099 1842 2489 1870 672 1808 1741 || mode=rb method=sk_ac_complete solver=filo2 stage=post_ls ls=pyvrp iter=12
2026-03-15 20:14:39 | INFO     | Route #75: 2425 2726 2840 1503 828 1071 737 643 2783 793 1427 2206 205 2559 2825 106 1276 2696 2567 1723 1773 2008 1625 1320 2656 1885 798 1620 1226 2747 713 1909 2592 21 436 560 1024 1676 940 1924 220 2651 2672 529 774 1570 274 322 740 878 2706 2166 2110 2524 628 361 2550 1057 2238 990 2447 767 1385 || mode=rb method=sk_ac_complete solver=filo2 stage=post_ls ls=pyvrp iter=12
2026-03-15 20:14:39 | INFO     | Route #76: 180 1827 2285 1501 1125 1831 2741 1339 1623 1890 869 1527 2191 116 1654 384 1098 2737 2771 50 2428 2739 1980 1042 1786 992 1647 1943 631 634 748 176 1750 1993 2005 156 2641 2643 1728 517 1673 629 2762 1064 1012 509 2373 808 1104 1524 640 1034 660 345 725 951 1868 128 2580 1734 72 779 1491 190 382 152 1464 || mode=rb method=sk_ac_complete solver=filo2 stage=post_ls ls=pyvrp iter=12
2026-03-15 20:14:39 | INFO     | Route #77: 1058 1078 99 1700 797 1138 2337 230 2022 846 2401 387 547 1568 2057 693 2875 730 496 635 986 1799 || mode=rb method=sk_kmeans solver=filo1 stage=post_ls ls=pyvrp iter=13
2026-03-15 20:14:39 | INFO     | Route #78: 2493 1579 1334 2388 636 88 1781 2884 2497 1025 1217 343 609 1066 2071 81 1179 1898 1525 1551 463 1720 1197 || mode=rb method=sk_kmeans solver=filo1 stage=post_ls ls=pyvrp iter=13
2026-03-15 20:14:39 | INFO     | Route #79: 728 119 2139 2162 487 2446 2441 522 719 1553 574 262 2204 295 1913 1243 2284 987 2402 1274 2615 1513 472 1693 896 2537 2339 2287 434 2591 2315 2082 2386 2466 1314 2738 2634 2691 2545 1250 2410 2549 2329 2360 2374 2869 2324 1846 650 2163 2448 2255 1919 2178 860 || mode=scp method=gurobi_mip solver=None stage=scp_post_ls ls=N/A iter=15
2026-03-15 20:14:39 | INFO     | Route #80: 1988 2061 1141 1488 1749 686 617 1564 1346 2286 1419 691 1616 2283 1989 2813 2465 2186 2781 98 542 || mode=rb method=sk_kmeans solver=filo1 stage=post_ls ls=pyvrp iter=13
2026-03-15 20:14:39 | INFO     | Route #81: 953 2614 1437 2059 1402 1446 2250 1982 1278 2648 1850 2504 1120 177 1153 441 674 964 1010 2352 159 111 || mode=rb method=sk_kmeans solver=filo1 stage=post_ls ls=pyvrp iter=13
2026-03-15 20:14:39 | INFO     | Route #82: 895 2379 796 1759 2038 872 2143 961 58 2576 2874 699 476 374 1271 2680 2390 231 1364 1500 2778 333 611 2848 1780 2867 1165 1282 924 744 2898 2558 287 1109 2698 115 1588 2353 2611 2173 2796 2715 326 || mode=rb method=sk_kmeans solver=filo1 stage=post_ls ls=pyvrp iter=13
2026-03-15 20:14:39 | INFO     | Route #83: 1316 2841 2369 598 2740 1317 1444 150 2802 270 2006 1232 2242 1417 2201 297 2799 1791 1313 2380 221 1721 2627 2701 252 2239 1184 1516 2194 1597 478 746 2710 || mode=rb method=sk_kmeans solver=filo1 stage=post_ls ls=pyvrp iter=13
2026-03-15 20:14:39 | INFO     | Route #84: 576 2801 425 689 1126 2529 2419 2619 632 2574 460 2893 2357 82 972 2514 1248 251 1662 665 2905 1144 118 2040 2910 378 2556 1151 || mode=rb method=sk_kmeans solver=filo1 stage=post_ls ls=pyvrp iter=13
2026-03-15 20:14:39 | INFO     | Route #85: 1743 2150 1826 284 2630 2861 533 2055 776 1379 702 1118 2070 2597 1168 2814 1575 204 1283 1478 1931 || mode=rb method=sk_kmeans solver=filo1 stage=post_ls ls=pyvrp iter=13
2026-03-15 20:14:39 | INFO     | Route #86: 1328 894 135 1077 658 1227 2480 1541 735 2240 766 2264 1310 739 1140 491 1571 1208 228 175 2088 619 || mode=rb method=sk_kmeans solver=filo1 stage=post_ls ls=pyvrp iter=13
2026-03-15 20:14:39 | INFO     | Route #87: 2625 2689 2887 1116 812 1046 1137 80 1476 380 912 2628 1936 389 1237 1466 1489 905 1093 2296 2744 2761 849 || mode=rb method=sk_kmeans solver=filo1 stage=post_ls ls=pyvrp iter=13
2026-03-15 20:14:39 | INFO     | Route #88: 1117 914 1251 1670 1828 2348 571 2193 2101 1903 2539 975 758 2235 2378 179 1183 1729 1420 2510 1690 2655 224 || mode=rb method=sk_kmeans solver=filo1 stage=post_ls ls=pyvrp iter=13
2026-03-15 20:14:39 | INFO     | Route #89: 2067 1340 788 1325 1157 963 1148 2202 909 1119 381 1468 501 2114 2460 2660 1336 1451 801 2807 1506 1807 || mode=rb method=sk_kmeans solver=filo1 stage=post_ls ls=pyvrp iter=13
2026-03-15 20:14:39 | INFO     | Route #90: 2751 2444 1407 1220 1479 1806 2484 2344 861 1292 1642 2086 2275 2829 403 2116 1938 655 2878 2735 1216 1196 1222 1341 1482 2100 1301 2534 1974 307 1181 816 1145 2029 676 2437 2712 240 1338 2409 67 86 32 1725 610 1591 1703 2104 2624 2439 2157 669 12 783 2538 95 661 433 || mode=rb method=sk_kmeans solver=filo1 stage=post_ls ls=pyvrp iter=13
2026-03-15 20:14:39 | INFO     | Route #91: 498 1121 2682 453 2707 2509 236 1483 1363 2622 2753 2142 56 2121 2873 2130 1279 1458 855 742 2141 1032 1284 419 1018 1331 1839 || mode=rb method=sk_kmeans solver=filo1 stage=post_ls ls=pyvrp iter=13
2026-03-15 20:14:39 | INFO     | Route #92: 1849 1565 447 1105 771 1258 2359 2858 142 588 679 814 2521 2718 890 2548 480 768 1288 94 1204 || mode=rb method=sk_kmeans solver=filo1 stage=post_ls ls=pyvrp iter=13
2026-03-15 20:14:39 | INFO     | Route #93: 541 2325 2003 856 1300 1805 981 2859 973 2821 1641 2474 2461 405 570 1455 1081 363 2810 337 943 || mode=rb method=sk_kmeans solver=filo1 stage=post_ls ls=pyvrp iter=13
2026-03-15 20:14:39 | INFO     | Route #94: 2034 9 2020 778 26 470 60 2392 1685 1053 1176 1124 2424 125 521 2313 2354 2889 430 925 296 1887 || mode=rb method=sk_kmeans solver=filo1 stage=post_ls ls=pyvrp iter=13
2026-03-15 20:14:39 | INFO     | Route #95: 1285 1836 196 1397 164 2406 2340 762 1190 2733 1783 552 2492 396 2824 1169 178 853 815 989 913 1526 || mode=rb method=sk_kmeans solver=filo1 stage=post_ls ls=pyvrp iter=13
2026-03-15 20:14:39 | INFO     | 
2026-03-15 20:14:39 | INFO     | [BEST SOLUTION ROUTE SUMMARY]
2026-03-15 20:14:39 | INFO     | --------------------------------------------------------------------------------
2026-03-15 20:14:39 | INFO     |   41 routes | RB    | sk_kmeans       | solver=filo1      | stage=post_ls | ls=pyvrp
2026-03-15 20:14:39 | INFO     |   39 routes | VB    | sk_kmeans       | solver=filo2      | stage=post_ls | ls=pyvrp
2026-03-15 20:14:39 | INFO     |    9 routes | RB    | sk_ac_complete  | solver=filo2      | stage=post_ls | ls=pyvrp
2026-03-15 20:14:39 | INFO     |    2 routes | SCP   | gurobi_mip      | solver=UNKNOWN    | stage=scp_post_ls | ls=N/A
2026-03-15 20:14:39 | INFO     |    2 routes | VB    | fcm             | solver=filo1      | stage=post_ls | ls=pyvrp
2026-03-15 20:14:39 | INFO     |    1 routes | RB    | sk_ac_avg       | solver=filo1      | stage=post_ls | ls=pyvrp
2026-03-15 20:14:39 | INFO     |    1 routes | RB    | sk_kmeans       | solver=filo2      | stage=post_ls | ls=pyvrp
2026-03-15 20:14:39 | INFO     | 
2026-03-15 20:14:39 | INFO     | [ROUTE POOL SUMMARY]
2026-03-15 20:14:39 | INFO     |   191 routes | VB | fcm | solver=filo1 | stage=post_ls | ls=pyvrp
2026-03-15 20:14:39 | INFO     |   149 routes | RB | sk_kmeans | solver=filo2 | stage=post_ls | ls=pyvrp
2026-03-15 20:14:39 | INFO     |   145 routes | RB | sk_kmeans | solver=filo1 | stage=post_ls | ls=pyvrp
2026-03-15 20:14:39 | INFO     |    96 routes | VB | fcm | solver=pyvrp | stage=post_ls | ls=pyvrp
2026-03-15 20:14:39 | INFO     |    96 routes | VB | k_medoids_pyclustering | solver=filo1 | stage=post_ls | ls=pyvrp
2026-03-15 20:14:39 | INFO     |    96 routes | RB | sk_ac_complete | solver=pyvrp | stage=post_ls | ls=pyvrp
2026-03-15 20:14:39 | INFO     |    95 routes | VB | sk_kmeans | solver=filo2 | stage=post_ls | ls=pyvrp
2026-03-15 20:14:39 | INFO     |    94 routes | VB | sk_ac_avg | solver=filo2 | stage=post_ls | ls=pyvrp
2026-03-15 20:14:39 | INFO     |    87 routes | RB | sk_ac_avg | solver=filo2 | stage=post_ls | ls=pyvrp
2026-03-15 20:14:39 | INFO     |    87 routes | RB | sk_ac_avg | solver=pyvrp | stage=post_ls | ls=pyvrp
2026-03-15 20:14:39 | INFO     |    86 routes | RB | sk_ac_complete | solver=filo1 | stage=post_ls | ls=pyvrp
2026-03-15 20:14:39 | INFO     |    85 routes | RB | sk_ac_min | solver=filo2 | stage=post_ls | ls=pyvrp
2026-03-15 20:14:39 | INFO     |    80 routes | RB | sk_ac_avg | solver=filo1 | stage=post_ls | ls=pyvrp
2026-03-15 20:14:39 | INFO     |    76 routes | RB | sk_ac_complete | solver=filo2 | stage=post_ls | ls=pyvrp
2026-03-15 20:14:39 | INFO     |     2 routes | SCP | gurobi_mip | solver=UNKNOWN | stage=scp_post_ls | ls=N/A
2026-03-15 20:14:39 | INFO     | [XL-n2914-k95 NO-IMPROVEMENT] best_cost=89423 | streak=2 | Gap: 0.5860%
2026-03-15 20:14:39 | INFO     | [XL-n2914-k95 ITERATION-TIMES 17] cluster=0.098s routing=3046.644s ls=83.479s total=3130.296s
2026-03-15 20:14:39 | INFO     | [XL-n2914-k95 ITERATION 18] mode=VB method=fcm k=4 solver=filo1 ls=pyvrp
2026-03-15 20:15:32 | INFO     | [XL-n2914-k95 CLUSTER] method=fcm k=4 | sizes=[1004, 493, 414, 1002] | min=414 max=1004 avg=728.2
2026-03-15 20:15:32 | INFO     | [XL-n2914-k95 ROUTING] Solving clusters with filo1
2026-03-15 21:40:36 | INFO     | [XL-n2914-k95 SCP] pruning_mode=diversity
2026-03-15 21:40:36 | INFO     | [XL-n2914-k95 SCP] solver=gurobi_mip | route_pool=1561
2026-03-15 21:40:49 | INFO     | [XL-n2914-k95 SCP] optimal solution found
2026-03-15 21:42:57 | INFO     | 
2026-03-15 21:42:57 | INFO     | ================================================================================
2026-03-15 21:42:57 | INFO     | [XL-n2914-k95] PERIODIC SNAPSHOT SNAPSHOT_007
2026-03-15 21:42:57 | INFO     | ================================================================================
2026-03-15 21:42:57 | INFO     | Route #1: 1787 2033 69 754 371 1699 1241 1075 1611 1708 49 569 2561 2835 1619 592 712 795 2772 2221 941 1918 || mode=vb method=sk_kmeans solver=filo2 stage=post_ls ls=pyvrp iter=1
2026-03-15 21:42:57 | INFO     | Route #2: 969 544 33 1030 1452 2598 836 2232 102 1422 2770 100 983 2253 426 375 733 1130 186 645 966 2398 267 || mode=vb method=sk_kmeans solver=filo2 stage=post_ls ls=pyvrp iter=1
2026-03-15 21:42:57 | INFO     | Route #3: 2845 1059 1650 2543 2842 2295 1632 20 1496 59 770 341 2241 390 680 455 2080 1615 2137 2847 2220 577 1658 || mode=vb method=sk_kmeans solver=filo2 stage=post_ls ls=pyvrp iter=1
2026-03-15 21:42:57 | INFO     | Route #4: 114 2494 908 850 1656 1758 1089 2205 540 16 1967 432 2607 1096 1461 2280 605 1354 1949 1697 1862 993 || mode=vb method=sk_kmeans solver=filo2 stage=post_ls ls=pyvrp iter=1
2026-03-15 21:42:57 | INFO     | Route #5: 1607 1598 428 485 508 51 618 1442 253 477 1180 293 1321 2277 967 2882 1177 183 2760 706 484 2361 || mode=vb method=sk_kmeans solver=filo2 stage=post_ls ls=pyvrp iter=1
2026-03-15 21:42:57 | INFO     | Route #6: 1651 2850 2481 2830 2046 791 404 2894 2397 2107 2387 2610 2415 1388 151 2657 621 349 2225 2126 824 || mode=vb method=sk_kmeans solver=filo2 stage=post_ls ls=pyvrp iter=1
2026-03-15 21:42:57 | INFO     | Route #7: 2146 1167 2115 1655 2629 858 1263 107 223 1441 334 1008 245 31 1256 1978 2774 2336 1712 2243 729 2358 1166 || mode=vb method=sk_kmeans solver=filo2 stage=post_ls ls=pyvrp iter=1
2026-03-15 21:42:57 | INFO     | Route #8: 2528 919 842 239 2422 2400 2600 1925 1430 1646 2175 1639 1390 2251 2818 1299 772 90 2645 424 835 || mode=vb method=sk_kmeans solver=filo2 stage=post_ls ls=pyvrp iter=1
2026-03-15 21:42:57 | INFO     | Route #9: 2604 2502 324 2646 78 2520 143 2479 1343 1439 1753 1834 1228 938 1323 2326 2019 302 705 1722 752 248 2156 || mode=vb method=sk_kmeans solver=filo2 stage=post_ls ls=pyvrp iter=1
2026-03-15 21:42:57 | INFO     | Route #10: 122 66 743 780 889 83 189 401 158 1362 2090 1309 2229 416 903 2536 2860 1296 1966 1971 170 2318 || mode=vb method=sk_kmeans solver=filo2 stage=post_ls ls=pyvrp iter=1
2026-03-15 21:42:57 | INFO     | Route #11: 211 1969 1132 330 1303 473 2704 1359 2199 2458 1675 1173 1083 2030 399 1775 2039 600 2459 536 157 1003 || mode=vb method=sk_kmeans solver=filo2 stage=post_ls ls=pyvrp iter=1
2026-03-15 21:42:57 | INFO     | Route #12: 1889 1054 494 1667 1315 1922 670 1357 1624 105 2031 1019 1894 1609 823 1474 488 261 2092 2642 1159 2106 2001 144 || mode=vb method=sk_kmeans solver=filo2 stage=post_ls ls=pyvrp iter=1
2026-03-15 21:42:57 | INFO     | Route #13: 2907 1519 1692 2560 1963 2581 2776 1666 2370 681 25 439 318 1094 145 1213 2122 562 2683 2901 1669 988 || mode=vb method=sk_kmeans solver=filo2 stage=post_ls ls=pyvrp iter=1
2026-03-15 21:42:57 | INFO     | Route #14: 1244 1223 2826 2686 452 1614 723 1051 1146 1062 104 716 773 301 1680 1776 792 155 2236 2066 1536 847 984 || mode=vb method=sk_kmeans solver=filo2 stage=post_ls ls=pyvrp iter=1
2026-03-15 21:42:57 | INFO     | Route #15: 2074 1505 515 2403 2338 1139 1824 1492 238 1368 2214 247 202 2364 2211 2026 130 535 1713 1825 || mode=vb method=sk_kmeans solver=filo2 stage=post_ls ls=pyvrp iter=1
2026-03-15 21:42:57 | INFO     | Route #16: 1538 844 7 1986 112 1937 2097 1201 2820 593 2158 8 2486 1460 2603 1707 606 2037 1123 1972 1765 2535 2290 2245 || mode=vb method=sk_kmeans solver=filo2 stage=post_ls ls=pyvrp iter=1
2026-03-15 21:42:57 | INFO     | Route #17: 673 1040 1681 1547 1629 656 1352 2165 2258 1475 161 2385 516 1562 2503 1031 1163 1800 959 1559 1445 249 2748 1369 1844 1726 875 1510 862 || mode=vb method=sk_kmeans solver=filo2 stage=post_ls ls=pyvrp iter=1
2026-03-15 21:42:57 | INFO     | Route #18: 1456 761 316 750 386 2172 2519 108 2289 777 2470 2455 709 942 2414 2872 1554 1202 1796 446 2731 2570 662 || mode=vb method=sk_kmeans solver=filo2 stage=post_ls ls=pyvrp iter=1
2026-03-15 21:42:57 | INFO     | Route #19: 2051 1613 1154 1347 2491 2224 1756 2000 936 1398 879 518 2350 2714 2670 2288 1617 998 1897 2658 1135 2852 1902 266 1968 173 278 450 838 1864 2131 408 511 829 2234 2442 1017 1295 300 1470 259 648 413 1934 48 2883 172 803 2601 2322 244 456 2154 442 1246 2684 1740 2267 1207 1416 1586 2892 2457 524 1186 5 417 2135 1421 2260 2913 2453 2247 620 || mode=vb method=sk_kmeans solver=filo2 stage=post_ls ls=pyvrp iter=1
2026-03-15 21:42:57 | INFO     | Route #20: 1307 1847 876 1002 1345 458 1172 2832 1954 166 1533 2765 1259 1406 28 2808 2490 2309 1671 1994 1812 931 1621 2169 13 43 2093 958 1877 2792 445 1618 2862 1200 994 2855 2685 1649 126 545 2346 1731 2190 881 997 2096 457 834 2180 331 633 282 2330 918 2475 1092 1404 885 1539 555 531 24 466 2043 64 1711 || mode=vb method=sk_kmeans solver=filo2 stage=post_ls ls=pyvrp iter=1
2026-03-15 21:42:57 | INFO     | Route #21: 520 1590 1162 1851 507 2544 310 2124 971 2513 1254 46 2522 1272 1469 2171 1211 2777 690 934 || mode=vb method=sk_kmeans solver=filo2 stage=post_ls ls=pyvrp iter=1
2026-03-15 21:42:57 | INFO     | Route #22: 1823 2231 410 727 481 154 2595 2787 465 191 1970 85 1705 2365 1592 2540 2899 2782 1853 1872 874 1067 || mode=vb method=sk_kmeans solver=filo2 stage=post_ls ls=pyvrp iter=1
2026-03-15 21:42:57 | INFO     | Route #23: 1770 1360 1435 2569 2653 1715 2551 1260 2426 2168 2626 2399 2343 1689 2506 366 2530 423 1044 1415 290 || mode=vb method=sk_kmeans solver=filo2 stage=post_ls ls=pyvrp iter=1
2026-03-15 21:42:57 | INFO     | Route #24: 1267 558 1291 2244 1542 2152 1372 891 759 822 2375 2679 1333 1507 2316 1990 2024 1738 393 219 659 2291 2149 279 181 209 2694 353 412 2693 2463 1087 1984 2590 2717 1280 2383 || mode=vb method=sk_kmeans solver=filo2 stage=post_ls ls=pyvrp iter=1
2026-03-15 21:42:57 | INFO     | Route #25: 1171 666 2429 1156 250 837 348 2431 1001 625 2274 1275 608 1052 1449 599 1914 2266 784 2182 1198 167 379 821 431 2804 1915 367 257 1231 1443 1418 2631 2779 1674 338 1128 260 917 2876 1038 471 1952 2833 1382 1739 2708 1660 226 2430 15 525 2766 233 944 2563 1904 277 939 513 1819 52 || mode=vb method=sk_kmeans solver=filo2 stage=post_ls ls=pyvrp iter=1
2026-03-15 21:42:57 | INFO     | Route #26: 2750 2187 1090 459 2396 1 71 579 1941 2102 2412 132 566 2785 1408 1702 906 258 372 497 1342 1074 1022 2800 1522 2690 2586 1928 2623 1410 1951 1688 2368 1253 2394 6 638 2060 1935 323 1255 2839 2495 1567 2308 1709 2904 2377 1242 171 194 505 1013 1530 1327 2511 1926 490 2743 955 2382 1047 1745 995 || mode=vb method=sk_kmeans solver=filo2 stage=post_ls ls=pyvrp iter=1
2026-03-15 21:42:57 | INFO     | Route #27: 397 1991 342 1463 1892 641 385 581 1405 2736 1193 1497 2767 1652 1319 1192 2420 1329 2227 684 1485 1453 || mode=vb method=sk_kmeans solver=filo2 stage=post_ls ls=pyvrp iter=1
2026-03-15 21:42:57 | INFO     | Route #28: 2722 1471 163 1737 510 1045 2665 1979 738 421 449 887 1769 1056 1778 133 2834 526 1813 2012 2413 27 2042 1129 355 469 1973 2909 1901 1403 2371 519 1714 2578 234 429 1906 1815 1580 1425 1520 1821 1664 1361 2321 1270 276 328 1717 1732 1684 1356 1115 2896 1448 1742 929 1837 2078 448 1021 805 1584 553 || mode=scp method=gurobi_mip solver=None stage=scp_post_ls ls=N/A iter=15
2026-03-15 21:42:57 | INFO     | Route #29: 1595 1102 2754 2501 711 1976 2207 2608 1026 1450 216 2167 1992 573 70 2056 2228 2809 2395 1113 696 1225 1687 188 2404 1221 2895 1401 2516 2079 2633 2562 1147 1762 1084 1622 1644 603 1698 787 893 2464 2230 || mode=vb method=sk_kmeans solver=filo2 stage=post_ls ls=pyvrp iter=1
2026-03-15 21:42:57 | INFO     | Route #30: 312 2890 36 2473 616 2456 1234 87 57 185 440 956 2488 1048 582 1358 1932 2048 1840 482 1645 1573 2906 92 2145 1881 590 1005 68 138 2487 2552 147 2136 624 1375 2662 2659 1587 2612 1174 563 420 289 1337 1803 77 2393 2127 1816 2434 2769 1927 1605 2123 2098 280 1495 2838 695 464 319 1891 2362 1801 2417 1964 649 647 2857 || mode=vb method=sk_kmeans solver=filo2 stage=post_ls ls=pyvrp iter=1
2026-03-15 21:42:57 | INFO     | Route #31: 1480 2864 1578 1871 2485 1746 1247 1767 2307 2333 1833 2812 1867 2702 139 1424 877 945 2647 970 2716 810 || mode=vb method=sk_kmeans solver=filo2 stage=post_ls ls=pyvrp iter=1
2026-03-15 21:42:57 | INFO     | Route #32: 785 2312 2049 1514 321 1863 532 2009 825 317 225 1626 1293 123 1164 2176 769 910 506 663 1561 || mode=vb method=sk_kmeans solver=filo2 stage=post_ls ls=pyvrp iter=1
2026-03-15 21:42:57 | INFO     | Route #33: 2407 671 2015 977 1755 1960 406 2198 2125 1596 2050 1521 2027 1076 1050 1920 1318 1659 1930 587 591 1558 298 1948 1391 2195 627 2609 1011 2174 314 1679 595 2233 946 2871 2011 2699 2028 402 923 2719 2676 354 325 1006 2547 2711 1798 2440 2450 1111 443 308 550 1543 537 557 1131 2323 935 575 1396 630 2822 2724 264 1365 1544 962 2140 168 1055 1428 332 || mode=vb method=sk_kmeans solver=filo2 stage=post_ls ls=pyvrp iter=1
2026-03-15 21:42:57 | INFO     | Route #34: 2668 1378 1782 2159 1873 1209 1249 2068 1552 2828 1661 1683 358 1099 242 2212 1432 601 1744 283 2311 1695 1512 || mode=vb method=sk_kmeans solver=filo2 stage=post_ls ls=pyvrp iter=1
2026-03-15 21:42:57 | INFO     | Route #35: 840 1608 724 865 373 930 982 79 1985 567 915 1245 2252 2618 2756 1281 2742 1395 687 2183 2179 1332 || mode=vb method=sk_kmeans solver=filo2 stage=post_ls ls=pyvrp iter=1
2026-03-15 21:42:57 | INFO     | Route #36: 1312 2226 1768 2746 811 222 1859 1072 369 1860 2391 2525 2897 985 549 2109 467 461 254 1370 394 2389 1563 91 1589 2054 820 1912 286 1757 2367 2863 391 2443 580 65 1875 2879 664 217 833 2018 2797 668 2269 1566 1899 34 880 968 272 2013 900 53 1668 2803 2144 675 || mode=vb method=sk_kmeans solver=filo2 stage=post_ls ls=pyvrp iter=1
2026-03-15 21:42:57 | INFO     | Route #37: 1820 414 902 888 2703 1876 427 717 2482 2120 454 852 1635 438 84 863 1386 2541 2081 2605 1727 1436 1921 646 543 285 1569 2584 927 2621 281 1004 1832 2467 1835 2469 1465 937 2666 2342 22 1884 1911 920 1518 344 1910 2908 197 435 2262 2298 1795 1389 268 1107 109 || mode=vb method=sk_kmeans solver=filo2 stage=post_ls ls=pyvrp iter=1
2026-03-15 21:42:57 | INFO     | Route #38: 1043 2671 2811 383 392 146 141 2200 41 2500 2853 2134 137 2451 2654 75 1212 1560 1627 589 2332 1068 1657 2695 207 1069 303 2755 407 949 583 187 2728 62 2184 718 1238 451 || mode=vb method=sk_kmeans solver=filo2 stage=post_ls ls=pyvrp iter=1
2026-03-15 21:42:57 | INFO     | Route #39: 2911 2210 2700 1809 1330 701 2553 360 809 2328 1535 1434 398 1133 2483 654 2053 2793 2335 1908 2819 1143 2846 368 103 269 1348 2069 2775 2705 1036 1344 2272 2806 208 271 2587 745 129 1033 1797 1794 2007 489 1490 2151 2734 2297 1523 2445 2045 2579 357 683 2823 2223 2073 1371 2189 866 2721 2817 1219 1704 || mode=vb method=sk_kmeans solver=filo2 stage=post_ls ls=pyvrp iter=1
2026-03-15 21:42:57 | INFO     | Route #40: 1188 2112 538 1414 1572 1888 237 2732 2304 1983 1073 89 2844 2320 1961 720 832 2688 965 1874 1793 2661 1481 2077 2294 1214 2831 2025 4 2147 578 1205 948 2512 2639 523 2257 952 751 1136 1893 1764 596 848 1691 586 2282 2589 200 782 2303 1965 2177 2203 1748 527 2023 74 2273 2768 859 1648 1857 512 1843 1950 1861 1486 120 || mode=vb method=sk_kmeans solver=filo2 stage=post_ls ls=pyvrp iter=1
2026-03-15 21:42:57 | INFO     | Route #41: 1413 637 830 2849 1175 1583 2880 1306 897 121 904 2192 2729 1426 898 841 1804 2432 2594 2215 2438 1257 || mode=vb method=fcm solver=filo1 stage=post_ls ls=pyvrp iter=2
2026-03-15 21:42:57 | INFO     | Route #42: 462 1637 101 1194 2418 2499 677 1779 1581 991 996 1866 1981 2759 1557 499 2302 2532 2087 1273 1311 1000 232 || mode=vb method=fcm solver=filo1 stage=post_ls ls=pyvrp iter=4
2026-03-15 21:42:57 | INFO     | Route #43: 2035 2405 1086 2790 2865 1384 201 2877 819 2571 2299 265 2763 1304 2533 786 162 741 1601 44 2305 || mode=rb method=sk_kmeans solver=filo1 stage=post_ls ls=pyvrp iter=6
2026-03-15 21:42:57 | INFO     | Route #44: 1633 1277 2044 500 974 734 703 2644 1663 1706 539 2566 2674 1940 2477 2903 804 2815 947 2300 40 1955 736 || mode=rb method=sk_kmeans solver=filo1 stage=post_ls ls=pyvrp iter=6
2026-03-15 21:42:57 | INFO     | Route #45: 2602 565 2384 1599 2664 1085 873 1817 1814 2675 2209 1788 1830 1838 174 2681 839 764 2246 978 || mode=rb method=sk_kmeans solver=filo1 stage=post_ls ls=pyvrp iter=6
2026-03-15 21:42:57 | INFO     | Route #46: 1665 1264 1100 612 1423 2573 2652 1604 882 1079 1088 1631 1987 1677 18 790 979 1302 1594 1016 1349 || mode=rb method=sk_kmeans solver=filo1 stage=post_ls ls=pyvrp iter=6
2026-03-15 21:42:57 | INFO     | Route #47: 1956 1230 292 313 639 1736 2582 2585 1545 2004 2411 1239 1487 1380 1400 2148 2667 215 1473 2531 359 29 || mode=rb method=sk_kmeans solver=filo1 stage=post_ls ls=pyvrp iter=6
2026-03-15 21:42:57 | INFO     | Route #48: 1896 503 2105 309 2076 1287 799 1772 356 2709 1095 444 1063 857 437 1399 165 1037 644 2616 2052 2843 || mode=rb method=sk_kmeans solver=filo1 stage=post_ls ls=pyvrp iter=6
2026-03-15 21:42:57 | INFO     | Route #49: 93 602 1210 495 1718 2293 1206 765 2047 2673 492 227 1534 1411 556 1381 351 1367 607 2507 2527 1733 || mode=rb method=sk_kmeans solver=filo1 stage=post_ls ls=pyvrp iter=6
2026-03-15 21:42:57 | INFO     | Route #50: 206 1555 1852 2786 2219 2213 1945 1493 1028 1810 1262 1412 2317 926 14 2217 2523 2160 1789 1998 418 336 || mode=rb method=sk_kmeans solver=filo1 stage=post_ls ls=pyvrp iter=6
2026-03-15 21:42:57 | INFO     | Route #51: 1134 17 2062 1643 2276 1454 210 871 256 2638 1802 2596 692 2720 721 2757 1235 1603 30 957 2498 1297 || mode=rb method=sk_kmeans solver=filo1 stage=post_ls ls=pyvrp iter=6
2026-03-15 21:42:57 | INFO     | Route #52: 1060 651 1529 2505 1933 291 708 212 127 2745 1977 1308 2435 594 2677 2010 1880 2599 2912 922 2851 110 || mode=rb method=sk_kmeans solver=filo1 stage=post_ls ls=pyvrp iter=6
2026-03-15 21:42:57 | INFO     | Route #53: 1155 400 1929 884 715 2319 2356 2423 1593 1457 2692 818 2780 868 2816 1854 182 1829 2472 2565 203 || mode=rb method=sk_kmeans solver=filo1 stage=post_ls ls=pyvrp iter=6
2026-03-15 21:42:57 | INFO     | Route #54: 2021 2181 2118 1504 999 2764 698 376 73 561 1447 327 1719 1324 2222 2249 2805 867 678 346 806 2697 2363 1009 117 1766 1269 1672 42 1178 184 845 802 688 1610 2271 1189 409 584 1070 2292 1218 2170 1763 2032 || mode=rb method=sk_kmeans solver=filo1 stage=post_ls ls=pyvrp iter=6
2026-03-15 21:42:57 | INFO     | Route #55: 2279 2508 817 843 1957 1975 1895 2259 1790 2669 2036 97 483 1784 54 2017 2091 1600 2827 731 1265 864 1438 1785 2153 2518 493 2208 1305 1528 546 2327 1229 1112 1240 2427 2270 2058 1290 2476 1122 124 1097 883 2218 1049 747 2254 2468 2637 10 1020 1170 1494 2349 1811 2687 2041 2103 1882 1326 1682 || mode=rb method=sk_kmeans solver=filo1 stage=post_ls ls=pyvrp iter=6
2026-03-15 21:42:57 | INFO     | Route #56: 2164 2063 685 534 2583 1268 1735 11 2265 370 614 153 1007 255 1289 1577 1266 3 294 1710 1747 19 1065 2237 1387 1294 || mode=rb method=sk_kmeans solver=filo1 stage=post_ls ls=pyvrp iter=6
2026-03-15 21:42:57 | INFO     | Route #57: 2678 2155 2752 2723 604 1636 1409 243 653 214 1298 597 329 1103 1383 1696 2084 528 1845 870 1322 928 980 288 218 1101 1883 551 2663 || mode=rb method=sk_kmeans solver=filo1 stage=post_ls ls=pyvrp iter=6
2026-03-15 21:42:57 | INFO     | Route #58: 1917 1199 831 2111 1761 1606 697 1638 2478 1374 1947 911 1467 1777 2085 235 2632 311 1459 2791 2606 339 || mode=rb method=sk_kmeans solver=filo1 stage=post_ls ls=pyvrp iter=6
2026-03-15 21:42:57 | INFO     | Route #59: 2355 2188 2381 1905 1027 2089 950 1160 2376 364 2421 315 813 2454 2593 415 1236 2128 1996 2789 35 1203 2900 || mode=rb method=sk_kmeans solver=filo1 stage=post_ls ls=pyvrp iter=6
2026-03-15 21:42:57 | INFO     | Route #60: 2117 2334 347 241 1640 38 1195 1630 160 395 626 1498 932 954 2496 1080 2301 1628 1774 1716 2436 || mode=rb method=sk_kmeans solver=filo1 stage=post_ls ls=pyvrp iter=6
2026-03-15 21:42:57 | INFO     | Route #61: 1724 2197 1907 37 1082 2575 2095 2016 2138 2133 1350 2408 388 2749 1187 2613 504 2310 2517 1041 755 1152 || mode=rb method=sk_kmeans solver=filo1 stage=post_ls ls=pyvrp iter=6
2026-03-15 21:42:57 | INFO     | Route #62: 192 1751 1900 365 2588 2758 1517 1509 2640 1548 340 2185 568 1261 613 892 1108 263 350 486 1185 2366 757 || mode=rb method=sk_kmeans solver=filo1 stage=post_ls ls=pyvrp iter=6
2026-03-15 21:42:57 | INFO     | Route #63: 2617 195 851 1916 1848 2119 1585 707 1886 2564 2065 1511 229 1822 2268 2515 1015 2002 1818 1841 2555 || mode=rb method=sk_kmeans solver=filo1 stage=post_ls ls=pyvrp iter=6
2026-03-15 21:42:57 | INFO     | Route #64: 1953 2557 1752 1161 1549 39 1771 2798 1366 1351 667 1431 2542 1149 134 1923 781 704 749 794 1730 || mode=rb method=sk_kmeans solver=filo1 stage=post_ls ls=pyvrp iter=6
2026-03-15 21:42:57 | INFO     | Route #65: 530 1997 1393 1944 2452 1701 1114 148 1995 2836 55 2263 362 615 1602 23 2196 76 732 1694 916 1508 1142 || mode=rb method=sk_kmeans solver=filo1 stage=post_ls ls=pyvrp iter=6
2026-03-15 21:42:57 | INFO     | Route #66: 1462 559 1110 1215 2014 1023 479 886 2577 763 642 2854 1502 1029 1106 789 2075 2161 1353 899 113 1653 2868 1373 1182 45 2794 933 1959 2713 || mode=rb method=sk_ac_avg solver=filo1 stage=post_ls ls=pyvrp iter=10
2026-03-15 21:42:57 | INFO     | Route #67: 213 2568 2256 1939 2072 1686 682 1792 1035 1856 169 1233 1537 2331 1484 760 554 2885 47 1574 2554 1158 131 || mode=rb method=sk_kmeans solver=filo2 stage=post_ls ls=pyvrp iter=11
2026-03-15 21:42:57 | INFO     | Route #68: 246 304 1127 335 722 572 1576 1942 652 657 1429 585 199 2784 1394 714 2341 1879 1634 2546 2108 149 1440 622 1999 || mode=rb method=sk_ac_complete solver=filo2 stage=post_ls ls=pyvrp iter=12
2026-03-15 21:42:57 | INFO     | Route #69: 1858 1377 1433 1252 1865 2351 1958 1355 468 1150 136 1515 1962 1556 2216 502 2891 826 1014 2278 1550 2888 || mode=rb method=sk_ac_complete solver=filo2 stage=post_ls ls=pyvrp iter=12
2026-03-15 21:42:57 | INFO     | Route #70: 320 2306 1760 1224 474 1191 907 623 2635 2471 377 753 827 352 726 475 1091 807 2881 1532 96 || mode=rb method=sk_ac_complete solver=filo2 stage=post_ls ls=pyvrp iter=12
2026-03-15 21:42:57 | INFO     | Route #71: 2 2725 422 63 2347 960 756 2129 2636 2837 2248 710 2462 901 2650 2773 2281 976 694 1878 2261 2572 || mode=rb method=sk_ac_complete solver=filo2 stage=post_ls ls=pyvrp iter=12
2026-03-15 21:42:57 | INFO     | Route #72: 1612 2620 1678 2526 2788 1946 2083 1039 700 2416 299 305 548 2449 1546 198 1472 1540 2433 514 1376 273 1754 || mode=rb method=sk_ac_complete solver=filo2 stage=post_ls ls=pyvrp iter=12
2026-03-15 21:42:57 | INFO     | Route #73: 61 921 2314 1061 2795 1855 2730 2886 800 306 2064 854 1477 2345 2113 2866 564 2372 1335 1869 411 || mode=rb method=sk_ac_complete solver=filo2 stage=post_ls ls=pyvrp iter=12
2026-03-15 21:42:57 | INFO     | Route #74: 2132 2856 1499 2870 2902 1286 275 1392 2727 1582 2649 140 2094 1531 775 193 2099 1842 2489 1870 672 1808 1741 || mode=rb method=sk_ac_complete solver=filo2 stage=post_ls ls=pyvrp iter=12
2026-03-15 21:42:57 | INFO     | Route #75: 2425 2726 2840 1503 828 1071 737 643 2783 793 1427 2206 205 2559 2825 106 1276 2696 2567 1723 1773 2008 1625 1320 2656 1885 798 1620 1226 2747 713 1909 2592 21 436 560 1024 1676 940 1924 220 2651 2672 529 774 1570 274 322 740 878 2706 2166 2110 2524 628 361 2550 1057 2238 990 2447 767 1385 || mode=rb method=sk_ac_complete solver=filo2 stage=post_ls ls=pyvrp iter=12
2026-03-15 21:42:57 | INFO     | Route #76: 180 1827 2285 1501 1125 1831 2741 1339 1623 1890 869 1527 2191 116 1654 384 1098 2737 2771 50 2428 2739 1980 1042 1786 992 1647 1943 631 634 748 176 1750 1993 2005 156 2641 2643 1728 517 1673 629 2762 1064 1012 509 2373 808 1104 1524 640 1034 660 345 725 951 1868 128 2580 1734 72 779 1491 190 382 152 1464 || mode=rb method=sk_ac_complete solver=filo2 stage=post_ls ls=pyvrp iter=12
2026-03-15 21:42:57 | INFO     | Route #77: 1058 1078 99 1700 797 1138 2337 230 2022 846 2401 387 547 1568 2057 693 2875 730 496 635 986 1799 || mode=rb method=sk_kmeans solver=filo1 stage=post_ls ls=pyvrp iter=13
2026-03-15 21:42:57 | INFO     | Route #78: 2493 1579 1334 2388 636 88 1781 2884 2497 1025 1217 343 609 1066 2071 81 1179 1898 1525 1551 463 1720 1197 || mode=rb method=sk_kmeans solver=filo1 stage=post_ls ls=pyvrp iter=13
2026-03-15 21:42:57 | INFO     | Route #79: 728 119 2139 2162 487 2446 2441 522 719 1553 574 262 2204 295 1913 1243 2284 987 2402 1274 2615 1513 472 1693 896 2537 2339 2287 434 2591 2315 2082 2386 2466 1314 2738 2634 2691 2545 1250 2410 2549 2329 2360 2374 2869 2324 1846 650 2163 2448 2255 1919 2178 860 || mode=scp method=gurobi_mip solver=None stage=scp_post_ls ls=N/A iter=15
2026-03-15 21:42:57 | INFO     | Route #80: 1988 2061 1141 1488 1749 686 617 1564 1346 2286 1419 691 1616 2283 1989 2813 2465 2186 2781 98 542 || mode=rb method=sk_kmeans solver=filo1 stage=post_ls ls=pyvrp iter=13
2026-03-15 21:42:57 | INFO     | Route #81: 953 2614 1437 2059 1402 1446 2250 1982 1278 2648 1850 2504 1120 177 1153 441 674 964 1010 2352 159 111 || mode=rb method=sk_kmeans solver=filo1 stage=post_ls ls=pyvrp iter=13
2026-03-15 21:42:57 | INFO     | Route #82: 895 2379 796 1759 2038 872 2143 961 58 2576 2874 699 476 374 1271 2680 2390 231 1364 1500 2778 333 611 2848 1780 2867 1165 1282 924 744 2898 2558 287 1109 2698 115 1588 2353 2611 2173 2796 2715 326 || mode=rb method=sk_kmeans solver=filo1 stage=post_ls ls=pyvrp iter=13
2026-03-15 21:42:57 | INFO     | Route #83: 1316 2841 2369 598 2740 1317 1444 150 2802 270 2006 1232 2242 1417 2201 297 2799 1791 1313 2380 221 1721 2627 2701 252 2239 1184 1516 2194 1597 478 746 2710 || mode=rb method=sk_kmeans solver=filo1 stage=post_ls ls=pyvrp iter=13
2026-03-15 21:42:57 | INFO     | Route #84: 576 2801 425 689 1126 2529 2419 2619 632 2574 460 2893 2357 82 972 2514 1248 251 1662 665 2905 1144 118 2040 2910 378 2556 1151 || mode=rb method=sk_kmeans solver=filo1 stage=post_ls ls=pyvrp iter=13
2026-03-15 21:42:57 | INFO     | Route #85: 1743 2150 1826 284 2630 2861 533 2055 776 1379 702 1118 2070 2597 1168 2814 1575 204 1283 1478 1931 || mode=rb method=sk_kmeans solver=filo1 stage=post_ls ls=pyvrp iter=13
2026-03-15 21:42:57 | INFO     | Route #86: 1328 894 135 1077 658 1227 2480 1541 735 2240 766 2264 1310 739 1140 491 1571 1208 228 175 2088 619 || mode=rb method=sk_kmeans solver=filo1 stage=post_ls ls=pyvrp iter=13
2026-03-15 21:42:57 | INFO     | Route #87: 2625 2689 2887 1116 812 1046 1137 80 1476 380 912 2628 1936 389 1237 1466 1489 905 1093 2296 2744 2761 849 || mode=rb method=sk_kmeans solver=filo1 stage=post_ls ls=pyvrp iter=13
2026-03-15 21:42:57 | INFO     | Route #88: 1117 914 1251 1670 1828 2348 571 2193 2101 1903 2539 975 758 2235 2378 179 1183 1729 1420 2510 1690 2655 224 || mode=rb method=sk_kmeans solver=filo1 stage=post_ls ls=pyvrp iter=13
2026-03-15 21:42:57 | INFO     | Route #89: 2067 1340 788 1325 1157 963 1148 2202 909 1119 381 1468 501 2114 2460 2660 1336 1451 801 2807 1506 1807 || mode=rb method=sk_kmeans solver=filo1 stage=post_ls ls=pyvrp iter=13
2026-03-15 21:42:57 | INFO     | Route #90: 2751 2444 1407 1220 1479 1806 2484 2344 861 1292 1642 2086 2275 2829 403 2116 1938 655 2878 2735 1216 1196 1222 1341 1482 2100 1301 2534 1974 307 1181 816 1145 2029 676 2437 2712 240 1338 2409 67 86 32 1725 610 1591 1703 2104 2624 2439 2157 669 12 783 2538 95 661 433 || mode=rb method=sk_kmeans solver=filo1 stage=post_ls ls=pyvrp iter=13
2026-03-15 21:42:57 | INFO     | Route #91: 498 1121 2682 453 2707 2509 236 1483 1363 2622 2753 2142 56 2121 2873 2130 1279 1458 855 742 2141 1032 1284 419 1018 1331 1839 || mode=rb method=sk_kmeans solver=filo1 stage=post_ls ls=pyvrp iter=13
2026-03-15 21:42:57 | INFO     | Route #92: 1849 1565 447 1105 771 1258 2359 2858 142 588 679 814 2521 2718 890 2548 480 768 1288 94 1204 || mode=rb method=sk_kmeans solver=filo1 stage=post_ls ls=pyvrp iter=13
2026-03-15 21:42:57 | INFO     | Route #93: 541 2325 2003 856 1300 1805 981 2859 973 2821 1641 2474 2461 405 570 1455 1081 363 2810 337 943 || mode=rb method=sk_kmeans solver=filo1 stage=post_ls ls=pyvrp iter=13
2026-03-15 21:42:57 | INFO     | Route #94: 2034 9 2020 778 26 470 60 2392 1685 1053 1176 1124 2424 125 521 2313 2354 2889 430 925 296 1887 || mode=rb method=sk_kmeans solver=filo1 stage=post_ls ls=pyvrp iter=13
2026-03-15 21:42:57 | INFO     | Route #95: 1285 1836 196 1397 164 2406 2340 762 1190 2733 1783 552 2492 396 2824 1169 178 853 815 989 913 1526 || mode=rb method=sk_kmeans solver=filo1 stage=post_ls ls=pyvrp iter=13
2026-03-15 21:42:57 | INFO     | 
2026-03-15 21:42:57 | INFO     | [BEST SOLUTION ROUTE SUMMARY]
2026-03-15 21:42:57 | INFO     | --------------------------------------------------------------------------------
2026-03-15 21:42:57 | INFO     |   41 routes | RB    | sk_kmeans       | solver=filo1      | stage=post_ls | ls=pyvrp
2026-03-15 21:42:57 | INFO     |   39 routes | VB    | sk_kmeans       | solver=filo2      | stage=post_ls | ls=pyvrp
2026-03-15 21:42:57 | INFO     |    9 routes | RB    | sk_ac_complete  | solver=filo2      | stage=post_ls | ls=pyvrp
2026-03-15 21:42:57 | INFO     |    2 routes | SCP   | gurobi_mip      | solver=UNKNOWN    | stage=scp_post_ls | ls=N/A
2026-03-15 21:42:57 | INFO     |    2 routes | VB    | fcm             | solver=filo1      | stage=post_ls | ls=pyvrp
2026-03-15 21:42:57 | INFO     |    1 routes | RB    | sk_ac_avg       | solver=filo1      | stage=post_ls | ls=pyvrp
2026-03-15 21:42:57 | INFO     |    1 routes | RB    | sk_kmeans       | solver=filo2      | stage=post_ls | ls=pyvrp
2026-03-15 21:42:57 | INFO     | 
2026-03-15 21:42:57 | INFO     | [ROUTE POOL SUMMARY]
2026-03-15 21:42:57 | INFO     |   287 routes | VB | fcm | solver=filo1 | stage=post_ls | ls=pyvrp
2026-03-15 21:42:57 | INFO     |   149 routes | RB | sk_kmeans | solver=filo2 | stage=post_ls | ls=pyvrp
2026-03-15 21:42:57 | INFO     |   145 routes | RB | sk_kmeans | solver=filo1 | stage=post_ls | ls=pyvrp
2026-03-15 21:42:57 | INFO     |    96 routes | VB | fcm | solver=pyvrp | stage=post_ls | ls=pyvrp
2026-03-15 21:42:57 | INFO     |    96 routes | VB | k_medoids_pyclustering | solver=filo1 | stage=post_ls | ls=pyvrp
2026-03-15 21:42:57 | INFO     |    96 routes | RB | sk_ac_complete | solver=pyvrp | stage=post_ls | ls=pyvrp
2026-03-15 21:42:57 | INFO     |    95 routes | VB | sk_kmeans | solver=filo2 | stage=post_ls | ls=pyvrp
2026-03-15 21:42:57 | INFO     |    94 routes | VB | sk_ac_avg | solver=filo2 | stage=post_ls | ls=pyvrp
2026-03-15 21:42:57 | INFO     |    87 routes | RB | sk_ac_avg | solver=filo2 | stage=post_ls | ls=pyvrp
2026-03-15 21:42:57 | INFO     |    87 routes | RB | sk_ac_avg | solver=pyvrp | stage=post_ls | ls=pyvrp
2026-03-15 21:42:57 | INFO     |    86 routes | RB | sk_ac_complete | solver=filo1 | stage=post_ls | ls=pyvrp
2026-03-15 21:42:57 | INFO     |    85 routes | RB | sk_ac_min | solver=filo2 | stage=post_ls | ls=pyvrp
2026-03-15 21:42:57 | INFO     |    80 routes | RB | sk_ac_avg | solver=filo1 | stage=post_ls | ls=pyvrp
2026-03-15 21:42:57 | INFO     |    76 routes | RB | sk_ac_complete | solver=filo2 | stage=post_ls | ls=pyvrp
2026-03-15 21:42:57 | INFO     |     2 routes | SCP | gurobi_mip | solver=UNKNOWN | stage=scp_post_ls | ls=N/A
2026-03-15 21:42:57 | INFO     | [XL-n2914-k95 IMPROVED-SCP] best_cost=89420 | Gap: 0.5827%
2026-03-15 21:42:57 | INFO     | [XL-n2914-k95 ITERATION-TIMES 18] cluster=52.542s routing=5010.126s ls=93.648s scp=141.389s total=5297.741s
2026-03-15 21:42:57 | INFO     | [XL-n2914-k95 ITERATION 19] mode=VB method=sk_ac_avg k=10 solver=filo2 ls=pyvrp
2026-03-15 21:43:33 | INFO     | [XL-n2914-k95 CLUSTER] method=sk_ac_avg k=10 | sizes=[211, 186, 709, 135, 188, 641, 146, 122, 130, 445] | min=122 max=709 avg=291.3
2026-03-15 21:43:33 | INFO     | [XL-n2914-k95 ROUTING] Solving clusters with filo2
2026-03-15 22:26:14 | INFO     | [XL-n2914-k95 NO-IMPROVEMENT] best_cost=89420 | streak=1 | Gap: 0.5827%
2026-03-15 22:26:14 | INFO     | [XL-n2914-k95 ITERATION-TIMES 19] cluster=35.932s routing=2353.995s ls=207.321s total=2597.286s
2026-03-15 22:26:14 | WARNING  | [XL-n2914-k95 STOP] time limit reached
2026-03-15 22:26:14 | INFO     | [XL-n2914-k95 FINAL SCP] solver=gurobi_mip | route_pool=1654
2026-03-15 22:26:54 | INFO     | [XL-n2914-k95 SCP] optimal solution found
2026-03-15 22:29:14 | INFO     | 
2026-03-15 22:29:14 | INFO     | ================================================================================
2026-03-15 22:29:14 | INFO     | [XL-n2914-k95] FINAL BEST ROUTES WITH TAGS
2026-03-15 22:29:14 | INFO     | ================================================================================
2026-03-15 22:29:14 | INFO     | Route #1: 1787 2033 69 754 371 1699 1241 1075 1611 1708 49 569 2561 2835 1619 592 712 795 2772 2221 941 1918 || mode=VB method=sk_kmeans solver=filo2 stage=post_ls ls=pyvrp iter=1
2026-03-15 22:29:14 | INFO     | Route #2: 969 544 33 1030 1452 2598 836 2232 102 1422 2770 100 983 2253 426 375 733 1130 186 645 966 2398 267 || mode=VB method=sk_kmeans solver=filo2 stage=post_ls ls=pyvrp iter=1
2026-03-15 22:29:14 | INFO     | Route #3: 2845 1059 1650 2543 2842 2295 1632 20 1496 59 770 341 2241 390 680 455 2080 1615 2137 2847 2220 577 1658 || mode=VB method=sk_kmeans solver=filo2 stage=post_ls ls=pyvrp iter=1
2026-03-15 22:29:14 | INFO     | Route #4: 114 2494 908 850 1656 1758 1089 2205 540 16 1967 432 2607 1096 1461 2280 605 1354 1949 1697 1862 993 || mode=VB method=sk_kmeans solver=filo2 stage=post_ls ls=pyvrp iter=1
2026-03-15 22:29:14 | INFO     | Route #5: 1607 1598 428 485 508 51 618 1442 253 477 1180 293 1321 2277 967 2882 1177 183 2760 706 484 2361 || mode=VB method=sk_kmeans solver=filo2 stage=post_ls ls=pyvrp iter=1
2026-03-15 22:29:14 | INFO     | Route #6: 1651 2850 2481 2830 2046 791 404 2894 2397 2107 2387 2610 2415 1388 151 2657 621 349 2225 2126 824 || mode=VB method=sk_kmeans solver=filo2 stage=post_ls ls=pyvrp iter=1
2026-03-15 22:29:14 | INFO     | Route #7: 2146 1167 2115 1655 2629 858 1263 107 223 1441 334 1008 245 31 1256 1978 2774 2336 1712 2243 729 2358 1166 || mode=VB method=sk_kmeans solver=filo2 stage=post_ls ls=pyvrp iter=1
2026-03-15 22:29:14 | INFO     | Route #8: 2528 919 842 239 2422 2400 2600 1925 1430 1646 2175 1639 1390 2251 2818 1299 772 90 2645 424 835 || mode=VB method=sk_kmeans solver=filo2 stage=post_ls ls=pyvrp iter=1
2026-03-15 22:29:14 | INFO     | Route #9: 2604 2502 324 2646 78 2520 143 2479 1343 1439 1753 1834 1228 938 1323 2326 2019 302 705 1722 752 248 2156 || mode=VB method=sk_kmeans solver=filo2 stage=post_ls ls=pyvrp iter=1
2026-03-15 22:29:14 | INFO     | Route #10: 122 66 743 780 889 83 189 401 158 1362 2090 1309 2229 416 903 2536 2860 1296 1966 1971 170 2318 || mode=VB method=sk_kmeans solver=filo2 stage=post_ls ls=pyvrp iter=1
2026-03-15 22:29:14 | INFO     | Route #11: 211 1969 1132 330 1303 473 2704 1359 2199 2458 1675 1173 1083 2030 399 1775 2039 600 2459 536 157 1003 || mode=VB method=sk_kmeans solver=filo2 stage=post_ls ls=pyvrp iter=1
2026-03-15 22:29:14 | INFO     | Route #12: 1889 1054 494 1667 1315 1922 670 1357 1624 105 2031 1019 1894 1609 823 1474 488 261 2092 2642 1159 2106 2001 144 || mode=VB method=sk_kmeans solver=filo2 stage=post_ls ls=pyvrp iter=1
2026-03-15 22:29:14 | INFO     | Route #13: 2907 1519 1692 2560 1963 2581 2776 1666 2370 681 25 439 318 1094 145 1213 2122 562 2683 2901 1669 988 || mode=VB method=sk_kmeans solver=filo2 stage=post_ls ls=pyvrp iter=1
2026-03-15 22:29:14 | INFO     | Route #14: 1244 1223 2826 2686 452 1614 723 1051 1146 1062 104 716 773 301 1680 1776 792 155 2236 2066 1536 847 984 || mode=VB method=sk_kmeans solver=filo2 stage=post_ls ls=pyvrp iter=1
2026-03-15 22:29:14 | INFO     | Route #15: 2074 1505 515 2403 2338 1139 1824 1492 238 1368 2214 247 202 2364 2211 2026 130 535 1713 1825 || mode=VB method=sk_kmeans solver=filo2 stage=post_ls ls=pyvrp iter=1
2026-03-15 22:29:14 | INFO     | Route #16: 1538 844 7 1986 112 1937 2097 1201 2820 593 2158 8 2486 1460 2603 1707 606 2037 1123 1972 1765 2535 2290 2245 || mode=VB method=sk_kmeans solver=filo2 stage=post_ls ls=pyvrp iter=1
2026-03-15 22:29:14 | INFO     | Route #17: 673 1040 1681 1547 1629 656 1352 2165 2258 1475 161 2385 516 1562 2503 1031 1163 1800 959 1559 1445 249 2748 1369 1844 1726 875 1510 862 || mode=VB method=sk_kmeans solver=filo2 stage=post_ls ls=pyvrp iter=1
2026-03-15 22:29:14 | INFO     | Route #18: 1456 761 316 750 386 2172 2519 108 2289 777 2470 2455 709 942 2414 2872 1554 1202 1796 446 2731 2570 662 || mode=VB method=sk_kmeans solver=filo2 stage=post_ls ls=pyvrp iter=1
2026-03-15 22:29:14 | INFO     | Route #19: 2051 1613 1154 1347 2491 2224 1756 2000 936 1398 879 518 2350 2714 2670 2288 1617 998 1897 2658 1135 2852 1902 266 1968 173 278 450 838 1864 2131 408 511 829 2234 2442 1017 1295 300 1470 259 648 413 1934 48 2883 172 803 2601 2322 244 456 2154 442 1246 2684 1740 2267 1207 1416 1586 2892 2457 524 1186 5 417 2135 1421 2260 2913 2453 2247 620 || mode=VB method=sk_kmeans solver=filo2 stage=post_ls ls=pyvrp iter=1
2026-03-15 22:29:14 | INFO     | Route #20: 1307 1847 876 1002 1345 458 1172 2832 1954 166 1533 2765 1259 1406 28 2808 2490 2309 1671 1994 1812 931 1621 2169 13 43 2093 958 1877 2792 445 1618 2862 1200 994 2855 2685 1649 126 545 2346 1731 2190 881 997 2096 457 834 2180 331 633 282 2330 918 2475 1092 1404 885 1539 555 531 24 466 2043 64 1711 || mode=VB method=sk_kmeans solver=filo2 stage=post_ls ls=pyvrp iter=1
2026-03-15 22:29:14 | INFO     | Route #21: 520 1590 1162 1851 507 2544 310 2124 971 2513 1254 46 2522 1272 1469 2171 1211 2777 690 934 || mode=VB method=sk_kmeans solver=filo2 stage=post_ls ls=pyvrp iter=1
2026-03-15 22:29:14 | INFO     | Route #22: 1823 2231 410 727 481 154 2595 2787 465 191 1970 85 1705 2365 1592 2540 2899 2782 1853 1872 874 1067 || mode=VB method=sk_kmeans solver=filo2 stage=post_ls ls=pyvrp iter=1
2026-03-15 22:29:14 | INFO     | Route #23: 1770 1360 1435 2569 2653 1715 2551 1260 2426 2168 2626 2399 2343 1689 2506 366 2530 423 1044 1415 290 || mode=VB method=sk_kmeans solver=filo2 stage=post_ls ls=pyvrp iter=1
2026-03-15 22:29:14 | INFO     | Route #24: 1267 558 1291 2244 1542 2152 1372 891 759 822 2375 2679 1333 1507 2316 1990 2024 1738 393 219 659 2291 2149 279 181 209 2694 353 412 2693 2463 1087 1984 2590 2717 1280 2383 || mode=VB method=sk_kmeans solver=filo2 stage=post_ls ls=pyvrp iter=1
2026-03-15 22:29:14 | INFO     | Route #25: 1171 666 2429 1156 250 837 348 2431 1001 625 2274 1275 608 1052 1449 599 1914 2266 784 2182 1198 167 379 821 431 2804 1915 367 257 1231 1443 1418 2631 2779 1674 338 1128 260 917 2876 1038 471 1952 2833 1382 1739 2708 1660 226 2430 15 525 2766 233 944 2563 1904 277 939 513 1819 52 || mode=VB method=sk_kmeans solver=filo2 stage=post_ls ls=pyvrp iter=1
2026-03-15 22:29:14 | INFO     | Route #26: 2750 2187 1090 459 2396 1 71 579 1941 2102 2412 132 566 2785 1408 1702 906 258 372 497 1342 1074 1022 2800 1522 2690 2586 1928 2623 1410 1951 1688 2368 1253 2394 6 638 2060 1935 323 1255 2839 2495 1567 2308 1709 2904 2377 1242 171 194 505 1013 1530 1327 2511 1926 490 2743 955 2382 1047 1745 995 || mode=VB method=sk_kmeans solver=filo2 stage=post_ls ls=pyvrp iter=1
2026-03-15 22:29:14 | INFO     | Route #27: 397 1991 342 1463 1892 641 385 581 1405 2736 1193 1497 2767 1652 1319 1192 2420 1329 2227 684 1485 1453 || mode=VB method=sk_kmeans solver=filo2 stage=post_ls ls=pyvrp iter=1
2026-03-15 22:29:14 | INFO     | Route #28: 1595 1102 2754 2501 711 1976 2207 2608 1026 1450 216 2167 1992 573 70 2056 2228 2809 2395 1113 696 1225 1687 188 2404 1221 2895 1401 2516 2079 2633 2562 1147 1762 1084 1622 1644 603 1698 787 893 2464 2230 || mode=VB method=sk_kmeans solver=filo2 stage=post_ls ls=pyvrp iter=1
2026-03-15 22:29:14 | INFO     | Route #29: 312 2890 36 2473 616 2456 1234 87 57 185 440 956 2488 1048 582 1358 1932 2048 1840 482 1645 1573 2906 92 2145 1881 590 1005 68 138 2487 2552 147 2136 624 1375 2662 2659 1587 2612 1174 563 420 289 1337 1803 77 2393 2127 1816 2434 2769 1927 1605 2123 2098 280 1495 2838 695 464 319 1891 2362 1801 2417 1964 649 647 2857 || mode=VB method=sk_kmeans solver=filo2 stage=post_ls ls=pyvrp iter=1
2026-03-15 22:29:14 | INFO     | Route #30: 1480 2864 1578 1871 2485 1746 1247 1767 2307 2333 1833 2812 1867 2702 139 1424 877 945 2647 970 2716 810 || mode=VB method=sk_kmeans solver=filo2 stage=post_ls ls=pyvrp iter=1
2026-03-15 22:29:14 | INFO     | Route #31: 785 2312 2049 1514 321 1863 532 2009 825 317 225 1626 1293 123 1164 2176 769 910 506 663 1561 || mode=VB method=sk_kmeans solver=filo2 stage=post_ls ls=pyvrp iter=1
2026-03-15 22:29:14 | INFO     | Route #32: 2407 671 2015 977 1755 1960 406 2198 2125 1596 2050 1521 2027 1076 1050 1920 1318 1659 1930 587 591 1558 298 1948 1391 2195 627 2609 1011 2174 314 1679 595 2233 946 2871 2011 2699 2028 402 923 2719 2676 354 325 1006 2547 2711 1798 2440 2450 1111 443 308 550 1543 537 557 1131 2323 935 575 1396 630 2822 2724 264 1365 1544 962 2140 168 1055 1428 332 || mode=VB method=sk_kmeans solver=filo2 stage=post_ls ls=pyvrp iter=1
2026-03-15 22:29:14 | INFO     | Route #33: 2668 1378 1782 2159 1873 1209 1249 2068 1552 2828 1661 1683 358 1099 242 2212 1432 601 1744 283 2311 1695 1512 || mode=VB method=sk_kmeans solver=filo2 stage=post_ls ls=pyvrp iter=1
2026-03-15 22:29:14 | INFO     | Route #34: 840 1608 724 865 373 930 982 79 1985 567 915 1245 2252 2618 2756 1281 2742 1395 687 2183 2179 1332 || mode=VB method=sk_kmeans solver=filo2 stage=post_ls ls=pyvrp iter=1
2026-03-15 22:29:14 | INFO     | Route #35: 1312 2226 1768 2746 811 222 1859 1072 369 1860 2391 2525 2897 985 549 2109 467 461 254 1370 394 2389 1563 91 1589 2054 820 1912 286 1757 2367 2863 391 2443 580 65 1875 2879 664 217 833 2018 2797 668 2269 1566 1899 34 880 968 272 2013 900 53 1668 2803 2144 675 || mode=VB method=sk_kmeans solver=filo2 stage=post_ls ls=pyvrp iter=1
2026-03-15 22:29:14 | INFO     | Route #36: 1820 414 902 888 2703 1876 427 717 2482 2120 454 852 1635 438 84 863 1386 2541 2081 2605 1727 1436 1921 646 543 285 1569 2584 927 2621 281 1004 1832 2467 1835 2469 1465 937 2666 2342 22 1884 1911 920 1518 344 1910 2908 197 435 2262 2298 1795 1389 268 1107 109 || mode=VB method=sk_kmeans solver=filo2 stage=post_ls ls=pyvrp iter=1
2026-03-15 22:29:14 | INFO     | Route #37: 1043 2671 2811 383 392 146 141 2200 41 2500 2853 2134 137 2451 2654 75 1212 1560 1627 589 2332 1068 1657 2695 207 1069 303 2755 407 949 583 187 2728 62 2184 718 1238 451 || mode=VB method=sk_kmeans solver=filo2 stage=post_ls ls=pyvrp iter=1
2026-03-15 22:29:14 | INFO     | Route #38: 2911 2210 2700 1809 1330 701 2553 360 809 2328 1535 1434 398 1133 2483 654 2053 2793 2335 1908 2819 1143 2846 368 103 269 1348 2069 2775 2705 1036 1344 2272 2806 208 271 2587 745 129 1033 1797 1794 2007 489 1490 2151 2734 2297 1523 2445 2045 2579 357 683 2823 2223 2073 1371 2189 866 2721 2817 1219 1704 || mode=VB method=sk_kmeans solver=filo2 stage=post_ls ls=pyvrp iter=1
2026-03-15 22:29:14 | INFO     | Route #39: 1413 637 830 2849 1175 1583 2880 1306 897 121 904 2192 2729 1426 898 841 1804 2432 2594 2215 2438 1257 || mode=VB method=fcm solver=filo1 stage=post_ls ls=pyvrp iter=2
2026-03-15 22:29:14 | INFO     | Route #40: 462 1637 101 1194 2418 2499 677 1779 1581 991 996 1866 1981 2759 1557 499 2302 2532 2087 1273 1311 1000 232 || mode=VB method=fcm solver=filo1 stage=post_ls ls=pyvrp iter=4
2026-03-15 22:29:14 | INFO     | Route #41: 2035 2405 1086 2790 2865 1384 201 2877 819 2571 2299 265 2763 1304 2533 786 162 741 1601 44 2305 || mode=RB method=sk_kmeans solver=filo1 stage=post_ls ls=pyvrp iter=6
2026-03-15 22:29:14 | INFO     | Route #42: 1633 1277 2044 500 974 734 703 2644 1663 1706 539 2566 2674 1940 2477 2903 804 2815 947 2300 40 1955 736 || mode=RB method=sk_kmeans solver=filo1 stage=post_ls ls=pyvrp iter=6
2026-03-15 22:29:14 | INFO     | Route #43: 2602 565 2384 1599 2664 1085 873 1817 1814 2675 2209 1788 1830 1838 174 2681 839 764 2246 978 || mode=RB method=sk_kmeans solver=filo1 stage=post_ls ls=pyvrp iter=6
2026-03-15 22:29:14 | INFO     | Route #44: 1665 1264 1100 612 1423 2573 2652 1604 882 1079 1088 1631 1987 1677 18 790 979 1302 1594 1016 1349 || mode=RB method=sk_kmeans solver=filo1 stage=post_ls ls=pyvrp iter=6
2026-03-15 22:29:14 | INFO     | Route #45: 1956 1230 292 313 639 1736 2582 2585 1545 2004 2411 1239 1487 1380 1400 2148 2667 215 1473 2531 359 29 || mode=RB method=sk_kmeans solver=filo1 stage=post_ls ls=pyvrp iter=6
2026-03-15 22:29:14 | INFO     | Route #46: 1896 503 2105 309 2076 1287 799 1772 356 2709 1095 444 1063 857 437 1399 165 1037 644 2616 2052 2843 || mode=RB method=sk_kmeans solver=filo1 stage=post_ls ls=pyvrp iter=6
2026-03-15 22:29:14 | INFO     | Route #47: 93 602 1210 495 1718 2293 1206 765 2047 2673 492 227 1534 1411 556 1381 351 1367 607 2507 2527 1733 || mode=RB method=sk_kmeans solver=filo1 stage=post_ls ls=pyvrp iter=6
2026-03-15 22:29:14 | INFO     | Route #48: 206 1555 1852 2786 2219 2213 1945 1493 1028 1810 1262 1412 2317 926 14 2217 2523 2160 1789 1998 418 336 || mode=RB method=sk_kmeans solver=filo1 stage=post_ls ls=pyvrp iter=6
2026-03-15 22:29:14 | INFO     | Route #49: 1134 17 2062 1643 2276 1454 210 871 256 2638 1802 2596 692 2720 721 2757 1235 1603 30 957 2498 1297 || mode=RB method=sk_kmeans solver=filo1 stage=post_ls ls=pyvrp iter=6
2026-03-15 22:29:14 | INFO     | Route #50: 1060 651 1529 2505 1933 291 708 212 127 2745 1977 1308 2435 594 2677 2010 1880 2599 2912 922 2851 110 || mode=RB method=sk_kmeans solver=filo1 stage=post_ls ls=pyvrp iter=6
2026-03-15 22:29:14 | INFO     | Route #51: 1155 400 1929 884 715 2319 2356 2423 1593 1457 2692 818 2780 868 2816 1854 182 1829 2472 2565 203 || mode=RB method=sk_kmeans solver=filo1 stage=post_ls ls=pyvrp iter=6
2026-03-15 22:29:14 | INFO     | Route #52: 2021 2181 2118 1504 999 2764 698 376 73 561 1447 327 1719 1324 2222 2249 2805 867 678 346 806 2697 2363 1009 117 1766 1269 1672 42 1178 184 845 802 688 1610 2271 1189 409 584 1070 2292 1218 2170 1763 2032 || mode=RB method=sk_kmeans solver=filo1 stage=post_ls ls=pyvrp iter=6
2026-03-15 22:29:14 | INFO     | Route #53: 2279 2508 817 843 1957 1975 1895 2259 1790 2669 2036 97 483 1784 54 2017 2091 1600 2827 731 1265 864 1438 1785 2153 2518 493 2208 1305 1528 546 2327 1229 1112 1240 2427 2270 2058 1290 2476 1122 124 1097 883 2218 1049 747 2254 2468 2637 10 1020 1170 1494 2349 1811 2687 2041 2103 1882 1326 1682 || mode=RB method=sk_kmeans solver=filo1 stage=post_ls ls=pyvrp iter=6
2026-03-15 22:29:14 | INFO     | Route #54: 2164 2063 685 534 2583 1268 1735 11 2265 370 614 153 1007 255 1289 1577 1266 3 294 1710 1747 19 1065 2237 1387 1294 || mode=RB method=sk_kmeans solver=filo1 stage=post_ls ls=pyvrp iter=6
2026-03-15 22:29:14 | INFO     | Route #55: 2678 2155 2752 2723 604 1636 1409 243 653 214 1298 597 329 1103 1383 1696 2084 528 1845 870 1322 928 980 288 218 1101 1883 551 2663 || mode=RB method=sk_kmeans solver=filo1 stage=post_ls ls=pyvrp iter=6
2026-03-15 22:29:14 | INFO     | Route #56: 1917 1199 831 2111 1761 1606 697 1638 2478 1374 1947 911 1467 1777 2085 235 2632 311 1459 2791 2606 339 || mode=RB method=sk_kmeans solver=filo1 stage=post_ls ls=pyvrp iter=6
2026-03-15 22:29:14 | INFO     | Route #57: 2355 2188 2381 1905 1027 2089 950 1160 2376 364 2421 315 813 2454 2593 415 1236 2128 1996 2789 35 1203 2900 || mode=RB method=sk_kmeans solver=filo1 stage=post_ls ls=pyvrp iter=6
2026-03-15 22:29:14 | INFO     | Route #58: 2117 2334 347 241 1640 38 1195 1630 160 395 626 1498 932 954 2496 1080 2301 1628 1774 1716 2436 || mode=RB method=sk_kmeans solver=filo1 stage=post_ls ls=pyvrp iter=6
2026-03-15 22:29:14 | INFO     | Route #59: 1724 2197 1907 37 1082 2575 2095 2016 2138 2133 1350 2408 388 2749 1187 2613 504 2310 2517 1041 755 1152 || mode=RB method=sk_kmeans solver=filo1 stage=post_ls ls=pyvrp iter=6
2026-03-15 22:29:14 | INFO     | Route #60: 192 1751 1900 365 2588 2758 1517 1509 2640 1548 340 2185 568 1261 613 892 1108 263 350 486 1185 2366 757 || mode=RB method=sk_kmeans solver=filo1 stage=post_ls ls=pyvrp iter=6
2026-03-15 22:29:14 | INFO     | Route #61: 2617 195 851 1916 1848 2119 1585 707 1886 2564 2065 1511 229 1822 2268 2515 1015 2002 1818 1841 2555 || mode=RB method=sk_kmeans solver=filo1 stage=post_ls ls=pyvrp iter=6
2026-03-15 22:29:14 | INFO     | Route #62: 1953 2557 1752 1161 1549 39 1771 2798 1366 1351 667 1431 2542 1149 134 1923 781 704 749 794 1730 || mode=RB method=sk_kmeans solver=filo1 stage=post_ls ls=pyvrp iter=6
2026-03-15 22:29:14 | INFO     | Route #63: 530 1997 1393 1944 2452 1701 1114 148 1995 2836 55 2263 362 615 1602 23 2196 76 732 1694 916 1508 1142 || mode=RB method=sk_kmeans solver=filo1 stage=post_ls ls=pyvrp iter=6
2026-03-15 22:29:14 | INFO     | Route #64: 1462 559 1110 1215 2014 1023 479 886 2577 763 642 2854 1502 1029 1106 789 2075 2161 1353 899 113 1653 2868 1373 1182 45 2794 933 1959 2713 || mode=RB method=sk_ac_avg solver=filo1 stage=post_ls ls=pyvrp iter=10
2026-03-15 22:29:14 | INFO     | Route #65: 213 2568 2256 1939 2072 1686 682 1792 1035 1856 169 1233 1537 2331 1484 760 554 2885 47 1574 2554 1158 131 || mode=RB method=sk_kmeans solver=filo2 stage=post_ls ls=pyvrp iter=11
2026-03-15 22:29:14 | INFO     | Route #66: 246 304 1127 335 722 572 1576 1942 652 657 1429 585 199 2784 1394 714 2341 1879 1634 2546 2108 149 1440 622 1999 || mode=RB method=sk_ac_complete solver=filo2 stage=post_ls ls=pyvrp iter=12
2026-03-15 22:29:14 | INFO     | Route #67: 1858 1377 1433 1252 1865 2351 1958 1355 468 1150 136 1515 1962 1556 2216 502 2891 826 1014 2278 1550 2888 || mode=RB method=sk_ac_complete solver=filo2 stage=post_ls ls=pyvrp iter=12
2026-03-15 22:29:14 | INFO     | Route #68: 320 2306 1760 1224 474 1191 907 623 2635 2471 377 753 827 352 726 475 1091 807 2881 1532 96 || mode=RB method=sk_ac_complete solver=filo2 stage=post_ls ls=pyvrp iter=12
2026-03-15 22:29:14 | INFO     | Route #69: 2 2725 422 63 2347 960 756 2129 2636 2837 2248 710 2462 901 2650 2773 2281 976 694 1878 2261 2572 || mode=RB method=sk_ac_complete solver=filo2 stage=post_ls ls=pyvrp iter=12
2026-03-15 22:29:14 | INFO     | Route #70: 1612 2620 1678 2526 2788 1946 2083 1039 700 2416 299 305 548 2449 1546 198 1472 1540 2433 514 1376 273 1754 || mode=RB method=sk_ac_complete solver=filo2 stage=post_ls ls=pyvrp iter=12
2026-03-15 22:29:14 | INFO     | Route #71: 61 921 2314 1061 2795 1855 2730 2886 800 306 2064 854 1477 2345 2113 2866 564 2372 1335 1869 411 || mode=RB method=sk_ac_complete solver=filo2 stage=post_ls ls=pyvrp iter=12
2026-03-15 22:29:14 | INFO     | Route #72: 2132 2856 1499 2870 2902 1286 275 1392 2727 1582 2649 140 2094 1531 775 193 2099 1842 2489 1870 672 1808 1741 || mode=RB method=sk_ac_complete solver=filo2 stage=post_ls ls=pyvrp iter=12
2026-03-15 22:29:14 | INFO     | Route #73: 2425 2726 2840 1503 828 1071 737 643 2783 793 1427 2206 205 2559 2825 106 1276 2696 2567 1723 1773 2008 1625 1320 2656 1885 798 1620 1226 2747 713 1909 2592 21 436 560 1024 1676 940 1924 220 2651 2672 529 774 1570 274 322 740 878 2706 2166 2110 2524 628 361 2550 1057 2238 990 2447 767 1385 || mode=RB method=sk_ac_complete solver=filo2 stage=post_ls ls=pyvrp iter=12
2026-03-15 22:29:14 | INFO     | Route #74: 1058 1078 99 1700 797 1138 2337 230 2022 846 2401 387 547 1568 2057 693 2875 730 496 635 986 1799 || mode=RB method=sk_kmeans solver=filo1 stage=post_ls ls=pyvrp iter=13
2026-03-15 22:29:14 | INFO     | Route #75: 2493 1579 1334 2388 636 88 1781 2884 2497 1025 1217 343 609 1066 2071 81 1179 1898 1525 1551 463 1720 1197 || mode=RB method=sk_kmeans solver=filo1 stage=post_ls ls=pyvrp iter=13
2026-03-15 22:29:14 | INFO     | Route #76: 1988 2061 1141 1488 1749 686 617 1564 1346 2286 1419 691 1616 2283 1989 2813 2465 2186 2781 98 542 || mode=RB method=sk_kmeans solver=filo1 stage=post_ls ls=pyvrp iter=13
2026-03-15 22:29:14 | INFO     | Route #77: 953 2614 1437 2059 1402 1446 2250 1982 1278 2648 1850 2504 1120 177 1153 441 674 964 1010 2352 159 111 || mode=RB method=sk_kmeans solver=filo1 stage=post_ls ls=pyvrp iter=13
2026-03-15 22:29:14 | INFO     | Route #78: 895 2379 796 1759 2038 872 2143 961 58 2576 2874 699 476 374 1271 2680 2390 231 1364 1500 2778 333 611 2848 1780 2867 1165 1282 924 744 2898 2558 287 1109 2698 115 1588 2353 2611 2173 2796 2715 326 || mode=RB method=sk_kmeans solver=filo1 stage=post_ls ls=pyvrp iter=13
2026-03-15 22:29:14 | INFO     | Route #79: 1316 2841 2369 598 2740 1317 1444 150 2802 270 2006 1232 2242 1417 2201 297 2799 1791 1313 2380 221 1721 2627 2701 252 2239 1184 1516 2194 1597 478 746 2710 || mode=RB method=sk_kmeans solver=filo1 stage=post_ls ls=pyvrp iter=13
2026-03-15 22:29:14 | INFO     | Route #80: 576 2801 425 689 1126 2529 2419 2619 632 2574 460 2893 2357 82 972 2514 1248 251 1662 665 2905 1144 118 2040 2910 378 2556 1151 || mode=RB method=sk_kmeans solver=filo1 stage=post_ls ls=pyvrp iter=13
2026-03-15 22:29:14 | INFO     | Route #81: 1743 2150 1826 284 2630 2861 533 2055 776 1379 702 1118 2070 2597 1168 2814 1575 204 1283 1478 1931 || mode=RB method=sk_kmeans solver=filo1 stage=post_ls ls=pyvrp iter=13
2026-03-15 22:29:14 | INFO     | Route #82: 1328 894 135 1077 658 1227 2480 1541 735 2240 766 2264 1310 739 1140 491 1571 1208 228 175 2088 619 || mode=RB method=sk_kmeans solver=filo1 stage=post_ls ls=pyvrp iter=13
2026-03-15 22:29:14 | INFO     | Route #83: 2625 2689 2887 1116 812 1046 1137 80 1476 380 912 2628 1936 389 1237 1466 1489 905 1093 2296 2744 2761 849 || mode=RB method=sk_kmeans solver=filo1 stage=post_ls ls=pyvrp iter=13
2026-03-15 22:29:14 | INFO     | Route #84: 1117 914 1251 1670 1828 2348 571 2193 2101 1903 2539 975 758 2235 2378 179 1183 1729 1420 2510 1690 2655 224 || mode=RB method=sk_kmeans solver=filo1 stage=post_ls ls=pyvrp iter=13
2026-03-15 22:29:14 | INFO     | Route #85: 2067 1340 788 1325 1157 963 1148 2202 909 1119 381 1468 501 2114 2460 2660 1336 1451 801 2807 1506 1807 || mode=RB method=sk_kmeans solver=filo1 stage=post_ls ls=pyvrp iter=13
2026-03-15 22:29:14 | INFO     | Route #86: 2751 2444 1407 1220 1479 1806 2484 2344 861 1292 1642 2086 2275 2829 403 2116 1938 655 2878 2735 1216 1196 1222 1341 1482 2100 1301 2534 1974 307 1181 816 1145 2029 676 2437 2712 240 1338 2409 67 86 32 1725 610 1591 1703 2104 2624 2439 2157 669 12 783 2538 95 661 433 || mode=RB method=sk_kmeans solver=filo1 stage=post_ls ls=pyvrp iter=13
2026-03-15 22:29:14 | INFO     | Route #87: 498 1121 2682 453 2707 2509 236 1483 1363 2622 2753 2142 56 2121 2873 2130 1279 1458 855 742 2141 1032 1284 419 1018 1331 1839 || mode=RB method=sk_kmeans solver=filo1 stage=post_ls ls=pyvrp iter=13
2026-03-15 22:29:14 | INFO     | Route #88: 1849 1565 447 1105 771 1258 2359 2858 142 588 679 814 2521 2718 890 2548 480 768 1288 94 1204 || mode=RB method=sk_kmeans solver=filo1 stage=post_ls ls=pyvrp iter=13
2026-03-15 22:29:14 | INFO     | Route #89: 541 2325 2003 856 1300 1805 981 2859 973 2821 1641 2474 2461 405 570 1455 1081 363 2810 337 943 || mode=RB method=sk_kmeans solver=filo1 stage=post_ls ls=pyvrp iter=13
2026-03-15 22:29:14 | INFO     | Route #90: 2034 9 2020 778 26 470 60 2392 1685 1053 1176 1124 2424 125 521 2313 2354 2889 430 925 296 1887 || mode=RB method=sk_kmeans solver=filo1 stage=post_ls ls=pyvrp iter=13
2026-03-15 22:29:14 | INFO     | Route #91: 1285 1836 196 1397 164 2406 2340 762 1190 2733 1783 552 2492 396 2824 1169 178 853 815 989 913 1526 || mode=RB method=sk_kmeans solver=filo1 stage=post_ls ls=pyvrp iter=13
2026-03-15 22:29:14 | INFO     | Route #92: 2722 1471 163 1737 510 1045 2665 1979 738 421 449 887 1769 1056 1778 133 2834 526 1813 2012 2413 27 2042 1129 355 469 1973 2909 1901 1403 2371 519 1714 2578 234 429 1906 1815 1580 1425 1520 1821 1664 1361 2321 1270 276 328 1717 1732 1684 1356 1115 2896 1448 1742 929 1837 2078 448 1021 805 1584 553 || mode=SCP method=gurobi_mip solver=UNKNOWN stage=scp_post_ls ls=N/A iter=15
2026-03-15 22:29:14 | INFO     | Route #93: 728 119 2139 2162 487 2446 2441 522 719 1553 574 262 2204 295 1913 1243 2284 987 2402 1274 2615 1513 472 1693 896 2537 2339 2287 434 2591 2315 2082 2386 2466 1314 2738 2634 2691 2545 1250 2410 2549 2329 2360 2374 2869 2324 1846 650 2163 2448 2255 1919 2178 860 || mode=SCP method=gurobi_mip solver=UNKNOWN stage=scp_post_ls ls=N/A iter=15
2026-03-15 22:29:14 | INFO     | Route #94: 1464 152 382 190 1491 779 72 1734 2580 1572 1888 237 2732 2304 1983 1073 89 2844 2320 1961 720 832 2688 965 1874 1793 2661 1481 2077 2294 1214 2831 2025 4 2147 2005 156 2641 2643 1728 517 1673 629 2762 1064 1012 509 2373 808 1104 1524 640 1034 660 345 725 951 1868 128 1414 538 2112 1188 || mode=RB method=sk_ac_complete solver=filo1 stage=post_ls ls=pyvrp iter=17
2026-03-15 22:29:14 | INFO     | Route #95: 120 1486 1861 1950 1843 512 1857 1648 859 2768 2273 74 2023 527 1748 2203 2177 1965 2303 782 200 2589 2282 586 1691 848 596 1764 1893 1136 751 952 2257 523 2639 2512 948 1205 578 1750 1993 176 748 634 631 1943 1647 992 1786 1042 1980 2739 2428 50 2771 2737 1098 384 1654 116 2191 1527 869 1890 1623 1339 2741 1831 1125 1501 2285 1827 180 || mode=RB method=sk_ac_complete solver=filo1 stage=post_ls ls=pyvrp iter=17
2026-03-15 22:29:14 | INFO     | 
2026-03-15 22:29:14 | INFO     | ================================================================================
2026-03-15 22:29:14 | INFO     | [XL-n2914-k95] SUMMARY — BEST SOLUTION ROUTE ORIGINS
2026-03-15 22:29:14 | INFO     | ================================================================================
2026-03-15 22:29:14 | INFO     |   41 routes | RB | sk_kmeans | solver=filo1 | stage=post_ls | ls=pyvrp
2026-03-15 22:29:14 | INFO     |   38 routes | VB | sk_kmeans | solver=filo2 | stage=post_ls | ls=pyvrp
2026-03-15 22:29:14 | INFO     |    8 routes | RB | sk_ac_complete | solver=filo2 | stage=post_ls | ls=pyvrp
2026-03-15 22:29:14 | INFO     |    2 routes | RB | sk_ac_complete | solver=filo1 | stage=post_ls | ls=pyvrp
2026-03-15 22:29:14 | INFO     |    2 routes | SCP | gurobi_mip | solver=UNKNOWN | stage=scp_post_ls | ls=N/A
2026-03-15 22:29:14 | INFO     |    2 routes | VB | fcm | solver=filo1 | stage=post_ls | ls=pyvrp
2026-03-15 22:29:14 | INFO     |    1 routes | RB | sk_ac_avg | solver=filo1 | stage=post_ls | ls=pyvrp
2026-03-15 22:29:14 | INFO     |    1 routes | RB | sk_kmeans | solver=filo2 | stage=post_ls | ls=pyvrp
2026-03-15 22:29:14 | INFO     | 
2026-03-15 22:29:14 | INFO     | ================================================================================
2026-03-15 22:29:14 | INFO     | [XL-n2914-k95] SUMMARY — ROUTE POOL COMPOSITION
2026-03-15 22:29:14 | INFO     | ================================================================================
2026-03-15 22:29:14 | INFO     |  287 routes | VB | fcm | solver=filo1 | stage=post_ls | ls=pyvrp
2026-03-15 22:29:14 | INFO     |  187 routes | VB | sk_ac_avg | solver=filo2 | stage=post_ls | ls=pyvrp
2026-03-15 22:29:14 | INFO     |  149 routes | RB | sk_kmeans | solver=filo2 | stage=post_ls | ls=pyvrp
2026-03-15 22:29:14 | INFO     |  145 routes | RB | sk_kmeans | solver=filo1 | stage=post_ls | ls=pyvrp
2026-03-15 22:29:14 | INFO     |   96 routes | RB | sk_ac_complete | solver=pyvrp | stage=post_ls | ls=pyvrp
2026-03-15 22:29:14 | INFO     |   96 routes | VB | fcm | solver=pyvrp | stage=post_ls | ls=pyvrp
2026-03-15 22:29:14 | INFO     |   96 routes | VB | k_medoids_pyclustering | solver=filo1 | stage=post_ls | ls=pyvrp
2026-03-15 22:29:14 | INFO     |   95 routes | VB | sk_kmeans | solver=filo2 | stage=post_ls | ls=pyvrp
2026-03-15 22:29:14 | INFO     |   87 routes | RB | sk_ac_avg | solver=filo2 | stage=post_ls | ls=pyvrp
2026-03-15 22:29:14 | INFO     |   87 routes | RB | sk_ac_avg | solver=pyvrp | stage=post_ls | ls=pyvrp
2026-03-15 22:29:14 | INFO     |   86 routes | RB | sk_ac_complete | solver=filo1 | stage=post_ls | ls=pyvrp
2026-03-15 22:29:14 | INFO     |   85 routes | RB | sk_ac_min | solver=filo2 | stage=post_ls | ls=pyvrp
2026-03-15 22:29:14 | INFO     |   80 routes | RB | sk_ac_avg | solver=filo1 | stage=post_ls | ls=pyvrp
2026-03-15 22:29:14 | INFO     |   76 routes | RB | sk_ac_complete | solver=filo2 | stage=post_ls | ls=pyvrp
2026-03-15 22:29:14 | INFO     |    2 routes | SCP | gurobi_mip | solver=UNKNOWN | stage=scp_post_ls | ls=N/A
2026-03-15 22:29:14 | INFO     | 
2026-03-15 22:29:14 | INFO     | ================================================================================
2026-03-15 22:29:14 | INFO     | [XL-n2914-k95] FULL ROUTE POOL DUMP
2026-03-15 22:29:14 | INFO     | ================================================================================
2026-03-15 22:29:14 | INFO     | [POOL #00001] 1550 585 199 1014 826 2891 502 2216 1556 1962 1515 136 1150 468 1355 1958 2351 1865 1252 1433 2 1377 || mode=VB method=sk_kmeans solver=filo2 stage=post_ls ls=pyvrp iter=1
2026-03-15 22:29:14 | INFO     | [POOL #00002] 2197 1907 37 1082 2575 2095 2016 2138 2133 1350 2408 192 388 2749 1187 2613 504 2310 2517 1716 2436 1152 || mode=VB method=sk_kmeans solver=filo2 stage=post_ls ls=pyvrp iter=1
2026-03-15 22:29:14 | INFO     | [POOL #00003] 1787 2033 69 754 371 1699 1241 1075 1611 1708 49 569 2561 2835 1619 592 712 795 2772 2221 941 1918 || mode=VB method=sk_kmeans solver=filo2 stage=post_ls ls=pyvrp iter=1
2026-03-15 22:29:14 | INFO     | [POOL #00004] 969 544 33 1030 1452 2598 836 2232 102 1422 2770 100 983 2253 426 375 733 1130 186 645 966 2398 267 || mode=VB method=sk_kmeans solver=filo2 stage=post_ls ls=pyvrp iter=1
2026-03-15 22:29:14 | INFO     | [POOL #00005] 978 2246 764 839 2681 174 1838 1830 2209 1788 1814 313 639 1736 1380 1400 2148 2667 215 292 1473 2531 || mode=VB method=sk_kmeans solver=filo2 stage=post_ls ls=pyvrp iter=1
2026-03-15 22:29:14 | INFO     | [POOL #00006] 2843 2052 336 2616 418 1998 1789 2786 2219 2213 1945 2217 2523 2160 1399 165 1037 644 1733 2527 309 503 || mode=VB method=sk_kmeans solver=filo2 stage=post_ls ls=pyvrp iter=1
2026-03-15 22:29:14 | INFO     | [POOL #00007] 2845 1059 1650 2543 2842 2295 1632 20 1496 59 770 341 2241 390 680 455 2080 1615 2137 2847 2220 577 1658 || mode=VB method=sk_kmeans solver=filo2 stage=post_ls ls=pyvrp iter=1
2026-03-15 22:29:14 | INFO     | [POOL #00008] 114 2494 908 850 1656 1758 1089 2205 540 16 1967 432 2607 1096 1461 2280 605 1354 1949 1697 1862 993 || mode=VB method=sk_kmeans solver=filo2 stage=post_ls ls=pyvrp iter=1
2026-03-15 22:29:14 | INFO     | [POOL #00009] 1607 1598 428 485 508 51 618 1442 253 477 1180 293 1321 2277 967 2882 1177 183 2760 706 484 2361 || mode=VB method=sk_kmeans solver=filo2 stage=post_ls ls=pyvrp iter=1
2026-03-15 22:29:14 | INFO     | [POOL #00010] 462 1194 2418 677 1779 1581 991 996 1423 612 2573 2652 1604 1088 1631 1866 1981 2759 1557 499 2302 2532 || mode=VB method=sk_kmeans solver=filo2 stage=post_ls ls=pyvrp iter=1
2026-03-15 22:29:14 | INFO     | [POOL #00011] 2664 1085 873 1817 2675 2582 2585 1545 2004 2411 1239 1487 1060 1534 227 492 2673 2047 765 2821 1287 || mode=VB method=sk_kmeans solver=filo2 stage=post_ls ls=pyvrp iter=1
2026-03-15 22:29:14 | INFO     | [POOL #00012] 1651 2850 2481 2830 2046 791 404 2894 2397 2107 2387 2610 2415 1388 151 2657 621 349 2225 2126 824 || mode=VB method=sk_kmeans solver=filo2 stage=post_ls ls=pyvrp iter=1
2026-03-15 22:29:14 | INFO     | [POOL #00013] 2146 1167 2115 1655 2629 858 1263 107 223 1441 334 1008 245 31 1256 1978 2774 2336 1712 2243 729 2358 1166 || mode=VB method=sk_kmeans solver=filo2 stage=post_ls ls=pyvrp iter=1
2026-03-15 22:29:14 | INFO     | [POOL #00014] 755 2117 2334 347 241 1640 38 1195 1630 160 395 626 1498 932 954 2496 1080 2301 1628 1774 1041 || mode=VB method=sk_kmeans solver=filo2 stage=post_ls ls=pyvrp iter=1
2026-03-15 22:29:14 | INFO     | [POOL #00015] 2528 919 842 239 2422 2400 2600 1925 1430 1646 2175 1639 1390 2251 2818 1299 772 90 2645 424 835 || mode=VB method=sk_kmeans solver=filo2 stage=post_ls ls=pyvrp iter=1
2026-03-15 22:29:14 | INFO     | [POOL #00016] 1839 246 304 1127 335 722 572 1576 1942 652 657 1429 2278 2784 1394 714 2341 1879 1634 2546 2108 149 1440 622 2888 1999 || mode=VB method=sk_kmeans solver=filo2 stage=post_ls ls=pyvrp iter=1
2026-03-15 22:29:14 | INFO     | [POOL #00017] 697 1638 1947 350 263 1108 892 613 1261 568 2185 340 1548 2640 1509 1517 2758 2588 365 1900 2478 1751 || mode=VB method=sk_kmeans solver=filo2 stage=post_ls ls=pyvrp iter=1
2026-03-15 22:29:14 | INFO     | [POOL #00018] 2620 2526 2788 1946 2083 1039 700 2416 299 305 548 2449 1546 198 1472 1540 2433 514 1376 273 2870 2856 2132 || mode=VB method=sk_kmeans solver=filo2 stage=post_ls ls=pyvrp iter=1
2026-03-15 22:29:14 | INFO     | [POOL #00019] 2425 2726 2840 1503 828 1071 737 643 2783 793 1427 2206 205 2559 2825 106 1276 2696 2567 1723 1773 2008 1625 1320 2656 1885 798 1620 1226 21 2747 713 1909 2592 517 1673 629 2762 1064 1012 509 2373 808 1104 1524 640 1034 660 345 725 951 1868 128 2580 1734 72 779 1491 190 382 152 1464 || mode=VB method=sk_kmeans solver=filo2 stage=post_ls ls=pyvrp iter=1
2026-03-15 22:29:14 | INFO     | [POOL #00020] 2604 2502 324 2646 78 2520 143 2479 1343 1439 1753 1834 1228 938 1323 2326 2019 302 705 1722 752 248 2156 || mode=VB method=sk_kmeans solver=filo2 stage=post_ls ls=pyvrp iter=1
2026-03-15 22:29:14 | INFO     | [POOL #00021] 1953 2557 1752 1161 1549 1532 39 1771 2798 1366 1351 667 1431 2542 1149 134 1923 781 749 794 1730 || mode=VB method=sk_kmeans solver=filo2 stage=post_ls ls=pyvrp iter=1
2026-03-15 22:29:14 | INFO     | [POOL #00022] 122 66 743 780 889 83 189 401 158 1362 2090 1309 2229 416 903 2536 2860 1296 1966 1971 170 2318 || mode=VB method=sk_kmeans solver=filo2 stage=post_ls ls=pyvrp iter=1
2026-03-15 22:29:14 | INFO     | [POOL #00023] 2067 2625 1799 986 635 496 693 2057 1568 547 387 2401 542 846 2022 230 2337 1138 797 1700 99 1078 1058 || mode=VB method=sk_kmeans solver=filo2 stage=post_ls ls=pyvrp iter=1
2026-03-15 22:29:14 | INFO     | [POOL #00024] 1743 1466 378 953 284 2614 801 2807 2628 912 380 1476 80 1137 1046 812 1807 788 1340 2887 2689 || mode=VB method=sk_kmeans solver=filo2 stage=post_ls ls=pyvrp iter=1
2026-03-15 22:29:14 | INFO     | [POOL #00025] 1896 2105 2076 799 1772 356 2709 2507 2293 1718 495 602 1210 2461 2474 1641 973 2859 981 1805 1300 856 || mode=VB method=sk_kmeans solver=filo2 stage=post_ls ls=pyvrp iter=1
2026-03-15 22:29:14 | INFO     | [POOL #00026] 2188 2617 2381 1905 2555 1027 2089 950 1160 2376 364 2421 315 813 2454 2593 415 1236 2128 1996 2789 35 || mode=VB method=sk_kmeans solver=filo2 stage=post_ls ls=pyvrp iter=1
2026-03-15 22:29:14 | INFO     | [POOL #00027] 204 1336 2660 1119 1437 1402 1446 2059 766 2250 1982 1278 2648 2193 2101 571 2348 1670 2510 1690 2655 98 || mode=VB method=sk_kmeans solver=filo2 stage=post_ls ls=pyvrp iter=1
2026-03-15 22:29:14 | INFO     | [POOL #00028] 2678 2155 884 715 1457 2692 597 329 1298 214 653 1103 1383 1696 2084 153 528 1845 870 688 1322 928 980 288 218 1101 1883 551 1387 1294 || mode=VB method=sk_kmeans solver=filo2 stage=post_ls ls=pyvrp iter=1
2026-03-15 22:29:14 | INFO     | [POOL #00029] 447 1105 771 1258 2359 2858 142 588 679 814 2521 2718 890 2548 480 768 1288 1565 1849 1204 1331 || mode=VB method=sk_kmeans solver=filo2 stage=post_ls ls=pyvrp iter=1
2026-03-15 22:29:14 | INFO     | [POOL #00030] 1677 1987 1079 882 2276 1643 2720 1802 692 2596 2010 1880 2599 2912 922 2851 1411 556 1381 351 607 1095 || mode=VB method=sk_kmeans solver=filo2 stage=post_ls ls=pyvrp iter=1
2026-03-15 22:29:14 | INFO     | [POOL #00031] 211 1969 1132 330 1303 473 2704 1359 2199 2458 1675 1173 1083 2030 399 1775 2039 600 2459 536 157 1003 || mode=VB method=sk_kmeans solver=filo2 stage=post_ls ls=pyvrp iter=1
2026-03-15 22:29:14 | INFO     | [POOL #00032] 1889 1054 494 1667 1315 1922 670 1357 1624 105 2031 1019 1894 1609 823 1474 488 261 2092 2642 1159 2106 2001 144 || mode=VB method=sk_kmeans solver=filo2 stage=post_ls ls=pyvrp iter=1
2026-03-15 22:29:14 | INFO     | [POOL #00033] 498 1121 2682 453 2707 2509 236 1483 1363 2622 2753 2142 56 2121 2873 2130 1279 1458 855 742 2141 1032 1284 943 1018 94 || mode=VB method=sk_kmeans solver=filo2 stage=post_ls ls=pyvrp iter=1
2026-03-15 22:29:14 | INFO     | [POOL #00034] 1116 224 2465 2813 1989 2283 1616 691 1419 2286 1346 1564 617 686 1749 1488 1141 2061 1988 2781 || mode=VB method=sk_kmeans solver=filo2 stage=post_ls ls=pyvrp iter=1
2026-03-15 22:29:14 | INFO     | [POOL #00035] 326 2715 2796 2744 1588 115 2698 287 2558 2898 2799 1791 744 611 2848 1780 2867 619 1165 1282 924 221 2380 1313 905 1109 2611 2173 1551 || mode=VB method=sk_kmeans solver=filo2 stage=post_ls ls=pyvrp iter=1
2026-03-15 22:29:14 | INFO     | [POOL #00036] 1506 1325 1157 1117 963 1148 914 1251 1828 909 2202 381 1468 501 2114 2460 2597 1168 2814 1575 1451 1936 || mode=VB method=sk_kmeans solver=filo2 stage=post_ls ls=pyvrp iter=1
2026-03-15 22:29:14 | INFO     | [POOL #00037] 2907 1519 1692 2560 1963 2581 2776 1666 2370 681 25 439 318 1094 145 1213 2122 562 2683 2901 1669 988 || mode=VB method=sk_kmeans solver=filo2 stage=post_ls ls=pyvrp iter=1
2026-03-15 22:29:14 | INFO     | [POOL #00038] 206 1413 637 830 2849 1175 1583 2880 1306 897 121 904 2192 1426 1804 2432 2594 2215 2438 1852 1555 1257 || mode=VB method=sk_kmeans solver=filo2 stage=post_ls ls=pyvrp iter=1
2026-03-15 22:29:14 | INFO     | [POOL #00039] 1244 1223 2826 2686 452 1614 723 1051 1146 1062 104 716 773 301 1680 1776 792 155 2236 2066 1536 847 984 || mode=VB method=sk_kmeans solver=filo2 stage=post_ls ls=pyvrp iter=1
2026-03-15 22:29:14 | INFO     | [POOL #00040] 2074 1505 515 2403 2338 1139 1824 1492 238 1368 2214 247 202 2364 2211 2026 130 535 1713 1825 || mode=VB method=sk_kmeans solver=filo2 stage=post_ls ls=pyvrp iter=1
2026-03-15 22:29:14 | INFO     | [POOL #00041] 1538 844 7 1986 112 1937 2097 1201 2820 593 2158 8 2486 1460 2603 1707 606 2037 1123 1972 1765 2535 2290 2245 || mode=VB method=sk_kmeans solver=filo2 stage=post_ls ls=pyvrp iter=1
2026-03-15 22:29:14 | INFO     | [POOL #00042] 673 1040 1681 1547 1629 656 1352 2165 2258 1475 161 2385 516 1562 2503 1031 1163 1800 959 1559 1445 249 2748 1369 1844 1726 875 1510 862 || mode=VB method=sk_kmeans solver=filo2 stage=post_ls ls=pyvrp iter=1
2026-03-15 22:29:14 | INFO     | [POOL #00043] 437 1016 1594 1302 979 790 18 1134 17 2062 1235 1603 30 957 2498 110 1367 1297 444 1063 857 || mode=VB method=sk_kmeans solver=filo2 stage=post_ls ls=pyvrp iter=1
2026-03-15 22:29:14 | INFO     | [POOL #00044] 1456 761 316 750 386 2172 2519 108 2289 777 2470 2455 709 942 2414 2872 1554 1202 1796 446 2731 2570 662 || mode=VB method=sk_kmeans solver=filo2 stage=post_ls ls=pyvrp iter=1
2026-03-15 22:29:14 | INFO     | [POOL #00045] 2565 2472 685 534 2583 1268 1735 11 2265 370 614 1007 255 1289 1577 1266 3 294 584 1070 1747 19 1065 2237 || mode=VB method=sk_kmeans solver=filo2 stage=post_ls ls=pyvrp iter=1
2026-03-15 22:29:14 | INFO     | [POOL #00046] 2051 1613 1154 1347 2491 2224 1756 2000 936 1398 879 518 2350 2714 2670 2288 1617 998 1897 2658 1135 2852 1902 266 1968 173 278 450 838 1864 2131 408 511 829 2234 2442 1017 1295 300 1470 259 648 413 1934 48 2883 172 803 2601 2322 244 456 2154 442 1246 2684 1740 2267 1207 1416 1586 2892 2457 524 1186 5 417 2135 1421 2260 2913 2453 2247 620 || mode=VB method=sk_kmeans solver=filo2 stage=post_ls ls=pyvrp iter=1
2026-03-15 22:29:14 | INFO     | [POOL #00047] 232 841 898 2729 1493 14 1349 926 2317 1412 1262 1810 1028 2087 1273 1311 1000 101 1637 2865 2790 1086 || mode=VB method=sk_kmeans solver=filo2 stage=post_ls ls=pyvrp iter=1
2026-03-15 22:29:14 | INFO     | [POOL #00048] 1307 1847 876 1002 1345 458 1172 2832 1954 166 1533 2765 1259 1406 28 2808 2490 2309 1671 1994 1812 931 1621 2169 13 43 2093 958 1877 2792 445 1618 2862 1200 994 2855 2685 1649 126 545 2346 1731 2190 881 997 2096 457 834 2180 331 633 282 2330 918 2475 1092 1404 885 1539 555 531 24 466 2043 64 1711 || mode=VB method=sk_kmeans solver=filo2 stage=post_ls ls=pyvrp iter=1
2026-03-15 22:29:14 | INFO     | [POOL #00049] 520 1590 1162 1851 507 2544 310 2124 971 2513 1254 46 2522 1272 1469 2171 1211 2777 690 934 || mode=VB method=sk_kmeans solver=filo2 stage=post_ls ls=pyvrp iter=1
2026-03-15 22:29:14 | INFO     | [POOL #00050] 2085 1841 1818 2002 1015 2515 2268 1822 229 1511 2065 2564 1886 707 1585 2119 486 1185 2366 1374 1606 757 || mode=VB method=sk_kmeans solver=filo2 stage=post_ls ls=pyvrp iter=1
2026-03-15 22:29:14 | INFO     | [POOL #00051] 1462 1110 1215 2014 1023 479 886 2577 763 642 2854 1502 1338 1029 1106 789 2075 2161 1353 899 113 1653 2868 1373 1182 45 2794 933 1959 559 || mode=VB method=sk_kmeans solver=filo2 stage=post_ls ls=pyvrp iter=1
2026-03-15 22:29:14 | INFO     | [POOL #00052] 2186 1420 1729 1183 179 2378 2235 975 758 1903 2539 1850 2504 1120 177 1153 441 674 964 1010 2352 159 111 || mode=VB method=sk_kmeans solver=filo2 stage=post_ls ls=pyvrp iter=1
2026-03-15 22:29:14 | INFO     | [POOL #00053] 2900 1203 2791 1459 311 2632 235 195 851 1916 1848 911 1467 1777 1761 2111 831 1199 1917 2606 339 2355 1724 || mode=VB method=sk_kmeans solver=filo2 stage=post_ls ls=pyvrp iter=1
2026-03-15 22:29:14 | INFO     | [POOL #00054] 1155 400 1929 2319 2356 2423 1593 2780 818 868 2816 1854 182 243 1409 1636 1829 604 2723 2752 2164 203 || mode=VB method=sk_kmeans solver=filo2 stage=post_ls ls=pyvrp iter=1
2026-03-15 22:29:14 | INFO     | [POOL #00055] 1526 913 989 2492 178 1169 396 2824 552 1783 2733 1190 762 2340 2406 164 1397 2424 1053 196 1836 1285 || mode=VB method=sk_kmeans solver=filo2 stage=post_ls ls=pyvrp iter=1
2026-03-15 22:29:14 | INFO     | [POOL #00056] 1823 2231 410 727 481 154 2595 2787 465 191 1970 85 1705 2365 1592 2540 2899 2782 1853 1872 874 1067 || mode=VB method=sk_kmeans solver=filo2 stage=post_ls ls=pyvrp iter=1
2026-03-15 22:29:14 | INFO     | [POOL #00057] 320 2306 1760 1224 474 1191 907 623 2635 2471 377 753 827 352 726 475 1091 807 2881 422 96 || mode=VB method=sk_kmeans solver=filo2 stage=post_ls ls=pyvrp iter=1
2026-03-15 22:29:14 | INFO     | [POOL #00058] 1770 1360 1435 2569 2653 1715 2551 1260 2426 2168 2626 2399 2343 1689 2506 366 2530 423 1044 1415 290 || mode=VB method=sk_kmeans solver=filo2 stage=post_ls ls=pyvrp iter=1
2026-03-15 22:29:14 | INFO     | [POOL #00059] 131 1158 1574 47 530 554 760 1484 2331 1537 1233 169 1508 1035 1792 682 1686 2072 1939 2256 2568 213 704 || mode=VB method=sk_kmeans solver=filo2 stage=post_ls ls=pyvrp iter=1
2026-03-15 22:29:14 | INFO     | [POOL #00060] 419 541 337 2810 29 1956 2602 565 1599 2384 1230 359 93 405 570 1455 1081 363 2003 2325 || mode=VB method=sk_kmeans solver=filo2 stage=post_ls ls=pyvrp iter=1
2026-03-15 22:29:14 | INFO     | [POOL #00061] 1267 558 1291 2244 1542 2152 1372 891 759 822 2375 2679 1333 1507 2316 1990 2024 1738 393 219 659 2291 2149 279 181 209 2694 353 412 2693 2463 1087 1984 2590 2717 1280 2383 || mode=VB method=sk_kmeans solver=filo2 stage=post_ls ls=pyvrp iter=1
2026-03-15 22:29:14 | INFO     | [POOL #00062] 1385 180 1827 2238 1057 1125 1501 1831 2741 878 740 1570 1098 384 1654 2737 2771 50 1482 1341 1222 1196 1301 2100 2428 2739 1980 1042 1786 992 1647 1943 631 634 748 176 1750 1993 2005 156 2641 2643 1728 436 560 1024 1676 940 1924 220 2651 2672 529 774 274 322 2706 2166 2110 2524 628 361 2550 990 2447 767 2751 || mode=VB method=sk_kmeans solver=filo2 stage=post_ls ls=pyvrp iter=1
2026-03-15 22:29:14 | INFO     | [POOL #00063] 1887 2281 921 61 430 2889 2354 2313 521 125 1124 1176 1685 2392 60 470 26 778 2020 9 2034 1142 || mode=VB method=sk_kmeans solver=filo2 stage=post_ls ls=pyvrp iter=1
2026-03-15 22:29:14 | INFO     | [POOL #00064] 2388 636 1931 1478 1283 389 1237 2150 1826 2556 1151 252 2239 1184 1516 2194 1597 478 2884 746 2710 || mode=VB method=sk_kmeans solver=filo2 stage=post_ls ls=pyvrp iter=1
2026-03-15 22:29:14 | INFO     | [POOL #00065] 1171 666 2429 1156 250 837 348 2431 1001 625 2274 1275 608 1052 1449 599 1914 2266 784 2182 1198 167 379 821 431 2804 1915 367 257 1231 1443 1418 2631 2779 1674 338 1128 260 917 2876 1038 471 1952 2833 1382 1739 2708 1660 226 2430 15 525 2766 233 944 2563 1904 277 939 513 1819 52 || mode=VB method=sk_kmeans solver=filo2 stage=post_ls ls=pyvrp iter=1
2026-03-15 22:29:14 | INFO     | [POOL #00066] 2750 2187 1090 459 2396 1 71 579 1941 2102 2412 132 566 2785 1408 1702 906 258 372 497 1342 1074 1022 2800 1522 2690 2586 1928 2623 1410 1951 1688 2368 1253 2394 6 638 2060 1935 323 1255 2839 2495 1567 2308 1709 2904 2377 1242 171 194 505 1013 1530 1327 2511 1926 490 2743 955 2382 1047 1745 995 || mode=VB method=sk_kmeans solver=filo2 stage=post_ls ls=pyvrp iter=1
2026-03-15 22:29:14 | INFO     | [POOL #00067] 2725 63 2347 960 756 2129 2636 2837 2248 710 2462 901 2773 2650 925 296 976 694 1878 2261 2572 1858 || mode=VB method=sk_kmeans solver=filo2 stage=post_ls ls=pyvrp iter=1
2026-03-15 22:29:14 | INFO     | [POOL #00068] 397 1991 342 1463 1892 641 385 581 1405 2736 1193 1497 2767 1652 1319 1192 2420 1329 2227 684 1485 1453 || mode=VB method=sk_kmeans solver=filo2 stage=post_ls ls=pyvrp iter=1
2026-03-15 22:29:14 | INFO     | [POOL #00069] 2722 1471 163 1737 510 1045 2665 1979 738 421 449 887 1769 1056 1778 133 2834 526 1813 2012 2413 27 2042 1129 355 469 1973 2909 1901 1403 2371 519 1714 2578 234 429 1906 1815 1580 1425 1520 1821 1664 1361 2321 1270 276 328 1717 1732 1684 1356 1115 2896 1448 1742 929 1837 2078 448 1919 1021 805 1584 860 || mode=VB method=sk_kmeans solver=filo2 stage=post_ls ls=pyvrp iter=1
2026-03-15 22:29:14 | INFO     | [POOL #00070] 2493 1579 1334 730 2875 88 1781 2497 1025 1217 1093 2296 343 609 1066 2071 81 1179 1898 1525 || mode=VB method=sk_kmeans solver=filo2 stage=post_ls ls=pyvrp iter=1
2026-03-15 22:29:14 | INFO     | [POOL #00071] 1595 1102 2754 2501 711 1976 2207 2608 1026 1450 216 2167 1992 573 70 2056 2228 2809 2395 1113 696 1225 1687 188 2404 1221 2895 1401 2516 2079 2633 2562 1147 1762 1084 1622 1644 603 1698 787 893 2464 2230 || mode=VB method=sk_kmeans solver=filo2 stage=post_ls ls=pyvrp iter=1
2026-03-15 22:29:14 | INFO     | [POOL #00072] 312 2890 36 2473 616 2456 1234 87 57 185 440 956 2488 1048 582 1358 1932 2048 1840 482 1645 1573 2906 92 2145 1881 590 1005 68 138 2487 2552 147 2136 624 1375 2662 2659 1587 2612 1174 563 420 289 1337 1803 77 2393 2127 1816 2434 2769 1927 1605 2123 2098 280 1495 2838 695 464 319 1891 2362 1801 2417 1964 649 647 2857 || mode=VB method=sk_kmeans solver=filo2 stage=post_ls ls=pyvrp iter=1
2026-03-15 22:29:14 | INFO     | [POOL #00073] 1480 2864 1578 1871 2485 1746 1247 1767 2307 2333 1833 2812 1867 2702 139 1424 877 945 2647 970 2716 810 || mode=VB method=sk_kmeans solver=filo2 stage=post_ls ls=pyvrp iter=1
2026-03-15 22:29:14 | INFO     | [POOL #00074] 785 2312 2049 1514 321 1863 532 2009 825 317 225 1626 1293 123 1164 2176 769 910 506 663 1561 || mode=VB method=sk_kmeans solver=filo2 stage=post_ls ls=pyvrp iter=1
2026-03-15 22:29:14 | INFO     | [POOL #00075] 2630 2861 533 2055 776 2070 1118 702 135 1379 894 251 1248 665 2905 1144 118 1721 2627 2701 || mode=VB method=sk_kmeans solver=filo2 stage=post_ls ls=pyvrp iter=1
2026-03-15 22:29:14 | INFO     | [POOL #00076] 2407 671 2015 977 1755 1960 406 2198 2125 1596 2050 1521 2027 1076 1050 1920 1318 1659 1930 587 591 1558 298 1948 1391 2195 627 2609 1011 2174 314 1679 595 2233 946 2871 2011 2699 2028 402 923 2719 2676 354 325 1006 2547 2711 1798 2440 2450 1111 443 308 550 1543 537 557 1131 2323 935 575 1396 630 2822 2724 264 1365 1544 962 2140 168 1055 1428 332 || mode=VB method=sk_kmeans solver=filo2 stage=post_ls ls=pyvrp iter=1
2026-03-15 22:29:14 | INFO     | [POOL #00077] 1754 1499 815 853 2902 1286 275 1392 2727 1582 2649 140 2094 1531 775 193 2099 1842 2489 1870 672 1678 2314 1061 || mode=VB method=sk_kmeans solver=filo2 stage=post_ls ls=pyvrp iter=1
2026-03-15 22:29:14 | INFO     | [POOL #00078] 2668 1378 1782 2159 1873 1209 1249 2068 1552 2828 1661 1683 358 1099 242 2212 1432 601 1744 283 2311 1695 1512 || mode=VB method=sk_kmeans solver=filo2 stage=post_ls ls=pyvrp iter=1
2026-03-15 22:29:14 | INFO     | [POOL #00079] 1682 1326 1882 2103 2041 2687 1811 2349 1494 1170 1020 10 2637 2468 2254 747 1049 2218 883 1097 2058 2270 2427 1240 1112 1229 2327 546 1528 1305 2208 493 2518 1438 1785 2153 1290 2476 1122 124 864 1265 731 2827 1600 2091 2017 54 1009 2363 2697 806 346 678 867 2805 2669 1790 2259 1895 1975 1957 843 || mode=VB method=sk_kmeans solver=filo2 stage=post_ls ls=pyvrp iter=1
2026-03-15 22:29:14 | INFO     | [POOL #00080] 840 1608 724 865 373 930 982 79 1985 567 915 1245 2252 2618 2756 1281 2742 1395 687 2183 2179 1332 || mode=VB method=sk_kmeans solver=filo2 stage=post_ls ls=pyvrp iter=1
2026-03-15 22:29:14 | INFO     | [POOL #00081] 2444 1407 1220 1479 1806 2285 2484 861 2344 1339 1623 1890 869 116 1938 2191 1527 1642 1292 2086 2275 2829 403 2116 655 2878 2735 1216 2534 1974 307 1181 816 1145 2029 676 2437 2712 240 2409 67 86 32 1725 610 1591 1703 2104 2624 2439 2157 669 12 783 2538 95 661 433 || mode=VB method=sk_kmeans solver=filo2 stage=post_ls ls=pyvrp iter=1
2026-03-15 22:29:14 | INFO     | [POOL #00082] 1197 1316 2841 2369 728 119 2139 2801 2162 487 425 689 2446 2441 58 2576 522 719 2874 699 476 1553 374 1271 2680 574 262 2204 295 1913 1243 2284 987 2402 1274 2615 1513 2591 2315 2082 2386 2466 1314 2738 2634 2691 2545 1250 2410 2549 2329 2360 2374 2869 2324 1846 650 2163 2448 961 2255 2143 872 2038 1759 2178 796 2379 553 895 || mode=VB method=sk_kmeans solver=filo2 stage=post_ls ls=pyvrp iter=1
2026-03-15 22:29:14 | INFO     | [POOL #00083] 2757 721 1454 210 871 256 2638 2677 594 2435 1308 1977 2745 127 212 708 291 1933 2505 1529 651 1206 || mode=VB method=sk_kmeans solver=filo2 stage=post_ls ls=pyvrp iter=1
2026-03-15 22:29:14 | INFO     | [POOL #00084] 1312 2226 1768 2746 811 222 1859 1072 369 1860 2391 2525 2897 985 549 2109 467 461 254 1370 394 2389 1563 91 1589 2054 820 1912 286 1757 2367 2863 391 2443 580 65 1875 2879 664 217 833 2018 2797 668 2269 1566 1899 34 880 968 272 2013 900 53 1668 2803 2144 675 || mode=VB method=sk_kmeans solver=filo2 stage=post_ls ls=pyvrp iter=1
2026-03-15 22:29:14 | INFO     | [POOL #00085] 1820 414 902 888 2703 1876 427 717 2482 2120 454 852 1635 438 84 863 1386 2541 2081 2605 1727 1436 1921 646 543 285 1569 2584 927 2621 281 1004 1832 2467 1835 2469 1465 937 2666 2342 22 1884 1911 920 1518 344 1910 2908 197 435 2262 2298 1795 1389 268 1107 109 || mode=VB method=sk_kmeans solver=filo2 stage=post_ls ls=pyvrp iter=1
2026-03-15 22:29:14 | INFO     | [POOL #00086] 1043 2671 2811 383 392 146 141 2200 41 2500 2853 2134 137 2451 2654 75 1212 1560 1627 589 2332 1068 1657 2695 207 1069 303 2755 407 949 583 187 2728 62 2184 718 1238 451 || mode=VB method=sk_kmeans solver=filo2 stage=post_ls ls=pyvrp iter=1
2026-03-15 22:29:14 | INFO     | [POOL #00087] 2554 2713 2885 1997 1393 1944 2452 1701 1114 148 1995 2836 55 2263 362 615 1602 23 2196 76 732 1694 916 1856 || mode=VB method=sk_kmeans solver=filo2 stage=post_ls ls=pyvrp iter=1
2026-03-15 22:29:14 | INFO     | [POOL #00088] 2032 1763 2170 1218 2292 2063 1710 409 1189 2271 1610 42 1178 1672 1269 1766 117 845 184 802 1784 483 97 2036 2249 2222 1324 1719 327 1447 561 73 376 698 817 2508 2663 2279 2764 999 1504 2118 2181 2021 || mode=VB method=sk_kmeans solver=filo2 stage=post_ls ls=pyvrp iter=1
2026-03-15 22:29:14 | INFO     | [POOL #00089] 1612 1741 1808 2795 1855 2730 2886 800 306 2064 854 1477 2345 2113 2866 564 2372 1335 1869 411 || mode=VB method=sk_kmeans solver=filo2 stage=post_ls ls=pyvrp iter=1
2026-03-15 22:29:14 | INFO     | [POOL #00090] 2911 2210 2700 1809 1330 701 2553 360 809 2328 1535 1434 398 1133 2483 654 2053 2793 2335 1908 2819 1143 2846 368 103 269 1348 2069 2775 2705 1036 1344 2272 2806 208 271 2587 745 129 1033 1797 1794 2007 489 1490 2151 2734 2297 1523 2445 2045 2579 357 683 2823 2223 2073 1371 2189 866 2721 2817 1219 1704 || mode=VB method=sk_kmeans solver=filo2 stage=post_ls ls=pyvrp iter=1
2026-03-15 22:29:14 | INFO     | [POOL #00091] 2405 1384 201 1277 2044 2499 1665 734 703 2644 1663 1264 1100 1706 539 2566 2674 1940 2477 974 500 1633 2035 || mode=VB method=sk_kmeans solver=filo2 stage=post_ls ls=pyvrp iter=1
2026-03-15 22:29:14 | INFO     | [POOL #00092] 2088 175 2514 1208 1571 491 1140 739 1310 2264 2240 735 1541 2480 1077 658 1227 228 1662 1328 2040 2910 1489 || mode=VB method=sk_kmeans solver=filo2 stage=post_ls ls=pyvrp iter=1
2026-03-15 22:29:14 | INFO     | [POOL #00093] 1720 463 2761 2353 270 1232 2242 1417 2201 297 2619 632 333 2574 460 2893 2357 82 972 1693 896 2537 2339 2287 434 472 2778 1500 1364 2390 231 2419 1126 2529 2006 2802 150 1444 1317 2740 598 576 849 || mode=VB method=sk_kmeans solver=filo2 stage=post_ls ls=pyvrp iter=1
2026-03-15 22:29:14 | INFO     | [POOL #00094] 2305 44 1601 741 162 786 2533 1304 2763 265 2815 804 2903 947 819 2571 2299 2300 2877 40 1955 736 || mode=VB method=sk_kmeans solver=filo2 stage=post_ls ls=pyvrp iter=1
2026-03-15 22:29:14 | INFO     | [POOL #00095] 1188 2112 538 1414 1572 1888 237 2732 2304 1983 1073 89 2844 2320 1961 720 832 2688 965 1874 1793 2661 1481 2077 2294 1214 2831 2025 4 2147 578 1205 948 2512 2639 523 2257 952 751 1136 1893 1764 596 848 1691 586 2282 2589 200 782 2303 1965 2177 2203 1748 527 2023 74 2273 2768 859 1648 1857 512 1843 1950 1861 1486 120 || mode=VB method=sk_kmeans solver=filo2 stage=post_ls ls=pyvrp iter=1
2026-03-15 22:29:14 | INFO     | [POOL #00096] 2245 2290 2535 1765 1972 1123 2097 1201 606 2037 2383 2746 811 222 1859 1072 2391 2525 2897 664 2879 1875 65 2443 2863 820 1912 2054 1589 91 1563 2389 394 1370 985 549 2473 1860 369 312 1768 2226 1312 || mode=VB method=fcm solver=filo1 stage=post_ls ls=pyvrp iter=2
2026-03-15 22:29:14 | INFO     | [POOL #00097] 1707 2486 8 1460 2502 2604 2156 248 2842 2295 1632 2074 2421 364 2376 813 315 1650 1059 593 2158 2820 || mode=VB method=fcm solver=filo1 stage=post_ls ls=pyvrp iter=2
2026-03-15 22:29:14 | INFO     | [POOL #00098] 558 1820 1372 1107 268 1389 759 1102 822 2679 1040 1333 2811 1910 344 1518 1681 2024 1738 393 219 659 2291 2149 279 181 209 2694 353 412 2693 2463 1087 1984 2590 2717 109 1280 || mode=VB method=fcm solver=filo1 stage=post_ls ls=pyvrp iter=2
2026-03-15 22:29:14 | INFO     | [POOL #00099] 1303 810 2716 970 2647 945 877 1424 1867 2812 1833 2333 2307 1767 1247 1746 1871 1578 1132 330 1969 || mode=VB method=fcm solver=filo1 stage=post_ls ls=pyvrp iter=2
2026-03-15 22:29:14 | INFO     | [POOL #00100] 473 1359 397 1991 342 1463 1319 2767 1497 1193 2736 1405 670 581 385 641 1892 621 2657 349 2225 2485 || mode=VB method=fcm solver=filo1 stage=post_ls ls=pyvrp iter=2
2026-03-15 22:29:14 | INFO     | [POOL #00101] 752 1722 1415 1044 423 2530 366 2506 1689 2343 2626 2399 2168 2426 1260 2551 2653 2569 1360 1770 705 || mode=VB method=fcm solver=filo1 stage=post_ls ls=pyvrp iter=2
2026-03-15 22:29:14 | INFO     | [POOL #00102] 451 1238 114 2494 908 850 1656 893 187 1089 2205 540 16 1967 432 2607 1096 2826 1223 1244 1715 1435 || mode=VB method=fcm solver=filo1 stage=post_ls ls=pyvrp iter=2
2026-03-15 22:29:14 | INFO     | [POOL #00103] 2243 858 1263 107 223 1441 211 2214 1368 238 1492 247 202 2364 2211 1480 2026 130 535 1713 1825 || mode=VB method=fcm solver=filo1 stage=post_ls ls=pyvrp iter=2
2026-03-15 22:29:14 | INFO     | [POOL #00104] 1658 577 2220 2847 2137 1615 2080 455 390 680 1824 1139 2338 1697 993 2403 515 2241 341 770 59 2454 || mode=VB method=fcm solver=filo1 stage=post_ls ls=pyvrp iter=2
2026-03-15 22:29:14 | INFO     | [POOL #00105] 2671 383 392 2754 2342 2666 937 711 1976 2207 2608 1026 1450 216 2167 1992 573 70 2056 2228 2809 2395 1113 696 1225 1687 188 2404 1221 648 413 259 2895 1401 2516 2079 2633 2562 1068 2332 589 1627 1560 1212 75 2654 2451 137 2134 2853 2500 41 2200 141 281 146 1629 1547 2375 || mode=VB method=fcm solver=filo1 stage=post_ls ls=pyvrp iter=2
2026-03-15 22:29:14 | INFO     | [POOL #00106] 2230 2464 1758 787 1698 603 1644 1622 1084 1762 1147 207 2695 1657 1069 303 2755 407 949 583 2728 62 2184 718 || mode=VB method=fcm solver=filo1 stage=post_ls ls=pyvrp iter=2
2026-03-15 22:29:14 | INFO     | [POOL #00107] 2051 1819 2210 513 939 414 1704 902 888 2247 2453 2913 2260 84 863 1386 2541 2081 2605 1727 1436 1921 646 543 285 1569 2584 927 2621 1004 1832 2467 1835 1465 2469 2501 22 1884 1911 920 2908 197 435 2262 620 1795 891 2152 1542 2244 1291 52 1267 || mode=VB method=fcm solver=filo1 stage=post_ls ls=pyvrp iter=2
2026-03-15 22:29:14 | INFO     | [POOL #00108] 1862 1949 984 847 1536 2066 2236 155 792 301 773 104 1062 1146 1051 1614 723 452 2686 1461 2280 605 1354 || mode=VB method=fcm solver=filo1 stage=post_ls ls=pyvrp iter=2
2026-03-15 22:29:14 | INFO     | [POOL #00109] 684 494 1667 1474 823 1609 1894 1019 2031 1357 1624 105 1315 1922 1652 1192 2420 1329 2227 2702 139 2199 2704 || mode=VB method=fcm solver=filo1 stage=post_ls ls=pyvrp iter=2
2026-03-15 22:29:14 | INFO     | [POOL #00110] 2603 324 2646 78 2520 143 2479 1343 1439 1753 1834 1228 938 1323 2326 2019 302 1505 1496 20 2543 2845 || mode=VB method=fcm solver=filo1 stage=post_ls ls=pyvrp iter=2
2026-03-15 22:29:14 | INFO     | [POOL #00111] 290 862 1510 875 1726 1844 1369 2748 249 1445 1559 959 1800 1163 1031 2503 1562 516 2385 161 1475 2258 2165 1352 656 1990 2316 1507 673 1043 || mode=VB method=fcm solver=filo1 stage=post_ls ls=pyvrp iter=2
2026-03-15 22:29:14 | INFO     | [POOL #00112] 2864 824 2126 1776 1680 716 151 1388 2415 2610 2387 2107 2397 2894 404 791 2046 2830 2481 2850 1651 || mode=VB method=fcm solver=filo1 stage=post_ls ls=pyvrp iter=2
2026-03-15 22:29:14 | INFO     | [POOL #00113] 996 1423 612 2030 399 1083 1173 144 2001 33 1030 645 966 2398 267 1604 969 1866 1981 2759 1557 499 2532 || mode=VB method=fcm solver=filo1 stage=post_ls ls=pyvrp iter=2
2026-03-15 22:29:14 | INFO     | [POOL #00114] 1917 2133 1350 2408 757 1761 1606 697 1638 1751 192 388 520 2749 1187 2613 504 2310 2517 1716 1041 || mode=VB method=fcm solver=filo1 stage=post_ls ls=pyvrp iter=2
2026-03-15 22:29:14 | INFO     | [POOL #00115] 1733 165 2160 1399 437 857 1063 444 1297 1367 351 1381 556 1411 1534 227 492 2673 2047 765 1206 2821 || mode=VB method=fcm solver=filo1 stage=post_ls ls=pyvrp iter=2
2026-03-15 22:29:14 | INFO     | [POOL #00116] 2317 926 1349 1016 1594 1302 979 790 18 1677 1987 1134 17 2062 1235 1603 30 957 2498 607 1095 || mode=VB method=fcm solver=filo1 stage=post_ls ls=pyvrp iter=2
2026-03-15 22:29:14 | INFO     | [POOL #00117] 1015 2515 1167 2115 1655 2629 1712 2336 2774 1978 1256 31 334 1008 245 157 536 2459 1003 265 2763 1304 44 || mode=VB method=fcm solver=filo1 stage=post_ls ls=pyvrp iter=2
2026-03-15 22:29:14 | INFO     | [POOL #00118] 785 2312 2049 1514 321 1863 532 1626 2622 2311 1363 1483 1164 769 910 663 1561 1839 || mode=VB method=fcm solver=filo1 stage=post_ls ls=pyvrp iter=2
2026-03-15 22:29:14 | INFO     | [POOL #00119] 2573 2652 544 1452 2598 836 2232 1422 102 424 2092 2642 835 1054 1889 1485 1453 1675 2458 2039 1775 600 || mode=VB method=fcm solver=filo1 stage=post_ls ls=pyvrp iter=2
2026-03-15 22:29:14 | INFO     | [POOL #00120] 232 1273 2087 1779 677 1581 991 1264 1100 1706 539 2566 2674 1940 2477 1663 2644 703 734 1665 2499 2418 1194 || mode=VB method=fcm solver=filo1 stage=post_ls ls=pyvrp iter=2
2026-03-15 22:29:14 | INFO     | [POOL #00121] 335 2900 1203 1986 2188 2617 311 2632 2381 1905 1027 2555 2593 415 1236 2128 1996 2789 35 112 1937 7 844 1538 || mode=VB method=fcm solver=filo1 stage=post_ls ls=pyvrp iter=2
2026-03-15 22:29:14 | INFO     | [POOL #00122] 856 1300 1805 2859 973 1641 2474 2461 602 1210 495 1718 2293 2507 2709 356 1772 799 1287 981 1896 890 || mode=VB method=fcm solver=filo1 stage=post_ls ls=pyvrp iter=2
2026-03-15 22:29:14 | INFO     | [POOL #00123] 1849 1565 1288 768 480 2548 1258 2858 142 1498 626 395 160 1630 1195 38 1640 241 347 2334 2117 || mode=VB method=fcm solver=filo1 stage=post_ls ls=pyvrp iter=2
2026-03-15 22:29:14 | INFO     | [POOL #00124] 2009 225 317 825 943 1284 2141 1458 855 742 1032 2810 337 2003 2325 541 419 1018 94 1204 1331 || mode=VB method=fcm solver=filo1 stage=post_ls ls=pyvrp iter=2
2026-03-15 22:29:14 | INFO     | [POOL #00125] 1512 1197 2509 236 1720 1695 601 1432 2212 242 1099 358 1579 1334 730 496 635 986 1799 2625 2067 1683 1661 2828 1744 283 || mode=VB method=fcm solver=filo1 stage=post_ls ls=pyvrp iter=2
2026-03-15 22:29:14 | INFO     | [POOL #00126] 235 195 851 1916 1841 1818 2002 1166 1886 2564 2065 2358 729 2146 1511 229 1822 2268 1160 950 2089 || mode=VB method=fcm solver=filo1 stage=post_ls ls=pyvrp iter=2
2026-03-15 22:29:14 | INFO     | [POOL #00127] 1774 934 1628 2301 1080 2496 1162 1851 206 2758 1517 1509 2640 1548 1185 2366 1947 1467 1777 2111 831 || mode=VB method=fcm solver=filo1 stage=post_ls ls=pyvrp iter=2
2026-03-15 22:29:14 | INFO     | [POOL #00128] 2106 1159 2645 2528 919 239 2422 2400 2600 1925 1430 1646 2175 1639 1390 2251 2818 1299 772 90 488 261 || mode=VB method=fcm solver=filo1 stage=post_ls ls=pyvrp iter=2
2026-03-15 22:29:14 | INFO     | [POOL #00129] 1590 1900 365 2588 507 2544 310 2124 971 2513 1254 46 2522 1272 1469 2171 1211 2777 690 954 || mode=VB method=fcm solver=filo1 stage=post_ls ls=pyvrp iter=2
2026-03-15 22:29:14 | INFO     | [POOL #00130] 1105 2359 588 679 814 2521 2718 503 2105 2076 309 2527 1037 644 1789 1998 418 2616 336 2052 2843 932 || mode=VB method=fcm solver=filo1 stage=post_ls ls=pyvrp iter=2
2026-03-15 22:29:14 | INFO     | [POOL #00131] 2757 721 2638 2907 1519 1692 761 316 2560 1963 386 750 2253 983 100 2770 426 375 733 1130 186 1456 871 1643 || mode=VB method=fcm solver=filo1 stage=post_ls ls=pyvrp iter=2
2026-03-15 22:29:14 | INFO     | [POOL #00132] 1413 637 830 2849 1175 1583 2880 1306 897 121 904 2192 2729 1426 898 841 1804 2432 2594 2215 2438 1257 || mode=VB method=fcm solver=filo1 stage=post_ls ls=pyvrp iter=2
2026-03-15 22:29:14 | INFO     | [POOL #00133] 215 2667 2148 1060 651 2912 2599 1880 2596 692 1802 2720 256 210 1454 2276 882 1079 1088 1631 2302 || mode=VB method=fcm solver=filo1 stage=post_ls ls=pyvrp iter=2
2026-03-15 22:29:14 | INFO     | [POOL #00134] 1127 1724 2197 2355 339 2606 2791 1459 1199 2138 2016 2095 2575 1082 37 1907 2436 755 1152 304 246 || mode=VB method=fcm solver=filo1 stage=post_ls ls=pyvrp iter=2
2026-03-15 22:29:14 | INFO     | [POOL #00135] 568 2035 2405 1633 2877 2300 2299 2571 819 947 2815 804 2903 974 500 2044 1277 201 1384 2865 2790 1086 || mode=VB method=fcm solver=filo1 stage=post_ls ls=pyvrp iter=2
2026-03-15 22:29:14 | INFO     | [POOL #00136] 1555 1852 2786 2219 2213 1945 2523 2217 1493 14 1412 1262 1810 1028 1311 1000 101 1637 462 2185 340 2478 || mode=VB method=fcm solver=filo1 stage=post_ls ls=pyvrp iter=2
2026-03-15 22:29:14 | INFO     | [POOL #00137] 1374 486 350 263 1108 1261 613 892 736 1955 40 162 2533 786 741 1601 2305 707 1585 2119 1848 911 2085 || mode=VB method=fcm solver=filo1 stage=post_ls ls=pyvrp iter=2
2026-03-15 22:29:14 | INFO     | [POOL #00138] 292 1400 1487 1529 2505 1933 291 2361 708 212 127 2745 1977 1308 2435 594 2677 2010 922 2851 110 || mode=VB method=fcm solver=filo1 stage=post_ls ls=pyvrp iter=2
2026-03-15 22:29:14 | INFO     | [POOL #00139] 978 2246 764 839 2681 1058 1078 1814 2675 2582 2004 2411 1239 1736 639 313 1817 873 1085 2664 1956 || mode=VB method=fcm solver=filo1 stage=post_ls ls=pyvrp iter=2
2026-03-15 22:29:14 | INFO     | [POOL #00140] 123 1293 2130 1279 2602 565 1599 2384 1230 2531 1473 359 93 405 570 1455 1081 29 363 771 447 || mode=VB method=fcm solver=filo1 stage=post_ls ls=pyvrp iter=2
2026-03-15 22:29:14 | INFO     | [POOL #00141] 2857 1428 2797 1964 2362 1891 319 464 695 2838 1495 280 1544 1365 264 2098 2123 1605 1927 2127 2393 289 420 563 1174 2612 1587 2659 2662 1375 624 2136 147 2552 1408 1702 906 258 372 278 450 497 1342 829 511 2234 408 2131 1864 838 2705 1036 1344 271 1416 1586 2587 745 129 2819 2053 654 338 917 2876 1038 471 1952 784 2266 2328 809 360 701 1330 || mode=VB method=fcm solver=filo1 stage=post_ls ls=pyvrp iter=2
2026-03-15 22:29:14 | INFO     | [POOL #00142] 900 2013 968 647 649 2018 833 217 2417 1801 616 580 391 2367 286 1757 2456 1234 87 57 185 440 956 2488 1048 582 1358 1932 2048 1840 2769 2434 1816 138 2487 68 1005 590 1881 2145 92 2906 1573 1645 482 2102 1941 579 71 1 2396 459 1090 2187 2750 2491 1347 254 461 467 2109 36 2890 || mode=VB method=fcm solver=filo1 stage=post_ls ls=pyvrp iter=2
2026-03-15 22:29:14 | INFO     | [POOL #00143] 1595 2298 1876 2482 2120 454 852 1635 438 1421 2135 417 5 1186 524 489 1797 1033 2457 2892 1207 2267 1740 2684 1246 442 2154 456 244 2322 2601 803 172 2883 48 1934 1470 300 1295 1017 2442 1074 1022 2800 1522 2690 2586 1928 2623 1410 2368 1951 1688 2394 6 638 2060 1337 1803 77 2822 2724 2308 1709 1242 171 194 505 1013 962 2140 168 1055 668 880 272 || mode=VB method=fcm solver=filo1 stage=post_ls ls=pyvrp iter=2
2026-03-15 22:29:14 | INFO     | [POOL #00144] 2700 1809 277 1904 2817 2703 427 717 2721 866 2430 2189 1660 2708 1371 2073 2223 2823 683 357 2579 2045 2445 1523 2297 2734 2483 260 1128 1674 2779 2631 1418 1443 1231 257 367 1915 2804 431 821 379 167 1198 2182 1914 599 1449 1052 1275 608 2274 625 1001 2553 837 2429 1154 1613 1171 || mode=VB method=fcm solver=filo1 stage=post_ls ls=pyvrp iter=2
2026-03-15 22:29:14 | INFO     | [POOL #00145] 2911 666 1156 250 348 2431 2224 1756 2000 936 1398 879 518 2350 2714 2670 2288 1617 998 1897 2658 1135 2852 1902 266 1968 2412 132 566 2785 173 2069 2775 2272 2806 208 269 1348 103 368 2846 1143 1908 2335 2793 1794 2007 1490 2151 1133 398 2833 1382 1739 1434 1535 226 15 525 2766 233 944 2563 1219 || mode=VB method=fcm solver=filo1 stage=post_ls ls=pyvrp iter=2
2026-03-15 22:29:14 | INFO     | [POOL #00146] 332 34 2269 955 2743 490 1926 2511 1530 1327 2377 2904 1567 630 2495 2839 1255 323 1935 550 308 1253 443 2450 325 354 2676 2719 923 402 2028 2699 2011 2871 946 2233 595 1679 314 2174 1011 2609 627 2195 1391 1948 298 1558 591 587 1930 1659 1318 1920 1050 1076 331 2180 834 633 282 2330 918 2475 1092 1404 885 1002 876 1847 || mode=VB method=fcm solver=filo1 stage=post_ls ls=pyvrp iter=2
2026-03-15 22:29:14 | INFO     | [POOL #00147] 995 1047 1345 458 166 2765 1259 1406 28 457 2096 997 881 1994 1812 931 1621 2190 1731 2346 545 126 1649 2685 2855 994 1200 2862 1618 445 2792 1877 43 2169 13 958 2093 1006 2547 2711 1798 2440 1111 1543 537 557 1131 1671 2323 935 575 1396 2309 2490 2808 1533 1954 2832 1172 2382 1566 1899 1745 53 1668 || mode=VB method=fcm solver=filo1 stage=post_ls ls=pyvrp iter=2
2026-03-15 22:29:14 | INFO     | [POOL #00148] 1999 622 1440 149 1634 840 1958 136 2678 1150 1355 468 1608 1332 2351 1865 1252 1433 2 1377 || mode=VB method=fcm solver=filo1 stage=post_ls ls=pyvrp iter=2
2026-03-15 22:29:14 | INFO     | [POOL #00149] 1858 2108 2546 1879 2341 1962 1556 1515 2216 502 2891 826 1014 1394 714 2784 2278 199 585 1429 657 652 1942 1576 722 675 || mode=VB method=fcm solver=filo1 stage=post_ls ls=pyvrp iter=2
2026-03-15 22:29:14 | INFO     | [POOL #00150] 203 2164 2063 1710 294 3 1268 1735 11 2265 370 614 1007 255 1289 1577 1266 409 584 2292 1218 2170 2237 1294 || mode=VB method=fcm solver=filo1 stage=post_ls ls=pyvrp iter=2
2026-03-15 22:29:14 | INFO     | [POOL #00151] 2144 2803 531 555 1539 1494 2349 1170 1020 10 2637 1521 2027 2050 1596 2468 2254 747 1049 2218 883 1097 2058 2270 2427 1240 1112 1229 2327 546 1528 1305 2208 493 2518 1438 1785 2153 1290 2476 1122 124 864 1265 731 2827 1600 2091 2017 54 2363 2697 806 346 2125 2198 406 1960 1811 2687 2041 1755 977 2015 671 2103 1882 24 1307 || mode=VB method=fcm solver=filo1 stage=post_ls ls=pyvrp iter=2
2026-03-15 22:29:14 | INFO     | [POOL #00152] 2888 2021 2181 2118 1504 999 2764 2279 2663 2508 817 843 1957 1975 1895 2259 1790 2669 1101 218 288 980 928 1322 688 802 845 184 1178 42 1672 1269 1766 117 1009 1784 678 867 483 97 2036 2805 2249 2222 1324 1719 327 1447 561 73 2407 376 698 1326 1682 466 2043 64 1711 572 || mode=VB method=fcm solver=filo1 stage=post_ls ls=pyvrp iter=2
2026-03-15 22:29:14 | INFO     | [POOL #00153] 724 865 1155 400 2752 2723 604 1829 1854 2816 182 243 1409 1636 2583 534 685 2472 2565 1763 2032 || mode=VB method=fcm solver=filo1 stage=post_ls ls=pyvrp iter=2
2026-03-15 22:29:14 | INFO     | [POOL #00154] 1550 1387 551 1065 19 1883 1747 1070 1189 2271 1610 870 1845 528 153 2084 1696 1383 1103 653 214 818 2780 868 715 884 1929 2155 || mode=VB method=fcm solver=filo1 stage=post_ls ls=pyvrp iter=2
2026-03-15 22:29:14 | INFO     | [POOL #00155] 2885 933 2794 45 1182 642 2854 1338 1029 240 2029 676 2437 2712 789 1106 1653 2868 1373 554 47 213 || mode=VB method=fcm solver=filo1 stage=post_ls ls=pyvrp iter=2
2026-03-15 22:29:14 | INFO     | [POOL #00156] 874 1872 1853 2782 2899 481 1705 2365 1592 2540 2866 564 2372 1335 1855 2795 2788 2526 1678 2314 1061 1741 1612 || mode=VB method=fcm solver=filo1 stage=post_ls ls=pyvrp iter=2
2026-03-15 22:29:14 | INFO     | [POOL #00157] 1142 1351 2034 9 474 907 623 2471 377 1526 753 827 352 726 475 1191 1224 1760 2306 807 320 || mode=VB method=fcm solver=filo1 stage=post_ls ls=pyvrp iter=2
2026-03-15 22:29:14 | INFO     | [POOL #00158] 913 989 2406 2340 762 1190 2733 1783 552 2492 853 178 396 2824 1169 2902 1286 275 273 2870 815 1499 || mode=VB method=fcm solver=filo1 stage=post_ls ls=pyvrp iter=2
2026-03-15 22:29:14 | INFO     | [POOL #00159] 2856 1376 514 2433 2727 1392 1582 2649 140 2094 1531 775 193 2099 1842 2489 2449 548 1546 1540 198 1472 2620 || mode=VB method=fcm solver=filo1 stage=post_ls ls=pyvrp iter=2
2026-03-15 22:29:14 | INFO     | [POOL #00160] 1686 682 1035 1856 778 26 2392 1685 1053 1176 125 521 2313 2354 2132 2889 430 61 921 2281 976 || mode=VB method=fcm solver=filo1 stage=post_ls ls=pyvrp iter=2
2026-03-15 22:29:14 | INFO     | [POOL #00161] 794 1752 1161 1549 39 1771 2798 1366 2072 1939 2256 667 1431 2542 2568 1149 134 1923 781 704 749 || mode=VB method=fcm solver=filo1 stage=post_ls ls=pyvrp iter=2
2026-03-15 22:29:14 | INFO     | [POOL #00162] 2261 1878 2179 1067 930 373 982 79 1985 567 915 1245 2252 2618 2756 1281 2742 1395 687 2183 694 2572 || mode=VB method=fcm solver=filo1 stage=post_ls ls=pyvrp iter=2
2026-03-15 22:29:14 | INFO     | [POOL #00163] 530 760 1484 1997 1393 1944 2452 2075 2161 1353 899 113 1701 1114 148 732 1694 916 169 1233 1508 1537 2331 || mode=VB method=fcm solver=filo1 stage=post_ls ls=pyvrp iter=2
2026-03-15 22:29:14 | INFO     | [POOL #00164] 2319 2356 2423 1593 1457 2692 1298 329 597 191 1970 85 465 2787 2595 154 727 410 2231 1823 || mode=VB method=fcm solver=filo1 stage=post_ls ls=pyvrp iter=2
2026-03-15 22:29:14 | INFO     | [POOL #00165] 1792 2020 470 60 76 1995 2836 55 2263 362 2196 23 1602 615 164 1397 2424 1124 196 1836 1285 2635 || mode=VB method=fcm solver=filo1 stage=post_ls ls=pyvrp iter=2
2026-03-15 22:29:14 | INFO     | [POOL #00166] 411 1869 1808 2730 2886 2113 2345 1477 854 2064 306 800 672 1870 299 305 2416 700 1039 2083 1946 1754 || mode=VB method=fcm solver=filo1 stage=post_ls ls=pyvrp iter=2
2026-03-15 22:29:14 | INFO     | [POOL #00167] 1532 2881 960 756 2129 2636 1091 2837 2248 710 2462 901 2773 2650 925 296 1887 2347 63 422 2725 96 || mode=VB method=fcm solver=filo1 stage=post_ls ls=pyvrp iter=2
2026-03-15 22:29:14 | INFO     | [POOL #00168] 728 119 2801 2162 487 58 2576 522 719 374 574 262 1243 2284 987 2402 1274 2615 1513 472 1693 2514 1208 1571 491 1140 739 1310 2264 2240 735 1541 2480 894 1662 1328 2040 || mode=VB method=fcm solver=filo1 stage=post_ls ls=pyvrp iter=2
2026-03-15 22:29:14 | INFO     | [POOL #00169] 506 2176 2753 2142 56 2668 2121 2873 1378 1782 2493 1873 1209 1249 2068 1552 2159 1551 849 2369 2841 1316 1464 553 2707 895 453 2682 1121 498 || mode=VB method=fcm solver=filo1 stage=post_ls ls=pyvrp iter=2
2026-03-15 22:29:14 | INFO     | [POOL #00170] 2379 2139 961 2448 2163 2874 699 476 1553 2204 295 1913 2410 1250 2545 2691 2634 2738 1314 2466 2386 2082 2315 2591 434 2287 2339 2537 896 972 82 2357 460 2574 2778 1500 1364 231 2390 2680 1271 2441 2446 689 425 1317 2740 598 || mode=VB method=fcm solver=filo1 stage=post_ls ls=pyvrp iter=2
2026-03-15 22:29:14 | INFO     | [POOL #00171] 746 478 1597 2194 1516 1184 2239 252 2701 221 1282 924 2380 1313 1791 2898 2558 287 905 1109 2698 115 1588 2744 2796 || mode=VB method=fcm solver=filo1 stage=post_ls ls=pyvrp iter=2
2026-03-15 22:29:14 | INFO     | [POOL #00172] 860 796 2178 1759 2038 872 2143 2255 929 1742 650 1846 2324 2869 2374 2360 2329 2549 1664 1821 1361 2321 1270 276 328 1717 1732 1425 1520 1580 1815 1906 429 234 2578 519 2371 1714 1684 1356 2012 133 1778 1115 2896 1448 1769 887 421 738 1979 2665 1837 2078 448 1919 1021 805 1584 1737 152 || mode=VB method=fcm solver=filo1 stage=post_ls ls=pyvrp iter=2
2026-03-15 22:29:14 | INFO     | [POOL #00173] 618 1442 253 477 1180 69 371 49 1708 569 2561 2835 1619 592 712 795 2860 2772 2221 1296 941 1918 || mode=VB method=fcm solver=filo1 stage=post_ls ls=pyvrp iter=2
2026-03-15 22:29:14 | INFO     | [POOL #00174] 2186 617 1564 691 1616 1690 1729 2378 2235 758 975 1850 2539 1903 2348 1670 1251 914 1148 1117 2655 224 || mode=VB method=fcm solver=filo1 stage=post_ls ls=pyvrp iter=2
2026-03-15 22:29:14 | INFO     | [POOL #00175] 576 1444 150 2802 2006 2529 1126 2419 2619 632 333 2893 175 665 1248 251 228 1227 658 1077 135 702 1118 1379 776 2055 533 2861 || mode=VB method=fcm solver=filo1 stage=post_ls ls=pyvrp iter=2
2026-03-15 22:29:14 | INFO     | [POOL #00176] 2884 1489 1466 1151 2556 378 2910 2627 1721 118 1144 2905 2088 619 2867 1165 1780 2848 611 744 2799 297 2201 1417 2242 1232 270 2353 2761 326 || mode=VB method=fcm solver=filo1 stage=post_ls ls=pyvrp iter=2
2026-03-15 22:29:14 | INFO     | [POOL #00177] 2465 2813 1989 2283 2510 1420 1183 179 2504 1120 177 1153 441 674 964 1010 2352 2536 903 416 159 111 2337 || mode=VB method=fcm solver=filo1 stage=post_ls ls=pyvrp iter=2
2026-03-15 22:29:14 | INFO     | [POOL #00178] 1788 2209 99 1700 797 1138 230 2022 846 1988 2781 98 1116 542 2401 387 547 1568 2057 693 1830 1838 || mode=VB method=fcm solver=filo1 stage=post_ls ls=pyvrp iter=2
2026-03-15 22:29:14 | INFO     | [POOL #00179] 1743 1237 2150 284 2614 204 1575 2814 1168 2597 2460 2114 501 1468 381 1119 2660 1336 1451 801 2807 || mode=VB method=fcm solver=filo1 stage=post_ls ls=pyvrp iter=2
2026-03-15 22:29:14 | INFO     | [POOL #00180] 967 2277 1321 293 754 1699 1241 1611 1075 2414 2872 1554 942 709 318 1094 1202 1796 446 2731 2570 662 988 || mode=VB method=fcm solver=filo1 stage=post_ls ls=pyvrp iter=2
2026-03-15 22:29:14 | INFO     | [POOL #00181] 1669 2901 2683 562 2122 1213 145 439 25 681 2455 2470 2370 1666 2776 777 2289 108 2519 2581 2172 842 || mode=VB method=fcm solver=filo1 stage=post_ls ls=pyvrp iter=2
2026-03-15 22:29:14 | INFO     | [POOL #00182] 1325 1157 963 2202 909 1828 571 2101 2193 2648 1278 1982 2250 766 2059 1446 1402 1437 2070 2630 953 1826 || mode=VB method=fcm solver=filo1 stage=post_ls ls=pyvrp iter=2
2026-03-15 22:29:14 | INFO     | [POOL #00183] 2061 122 66 743 780 889 83 189 401 2090 2229 1309 1362 158 1419 2286 1346 1749 686 1488 1141 || mode=VB method=fcm solver=filo1 stage=post_ls ls=pyvrp iter=2
2026-03-15 22:29:14 | INFO     | [POOL #00184] 1525 1898 2710 2388 636 88 1781 2497 1025 1217 1093 2296 343 609 1066 2071 81 1179 2611 2173 2715 463 || mode=VB method=fcm solver=filo1 stage=post_ls ls=pyvrp iter=2
2026-03-15 22:29:14 | INFO     | [POOL #00185] 2875 1931 1478 1283 389 1936 1506 2628 912 380 1476 80 1137 1046 812 1807 788 1340 2887 2689 174 || mode=VB method=fcm solver=filo1 stage=post_ls ls=pyvrp iter=2
2026-03-15 22:29:14 | INFO     | [POOL #00186] 2585 1545 1787 2318 2033 170 1971 1966 51 508 2882 1177 183 2760 706 484 485 428 1598 1607 1380 || mode=VB method=fcm solver=filo1 stage=post_ls ls=pyvrp iter=2
2026-03-15 22:29:14 | INFO     | [POOL #00187] 120 1491 779 72 1734 2580 1572 1888 1748 2203 2177 1965 2303 782 200 2589 2282 586 1691 848 1874 965 2688 832 2077 1481 2661 2294 1214 2831 2025 4 2147 578 1205 948 2512 2639 523 2257 952 751 1136 1793 1893 1764 596 1973 469 2909 1901 355 1403 1129 2042 27 2413 1813 526 2834 1056 449 1950 1045 510 || mode=VB method=fcm solver=filo1 stage=post_ls ls=pyvrp iter=2
2026-03-15 22:29:14 | INFO     | [POOL #00188] 1730 2444 1407 1220 95 2538 783 12 1110 559 1462 2554 1158 661 433 131 2557 1953 || mode=VB method=fcm solver=filo1 stage=post_ls ls=pyvrp iter=2
2026-03-15 22:29:14 | INFO     | [POOL #00189] 1385 767 2726 2840 1503 828 1071 737 643 2783 793 1427 2206 205 2559 2825 106 1276 2696 2567 1723 1773 2008 774 529 2672 2651 220 1924 940 1676 1024 560 436 21 2592 1909 713 2747 1226 1620 798 1625 1320 509 2373 808 1104 2732 237 1524 640 1034 660 345 725 951 1868 128 1414 538 2112 1188 1471 2722 || mode=VB method=fcm solver=filo1 stage=post_ls ls=pyvrp iter=2
2026-03-15 22:29:14 | INFO     | [POOL #00190] 2751 180 1827 1479 1806 669 2157 2484 1831 2344 861 2439 2624 2104 1703 1292 1642 2086 2275 2829 403 2116 116 1654 2737 2771 50 2428 2739 1980 1042 1786 992 1647 1943 631 634 748 176 1750 1993 2005 156 2641 2643 1728 517 1673 629 2762 1885 2656 1064 1012 720 1961 2320 2844 89 1073 1983 2304 527 2023 74 2273 2768 859 1648 1857 512 1843 1861 1486 190 382 163 || mode=VB method=fcm solver=filo1 stage=post_ls ls=pyvrp iter=2
2026-03-15 22:29:14 | INFO     | [POOL #00191] 1574 2713 1959 1215 2014 1023 479 886 2577 1725 1591 610 32 763 1502 86 67 2409 1145 816 1181 307 1974 2534 1301 2100 1482 1341 1222 1196 1216 2735 2878 655 1938 2191 1527 869 1890 384 1098 1570 274 322 740 2706 878 1623 1339 2741 2166 2110 2524 628 2550 361 1125 1501 2285 1057 2238 990 2447 2425 || mode=VB method=fcm solver=filo1 stage=post_ls ls=pyvrp iter=2
2026-03-15 22:29:14 | INFO     | [POOL #00192] 131 433 1158 213 134 1149 2568 47 2885 554 530 1939 2256 667 1431 2542 1142 1923 781 704 749 1752 794 || mode=VB method=sk_ac_avg solver=filo2 stage=post_ls ls=pyvrp iter=3
2026-03-15 22:29:14 | INFO     | [POOL #00193] 840 2351 2179 2183 1067 930 982 79 1245 915 567 2319 2356 715 884 1929 400 1155 865 724 1608 1634 || mode=VB method=sk_ac_avg solver=filo2 stage=post_ls ls=pyvrp iter=3
2026-03-15 22:29:14 | INFO     | [POOL #00194] 1858 1377 2 96 2725 422 63 2881 2347 960 807 2306 2034 1686 2072 1351 1366 2798 1771 39 1549 1161 || mode=VB method=sk_ac_avg solver=filo2 stage=post_ls ls=pyvrp iter=3
2026-03-15 22:29:14 | INFO     | [POOL #00195] 1294 1429 1387 2237 1065 19 1747 1070 1610 2271 1189 1266 1577 1289 255 1007 614 11 370 2265 243 1409 1636 1829 604 2723 2752 2155 || mode=VB method=sk_ac_avg solver=filo2 stage=post_ls ls=pyvrp iter=3
2026-03-15 22:29:14 | INFO     | [POOL #00196] 843 551 1883 1101 218 288 980 928 1322 688 870 1845 528 153 2084 1696 1383 1103 653 214 818 2780 868 2816 1854 182 2472 2565 || mode=VB method=sk_ac_avg solver=filo2 stage=post_ls ls=pyvrp iter=3
2026-03-15 22:29:14 | INFO     | [POOL #00197] 661 2538 783 12 669 1703 1591 610 1725 32 86 1029 240 1145 2029 676 2437 2712 1106 789 2075 1653 2868 1373 1182 45 2794 933 2713 1574 2554 || mode=VB method=sk_ac_avg solver=filo2 stage=post_ls ls=pyvrp iter=3
2026-03-15 22:29:14 | INFO     | [POOL #00198] 722 572 1576 1711 64 1307 2043 466 2021 1942 652 657 2181 2118 1504 2764 2279 2663 2508 817 698 1957 1975 73 561 1895 2259 1790 2669 2036 97 483 867 678 2805 2249 2222 1447 327 1719 1324 1960 1811 2687 1755 977 2015 671 2407 1882 1326 1682 24 1768 2051 558 1267 2226 2803 2144 1312 675 || mode=VB method=sk_ac_avg solver=filo2 stage=post_ls ls=pyvrp iter=3
2026-03-15 22:29:14 | INFO     | [POOL #00199] 1532 756 1091 475 726 352 827 753 1526 377 2471 1285 2635 623 907 1191 474 1224 1760 9 320 || mode=VB method=sk_ac_avg solver=filo2 stage=post_ls ls=pyvrp iter=3
2026-03-15 22:29:14 | INFO     | [POOL #00200] 373 1985 1823 2231 410 727 481 154 2595 2787 465 85 1970 191 597 329 1298 2692 1457 1593 2423 || mode=VB method=sk_ac_avg solver=filo2 stage=post_ls ls=pyvrp iter=3
2026-03-15 22:29:14 | INFO     | [POOL #00201] 1730 2751 1385 2444 1407 1220 95 1462 559 1110 1959 1215 2014 1023 479 886 2577 763 642 2854 1502 1338 2409 67 816 1181 307 1974 2534 1301 2100 1482 50 2771 1222 1341 1196 1216 2735 2878 655 116 1890 869 1527 2191 1938 2116 403 2829 2275 2086 1642 1292 2104 2624 2439 2157 1806 1479 990 2447 2726 1471 2722 || mode=VB method=sk_ac_avg solver=filo2 stage=post_ls ls=pyvrp iter=3
2026-03-15 22:29:14 | INFO     | [POOL #00202] 1754 1946 2083 1039 700 2416 299 305 548 2449 1546 198 1472 1540 2433 514 1376 273 2870 1499 913 125 521 || mode=VB method=sk_ac_avg solver=filo2 stage=post_ls ls=pyvrp iter=3
2026-03-15 22:29:14 | INFO     | [POOL #00203] 714 203 2164 2063 685 534 2583 1735 1268 3 294 1710 409 584 2292 1218 2170 1763 2032 826 1014 2784 2278 || mode=VB method=sk_ac_avg solver=filo2 stage=post_ls ls=pyvrp iter=3
2026-03-15 22:29:14 | INFO     | [POOL #00204] 2020 26 2392 1685 1397 164 2406 2340 1190 762 2733 1783 552 2492 396 2824 1169 178 853 2856 2354 2132 || mode=VB method=sk_ac_avg solver=filo2 stage=post_ls ls=pyvrp iter=3
2026-03-15 22:29:14 | INFO     | [POOL #00205] 2281 1612 921 61 430 2889 2620 2526 2788 1678 2314 1061 1741 1808 1869 411 2756 2618 1281 2742 1395 687 || mode=VB method=sk_ac_avg solver=filo2 stage=post_ls ls=pyvrp iter=3
2026-03-15 22:29:14 | INFO     | [POOL #00206] 1433 1252 1865 2572 1332 2261 1878 694 976 296 925 2650 2773 901 2462 710 2248 2837 2636 2129 1887 || mode=VB method=sk_ac_avg solver=filo2 stage=post_ls ls=pyvrp iter=3
2026-03-15 22:29:14 | INFO     | [POOL #00207] 2795 1855 2730 672 1870 2489 1842 2099 193 775 1531 2094 140 2649 1582 2727 1392 275 1286 2902 815 989 2313 || mode=VB method=sk_ac_avg solver=filo2 stage=post_ls ls=pyvrp iter=3
2026-03-15 22:29:14 | INFO     | [POOL #00208] 760 1484 1997 1393 1944 2452 1701 113 899 1353 2161 1114 148 732 1694 916 169 1233 1508 1537 2331 1792 682 || mode=VB method=sk_ac_avg solver=filo2 stage=post_ls ls=pyvrp iter=3
2026-03-15 22:29:14 | INFO     | [POOL #00209] 2252 1335 2372 564 2886 800 306 2064 854 1477 2345 2113 2866 2540 1592 2365 1705 2899 2782 1853 1872 874 || mode=VB method=sk_ac_avg solver=filo2 stage=post_ls ls=pyvrp iter=3
2026-03-15 22:29:14 | INFO     | [POOL #00210] 1035 1856 778 470 60 76 1995 2836 55 2263 362 2196 23 1602 615 2424 1124 1176 1053 196 1836 || mode=VB method=sk_ac_avg solver=filo2 stage=post_ls ls=pyvrp iter=3
2026-03-15 22:29:14 | INFO     | [POOL #00211] 149 2108 2546 1879 2341 1958 1355 468 1150 2678 136 1515 1962 1556 2216 502 2891 1394 199 585 1550 || mode=VB method=sk_ac_avg solver=filo2 stage=post_ls ls=pyvrp iter=3
2026-03-15 22:29:14 | INFO     | [POOL #00212] 1018 419 541 2325 2003 337 2810 363 1081 1455 570 405 973 2859 1287 981 1805 1300 856 1896 480 || mode=VB method=sk_ac_avg solver=filo2 stage=post_ls ls=pyvrp iter=3
2026-03-15 22:29:14 | INFO     | [POOL #00213] 162 947 804 2903 2477 1940 2674 600 2039 1775 399 1083 2030 539 2566 1706 1663 2644 703 734 974 500 || mode=VB method=sk_ac_avg solver=filo2 stage=post_ls ls=pyvrp iter=3
2026-03-15 22:29:14 | INFO     | [POOL #00214] 174 1838 1830 1788 2209 99 1700 797 1568 547 387 2401 542 2887 2689 2875 730 496 635 986 1799 2625 2067 || mode=VB method=sk_ac_avg solver=filo2 stage=post_ls ls=pyvrp iter=3
2026-03-15 22:29:14 | INFO     | [POOL #00215] 1197 1720 1695 2311 283 1744 601 1432 2212 242 1099 358 1683 1661 2828 1552 2068 1249 1209 1873 2493 1782 1378 2668 || mode=VB method=sk_ac_avg solver=filo2 stage=post_ls ls=pyvrp iter=3
2026-03-15 22:29:14 | INFO     | [POOL #00216] 1413 637 830 2849 1175 1583 2880 1306 897 2192 1426 2729 898 841 1804 2432 2594 2215 2438 1852 1555 1257 || mode=VB method=sk_ac_avg solver=filo2 stage=post_ls ls=pyvrp iter=3
2026-03-15 22:29:14 | INFO     | [POOL #00217] 232 121 904 1311 1273 2087 2532 2302 499 1557 2759 1981 1866 996 991 1581 1779 677 2499 2418 2044 1277 2405 2035 || mode=VB method=sk_ac_avg solver=filo2 stage=post_ls ls=pyvrp iter=3
2026-03-15 22:29:14 | INFO     | [POOL #00218] 1204 1849 1565 1288 768 2548 890 2718 2521 814 679 932 588 142 2858 2359 1258 771 1105 447 347 || mode=VB method=sk_ac_avg solver=filo2 stage=post_ls ls=pyvrp iter=3
2026-03-15 22:29:14 | INFO     | [POOL #00219] 2882 1177 967 2277 253 477 1180 69 754 371 1699 1241 1611 1708 49 569 2561 2835 712 592 795 1296 1918 || mode=VB method=sk_ac_avg solver=filo2 stage=post_ls ls=pyvrp iter=3
2026-03-15 22:29:14 | INFO     | [POOL #00220] 424 488 2645 90 772 1299 2251 1390 1639 1925 1430 1646 2175 2818 2031 1019 1894 1609 823 1474 261 2092 || mode=VB method=sk_ac_avg solver=filo2 stage=post_ls ls=pyvrp iter=3
2026-03-15 22:29:14 | INFO     | [POOL #00221] 2814 1168 2070 1437 1402 1446 2059 766 2250 1278 1982 2264 1310 2240 735 1541 2480 658 1077 135 894 1328 || mode=VB method=sk_ac_avg solver=filo2 stage=post_ls ls=pyvrp iter=3
2026-03-15 22:29:14 | INFO     | [POOL #00222] 1665 1264 1100 612 1423 2573 2652 544 144 2001 33 1030 645 966 2398 267 2276 882 1079 1604 969 1088 1631 || mode=VB method=sk_ac_avg solver=filo2 stage=post_ls ls=pyvrp iter=3
2026-03-15 22:29:14 | INFO     | [POOL #00223] 2602 565 2384 1599 839 873 1817 313 639 1736 1380 1239 2582 2675 1814 1078 1058 2681 764 2246 978 || mode=VB method=sk_ac_avg solver=filo2 stage=post_ls ls=pyvrp iter=3
2026-03-15 22:29:14 | INFO     | [POOL #00224] 1839 1561 663 506 769 2176 1164 123 1293 1626 225 317 2009 532 1863 321 1514 2049 2312 785 246 || mode=VB method=sk_ac_avg solver=filo2 stage=post_ls ls=pyvrp iter=3
2026-03-15 22:29:14 | INFO     | [POOL #00225] 2318 1971 1966 941 159 903 416 2352 1010 2229 1309 2090 1362 158 401 189 83 889 780 743 66 111 || mode=VB method=sk_ac_avg solver=filo2 stage=post_ls ls=pyvrp iter=3
2026-03-15 22:29:14 | INFO     | [POOL #00226] 1751 2478 1374 2366 486 350 263 1108 1261 613 568 2185 340 1548 2640 1509 1517 2758 2588 365 206 1900 2749 || mode=VB method=sk_ac_avg solver=filo2 stage=post_ls ls=pyvrp iter=3
2026-03-15 22:29:14 | INFO     | [POOL #00227] 1138 2337 122 1488 1749 686 617 1564 1346 2286 1419 1616 2283 1989 2813 2465 224 1137 1046 812 1116 || mode=VB method=sk_ac_avg solver=filo2 stage=post_ls ls=pyvrp iter=3
2026-03-15 22:29:14 | INFO     | [POOL #00228] 1512 1551 2715 2611 2296 1093 905 1597 2194 1516 1184 2239 252 2556 378 1826 1237 2150 1466 1489 478 1217 746 2710 || mode=VB method=sk_ac_avg solver=filo2 stage=post_ls ls=pyvrp iter=3
2026-03-15 22:29:14 | INFO     | [POOL #00229] 693 2057 230 2022 846 2781 1988 2061 1141 2186 80 1476 380 912 2628 1506 788 1807 1283 1478 1931 || mode=VB method=sk_ac_avg solver=filo2 stage=post_ls ls=pyvrp iter=3
2026-03-15 22:29:14 | INFO     | [POOL #00230] 44 786 2533 1304 2763 265 1003 2815 2459 536 157 245 1008 334 31 1256 1978 2774 2336 2243 2358 2065 || mode=VB method=sk_ac_avg solver=filo2 stage=post_ls ls=pyvrp iter=3
2026-03-15 22:29:14 | INFO     | [POOL #00231] 1340 1936 2807 801 1451 1157 963 2202 909 381 1468 501 2114 1119 2460 2597 2660 1336 1575 204 284 || mode=VB method=sk_ac_avg solver=filo2 stage=post_ls ls=pyvrp iter=3
2026-03-15 22:29:14 | INFO     | [POOL #00232] 29 1956 1230 2664 1085 292 2667 215 2531 1473 495 602 1210 2461 2474 1641 2821 799 309 2076 2105 503 || mode=VB method=sk_ac_avg solver=filo2 stage=post_ls ls=pyvrp iter=3
2026-03-15 22:29:14 | INFO     | [POOL #00233] 1743 389 953 2614 2630 2861 533 2055 776 1118 702 1379 1662 2905 1144 118 1721 2627 2701 1151 || mode=VB method=sk_ac_avg solver=filo2 stage=post_ls ls=pyvrp iter=3
2026-03-15 22:29:14 | INFO     | [POOL #00234] 1718 2293 1206 765 2047 2673 492 227 1534 1411 556 1381 351 1297 444 1063 857 1399 1789 2616 2843 || mode=VB method=sk_ac_avg solver=filo2 stage=post_ls ls=pyvrp iter=3
2026-03-15 22:29:14 | INFO     | [POOL #00235] 1733 644 1037 165 2160 2523 2217 14 926 2317 1412 1262 1810 1028 1493 1945 2213 2219 2786 1998 418 336 2052 || mode=VB method=sk_ac_avg solver=filo2 stage=post_ls ls=pyvrp iter=3
2026-03-15 22:29:14 | INFO     | [POOL #00236] 1086 462 2790 2865 1637 1000 1194 101 201 1384 2877 819 2571 2299 2300 40 1633 1955 736 892 1185 1947 || mode=VB method=sk_ac_avg solver=filo2 stage=post_ls ls=pyvrp iter=3
2026-03-15 22:29:14 | INFO     | [POOL #00237] 728 119 2801 487 2529 1126 2680 262 295 1913 2204 2329 2549 1250 2545 2691 2634 2738 1314 2466 2386 2082 2315 2591 434 2287 2339 2537 896 972 82 2357 2893 460 2574 2778 1500 632 2619 297 2201 1417 1232 270 2353 2744 326 463 || mode=VB method=sk_ac_avg solver=filo2 stage=post_ls ls=pyvrp iter=3
2026-03-15 22:29:14 | INFO     | [POOL #00238] 729 1712 1303 1359 139 1424 877 945 1833 2812 1867 684 1054 1889 1485 1453 1675 2458 2199 2704 473 || mode=VB method=sk_ac_avg solver=filo2 stage=post_ls ls=pyvrp iter=3
2026-03-15 22:29:14 | INFO     | [POOL #00239] 835 2642 494 1667 1315 1922 105 1624 1357 670 581 385 1405 2736 1193 2767 1652 1319 1192 2420 1329 2227 2702 || mode=VB method=sk_ac_avg solver=filo2 stage=post_ls ls=pyvrp iter=3
2026-03-15 22:29:14 | INFO     | [POOL #00240] 498 895 1316 2841 2369 598 2761 2796 1525 1898 1179 81 2071 609 343 1025 2497 2884 1781 88 636 2388 1334 1579 2159 || mode=VB method=sk_ac_avg solver=filo2 stage=post_ls ls=pyvrp iter=3
2026-03-15 22:29:14 | INFO     | [POOL #00241] 1349 1677 1987 2757 721 2720 210 256 2638 594 2677 2010 1802 692 2596 1880 2599 2912 922 2851 110 2507 || mode=VB method=sk_ac_avg solver=filo2 stage=post_ls ls=pyvrp iter=3
2026-03-15 22:29:14 | INFO     | [POOL #00242] 2682 453 2707 2509 236 1483 1363 2622 2753 2142 56 2121 2873 2130 1279 1458 855 742 2141 1032 1284 943 825 94 1331 || mode=VB method=sk_ac_avg solver=filo2 stage=post_ls ls=pyvrp iter=3
2026-03-15 22:29:14 | INFO     | [POOL #00243] 755 2117 2334 241 1640 38 1195 1630 160 395 626 1498 954 2496 1080 2301 1628 1774 1716 1041 1907 2245 || mode=VB method=sk_ac_avg solver=filo2 stage=post_ls ls=pyvrp iter=3
2026-03-15 22:29:14 | INFO     | [POOL #00244] 98 691 1420 1183 179 2504 1120 177 1153 674 441 1619 964 2536 2860 2772 2221 1442 618 51 508 170 || mode=VB method=sk_ac_avg solver=filo2 stage=post_ls ls=pyvrp iter=3
2026-03-15 22:29:14 | INFO     | [POOL #00245] 2122 1213 145 1094 318 439 25 681 2776 1666 2370 2470 2455 709 942 1554 2872 2414 1075 1202 1796 293 1321 || mode=VB method=sk_ac_avg solver=filo2 stage=post_ls ls=pyvrp iter=3
2026-03-15 22:29:14 | INFO     | [POOL #00246] 2606 1199 831 2111 2085 1916 1166 1886 2564 707 2305 741 1601 1585 2119 1848 911 1467 1777 1761 2138 2575 || mode=VB method=sk_ac_avg solver=filo2 stage=post_ls ls=pyvrp iter=3
2026-03-15 22:29:14 | INFO     | [POOL #00247] 37 1082 2517 2310 504 2613 1187 388 192 697 1638 1606 757 2408 1350 2133 2016 2095 1917 339 335 || mode=VB method=sk_ac_avg solver=filo2 stage=post_ls ls=pyvrp iter=3
2026-03-15 22:29:14 | INFO     | [POOL #00248] 1121 2379 2139 1444 1588 115 2698 2558 2898 2799 1791 744 611 333 2848 1780 2867 1165 1282 924 221 2380 1313 287 1109 1066 2173 || mode=VB method=sk_ac_avg solver=filo2 stage=post_ls ls=pyvrp iter=3
2026-03-15 22:29:14 | INFO     | [POOL #00249] 849 576 2740 1317 150 2802 2006 2242 2419 231 2390 1364 987 2284 1243 2402 1274 2615 1513 472 1693 2514 1208 1571 491 1140 739 1227 228 251 1248 665 175 2088 619 2040 2910 || mode=VB method=sk_ac_avg solver=filo2 stage=post_ls ls=pyvrp iter=3
2026-03-15 22:29:14 | INFO     | [POOL #00250] 1643 1454 871 2907 1456 186 1452 2598 1130 733 375 426 2253 983 100 2770 1422 102 2232 836 1159 2106 1173 || mode=VB method=sk_ac_avg solver=filo2 stage=post_ls ls=pyvrp iter=3
2026-03-15 22:29:14 | INFO     | [POOL #00251] 2655 1690 2510 1729 2378 2235 758 975 1850 2539 1903 2648 2193 2101 571 2348 1828 1670 1251 914 1148 1117 1325 || mode=VB method=sk_ac_avg solver=filo2 stage=post_ls ls=pyvrp iter=3
2026-03-15 22:29:14 | INFO     | [POOL #00252] 359 1400 1487 2411 2004 2585 1545 1787 2033 428 708 2361 291 1933 2505 1529 651 1060 2148 93 || mode=VB method=sk_ac_avg solver=filo2 stage=post_ls ls=pyvrp iter=3
2026-03-15 22:29:14 | INFO     | [POOL #00253] 1607 1598 485 484 706 2760 183 662 2570 446 2731 2901 2683 562 1669 988 1977 1308 2435 2745 127 212 || mode=VB method=sk_ac_avg solver=filo2 stage=post_ls ls=pyvrp iter=3
2026-03-15 22:29:14 | INFO     | [POOL #00254] 1235 1519 1692 316 2560 1963 386 2581 2172 2519 108 2289 777 2400 2600 2422 239 842 919 2528 750 761 || mode=VB method=sk_ac_avg solver=filo2 stage=post_ls ls=pyvrp iter=3
2026-03-15 22:29:14 | INFO     | [POOL #00255] 2527 437 1016 1594 1302 979 790 18 1134 17 2062 1603 30 957 2498 1367 607 1095 2709 356 1772 || mode=VB method=sk_ac_avg solver=filo2 stage=post_ls ls=pyvrp iter=3
2026-03-15 22:29:14 | INFO     | [POOL #00256] 1127 304 1724 2197 2436 1152 910 553 1464 152 382 190 1491 1486 779 72 1734 2580 128 1427 793 205 2783 643 737 1071 828 1503 2840 2425 767 2557 1440 622 2888 1999 1953 || mode=VB method=sk_ac_avg solver=filo2 stage=post_ls ls=pyvrp iter=3
2026-03-15 22:29:14 | INFO     | [POOL #00257] 2290 2535 1765 1972 1123 2037 606 1707 2603 2502 2604 1460 2486 8 2158 593 2820 1201 2097 1937 7 844 1538 || mode=VB method=sk_ac_avg solver=filo2 stage=post_ls ls=pyvrp iter=3
2026-03-15 22:29:14 | INFO     | [POOL #00258] 2355 2791 1996 2128 2593 2454 813 315 2421 2295 1632 2842 2543 1650 1059 2845 415 1236 2789 35 112 1986 1203 2900 || mode=VB method=sk_ac_avg solver=filo2 stage=post_ls ls=pyvrp iter=3
2026-03-15 22:29:14 | INFO     | [POOL #00259] 2188 2381 1905 2555 1027 2089 950 1160 2376 364 2268 1822 2002 1841 851 195 235 2632 2617 311 1459 || mode=VB method=sk_ac_avg solver=filo2 stage=post_ls ls=pyvrp iter=3
2026-03-15 22:29:14 | INFO     | [POOL #00260] 302 2019 2326 1435 1715 1244 1223 2826 605 1354 1949 1139 2338 1697 1862 993 2403 515 680 390 577 1658 || mode=VB method=sk_ac_avg solver=filo2 stage=post_ls ls=pyvrp iter=3
2026-03-15 22:29:14 | INFO     | [POOL #00261] 752 1722 705 938 1415 1044 423 1689 2343 2626 2399 2168 2426 1260 2551 2653 2569 1360 1323 1770 248 2156 || mode=VB method=sk_ac_avg solver=filo2 stage=post_ls ls=pyvrp iter=3
2026-03-15 22:29:14 | INFO     | [POOL #00262] 999 376 406 346 806 2697 2363 1784 802 845 184 1178 42 1672 1269 1766 117 1009 54 2017 2091 1600 2827 731 1265 864 124 1122 2476 1290 2153 1785 1438 2518 493 2208 1305 1528 546 1229 2327 591 1558 298 1948 1391 2195 627 994 587 1112 1240 2427 2270 2058 1097 883 2218 1049 747 2125 2198 2041 2103 || mode=VB method=sk_ac_avg solver=filo2 stage=post_ls ls=pyvrp iter=3
2026-03-15 22:29:14 | INFO     | [POOL #00263] 2074 20 1496 59 1505 770 341 2241 2220 455 2080 1615 2137 2847 1713 1825 1167 2146 1511 2515 1015 1818 || mode=VB method=sk_ac_avg solver=filo2 stage=post_ls ls=pyvrp iter=3
2026-03-15 22:29:14 | INFO     | [POOL #00264] 1280 2717 2590 1984 1087 2463 2693 2694 209 181 279 2149 2291 393 290 1753 1228 1834 1439 1343 2479 143 2520 78 2646 324 || mode=VB method=sk_ac_avg solver=filo2 stage=post_ls ls=pyvrp iter=3
2026-03-15 22:29:14 | INFO     | [POOL #00265] 109 673 822 1040 1333 2811 1910 344 1518 383 1681 1547 656 1352 2165 2258 1475 161 2385 1369 1844 1726 875 1510 862 366 2530 219 659 1738 2024 1990 2316 353 412 2375 || mode=VB method=sk_ac_avg solver=filo2 stage=post_ls ls=pyvrp iter=3
2026-03-15 22:29:14 | INFO     | [POOL #00266] 52 1291 1820 1372 891 1795 902 620 888 2703 1876 2482 2120 454 852 1635 438 1371 2073 1421 2541 1386 863 2666 937 711 2081 2605 1727 1436 1976 1921 646 1569 285 927 2621 1004 1832 2467 1835 1465 2469 2342 22 1884 1911 920 2908 197 435 1102 759 1389 268 1107 2383 || mode=VB method=sk_ac_avg solver=filo2 stage=post_ls ls=pyvrp iter=3
2026-03-15 22:29:14 | INFO     | [POOL #00267] 2746 1072 1860 2473 549 985 2109 467 461 254 1347 2491 2224 1756 2000 936 2187 1090 459 2396 1 71 579 1941 2102 92 2906 1573 1645 482 1932 1358 57 87 1234 2456 1757 286 2367 820 1912 2054 1589 2443 2863 391 580 616 1875 65 2879 664 217 833 2018 649 2857 1859 811 || mode=VB method=sk_ac_avg solver=filo2 stage=post_ls ls=pyvrp iter=3
2026-03-15 22:29:14 | INFO     | [POOL #00268] 2506 451 1238 718 2494 908 850 2184 62 2728 893 1758 1089 2205 540 16 1967 432 2607 1096 1461 2464 2230 || mode=VB method=sk_ac_avg solver=filo2 stage=post_ls ls=pyvrp iter=3
2026-03-15 22:29:14 | INFO     | [POOL #00269] 114 1656 187 787 1698 603 1644 207 1622 1084 1762 1147 2562 2633 2079 2516 1401 2895 1221 2404 188 1687 1225 696 1113 2395 589 1627 1560 75 2654 2451 137 2134 2853 2584 281 392 || mode=VB method=sk_ac_avg solver=filo2 stage=post_ls ls=pyvrp iter=3
2026-03-15 22:29:14 | INFO     | [POOL #00270] 2115 1655 2629 858 1263 107 223 1441 211 2214 1368 238 1492 247 202 2364 2211 1480 2026 130 535 229 || mode=VB method=sk_ac_avg solver=filo2 stage=post_ls ls=pyvrp iter=3
2026-03-15 22:29:14 | INFO     | [POOL #00271] 1043 2671 2754 2501 543 2207 2608 1026 1450 216 2167 1992 1212 70 573 2056 2228 2809 2601 2322 244 456 803 172 2883 48 1934 413 648 259 1470 300 1295 1017 2442 1074 1022 2800 1522 2690 2586 1928 2623 1410 2368 1951 1688 2394 6 638 2060 1255 2839 1567 2308 1709 2904 2377 1242 171 194 505 1013 1530 1327 2511 2743 955 2382 332 || mode=VB method=sk_ac_avg solver=filo2 stage=post_ls ls=pyvrp iter=3
2026-03-15 22:29:14 | INFO     | [POOL #00272] 1171 1613 2429 1330 701 2553 360 809 608 1198 167 379 821 431 2804 1915 367 257 1231 2631 1418 1443 2069 173 278 450 838 2705 1036 1344 271 2272 2775 2806 208 269 1348 103 368 2846 1143 2819 1908 2335 2793 2053 654 1794 2007 1490 2151 1133 398 2833 1434 1535 2328 525 2766 233 944 2563 1904 277 939 513 2911 || mode=VB method=sk_ac_avg solver=filo2 stage=post_ls ls=pyvrp iter=3
2026-03-15 22:29:14 | INFO     | [POOL #00273] 1668 53 900 2013 272 1745 1899 1047 1002 1345 458 1172 490 1926 2832 1954 166 1533 2765 1259 1406 28 2808 2490 2309 1671 997 881 1994 1812 931 1621 2190 1731 2346 545 126 1649 2685 2855 1930 1659 1318 1920 1050 1076 834 633 282 2180 331 2027 1521 2050 1596 2468 2254 2637 10 1020 1170 2349 1494 1092 1404 1539 555 531 || mode=VB method=sk_ac_avg solver=filo2 stage=post_ls ls=pyvrp iter=3
2026-03-15 22:29:14 | INFO     | [POOL #00274] 2679 1507 1629 146 141 2200 41 2500 516 1562 2503 1031 1800 1163 2332 1068 2695 1657 1069 303 2755 407 949 583 1559 959 1445 249 2748 || mode=VB method=sk_ac_avg solver=filo2 stage=post_ls ls=pyvrp iter=3
2026-03-15 22:29:14 | INFO     | [POOL #00275] 369 2391 2525 2897 1370 394 2389 1563 91 440 956 185 2488 1048 582 1840 2048 2769 2434 1816 138 2487 68 1005 590 1881 2145 2552 147 2136 624 1375 2662 2659 1587 2612 1174 563 420 289 1337 1803 77 2393 2127 1927 1605 2123 2098 280 1495 2838 695 464 319 1891 2362 1801 2417 1964 2797 668 2269 1566 34 880 968 222 || mode=VB method=sk_ac_avg solver=filo2 stage=post_ls ls=pyvrp iter=3
2026-03-15 22:29:14 | INFO     | [POOL #00276] 1819 2210 2700 1809 666 1154 1156 250 837 348 2431 1001 625 2274 1275 1052 1449 599 1914 2266 784 1952 471 2182 1038 2876 917 1674 2779 338 1128 260 2483 2734 2297 1523 2445 2045 2579 357 683 1382 1739 2708 1660 2189 226 15 2430 866 2721 717 427 2817 1219 1704 414 2152 1542 2244 || mode=VB method=sk_ac_avg solver=filo2 stage=post_ls ls=pyvrp iter=3
2026-03-15 22:29:14 | INFO     | [POOL #00277] 810 2716 970 2647 2333 397 1991 342 1463 1497 641 1892 1388 151 2657 621 349 2225 2307 1767 1247 1746 || mode=VB method=sk_ac_avg solver=filo2 stage=post_ls ls=pyvrp iter=3
2026-03-15 22:29:14 | INFO     | [POOL #00278] 984 1051 1146 1062 2046 791 2415 2610 2387 2397 2107 404 2894 2830 2481 2850 1651 723 1614 452 2686 2280 || mode=VB method=sk_ac_avg solver=filo2 stage=post_ls ls=pyvrp iter=3
2026-03-15 22:29:14 | INFO     | [POOL #00279] 995 1847 876 885 2475 918 2330 457 2096 2169 13 43 2093 958 1877 2792 445 1200 2862 1618 2609 1011 2174 314 1679 595 2233 946 2871 2011 2699 2028 402 923 2719 2676 354 325 1006 2547 2711 1798 2440 2450 1111 443 1253 308 550 1935 323 1543 537 557 1131 2323 935 575 1396 2495 630 2822 2724 264 1365 1544 962 2140 168 1055 1428 647 || mode=VB method=sk_ac_avg solver=filo2 stage=post_ls ls=pyvrp iter=3
2026-03-15 22:29:14 | INFO     | [POOL #00280] 1595 2298 2262 2247 2453 2913 2260 84 2223 2823 2135 417 5 1186 524 489 1797 1033 2457 129 745 2587 2892 1586 1416 1207 2267 1740 1246 2154 442 2684 1864 2131 408 2234 511 829 497 1342 372 258 906 1702 1408 2785 566 132 2412 1968 266 1902 2852 1135 2658 1897 998 1617 2288 2670 2714 2350 518 879 1398 2750 36 2890 312 || mode=VB method=sk_ac_avg solver=filo2 stage=post_ls ls=pyvrp iter=3
2026-03-15 22:29:14 | INFO     | [POOL #00281] 1824 847 1536 2066 2236 155 792 301 773 104 716 1680 1776 2126 2485 824 1871 1578 1132 330 2864 1969 || mode=VB method=sk_ac_avg solver=filo2 stage=post_ls ls=pyvrp iter=3
2026-03-15 22:29:14 | INFO     | [POOL #00282] 2178 1919 2143 961 2448 929 1742 2163 650 1846 2324 2360 2374 2869 1356 1684 1714 519 2371 1403 355 1901 2909 469 1973 596 751 952 2257 523 2639 2512 948 1205 578 1750 1993 176 748 634 631 1943 1647 992 1786 1980 1042 2428 2739 2737 1654 384 1098 1570 740 2706 878 1623 2741 1339 2344 861 || mode=VB method=sk_ac_avg solver=filo2 stage=post_ls ls=pyvrp iter=3
2026-03-15 22:29:14 | INFO     | [POOL #00283] 180 1827 2238 1057 2285 1501 1125 2550 361 628 2524 2559 2825 2110 106 1276 660 1034 640 1524 1104 808 2373 509 1012 1064 2656 1885 1320 1625 798 1620 1226 21 2592 517 1673 1909 2747 713 2762 629 720 1961 2320 2844 89 1073 1983 2304 2732 237 1888 1572 1868 951 345 725 2206 1414 538 2112 1188 120 || mode=VB method=sk_ac_avg solver=filo2 stage=post_ls ls=pyvrp iter=3
2026-03-15 22:29:14 | INFO     | [POOL #00284] 1737 510 1045 1950 1861 1843 512 1857 1648 859 2768 2273 74 2023 527 1748 2203 2177 1965 2303 782 200 2589 2282 586 1691 848 1764 1893 1136 1793 1874 965 2688 832 2077 1481 2661 2294 1214 2831 2025 4 2147 2005 156 2641 2643 1728 436 560 1024 1676 940 1924 220 2651 2672 529 774 274 322 2008 1773 1723 2567 2696 2166 1831 2484 || mode=VB method=sk_ac_avg solver=filo2 stage=post_ls ls=pyvrp iter=3
2026-03-15 22:29:14 | INFO     | [POOL #00285] 860 796 1759 2038 872 2162 425 689 2446 2441 58 2576 522 719 2874 699 476 1553 374 1271 574 2410 1664 1821 1361 2321 1270 276 328 1717 1732 1425 1520 1580 1815 1906 429 234 2578 1129 2042 27 2413 2012 1813 526 2834 1056 133 1778 1115 2896 1448 1769 887 449 421 738 1979 2665 1837 2078 2255 448 1021 805 1584 163 || mode=VB method=sk_ac_avg solver=filo2 stage=post_ls ls=pyvrp iter=3
2026-03-15 22:29:14 | INFO     | [POOL #00286] 96 2725 63 2347 1887 296 925 2650 2773 901 2462 710 2248 2837 475 1091 2636 2129 756 960 2881 1532 || mode=VB method=fcm solver=filo1 stage=post_ls ls=pyvrp iter=4
2026-03-15 22:29:14 | INFO     | [POOL #00287] 1879 2341 1962 1556 2032 1763 2170 1218 2292 1747 584 1710 409 1189 2271 1610 1070 928 980 288 218 1101 1883 19 1065 2237 826 1014 2784 1387 1429 1294 || mode=VB method=fcm solver=filo1 stage=post_ls ls=pyvrp iter=4
2026-03-15 22:29:14 | INFO     | [POOL #00288] 1999 622 1440 149 2108 1433 2 1377 1858 794 131 433 1158 213 134 1923 781 704 749 1752 2557 1730 || mode=VB method=fcm solver=filo1 stage=post_ls ls=pyvrp iter=4
2026-03-15 22:29:14 | INFO     | [POOL #00289] 722 1576 1682 1326 376 2407 671 2015 327 1719 1324 406 2125 1049 2218 124 2153 1785 2518 1438 864 1265 731 2827 1600 2091 2017 54 1009 117 1766 1269 1672 42 1178 184 845 802 1784 2363 2697 806 346 678 867 2805 2249 2222 1447 561 73 1975 1957 698 817 2508 2279 2764 999 1504 2118 2181 1942 2888 || mode=VB method=fcm solver=filo1 stage=post_ls ls=pyvrp iter=4
2026-03-15 22:29:14 | INFO     | [POOL #00290] 2565 2472 685 534 2583 1268 1735 11 2265 370 614 153 1007 255 1289 1577 1266 3 294 2063 2164 203 || mode=VB method=fcm solver=filo1 stage=post_ls ls=pyvrp iter=4
2026-03-15 22:29:14 | INFO     | [POOL #00291] 1335 2372 564 2866 2113 306 2345 1477 854 2064 2489 1842 2099 193 775 1531 2094 140 2649 1582 1392 2727 || mode=VB method=fcm solver=filo1 stage=post_ls ls=pyvrp iter=4
2026-03-15 22:29:14 | INFO     | [POOL #00292] 1155 884 715 1457 2692 597 329 1298 214 653 1103 1383 1696 2084 528 1845 870 688 1322 483 97 2036 2669 1790 1895 2259 551 843 2663 657 652 || mode=VB method=fcm solver=filo1 stage=post_ls ls=pyvrp iter=4
2026-03-15 22:29:14 | INFO     | [POOL #00293] 724 865 373 982 79 1985 567 915 874 1869 411 2756 1281 2618 2252 930 1067 2179 1878 2261 2572 1252 || mode=VB method=fcm solver=filo1 stage=post_ls ls=pyvrp iter=4
2026-03-15 22:29:14 | INFO     | [POOL #00294] 1958 400 1929 2319 2356 2423 1593 2780 818 868 2816 1854 182 243 1409 1636 1829 604 2723 2752 2155 || mode=VB method=fcm solver=filo1 stage=post_ls ls=pyvrp iter=4
2026-03-15 22:29:14 | INFO     | [POOL #00295] 422 976 2281 1612 921 61 430 2889 2354 2313 2856 1754 2526 2788 1678 2314 1061 1741 2742 1395 687 694 || mode=VB method=fcm solver=filo1 stage=post_ls ls=pyvrp iter=4
2026-03-15 22:29:14 | INFO     | [POOL #00296] 2546 1634 840 1865 2351 1332 1608 468 1355 1150 2678 136 1515 2216 502 2891 714 1394 2278 199 585 1550 || mode=VB method=fcm solver=filo1 stage=post_ls ls=pyvrp iter=4
2026-03-15 22:29:14 | INFO     | [POOL #00297] 352 1526 521 125 913 989 815 853 2492 178 396 2824 1169 2902 1286 275 2433 514 1376 273 2870 1499 2132 || mode=VB method=fcm solver=filo1 stage=post_ls ls=pyvrp iter=4
2026-03-15 22:29:14 | INFO     | [POOL #00298] 1808 2795 1855 2730 2886 800 1870 672 2416 299 305 548 2449 1546 1540 198 1472 700 1039 2083 1946 2620 || mode=VB method=fcm solver=filo1 stage=post_ls ls=pyvrp iter=4
2026-03-15 22:29:14 | INFO     | [POOL #00299] 2183 1245 1872 1853 2782 2899 2540 1592 2365 1705 85 1970 191 465 2787 2595 154 481 727 410 2231 1823 || mode=VB method=fcm solver=filo1 stage=post_ls ls=pyvrp iter=4
2026-03-15 22:29:14 | INFO     | [POOL #00300] 1917 1761 1947 1374 2366 1185 486 350 263 1108 1261 613 568 2185 340 1548 2640 1509 1517 206 1900 1590 520 || mode=VB method=fcm solver=filo1 stage=post_ls ls=pyvrp iter=4
2026-03-15 22:29:14 | INFO     | [POOL #00301] 2117 2334 347 241 447 1105 771 1258 2359 142 588 2858 626 160 1630 1195 38 1640 934 1774 1716 1041 || mode=VB method=fcm solver=filo1 stage=post_ls ls=pyvrp iter=4
2026-03-15 22:29:14 | INFO     | [POOL #00302] 480 856 1300 2859 973 2821 1641 2461 2474 2293 1718 1210 602 495 1473 2531 359 93 405 570 2003 2325 || mode=VB method=fcm solver=filo1 stage=post_ls ls=pyvrp iter=4
2026-03-15 22:29:14 | INFO     | [POOL #00303] 246 1152 755 2436 1907 2197 304 || mode=VB method=fcm solver=filo1 stage=post_ls ls=pyvrp iter=4
2026-03-15 22:29:14 | INFO     | [POOL #00304] 1743 1826 1328 1662 1248 251 228 1227 658 1077 135 894 1379 776 2055 533 2861 2630 2614 284 953 || mode=VB method=fcm solver=filo1 stage=post_ls ls=pyvrp iter=4
2026-03-15 22:29:14 | INFO     | [POOL #00305] 395 1498 932 679 2718 2521 814 2843 2052 336 418 1998 2522 46 1254 1272 1469 2171 1211 2777 690 954 || mode=VB method=fcm solver=filo1 stage=post_ls ls=pyvrp iter=4
2026-03-15 22:29:14 | INFO     | [POOL #00306] 1720 463 1551 1525 1898 1179 81 2071 1066 609 343 1025 2497 1781 88 2875 730 496 635 986 1799 2625 2067 1249 || mode=VB method=fcm solver=filo1 stage=post_ls ls=pyvrp iter=4
2026-03-15 22:29:14 | INFO     | [POOL #00307] 1279 2602 2384 2664 1085 873 1817 313 639 1736 1239 1487 1060 1380 1400 2148 2667 215 292 1230 1956 29 || mode=VB method=fcm solver=filo1 stage=post_ls ls=pyvrp iter=4
2026-03-15 22:29:14 | INFO     | [POOL #00308] 969 267 2398 966 645 186 1130 733 375 426 2253 983 100 2770 1422 102 2232 836 2598 1452 1030 33 2573 || mode=VB method=fcm solver=filo1 stage=post_ls ls=pyvrp iter=4
2026-03-15 22:29:14 | INFO     | [POOL #00309] 1839 663 910 123 1293 532 2009 225 317 2141 1458 855 742 1032 1284 943 825 1018 94 1204 1331 || mode=VB method=fcm solver=filo1 stage=post_ls ls=pyvrp iter=4
2026-03-15 22:29:14 | INFO     | [POOL #00310] 2040 1144 2905 665 2514 1208 1571 491 1140 739 1310 2264 2240 735 1541 2480 702 1118 2070 1168 2814 1575 || mode=VB method=fcm solver=filo1 stage=post_ls ls=pyvrp iter=4
2026-03-15 22:29:14 | INFO     | [POOL #00311] 1164 1378 1782 2493 1209 1873 2068 1552 2828 1661 1683 358 1099 2710 242 2212 1432 601 1744 283 2311 1695 2509 1197 1512 || mode=VB method=fcm solver=filo1 stage=post_ls ls=pyvrp iter=4
2026-03-15 22:29:14 | INFO     | [POOL #00312] 2035 2405 1277 2044 500 974 703 2477 1940 2674 2459 536 157 1008 245 31 1256 1978 2774 2336 2243 2564 || mode=VB method=fcm solver=filo1 stage=post_ls ls=pyvrp iter=4
2026-03-15 22:29:14 | INFO     | [POOL #00313] 224 2655 1117 963 1148 2202 909 1119 381 1468 501 2114 2460 2597 2660 1336 1451 204 801 2807 1506 || mode=VB method=fcm solver=filo1 stage=post_ls ls=pyvrp iter=4
2026-03-15 22:29:14 | INFO     | [POOL #00314] 44 786 2533 1304 2763 265 1003 2815 804 2903 947 819 2571 2299 2300 2877 201 1384 2865 2790 1086 || mode=VB method=fcm solver=filo1 stage=post_ls ls=pyvrp iter=4
2026-03-15 22:29:14 | INFO     | [POOL #00315] 746 1217 2296 1093 905 1597 2194 1516 1184 2239 252 2150 1237 389 1283 1478 1931 636 1334 2159 || mode=VB method=fcm solver=filo1 stage=post_ls ls=pyvrp iter=4
2026-03-15 22:29:14 | INFO     | [POOL #00316] 1830 693 2057 542 2401 98 1116 812 1046 1137 80 1476 380 912 2628 1936 1807 788 1340 2887 2689 1579 || mode=VB method=fcm solver=filo1 stage=post_ls ls=pyvrp iter=4
2026-03-15 22:29:14 | INFO     | [POOL #00317] 1665 1264 1100 1423 612 2030 399 1083 1173 1675 1453 2458 2199 2704 2039 1775 600 539 2566 1706 1663 2644 734 || mode=VB method=fcm solver=filo1 stage=post_ls ls=pyvrp iter=4
2026-03-15 22:29:14 | INFO     | [POOL #00318] 978 2246 764 2681 174 1838 1788 2209 99 1545 2585 2004 2582 2675 1814 1078 1058 839 1599 565 || mode=VB method=fcm solver=filo1 stage=post_ls ls=pyvrp iter=4
2026-03-15 22:29:14 | INFO     | [POOL #00319] 1088 1604 2652 544 144 2001 2106 1159 835 2642 2092 494 684 1054 1889 1485 2702 139 1424 877 1359 473 || mode=VB method=fcm solver=filo1 stage=post_ls ls=pyvrp iter=4
2026-03-15 22:29:14 | INFO     | [POOL #00320] 1325 1157 1437 1402 1446 2059 766 2250 1982 1278 2648 2193 2101 571 2348 1828 1670 1251 914 1690 1616 691 2186 || mode=VB method=fcm solver=filo1 stage=post_ls ls=pyvrp iter=4
2026-03-15 22:29:14 | INFO     | [POOL #00321] 453 895 860 849 598 2740 1317 425 689 1126 2529 2419 231 632 2619 333 611 2848 1780 2867 619 175 2088 118 1165 1282 924 744 1791 2799 297 2201 1417 2242 1232 2006 270 2802 150 1444 2744 2611 2173 2761 || mode=VB method=fcm solver=filo1 stage=post_ls ls=pyvrp iter=4
2026-03-15 22:29:14 | INFO     | [POOL #00322] 553 2379 2178 1919 2255 929 1742 2896 1115 2324 2360 2374 2869 1356 1684 2578 1732 429 234 1906 1815 1580 1520 1425 1717 328 276 1270 2321 1361 1821 1664 2549 2329 1250 2545 2691 2634 2386 2466 1314 2738 2410 1913 295 2204 1553 476 699 2874 1846 650 2163 2448 961 2143 872 2038 1759 796 2369 2841 1316 2707 || mode=VB method=fcm solver=filo1 stage=post_ls ls=pyvrp iter=4
2026-03-15 22:29:14 | INFO     | [POOL #00323] 1849 1565 1288 768 2548 890 1896 2105 309 2076 1287 981 1805 1455 1081 363 2810 337 541 419 || mode=VB method=fcm solver=filo1 stage=post_ls ls=pyvrp iter=4
2026-03-15 22:29:14 | INFO     | [POOL #00324] 1561 506 769 2176 1483 1363 2622 2753 2142 56 2668 2121 2873 2130 1626 1863 321 1514 2049 2312 785 || mode=VB method=fcm solver=filo1 stage=post_ls ls=pyvrp iter=4
2026-03-15 22:29:14 | INFO     | [POOL #00325] 1667 1474 823 1299 2818 2251 1390 1639 2175 1646 1430 1925 2600 2400 2422 239 842 919 2528 750 761 1456 || mode=VB method=fcm solver=filo1 stage=post_ls ls=pyvrp iter=4
2026-03-15 22:29:14 | INFO     | [POOL #00326] 651 1529 2361 212 127 2745 2435 1308 1977 988 1669 2901 2683 562 2122 1519 2907 871 2720 1643 721 2757 || mode=VB method=fcm solver=filo1 stage=post_ls ls=pyvrp iter=4
2026-03-15 22:29:14 | INFO     | [POOL #00327] 662 2570 2731 446 1796 1202 1094 318 1554 2872 2414 1075 1611 1241 1699 754 293 1321 2277 967 485 428 || mode=VB method=fcm solver=filo1 stage=post_ls ls=pyvrp iter=4
2026-03-15 22:29:14 | INFO     | [POOL #00328] 2505 1933 291 708 484 706 2760 183 1177 2882 508 51 1966 1971 170 2033 2318 1787 1598 1607 2411 || mode=VB method=fcm solver=filo1 stage=post_ls ls=pyvrp iter=4
2026-03-15 22:29:14 | INFO     | [POOL #00329] 1138 2337 111 66 743 780 889 1346 1564 1749 686 1488 1141 2061 1988 2022 846 387 547 1568 || mode=VB method=fcm solver=filo1 stage=post_ls ls=pyvrp iter=4
2026-03-15 22:29:14 | INFO     | [POOL #00330] 2227 1329 2420 1652 1405 581 670 1357 1624 1922 1315 105 2031 1019 1894 1609 772 90 2645 488 261 424 || mode=VB method=fcm solver=filo1 stage=post_ls ls=pyvrp iter=4
2026-03-15 22:29:14 | INFO     | [POOL #00331] 236 576 2801 487 2446 2441 1271 2680 2390 1364 1500 2778 2574 460 2893 2357 82 972 1693 896 2537 2339 2287 434 472 2591 2315 2082 1513 2615 1274 2402 987 2284 1243 262 574 374 719 522 2576 58 2162 2139 119 728 || mode=VB method=fcm solver=filo1 stage=post_ls ls=pyvrp iter=4
2026-03-15 22:29:14 | INFO     | [POOL #00332] 1555 1852 2786 2219 2213 1945 1493 1028 1810 1262 1412 2317 926 14 2217 2523 2160 165 1037 644 1789 2616 || mode=VB method=fcm solver=filo1 stage=post_ls ls=pyvrp iter=4
2026-03-15 22:29:14 | INFO     | [POOL #00333] 326 2715 2796 2353 1588 115 2698 1109 287 2558 2898 1313 2380 221 1721 2627 2910 2701 378 2556 1151 1466 1489 478 2884 2388 || mode=VB method=fcm solver=filo1 stage=post_ls ls=pyvrp iter=4
2026-03-15 22:29:14 | INFO     | [POOL #00334] 2465 2813 1989 2283 2510 1729 2378 2235 975 758 1903 2539 1850 1120 2504 179 1183 1420 1419 2286 617 2781 || mode=VB method=fcm solver=filo1 stage=post_ls ls=pyvrp iter=4
2026-03-15 22:29:14 | INFO     | [POOL #00335] 503 799 2507 1206 765 2047 2673 492 227 1534 1411 556 1381 351 1367 607 444 1063 857 437 1399 1733 || mode=VB method=fcm solver=filo1 stage=post_ls ls=pyvrp iter=4
2026-03-15 22:29:14 | INFO     | [POOL #00336] 1700 797 1918 941 1296 2221 2772 2860 2536 903 416 2352 1010 2229 1309 2090 1362 158 401 189 83 122 230 || mode=VB method=fcm solver=filo1 stage=post_ls ls=pyvrp iter=4
2026-03-15 22:29:14 | INFO     | [POOL #00337] 1213 145 25 439 942 709 2455 2470 681 2776 1666 2370 777 2289 108 2519 2172 2581 386 1963 2560 316 1692 || mode=VB method=fcm solver=filo1 stage=post_ls ls=pyvrp iter=4
2026-03-15 22:29:14 | INFO     | [POOL #00338] 831 2085 1916 1166 1886 707 1585 2305 1601 741 162 40 1633 1955 736 892 2119 1848 911 1467 1777 2111 || mode=VB method=fcm solver=filo1 stage=post_ls ls=pyvrp iter=4
2026-03-15 22:29:14 | INFO     | [POOL #00339] 2527 1772 356 2709 1095 1297 2498 957 30 1603 1235 2062 17 1134 18 790 979 1302 1594 1016 1349 || mode=VB method=fcm solver=filo1 stage=post_ls ls=pyvrp iter=4
2026-03-15 22:29:14 | INFO     | [POOL #00340] 159 964 674 177 1153 441 1619 592 795 712 2835 2561 569 1708 49 371 69 1180 477 253 1442 618 || mode=VB method=fcm solver=filo1 stage=post_ls ls=pyvrp iter=4
2026-03-15 22:29:14 | INFO     | [POOL #00341] 462 1637 101 1194 2418 2499 677 1779 1581 991 996 1866 1981 2759 1557 499 2302 2532 2087 1273 1311 1000 232 || mode=VB method=fcm solver=filo1 stage=post_ls ls=pyvrp iter=4
2026-03-15 22:29:14 | INFO     | [POOL #00342] 110 2851 922 2912 2599 1880 2596 692 1802 2010 2677 594 2638 256 210 1454 2276 882 1079 1631 1987 1677 || mode=VB method=fcm solver=filo1 stage=post_ls ls=pyvrp iter=4
2026-03-15 22:29:14 | INFO     | [POOL #00343] 339 2606 1199 2138 2133 1350 2408 757 1606 1638 697 192 388 1187 2613 504 2310 2016 2095 2575 1082 37 || mode=VB method=fcm solver=filo1 stage=post_ls ls=pyvrp iter=4
2026-03-15 22:29:14 | INFO     | [POOL #00344] 1628 2301 1080 2496 1162 1851 2513 971 2124 310 2544 507 2758 2588 365 2478 1751 2749 2517 || mode=VB method=fcm solver=filo1 stage=post_ls ls=pyvrp iter=4
2026-03-15 22:29:14 | INFO     | [POOL #00345] 498 1121 163 1737 1584 805 1021 448 2078 1837 2665 1979 738 421 449 887 1769 1448 1778 133 1056 2834 526 1813 2012 2413 27 2042 1129 1714 519 2371 1403 355 1901 2909 469 1973 596 848 1691 2589 200 782 2303 1965 2177 2203 2023 527 74 2273 2768 859 1648 1857 512 1843 1861 1950 1045 510 190 120 1471 2722 || mode=VB method=fcm solver=filo1 stage=post_ls ls=pyvrp iter=4
2026-03-15 22:29:14 | INFO     | [POOL #00346] 1161 1549 1771 2798 320 9 474 907 2635 2471 623 377 753 827 726 1191 1224 1760 2306 807 39 || mode=VB method=fcm solver=filo1 stage=post_ls ls=pyvrp iter=4
2026-03-15 22:29:14 | INFO     | [POOL #00347] 2751 767 2447 2840 1503 1071 828 737 643 2783 793 1427 205 2206 725 345 660 1034 640 1524 808 2373 509 1012 1064 2762 629 1673 517 2592 1909 713 2747 21 1226 1620 798 1885 2656 1320 1625 2008 1773 1723 2567 2696 1276 106 2110 2825 2559 2524 628 361 2550 1057 2238 990 2444 || mode=VB method=fcm solver=filo1 stage=post_ls ls=pyvrp iter=4
2026-03-15 22:29:14 | INFO     | [POOL #00348] 661 95 1462 1110 12 669 2157 2439 2624 2104 1703 1591 610 2275 2829 403 2086 1292 1642 1527 2191 1938 2116 655 2878 2735 2534 1974 307 1181 816 1145 2029 676 2437 240 1029 1502 2854 642 763 2577 479 1023 2794 933 2885 47 1574 || mode=VB method=fcm solver=filo1 stage=post_ls ls=pyvrp iter=4
2026-03-15 22:29:14 | INFO     | [POOL #00349] 1149 2568 530 554 45 1182 1373 2868 1653 2075 113 899 1353 2161 2712 789 1106 1338 2409 67 86 32 1725 886 2014 1215 1959 2713 559 2554 || mode=VB method=fcm solver=filo1 stage=post_ls ls=pyvrp iter=4
2026-03-15 22:29:14 | INFO     | [POOL #00350] 1285 2392 23 1602 615 762 1190 2733 1783 552 2340 2406 164 1397 2424 1124 1176 1685 1053 196 1836 || mode=VB method=fcm solver=filo1 stage=post_ls ls=pyvrp iter=4
2026-03-15 22:29:14 | INFO     | [POOL #00351] 1142 1351 1366 2072 1686 682 1792 1035 1856 916 169 1233 1508 1537 2331 1484 1939 2256 667 1431 2542 || mode=VB method=fcm solver=filo1 stage=post_ls ls=pyvrp iter=4
2026-03-15 22:29:14 | INFO     | [POOL #00352] 760 1997 1393 1944 2452 1701 1114 148 1995 2836 55 2263 362 2196 76 732 1694 60 470 26 778 2020 2034 || mode=VB method=fcm solver=filo1 stage=post_ls ls=pyvrp iter=4
2026-03-15 22:29:14 | INFO     | [POOL #00353] 1385 2425 2726 1188 2112 538 1414 128 1868 951 237 2732 1104 2844 2320 1961 720 832 2077 1481 2661 2294 1214 2831 2025 4 2147 1993 1750 748 176 578 1205 948 2512 2639 523 2257 952 751 1136 1893 1764 1793 1874 965 2688 586 2282 89 1073 1983 2304 1748 1888 1572 2580 1734 72 779 1486 1491 382 152 1464 2682 || mode=VB method=fcm solver=filo1 stage=post_ls ls=pyvrp iter=4
2026-03-15 22:29:14 | INFO     | [POOL #00354] 1407 1220 2538 783 1806 2484 861 2344 1339 2741 878 1623 1890 869 116 1654 384 1098 2737 2771 50 1482 1341 1222 1196 1216 1301 2100 2428 2739 1980 1042 1786 992 1647 1943 631 634 156 2005 2641 2643 1728 436 560 1024 1676 940 1924 220 2651 2672 529 774 1570 274 322 740 2706 2166 1831 1125 1501 2285 1479 1827 180 || mode=VB method=fcm solver=filo1 stage=post_ls ls=pyvrp iter=4
2026-03-15 22:29:14 | INFO     | [POOL #00355] 1746 1767 397 1991 342 1463 1319 1192 2767 1497 1193 2736 385 641 1892 621 2657 349 2225 1680 1776 792 2236 || mode=VB method=fcm solver=filo1 stage=post_ls ls=pyvrp iter=4
2026-03-15 22:29:14 | INFO     | [POOL #00356] 2911 277 1330 701 233 2766 525 2328 1914 2266 784 1952 260 2483 654 2053 2819 1143 1348 2069 2775 2806 2272 1344 1036 2705 838 450 497 1342 829 511 2234 1295 300 1470 1017 2442 1074 1022 2800 1522 2690 2586 1587 2659 2662 2612 1174 563 420 289 1337 1803 77 2393 2127 2822 2724 264 1365 1544 962 2140 168 1055 668 2269 34 880 332 272 900 || mode=VB method=fcm solver=filo1 stage=post_ls ls=pyvrp iter=4
2026-03-15 22:29:14 | INFO     | [POOL #00357] 1969 1132 330 1303 810 2716 970 2647 945 1867 2812 1833 2333 2307 1247 2485 2126 824 1871 1578 2864 || mode=VB method=fcm solver=filo1 stage=post_ls ls=pyvrp iter=4
2026-03-15 22:29:14 | INFO     | [POOL #00358] 222 968 647 1428 2797 1964 2417 1801 2362 616 1891 319 464 695 2838 1495 280 2098 2123 1605 1927 2769 2434 1816 138 2487 68 1005 590 1881 2145 2552 147 2136 624 1375 1408 1702 906 258 372 278 173 2785 566 132 2412 1968 266 1902 2852 1135 2658 1897 998 1617 2288 2670 71 1 2396 459 2187 2750 1370 985 2391 1072 || mode=VB method=fcm solver=filo1 stage=post_ls ls=pyvrp iter=4
2026-03-15 22:29:14 | INFO     | [POOL #00359] 572 1711 64 466 1847 1047 1345 458 2832 1954 1533 2808 2490 2309 1396 575 935 2323 1671 1131 557 537 1543 550 1111 443 308 1253 2368 1410 2623 1928 1951 1688 2394 6 638 2060 1935 323 1255 2839 2495 630 1567 2308 1709 2904 2377 1242 171 194 505 1013 1530 1327 2511 1926 490 2743 955 1566 1899 1745 995 53 1668 || mode=VB method=fcm solver=filo1 stage=post_ls ls=pyvrp iter=4
2026-03-15 22:29:14 | INFO     | [POOL #00360] 1267 52 1291 2244 1542 2152 414 902 620 888 2817 2703 1876 427 717 2482 2120 454 852 1635 84 438 1371 2073 1421 2223 2823 683 357 2579 2045 2445 1523 2297 2734 1133 398 2833 1382 1739 1434 1535 1660 2708 2189 226 15 2430 866 2721 944 2563 1904 1219 1704 939 513 558 || mode=VB method=fcm solver=filo1 stage=post_ls ls=pyvrp iter=4
2026-03-15 22:29:14 | INFO     | [POOL #00361] 2074 20 1496 1505 2019 2326 1435 993 1862 1697 2338 1139 1492 1824 680 390 455 2220 2241 341 577 1658 || mode=VB method=fcm solver=filo1 stage=post_ls ls=pyvrp iter=4
2026-03-15 22:29:14 | INFO     | [POOL #00362] 2043 24 531 555 1539 1494 2349 1170 1020 10 2637 2468 1596 2050 1521 2027 1050 1659 1318 126 1649 2685 2855 1930 994 627 2195 1391 1948 298 1558 591 587 2327 546 1528 493 2208 1305 1229 1112 1240 2427 2270 2058 1290 2476 1122 1097 883 2254 747 2198 1960 1811 2687 2041 1755 977 2103 1882 2021 || mode=VB method=fcm solver=filo1 stage=post_ls ls=pyvrp iter=4
2026-03-15 22:29:14 | INFO     | [POOL #00363] 2144 2803 2746 811 1859 2857 649 2018 833 217 2879 1875 65 580 391 2863 2443 1589 2054 1912 820 2367 286 1757 2456 1234 87 57 1358 1932 2048 1840 482 1645 1573 2906 92 2102 1941 579 582 1048 2488 185 956 440 1090 91 1563 2389 394 664 2897 2525 1860 369 2890 312 1768 2226 1312 || mode=VB method=fcm solver=filo1 stage=post_ls ls=pyvrp iter=4
2026-03-15 22:29:14 | INFO     | [POOL #00364] 7 1937 1236 415 2845 1059 1650 2543 2842 1632 2295 2421 315 813 2376 1160 950 2089 851 195 235 311 || mode=VB method=fcm solver=filo1 stage=post_ls ls=pyvrp iter=4
2026-03-15 22:29:14 | INFO     | [POOL #00365] 1819 2210 2700 1809 666 1154 2429 1156 250 837 348 2553 360 809 625 2274 608 1275 1052 1449 599 167 1198 2182 471 1038 2876 917 1128 338 1674 2779 2631 1418 1443 1231 257 367 1915 2804 431 821 379 2714 2350 518 879 1398 936 2000 1756 2224 1001 2431 2491 1347 254 461 467 2109 549 2473 36 1613 1171 2051 || mode=VB method=fcm solver=filo1 stage=post_ls ls=pyvrp iter=4
2026-03-15 22:29:14 | INFO     | [POOL #00366] 673 1547 656 141 2853 2134 137 2451 2654 75 1212 1560 1627 589 2332 1068 1657 2695 207 1069 303 2755 949 407 787 1089 1758 1656 850 908 2494 114 || mode=VB method=fcm solver=filo1 stage=post_ls ls=pyvrp iter=4
2026-03-15 22:29:14 | INFO     | [POOL #00367] 2686 452 1614 723 1651 2850 2481 2830 2894 1084 1762 1147 1622 1644 603 1698 540 2205 16 1967 432 2607 1096 || mode=VB method=fcm solver=filo1 stage=post_ls ls=pyvrp iter=4
2026-03-15 22:29:14 | INFO     | [POOL #00368] 1127 1724 2355 2791 1459 2188 2617 2632 2381 1905 1027 2555 1996 2128 2789 35 112 1986 1203 2900 335 || mode=VB method=fcm solver=filo1 stage=post_ls ls=pyvrp iter=4
2026-03-15 22:29:14 | INFO     | [POOL #00369] 1820 1372 891 1795 2298 2262 2247 2453 2913 2260 863 1386 2541 2135 417 5 2151 1490 2007 1794 2793 2335 1908 2846 368 103 269 208 271 1416 1586 2892 2587 745 129 2457 1033 1797 489 524 1186 1436 1727 2605 2081 711 937 2666 22 1884 1911 920 2908 197 435 1102 759 1389 268 1107 109 1280 || mode=VB method=fcm solver=filo1 stage=post_ls ls=pyvrp iter=4
2026-03-15 22:29:14 | INFO     | [POOL #00370] 59 770 515 2403 1949 1354 605 2280 1461 2826 1223 2464 2230 1244 1715 2569 1323 705 1722 752 248 2156 || mode=VB method=fcm solver=filo1 stage=post_ls ls=pyvrp iter=4
2026-03-15 22:29:14 | INFO     | [POOL #00371] 1738 2149 2291 393 659 219 862 1510 875 1726 1844 1369 2385 161 2200 2584 927 281 1004 1832 2467 1835 2469 2501 2754 392 383 1518 344 1910 2811 1333 2679 822 2671 1043 1595 2290 || mode=VB method=fcm solver=filo1 stage=post_ls ls=pyvrp iter=4
2026-03-15 22:29:14 | INFO     | [POOL #00372] 1681 1629 146 2621 285 1569 2608 1026 216 1992 573 70 2056 2228 2809 2395 696 1225 1687 1113 2562 2633 2516 2079 1401 2895 188 2404 1221 648 259 413 1934 48 2883 172 803 2601 2322 244 456 408 2131 1864 2684 442 2154 1246 1740 2267 1207 2167 1450 2207 1921 1976 646 543 1465 2342 || mode=VB method=fcm solver=filo1 stage=post_ls ls=pyvrp iter=4
2026-03-15 22:29:14 | INFO     | [POOL #00373] 1307 876 1002 885 1404 1092 2475 918 2330 282 633 834 2180 331 1076 1920 545 2346 1731 2190 2169 43 1877 2792 445 1200 2862 1618 2609 1011 2174 314 1679 595 2233 946 2871 2011 2699 2028 402 923 2719 2676 354 325 2450 2440 1798 2711 2547 1006 2093 958 13 1621 931 1812 1994 881 997 2096 457 28 1406 1259 2765 166 1172 2382 2013 || mode=VB method=fcm solver=filo1 stage=post_ls ls=pyvrp iter=4
2026-03-15 22:29:14 | INFO     | [POOL #00374] 2065 2358 729 1712 858 334 1441 223 211 2214 1368 238 247 202 2364 107 1263 2211 1480 535 229 1818 || mode=VB method=fcm solver=filo1 stage=post_ls ls=pyvrp iter=4
2026-03-15 22:29:14 | INFO     | [POOL #00375] 2590 2693 279 290 1415 1044 423 2530 366 2506 1689 2343 2626 2399 2168 2426 1260 2551 2653 1360 1770 302 || mode=VB method=fcm solver=filo1 stage=post_ls ls=pyvrp iter=4
2026-03-15 22:29:14 | INFO     | [POOL #00376] 847 1536 2066 155 301 773 104 716 151 1388 2415 2610 2387 2397 2107 404 791 2046 1062 1146 1051 984 || mode=VB method=fcm solver=filo1 stage=post_ls ls=pyvrp iter=4
2026-03-15 22:29:14 | INFO     | [POOL #00377] 2593 2454 364 2268 1822 1825 1713 2847 2080 1615 2137 2026 130 2629 1655 2115 1167 2146 1511 2515 1015 2002 1841 || mode=VB method=fcm solver=filo1 stage=post_ls ls=pyvrp iter=4
2026-03-15 22:29:14 | INFO     | [POOL #00378] 451 1238 718 2184 62 2728 893 187 583 1559 1445 959 1800 1163 1031 2503 1562 2748 249 516 2500 41 1475 2258 2165 1352 2024 1990 2316 1507 1040 2717 || mode=VB method=fcm solver=filo1 stage=post_ls ls=pyvrp iter=4
2026-03-15 22:29:14 | INFO     | [POOL #00379] 2604 2502 324 2646 78 2520 143 2479 1834 938 1228 1753 1439 1343 181 209 2694 353 412 2375 2463 1087 1984 2603 2383 || mode=VB method=fcm solver=filo1 stage=post_ls ls=pyvrp iter=4
2026-03-15 22:29:14 | INFO     | [POOL #00380] 1538 844 1765 1972 1123 2097 1201 2820 593 2158 8 2486 1460 1707 606 2037 2535 2245 675 1953 || mode=VB method=fcm solver=filo1 stage=post_ls ls=pyvrp iter=4
2026-03-15 22:29:14 | INFO     | [POOL #00381] 144 2106 1159 836 102 2251 2818 2175 1646 1430 1925 1639 1390 2600 2400 2422 239 842 919 2528 983 2253 || mode=RB method=sk_kmeans solver=filo2 stage=post_ls ls=pyvrp iter=5
2026-03-15 22:29:14 | INFO     | [POOL #00382] 1199 2138 2133 1350 2408 757 1761 1606 697 1638 1374 1947 1467 1777 2085 195 235 2632 311 1459 2791 1203 2900 || mode=RB method=sk_kmeans solver=filo2 stage=post_ls ls=pyvrp iter=5
2026-03-15 22:29:14 | INFO     | [POOL #00383] 1152 755 785 2312 2049 1514 321 1863 532 2009 225 1626 1293 123 1164 2176 769 910 506 663 1561 || mode=RB method=sk_kmeans solver=filo2 stage=post_ls ls=pyvrp iter=5
2026-03-15 22:29:14 | INFO     | [POOL #00384] 1712 858 223 1969 1132 810 2716 970 2647 877 1424 139 1453 2458 1675 1173 1083 2030 399 1775 2039 600 || mode=RB method=sk_kmeans solver=filo2 stage=post_ls ls=pyvrp iter=5
2026-03-15 22:29:14 | INFO     | [POOL #00385] 1331 1204 1849 1565 1288 768 771 1258 2359 2858 626 395 160 1630 1105 447 38 1640 241 347 2334 2117 || mode=RB method=sk_kmeans solver=filo2 stage=post_ls ls=pyvrp iter=5
2026-03-15 22:29:14 | INFO     | [POOL #00386] 835 2642 424 488 2645 90 772 1299 1609 1894 1019 2031 823 1474 261 2092 1054 1889 1485 2199 2704 473 || mode=RB method=sk_kmeans solver=filo2 stage=post_ls ls=pyvrp iter=5
2026-03-15 22:29:14 | INFO     | [POOL #00387] 2436 1041 388 192 1751 1900 365 2588 1517 2758 507 2544 1851 206 1162 2496 1080 2301 934 1716 || mode=RB method=sk_kmeans solver=filo2 stage=post_ls ls=pyvrp iter=5
2026-03-15 22:29:14 | INFO     | [POOL #00388] 1724 2355 339 2606 1917 2095 2016 2310 504 2613 1187 2749 520 1628 1774 2517 2575 1082 37 1907 2197 || mode=RB method=sk_kmeans solver=filo2 stage=post_ls ls=pyvrp iter=5
2026-03-15 22:29:14 | INFO     | [POOL #00389] 1498 142 588 679 814 2521 2718 503 2105 309 2076 1287 981 1805 1300 856 1896 890 2548 480 94 || mode=RB method=sk_kmeans solver=filo2 stage=post_ls ls=pyvrp iter=5
2026-03-15 22:29:14 | INFO     | [POOL #00390] 2786 2219 2213 1945 2217 14 1262 1412 2317 926 1349 1016 444 1063 857 437 1399 2160 165 1037 644 1733 || mode=RB method=sk_kmeans solver=filo2 stage=post_ls ls=pyvrp iter=5
2026-03-15 22:29:14 | INFO     | [POOL #00391] 1384 201 1277 2044 734 703 2644 1663 1706 539 2566 2674 1940 2477 2459 536 157 1003 265 2533 786 44 || mode=RB method=sk_kmeans solver=filo2 stage=post_ls ls=pyvrp iter=5
2026-03-15 22:29:14 | INFO     | [POOL #00392] 831 2111 911 1848 2119 1585 707 2305 2358 729 2115 1167 2146 1511 229 2515 1015 2002 1818 1841 1916 851 || mode=RB method=sk_kmeans solver=filo2 stage=post_ls ls=pyvrp iter=5
2026-03-15 22:29:14 | INFO     | [POOL #00393] 462 1000 1311 1273 2087 2532 1779 677 1581 991 996 1423 612 1100 1264 1665 2499 2418 1194 101 1637 2865 2790 || mode=RB method=sk_kmeans solver=filo2 stage=post_ls ls=pyvrp iter=5
2026-03-15 22:29:14 | INFO     | [POOL #00394] 2845 1658 577 2847 455 390 680 247 202 2364 107 1263 2211 1480 2026 130 2629 1655 2065 2564 1886 1166 || mode=RB method=sk_kmeans solver=filo2 stage=post_ls ls=pyvrp iter=5
2026-03-15 22:29:14 | INFO     | [POOL #00395] 1590 310 2124 232 2880 1306 897 121 904 2192 1426 2729 898 841 1804 2432 2594 2215 2438 971 2513 1257 || mode=RB method=sk_kmeans solver=filo2 stage=post_ls ls=pyvrp iter=5
2026-03-15 22:29:14 | INFO     | [POOL #00396] 1059 1650 2543 2842 2295 1632 2074 20 1496 59 770 341 2241 2220 2080 1615 2137 535 1713 1825 1822 2268 || mode=RB method=sk_kmeans solver=filo2 stage=post_ls ls=pyvrp iter=5
2026-03-15 22:29:14 | INFO     | [POOL #00397] 1601 741 162 1304 2763 947 2815 804 2903 974 500 819 2571 2299 2300 2877 40 1633 2185 568 340 1548 || mode=RB method=sk_kmeans solver=filo2 stage=post_ls ls=pyvrp iter=5
2026-03-15 22:29:14 | INFO     | [POOL #00398] 1018 419 541 943 1284 1032 742 855 1458 1279 2130 2873 2121 56 2142 2753 2622 1363 1483 236 2509 2707 453 2682 1121 498 || mode=RB method=sk_kmeans solver=filo2 stage=post_ls ls=pyvrp iter=5
2026-03-15 22:29:14 | INFO     | [POOL #00399] 825 1956 1230 359 602 495 1210 1718 2293 2474 2461 1641 405 570 1455 1081 363 2810 337 2003 2325 || mode=RB method=sk_kmeans solver=filo2 stage=post_ls ls=pyvrp iter=5
2026-03-15 22:29:14 | INFO     | [POOL #00400] 2527 799 1772 356 2709 1095 607 1367 351 1381 556 1411 1534 227 492 2673 2047 765 2507 2821 973 2859 || mode=RB method=sk_kmeans solver=filo2 stage=post_ls ls=pyvrp iter=5
2026-03-15 22:29:14 | INFO     | [POOL #00401] 2243 2336 2774 1978 1256 31 245 1008 334 1441 211 2214 1368 238 1492 1824 1139 2338 2403 515 1505 || mode=RB method=sk_kmeans solver=filo2 stage=post_ls ls=pyvrp iter=5
2026-03-15 22:29:14 | INFO     | [POOL #00402] 790 18 1134 17 2062 2757 721 2720 1454 210 871 256 2638 1802 2596 692 1235 1603 30 957 2498 1297 || mode=RB method=sk_kmeans solver=filo2 stage=post_ls ls=pyvrp iter=5
2026-03-15 22:29:14 | INFO     | [POOL #00403] 684 494 1667 1315 1922 105 1624 1357 670 581 385 1405 2736 1193 1497 641 1892 2767 1652 1329 2227 2702 || mode=RB method=sk_kmeans solver=filo2 stage=post_ls ls=pyvrp iter=5
2026-03-15 22:29:14 | INFO     | [POOL #00404] 1493 1028 1810 2302 499 1557 2759 1981 1866 969 1604 882 1079 1088 1631 1987 1677 979 1302 1594 2523 || mode=RB method=sk_kmeans solver=filo2 stage=post_ls ls=pyvrp iter=5
2026-03-15 22:29:14 | INFO     | [POOL #00405] 110 2851 922 2912 2599 1880 2010 2677 594 2435 1308 1977 2745 127 212 708 291 1933 2505 1529 651 1206 || mode=RB method=sk_kmeans solver=filo2 stage=post_ls ls=pyvrp iter=5
2026-03-15 22:29:14 | INFO     | [POOL #00406] 2573 2652 544 2001 33 1030 1452 2598 2232 1422 2770 100 426 375 733 1130 186 645 966 2398 267 2276 1643 || mode=RB method=sk_kmeans solver=filo2 stage=post_ls ls=pyvrp iter=5
2026-03-15 22:29:14 | INFO     | [POOL #00407] 2478 1509 2640 1413 637 830 2849 1175 1583 1086 2405 2035 1955 736 892 613 1261 1108 263 350 486 1185 2366 || mode=RB method=sk_kmeans solver=filo2 stage=post_ls ls=pyvrp iter=5
2026-03-15 22:29:14 | INFO     | [POOL #00408] 1195 954 690 2777 1211 2171 1469 1272 1254 46 2522 1555 1852 1998 1789 2616 418 336 2052 2843 932 || mode=RB method=sk_kmeans solver=filo2 stage=post_ls ls=pyvrp iter=5
2026-03-15 22:29:14 | INFO     | [POOL #00409] 2141 2602 2384 1599 2664 1085 873 1817 2675 2582 2585 1545 2004 2411 1239 1487 1060 2148 292 1473 93 || mode=RB method=sk_kmeans solver=filo2 stage=post_ls ls=pyvrp iter=5
2026-03-15 22:29:14 | INFO     | [POOL #00410] 2864 1578 1871 2485 1746 1247 1767 2307 397 1991 342 1463 1319 1192 2420 1867 2812 1833 2333 945 1359 1303 330 || mode=RB method=sk_kmeans solver=filo2 stage=post_ls ls=pyvrp iter=5
2026-03-15 22:29:14 | INFO     | [POOL #00411] 2678 2155 2752 2723 604 1829 182 1854 2816 868 2780 818 2692 1457 1593 2423 2356 715 884 400 1155 || mode=RB method=sk_kmeans solver=filo2 stage=post_ls ls=pyvrp iter=5
2026-03-15 22:29:14 | INFO     | [POOL #00412] 1953 1999 622 1440 1858 1377 2 96 1161 1142 1923 781 704 749 1752 794 2557 1730 1839 246 304 1127 335 || mode=RB method=sk_kmeans solver=filo2 stage=post_ls ls=pyvrp iter=5
2026-03-15 22:29:14 | INFO     | [POOL #00413] 1754 1499 2870 273 1376 514 2433 1540 1472 198 1546 2449 548 305 299 2416 700 1039 2083 1946 2788 2526 1678 || mode=RB method=sk_kmeans solver=filo2 stage=post_ls ls=pyvrp iter=5
2026-03-15 22:29:14 | INFO     | [POOL #00414] 149 2108 2546 1634 1879 2341 1958 1608 1150 468 1355 136 1515 2216 1556 1962 714 199 585 1550 2888 || mode=RB method=sk_kmeans solver=filo2 stage=post_ls ls=pyvrp iter=5
2026-03-15 22:29:14 | INFO     | [POOL #00415] 63 1887 296 2281 1612 921 61 2620 2314 1061 1741 1808 1869 411 2756 2618 1281 2742 1395 687 976 694 || mode=RB method=sk_kmeans solver=filo2 stage=post_ls ls=pyvrp iter=5
2026-03-15 22:29:14 | INFO     | [POOL #00416] 2444 1407 95 1462 559 1110 12 669 2157 2439 2624 2104 1703 1591 610 1725 32 86 67 2409 240 2712 2437 676 2029 1145 816 1181 307 1974 2534 2735 2878 655 2116 403 2829 2275 2086 1292 1642 1527 2191 1938 116 869 1890 1623 1339 2344 861 2484 2285 1806 783 2538 1220 767 2751 || mode=RB method=sk_kmeans solver=filo2 stage=post_ls ls=pyvrp iter=5
2026-03-15 22:29:14 | INFO     | [POOL #00417] 422 2881 2347 960 756 2129 2636 2248 2650 2773 901 2462 710 2837 475 1191 1224 1760 2306 320 1549 || mode=RB method=sk_kmeans solver=filo2 stage=post_ls ls=pyvrp iter=5
2026-03-15 22:29:14 | INFO     | [POOL #00418] 2885 933 2794 45 1182 1373 2868 1653 113 899 1353 2161 2075 789 1106 1029 1338 1502 2854 642 763 2577 886 479 1023 2014 1215 1959 2713 || mode=RB method=sk_kmeans solver=filo2 stage=post_ls ls=pyvrp iter=5
2026-03-15 22:29:14 | INFO     | [POOL #00419] 2565 2472 685 534 2583 11 370 2265 153 2084 1696 1383 1103 528 1845 870 42 1178 1672 1269 1766 117 845 184 802 1784 483 97 551 1387 1429 1294 || mode=RB method=sk_kmeans solver=filo2 stage=post_ls ls=pyvrp iter=5
2026-03-15 22:29:14 | INFO     | [POOL #00420] 1636 1409 243 653 214 1298 329 597 191 1970 85 465 2787 2595 154 481 727 410 2231 1823 2319 1929 || mode=RB method=sk_kmeans solver=filo2 stage=post_ls ls=pyvrp iter=5
2026-03-15 22:29:14 | INFO     | [POOL #00421] 913 989 815 2902 1286 275 1392 2727 1582 2649 140 2094 1531 775 193 2099 1842 2489 1870 672 2730 1855 2795 || mode=RB method=sk_kmeans solver=filo2 stage=post_ls ls=pyvrp iter=5
2026-03-15 22:29:14 | INFO     | [POOL #00422] 682 1792 1035 470 60 1694 732 76 2196 362 2263 55 2836 1995 148 1114 1701 2452 1944 1393 1997 760 530 || mode=RB method=sk_kmeans solver=filo2 stage=post_ls ls=pyvrp iter=5
2026-03-15 22:29:14 | INFO     | [POOL #00423] 1942 652 657 2784 1394 1014 826 2891 502 2032 1763 2170 1218 2292 1747 288 218 1101 2036 2249 2222 1324 1719 327 1447 561 73 376 698 817 2508 2663 2279 2764 999 1504 2118 2181 2021 1576 572 722 || mode=RB method=sk_kmeans solver=filo2 stage=post_ls ls=pyvrp iter=5
2026-03-15 22:29:14 | INFO     | [POOL #00424] 2034 9 474 907 623 377 2471 2635 1285 26 778 1856 916 169 1233 1508 1537 2331 1484 554 47 1574 2554 || mode=RB method=sk_kmeans solver=filo2 stage=post_ls ls=pyvrp iter=5
2026-03-15 22:29:14 | INFO     | [POOL #00425] 1433 1252 1865 2572 2261 1878 2179 2183 1067 930 79 1245 915 567 1985 982 373 865 724 1332 2351 840 || mode=RB method=sk_kmeans solver=filo2 stage=post_ls ls=pyvrp iter=5
2026-03-15 22:29:14 | INFO     | [POOL #00426] 203 2164 2063 1710 409 294 3 1268 1735 614 1007 255 1289 1577 1266 1189 2271 1610 688 1322 1070 584 928 980 1883 19 1065 2237 2278 || mode=RB method=sk_kmeans solver=filo2 stage=post_ls ls=pyvrp iter=5
2026-03-15 22:29:14 | INFO     | [POOL #00427] 180 1827 1479 2238 1057 1125 1501 1831 2741 878 740 1570 1098 384 1654 2737 2771 50 1482 1341 1222 1196 1216 1301 2100 2428 2739 1980 1042 1786 992 1647 1943 631 634 748 176 1750 1993 2005 156 2641 2643 1728 436 560 1024 1676 940 1924 220 2651 2672 529 774 274 322 2706 2166 2110 2524 628 361 2550 990 2447 1385 || mode=RB method=sk_kmeans solver=filo2 stage=post_ls ls=pyvrp iter=5
2026-03-15 22:29:14 | INFO     | [POOL #00428] 2725 1532 39 1771 2798 1351 1366 1686 2072 1939 2256 667 1431 2542 2568 1149 134 213 1158 661 433 131 || mode=RB method=sk_kmeans solver=filo2 stage=post_ls ls=pyvrp iter=5
2026-03-15 22:29:14 | INFO     | [POOL #00429] 2020 2392 23 1602 615 2340 762 1190 2733 1783 552 2824 396 1169 178 853 2492 2406 164 1397 196 1526 || mode=RB method=sk_kmeans solver=filo2 stage=post_ls ls=pyvrp iter=5
2026-03-15 22:29:14 | INFO     | [POOL #00430] 807 1091 726 352 827 753 1836 1685 1053 1176 1124 2424 125 521 2313 2856 2354 2132 2889 430 925 || mode=RB method=sk_kmeans solver=filo2 stage=post_ls ls=pyvrp iter=5
2026-03-15 22:29:14 | INFO     | [POOL #00431] 1551 1525 1898 1179 746 2497 1025 2884 478 905 1093 2296 1217 343 609 1066 2071 81 2611 2173 2796 2715 326 463 1695 1720 1197 1512 || mode=RB method=sk_kmeans solver=filo2 stage=post_ls ls=pyvrp iter=5
2026-03-15 22:29:14 | INFO     | [POOL #00432] 849 598 1444 1588 115 2698 2558 2898 2799 1791 1313 2380 221 1721 2627 2910 2701 2239 1184 1516 2194 1597 287 1109 2353 2744 2761 || mode=RB method=sk_kmeans solver=filo2 stage=post_ls ls=pyvrp iter=5
2026-03-15 22:29:14 | INFO     | [POOL #00433] 1936 1451 1336 2660 2597 2460 1119 381 909 2202 914 1690 2510 1616 2283 1989 2813 2465 224 1476 812 || mode=RB method=sk_kmeans solver=filo2 stage=post_ls ls=pyvrp iter=5
2026-03-15 22:29:14 | INFO     | [POOL #00434] 317 565 978 2246 764 839 2681 174 1838 1830 2209 1788 1814 313 639 1736 1380 1400 2667 215 2531 29 || mode=RB method=sk_kmeans solver=filo2 stage=post_ls ls=pyvrp iter=5
2026-03-15 22:29:14 | INFO     | [POOL #00435] 1743 2150 1237 389 1506 2628 912 2807 801 204 2630 2614 284 953 1826 378 2556 252 1151 1466 1489 || mode=RB method=sk_kmeans solver=filo2 stage=post_ls ls=pyvrp iter=5
2026-03-15 22:29:14 | INFO     | [POOL #00436] 2722 1471 163 120 382 190 1491 1486 779 72 1734 2580 1868 951 725 345 660 1034 640 1524 1104 808 2373 509 1012 1064 2762 629 1673 517 2592 1909 713 2747 21 1226 1620 798 1885 2656 1320 1625 2008 1773 1723 2567 2696 1276 106 2825 2559 205 2206 1427 793 2783 643 737 1071 828 1503 2840 2726 2425 || mode=RB method=sk_kmeans solver=filo2 stage=post_ls ls=pyvrp iter=5
2026-03-15 22:29:14 | INFO     | [POOL #00437] 924 1282 1165 1780 2867 619 2088 175 2514 1208 1571 491 1140 739 228 251 1248 665 2905 1144 118 2040 || mode=RB method=sk_kmeans solver=filo2 stage=post_ls ls=pyvrp iter=5
2026-03-15 22:29:14 | INFO     | [POOL #00438] 2668 1378 1782 2493 1873 1209 1249 2068 1552 2828 1661 1683 358 1099 2710 242 2212 1432 601 1744 283 2311 || mode=RB method=sk_kmeans solver=filo2 stage=post_ls ls=pyvrp iter=5
2026-03-15 22:29:14 | INFO     | [POOL #00439] 2159 2388 636 88 1781 1931 1478 1283 1807 788 1340 1116 98 2401 542 2887 2689 2875 730 1334 1579 || mode=RB method=sk_kmeans solver=filo2 stage=post_ls ls=pyvrp iter=5
2026-03-15 22:29:14 | INFO     | [POOL #00440] 895 860 1316 2841 2369 796 2178 1759 2038 872 2143 961 2448 2163 650 1846 2324 2869 1356 1684 2578 1714 519 2371 1403 1901 2909 1973 469 355 1129 2042 27 2413 2012 1813 526 2834 133 1778 1056 1769 887 449 421 738 1979 2665 1837 2078 1919 1021 805 1584 1737 152 1464 || mode=RB method=sk_kmeans solver=filo2 stage=post_ls ls=pyvrp iter=5
2026-03-15 22:29:14 | INFO     | [POOL #00441] 1148 1251 1670 1828 2348 571 2101 2193 2648 1278 1982 2250 2240 1541 2480 1227 658 1077 135 894 1662 1328 || mode=RB method=sk_kmeans solver=filo2 stage=post_ls ls=pyvrp iter=5
2026-03-15 22:29:14 | INFO     | [POOL #00442] 2861 533 2055 776 1379 1118 702 2070 1437 735 1310 2264 766 2059 1446 1402 1468 501 2114 1168 2814 1575 || mode=RB method=sk_kmeans solver=filo2 stage=post_ls ls=pyvrp iter=5
2026-03-15 22:29:14 | INFO     | [POOL #00443] 2067 2625 1799 635 496 693 2057 1568 547 387 846 2781 1988 2022 230 2337 1138 797 1700 99 1078 1058 || mode=RB method=sk_kmeans solver=filo2 stage=post_ls ls=pyvrp iter=5
2026-03-15 22:29:14 | INFO     | [POOL #00444] 510 1045 1950 1861 1843 512 1857 1648 859 2768 2273 74 2023 527 1748 2203 2177 1965 2303 782 200 2589 2282 586 1691 848 596 1764 1893 1136 751 952 2257 523 2639 2512 948 1205 578 2147 4 2025 2831 1214 2294 2077 1481 2661 1793 1874 965 2688 832 720 1961 2320 2844 89 1073 1983 2304 2732 237 1888 1572 128 1414 538 2112 1188 || mode=RB method=sk_kmeans solver=filo2 stage=post_ls ls=pyvrp iter=5
2026-03-15 22:29:14 | INFO     | [POOL #00445] 986 1046 1137 80 380 1325 1157 963 1117 2655 691 1419 2286 1346 1564 617 686 1749 1488 1141 2061 || mode=RB method=sk_kmeans solver=filo2 stage=post_ls ls=pyvrp iter=5
2026-03-15 22:29:14 | INFO     | [POOL #00446] 728 2139 2162 487 2446 2441 58 2576 522 719 2874 699 476 1553 374 1271 2680 574 262 2204 295 1913 1243 2284 987 2402 1274 2615 1513 472 2591 2315 2082 2386 2466 1314 2738 2634 2691 2545 1250 2410 2329 2549 1664 1821 1361 2321 1270 276 328 1425 1520 1580 1815 1906 234 429 1732 1717 2374 2360 1115 2896 1448 1742 929 2255 448 2379 553 || mode=RB method=sk_kmeans solver=filo2 stage=post_ls ls=pyvrp iter=5
2026-03-15 22:29:14 | INFO     | [POOL #00447] 576 2740 1317 150 2802 270 2006 1232 2242 1417 2201 297 2619 632 744 611 333 2848 2893 2357 82 972 896 2537 2339 2287 434 1693 460 2574 2778 1500 1364 2390 231 2419 2529 1126 689 425 2801 119 || mode=RB method=sk_kmeans solver=filo2 stage=post_ls ls=pyvrp iter=5
2026-03-15 22:29:14 | INFO     | [POOL #00448] 2144 2803 900 2013 272 332 1428 2797 668 1964 2417 1801 2362 616 1891 319 464 695 2838 1495 280 2098 2123 1605 1927 2769 2434 1816 138 2487 68 1005 590 1881 2145 2552 147 2136 624 1375 2662 2659 1587 2612 1174 563 420 289 1337 1803 77 2393 2127 2822 2724 264 1365 1544 194 505 1013 1530 1327 2511 1926 490 2743 955 2382 1566 1899 1745 995 53 1668 || mode=RB method=sk_kmeans solver=filo2 stage=post_ls ls=pyvrp iter=5
2026-03-15 22:29:14 | INFO     | [POOL #00449] 1435 993 1862 1697 1949 1354 605 2280 1461 114 2494 1238 451 366 2530 659 2291 2149 279 209 2694 2693 1984 || mode=RB method=sk_kmeans solver=filo2 stage=post_ls ls=pyvrp iter=5
2026-03-15 22:29:14 | INFO     | [POOL #00450] 2590 1087 2463 412 181 290 1415 1044 423 2506 1689 2343 2626 2399 2168 2426 1260 2551 1715 2653 2569 1360 1770 || mode=RB method=sk_kmeans solver=filo2 stage=post_ls ls=pyvrp iter=5
2026-03-15 22:29:14 | INFO     | [POOL #00451] 1307 1047 1345 458 166 1533 2490 2309 1671 1994 1812 931 1621 2169 13 43 2093 958 1877 2792 445 1200 2862 1618 2609 1011 2174 314 1679 595 2233 946 2871 2011 2699 2028 402 923 2719 2676 354 325 1006 2547 2711 1798 2440 2450 1111 443 1253 308 550 1543 537 557 1131 2323 935 575 1396 2904 2377 1954 2832 1172 || mode=RB method=sk_kmeans solver=filo2 stage=post_ls ls=pyvrp iter=5
2026-03-15 22:29:14 | INFO     | [POOL #00452] 2230 2464 1096 2607 432 1967 16 2205 787 407 949 2755 303 1069 207 2695 1657 1559 583 187 893 1656 850 908 || mode=RB method=sk_kmeans solver=filo2 stage=post_ls ls=pyvrp iter=5
2026-03-15 22:29:14 | INFO     | [POOL #00453] 1819 2210 2700 1809 277 1219 1904 2563 944 233 2766 525 226 2189 1660 2708 1739 1382 2833 1952 471 1038 2876 917 1128 260 2483 338 1674 2779 2631 1418 1443 1231 257 367 1915 2804 431 821 379 167 1198 2182 784 2266 1914 599 608 1275 1052 1449 2274 360 2553 837 250 1156 2429 1154 666 1613 1171 2051 || mode=RB method=sk_kmeans solver=filo2 stage=post_ls ls=pyvrp iter=5
2026-03-15 22:29:14 | INFO     | [POOL #00454] 1312 2226 1768 2746 811 1859 2857 1072 369 1860 2391 2525 2897 985 549 2109 467 461 254 1347 2491 2431 1001 625 809 2328 15 2430 866 852 454 2120 2482 2721 717 427 1876 2703 2817 888 902 620 759 1795 414 1704 939 513 2152 1542 2244 1820 1291 52 558 1267 || mode=RB method=sk_kmeans solver=filo2 stage=post_ls ls=pyvrp iter=5
2026-03-15 22:29:14 | INFO     | [POOL #00455] 1372 268 1389 822 1040 1333 2811 1910 344 1518 1681 1547 1629 656 146 1352 2165 2258 1475 141 2584 2200 2500 41 161 2385 1369 1844 1726 875 1510 862 219 393 1738 2024 1990 2316 1507 353 2375 673 2717 1280 || mode=RB method=sk_kmeans solver=filo2 stage=post_ls ls=pyvrp iter=5
2026-03-15 22:29:14 | INFO     | [POOL #00456] 675 1711 64 2043 466 24 1847 876 1002 885 1539 1404 1092 2475 918 2330 1259 2765 1406 2808 28 457 2096 997 881 2190 1731 2346 545 126 1649 2685 2855 1930 1659 1318 1920 1050 1076 834 633 282 2180 331 2027 1521 2050 1596 2468 2254 747 2637 10 1020 1170 1494 2349 1811 2687 2041 555 531 2103 1882 1326 1682 || mode=RB method=sk_kmeans solver=filo2 stage=post_ls ls=pyvrp iter=5
2026-03-15 22:29:14 | INFO     | [POOL #00457] 2247 1635 1421 417 1186 1450 216 1992 1212 1560 1627 2395 696 1113 1687 1225 172 2883 48 1934 413 259 648 1221 2404 188 2895 1401 2079 2516 2633 2562 1147 1762 1084 1622 1644 603 1698 540 1089 1758 || mode=RB method=sk_kmeans solver=filo2 stage=post_ls ls=pyvrp iter=5
2026-03-15 22:29:14 | INFO     | [POOL #00458] 2262 2913 2260 84 863 1386 2541 2135 5 524 2457 2167 573 70 2056 2228 2267 1740 1246 2154 442 2684 1864 2131 408 456 244 2322 803 2601 2809 589 2332 1068 1163 1031 2503 1800 959 1445 2728 62 2184 718 || mode=RB method=sk_kmeans solver=filo2 stage=post_ls ls=pyvrp iter=5
2026-03-15 22:29:14 | INFO     | [POOL #00459] 2407 671 2015 977 1755 1960 406 2198 2125 1049 2218 883 1097 2058 2270 2427 1240 1112 587 994 627 2195 1391 1948 298 1558 591 2327 1229 546 1528 1305 2208 493 2518 1438 1785 2153 1290 2476 1122 124 864 1265 731 2827 1600 2091 2017 54 1009 2363 2697 806 346 678 867 2805 2669 1790 2259 1895 1975 1957 843 || mode=RB method=sk_kmeans solver=filo2 stage=post_ls ls=pyvrp iter=5
2026-03-15 22:29:14 | INFO     | [POOL #00460] 2911 348 2224 1756 2000 936 1398 879 518 2350 2714 2670 2288 1617 998 1897 2658 1135 2852 1902 266 1968 2412 132 566 2785 1408 1702 906 258 372 278 173 2069 2775 2272 2806 208 269 1348 103 368 2846 1143 2819 1908 2335 2793 2053 654 2151 2297 1523 2445 2045 2579 357 683 2823 2223 2073 1371 438 2453 2298 891 || mode=RB method=sk_kmeans solver=filo2 stage=post_ls ls=pyvrp iter=5
2026-03-15 22:29:14 | INFO     | [POOL #00461] 1330 701 1535 1434 398 1133 2734 1490 489 2007 1794 1797 1033 129 745 2587 2892 1207 1586 1416 271 1344 1036 2705 838 450 497 1342 829 511 2234 1295 300 1470 1017 2442 1074 1022 2800 1522 2690 2586 1928 2623 1410 2368 1951 1688 2394 6 638 2060 1935 323 1255 2839 2495 630 1567 2308 1709 1242 171 962 2140 168 1055 2269 34 880 || mode=RB method=sk_kmeans solver=filo2 stage=post_ls ls=pyvrp iter=5
2026-03-15 22:29:14 | INFO     | [POOL #00462] 2383 1595 109 1107 1102 435 197 2908 920 1911 1884 22 2342 2666 937 711 2081 2605 1727 1436 1976 646 1921 2207 2608 1026 2654 75 2451 1562 2748 249 516 137 2134 2853 1569 543 285 927 2621 281 1004 1832 2467 1835 1465 2469 2501 2754 392 383 2679 2671 1043 || mode=RB method=sk_kmeans solver=filo2 stage=post_ls ls=pyvrp iter=5
2026-03-15 22:29:14 | INFO     | [POOL #00463] 222 968 647 649 2018 833 217 664 2879 1875 65 580 391 2863 2443 1589 2054 1912 820 2367 286 1757 2456 1234 87 57 185 440 956 2488 1048 582 1358 1932 2048 1840 482 1645 1573 2906 92 2102 1941 579 71 1 2396 459 1090 2187 2750 1563 91 2389 394 1370 2473 36 2890 312 || mode=RB method=sk_kmeans solver=filo2 stage=post_ls ls=pyvrp iter=5
2026-03-15 22:29:14 | INFO     | [POOL #00464] 1003 2459 600 2039 1775 399 2030 1083 1173 1675 2458 2199 1359 2647 970 2716 810 1303 330 1132 2864 334 || mode=RB method=sk_kmeans solver=filo1 stage=post_ls ls=pyvrp iter=6
2026-03-15 22:29:14 | INFO     | [POOL #00465] 78 143 1439 1753 1415 1044 423 2530 366 2506 1689 2343 2626 2399 2426 2168 938 1228 1834 2479 2520 || mode=RB method=sk_kmeans solver=filo1 stage=post_ls ls=pyvrp iter=6
2026-03-15 22:29:14 | INFO     | [POOL #00466] 2383 1595 109 1107 268 1389 759 822 2679 1040 1333 2811 1910 344 1518 1681 1990 2024 1738 393 2291 2149 279 181 209 2694 353 412 2693 2463 1087 1984 2646 324 2502 2604 || mode=RB method=sk_kmeans solver=filo1 stage=post_ls ls=pyvrp iter=6
2026-03-15 22:29:14 | INFO     | [POOL #00467] 248 302 2326 515 1824 1492 238 1368 2214 211 1441 223 107 1263 2364 202 247 2211 2629 1655 2115 1167 || mode=RB method=sk_kmeans solver=filo1 stage=post_ls ls=pyvrp iter=6
2026-03-15 22:29:14 | INFO     | [POOL #00468] 2074 1505 2019 2403 1139 2338 1697 1862 993 1715 1244 1260 2551 2653 2569 1360 1323 1770 705 1722 752 2156 || mode=RB method=sk_kmeans solver=filo1 stage=post_ls ls=pyvrp iter=6
2026-03-15 22:29:14 | INFO     | [POOL #00469] 473 2704 945 877 1424 139 2702 1867 2812 1833 2333 2307 1767 1247 1746 2485 2126 824 1871 1578 1969 || mode=RB method=sk_kmeans solver=filo1 stage=post_ls ls=pyvrp iter=6
2026-03-15 22:29:14 | INFO     | [POOL #00470] 451 1238 718 114 2494 908 850 1656 1758 1089 2205 540 16 1967 432 2607 1096 1461 2280 605 1354 1949 || mode=RB method=sk_kmeans solver=filo1 stage=post_ls ls=pyvrp iter=6
2026-03-15 22:29:14 | INFO     | [POOL #00471] 558 1291 1820 1372 891 1795 2298 2262 435 197 2908 920 1911 1884 22 2342 2666 937 1465 2469 1835 2467 1832 1004 281 2621 927 285 543 646 1921 1976 1436 1727 2605 2081 2541 1386 863 84 438 1635 852 454 2120 2482 717 427 1876 2703 888 620 414 2152 1542 2244 2911 1267 || mode=RB method=sk_kmeans solver=filo1 stage=post_ls ls=pyvrp iter=6
2026-03-15 22:29:14 | INFO     | [POOL #00472] 1536 1051 1146 104 716 2225 349 621 2657 151 1388 2415 2610 2387 791 404 2107 2397 2894 1644 603 1698 || mode=RB method=sk_kmeans solver=filo1 stage=post_ls ls=pyvrp iter=6
2026-03-15 22:29:14 | INFO     | [POOL #00473] 1343 290 659 219 862 1510 875 1726 1844 2184 62 2728 249 2748 516 1369 2385 161 41 2500 2200 141 1475 2258 2165 1352 656 1629 1547 2316 1507 2375 2590 2717 1280 || mode=RB method=sk_kmeans solver=filo1 stage=post_ls ls=pyvrp iter=6
2026-03-15 22:29:14 | INFO     | [POOL #00474] 1043 673 383 392 146 2584 1569 2853 2134 137 2451 1562 2503 1031 1163 1800 959 1445 1559 583 949 1069 303 2755 407 787 187 893 2464 2230 || mode=RB method=sk_kmeans solver=filo1 stage=post_ls ls=pyvrp iter=6
2026-03-15 22:29:14 | INFO     | [POOL #00475] 1435 984 847 2066 2236 155 792 1776 1680 301 773 1062 2046 2830 2481 2850 1651 723 1614 452 2686 2826 1223 || mode=RB method=sk_kmeans solver=filo1 stage=post_ls ls=pyvrp iter=6
2026-03-15 22:29:14 | INFO     | [POOL #00476] 2671 2754 2501 2608 1026 2654 75 1212 1560 1627 589 2332 1068 1657 2695 207 1622 1084 1762 1147 2562 2633 2079 2516 1401 2895 1221 2404 188 1687 1225 696 1113 2395 2809 2228 2056 70 573 1992 2167 216 1450 2207 711 1102 || mode=RB method=sk_kmeans solver=filo1 stage=post_ls ls=pyvrp iter=6
2026-03-15 22:29:14 | INFO     | [POOL #00477] 1166 2358 729 2243 1712 2336 2774 157 536 1008 245 31 1256 1978 858 1480 2026 130 535 1713 1825 2146 || mode=RB method=sk_kmeans solver=filo1 stage=post_ls ls=pyvrp iter=6
2026-03-15 22:29:14 | INFO     | [POOL #00478] 419 541 337 2810 363 1081 1455 570 405 2461 2474 1641 2821 973 2859 981 1805 1300 856 2003 2325 || mode=RB method=sk_kmeans solver=filo1 stage=post_ls ls=pyvrp iter=6
2026-03-15 22:29:14 | INFO     | [POOL #00479] 2035 2405 1086 2790 2865 1384 201 2877 819 2571 2299 265 2763 1304 2533 786 162 741 1601 44 2305 || mode=RB method=sk_kmeans solver=filo1 stage=post_ls ls=pyvrp iter=6
2026-03-15 22:29:14 | INFO     | [POOL #00480] 1633 1277 2044 500 974 734 703 2644 1663 1706 539 2566 2674 1940 2477 2903 804 2815 947 2300 40 1955 736 || mode=RB method=sk_kmeans solver=filo1 stage=post_ls ls=pyvrp iter=6
2026-03-15 22:29:14 | INFO     | [POOL #00481] 2602 565 2384 1599 2664 1085 873 1817 1814 2675 2209 1788 1830 1838 174 2681 839 764 2246 978 || mode=RB method=sk_kmeans solver=filo1 stage=post_ls ls=pyvrp iter=6
2026-03-15 22:29:14 | INFO     | [POOL #00482] 1665 1264 1100 612 1423 2573 2652 1604 882 1079 1088 1631 1987 1677 18 790 979 1302 1594 1016 1349 || mode=RB method=sk_kmeans solver=filo1 stage=post_ls ls=pyvrp iter=6
2026-03-15 22:29:14 | INFO     | [POOL #00483] 1956 1230 292 313 639 1736 2582 2585 1545 2004 2411 1239 1487 1380 1400 2148 2667 215 1473 2531 359 29 || mode=RB method=sk_kmeans solver=filo1 stage=post_ls ls=pyvrp iter=6
2026-03-15 22:29:14 | INFO     | [POOL #00484] 1896 503 2105 309 2076 1287 799 1772 356 2709 1095 444 1063 857 437 1399 165 1037 644 2616 2052 2843 || mode=RB method=sk_kmeans solver=filo1 stage=post_ls ls=pyvrp iter=6
2026-03-15 22:29:14 | INFO     | [POOL #00485] 93 602 1210 495 1718 2293 1206 765 2047 2673 492 227 1534 1411 556 1381 351 1367 607 2507 2527 1733 || mode=RB method=sk_kmeans solver=filo1 stage=post_ls ls=pyvrp iter=6
2026-03-15 22:29:14 | INFO     | [POOL #00486] 206 1555 1852 2786 2219 2213 1945 1493 1028 1810 1262 1412 2317 926 14 2217 2523 2160 1789 1998 418 336 || mode=RB method=sk_kmeans solver=filo1 stage=post_ls ls=pyvrp iter=6
2026-03-15 22:29:14 | INFO     | [POOL #00487] 1134 17 2062 1643 2276 1454 210 871 256 2638 1802 2596 692 2720 721 2757 1235 1603 30 957 2498 1297 || mode=RB method=sk_kmeans solver=filo1 stage=post_ls ls=pyvrp iter=6
2026-03-15 22:29:14 | INFO     | [POOL #00488] 1060 651 1529 2505 1933 291 708 212 127 2745 1977 1308 2435 594 2677 2010 1880 2599 2912 922 2851 110 || mode=RB method=sk_kmeans solver=filo1 stage=post_ls ls=pyvrp iter=6
2026-03-15 22:29:14 | INFO     | [POOL #00489] 1155 400 1929 884 715 2319 2356 2423 1593 1457 2692 818 2780 868 2816 1854 182 1829 2472 2565 203 || mode=RB method=sk_kmeans solver=filo1 stage=post_ls ls=pyvrp iter=6
2026-03-15 22:29:14 | INFO     | [POOL #00490] 2021 2181 2118 1504 999 2764 698 376 73 561 1447 327 1719 1324 2222 2249 2805 867 678 346 806 2697 2363 1009 117 1766 1269 1672 42 1178 184 845 802 688 1610 2271 1189 409 584 1070 2292 1218 2170 1763 2032 || mode=RB method=sk_kmeans solver=filo1 stage=post_ls ls=pyvrp iter=6
2026-03-15 22:29:14 | INFO     | [POOL #00491] 2279 2508 817 843 1957 1975 1895 2259 1790 2669 2036 97 483 1784 54 2017 2091 1600 2827 731 1265 864 1438 1785 2153 2518 493 2208 1305 1528 546 2327 1229 1112 1240 2427 2270 2058 1290 2476 1122 124 1097 883 2218 1049 747 2254 2468 2637 10 1020 1170 1494 2349 1811 2687 2041 2103 1882 1326 1682 || mode=RB method=sk_kmeans solver=filo1 stage=post_ls ls=pyvrp iter=6
2026-03-15 22:29:14 | INFO     | [POOL #00492] 1377 2 1433 1252 1865 2351 1958 1355 468 1150 136 1515 1962 1556 2216 502 2891 826 1014 199 1550 2888 || mode=RB method=sk_kmeans solver=filo1 stage=post_ls ls=pyvrp iter=6
2026-03-15 22:29:14 | INFO     | [POOL #00493] 2164 2063 685 534 2583 1268 1735 11 2265 370 614 153 1007 255 1289 1577 1266 3 294 1710 1747 19 1065 2237 1387 1294 || mode=RB method=sk_kmeans solver=filo1 stage=post_ls ls=pyvrp iter=6
2026-03-15 22:29:14 | INFO     | [POOL #00494] 2678 2155 2752 2723 604 1636 1409 243 653 214 1298 597 329 1103 1383 1696 2084 528 1845 870 1322 928 980 288 218 1101 1883 551 2663 || mode=RB method=sk_kmeans solver=filo1 stage=post_ls ls=pyvrp iter=6
2026-03-15 22:29:14 | INFO     | [POOL #00495] 730 2875 1340 788 1807 1936 2628 912 380 1476 80 1137 1046 812 1116 2887 2689 496 635 986 1799 || mode=RB method=sk_kmeans solver=filo1 stage=post_ls ls=pyvrp iter=6
2026-03-15 22:29:14 | INFO     | [POOL #00496] 1197 849 598 2740 1317 425 689 2446 2441 522 719 374 1271 2680 2390 231 1364 2402 1274 2615 1513 472 1693 896 2537 2339 2287 434 2591 2315 2082 2386 2466 1314 2738 2634 2691 2545 1250 2410 1913 262 574 1553 476 699 2874 2576 58 487 2162 2139 119 728 2369 2841 860 || mode=RB method=sk_kmeans solver=filo1 stage=post_ls ls=pyvrp iter=6
2026-03-15 22:29:14 | INFO     | [POOL #00497] 953 284 2614 204 1575 2814 1168 2597 2460 2114 501 1468 381 909 2202 1119 2660 1336 1451 801 2807 || mode=RB method=sk_kmeans solver=filo1 stage=post_ls ls=pyvrp iter=6
2026-03-15 22:29:14 | INFO     | [POOL #00498] 1743 2630 2861 533 2055 776 1118 702 2070 1437 1402 1446 2059 766 2240 735 2480 658 135 1379 1328 || mode=RB method=sk_kmeans solver=filo1 stage=post_ls ls=pyvrp iter=6
2026-03-15 22:29:14 | INFO     | [POOL #00499] 2493 2067 2625 1579 1334 2388 636 88 1781 2884 2497 1025 343 609 1066 2071 81 1179 1898 1525 1551 463 1720 || mode=RB method=sk_kmeans solver=filo1 stage=post_ls ls=pyvrp iter=6
2026-03-15 22:29:14 | INFO     | [POOL #00500] 224 2655 2510 1420 1729 2378 2235 975 758 2101 2193 571 2348 1828 1670 1251 914 1148 963 1117 1157 1325 1506 || mode=RB method=sk_kmeans solver=filo1 stage=post_ls ls=pyvrp iter=6
2026-03-15 22:29:14 | INFO     | [POOL #00501] 2465 2813 1989 2283 1690 1183 179 1850 2539 1903 2648 1278 1982 2250 2264 1310 1541 1077 894 1662 2905 1144 || mode=RB method=sk_kmeans solver=filo1 stage=post_ls ls=pyvrp iter=6
2026-03-15 22:29:14 | INFO     | [POOL #00502] 326 2715 2796 2173 2611 1588 115 2698 1109 287 2558 2898 1791 744 611 2848 333 2574 2778 1500 987 2284 1243 295 2204 2329 2549 2360 2374 2869 2324 1846 650 2163 2448 961 2255 2143 872 2038 1759 2178 796 2379 553 895 || mode=RB method=sk_kmeans solver=filo1 stage=post_ls ls=pyvrp iter=6
2026-03-15 22:29:14 | INFO     | [POOL #00503] 1058 1078 99 1700 797 1568 547 387 2401 542 98 2781 846 2022 230 1138 2318 2033 1787 428 1598 1607 || mode=RB method=sk_kmeans solver=filo1 stage=post_ls ls=pyvrp iter=6
2026-03-15 22:29:14 | INFO     | [POOL #00504] 485 508 51 1971 1966 1296 618 1442 253 477 1180 293 1321 2277 967 2882 1177 183 2760 706 484 2361 || mode=RB method=sk_kmeans solver=filo1 stage=post_ls ls=pyvrp iter=6
2026-03-15 22:29:14 | INFO     | [POOL #00505] 170 69 754 371 1699 1241 1075 1611 1708 49 569 2561 2835 712 795 592 2536 2860 2772 2221 941 1918 || mode=RB method=sk_kmeans solver=filo1 stage=post_ls ls=pyvrp iter=6
2026-03-15 22:29:14 | INFO     | [POOL #00506] 2761 2744 2353 270 1232 2242 1417 2201 297 632 2893 460 2357 82 972 2514 1208 1571 491 1140 739 1227 228 251 1248 665 175 2088 619 || mode=RB method=sk_kmeans solver=filo1 stage=post_ls ls=pyvrp iter=6
2026-03-15 22:29:14 | INFO     | [POOL #00507] 2710 746 1217 2296 1093 905 1597 2194 1516 1184 2239 252 2556 378 1826 2150 1237 389 1283 1478 1931 || mode=RB method=sk_kmeans solver=filo1 stage=post_ls ls=pyvrp iter=6
2026-03-15 22:29:14 | INFO     | [POOL #00508] 111 159 903 416 2352 1010 964 1619 441 674 1153 177 1120 2504 1309 2229 2090 1362 158 1616 691 2186 693 || mode=RB method=sk_kmeans solver=filo1 stage=post_ls ls=pyvrp iter=6
2026-03-15 22:29:14 | INFO     | [POOL #00509] 2337 122 66 743 780 889 83 189 401 1419 2286 1346 1564 617 686 1749 1488 1141 2061 1988 2057 || mode=RB method=sk_kmeans solver=filo1 stage=post_ls ls=pyvrp iter=6
2026-03-15 22:29:14 | INFO     | [POOL #00510] 478 1489 1466 1151 2701 2910 2627 1721 2040 118 2867 1780 1165 1282 924 221 2380 1313 2799 2619 2419 1126 2529 2006 2802 150 1444 2801 576 1316 || mode=RB method=sk_kmeans solver=filo1 stage=post_ls ls=pyvrp iter=6
2026-03-15 22:29:14 | INFO     | [POOL #00511] 180 1827 2238 1057 1125 1501 1831 2741 878 740 1570 1098 384 1654 2737 2771 50 1482 1341 1222 1196 1301 2100 2428 2739 1980 1042 1786 992 1647 1943 631 634 156 2005 2641 2643 1728 517 1673 1909 2592 21 436 560 1024 1676 940 1924 220 2651 2672 529 774 274 322 2706 2166 2110 2825 2559 2524 628 361 2550 990 2425 2751 || mode=RB method=sk_kmeans solver=filo1 stage=post_ls ls=pyvrp iter=6
2026-03-15 22:29:14 | INFO     | [POOL #00512] 1464 152 382 190 1737 1584 805 1021 1919 448 2078 1837 2665 1979 738 421 449 887 1769 1778 133 1056 74 2023 527 1748 2304 1983 1073 89 2320 2844 808 2373 509 1012 1064 2656 1885 1320 1625 640 1034 660 345 725 951 1868 128 1414 538 737 828 1071 1503 2840 767 1385 || mode=RB method=sk_kmeans solver=filo1 stage=post_ls ls=pyvrp iter=6
2026-03-15 22:29:14 | INFO     | [POOL #00513] 2722 1471 1188 2112 779 72 1734 2580 1572 1888 237 2732 1524 1104 1961 720 2688 832 2077 2294 1481 2661 1793 965 1874 1764 1893 1136 751 952 2257 523 2639 2512 948 1205 578 176 748 1750 1993 2147 4 2025 2831 1214 629 2762 713 2747 1226 1620 798 2008 1773 1723 2567 2696 1276 106 205 2206 1427 793 2783 643 2447 2726 || mode=RB method=sk_kmeans solver=filo1 stage=post_ls ls=pyvrp iter=6
2026-03-15 22:29:14 | INFO     | [POOL #00514] 120 1491 1486 1861 1950 1843 512 1857 1648 859 2768 2273 2203 2177 2834 526 1813 2012 2042 1129 27 2413 1965 2303 782 200 2589 2282 586 1691 848 596 1973 469 2909 1901 355 1403 2371 519 1714 2578 234 429 1906 1815 1580 1425 1520 1821 1664 1361 2321 1270 276 328 1717 1732 1684 1356 1115 2896 1448 1742 929 1045 510 163 || mode=RB method=sk_kmeans solver=filo1 stage=post_ls ls=pyvrp iter=6
2026-03-15 22:29:14 | INFO     | [POOL #00515] 1917 1199 831 2111 1761 1606 697 1638 2478 1374 1947 911 1467 1777 2085 235 2632 311 1459 2791 2606 339 || mode=RB method=sk_kmeans solver=filo1 stage=post_ls ls=pyvrp iter=6
2026-03-15 22:29:14 | INFO     | [POOL #00516] 2355 2188 2381 1905 1027 2089 950 1160 2376 364 2421 315 813 2454 2593 415 1236 2128 1996 2789 35 1203 2900 || mode=RB method=sk_kmeans solver=filo1 stage=post_ls ls=pyvrp iter=6
2026-03-15 22:29:14 | INFO     | [POOL #00517] 2117 2334 347 241 1640 38 1195 1630 160 395 626 1498 932 954 2496 1080 2301 1628 1774 1716 2436 || mode=RB method=sk_kmeans solver=filo1 stage=post_ls ls=pyvrp iter=6
2026-03-15 22:29:14 | INFO     | [POOL #00518] 246 304 1127 335 722 572 1576 1942 652 657 1429 585 2278 2784 1394 714 2341 1879 1634 2546 2108 149 1440 622 1999 || mode=RB method=sk_kmeans solver=filo1 stage=post_ls ls=pyvrp iter=6
2026-03-15 22:29:14 | INFO     | [POOL #00519] 1331 1204 94 1288 480 2548 890 2718 2521 814 679 588 142 2858 2359 1258 771 1105 447 1565 1849 || mode=RB method=sk_kmeans solver=filo1 stage=post_ls ls=pyvrp iter=6
2026-03-15 22:29:14 | INFO     | [POOL #00520] 1724 2197 1907 37 1082 2575 2095 2016 2138 2133 1350 2408 388 2749 1187 2613 504 2310 2517 1041 755 1152 || mode=RB method=sk_kmeans solver=filo1 stage=post_ls ls=pyvrp iter=6
2026-03-15 22:29:14 | INFO     | [POOL #00521] 498 1121 2682 453 2707 2509 236 1483 1363 2622 2753 2142 56 2121 2873 2130 1279 1458 855 742 2141 1032 1284 943 1018 768 1839 || mode=RB method=sk_kmeans solver=filo1 stage=post_ls ls=pyvrp iter=6
2026-03-15 22:29:14 | INFO     | [POOL #00522] 192 1751 1900 365 2588 2758 1517 1509 2640 1548 340 2185 568 1261 613 892 1108 263 350 486 1185 2366 757 || mode=RB method=sk_kmeans solver=filo1 stage=post_ls ls=pyvrp iter=6
2026-03-15 22:29:14 | INFO     | [POOL #00523] 2617 195 851 1916 1848 2119 1585 707 1886 2564 2065 1511 229 1822 2268 2515 1015 2002 1818 1841 2555 || mode=RB method=sk_kmeans solver=filo1 stage=post_ls ls=pyvrp iter=6
2026-03-15 22:29:14 | INFO     | [POOL #00524] 1953 2557 1752 1161 1549 39 1771 2798 1366 1351 667 1431 2542 1149 134 1923 781 704 749 794 1730 || mode=RB method=sk_kmeans solver=filo1 stage=post_ls ls=pyvrp iter=6
2026-03-15 22:29:14 | INFO     | [POOL #00525] 131 213 2568 2256 1939 2072 1686 682 1792 1035 1856 169 1233 1537 2331 1484 760 554 2885 47 1158 433 || mode=RB method=sk_kmeans solver=filo1 stage=post_ls ls=pyvrp iter=6
2026-03-15 22:29:14 | INFO     | [POOL #00526] 96 422 63 2347 960 756 2129 2636 2837 2248 710 2462 901 2773 2650 925 976 694 1878 2261 2572 1858 || mode=RB method=sk_kmeans solver=filo1 stage=post_ls ls=pyvrp iter=6
2026-03-15 22:29:14 | INFO     | [POOL #00527] 1532 320 2306 1760 1224 474 1191 907 2635 2471 623 377 753 827 352 726 475 1091 807 2881 2725 || mode=RB method=sk_kmeans solver=filo1 stage=post_ls ls=pyvrp iter=6
2026-03-15 22:29:14 | INFO     | [POOL #00528] 530 1997 1393 1944 2452 1701 1114 148 1995 2836 55 2263 362 615 1602 23 2196 76 732 1694 916 1508 1142 || mode=RB method=sk_kmeans solver=filo1 stage=post_ls ls=pyvrp iter=6
2026-03-15 22:29:14 | INFO     | [POOL #00529] 661 95 2538 783 1806 2157 2439 2624 2104 1703 1591 610 1725 32 86 67 2409 1338 1106 789 2712 2161 1353 899 113 2075 1653 2868 1373 1182 45 2794 933 1959 2713 1574 2554 || mode=RB method=sk_kmeans solver=filo1 stage=post_ls ls=pyvrp iter=6
2026-03-15 22:29:14 | INFO     | [POOL #00530] 1887 296 2281 921 61 430 2889 2354 2313 521 125 1124 1176 1685 2392 60 470 26 778 2020 9 2034 || mode=RB method=sk_kmeans solver=filo1 stage=post_ls ls=pyvrp iter=6
2026-03-15 22:29:14 | INFO     | [POOL #00531] 2444 1407 1220 1479 2285 2484 861 2344 1339 1623 1890 869 116 1938 2191 1527 1642 1292 2086 2275 2829 403 2116 655 2878 2735 1216 2534 1974 307 1181 816 1145 2029 676 2437 240 1029 1502 2854 642 763 2577 886 479 1023 2014 1215 669 12 1110 559 1462 || mode=RB method=sk_kmeans solver=filo1 stage=post_ls ls=pyvrp iter=6
2026-03-15 22:29:14 | INFO     | [POOL #00532] 513 939 277 1219 1904 2563 944 2721 15 226 1660 2708 1739 1382 2833 1952 471 1038 2876 917 260 1128 338 1674 2779 2631 1418 1443 1231 257 367 1915 2804 431 821 379 167 1198 2182 784 2266 1914 599 1449 1052 1275 608 2274 625 809 360 2553 348 837 250 1156 2429 666 1809 2700 2210 1819 2051 || mode=RB method=sk_kmeans solver=filo1 stage=post_ls ls=pyvrp iter=6
2026-03-15 22:29:14 | INFO     | [POOL #00533] 1312 2226 1768 2746 1859 2857 649 2018 833 217 664 2879 1875 65 580 391 2863 2443 1589 2054 1912 820 2367 286 1757 2456 1234 87 57 185 956 440 459 1090 2187 1398 936 2000 1756 2224 1001 2431 2491 1347 254 461 467 2109 985 2897 2525 2391 1860 369 1072 811 2803 2144 675 || mode=RB method=sk_kmeans solver=filo1 stage=post_ls ls=pyvrp iter=6
2026-03-15 22:29:14 | INFO     | [POOL #00534] 1711 2043 466 24 531 555 1539 885 1404 1092 2475 918 2330 282 633 834 2180 331 1076 1920 1318 126 1649 2685 2855 994 1200 2862 1618 445 2792 1877 958 2093 43 13 2169 2346 545 1731 2190 1621 931 1812 1994 881 997 2096 457 1671 2309 2490 2808 28 1406 1259 2765 1533 166 1954 2832 1172 458 1345 1002 1047 876 1847 || mode=RB method=sk_kmeans solver=filo1 stage=post_ls ls=pyvrp iter=6
2026-03-15 22:29:14 | INFO     | [POOL #00535] 1171 1613 1154 1330 701 233 2766 525 2328 1535 1434 398 1133 2483 654 2053 2793 2335 1908 2819 1143 2846 368 103 269 1348 2069 2775 2705 1036 1344 2272 2806 208 271 745 2587 129 1033 1797 1794 2007 1490 2151 2734 2297 1523 2445 2045 2579 357 683 2823 2223 2073 1371 2189 2430 866 2817 902 1704 52 || mode=RB method=sk_kmeans solver=filo1 stage=post_ls ls=pyvrp iter=6
2026-03-15 22:29:14 | INFO     | [POOL #00536] 2407 671 2015 977 1755 1960 406 2198 2125 1596 2050 1521 2027 1050 1659 1930 587 591 1558 298 1948 1391 2195 627 2609 1011 2174 314 1679 595 2233 946 2871 2011 2699 2028 402 923 2719 2676 354 325 1006 2547 2711 1798 2440 2450 1111 443 1253 308 550 638 1255 1803 1337 77 2822 2724 264 1365 1544 962 2140 168 1055 2269 34 880 332 272 2013 900 1668 || mode=RB method=sk_kmeans solver=filo1 stage=post_ls ls=pyvrp iter=6
2026-03-15 22:29:14 | INFO     | [POOL #00537] 64 1307 53 995 1745 1899 1566 2382 955 2743 490 1926 2511 1327 1530 1013 505 194 171 1242 2377 2904 1709 2308 1567 630 2839 2495 1396 575 935 2323 1131 557 537 1543 323 1935 2060 289 420 2393 2127 1816 2434 2769 1927 1605 2123 2098 280 1495 2838 695 464 319 1891 616 2362 1801 2417 1964 668 2797 1428 647 968 222 || mode=RB method=sk_kmeans solver=filo1 stage=post_ls ls=pyvrp iter=6
2026-03-15 22:29:14 | INFO     | [POOL #00538] 549 2750 879 518 2350 2714 2670 2288 1617 998 1897 2658 1135 2852 1902 266 1968 2412 132 566 2785 173 278 450 838 1864 2131 408 511 829 2234 2442 1017 1295 300 1470 259 648 413 1934 48 2883 172 803 2601 2322 244 456 2154 442 1246 2684 1740 2267 1207 1416 1586 2892 2457 489 524 1186 5 417 2135 1421 2260 2913 2453 2247 || mode=RB method=sk_kmeans solver=filo1 stage=post_ls ls=pyvrp iter=6
2026-03-15 22:29:14 | INFO     | [POOL #00539] 2890 36 1370 2389 1563 2396 1 71 579 1941 2102 92 2145 2552 1408 1702 906 258 372 497 1342 1074 1022 2800 1522 2690 2586 1928 2623 1410 2368 1951 1688 2394 6 563 1174 2612 1587 2659 2662 1375 624 2136 147 2487 138 68 1005 590 1881 2906 1573 1645 482 1840 2048 1932 1358 582 1048 2488 91 394 2473 312 || mode=RB method=sk_kmeans solver=filo1 stage=post_ls ls=pyvrp iter=6
2026-03-15 22:29:14 | INFO     | [POOL #00540] 120 190 510 1045 1837 2665 1979 738 421 449 887 1769 1778 133 1056 74 2273 2768 1857 1572 1868 951 725 345 660 1034 640 1524 1104 808 2373 509 2844 2320 1961 720 1012 1064 2656 1885 1320 1625 798 2008 1773 1723 2567 2696 2166 1831 1125 1501 2285 1806 783 2538 1220 1407 2444 || mode=VB method=fcm solver=pyvrp stage=post_ls ls=pyvrp iter=7
2026-03-15 22:29:14 | INFO     | [POOL #00541] 2722 1471 1188 2112 538 1414 128 2580 1734 1843 512 1888 237 2732 2304 1983 1073 89 1965 2303 782 200 2589 2282 586 1691 848 1764 1893 1136 1793 1874 965 2688 832 2077 1481 2661 2294 1214 2831 2025 4 2147 2005 156 2641 2643 1728 436 560 1024 1676 940 1980 1042 2739 2737 1654 116 1938 2191 1527 869 1890 1623 2104 2624 2439 2157 669 12 95 661 || mode=VB method=fcm solver=pyvrp stage=post_ls ls=pyvrp iter=7
2026-03-15 22:29:14 | INFO     | [POOL #00542] 163 1491 1486 779 72 1861 1950 1648 859 1748 527 2023 2203 2177 2834 526 1813 2012 2413 27 2042 1129 1403 355 1901 2909 469 1973 596 751 952 2257 523 2639 2512 948 1205 578 1750 1993 176 748 634 631 1943 1647 1786 992 2428 2100 1301 2534 1974 307 1181 816 67 2409 1338 86 763 1023 1215 1110 559 1462 || mode=VB method=fcm solver=pyvrp stage=post_ls ls=pyvrp iter=7
2026-03-15 22:29:14 | INFO     | [POOL #00543] 1385 180 1827 1479 2484 861 2344 1339 2741 878 2706 740 322 274 774 529 2672 2651 1620 1226 2747 713 1909 2762 629 1673 517 2592 21 220 1924 1570 384 1098 2771 50 1482 1341 1222 1196 1216 2735 2878 655 2116 403 2829 2275 2086 1642 1292 1703 1591 610 1725 32 2577 479 886 2014 1959 2713 1574 2554 1158 131 || mode=VB method=fcm solver=pyvrp stage=post_ls ls=pyvrp iter=7
2026-03-15 22:29:14 | INFO     | [POOL #00544] 2751 767 2425 2726 2447 2840 1503 828 1071 737 643 2783 793 1427 2206 205 1276 106 2110 2825 2559 2524 628 361 2550 1057 2238 990 704 749 1752 2557 || mode=VB method=fcm solver=pyvrp stage=post_ls ls=pyvrp iter=7
2026-03-15 22:29:14 | INFO     | [POOL #00545] 35 1505 2019 1244 605 2280 1461 1096 2607 2686 452 1614 723 1651 2850 1146 1051 1536 847 984 1697 1435 1323 1770 || mode=VB method=fcm solver=pyvrp stage=post_ls ls=pyvrp iter=7
2026-03-15 22:29:14 | INFO     | [POOL #00546] 824 2126 2225 349 621 2657 151 1388 1892 641 1497 1193 2767 1652 1319 1192 2420 1329 2227 2702 139 2199 || mode=VB method=fcm solver=pyvrp stage=post_ls ls=pyvrp iter=7
2026-03-15 22:29:14 | INFO     | [POOL #00547] 2066 2236 155 792 301 773 1062 104 716 1680 1776 1767 2307 2812 1867 684 1054 1889 1485 1453 2458 1775 || mode=VB method=fcm solver=pyvrp stage=post_ls ls=pyvrp iter=7
2026-03-15 22:29:14 | INFO     | [POOL #00548] 535 130 2026 1480 107 211 2214 1368 2864 1578 1132 330 1303 473 334 858 2629 729 2358 1848 1761 2138 || mode=VB method=fcm solver=pyvrp stage=post_ls ls=pyvrp iter=7
2026-03-15 22:29:14 | INFO     | [POOL #00549] 162 265 1003 2459 2674 600 2039 2704 1359 877 1424 2647 970 2716 810 1969 1441 223 1263 1655 2115 1167 || mode=VB method=fcm solver=pyvrp stage=post_ls ls=pyvrp iter=7
2026-03-15 22:29:14 | INFO     | [POOL #00550] 945 397 1991 342 1463 2736 1405 385 581 670 1357 1624 105 1922 1315 1667 1833 2333 1247 1746 2485 1871 238 || mode=VB method=fcm solver=pyvrp stage=post_ls ls=pyvrp iter=7
2026-03-15 22:29:14 | INFO     | [POOL #00551] 757 1606 350 263 2119 1585 1601 741 2243 1712 2364 202 247 2211 1615 2137 2847 1713 1825 1160 2454 1996 || mode=VB method=fcm solver=pyvrp stage=post_ls ls=pyvrp iter=7
2026-03-15 22:29:14 | INFO     | [POOL #00552] 1947 486 1108 892 2300 2299 947 2815 157 536 1008 245 31 1256 1978 2774 2336 2763 1304 2533 786 44 || mode=VB method=fcm solver=pyvrp stage=post_ls ls=pyvrp iter=7
2026-03-15 22:29:14 | INFO     | [POOL #00553] 1199 831 2111 851 1818 2002 1015 2515 2268 1822 229 2146 1511 2065 2564 2305 707 1886 1166 1841 1027 1905 || mode=VB method=fcm solver=pyvrp stage=post_ls ls=pyvrp iter=7
2026-03-15 22:29:14 | INFO     | [POOL #00554] 304 2197 1907 37 1041 1716 241 1640 38 1195 1630 1258 771 447 1204 2312 1331 785 910 506 1561 1839 || mode=VB method=fcm solver=pyvrp stage=post_ls ls=pyvrp iter=7
2026-03-15 22:29:14 | INFO     | [POOL #00555] 339 2606 1459 311 2617 2632 235 195 2085 1777 1467 911 1916 2089 950 2555 2381 2188 2791 2355 1724 || mode=VB method=fcm solver=pyvrp stage=post_ls ls=pyvrp iter=7
2026-03-15 22:29:14 | INFO     | [POOL #00556] 1538 844 1765 2383 2244 1542 2152 1372 1107 2603 2502 2604 1460 8 2486 1707 606 2037 1123 1972 1937 112 7 2900 335 || mode=VB method=fcm solver=pyvrp stage=post_ls ls=pyvrp iter=7
2026-03-15 22:29:14 | INFO     | [POOL #00557] 675 1312 2051 1819 2210 513 939 1704 414 2671 1984 78 2520 143 2694 353 412 2679 1333 1040 822 1102 759 1795 1389 891 268 1820 1291 52 558 1127 246 || mode=VB method=fcm solver=pyvrp stage=post_ls ls=pyvrp iter=7
2026-03-15 22:29:14 | INFO     | [POOL #00558] 2845 302 2326 1360 2569 1715 1862 993 2403 515 390 680 455 2080 2220 2241 341 577 1658 364 2376 || mode=VB method=fcm solver=pyvrp stage=post_ls ls=pyvrp iter=7
2026-03-15 22:29:14 | INFO     | [POOL #00559] 1280 2590 2463 2693 209 279 290 2168 2426 2399 2626 2343 1689 423 1044 1415 1228 938 1834 1753 1439 1343 2479 324 || mode=VB method=fcm solver=pyvrp stage=post_ls ls=pyvrp iter=7
2026-03-15 22:29:14 | INFO     | [POOL #00560] 752 1722 705 2653 2551 1260 2230 2464 2826 1223 1354 1949 2338 1139 1492 1824 770 59 1496 248 2156 2158 || mode=VB method=fcm solver=pyvrp stage=post_ls ls=pyvrp iter=7
2026-03-15 22:29:14 | INFO     | [POOL #00561] 1203 1986 2789 2128 1236 415 2593 813 315 2421 20 2074 2295 1632 2842 2543 1650 1059 593 2820 1201 2097 2535 || mode=VB method=fcm solver=pyvrp stage=post_ls ls=pyvrp iter=7
2026-03-15 22:29:14 | INFO     | [POOL #00562] 2865 1277 2044 2418 2499 1665 734 703 2644 1264 1100 1663 1940 2477 804 2903 974 500 40 1955 736 613 1261 || mode=VB method=fcm solver=pyvrp stage=post_ls ls=pyvrp iter=7
2026-03-15 22:29:14 | INFO     | [POOL #00563] 2498 2851 922 2912 2599 1880 2596 692 1802 2638 594 2677 2010 2361 291 1933 2505 1529 651 1060 292 || mode=VB method=fcm solver=pyvrp stage=post_ls ls=pyvrp iter=7
2026-03-15 22:29:14 | INFO     | [POOL #00564] 755 2171 336 418 1998 2786 2219 2213 1945 1493 14 926 2317 1412 1262 1810 1028 904 2192 232 310 2544 || mode=VB method=fcm solver=pyvrp stage=post_ls ls=pyvrp iter=7
2026-03-15 22:29:14 | INFO     | [POOL #00565] 1350 1374 2366 1185 568 2185 2035 2405 1633 2877 2571 819 201 1384 101 1637 2790 462 1583 1509 1751 2133 2016 || mode=VB method=fcm solver=pyvrp stage=post_ls ls=pyvrp iter=7
2026-03-15 22:29:14 | INFO     | [POOL #00566] 347 1498 2052 2616 1789 165 1399 437 857 1063 444 1206 2293 1718 1210 495 602 93 363 2003 94 || mode=VB method=fcm solver=pyvrp stage=post_ls ls=pyvrp iter=7
2026-03-15 22:29:14 | INFO     | [POOL #00567] 679 503 799 356 2709 1095 1297 607 1367 351 1381 110 556 1411 1534 492 2673 2047 765 2507 1772 160 || mode=VB method=fcm solver=pyvrp stage=post_ls ls=pyvrp iter=7
2026-03-15 22:29:14 | INFO     | [POOL #00568] 359 2531 1473 215 2667 2148 1400 1380 1487 2411 2004 2585 1239 1736 639 313 1817 873 1085 839 764 1279 || mode=VB method=fcm solver=pyvrp stage=post_ls ls=pyvrp iter=7
2026-03-15 22:29:14 | INFO     | [POOL #00569] 480 856 1300 1805 981 1287 2859 973 2821 1641 2474 2461 405 570 1455 1081 29 1284 943 825 1018 2049 || mode=VB method=fcm solver=pyvrp stage=post_ls ls=pyvrp iter=7
2026-03-15 22:29:14 | INFO     | [POOL #00570] 978 2246 2681 1058 1078 1814 2675 2582 2209 1788 1830 1838 174 635 986 1799 2625 2067 2212 1525 2796 2761 326 849 1316 553 895 453 2682 498 || mode=VB method=fcm solver=pyvrp stage=post_ls ls=pyvrp iter=7
2026-03-15 22:29:14 | INFO     | [POOL #00571] 1121 1464 152 2841 2369 2379 382 1737 796 2178 1584 805 1759 2038 576 598 2715 601 1432 1683 1661 2828 1552 2068 1378 2873 2130 532 1863 321 1514 || mode=VB method=fcm solver=pyvrp stage=post_ls ls=pyvrp iter=7
2026-03-15 22:29:14 | INFO     | [POOL #00572] 1917 2095 504 1187 520 1590 1162 1851 507 2758 1517 2588 365 1900 192 388 2613 2310 1082 || mode=VB method=fcm solver=pyvrp stage=post_ls ls=pyvrp iter=7
2026-03-15 22:29:14 | INFO     | [POOL #00573] 663 1849 1565 1105 395 626 2359 2858 142 588 932 2777 690 954 1080 2301 1628 1774 2436 1152 || mode=VB method=fcm solver=pyvrp stage=post_ls ls=pyvrp iter=7
2026-03-15 22:29:14 | INFO     | [POOL #00574] 1512 1197 1164 123 1293 1626 2668 56 2121 1782 2493 1209 1873 2159 1744 283 2142 2753 2622 1363 1483 2176 769 || mode=VB method=fcm solver=pyvrp stage=post_ls ls=pyvrp iter=7
2026-03-15 22:29:14 | INFO     | [POOL #00575] 934 2496 1211 1257 2513 971 1555 1852 2522 46 1254 1272 1469 2843 814 2521 2718 890 2548 768 1288 2334 || mode=VB method=fcm solver=pyvrp stage=post_ls ls=pyvrp iter=7
2026-03-15 22:29:14 | INFO     | [POOL #00576] 2575 2408 697 1638 2478 2640 1548 340 1086 897 1306 2880 1175 2849 830 637 1413 206 2749 2517 || mode=VB method=fcm solver=pyvrp stage=post_ls ls=pyvrp iter=7
2026-03-15 22:29:14 | INFO     | [POOL #00577] 121 1311 1273 2087 2532 1779 677 1581 991 996 499 1557 2759 1987 1677 18 790 979 1302 1594 1349 || mode=VB method=fcm solver=pyvrp stage=post_ls ls=pyvrp iter=7
2026-03-15 22:29:14 | INFO     | [POOL #00578] 2009 225 317 2141 1458 855 1956 1230 2664 1599 2384 565 2602 742 1032 2810 337 2325 541 419 || mode=VB method=fcm solver=pyvrp stage=post_ls ls=pyvrp iter=7
2026-03-15 22:29:14 | INFO     | [POOL #00579] 424 488 2645 90 772 1299 2818 2175 1646 1430 1925 1639 1390 2251 1609 1894 1019 2031 823 1474 261 494 || mode=VB method=fcm solver=pyvrp stage=post_ls ls=pyvrp iter=7
2026-03-15 22:29:14 | INFO     | [POOL #00580] 871 1456 761 750 2528 919 842 239 2422 2600 2400 777 2289 108 2519 2172 681 25 439 145 1213 2907 || mode=VB method=fcm solver=pyvrp stage=post_ls ls=pyvrp iter=7
2026-03-15 22:29:14 | INFO     | [POOL #00581] 256 1519 1692 316 2560 1963 386 2581 2776 1666 2370 2470 2455 709 942 318 1094 293 1321 2277 967 1177 2882 || mode=VB method=fcm solver=pyvrp stage=post_ls ls=pyvrp iter=7
2026-03-15 22:29:14 | INFO     | [POOL #00582] 708 2760 2570 2731 446 1796 1202 1554 2872 2414 1075 1241 754 69 1180 477 253 1442 618 508 428 || mode=VB method=fcm solver=pyvrp stage=post_ls ls=pyvrp iter=7
2026-03-15 22:29:14 | INFO     | [POOL #00583] 1545 2318 170 51 1296 2221 2772 371 1699 1611 1708 49 569 2561 2835 592 712 795 2860 941 1966 1971 || mode=VB method=fcm solver=pyvrp stage=post_ls ls=pyvrp iter=7
2026-03-15 22:29:14 | INFO     | [POOL #00584] 227 212 127 2745 2435 1308 1977 988 1669 2122 562 2683 2901 662 183 706 484 485 2033 1787 1598 1607 || mode=VB method=fcm solver=pyvrp stage=post_ls ls=pyvrp iter=7
2026-03-15 22:29:14 | INFO     | [POOL #00585] 2117 1896 2105 2076 309 2527 1733 644 1037 2160 2523 2217 2729 1426 898 841 1804 2432 2594 2215 2438 2124 || mode=VB method=fcm solver=pyvrp stage=post_ls ls=pyvrp iter=7
2026-03-15 22:29:14 | INFO     | [POOL #00586] 1016 1134 17 2062 1603 957 30 1235 2757 721 2720 1454 210 267 2276 1643 882 1079 1088 1631 2302 || mode=VB method=fcm solver=pyvrp stage=post_ls ls=pyvrp iter=7
2026-03-15 22:29:14 | INFO     | [POOL #00587] 1194 612 1706 2566 539 399 2030 1083 1173 1675 835 2092 2642 1159 2106 2001 144 544 2652 969 1866 1981 1000 || mode=VB method=fcm solver=pyvrp stage=post_ls ls=pyvrp iter=7
2026-03-15 22:29:14 | INFO     | [POOL #00588] 1604 2398 966 645 186 1130 733 375 426 2253 983 100 2770 1422 102 2232 836 2598 1452 1030 33 2573 1423 || mode=VB method=fcm solver=pyvrp stage=post_ls ls=pyvrp iter=7
2026-03-15 22:29:14 | INFO     | [POOL #00589] 1395 2742 1281 1808 1335 2372 564 2730 2886 2113 2866 2540 1592 2365 1705 2782 1853 1869 411 2756 2618 || mode=VB method=fcm solver=pyvrp stage=post_ls ls=pyvrp iter=7
2026-03-15 22:29:14 | INFO     | [POOL #00590] 2798 320 807 756 2129 2636 1091 475 2837 2248 710 430 2889 2354 2132 2462 901 2773 2650 925 296 || mode=VB method=fcm solver=pyvrp stage=post_ls ls=pyvrp iter=7
2026-03-15 22:29:14 | INFO     | [POOL #00591] 1730 794 781 1923 134 1149 1351 667 1431 2542 1142 1549 1532 422 2725 96 1377 1550 1429 657 1504 1682 24 466 2043 64 1711 1576 || mode=VB method=fcm solver=pyvrp stage=post_ls ls=pyvrp iter=7
2026-03-15 22:29:14 | INFO     | [POOL #00592] 1366 1686 1792 2020 778 26 1285 2471 2635 1856 916 169 1233 1508 1537 2331 1484 1373 1182 45 554 47 || mode=VB method=fcm solver=pyvrp stage=post_ls ls=pyvrp iter=7
2026-03-15 22:29:14 | INFO     | [POOL #00593] 2885 933 2794 642 2854 1502 1029 240 1106 789 2712 2437 1145 2029 676 2161 1353 899 113 2075 1653 2868 2568 || mode=VB method=fcm solver=pyvrp stage=post_ls ls=pyvrp iter=7
2026-03-15 22:29:14 | INFO     | [POOL #00594] 682 1035 470 60 2392 1685 1176 1124 2424 23 362 2263 55 2836 1995 148 1114 1701 2452 1944 1393 1997 || mode=VB method=fcm solver=pyvrp stage=post_ls ls=pyvrp iter=7
2026-03-15 22:29:14 | INFO     | [POOL #00595] 960 2313 521 125 1397 164 2406 2492 552 1783 2733 1190 762 2340 615 1602 2196 76 732 1694 760 530 || mode=VB method=fcm solver=pyvrp stage=post_ls ls=pyvrp iter=7
2026-03-15 22:29:14 | INFO     | [POOL #00596] 989 815 853 178 396 2824 1169 2902 1286 275 1392 2727 2433 514 1376 273 2870 1499 913 1053 196 1836 || mode=VB method=fcm solver=pyvrp stage=post_ls ls=pyvrp iter=7
2026-03-15 22:29:14 | INFO     | [POOL #00597] 1771 2306 1760 1224 1191 726 352 827 753 1526 377 623 907 474 9 2034 2072 1939 2256 213 433 || mode=VB method=fcm solver=pyvrp stage=post_ls ls=pyvrp iter=7
2026-03-15 22:29:14 | INFO     | [POOL #00598] 2281 61 921 2620 1754 1472 198 1546 2449 548 305 299 2416 700 1039 2083 1946 2788 2526 1678 2314 1061 1741 1612 || mode=VB method=fcm solver=pyvrp stage=post_ls ls=pyvrp iter=7
2026-03-15 22:29:14 | INFO     | [POOL #00599] 2795 1855 672 1870 800 306 2345 1477 854 2064 2489 1842 2099 193 775 1531 2094 140 2649 1582 1540 2856 || mode=VB method=fcm solver=pyvrp stage=post_ls ls=pyvrp iter=7
2026-03-15 22:29:14 | INFO     | [POOL #00600] 1700 1918 159 416 903 2536 2352 1010 964 1619 441 1153 177 674 2229 1309 2090 1362 158 1419 2286 1749 || mode=VB method=fcm solver=pyvrp stage=post_ls ls=pyvrp iter=7
2026-03-15 22:29:14 | INFO     | [POOL #00601] 1249 496 693 542 2401 98 1046 1137 2465 691 1616 2283 1989 2813 224 80 1476 812 1116 2875 1334 || mode=VB method=fcm solver=pyvrp stage=post_ls ls=pyvrp iter=7
2026-03-15 22:29:14 | INFO     | [POOL #00602] 230 122 83 189 401 1420 1183 1729 2378 179 2504 1120 1850 2539 1903 975 2235 758 2510 1690 380 1807 1931 || mode=VB method=fcm solver=pyvrp stage=post_ls ls=pyvrp iter=7
2026-03-15 22:29:14 | INFO     | [POOL #00603] 287 2558 2898 744 1721 2627 2040 533 2055 2070 2114 501 1468 381 1119 2460 2597 1168 1575 204 1936 || mode=VB method=fcm solver=pyvrp stage=post_ls ls=pyvrp iter=7
2026-03-15 22:29:14 | INFO     | [POOL #00604] 358 776 1437 2059 1402 1446 2250 766 2240 735 1541 2480 1227 228 251 1248 2514 972 82 2357 2778 1500 1364 231 2419 2529 1126 689 425 2801 119 || mode=VB method=fcm solver=pyvrp stage=post_ls ls=pyvrp iter=7
2026-03-15 22:29:14 | INFO     | [POOL #00605] 1670 2348 571 2101 2193 2648 1278 1982 2264 1310 739 1140 1571 491 2537 2339 2287 434 1513 1274 2402 2390 2680 1271 719 2874 2163 961 2143 872 860 || mode=VB method=fcm solver=pyvrp stage=post_ls ls=pyvrp iter=7
2026-03-15 22:29:14 | INFO     | [POOL #00606] 1489 2701 2910 118 1144 619 2905 175 1693 472 2615 2466 1314 2634 2691 2545 1250 1664 1821 1361 2321 1270 276 328 1717 1732 1425 1520 1580 1815 1906 429 234 2578 519 2371 1714 1684 1356 1115 2896 1448 1742 929 2078 448 1021 || mode=VB method=fcm solver=pyvrp stage=post_ls ls=pyvrp iter=7
2026-03-15 22:29:14 | INFO     | [POOL #00607] 2744 2353 1232 1417 297 2619 632 611 2867 2088 665 1328 1662 894 1379 1118 702 135 1077 658 1208 896 2591 2315 2082 2386 2738 262 574 374 699 2360 2374 2869 2324 1846 650 2448 2255 1919 || mode=VB method=fcm solver=pyvrp stage=post_ls ls=pyvrp iter=7
2026-03-15 22:29:14 | INFO     | [POOL #00608] 728 2139 2162 487 2446 2441 58 2576 522 476 1553 2204 295 1913 2329 2549 2410 1243 2284 987 2574 460 2893 333 2848 1780 1165 1282 924 221 2380 1313 1791 2799 2201 2242 2006 270 2802 150 1317 2740 || mode=VB method=fcm solver=pyvrp stage=post_ls ls=pyvrp iter=7
2026-03-15 22:29:14 | INFO     | [POOL #00609] 1720 1695 463 1551 1898 242 2710 81 2071 1066 609 343 1025 2497 2884 478 1093 2296 1109 2698 115 1588 1444 2611 2173 2311 236 2509 2707 || mode=VB method=fcm solver=pyvrp stage=post_ls ls=pyvrp iter=7
2026-03-15 22:29:14 | INFO     | [POOL #00610] 1099 2388 1781 1743 1237 389 1826 378 2556 1151 252 2239 1184 1516 2194 1597 905 1217 746 1179 || mode=VB method=fcm solver=pyvrp stage=post_ls ls=pyvrp iter=7
2026-03-15 22:29:14 | INFO     | [POOL #00611] 730 2689 2887 1340 788 1506 2807 801 1451 1336 2660 2814 2861 2630 2614 284 953 2150 1466 88 636 || mode=VB method=fcm solver=pyvrp stage=post_ls ls=pyvrp iter=7
2026-03-15 22:29:14 | INFO     | [POOL #00612] 1568 547 2022 1988 2061 1141 1488 686 617 1564 1346 889 780 743 66 111 2337 1138 797 99 || mode=VB method=fcm solver=pyvrp stage=post_ls ls=pyvrp iter=7
2026-03-15 22:29:14 | INFO     | [POOL #00613] 2057 387 846 2781 2186 2655 1117 1148 914 1251 1828 909 2202 963 1157 1325 912 2628 1283 1478 1579 || mode=VB method=fcm solver=pyvrp stage=post_ls ls=pyvrp iter=7
2026-03-15 22:29:14 | INFO     | [POOL #00614] 718 2184 62 2728 583 303 1069 207 1622 1084 1762 1147 2695 1657 1068 959 1559 1445 249 1369 2385 161 2258 2165 1352 656 1910 2811 2717 || mode=VB method=fcm solver=pyvrp stage=post_ls ls=pyvrp iter=7
2026-03-15 22:29:14 | INFO     | [POOL #00615] 2290 109 1043 673 1087 181 2149 2291 2506 1238 2494 850 893 187 949 2755 407 787 1089 1656 908 451 366 2530 659 2024 1990 2316 2646 || mode=VB method=fcm solver=pyvrp stage=post_ls ls=pyvrp iter=7
2026-03-15 22:29:14 | INFO     | [POOL #00616] 2375 1738 393 219 862 1510 875 1726 1844 2748 1562 2451 137 2134 2500 41 2200 1475 281 1004 1832 2467 1835 2469 2342 22 1884 2260 2189 226 15 2430 866 454 2120 2721 2766 233 944 2563 1904 277 2911 || mode=VB method=fcm solver=pyvrp stage=post_ls ls=pyvrp iter=7
2026-03-15 22:29:14 | INFO     | [POOL #00617] 1267 2700 1809 666 1154 1156 250 837 348 2553 625 2274 1275 608 1052 1449 599 1914 2266 784 471 1038 917 2876 2182 1198 167 379 821 431 2804 1915 2779 1674 338 1128 2483 260 1952 2833 398 1133 2045 357 1421 2073 1371 2223 2823 1382 1739 2708 1660 1434 1535 2328 525 809 360 701 1330 2429 1613 1171 || mode=VB method=fcm solver=pyvrp stage=post_ls ls=pyvrp iter=7
2026-03-15 22:29:14 | INFO     | [POOL #00618] 2226 1768 312 2890 36 2473 549 2109 467 461 254 1347 2491 1001 2431 2224 1756 2000 936 1398 879 518 2350 2714 367 257 1231 2631 1418 1443 1902 266 1968 2102 1941 1897 998 1617 71 582 1048 2488 185 956 440 1912 2054 820 1589 91 1563 2389 394 664 2897 2525 2391 2857 1859 900 53 572 722 || mode=VB method=fcm solver=pyvrp stage=post_ls ls=pyvrp iter=7
2026-03-15 22:29:14 | INFO     | [POOL #00619] 1219 2817 2453 438 683 2579 2445 1523 2297 2734 654 2819 1348 269 208 2806 2705 838 450 278 258 2659 2662 1587 2612 1174 1951 1410 2623 1928 2690 2586 2800 1522 2442 1017 1295 300 1470 259 648 413 1934 48 2883 172 2601 803 456 244 2322 2267 573 70 1992 2167 216 1450 2207 1976 1436 1727 2605 2081 711 1465 2501 2754 1911 920 2908 197 2262 || mode=VB method=fcm solver=pyvrp stage=post_ls ls=pyvrp iter=7
2026-03-15 22:29:14 | INFO     | [POOL #00620] 2803 1668 2013 272 332 880 34 1428 2797 668 1964 2417 1801 2362 616 1891 319 464 695 280 1544 1365 264 2127 2393 289 420 563 1375 624 2136 147 2487 1005 590 1881 2145 92 2906 1573 1645 482 579 1932 1358 57 87 1234 2456 1757 286 2367 2863 391 2443 580 65 1875 2879 217 833 2018 649 647 968 222 811 || mode=VB method=fcm solver=pyvrp stage=post_ls ls=pyvrp iter=7
2026-03-15 22:29:14 | INFO     | [POOL #00621] 1507 1681 1547 1629 146 141 1569 2608 1026 2654 75 1212 1560 1627 2056 2228 2809 1225 1687 188 2404 1221 2895 1401 2079 2516 2633 2562 1113 696 2395 589 2332 1163 1800 1031 2503 516 2853 2584 927 937 2666 2913 2247 620 || mode=VB method=fcm solver=pyvrp stage=post_ls ls=pyvrp iter=7
2026-03-15 22:29:14 | INFO     | [POOL #00622] 2245 902 888 2703 1876 427 717 2482 852 1635 84 863 1386 2541 2135 417 5 2151 1490 2007 1794 2053 2793 2335 1908 1143 2846 368 103 271 1344 1036 2272 2775 2069 173 2785 566 132 2412 2852 1135 2658 2288 2670 1 2396 459 1090 2187 2750 1370 985 1860 369 1072 2746 2144 || mode=VB method=fcm solver=pyvrp stage=post_ls ls=pyvrp iter=7
2026-03-15 22:29:14 | INFO     | [POOL #00623] 1595 2298 435 344 1518 383 392 2621 285 543 646 1921 1186 524 489 1797 1033 2457 129 745 2587 2892 1207 1586 1416 1740 1246 2154 442 2684 1864 2131 408 2234 511 829 1074 1022 1342 497 372 906 1702 1408 2552 68 138 1816 2434 2769 1927 1840 2048 1605 2123 2098 1495 2838 962 168 1055 2269 1566 1899 1745 995 || mode=VB method=fcm solver=pyvrp stage=post_ls ls=pyvrp iter=7
2026-03-15 22:29:14 | INFO     | [POOL #00624] 114 1758 2205 1698 603 1644 2894 404 2107 2397 2387 2610 2415 791 2046 2830 2481 540 16 1967 432 || mode=VB method=fcm solver=pyvrp stage=post_ls ls=pyvrp iter=7
2026-03-15 22:29:14 | INFO     | [POOL #00625] 1847 876 885 1404 1092 2475 918 2330 282 633 331 2180 834 457 2096 545 2346 1731 2190 2169 43 1877 2792 994 1558 298 1948 1391 2195 627 1679 595 2233 946 314 2174 1011 2609 1618 2862 1200 445 2093 958 13 1621 931 1812 1994 881 997 1671 2309 2490 2808 28 1406 1259 2765 1533 166 1954 2832 490 2743 || mode=VB method=fcm solver=pyvrp stage=post_ls ls=pyvrp iter=7
2026-03-15 22:29:14 | INFO     | [POOL #00626] 1307 1047 1002 1345 458 1172 1926 2511 1327 1530 505 194 2724 2822 77 1337 1803 2839 2495 1396 575 935 2323 1131 557 537 1543 550 1111 2440 1798 2711 2547 1006 2871 2011 2699 2028 402 923 2719 2676 354 325 2450 443 308 1253 2368 1688 2394 6 638 2060 1935 323 1255 630 1567 2308 1709 2904 2377 1242 171 1013 2140 955 2382 || mode=VB method=fcm solver=pyvrp stage=post_ls ls=pyvrp iter=7
2026-03-15 22:29:14 | INFO     | [POOL #00627] 376 671 406 678 806 2697 2363 54 2017 2091 1600 2827 731 1265 864 346 2198 2125 747 1049 2218 883 1097 124 1122 2058 2270 2476 1290 2153 1785 1438 2518 493 2208 1305 1528 546 1229 2327 591 587 1112 1240 2427 1930 2855 2685 1649 126 1318 1659 1920 1050 1076 2027 1521 2050 1596 2468 2254 2637 10 1020 1170 2349 1494 1539 || mode=VB method=fcm solver=pyvrp stage=post_ls ls=pyvrp iter=7
2026-03-15 22:29:14 | INFO     | [POOL #00628] 2888 2021 2118 2279 2663 2508 698 1957 1975 73 2222 2249 2805 1101 218 288 1747 584 1070 1189 2271 1610 688 802 1009 1784 867 483 97 2036 2669 1790 2259 1895 561 1447 2015 977 1755 327 1719 1324 1960 1811 2687 2041 555 531 2103 2407 1882 1326 2181 1942 || mode=VB method=fcm solver=pyvrp stage=post_ls ls=pyvrp iter=7
2026-03-15 22:29:14 | INFO     | [POOL #00629] 1999 622 585 199 2278 2784 714 1394 1014 826 2891 502 2216 1515 1556 1962 2341 1879 2546 2108 149 1440 || mode=VB method=fcm solver=pyvrp stage=post_ls ls=pyvrp iter=7
2026-03-15 22:29:14 | INFO     | [POOL #00630] 1858 1634 840 1332 2261 1878 2183 1067 1608 1150 468 1355 136 1958 2351 2572 1865 1252 1433 1953 || mode=VB method=fcm solver=pyvrp stage=post_ls ls=pyvrp iter=7
2026-03-15 22:29:14 | INFO     | [POOL #00631] 1161 39 2881 2347 1887 976 687 2252 1245 915 567 1985 79 982 373 400 1155 865 724 2179 694 63 2 || mode=VB method=fcm solver=pyvrp stage=post_ls ls=pyvrp iter=7
2026-03-15 22:29:14 | INFO     | [POOL #00632] 1929 2319 2356 1823 2231 410 727 481 154 2595 2787 2692 1457 2780 818 868 1593 2423 715 884 203 || mode=VB method=fcm solver=pyvrp stage=post_ls ls=pyvrp iter=7
2026-03-15 22:29:14 | INFO     | [POOL #00633] 930 874 1872 2899 85 1970 465 191 597 329 1298 214 653 243 182 2816 1854 1829 604 2723 2752 2155 || mode=VB method=fcm solver=pyvrp stage=post_ls ls=pyvrp iter=7
2026-03-15 22:29:14 | INFO     | [POOL #00634] 2678 2565 2472 1636 1409 2265 370 614 153 2084 1696 1383 1103 528 1845 870 42 1178 1672 1269 1766 117 845 184 1322 928 980 1883 19 1065 551 843 817 2764 999 652 || mode=VB method=fcm solver=pyvrp stage=post_ls ls=pyvrp iter=7
2026-03-15 22:29:14 | INFO     | [POOL #00635] 2032 1763 2164 685 534 2583 1268 1735 11 1007 255 1289 1577 1266 3 294 409 1710 2063 2292 1218 2170 2237 1387 1294 || mode=VB method=fcm solver=pyvrp stage=post_ls ls=pyvrp iter=7
2026-03-15 22:29:14 | INFO     | [POOL #00636] 1257 2513 1555 1852 2215 2594 2432 1804 841 898 1426 2192 897 1306 2880 1583 1175 2849 830 637 1413 2758 || mode=VB method=k_medoids_pyclustering solver=filo1 stage=post_ls ls=pyvrp iter=8
2026-03-15 22:29:14 | INFO     | [POOL #00637] 246 785 2312 2049 1514 321 1863 532 2130 2873 2121 2668 56 2753 2622 1363 1483 1164 910 663 || mode=VB method=k_medoids_pyclustering solver=filo1 stage=post_ls ls=pyvrp iter=8
2026-03-15 22:29:14 | INFO     | [POOL #00638] 2527 857 1063 444 1297 351 1367 2498 957 30 1603 1235 2062 17 1987 1677 18 979 1302 1594 1016 || mode=VB method=k_medoids_pyclustering solver=filo1 stage=post_ls ls=pyvrp iter=8
2026-03-15 22:29:14 | INFO     | [POOL #00639] 1015 2515 1511 2146 1167 2115 1655 535 130 2026 1480 2211 247 202 2364 107 1263 858 2629 729 2358 2065 2111 || mode=VB method=k_medoids_pyclustering solver=filo1 stage=post_ls ls=pyvrp iter=8
2026-03-15 22:29:14 | INFO     | [POOL #00640] 2517 520 1590 1162 1469 336 418 1998 2522 46 1254 1272 971 2124 310 507 206 1900 388 1187 || mode=VB method=k_medoids_pyclustering solver=filo1 stage=post_ls ls=pyvrp iter=8
2026-03-15 22:29:14 | INFO     | [POOL #00641] 786 2533 1304 2763 265 1003 157 536 2459 2674 1940 2477 1663 2644 703 734 500 2571 819 2877 892 1108 || mode=VB method=k_medoids_pyclustering solver=filo1 stage=post_ls ls=pyvrp iter=8
2026-03-15 22:29:14 | INFO     | [POOL #00642] 2310 2749 365 2588 1517 1509 340 2185 568 2035 2405 1633 40 1955 736 613 1261 486 1185 2366 1374 1751 192 2575 || mode=VB method=k_medoids_pyclustering solver=filo1 stage=post_ls ls=pyvrp iter=8
2026-03-15 22:29:14 | INFO     | [POOL #00643] 1724 339 2606 1459 2188 2617 2632 2381 1905 2555 1027 2454 2593 415 1236 2128 2789 35 1937 112 1986 1203 2900 335 || mode=VB method=k_medoids_pyclustering solver=filo1 stage=post_ls ls=pyvrp iter=8
2026-03-15 22:29:14 | INFO     | [POOL #00644] 1095 607 1381 556 1411 110 2851 922 2912 2599 2361 1933 2505 1529 651 1534 227 492 2673 2047 765 1896 || mode=VB method=k_medoids_pyclustering solver=filo1 stage=post_ls ls=pyvrp iter=8
2026-03-15 22:29:14 | INFO     | [POOL #00645] 2245 2290 2383 2037 606 1280 1707 2603 2502 2604 1460 2486 8 2158 593 2820 1201 2097 1123 1972 1765 2535 || mode=VB method=k_medoids_pyclustering solver=filo1 stage=post_ls ls=pyvrp iter=8
2026-03-15 22:29:14 | INFO     | [POOL #00646] 1658 577 1824 1492 238 1368 2214 2864 1969 211 1441 334 1008 245 31 1256 1978 2774 2336 1712 2243 44 || mode=VB method=k_medoids_pyclustering solver=filo1 stage=post_ls ls=pyvrp iter=8
2026-03-15 22:29:14 | INFO     | [POOL #00647] 1121 2682 1464 152 796 2178 1759 2038 2139 598 2715 2761 2796 1525 1683 1661 2828 1249 1209 1873 2159 1744 283 2311 2176 769 506 1561 || mode=VB method=k_medoids_pyclustering solver=filo1 stage=post_ls ls=pyvrp iter=8
2026-03-15 22:29:14 | INFO     | [POOL #00648] 1152 1716 1774 1628 2301 1080 2496 690 1211 2777 954 160 1630 1195 38 1640 934 1041 2436 1127 || mode=VB method=k_medoids_pyclustering solver=filo1 stage=post_ls ls=pyvrp iter=8
2026-03-15 22:29:14 | INFO     | [POOL #00649] 480 363 1081 1455 570 405 93 359 2531 1473 495 602 1210 1718 2293 2507 1772 1037 644 1733 2843 932 || mode=VB method=k_medoids_pyclustering solver=filo1 stage=post_ls ls=pyvrp iter=8
2026-03-15 22:29:14 | INFO     | [POOL #00650] 2171 2052 2616 1789 2160 165 1399 437 1349 926 2317 1412 1262 14 2217 2523 2213 2219 2786 2438 2544 || mode=VB method=k_medoids_pyclustering solver=filo1 stage=post_ls ls=pyvrp iter=8
2026-03-15 22:29:14 | INFO     | [POOL #00651] 1849 1565 1288 771 1258 2359 142 588 2521 814 679 2858 626 395 1105 447 241 347 2334 2117 755 || mode=VB method=k_medoids_pyclustering solver=filo1 stage=post_ls ls=pyvrp iter=8
2026-03-15 22:29:14 | INFO     | [POOL #00652] 1512 1197 2142 1782 2493 2068 1552 2067 2625 1799 986 635 496 730 1334 1579 1099 2710 242 2212 1432 601 849 2369 2841 860 895 498 || mode=VB method=k_medoids_pyclustering solver=filo1 stage=post_ls ls=pyvrp iter=8
2026-03-15 22:29:14 | INFO     | [POOL #00653] 1331 768 2548 890 856 1300 1805 981 1287 2859 973 2461 2474 1641 2821 799 309 2076 2105 503 2718 1498 || mode=VB method=k_medoids_pyclustering solver=filo1 stage=post_ls ls=pyvrp iter=8
2026-03-15 22:29:14 | INFO     | [POOL #00654] 1917 1199 831 2085 1916 1841 1818 2002 1166 1886 2564 707 2305 1585 2119 1848 911 1467 1777 1761 2016 || mode=VB method=k_medoids_pyclustering solver=filo1 stage=post_ls ls=pyvrp iter=8
2026-03-15 22:29:14 | INFO     | [POOL #00655] 2268 1822 229 1825 1713 2847 2137 1615 2080 455 680 390 2220 2241 341 770 1505 59 1496 20 248 2156 || mode=VB method=k_medoids_pyclustering solver=filo1 stage=post_ls ls=pyvrp iter=8
2026-03-15 22:29:14 | INFO     | [POOL #00656] 462 1637 101 1194 2418 2499 677 1779 1581 991 996 1866 1981 2759 1557 2302 2532 2087 1273 1311 2729 232 1851 || mode=VB method=k_medoids_pyclustering solver=filo1 stage=post_ls ls=pyvrp iter=8
2026-03-15 22:29:14 | INFO     | [POOL #00657] 1996 2845 1059 1650 2543 2842 2295 1632 2074 2421 315 813 2376 364 1160 950 2089 851 195 235 311 2355 || mode=VB method=k_medoids_pyclustering solver=filo1 stage=post_ls ls=pyvrp iter=8
2026-03-15 22:29:14 | INFO     | [POOL #00658] 123 1293 2009 225 825 943 1284 2141 1458 855 742 1032 2810 337 2003 2325 541 419 1018 94 || mode=VB method=k_medoids_pyclustering solver=filo1 stage=post_ls ls=pyvrp iter=8
2026-03-15 22:29:14 | INFO     | [POOL #00659] 2095 2478 1548 1086 2790 1384 201 1277 974 2903 804 2815 947 2299 2300 162 741 1601 263 350 1947 || mode=VB method=k_medoids_pyclustering solver=filo1 stage=post_ls ls=pyvrp iter=8
2026-03-15 22:29:14 | INFO     | [POOL #00660] 2602 2384 2664 1085 873 1817 313 639 1736 1239 2411 1487 1060 1380 1400 2148 2667 215 292 1230 1956 29 || mode=VB method=k_medoids_pyclustering solver=filo1 stage=post_ls ls=pyvrp iter=8
2026-03-15 22:29:14 | INFO     | [POOL #00661] 1643 2398 966 645 186 1130 733 375 426 2253 983 100 2770 1422 102 2232 836 2598 1452 1030 33 544 2652 || mode=VB method=k_medoids_pyclustering solver=filo1 stage=post_ls ls=pyvrp iter=8
2026-03-15 22:29:14 | INFO     | [POOL #00662] 223 330 1132 1578 1871 824 2126 1776 1680 2225 349 621 2657 151 716 104 773 301 792 155 2236 2066 || mode=VB method=k_medoids_pyclustering solver=filo1 stage=post_ls ls=pyvrp iter=8
2026-03-15 22:29:14 | INFO     | [POOL #00663] 121 904 1000 1423 612 2030 399 1083 1173 1675 2458 2039 1775 600 539 2566 1706 1100 1264 1665 2044 2865 2640 || mode=VB method=k_medoids_pyclustering solver=filo1 stage=post_ls ls=pyvrp iter=8
2026-03-15 22:29:14 | INFO     | [POOL #00664] 267 761 750 2528 919 842 239 2422 2600 2400 777 2289 108 2519 2172 2581 386 1963 2560 316 1692 || mode=VB method=k_medoids_pyclustering solver=filo1 stage=post_ls ls=pyvrp iter=8
2026-03-15 22:29:14 | INFO     | [POOL #00665] 2704 2199 1453 1485 1889 1054 684 2227 1329 2420 1192 1319 1652 1193 1497 641 1892 1388 2415 2610 1062 || mode=VB method=k_medoids_pyclustering solver=filo1 stage=post_ls ls=pyvrp iter=8
2026-03-15 22:29:14 | INFO     | [POOL #00666] 212 662 2570 2731 446 1796 1202 1554 942 709 2455 2470 2370 1666 2776 681 25 439 318 1094 145 1213 1456 || mode=VB method=k_medoids_pyclustering solver=filo1 stage=post_ls ls=pyvrp iter=8
2026-03-15 22:29:14 | INFO     | [POOL #00667] 473 1359 945 877 1424 139 2702 1867 2812 1833 2333 2307 1767 1247 1746 2485 2647 970 2716 810 1303 || mode=VB method=k_medoids_pyclustering solver=filo1 stage=post_ls ls=pyvrp iter=8
2026-03-15 22:29:14 | INFO     | [POOL #00668] 1880 2010 2677 594 127 2745 2435 1308 1977 988 1669 2901 2683 562 2122 1519 2907 871 256 2638 2596 692 || mode=VB method=k_medoids_pyclustering solver=filo1 stage=post_ls ls=pyvrp iter=8
2026-03-15 22:29:14 | INFO     | [POOL #00669] 1159 424 488 261 1474 823 1609 1894 1019 2031 2818 2175 1646 1430 1925 1639 1390 2251 1299 772 90 2645 || mode=VB method=k_medoids_pyclustering solver=filo1 stage=post_ls ls=pyvrp iter=8
2026-03-15 22:29:14 | INFO     | [POOL #00670] 2573 144 2001 2106 835 2642 2092 494 1667 1315 1922 105 1624 1357 670 581 385 1405 2736 2767 1463 342 1991 397 || mode=VB method=k_medoids_pyclustering solver=filo1 stage=post_ls ls=pyvrp iter=8
2026-03-15 22:29:14 | INFO     | [POOL #00671] 1945 1493 1028 1810 499 1631 1088 969 1604 1079 882 2276 1454 210 2720 721 2757 1134 790 2709 356 || mode=VB method=k_medoids_pyclustering solver=filo1 stage=post_ls ls=pyvrp iter=8
2026-03-15 22:29:14 | INFO     | [POOL #00672] 324 2646 78 2520 143 2479 1343 1439 1753 1834 938 1228 290 2291 2149 279 181 209 2694 353 412 2693 2463 1087 1984 || mode=VB method=k_medoids_pyclustering solver=filo1 stage=post_ls ls=pyvrp iter=8
2026-03-15 22:29:14 | INFO     | [POOL #00673] 647 1428 2797 668 1964 2417 1801 2362 616 1891 319 464 695 2838 1495 280 1544 1365 264 2098 2123 1605 1927 2769 2434 1816 138 68 1005 590 2487 147 2136 624 1375 2662 2659 1587 2800 1522 2690 2586 1928 2623 1410 2368 1688 1951 2612 1174 563 420 289 1337 1803 77 2393 2127 2822 2724 1242 171 194 505 1013 1530 1327 2511 1926 490 1172 458 2382 || mode=VB method=k_medoids_pyclustering solver=filo1 stage=post_ls ls=pyvrp iter=8
2026-03-15 22:29:14 | INFO     | [POOL #00674] 2298 2262 2247 2453 2913 2260 863 1386 2541 2135 417 5 1186 1450 216 2167 1992 573 2267 1740 1246 2154 442 2684 1864 2131 408 2234 511 829 1342 497 450 838 2705 1036 1344 271 1416 1586 1207 2892 2587 745 129 2457 1033 1797 524 489 2007 1490 2151 1133 398 2833 1382 1739 2708 1660 2189 2430 15 809 360 2553 701 1330 || mode=VB method=k_medoids_pyclustering solver=filo1 stage=post_ls ls=pyvrp iter=8
2026-03-15 22:29:14 | INFO     | [POOL #00675] 752 1722 705 1770 1323 1360 1435 1715 1244 2230 1223 2826 605 1354 1949 1139 2338 1697 1862 993 2403 515 || mode=VB method=k_medoids_pyclustering solver=filo1 stage=post_ls ls=pyvrp iter=8
2026-03-15 22:29:14 | INFO     | [POOL #00676] 302 2019 2326 2569 2653 2551 1260 2426 2168 2399 2626 2343 1689 2506 366 2530 219 659 393 1738 2375 673 109 || mode=VB method=k_medoids_pyclustering solver=filo1 stage=post_ls ls=pyvrp iter=8
2026-03-15 22:29:14 | INFO     | [POOL #00677] 2717 2590 822 2679 1333 1910 344 1518 1681 1547 1629 656 1352 1510 875 1726 1844 1369 2385 161 41 2500 2853 1569 646 543 285 2584 927 2621 281 1004 1832 2467 1835 2469 2342 22 1884 1911 920 2908 197 435 1102 2671 1043 || mode=VB method=k_medoids_pyclustering solver=filo1 stage=post_ls ls=pyvrp iter=8
2026-03-15 22:29:14 | INFO     | [POOL #00678] 2280 1461 2686 452 1614 723 1651 1967 16 2205 1089 1758 1656 850 908 2494 114 1238 451 423 1044 1415 || mode=VB method=k_medoids_pyclustering solver=filo1 stage=post_ls ls=pyvrp iter=8
2026-03-15 22:29:14 | INFO     | [POOL #00679] 392 146 2134 137 2451 2654 75 1560 1627 589 2395 1113 696 1225 1687 188 2404 1221 2895 1401 2516 2079 2633 2562 1147 1762 1084 1622 207 2695 1657 1069 303 2755 949 407 787 || mode=VB method=k_medoids_pyclustering solver=filo1 stage=post_ls ls=pyvrp iter=8
2026-03-15 22:29:14 | INFO     | [POOL #00680] 1668 2269 1566 955 2743 1055 168 2140 962 1358 1932 2048 1840 482 1645 1573 2906 92 2145 1881 2552 1408 1702 906 258 278 372 1022 1074 2442 1017 1295 300 1470 259 648 413 1934 48 2883 172 803 456 244 2322 2601 2809 2228 2056 70 1212 1026 2608 2207 1921 1976 1436 1727 2605 2081 711 937 2666 1465 2501 2754 383 2811 1040 1595 || mode=VB method=k_medoids_pyclustering solver=filo1 stage=post_ls ls=pyvrp iter=8
2026-03-15 22:29:14 | INFO     | [POOL #00681] 1538 844 7 2791 2138 2133 1350 2408 757 1606 1638 697 2613 504 1082 37 1907 2197 304 || mode=VB method=k_medoids_pyclustering solver=filo1 stage=post_ls ls=pyvrp iter=8
2026-03-15 22:29:14 | INFO     | [POOL #00682] 2464 1096 2607 432 540 1698 603 1644 2894 404 2107 2397 2387 791 2046 2830 2481 2850 1146 1051 1536 847 984 || mode=VB method=k_medoids_pyclustering solver=filo1 stage=post_ls ls=pyvrp iter=8
2026-03-15 22:29:14 | INFO     | [POOL #00683] 862 718 2184 62 2728 893 187 583 1559 1445 959 1068 2332 1163 1800 1031 2503 1562 2748 249 516 2200 141 1475 2258 2165 2024 1990 2316 1507 || mode=VB method=k_medoids_pyclustering solver=filo1 stage=post_ls ls=pyvrp iter=8
2026-03-15 22:29:14 | INFO     | [POOL #00684] 1613 666 1154 2429 1156 250 837 348 2224 1756 2000 936 1398 879 518 2350 2714 379 821 431 1915 2804 1674 2779 2631 1418 1443 1231 257 367 2658 1897 2102 1941 579 582 1048 2488 956 440 185 57 87 1234 2456 1757 286 2367 820 1912 2054 1589 2443 2863 391 580 65 1875 2879 664 217 833 2018 649 2391 369 || mode=VB method=k_medoids_pyclustering solver=filo1 stage=post_ls ls=pyvrp iter=8
2026-03-15 22:29:14 | INFO     | [POOL #00685] 1860 2525 2897 1370 394 2389 91 1563 2750 2187 1090 459 2396 1 71 2670 2288 1617 998 1135 2852 1902 266 1968 2412 132 566 2785 173 2069 2775 2272 2806 208 269 1348 103 368 2846 1143 2819 1908 2335 2793 2053 1794 654 338 1952 784 2266 1434 1535 226 2328 525 2766 233 944 888 620 902 || mode=VB method=k_medoids_pyclustering solver=filo1 stage=post_ls ls=pyvrp iter=8
2026-03-15 22:29:14 | INFO     | [POOL #00686] 36 2473 549 985 2109 467 461 254 1347 2491 2431 1001 625 2274 1449 1052 1275 608 599 1914 167 1198 2182 471 1038 2876 917 1128 260 2483 2734 2297 1523 2445 2045 2579 683 2823 2223 1421 2073 1371 438 84 1635 852 866 454 2120 2482 2721 717 427 1876 2703 2817 2563 1904 1219 277 1809 2210 2911 || mode=VB method=k_medoids_pyclustering solver=filo1 stage=post_ls ls=pyvrp iter=8
2026-03-15 22:29:14 | INFO     | [POOL #00687] 675 2144 2803 2226 1768 2746 811 53 900 2013 995 272 222 1859 968 332 1745 1847 876 1002 1345 1047 1899 34 880 2857 1072 312 2890 1171 1819 2244 1542 2152 513 2700 939 1704 414 1795 759 1389 891 268 1107 1372 1820 1291 52 558 2051 1267 1312 || mode=VB method=k_medoids_pyclustering solver=filo1 stage=post_ls ls=pyvrp iter=8
2026-03-15 22:29:14 | INFO     | [POOL #00688] 1385 2444 1407 1462 1110 559 2713 2885 933 2794 45 1182 1373 530 1939 2256 2568 1149 213 1158 661 433 1730 || mode=VB method=k_medoids_pyclustering solver=filo1 stage=post_ls ls=pyvrp iter=8
2026-03-15 22:29:14 | INFO     | [POOL #00689] 2888 652 657 2279 2663 2508 817 843 1957 1975 551 19 1065 2237 1763 2032 203 2164 2170 1218 2292 1747 980 288 218 1101 1883 2669 1790 2259 1895 561 1447 2222 1324 1719 327 1755 977 2015 671 2407 376 698 2764 999 1504 2118 2181 2021 1942 1576 722 || mode=VB method=k_medoids_pyclustering solver=filo1 stage=post_ls ls=pyvrp iter=8
2026-03-15 22:29:14 | INFO     | [POOL #00690] 572 1711 64 1307 2043 466 24 1682 1326 1882 2103 531 555 1539 2687 1811 1960 2249 2805 2036 97 483 928 584 1070 1322 688 1610 2271 1189 409 1710 2063 2565 2155 2678 136 1515 714 || mode=VB method=k_medoids_pyclustering solver=filo1 stage=post_ls ls=pyvrp iter=8
2026-03-15 22:29:14 | INFO     | [POOL #00691] 1858 1634 840 1958 1355 468 1150 1608 724 2179 1878 2261 1332 1865 1252 1433 2 1377 1953 || mode=VB method=k_medoids_pyclustering solver=filo1 stage=post_ls ls=pyvrp iter=8
2026-03-15 22:29:14 | INFO     | [POOL #00692] 749 704 781 1923 134 2542 1431 667 1351 1366 2798 1771 2881 63 422 2725 1532 39 1549 1161 2557 || mode=VB method=k_medoids_pyclustering solver=filo1 stage=post_ls ls=pyvrp iter=8
2026-03-15 22:29:14 | INFO     | [POOL #00693] 1999 622 1550 1429 585 199 2278 2784 1394 1014 826 2891 502 2216 1556 1962 2341 1879 2546 2108 149 1440 || mode=VB method=k_medoids_pyclustering solver=filo1 stage=post_ls ls=pyvrp iter=8
2026-03-15 22:29:14 | INFO     | [POOL #00694] 358 2388 636 88 1781 2497 1025 2884 478 1093 2296 1217 343 609 1066 2071 746 1179 1551 1695 1720 236 || mode=VB method=k_medoids_pyclustering solver=filo1 stage=post_ls ls=pyvrp iter=8
2026-03-15 22:29:14 | INFO     | [POOL #00695] 1839 1626 1378 978 2246 764 2681 174 1838 1788 2209 2675 1814 1078 1058 839 1599 565 1279 317 1204 || mode=VB method=k_medoids_pyclustering solver=filo1 stage=post_ls ls=pyvrp iter=8
2026-03-15 22:29:14 | INFO     | [POOL #00696] 291 708 428 485 484 706 2760 183 967 1177 2882 508 51 1966 1971 170 2033 2318 1787 1598 1607 || mode=VB method=k_medoids_pyclustering solver=filo1 stage=post_ls ls=pyvrp iter=8
2026-03-15 22:29:14 | INFO     | [POOL #00697] 2689 2887 1340 788 1807 812 1046 1137 80 1476 380 912 2628 1936 389 1237 1283 1478 1931 2875 || mode=VB method=k_medoids_pyclustering solver=filo1 stage=post_ls ls=pyvrp iter=8
2026-03-15 22:29:14 | INFO     | [POOL #00698] 1444 150 2802 2006 2529 1126 231 2619 632 1500 2778 2574 460 2893 2357 82 972 1693 896 2537 2339 2287 434 472 1513 2615 1274 2402 1364 2390 574 374 522 2576 58 487 2162 2801 119 728 || mode=VB method=k_medoids_pyclustering solver=filo1 stage=post_ls ls=pyvrp iter=8
2026-03-15 22:29:14 | INFO     | [POOL #00699] 2582 2004 2585 1545 99 1700 797 1138 2337 230 2022 846 2781 98 542 2401 387 547 1568 2057 693 1830 || mode=VB method=k_medoids_pyclustering solver=filo1 stage=post_ls ls=pyvrp iter=8
2026-03-15 22:29:14 | INFO     | [POOL #00700] 1988 2061 1141 1488 1749 686 617 1564 1346 2286 1419 691 1616 2283 1989 2813 2465 224 2186 1116 || mode=VB method=k_medoids_pyclustering solver=filo1 stage=post_ls ls=pyvrp iter=8
2026-03-15 22:29:14 | INFO     | [POOL #00701] 1328 1662 1248 251 228 2480 1541 735 2240 1310 2264 1278 1982 2250 766 2059 1446 1402 1437 702 1118 2070 || mode=VB method=k_medoids_pyclustering solver=filo1 stage=post_ls ls=pyvrp iter=8
2026-03-15 22:29:14 | INFO     | [POOL #00702] 2277 1321 293 754 371 1699 1241 1075 2872 2414 1611 1708 49 569 2561 2835 592 2860 2772 2221 1296 941 1918 || mode=VB method=k_medoids_pyclustering solver=filo1 stage=post_ls ls=pyvrp iter=8
2026-03-15 22:29:14 | INFO     | [POOL #00703] 2655 1690 2510 1420 1729 1183 179 2378 2504 1120 177 1153 441 1619 712 795 69 1180 477 253 1442 618 || mode=VB method=k_medoids_pyclustering solver=filo1 stage=post_ls ls=pyvrp iter=8
2026-03-15 22:29:14 | INFO     | [POOL #00704] 2630 2861 533 2055 776 1379 894 135 1077 658 1227 739 1140 491 1571 1208 2514 665 175 1165 221 || mode=VB method=k_medoids_pyclustering solver=filo1 stage=post_ls ls=pyvrp iter=8
2026-03-15 22:29:14 | INFO     | [POOL #00705] 111 159 416 903 2536 2352 1010 964 674 2229 1309 2090 1362 158 401 189 83 889 780 743 66 122 || mode=VB method=k_medoids_pyclustering solver=filo1 stage=post_ls ls=pyvrp iter=8
2026-03-15 22:29:14 | INFO     | [POOL #00706] 2807 801 1451 1336 2660 1119 381 1468 501 2114 2460 2597 1168 2814 1575 204 2614 284 953 1826 2150 || mode=VB method=k_medoids_pyclustering solver=filo1 stage=post_ls ls=pyvrp iter=8
2026-03-15 22:29:14 | INFO     | [POOL #00707] 1117 1148 914 1251 1670 758 2235 975 1850 2539 1903 2648 2101 2193 571 2348 1828 909 2202 963 1157 1325 1506 || mode=VB method=k_medoids_pyclustering solver=filo1 stage=post_ls ls=pyvrp iter=8
2026-03-15 22:29:14 | INFO     | [POOL #00708] 1898 81 2698 1232 2242 2419 2680 1271 699 2874 1846 2324 2360 2374 2869 1356 1684 1714 519 2578 234 429 1906 1815 1580 1520 1425 1732 1717 328 276 1270 2321 1361 1821 1664 2549 2329 2410 1250 2545 2691 2634 2386 2082 2315 2591 2466 1314 2738 1243 2284 987 262 295 1913 2204 1553 476 719 2441 2446 689 425 1317 2740 576 1316 2707 453 || mode=VB method=k_medoids_pyclustering solver=filo1 stage=post_ls ls=pyvrp iter=8
2026-03-15 22:29:14 | INFO     | [POOL #00709] 2173 2611 1588 115 1109 287 2558 2898 1791 1313 2380 924 1282 1721 2627 2701 252 2239 1184 1516 1489 2194 1597 905 || mode=VB method=k_medoids_pyclustering solver=filo1 stage=post_ls ls=pyvrp iter=8
2026-03-15 22:29:14 | INFO     | [POOL #00710] 553 2379 872 2143 961 2448 2163 650 1742 929 421 1648 1857 859 2768 2273 74 2023 527 1748 2203 2177 1965 2303 782 200 2589 2282 586 1691 848 596 1973 469 2909 1901 355 1403 2371 1129 2042 27 2413 2012 1813 526 2834 1056 133 1778 1115 2896 1448 1769 887 449 738 1979 2665 1837 2078 2255 448 1919 1021 805 1584 || mode=VB method=k_medoids_pyclustering solver=filo1 stage=post_ls ls=pyvrp iter=8
2026-03-15 22:29:14 | INFO     | [POOL #00711] 1206 1802 1743 1466 1151 2556 378 2910 2040 118 1144 2905 2088 619 2867 1780 2848 333 611 744 2799 297 2201 1417 270 2353 2744 326 463 2509 || mode=VB method=k_medoids_pyclustering solver=filo1 stage=post_ls ls=pyvrp iter=8
2026-03-15 22:29:14 | INFO     | [POOL #00712] 2041 1494 2349 1170 1020 10 2637 2468 2254 747 1049 2218 883 1097 2050 1596 1521 2027 1050 1659 1318 545 2346 1731 2190 2169 43 1877 2792 445 2093 958 13 1621 931 1812 1994 881 997 2096 457 2309 1671 1131 557 2323 935 575 1396 2495 2839 1255 630 1567 2308 1709 2904 2377 2490 2808 28 1406 1259 2765 1533 166 1954 2832 || mode=VB method=k_medoids_pyclustering solver=filo1 stage=post_ls ls=pyvrp iter=8
2026-03-15 22:29:14 | INFO     | [POOL #00713] 357 2060 1935 323 537 1543 550 638 6 2394 1253 308 443 1111 2450 2440 1798 2711 2547 1006 325 354 2676 2719 923 402 2028 2699 2011 2871 946 2233 595 1679 314 2174 1011 2609 1618 2862 1200 627 2195 1391 1948 298 1558 994 1930 2855 2685 1649 126 1920 1076 331 2180 834 633 282 2330 918 2475 1092 1404 885 || mode=VB method=k_medoids_pyclustering solver=filo1 stage=post_ls ls=pyvrp iter=8
2026-03-15 22:29:14 | INFO     | [POOL #00714] 2572 694 2183 687 2252 2618 2756 1281 2742 1395 1612 2773 901 2462 710 2248 2650 925 296 1887 2347 96 || mode=VB method=k_medoids_pyclustering solver=filo1 stage=post_ls ls=pyvrp iter=8
2026-03-15 22:29:14 | INFO     | [POOL #00715] 411 1869 1335 2372 564 2866 2113 2345 1477 854 2064 306 800 2886 2730 1855 2795 1808 1741 976 || mode=VB method=k_medoids_pyclustering solver=filo1 stage=post_ls ls=pyvrp iter=8
2026-03-15 22:29:14 | INFO     | [POOL #00716] 1245 1872 1853 2782 2899 2540 1592 2365 1705 85 1970 465 191 597 329 1298 214 653 1103 1383 1696 2084 243 || mode=VB method=k_medoids_pyclustering solver=filo1 stage=post_ls ls=pyvrp iter=8
2026-03-15 22:29:14 | INFO     | [POOL #00717] 320 2034 9 1760 1224 474 1191 907 623 2471 377 753 827 726 475 2837 2636 2129 756 960 || mode=VB method=k_medoids_pyclustering solver=filo1 stage=post_ls ls=pyvrp iter=8
2026-03-15 22:29:14 | INFO     | [POOL #00718] 921 61 430 2889 2132 2354 2856 2313 521 125 2424 1124 1176 1053 1685 196 1836 1526 352 1091 2306 807 || mode=VB method=k_medoids_pyclustering solver=filo1 stage=post_ls ls=pyvrp iter=8
2026-03-15 22:29:14 | INFO     | [POOL #00719] 2020 60 23 1602 615 2340 1190 762 2733 1783 552 2824 396 1169 178 2492 2406 164 1397 2392 1285 2635 || mode=VB method=k_medoids_pyclustering solver=filo1 stage=post_ls ls=pyvrp iter=8
2026-03-15 22:29:14 | INFO     | [POOL #00720] 1694 732 76 2196 362 2263 55 2836 1995 148 1114 1701 113 899 1353 2161 2075 1653 2452 1944 1393 1997 || mode=VB method=k_medoids_pyclustering solver=filo1 stage=post_ls ls=pyvrp iter=8
2026-03-15 22:29:14 | INFO     | [POOL #00721] 1754 1499 2870 273 1376 514 2433 1540 1472 198 1546 2449 548 305 299 2416 700 1039 2083 1946 2788 2526 2620 || mode=VB method=k_medoids_pyclustering solver=filo1 stage=post_ls ls=pyvrp iter=8
2026-03-15 22:29:14 | INFO     | [POOL #00722] 1067 930 982 2319 2356 2423 1593 2780 818 868 2816 1854 182 1409 1636 1829 604 2723 2752 400 1155 || mode=VB method=k_medoids_pyclustering solver=filo1 stage=post_ls ls=pyvrp iter=8
2026-03-15 22:29:14 | INFO     | [POOL #00723] 2351 865 373 42 1178 1672 1269 1766 117 845 184 802 1009 2017 2091 1600 2827 731 1438 1785 2153 2518 493 2208 1305 1528 546 1229 2327 591 587 1112 1240 2427 2270 2058 1290 2476 1122 124 864 1265 54 2363 2697 806 1784 867 678 346 2125 2198 406 73 1387 1294 || mode=VB method=k_medoids_pyclustering solver=filo1 stage=post_ls ls=pyvrp iter=8
2026-03-15 22:29:14 | INFO     | [POOL #00724] 794 1752 1142 2072 1686 682 1792 1035 1856 778 26 470 916 169 1233 1508 1537 2331 1484 760 554 47 131 || mode=VB method=k_medoids_pyclustering solver=filo1 stage=post_ls ls=pyvrp iter=8
2026-03-15 22:29:14 | INFO     | [POOL #00725] 1061 2314 1678 672 1870 2489 1842 2099 193 775 1531 2094 140 2649 1582 2727 1392 275 1286 2902 853 815 989 913 || mode=VB method=k_medoids_pyclustering solver=filo1 stage=post_ls ls=pyvrp iter=8
2026-03-15 22:29:14 | INFO     | [POOL #00726] 2472 534 2583 1268 1735 11 2265 370 614 1007 255 153 528 1845 870 1289 1577 1266 3 294 685 || mode=VB method=k_medoids_pyclustering solver=filo1 stage=post_ls ls=pyvrp iter=8
2026-03-15 22:29:14 | INFO     | [POOL #00727] 2751 767 2425 2447 990 2238 1057 2550 361 628 2524 2559 2825 2110 106 1276 2696 2567 1723 1773 2008 798 1620 1226 2747 713 1909 2592 21 436 560 2641 156 2005 2643 1728 517 1673 629 2762 1064 2656 1885 1320 1625 640 1034 660 345 725 205 1427 793 2783 643 737 828 1071 1503 2840 2726 1471 2722 || mode=VB method=k_medoids_pyclustering solver=filo1 stage=post_ls ls=pyvrp iter=8
2026-03-15 22:29:14 | INFO     | [POOL #00728] 180 1827 1479 2285 1501 1125 2166 2706 740 322 274 1570 774 529 2672 2651 220 1924 940 1676 1024 631 634 1943 1647 992 1786 1042 1980 2739 2428 2100 1301 2534 2735 2878 1216 1196 1222 1341 1482 50 2771 2737 1098 384 1654 116 2191 1938 655 2116 403 2829 2275 2086 1292 1642 1527 869 1890 1623 878 2741 1339 2484 2157 1806 783 2538 1220 || mode=VB method=k_medoids_pyclustering solver=filo1 stage=post_ls ls=pyvrp iter=8
2026-03-15 22:29:14 | INFO     | [POOL #00729] 2554 1574 1959 1215 2014 479 1023 2281 79 1985 567 915 874 1823 2231 410 727 481 154 2595 2787 2692 1457 715 884 1929 || mode=VB method=k_medoids_pyclustering solver=filo1 stage=post_ls ls=pyvrp iter=8
2026-03-15 22:29:14 | INFO     | [POOL #00730] 120 1188 2112 538 1414 128 1868 951 1524 1104 808 2373 509 1012 720 832 2077 1481 2661 2294 1214 2831 2025 4 2147 1993 1750 748 176 578 1205 948 2512 2639 523 2257 952 751 1136 1893 1764 1793 1874 965 2688 1961 2320 2844 89 1073 1983 2304 2732 237 1888 1572 2580 1734 72 779 1486 1491 190 382 || mode=VB method=k_medoids_pyclustering solver=filo1 stage=post_ls ls=pyvrp iter=8
2026-03-15 22:29:14 | INFO     | [POOL #00731] 163 1737 510 1045 1950 1861 1843 512 2206 1831 2344 861 2439 886 2577 763 642 2868 2854 1502 1029 240 1106 789 2712 2437 676 2029 1145 816 1181 1974 307 67 2409 1338 86 32 1725 610 1591 1703 2104 2624 669 12 95 || mode=VB method=k_medoids_pyclustering solver=filo1 stage=post_ls ls=pyvrp iter=8
2026-03-15 22:29:14 | INFO     | [POOL #00732] 1311 1273 2087 2532 2302 499 1557 2759 1981 1866 1631 1088 969 1604 882 1079 1643 721 2757 1987 1677 2317 926 || mode=RB method=sk_ac_avg solver=filo2 stage=post_ls ls=pyvrp iter=9
2026-03-15 22:29:14 | INFO     | [POOL #00733] 38 1630 160 395 626 1498 932 679 814 2521 2718 588 142 2858 2359 1258 771 1105 447 1565 1849 1331 || mode=RB method=sk_ac_avg solver=filo2 stage=post_ls ls=pyvrp iter=9
2026-03-15 22:29:14 | INFO     | [POOL #00734] 785 2312 2049 1514 321 1863 532 1626 2130 2873 2121 2668 56 2142 2753 2622 1363 1483 236 2509 2707 453 2682 1121 498 || mode=RB method=sk_ac_avg solver=filo2 stage=post_ls ls=pyvrp iter=9
2026-03-15 22:29:14 | INFO     | [POOL #00735] 835 2642 2092 261 488 1474 823 1609 1894 1019 2031 105 1624 1357 670 1922 1315 1667 494 684 1054 1889 1485 || mode=RB method=sk_ac_avg solver=filo2 stage=post_ls ls=pyvrp iter=9
2026-03-15 22:29:14 | INFO     | [POOL #00736] 424 2645 90 772 1299 2818 2251 1390 1639 2175 1646 1430 1925 2600 2400 2422 239 842 919 2528 2253 || mode=RB method=sk_ac_avg solver=filo2 stage=post_ls ls=pyvrp iter=9
2026-03-15 22:29:14 | INFO     | [POOL #00737] 114 2494 908 850 1656 893 187 787 407 949 2755 303 1069 1657 2695 1068 2332 589 1627 1560 1212 75 2451 2654 1026 2608 1921 1436 1727 2605 2081 711 937 2666 2342 22 1884 197 1595 || mode=RB method=sk_ac_avg solver=filo2 stage=post_ls ls=pyvrp iter=9
2026-03-15 22:29:14 | INFO     | [POOL #00738] 2864 330 1132 1578 1871 824 2126 155 2236 2066 1536 723 1651 432 16 1967 2607 1096 1461 2280 605 || mode=RB method=sk_ac_avg solver=filo2 stage=post_ls ls=pyvrp iter=9
2026-03-15 22:29:14 | INFO     | [POOL #00739] 1758 1089 2205 540 1698 603 1644 207 1147 1762 1622 1084 2894 2397 2107 404 2830 2481 2850 1614 452 2686 984 || mode=RB method=sk_ac_avg solver=filo2 stage=post_ls ls=pyvrp iter=9
2026-03-15 22:29:14 | INFO     | [POOL #00740] 2276 267 2398 645 186 1452 2598 1130 733 375 426 2770 100 983 1422 102 2232 836 1159 2106 544 2652 2573 || mode=RB method=sk_ac_avg solver=filo2 stage=post_ls ls=pyvrp iter=9
2026-03-15 22:29:14 | INFO     | [POOL #00741] 1956 1230 2664 1085 873 1814 2675 2582 2004 2585 1545 99 1700 2209 1788 1078 2681 764 2246 978 || mode=RB method=sk_ac_avg solver=filo2 stage=post_ls ls=pyvrp iter=9
2026-03-15 22:29:14 | INFO     | [POOL #00742] 2722 1471 163 1737 510 1045 2665 1979 738 421 449 887 1769 1056 1778 133 2834 526 1813 2012 2413 27 2042 1129 355 469 1973 2909 1901 1403 2371 519 1714 2578 234 429 1906 1815 1580 1520 1425 1717 1732 1684 1356 2869 1115 2896 1448 1742 929 1837 2078 2255 448 1919 1021 805 1584 2178 796 2379 553 895 || mode=RB method=sk_ac_avg solver=filo2 stage=post_ls ls=pyvrp iter=9
2026-03-15 22:29:14 | INFO     | [POOL #00743] 2156 248 302 1360 2569 2653 2551 1260 1244 2230 2464 2826 1223 1354 1949 1715 1435 1323 1770 705 1722 752 324 || mode=RB method=sk_ac_avg solver=filo2 stage=post_ls ls=pyvrp iter=9
2026-03-15 22:29:14 | INFO     | [POOL #00744] 1724 2355 339 2606 1199 1459 2188 2617 311 2632 235 195 1905 2555 415 1236 2128 2789 35 112 1986 1203 2900 335 || mode=RB method=sk_ac_avg solver=filo2 stage=post_ls ls=pyvrp iter=9
2026-03-15 22:29:14 | INFO     | [POOL #00745] 1303 810 2716 970 2485 1746 1247 1767 2307 2333 1833 2812 1867 945 877 1424 139 1359 2199 2704 473 || mode=RB method=sk_ac_avg solver=filo2 stage=post_ls ls=pyvrp iter=9
2026-03-15 22:29:14 | INFO     | [POOL #00746] 2791 2381 1027 2089 950 1160 364 2376 813 315 2421 2074 1632 2295 2842 2543 1650 1059 2845 2454 2593 1996 || mode=RB method=sk_ac_avg solver=filo2 stage=post_ls ls=pyvrp iter=9
2026-03-15 22:29:14 | INFO     | [POOL #00747] 2761 2744 115 2698 2558 2898 2799 1791 744 611 333 2848 1780 175 2088 619 2867 1165 1282 924 221 2380 1313 287 1109 2173 || mode=RB method=sk_ac_avg solver=filo2 stage=post_ls ls=pyvrp iter=9
2026-03-15 22:29:14 | INFO     | [POOL #00748] 1761 1947 1374 2366 1185 486 350 263 1108 1261 613 568 2185 340 1548 2640 1509 1517 2588 365 1900 2478 1751 || mode=RB method=sk_ac_avg solver=filo2 stage=post_ls ls=pyvrp iter=9
2026-03-15 22:29:14 | INFO     | [POOL #00749] 1195 954 690 2777 1211 1257 2171 1469 1272 2522 46 1254 2513 971 2124 310 2544 507 1851 1162 || mode=RB method=sk_ac_avg solver=filo2 stage=post_ls ls=pyvrp iter=9
2026-03-15 22:29:14 | INFO     | [POOL #00750] 1389 2298 2247 2453 2913 2260 84 2135 417 5 1186 524 489 1797 1033 2457 2892 1207 2267 1740 2684 1246 442 2154 456 244 2322 2601 803 172 2883 48 1934 413 259 648 1221 2404 188 2895 1401 2516 2079 2633 2562 1113 1687 1225 696 2395 2809 2228 2056 70 573 1992 2167 216 1450 2207 646 1976 543 146 392 383 1102 || mode=RB method=sk_ac_avg solver=filo2 stage=post_ls ls=pyvrp iter=9
2026-03-15 22:29:14 | INFO     | [POOL #00751] 1907 37 1082 2575 2517 2310 504 2613 2749 520 1590 2496 1080 2301 1640 241 347 2334 2117 755 || mode=RB method=sk_ac_avg solver=filo2 stage=post_ls ls=pyvrp iter=9
2026-03-15 22:29:14 | INFO     | [POOL #00752] 1538 844 1765 1972 1123 2037 606 1707 2603 2502 2604 1460 2486 8 2158 593 2820 1201 2097 1937 7 || mode=RB method=sk_ac_avg solver=filo2 stage=post_ls ls=pyvrp iter=9
2026-03-15 22:29:14 | INFO     | [POOL #00753] 2197 1917 2095 2016 2138 2133 1350 2408 757 1606 1638 697 192 388 1187 1628 934 1774 1716 1041 2436 1152 || mode=RB method=sk_ac_avg solver=filo2 stage=post_ls ls=pyvrp iter=9
2026-03-15 22:29:14 | INFO     | [POOL #00754] 618 1442 253 477 1180 69 2860 2536 903 416 2352 2229 1309 2090 1362 158 401 189 1419 2286 2186 2781 || mode=RB method=sk_ac_avg solver=filo2 stage=post_ls ls=pyvrp iter=9
2026-03-15 22:29:14 | INFO     | [POOL #00755] 651 1529 2505 1933 291 2361 708 212 127 2745 1977 1308 2435 594 2677 2638 2010 1880 2599 2912 922 || mode=RB method=sk_ac_avg solver=filo2 stage=post_ls ls=pyvrp iter=9
2026-03-15 22:29:14 | INFO     | [POOL #00756] 480 856 1300 2859 973 2821 1641 2474 2461 602 1210 495 1718 2293 2507 2709 356 1772 799 2527 1733 2843 || mode=RB method=sk_ac_avg solver=filo2 stage=post_ls ls=pyvrp iter=9
2026-03-15 22:29:14 | INFO     | [POOL #00757] 1743 2150 1237 389 1826 1936 1506 2628 912 380 1476 80 1137 1046 812 788 1807 1283 1478 1931 || mode=RB method=sk_ac_avg solver=filo2 stage=post_ls ls=pyvrp iter=9
2026-03-15 22:29:14 | INFO     | [POOL #00758] 2647 397 1991 342 1463 1892 641 385 581 1405 2736 1193 1497 2767 1652 1319 1192 2420 1329 2227 2702 1453 || mode=RB method=sk_ac_avg solver=filo2 stage=post_ls ls=pyvrp iter=9
2026-03-15 22:29:14 | INFO     | [POOL #00759] 1663 2566 600 1775 2039 2458 1675 1173 144 2001 33 1030 966 871 256 210 1454 2720 1802 692 2596 2851 110 || mode=RB method=sk_ac_avg solver=filo2 stage=post_ls ls=pyvrp iter=9
2026-03-15 22:29:14 | INFO     | [POOL #00760] 206 2758 1413 637 830 2849 1175 1583 1086 462 121 904 2192 1426 841 1804 2432 2594 2215 2438 1852 1555 || mode=RB method=sk_ac_avg solver=filo2 stage=post_ls ls=pyvrp iter=9
2026-03-15 22:29:14 | INFO     | [POOL #00761] 451 1238 718 2184 62 2728 1445 583 1559 959 1800 1163 1031 2503 1562 2748 249 516 137 2134 2853 2500 41 2200 1475 2258 2165 1352 656 1990 2316 1507 2671 673 1043 || mode=RB method=sk_ac_avg solver=filo2 stage=post_ls ls=pyvrp iter=9
2026-03-15 22:29:14 | INFO     | [POOL #00762] 860 1759 2038 872 2143 961 2448 2163 650 1846 2324 2360 2374 328 276 1270 2321 1361 1821 1664 2549 2329 2410 1250 2545 2691 2634 2738 1314 2466 2386 2082 2315 2591 1513 2615 1274 2402 987 2284 1243 1913 295 2204 262 574 2680 1271 374 1553 476 699 2874 719 522 2576 58 2441 2446 689 425 487 2162 2139 2801 576 119 728 2369 2841 1316 1197 || mode=RB method=sk_ac_avg solver=filo2 stage=post_ls ls=pyvrp iter=9
2026-03-15 22:29:14 | INFO     | [POOL #00763] 1312 2226 1768 2746 811 222 1859 1072 2857 647 649 2018 833 217 664 2879 1875 65 580 391 2863 2443 1589 2054 1912 820 2367 286 1757 2456 1234 87 57 1358 2123 2098 280 1495 2838 695 464 319 1891 616 2362 1801 2417 1964 2797 668 2269 1566 1899 34 880 968 272 2013 900 53 1668 2803 2144 675 || mode=RB method=sk_ac_avg solver=filo2 stage=post_ls ls=pyvrp iter=9
2026-03-15 22:29:14 | INFO     | [POOL #00764] 851 1841 1818 1015 2515 1511 2146 1167 2115 1655 2629 130 2026 2137 1615 2080 2847 1713 1825 577 1658 1822 2268 || mode=RB method=sk_ac_avg solver=filo2 stage=post_ls ls=pyvrp iter=9
2026-03-15 22:29:14 | INFO     | [POOL #00765] 2616 1789 2160 1349 1016 1594 1302 979 790 18 1134 17 2062 1235 1603 30 957 2498 607 1095 || mode=RB method=sk_ac_avg solver=filo2 stage=post_ls ls=pyvrp iter=9
2026-03-15 22:29:14 | INFO     | [POOL #00766] 174 1838 1830 693 2057 1568 547 387 230 2022 846 98 1116 1340 2887 2689 2875 730 496 635 986 1799 2625 || mode=RB method=sk_ac_avg solver=filo2 stage=post_ls ls=pyvrp iter=9
2026-03-15 22:29:14 | INFO     | [POOL #00767] 326 2715 2796 2611 2353 1588 270 1232 2242 1417 2201 297 2619 632 2574 460 2893 2357 82 972 1693 896 2537 2339 2287 434 472 2778 1500 1364 2390 231 2419 1126 2529 2006 2802 150 1444 1317 2740 598 849 || mode=RB method=sk_ac_avg solver=filo2 stage=post_ls ls=pyvrp iter=9
2026-03-15 22:29:14 | INFO     | [POOL #00768] 729 1712 2336 2774 858 1263 107 223 1441 1969 211 2214 1368 238 1492 247 202 2364 2211 1480 535 229 || mode=RB method=sk_ac_avg solver=filo2 stage=post_ls ls=pyvrp iter=9
2026-03-15 22:29:14 | INFO     | [POOL #00769] 1372 620 2262 435 2908 920 1911 2754 2501 2469 1465 1835 2467 1832 1004 281 2621 927 285 1569 2584 141 161 2385 1369 1844 1726 875 1510 862 219 659 290 1343 2646 || mode=RB method=sk_ac_avg solver=filo2 stage=post_ls ls=pyvrp iter=9
2026-03-15 22:29:14 | INFO     | [POOL #00770] 2277 1321 293 754 371 1699 1241 1075 1611 1708 49 569 2561 2835 1619 592 712 795 2772 2221 1296 1966 1918 || mode=RB method=sk_ac_avg solver=filo2 stage=post_ls ls=pyvrp iter=9
2026-03-15 22:29:14 | INFO     | [POOL #00771] 847 1051 1146 1062 2046 791 2387 2610 2415 1388 151 2657 621 349 2225 716 104 773 301 1680 1776 792 || mode=RB method=sk_ac_avg solver=filo2 stage=post_ls ls=pyvrp iter=9
2026-03-15 22:29:14 | INFO     | [POOL #00772] 1239 2411 1607 1598 1787 2318 2033 170 1971 51 508 2882 1177 967 183 2760 706 484 485 428 1487 1060 || mode=RB method=sk_ac_avg solver=filo2 stage=post_ls ls=pyvrp iter=9
2026-03-15 22:29:14 | INFO     | [POOL #00773] 746 478 1489 1466 1151 2556 378 2910 2040 1721 2627 2701 252 2239 1184 1516 2194 1597 905 1093 2296 || mode=RB method=sk_ac_avg solver=filo2 stage=post_ls ls=pyvrp iter=9
2026-03-15 22:29:14 | INFO     | [POOL #00774] 2070 1118 702 1437 1402 1446 2059 766 2250 1278 1982 2264 1310 2240 735 1541 2480 1077 228 251 1662 1328 || mode=RB method=sk_ac_avg solver=filo2 stage=post_ls ls=pyvrp iter=9
2026-03-15 22:29:14 | INFO     | [POOL #00775] 1330 701 2553 360 809 2266 784 1952 2483 654 2819 129 745 2587 1586 1416 271 1344 838 1864 2131 408 511 829 2234 1295 300 1470 1017 2442 1074 1022 2800 1522 2690 2586 1928 2623 1410 1951 1688 2368 1253 2394 6 638 2060 1935 323 1255 2839 2495 1567 2308 1709 2904 2377 1242 171 194 505 1013 1530 1327 2511 1926 490 2743 955 2382 1047 1745 || mode=RB method=sk_ac_avg solver=filo2 stage=post_ls ls=pyvrp iter=9
2026-03-15 22:29:14 | INFO     | [POOL #00776] 2311 283 1744 601 1432 2212 1898 2710 242 1099 358 2067 1683 1661 2828 1552 2068 1249 1209 1873 2493 1782 1378 || mode=RB method=sk_ac_avg solver=filo2 stage=post_ls ls=pyvrp iter=9
2026-03-15 22:29:14 | INFO     | [POOL #00777] 797 1138 2337 111 66 743 780 83 889 1346 1564 617 686 1749 1488 122 1141 2061 1988 2401 542 || mode=RB method=sk_ac_avg solver=filo2 stage=post_ls ls=pyvrp iter=9
2026-03-15 22:29:14 | INFO     | [POOL #00778] 736 1955 2035 2405 40 2877 2300 2299 2571 819 500 974 2903 804 947 2815 1003 265 2763 1304 2533 162 892 || mode=RB method=sk_ac_avg solver=filo2 stage=post_ls ls=pyvrp iter=9
2026-03-15 22:29:14 | INFO     | [POOL #00779] 369 2391 2525 2897 394 2389 1563 91 440 956 185 2488 1048 582 1932 1605 2048 1840 1927 2769 2434 1816 2127 2393 77 1803 1337 289 420 563 1174 2612 1587 2659 2662 1375 624 2136 147 2552 2487 138 68 1005 590 1881 2145 92 2906 1573 1645 482 2102 1941 579 71 1090 2750 1370 985 2473 36 2890 || mode=RB method=sk_ac_avg solver=filo2 stage=post_ls ls=pyvrp iter=9
2026-03-15 22:29:14 | INFO     | [POOL #00780] 910 769 2176 1164 123 1293 2009 225 317 2141 1458 855 742 1032 2810 337 1284 943 825 1018 94 || mode=RB method=sk_ac_avg solver=filo2 stage=post_ls ls=pyvrp iter=9
2026-03-15 22:29:14 | INFO     | [POOL #00781] 1267 52 1819 2210 2700 1809 277 1219 1904 2563 944 2721 866 2430 15 226 2189 1660 2708 1739 1382 683 357 2823 2223 1421 2541 1386 863 2073 1371 438 1635 852 454 2120 2482 717 427 1876 2703 2817 888 902 1704 414 939 513 2152 1542 2244 1820 1291 558 2245 || mode=RB method=sk_ac_avg solver=filo2 stage=post_ls ls=pyvrp iter=9
2026-03-15 22:29:14 | INFO     | [POOL #00782] 2290 2383 109 1107 268 891 1795 759 822 2375 2679 1040 1333 2811 1910 344 1518 1681 1547 1629 2024 1738 393 2291 2149 279 181 209 2694 353 412 2693 2463 1087 1984 2590 2717 1280 2535 || mode=RB method=sk_ac_avg solver=filo2 stage=post_ls ls=pyvrp iter=9
2026-03-15 22:29:14 | INFO     | [POOL #00783] 2111 1777 1467 911 1848 2119 1585 707 2305 1601 741 44 2358 2065 2564 1886 1166 2002 1916 2085 831 || mode=RB method=sk_ac_avg solver=filo2 stage=post_ls ls=pyvrp iter=9
2026-03-15 22:29:14 | INFO     | [POOL #00784] 644 1037 165 1399 437 857 1063 444 1297 1367 351 1381 556 1411 1534 227 492 2673 2047 765 1206 405 || mode=RB method=sk_ac_avg solver=filo2 stage=post_ls ls=pyvrp iter=9
2026-03-15 22:29:14 | INFO     | [POOL #00785] 1633 1384 201 1277 2044 734 2644 703 2477 1940 2674 2459 536 157 245 1008 334 31 1256 1978 2243 786 || mode=RB method=sk_ac_avg solver=filo2 stage=post_ls ls=pyvrp iter=9
2026-03-15 22:29:14 | INFO     | [POOL #00786] 2224 879 518 2670 2288 1617 998 1897 2658 1135 2852 1902 266 1968 2412 132 566 2785 1408 1702 906 258 372 1342 497 450 278 173 2069 2775 2705 1036 2272 2806 208 269 1348 103 368 1143 2846 1908 2335 2793 2053 1794 2007 1490 2151 2734 2297 1523 2445 2045 2579 1133 398 2833 1434 1535 2328 525 2766 233 2911 || mode=RB method=sk_ac_avg solver=filo2 stage=post_ls ls=pyvrp iter=9
2026-03-15 22:29:14 | INFO     | [POOL #00787] 941 159 1010 964 674 441 1153 177 1120 2504 1850 2539 1903 2648 2101 2193 571 2348 1828 1251 963 1157 1325 || mode=RB method=sk_ac_avg solver=filo2 stage=post_ls ls=pyvrp iter=9
2026-03-15 22:29:14 | INFO     | [POOL #00788] 2790 2865 1637 101 1194 2418 2499 1665 1264 1100 1706 539 399 2030 1083 612 1423 996 991 1581 677 1779 1000 || mode=RB method=sk_ac_avg solver=filo2 stage=post_ls ls=pyvrp iter=9
2026-03-15 22:29:14 | INFO     | [POOL #00789] 232 2880 1306 897 898 2729 1493 1028 1810 1262 1412 14 2217 2523 1945 2213 2219 2786 1998 418 336 2052 || mode=RB method=sk_ac_avg solver=filo2 stage=post_ls ls=pyvrp iter=9
2026-03-15 22:29:14 | INFO     | [POOL #00790] 1288 768 2548 890 1896 503 2105 309 2076 1287 981 1805 570 1455 1081 363 2003 2325 541 419 1204 || mode=RB method=sk_ac_avg solver=filo2 stage=post_ls ls=pyvrp iter=9
2026-03-15 22:29:14 | INFO     | [POOL #00791] 1512 1720 1695 463 1551 1525 1179 81 2071 1066 609 343 1217 1025 2497 2884 1781 88 636 2388 1334 1579 2159 || mode=RB method=sk_ac_avg solver=filo2 stage=post_ls ls=pyvrp iter=9
2026-03-15 22:29:14 | INFO     | [POOL #00792] 312 1860 549 2109 467 461 254 1347 2491 1756 2000 936 1398 2187 459 2396 1 2350 2714 379 821 431 2804 1915 367 257 1231 1443 1418 2631 2779 1674 338 1128 260 917 2876 1038 471 2182 1198 167 1914 599 608 1275 1052 1449 2274 625 1001 2431 348 837 250 1156 2429 1154 666 1613 1171 2051 || mode=RB method=sk_ac_avg solver=filo2 stage=post_ls ls=pyvrp iter=9
2026-03-15 22:29:14 | INFO     | [POOL #00793] 224 2655 1117 1148 914 1670 758 975 2235 2378 179 1183 1729 1420 2510 1690 2283 1989 1616 691 2813 2465 || mode=RB method=sk_ac_avg solver=filo2 stage=post_ls ls=pyvrp iter=9
2026-03-15 22:29:14 | INFO     | [POOL #00794] 20 1496 1505 2019 2326 515 2403 993 1862 1697 2338 1139 1824 680 390 455 2220 2241 341 770 59 || mode=RB method=sk_ac_avg solver=filo2 stage=post_ls ls=pyvrp iter=9
2026-03-15 22:29:14 | INFO     | [POOL #00795] 118 1144 2905 665 1248 2514 1208 1571 491 1140 739 1227 658 135 894 1379 776 2055 533 2861 2630 || mode=RB method=sk_ac_avg solver=filo2 stage=post_ls ls=pyvrp iter=9
2026-03-15 22:29:14 | INFO     | [POOL #00796] 1561 506 663 1839 || mode=RB method=sk_ac_avg solver=filo2 stage=post_ls ls=pyvrp iter=9
2026-03-15 22:29:14 | INFO     | [POOL #00797] 1279 2602 565 2384 1599 839 1058 1817 313 639 1736 1380 1400 2148 2667 215 292 1473 2531 359 93 29 || mode=RB method=sk_ac_avg solver=filo2 stage=post_ls ls=pyvrp iter=9
2026-03-15 22:29:14 | INFO     | [POOL #00798] 2444 1407 1220 95 1462 559 1110 2713 1959 1215 2014 1023 479 886 2577 763 1502 2854 642 2868 1373 1182 45 2794 933 2885 47 1574 2554 1158 661 433 131 2557 || mode=RB method=sk_ac_avg solver=filo2 stage=post_ls ls=pyvrp iter=9
2026-03-15 22:29:14 | INFO     | [POOL #00799] 1730 794 1752 749 704 781 1923 134 1149 2542 1431 667 1351 1366 2798 1771 39 1532 1549 96 2 1377 || mode=RB method=sk_ac_avg solver=filo2 stage=post_ls ls=pyvrp iter=9
2026-03-15 22:29:14 | INFO     | [POOL #00800] 807 2306 1091 475 726 352 827 753 1526 377 2471 1285 2635 623 907 1191 474 1224 1760 9 2034 || mode=RB method=sk_ac_avg solver=filo2 stage=post_ls ls=pyvrp iter=9
2026-03-15 22:29:14 | INFO     | [POOL #00801] 246 304 1127 722 572 1576 652 657 1429 2278 2784 1394 714 2341 1879 1634 2546 2108 149 1440 622 1999 1953 || mode=RB method=sk_ac_avg solver=filo2 stage=post_ls ls=pyvrp iter=9
2026-03-15 22:29:14 | INFO     | [POOL #00802] 2663 551 1883 1101 218 288 980 928 1322 870 1845 528 1103 1383 1696 2084 153 614 1007 255 1289 1577 1266 3 294 1710 1070 1747 19 1065 2237 1387 1294 || mode=RB method=sk_ac_avg solver=filo2 stage=post_ls ls=pyvrp iter=9
2026-03-15 22:29:14 | INFO     | [POOL #00803] 1155 1929 2319 2356 1823 2231 410 727 481 154 2595 2787 2692 1457 2780 818 868 1593 2423 715 884 || mode=RB method=sk_ac_avg solver=filo2 stage=post_ls ls=pyvrp iter=9
2026-03-15 22:29:14 | INFO     | [POOL #00804] 2725 422 2881 2347 960 756 2129 2636 2837 2248 710 2462 901 2773 2650 925 296 976 694 1878 2261 2572 || mode=RB method=sk_ac_avg solver=filo2 stage=post_ls ls=pyvrp iter=9
2026-03-15 22:29:14 | INFO     | [POOL #00805] 470 60 23 1602 615 2340 1190 762 2733 1783 552 2824 396 1169 178 2492 2406 164 1397 2424 1124 196 || mode=RB method=sk_ac_avg solver=filo2 stage=post_ls ls=pyvrp iter=9
2026-03-15 22:29:14 | INFO     | [POOL #00806] 2538 783 12 669 2157 2439 2624 2104 1703 1591 610 1725 32 86 67 2409 1338 1029 240 1106 789 2712 2437 676 2029 1145 816 1181 307 1974 2534 2735 2878 655 2116 403 2829 2275 2086 1292 1642 1527 2191 1938 116 869 1890 1623 1339 2344 861 2484 2285 1806 1479 767 || mode=RB method=sk_ac_avg solver=filo2 stage=post_ls ls=pyvrp iter=9
2026-03-15 22:29:14 | INFO     | [POOL #00807] 1061 2083 672 1870 2489 1842 2099 193 775 1531 2094 140 2649 1582 2727 1392 275 1286 2902 853 815 989 913 1836 || mode=RB method=sk_ac_avg solver=filo2 stage=post_ls ls=pyvrp iter=9
2026-03-15 22:29:14 | INFO     | [POOL #00808] 2132 2354 1499 2870 273 1376 514 2433 1540 1472 198 1546 2449 548 305 299 2416 700 1039 1946 2889 430 || mode=RB method=sk_ac_avg solver=filo2 stage=post_ls ls=pyvrp iter=9
2026-03-15 22:29:14 | INFO     | [POOL #00809] 1161 1142 2072 1686 682 1792 1035 1856 916 169 1233 1508 1537 2331 1484 760 554 530 1939 2256 2568 213 || mode=RB method=sk_ac_avg solver=filo2 stage=post_ls ls=pyvrp iter=9
2026-03-15 22:29:14 | INFO     | [POOL #00810] 1550 585 199 1014 826 2891 502 2216 1556 1962 1515 136 2678 1150 468 1355 1958 2351 1865 1252 1433 1858 || mode=RB method=sk_ac_avg solver=filo2 stage=post_ls ls=pyvrp iter=9
2026-03-15 22:29:14 | INFO     | [POOL #00811] 2565 2472 1636 1409 653 214 1298 329 597 191 465 1970 85 1705 2365 1592 2540 2899 2782 1853 1872 874 1067 || mode=RB method=sk_ac_avg solver=filo2 stage=post_ls ls=pyvrp iter=9
2026-03-15 22:29:14 | INFO     | [POOL #00812] 2155 400 2752 2723 604 1829 1854 2816 182 243 2265 370 11 1735 1268 2583 534 685 2063 2164 203 || mode=RB method=sk_ac_avg solver=filo2 stage=post_ls ls=pyvrp iter=9
2026-03-15 22:29:14 | INFO     | [POOL #00813] 63 1887 2281 61 921 2314 2620 1678 2788 2526 1754 2856 2313 521 125 1176 1053 1685 2392 26 778 2020 320 || mode=RB method=sk_ac_avg solver=filo2 stage=post_ls ls=pyvrp iter=9
2026-03-15 22:29:14 | INFO     | [POOL #00814] 2751 2447 990 2550 361 628 2524 2110 2166 2706 322 274 774 529 2672 2651 220 1924 940 1676 1024 560 436 1728 2643 2641 156 2005 1993 1750 176 748 634 631 1943 1647 992 1786 1042 1980 2739 2428 2100 1301 1216 1196 1222 1341 1482 50 2771 2737 1654 384 1098 1570 740 878 2741 1831 1501 1125 1057 2238 1827 180 1385 || mode=RB method=sk_ac_avg solver=filo2 stage=post_ls ls=pyvrp iter=9
2026-03-15 22:29:14 | INFO     | [POOL #00815] 2032 1763 2170 1218 2292 584 409 1189 2271 1610 688 802 845 184 1178 42 1672 1269 1766 117 1009 1784 678 867 483 97 2036 2805 2669 1790 2259 1895 561 73 1975 1957 843 817 2508 2279 999 2118 2181 1942 || mode=RB method=sk_ac_avg solver=filo2 stage=post_ls ls=pyvrp iter=9
2026-03-15 22:29:14 | INFO     | [POOL #00816] 2021 1682 1326 1882 2103 2041 2687 1811 1755 977 327 1719 1324 1960 2349 1494 1170 1020 10 2637 1521 2027 2050 1596 2468 2254 747 1049 2218 883 1097 124 1122 2476 1290 2058 2270 2427 1240 1112 1930 2855 2685 1649 126 1318 1659 1920 1050 1076 331 2180 834 633 282 2330 918 2475 1092 1404 885 1539 555 531 24 466 2043 || mode=RB method=sk_ac_avg solver=filo2 stage=post_ls ls=pyvrp iter=9
2026-03-15 22:29:14 | INFO     | [POOL #00817] 1711 64 995 1172 2832 1954 1533 2808 2490 2309 1671 1994 1812 931 1621 2169 13 958 2093 445 1200 2862 1618 2609 1011 2174 314 1679 627 2195 1391 595 2233 946 2871 2011 2699 2028 402 923 2719 2676 354 325 1006 2547 2711 1798 2440 2450 1111 443 308 550 1543 537 557 1131 2323 935 575 1396 630 2822 2724 264 1365 1544 962 2140 168 1055 1428 332 || mode=RB method=sk_ac_avg solver=filo2 stage=post_ls ls=pyvrp iter=9
2026-03-15 22:29:14 | INFO     | [POOL #00818] 1307 1847 876 1002 1345 458 166 2765 1259 1406 28 457 2096 997 881 2190 1731 545 2346 43 1877 2792 994 298 1948 1558 591 587 2327 1229 546 1528 1305 2208 493 2518 2153 1785 1438 864 1265 731 2827 1600 2091 2017 54 2363 2697 806 346 2125 2198 406 2249 2222 1447 2015 671 2407 376 698 2764 1504 2888 || mode=RB method=sk_ac_avg solver=filo2 stage=post_ls ls=pyvrp iter=9
2026-03-15 22:29:14 | INFO     | [POOL #00819] 672 1870 2489 1842 2099 193 775 1531 2094 140 2649 1582 2727 1392 275 1286 2902 1169 2824 396 178 853 521 || mode=RB method=sk_ac_avg solver=filo1 stage=post_ls ls=pyvrp iter=10
2026-03-15 22:29:14 | INFO     | [POOL #00820] 246 304 1127 335 722 572 1576 652 657 1429 2278 1394 714 2341 1879 1634 2546 2108 149 1440 622 1999 1953 || mode=RB method=sk_ac_avg solver=filo1 stage=post_ls ls=pyvrp iter=10
2026-03-15 22:29:14 | INFO     | [POOL #00821] 2557 794 1752 1161 1549 39 1771 2798 1366 1351 667 1431 2542 2568 1149 134 1923 781 704 749 131 1730 || mode=RB method=sk_ac_avg solver=filo1 stage=post_ls ls=pyvrp iter=10
2026-03-15 22:29:14 | INFO     | [POOL #00822] 2888 1942 2663 551 1883 1101 218 288 980 928 1322 870 1845 528 1103 1383 1696 2084 153 1007 255 1289 1577 1266 3 294 1710 2063 1747 19 1065 2237 1387 1294 || mode=RB method=sk_ac_avg solver=filo1 stage=post_ls ls=pyvrp iter=10
2026-03-15 22:29:14 | INFO     | [POOL #00823] 1285 2392 1685 1053 1176 1124 2424 1397 164 2406 2340 762 1190 2733 1783 552 2492 989 913 125 196 1836 || mode=RB method=sk_ac_avg solver=filo1 stage=post_ls ls=pyvrp iter=10
2026-03-15 22:29:14 | INFO     | [POOL #00824] 1858 1433 1252 1865 2351 1958 1355 468 1150 136 1515 1962 1556 2216 502 2891 826 1014 2784 199 585 1550 || mode=RB method=sk_ac_avg solver=filo1 stage=post_ls ls=pyvrp iter=10
2026-03-15 22:29:14 | INFO     | [POOL #00825] 320 2306 1760 1224 1191 475 726 352 827 753 377 623 2471 2635 907 474 9 2034 1686 2072 || mode=RB method=sk_ac_avg solver=filo1 stage=post_ls ls=pyvrp iter=10
2026-03-15 22:29:14 | INFO     | [POOL #00826] 1377 2 2725 422 63 2347 1887 976 296 925 2650 2773 901 2462 710 2248 2636 2129 756 960 2881 1532 || mode=RB method=sk_ac_avg solver=filo1 stage=post_ls ls=pyvrp iter=10
2026-03-15 22:29:14 | INFO     | [POOL #00827] 1142 2256 1939 682 1792 1035 1856 778 916 169 1233 1508 1537 2331 1484 760 554 530 2885 47 1574 2554 213 1158 || mode=RB method=sk_ac_avg solver=filo1 stage=post_ls ls=pyvrp iter=10
2026-03-15 22:29:14 | INFO     | [POOL #00828] 203 2164 2565 2472 685 534 2583 1268 1735 11 614 370 2265 243 1409 1636 1829 604 2723 2752 2155 2678 || mode=RB method=sk_ac_avg solver=filo1 stage=post_ls ls=pyvrp iter=10
2026-03-15 22:29:14 | INFO     | [POOL #00829] 96 807 1091 2837 2132 430 2889 2354 2856 1754 2526 2788 1678 2620 2314 1061 921 61 1612 687 2183 694 2572 || mode=RB method=sk_ac_avg solver=filo1 stage=post_ls ls=pyvrp iter=10
2026-03-15 22:29:14 | INFO     | [POOL #00830] 1462 559 1110 1215 2014 1023 479 886 2577 763 642 2854 1502 1029 1106 789 2075 2161 1353 899 113 1653 2868 1373 1182 45 2794 933 1959 2713 || mode=RB method=sk_ac_avg solver=filo1 stage=post_ls ls=pyvrp iter=10
2026-03-15 22:29:14 | INFO     | [POOL #00831] 2020 26 470 60 1694 732 76 2196 23 1602 615 362 2263 55 2836 1995 148 1114 1701 2452 1944 1393 1997 || mode=RB method=sk_ac_avg solver=filo1 stage=post_ls ls=pyvrp iter=10
2026-03-15 22:29:14 | INFO     | [POOL #00832] 1332 2261 1878 2179 1067 1395 2742 1281 2756 2618 2252 1245 915 567 1985 79 982 373 865 724 1608 || mode=RB method=sk_ac_avg solver=filo1 stage=post_ls ls=pyvrp iter=10
2026-03-15 22:29:14 | INFO     | [POOL #00833] 2444 1407 1220 1479 1806 2285 2484 861 2344 1339 1623 1890 869 116 1938 2191 1527 1642 1292 2086 2275 2829 403 2116 655 2878 2735 1216 2534 1974 307 1181 816 1145 2029 676 2437 2712 240 1338 2409 67 86 32 1725 610 1591 1703 2104 2624 2439 2157 669 12 783 2538 95 661 433 || mode=RB method=sk_ac_avg solver=filo1 stage=post_ls ls=pyvrp iter=10
2026-03-15 22:29:14 | INFO     | [POOL #00834] 1741 1808 2795 1855 1335 2730 2886 800 306 2064 854 1477 2345 2113 2866 564 2372 1853 1869 411 || mode=RB method=sk_ac_avg solver=filo1 stage=post_ls ls=pyvrp iter=10
2026-03-15 22:29:14 | INFO     | [POOL #00835] 400 884 715 2423 1593 1854 2816 868 2780 818 2692 1457 727 410 2231 1823 2356 2319 1929 1155 840 || mode=RB method=sk_ac_avg solver=filo1 stage=post_ls ls=pyvrp iter=10
2026-03-15 22:29:14 | INFO     | [POOL #00836] 2281 1946 2083 1039 700 2416 299 305 548 2449 1546 198 1472 1540 2433 514 1376 273 2870 815 1499 2313 1526 || mode=RB method=sk_ac_avg solver=filo1 stage=post_ls ls=pyvrp iter=10
2026-03-15 22:29:14 | INFO     | [POOL #00837] 930 874 1872 2782 2899 481 154 2595 2787 1705 2365 2540 1592 85 1970 465 191 597 329 1298 214 653 182 || mode=RB method=sk_ac_avg solver=filo1 stage=post_ls ls=pyvrp iter=10
2026-03-15 22:29:14 | INFO     | [POOL #00838] 1296 2221 2772 2860 795 712 592 1619 2835 2561 569 49 1708 1611 1075 1241 1699 371 754 69 2033 1787 || mode=RB method=sk_ac_avg solver=filo1 stage=post_ls ls=pyvrp iter=10
2026-03-15 22:29:14 | INFO     | [POOL #00839] 2173 2611 2296 1093 905 1313 2380 221 924 1282 1165 2867 1780 2848 611 744 1791 2799 2898 2558 287 1109 115 1588 2353 2761 || mode=RB method=sk_ac_avg solver=filo1 stage=post_ls ls=pyvrp iter=10
2026-03-15 22:29:14 | INFO     | [POOL #00840] 1116 2186 1564 1346 2286 1419 1420 1183 179 2504 1120 177 1153 441 674 964 2536 941 1966 1971 170 2318 || mode=RB method=sk_ac_avg solver=filo1 stage=post_ls ls=pyvrp iter=10
2026-03-15 22:29:14 | INFO     | [POOL #00841] 2710 746 1217 478 1597 2194 1516 1184 2239 252 1151 2556 378 1826 2150 1237 1283 1478 1931 636 2388 || mode=RB method=sk_ac_avg solver=filo1 stage=post_ls ls=pyvrp iter=10
2026-03-15 22:29:14 | INFO     | [POOL #00842] 619 2088 175 665 2514 1208 1571 491 1140 739 1310 2264 1278 1982 2250 2240 735 1227 228 251 1248 1662 || mode=RB method=sk_ac_avg solver=filo1 stage=post_ls ls=pyvrp iter=10
2026-03-15 22:29:14 | INFO     | [POOL #00843] 2055 776 1379 894 135 1077 658 2480 1541 766 2059 1446 1402 1437 702 1118 2070 2460 2597 1168 2814 1575 || mode=RB method=sk_ac_avg solver=filo1 stage=post_ls ls=pyvrp iter=10
2026-03-15 22:29:14 | INFO     | [POOL #00844] 1743 389 953 284 2614 204 2630 2861 533 1328 2905 1144 118 2040 1721 2627 2910 2701 1466 1489 || mode=RB method=sk_ac_avg solver=filo1 stage=post_ls ls=pyvrp iter=10
2026-03-15 22:29:14 | INFO     | [POOL #00845] 846 1141 1488 1749 686 617 691 1616 2283 1989 2813 2465 80 1476 1046 812 1807 788 1340 2887 2689 || mode=RB method=sk_ac_avg solver=filo1 stage=post_ls ls=pyvrp iter=10
2026-03-15 22:29:14 | INFO     | [POOL #00846] 849 576 598 2740 1317 150 2802 2006 2529 1126 2419 231 2390 1364 1500 2778 472 434 2287 2339 2537 896 1693 972 82 2357 2893 460 2574 333 632 2619 297 2201 1417 2242 1232 2698 270 1444 2744 2796 || mode=RB method=sk_ac_avg solver=filo1 stage=post_ls ls=pyvrp iter=10
2026-03-15 22:29:14 | INFO     | [POOL #00847] 1936 2807 801 1451 1336 2660 1119 2114 501 1468 381 909 2202 963 1117 1157 1325 380 912 2628 1506 || mode=RB method=sk_ac_avg solver=filo1 stage=post_ls ls=pyvrp iter=10
2026-03-15 22:29:14 | INFO     | [POOL #00848] 2493 1579 1334 730 693 2057 1568 547 387 2401 542 98 2781 1988 2022 230 2337 1138 797 99 1078 1058 || mode=RB method=sk_ac_avg solver=filo1 stage=post_ls ls=pyvrp iter=10
2026-03-15 22:29:14 | INFO     | [POOL #00849] 2067 2625 1799 986 635 496 2875 88 1781 2884 2497 1025 343 609 1066 2071 81 1179 1898 1525 2715 326 1551 463 1720 || mode=RB method=sk_ac_avg solver=filo1 stage=post_ls ls=pyvrp iter=10
2026-03-15 22:29:14 | INFO     | [POOL #00850] 1148 914 1251 1670 1828 2348 571 2193 2101 2648 1903 2539 1850 975 758 2235 2378 1729 2510 1690 2655 224 1137 || mode=RB method=sk_ac_avg solver=filo1 stage=post_ls ls=pyvrp iter=10
2026-03-15 22:29:14 | INFO     | [POOL #00851] 1700 1918 111 159 903 416 2352 1010 2229 1309 2090 1362 158 401 189 83 889 780 743 66 122 2061 || mode=RB method=sk_ac_avg solver=filo1 stage=post_ls ls=pyvrp iter=10
2026-03-15 22:29:14 | INFO     | [POOL #00852] 2032 1763 2170 1218 2292 1070 584 409 1189 2271 1610 688 802 845 184 1178 42 1672 1269 1766 117 1009 1784 678 867 483 97 2036 2805 2669 1790 2259 1895 1975 1957 843 817 2508 2279 999 1504 2118 466 2043 1711 || mode=RB method=sk_ac_avg solver=filo1 stage=post_ls ls=pyvrp iter=10
2026-03-15 22:29:14 | INFO     | [POOL #00853] 2181 2764 698 73 561 1447 2222 2249 406 2198 2125 346 806 2697 2363 54 2017 2091 1600 2827 731 1265 864 1438 1785 2153 2518 493 2208 1305 1528 546 1229 2327 587 591 1558 1948 298 994 2792 1877 43 2346 545 1731 2190 881 997 2096 457 28 1406 1259 2765 1954 2832 1172 458 1345 1002 876 1847 1307 || mode=RB method=sk_ac_avg solver=filo1 stage=post_ls ls=pyvrp iter=10
2026-03-15 22:29:14 | INFO     | [POOL #00854] 2021 1682 1326 376 2407 671 2015 327 1719 1324 1960 2349 1494 1170 1020 10 2637 2050 1596 2468 2254 747 1049 2218 883 1097 124 1122 2476 1290 2058 2270 2427 1240 1112 1930 2855 2685 1649 126 1318 1659 1920 1050 1076 2027 1521 331 2180 834 633 282 2330 918 2475 1092 1404 1539 2041 2687 1811 1755 977 2103 1882 24 64 || mode=RB method=sk_ac_avg solver=filo1 stage=post_ls ls=pyvrp iter=10
2026-03-15 22:29:14 | INFO     | [POOL #00855] 531 555 885 166 1533 2808 2490 2309 1671 1994 1812 931 1621 2169 13 958 2093 445 1200 2862 1618 2609 1011 2174 314 1679 627 2195 1391 595 2233 946 2871 2011 2699 2028 402 923 2719 2676 354 325 1006 2547 2711 1798 2440 2450 1111 443 308 550 1543 537 557 1131 2323 935 575 1396 630 2822 2724 264 1365 1544 962 2140 168 1055 1428 332 || mode=RB method=sk_ac_avg solver=filo1 stage=post_ls ls=pyvrp iter=10
2026-03-15 22:29:14 | INFO     | [POOL #00856] 2105 799 2507 765 2047 2673 492 227 1534 1411 556 1381 351 1367 607 1297 444 1063 1095 2709 356 1772 || mode=RB method=sk_ac_avg solver=filo1 stage=post_ls ls=pyvrp iter=10
2026-03-15 22:29:14 | INFO     | [POOL #00857] 690 1257 2513 971 2124 1555 1852 2438 2215 2594 2432 1804 841 898 1426 2192 2729 1945 2213 2219 2786 1998 2052 || mode=RB method=sk_ac_avg solver=filo1 stage=post_ls ls=pyvrp iter=10
2026-03-15 22:29:14 | INFO     | [POOL #00858] 1028 1810 2302 499 1557 2759 1981 1866 2573 2652 1604 882 1079 1088 1631 1987 1677 18 790 1302 1594 || mode=RB method=sk_ac_avg solver=filo1 stage=post_ls ls=pyvrp iter=10
2026-03-15 22:29:14 | INFO     | [POOL #00859] 984 847 2066 2236 155 792 1776 1680 301 773 1062 2046 2830 2481 2850 1651 723 1614 452 2686 1461 2280 1435 || mode=RB method=sk_ac_avg solver=filo1 stage=post_ls ls=pyvrp iter=10
2026-03-15 22:29:14 | INFO     | [POOL #00860] 2197 37 1082 2575 2095 2016 2138 2133 1350 2408 192 388 2749 1187 2613 504 2310 2517 1041 2436 755 1152 || mode=RB method=sk_ac_avg solver=filo1 stage=post_ls ls=pyvrp iter=10
2026-03-15 22:29:14 | INFO     | [POOL #00861] 498 1121 978 2246 764 839 2681 174 1838 1830 1788 2209 2675 1814 1817 873 1085 2664 1599 2384 565 2602 || mode=RB method=sk_ac_avg solver=filo1 stage=post_ls ls=pyvrp iter=10
2026-03-15 22:29:14 | INFO     | [POOL #00862] 825 943 1284 29 363 1081 1455 570 405 93 602 495 1210 1718 2293 2474 2461 1641 2821 973 2859 1805 || mode=RB method=sk_ac_avg solver=filo1 stage=post_ls ls=pyvrp iter=10
2026-03-15 22:29:14 | INFO     | [POOL #00863] 663 910 785 1331 1204 1849 1565 1288 768 480 771 1258 395 160 1630 1195 38 1640 934 347 2334 2117 || mode=RB method=sk_ac_avg solver=filo1 stage=post_ls ls=pyvrp iter=10
2026-03-15 22:29:14 | INFO     | [POOL #00864] 1916 1166 1886 2564 2065 44 786 2533 1304 265 2763 162 741 1601 2305 707 1585 2119 1848 911 1467 || mode=RB method=sk_ac_avg solver=filo1 stage=post_ls ls=pyvrp iter=10
2026-03-15 22:29:14 | INFO     | [POOL #00865] 2498 957 30 1603 1235 2757 721 2720 692 2596 1802 2638 256 871 210 1454 2276 1643 2062 17 1134 979 || mode=RB method=sk_ac_avg solver=filo1 stage=post_ls ls=pyvrp iter=10
2026-03-15 22:29:14 | INFO     | [POOL #00866] 1751 2478 365 2588 2758 1517 1509 1175 2849 830 637 1413 310 2544 507 1851 1162 1590 520 || mode=RB method=sk_ac_avg solver=filo1 stage=post_ls ls=pyvrp iter=10
2026-03-15 22:29:14 | INFO     | [POOL #00867] 2682 453 2707 2509 236 1483 1363 2622 2753 2142 56 2121 2873 2130 317 225 2009 532 1863 321 1514 2049 2312 1561 1839 || mode=RB method=sk_ac_avg solver=filo1 stage=post_ls ls=pyvrp iter=10
2026-03-15 22:29:14 | INFO     | [POOL #00868] 1311 1273 2087 2532 1779 677 1581 991 996 1264 1100 1423 612 1706 539 2566 1663 2644 2477 703 734 1665 2499 2418 || mode=RB method=sk_ac_avg solver=filo1 stage=post_ls ls=pyvrp iter=10
2026-03-15 22:29:14 | INFO     | [POOL #00869] 248 302 2019 2326 2569 1715 1244 2230 2464 2826 1223 605 1354 1949 1139 2338 1697 1862 993 2403 515 1505 || mode=RB method=sk_ac_avg solver=filo1 stage=post_ls ls=pyvrp iter=10
2026-03-15 22:29:14 | INFO     | [POOL #00870] 2548 890 1896 856 1300 981 1287 2076 309 2527 2616 418 336 2522 46 1254 1272 1469 2171 1211 2777 || mode=RB method=sk_ac_avg solver=filo1 stage=post_ls ls=pyvrp iter=10
2026-03-15 22:29:14 | INFO     | [POOL #00871] 2590 451 1238 718 2184 62 2728 893 1089 787 2205 540 16 1967 432 2607 1096 1758 1656 850 908 2494 114 || mode=RB method=sk_ac_avg solver=filo1 stage=post_ls ls=pyvrp iter=10
2026-03-15 22:29:14 | INFO     | [POOL #00872] 2535 2383 2037 606 1707 2486 8 1460 2603 2502 2604 2156 2158 593 2820 1201 2097 1123 1972 1765 844 1538 || mode=RB method=sk_ac_avg solver=filo1 stage=post_ls ls=pyvrp iter=10
2026-03-15 22:29:14 | INFO     | [POOL #00873] 1900 206 232 1583 2880 1306 897 121 904 1000 1194 101 1637 2865 2790 462 1086 2185 568 340 1548 2640 || mode=RB method=sk_ac_avg solver=filo1 stage=post_ls ls=pyvrp iter=10
2026-03-15 22:29:14 | INFO     | [POOL #00874] 94 1018 419 541 2325 2003 337 2810 1032 2141 742 855 1458 1279 1626 1293 123 1164 2176 769 506 || mode=RB method=sk_ac_avg solver=filo1 stage=post_ls ls=pyvrp iter=10
2026-03-15 22:29:14 | INFO     | [POOL #00875] 2074 20 1496 59 770 2241 455 390 680 1824 1492 238 1368 2214 211 223 1441 334 858 2629 1655 729 || mode=RB method=sk_ac_avg solver=filo1 stage=post_ls ls=pyvrp iter=10
2026-03-15 22:29:14 | INFO     | [POOL #00876] 752 1722 1415 1044 423 2530 366 2506 1689 2343 2626 2399 2168 2426 1260 2551 2653 1360 1323 1770 705 || mode=RB method=sk_ac_avg solver=filo1 stage=post_ls ls=pyvrp iter=10
2026-03-15 22:29:14 | INFO     | [POOL #00877] 7 1937 35 2789 1236 415 2845 1059 1650 2543 2842 1632 2295 2421 315 813 2454 2593 2128 1996 112 1986 1203 2900 || mode=RB method=sk_ac_avg solver=filo1 stage=post_ls ls=pyvrp iter=10
2026-03-15 22:29:14 | INFO     | [POOL #00878] 2791 2381 1905 2555 1027 2089 950 1160 2376 364 2268 1822 229 2146 1511 2515 1015 2002 1818 1841 851 || mode=RB method=sk_ac_avg solver=filo1 stage=post_ls ls=pyvrp iter=10
2026-03-15 22:29:14 | INFO     | [POOL #00879] 1724 2355 339 2606 1459 2188 2617 311 2632 235 195 2085 1777 1638 697 1606 1761 2111 831 1199 1917 1907 || mode=RB method=sk_ac_avg solver=filo1 stage=post_ls ls=pyvrp iter=10
2026-03-15 22:29:14 | INFO     | [POOL #00880] 324 2646 78 2520 143 2479 1343 1439 1753 1834 938 1228 290 2291 2149 279 181 209 2694 412 2693 2463 1087 1984 673 2717 1280 || mode=RB method=sk_ac_avg solver=filo1 stage=post_ls ls=pyvrp iter=10
2026-03-15 22:29:14 | INFO     | [POOL #00881] 1956 1230 292 313 639 1736 2582 2585 1545 2004 2411 1239 1487 1060 1380 1400 2148 2667 215 1473 2531 359 || mode=RB method=sk_ac_avg solver=filo1 stage=post_ls ls=pyvrp iter=10
2026-03-15 22:29:14 | INFO     | [POOL #00882] 2290 1595 109 1107 1389 822 1333 2811 1910 344 1518 383 392 2754 2501 2469 1465 1835 2467 1832 281 927 2584 2200 161 2385 1369 1844 1726 875 1510 862 219 659 393 1738 2024 1990 2316 353 2375 || mode=RB method=sk_ac_avg solver=filo1 stage=post_ls ls=pyvrp iter=10
2026-03-15 22:29:14 | INFO     | [POOL #00883] 757 1947 350 263 1108 892 736 1955 40 2300 2299 2571 819 2877 201 1384 1633 2405 2035 1261 486 1185 2366 1374 || mode=RB method=sk_ac_avg solver=filo1 stage=post_ls ls=pyvrp iter=10
2026-03-15 22:29:14 | INFO     | [POOL #00884] 1658 577 341 2220 2847 2080 1615 2137 2211 247 202 2364 107 1263 1480 2026 130 535 1713 1825 2115 1167 || mode=RB method=sk_ac_avg solver=filo1 stage=post_ls ls=pyvrp iter=10
2026-03-15 22:29:14 | INFO     | [POOL #00885] 2358 2243 2336 2774 1978 1256 31 245 1008 157 536 2459 1003 2815 947 804 2903 974 500 2044 1277 613 || mode=RB method=sk_ac_avg solver=filo1 stage=post_ls ls=pyvrp iter=10
2026-03-15 22:29:14 | INFO     | [POOL #00886] 503 1733 644 1037 165 1399 857 437 1016 1349 926 2317 1412 1262 14 1493 2217 2523 2160 1789 2843 || mode=RB method=sk_ac_avg solver=filo1 stage=post_ls ls=pyvrp iter=10
2026-03-15 22:29:14 | INFO     | [POOL #00887] 1768 2746 811 1859 1072 369 1860 2473 549 985 2109 467 394 2389 1563 91 1090 440 956 185 2488 1048 582 1932 1358 57 87 1234 2456 1757 286 2367 820 1912 2054 1589 2443 2863 391 580 65 1875 2879 664 217 833 1964 2797 668 2269 1566 1899 34 880 272 2013 900 53 1668 2803 2144 || mode=RB method=sk_ac_avg solver=filo1 stage=post_ls ls=pyvrp iter=10
2026-03-15 22:29:14 | INFO     | [POOL #00888] 1940 2674 600 2039 1775 399 2030 1083 1173 1675 2458 2199 139 945 2647 970 2716 810 1303 330 1132 1969 || mode=RB method=sk_ac_avg solver=filo1 stage=post_ls ls=pyvrp iter=10
2026-03-15 22:29:14 | INFO     | [POOL #00889] 222 968 647 649 2018 2417 1801 2362 616 1891 319 464 695 2838 1495 280 2098 2123 1605 2048 1840 1927 2769 2434 1816 2127 2393 77 1803 1337 289 420 563 1174 2612 1587 2659 2662 1375 624 2136 147 2487 138 68 1005 590 1881 92 2906 1573 1645 482 579 71 1 2396 459 2187 2750 1370 2897 2525 2391 2857 || mode=RB method=sk_ac_avg solver=filo1 stage=post_ls ls=pyvrp iter=10
2026-03-15 22:29:14 | INFO     | [POOL #00890] 2245 1267 558 52 1291 1820 2244 1542 2152 891 414 1704 902 620 888 2703 1876 2482 2120 454 852 1635 84 438 1371 2073 1421 2223 2823 357 683 1382 1739 2708 1660 2189 226 15 2430 866 2721 717 427 2817 2563 1219 277 1809 939 2700 2210 1819 2051 2226 1312 675 || mode=RB method=sk_ac_avg solver=filo1 stage=post_ls ls=pyvrp iter=10
2026-03-15 22:29:14 | INFO     | [POOL #00891] 241 447 1105 626 2858 2359 142 588 2718 2521 814 679 932 1498 954 2496 1080 2301 1628 1774 1716 || mode=RB method=sk_ac_avg solver=filo1 stage=post_ls ls=pyvrp iter=10
2026-03-15 22:29:14 | INFO     | [POOL #00892] 1372 759 1102 435 197 2908 920 1911 1884 22 2342 2666 937 711 2081 2605 1727 1436 1976 646 1921 2207 1450 216 2167 1992 1212 70 573 2056 2228 2809 2601 2322 2154 442 1246 2684 1740 2267 1207 1416 1586 2892 2587 745 129 2457 1033 1797 489 524 1186 5 417 2135 2541 1386 863 2260 2913 2453 2247 2262 2298 1795 268 || mode=RB method=sk_ac_avg solver=filo1 stage=post_ls ls=pyvrp iter=10
2026-03-15 22:29:14 | INFO     | [POOL #00893] 1043 2671 1040 1681 1547 656 1352 2165 2258 1475 141 41 2500 516 2748 249 1445 1559 959 1068 2332 1163 1800 1031 2503 1562 2451 137 2134 2853 1569 285 2621 1004 146 1629 1507 2679 || mode=RB method=sk_ac_avg solver=filo1 stage=post_ls ls=pyvrp iter=10
2026-03-15 22:29:14 | INFO     | [POOL #00894] 995 1745 1047 2382 955 2743 490 1926 2511 1327 1530 1013 505 194 171 1242 2377 2904 1709 2308 1567 2495 2839 1255 323 1935 2060 638 6 2394 1253 2368 1688 1951 1410 2623 1928 2586 2690 1522 2800 1022 372 258 906 1702 1408 2552 2145 2102 1941 1897 998 1617 2288 2670 2714 2350 518 879 1398 936 2000 1756 2224 2491 1347 254 461 36 2890 312 || mode=RB method=sk_ac_avg solver=filo1 stage=post_ls ls=pyvrp iter=10
2026-03-15 22:29:14 | INFO     | [POOL #00895] 513 1904 944 233 2766 525 2328 1535 1434 2833 398 1133 2579 2045 2445 1523 2297 2734 2151 1490 2007 1794 654 2053 2793 2335 1908 2819 1143 2846 368 103 269 1348 1418 2631 2779 1674 338 2483 260 1128 917 2876 2182 1198 167 1449 1052 1275 2274 1001 2431 348 250 1156 2429 1154 666 1613 1171 || mode=RB method=sk_ac_avg solver=filo1 stage=post_ls ls=pyvrp iter=10
2026-03-15 22:29:14 | INFO     | [POOL #00896] 187 583 949 407 2755 303 1069 1657 2695 207 1622 1084 1762 1147 2562 2633 2079 2516 1401 2895 1221 2404 188 1687 1225 696 1113 2395 589 1627 1560 75 2654 1026 2608 543 || mode=RB method=sk_ac_avg solver=filo1 stage=post_ls ls=pyvrp iter=10
2026-03-15 22:29:14 | INFO     | [POOL #00897] 2864 1578 1871 824 2126 2485 1746 1247 1767 2307 2333 1833 2812 1867 2702 1424 877 1359 2704 473 1712 || mode=RB method=sk_ac_avg solver=filo1 stage=post_ls ls=pyvrp iter=10
2026-03-15 22:29:14 | INFO     | [POOL #00898] 1330 837 2553 625 608 599 379 821 431 257 367 2658 1135 2852 1902 266 1968 2412 132 566 2785 173 278 450 497 1342 829 511 2234 1074 2442 1017 1295 300 1470 259 648 413 1934 48 2883 172 803 244 456 408 2131 1864 838 2705 1036 2272 1344 271 208 2806 2775 2069 1443 1231 1915 2804 1038 471 1952 784 2266 1914 809 360 701 2911 || mode=RB method=sk_ac_avg solver=filo1 stage=post_ls ls=pyvrp iter=10
2026-03-15 22:29:14 | INFO     | [POOL #00899] 312 36 2473 2417 1801 616 2456 1234 87 57 185 440 956 2488 1048 582 1358 1932 2048 1840 482 1645 1573 2906 92 2145 1881 590 1005 68 138 2487 2552 147 2136 624 1375 2662 2659 1587 2612 1174 563 420 289 1337 1803 77 2393 2127 1816 2434 2769 1927 1605 2123 2098 280 1495 2838 695 464 319 1891 2362 1964 1428 649 647 2857 || mode=RB method=sk_kmeans solver=filo2 stage=post_ls ls=pyvrp iter=11
2026-03-15 22:29:14 | INFO     | [POOL #00900] 1882 2103 2041 2687 1811 2349 1494 1170 1020 10 2637 2468 1596 2050 1521 2027 1050 1659 1318 126 1649 2685 2855 1930 994 1558 298 1948 1391 2195 627 2862 1200 445 2792 1877 43 2169 1621 931 1812 1994 881 997 2096 457 2309 2490 2808 28 1406 1259 2765 1533 166 1954 2832 1172 458 1345 1002 876 1847 24 || mode=RB method=sk_kmeans solver=filo2 stage=post_ls ls=pyvrp iter=11
2026-03-15 22:29:14 | INFO     | [POOL #00901] 1307 995 1745 1047 2382 955 2743 490 1926 2511 1327 1530 1013 505 194 171 1242 2377 2904 1709 2308 1567 2495 2839 1255 323 1935 2060 638 6 2394 1688 1951 2368 1410 2623 1928 2586 2690 1522 2800 1022 1074 1342 497 372 258 906 1702 1408 2785 566 132 2412 2102 1941 579 71 1 2396 459 1090 2187 2750 2890 || mode=RB method=sk_kmeans solver=filo2 stage=post_ls ls=pyvrp iter=11
2026-03-15 22:29:14 | INFO     | [POOL #00902] 1711 64 2043 466 1682 1326 2407 671 2015 977 1755 1960 406 2198 2125 2254 747 1049 2218 883 1097 2058 2270 2427 1240 1112 587 591 2327 1229 546 1528 1305 2208 493 2518 1438 1785 2153 1290 2476 1122 124 864 1265 731 2827 1600 2091 2017 54 1784 483 97 2036 2669 1790 2259 1895 1975 1957 843 817 2508 2279 || mode=RB method=sk_kmeans solver=filo2 stage=post_ls ls=pyvrp iter=11
2026-03-15 22:29:14 | INFO     | [POOL #00903] 531 555 1539 885 1404 1092 2475 918 2330 282 633 834 2180 331 1076 1920 545 2346 1731 2190 13 958 2093 1618 2609 1011 2174 314 1679 595 2233 946 2871 2011 2699 2028 402 923 2719 2676 354 325 1006 2547 2711 1798 2440 2450 1111 443 1253 308 550 1543 537 557 1131 1671 2323 935 575 1396 630 2822 2724 264 1365 1544 962 2140 168 1055 332 || mode=RB method=sk_kmeans solver=filo2 stage=post_ls ls=pyvrp iter=11
2026-03-15 22:29:14 | INFO     | [POOL #00904] 1918 1296 2221 2772 795 712 592 2860 2536 903 416 2352 1010 964 674 2229 1309 2090 1362 158 401 189 111 || mode=RB method=sk_kmeans solver=filo2 stage=post_ls ls=pyvrp iter=11
2026-03-15 22:29:14 | INFO     | [POOL #00905] 1058 1078 99 1700 797 1138 2337 230 2022 1988 2061 1141 2186 2781 98 542 2401 387 547 1568 2057 693 || mode=RB method=sk_kmeans solver=filo2 stage=post_ls ls=pyvrp iter=11
2026-03-15 22:29:14 | INFO     | [POOL #00906] 2493 2067 1579 1334 636 88 1781 1931 1478 1283 1807 788 1340 2887 2689 2875 730 496 635 986 1799 2625 || mode=RB method=sk_kmeans solver=filo2 stage=post_ls ls=pyvrp iter=11
2026-03-15 22:29:14 | INFO     | [POOL #00907] 236 1720 2715 2796 2173 2611 1179 81 2071 1066 609 343 1217 2296 1093 478 2884 1025 2497 746 2388 2710 1898 1525 1551 2509 || mode=RB method=sk_kmeans solver=filo2 stage=post_ls ls=pyvrp iter=11
2026-03-15 22:29:14 | INFO     | [POOL #00908] 1721 118 1144 619 2088 175 972 896 2537 2339 2287 434 1693 82 2357 2893 460 2574 2778 1500 1364 2390 231 2419 2529 1126 689 425 1317 598 || mode=RB method=sk_kmeans solver=filo2 stage=post_ls ls=pyvrp iter=11
2026-03-15 22:29:14 | INFO     | [POOL #00909] 122 1419 1183 179 2504 1120 177 1153 441 1619 2835 2561 569 49 1708 1611 1075 1241 1699 371 754 69 2318 || mode=RB method=sk_kmeans solver=filo2 stage=post_ls ls=pyvrp iter=11
2026-03-15 22:29:14 | INFO     | [POOL #00910] 1506 2807 801 1451 1336 2660 2460 2114 501 2070 702 1118 1379 776 2055 533 2861 2630 2614 284 953 || mode=RB method=sk_kmeans solver=filo2 stage=post_ls ls=pyvrp iter=11
2026-03-15 22:29:14 | INFO     | [POOL #00911] 849 576 2801 2740 1444 150 2802 270 2006 1232 2242 1417 2201 297 2619 632 2799 744 611 333 2848 1780 2867 1165 1282 924 2380 1313 1791 2898 2558 287 1109 2698 115 1588 2353 2744 2761 326 463 || mode=RB method=sk_kmeans solver=filo2 stage=post_ls ls=pyvrp iter=11
2026-03-15 22:29:14 | INFO     | [POOL #00912] 1316 2841 2369 728 119 2139 2162 487 2446 2441 58 2576 522 719 2874 699 476 1553 374 1271 2680 574 262 2204 295 1913 1243 2284 987 2402 1274 2615 1513 472 2591 2315 2082 2386 2466 1314 2738 2634 2691 2545 1250 2410 2549 2329 2360 2374 2869 2324 1846 650 2163 2448 961 2255 2143 872 2038 1759 2178 796 2379 553 895 || mode=RB method=sk_kmeans solver=filo2 stage=post_ls ls=pyvrp iter=11
2026-03-15 22:29:14 | INFO     | [POOL #00913] 1787 2033 170 1971 1966 941 159 66 743 780 83 889 2286 1346 1564 617 686 1749 1488 846 || mode=RB method=sk_kmeans solver=filo2 stage=post_ls ls=pyvrp iter=11
2026-03-15 22:29:14 | INFO     | [POOL #00914] 2905 665 1248 251 228 1227 658 1077 1437 2059 1446 1402 1468 381 909 2202 1119 2597 1168 2814 1575 204 || mode=RB method=sk_kmeans solver=filo2 stage=post_ls ls=pyvrp iter=11
2026-03-15 22:29:14 | INFO     | [POOL #00915] 1116 812 1046 1476 80 2465 2813 691 1616 2283 1989 2655 1117 963 1157 1325 380 912 2628 1936 || mode=RB method=sk_kmeans solver=filo2 stage=post_ls ls=pyvrp iter=11
2026-03-15 22:29:14 | INFO     | [POOL #00916] 905 1597 2194 1516 1184 2239 252 1151 2556 2701 2627 2040 2910 378 1826 389 1237 2150 1466 1489 1743 || mode=RB method=sk_kmeans solver=filo2 stage=post_ls ls=pyvrp iter=11
2026-03-15 22:29:14 | INFO     | [POOL #00917] 221 2514 1208 1571 491 1140 739 1310 2264 1278 1982 2250 766 2240 735 1541 2480 135 894 1662 1328 || mode=RB method=sk_kmeans solver=filo2 stage=post_ls ls=pyvrp iter=11
2026-03-15 22:29:14 | INFO     | [POOL #00918] 1137 224 1690 2510 1420 1729 2378 2235 758 975 1850 2539 1903 2648 2101 2193 571 2348 1828 1670 1251 914 1148 || mode=RB method=sk_kmeans solver=filo2 stage=post_ls ls=pyvrp iter=11
2026-03-15 22:29:14 | INFO     | [POOL #00919] 213 2568 2256 1939 2072 1686 682 1792 1035 1856 169 1233 1537 2331 1484 760 554 2885 47 1574 2554 1158 131 || mode=RB method=sk_kmeans solver=filo2 stage=post_ls ls=pyvrp iter=11
2026-03-15 22:29:14 | INFO     | [POOL #00920] 1561 506 769 2176 1164 123 1293 1626 225 317 2009 532 1863 321 1514 2049 2312 785 910 663 1839 || mode=RB method=sk_kmeans solver=filo2 stage=post_ls ls=pyvrp iter=11
2026-03-15 22:29:14 | INFO     | [POOL #00921] 644 1037 1399 437 857 1063 444 1095 607 1367 351 1381 556 1411 1534 227 492 2673 2047 765 1206 93 || mode=RB method=sk_kmeans solver=filo2 stage=post_ls ls=pyvrp iter=11
2026-03-15 22:29:14 | INFO     | [POOL #00922] 1152 2436 1041 2517 2310 504 2613 1187 2749 520 1590 2496 1080 2301 1640 241 347 2334 2117 755 || mode=RB method=sk_kmeans solver=filo2 stage=post_ls ls=pyvrp iter=11
2026-03-15 22:29:14 | INFO     | [POOL #00923] 2197 1907 37 1082 2575 2095 2016 2138 831 235 195 1027 2555 1905 2381 2617 2188 1459 2791 339 2355 1724 || mode=RB method=sk_kmeans solver=filo2 stage=post_ls ls=pyvrp iter=11
2026-03-15 22:29:14 | INFO     | [POOL #00924] 94 1018 825 943 1284 1032 2141 742 855 1458 1279 2130 2873 2121 56 2142 2753 2622 2311 1695 2707 453 2682 1121 498 || mode=RB method=sk_kmeans solver=filo2 stage=post_ls ls=pyvrp iter=11
2026-03-15 22:29:14 | INFO     | [POOL #00925] 2616 1789 165 2160 2523 2217 14 926 2317 1412 1262 1810 1028 1493 1945 2213 2219 2786 1998 418 336 2052 || mode=RB method=sk_kmeans solver=filo2 stage=post_ls ls=pyvrp iter=11
2026-03-15 22:29:14 | INFO     | [POOL #00926] 1761 1947 486 350 263 1108 1261 613 736 1955 2035 2405 1086 462 1583 1175 2849 830 637 1413 2544 1851 1162 || mode=RB method=sk_kmeans solver=filo2 stage=post_ls ls=pyvrp iter=11
2026-03-15 22:29:14 | INFO     | [POOL #00927] 1548 340 568 2185 1633 40 2877 819 2571 2299 2300 265 2763 1304 2533 162 741 1601 2305 707 1585 2119 || mode=RB method=sk_kmeans solver=filo2 stage=post_ls ls=pyvrp iter=11
2026-03-15 22:29:14 | INFO     | [POOL #00928] 954 690 2777 1211 2171 1257 2513 971 1254 46 2522 1272 1469 2843 814 2521 679 588 142 1105 447 || mode=RB method=sk_kmeans solver=filo2 stage=post_ls ls=pyvrp iter=11
2026-03-15 22:29:14 | INFO     | [POOL #00929] 480 890 1896 856 1300 1805 981 1287 2859 973 405 570 1455 1081 363 2810 337 2003 2325 541 419 || mode=RB method=sk_kmeans solver=filo2 stage=post_ls ls=pyvrp iter=11
2026-03-15 22:29:14 | INFO     | [POOL #00930] 2085 1916 1841 1818 2002 1015 2515 2268 1822 229 2146 1511 2065 2564 1886 1166 1848 911 1467 1777 2111 1917 || mode=RB method=sk_kmeans solver=filo2 stage=post_ls ls=pyvrp iter=11
2026-03-15 22:29:14 | INFO     | [POOL #00931] 1331 1204 1849 1565 1288 768 2548 771 1258 2359 2858 1498 626 395 160 1630 1195 38 1628 934 1774 1716 || mode=RB method=sk_kmeans solver=filo2 stage=post_ls ls=pyvrp iter=11
2026-03-15 22:29:14 | INFO     | [POOL #00932] 2790 2865 1384 201 500 974 734 703 2644 1663 1706 539 2566 2674 1940 2477 2903 804 2815 947 892 || mode=RB method=sk_kmeans solver=filo2 stage=post_ls ls=pyvrp iter=11
2026-03-15 22:29:14 | INFO     | [POOL #00933] 1637 101 1194 1000 1311 1273 2087 2532 2302 499 1557 2759 1981 1866 996 991 1581 1779 677 2499 2418 2044 1277 || mode=RB method=sk_kmeans solver=filo2 stage=post_ls ls=pyvrp iter=11
2026-03-15 22:29:14 | INFO     | [POOL #00934] 2133 1350 2408 757 1606 697 1638 1374 2366 1185 2640 1509 1517 2758 2588 365 1900 2478 1751 192 388 || mode=RB method=sk_kmeans solver=filo2 stage=post_ls ls=pyvrp iter=11
2026-03-15 22:29:14 | INFO     | [POOL #00935] 2358 729 1167 2115 1655 2629 858 1263 107 223 1441 334 1008 245 31 1256 1978 2774 2336 1712 2243 786 44 || mode=RB method=sk_kmeans solver=filo2 stage=post_ls ls=pyvrp iter=11
2026-03-15 22:29:14 | INFO     | [POOL #00936] 2602 565 2384 1599 2664 1085 873 1817 1814 2675 2209 1788 1830 1838 174 2681 839 764 1782 1378 2668 || mode=RB method=sk_kmeans solver=filo2 stage=post_ls ls=pyvrp iter=11
2026-03-15 22:29:14 | INFO     | [POOL #00937] 2718 503 2105 2076 309 799 2821 1641 2474 2461 602 1210 495 1718 2293 2507 2709 356 1772 2527 1733 932 || mode=RB method=sk_kmeans solver=filo2 stage=post_ls ls=pyvrp iter=11
2026-03-15 22:29:14 | INFO     | [POOL #00938] 2124 1555 1852 2438 2215 2594 2432 1804 841 898 1426 2729 2192 904 121 897 1306 2880 232 310 507 206 || mode=RB method=sk_kmeans solver=filo2 stage=post_ls ls=pyvrp iter=11
2026-03-15 22:29:14 | INFO     | [POOL #00939] 2900 1203 35 2789 1996 2128 1236 415 2593 2454 813 315 2421 364 2376 1160 950 2089 851 2632 311 1199 2606 || mode=RB method=sk_kmeans solver=filo2 stage=post_ls ls=pyvrp iter=11
2026-03-15 22:29:14 | INFO     | [POOL #00940] 1512 1197 1483 1363 283 1744 2159 601 1432 2212 242 1099 358 1683 1661 2828 1552 2068 1249 1873 1209 2246 978 || mode=RB method=sk_kmeans solver=filo2 stage=post_ls ls=pyvrp iter=11
2026-03-15 22:29:14 | INFO     | [POOL #00941] 2604 2502 324 2646 78 2520 143 2479 1834 938 1228 1753 1439 1343 181 209 2694 353 412 2693 2463 1087 1984 2590 2717 1280 2383 || mode=RB method=sk_kmeans solver=filo2 stage=post_ls ls=pyvrp iter=11
2026-03-15 22:29:14 | INFO     | [POOL #00942] 847 1536 2066 2236 155 792 1776 1680 301 773 716 104 1062 2046 2830 1644 603 1698 787 187 893 718 451 || mode=RB method=sk_kmeans solver=filo2 stage=post_ls ls=pyvrp iter=11
2026-03-15 22:29:14 | INFO     | [POOL #00943] 824 2126 2225 349 621 2657 151 1388 2415 2610 2387 791 404 2107 2397 2894 2481 2850 1146 1051 984 2019 || mode=RB method=sk_kmeans solver=filo2 stage=post_ls ls=pyvrp iter=11
2026-03-15 22:29:14 | INFO     | [POOL #00944] 1238 114 2494 908 850 1656 1758 1089 2205 540 16 1967 432 1651 723 1614 452 2686 2607 1096 1461 2280 || mode=RB method=sk_kmeans solver=filo2 stage=post_ls ls=pyvrp iter=11
2026-03-15 22:29:14 | INFO     | [POOL #00945] 2156 248 302 2326 1435 993 1862 1697 1949 1354 605 1223 2826 2464 2230 1244 1715 2569 1323 1770 705 1722 752 || mode=RB method=sk_kmeans solver=filo2 stage=post_ls ls=pyvrp iter=11
2026-03-15 22:29:14 | INFO     | [POOL #00946] 558 1291 1820 2244 1542 2152 891 1795 620 2262 435 2811 1910 344 1518 920 1911 1884 22 2469 1835 2467 1465 937 2666 863 1386 2541 1421 2073 1371 438 1635 852 2430 866 454 2120 2482 2721 717 427 1876 2703 2817 888 902 1704 414 939 513 1819 52 || mode=RB method=sk_kmeans solver=filo2 stage=post_ls ls=pyvrp iter=11
2026-03-15 22:29:14 | INFO     | [POOL #00947] 1043 383 2754 2501 1832 1004 281 927 285 2584 141 2200 41 2500 2853 2134 137 2451 2503 1031 1163 1800 959 1559 1069 303 2755 407 949 583 1445 2728 62 2184 || mode=RB method=sk_kmeans solver=filo2 stage=post_ls ls=pyvrp iter=11
2026-03-15 22:29:14 | INFO     | [POOL #00948] 2051 1613 1154 2429 1156 250 1347 2491 2224 1756 2000 936 1398 879 518 2350 2714 2670 2288 1617 998 1897 2658 1135 2852 1902 266 1968 173 278 450 838 1864 2131 408 511 829 2234 2442 1017 1295 300 1470 259 648 413 1934 48 2883 172 803 2601 2322 244 456 2154 442 1246 2684 1740 2267 1207 2167 216 1450 2207 1921 1976 1436 1727 2605 2081 711 2342 2908 197 || mode=RB method=sk_kmeans solver=filo2 stage=post_ls ls=pyvrp iter=11
2026-03-15 22:29:14 | INFO     | [POOL #00949] 392 543 646 2608 1026 1992 573 70 2056 2228 2809 2395 1113 696 1225 1687 188 2404 1221 2895 1401 2079 2516 2633 2562 1147 1762 1084 1622 207 2695 1657 1068 2332 589 1627 1560 1212 75 2654 1569 2621 146 1629 || mode=RB method=sk_kmeans solver=filo2 stage=post_ls ls=pyvrp iter=11
2026-03-15 22:29:14 | INFO     | [POOL #00950] 1107 1389 2298 2247 2453 2913 2260 84 2223 2823 357 2135 417 5 1186 524 489 1797 1033 2457 129 745 2587 2892 1586 1416 271 1344 1036 2705 2272 208 2806 2775 2069 1348 269 103 368 2846 1143 2819 1908 2335 2793 2053 654 1794 2007 1490 2151 2734 2297 1523 2445 2045 2579 683 1434 1535 2328 809 360 2553 701 2911 || mode=RB method=sk_kmeans solver=filo2 stage=post_ls ls=pyvrp iter=11
2026-03-15 22:29:14 | INFO     | [POOL #00951] 1171 666 1330 837 348 2431 1001 625 2274 1449 1052 1275 608 599 1914 2266 784 2182 1198 167 379 821 431 2804 1915 367 257 1231 1443 1418 2631 2779 1674 338 2483 260 1128 917 2876 1038 471 1952 1133 398 2833 1382 1739 2708 1660 2189 226 15 525 2766 233 944 2563 1904 1219 277 1809 2700 2210 1267 || mode=RB method=sk_kmeans solver=filo2 stage=post_ls ls=pyvrp iter=11
2026-03-15 22:29:14 | INFO     | [POOL #00952] 1372 268 759 1102 1040 1333 1681 1547 656 1352 2165 2258 1475 161 2385 516 1562 2748 249 1369 1844 1726 875 1510 862 219 659 393 1738 2024 1990 2316 1507 2679 822 673 || mode=RB method=sk_kmeans solver=filo2 stage=post_ls ls=pyvrp iter=11
2026-03-15 22:29:14 | INFO     | [POOL #00953] 1595 109 2671 2375 279 2149 2291 290 1415 1044 423 2530 366 2506 1689 2343 2626 2399 2168 2426 1260 2551 2653 1360 || mode=RB method=sk_kmeans solver=filo2 stage=post_ls ls=pyvrp iter=11
2026-03-15 22:29:14 | INFO     | [POOL #00954] 2199 2702 2227 1329 2420 1192 1319 1652 2767 1497 1193 2736 1405 581 385 641 1892 1463 342 1991 397 473 || mode=RB method=sk_kmeans solver=filo2 stage=post_ls ls=pyvrp iter=11
2026-03-15 22:29:14 | INFO     | [POOL #00955] 1264 1100 612 1423 969 1604 882 1079 1088 1631 1987 2062 17 1134 18 790 979 1302 1594 1016 1349 || mode=RB method=sk_kmeans solver=filo2 stage=post_ls ls=pyvrp iter=11
2026-03-15 22:29:14 | INFO     | [POOL #00956] 1083 1173 835 2642 2092 424 488 261 1474 823 1609 1894 1019 2031 105 1624 1357 670 1922 1315 1667 494 1675 || mode=RB method=sk_kmeans solver=filo2 stage=post_ls ls=pyvrp iter=11
2026-03-15 22:29:14 | INFO     | [POOL #00957] 1003 157 536 2459 600 1775 2039 2704 1359 139 1424 877 945 2647 970 2716 810 1303 330 1132 1969 || mode=RB method=sk_kmeans solver=filo2 stage=post_ls ls=pyvrp iter=11
2026-03-15 22:29:14 | INFO     | [POOL #00958] 1480 211 2864 1578 1871 2485 1746 1247 1767 2307 2333 1833 2812 1867 684 1054 1889 1485 1453 2458 399 2030 1665 || mode=RB method=sk_kmeans solver=filo2 stage=post_ls ls=pyvrp iter=11
2026-03-15 22:29:14 | INFO     | [POOL #00959] 110 2851 922 2912 2599 1880 2596 692 1802 2638 256 210 1454 2720 721 2757 1235 1603 30 957 2498 1297 || mode=RB method=sk_kmeans solver=filo2 stage=post_ls ls=pyvrp iter=11
2026-03-15 22:29:14 | INFO     | [POOL #00960] 1060 1529 2505 1933 291 708 212 127 2745 1977 988 662 2901 2683 562 1669 1308 2435 594 2677 2010 651 || mode=RB method=sk_kmeans solver=filo2 stage=post_ls ls=pyvrp iter=11
2026-03-15 22:29:14 | INFO     | [POOL #00961] 2276 871 1519 2122 1213 145 1094 318 439 25 681 2470 2455 709 942 2414 2872 1554 1202 1796 446 2731 2570 || mode=RB method=sk_kmeans solver=filo2 stage=post_ls ls=pyvrp iter=11
2026-03-15 22:29:14 | INFO     | [POOL #00962] 1677 1643 267 2398 966 645 186 375 733 426 2253 983 100 2770 2232 1130 2598 1452 1030 33 544 2652 2573 || mode=RB method=sk_kmeans solver=filo2 stage=post_ls ls=pyvrp iter=11
2026-03-15 22:29:14 | INFO     | [POOL #00963] 144 2001 2106 836 102 1422 2528 919 842 239 108 2370 1666 2776 2581 386 1963 2560 316 1692 1456 2907 || mode=RB method=sk_kmeans solver=filo2 stage=post_ls ls=pyvrp iter=11
2026-03-15 22:29:14 | INFO     | [POOL #00964] 1159 2645 90 772 1299 2818 2251 1390 1639 2175 1646 1430 1925 2600 2400 2422 2289 777 2519 2172 750 761 || mode=RB method=sk_kmeans solver=filo2 stage=post_ls ls=pyvrp iter=11
2026-03-15 22:29:14 | INFO     | [POOL #00965] 246 304 1127 335 722 572 1576 1942 652 657 1429 585 199 2784 1394 714 2341 1879 1634 2546 2108 149 1440 622 1999 || mode=RB method=sk_ac_complete solver=filo2 stage=post_ls ls=pyvrp iter=12
2026-03-15 22:29:14 | INFO     | [POOL #00966] 1858 1377 1433 1252 1865 2351 1958 1355 468 1150 136 1515 1962 1556 2216 502 2891 826 1014 2278 1550 2888 || mode=RB method=sk_ac_complete solver=filo2 stage=post_ls ls=pyvrp iter=12
2026-03-15 22:29:14 | INFO     | [POOL #00967] 320 2306 1760 1224 474 1191 907 623 2635 2471 377 753 827 352 726 475 1091 807 2881 1532 96 || mode=RB method=sk_ac_complete solver=filo2 stage=post_ls ls=pyvrp iter=12
2026-03-15 22:29:14 | INFO     | [POOL #00968] 2 2725 422 63 2347 960 756 2129 2636 2837 2248 710 2462 901 2650 2773 2281 976 694 1878 2261 2572 || mode=RB method=sk_ac_complete solver=filo2 stage=post_ls ls=pyvrp iter=12
2026-03-15 22:29:14 | INFO     | [POOL #00969] 752 1722 290 1415 1044 423 2506 1689 2343 2626 2399 2168 2426 1260 2551 2653 2569 1360 1323 1770 705 248 || mode=RB method=sk_ac_complete solver=filo2 stage=post_ls ls=pyvrp iter=12
2026-03-15 22:29:14 | INFO     | [POOL #00970] 2156 2604 2502 324 2646 78 2520 143 2479 1834 938 1228 1753 1439 1343 181 209 2694 353 412 2693 2463 1087 1984 2590 1280 || mode=RB method=sk_ac_complete solver=filo2 stage=post_ls ls=pyvrp iter=12
2026-03-15 22:29:14 | INFO     | [POOL #00971] 1372 891 1795 620 888 2247 2453 2913 1884 22 2342 2666 937 711 2081 2605 1727 1436 1976 543 646 1921 2207 2608 1026 2654 75 2451 137 2134 2853 1569 2584 285 927 2621 1004 1832 2467 1835 1465 2469 2501 2754 1911 920 2908 197 435 2262 1102 759 1389 268 1107 109 1595 2383 || mode=RB method=sk_ac_complete solver=filo2 stage=post_ls ls=pyvrp iter=12
2026-03-15 22:29:14 | INFO     | [POOL #00972] 302 2019 2326 1435 1715 993 1862 1697 1949 1354 605 1223 2826 2464 114 2494 718 1238 451 366 2530 279 || mode=RB method=sk_ac_complete solver=filo2 stage=post_ls ls=pyvrp iter=12
2026-03-15 22:29:14 | INFO     | [POOL #00973] 2671 822 2679 1040 1333 2811 1910 344 1518 1681 1547 1629 656 1352 2165 2258 1475 161 2385 1369 1844 1726 875 1510 862 219 659 393 2291 2149 1738 2024 1990 2316 1507 2375 673 2717 || mode=RB method=sk_ac_complete solver=filo2 stage=post_ls ls=pyvrp iter=12
2026-03-15 22:29:14 | INFO     | [POOL #00974] 984 847 1536 2066 2236 155 792 1776 1680 301 773 716 104 1062 1146 1051 1614 723 452 2686 1461 2280 1244 || mode=RB method=sk_ac_complete solver=filo2 stage=post_ls ls=pyvrp iter=12
2026-03-15 22:29:14 | INFO     | [POOL #00975] 2226 1768 2746 811 1859 2857 1072 369 2391 2525 2897 664 394 2389 1563 91 1090 459 2396 2350 2714 379 821 431 2804 1915 2779 1674 338 1128 260 917 2876 1038 471 2182 1198 167 599 1449 1052 1275 608 2274 625 1001 2431 2491 1347 254 461 467 2109 549 2473 36 1171 2051 || mode=RB method=sk_ac_complete solver=filo2 stage=post_ls ls=pyvrp iter=12
2026-03-15 22:29:14 | INFO     | [POOL #00976] 908 850 1656 1758 1089 787 407 303 1069 1657 2695 207 1644 603 1698 540 2205 16 1967 432 2607 1096 2230 || mode=RB method=sk_ac_complete solver=filo2 stage=post_ls ls=pyvrp iter=12
2026-03-15 22:29:14 | INFO     | [POOL #00977] 558 1291 1820 2244 1542 2152 513 939 414 1704 277 1219 1904 2563 2817 2703 1876 427 717 2482 2120 454 852 1635 438 1371 2073 2223 2823 357 683 1382 1739 2708 1660 2189 226 15 2430 866 2721 944 701 837 250 1156 2429 666 1809 2700 2210 1819 52 1267 675 || mode=RB method=sk_ac_complete solver=filo2 stage=post_ls ls=pyvrp iter=12
2026-03-15 22:29:14 | INFO     | [POOL #00978] 1043 383 392 146 281 141 2200 41 2500 516 249 2748 1562 2503 1031 1800 1163 2332 1068 959 1559 1445 583 949 2755 187 893 2728 62 2184 || mode=RB method=sk_ac_complete solver=filo2 stage=post_ls ls=pyvrp iter=12
2026-03-15 22:29:14 | INFO     | [POOL #00979] 2144 995 1047 2382 955 2743 490 1926 2511 1327 1530 1013 505 194 171 1242 2377 2904 1709 2308 1567 2495 2839 1255 323 1935 2060 638 6 2394 1253 2368 1688 1951 1410 2623 1928 2586 2690 1522 2800 1022 1074 1342 497 450 838 2705 1036 1344 2272 2806 2775 2069 1443 1418 2631 1231 257 367 2670 518 879 1398 936 2000 1756 2224 348 1154 1613 2890 || mode=RB method=sk_ac_complete solver=filo2 stage=post_ls ls=pyvrp iter=12
2026-03-15 22:29:14 | INFO     | [POOL #00980] 1668 53 1745 1899 1566 2269 2797 1964 2417 1801 616 580 391 2863 2367 286 1757 2456 1234 87 57 1358 1932 2048 1840 2769 2434 1816 138 2487 68 1005 590 1881 2145 92 2906 1573 1645 482 2102 1941 579 582 1048 2488 185 956 440 1912 2054 820 1589 2443 65 1875 2879 217 833 2018 649 647 968 222 || mode=RB method=sk_ac_complete solver=filo2 stage=post_ls ls=pyvrp iter=12
2026-03-15 22:29:14 | INFO     | [POOL #00981] 2298 84 1421 2579 2045 2445 1523 1490 2007 1794 1797 1033 129 745 2587 2892 1207 2267 1740 1246 442 2154 456 244 2322 2601 803 172 2883 48 1934 413 648 259 1470 300 1295 1017 2442 2234 829 511 408 2131 1864 2684 1416 1586 271 208 269 1348 103 368 2846 1143 2819 1908 2335 2793 2053 654 2483 1952 784 2266 1914 809 360 2553 1330 || mode=RB method=sk_ac_complete solver=filo2 stage=post_ls ls=pyvrp iter=12
2026-03-15 22:29:14 | INFO     | [POOL #00982] 902 2260 863 1386 2541 2135 417 5 1186 1450 216 1992 1212 1560 1627 589 1113 2562 2633 1147 1622 1084 1762 1401 2079 2516 2895 1221 2404 188 1687 1225 696 2395 2809 2228 2056 70 573 2167 2457 524 489 2151 2734 2297 1133 398 2833 1434 1535 2328 525 2766 233 2911 || mode=RB method=sk_ac_complete solver=filo2 stage=post_ls ls=pyvrp iter=12
2026-03-15 22:29:14 | INFO     | [POOL #00983] 1312 312 1860 985 1370 2750 2187 1 71 2288 1617 998 1897 2658 1135 2852 1902 266 1968 2412 132 566 2785 173 278 372 258 906 1702 1408 2552 147 2136 624 1375 2662 2659 1587 2612 1174 563 420 289 1337 1803 77 2393 2127 1927 1605 2123 2098 280 1495 2838 695 464 319 1891 2362 668 34 880 272 2013 900 2803 || mode=RB method=sk_ac_complete solver=filo2 stage=post_ls ls=pyvrp iter=12
2026-03-15 22:29:14 | INFO     | [POOL #00984] 1612 2620 1678 2526 2788 1946 2083 1039 700 2416 299 305 548 2449 1546 198 1472 1540 2433 514 1376 273 1754 || mode=RB method=sk_ac_complete solver=filo2 stage=post_ls ls=pyvrp iter=12
2026-03-15 22:29:14 | INFO     | [POOL #00985] 1887 296 925 430 2889 2354 2313 521 125 1124 1176 1053 196 1685 2392 60 470 26 778 2020 9 2034 || mode=RB method=sk_ac_complete solver=filo2 stage=post_ls ls=pyvrp iter=12
2026-03-15 22:29:14 | INFO     | [POOL #00986] 61 921 2314 1061 2795 1855 2730 2886 800 306 2064 854 1477 2345 2113 2866 564 2372 1335 1869 411 || mode=RB method=sk_ac_complete solver=filo2 stage=post_ls ls=pyvrp iter=12
2026-03-15 22:29:14 | INFO     | [POOL #00987] 1285 1836 2424 1397 164 2406 2340 762 1190 2733 1783 552 2492 396 2824 1169 178 853 815 989 913 1526 || mode=RB method=sk_ac_complete solver=filo2 stage=post_ls ls=pyvrp iter=12
2026-03-15 22:29:14 | INFO     | [POOL #00988] 2132 2856 1499 2870 2902 1286 275 1392 2727 1582 2649 140 2094 1531 775 193 2099 1842 2489 1870 672 1808 1741 || mode=RB method=sk_ac_complete solver=filo2 stage=post_ls ls=pyvrp iter=12
2026-03-15 22:29:14 | INFO     | [POOL #00989] 2052 2616 1789 2160 2523 2217 14 926 2317 1412 1262 1810 1028 1493 1945 2213 2219 2786 1998 418 336 1469 || mode=RB method=sk_ac_complete solver=filo2 stage=post_ls ls=pyvrp iter=12
2026-03-15 22:29:14 | INFO     | [POOL #00990] 1152 2436 1041 1716 1774 934 1628 2301 1080 1590 2496 1195 1105 447 38 1640 241 347 2334 2117 755 || mode=RB method=sk_ac_complete solver=filo2 stage=post_ls ls=pyvrp iter=12
2026-03-15 22:29:14 | INFO     | [POOL #00991] 2197 1907 37 1082 2575 2517 2310 504 2613 1187 2749 520 388 192 2408 1350 2133 2138 2606 339 2355 1724 || mode=RB method=sk_ac_complete solver=filo2 stage=post_ls ls=pyvrp iter=12
2026-03-15 22:29:14 | INFO     | [POOL #00992] 2845 1059 1650 2543 2842 2295 1632 2074 20 1496 59 1505 770 341 2220 455 2080 1615 2137 2847 1713 1825 || mode=RB method=sk_ac_complete solver=filo2 stage=post_ls ls=pyvrp iter=12
2026-03-15 22:29:14 | INFO     | [POOL #00993] 2900 1203 2791 1459 311 2632 235 195 851 1916 911 1467 1947 2478 1638 697 1606 1761 757 2016 2095 1917 || mode=RB method=sk_ac_complete solver=filo2 stage=post_ls ls=pyvrp iter=12
2026-03-15 22:29:14 | INFO     | [POOL #00994] 1277 2044 500 974 734 703 2644 1663 1706 539 2566 2674 1940 2477 2903 804 947 2815 265 2763 1304 2533 || mode=RB method=sk_ac_complete solver=filo2 stage=post_ls ls=pyvrp iter=12
2026-03-15 22:29:14 | INFO     | [POOL #00995] 1121 2682 453 2707 236 1483 1363 2622 2753 2142 56 2121 2873 2130 1279 1458 855 742 2141 1032 1284 943 825 1018 1331 || mode=RB method=sk_ac_complete solver=filo2 stage=post_ls ls=pyvrp iter=12
2026-03-15 22:29:14 | INFO     | [POOL #00996] 831 2085 1841 1818 2002 1015 2515 2268 1822 229 2146 1167 2115 729 2358 2065 2564 1886 1166 1848 1777 2111 1199 || mode=RB method=sk_ac_complete solver=filo2 stage=post_ls ls=pyvrp iter=12
2026-03-15 22:29:14 | INFO     | [POOL #00997] 1413 1583 2880 1306 897 121 904 2192 1426 2729 898 841 1804 2432 2594 2215 2438 1852 1555 2522 46 1254 1272 || mode=RB method=sk_ac_complete solver=filo2 stage=post_ls ls=pyvrp iter=12
2026-03-15 22:29:14 | INFO     | [POOL #00998] 535 130 2026 2211 2364 202 247 1368 2214 238 1492 1824 1139 2338 2403 515 680 390 2241 577 1658 || mode=RB method=sk_ac_complete solver=filo2 stage=post_ls ls=pyvrp iter=12
2026-03-15 22:29:14 | INFO     | [POOL #00999] 1197 978 2246 764 839 2681 174 1838 1830 1788 2209 2675 1814 1817 873 1085 2664 1599 2384 565 2602 || mode=RB method=sk_ac_complete solver=filo2 stage=post_ls ls=pyvrp iter=12
2026-03-15 22:29:14 | INFO     | [POOL #01000] 503 2105 2076 309 799 2821 1641 2474 2461 602 1210 1718 2293 2507 2709 356 1772 1037 644 2527 1733 2843 || mode=RB method=sk_ac_complete solver=filo2 stage=post_ls ls=pyvrp iter=12
2026-03-15 22:29:14 | INFO     | [POOL #01001] 1204 94 1288 768 2548 2359 2858 142 588 2718 2521 814 679 932 1498 626 395 1258 771 1565 1849 || mode=RB method=sk_ac_complete solver=filo2 stage=post_ls ls=pyvrp iter=12
2026-03-15 22:29:14 | INFO     | [POOL #01002] 707 2305 44 786 2243 1712 2336 2774 1978 1256 31 245 1008 334 1441 223 107 1263 858 2629 1655 1511 || mode=RB method=sk_ac_complete solver=filo2 stage=post_ls ls=pyvrp iter=12
2026-03-15 22:29:14 | INFO     | [POOL #01003] 350 263 2119 1585 1601 741 162 2300 2299 2571 819 2877 40 1955 736 892 613 1261 1108 486 1185 2366 1374 || mode=RB method=sk_ac_complete solver=filo2 stage=post_ls ls=pyvrp iter=12
2026-03-15 22:29:14 | INFO     | [POOL #01004] 1630 160 954 690 2777 1211 2171 1257 2513 971 2124 310 2544 507 2758 2588 365 206 1900 1751 || mode=RB method=sk_ac_complete solver=filo2 stage=post_ls ls=pyvrp iter=12
2026-03-15 22:29:14 | INFO     | [POOL #01005] 165 1399 437 857 1063 444 1095 607 1367 351 1381 556 1411 1534 227 492 2673 2047 765 1206 495 93 || mode=RB method=sk_ac_complete solver=filo2 stage=post_ls ls=pyvrp iter=12
2026-03-15 22:29:14 | INFO     | [POOL #01006] 1162 1851 637 830 2849 1175 1086 2790 2865 201 1384 1633 2405 2035 2185 568 340 1548 2640 1509 1517 || mode=RB method=sk_ac_complete solver=filo2 stage=post_ls ls=pyvrp iter=12
2026-03-15 22:29:14 | INFO     | [POOL #01007] 2181 1504 2764 698 376 2407 671 2015 1447 2222 2249 406 2198 2125 346 806 2697 2363 54 2017 2091 1600 2827 731 1265 864 1438 1785 2153 2518 493 2208 1305 2427 1240 1112 1229 546 1528 2327 587 591 1558 1948 298 994 1930 2855 2685 1649 126 1920 1050 1076 331 2180 834 633 282 2330 918 2475 1092 1404 885 1539 555 531 1307 || mode=RB method=sk_ac_complete solver=filo2 stage=post_ls ls=pyvrp iter=12
2026-03-15 22:29:14 | INFO     | [POOL #01008] 1428 1055 168 2140 962 1544 1365 264 2724 2822 630 1396 575 935 2323 1131 557 537 1543 550 308 443 1111 2450 2440 1798 2711 2547 1006 325 354 2676 2719 923 402 2028 2699 2011 2871 946 2233 595 1391 2195 627 1679 314 2174 1011 2609 1618 2862 1200 445 2792 1877 2093 958 43 13 2169 1621 931 1812 1994 1671 2309 2490 1533 1954 2832 332 || mode=RB method=sk_ac_complete solver=filo2 stage=post_ls ls=pyvrp iter=12
2026-03-15 22:29:14 | INFO     | [POOL #01009] 2118 999 2279 2508 817 843 1957 1975 73 561 1895 2259 1790 2669 2805 2036 97 483 867 678 1784 1009 117 1766 1269 1672 42 1178 184 845 802 688 1610 2271 1189 409 584 1070 2292 1218 2170 1763 2032 || mode=RB method=sk_ac_complete solver=filo2 stage=post_ls ls=pyvrp iter=12
2026-03-15 22:29:14 | INFO     | [POOL #01010] 1711 64 2043 466 24 1847 876 1002 1345 458 1172 166 2765 1259 1406 2808 28 457 2096 997 881 2190 1731 2346 545 1318 1659 2270 2058 1290 2476 1122 124 1097 883 2218 1049 747 2254 2468 1596 2050 2027 1521 2637 10 1020 1170 1494 2349 1960 1324 1719 327 977 1755 1811 2687 2041 2103 1882 1326 1682 2021 || mode=RB method=sk_ac_complete solver=filo2 stage=post_ls ls=pyvrp iter=12
2026-03-15 22:29:14 | INFO     | [POOL #01011] 2425 2726 2840 1503 828 1071 737 643 2783 793 1427 2206 205 2559 2825 106 1276 2696 2567 1723 1773 2008 1625 1320 2656 1885 798 1620 1226 2747 713 1909 2592 21 436 560 1024 1676 940 1924 220 2651 2672 529 774 1570 274 322 740 878 2706 2166 2110 2524 628 361 2550 1057 2238 990 2447 767 1385 || mode=RB method=sk_ac_complete solver=filo2 stage=post_ls ls=pyvrp iter=12
2026-03-15 22:29:14 | INFO     | [POOL #01012] 2554 1574 2713 1959 933 2794 45 1182 1373 2868 1653 2075 113 899 1353 2161 2712 789 1106 1338 2409 67 86 32 1725 610 1591 1703 2104 2624 2439 2157 669 12 783 2538 1407 || mode=RB method=sk_ac_complete solver=filo2 stage=post_ls ls=pyvrp iter=12
2026-03-15 22:29:14 | INFO     | [POOL #01013] 180 1827 2285 1501 1125 1831 2741 1339 1623 1890 869 1527 2191 116 1654 384 1098 2737 2771 50 2428 2739 1980 1042 1786 992 1647 1943 631 634 748 176 1750 1993 2005 156 2641 2643 1728 517 1673 629 2762 1064 1012 509 2373 808 1104 1524 640 1034 660 345 725 951 1868 128 2580 1734 72 779 1491 190 382 152 1464 || mode=RB method=sk_ac_complete solver=filo2 stage=post_ls ls=pyvrp iter=12
2026-03-15 22:29:14 | INFO     | [POOL #01014] 2751 2444 1220 1479 1806 2484 2344 861 1292 1642 2086 2275 2829 403 2116 1938 655 2878 2735 1216 1196 1222 1341 1482 2100 1301 2534 1974 307 1181 816 1145 2029 676 2437 240 1029 1502 2854 642 763 2577 886 479 1023 2014 1215 1110 559 1462 95 661 || mode=RB method=sk_ac_complete solver=filo2 stage=post_ls ls=pyvrp iter=12
2026-03-15 22:29:14 | INFO     | [POOL #01015] 1060 1607 1598 428 1787 2033 485 508 2882 1177 967 183 2760 706 484 708 291 1933 2505 1529 651 || mode=RB method=sk_ac_complete solver=filo2 stage=post_ls ls=pyvrp iter=12
2026-03-15 22:29:14 | INFO     | [POOL #01016] 1264 1100 1423 612 1453 1485 1889 1054 684 2227 1329 2420 1192 1319 2767 1193 1497 641 1892 1463 342 1991 397 || mode=RB method=sk_ac_complete solver=filo2 stage=post_ls ls=pyvrp iter=12
2026-03-15 22:29:14 | INFO     | [POOL #01017] 1349 1594 1302 979 790 18 1134 17 2062 2757 721 2720 1802 2596 692 1235 1603 30 957 2498 1297 || mode=RB method=sk_ac_complete solver=filo2 stage=post_ls ls=pyvrp iter=12
2026-03-15 22:29:14 | INFO     | [POOL #01018] 1987 1643 267 2398 966 645 1456 1519 2122 1213 145 562 2683 2901 1669 1977 1308 2435 2745 127 212 2361 || mode=RB method=sk_ac_complete solver=filo2 stage=post_ls ls=pyvrp iter=12
2026-03-15 22:29:14 | INFO     | [POOL #01019] 2573 544 33 1030 186 1452 2598 1130 733 375 426 2253 983 100 2770 1422 102 2232 836 1159 2106 2001 144 1665 || mode=RB method=sk_ac_complete solver=filo2 stage=post_ls ls=pyvrp iter=12
2026-03-15 22:29:14 | INFO     | [POOL #01020] 2907 1692 316 2560 1963 386 2581 2776 1666 2370 681 25 439 318 1094 1202 1796 446 2731 2570 662 988 || mode=RB method=sk_ac_complete solver=filo2 stage=post_ls ls=pyvrp iter=12
2026-03-15 22:29:14 | INFO     | [POOL #01021] 1918 941 2221 2772 795 712 592 1619 2835 2561 569 1708 49 371 754 69 1180 477 253 1442 618 51 || mode=RB method=sk_ac_complete solver=filo2 stage=post_ls ls=pyvrp iter=12
2026-03-15 22:29:14 | INFO     | [POOL #01022] 1016 1677 1631 1088 969 1604 1079 882 2276 1454 210 256 2638 594 2677 2010 1880 2599 2912 922 2851 110 || mode=RB method=sk_ac_complete solver=filo2 stage=post_ls ls=pyvrp iter=12
2026-03-15 22:29:14 | INFO     | [POOL #01023] 2277 1321 293 1241 1699 1611 1075 2414 2872 1554 942 709 2455 2470 777 2289 108 2519 2172 842 750 761 871 || mode=RB method=sk_ac_complete solver=filo2 stage=post_ls ls=pyvrp iter=12
2026-03-15 22:29:14 | INFO     | [POOL #01024] 2642 261 488 90 772 1299 2818 2251 1390 1639 2175 1646 1430 1925 2600 2400 2422 239 919 2528 2645 424 || mode=RB method=sk_ac_complete solver=filo2 stage=post_ls ls=pyvrp iter=12
2026-03-15 22:29:14 | INFO     | [POOL #01025] 2652 835 2092 494 1667 1474 823 1609 1894 1019 2031 105 1315 1922 1624 1357 670 581 385 1405 2736 1652 || mode=RB method=sk_ac_complete solver=filo2 stage=post_ls ls=pyvrp iter=12
2026-03-15 22:29:14 | INFO     | [POOL #01026] 1575 2814 1168 2070 702 1379 894 135 1077 658 1227 739 1140 491 1571 1208 2514 228 251 1248 665 175 || mode=RB method=sk_ac_complete solver=filo2 stage=post_ls ls=pyvrp iter=12
2026-03-15 22:29:14 | INFO     | [POOL #01027] 2318 170 1971 1966 1296 2860 2536 903 416 2352 2229 1309 2090 1362 158 401 189 83 780 743 66 111 || mode=RB method=sk_ac_complete solver=filo2 stage=post_ls ls=pyvrp iter=12
2026-03-15 22:29:14 | INFO     | [POOL #01028] 1720 463 2173 1109 287 1313 2380 221 118 1144 2905 2088 619 2867 1780 1165 1282 924 744 1791 2799 2898 2558 2698 115 1588 1444 2801 119 860 || mode=RB method=sk_ac_complete solver=filo2 stage=post_ls ls=pyvrp iter=12
2026-03-15 22:29:14 | INFO     | [POOL #01029] 389 1936 2628 912 380 1325 1157 1117 963 1336 2660 2630 204 2614 284 953 1826 2150 1237 1743 || mode=RB method=sk_ac_complete solver=filo2 stage=post_ls ls=pyvrp iter=12
2026-03-15 22:29:15 | INFO     | [POOL #01030] 2067 730 2689 2887 1116 1141 1488 686 1749 1346 1564 617 2186 788 1807 1283 1478 1931 2875 1334 1579 || mode=RB method=sk_ac_complete solver=filo2 stage=post_ls ls=pyvrp iter=12
2026-03-15 22:29:15 | INFO     | [POOL #01031] 1506 2807 801 1451 2597 2460 2114 501 1119 2202 909 381 1468 1402 1446 2059 1437 1118 776 2055 533 2861 || mode=RB method=sk_ac_complete solver=filo2 stage=post_ls ls=pyvrp iter=12
2026-03-15 22:29:15 | INFO     | [POOL #01032] 1148 914 1251 1670 1828 2348 571 2101 2193 2648 1278 1982 2250 2264 1310 766 2240 735 1541 2480 1662 1328 || mode=RB method=sk_ac_complete solver=filo2 stage=post_ls ls=pyvrp iter=12
2026-03-15 22:29:15 | INFO     | [POOL #01033] 98 2781 1988 2061 122 889 2286 1419 691 1616 2283 1989 2813 2465 224 80 1476 1137 1046 812 1340 || mode=RB method=sk_ac_complete solver=filo2 stage=post_ls ls=pyvrp iter=12
2026-03-15 22:29:15 | INFO     | [POOL #01034] 2509 849 598 2761 2796 2611 1179 81 2071 1066 609 343 1217 1025 2497 2884 1781 88 636 2388 2710 1898 1525 2715 1551 || mode=RB method=sk_ac_complete solver=filo2 stage=post_ls ls=pyvrp iter=12
2026-03-15 22:29:15 | INFO     | [POOL #01035] 1058 1078 99 1700 797 1138 2337 230 2022 846 542 2401 387 547 1568 2057 693 496 635 986 1799 2625 2493 || mode=RB method=sk_ac_complete solver=filo2 stage=post_ls ls=pyvrp iter=12
2026-03-15 22:29:15 | INFO     | [POOL #01036] 159 1010 964 674 441 1153 177 1120 2504 1850 2539 1903 758 975 2235 2378 179 1183 1729 1420 2510 1690 2655 || mode=RB method=sk_ac_complete solver=filo2 stage=post_ls ls=pyvrp iter=12
2026-03-15 22:29:15 | INFO     | [POOL #01037] 326 2744 2353 270 1232 2242 1417 2201 297 2619 632 611 2848 333 2574 460 2893 2357 82 972 1693 896 2537 2339 2287 434 472 2778 1500 1364 2390 231 2419 1126 2529 2006 2802 150 1317 2740 576 || mode=RB method=sk_ac_complete solver=filo2 stage=post_ls ls=pyvrp iter=12
2026-03-15 22:29:15 | INFO     | [POOL #01038] 895 1316 2841 2369 728 2139 2162 487 425 689 2446 2441 58 2576 522 719 2874 699 476 1553 374 1271 2680 574 262 2204 295 1913 1243 2284 987 2402 1274 2615 1513 2591 2315 2082 2386 2466 1314 2738 2634 2691 2545 1250 2410 2549 2329 2360 2374 2869 2324 1846 650 2163 2448 961 2255 2143 872 2038 1759 2178 796 2379 553 498 || mode=RB method=sk_ac_complete solver=filo2 stage=post_ls ls=pyvrp iter=12
2026-03-15 22:29:15 | INFO     | [POOL #01039] 510 1045 1950 1648 859 1748 527 2023 2203 2177 1965 2303 782 200 2589 2282 586 1691 848 355 1901 2909 469 1973 596 1764 1893 1136 751 952 2257 523 2639 2512 948 1205 578 2147 4 2025 2831 1214 2294 2077 1481 2661 1793 1874 965 2688 832 720 1961 2320 2844 89 1073 1983 2304 2732 237 1888 1572 1414 538 2112 1188 || mode=RB method=sk_ac_complete solver=filo2 stage=post_ls ls=pyvrp iter=12
2026-03-15 22:29:15 | INFO     | [POOL #01040] 163 1737 1584 805 1021 1919 448 2078 1837 2665 1979 738 929 1742 421 449 887 1769 1448 2896 1115 1356 1684 1732 1717 328 276 1270 2321 1361 1664 1821 1520 1425 1580 1815 1906 429 234 2578 1714 519 2371 1403 1129 2042 27 2413 2012 1813 526 2834 133 1778 1056 74 2273 2768 1857 512 1843 1861 1486 120 1471 2722 || mode=RB method=sk_ac_complete solver=filo2 stage=post_ls ls=pyvrp iter=12
2026-03-15 22:29:15 | INFO     | [POOL #01041] 24 531 555 1539 885 1404 1092 2475 918 2330 282 633 834 2180 331 1076 1920 545 2346 1731 2190 13 958 2093 1618 2609 1011 2174 314 1679 595 2233 946 2871 2011 2699 2028 402 923 2719 2676 354 325 1006 2547 2711 1798 2440 2450 1111 443 1253 308 550 2060 1255 2839 2495 1567 630 2822 2724 264 1365 1544 194 505 1013 962 2140 168 1055 1964 1428 332 || mode=RB method=sk_kmeans solver=filo1 stage=post_ls ls=pyvrp iter=13
2026-03-15 22:29:15 | INFO     | [POOL #01042] 2890 2750 2187 1090 459 2396 1 71 579 1941 2102 2412 132 566 2785 1702 906 258 372 497 1342 1074 1022 2800 1522 2690 2586 1928 2623 1410 2368 1951 1688 2394 6 638 1935 323 1543 537 557 1131 1671 2323 935 575 1396 2309 2490 2377 2904 1709 2308 1242 171 1530 1327 2511 2743 955 2382 1047 1745 995 || mode=RB method=sk_kmeans solver=filo1 stage=post_ls ls=pyvrp iter=13
2026-03-15 22:29:15 | INFO     | [POOL #01043] 312 36 2473 616 2456 1234 87 57 185 440 956 2488 1048 582 1358 1932 2048 1840 482 1645 1573 2906 92 2145 1881 590 1005 68 138 2487 2552 1408 147 2136 624 1375 2662 2659 1587 2612 1174 563 420 289 1337 1803 77 2393 2127 1816 2434 2769 1927 1605 2123 2098 280 1495 2838 695 464 319 1891 2362 1801 2417 649 647 2857 || mode=RB method=sk_kmeans solver=filo1 stage=post_ls ls=pyvrp iter=13
2026-03-15 22:29:15 | INFO     | [POOL #01044] 1307 1847 876 1002 1345 458 1172 490 1926 2832 1954 166 1533 2765 1259 1406 2808 28 457 2096 997 881 1994 1812 931 1621 2169 43 1877 2792 445 1200 2862 627 2195 1391 1948 298 1558 994 1930 2855 2685 1649 126 1318 1659 1050 2027 1521 2050 1596 2468 2254 2637 10 1020 1170 1494 2349 1811 2687 2041 2103 2043 1711 || mode=RB method=sk_kmeans solver=filo1 stage=post_ls ls=pyvrp iter=13
2026-03-15 22:29:15 | INFO     | [POOL #01045] 2279 2508 817 843 1957 1975 1895 2259 1790 2669 2036 97 483 1784 54 2017 2091 1600 2827 731 1265 864 124 1122 2476 1290 2153 1785 1438 2518 493 2208 1305 1528 546 1229 2327 591 587 1112 1240 2427 2270 2058 1097 883 2218 1049 747 2125 2198 406 1960 1755 977 2015 671 2407 1882 1326 1682 466 64 || mode=RB method=sk_kmeans solver=filo1 stage=post_ls ls=pyvrp iter=13
2026-03-15 22:29:15 | INFO     | [POOL #01046] 736 1955 2035 2405 1633 40 2877 2300 2299 2571 819 500 974 2903 804 2815 947 2763 1304 2533 786 44 1886 || mode=RB method=sk_kmeans solver=filo1 stage=post_ls ls=pyvrp iter=13
2026-03-15 22:29:15 | INFO     | [POOL #01047] 503 2105 2076 309 2527 644 1037 1399 2160 2523 2217 14 1493 1945 2213 2219 2786 1998 418 336 2052 2843 || mode=RB method=sk_kmeans solver=filo1 stage=post_ls ls=pyvrp iter=13
2026-03-15 22:29:15 | INFO     | [POOL #01048] 93 359 1473 215 2667 2148 1400 1380 1487 1239 2411 2004 1545 2585 2582 2675 313 1736 639 292 1230 || mode=RB method=sk_kmeans solver=filo1 stage=post_ls ls=pyvrp iter=13
2026-03-15 22:29:15 | INFO     | [POOL #01049] 1637 101 1194 2418 2499 677 1779 1581 991 1264 1100 612 1423 996 1866 1981 2759 1557 499 2302 2532 2087 1273 || mode=RB method=sk_kmeans solver=filo1 stage=post_ls ls=pyvrp iter=13
2026-03-15 22:29:15 | INFO     | [POOL #01050] 2616 165 437 857 1063 444 1016 1349 926 2317 1412 1262 1810 1028 1311 1000 904 121 462 1086 1583 637 || mode=RB method=sk_kmeans solver=filo1 stage=post_ls ls=pyvrp iter=13
2026-03-15 22:29:15 | INFO     | [POOL #01051] 211 1969 1132 330 1303 473 2704 1359 2199 2458 1675 1173 1083 2030 399 1775 2039 600 539 2566 1706 1663 || mode=RB method=sk_kmeans solver=filo1 stage=post_ls ls=pyvrp iter=13
2026-03-15 22:29:15 | INFO     | [POOL #01052] 2790 2865 1384 201 1277 2044 1665 734 2644 703 2477 1940 2674 2459 536 157 1003 265 162 741 1601 || mode=RB method=sk_kmeans solver=filo1 stage=post_ls ls=pyvrp iter=13
2026-03-15 22:29:15 | INFO     | [POOL #01053] 1257 1555 1852 2438 2215 2594 2432 1804 841 898 2729 1426 2192 897 1306 2880 232 1175 2849 830 1413 206 || mode=RB method=sk_kmeans solver=filo1 stage=post_ls ls=pyvrp iter=13
2026-03-15 22:29:15 | INFO     | [POOL #01054] 1896 1287 799 1772 356 2507 1095 607 1367 351 1381 492 2673 2047 765 1206 2293 1718 1210 495 602 || mode=RB method=sk_kmeans solver=filo1 stage=post_ls ls=pyvrp iter=13
2026-03-15 22:29:15 | INFO     | [POOL #01055] 1789 1594 1302 1677 1987 1631 1088 2573 2652 1604 1079 882 2276 1643 2062 17 1134 18 790 979 1733 || mode=RB method=sk_kmeans solver=filo1 stage=post_ls ls=pyvrp iter=13
2026-03-15 22:29:15 | INFO     | [POOL #01056] 227 1534 2912 2599 1880 2010 2677 594 2435 1308 1977 2745 127 212 708 291 1933 2505 1529 651 1060 2531 || mode=RB method=sk_kmeans solver=filo1 stage=post_ls ls=pyvrp iter=13
2026-03-15 22:29:15 | INFO     | [POOL #01057] 556 1411 110 2851 922 2596 692 1802 2638 256 871 210 1454 2720 721 2757 1235 1603 30 957 2498 1297 2709 || mode=RB method=sk_kmeans solver=filo1 stage=post_ls ls=pyvrp iter=13
2026-03-15 22:29:15 | INFO     | [POOL #01058] 29 1956 2384 1599 2664 1085 873 1817 1814 1788 2209 1830 1838 174 2681 839 764 2246 978 565 2602 || mode=RB method=sk_kmeans solver=filo1 stage=post_ls ls=pyvrp iter=13
2026-03-15 22:29:15 | INFO     | [POOL #01059] 1550 826 2032 1763 2170 1218 2292 584 1189 2271 1610 688 802 845 184 1178 42 1672 1269 1766 117 1009 2363 2697 806 346 678 867 2805 2249 2222 1324 1719 327 1447 561 73 376 698 2764 999 1504 2118 2181 2021 || mode=RB method=sk_kmeans solver=filo1 stage=post_ls ls=pyvrp iter=13
2026-03-15 22:29:15 | INFO     | [POOL #01060] 2565 2472 534 2583 1636 1409 243 653 214 1298 597 329 1103 1383 1696 2084 528 1845 870 1322 928 980 288 218 1101 1883 551 2663 || mode=RB method=sk_kmeans solver=filo1 stage=post_ls ls=pyvrp iter=13
2026-03-15 22:29:15 | INFO     | [POOL #01061] 1155 400 1929 884 715 2356 2423 1593 1457 2692 818 2780 868 2816 1854 182 1829 604 2723 2752 2155 || mode=RB method=sk_kmeans solver=filo1 stage=post_ls ls=pyvrp iter=13
2026-03-15 22:29:15 | INFO     | [POOL #01062] 1858 1377 1433 1252 1865 2351 1332 1608 468 1355 1150 2678 136 1515 1962 1556 2216 502 2891 1014 2278 2888 || mode=RB method=sk_kmeans solver=filo1 stage=post_ls ls=pyvrp iter=13
2026-03-15 22:29:15 | INFO     | [POOL #01063] 203 2164 685 2063 1710 294 3 1268 1735 11 2265 370 614 153 1007 255 1289 1577 1266 409 1070 1747 19 1065 2237 1387 1294 || mode=RB method=sk_kmeans solver=filo1 stage=post_ls ls=pyvrp iter=13
2026-03-15 22:29:15 | INFO     | [POOL #01064] 1958 724 865 373 930 982 79 1985 567 915 874 1245 2252 2618 2756 1281 2742 1395 687 2183 2179 840 || mode=RB method=sk_kmeans solver=filo1 stage=post_ls ls=pyvrp iter=13
2026-03-15 22:29:15 | INFO     | [POOL #01065] 1058 1078 99 1700 797 1138 2337 230 2022 846 2401 387 547 1568 2057 693 2875 730 496 635 986 1799 || mode=RB method=sk_kmeans solver=filo1 stage=post_ls ls=pyvrp iter=13
2026-03-15 22:29:15 | INFO     | [POOL #01066] 2493 1579 1334 2388 636 88 1781 2884 2497 1025 1217 343 609 1066 2071 81 1179 1898 1525 1551 463 1720 1197 || mode=RB method=sk_kmeans solver=filo1 stage=post_ls ls=pyvrp iter=13
2026-03-15 22:29:15 | INFO     | [POOL #01067] 728 119 2139 2162 487 2446 2441 522 719 1553 574 262 2204 295 1913 1243 2284 987 2402 1274 2615 1513 472 1693 896 2537 2339 2287 434 2591 2315 2082 2386 2466 1314 2738 2634 2691 2545 1250 2410 2549 2329 2360 2374 2869 2324 1846 650 2163 2448 2255 2178 553 || mode=RB method=sk_kmeans solver=filo1 stage=post_ls ls=pyvrp iter=13
2026-03-15 22:29:15 | INFO     | [POOL #01068] 1988 2061 1141 1488 1749 686 617 1564 1346 2286 1419 691 1616 2283 1989 2813 2465 2186 2781 98 542 || mode=RB method=sk_kmeans solver=filo1 stage=post_ls ls=pyvrp iter=13
2026-03-15 22:29:15 | INFO     | [POOL #01069] 953 2614 1437 2059 1402 1446 2250 1982 1278 2648 1850 2504 1120 177 1153 441 674 964 1010 2352 159 111 || mode=RB method=sk_kmeans solver=filo1 stage=post_ls ls=pyvrp iter=13
2026-03-15 22:29:15 | INFO     | [POOL #01070] 895 2379 796 1759 2038 872 2143 961 58 2576 2874 699 476 374 1271 2680 2390 231 1364 1500 2778 333 611 2848 1780 2867 1165 1282 924 744 2898 2558 287 1109 2698 115 1588 2353 2611 2173 2796 2715 326 || mode=RB method=sk_kmeans solver=filo1 stage=post_ls ls=pyvrp iter=13
2026-03-15 22:29:15 | INFO     | [POOL #01071] 1316 2841 2369 598 2740 1317 1444 150 2802 270 2006 1232 2242 1417 2201 297 2799 1791 1313 2380 221 1721 2627 2701 252 2239 1184 1516 2194 1597 478 746 2710 || mode=RB method=sk_kmeans solver=filo1 stage=post_ls ls=pyvrp iter=13
2026-03-15 22:29:15 | INFO     | [POOL #01072] 576 2801 425 689 1126 2529 2419 2619 632 2574 460 2893 2357 82 972 2514 1248 251 1662 665 2905 1144 118 2040 2910 378 2556 1151 || mode=RB method=sk_kmeans solver=filo1 stage=post_ls ls=pyvrp iter=13
2026-03-15 22:29:15 | INFO     | [POOL #01073] 1743 2150 1826 284 2630 2861 533 2055 776 1379 702 1118 2070 2597 1168 2814 1575 204 1283 1478 1931 || mode=RB method=sk_kmeans solver=filo1 stage=post_ls ls=pyvrp iter=13
2026-03-15 22:29:15 | INFO     | [POOL #01074] 1328 894 135 1077 658 1227 2480 1541 735 2240 766 2264 1310 739 1140 491 1571 1208 228 175 2088 619 || mode=RB method=sk_kmeans solver=filo1 stage=post_ls ls=pyvrp iter=13
2026-03-15 22:29:15 | INFO     | [POOL #01075] 2625 2689 2887 1116 812 1046 1137 80 1476 380 912 2628 1936 389 1237 1466 1489 905 1093 2296 2744 2761 849 || mode=RB method=sk_kmeans solver=filo1 stage=post_ls ls=pyvrp iter=13
2026-03-15 22:29:15 | INFO     | [POOL #01076] 1117 914 1251 1670 1828 2348 571 2193 2101 1903 2539 975 758 2235 2378 179 1183 1729 1420 2510 1690 2655 224 || mode=RB method=sk_kmeans solver=filo1 stage=post_ls ls=pyvrp iter=13
2026-03-15 22:29:15 | INFO     | [POOL #01077] 2067 1340 788 1325 1157 963 1148 2202 909 1119 381 1468 501 2114 2460 2660 1336 1451 801 2807 1506 1807 || mode=RB method=sk_kmeans solver=filo1 stage=post_ls ls=pyvrp iter=13
2026-03-15 22:29:15 | INFO     | [POOL #01078] 2845 1059 1650 2543 2842 1632 2295 2074 20 1496 59 1505 302 705 2520 2463 1087 78 1984 2646 324 2502 2604 || mode=RB method=sk_kmeans solver=filo1 stage=post_ls ls=pyvrp iter=13
2026-03-15 22:29:15 | INFO     | [POOL #01079] 1820 1372 891 1795 1102 2679 1507 1547 1629 656 1352 2165 2258 1475 141 2584 1569 285 927 2621 281 1004 1832 2467 1835 2469 1465 711 937 2666 863 1386 2541 1421 1371 438 84 1635 852 866 454 2120 2482 2721 717 427 1876 2703 2817 2563 1904 277 1809 2210 1819 2911 558 || mode=RB method=sk_kmeans solver=filo1 stage=post_ls ls=pyvrp iter=13
2026-03-15 22:29:15 | INFO     | [POOL #01080] 1658 577 341 2241 515 2403 1139 2338 1697 1862 993 1715 2653 2569 1435 1360 1323 1770 1722 752 248 2156 || mode=RB method=sk_kmeans solver=filo1 stage=post_ls ls=pyvrp iter=13
2026-03-15 22:29:15 | INFO     | [POOL #01081] 1825 1713 535 130 2026 2211 2364 202 247 1368 2214 238 1492 680 390 455 2080 1615 2137 2847 2220 || mode=RB method=sk_kmeans solver=filo1 stage=post_ls ls=pyvrp iter=13
2026-03-15 22:29:15 | INFO     | [POOL #01082] 2019 2326 1354 605 2280 1461 2686 452 1614 723 1651 540 2205 16 1967 432 2607 1096 2826 1223 1244 2551 || mode=RB method=sk_kmeans solver=filo1 stage=post_ls ls=pyvrp iter=13
2026-03-15 22:29:15 | INFO     | [POOL #01083] 2717 2590 2693 143 1343 290 659 219 2530 366 423 1044 2343 1689 2399 2626 2168 938 1834 1228 1753 1439 2479 || mode=RB method=sk_kmeans solver=filo1 stage=post_ls ls=pyvrp iter=13
2026-03-15 22:29:15 | INFO     | [POOL #01084] 824 2126 2225 349 621 2657 151 1388 2415 2610 2387 791 404 2107 2397 2894 1644 603 1698 2464 2230 1260 || mode=RB method=sk_kmeans solver=filo1 stage=post_ls ls=pyvrp iter=13
2026-03-15 22:29:15 | INFO     | [POOL #01085] 2051 1171 1613 1154 2429 1156 250 1347 2491 2431 1001 625 2274 1449 1052 1275 608 599 1914 2266 784 2182 1198 167 379 821 431 2804 1915 367 257 1231 1443 1418 2631 2779 1674 338 2483 260 1128 917 2876 1038 471 1952 1133 398 2833 1382 1739 2708 1660 2189 226 2430 15 525 2766 233 944 1219 2700 || mode=RB method=sk_kmeans solver=filo1 stage=post_ls ls=pyvrp iter=13
2026-03-15 22:29:15 | INFO     | [POOL #01086] 1415 2506 451 1238 718 2184 62 2728 893 187 583 949 2755 407 787 1089 1758 1656 850 908 2494 114 2426 || mode=RB method=sk_kmeans solver=filo1 stage=post_ls ls=pyvrp iter=13
2026-03-15 22:29:15 | INFO     | [POOL #01087] 862 1510 875 1726 1844 1369 516 249 2748 1562 2503 1031 1163 1800 959 1068 2332 589 1627 1560 75 2654 2451 137 2134 2853 2500 41 2200 146 392 383 2908 2671 673 1043 || mode=RB method=sk_kmeans solver=filo1 stage=post_ls ls=pyvrp iter=13
2026-03-15 22:29:15 | INFO     | [POOL #01088] 1267 52 1291 2244 1542 2152 513 939 414 1704 902 620 2298 2262 435 1040 1333 2811 1910 344 1518 1681 2024 1738 393 2291 2149 279 181 209 2694 353 412 2375 822 759 1389 268 1107 109 1280 2383 || mode=RB method=sk_kmeans solver=filo1 stage=post_ls ls=pyvrp iter=13
2026-03-15 22:29:15 | INFO     | [POOL #01089] 1824 2066 2236 155 792 1776 1680 301 773 716 104 1062 2046 2830 2481 2850 1146 1051 1536 847 984 1949 770 || mode=RB method=sk_kmeans solver=filo1 stage=post_ls ls=pyvrp iter=13
2026-03-15 22:29:15 | INFO     | [POOL #01090] 1595 197 2754 2501 543 646 2608 1026 1212 70 2056 2228 2809 2395 1113 696 1225 1687 188 2404 1221 2895 1401 2516 2079 2633 2562 1147 1762 1084 1622 207 2695 1657 1069 303 1559 1445 2385 161 1990 2316 || mode=RB method=sk_kmeans solver=filo1 stage=post_ls ls=pyvrp iter=13
2026-03-15 22:29:15 | INFO     | [POOL #01091] 666 701 2553 360 809 2328 1535 1434 683 2579 2045 2445 1523 2297 2734 2151 1490 2007 1794 654 2053 2793 2335 1908 2819 1143 2846 368 103 269 1348 2069 2775 2705 1036 1344 2272 2806 208 271 1416 1586 1207 2892 2587 745 129 2457 1033 1797 489 524 1186 5 417 2135 357 2823 2223 2073 2260 2913 2453 2247 888 || mode=RB method=sk_kmeans solver=filo1 stage=post_ls ls=pyvrp iter=13
2026-03-15 22:29:15 | INFO     | [POOL #01092] 920 1911 1884 22 2342 2081 2605 1727 1436 1976 1921 2207 1450 216 2167 1992 573 2267 1740 2684 1246 442 2154 456 244 2322 2601 803 172 2883 48 1934 413 648 259 1470 300 1295 1017 2442 2234 829 511 408 2131 1864 838 450 278 173 1968 266 1902 2852 1135 2658 1897 998 1617 2288 2670 2714 2350 518 879 1398 936 2000 1756 2224 348 837 1330 || mode=RB method=sk_kmeans solver=filo1 stage=post_ls ls=pyvrp iter=13
2026-03-15 22:29:15 | INFO     | [POOL #01093] 2751 2444 1407 1220 1479 1806 2484 2344 861 1292 1642 2086 2275 2829 403 2116 1938 655 2878 2735 1216 1196 1222 1341 1482 2100 1301 2534 1974 307 1181 816 1145 2029 676 2437 2712 240 1338 2409 67 86 32 1725 610 1591 1703 2104 2624 2439 2157 669 12 783 2538 95 661 433 || mode=RB method=sk_kmeans solver=filo1 stage=post_ls ls=pyvrp iter=13
2026-03-15 22:29:15 | INFO     | [POOL #01094] 498 1121 2682 453 2707 2509 236 1483 1363 2622 2753 2142 56 2121 2873 2130 1279 1458 855 742 2141 1032 1284 419 1018 1331 1839 || mode=RB method=sk_kmeans solver=filo1 stage=post_ls ls=pyvrp iter=13
2026-03-15 22:29:15 | INFO     | [POOL #01095] 755 2117 2334 347 241 1640 38 1195 1630 160 395 626 1498 932 954 2496 1080 2301 1628 1774 2436 || mode=RB method=sk_kmeans solver=filo1 stage=post_ls ls=pyvrp iter=13
2026-03-15 22:29:15 | INFO     | [POOL #01096] 2900 2791 1459 2188 2617 2632 235 195 2085 1777 1467 1947 1638 697 1606 1761 831 1199 2606 339 2355 1724 || mode=RB method=sk_kmeans solver=filo1 stage=post_ls ls=pyvrp iter=13
2026-03-15 22:29:15 | INFO     | [POOL #01097] 1849 1565 447 1105 771 1258 2359 2858 142 588 679 814 2521 2718 890 2548 480 768 1288 94 1204 || mode=RB method=sk_kmeans solver=filo1 stage=post_ls ls=pyvrp iter=13
2026-03-15 22:29:15 | INFO     | [POOL #01098] 1152 1041 1716 2517 2310 504 2613 1187 2749 388 192 757 2408 1350 2133 2016 2095 2575 1082 37 1907 2197 || mode=RB method=sk_kmeans solver=filo1 stage=post_ls ls=pyvrp iter=13
2026-03-15 22:29:15 | INFO     | [POOL #01099] 541 2325 2003 856 1300 1805 981 2859 973 2821 1641 2474 2461 405 570 1455 1081 363 2810 337 943 || mode=RB method=sk_kmeans solver=filo1 stage=post_ls ls=pyvrp iter=13
2026-03-15 22:29:15 | INFO     | [POOL #01100] 311 851 1916 1841 1818 2002 1015 2515 2268 1822 229 1511 2065 2564 2305 707 1585 2119 263 1848 911 2111 || mode=RB method=sk_kmeans solver=filo1 stage=post_ls ls=pyvrp iter=13
2026-03-15 22:29:15 | INFO     | [POOL #01101] 1917 2381 1905 2555 1027 2089 950 1160 2376 364 2421 315 813 2454 2593 415 1236 2128 1996 2789 35 1203 || mode=RB method=sk_kmeans solver=filo1 stage=post_ls ls=pyvrp iter=13
2026-03-15 22:29:15 | INFO     | [POOL #01102] 1751 2478 1900 365 2588 2758 1517 1509 2640 1548 340 2185 568 1261 613 892 1108 350 486 1185 2366 1374 2138 || mode=RB method=sk_kmeans solver=filo1 stage=post_ls ls=pyvrp iter=13
2026-03-15 22:29:15 | INFO     | [POOL #01103] 2034 9 2020 778 26 470 60 2392 1685 1053 1176 1124 2424 125 521 2313 2354 2889 430 925 296 1887 || mode=RB method=sk_kmeans solver=filo1 stage=post_ls ls=pyvrp iter=13
2026-03-15 22:29:15 | INFO     | [POOL #01104] 1285 1836 196 1397 164 2406 2340 762 1190 2733 1783 552 2492 396 2824 1169 178 853 815 989 913 1526 || mode=RB method=sk_kmeans solver=filo1 stage=post_ls ls=pyvrp iter=13
2026-03-15 22:29:15 | INFO     | [POOL #01105] 1067 1872 1853 2782 2899 2540 1592 2365 1705 85 1970 191 465 2787 2595 154 481 727 410 2231 1823 2319 || mode=RB method=sk_kmeans solver=filo1 stage=post_ls ls=pyvrp iter=13
2026-03-15 22:29:15 | INFO     | [POOL #01106] 1464 1737 510 1045 2665 1979 738 421 449 887 1769 1056 1778 133 2834 526 1813 2012 2413 27 2042 1129 355 469 1973 2909 1901 1403 2371 519 1714 2578 234 429 1906 1815 1580 1425 1520 1821 1664 1361 2321 1270 276 328 1717 1732 1684 1356 1115 2896 1448 1742 929 1837 2078 448 1919 1021 805 1584 860 || mode=RB method=sk_kmeans solver=filo1 stage=post_ls ls=pyvrp iter=13
2026-03-15 22:29:15 | INFO     | [POOL #01107] 152 382 190 1491 779 72 1734 2580 1868 951 345 1524 237 2732 1104 808 2373 509 1012 1064 2762 629 1673 517 1728 2643 2641 156 2005 1993 1750 176 748 634 631 1943 1647 992 1786 1042 1980 2739 2428 50 2771 2737 1098 384 1654 116 2191 1527 869 1890 1623 878 2706 2166 2741 1339 1831 1125 1501 2285 1827 180 767 || mode=RB method=sk_kmeans solver=filo1 stage=post_ls ls=pyvrp iter=13
2026-03-15 22:29:15 | INFO     | [POOL #01108] 163 120 1486 1861 1950 1843 512 1857 1648 859 2768 2273 74 527 2023 2203 2177 1965 2303 782 200 2589 2282 586 1691 848 596 1764 1893 1136 751 952 2257 523 2639 2512 948 1205 578 2147 4 2025 2831 1214 2294 2077 1481 2661 1793 1874 965 2688 832 720 1961 2320 2844 89 1073 1983 2304 1748 1888 1572 128 1414 538 2112 1188 2722 || mode=RB method=sk_kmeans solver=filo1 stage=post_ls ls=pyvrp iter=13
2026-03-15 22:29:15 | INFO     | [POOL #01109] 1385 2425 2447 990 2238 1057 2550 361 628 2524 2559 2825 2110 106 1276 2696 2567 1723 1773 2008 322 274 740 1570 774 529 2672 2651 220 1924 940 1676 1024 560 436 21 2592 1909 713 2747 1226 1620 798 1885 2656 1320 1625 640 1034 660 725 2206 205 1427 793 2783 643 737 828 1071 1503 2840 2726 1471 || mode=RB method=sk_kmeans solver=filo1 stage=post_ls ls=pyvrp iter=13
2026-03-15 22:29:15 | INFO     | [POOL #01110] 1595 2671 435 2247 84 2073 2579 1523 2151 1490 489 2007 1794 1797 129 2892 1207 1586 1416 1740 2267 2228 2056 2809 2395 696 1687 1225 1934 48 2883 172 803 2601 2322 244 456 2154 442 1246 2684 1864 2131 408 450 838 1344 271 2587 745 2819 1033 2457 1450 1026 2608 2207 2853 2500 41 161 2200 1569 646 1921 1976 543 285 2621 1004 146 392 2375 673 1043 1280 2535 || mode=RB method=sk_ac_avg solver=pyvrp stage=post_ls ls=pyvrp iter=14
2026-03-15 22:29:15 | INFO     | [POOL #01111] 938 2426 114 908 850 1656 1758 1089 2205 16 1967 432 2686 1461 2280 2826 1223 605 1354 1949 1697 || mode=RB method=sk_ac_avg solver=pyvrp stage=post_ls ls=pyvrp iter=14
2026-03-15 22:29:15 | INFO     | [POOL #01112] 1937 593 2156 752 1722 1753 2343 1689 2506 451 718 1238 2399 2626 2168 1228 1834 705 248 1059 1236 2128 1996 35 || mode=RB method=sk_ac_avg solver=pyvrp stage=post_ls ls=pyvrp iter=14
2026-03-15 22:29:15 | INFO     | [POOL #01113] 2864 1871 824 2066 2236 155 792 2126 2485 1746 945 1424 877 1359 2199 2458 1675 1173 1083 2030 399 2566 || mode=RB method=sk_ac_avg solver=pyvrp stage=post_ls ls=pyvrp iter=14
2026-03-15 22:29:15 | INFO     | [POOL #01114] 1244 1146 1062 2046 791 2387 2610 2415 1388 151 2657 621 349 2225 716 104 773 301 1680 1776 1578 211 || mode=RB method=sk_ac_avg solver=pyvrp stage=post_ls ls=pyvrp iter=14
2026-03-15 22:29:15 | INFO     | [POOL #01115] 1003 473 2704 139 2702 1867 2812 1833 2333 2307 1767 1247 2647 970 2716 810 1303 330 1132 1969 2629 || mode=RB method=sk_ac_avg solver=pyvrp stage=post_ls ls=pyvrp iter=14
2026-03-15 22:29:15 | INFO     | [POOL #01116] 2065 1978 1256 31 245 1008 334 1441 223 2214 1368 238 1492 1824 1139 2338 2403 515 680 390 2241 770 || mode=RB method=sk_ac_avg solver=pyvrp stage=post_ls ls=pyvrp iter=14
2026-03-15 22:29:15 | INFO     | [POOL #01117] 2880 2418 2499 1665 1264 1100 1423 612 1706 539 1775 2039 600 2674 1940 2477 1663 2644 703 734 2044 1277 1633 || mode=RB method=sk_ac_avg solver=pyvrp stage=post_ls ls=pyvrp iter=14
2026-03-15 22:29:15 | INFO     | [POOL #01118] 292 639 1736 1487 1529 1880 2010 594 2677 2596 692 1802 2720 1643 721 2757 1235 1603 30 957 2498 2507 || mode=RB method=sk_ac_avg solver=pyvrp stage=post_ls ls=pyvrp iter=14
2026-03-15 22:29:15 | INFO     | [POOL #01119] 310 1426 1028 2532 499 1557 2759 1981 1866 2573 2652 1604 1088 996 991 1581 677 1779 1810 2219 2616 2052 || mode=RB method=sk_ac_avg solver=pyvrp stage=post_ls ls=pyvrp iter=14
2026-03-15 22:29:15 | INFO     | [POOL #01120] 1203 2789 415 2593 813 315 2421 1658 577 1713 2847 2137 1615 2080 455 2220 341 59 1496 20 2074 || mode=RB method=sk_ac_avg solver=pyvrp stage=post_ls ls=pyvrp iter=14
2026-03-15 22:29:15 | INFO     | [POOL #01121] 2527 1772 356 2709 1095 607 351 1367 110 2851 922 2599 2912 651 1534 1411 556 1381 765 1641 2821 799 2105 || mode=RB method=sk_ac_avg solver=pyvrp stage=post_ls ls=pyvrp iter=14
2026-03-15 22:29:15 | INFO     | [POOL #01122] 2085 1841 1015 2515 1511 1167 2115 1655 1712 2336 157 536 2459 2815 947 804 2903 974 500 201 1384 2405 2035 || mode=RB method=sk_ac_avg solver=pyvrp stage=post_ls ls=pyvrp iter=14
2026-03-15 22:29:15 | INFO     | [POOL #01123] 541 93 359 2531 1473 215 2667 2148 1400 1380 1239 2411 2004 1545 2585 2582 2675 313 1085 2664 1230 || mode=RB method=sk_ac_avg solver=pyvrp stage=post_ls ls=pyvrp iter=14
2026-03-15 22:29:15 | INFO     | [POOL #01124] 644 165 1016 1594 1302 1677 1987 2062 17 1134 18 790 979 1297 444 1063 1399 1037 1733 503 890 || mode=RB method=sk_ac_avg solver=pyvrp stage=post_ls ls=pyvrp iter=14
2026-03-15 22:29:15 | INFO     | [POOL #01125] 339 1199 831 2111 1777 1467 911 1848 263 1108 892 162 2300 2299 2243 44 613 1261 486 1185 2366 1374 2016 || mode=RB method=sk_ac_avg solver=pyvrp stage=post_ls ls=pyvrp iter=14
2026-03-15 22:29:15 | INFO     | [POOL #01126] 2513 2786 2217 14 1262 1412 2317 926 1349 857 437 1493 2729 898 841 1804 2432 2594 2438 2124 2544 || mode=RB method=sk_ac_avg solver=pyvrp stage=post_ls ls=pyvrp iter=14
2026-03-15 22:29:15 | INFO     | [POOL #01127] 2517 504 2613 1187 388 192 1751 2478 365 2588 206 1162 2496 1080 2301 1628 1774 1041 2436 || mode=RB method=sk_ac_avg solver=pyvrp stage=post_ls ls=pyvrp iter=14
2026-03-15 22:29:15 | INFO     | [POOL #01128] 1127 1849 1565 1288 768 2548 480 419 825 317 225 2130 2873 2121 56 2753 2622 1363 1483 2176 506 || mode=RB method=sk_ac_avg solver=pyvrp stage=post_ls ls=pyvrp iter=14
2026-03-15 22:29:15 | INFO     | [POOL #01129] 1257 1469 1272 46 2522 336 418 1998 1789 2160 2523 1945 2213 2215 1852 1555 971 1851 1590 520 2310 || mode=RB method=sk_ac_avg solver=pyvrp stage=post_ls ls=pyvrp iter=14
2026-03-15 22:29:15 | INFO     | [POOL #01130] 1630 160 2843 309 2076 1287 981 1455 1081 29 1956 2384 1599 565 2602 742 855 1458 2141 1032 2009 || mode=RB method=sk_ac_avg solver=pyvrp stage=post_ls ls=pyvrp iter=14
2026-03-15 22:29:15 | INFO     | [POOL #01131] 532 1626 1279 978 2246 764 839 2681 1058 873 1817 1814 1788 1830 1838 174 1249 1209 1782 1378 2668 || mode=RB method=sk_ac_avg solver=pyvrp stage=post_ls ls=pyvrp iter=14
2026-03-15 22:29:15 | INFO     | [POOL #01132] 769 1164 2142 1744 601 1432 2212 242 1099 358 1683 1661 2828 1552 2068 1873 2159 283 2311 1695 236 2509 2707 2682 1121 498 || mode=RB method=sk_ac_avg solver=pyvrp stage=post_ls ls=pyvrp iter=14
2026-03-15 22:29:15 | INFO     | [POOL #01133] 1825 535 130 2026 1480 2211 247 202 2364 107 1263 858 2774 265 2763 1304 2533 786 741 1601 1761 || mode=RB method=sk_ac_avg solver=pyvrp stage=post_ls ls=pyvrp iter=14
2026-03-15 22:29:15 | INFO     | [POOL #01134] 1459 2617 235 195 851 1916 1886 2564 2358 729 2146 229 1822 2268 364 2376 2454 2555 1905 2381 2188 || mode=RB method=sk_ac_avg solver=pyvrp stage=post_ls ls=pyvrp iter=14
2026-03-15 22:29:15 | INFO     | [POOL #01135] 246 785 2312 2049 1514 321 1863 1293 123 910 663 1561 1839 || mode=RB method=sk_ac_avg solver=pyvrp stage=post_ls ls=pyvrp iter=14
2026-03-15 22:29:15 | INFO     | [POOL #01136] 1204 570 405 1210 1718 2293 1206 2047 2673 492 227 495 602 2461 2474 973 2859 1805 2003 2325 94 1331 || mode=RB method=sk_ac_avg solver=pyvrp stage=post_ls ls=pyvrp iter=14
2026-03-15 22:29:15 | INFO     | [POOL #01137] 2900 112 2845 1650 2543 2295 302 1770 1323 1360 2569 2653 1260 2551 1715 1862 993 1435 2326 2019 1505 1632 2842 || mode=RB method=sk_ac_avg solver=pyvrp stage=post_ls ls=pyvrp iter=14
2026-03-15 22:29:15 | INFO     | [POOL #01138] 1152 1716 934 1640 38 1195 954 690 1211 2171 2777 932 1498 626 395 1105 241 2334 2117 755 || mode=RB method=sk_ac_avg solver=pyvrp stage=post_ls ls=pyvrp iter=14
2026-03-15 22:29:15 | INFO     | [POOL #01139] 347 447 771 1258 2359 2858 142 588 679 814 2521 2718 1896 1300 856 363 2810 337 1284 943 1018 || mode=RB method=sk_ac_avg solver=pyvrp stage=post_ls ls=pyvrp iter=14
2026-03-15 22:29:15 | INFO     | [POOL #01140] 335 7 1972 1123 2037 606 1707 2603 1460 2486 2820 1986 2791 2606 1917 2575 1082 37 1907 2197 304 || mode=RB method=sk_ac_avg solver=pyvrp stage=post_ls ls=pyvrp iter=14
2026-03-15 22:29:15 | INFO     | [POOL #01141] 2144 2803 900 2013 272 647 649 2018 833 217 664 2879 1875 65 2443 2863 2367 286 1757 2456 1234 87 57 185 440 956 2488 1048 582 1358 1932 2048 1840 482 1645 1941 2102 1897 2658 998 1617 2288 2670 2350 2396 459 1090 2187 879 518 167 1198 2182 784 2708 1660 2189 852 2482 1876 2703 1219 277 1809 2700 2911 || mode=RB method=sk_ac_avg solver=pyvrp stage=post_ls ls=pyvrp iter=14
2026-03-15 22:29:15 | INFO     | [POOL #01142] 558 109 2717 1984 2693 2694 209 181 1738 393 219 2530 366 423 1044 1415 290 1439 1343 2479 324 2604 2158 1201 || mode=RB method=sk_ac_avg solver=pyvrp stage=post_ls ls=pyvrp iter=14
2026-03-15 22:29:15 | INFO     | [POOL #01143] 1312 811 1859 2857 1072 1860 2473 549 461 254 1347 2491 2750 2000 1756 2224 2431 1001 809 2328 226 1535 1434 1739 1382 1371 2223 2823 683 398 2833 1952 917 2876 1038 471 2266 1914 525 15 2430 866 454 2120 717 427 2817 888 2262 620 902 1704 414 939 513 2244 1820 2245 || mode=RB method=sk_ac_avg solver=pyvrp stage=post_ls ls=pyvrp iter=14
2026-03-15 22:29:15 | INFO     | [POOL #01144] 1668 53 995 1745 1047 2382 955 2743 490 1926 2511 1327 1530 1013 505 194 171 1242 2377 2904 1709 2308 1567 2495 2839 1255 2060 289 420 563 1174 2612 1587 2662 2659 258 278 173 2785 566 132 2412 1968 266 1902 1443 2779 1674 338 1128 260 2483 1133 357 2541 1386 863 2260 2913 2453 2908 2811 1102 1107 || mode=RB method=sk_ac_avg solver=pyvrp stage=post_ls ls=pyvrp iter=14
2026-03-15 22:29:15 | INFO     | [POOL #01145] 2210 1904 2563 944 2721 1635 438 1421 2135 417 1186 524 216 2167 1992 573 70 1212 1560 1627 589 1113 2633 2562 1068 2332 1163 1800 959 1559 583 949 407 787 187 2728 62 2184 || mode=RB method=sk_ac_avg solver=pyvrp stage=post_ls ls=pyvrp iter=14
2026-03-15 22:29:15 | INFO     | [POOL #01146] 2362 1891 319 464 695 2838 1495 280 2098 2123 1605 1927 2769 2434 1816 2127 2393 77 1803 1337 323 1935 638 6 2394 1253 2368 1688 1951 1410 2623 1928 2586 2690 1522 2800 1074 2234 511 829 497 1342 372 906 1702 1408 2487 138 68 1005 590 1881 2145 92 2906 1573 579 71 1 1398 936 36 2890 || mode=RB method=sk_ac_avg solver=pyvrp stage=post_ls ls=pyvrp iter=14
2026-03-15 22:29:15 | INFO     | [POOL #01147] 2051 1154 1156 250 837 348 2553 360 625 2274 1275 1052 1449 379 821 431 2804 1915 1231 2631 1418 2069 2775 2705 1036 2272 2806 208 269 1348 103 368 1143 2846 1908 2335 2793 2053 654 2734 2297 2045 2445 5 1436 1727 2605 2081 711 937 2666 2342 22 1884 1911 920 197 2298 891 2152 1542 52 1267 || mode=RB method=sk_ac_avg solver=pyvrp stage=post_ls ls=pyvrp iter=14
2026-03-15 22:29:15 | INFO     | [POOL #01148] 2355 311 2632 1027 2089 950 1160 1818 2002 1166 707 2305 1585 2119 350 1947 697 2408 1350 2133 2095 1724 || mode=RB method=sk_ac_avg solver=pyvrp stage=post_ls ls=pyvrp iter=14
2026-03-15 22:29:15 | INFO     | [POOL #01149] 2290 1372 268 1389 1795 759 822 1040 1333 1910 344 1518 383 2754 2501 2469 1465 1835 2467 1832 141 1475 2258 2165 1510 862 659 2291 2149 279 143 2520 78 2646 2502 8 2097 || mode=RB method=sk_ac_avg solver=pyvrp stage=post_ls ls=pyvrp iter=14
2026-03-15 22:29:15 | INFO     | [POOL #01150] 2494 893 2755 303 1069 1657 2695 207 1622 1762 1147 2079 2516 1401 2895 188 2404 1221 648 413 259 1470 300 1295 1017 2442 1022 1375 624 2136 147 2552 2852 1135 367 257 2714 599 608 2766 233 701 1330 2429 666 1613 || mode=RB method=sk_ac_avg solver=pyvrp stage=post_ls ls=pyvrp iter=14
2026-03-15 22:29:15 | INFO     | [POOL #01151] 2590 2679 1507 1681 1547 1629 656 281 927 2584 2134 137 2451 2654 75 1031 2503 1445 249 2748 1562 516 2385 1369 1844 1726 875 1352 2024 1990 2316 353 412 2463 1087 || mode=RB method=sk_ac_avg solver=pyvrp stage=post_ls ls=pyvrp iter=14
2026-03-15 22:29:15 | INFO     | [POOL #01152] 675 2226 1768 2746 222 968 880 34 1899 1566 2269 668 2797 1964 2417 1801 616 580 391 820 1912 2054 1589 91 1563 2389 394 1370 467 2109 985 2897 2525 2391 369 312 1171 1819 1291 2383 1765 844 1538 || mode=RB method=sk_ac_avg solver=pyvrp stage=post_ls ls=pyvrp iter=14
2026-03-15 22:29:15 | INFO     | [POOL #01153] 1060 2505 1933 291 708 212 127 2745 1977 1308 2435 2638 256 871 210 1454 2276 882 1079 1631 2302 1254 || mode=RB method=sk_ac_avg solver=pyvrp stage=post_ls ls=pyvrp iter=14
2026-03-15 22:29:15 | INFO     | [POOL #01154] 2230 2464 1096 2607 452 1614 723 1651 540 1698 603 1644 1084 2894 2397 2107 404 2830 2481 2850 1051 1536 847 984 || mode=RB method=sk_ac_avg solver=pyvrp stage=post_ls ls=pyvrp iter=14
2026-03-15 22:29:15 | INFO     | [POOL #01155] 736 1955 40 2877 2571 819 2865 1637 101 1194 1273 2087 1311 1000 121 904 2192 897 1306 232 1517 2758 || mode=RB method=sk_ac_avg solver=pyvrp stage=post_ls ls=pyvrp iter=14
2026-03-15 22:29:15 | INFO     | [POOL #01156] 2138 757 1606 1638 1509 2640 1548 340 568 2185 1086 2790 462 1583 1175 2849 830 637 1413 507 1900 2749 || mode=RB method=sk_ac_avg solver=pyvrp stage=post_ls ls=pyvrp iter=14
2026-03-15 22:29:15 | INFO     | [POOL #01157] 316 386 2172 108 777 2289 2422 2400 2600 1390 1639 1925 1430 1646 2175 2818 2251 1299 772 90 2645 836 || mode=RB method=sk_ac_avg solver=pyvrp stage=post_ls ls=pyvrp iter=14
2026-03-15 22:29:15 | INFO     | [POOL #01158] 1598 508 477 69 1611 2414 2872 1554 942 709 2455 2470 2370 1666 2776 681 25 439 318 1094 145 2122 2907 || mode=RB method=sk_ac_avg solver=pyvrp stage=post_ls ls=pyvrp iter=14
2026-03-15 22:29:15 | INFO     | [POOL #01159] 1918 941 2221 2772 795 712 592 1619 2835 2561 569 1708 49 371 293 1321 2277 967 1177 2882 485 428 1607 || mode=RB method=sk_ac_avg solver=pyvrp stage=post_ls ls=pyvrp iter=14
2026-03-15 22:29:15 | INFO     | [POOL #01160] 1787 2033 51 618 1442 253 1180 754 1699 1241 1075 1202 1796 446 2731 2570 662 183 2760 706 484 || mode=RB method=sk_ac_avg solver=pyvrp stage=post_ls ls=pyvrp iter=14
2026-03-15 22:29:15 | INFO     | [POOL #01161] 144 2001 2106 2598 2232 2770 750 2528 919 842 239 2519 2581 1963 2560 1213 562 2683 2901 1669 988 2361 || mode=RB method=sk_ac_avg solver=pyvrp stage=post_ls ls=pyvrp iter=14
2026-03-15 22:29:15 | INFO     | [POOL #01162] 969 267 2398 966 645 1456 1519 1692 761 2253 983 100 1422 102 426 375 733 1130 186 1452 1030 33 544 || mode=RB method=sk_ac_avg solver=pyvrp stage=post_ls ls=pyvrp iter=14
2026-03-15 22:29:15 | INFO     | [POOL #01163] 1159 424 488 261 1474 823 1609 1894 1019 2031 1922 1652 1319 1192 2420 1329 2227 684 1054 1889 1485 1453 || mode=RB method=sk_ac_avg solver=pyvrp stage=post_ls ls=pyvrp iter=14
2026-03-15 22:29:15 | INFO     | [POOL #01164] 397 1991 342 1463 1892 641 1497 1193 2767 2736 1405 385 581 670 1357 1624 105 1315 1667 494 2092 2642 835 || mode=RB method=sk_ac_avg solver=pyvrp stage=post_ls ls=pyvrp iter=14
2026-03-15 22:29:15 | INFO     | [POOL #01165] 131 1158 1574 47 530 554 760 2331 1537 1508 1233 169 916 1856 1035 1792 682 1686 2072 1939 2256 2568 213 || mode=RB method=sk_ac_avg solver=pyvrp stage=post_ls ls=pyvrp iter=14
2026-03-15 22:29:15 | INFO     | [POOL #01166] 1462 559 1959 933 2794 45 1182 1373 2868 1653 113 899 1353 2161 2075 1106 1029 1338 1502 2854 642 763 2577 886 479 1023 2014 1215 1110 95 661 || mode=RB method=sk_ac_avg solver=pyvrp stage=post_ls ls=pyvrp iter=14
2026-03-15 22:29:15 | INFO     | [POOL #01167] 1385 1479 1806 2439 2624 2104 1703 1591 610 1725 32 86 67 2409 240 789 2712 2437 676 2029 1145 816 1181 307 1974 2534 1301 2100 1482 1341 1222 1196 1216 2735 2878 655 1938 2116 403 2829 2275 2086 1642 1292 861 2344 2484 2157 669 12 783 2538 1220 1407 2444 || mode=RB method=sk_ac_avg solver=pyvrp stage=post_ls ls=pyvrp iter=14
2026-03-15 22:29:15 | INFO     | [POOL #01168] 433 2554 2713 2885 1997 1393 1944 2452 1701 1114 148 1995 2836 55 2263 362 615 1602 23 2196 76 732 1694 1484 || mode=RB method=sk_ac_avg solver=pyvrp stage=post_ls ls=pyvrp iter=14
2026-03-15 22:29:15 | INFO     | [POOL #01169] 1532 1887 2281 430 2889 2354 2313 521 125 1124 1176 1053 196 1685 2392 60 470 26 778 2020 9 320 || mode=RB method=sk_ac_avg solver=pyvrp stage=post_ls ls=pyvrp iter=14
2026-03-15 22:29:15 | INFO     | [POOL #01170] 96 2725 422 63 2347 960 2129 2636 2837 2248 710 2462 901 2773 2650 925 296 976 694 1878 2261 2572 || mode=RB method=sk_ac_avg solver=pyvrp stage=post_ls ls=pyvrp iter=14
2026-03-15 22:29:15 | INFO     | [POOL #01171] 2 2881 756 1091 475 726 352 827 753 377 2471 1285 2635 623 907 1191 474 1224 1760 2306 2034 1142 || mode=RB method=sk_ac_avg solver=pyvrp stage=post_ls ls=pyvrp iter=14
2026-03-15 22:29:15 | INFO     | [POOL #01172] 1882 2103 885 1533 2490 2309 1671 1994 1812 931 1621 2169 13 43 2093 958 1877 2792 445 1200 2862 1618 2609 1011 2174 314 1679 627 2195 1391 595 2233 946 2871 2011 2699 2028 402 923 2719 2676 354 325 1006 2547 2711 1798 2440 2450 1111 443 308 550 1543 537 557 1131 2323 935 575 1396 630 2822 2724 264 1365 1544 962 2140 168 1055 1428 332 || mode=RB method=sk_ac_avg solver=pyvrp stage=post_ls ls=pyvrp iter=14
2026-03-15 22:29:15 | INFO     | [POOL #01173] 1711 64 2043 466 1847 876 1002 1345 458 1172 2832 1954 166 2765 1259 1406 2808 28 457 2096 997 881 2190 1731 2346 545 126 1649 2685 2855 1930 1659 1318 1920 1050 1076 331 2180 834 633 282 2330 918 2475 1494 2349 1960 1811 2687 2041 1755 977 327 1719 1324 2222 1447 2015 671 2407 376 698 2508 2279 999 1504 2181 2021 2888 || mode=RB method=sk_ac_avg solver=pyvrp stage=post_ls ls=pyvrp iter=14
2026-03-15 22:29:15 | INFO     | [POOL #01174] 2032 1763 2170 1218 2292 1070 584 409 1189 2271 1610 688 802 845 184 1178 42 1672 1269 1766 117 1009 2017 1600 2091 54 2363 2697 806 1784 678 867 483 97 2036 2805 2669 1790 2259 1895 1975 1957 843 817 2764 2118 || mode=RB method=sk_ac_avg solver=pyvrp stage=post_ls ls=pyvrp iter=14
2026-03-15 22:29:15 | INFO     | [POOL #01175] 1307 24 531 555 1539 1404 1092 1170 1020 10 2637 1521 2027 2050 1596 2468 2254 883 1097 124 1122 2476 1290 2058 2270 2427 1240 1112 587 994 298 1948 1558 591 2327 1229 546 1528 1305 2208 493 2518 2153 1785 1438 2827 731 1265 864 2218 1049 747 2125 2198 346 406 2249 561 73 1326 1682 || mode=RB method=sk_ac_avg solver=pyvrp stage=post_ls ls=pyvrp iter=14
2026-03-15 22:29:15 | INFO     | [POOL #01176] 807 1526 913 989 815 853 178 1169 2824 396 2492 552 1783 2733 1190 762 2340 2406 164 1397 2424 1836 || mode=RB method=sk_ac_avg solver=pyvrp stage=post_ls ls=pyvrp iter=14
2026-03-15 22:29:15 | INFO     | [POOL #01177] 1464 382 190 1491 1486 779 1861 1950 1843 512 1857 1648 859 2768 2273 74 2023 2177 1965 2303 782 200 2589 2282 586 1691 848 596 751 952 2257 523 2639 2512 948 1205 578 1750 1993 176 748 634 631 1943 1647 992 1786 1042 1980 2739 2428 50 2771 2737 1098 384 1654 116 2191 1527 869 1890 878 1623 1339 2741 1831 1501 2285 1827 2751 || mode=RB method=sk_ac_avg solver=pyvrp stage=post_ls ls=pyvrp iter=14
2026-03-15 22:29:15 | INFO     | [POOL #01178] 2238 1057 1125 2166 2706 740 322 274 1570 774 529 2672 2651 220 1924 940 1676 1024 560 436 1728 2643 2641 156 2005 2147 4 2025 2831 1214 2294 2077 1481 2661 1793 1136 1893 1764 1874 965 2688 832 720 1961 2320 2844 89 1073 1983 2304 2203 527 1748 1888 1572 1868 128 1414 2580 1734 72 538 1188 2112 120 163 1471 2722 || mode=RB method=sk_ac_avg solver=pyvrp stage=post_ls ls=pyvrp iter=14
2026-03-15 22:29:15 | INFO     | [POOL #01179] 180 990 2550 361 628 2524 2559 2825 2110 106 1276 2696 2567 1723 1773 2008 1625 1320 2656 1885 798 1620 1226 21 2592 517 1673 1909 2747 713 2762 629 1064 1012 509 2373 808 1104 2732 237 1524 640 1034 660 345 951 725 2206 205 1427 793 2783 643 737 1071 828 1503 2840 2447 2726 2425 767 || mode=RB method=sk_ac_avg solver=pyvrp stage=post_ls ls=pyvrp iter=14
2026-03-15 22:29:15 | INFO     | [POOL #01180] 1579 1334 636 1931 1807 1046 1137 80 1476 2628 1506 1936 389 1237 2150 1489 2884 1025 2497 2388 2710 || mode=RB method=sk_ac_avg solver=pyvrp stage=post_ls ls=pyvrp iter=14
2026-03-15 22:29:15 | INFO     | [POOL #01181] 2689 542 2401 1988 111 159 66 743 83 401 158 1362 1309 2229 2090 189 889 1749 1488 122 2781 2057 || mode=RB method=sk_ac_avg solver=pyvrp stage=post_ls ls=pyvrp iter=14
2026-03-15 22:29:15 | INFO     | [POOL #01182] 2318 170 1971 1966 1296 2860 2536 903 416 2352 1010 964 674 441 1153 177 1120 2504 179 1183 1420 1346 2186 || mode=RB method=sk_ac_avg solver=pyvrp stage=post_ls ls=pyvrp iter=14
2026-03-15 22:29:15 | INFO     | [POOL #01183] 730 788 2807 1325 1157 1117 963 1336 2660 2202 909 1119 2597 1168 1575 2861 2040 2627 1466 1781 || mode=RB method=sk_ac_avg solver=pyvrp stage=post_ls ls=pyvrp iter=14
2026-03-15 22:29:15 | INFO     | [POOL #01184] 801 1451 2814 2460 2114 501 1468 381 571 2193 2101 2348 1828 1670 1251 914 1148 1690 2510 1419 2286 686 693 || mode=RB method=sk_ac_avg solver=pyvrp stage=post_ls ls=pyvrp iter=14
2026-03-15 22:29:15 | INFO     | [POOL #01185] 230 780 1729 2378 2235 758 975 1850 2539 1903 2648 1278 1982 2250 1446 1402 2059 1437 2070 702 1118 776 1328 || mode=RB method=sk_ac_avg solver=pyvrp stage=post_ls ls=pyvrp iter=14
2026-03-15 22:29:15 | INFO     | [POOL #01186] 2910 1379 135 1077 658 1310 2264 766 2240 735 1541 2480 1227 228 251 665 2905 1144 118 1721 1109 2744 2761 || mode=RB method=sk_ac_avg solver=pyvrp stage=post_ls ls=pyvrp iter=14
2026-03-15 22:29:15 | INFO     | [POOL #01187] 2493 2625 1799 986 635 496 2875 88 1283 1478 1340 1116 98 846 2022 387 547 1568 99 2209 1078 || mode=RB method=sk_ac_avg solver=pyvrp stage=post_ls ls=pyvrp iter=14
2026-03-15 22:29:15 | INFO     | [POOL #01188] 1720 463 326 2715 2796 2611 1588 115 2558 2898 2799 1313 2380 221 924 1282 1165 619 2867 1780 2848 611 744 1791 2296 343 2071 2173 || mode=RB method=sk_ac_avg solver=pyvrp stage=post_ls ls=pyvrp iter=14
2026-03-15 22:29:15 | INFO     | [POOL #01189] 1316 119 2740 2353 270 2698 287 2088 175 1208 739 1140 1571 491 896 1693 2537 2339 2287 434 2591 2315 2082 2386 2634 2691 2545 1250 2410 2738 1314 2466 1364 2390 231 2529 2006 689 425 1444 598 1197 1512 || mode=RB method=sk_ac_avg solver=pyvrp stage=post_ls ls=pyvrp iter=14
2026-03-15 22:29:15 | INFO     | [POOL #01190] 728 2139 2162 487 2446 2441 58 2576 522 719 1553 2204 295 1913 2329 2549 1664 1821 1361 2321 1270 276 328 1717 1732 1425 1520 1580 1815 1906 429 234 2578 1684 1714 519 2371 1403 355 469 1973 2909 1901 1129 2042 27 2413 1813 526 2834 1056 1769 887 449 421 738 1979 2665 1045 510 1737 152 || mode=RB method=sk_ac_avg solver=pyvrp stage=post_ls ls=pyvrp iter=14
2026-03-15 22:29:15 | INFO     | [POOL #01191] 453 895 860 2841 2369 796 1759 2038 872 2143 961 2448 2163 650 1846 2874 699 476 374 1271 2680 1126 2419 2619 632 1500 2778 2574 472 1513 2615 1274 2402 987 2284 1243 262 574 2360 2374 2324 2869 1356 2012 133 1778 1115 2896 1448 1742 929 1837 2078 2255 448 1919 1021 805 1584 2178 2379 553 || mode=RB method=sk_ac_avg solver=pyvrp stage=post_ls ls=pyvrp iter=14
2026-03-15 22:29:15 | INFO     | [POOL #01192] 1551 1525 1179 81 1066 609 1093 905 1516 2701 378 2556 1151 252 2239 1184 2194 1597 478 1217 746 1898 || mode=RB method=sk_ac_avg solver=pyvrp stage=post_ls ls=pyvrp iter=14
2026-03-15 22:29:15 | INFO     | [POOL #01193] 1743 1826 953 284 2614 204 2630 533 2055 894 1662 1248 2514 972 82 2357 460 2893 333 297 2201 1417 2242 1232 2802 150 1317 2801 576 849 || mode=RB method=sk_ac_avg solver=pyvrp stage=post_ls ls=pyvrp iter=14
2026-03-15 22:29:15 | INFO     | [POOL #01194] 2067 2887 812 912 380 224 2465 2813 2655 1989 2283 1616 691 1564 617 1141 2061 2337 1138 797 1700 || mode=RB method=sk_ac_avg solver=pyvrp stage=post_ls ls=pyvrp iter=14
2026-03-15 22:29:15 | INFO     | [POOL #01195] 1999 622 1440 149 2108 2546 1634 1879 2341 714 1394 2784 199 1429 657 652 1942 1576 572 722 || mode=RB method=sk_ac_avg solver=pyvrp stage=post_ls ls=pyvrp iter=14
2026-03-15 22:29:15 | INFO     | [POOL #01196] 1858 1377 1433 1252 1865 2351 1958 1355 468 1150 136 1515 1962 1556 2216 502 2891 826 1014 2278 585 1550 || mode=RB method=sk_ac_avg solver=pyvrp stage=post_ls ls=pyvrp iter=14
2026-03-15 22:29:15 | INFO     | [POOL #01197] 1730 131 433 661 1158 213 134 1149 2542 1431 667 1351 2798 1771 1142 1923 781 704 749 1752 794 2557 1953 || mode=RB method=sk_ac_min solver=filo2 stage=post_ls ls=pyvrp iter=15
2026-03-15 22:29:15 | INFO     | [POOL #01198] 840 1608 724 865 1155 400 1929 884 715 2319 567 1985 79 982 930 1067 2183 2179 1878 2261 1332 2572 2 || mode=RB method=sk_ac_min solver=filo2 stage=post_ls ls=pyvrp iter=15
2026-03-15 22:29:15 | INFO     | [POOL #01199] 96 2725 422 63 2347 1887 296 925 2650 2773 901 2462 710 2248 2837 2636 2129 756 960 2881 1532 1161 || mode=RB method=sk_ac_min solver=filo2 stage=post_ls ls=pyvrp iter=15
2026-03-15 22:29:15 | INFO     | [POOL #01200] 1549 320 2306 1760 1224 1191 475 726 827 753 377 623 2471 1285 2635 907 474 9 2034 1366 || mode=RB method=sk_ac_min solver=filo2 stage=post_ls ls=pyvrp iter=15
2026-03-15 22:29:15 | INFO     | [POOL #01201] 1457 2692 2787 465 85 1970 191 597 329 1298 214 653 1103 1383 1696 2084 528 1845 870 1322 928 980 218 1101 551 2663 || mode=RB method=sk_ac_min solver=filo2 stage=post_ls ls=pyvrp iter=15
2026-03-15 22:29:15 | INFO     | [POOL #01202] 2063 685 534 2583 1268 1735 11 2265 370 614 153 1007 255 1289 1577 1266 3 294 1710 1747 288 1883 19 1065 2237 1387 1294 || mode=RB method=sk_ac_min solver=filo2 stage=post_ls ls=pyvrp iter=15
2026-03-15 22:29:15 | INFO     | [POOL #01203] 1397 164 2406 2340 762 1190 2733 1783 552 2492 178 1169 396 2824 1392 2727 275 1286 2902 853 815 989 || mode=RB method=sk_ac_min solver=filo2 stage=post_ls ls=pyvrp iter=15
2026-03-15 22:29:15 | INFO     | [POOL #01204] 2281 430 2889 2132 2354 2856 2313 521 125 2424 1124 1176 1053 196 1685 2392 1836 1526 352 1091 807 39 || mode=RB method=sk_ac_min solver=filo2 stage=post_ls ls=pyvrp iter=15
2026-03-15 22:29:15 | INFO     | [POOL #01205] 2678 2155 2752 2723 2356 2423 1593 2780 818 868 2816 1854 182 243 1409 1636 1829 604 2472 2565 2164 203 || mode=RB method=sk_ac_min solver=filo2 stage=post_ls ls=pyvrp iter=15
2026-03-15 22:29:15 | INFO     | [POOL #01206] 2568 2256 1939 2072 1686 682 1792 1035 1856 778 916 169 1233 1508 1537 2331 1484 760 554 530 47 1574 2554 || mode=RB method=sk_ac_min solver=filo2 stage=post_ls ls=pyvrp iter=15
2026-03-15 22:29:15 | INFO     | [POOL #01207] 1754 1946 2083 1039 700 2416 299 305 1546 548 2449 1870 800 306 2064 854 1477 2345 2113 2886 2730 1335 || mode=RB method=sk_ac_min solver=filo2 stage=post_ls ls=pyvrp iter=15
2026-03-15 22:29:15 | INFO     | [POOL #01208] 1245 874 1872 1853 2782 2899 2372 564 2866 2540 1592 2365 1705 2595 154 481 727 410 2231 1823 915 373 || mode=RB method=sk_ac_min solver=filo2 stage=post_ls ls=pyvrp iter=15
2026-03-15 22:29:15 | INFO     | [POOL #01209] 976 1612 921 61 2620 2526 2788 1678 2314 1061 1741 1808 1869 411 2756 1281 2742 2618 2252 1395 687 694 || mode=RB method=sk_ac_min solver=filo2 stage=post_ls ls=pyvrp iter=15
2026-03-15 22:29:15 | INFO     | [POOL #01210] 1462 559 1110 1959 1215 2014 1023 479 886 2577 763 642 2854 1502 1029 240 2437 676 2029 1145 816 1181 307 1974 2534 1301 2100 1482 1341 1222 1196 1216 2735 2878 655 1938 2116 403 2829 2275 2086 1642 1292 861 2344 2484 1806 1479 1220 1407 2444 2751 || mode=RB method=sk_ac_min solver=filo2 stage=post_ls ls=pyvrp iter=15
2026-03-15 22:29:15 | INFO     | [POOL #01211] 913 1499 2870 273 1376 514 2433 1472 198 1540 1582 2649 140 2094 1531 775 193 2099 1842 2489 672 1855 2795 || mode=RB method=sk_ac_min solver=filo2 stage=post_ls ls=pyvrp iter=15
2026-03-15 22:29:15 | INFO     | [POOL #01212] 95 2538 783 12 669 2157 2439 2624 2104 1703 1591 610 1725 32 86 67 2409 1338 1106 789 2712 2161 1353 899 113 2075 1653 2868 1373 1182 45 2794 933 2885 2713 || mode=RB method=sk_ac_min solver=filo2 stage=post_ls ls=pyvrp iter=15
2026-03-15 22:29:15 | INFO     | [POOL #01213] 693 2057 1568 2401 542 98 1116 812 1046 1137 80 1476 380 912 2628 1506 1807 788 1340 2887 2689 2875 || mode=RB method=sk_ac_min solver=filo2 stage=post_ls ls=pyvrp iter=15
2026-03-15 22:29:15 | INFO     | [POOL #01214] 1956 1230 292 313 639 1736 1380 1487 1239 2411 2004 1545 2585 2582 2675 1814 1817 873 1085 2664 2384 || mode=RB method=sk_ac_min solver=filo2 stage=post_ls ls=pyvrp iter=15
2026-03-15 22:29:15 | INFO     | [POOL #01215] 1370 394 2389 1563 91 440 956 185 2488 1048 582 1932 1605 2048 1840 1927 2769 2434 1816 2127 2393 77 1803 1337 289 420 563 1174 2612 1587 2659 2662 1375 624 2136 147 2552 2487 138 68 1005 590 1881 2145 92 2906 1573 1645 482 579 1941 2102 1897 998 1617 2288 71 1 2396 459 1090 2187 2750 || mode=RB method=sk_ac_min solver=filo2 stage=post_ls ls=pyvrp iter=15
2026-03-15 22:29:15 | INFO     | [POOL #01216] 112 35 2789 2128 1236 415 2845 1059 1650 2543 2842 2295 1632 2074 2421 315 813 2376 364 1160 950 2089 1996 || mode=RB method=sk_ac_min solver=filo2 stage=post_ls ls=pyvrp iter=15
2026-03-15 22:29:15 | INFO     | [POOL #01217] 224 2465 2813 2655 1989 2283 1690 914 1251 1670 1828 2348 2101 2193 571 909 2202 1148 963 1117 1157 1325 || mode=RB method=sk_ac_min solver=filo2 stage=post_ls ls=pyvrp iter=15
2026-03-15 22:29:15 | INFO     | [POOL #01218] 419 541 2325 2003 337 2810 363 29 1081 1455 1805 981 1287 2076 309 2105 503 2718 2521 814 679 || mode=RB method=sk_ac_min solver=filo2 stage=post_ls ls=pyvrp iter=15
2026-03-15 22:29:15 | INFO     | [POOL #01219] 1331 1204 94 1018 825 943 1284 1032 2141 742 855 1458 1279 1378 2873 2130 225 2009 532 1863 123 || mode=RB method=sk_ac_min solver=filo2 stage=post_ls ls=pyvrp iter=15
2026-03-15 22:29:15 | INFO     | [POOL #01220] 2593 2454 1658 577 341 2220 2847 2080 455 1615 2137 535 1655 2115 1167 2146 1511 229 2515 1015 2002 1818 1841 || mode=RB method=sk_ac_min solver=filo2 stage=post_ls ls=pyvrp iter=15
2026-03-15 22:29:15 | INFO     | [POOL #01221] 2318 508 2882 1177 69 754 371 569 49 1708 1611 1699 1241 1075 2414 2872 1554 1202 1796 446 2570 662 || mode=RB method=sk_ac_min solver=filo2 stage=post_ls ls=pyvrp iter=15
2026-03-15 22:29:15 | INFO     | [POOL #01222] 197 22 2342 1465 711 543 1976 646 1921 2608 1026 2654 75 1212 1560 1627 589 2332 1068 1657 2695 207 1147 1762 1084 1622 1644 603 1698 540 2205 16 1967 2464 2230 || mode=RB method=sk_ac_min solver=filo2 stage=post_ls ls=pyvrp iter=15
2026-03-15 22:29:15 | INFO     | [POOL #01223] 1354 2280 984 847 1536 2066 2236 155 792 301 773 1062 1146 1051 1614 723 1651 432 2607 1096 2826 1223 || mode=RB method=sk_ac_min solver=filo2 stage=post_ls ls=pyvrp iter=15
2026-03-15 22:29:15 | INFO     | [POOL #01224] 1166 1886 2564 44 2243 265 1003 157 536 2459 2674 1940 2477 974 2903 804 2815 947 2300 40 1955 736 || mode=RB method=sk_ac_min solver=filo2 stage=post_ls ls=pyvrp iter=15
2026-03-15 22:29:15 | INFO     | [POOL #01225] 1607 1598 1787 2033 170 1971 51 618 1442 253 477 1180 293 1321 2277 967 183 2760 706 484 485 428 || mode=RB method=sk_ac_min solver=filo2 stage=post_ls ls=pyvrp iter=15
2026-03-15 22:29:15 | INFO     | [POOL #01226] 2226 1768 2746 811 222 1859 2857 1072 369 1860 2391 649 2018 833 217 664 2879 1875 65 580 391 2863 2443 1589 2054 1912 820 2367 286 1757 2456 1234 87 57 1358 2123 2098 280 1495 2838 695 464 319 1891 616 2362 1801 2417 1964 2797 668 2269 1566 1899 34 880 647 968 272 2013 900 53 1668 2803 2144 || mode=RB method=sk_ac_min solver=filo2 stage=post_ls ls=pyvrp iter=15
2026-03-15 22:29:15 | INFO     | [POOL #01227] 1121 553 2379 2178 1584 805 1021 1919 448 2255 2078 1837 929 1742 1448 2896 1115 2869 1356 1684 1732 1717 1425 1520 1580 1815 1906 429 234 2578 1714 519 2371 1403 1901 2909 1973 469 355 1129 2042 27 2413 2012 1813 526 2834 133 1778 1056 1769 887 449 421 738 1979 2665 1045 510 1737 163 1471 2722 || mode=RB method=sk_ac_min solver=filo2 stage=post_ls ls=pyvrp iter=15
2026-03-15 22:29:15 | INFO     | [POOL #01228] 1724 2355 339 2606 2791 1459 831 2111 1761 1606 1638 697 757 2408 1350 2133 2138 2016 2095 2575 1082 37 1907 || mode=RB method=sk_ac_min solver=filo2 stage=post_ls ls=pyvrp iter=15
2026-03-15 22:29:15 | INFO     | [POOL #01229] 1372 891 759 1102 2262 435 2908 920 1911 2754 2501 2469 1835 2467 1832 281 927 2584 141 161 2385 1369 1844 1726 875 1510 862 219 659 393 1738 2024 1990 2316 1507 2375 2671 1389 268 1107 109 1595 || mode=RB method=sk_ac_min solver=filo2 stage=post_ls ls=pyvrp iter=15
2026-03-15 22:29:15 | INFO     | [POOL #01230] 1312 1267 52 1819 2210 2700 1809 277 1219 2563 944 2721 866 2430 15 226 2189 1660 2708 1739 1382 683 357 2823 2223 1421 2073 1371 438 1635 852 454 2120 2482 717 427 1876 2703 2817 888 620 902 1795 414 1704 939 513 2152 1542 2244 1820 1291 558 || mode=RB method=sk_ac_min solver=filo2 stage=post_ls ls=pyvrp iter=15
2026-03-15 22:29:15 | INFO     | [POOL #01231] 499 1557 2759 1981 1866 969 1604 2652 544 144 1083 2030 399 1775 2039 600 539 2566 1706 1663 2644 703 500 || mode=RB method=sk_ac_min solver=filo2 stage=post_ls ls=pyvrp iter=15
2026-03-15 22:29:15 | INFO     | [POOL #01232] 2052 2616 1789 2523 2217 14 1262 1412 2317 926 1349 1016 444 1063 857 437 1399 165 1037 644 2843 || mode=RB method=sk_ac_min solver=filo2 stage=post_ls ls=pyvrp iter=15
2026-03-15 22:29:15 | INFO     | [POOL #01233] 2065 729 2629 858 223 211 2214 1368 2864 1132 330 810 1303 1008 245 31 1256 1978 2774 2336 1712 2358 || mode=RB method=sk_ac_min solver=filo2 stage=post_ls ls=pyvrp iter=15
2026-03-15 22:29:15 | INFO     | [POOL #01234] 2720 2907 1519 1213 145 2560 1963 2581 2519 2776 1666 2370 2470 681 25 439 2455 709 942 318 1094 2731 || mode=RB method=sk_ac_min solver=filo2 stage=post_ls ls=pyvrp iter=15
2026-03-15 22:29:15 | INFO     | [POOL #01235] 1534 2599 1880 2010 2596 692 1802 2638 2677 594 2435 1308 2745 127 212 708 2361 291 1933 2505 1529 || mode=RB method=sk_ac_min solver=filo2 stage=post_ls ls=pyvrp iter=15
2026-03-15 22:29:15 | INFO     | [POOL #01236] 1977 988 1669 2901 2683 562 2122 1692 761 2253 983 100 2770 1422 2232 426 375 733 1130 2598 1452 186 1456 || mode=RB method=sk_ac_min solver=filo2 stage=post_ls ls=pyvrp iter=15
2026-03-15 22:29:15 | INFO     | [POOL #01237] 2861 533 2055 776 1118 702 2480 1541 735 2240 766 2264 1310 1227 658 1077 135 1379 894 1328 2040 || mode=RB method=sk_ac_min solver=filo2 stage=post_ls ls=pyvrp iter=15
2026-03-15 22:29:15 | INFO     | [POOL #01238] 1839 1849 1565 1288 768 480 2548 771 1258 2359 2858 142 588 932 1498 626 395 160 1630 1195 38 1716 || mode=RB method=sk_ac_min solver=filo2 stage=post_ls ls=pyvrp iter=15
2026-03-15 22:29:15 | INFO     | [POOL #01239] 605 1461 2686 452 2850 2481 2830 2894 404 2107 2397 2387 2610 2415 791 2046 104 716 1680 1776 2126 824 || mode=RB method=sk_ac_min solver=filo2 stage=post_ls ls=pyvrp iter=15
2026-03-15 22:29:15 | INFO     | [POOL #01240] 2900 1203 1986 2188 2381 1905 2555 1027 851 1916 911 1467 1777 2085 195 235 2632 2617 311 1199 1917 2197 || mode=RB method=sk_ac_min solver=filo2 stage=post_ls ls=pyvrp iter=15
2026-03-15 22:29:15 | INFO     | [POOL #01241] 1441 1969 1578 1871 2485 1746 1247 1767 2307 2333 1833 2812 1867 2702 139 1424 877 1359 2199 2704 473 334 || mode=RB method=sk_ac_min solver=filo2 stage=post_ls ls=pyvrp iter=15
2026-03-15 22:29:15 | INFO     | [POOL #01242] 1561 663 506 910 769 2176 1164 1483 1363 2311 2622 2753 2142 56 2668 1626 1293 321 1514 2049 2312 785 || mode=RB method=sk_ac_min solver=filo2 stage=post_ls ls=pyvrp iter=15
2026-03-15 22:29:15 | INFO     | [POOL #01243] 1152 2436 1041 2517 2310 504 2613 1187 388 520 2301 1640 241 934 1628 1774 347 2334 2117 755 || mode=RB method=sk_ac_min solver=filo2 stage=post_ls ls=pyvrp iter=15
2026-03-15 22:29:15 | INFO     | [POOL #01244] 1228 114 2494 908 850 1656 1758 1089 787 407 2755 949 303 1069 1559 583 187 893 2728 62 2184 718 1238 451 || mode=RB method=sk_ac_min solver=filo2 stage=post_ls ls=pyvrp iter=15
2026-03-15 22:29:15 | INFO     | [POOL #01245] 2781 2286 1419 1420 1183 179 2504 1120 177 1153 674 441 1619 2835 2561 712 795 592 2860 2772 2221 1296 1966 || mode=RB method=sk_ac_min solver=filo2 stage=post_ls ls=pyvrp iter=15
2026-03-15 22:29:15 | INFO     | [POOL #01246] 675 2245 2290 2535 1765 1972 1123 2037 606 1707 2603 2502 1460 2486 8 2158 593 2820 1201 2097 1937 7 844 1538 || mode=RB method=sk_ac_min solver=filo2 stage=post_ls ls=pyvrp iter=15
2026-03-15 22:29:15 | INFO     | [POOL #01247] 1590 1162 1851 2544 310 2124 971 2513 1254 46 2522 1272 1469 2171 1257 1211 2777 690 2496 1080 || mode=RB method=sk_ac_min solver=filo2 stage=post_ls ls=pyvrp iter=15
2026-03-15 22:29:15 | INFO     | [POOL #01248] 359 2531 1473 215 2667 2148 1400 1060 651 2912 922 2851 110 1411 556 1381 492 227 2673 2047 765 1206 2859 || mode=RB method=sk_ac_min solver=filo2 stage=post_ls ls=pyvrp iter=15
2026-03-15 22:29:15 | INFO     | [POOL #01249] 752 1722 1834 938 1415 1044 423 2530 366 2506 1689 2343 2626 2399 2168 2426 1260 2551 2653 2569 302 || mode=RB method=sk_ac_min solver=filo2 stage=post_ls ls=pyvrp iter=15
2026-03-15 22:29:15 | INFO     | [POOL #01250] 20 1496 1505 2019 2326 515 2403 1139 2338 1697 1949 1244 1715 1862 993 1435 1360 1323 1770 705 248 2156 || mode=RB method=sk_ac_min solver=filo2 stage=post_ls ls=pyvrp iter=15
2026-03-15 22:29:15 | INFO     | [POOL #01251] 2160 1594 1302 979 790 18 1134 17 2062 1603 30 957 2498 1367 351 607 1297 1095 2709 356 1772 || mode=RB method=sk_ac_min solver=filo2 stage=post_ls ls=pyvrp iter=15
2026-03-15 22:29:15 | INFO     | [POOL #01252] 312 2890 36 2473 2525 2897 985 549 2109 467 461 254 1347 2491 1756 2000 1052 1449 167 1198 2182 471 1952 1038 917 2876 2804 1915 2779 1674 338 1128 260 2483 2734 2297 1523 2445 2045 1133 398 2833 784 2266 1914 608 1275 2274 625 1001 2431 348 837 250 1156 2429 1154 666 1613 1171 2051 || mode=RB method=sk_ac_min solver=filo2 stage=post_ls ls=pyvrp iter=15
2026-03-15 22:29:15 | INFO     | [POOL #01253] 2225 151 1388 1892 641 1497 1193 2767 2736 1405 385 581 670 1357 1624 105 1922 1315 1667 494 1453 2458 || mode=RB method=sk_ac_min solver=filo2 stage=post_ls ls=pyvrp iter=15
2026-03-15 22:29:15 | INFO     | [POOL #01254] 1086 1384 201 1277 2044 2418 2499 734 1665 1264 1100 612 1423 996 991 1581 677 1779 2532 2302 1810 1028 1493 || mode=RB method=sk_ac_min solver=filo2 stage=post_ls ls=pyvrp iter=15
2026-03-15 22:29:15 | INFO     | [POOL #01255] 691 1616 2510 1729 2378 2235 758 975 1850 2539 1903 2648 1278 1982 2250 1446 1402 2059 1437 2070 2630 2614 || mode=RB method=sk_ac_min solver=filo2 stage=post_ls ls=pyvrp iter=15
2026-03-15 22:29:15 | INFO     | [POOL #01256] 453 895 1316 598 1444 150 2802 2006 2529 2419 2799 744 611 333 2848 1780 2867 1165 1282 924 221 2380 1313 1791 2898 2558 287 1109 2698 115 1588 2353 2744 2761 || mode=RB method=sk_ac_min solver=filo2 stage=post_ls ls=pyvrp iter=15
2026-03-15 22:29:15 | INFO     | [POOL #01257] 1555 1852 2438 2215 2594 2432 1804 1426 2192 904 121 1000 1311 2087 1273 1194 101 1637 2865 2790 462 1583 232 || mode=RB method=sk_ac_min solver=filo2 stage=post_ls ls=pyvrp iter=15
2026-03-15 22:29:15 | INFO     | [POOL #01258] 1677 1987 1631 1088 1079 882 2276 267 2398 33 1030 966 645 871 256 210 1454 1643 721 2757 1235 2507 || mode=RB method=sk_ac_min solver=filo2 stage=post_ls ls=pyvrp iter=15
2026-03-15 22:29:15 | INFO     | [POOL #01259] 316 386 2172 108 777 2289 2422 2400 2600 1390 1639 1925 1430 1646 2175 2818 2251 239 842 919 2528 750 || mode=RB method=sk_ac_min solver=filo2 stage=post_ls ls=pyvrp iter=15
2026-03-15 22:29:15 | INFO     | [POOL #01260] 2716 970 2647 945 397 1991 349 2657 621 342 1463 1319 1192 1652 2420 1329 2227 684 1054 1889 1485 1675 || mode=RB method=sk_ac_min solver=filo2 stage=post_ls ls=pyvrp iter=15
2026-03-15 22:29:15 | INFO     | [POOL #01261] 1489 1466 1151 2701 2910 2627 1721 118 1144 2905 665 2514 972 82 2357 2893 460 2574 2778 1500 632 2619 297 2201 1417 2242 1232 270 1317 2740 576 || mode=RB method=sk_ac_min solver=filo2 stage=post_ls ls=pyvrp iter=15
2026-03-15 22:29:15 | INFO     | [POOL #01262] 954 336 418 1998 2786 2219 2213 1945 2729 898 841 897 1306 2880 1175 2849 830 637 1413 507 206 || mode=RB method=sk_ac_min solver=filo2 stage=post_ls ls=pyvrp iter=15
2026-03-15 22:29:15 | INFO     | [POOL #01263] 547 387 230 2022 1988 2061 1141 122 1488 686 1749 889 83 780 743 66 111 2337 1138 797 99 || mode=RB method=sk_ac_min solver=filo2 stage=post_ls ls=pyvrp iter=15
2026-03-15 22:29:15 | INFO     | [POOL #01264] 1330 360 809 599 379 821 431 1231 2631 1418 1443 2069 173 278 450 511 829 2234 2442 1017 1295 300 1470 259 648 413 1934 48 2883 172 1225 1687 188 2404 1221 2895 1401 2516 2079 2633 2562 1113 696 2395 2809 2228 2056 70 573 1992 2167 216 1450 2207 1436 1727 2605 2081 937 2666 1884 2298 || mode=RB method=sk_ac_min solver=filo2 stage=post_ls ls=pyvrp iter=15
2026-03-15 22:29:15 | INFO     | [POOL #01265] 2604 324 2646 78 2520 143 2479 1343 1439 1753 290 2291 2149 279 181 209 2694 353 412 2693 2463 1087 1984 2590 2717 1280 2383 || mode=RB method=sk_ac_min solver=filo2 stage=post_ls ls=pyvrp iter=15
2026-03-15 22:29:15 | INFO     | [POOL #01266] 340 568 2185 2035 2405 1633 2877 819 2571 2299 2763 1304 2533 786 162 741 1601 2305 707 1585 2119 1848 || mode=RB method=sk_ac_min solver=filo2 stage=post_ls ls=pyvrp iter=15
2026-03-15 22:29:15 | INFO     | [POOL #01267] 2682 796 1759 2038 872 2143 961 2448 2163 650 1846 2324 2360 2374 328 276 1270 2321 1361 1821 1664 2549 2329 2410 1250 2545 2691 2634 2738 1314 2466 2386 2082 2315 2591 1513 2615 1274 2402 987 2284 1243 1913 295 2204 262 574 2680 1271 374 1553 476 699 2874 719 522 2576 58 2441 2446 487 2162 2139 728 2369 2841 860 || mode=RB method=sk_ac_min solver=filo2 stage=post_ls ls=pyvrp iter=15
2026-03-15 22:29:15 | INFO     | [POOL #01268] 2749 1900 365 2588 2758 1517 1509 2640 1548 1261 613 892 1108 263 350 486 1185 2366 1947 1374 2478 1751 192 || mode=RB method=sk_ac_min solver=filo2 stage=post_ls ls=pyvrp iter=15
2026-03-15 22:29:15 | INFO     | [POOL #01269] 1936 2807 801 1451 1336 2660 1119 381 1468 501 2114 2460 2597 1168 2814 1575 204 284 953 1743 1781 || mode=RB method=sk_ac_min solver=filo2 stage=post_ls ls=pyvrp iter=15
2026-03-15 22:29:15 | INFO     | [POOL #01270] 701 2553 2224 936 1398 879 518 2350 2714 2670 257 367 2658 1135 2852 1902 266 1968 2412 132 566 2785 1408 1702 906 258 372 497 1342 1074 1022 2800 1522 2690 2586 1928 2623 1410 1951 1688 2368 1253 2394 6 638 2060 1935 323 1255 2839 2495 1567 2308 1709 2904 2377 1242 171 194 505 1013 1530 1327 2511 1926 490 2743 955 2382 1047 1745 995 || mode=RB method=sk_ac_min solver=filo2 stage=post_ls ls=pyvrp iter=15
2026-03-15 22:29:15 | INFO     | [POOL #01271] 447 1105 1733 2527 799 2821 973 1641 2461 2474 2293 1718 495 1210 602 93 405 570 856 1300 1896 890 || mode=RB method=sk_ac_min solver=filo2 stage=post_ls ls=pyvrp iter=15
2026-03-15 22:29:15 | INFO     | [POOL #01272] 283 1744 601 1432 2212 242 1099 1579 1334 730 496 1830 2209 1788 1078 1058 839 1599 565 2602 317 || mode=RB method=sk_ac_min solver=filo2 stage=post_ls ls=pyvrp iter=15
2026-03-15 22:29:15 | INFO     | [POOL #01273] 59 770 2241 390 680 1824 1492 238 247 202 2364 107 1263 2211 1480 2026 130 1713 1825 1822 2268 || mode=RB method=sk_ac_min solver=filo2 stage=post_ls ls=pyvrp iter=15
2026-03-15 22:29:15 | INFO     | [POOL #01274] 358 2884 478 1597 2194 1516 1184 2239 252 2556 378 1826 2150 1237 389 1283 1478 1931 88 636 2159 || mode=RB method=sk_ac_min solver=filo2 stage=post_ls ls=pyvrp iter=15
2026-03-15 22:29:15 | INFO     | [POOL #01275] 1512 1197 236 1720 1695 1551 1525 1898 2710 2388 746 2497 1025 1217 1093 2296 343 609 1066 2071 81 1179 2611 2173 2796 2715 326 463 2509 2707 498 || mode=RB method=sk_ac_min solver=filo2 stage=post_ls ls=pyvrp iter=15
2026-03-15 22:29:15 | INFO     | [POOL #01276] 2573 2001 2106 1159 836 102 2645 90 772 1299 1609 1894 1019 2031 823 1474 261 488 424 2092 2642 835 1173 || mode=RB method=sk_ac_min solver=filo2 stage=post_ls ls=pyvrp iter=15
2026-03-15 22:29:15 | INFO     | [POOL #01277] 1043 673 822 2679 1681 1547 1629 656 1352 2165 2258 1475 2200 41 2500 516 2748 249 1445 959 1800 1163 1031 2503 1562 2451 137 2134 2853 1569 285 2621 1004 146 392 383 1518 344 1910 2811 1333 1040 || mode=RB method=sk_ac_min solver=filo2 stage=post_ls ls=pyvrp iter=15
2026-03-15 22:29:15 | INFO     | [POOL #01278] 2911 1904 233 2766 525 2328 1535 1434 2579 2151 1490 2007 1794 654 2053 2793 2335 1908 2819 1143 2846 368 103 1348 269 208 2806 2775 2272 271 1344 1036 2705 838 1864 2131 408 456 244 803 2601 2322 2154 442 1246 2684 1740 2267 1207 1416 1586 2892 2587 745 129 2457 1033 1797 489 524 1186 5 417 2135 2541 1386 863 84 2260 2913 2453 2247 || mode=RB method=sk_ac_min solver=filo2 stage=post_ls ls=pyvrp iter=15
2026-03-15 22:29:15 | INFO     | [POOL #01279] 978 2246 764 2681 174 1838 635 986 1799 2625 2067 1683 1661 2828 1552 2068 1249 1209 1873 2493 1782 2121 || mode=RB method=sk_ac_min solver=filo2 stage=post_ls ls=pyvrp iter=15
2026-03-15 22:29:15 | INFO     | [POOL #01280] 849 119 2801 425 689 1126 2390 231 1364 472 434 2287 2339 2537 1693 896 1208 1571 491 1140 739 228 251 1248 1662 175 2088 619 905 || mode=RB method=sk_ac_min solver=filo2 stage=post_ls ls=pyvrp iter=15
2026-03-15 22:29:15 | INFO     | [POOL #01281] 1700 1918 941 159 416 903 2536 2352 1010 964 2229 1309 2090 1362 158 401 189 1346 1564 617 2186 846 || mode=RB method=sk_ac_min solver=filo2 stage=post_ls ls=pyvrp iter=15
2026-03-15 22:29:15 | INFO     | [POOL #01282] 2722 1471 163 1737 510 1045 2665 1979 738 421 449 887 1769 1056 1778 133 2834 526 1813 2012 2413 27 2042 1129 355 469 1973 2909 1901 1403 2371 519 1714 2578 234 429 1906 1815 1580 1425 1520 1821 1664 1361 2321 1270 276 328 1717 1732 1684 1356 1115 2896 1448 1742 929 1837 2078 448 1021 805 1584 553 || mode=SCP method=gurobi_mip solver=UNKNOWN stage=scp_post_ls ls=N/A iter=15
2026-03-15 22:29:15 | INFO     | [POOL #01283] 728 119 2139 2162 487 2446 2441 522 719 1553 574 262 2204 295 1913 1243 2284 987 2402 1274 2615 1513 472 1693 896 2537 2339 2287 434 2591 2315 2082 2386 2466 1314 2738 2634 2691 2545 1250 2410 2549 2329 2360 2374 2869 2324 1846 650 2163 2448 2255 1919 2178 860 || mode=SCP method=gurobi_mip solver=UNKNOWN stage=scp_post_ls ls=N/A iter=15
2026-03-15 22:29:15 | INFO     | [POOL #01284] 2590 1507 1681 656 146 1004 281 2621 2584 1569 2853 2134 137 2654 1026 216 70 573 1207 2892 129 2587 745 103 1348 2775 2069 173 1702 147 2136 624 1375 2487 68 138 1816 2434 2769 1927 1605 2123 2098 1495 2838 57 87 1234 2456 1757 286 820 2367 2863 2443 616 1801 2417 217 833 369 || mode=RB method=sk_ac_complete solver=pyvrp stage=post_ls ls=pyvrp iter=16
2026-03-15 22:29:15 | INFO     | [POOL #01285] 414 2298 435 197 1911 2501 2608 1450 1740 1246 2154 442 2684 1864 2131 408 511 829 2234 2442 1017 1295 300 1470 259 413 648 1221 2895 1401 2079 2516 2404 188 1687 1225 1934 48 2883 172 803 456 244 2322 2601 2809 2056 2228 2267 1416 1586 271 1344 2272 2806 269 2335 654 338 1198 167 2274 360 2553 2429 1154 666 || mode=RB method=sk_ac_complete solver=pyvrp stage=post_ls ls=pyvrp iter=16
2026-03-15 22:29:15 | INFO     | [POOL #01286] 41 2500 2451 75 1627 589 2395 696 1113 2633 2562 1147 1762 2397 2107 404 791 2387 2610 2415 1388 621 2657 349 1680 1776 792 155 984 || mode=RB method=sk_ac_complete solver=pyvrp stage=post_ls ls=pyvrp iter=16
2026-03-15 22:29:15 | INFO     | [POOL #01287] 1595 109 2717 2149 1726 1844 2385 1369 249 2748 1562 1445 1559 959 1800 1031 1560 1212 1992 2167 2457 1033 1797 1418 2631 1443 1897 998 2102 1941 579 1617 2288 2670 71 2488 185 1912 2054 1589 91 1563 1370 2051 || mode=RB method=sk_ac_complete solver=pyvrp stage=post_ls ls=pyvrp iter=16
2026-03-15 22:29:15 | INFO     | [POOL #01288] 451 114 1656 187 303 1069 207 1622 1084 2894 2830 2046 104 301 1146 1051 2236 2066 1536 847 1697 1862 993 || mode=RB method=sk_ac_complete solver=pyvrp stage=post_ls ls=pyvrp iter=16
2026-03-15 22:29:15 | INFO     | [POOL #01289] 1352 2165 2200 161 516 2503 1163 2332 1068 2695 1657 583 949 2755 407 787 1089 893 2728 62 2184 718 2399 2626 1722 248 || mode=RB method=sk_ac_complete solver=pyvrp stage=post_ls ls=pyvrp iter=16
2026-03-15 22:29:15 | INFO     | [POOL #01290] 1480 1871 2485 1746 1247 1767 2225 151 716 773 1062 2850 2481 1644 603 1698 540 16 1967 2607 1096 605 1715 || mode=RB method=sk_ac_complete solver=pyvrp stage=post_ls ls=pyvrp iter=16
2026-03-15 22:29:15 | INFO     | [POOL #01291] 2704 2199 1359 2716 970 2647 945 877 1424 139 2702 1867 2812 1833 2333 2307 2126 824 1578 2864 2515 || mode=RB method=sk_ac_complete solver=pyvrp stage=post_ls ls=pyvrp iter=16
2026-03-15 22:29:15 | INFO     | [POOL #01292] 2019 1949 1354 2280 1461 2686 452 1614 723 1651 432 2205 1758 850 908 2494 1238 366 2530 659 1990 1518 344 1910 1333 2679 673 1280 || mode=RB method=sk_ac_complete solver=pyvrp stage=post_ls ls=pyvrp iter=16
2026-03-15 22:29:15 | INFO     | [POOL #01293] 1043 2671 822 1040 2811 2908 920 383 2024 1738 2291 393 219 862 1510 875 2258 1475 141 927 285 543 1436 5 417 2135 357 2223 2073 1371 84 2260 22 2754 392 1629 1547 2316 353 2463 1984 2604 || mode=RB method=sk_ac_complete solver=pyvrp stage=post_ls ls=pyvrp iter=16
2026-03-15 22:29:15 | INFO     | [POOL #01294] 302 1770 2326 211 1969 330 1132 810 1303 473 2039 1775 399 2030 1083 1173 1675 2458 600 536 157 1003 || mode=RB method=sk_ac_complete solver=pyvrp stage=post_ls ls=pyvrp iter=16
2026-03-15 22:29:15 | INFO     | [POOL #01295] 2156 752 705 1323 1360 1435 2569 2653 2551 2426 2230 2464 2826 1223 1244 1260 938 1834 1343 2694 412 2375 891 2152 1542 1291 || mode=RB method=sk_ac_complete solver=pyvrp stage=post_ls ls=pyvrp iter=16
2026-03-15 22:29:15 | INFO     | [POOL #01296] 1820 1372 1107 268 1389 1795 759 1102 620 2262 888 2247 2453 2913 1884 2342 2469 1835 1832 2467 1465 2666 937 711 2081 2605 1727 1976 646 1921 2207 1186 524 489 2007 1794 1490 2151 2734 2297 1523 2445 2045 2579 398 2833 1382 1739 2708 1660 226 2328 525 2766 233 701 250 1156 277 939 2210 || mode=RB method=sk_ac_complete solver=pyvrp stage=post_ls ls=pyvrp iter=16
2026-03-15 22:29:15 | INFO     | [POOL #01297] 2502 324 2646 78 2520 143 2479 1439 1753 1228 2168 2343 1689 2506 423 1044 1415 290 279 181 209 2693 1087 || mode=RB method=sk_ac_complete solver=pyvrp stage=post_ls ls=pyvrp iter=16
2026-03-15 22:29:15 | INFO     | [POOL #01298] 1768 312 2890 2473 985 664 2389 2750 2187 459 2396 1 2350 2714 379 821 431 2804 1915 1231 257 367 2658 1135 2852 1902 266 1968 2412 132 566 2785 1408 2552 590 1005 1881 2145 92 2906 1573 1645 482 1840 2048 1932 1358 582 1048 956 440 1090 518 879 1398 936 2000 1756 2224 348 837 549 649 647 || mode=RB method=sk_ac_complete solver=pyvrp stage=post_ls ls=pyvrp iter=16
2026-03-15 22:29:15 | INFO     | [POOL #01299] 2021 2181 2118 1504 999 2764 2279 2508 817 698 376 73 1895 561 2249 2805 867 678 346 806 2697 2363 1009 2017 1600 2091 1265 864 2218 1049 747 2254 2468 2637 10 1020 1170 1494 2349 2198 406 1960 1719 1324 2222 1447 327 1755 977 2015 671 2407 1882 1326 1682 24 466 2043 64 1711 572 675 || mode=RB method=sk_ac_complete solver=pyvrp stage=post_ls ls=pyvrp iter=16
2026-03-15 22:29:15 | INFO     | [POOL #01300] 2803 1668 53 1745 1899 1566 2269 668 2797 2018 1964 2362 1055 168 2140 1530 1327 2377 2904 1567 630 2495 2839 1255 1935 323 1396 1709 2308 1242 171 194 505 1013 962 695 464 319 1891 391 580 65 1875 2879 394 2897 2525 2391 1860 1072 1859 968 222 811 2746 558 2383 1267 1312 || mode=RB method=sk_ac_complete solver=pyvrp stage=post_ls ls=pyvrp iter=16
2026-03-15 22:29:15 | INFO     | [POOL #01301] 2032 1763 2170 1218 2292 1070 584 409 1189 2271 1610 688 802 184 845 117 1766 1269 1178 42 1672 2827 1438 1785 2153 1290 2476 1122 124 2050 1596 1521 2027 1050 1920 1076 331 2180 834 633 282 2330 918 2475 1092 1404 885 1539 555 531 || mode=RB method=sk_ac_complete solver=pyvrp stage=post_ls ls=pyvrp iter=16
2026-03-15 22:29:15 | INFO     | [POOL #01302] 1294 843 1957 1975 2259 1790 2669 2036 97 483 1784 54 731 2518 493 2208 1305 1528 546 2327 1229 1112 1930 2855 2685 1649 126 1659 1318 545 2346 1731 2190 1621 1812 1994 1671 2323 1131 557 537 1543 575 935 2309 2490 2808 1406 1259 2765 1533 1954 2832 2511 1926 490 2743 955 458 1345 1002 1047 876 1847 995 2013 900 2144 || mode=RB method=sk_ac_complete solver=pyvrp stage=post_ls ls=pyvrp iter=16
2026-03-15 22:29:15 | INFO     | [POOL #01303] 2103 2041 2687 1811 2125 883 1097 2058 2270 2427 1240 587 591 1558 1948 298 994 1200 2862 1618 445 2792 1877 43 2169 13 958 2093 1006 2547 325 354 2676 2699 2011 2871 2174 1011 2609 314 1679 627 2195 1391 595 946 2233 2028 402 2719 923 2450 2440 1798 2711 931 881 997 2096 457 28 166 1172 2382 34 2857 2226 || mode=RB method=sk_ac_complete solver=pyvrp stage=post_ls ls=pyvrp iter=16
2026-03-15 22:29:15 | INFO     | [POOL #01304] 1171 1613 36 2109 467 461 254 1347 2491 2431 1001 625 809 15 2430 2189 1434 1535 608 1275 1052 1449 599 1914 2266 2182 471 1952 1038 2876 917 1128 260 2483 1133 683 2823 1421 2541 1386 863 438 1635 852 866 454 2120 2482 2721 717 427 1876 2703 2817 2563 1904 1219 902 1704 513 2244 52 || mode=RB method=sk_ac_complete solver=pyvrp stage=post_ls ls=pyvrp iter=16
2026-03-15 22:29:15 | INFO     | [POOL #01305] 2911 1819 2700 1809 1330 944 784 1674 2779 2053 2793 1908 2819 1143 2846 368 208 1036 2705 838 450 278 906 258 372 497 1342 1074 1022 2800 1522 2586 2690 2623 1410 2368 1688 1951 1928 1587 2659 2662 2612 1174 563 6 2394 1253 308 443 1111 550 638 2060 289 420 2393 2127 1337 1803 77 2822 2724 264 1365 1544 280 1428 880 332 272 1307 || mode=RB method=sk_ac_complete solver=pyvrp stage=post_ls ls=pyvrp iter=16
2026-03-15 22:29:15 | INFO     | [POOL #01306] 1999 1440 149 2108 2546 1879 2341 1962 1556 1515 136 1150 468 1355 1958 1634 1953 || mode=RB method=sk_ac_complete solver=pyvrp stage=post_ls ls=pyvrp iter=16
2026-03-15 22:29:15 | INFO     | [POOL #01307] 1858 840 2351 1332 724 865 1155 400 1985 567 79 982 373 1067 2183 2179 1878 2261 1865 1433 1377 || mode=RB method=sk_ac_complete solver=pyvrp stage=post_ls ls=pyvrp iter=16
2026-03-15 22:29:15 | INFO     | [POOL #01308] 1127 246 || mode=RB method=sk_ac_complete solver=pyvrp stage=post_ls ls=pyvrp iter=16
2026-03-15 22:29:15 | INFO     | [POOL #01309] 96 2725 63 2347 960 756 2129 2636 1091 1760 9 2034 2072 667 1431 2542 1149 134 1923 1752 2557 || mode=RB method=sk_ac_complete solver=pyvrp stage=post_ls ls=pyvrp iter=16
2026-03-15 22:29:15 | INFO     | [POOL #01310] 1161 1351 1686 682 1792 1035 1856 778 916 169 1233 1508 1537 2331 760 554 530 1939 2256 2568 781 794 || mode=RB method=sk_ac_complete solver=pyvrp stage=post_ls ls=pyvrp iter=16
2026-03-15 22:29:15 | INFO     | [POOL #01311] 1730 749 704 213 47 2885 933 2794 1023 479 886 1703 1591 610 2275 403 2116 655 2878 2735 1216 1196 1222 2771 2737 1654 1890 869 1527 2191 1938 116 384 1098 1570 274 322 740 2706 878 1623 1339 2741 2166 1831 1125 1501 2285 1479 1827 180 1385 || mode=RB method=sk_ac_complete solver=pyvrp stage=post_ls ls=pyvrp iter=16
2026-03-15 22:29:15 | INFO     | [POOL #01312] 433 1462 559 1110 1959 45 1182 1373 2868 1653 789 2712 2437 676 2029 1145 816 1181 2409 1029 1502 2854 642 763 2577 2014 1215 2713 1574 2554 1158 131 || mode=RB method=sk_ac_complete solver=pyvrp stage=post_ls ls=pyvrp iter=16
2026-03-15 22:29:15 | INFO     | [POOL #01313] 661 95 12 669 2157 2439 2624 2104 1725 32 86 1338 240 1106 2075 2161 1353 899 113 1995 2836 55 2263 362 148 1114 1701 2452 1944 1393 1997 || mode=RB method=sk_ac_complete solver=pyvrp stage=post_ls ls=pyvrp iter=16
2026-03-15 22:29:15 | INFO     | [POOL #01314] 1142 1366 2020 2635 1285 1836 196 1053 1176 1124 2424 1685 2392 60 470 26 2471 377 623 907 474 807 39 || mode=RB method=sk_ac_complete solver=pyvrp stage=post_ls ls=pyvrp iter=16
2026-03-15 22:29:15 | INFO     | [POOL #01315] 1484 1694 732 76 2196 23 1602 615 762 1190 2733 2340 2406 164 1397 125 521 1526 753 827 726 || mode=RB method=sk_ac_complete solver=pyvrp stage=post_ls ls=pyvrp iter=16
2026-03-15 22:29:15 | INFO     | [POOL #01316] 2881 2132 2354 2856 1499 815 2492 552 1783 2824 396 1169 1286 275 2902 178 853 2870 989 913 2313 352 1532 || mode=RB method=sk_ac_complete solver=pyvrp stage=post_ls ls=pyvrp iter=16
2026-03-15 22:29:15 | INFO     | [POOL #01317] 273 1376 514 2433 2727 1392 1582 2649 140 2094 1531 775 193 2099 1842 2489 2449 548 1546 2416 672 1855 2795 || mode=RB method=sk_ac_complete solver=pyvrp stage=post_ls ls=pyvrp iter=16
2026-03-15 22:29:15 | INFO     | [POOL #01318] 1754 1946 2083 1039 700 1472 1540 198 305 299 1870 800 306 2064 854 1477 2345 2113 2886 2730 1808 2252 || mode=RB method=sk_ac_complete solver=pyvrp stage=post_ls ls=pyvrp iter=16
2026-03-15 22:29:15 | INFO     | [POOL #01319] 976 1612 921 61 430 2889 2620 2526 2788 1678 2314 1061 1741 1281 2756 2618 2742 1395 687 694 2572 1252 || mode=RB method=sk_ac_complete solver=pyvrp stage=post_ls ls=pyvrp iter=16
2026-03-15 22:29:15 | INFO     | [POOL #01320] 1608 1929 2319 2356 1823 1872 1853 2782 2899 481 154 2595 1705 2365 1592 2540 2866 564 2372 1335 1869 411 || mode=RB method=sk_ac_complete solver=pyvrp stage=post_ls ls=pyvrp iter=16
2026-03-15 22:29:15 | INFO     | [POOL #01321] 2216 203 2565 534 2583 1636 1409 243 2084 1696 1383 1103 653 2692 1457 2780 818 868 1593 2423 715 884 || mode=RB method=sk_ac_complete solver=pyvrp stage=post_ls ls=pyvrp iter=16
2026-03-15 22:29:15 | INFO     | [POOL #01322] 2 422 1887 296 2281 925 2650 2773 901 2462 710 2248 2837 475 1191 1224 2306 320 2798 1771 1549 || mode=RB method=sk_ac_complete solver=pyvrp stage=post_ls ls=pyvrp iter=16
2026-03-15 22:29:15 | INFO     | [POOL #01323] 2278 2164 2063 1710 294 3 1266 1577 1289 1268 1735 11 2265 370 614 1007 255 153 528 1845 870 1322 928 980 551 2663 2888 || mode=RB method=sk_ac_complete solver=pyvrp stage=post_ls ls=pyvrp iter=16
2026-03-15 22:29:15 | INFO     | [POOL #01324] 722 1576 1942 652 657 1387 2784 1394 2891 502 2678 2155 2752 2723 2472 685 1747 288 218 1101 1883 19 1065 2237 826 1014 714 199 585 1429 1550 622 || mode=RB method=sk_ac_complete solver=pyvrp stage=post_ls ls=pyvrp iter=16
2026-03-15 22:29:15 | INFO     | [POOL #01325] 930 1245 915 874 2231 410 727 2787 465 85 1970 191 597 329 1298 214 182 2816 1854 1829 604 || mode=RB method=sk_ac_complete solver=pyvrp stage=post_ls ls=pyvrp iter=16
2026-03-15 22:29:15 | INFO     | [POOL #01326] 835 1159 836 424 488 261 1474 823 1609 1894 1019 2031 1357 1624 670 581 385 641 1892 1463 342 1991 397 || mode=RB method=sk_ac_complete solver=pyvrp stage=post_ls ls=pyvrp iter=16
2026-03-15 22:29:15 | INFO     | [POOL #01327] 2523 926 1594 721 2720 256 871 2907 2435 1308 2745 127 212 428 1607 2411 1487 292 1230 1032 1284 || mode=RB method=sk_ac_complete solver=pyvrp stage=post_ls ls=pyvrp iter=16
2026-03-15 22:29:15 | INFO     | [POOL #01328] 144 2106 2642 2092 2645 90 772 1299 2818 2175 1646 1430 1925 1639 1390 2251 842 919 2528 1422 102 2232 2598 || mode=RB method=sk_ac_complete solver=pyvrp stage=post_ls ls=pyvrp iter=16
2026-03-15 22:29:15 | INFO     | [POOL #01329] 1534 922 2912 2599 1880 2596 692 1802 2638 594 2677 2010 2361 291 1933 2505 1529 651 1060 2148 2531 93 || mode=RB method=sk_ac_complete solver=pyvrp stage=post_ls ls=pyvrp iter=16
2026-03-15 22:29:15 | INFO     | [POOL #01330] 1454 210 186 1452 1130 733 375 426 2770 100 983 2253 761 316 145 1213 2122 562 2683 2901 1669 988 1977 || mode=RB method=sk_ac_complete solver=pyvrp stage=post_ls ls=pyvrp iter=16
2026-03-15 22:29:15 | INFO     | [POOL #01331] 1456 750 239 2422 2600 2400 777 2289 108 1666 2776 681 25 439 318 1094 446 2731 662 706 708 || mode=RB method=sk_ac_complete solver=pyvrp stage=post_ls ls=pyvrp iter=16
2026-03-15 22:29:15 | INFO     | [POOL #01332] 1519 1692 2560 1963 386 2581 2172 2519 2370 2470 2455 709 942 1554 2872 2414 1075 293 1321 183 2760 484 || mode=RB method=sk_ac_complete solver=pyvrp stage=post_ls ls=pyvrp iter=16
2026-03-15 22:29:15 | INFO     | [POOL #01333] 1598 485 2882 1177 967 2277 2570 1796 1202 1241 1699 1611 1708 49 2561 569 371 754 1180 477 1442 618 1545 || mode=RB method=sk_ac_complete solver=pyvrp stage=post_ls ls=pyvrp iter=16
2026-03-15 22:29:15 | INFO     | [POOL #01334] 1966 1296 2221 2772 2860 2536 1010 2229 1309 2090 1362 158 401 189 83 889 780 743 122 2061 2781 1799 || mode=RB method=sk_ac_complete solver=pyvrp stage=post_ls ls=pyvrp iter=16
2026-03-15 22:29:15 | INFO     | [POOL #01335] 1787 508 253 69 795 712 592 2835 1619 964 416 903 159 66 1749 686 1488 1141 1988 2057 693 986 || mode=RB method=sk_ac_complete solver=pyvrp stage=post_ls ls=pyvrp iter=16
2026-03-15 22:29:15 | INFO     | [POOL #01336] 1138 2337 111 179 2378 2235 975 758 2348 2202 909 381 1119 1468 501 2114 2460 2597 801 2807 1466 1489 478 || mode=RB method=sk_ac_complete solver=pyvrp stage=post_ls ls=pyvrp iter=16
2026-03-15 22:29:15 | INFO     | [POOL #01337] 98 2186 2465 2813 691 1616 1989 2283 1690 2510 1729 1183 1420 1419 2286 1346 1564 617 380 812 788 || mode=RB method=sk_ac_complete solver=pyvrp stage=post_ls ls=pyvrp iter=16
2026-03-15 22:29:15 | INFO     | [POOL #01338] 978 839 873 99 797 2318 2033 170 51 1971 1918 230 2022 846 542 2401 387 547 1568 1700 2582 313 || mode=RB method=sk_ac_complete solver=pyvrp stage=post_ls ls=pyvrp iter=16
2026-03-15 22:29:15 | INFO     | [POOL #01339] 746 2893 460 2357 1693 434 2287 2339 2537 896 491 1571 1140 739 1227 658 1077 135 702 1936 2067 || mode=RB method=sk_ac_complete solver=pyvrp stage=post_ls ls=pyvrp iter=16
2026-03-15 22:29:15 | INFO     | [POOL #01340] 941 2352 674 441 1153 177 1120 2504 1850 2539 1903 2648 2193 2101 571 1828 1670 1251 914 1148 1117 2655 224 || mode=RB method=sk_ac_complete solver=pyvrp stage=post_ls ls=pyvrp iter=16
2026-03-15 22:29:15 | INFO     | [POOL #01341] 1780 82 972 1208 2480 1541 735 2240 1310 2264 1278 1982 2250 766 2059 1446 1402 1437 1118 2070 2887 2875 || mode=RB method=sk_ac_complete solver=pyvrp stage=post_ls ls=pyvrp iter=16
2026-03-15 22:29:15 | INFO     | [POOL #01342] 2689 1116 1046 1137 80 1476 912 1451 1575 2814 1168 2660 1336 963 1157 1325 2628 1506 1283 1478 1931 || mode=RB method=sk_ac_complete solver=pyvrp stage=post_ls ls=pyvrp iter=16
2026-03-15 22:29:15 | INFO     | [POOL #01343] 2121 1781 118 1144 2905 1662 251 1248 2514 228 894 1379 776 2055 1328 665 175 2088 619 2867 1165 1516 1525 || mode=RB method=sk_ac_complete solver=pyvrp stage=post_ls ls=pyvrp iter=16
2026-03-15 22:29:15 | INFO     | [POOL #01344] 2884 1743 1826 953 284 2614 204 2630 2861 533 2040 2910 378 2556 2239 1184 2194 1597 905 1588 2353 2744 2796 2761 849 || mode=RB method=sk_ac_complete solver=pyvrp stage=post_ls ls=pyvrp iter=16
2026-03-15 22:29:15 | INFO     | [POOL #01345] 636 88 1340 1807 389 1237 2150 1151 252 2701 2627 1721 221 2380 1313 287 1109 1066 1179 1898 1551 463 1720 1197 || mode=RB method=sk_ac_complete solver=pyvrp stage=post_ls ls=pyvrp iter=16
2026-03-15 22:29:15 | INFO     | [POOL #01346] 553 2379 2178 1919 2143 961 2448 58 2441 2446 2006 1417 2201 297 2619 632 1500 2778 2402 1274 472 2591 2315 2082 2386 2634 2691 2545 1250 2410 2549 2329 2360 2374 2869 2324 1846 650 2163 2576 522 2874 699 719 1271 374 476 1553 2204 1913 295 262 574 2680 1126 2529 689 425 487 2162 872 2038 1759 796 860 895 || mode=RB method=sk_ac_complete solver=pyvrp stage=post_ls ls=pyvrp iter=16
2026-03-15 22:29:15 | INFO     | [POOL #01347] 498 2682 453 2509 1695 1483 1363 2311 2622 2753 2142 56 2668 1626 532 1863 321 1514 123 1164 2176 506 663 1561 1839 || mode=RB method=sk_ac_complete solver=pyvrp stage=post_ls ls=pyvrp iter=16
2026-03-15 22:29:15 | INFO     | [POOL #01348] 283 1744 601 1432 2212 242 2710 2071 609 343 2296 1093 1217 1025 2497 2388 1099 358 2159 910 || mode=RB method=sk_ac_complete solver=pyvrp stage=post_ls ls=pyvrp iter=16
2026-03-15 22:29:15 | INFO     | [POOL #01349] 1782 2493 1661 1683 1579 1334 730 496 635 1830 1788 2209 2675 1814 1817 1085 1599 565 855 2141 419 || mode=RB method=sk_ac_complete solver=pyvrp stage=post_ls ls=pyvrp iter=16
2026-03-15 22:29:15 | INFO     | [POOL #01350] 769 1293 2130 2873 1378 1209 1873 1249 2068 1552 2828 2625 174 1838 1078 1058 2681 764 2246 1279 225 || mode=RB method=sk_ac_complete solver=pyvrp stage=post_ls ls=pyvrp iter=16
2026-03-15 22:29:15 | INFO     | [POOL #01351] 1512 236 326 2715 2173 2611 81 115 2698 2558 2898 2799 1791 744 924 1282 611 2848 333 2574 2615 1513 2466 1314 2738 1243 2284 987 1364 2390 231 2419 2242 1232 270 2802 150 1444 1317 2740 2801 2139 598 576 119 728 2369 2841 1316 2707 || mode=RB method=sk_ac_complete solver=pyvrp stage=post_ls ls=pyvrp iter=16
2026-03-15 22:29:15 | INFO     | [POOL #01352] 943 2602 2384 2664 639 1736 2585 2004 1239 1380 1400 2667 215 1473 495 602 2461 2474 973 2859 1896 480 || mode=RB method=sk_ac_complete solver=pyvrp stage=post_ls ls=pyvrp iter=16
2026-03-15 22:29:15 | INFO     | [POOL #01353] 2049 2009 317 1458 742 1956 359 1210 1718 2293 1641 2821 309 2105 2843 2777 954 1630 1105 447 755 || mode=RB method=sk_ac_complete solver=pyvrp stage=post_ls ls=pyvrp iter=16
2026-03-15 22:29:15 | INFO     | [POOL #01354] 785 2312 1018 825 2325 2003 890 142 932 1498 626 395 1258 771 2548 768 1288 1565 1849 1204 1331 || mode=RB method=sk_ac_complete solver=pyvrp stage=post_ls ls=pyvrp iter=16
2026-03-15 22:29:15 | INFO     | [POOL #01355] 94 541 337 2810 363 29 1081 1455 570 1805 981 2076 503 2718 2521 814 679 588 2858 2359 241 || mode=RB method=sk_ac_complete solver=pyvrp stage=post_ls ls=pyvrp iter=16
2026-03-15 22:29:15 | INFO     | [POOL #01356] 304 2197 1907 2436 1041 1716 2310 504 2613 1628 934 1774 2517 2575 1082 37 1917 2606 339 2355 335 || mode=RB method=sk_ac_complete solver=pyvrp stage=post_ls ls=pyvrp iter=16
2026-03-15 22:29:15 | INFO     | [POOL #01357] 1724 1459 831 2111 1777 1467 911 1848 350 486 1185 2366 1947 1374 1638 697 1606 757 2138 1199 2791 1203 1538 || mode=RB method=sk_ac_complete solver=pyvrp stage=post_ls ls=pyvrp iter=16
2026-03-15 22:29:15 | INFO     | [POOL #01358] 2749 520 1590 1162 1851 2544 310 2124 232 830 2849 637 1413 1517 2588 365 2408 1350 2133 2016 2095 || mode=RB method=sk_ac_complete solver=pyvrp stage=post_ls ls=pyvrp iter=16
2026-03-15 22:29:15 | INFO     | [POOL #01359] 1152 2301 1080 2496 1257 1272 46 2522 2786 841 898 1804 2432 2594 1852 1555 1254 1469 2171 1211 690 2117 || mode=RB method=sk_ac_complete solver=pyvrp stage=post_ls ls=pyvrp iter=16
2026-03-15 22:29:15 | INFO     | [POOL #01360] 2188 2381 1905 1027 2555 2128 593 2158 8 2486 1460 2603 1707 2820 1201 2097 606 2037 1123 1972 1765 844 || mode=RB method=sk_ac_complete solver=pyvrp stage=post_ls ls=pyvrp iter=16
2026-03-15 22:29:15 | INFO     | [POOL #01361] 1187 388 192 1751 2478 1509 2640 340 2185 568 1261 613 892 1585 2305 707 2119 1916 2085 235 2617 || mode=RB method=sk_ac_complete solver=pyvrp stage=post_ls ls=pyvrp iter=16
2026-03-15 22:29:15 | INFO     | [POOL #01362] 1287 799 2507 607 1367 2498 17 2062 1603 30 2851 1411 227 492 2673 2047 765 1206 405 1300 856 || mode=RB method=sk_ac_complete solver=pyvrp stage=post_ls ls=pyvrp iter=16
2026-03-15 22:29:15 | INFO     | [POOL #01363] 311 2632 195 851 2089 1818 2002 1015 2376 813 315 2295 1632 2842 2543 1650 1059 2845 2789 35 1937 7 2900 || mode=RB method=sk_ac_complete solver=pyvrp stage=post_ls ls=pyvrp iter=16
2026-03-15 22:29:15 | INFO     | [POOL #01364] 2334 347 38 160 2052 336 2616 418 1998 2219 2217 14 1493 2729 1426 2192 897 1306 2438 2513 1640 || mode=RB method=sk_ac_complete solver=pyvrp stage=post_ls ls=pyvrp iter=16
2026-03-15 22:29:15 | INFO     | [POOL #01365] 1548 1955 2035 2405 1633 1384 201 2877 2571 2299 2300 162 44 2358 1511 229 1822 2268 1160 2454 415 1236 2535 2290 2245 || mode=RB method=sk_ac_complete solver=pyvrp stage=post_ls ls=pyvrp iter=16
2026-03-15 22:29:15 | INFO     | [POOL #01366] 1841 1166 1886 2564 2115 535 130 2026 2137 1615 2080 2847 1713 1825 577 59 1496 20 2421 2593 1996 1986 || mode=RB method=sk_ac_complete solver=pyvrp stage=post_ls ls=pyvrp iter=16
2026-03-15 22:29:15 | INFO     | [POOL #01367] 2758 1175 2880 2865 1277 2044 1665 974 500 2903 804 2815 265 2763 1304 2533 786 741 1601 1108 263 1761 || mode=RB method=sk_ac_complete solver=pyvrp stage=post_ls ls=pyvrp iter=16
2026-03-15 22:29:15 | INFO     | [POOL #01368] 1195 1733 2527 1037 1772 356 2709 1095 857 437 1016 2317 1412 1262 1028 1311 904 121 2790 1086 507 206 || mode=RB method=sk_ac_complete solver=pyvrp stage=post_ls ls=pyvrp iter=16
2026-03-15 22:29:15 | INFO     | [POOL #01369] 112 2074 1505 770 341 2241 390 680 515 2403 2338 1139 1824 2364 107 1263 858 2629 1655 1167 2146 950 || mode=RB method=sk_ac_complete solver=pyvrp stage=post_ls ls=pyvrp iter=16
2026-03-15 22:29:15 | INFO     | [POOL #01370] 1789 2160 1349 1302 979 790 18 1677 1987 1134 1235 957 110 556 1381 351 1297 444 1063 1399 165 644 || mode=RB method=sk_ac_complete solver=pyvrp stage=post_ls ls=pyvrp iter=16
2026-03-15 22:29:15 | INFO     | [POOL #01371] 2215 2213 1945 1810 2302 2759 1631 1088 1079 882 1604 2652 544 2001 33 1030 645 966 2398 267 2276 1643 2757 || mode=RB method=sk_ac_complete solver=pyvrp stage=post_ls ls=pyvrp iter=16
2026-03-15 22:29:15 | INFO     | [POOL #01372] 364 1658 2220 455 2211 202 247 1492 238 1368 2214 223 1441 334 1008 245 31 1256 1978 2336 2243 || mode=RB method=sk_ac_complete solver=pyvrp stage=post_ls ls=pyvrp iter=16
2026-03-15 22:29:15 | INFO     | [POOL #01373] 736 40 819 947 734 1581 991 1264 1100 1706 539 2566 1663 2644 703 2477 1940 2674 2459 2774 1712 729 2065 || mode=RB method=sk_ac_complete solver=pyvrp stage=post_ls ls=pyvrp iter=16
2026-03-15 22:29:15 | INFO     | [POOL #01374] 1900 1583 462 1000 1273 2087 2532 499 1557 1981 1866 969 2573 1423 996 1779 677 2499 2418 1194 101 1637 971 || mode=RB method=sk_ac_complete solver=pyvrp stage=post_ls ls=pyvrp iter=16
2026-03-15 22:29:15 | INFO     | [POOL #01375] 612 1485 1889 1054 684 494 1667 1315 105 1922 1405 2736 1193 1497 2767 1652 1319 1192 2420 1329 2227 1453 || mode=RB method=sk_ac_complete solver=pyvrp stage=post_ls ls=pyvrp iter=16
2026-03-15 22:29:15 | INFO     | [POOL #01376] 1737 1584 805 1021 448 2255 2078 1837 2665 1979 738 421 449 887 1769 1056 1778 133 2834 526 1813 2012 1356 1732 1717 328 276 1270 2321 1361 1664 1821 1520 1425 1580 1815 1906 429 234 2578 1714 1129 2042 27 2413 1965 89 1073 1983 2304 2203 2023 74 2273 2768 859 1648 1857 512 1843 1950 1861 1486 120 || mode=RB method=sk_ac_complete solver=pyvrp stage=post_ls ls=pyvrp iter=16
2026-03-15 22:29:15 | INFO     | [POOL #01377] 1121 1464 152 382 190 1491 779 72 1734 2580 1868 951 237 2732 1104 2844 2320 1961 720 1012 1064 629 2762 1909 2592 517 1673 1728 2643 2641 2005 156 634 631 1943 1647 992 1786 1042 1980 2739 2428 50 1341 1482 2100 1301 2534 1974 307 67 2829 1642 2086 1292 861 2344 2484 1806 783 2538 1220 1407 2444 || mode=RB method=sk_ac_complete solver=pyvrp stage=post_ls ls=pyvrp iter=16
2026-03-15 22:29:15 | INFO     | [POOL #01378] 767 2447 990 2238 1057 2550 361 628 2524 2110 2825 106 1276 2696 2567 1723 1773 2008 774 529 2672 2651 220 1924 940 1676 1024 560 436 21 713 2747 1226 1620 798 2656 1885 1625 1320 509 2373 808 1524 640 1034 660 345 725 2206 205 2559 2783 643 737 828 1071 1503 2840 2726 2425 2751 || mode=RB method=sk_ac_complete solver=pyvrp stage=post_ls ls=pyvrp iter=16
2026-03-15 22:29:15 | INFO     | [POOL #01379] 163 510 1045 929 1742 1448 2896 1115 1684 519 2371 1403 355 1901 2909 469 1973 596 848 1691 1793 2661 1481 2077 2294 1214 2831 2025 4 2147 1993 1750 748 176 578 1205 948 2512 2639 523 2257 952 751 1136 1893 1764 1874 965 2688 832 586 2282 2589 200 782 2303 2177 527 1748 1888 1572 128 1427 793 1414 538 2112 1188 1471 2722 || mode=RB method=sk_ac_complete solver=pyvrp stage=post_ls ls=pyvrp iter=16
2026-03-15 22:29:15 | INFO     | [POOL #01380] 1711 64 2043 466 53 2013 968 647 649 2018 833 217 664 2879 1875 65 580 391 2863 2443 1589 2054 820 1912 286 1757 1234 87 57 582 1048 2488 185 956 440 459 1090 2750 1563 91 2389 394 1370 985 2897 2525 2391 1860 369 1072 2857 1859 811 2746 1768 2226 1312 675 || mode=RB method=sk_ac_complete solver=filo1 stage=post_ls ls=pyvrp iter=17
2026-03-15 22:29:15 | INFO     | [POOL #01381] 558 1291 2244 1542 2152 414 1704 902 620 2298 2262 435 1040 2679 1333 2811 1910 344 1518 383 1629 1547 1681 1738 393 2291 2149 279 181 209 2694 353 412 2375 822 759 1389 268 1107 109 2383 || mode=RB method=sk_ac_complete solver=filo1 stage=post_ls ls=pyvrp iter=17
2026-03-15 22:29:15 | INFO     | [POOL #01382] 1003 157 536 2459 600 1775 399 2030 1083 1173 1675 2458 2199 1359 2704 473 1303 330 1132 1969 211 1712 || mode=RB method=sk_ac_complete solver=filo1 stage=post_ls ls=pyvrp iter=17
2026-03-15 22:29:15 | INFO     | [POOL #01383] 1990 1352 1475 2200 41 2500 2853 2134 137 2451 2654 75 1212 1560 1627 589 2395 1113 696 1225 1687 188 2404 1221 2895 1401 2516 2079 2633 2562 1147 1762 1084 1622 207 1644 603 1698 787 187 893 || mode=RB method=sk_ac_complete solver=filo1 stage=post_ls ls=pyvrp iter=17
2026-03-15 22:29:15 | INFO     | [POOL #01384] 2144 2803 1668 900 272 1899 1566 2269 668 2362 1891 319 464 695 2838 1495 280 2098 2123 1605 1927 2769 2434 1816 2127 2393 77 1803 1337 289 420 563 1174 2612 1587 2659 2662 1375 624 2136 147 2552 2487 138 68 1005 590 1881 2145 92 2906 1573 1645 482 1840 2048 1932 1358 2456 2367 616 1801 2417 1964 2797 34 880 222 || mode=RB method=sk_ac_complete solver=filo1 stage=post_ls ls=pyvrp iter=17
2026-03-15 22:29:15 | INFO     | [POOL #01385] 2604 752 1722 705 1770 1323 1360 2569 2653 938 1834 1228 1753 1439 1343 2479 143 2520 78 2646 324 2502 || mode=RB method=sk_ac_complete solver=filo1 stage=post_ls ls=pyvrp iter=17
2026-03-15 22:29:15 | INFO     | [POOL #01386] 1154 1156 250 348 2224 1756 2000 936 1398 2187 2396 1 71 2288 1617 579 1941 2102 998 1897 2658 1135 2852 2412 132 566 2785 1408 1702 906 258 278 372 1342 497 829 511 2234 408 2131 450 838 1864 2684 442 2154 1246 1740 2267 1207 1416 1586 2892 2587 745 129 2457 1033 1797 489 524 1186 5 417 2135 1421 84 2260 2913 2453 2247 888 || mode=RB method=sk_ac_complete solver=filo1 stage=post_ls ls=pyvrp iter=17
2026-03-15 22:29:15 | INFO     | [POOL #01387] 2032 1763 2170 1218 2292 1070 584 409 1189 2271 1610 688 802 845 184 1178 42 1672 1269 1766 117 1009 1784 867 483 97 2036 2805 2669 1790 2259 1895 561 73 1975 1957 843 817 2508 2279 1504 2118 2181 2021 || mode=RB method=sk_ac_complete solver=filo1 stage=post_ls ls=pyvrp iter=17
2026-03-15 22:29:15 | INFO     | [POOL #01388] 2156 248 302 2019 2326 1435 993 1862 1715 2551 1260 2426 2168 2626 2399 1689 2343 1415 290 2693 2463 1087 1984 2590 2717 || mode=RB method=sk_ac_complete solver=filo1 stage=post_ls ls=pyvrp iter=17
2026-03-15 22:29:15 | INFO     | [POOL #01389] 1820 1372 891 1795 1102 197 2908 920 1911 1884 22 2342 2469 1465 1835 2467 1832 1004 2621 927 2584 1569 285 543 646 1921 1976 1436 1727 2605 2081 711 937 2666 863 1386 2541 2823 2223 2073 1371 438 1635 852 454 2120 2482 717 427 1876 2703 2817 1219 277 1809 2700 2210 1267 || mode=RB method=sk_ac_complete solver=filo1 stage=post_ls ls=pyvrp iter=17
2026-03-15 22:29:15 | INFO     | [POOL #01390] 673 392 146 281 141 161 516 1562 2503 1031 1800 1163 2332 1068 2695 1657 1069 303 2755 407 949 583 1559 959 1445 2385 2258 2165 656 || mode=RB method=sk_ac_complete solver=filo1 stage=post_ls ls=pyvrp iter=17
2026-03-15 22:29:15 | INFO     | [POOL #01391] 1613 1330 701 233 2766 525 2328 1535 1434 683 357 2579 2045 2445 1523 2297 2734 2151 1490 2007 1794 654 2053 2793 2335 1908 2819 1143 2846 368 103 1348 269 208 271 1344 1036 2705 2272 2806 2775 2069 173 1968 266 1902 1443 1418 2631 1231 257 367 2670 2714 2350 518 879 1449 1052 809 360 2553 837 2429 666 1171 || mode=RB method=sk_ac_complete solver=filo1 stage=post_ls ls=pyvrp iter=17
2026-03-15 22:29:15 | INFO     | [POOL #01392] 2230 2464 114 2494 908 850 1656 1758 1089 2205 540 16 1967 432 2607 1096 1461 2280 605 1354 1949 1697 || mode=RB method=sk_ac_complete solver=filo1 stage=post_ls ls=pyvrp iter=17
2026-03-15 22:29:15 | INFO     | [POOL #01393] 1280 1043 2671 1507 2316 2024 659 219 862 1510 875 1726 1844 1369 2748 249 2728 62 2184 718 1238 451 2506 366 2530 423 1044 || mode=RB method=sk_ac_complete solver=filo1 stage=post_ls ls=pyvrp iter=17
2026-03-15 22:29:15 | INFO     | [POOL #01394] 1307 24 1847 876 1002 885 1539 1404 1092 2475 918 2330 282 633 834 2180 331 1521 2027 1076 1050 1920 1318 1659 1930 2427 1240 1112 1229 1305 2208 493 1528 546 2327 587 591 1558 298 1948 1391 2195 627 994 2855 2685 1649 126 545 2346 1731 2190 881 997 2096 457 28 1406 1259 2765 166 458 1345 1047 1745 995 || mode=RB method=sk_ac_complete solver=filo1 stage=post_ls ls=pyvrp iter=17
2026-03-15 22:29:15 | INFO     | [POOL #01395] 1682 1326 1882 2103 531 555 2041 2687 1811 1755 977 327 1719 1324 1960 2349 1494 1170 1020 10 2637 1596 2050 2468 2254 747 1049 2218 883 1097 124 1122 2058 2270 2476 1290 2153 1785 2518 1438 864 1265 731 2827 1600 2091 2017 54 2363 2697 806 678 346 2125 2198 406 2249 2222 1447 2015 671 2407 376 698 2764 999 || mode=RB method=sk_ac_complete solver=filo1 stage=post_ls ls=pyvrp iter=17
2026-03-15 22:29:15 | INFO     | [POOL #01396] 1595 2754 2501 2207 2608 1026 1450 216 2167 1992 573 70 2056 2228 2809 2601 2322 244 456 803 172 2883 48 1934 413 648 259 1470 300 1295 1017 2442 1074 1022 2800 1522 2690 2586 1928 2623 1410 1951 1688 2368 1253 2394 6 638 2060 1935 323 1255 2839 1567 2308 1709 2904 2377 1242 171 194 505 1013 1530 1327 2511 1926 490 2743 955 || mode=RB method=sk_ac_complete solver=filo1 stage=post_ls ls=pyvrp iter=17
2026-03-15 22:29:15 | INFO     | [POOL #01397] 52 2911 1819 513 939 1904 2563 944 2721 866 2430 15 226 2189 1660 2708 1739 1382 2833 398 1133 1952 471 1038 2876 917 1128 260 2483 338 1674 2779 1915 2804 431 821 379 167 1198 2182 784 2266 1914 599 608 1275 2274 625 1001 2431 2491 1347 254 461 467 2109 549 2473 36 2890 312 2051 || mode=RB method=sk_ac_complete solver=filo1 stage=post_ls ls=pyvrp iter=17
2026-03-15 22:29:15 | INFO     | [POOL #01398] 2382 1172 2832 1954 1533 2808 2490 2309 1671 1994 1812 931 1621 2169 13 43 2093 958 1877 2792 445 1200 2862 1618 2609 1011 2174 314 1679 595 2233 946 2871 2011 2699 2028 402 923 2719 2676 354 325 1006 2547 2711 1798 2440 2450 1111 443 308 550 1543 537 557 1131 2323 935 575 1396 2495 630 2822 2724 264 1365 1544 962 2140 168 1055 1428 332 || mode=RB method=sk_ac_complete solver=filo1 stage=post_ls ls=pyvrp iter=17
2026-03-15 22:29:15 | INFO     | [POOL #01399] 1730 2557 794 1752 749 704 781 1923 134 1149 1142 1549 39 1532 422 2725 96 2 1377 1858 1999 1953 || mode=RB method=sk_ac_complete solver=filo1 stage=post_ls ls=pyvrp iter=17
2026-03-15 22:29:15 | INFO     | [POOL #01400] 2034 2020 1856 470 60 76 2196 23 1602 615 164 1397 2424 1124 1176 1053 196 1685 2392 1836 1526 753 || mode=RB method=sk_ac_complete solver=filo1 stage=post_ls ls=pyvrp iter=17
2026-03-15 22:29:15 | INFO     | [POOL #01401] 2663 551 1883 1101 218 288 980 928 1322 870 1845 528 153 2084 1696 1383 1103 214 818 2780 868 2816 182 1854 604 2723 2752 2155 || mode=RB method=sk_ac_complete solver=filo1 stage=post_ls ls=pyvrp iter=17
2026-03-15 22:29:15 | INFO     | [POOL #01402] 1161 1771 2798 320 807 2306 1760 1224 1191 1091 475 726 827 352 2837 2636 2129 756 960 2347 2881 63 || mode=RB method=sk_ac_complete solver=filo1 stage=post_ls ls=pyvrp iter=17
2026-03-15 22:29:15 | INFO     | [POOL #01403] 131 213 2568 1431 667 2256 1939 530 554 760 1997 1393 2868 1373 1182 45 2794 933 2885 47 1574 2554 1158 433 || mode=RB method=sk_ac_complete solver=filo1 stage=post_ls ls=pyvrp iter=17
2026-03-15 22:29:15 | INFO     | [POOL #01404] 672 1870 2489 1842 2099 193 775 1531 2094 140 2649 1582 2727 1392 275 1286 2902 1169 2824 396 178 853 2856 || mode=RB method=sk_ac_complete solver=filo1 stage=post_ls ls=pyvrp iter=17
2026-03-15 22:29:15 | INFO     | [POOL #01405] 2565 2472 1829 1636 1409 243 653 1298 329 597 191 465 1970 85 1705 2365 1592 2540 2899 2782 1853 1872 874 || mode=RB method=sk_ac_complete solver=filo1 stage=post_ls ls=pyvrp iter=17
2026-03-15 22:29:15 | INFO     | [POOL #01406] 2542 1537 2331 1484 1944 2452 1701 113 899 1353 2161 2075 1653 1029 1338 1502 2854 642 763 2577 886 479 1023 2014 1215 1959 2713 1110 559 1462 95 2444 1385 || mode=RB method=sk_ac_complete solver=filo1 stage=post_ls ls=pyvrp iter=17
2026-03-15 22:29:15 | INFO     | [POOL #01407] 1754 1946 2083 1039 700 2416 299 305 548 2449 1546 198 1472 1540 2433 514 1376 273 2870 815 1499 2354 2132 || mode=RB method=sk_ac_complete solver=filo1 stage=post_ls ls=pyvrp iter=17
2026-03-15 22:29:15 | INFO     | [POOL #01408] 840 865 1929 2319 2356 1823 2231 410 727 481 154 2595 2787 2692 1457 1593 2423 715 884 400 1155 || mode=RB method=sk_ac_complete solver=filo1 stage=post_ls ls=pyvrp iter=17
2026-03-15 22:29:15 | INFO     | [POOL #01409] 1351 2072 1686 682 1792 1035 1508 1233 169 916 778 26 1285 2635 2471 377 623 907 474 9 1366 || mode=RB method=sk_ac_complete solver=filo1 stage=post_ls ls=pyvrp iter=17
2026-03-15 22:29:15 | INFO     | [POOL #01410] 694 976 2281 61 921 1061 2314 1678 2788 2526 2620 2889 430 2462 710 2248 901 2773 2650 925 296 1887 || mode=RB method=sk_ac_complete solver=filo1 stage=post_ls ls=pyvrp iter=17
2026-03-15 22:29:15 | INFO     | [POOL #01411] 246 304 1127 335 722 572 1576 1942 652 657 1429 2278 2784 1394 1014 826 2891 502 2216 1515 1556 1962 714 199 585 1550 622 2888 || mode=RB method=sk_ac_complete solver=filo1 stage=post_ls ls=pyvrp iter=17
2026-03-15 22:29:15 | INFO     | [POOL #01412] 1440 149 2108 2546 1634 1879 2341 1958 136 2678 1150 1355 468 1608 1332 2351 1865 1252 1433 || mode=RB method=sk_ac_complete solver=filo1 stage=post_ls ls=pyvrp iter=17
2026-03-15 22:29:15 | INFO     | [POOL #01413] 203 2164 2063 685 534 2583 1268 1735 11 2265 370 614 1007 255 1289 1577 1266 3 294 1710 1747 19 1065 2237 1387 1294 || mode=RB method=sk_ac_complete solver=filo1 stage=post_ls ls=pyvrp iter=17
2026-03-15 22:29:15 | INFO     | [POOL #01414] 661 2538 783 12 669 2157 2439 2624 2104 1703 1591 610 1725 32 86 67 2409 240 1106 789 2712 2437 676 2029 1145 816 1181 307 1974 2534 1301 2100 1482 1341 1222 1196 1216 2735 2878 655 1938 2116 403 2829 2275 2086 1642 1292 861 2344 2484 1806 1479 1220 1407 || mode=RB method=sk_ac_complete solver=filo1 stage=post_ls ls=pyvrp iter=17
2026-03-15 22:29:15 | INFO     | [POOL #01415] 2572 2261 1878 2179 2183 687 1395 2742 1281 2756 2618 2252 1245 915 567 1985 79 982 373 930 1067 724 || mode=RB method=sk_ac_complete solver=filo1 stage=post_ls ls=pyvrp iter=17
2026-03-15 22:29:15 | INFO     | [POOL #01416] 1694 732 1114 148 1995 2836 55 2263 362 762 1190 2733 1783 552 2492 2340 2406 989 913 125 521 2313 || mode=RB method=sk_ac_complete solver=filo1 stage=post_ls ls=pyvrp iter=17
2026-03-15 22:29:15 | INFO     | [POOL #01417] 996 2573 2652 544 33 1030 1452 2598 2232 2770 100 983 2253 426 375 733 1130 186 645 966 2398 267 1643 || mode=RB method=sk_ac_complete solver=filo1 stage=post_ls ls=pyvrp iter=17
2026-03-15 22:29:15 | INFO     | [POOL #01418] 1152 2436 37 1082 2575 2095 2016 2517 2310 504 2613 1187 2749 520 1628 934 1774 347 2334 2117 755 || mode=RB method=sk_ac_complete solver=filo1 stage=post_ls ls=pyvrp iter=17
2026-03-15 22:29:15 | INFO     | [POOL #01419] 1772 356 2709 1095 607 1367 2498 957 30 1603 1235 2062 17 1134 18 790 979 1302 1594 1349 2160 || mode=RB method=sk_ac_complete solver=filo1 stage=post_ls ls=pyvrp iter=17
2026-03-15 22:29:15 | INFO     | [POOL #01420] 1175 1583 2880 1306 897 1426 2192 904 121 1000 1194 101 1637 201 1384 2865 2790 462 1086 340 || mode=RB method=sk_ac_complete solver=filo1 stage=post_ls ls=pyvrp iter=17
2026-03-15 22:29:15 | INFO     | [POOL #01421] 797 1138 1918 111 159 66 743 780 889 83 189 401 1419 2286 1749 686 1488 122 2061 1988 1830 || mode=RB method=sk_ac_complete solver=filo1 stage=post_ls ls=pyvrp iter=17
2026-03-15 22:29:15 | INFO     | [POOL #01422] 212 127 484 706 2760 183 662 2570 446 2731 2901 2683 562 1669 988 1977 1308 2435 2745 594 2677 2010 || mode=RB method=sk_ac_complete solver=filo1 stage=post_ls ls=pyvrp iter=17
2026-03-15 22:29:15 | INFO     | [POOL #01423] 2186 158 1362 2090 1309 2229 674 441 1153 177 1120 2504 1850 2539 975 758 2235 2378 179 1183 1729 1420 2510 || mode=RB method=sk_ac_complete solver=filo1 stage=post_ls ls=pyvrp iter=17
2026-03-15 22:29:15 | INFO     | [POOL #01424] 311 235 2085 1916 1841 1818 2002 1015 2515 229 1822 2268 364 2376 1160 950 2089 851 195 2632 2617 || mode=RB method=sk_ac_complete solver=filo1 stage=post_ls ls=pyvrp iter=17
2026-03-15 22:29:15 | INFO     | [POOL #01425] 98 2781 1141 617 1564 1346 691 1616 2283 1989 2813 2465 224 380 1476 80 1137 1046 812 1116 || mode=RB method=sk_ac_complete solver=filo1 stage=post_ls ls=pyvrp iter=17
2026-03-15 22:29:15 | INFO     | [POOL #01426] 2668 1378 1782 2493 1209 1873 2068 1552 2828 1661 1683 358 1099 2710 242 2212 1432 601 1744 283 2311 1695 1720 1197 || mode=RB method=sk_ac_complete solver=filo1 stage=post_ls ls=pyvrp iter=17
2026-03-15 22:29:15 | INFO     | [POOL #01427] 1607 1598 485 508 51 618 1442 253 477 1180 69 2221 2772 2860 2536 416 903 941 1966 1971 170 2318 || mode=RB method=sk_ac_complete solver=filo1 stage=post_ls ls=pyvrp iter=17
2026-03-15 22:29:15 | INFO     | [POOL #01428] 241 447 1105 1258 2359 2858 142 588 679 814 2521 2718 890 2548 480 768 1288 1565 1849 1204 1331 || mode=RB method=sk_ac_complete solver=filo1 stage=post_ls ls=pyvrp iter=17
2026-03-15 22:29:15 | INFO     | [POOL #01429] 565 839 1058 1078 1814 2675 2582 1239 1487 2411 2004 2585 1545 99 1700 2209 1788 1838 174 2681 764 || mode=RB method=sk_ac_complete solver=filo1 stage=post_ls ls=pyvrp iter=17
2026-03-15 22:29:15 | INFO     | [POOL #01430] 2188 2381 1905 1027 2555 2593 2454 813 315 2421 2295 1632 2842 2543 1650 1059 415 1236 2128 1996 2789 35 1203 2900 || mode=RB method=sk_ac_complete solver=filo1 stage=post_ls ls=pyvrp iter=17
2026-03-15 22:29:15 | INFO     | [POOL #01431] 1640 38 1195 1630 160 395 626 1498 932 2777 1211 2171 1257 1162 690 954 2496 1080 2301 1716 1041 || mode=RB method=sk_ac_complete solver=filo1 stage=post_ls ls=pyvrp iter=17
2026-03-15 22:29:15 | INFO     | [POOL #01432] 1166 2065 1511 2146 1167 2115 1825 1713 2847 2137 1615 2080 455 2220 341 770 1505 59 1496 20 2074 2845 || mode=RB method=sk_ac_complete solver=filo1 stage=post_ls ls=pyvrp iter=17
2026-03-15 22:29:15 | INFO     | [POOL #01433] 389 2614 204 1575 2814 1168 2597 2460 2070 702 1118 776 2055 533 2861 2630 284 953 1826 2150 1237 || mode=RB method=sk_ac_complete solver=filo1 stage=post_ls ls=pyvrp iter=17
2026-03-15 22:29:15 | INFO     | [POOL #01434] 1590 1851 2544 310 2124 971 2513 1254 46 2522 1555 1852 2438 232 830 2849 637 1413 507 206 1900 || mode=RB method=sk_ac_complete solver=filo1 stage=post_ls ls=pyvrp iter=17
2026-03-15 22:29:15 | INFO     | [POOL #01435] 911 2119 1585 707 2305 1601 741 162 786 2533 1304 2763 265 2300 2299 2571 819 2877 1633 2035 2185 1374 || mode=RB method=sk_ac_complete solver=filo1 stage=post_ls ls=pyvrp iter=17
2026-03-15 22:29:15 | INFO     | [POOL #01436] 2655 1690 914 1251 1670 1828 2348 571 2193 2101 1903 2648 1278 1982 2250 766 2059 1446 1402 1437 1379 1721 || mode=RB method=sk_ac_complete solver=filo1 stage=post_ls ls=pyvrp iter=17
2026-03-15 22:29:15 | INFO     | [POOL #01437] 1886 2564 2358 729 1655 2629 858 1263 107 223 1441 334 1008 245 31 1256 1978 2774 2336 2243 44 1848 || mode=RB method=sk_ac_complete solver=filo1 stage=post_ls ls=pyvrp iter=17
2026-03-15 22:29:15 | INFO     | [POOL #01438] 2197 1907 1917 1199 2138 2133 1350 2408 388 192 697 1638 1606 1761 2111 831 1459 2791 2606 339 2355 1724 || mode=RB method=sk_ac_complete solver=filo1 stage=post_ls ls=pyvrp iter=17
2026-03-15 22:29:15 | INFO     | [POOL #01439] 2882 1177 2277 1321 293 754 371 1699 1241 1611 1708 49 569 2561 2835 712 795 592 1619 964 1010 2352 1296 || mode=RB method=sk_ac_complete solver=filo1 stage=post_ls ls=pyvrp iter=17
2026-03-15 22:29:15 | INFO     | [POOL #01440] 500 974 734 1665 703 2644 1663 1100 612 1423 969 1088 1631 1866 1981 2759 1557 499 2302 2532 2087 1273 1311 || mode=RB method=sk_ac_complete solver=filo1 stage=post_ls ls=pyvrp iter=17
2026-03-15 22:29:15 | INFO     | [POOL #01441] 2052 336 165 1399 437 857 1063 444 1297 351 1381 556 1411 1534 227 492 2673 2047 765 1206 973 2859 1896 || mode=RB method=sk_ac_complete solver=filo1 stage=post_ls ls=pyvrp iter=17
2026-03-15 22:29:15 | INFO     | [POOL #01442] 2215 2594 2432 1804 841 898 2729 1493 1028 1810 1262 1412 2317 926 14 2217 2523 1945 2213 2219 2786 1272 1469 || mode=RB method=sk_ac_complete solver=filo1 stage=post_ls ls=pyvrp iter=17
2026-03-15 22:29:15 | INFO     | [POOL #01443] 1016 1677 1987 1079 1604 882 2276 1454 210 256 2638 1802 692 2596 1880 2599 2912 922 2851 110 2507 || mode=RB method=sk_ac_complete solver=filo1 stage=post_ls ls=pyvrp iter=17
2026-03-15 22:29:15 | INFO     | [POOL #01444] 1485 1889 1054 494 1667 1315 1922 670 1357 1624 105 2031 1019 1894 1609 823 1474 488 261 2092 2642 835 2001 144 || mode=RB method=sk_ac_complete solver=filo1 stage=post_ls ls=pyvrp iter=17
2026-03-15 22:29:15 | INFO     | [POOL #01445] 825 2141 2602 2384 1599 2664 1085 873 1817 313 639 1736 1380 1400 1060 2148 2667 215 292 1230 1956 29 || mode=RB method=sk_ac_complete solver=filo1 stage=post_ls ls=pyvrp iter=17
2026-03-15 22:29:15 | INFO     | [POOL #01446] 2715 1525 1898 1179 746 2497 1025 2884 1781 88 2887 2689 2875 730 496 635 986 1799 2625 2067 1249 2246 978 || mode=RB method=sk_ac_complete solver=filo1 stage=post_ls ls=pyvrp iter=17
2026-03-15 22:29:15 | INFO     | [POOL #01447] 2039 1453 684 2227 1329 2420 1192 1319 1652 2767 1497 1193 2736 1405 581 385 641 1892 1463 342 1991 397 || mode=RB method=sk_ac_complete solver=filo1 stage=post_ls ls=pyvrp iter=17
2026-03-15 22:29:15 | INFO     | [POOL #01448] 757 1777 1467 1947 2366 1185 486 350 263 1108 892 613 1261 1548 2640 1509 1517 2758 2588 365 2478 1751 || mode=RB method=sk_ac_complete solver=filo1 stage=post_ls ls=pyvrp iter=17
2026-03-15 22:29:15 | INFO     | [POOL #01449] 693 2057 1568 547 387 2401 542 846 2022 230 2337 2033 1787 428 708 2361 291 1933 2505 1529 651 || mode=RB method=sk_ac_complete solver=filo1 stage=post_ls ls=pyvrp iter=17
2026-03-15 22:29:15 | INFO     | [POOL #01450] 94 2325 337 2810 363 1081 1455 1805 981 1287 2076 309 1733 2527 1037 644 1789 1998 418 2616 2843 || mode=RB method=sk_ac_complete solver=filo1 stage=post_ls ls=pyvrp iter=17
2026-03-15 22:29:15 | INFO     | [POOL #01451] 871 1692 316 2560 1963 386 2581 2776 1666 2370 681 25 439 318 1094 145 1213 2122 1519 2907 2720 721 || mode=RB method=sk_ac_complete solver=filo1 stage=post_ls ls=pyvrp iter=17
2026-03-15 22:29:15 | INFO     | [POOL #01452] 860 796 1759 2038 872 2143 961 58 2576 2874 699 476 1553 2204 295 1913 2410 2738 1314 2466 1274 2615 1513 472 1693 2537 2339 2287 434 2591 2315 2082 2386 2634 2691 2545 1250 2549 2329 2360 2374 2869 2324 1846 650 2163 2448 2255 1919 2178 2379 895 || mode=RB method=sk_ac_complete solver=filo1 stage=post_ls ls=pyvrp iter=17
2026-03-15 22:29:15 | INFO     | [POOL #01453] 568 2405 1277 2044 2418 2499 677 1779 1581 991 1264 1706 539 2566 2674 1940 2477 2903 804 2815 947 40 1955 736 || mode=RB method=sk_ac_complete solver=filo1 stage=post_ls ls=pyvrp iter=17
2026-03-15 22:29:15 | INFO     | [POOL #01454] 1506 2628 912 1325 1157 1117 963 1148 2202 909 381 1468 501 2114 1119 2660 1336 1451 801 2807 1936 || mode=RB method=sk_ac_complete solver=filo1 stage=post_ls ls=pyvrp iter=17
2026-03-15 22:29:15 | INFO     | [POOL #01455] 1512 576 2740 1317 1444 150 2802 2006 2529 2419 2619 632 333 611 2848 1780 175 665 1248 251 228 2514 972 82 2357 2893 460 2574 2778 1500 1364 231 2390 2680 1126 689 425 2139 728 || mode=RB method=sk_ac_complete solver=filo1 stage=post_ls ls=pyvrp iter=17
2026-03-15 22:29:15 | INFO     | [POOL #01456] 1328 1662 894 135 1077 658 1227 2480 1541 735 2240 2264 1310 739 1140 491 1571 1208 896 2402 987 2284 1243 262 574 374 1271 719 522 2441 2446 487 2162 2801 119 849 || mode=RB method=sk_ac_complete solver=filo1 stage=post_ls ls=pyvrp iter=17
2026-03-15 22:29:15 | INFO     | [POOL #01457] 2003 856 1300 570 405 93 359 2531 1473 495 602 1210 1718 2293 2474 2461 1641 2821 799 2105 503 771 || mode=RB method=sk_ac_complete solver=filo1 stage=post_ls ls=pyvrp iter=17
2026-03-15 22:29:15 | INFO     | [POOL #01458] 463 326 2761 2744 2353 270 1232 2242 1417 2201 297 2799 744 924 1282 1165 2867 619 2088 2905 1144 118 2040 2627 2910 378 2556 1151 1466 1489 2388 || mode=RB method=sk_ac_complete solver=filo1 stage=post_ls ls=pyvrp iter=17
2026-03-15 22:29:15 | INFO     | [POOL #01459] 2757 1456 761 750 239 2422 2400 2600 1925 1430 1646 2175 1639 1390 2251 2818 1299 772 90 2645 424 1159 || mode=RB method=sk_ac_complete solver=filo1 stage=post_ls ls=pyvrp iter=17
2026-03-15 22:29:15 | INFO     | [POOL #01460] 1316 2841 2369 598 2796 2611 81 2071 1066 609 1217 478 1743 1283 1478 1807 788 1340 1931 636 1334 1579 2159 || mode=RB method=sk_ac_complete solver=filo1 stage=post_ls ls=pyvrp iter=17
2026-03-15 22:29:15 | INFO     | [POOL #01461] 967 1796 1202 1075 2414 2872 1554 942 709 2455 2470 777 2289 108 2519 2172 842 919 2528 1422 102 836 2106 || mode=RB method=sk_ac_complete solver=filo1 stage=post_ls ls=pyvrp iter=17
2026-03-15 22:29:15 | INFO     | [POOL #01462] 343 2296 1093 905 1597 2194 1516 1184 2239 252 2701 221 2380 1313 1791 2898 2558 287 1109 2698 115 1588 2173 1551 || mode=RB method=sk_ac_complete solver=filo1 stage=post_ls ls=pyvrp iter=17
2026-03-15 22:29:15 | INFO     | [POOL #01463] 2425 2726 2840 1503 1071 828 737 643 2783 793 1427 2206 205 2559 2825 106 1276 2696 2567 1723 1773 2008 1625 1320 2656 1885 798 1620 1226 2747 713 1909 2592 21 436 560 1024 1676 940 1924 220 2651 2672 529 774 1570 274 322 740 878 2706 2166 2110 2524 628 361 2550 1057 2238 990 2447 767 2751 || mode=RB method=sk_ac_complete solver=filo1 stage=post_ls ls=pyvrp iter=17
2026-03-15 22:29:15 | INFO     | [POOL #01464] 1464 152 382 190 1491 779 72 1734 2580 1572 1888 237 2732 2304 1983 1073 89 2844 2320 1961 720 832 2688 965 1874 1793 2661 1481 2077 2294 1214 2831 2025 4 2147 2005 156 2641 2643 1728 517 1673 629 2762 1064 1012 509 2373 808 1104 1524 640 1034 660 345 725 951 1868 128 1414 538 2112 1188 || mode=RB method=sk_ac_complete solver=filo1 stage=post_ls ls=pyvrp iter=17
2026-03-15 22:29:15 | INFO     | [POOL #01465] 120 1486 1861 1950 1843 512 1857 1648 859 2768 2273 74 2023 527 1748 2203 2177 1965 2303 782 200 2589 2282 586 1691 848 596 1764 1893 1136 751 952 2257 523 2639 2512 948 1205 578 1750 1993 176 748 634 631 1943 1647 992 1786 1042 1980 2739 2428 50 2771 2737 1098 384 1654 116 2191 1527 869 1890 1623 1339 2741 1831 1125 1501 2285 1827 180 || mode=RB method=sk_ac_complete solver=filo1 stage=post_ls ls=pyvrp iter=17
2026-03-15 22:29:15 | INFO     | [POOL #01466] 246 1839 1561 663 506 910 769 1197 453 2682 1121 498 433 1158 213 1149 134 1923 781 704 749 1752 794 2557 1730 || mode=VB method=fcm solver=filo1 stage=post_ls ls=pyvrp iter=18
2026-03-15 22:29:15 | INFO     | [POOL #01467] 163 120 190 510 1045 2665 1979 738 421 449 887 1769 1056 2834 526 1813 2413 27 2042 1129 1714 519 2371 1403 355 1901 2909 469 1973 596 1764 1874 965 1793 2661 1481 2294 1214 2831 2077 832 2688 720 1961 2320 2844 89 1073 1983 2304 2732 237 1888 1572 951 1868 128 2580 1734 72 779 2112 1188 1471 2722 || mode=VB method=fcm solver=filo1 stage=post_ls ls=pyvrp iter=18
2026-03-15 22:29:15 | INFO     | [POOL #01468] 2707 2509 236 1483 1363 2311 2622 2753 2142 283 1744 1782 1378 2873 2130 2121 56 2668 1626 532 1293 123 1164 2176 || mode=VB method=fcm solver=filo1 stage=post_ls ls=pyvrp iter=18
2026-03-15 22:29:15 | INFO     | [POOL #01469] 2851 922 2912 2599 1880 2010 2677 594 2435 1308 1977 2745 127 212 708 2361 291 1933 2505 1529 651 || mode=VB method=fcm solver=filo1 stage=post_ls ls=pyvrp iter=18
2026-03-15 22:29:15 | INFO     | [POOL #01470] 2124 1555 1852 2438 2215 2594 2432 1804 841 898 1426 2192 2729 1945 2213 2219 2786 1998 418 336 2843 932 1498 || mode=VB method=fcm solver=filo1 stage=post_ls ls=pyvrp iter=18
2026-03-15 22:29:15 | INFO     | [POOL #01471] 142 588 679 814 2521 2718 503 2105 2076 1287 981 1805 1455 1081 29 363 2810 337 2325 541 419 || mode=VB method=fcm solver=filo1 stage=post_ls ls=pyvrp iter=18
2026-03-15 22:29:15 | INFO     | [POOL #01472] 2052 2616 1789 2523 2217 1493 14 1262 1412 2317 926 1349 1016 444 1063 857 437 2160 165 1037 644 || mode=VB method=fcm solver=filo1 stage=post_ls ls=pyvrp iter=18
2026-03-15 22:29:15 | INFO     | [POOL #01473] 88 953 284 2614 2630 2861 533 2055 776 1379 135 702 1118 1168 2814 1575 204 1936 788 2875 || mode=VB method=fcm solver=filo1 stage=post_ls ls=pyvrp iter=18
2026-03-15 22:29:15 | INFO     | [POOL #01474] 309 799 2821 2507 1206 765 2047 2673 492 227 1534 1411 556 1381 351 1367 607 1095 2709 356 1772 2527 || mode=VB method=fcm solver=filo1 stage=post_ls ls=pyvrp iter=18
2026-03-15 22:29:15 | INFO     | [POOL #01475] 267 2398 966 645 186 1130 733 375 426 2770 100 983 1422 102 2232 836 2598 1452 1030 33 544 2652 2573 || mode=VB method=fcm solver=filo1 stage=post_ls ls=pyvrp iter=18
2026-03-15 22:29:15 | INFO     | [POOL #01476] 2337 111 66 743 780 889 83 189 401 158 1362 2090 1309 2229 416 903 2536 2860 2772 2221 1296 1966 || mode=VB method=fcm solver=filo1 stage=post_ls ls=pyvrp iter=18
2026-03-15 22:29:15 | INFO     | [POOL #01477] 828 1071 737 538 1414 1427 793 2206 725 345 660 640 1524 1104 808 2373 509 1012 1064 1320 1625 1885 2656 2762 629 2025 4 2147 578 1205 948 2512 2639 523 2257 952 751 1136 1893 848 1691 586 2282 2589 200 782 2303 1965 2177 2203 1748 527 2023 74 2273 2768 859 1648 1857 512 1843 1950 1861 1486 1491 || mode=VB method=fcm solver=filo1 stage=post_ls ls=pyvrp iter=18
2026-03-15 22:29:15 | INFO     | [POOL #01478] 1399 1594 1302 979 790 18 1134 17 2062 1603 1235 2757 721 1643 1079 1088 1631 1987 1677 2302 1810 1028 || mode=VB method=fcm solver=filo1 stage=post_ls ls=pyvrp iter=18
2026-03-15 22:29:15 | INFO     | [POOL #01479] 978 2246 764 2681 1058 1078 1814 2675 2582 2004 2585 1545 99 1700 2209 1788 1830 1838 174 1249 1873 || mode=VB method=fcm solver=filo1 stage=post_ls ls=pyvrp iter=18
2026-03-15 22:29:15 | INFO     | [POOL #01480] 1239 2411 1787 2318 2033 170 1971 51 508 2882 1177 2277 967 183 2760 706 484 485 428 1598 1607 1487 || mode=VB method=fcm solver=filo1 stage=post_ls ls=pyvrp iter=18
2026-03-15 22:29:15 | INFO     | [POOL #01481] 988 662 2570 1321 293 1075 2414 2872 1554 942 709 318 1094 1202 1796 446 2731 2901 2683 562 1669 2638 110 || mode=VB method=fcm solver=filo1 stage=post_ls ls=pyvrp iter=18
2026-03-15 22:29:15 | INFO     | [POOL #01482] 797 1138 230 122 1488 1749 686 617 1564 1346 2286 1419 691 1616 2283 1989 2813 2465 224 380 1340 || mode=VB method=fcm solver=filo1 stage=post_ls ls=pyvrp iter=18
2026-03-15 22:29:15 | INFO     | [POOL #01483] 934 2301 1080 2496 1162 1257 2513 971 1254 46 2522 1272 1469 2171 1211 2777 690 954 160 1105 447 || mode=VB method=fcm solver=filo1 stage=post_ls ls=pyvrp iter=18
2026-03-15 22:29:15 | INFO     | [POOL #01484] 2159 2388 636 1781 1743 1466 1151 252 2556 378 1826 2150 1237 389 1283 1478 2887 2689 730 496 || mode=VB method=fcm solver=filo1 stage=post_ls ls=pyvrp iter=18
2026-03-15 22:29:15 | INFO     | [POOL #01485] 2655 1690 2510 1420 1729 1183 179 2378 2235 758 975 2539 1850 2504 1120 177 1153 441 674 964 1010 2352 159 || mode=VB method=fcm solver=filo1 stage=post_ls ls=pyvrp iter=18
2026-03-15 22:29:15 | INFO     | [POOL #01486] 480 2003 570 405 93 359 2531 1473 495 602 1210 1718 2293 2474 2461 1641 973 2859 1300 856 1896 890 || mode=VB method=fcm solver=filo1 stage=post_ls ls=pyvrp iter=18
2026-03-15 22:29:15 | INFO     | [POOL #01487] 576 2801 1317 150 2802 2006 2529 2419 231 2390 1364 1500 2778 2574 460 2893 2357 82 972 2514 1248 665 175 2088 619 2867 1780 2848 333 611 744 632 2619 297 2201 1417 2242 1232 270 2744 326 || mode=VB method=fcm solver=filo1 stage=post_ls ls=pyvrp iter=18
2026-03-15 22:29:15 | INFO     | [POOL #01488] 750 2172 2519 108 777 2289 2422 2400 2600 1925 1430 1646 2175 1639 1390 2251 239 842 919 2528 2253 || mode=VB method=fcm solver=filo1 stage=post_ls ls=pyvrp iter=18
2026-03-15 22:29:15 | INFO     | [POOL #01489] 2602 565 2384 1599 839 1085 873 1817 313 639 1736 1380 1400 1060 2148 2667 215 292 2664 1230 1956 || mode=VB method=fcm solver=filo1 stage=post_ls ls=pyvrp iter=18
2026-03-15 22:29:15 | INFO     | [POOL #01490] 785 2312 2049 1514 321 1863 2009 225 317 1279 1458 855 742 2141 1032 1284 943 825 1018 94 1204 || mode=VB method=fcm solver=filo1 stage=post_ls ls=pyvrp iter=18
2026-03-15 22:29:15 | INFO     | [POOL #01491] 2493 1209 2068 1552 2828 1661 1683 2067 2625 1799 635 986 1334 1579 358 1099 242 2710 1898 2212 1432 601 1695 1720 || mode=VB method=fcm solver=filo1 stage=post_ls ls=pyvrp iter=18
2026-03-15 22:29:15 | INFO     | [POOL #01492] 860 1316 728 119 2139 2162 487 2446 2441 58 2576 522 719 2874 699 476 1553 2204 295 1913 2410 1250 2545 2691 2634 2738 1314 2466 2386 2082 2315 2591 434 2287 2339 2537 896 1693 472 1513 2615 1274 2402 987 2284 1243 262 574 374 1271 2680 1126 689 425 1444 2740 598 849 || mode=VB method=fcm solver=filo1 stage=post_ls ls=pyvrp iter=18
2026-03-15 22:29:15 | INFO     | [POOL #01493] 618 1442 253 477 1180 69 754 371 1699 1241 1611 1708 49 569 2561 2835 1619 592 712 795 941 1918 || mode=VB method=fcm solver=filo1 stage=post_ls ls=pyvrp iter=18
2026-03-15 22:29:15 | INFO     | [POOL #01494] 1165 118 1144 2905 1662 251 228 1208 1571 491 1140 739 1310 2264 735 1541 2480 1227 658 1077 894 1328 1489 || mode=VB method=fcm solver=filo1 stage=post_ls ls=pyvrp iter=18
2026-03-15 22:29:15 | INFO     | [POOL #01495] 2057 1568 547 387 2022 846 2781 1988 2061 1141 2186 1137 80 1476 1046 812 1116 98 2401 542 693 || mode=VB method=fcm solver=filo1 stage=post_ls ls=pyvrp iter=18
2026-03-15 22:29:15 | INFO     | [POOL #01496] 1512 1551 1525 1179 81 2071 1066 609 343 1217 1025 2497 2884 478 905 1093 2296 1109 2698 115 1588 2353 2611 2173 2796 2761 2715 463 || mode=VB method=fcm solver=filo1 stage=post_ls ls=pyvrp iter=18
2026-03-15 22:29:15 | INFO     | [POOL #01497] 755 2117 2334 347 241 1640 38 1195 1630 395 626 2858 2359 1258 771 2548 768 1288 1565 1849 1331 || mode=VB method=fcm solver=filo1 stage=post_ls ls=pyvrp iter=18
2026-03-15 22:29:15 | INFO     | [POOL #01498] 746 1597 2194 1516 1184 2239 2701 2910 2627 2040 1721 221 1282 924 2380 1313 1791 2799 2898 2558 287 || mode=VB method=fcm solver=filo1 stage=post_ls ls=pyvrp iter=18
2026-03-15 22:29:15 | INFO     | [POOL #01499] 1807 2628 1325 1157 963 1148 2202 909 1119 381 1468 501 2114 2460 2597 2660 1336 1451 801 2807 1506 1931 || mode=VB method=fcm solver=filo1 stage=post_ls ls=pyvrp iter=18
2026-03-15 22:29:15 | INFO     | [POOL #01500] 895 553 2841 2369 2379 796 2178 1759 2038 872 2143 961 2448 2163 650 1846 2324 2869 2374 2360 2329 2549 1664 1821 1361 2321 1270 276 328 1717 1732 1425 1520 1580 1815 1906 429 234 2578 1684 1356 2012 133 1778 1115 2896 1448 1742 929 1837 2078 2255 448 1919 1021 805 1584 1737 382 152 1464 || mode=VB method=fcm solver=filo1 stage=post_ls ls=pyvrp iter=18
2026-03-15 22:29:15 | INFO     | [POOL #01501] 2070 1437 1402 1446 2059 2240 766 2250 1982 1278 2648 1903 2101 2193 571 2348 1828 1670 1251 914 1117 912 || mode=VB method=fcm solver=filo1 stage=post_ls ls=pyvrp iter=18
2026-03-15 22:29:15 | INFO     | [POOL #01502] 2532 499 1557 2759 1981 1866 969 1604 882 2276 1454 210 2720 1802 2596 692 30 957 2498 1297 1733 || mode=VB method=fcm solver=filo1 stage=post_ls ls=pyvrp iter=18
2026-03-15 22:29:15 | INFO     | [POOL #01503] 256 2907 1519 2122 1213 145 439 25 681 2455 2470 2370 1666 2776 2581 386 1963 2560 316 761 1692 1456 871 || mode=VB method=fcm solver=filo1 stage=post_ls ls=pyvrp iter=18
2026-03-15 22:29:15 | INFO     | [POOL #01504] 559 2713 1959 45 1182 1373 2868 1653 2075 2161 1353 899 113 1114 1701 2452 1944 1393 1997 1484 760 554 530 2568 || mode=VB method=fcm solver=filo1 stage=post_ls ls=pyvrp iter=18
2026-03-15 22:29:15 | INFO     | [POOL #01505] 2618 1808 2795 1855 2730 2886 800 306 2064 854 1477 2345 2113 2866 564 2372 1853 1872 1869 411 2252 || mode=VB method=fcm solver=filo1 stage=post_ls ls=pyvrp iter=18
2026-03-15 22:29:15 | INFO     | [POOL #01506] 96 976 2281 1612 921 61 430 2889 2354 2526 2788 1678 2620 2314 1061 1741 2756 1281 2742 1395 687 694 || mode=VB method=fcm solver=filo1 stage=post_ls ls=pyvrp iter=18
2026-03-15 22:29:15 | INFO     | [POOL #01507] 1462 1110 1215 2014 886 1725 32 86 1338 2409 67 307 1974 1181 816 1145 2029 676 2437 2712 789 1106 240 1029 1502 2854 642 763 2577 479 1023 2794 933 2885 47 1574 2554 || mode=VB method=fcm solver=filo1 stage=post_ls ls=pyvrp iter=18
2026-03-15 22:29:15 | INFO     | [POOL #01508] 1385 767 180 1827 990 2238 1057 2550 361 628 2524 2825 2110 2166 2706 740 322 274 1570 774 529 2672 2651 220 1924 21 436 560 1024 1676 940 1980 1042 2739 50 1482 1341 1196 1222 2771 2737 1098 384 1654 116 869 1890 1623 878 2741 1339 2344 861 2484 1831 1125 1501 2285 1806 1479 1220 1407 2444 131 || mode=VB method=fcm solver=filo1 stage=post_ls ls=pyvrp iter=18
2026-03-15 22:29:15 | INFO     | [POOL #01509] 2725 422 63 2347 1887 296 925 2650 2773 901 2462 710 2248 2837 2636 2129 756 960 2881 39 1549 1161 || mode=VB method=fcm solver=filo1 stage=post_ls ls=pyvrp iter=18
2026-03-15 22:29:15 | INFO     | [POOL #01510] 1499 815 853 178 396 2824 1169 2902 1286 275 1392 2727 1540 198 1472 2433 514 1376 273 2870 2856 2132 || mode=VB method=fcm solver=filo1 stage=post_ls ls=pyvrp iter=18
2026-03-15 22:29:15 | INFO     | [POOL #01511] 2678 2155 2752 2723 604 1829 182 1854 2816 868 2780 818 653 214 1298 329 597 2692 1457 1593 2423 || mode=VB method=fcm solver=filo1 stage=post_ls ls=pyvrp iter=18
2026-03-15 22:29:15 | INFO     | [POOL #01512] 1858 1377 1433 1252 1865 2351 1332 1608 1150 468 1355 136 2341 1879 1634 2546 2108 149 || mode=VB method=fcm solver=filo1 stage=post_ls ls=pyvrp iter=18
2026-03-15 22:29:15 | INFO     | [POOL #01513] 1771 2798 320 2306 1760 1224 474 1191 907 623 2635 1285 2471 377 753 827 726 475 1091 807 1532 || mode=VB method=fcm solver=filo1 stage=post_ls ls=pyvrp iter=18
2026-03-15 22:29:15 | INFO     | [POOL #01514] 352 1526 1836 2392 1685 196 1053 1176 1124 2424 1397 164 615 1602 23 2196 76 60 470 26 778 2020 1142 || mode=VB method=fcm solver=filo1 stage=post_ls ls=pyvrp iter=18
2026-03-15 22:29:15 | INFO     | [POOL #01515] 1953 || mode=VB method=fcm solver=filo1 stage=post_ls ls=pyvrp iter=18
2026-03-15 22:29:15 | INFO     | [POOL #01516] 916 1694 732 148 1995 2836 55 2263 362 762 1190 2733 1783 552 2492 2340 2406 989 913 125 521 2313 || mode=VB method=fcm solver=filo1 stage=post_ls ls=pyvrp iter=18
2026-03-15 22:29:15 | INFO     | [POOL #01517] 661 95 2538 783 12 669 2157 2439 2624 2104 1703 1591 610 2275 2829 403 2086 1292 1642 1527 2191 1938 2116 655 2878 2735 1216 2534 1301 2100 2428 992 1786 1647 1943 631 634 748 176 1750 1993 2005 156 2641 2643 1728 1673 517 2592 1909 713 2747 1226 1620 798 2008 1773 1723 2567 2696 1034 1276 106 2559 205 2783 643 1503 2840 2447 2726 2425 2751 || mode=VB method=fcm solver=filo1 stage=post_ls ls=pyvrp iter=18
2026-03-15 22:29:15 | INFO     | [POOL #01518] 1754 1946 2083 1039 700 2416 299 305 548 2449 1546 1582 2649 140 2094 1531 775 193 2099 1842 2489 1870 672 1335 || mode=VB method=fcm solver=filo1 stage=post_ls ls=pyvrp iter=18
2026-03-15 22:29:15 | INFO     | [POOL #01519] 373 915 1823 2231 410 727 481 154 2595 2787 465 191 1970 85 1705 2365 1592 2540 2899 2782 874 1245 || mode=VB method=fcm solver=filo1 stage=post_ls ls=pyvrp iter=18
2026-03-15 22:29:15 | INFO     | [POOL #01520] 2542 1431 667 2256 1939 2072 1686 682 2331 1537 1233 169 1508 1856 1035 1792 9 2034 1366 1351 || mode=VB method=fcm solver=filo1 stage=post_ls ls=pyvrp iter=18
2026-03-15 22:29:15 | INFO     | [POOL #01521] 840 1958 724 865 1155 400 1929 884 715 2356 2319 567 1985 79 982 930 1067 2183 2179 1878 2261 2572 2 || mode=VB method=fcm solver=filo1 stage=post_ls ls=pyvrp iter=18
2026-03-15 22:29:15 | INFO     | [POOL #01522] 722 572 1942 652 657 1429 2278 2784 1394 1014 826 2891 502 2216 2032 1763 2164 203 1515 1962 1556 714 199 585 1550 1440 622 1999 || mode=VB method=fcm solver=filo1 stage=post_ls ls=pyvrp iter=18
2026-03-15 22:29:15 | INFO     | [POOL #01523] 222 968 647 1428 2797 668 1964 2362 1055 168 2140 962 1013 505 194 171 1242 2377 2904 1709 2308 1567 630 2839 2495 1396 575 935 2323 1131 557 537 1543 550 1935 323 1255 1803 1337 77 2822 2724 264 1365 1544 280 2456 1757 2367 2863 391 580 2443 65 1875 2879 217 2525 2391 1072 2746 1312 675 || mode=VB method=fcm solver=filo1 stage=post_ls ls=pyvrp iter=18
2026-03-15 22:29:15 | INFO     | [POOL #01524] 1294 551 1883 1101 218 288 980 928 1322 688 870 1845 528 1103 1383 1696 2084 153 614 1007 255 1289 1577 1266 1189 2271 1610 1070 1747 19 1065 2237 1387 || mode=VB method=fcm solver=filo1 stage=post_ls ls=pyvrp iter=18
2026-03-15 22:29:15 | INFO     | [POOL #01525] 811 1859 2857 649 2018 833 2417 1801 616 1891 319 464 695 2838 1495 2123 2098 2127 2393 420 289 2060 638 6 2394 1253 308 443 1111 2450 2440 1798 2711 325 354 2676 2719 923 402 2028 2699 2233 946 2011 2871 1006 2547 2093 958 13 1621 931 1812 1994 1671 2309 2490 2808 1533 1327 1530 2511 1926 490 2743 955 2382 1566 2269 34 880 332 272 2013 900 1668 || mode=VB method=fcm solver=filo1 stage=post_ls ls=pyvrp iter=18
2026-03-15 22:29:15 | INFO     | [POOL #01526] 2888 2021 2181 2118 1504 999 2764 2279 2663 2508 817 843 1957 1975 1895 2259 1790 2669 2036 97 483 1784 802 845 184 1178 42 1672 1269 1766 117 1009 2017 2091 1600 2827 731 1265 864 54 2363 2697 806 346 678 867 2805 2249 2222 1324 1719 327 1447 561 73 376 698 1326 1682 466 2043 64 || mode=VB method=fcm solver=filo1 stage=post_ls ls=pyvrp iter=18
2026-03-15 22:29:15 | INFO     | [POOL #01527] 2144 2803 53 995 1745 1899 1047 1345 885 1404 1494 2349 1170 1020 10 2637 2050 1596 2468 2254 883 1097 2058 2270 2427 1240 1112 587 591 2327 1229 546 1528 1305 2208 493 2518 1438 1785 2153 1290 2476 1122 124 2218 1049 747 2125 2198 406 1960 1811 2687 2041 1755 977 2015 671 2407 2103 1882 24 1307 1711 1576 || mode=VB method=fcm solver=filo1 stage=post_ls ls=pyvrp iter=18
2026-03-15 22:29:15 | INFO     | [POOL #01528] 2170 1218 2292 584 409 1710 294 3 1268 1735 11 370 2265 243 1409 1636 2583 534 2063 685 2472 2565 || mode=VB method=fcm solver=filo1 stage=post_ls ls=pyvrp iter=18
2026-03-15 22:29:15 | INFO     | [POOL #01529] 1847 876 1002 458 1172 2832 1954 166 2765 1259 1406 28 457 2096 997 881 2190 1731 545 2346 2169 43 1877 2792 445 1200 2862 1618 2609 1011 2174 314 1679 595 1391 2195 627 298 1948 1558 994 1930 2855 2685 1649 126 1318 1659 1920 1050 1076 2027 1521 331 2180 834 633 282 2330 918 2475 1092 1539 555 531 || mode=VB method=fcm solver=filo1 stage=post_ls ls=pyvrp iter=18
2026-03-15 22:29:15 | INFO     | [POOL #01530] 304 2436 1041 2517 2310 504 2613 1187 2749 388 192 2408 1350 2133 2138 2016 2095 2575 1082 37 1907 2197 || mode=VB method=fcm solver=filo1 stage=post_ls ls=pyvrp iter=18
2026-03-15 22:29:15 | INFO     | [POOL #01531] 1127 1724 2355 339 2606 2791 1459 311 2617 2632 235 2381 1905 1027 2555 415 1236 2128 2789 35 112 1986 1203 || mode=VB method=fcm solver=filo1 stage=post_ls ls=pyvrp iter=18
2026-03-15 22:29:15 | INFO     | [POOL #01532] 2535 2097 324 2646 78 2520 143 2479 1343 1439 1753 1228 1834 938 2653 2569 1360 2019 2326 1770 705 1722 752 || mode=VB method=fcm solver=filo1 stage=post_ls ls=pyvrp iter=18
2026-03-15 22:29:15 | INFO     | [POOL #01533] 1538 844 1765 1972 1123 2037 606 1707 2603 2502 2604 1460 2486 8 2158 593 2820 1201 1937 7 2900 335 || mode=VB method=fcm solver=filo1 stage=post_ls ls=pyvrp iter=18
2026-03-15 22:29:15 | INFO     | [POOL #01534] 1384 201 1277 2044 1665 734 703 2644 1264 1100 612 1423 996 991 1581 1779 677 2499 2418 2087 1273 1311 904 232 || mode=VB method=fcm solver=filo1 stage=post_ls ls=pyvrp iter=18
2026-03-15 22:29:15 | INFO     | [POOL #01535] 114 2494 908 850 1656 893 187 583 949 1069 303 2755 407 787 2205 16 1967 432 2607 1096 2826 1223 2230 || mode=VB method=fcm solver=filo1 stage=post_ls ls=pyvrp iter=18
2026-03-15 22:29:15 | INFO     | [POOL #01536] 151 1388 1892 641 1497 1193 2767 2736 1405 385 581 670 1357 1624 105 1922 1315 1667 494 684 1054 1889 || mode=VB method=fcm solver=filo1 stage=post_ls ls=pyvrp iter=18
2026-03-15 22:29:15 | INFO     | [POOL #01537] 2290 1820 1372 1107 268 1389 759 1102 2298 2262 435 197 2908 920 1911 1884 22 2342 1465 711 937 2666 863 1386 2541 2081 2605 1727 1436 1976 1921 646 543 285 1569 2584 927 2621 1004 1832 2467 1835 2469 2501 2754 392 1629 1547 383 1518 344 1910 2811 1333 1040 822 2671 1280 2383 || mode=VB method=fcm solver=filo1 stage=post_ls ls=pyvrp iter=18
2026-03-15 22:29:15 | INFO     | [POOL #01538] 1768 369 1860 2897 664 1589 820 2054 1912 286 1234 87 57 1358 1605 1927 2769 2434 1816 138 563 1174 2612 1951 1688 2368 1410 2623 1928 2586 2690 1522 2800 1587 2659 2662 1375 624 2136 147 2487 68 1005 590 1881 92 2906 1573 1645 482 1840 2048 1932 582 1048 2488 185 956 440 91 1563 2389 394 1370 985 2473 2890 2051 || mode=VB method=fcm solver=filo1 stage=post_ls ls=pyvrp iter=18
2026-03-15 22:29:15 | INFO     | [POOL #01539] 2305 44 786 2533 1304 2763 265 1003 2815 947 804 2903 974 500 819 2571 2299 2300 162 741 1601 || mode=VB method=fcm solver=filo1 stage=post_ls ls=pyvrp iter=18
2026-03-15 22:29:15 | INFO     | [POOL #01540] 1917 1199 697 1638 1374 365 2588 1517 2758 507 2544 1851 206 1900 1590 520 1628 1774 1716 1152 || mode=VB method=fcm solver=filo1 stage=post_ls ls=pyvrp iter=18
2026-03-15 22:29:15 | INFO     | [POOL #01541] 1505 515 2403 2338 1139 1824 1492 238 1368 2214 2864 1969 211 247 202 2364 2211 1480 2026 130 535 || mode=VB method=fcm solver=filo1 stage=post_ls ls=pyvrp iter=18
2026-03-15 22:29:15 | INFO     | [POOL #01542] 229 1167 2115 1655 2629 858 1263 107 223 1441 334 1008 245 31 1256 1978 2774 2336 1712 2243 729 2358 1166 || mode=VB method=fcm solver=filo1 stage=post_ls ls=pyvrp iter=18
2026-03-15 22:29:15 | INFO     | [POOL #01543] 2156 248 20 1496 59 770 341 2241 2220 390 680 455 2080 1615 2137 2847 1713 1825 577 1658 1822 2268 || mode=VB method=fcm solver=filo1 stage=post_ls ls=pyvrp iter=18
2026-03-15 22:29:15 | INFO     | [POOL #01544] 2245 52 513 414 1704 1219 1904 2563 944 233 2766 525 15 2430 226 2189 1660 2708 1739 1382 2833 398 1133 2734 2297 1523 2445 2045 2579 357 683 2823 2223 2073 1371 438 1635 852 866 454 2120 2482 2721 717 427 1876 2703 2817 888 620 902 1795 891 2152 1542 2244 1291 558 || mode=VB method=fcm solver=filo1 stage=post_ls ls=pyvrp iter=18
2026-03-15 22:29:15 | INFO     | [POOL #01545] 1751 2478 2640 1548 340 568 2185 2035 2405 1633 40 1955 736 892 613 1261 1108 263 350 486 1185 2366 1947 1606 757 || mode=VB method=fcm solver=filo1 stage=post_ls ls=pyvrp iter=18
2026-03-15 22:29:15 | INFO     | [POOL #01546] 310 1413 637 830 2849 1175 1583 2880 1306 897 121 1000 1194 101 1637 2865 2790 462 1086 1509 || mode=VB method=fcm solver=filo1 stage=post_ls ls=pyvrp iter=18
2026-03-15 22:29:15 | INFO     | [POOL #01547] 330 1132 1578 1871 2485 1746 1247 1767 2307 397 2333 1833 2812 1867 1424 877 945 2647 970 2716 473 || mode=VB method=fcm solver=filo1 stage=post_ls ls=pyvrp iter=18
2026-03-15 22:29:15 | INFO     | [POOL #01548] 2877 1663 1706 2566 539 399 2030 1083 1173 1675 2458 2199 2704 2039 1775 600 2674 1940 2477 2459 536 157 || mode=VB method=fcm solver=filo1 stage=post_ls ls=pyvrp iter=18
2026-03-15 22:29:15 | INFO     | [POOL #01549] 1453 1485 835 2642 2092 261 1474 823 1609 1894 1019 2031 2818 1299 772 90 2645 488 424 1159 2106 2001 144 || mode=VB method=fcm solver=filo1 stage=post_ls ls=pyvrp iter=18
2026-03-15 22:29:15 | INFO     | [POOL #01550] 1761 1777 1467 911 1848 2119 1585 707 1886 2564 2065 2146 1511 2515 1015 2002 1818 1841 1916 2085 2111 831 || mode=VB method=fcm solver=filo1 stage=post_ls ls=pyvrp iter=18
2026-03-15 22:29:15 | INFO     | [POOL #01551] 2750 2187 1090 459 2396 1 71 579 1941 2102 2145 2552 1408 1702 906 258 372 278 450 838 1864 2131 408 2234 511 829 497 1342 1022 1074 2442 1017 1295 300 1470 259 648 413 1934 48 2883 172 803 2601 2322 244 456 2154 442 1246 2684 1740 2267 1207 2167 216 1450 1186 5 417 2135 1421 84 2260 2913 2453 2247 2911 || mode=VB method=fcm solver=filo1 stage=post_ls ls=pyvrp iter=18
2026-03-15 22:29:15 | INFO     | [POOL #01552] 1461 2686 1651 2850 2481 2830 2046 791 2415 2610 2387 2397 2107 404 2894 1644 603 1698 540 1089 1758 2464 || mode=VB method=fcm solver=filo1 stage=post_ls ls=pyvrp iter=18
2026-03-15 22:29:15 | INFO     | [POOL #01553] 302 1323 1435 993 1862 1715 2551 1260 2426 2168 2626 2399 2506 366 2530 423 1044 1415 290 279 2693 1984 || mode=VB method=fcm solver=filo1 stage=post_ls ls=pyvrp iter=18
2026-03-15 22:29:15 | INFO     | [POOL #01554] 146 2853 2134 137 2451 2654 75 1212 1560 1627 589 2332 1068 1657 2695 207 1622 1084 1762 1147 2562 2633 2079 2516 1401 2895 1221 2404 188 1687 1225 696 1113 2395 2809 2228 2056 70 573 1992 1026 2608 2207 || mode=VB method=fcm solver=filo1 stage=post_ls ls=pyvrp iter=18
2026-03-15 22:29:15 | INFO     | [POOL #01555] 1697 1949 1354 984 847 1536 2066 2236 155 792 301 773 716 104 1062 1146 1051 723 1614 452 2280 605 1244 || mode=VB method=fcm solver=filo1 stage=post_ls ls=pyvrp iter=18
2026-03-15 22:29:15 | INFO     | [POOL #01556] 1996 2593 2454 2845 1059 1650 2543 2842 1632 2295 2074 2421 315 813 2376 364 1160 950 2089 851 195 2188 || mode=VB method=fcm solver=filo1 stage=post_ls ls=pyvrp iter=18
2026-03-15 22:29:15 | INFO     | [POOL #01557] 824 2126 1776 1680 2225 349 2657 621 1991 342 1463 1319 1192 1652 2420 1329 2227 2702 139 1359 810 1303 || mode=VB method=fcm solver=filo1 stage=post_ls ls=pyvrp iter=18
2026-03-15 22:29:15 | INFO     | [POOL #01558] 1267 2210 2700 1809 666 2429 1156 250 348 2431 1001 2274 1275 1052 1449 599 1198 167 379 821 431 2804 1915 367 257 1231 2631 1418 1443 2069 173 2785 566 132 2412 1968 266 1902 2852 1135 2658 1897 998 1617 2288 2670 2714 2350 518 879 1398 936 2000 1756 2224 2491 1347 254 461 467 2109 549 36 312 2226 || mode=VB method=fcm solver=filo1 stage=post_ls ls=pyvrp iter=18
2026-03-15 22:29:15 | INFO     | [POOL #01559] 2343 1689 451 1238 718 2184 62 2728 1445 1559 959 1800 1163 1031 2503 1562 2748 249 516 2500 41 2200 141 281 656 1681 1507 2679 || mode=VB method=fcm solver=filo1 stage=post_ls ls=pyvrp iter=18
2026-03-15 22:29:15 | INFO     | [POOL #01560] 1819 939 277 1330 701 360 809 2328 1535 1434 784 1952 260 1128 2483 2151 1490 1794 2007 489 524 1797 1033 2457 129 745 2587 2892 1586 1416 271 1344 1036 2705 2272 2775 2806 208 269 1348 103 368 2846 1143 2819 1908 2335 2793 2053 654 338 2779 1674 917 2876 1038 471 2182 2266 1914 608 625 2553 837 1154 1613 1171 || mode=VB method=fcm solver=filo1 stage=post_ls ls=pyvrp iter=18
2026-03-15 22:29:15 | INFO     | [POOL #01561] 2717 2590 1087 2463 412 2694 209 181 2149 2291 393 659 219 862 1510 875 1726 1844 1369 2385 161 1475 2258 2165 1352 1738 2024 1990 2316 353 2375 673 1043 109 1595 || mode=VB method=fcm solver=filo1 stage=post_ls ls=pyvrp iter=18
2026-03-15 22:29:15 | INFO     | [POOL #01562] 1433 1252 2572 694 1067 930 373 982 79 1985 567 2356 2319 1929 400 1155 865 724 1332 2351 840 1634 || mode=VB method=sk_ac_avg solver=filo2 stage=post_ls ls=pyvrp iter=19
2026-03-15 22:29:15 | INFO     | [POOL #01563] 722 1576 2021 1942 652 657 2181 2118 1504 2764 2279 2663 2508 817 698 1957 1975 73 561 1895 2259 1790 2669 2036 97 867 678 2805 2249 1324 2222 1447 327 1811 2687 1755 977 2015 671 2407 376 1882 1326 1682 466 1307 2803 2144 || mode=VB method=sk_ac_avg solver=filo2 stage=post_ls ls=pyvrp iter=19
2026-03-15 22:29:15 | INFO     | [POOL #01564] 2888 1294 1429 1387 2784 1394 1014 826 2237 1065 19 1883 1101 218 980 288 1747 1070 1610 2271 1189 409 1710 584 2292 1218 2170 1763 2032 1556 1962 2341 || mode=VB method=sk_ac_avg solver=filo2 stage=post_ls ls=pyvrp iter=19
2026-03-15 22:29:15 | INFO     | [POOL #01565] 622 1550 585 2278 199 714 2891 502 2216 1515 136 2678 1150 1355 468 1608 1958 1879 2546 2108 149 || mode=VB method=sk_ac_avg solver=filo2 stage=post_ls ls=pyvrp iter=19
2026-03-15 22:29:15 | INFO     | [POOL #01566] 843 551 928 1322 688 870 1845 528 2084 1696 1383 1103 653 214 1298 329 191 597 2692 1457 1593 2423 715 884 2155 || mode=VB method=sk_ac_avg solver=filo2 stage=post_ls ls=pyvrp iter=19
2026-03-15 22:29:15 | INFO     | [POOL #01567] 96 1887 976 687 1245 915 874 1823 2780 818 868 2816 1854 182 243 1409 1636 1829 604 2723 2752 || mode=VB method=sk_ac_avg solver=filo2 stage=post_ls ls=pyvrp iter=19
2026-03-15 22:29:15 | INFO     | [POOL #01568] 163 1861 1843 512 1888 237 2732 2304 1983 1073 89 2844 2320 1961 720 629 2762 713 2747 1909 2592 517 1673 1728 2643 2641 156 2005 1993 1750 176 748 634 631 1943 1647 1786 992 2428 2739 1042 1980 940 1676 1024 560 436 21 1226 1620 798 1625 1320 1885 2656 1064 1012 509 2373 808 1104 1524 640 1414 538 || mode=VB method=sk_ac_avg solver=filo2 stage=post_ls ls=pyvrp iter=19
2026-03-15 22:29:15 | INFO     | [POOL #01569] 2143 2448 929 1742 2163 650 1846 2324 2360 2374 2869 1356 1684 519 2371 1403 355 1901 2909 469 1973 596 1764 1893 1136 751 952 2257 523 2639 2512 948 1205 578 2147 4 2025 2831 1214 2294 1481 2077 832 2688 2661 1793 965 1874 848 1691 586 2282 2589 200 782 2303 1965 2177 2203 1748 2768 859 1648 1857 1572 || mode=VB method=sk_ac_avg solver=filo2 stage=post_ls ls=pyvrp iter=19
2026-03-15 22:29:15 | INFO     | [POOL #01570] 1464 152 1737 510 1045 2665 1979 738 421 449 887 1769 1448 2896 1115 1778 133 1056 74 2273 527 2023 2834 526 1813 2012 2413 27 2042 1129 1714 2578 234 429 1906 1815 1580 1520 1425 1732 1717 328 276 1270 2321 1361 1821 1664 2549 2329 2204 295 262 574 1553 476 699 2874 522 2441 2446 689 425 487 2162 2801 119 1316 2707 || mode=VB method=sk_ac_avg solver=filo2 stage=post_ls ls=pyvrp iter=19
2026-03-15 22:29:15 | INFO     | [POOL #01571] 2509 236 1483 1363 2311 2622 2753 2142 56 2121 2873 2130 1279 1458 855 742 2141 1032 1284 943 825 94 910 || mode=VB method=sk_ac_avg solver=filo2 stage=post_ls ls=pyvrp iter=19
2026-03-15 22:29:15 | INFO     | [POOL #01572] 785 2312 2049 1514 321 1863 532 2009 225 1626 1293 123 1164 2176 769 506 663 1561 1839 || mode=VB method=sk_ac_avg solver=filo2 stage=post_ls ls=pyvrp iter=19
2026-03-15 22:29:15 | INFO     | [POOL #01573] 224 2655 1690 2510 1420 1729 1183 179 2378 2504 1120 177 1153 674 441 1619 2835 2561 712 795 592 2860 941 || mode=VB method=sk_ac_avg solver=filo2 stage=post_ls ls=pyvrp iter=19
2026-03-15 22:29:15 | INFO     | [POOL #01574] 453 895 860 728 576 2740 1317 1444 150 2802 2006 2529 2419 231 1364 2402 1274 2615 1513 472 1693 896 491 1571 1140 739 1227 658 135 894 1379 776 2055 533 2861 2630 || mode=VB method=sk_ac_avg solver=filo2 stage=post_ls ls=pyvrp iter=19
2026-03-15 22:29:15 | INFO     | [POOL #01575] 227 1534 651 1529 2505 1933 291 2361 2010 2677 594 2638 1802 692 2596 1880 2599 2912 922 2851 1411 556 || mode=VB method=sk_ac_avg solver=filo2 stage=post_ls ls=pyvrp iter=19
2026-03-15 22:29:15 | INFO     | [POOL #01576] 496 2689 2887 1340 788 1807 389 1237 2150 1826 378 2556 1151 1466 1489 1743 1283 1478 1931 636 2388 || mode=VB method=sk_ac_avg solver=filo2 stage=post_ls ls=pyvrp iter=19
2026-03-15 22:29:15 | INFO     | [POOL #01577] 1331 1849 1565 447 1105 771 1258 2359 2858 626 395 160 1630 1195 38 241 347 2334 2117 755 246 || mode=VB method=sk_ac_avg solver=filo2 stage=post_ls ls=pyvrp iter=19
2026-03-15 22:29:15 | INFO     | [POOL #01578] 662 2570 2731 446 1796 1202 1094 318 942 709 2455 439 25 681 2470 2370 1666 2776 2581 1963 2560 145 1213 || mode=VB method=sk_ac_avg solver=filo2 stage=post_ls ls=pyvrp iter=19
2026-03-15 22:29:15 | INFO     | [POOL #01579] 1116 2186 617 1564 1346 2286 1419 691 1616 2283 1989 2813 2465 380 912 1476 80 1137 1046 812 || mode=VB method=sk_ac_avg solver=filo2 stage=post_ls ls=pyvrp iter=19
2026-03-15 22:29:15 | INFO     | [POOL #01580] 1830 1568 547 387 846 2022 230 1918 1966 1971 51 508 2882 1177 967 183 2760 706 484 485 1787 1598 || mode=VB method=sk_ac_avg solver=filo2 stage=post_ls ls=pyvrp iter=19
2026-03-15 22:29:15 | INFO     | [POOL #01581] 405 93 602 1210 495 1718 2293 1206 492 2673 2047 765 2507 2709 356 165 1037 644 2616 2843 932 || mode=VB method=sk_ac_avg solver=filo2 stage=post_ls ls=pyvrp iter=19
2026-03-15 22:29:15 | INFO     | [POOL #01582] 1936 953 284 2614 204 1575 2814 1168 2597 2460 2114 501 1468 381 1119 2660 1336 1451 801 2807 2628 || mode=VB method=sk_ac_avg solver=filo2 stage=post_ls ls=pyvrp iter=19
2026-03-15 22:29:15 | INFO     | [POOL #01583] 2277 1321 293 1699 1241 1075 2872 1554 2414 1611 1708 49 569 371 754 69 1180 477 253 1442 618 2318 || mode=VB method=sk_ac_avg solver=filo2 stage=post_ls ls=pyvrp iter=19
2026-03-15 22:29:15 | INFO     | [POOL #01584] 746 478 1597 2194 1516 1184 2239 252 2701 2627 1721 221 924 744 1791 2799 2898 2558 287 1109 2698 115 1588 2744 || mode=VB method=sk_ac_avg solver=filo2 stage=post_ls ls=pyvrp iter=19
2026-03-15 22:29:15 | INFO     | [POOL #01585] 99 1700 797 1138 2337 111 159 66 743 1749 686 1488 1141 2061 1988 2781 98 2401 542 2057 693 730 || mode=VB method=sk_ac_avg solver=filo2 stage=post_ls ls=pyvrp iter=19
2026-03-15 22:29:15 | INFO     | [POOL #01586] 1399 437 857 1063 444 1297 790 1134 17 2062 1235 1603 30 957 2498 110 1381 351 1367 607 1095 1772 || mode=VB method=sk_ac_avg solver=filo2 stage=post_ls ls=pyvrp iter=19
2026-03-15 22:29:15 | INFO     | [POOL #01587] 122 780 889 83 189 401 158 1362 2090 1309 2229 964 1010 2352 416 903 2536 2772 2221 1296 170 2033 || mode=VB method=sk_ac_avg solver=filo2 stage=post_ls ls=pyvrp iter=19
2026-03-15 22:29:15 | INFO     | [POOL #01588] 2353 270 1232 2242 1417 2201 297 2619 632 1500 2778 2574 333 611 2848 2893 460 2357 82 972 175 2088 619 2867 1780 1165 1282 2380 1313 905 || mode=VB method=sk_ac_avg solver=filo2 stage=post_ls ls=pyvrp iter=19
2026-03-15 22:29:15 | INFO     | [POOL #01589] 317 2602 565 2384 1599 2664 1085 873 1817 1814 2675 2209 1788 1078 1058 2681 839 764 2246 978 || mode=VB method=sk_ac_avg solver=filo2 stage=post_ls ls=pyvrp iter=19
2026-03-15 22:29:15 | INFO     | [POOL #01590] 2757 721 2720 256 2907 1519 2122 562 2683 2901 1669 988 1977 1308 2435 2745 127 212 708 428 1607 1060 || mode=VB method=sk_ac_avg solver=filo2 stage=post_ls ls=pyvrp iter=19
2026-03-15 22:29:15 | INFO     | [POOL #01591] 1385 767 1827 2538 783 1806 12 669 1959 1215 2014 2794 933 554 530 1939 2256 667 1431 2542 2568 47 2713 559 1462 95 1220 1407 661 433 131 1730 || mode=VB method=sk_ac_avg solver=filo2 stage=post_ls ls=pyvrp iter=19
2026-03-15 22:29:15 | INFO     | [POOL #01592] 2910 2040 118 1144 2905 665 1248 2514 1208 2537 2339 2287 434 2591 2315 2082 2386 2466 1314 2738 2634 2691 2545 1250 2410 1913 1243 2284 987 2390 1126 2680 1271 374 719 2576 58 961 1759 796 2379 1121 || mode=VB method=sk_ac_avg solver=filo2 stage=post_ls ls=pyvrp iter=19
2026-03-15 22:29:15 | INFO     | [POOL #01593] 1720 1695 463 326 2715 2611 1179 81 2071 1066 609 343 2296 1093 1217 1025 2497 2884 1781 88 2875 1334 1579 || mode=VB method=sk_ac_avg solver=filo2 stage=post_ls ls=pyvrp iter=19
2026-03-15 22:29:15 | INFO     | [POOL #01594] 1498 679 814 2521 1733 2527 799 2821 1641 2474 2461 973 2859 981 1287 2076 309 2105 503 2718 588 142 || mode=VB method=sk_ac_avg solver=filo2 stage=post_ls ls=pyvrp iter=19
2026-03-15 22:29:15 | INFO     | [POOL #01595] 2668 1378 1782 2493 1873 1209 1249 174 1838 635 986 1799 2625 2067 1683 1661 2828 1552 2068 2159 1744 283 1197 1512 || mode=VB method=sk_ac_avg solver=filo2 stage=post_ls ls=pyvrp iter=19
2026-03-15 22:29:15 | INFO     | [POOL #01596] 1204 1288 768 480 2548 890 1896 1300 856 1805 570 1455 1081 363 2810 337 2003 2325 541 419 1018 || mode=VB method=sk_ac_avg solver=filo2 stage=post_ls ls=pyvrp iter=19
2026-03-15 22:29:15 | INFO     | [POOL #01597] 1999 1440 1858 1377 2725 1532 39 1549 1142 134 1149 213 1158 704 749 781 2557 1953 || mode=VB method=sk_ac_avg solver=filo2 stage=post_ls ls=pyvrp iter=19
2026-03-15 22:29:15 | INFO     | [POOL #01598] 1752 1366 2034 9 1224 474 907 623 377 1836 1285 2471 2635 2020 1035 1792 682 1686 2072 1351 794 || mode=VB method=sk_ac_avg solver=filo2 stage=post_ls ls=pyvrp iter=19
2026-03-15 22:29:15 | INFO     | [POOL #01599] 1161 1771 2798 320 807 2306 1760 1191 1091 475 726 352 827 753 1526 2837 2636 2129 756 960 2881 || mode=VB method=sk_ac_avg solver=filo2 stage=post_ls ls=pyvrp iter=19
2026-03-15 22:29:15 | INFO     | [POOL #01600] 2751 2726 2840 1503 828 1071 737 1188 2112 779 72 1734 2580 128 1427 793 205 2206 1868 951 725 345 660 1034 1276 106 2110 2825 2559 2524 628 361 2550 2783 643 990 180 2444 || mode=VB method=sk_ac_avg solver=filo2 stage=post_ls ls=pyvrp iter=19
2026-03-15 22:29:15 | INFO     | [POOL #01601] 2554 1574 2885 45 1182 1373 2868 2452 1944 1393 1997 1233 169 916 470 26 778 1856 1508 1537 2331 1484 760 1923 || mode=VB method=sk_ac_avg solver=filo2 stage=post_ls ls=pyvrp iter=19
2026-03-15 22:29:15 | INFO     | [POOL #01602] 876 1002 1404 1092 2475 918 2330 282 633 331 2180 834 457 2096 997 1994 1812 931 1621 2169 13 43 958 2093 1877 2792 445 1200 2862 1618 2609 1011 2174 314 1679 627 2195 1391 595 2233 946 2871 2011 2699 2028 402 923 2719 2676 354 325 1006 2547 2711 1798 2440 2450 1111 443 1253 308 550 2060 1255 2839 2495 630 1567 2308 171 168 1055 1428 || mode=VB method=sk_ac_avg solver=filo2 stage=post_ls ls=pyvrp iter=19
2026-03-15 22:29:15 | INFO     | [POOL #01603] 312 319 464 695 280 2127 2393 77 1803 1337 289 420 563 1174 2612 1587 2662 2659 2800 1522 2690 2586 1928 2623 1410 2368 1951 1688 2394 6 638 1935 323 1543 537 557 1131 2323 935 575 1396 2309 1671 881 2190 1731 2346 545 1920 1050 1076 2027 1521 1596 2050 1097 883 2218 1049 747 2254 2468 2637 10 1020 1170 2349 1494 2041 2103 || mode=VB method=sk_ac_avg solver=filo2 stage=post_ls ls=pyvrp iter=19
2026-03-15 22:29:15 | INFO     | [POOL #01604] 483 1784 802 845 184 1178 42 1672 1269 1766 117 1009 2017 2091 1600 2827 731 1438 1785 2153 2518 493 2208 1305 2427 1240 1112 1229 546 1528 2327 587 591 1558 1948 298 994 1930 2855 2685 1649 126 1318 1659 2270 2058 1290 2476 1122 124 864 1265 54 2363 2697 806 346 2125 2198 406 1960 1719 999 || mode=VB method=sk_ac_avg solver=filo2 stage=post_ls ls=pyvrp iter=19
2026-03-15 22:29:15 | INFO     | [POOL #01605] 1102 197 2754 2501 711 1727 2207 2608 1026 1450 216 2167 1992 573 70 2056 2228 2809 2395 696 1225 1687 1113 2562 2633 2516 2079 1401 2895 188 2404 1221 648 259 413 1934 48 2883 172 803 2601 2322 244 456 408 2131 1864 2684 442 2154 1246 1740 2267 1207 2457 524 1186 5 417 2541 1421 84 2260 2913 2453 2247 2298 || mode=VB method=sk_ac_avg solver=filo2 stage=post_ls ls=pyvrp iter=19
2026-03-15 22:29:15 | INFO     | [POOL #01606] 938 718 2184 62 2728 893 187 787 407 949 2755 303 1069 1657 207 2695 1068 2332 589 1627 1560 1212 75 2654 2451 137 2134 2853 2500 41 2200 141 281 146 392 1507 673 || mode=VB method=sk_ac_avg solver=filo2 stage=post_ls ls=pyvrp iter=19
2026-03-15 22:29:15 | INFO     | [POOL #01607] 455 2864 1578 824 2126 792 1776 1680 301 773 716 104 1062 1146 1051 2236 155 2066 1536 847 984 1697 || mode=VB method=sk_ac_avg solver=filo2 stage=post_ls ls=pyvrp iter=19
2026-03-15 22:29:15 | INFO     | [POOL #01608] 862 1510 875 1726 1844 1369 2748 249 1445 583 1559 959 1800 1163 1031 2503 1562 516 2385 161 1475 2258 2165 1352 656 1629 1547 1990 2316 || mode=VB method=sk_ac_avg solver=filo2 stage=post_ls ls=pyvrp iter=19
2026-03-15 22:29:15 | INFO     | [POOL #01609] 1043 620 2262 435 2908 920 1911 1884 22 2342 863 1386 2666 937 1465 2469 1835 2467 1832 1004 2621 927 2584 1569 285 543 646 1921 1976 1436 2605 2081 2135 357 683 1133 398 2833 1382 1739 2708 1660 2189 226 15 2430 866 2721 717 427 1876 2703 888 902 || mode=VB method=sk_ac_avg solver=filo2 stage=post_ls ls=pyvrp iter=19
2026-03-15 22:29:15 | INFO     | [POOL #01610] 1096 1698 603 1644 1622 1147 1762 1084 2894 404 2107 2397 2387 2610 2415 1388 791 2046 2830 2481 2850 2607 || mode=VB method=sk_ac_avg solver=filo2 stage=post_ls ls=pyvrp iter=19
2026-03-15 22:29:15 | INFO     | [POOL #01611] 2013 272 332 880 34 1566 2269 668 2797 1964 2417 1801 2362 616 1891 2456 1234 87 57 185 440 956 2488 1048 582 71 1 2396 2350 2714 2670 2288 1617 998 1897 2658 2852 1135 367 257 1231 1915 2804 431 821 379 167 1198 2182 1914 599 1449 1052 1275 608 2274 2000 1756 2224 1001 2431 2491 1347 348 837 250 1156 2429 277 1291 || mode=VB method=sk_ac_avg solver=filo2 stage=post_ls ls=pyvrp iter=19
2026-03-15 22:29:15 | INFO     | [POOL #01612] 1707 2603 1984 1087 2463 2693 412 353 2694 209 181 279 2149 2291 659 219 393 1738 2024 1681 383 1518 344 1910 2811 1333 1040 2679 2375 822 2671 1389 1595 || mode=VB method=sk_ac_avg solver=filo2 stage=post_ls ls=pyvrp iter=19
2026-03-15 22:29:15 | INFO     | [POOL #01613] 572 1711 64 2043 24 531 555 1539 885 166 2832 1954 1533 2765 1259 1406 28 2808 2490 2377 2904 1709 1242 2724 2822 1927 2769 2434 1816 138 2487 68 1005 590 1881 2145 92 2906 1573 1645 482 1840 2048 1605 2123 2098 264 1365 1544 194 505 1013 1530 1327 2511 1926 490 1172 458 1345 1047 1847 995 53 1668 || mode=VB method=sk_ac_avg solver=filo2 stage=post_ls ls=pyvrp iter=19
2026-03-15 22:29:15 | INFO     | [POOL #01614] 675 1312 2226 1768 2746 811 1859 2857 1072 369 2391 1860 36 2473 2525 2897 985 549 2109 467 461 254 1370 394 2389 91 1563 2750 936 1398 2187 879 518 459 1090 1912 286 1757 2367 820 2054 1589 2863 391 580 2443 65 1875 2879 664 217 833 2018 649 647 968 222 || mode=VB method=sk_ac_avg solver=filo2 stage=post_ls ls=pyvrp iter=19
2026-03-15 22:29:15 | INFO     | [POOL #01615] 2520 2479 1439 1753 1834 1228 2168 2626 2399 2343 1689 2506 366 2530 423 1044 1415 290 1343 143 78 2717 || mode=VB method=sk_ac_avg solver=filo2 stage=post_ls ls=pyvrp iter=19
2026-03-15 22:29:15 | INFO     | [POOL #01616] 451 1238 114 2494 908 850 1656 1758 1089 2205 540 16 1967 432 1651 723 1614 452 2686 1461 2280 1244 || mode=VB method=sk_ac_avg solver=filo2 stage=post_ls ls=pyvrp iter=19
2026-03-15 22:29:15 | INFO     | [POOL #01617] 515 2403 2338 1139 1949 1354 605 1223 2826 2464 2230 2426 1260 2551 1715 1862 993 1435 2569 2653 1360 248 || mode=VB method=sk_ac_avg solver=filo2 stage=post_ls ls=pyvrp iter=19
2026-03-15 22:29:15 | INFO     | [POOL #01618] 1613 666 1154 1330 701 2553 360 625 809 2266 784 471 1038 2876 917 1674 2779 2631 1418 1443 1902 266 1968 2412 132 566 2785 173 2069 2705 838 450 497 1342 829 511 2234 1295 300 1470 1017 2442 1074 1022 372 278 258 906 1702 1408 1375 624 2136 147 2552 2102 1941 579 1932 1358 1495 2838 962 2140 2743 955 2382 1899 1745 900 || mode=VB method=sk_ac_avg solver=filo2 stage=post_ls ls=pyvrp iter=19
2026-03-15 22:29:15 | INFO     | [POOL #01619] 2817 2482 2120 454 852 1635 438 1371 2073 2223 2823 2579 2045 2445 1523 2297 2734 2151 1490 489 2007 1794 1797 1033 129 745 2587 2892 1586 1416 271 1344 1036 2272 2775 2806 208 269 1348 103 368 2846 1143 2819 1908 2335 2793 2053 654 338 1128 2483 260 1952 1434 1535 2328 525 2766 233 944 2563 1904 1219 2911 || mode=VB method=sk_ac_avg solver=filo2 stage=post_ls ls=pyvrp iter=19
2026-03-15 22:29:15 | INFO     | [POOL #01620] 2392 1685 196 1053 1176 1124 2424 1397 164 2406 2340 762 362 2263 55 2836 1995 148 1114 732 1694 || mode=VB method=sk_ac_avg solver=filo2 stage=post_ls ls=pyvrp iter=19
2026-03-15 22:29:15 | INFO     | [POOL #01621] 1395 2756 411 1869 1872 1853 2782 2899 2540 1592 2365 1705 85 1970 465 2787 2595 154 481 727 410 2231 || mode=VB method=sk_ac_avg solver=filo2 stage=post_ls ls=pyvrp iter=19
2026-03-15 22:29:15 | INFO     | [POOL #01622] 2 422 63 2347 296 925 2650 2248 710 2462 901 2773 1612 2742 1281 2618 2252 2183 2179 1878 2261 1865 || mode=VB method=sk_ac_avg solver=filo2 stage=post_ls ls=pyvrp iter=19
2026-03-15 22:29:15 | INFO     | [POOL #01623] 2354 2856 1499 2870 273 2902 1286 275 1392 2727 1582 2649 140 2094 1531 775 193 2099 1842 2489 1870 672 1741 || mode=VB method=sk_ac_avg solver=filo2 stage=post_ls ls=pyvrp iter=19
2026-03-15 22:29:15 | INFO     | [POOL #01624] 2281 61 921 2314 1061 2795 1855 2730 2886 800 306 2064 854 1477 2345 2113 2866 564 2372 1335 1808 || mode=VB method=sk_ac_avg solver=filo2 stage=post_ls ls=pyvrp iter=19
2026-03-15 22:29:15 | INFO     | [POOL #01625] 2132 2313 521 125 913 989 815 853 178 1169 2824 396 2492 552 1783 2733 1190 615 1602 23 2196 76 60 || mode=VB method=sk_ac_avg solver=filo2 stage=post_ls ls=pyvrp iter=19
2026-03-15 22:29:15 | INFO     | [POOL #01626] 430 2889 1754 1376 514 2433 1540 1472 198 1546 2449 548 305 299 2416 700 1039 2083 1946 2788 2526 1678 2620 || mode=VB method=sk_ac_avg solver=filo2 stage=post_ls ls=pyvrp iter=19
2026-03-15 22:29:15 | INFO     | [POOL #01627] 2458 1675 1485 1889 1054 684 494 2092 424 102 1422 2770 100 983 2253 426 375 733 1130 2598 1452 186 || mode=VB method=sk_ac_avg solver=filo2 stage=post_ls ls=pyvrp iter=19
2026-03-15 22:29:15 | INFO     | [POOL #01628] 1667 1474 823 1609 1894 1019 2031 2818 2175 1646 1430 1925 1639 1390 2251 1299 772 90 488 261 2642 835 || mode=VB method=sk_ac_avg solver=filo2 stage=post_ls ls=pyvrp iter=19
2026-03-15 22:29:15 | INFO     | [POOL #01629] 1456 1692 761 316 750 386 2172 2519 108 2289 777 2400 2600 2422 239 842 919 2528 2645 2232 836 1159 || mode=VB method=sk_ac_avg solver=filo2 stage=post_ls ls=pyvrp iter=19
2026-03-15 22:29:15 | INFO     | [POOL #01630] 1303 2333 1833 2812 1867 2420 1192 1319 1463 342 1991 621 151 2657 349 2225 1767 1247 1746 2485 1871 1824 || mode=VB method=sk_ac_avg solver=filo2 stage=post_ls ls=pyvrp iter=19
2026-03-15 22:29:15 | INFO     | [POOL #01631] 1712 1008 473 2704 2199 1359 139 1424 877 945 2647 970 2716 810 1132 330 1969 2211 680 390 2241 341 || mode=VB method=sk_ac_avg solver=filo2 stage=post_ls ls=pyvrp iter=19
2026-03-15 22:29:15 | INFO     | [POOL #01632] 2307 397 1892 641 385 581 670 1357 1624 105 1315 1922 1405 2736 1193 1497 2767 1652 1329 2227 2702 1453 || mode=VB method=sk_ac_avg solver=filo2 stage=post_ls ls=pyvrp iter=19
2026-03-15 22:29:15 | INFO     | [POOL #01633] 2425 2447 2238 1057 2285 1501 1125 1831 2484 861 2344 1339 2741 2166 2696 2567 1723 1773 2008 2672 2651 220 1924 529 774 1570 274 322 740 2706 878 1623 1890 869 116 1654 384 1098 2737 2771 1222 1196 1341 50 1482 2100 1301 2534 1216 2735 2878 655 2116 1938 2191 1527 1642 1292 2086 403 2829 2275 610 1725 32 763 2577 886 479 1023 1110 || mode=VB method=sk_ac_avg solver=filo2 stage=post_ls ls=pyvrp iter=19
2026-03-15 22:29:15 | INFO     | [POOL #01634] 1479 2157 2439 2624 2104 1703 1591 86 1338 2409 67 307 1974 1181 816 1145 2029 676 2437 2712 240 1106 789 2075 2161 1353 899 113 1701 1653 1029 1502 2854 642 || mode=VB method=sk_ac_avg solver=filo2 stage=post_ls ls=pyvrp iter=19
2026-03-15 22:29:15 | INFO     | [POOL #01635] 2722 1471 120 382 190 1491 1486 1950 1837 2078 2255 448 1919 1021 805 1584 2178 2038 872 2139 598 2761 2796 2173 1525 1898 2710 242 1099 358 2212 1432 601 1551 849 2369 2841 553 2682 498 || mode=VB method=sk_ac_avg solver=filo2 stage=post_ls ls=pyvrp iter=19
2026-03-15 22:29:15 | INFO     | [POOL #01636] 101 1194 2418 2499 1665 734 703 2477 1940 2674 2459 536 157 245 31 1256 1978 2774 2336 2243 2111 2138 || mode=VB method=sk_ac_avg solver=filo2 stage=post_ls ls=pyvrp iter=19
2026-03-15 22:29:15 | INFO     | [POOL #01637] 1724 339 2606 1199 831 1761 1606 1638 697 192 388 2408 1350 2133 2016 2095 1917 || mode=VB method=sk_ac_avg solver=filo2 stage=post_ls ls=pyvrp iter=19
2026-03-15 22:29:15 | INFO     | [POOL #01638] 757 1777 1467 911 1848 1166 1886 2564 2065 2358 729 2115 1167 2146 1511 2515 1015 2002 1841 1916 2085 235 311 || mode=VB method=sk_ac_avg solver=filo2 stage=post_ls ls=pyvrp iter=19
2026-03-15 22:29:15 | INFO     | [POOL #01639] 2245 1267 2051 558 52 1819 2890 1171 2210 513 939 2700 1809 1704 414 1795 759 891 268 1107 1372 2152 1542 2244 1820 1280 606 2037 1123 1765 844 1538 || mode=VB method=sk_ac_avg solver=filo2 stage=post_ls ls=pyvrp iter=19
2026-03-15 22:29:15 | INFO     | [POOL #01640] 520 1590 1162 1851 507 2544 310 2124 971 2513 1272 1469 2171 1211 2777 690 2496 1080 2301 || mode=VB method=sk_ac_avg solver=filo2 stage=post_ls ls=pyvrp iter=19
2026-03-15 22:29:15 | INFO     | [POOL #01641] 2355 2791 2617 2632 195 851 2268 1822 1825 1713 2137 1615 2080 2847 2220 577 1658 364 2376 2555 || mode=VB method=sk_ac_avg solver=filo2 stage=post_ls ls=pyvrp iter=19
2026-03-15 22:29:15 | INFO     | [POOL #01642] 1459 2188 2381 1905 1027 2089 950 1160 2421 315 813 2454 2593 2128 1996 1986 1203 2900 335 || mode=VB method=sk_ac_avg solver=filo2 stage=post_ls ls=pyvrp iter=19
2026-03-15 22:29:15 | INFO     | [POOL #01643] 112 1059 2543 2842 2295 1632 2074 20 1496 59 1505 770 2019 2326 1323 1770 302 705 1722 2646 752 324 2590 109 2383 2290 || mode=VB method=sk_ac_avg solver=filo2 stage=post_ls ls=pyvrp iter=19
2026-03-15 22:29:15 | INFO     | [POOL #01644] 1374 2366 1185 486 1108 892 736 1955 1633 40 2877 819 2571 2299 2300 162 741 1601 1585 2119 263 350 1947 || mode=VB method=sk_ac_avg solver=filo2 stage=post_ls ls=pyvrp iter=19
2026-03-15 22:29:15 | INFO     | [POOL #01645] 7 1937 35 2789 1236 415 2845 1650 2156 2604 2502 1460 2486 8 2158 593 2820 1201 2097 1972 2535 || mode=VB method=sk_ac_avg solver=filo2 stage=post_ls ls=pyvrp iter=19
2026-03-15 22:29:15 | INFO     | [POOL #01646] 304 2197 1907 37 1082 2575 2517 2310 504 2613 1187 2749 1628 934 1774 1716 1041 2436 1152 1127 || mode=VB method=sk_ac_avg solver=filo2 stage=post_ls ls=pyvrp iter=19
2026-03-15 22:29:15 | INFO     | [POOL #01647] 1818 1655 2629 858 334 1441 223 211 2214 1368 238 1492 247 202 2364 107 1263 1480 2026 130 535 229 || mode=VB method=sk_ac_avg solver=filo2 stage=post_ls ls=pyvrp iter=19
2026-03-15 22:29:15 | INFO     | [POOL #01648] 1257 1254 46 2522 1555 1852 2438 2215 2594 2432 1804 841 898 1426 2729 2192 904 121 897 1306 2880 232 206 || mode=VB method=sk_ac_avg solver=filo2 stage=post_ls ls=pyvrp iter=19
2026-03-15 22:29:15 | INFO     | [POOL #01649] 677 1581 991 1264 1100 612 1423 2573 2652 544 144 1173 1083 2030 399 1775 2039 600 539 2566 1706 1663 2644 947 || mode=VB method=sk_ac_avg solver=filo2 stage=post_ls ls=pyvrp iter=19
2026-03-15 22:29:15 | INFO     | [POOL #01650] 2052 336 418 1998 2786 2219 2213 1945 1493 1028 1810 1262 1412 2317 926 14 2217 2523 2160 1789 954 1640 || mode=VB method=sk_ac_avg solver=filo2 stage=post_ls ls=pyvrp iter=19
2026-03-15 22:29:15 | INFO     | [POOL #01651] 1261 613 2035 2405 1384 201 1277 2044 500 974 2903 804 2815 1003 265 2763 1304 2533 786 44 2305 707 || mode=VB method=sk_ac_avg solver=filo2 stage=post_ls ls=pyvrp iter=19
2026-03-15 22:29:15 | INFO     | [POOL #01652] 2790 2865 1637 1000 1273 2087 2532 2302 499 1557 2759 1981 1866 1088 1631 1987 1677 18 979 1302 1016 || mode=VB method=sk_ac_avg solver=filo2 stage=post_ls ls=pyvrp iter=19
2026-03-15 22:29:15 | INFO     | [POOL #01653] 1751 2478 1509 2640 1548 340 568 2185 1086 462 1583 1175 2849 830 637 1413 1517 2758 2588 365 1900 || mode=VB method=sk_ac_avg solver=filo2 stage=post_ls ls=pyvrp iter=19
2026-03-15 22:29:15 | INFO     | [POOL #01654] 1311 1779 996 969 1604 1079 882 2276 267 2398 33 2001 2106 1030 966 645 871 210 1454 1643 1594 1349 || mode=VB method=sk_ac_avg solver=filo2 stage=post_ls ls=pyvrp iter=19
2026-03-15 22:29:15 | INFO     | 
2026-03-15 22:29:15 | INFO     | ================================================================================
2026-03-15 22:29:15 | INFO     | [XL-n2914-k95] RUNTIME SUMMARY BY STAGE
2026-03-15 22:29:15 | INFO     | ================================================================================
2026-03-15 22:29:15 | INFO     |         cluster:  586.625s (  1.6% of total runtime)
2026-03-15 22:29:15 | INFO     |              ls: 2067.900s (  5.5% of total runtime)
2026-03-15 22:29:15 | INFO     |         routing: 34147.485s ( 90.9% of total runtime)
2026-03-15 22:29:15 | INFO     |             scp:  772.244s (  2.1% of total runtime)
2026-03-15 22:29:15 | INFO     |      total_iter: 37395.249s ( 99.5% of total runtime)
2026-03-15 22:29:15 | INFO     | 
2026-03-15 22:29:15 | INFO     | ================================================================================
2026-03-15 22:29:15 | INFO     | [XL-n2914-k95] PERIODIC SNAPSHOT SNAPSHOT_008
2026-03-15 22:29:15 | INFO     | ================================================================================
2026-03-15 22:29:15 | INFO     | Route #1: 1787 2033 69 754 371 1699 1241 1075 1611 1708 49 569 2561 2835 1619 592 712 795 2772 2221 941 1918 || mode=vb method=sk_kmeans solver=filo2 stage=post_ls ls=pyvrp iter=1
2026-03-15 22:29:15 | INFO     | Route #2: 969 544 33 1030 1452 2598 836 2232 102 1422 2770 100 983 2253 426 375 733 1130 186 645 966 2398 267 || mode=vb method=sk_kmeans solver=filo2 stage=post_ls ls=pyvrp iter=1
2026-03-15 22:29:15 | INFO     | Route #3: 2845 1059 1650 2543 2842 2295 1632 20 1496 59 770 341 2241 390 680 455 2080 1615 2137 2847 2220 577 1658 || mode=vb method=sk_kmeans solver=filo2 stage=post_ls ls=pyvrp iter=1
2026-03-15 22:29:15 | INFO     | Route #4: 114 2494 908 850 1656 1758 1089 2205 540 16 1967 432 2607 1096 1461 2280 605 1354 1949 1697 1862 993 || mode=vb method=sk_kmeans solver=filo2 stage=post_ls ls=pyvrp iter=1
2026-03-15 22:29:15 | INFO     | Route #5: 1607 1598 428 485 508 51 618 1442 253 477 1180 293 1321 2277 967 2882 1177 183 2760 706 484 2361 || mode=vb method=sk_kmeans solver=filo2 stage=post_ls ls=pyvrp iter=1
2026-03-15 22:29:15 | INFO     | Route #6: 1651 2850 2481 2830 2046 791 404 2894 2397 2107 2387 2610 2415 1388 151 2657 621 349 2225 2126 824 || mode=vb method=sk_kmeans solver=filo2 stage=post_ls ls=pyvrp iter=1
2026-03-15 22:29:15 | INFO     | Route #7: 2146 1167 2115 1655 2629 858 1263 107 223 1441 334 1008 245 31 1256 1978 2774 2336 1712 2243 729 2358 1166 || mode=vb method=sk_kmeans solver=filo2 stage=post_ls ls=pyvrp iter=1
2026-03-15 22:29:15 | INFO     | Route #8: 2528 919 842 239 2422 2400 2600 1925 1430 1646 2175 1639 1390 2251 2818 1299 772 90 2645 424 835 || mode=vb method=sk_kmeans solver=filo2 stage=post_ls ls=pyvrp iter=1
2026-03-15 22:29:15 | INFO     | Route #9: 2604 2502 324 2646 78 2520 143 2479 1343 1439 1753 1834 1228 938 1323 2326 2019 302 705 1722 752 248 2156 || mode=vb method=sk_kmeans solver=filo2 stage=post_ls ls=pyvrp iter=1
2026-03-15 22:29:15 | INFO     | Route #10: 122 66 743 780 889 83 189 401 158 1362 2090 1309 2229 416 903 2536 2860 1296 1966 1971 170 2318 || mode=vb method=sk_kmeans solver=filo2 stage=post_ls ls=pyvrp iter=1
2026-03-15 22:29:15 | INFO     | Route #11: 211 1969 1132 330 1303 473 2704 1359 2199 2458 1675 1173 1083 2030 399 1775 2039 600 2459 536 157 1003 || mode=vb method=sk_kmeans solver=filo2 stage=post_ls ls=pyvrp iter=1
2026-03-15 22:29:15 | INFO     | Route #12: 1889 1054 494 1667 1315 1922 670 1357 1624 105 2031 1019 1894 1609 823 1474 488 261 2092 2642 1159 2106 2001 144 || mode=vb method=sk_kmeans solver=filo2 stage=post_ls ls=pyvrp iter=1
2026-03-15 22:29:15 | INFO     | Route #13: 2907 1519 1692 2560 1963 2581 2776 1666 2370 681 25 439 318 1094 145 1213 2122 562 2683 2901 1669 988 || mode=vb method=sk_kmeans solver=filo2 stage=post_ls ls=pyvrp iter=1
2026-03-15 22:29:15 | INFO     | Route #14: 1244 1223 2826 2686 452 1614 723 1051 1146 1062 104 716 773 301 1680 1776 792 155 2236 2066 1536 847 984 || mode=vb method=sk_kmeans solver=filo2 stage=post_ls ls=pyvrp iter=1
2026-03-15 22:29:15 | INFO     | Route #15: 2074 1505 515 2403 2338 1139 1824 1492 238 1368 2214 247 202 2364 2211 2026 130 535 1713 1825 || mode=vb method=sk_kmeans solver=filo2 stage=post_ls ls=pyvrp iter=1
2026-03-15 22:29:15 | INFO     | Route #16: 1538 844 7 1986 112 1937 2097 1201 2820 593 2158 8 2486 1460 2603 1707 606 2037 1123 1972 1765 2535 2290 2245 || mode=vb method=sk_kmeans solver=filo2 stage=post_ls ls=pyvrp iter=1
2026-03-15 22:29:15 | INFO     | Route #17: 673 1040 1681 1547 1629 656 1352 2165 2258 1475 161 2385 516 1562 2503 1031 1163 1800 959 1559 1445 249 2748 1369 1844 1726 875 1510 862 || mode=vb method=sk_kmeans solver=filo2 stage=post_ls ls=pyvrp iter=1
2026-03-15 22:29:15 | INFO     | Route #18: 1456 761 316 750 386 2172 2519 108 2289 777 2470 2455 709 942 2414 2872 1554 1202 1796 446 2731 2570 662 || mode=vb method=sk_kmeans solver=filo2 stage=post_ls ls=pyvrp iter=1
2026-03-15 22:29:15 | INFO     | Route #19: 2051 1613 1154 1347 2491 2224 1756 2000 936 1398 879 518 2350 2714 2670 2288 1617 998 1897 2658 1135 2852 1902 266 1968 173 278 450 838 1864 2131 408 511 829 2234 2442 1017 1295 300 1470 259 648 413 1934 48 2883 172 803 2601 2322 244 456 2154 442 1246 2684 1740 2267 1207 1416 1586 2892 2457 524 1186 5 417 2135 1421 2260 2913 2453 2247 620 || mode=vb method=sk_kmeans solver=filo2 stage=post_ls ls=pyvrp iter=1
2026-03-15 22:29:15 | INFO     | Route #20: 1307 1847 876 1002 1345 458 1172 2832 1954 166 1533 2765 1259 1406 28 2808 2490 2309 1671 1994 1812 931 1621 2169 13 43 2093 958 1877 2792 445 1618 2862 1200 994 2855 2685 1649 126 545 2346 1731 2190 881 997 2096 457 834 2180 331 633 282 2330 918 2475 1092 1404 885 1539 555 531 24 466 2043 64 1711 || mode=vb method=sk_kmeans solver=filo2 stage=post_ls ls=pyvrp iter=1
2026-03-15 22:29:15 | INFO     | Route #21: 520 1590 1162 1851 507 2544 310 2124 971 2513 1254 46 2522 1272 1469 2171 1211 2777 690 934 || mode=vb method=sk_kmeans solver=filo2 stage=post_ls ls=pyvrp iter=1
2026-03-15 22:29:15 | INFO     | Route #22: 1823 2231 410 727 481 154 2595 2787 465 191 1970 85 1705 2365 1592 2540 2899 2782 1853 1872 874 1067 || mode=vb method=sk_kmeans solver=filo2 stage=post_ls ls=pyvrp iter=1
2026-03-15 22:29:15 | INFO     | Route #23: 1770 1360 1435 2569 2653 1715 2551 1260 2426 2168 2626 2399 2343 1689 2506 366 2530 423 1044 1415 290 || mode=vb method=sk_kmeans solver=filo2 stage=post_ls ls=pyvrp iter=1
2026-03-15 22:29:15 | INFO     | Route #24: 1267 558 1291 2244 1542 2152 1372 891 759 822 2375 2679 1333 1507 2316 1990 2024 1738 393 219 659 2291 2149 279 181 209 2694 353 412 2693 2463 1087 1984 2590 2717 1280 2383 || mode=vb method=sk_kmeans solver=filo2 stage=post_ls ls=pyvrp iter=1
2026-03-15 22:29:15 | INFO     | Route #25: 1171 666 2429 1156 250 837 348 2431 1001 625 2274 1275 608 1052 1449 599 1914 2266 784 2182 1198 167 379 821 431 2804 1915 367 257 1231 1443 1418 2631 2779 1674 338 1128 260 917 2876 1038 471 1952 2833 1382 1739 2708 1660 226 2430 15 525 2766 233 944 2563 1904 277 939 513 1819 52 || mode=vb method=sk_kmeans solver=filo2 stage=post_ls ls=pyvrp iter=1
2026-03-15 22:29:15 | INFO     | Route #26: 2750 2187 1090 459 2396 1 71 579 1941 2102 2412 132 566 2785 1408 1702 906 258 372 497 1342 1074 1022 2800 1522 2690 2586 1928 2623 1410 1951 1688 2368 1253 2394 6 638 2060 1935 323 1255 2839 2495 1567 2308 1709 2904 2377 1242 171 194 505 1013 1530 1327 2511 1926 490 2743 955 2382 1047 1745 995 || mode=vb method=sk_kmeans solver=filo2 stage=post_ls ls=pyvrp iter=1
2026-03-15 22:29:15 | INFO     | Route #27: 397 1991 342 1463 1892 641 385 581 1405 2736 1193 1497 2767 1652 1319 1192 2420 1329 2227 684 1485 1453 || mode=vb method=sk_kmeans solver=filo2 stage=post_ls ls=pyvrp iter=1
2026-03-15 22:29:15 | INFO     | Route #28: 1595 1102 2754 2501 711 1976 2207 2608 1026 1450 216 2167 1992 573 70 2056 2228 2809 2395 1113 696 1225 1687 188 2404 1221 2895 1401 2516 2079 2633 2562 1147 1762 1084 1622 1644 603 1698 787 893 2464 2230 || mode=vb method=sk_kmeans solver=filo2 stage=post_ls ls=pyvrp iter=1
2026-03-15 22:29:15 | INFO     | Route #29: 312 2890 36 2473 616 2456 1234 87 57 185 440 956 2488 1048 582 1358 1932 2048 1840 482 1645 1573 2906 92 2145 1881 590 1005 68 138 2487 2552 147 2136 624 1375 2662 2659 1587 2612 1174 563 420 289 1337 1803 77 2393 2127 1816 2434 2769 1927 1605 2123 2098 280 1495 2838 695 464 319 1891 2362 1801 2417 1964 649 647 2857 || mode=vb method=sk_kmeans solver=filo2 stage=post_ls ls=pyvrp iter=1
2026-03-15 22:29:15 | INFO     | Route #30: 1480 2864 1578 1871 2485 1746 1247 1767 2307 2333 1833 2812 1867 2702 139 1424 877 945 2647 970 2716 810 || mode=vb method=sk_kmeans solver=filo2 stage=post_ls ls=pyvrp iter=1
2026-03-15 22:29:15 | INFO     | Route #31: 785 2312 2049 1514 321 1863 532 2009 825 317 225 1626 1293 123 1164 2176 769 910 506 663 1561 || mode=vb method=sk_kmeans solver=filo2 stage=post_ls ls=pyvrp iter=1
2026-03-15 22:29:15 | INFO     | Route #32: 2407 671 2015 977 1755 1960 406 2198 2125 1596 2050 1521 2027 1076 1050 1920 1318 1659 1930 587 591 1558 298 1948 1391 2195 627 2609 1011 2174 314 1679 595 2233 946 2871 2011 2699 2028 402 923 2719 2676 354 325 1006 2547 2711 1798 2440 2450 1111 443 308 550 1543 537 557 1131 2323 935 575 1396 630 2822 2724 264 1365 1544 962 2140 168 1055 1428 332 || mode=vb method=sk_kmeans solver=filo2 stage=post_ls ls=pyvrp iter=1
2026-03-15 22:29:15 | INFO     | Route #33: 2668 1378 1782 2159 1873 1209 1249 2068 1552 2828 1661 1683 358 1099 242 2212 1432 601 1744 283 2311 1695 1512 || mode=vb method=sk_kmeans solver=filo2 stage=post_ls ls=pyvrp iter=1
2026-03-15 22:29:15 | INFO     | Route #34: 840 1608 724 865 373 930 982 79 1985 567 915 1245 2252 2618 2756 1281 2742 1395 687 2183 2179 1332 || mode=vb method=sk_kmeans solver=filo2 stage=post_ls ls=pyvrp iter=1
2026-03-15 22:29:15 | INFO     | Route #35: 1312 2226 1768 2746 811 222 1859 1072 369 1860 2391 2525 2897 985 549 2109 467 461 254 1370 394 2389 1563 91 1589 2054 820 1912 286 1757 2367 2863 391 2443 580 65 1875 2879 664 217 833 2018 2797 668 2269 1566 1899 34 880 968 272 2013 900 53 1668 2803 2144 675 || mode=vb method=sk_kmeans solver=filo2 stage=post_ls ls=pyvrp iter=1
2026-03-15 22:29:15 | INFO     | Route #36: 1820 414 902 888 2703 1876 427 717 2482 2120 454 852 1635 438 84 863 1386 2541 2081 2605 1727 1436 1921 646 543 285 1569 2584 927 2621 281 1004 1832 2467 1835 2469 1465 937 2666 2342 22 1884 1911 920 1518 344 1910 2908 197 435 2262 2298 1795 1389 268 1107 109 || mode=vb method=sk_kmeans solver=filo2 stage=post_ls ls=pyvrp iter=1
2026-03-15 22:29:15 | INFO     | Route #37: 1043 2671 2811 383 392 146 141 2200 41 2500 2853 2134 137 2451 2654 75 1212 1560 1627 589 2332 1068 1657 2695 207 1069 303 2755 407 949 583 187 2728 62 2184 718 1238 451 || mode=vb method=sk_kmeans solver=filo2 stage=post_ls ls=pyvrp iter=1
2026-03-15 22:29:15 | INFO     | Route #38: 2911 2210 2700 1809 1330 701 2553 360 809 2328 1535 1434 398 1133 2483 654 2053 2793 2335 1908 2819 1143 2846 368 103 269 1348 2069 2775 2705 1036 1344 2272 2806 208 271 2587 745 129 1033 1797 1794 2007 489 1490 2151 2734 2297 1523 2445 2045 2579 357 683 2823 2223 2073 1371 2189 866 2721 2817 1219 1704 || mode=vb method=sk_kmeans solver=filo2 stage=post_ls ls=pyvrp iter=1
2026-03-15 22:29:15 | INFO     | Route #39: 1413 637 830 2849 1175 1583 2880 1306 897 121 904 2192 2729 1426 898 841 1804 2432 2594 2215 2438 1257 || mode=vb method=fcm solver=filo1 stage=post_ls ls=pyvrp iter=2
2026-03-15 22:29:15 | INFO     | Route #40: 462 1637 101 1194 2418 2499 677 1779 1581 991 996 1866 1981 2759 1557 499 2302 2532 2087 1273 1311 1000 232 || mode=vb method=fcm solver=filo1 stage=post_ls ls=pyvrp iter=4
2026-03-15 22:29:15 | INFO     | Route #41: 2035 2405 1086 2790 2865 1384 201 2877 819 2571 2299 265 2763 1304 2533 786 162 741 1601 44 2305 || mode=rb method=sk_kmeans solver=filo1 stage=post_ls ls=pyvrp iter=6
2026-03-15 22:29:15 | INFO     | Route #42: 1633 1277 2044 500 974 734 703 2644 1663 1706 539 2566 2674 1940 2477 2903 804 2815 947 2300 40 1955 736 || mode=rb method=sk_kmeans solver=filo1 stage=post_ls ls=pyvrp iter=6
2026-03-15 22:29:15 | INFO     | Route #43: 2602 565 2384 1599 2664 1085 873 1817 1814 2675 2209 1788 1830 1838 174 2681 839 764 2246 978 || mode=rb method=sk_kmeans solver=filo1 stage=post_ls ls=pyvrp iter=6
2026-03-15 22:29:15 | INFO     | Route #44: 1665 1264 1100 612 1423 2573 2652 1604 882 1079 1088 1631 1987 1677 18 790 979 1302 1594 1016 1349 || mode=rb method=sk_kmeans solver=filo1 stage=post_ls ls=pyvrp iter=6
2026-03-15 22:29:15 | INFO     | Route #45: 1956 1230 292 313 639 1736 2582 2585 1545 2004 2411 1239 1487 1380 1400 2148 2667 215 1473 2531 359 29 || mode=rb method=sk_kmeans solver=filo1 stage=post_ls ls=pyvrp iter=6
2026-03-15 22:29:15 | INFO     | Route #46: 1896 503 2105 309 2076 1287 799 1772 356 2709 1095 444 1063 857 437 1399 165 1037 644 2616 2052 2843 || mode=rb method=sk_kmeans solver=filo1 stage=post_ls ls=pyvrp iter=6
2026-03-15 22:29:15 | INFO     | Route #47: 93 602 1210 495 1718 2293 1206 765 2047 2673 492 227 1534 1411 556 1381 351 1367 607 2507 2527 1733 || mode=rb method=sk_kmeans solver=filo1 stage=post_ls ls=pyvrp iter=6
2026-03-15 22:29:15 | INFO     | Route #48: 206 1555 1852 2786 2219 2213 1945 1493 1028 1810 1262 1412 2317 926 14 2217 2523 2160 1789 1998 418 336 || mode=rb method=sk_kmeans solver=filo1 stage=post_ls ls=pyvrp iter=6
2026-03-15 22:29:15 | INFO     | Route #49: 1134 17 2062 1643 2276 1454 210 871 256 2638 1802 2596 692 2720 721 2757 1235 1603 30 957 2498 1297 || mode=rb method=sk_kmeans solver=filo1 stage=post_ls ls=pyvrp iter=6
2026-03-15 22:29:15 | INFO     | Route #50: 1060 651 1529 2505 1933 291 708 212 127 2745 1977 1308 2435 594 2677 2010 1880 2599 2912 922 2851 110 || mode=rb method=sk_kmeans solver=filo1 stage=post_ls ls=pyvrp iter=6
2026-03-15 22:29:15 | INFO     | Route #51: 1155 400 1929 884 715 2319 2356 2423 1593 1457 2692 818 2780 868 2816 1854 182 1829 2472 2565 203 || mode=rb method=sk_kmeans solver=filo1 stage=post_ls ls=pyvrp iter=6
2026-03-15 22:29:15 | INFO     | Route #52: 2021 2181 2118 1504 999 2764 698 376 73 561 1447 327 1719 1324 2222 2249 2805 867 678 346 806 2697 2363 1009 117 1766 1269 1672 42 1178 184 845 802 688 1610 2271 1189 409 584 1070 2292 1218 2170 1763 2032 || mode=rb method=sk_kmeans solver=filo1 stage=post_ls ls=pyvrp iter=6
2026-03-15 22:29:15 | INFO     | Route #53: 2279 2508 817 843 1957 1975 1895 2259 1790 2669 2036 97 483 1784 54 2017 2091 1600 2827 731 1265 864 1438 1785 2153 2518 493 2208 1305 1528 546 2327 1229 1112 1240 2427 2270 2058 1290 2476 1122 124 1097 883 2218 1049 747 2254 2468 2637 10 1020 1170 1494 2349 1811 2687 2041 2103 1882 1326 1682 || mode=rb method=sk_kmeans solver=filo1 stage=post_ls ls=pyvrp iter=6
2026-03-15 22:29:15 | INFO     | Route #54: 2164 2063 685 534 2583 1268 1735 11 2265 370 614 153 1007 255 1289 1577 1266 3 294 1710 1747 19 1065 2237 1387 1294 || mode=rb method=sk_kmeans solver=filo1 stage=post_ls ls=pyvrp iter=6
2026-03-15 22:29:15 | INFO     | Route #55: 2678 2155 2752 2723 604 1636 1409 243 653 214 1298 597 329 1103 1383 1696 2084 528 1845 870 1322 928 980 288 218 1101 1883 551 2663 || mode=rb method=sk_kmeans solver=filo1 stage=post_ls ls=pyvrp iter=6
2026-03-15 22:29:15 | INFO     | Route #56: 1917 1199 831 2111 1761 1606 697 1638 2478 1374 1947 911 1467 1777 2085 235 2632 311 1459 2791 2606 339 || mode=rb method=sk_kmeans solver=filo1 stage=post_ls ls=pyvrp iter=6
2026-03-15 22:29:15 | INFO     | Route #57: 2355 2188 2381 1905 1027 2089 950 1160 2376 364 2421 315 813 2454 2593 415 1236 2128 1996 2789 35 1203 2900 || mode=rb method=sk_kmeans solver=filo1 stage=post_ls ls=pyvrp iter=6
2026-03-15 22:29:15 | INFO     | Route #58: 2117 2334 347 241 1640 38 1195 1630 160 395 626 1498 932 954 2496 1080 2301 1628 1774 1716 2436 || mode=rb method=sk_kmeans solver=filo1 stage=post_ls ls=pyvrp iter=6
2026-03-15 22:29:15 | INFO     | Route #59: 1724 2197 1907 37 1082 2575 2095 2016 2138 2133 1350 2408 388 2749 1187 2613 504 2310 2517 1041 755 1152 || mode=rb method=sk_kmeans solver=filo1 stage=post_ls ls=pyvrp iter=6
2026-03-15 22:29:15 | INFO     | Route #60: 192 1751 1900 365 2588 2758 1517 1509 2640 1548 340 2185 568 1261 613 892 1108 263 350 486 1185 2366 757 || mode=rb method=sk_kmeans solver=filo1 stage=post_ls ls=pyvrp iter=6
2026-03-15 22:29:15 | INFO     | Route #61: 2617 195 851 1916 1848 2119 1585 707 1886 2564 2065 1511 229 1822 2268 2515 1015 2002 1818 1841 2555 || mode=rb method=sk_kmeans solver=filo1 stage=post_ls ls=pyvrp iter=6
2026-03-15 22:29:15 | INFO     | Route #62: 1953 2557 1752 1161 1549 39 1771 2798 1366 1351 667 1431 2542 1149 134 1923 781 704 749 794 1730 || mode=rb method=sk_kmeans solver=filo1 stage=post_ls ls=pyvrp iter=6
2026-03-15 22:29:15 | INFO     | Route #63: 530 1997 1393 1944 2452 1701 1114 148 1995 2836 55 2263 362 615 1602 23 2196 76 732 1694 916 1508 1142 || mode=rb method=sk_kmeans solver=filo1 stage=post_ls ls=pyvrp iter=6
2026-03-15 22:29:15 | INFO     | Route #64: 1462 559 1110 1215 2014 1023 479 886 2577 763 642 2854 1502 1029 1106 789 2075 2161 1353 899 113 1653 2868 1373 1182 45 2794 933 1959 2713 || mode=rb method=sk_ac_avg solver=filo1 stage=post_ls ls=pyvrp iter=10
2026-03-15 22:29:15 | INFO     | Route #65: 213 2568 2256 1939 2072 1686 682 1792 1035 1856 169 1233 1537 2331 1484 760 554 2885 47 1574 2554 1158 131 || mode=rb method=sk_kmeans solver=filo2 stage=post_ls ls=pyvrp iter=11
2026-03-15 22:29:15 | INFO     | Route #66: 246 304 1127 335 722 572 1576 1942 652 657 1429 585 199 2784 1394 714 2341 1879 1634 2546 2108 149 1440 622 1999 || mode=rb method=sk_ac_complete solver=filo2 stage=post_ls ls=pyvrp iter=12
2026-03-15 22:29:15 | INFO     | Route #67: 1858 1377 1433 1252 1865 2351 1958 1355 468 1150 136 1515 1962 1556 2216 502 2891 826 1014 2278 1550 2888 || mode=rb method=sk_ac_complete solver=filo2 stage=post_ls ls=pyvrp iter=12
2026-03-15 22:29:15 | INFO     | Route #68: 320 2306 1760 1224 474 1191 907 623 2635 2471 377 753 827 352 726 475 1091 807 2881 1532 96 || mode=rb method=sk_ac_complete solver=filo2 stage=post_ls ls=pyvrp iter=12
2026-03-15 22:29:15 | INFO     | Route #69: 2 2725 422 63 2347 960 756 2129 2636 2837 2248 710 2462 901 2650 2773 2281 976 694 1878 2261 2572 || mode=rb method=sk_ac_complete solver=filo2 stage=post_ls ls=pyvrp iter=12
2026-03-15 22:29:15 | INFO     | Route #70: 1612 2620 1678 2526 2788 1946 2083 1039 700 2416 299 305 548 2449 1546 198 1472 1540 2433 514 1376 273 1754 || mode=rb method=sk_ac_complete solver=filo2 stage=post_ls ls=pyvrp iter=12
2026-03-15 22:29:15 | INFO     | Route #71: 61 921 2314 1061 2795 1855 2730 2886 800 306 2064 854 1477 2345 2113 2866 564 2372 1335 1869 411 || mode=rb method=sk_ac_complete solver=filo2 stage=post_ls ls=pyvrp iter=12
2026-03-15 22:29:15 | INFO     | Route #72: 2132 2856 1499 2870 2902 1286 275 1392 2727 1582 2649 140 2094 1531 775 193 2099 1842 2489 1870 672 1808 1741 || mode=rb method=sk_ac_complete solver=filo2 stage=post_ls ls=pyvrp iter=12
2026-03-15 22:29:15 | INFO     | Route #73: 2425 2726 2840 1503 828 1071 737 643 2783 793 1427 2206 205 2559 2825 106 1276 2696 2567 1723 1773 2008 1625 1320 2656 1885 798 1620 1226 2747 713 1909 2592 21 436 560 1024 1676 940 1924 220 2651 2672 529 774 1570 274 322 740 878 2706 2166 2110 2524 628 361 2550 1057 2238 990 2447 767 1385 || mode=rb method=sk_ac_complete solver=filo2 stage=post_ls ls=pyvrp iter=12
2026-03-15 22:29:15 | INFO     | Route #74: 1058 1078 99 1700 797 1138 2337 230 2022 846 2401 387 547 1568 2057 693 2875 730 496 635 986 1799 || mode=rb method=sk_kmeans solver=filo1 stage=post_ls ls=pyvrp iter=13
2026-03-15 22:29:15 | INFO     | Route #75: 2493 1579 1334 2388 636 88 1781 2884 2497 1025 1217 343 609 1066 2071 81 1179 1898 1525 1551 463 1720 1197 || mode=rb method=sk_kmeans solver=filo1 stage=post_ls ls=pyvrp iter=13
2026-03-15 22:29:15 | INFO     | Route #76: 1988 2061 1141 1488 1749 686 617 1564 1346 2286 1419 691 1616 2283 1989 2813 2465 2186 2781 98 542 || mode=rb method=sk_kmeans solver=filo1 stage=post_ls ls=pyvrp iter=13
2026-03-15 22:29:15 | INFO     | Route #77: 953 2614 1437 2059 1402 1446 2250 1982 1278 2648 1850 2504 1120 177 1153 441 674 964 1010 2352 159 111 || mode=rb method=sk_kmeans solver=filo1 stage=post_ls ls=pyvrp iter=13
2026-03-15 22:29:15 | INFO     | Route #78: 895 2379 796 1759 2038 872 2143 961 58 2576 2874 699 476 374 1271 2680 2390 231 1364 1500 2778 333 611 2848 1780 2867 1165 1282 924 744 2898 2558 287 1109 2698 115 1588 2353 2611 2173 2796 2715 326 || mode=rb method=sk_kmeans solver=filo1 stage=post_ls ls=pyvrp iter=13
2026-03-15 22:29:15 | INFO     | Route #79: 1316 2841 2369 598 2740 1317 1444 150 2802 270 2006 1232 2242 1417 2201 297 2799 1791 1313 2380 221 1721 2627 2701 252 2239 1184 1516 2194 1597 478 746 2710 || mode=rb method=sk_kmeans solver=filo1 stage=post_ls ls=pyvrp iter=13
2026-03-15 22:29:15 | INFO     | Route #80: 576 2801 425 689 1126 2529 2419 2619 632 2574 460 2893 2357 82 972 2514 1248 251 1662 665 2905 1144 118 2040 2910 378 2556 1151 || mode=rb method=sk_kmeans solver=filo1 stage=post_ls ls=pyvrp iter=13
2026-03-15 22:29:15 | INFO     | Route #81: 1743 2150 1826 284 2630 2861 533 2055 776 1379 702 1118 2070 2597 1168 2814 1575 204 1283 1478 1931 || mode=rb method=sk_kmeans solver=filo1 stage=post_ls ls=pyvrp iter=13
2026-03-15 22:29:15 | INFO     | Route #82: 1328 894 135 1077 658 1227 2480 1541 735 2240 766 2264 1310 739 1140 491 1571 1208 228 175 2088 619 || mode=rb method=sk_kmeans solver=filo1 stage=post_ls ls=pyvrp iter=13
2026-03-15 22:29:15 | INFO     | Route #83: 2625 2689 2887 1116 812 1046 1137 80 1476 380 912 2628 1936 389 1237 1466 1489 905 1093 2296 2744 2761 849 || mode=rb method=sk_kmeans solver=filo1 stage=post_ls ls=pyvrp iter=13
2026-03-15 22:29:15 | INFO     | Route #84: 1117 914 1251 1670 1828 2348 571 2193 2101 1903 2539 975 758 2235 2378 179 1183 1729 1420 2510 1690 2655 224 || mode=rb method=sk_kmeans solver=filo1 stage=post_ls ls=pyvrp iter=13
2026-03-15 22:29:15 | INFO     | Route #85: 2067 1340 788 1325 1157 963 1148 2202 909 1119 381 1468 501 2114 2460 2660 1336 1451 801 2807 1506 1807 || mode=rb method=sk_kmeans solver=filo1 stage=post_ls ls=pyvrp iter=13
2026-03-15 22:29:15 | INFO     | Route #86: 2751 2444 1407 1220 1479 1806 2484 2344 861 1292 1642 2086 2275 2829 403 2116 1938 655 2878 2735 1216 1196 1222 1341 1482 2100 1301 2534 1974 307 1181 816 1145 2029 676 2437 2712 240 1338 2409 67 86 32 1725 610 1591 1703 2104 2624 2439 2157 669 12 783 2538 95 661 433 || mode=rb method=sk_kmeans solver=filo1 stage=post_ls ls=pyvrp iter=13
2026-03-15 22:29:15 | INFO     | Route #87: 498 1121 2682 453 2707 2509 236 1483 1363 2622 2753 2142 56 2121 2873 2130 1279 1458 855 742 2141 1032 1284 419 1018 1331 1839 || mode=rb method=sk_kmeans solver=filo1 stage=post_ls ls=pyvrp iter=13
2026-03-15 22:29:15 | INFO     | Route #88: 1849 1565 447 1105 771 1258 2359 2858 142 588 679 814 2521 2718 890 2548 480 768 1288 94 1204 || mode=rb method=sk_kmeans solver=filo1 stage=post_ls ls=pyvrp iter=13
2026-03-15 22:29:15 | INFO     | Route #89: 541 2325 2003 856 1300 1805 981 2859 973 2821 1641 2474 2461 405 570 1455 1081 363 2810 337 943 || mode=rb method=sk_kmeans solver=filo1 stage=post_ls ls=pyvrp iter=13
2026-03-15 22:29:15 | INFO     | Route #90: 2034 9 2020 778 26 470 60 2392 1685 1053 1176 1124 2424 125 521 2313 2354 2889 430 925 296 1887 || mode=rb method=sk_kmeans solver=filo1 stage=post_ls ls=pyvrp iter=13
2026-03-15 22:29:15 | INFO     | Route #91: 1285 1836 196 1397 164 2406 2340 762 1190 2733 1783 552 2492 396 2824 1169 178 853 815 989 913 1526 || mode=rb method=sk_kmeans solver=filo1 stage=post_ls ls=pyvrp iter=13
2026-03-15 22:29:15 | INFO     | Route #92: 2722 1471 163 1737 510 1045 2665 1979 738 421 449 887 1769 1056 1778 133 2834 526 1813 2012 2413 27 2042 1129 355 469 1973 2909 1901 1403 2371 519 1714 2578 234 429 1906 1815 1580 1425 1520 1821 1664 1361 2321 1270 276 328 1717 1732 1684 1356 1115 2896 1448 1742 929 1837 2078 448 1021 805 1584 553 || mode=scp method=gurobi_mip solver=None stage=scp_post_ls ls=N/A iter=15
2026-03-15 22:29:15 | INFO     | Route #93: 728 119 2139 2162 487 2446 2441 522 719 1553 574 262 2204 295 1913 1243 2284 987 2402 1274 2615 1513 472 1693 896 2537 2339 2287 434 2591 2315 2082 2386 2466 1314 2738 2634 2691 2545 1250 2410 2549 2329 2360 2374 2869 2324 1846 650 2163 2448 2255 1919 2178 860 || mode=scp method=gurobi_mip solver=None stage=scp_post_ls ls=N/A iter=15
2026-03-15 22:29:15 | INFO     | Route #94: 1464 152 382 190 1491 779 72 1734 2580 1572 1888 237 2732 2304 1983 1073 89 2844 2320 1961 720 832 2688 965 1874 1793 2661 1481 2077 2294 1214 2831 2025 4 2147 2005 156 2641 2643 1728 517 1673 629 2762 1064 1012 509 2373 808 1104 1524 640 1034 660 345 725 951 1868 128 1414 538 2112 1188 || mode=rb method=sk_ac_complete solver=filo1 stage=post_ls ls=pyvrp iter=17
2026-03-15 22:29:15 | INFO     | Route #95: 120 1486 1861 1950 1843 512 1857 1648 859 2768 2273 74 2023 527 1748 2203 2177 1965 2303 782 200 2589 2282 586 1691 848 596 1764 1893 1136 751 952 2257 523 2639 2512 948 1205 578 1750 1993 176 748 634 631 1943 1647 992 1786 1042 1980 2739 2428 50 2771 2737 1098 384 1654 116 2191 1527 869 1890 1623 1339 2741 1831 1125 1501 2285 1827 180 || mode=rb method=sk_ac_complete solver=filo1 stage=post_ls ls=pyvrp iter=17
2026-03-15 22:29:15 | INFO     | 
2026-03-15 22:29:15 | INFO     | [BEST SOLUTION ROUTE SUMMARY]
2026-03-15 22:29:15 | INFO     | --------------------------------------------------------------------------------
2026-03-15 22:29:15 | INFO     |   41 routes | RB    | sk_kmeans       | solver=filo1      | stage=post_ls | ls=pyvrp
2026-03-15 22:29:15 | INFO     |   38 routes | VB    | sk_kmeans       | solver=filo2      | stage=post_ls | ls=pyvrp
2026-03-15 22:29:15 | INFO     |    8 routes | RB    | sk_ac_complete  | solver=filo2      | stage=post_ls | ls=pyvrp
2026-03-15 22:29:15 | INFO     |    2 routes | RB    | sk_ac_complete  | solver=filo1      | stage=post_ls | ls=pyvrp
2026-03-15 22:29:15 | INFO     |    2 routes | SCP   | gurobi_mip      | solver=UNKNOWN    | stage=scp_post_ls | ls=N/A
2026-03-15 22:29:15 | INFO     |    2 routes | VB    | fcm             | solver=filo1      | stage=post_ls | ls=pyvrp
2026-03-15 22:29:15 | INFO     |    1 routes | RB    | sk_ac_avg       | solver=filo1      | stage=post_ls | ls=pyvrp
2026-03-15 22:29:15 | INFO     |    1 routes | RB    | sk_kmeans       | solver=filo2      | stage=post_ls | ls=pyvrp
2026-03-15 22:29:15 | INFO     | 
2026-03-15 22:29:15 | INFO     | [ROUTE POOL SUMMARY]
2026-03-15 22:29:15 | INFO     |   287 routes | VB | fcm | solver=filo1 | stage=post_ls | ls=pyvrp
2026-03-15 22:29:15 | INFO     |   187 routes | VB | sk_ac_avg | solver=filo2 | stage=post_ls | ls=pyvrp
2026-03-15 22:29:15 | INFO     |   149 routes | RB | sk_kmeans | solver=filo2 | stage=post_ls | ls=pyvrp
2026-03-15 22:29:15 | INFO     |   145 routes | RB | sk_kmeans | solver=filo1 | stage=post_ls | ls=pyvrp
2026-03-15 22:29:15 | INFO     |    96 routes | VB | fcm | solver=pyvrp | stage=post_ls | ls=pyvrp
2026-03-15 22:29:15 | INFO     |    96 routes | VB | k_medoids_pyclustering | solver=filo1 | stage=post_ls | ls=pyvrp
2026-03-15 22:29:15 | INFO     |    96 routes | RB | sk_ac_complete | solver=pyvrp | stage=post_ls | ls=pyvrp
2026-03-15 22:29:15 | INFO     |    95 routes | VB | sk_kmeans | solver=filo2 | stage=post_ls | ls=pyvrp
2026-03-15 22:29:15 | INFO     |    87 routes | RB | sk_ac_avg | solver=filo2 | stage=post_ls | ls=pyvrp
2026-03-15 22:29:15 | INFO     |    87 routes | RB | sk_ac_avg | solver=pyvrp | stage=post_ls | ls=pyvrp
2026-03-15 22:29:15 | INFO     |    86 routes | RB | sk_ac_complete | solver=filo1 | stage=post_ls | ls=pyvrp
2026-03-15 22:29:15 | INFO     |    85 routes | RB | sk_ac_min | solver=filo2 | stage=post_ls | ls=pyvrp
2026-03-15 22:29:15 | INFO     |    80 routes | RB | sk_ac_avg | solver=filo1 | stage=post_ls | ls=pyvrp
2026-03-15 22:29:15 | INFO     |    76 routes | RB | sk_ac_complete | solver=filo2 | stage=post_ls | ls=pyvrp
2026-03-15 22:29:15 | INFO     |     2 routes | SCP | gurobi_mip | solver=UNKNOWN | stage=scp_post_ls | ls=N/A
