2026-03-15 12:02:59 | INFO     | Logger initialized
2026-03-15 12:02:59 | INIT     | ================================================================================
2026-03-15 12:02:59 | INIT     | [RUN CONFIGURATION] instance=XL-n3241-k115.vrp run=0
2026-03-15 12:02:59 | INIT     | seed = 1393596465
2026-03-15 12:02:59 | INIT     | scp_solvers = ['gurobi_mip']
2026-03-15 12:02:59 | INIT     | scp_switch_prob = 0.0
2026-03-15 12:02:59 | INIT     | time_limit_scp = 10000.0
2026-03-15 12:02:59 | INIT     | scp_every = 3
2026-03-15 12:02:59 | INIT     | time_limit_total = 36000.0
2026-03-15 12:02:59 | INIT     | max_no_improvement_iters = 50
2026-03-15 12:02:59 | INIT     | min_avg_cluster_size = 100
2026-03-15 12:02:59 | INIT     | max_avg_cluster_size = 2500
2026-03-15 12:02:59 | INIT     | routing_solvers = ['pyvrp', 'filo1', 'filo2', 'ails2']
2026-03-15 12:02:59 | INIT     | routing_no_improvement = None
2026-03-15 12:02:59 | INIT     | ls_neighbourhood = dri_spatial
2026-03-15 12:02:59 | INIT     | ls_after_routing_max_neighbours = 300
2026-03-15 12:02:59 | INIT     | ls_max_neighbours_restricted = 200
2026-03-15 12:02:59 | INIT     | randomize_polar_angle = True
2026-03-15 12:02:59 | INIT     | warm_start_solutions = None
2026-03-15 12:02:59 | INIT     | log_mode = instance
2026-03-15 12:02:59 | INIT     | log_to_console = False
2026-03-15 12:02:59 | INIT     | periodic_sol_dump = True
2026-03-15 12:02:59 | INIT     | sol_dump_interval = 3600.0
2026-03-15 12:02:59 | INIT     | ================================================================================
2026-03-15 12:03:00 | INFO     | [XL-n3241-k115 ITERATION 1] mode=VB method=sk_kmeans k=1 solver=filo2 ls=pyvrp
2026-03-15 12:03:29 | INFO     | [XL-n3241-k115 CLUSTER] method=sk_kmeans k=1 | sizes=[3240] | min=3240 max=3240 avg=3240.0
2026-03-15 12:03:29 | INFO     | [XL-n3241-k115 ROUTING] Solving clusters with filo2
2026-03-15 12:11:07 | INFO     | [XL-n3241-k115 IMPROVED-VB/RB] best_cost=222394 | Gap: 0.5175%
2026-03-15 12:11:07 | INFO     | [XL-n3241-k115 ITERATION-TIMES 1] cluster=28.104s routing=429.637s ls=29.074s total=486.823s
2026-03-15 12:11:07 | INFO     | [XL-n3241-k115 ITERATION 2] mode=RB method=sk_ac_avg k=8 solver=pyvrp ls=pyvrp
2026-03-15 12:11:07 | INFO     | [XL-n3241-k115 CLUSTER] method=sk_ac_avg k=8 | sizes=[117, 865, 499, 1066, 129, 81, 44, 439] | min=44 max=1066 avg=405.0
2026-03-15 12:11:07 | INFO     | [XL-n3241-k115 ROUTING] Solving clusters with pyvrp
2026-03-15 12:19:48 | INFO     | [XL-n3241-k115 NO-IMPROVEMENT] best_cost=222394 | streak=1 | Gap: 0.5175%
2026-03-15 12:19:48 | INFO     | [XL-n3241-k115 ITERATION-TIMES 2] cluster=0.073s routing=483.912s ls=36.993s total=520.984s
2026-03-15 12:19:48 | INFO     | [XL-n3241-k115 ITERATION 3] mode=RB method=sk_ac_complete k=10 solver=pyvrp ls=pyvrp
2026-03-15 12:19:48 | INFO     | [XL-n3241-k115 CLUSTER] method=sk_ac_complete k=10 | sizes=[504, 855, 652, 180, 305, 55, 156, 388, 81, 64] | min=55 max=855 avg=324.0
2026-03-15 12:19:48 | INFO     | [XL-n3241-k115 ROUTING] Solving clusters with pyvrp
2026-03-15 12:28:24 | INFO     | [XL-n3241-k115 SCP] pruning_mode=diversity
2026-03-15 12:28:24 | INFO     | [XL-n3241-k115 SCP] solver=gurobi_mip | route_pool=337
2026-03-15 12:28:24 | INFO     | [XL-n3241-k115 SCP] optimal solution found
2026-03-15 12:29:09 | INFO     | [XL-n3241-k115 SCP-NO-IMPROVEMENT] cost=222394 (best=222394) | Gap: 0.5175%
2026-03-15 12:29:09 | INFO     | [XL-n3241-k115 NO-IMPROVEMENT] best_cost=222394 | streak=2 | Gap: 0.5175%
2026-03-15 12:29:09 | INFO     | [XL-n3241-k115 ITERATION-TIMES 3] cluster=0.009s routing=489.543s ls=26.340s scp=45.107s total=561.006s
2026-03-15 12:29:09 | INFO     | [XL-n3241-k115 ITERATION 4] mode=VB method=sk_ac_complete k=6 solver=filo2 ls=pyvrp
2026-03-15 12:29:24 | INFO     | [XL-n3241-k115 CLUSTER] method=sk_ac_complete k=6 | sizes=[626, 992, 536, 2, 181, 903] | min=2 max=992 avg=540.0
2026-03-15 12:29:24 | INFO     | [XL-n3241-k115 ROUTING] Solving clusters with filo2
2026-03-15 12:44:49 | INFO     | [XL-n3241-k115 NO-IMPROVEMENT] best_cost=222394 | streak=3 | Gap: 0.5175%
2026-03-15 12:44:49 | INFO     | [XL-n3241-k115 ITERATION-TIMES 4] cluster=14.971s routing=892.351s ls=31.933s total=939.265s
2026-03-15 12:44:49 | INFO     | [XL-n3241-k115 ITERATION 5] mode=RB method=sk_kmeans k=9 solver=filo2 ls=pyvrp
2026-03-15 12:44:49 | INFO     | [XL-n3241-k115 CLUSTER] method=sk_kmeans k=9 | sizes=[324, 472, 441, 559, 177, 573, 236, 152, 306] | min=152 max=573 avg=360.0
2026-03-15 12:44:49 | INFO     | [XL-n3241-k115 ROUTING] Solving clusters with filo2
2026-03-15 12:56:57 | INFO     | [XL-n3241-k115 NO-IMPROVEMENT] best_cost=222394 | streak=4 | Gap: 0.5175%
2026-03-15 12:56:57 | INFO     | [XL-n3241-k115 ITERATION-TIMES 5] cluster=0.732s routing=649.497s ls=77.762s total=728.011s
2026-03-15 12:56:57 | INFO     | [XL-n3241-k115 ITERATION 6] mode=VB method=fcm k=10 solver=filo1 ls=pyvrp
2026-03-15 12:57:57 | INFO     | [XL-n3241-k115 CLUSTER] method=fcm k=10 | sizes=[224, 274, 303, 240, 412, 368, 160, 429, 455, 375] | min=160 max=455 avg=324.0
2026-03-15 12:57:57 | INFO     | [XL-n3241-k115 ROUTING] Solving clusters with filo1
2026-03-15 13:35:48 | INFO     | [XL-n3241-k115 SCP] pruning_mode=diversity
2026-03-15 13:35:48 | INFO     | [XL-n3241-k115 SCP] solver=gurobi_mip | route_pool=670
2026-03-15 13:35:50 | INFO     | [XL-n3241-k115 SCP] optimal solution found
2026-03-15 13:37:52 | INFO     | [XL-n3241-k115 SCP-NO-IMPROVEMENT] cost=222394 (best=222394) | Gap: 0.5175%
2026-03-15 13:37:52 | INFO     | 
2026-03-15 13:37:52 | INFO     | ================================================================================
2026-03-15 13:37:52 | INFO     | [XL-n3241-k115] PERIODIC SNAPSHOT SNAPSHOT_001
2026-03-15 13:37:52 | INFO     | ================================================================================
2026-03-15 13:37:52 | INFO     | Route #1: 1095 2745 1729 981 1780 1423 1894 2401 1669 2978 823 13 515 2119 2631 1222 1204 1468 1550 2571 1993 1241 1586 2251 1764 27 2956 2248 1290 1951 2255 1984 1721 2116 3024 2667 || mode=vb method=sk_kmeans solver=filo2 stage=post_ls ls=pyvrp iter=1
2026-03-15 13:37:52 | INFO     | Route #2: 595 2924 2020 2001 776 1571 2286 443 1700 1093 2923 820 551 2811 2810 2841 1063 2675 3010 476 2152 2247 547 2147 1312 2813 1026 811 1656 || mode=vb method=sk_kmeans solver=filo2 stage=post_ls ls=pyvrp iter=1
2026-03-15 13:37:52 | INFO     | Route #3: 2573 743 2083 922 2548 965 885 336 3204 1713 767 254 2176 2634 392 3050 2747 294 1750 1256 3131 2520 2037 464 1696 2638 2285 2836 2605 2767 || mode=vb method=sk_kmeans solver=filo2 stage=post_ls ls=pyvrp iter=1
2026-03-15 13:37:52 | INFO     | Route #4: 2397 1895 806 611 2674 2296 498 1720 26 2729 991 521 56 2198 1889 325 3070 1297 3114 348 821 2581 1673 2915 140 3089 2887 2363 5 3082 1396 2693 3083 1109 1455 82 || mode=vb method=sk_kmeans solver=filo2 stage=post_ls ls=pyvrp iter=1
2026-03-15 13:37:52 | INFO     | Route #5: 55 915 2438 1980 1374 1397 2227 3154 1207 735 251 1401 2264 349 1238 1129 2893 1540 3027 1065 1030 3004 2855 2516 208 2121 1452 3054 658 2828 2465 2588 2528 1719 564 2461 || mode=vb method=sk_kmeans solver=filo2 stage=post_ls ls=pyvrp iter=1
2026-03-15 13:37:52 | INFO     | Route #6: 1687 129 11 1576 1637 1386 2470 2192 2322 1784 2616 749 691 1282 501 1424 3208 2626 1799 3229 637 1336 1691 2111 722 317 308 2964 1560 2462 2945 1230 253 || mode=vb method=sk_kmeans solver=filo2 stage=post_ls ls=pyvrp iter=1
2026-03-15 13:37:52 | INFO     | Route #7: 2074 1633 848 2159 233 1806 3142 3135 2233 2521 1748 3020 1523 705 2220 197 183 1127 1462 2430 1498 504 1472 1149 1762 137 1394 || mode=vb method=sk_kmeans solver=filo2 stage=post_ls ls=pyvrp iter=1
2026-03-15 13:37:52 | INFO     | Route #8: 1825 1010 1381 1489 901 1693 1022 2288 1695 1752 664 1101 2961 928 1391 2766 893 1809 3124 2643 1209 2969 2370 132 1906 1174 839 || mode=vb method=sk_kmeans solver=filo2 stage=post_ls ls=pyvrp iter=1
2026-03-15 13:37:52 | INFO     | Route #9: 1774 840 84 953 1703 1936 2755 2931 1285 2437 1925 2610 962 591 2042 2823 1849 2943 274 1947 1919 472 2712 661 1416 1615 1509 1959 959 2933 393 2570 161 || mode=vb method=sk_kmeans solver=filo2 stage=post_ls ls=pyvrp iter=1
2026-03-15 13:37:52 | INFO     | Route #10: 477 1556 216 2963 1185 677 2575 2169 2488 2167 782 83 2195 2238 759 680 895 3039 1188 983 1833 2138 16 2163 3072 1614 1609 2456 2564 3099 1125 717 || mode=vb method=sk_kmeans solver=filo2 stage=post_ls ls=pyvrp iter=1
2026-03-15 13:37:52 | INFO     | Route #11: 245 1233 3098 593 131 1690 669 549 1111 3092 1575 711 3001 1117 2350 617 238 1627 2900 585 2826 1920 613 2057 1490 2632 2139 815 || mode=vb method=sk_kmeans solver=filo2 stage=post_ls ls=pyvrp iter=1
2026-03-15 13:37:52 | INFO     | Route #12: 2309 47 95 2060 2039 50 180 1655 236 2433 1737 252 164 282 289 534 279 730 729 320 1425 1496 247 1034 2875 2054 2081 1414 || mode=vb method=sk_kmeans solver=filo2 stage=post_ls ls=pyvrp iter=1
2026-03-15 13:37:52 | INFO     | Route #13: 2553 2751 2683 1484 2053 250 1343 2686 2018 2772 2935 1570 732 9 2201 2207 2505 406 597 889 2243 2637 2599 1621 1861 69 1029 || mode=vb method=sk_kmeans solver=filo2 stage=post_ls ls=pyvrp iter=1
2026-03-15 13:37:52 | INFO     | Route #14: 1228 2973 436 2759 733 2181 1370 1475 955 1723 819 2709 1522 3224 2003 2380 446 2063 526 379 || mode=vb method=sk_kmeans solver=filo2 stage=post_ls ls=pyvrp iter=1
2026-03-15 13:37:52 | INFO     | Route #15: 3223 326 1047 682 2955 353 1962 2872 2760 1955 456 1777 651 2327 1626 2635 2170 1110 2787 2272 2333 643 2885 1753 2218 || mode=vb method=sk_kmeans solver=filo2 stage=post_ls ls=pyvrp iter=1
2026-03-15 13:37:52 | INFO     | Route #16: 1667 1716 409 949 1921 2312 89 721 1508 1514 2691 2958 1985 1342 738 1043 1949 2989 1361 145 2087 1003 2075 || mode=vb method=sk_kmeans solver=filo2 stage=post_ls ls=pyvrp iter=1
2026-03-15 13:37:52 | INFO     | Route #17: 461 246 1133 2367 41 2694 42 130 512 462 108 297 1826 1763 1998 1346 413 1932 1284 3032 1652 535 802 2099 2601 463 2268 2420 952 2940 3094 || mode=vb method=sk_kmeans solver=filo2 stage=post_ls ls=pyvrp iter=1
2026-03-15 13:37:52 | INFO     | Route #18: 525 883 2164 2422 1309 2273 2307 1839 451 2416 699 142 3222 2245 1629 1335 277 804 1330 1291 357 1187 2266 2058 457 1395 1155 217 2879 2916 2752 || mode=vb method=sk_kmeans solver=filo2 stage=post_ls ls=pyvrp iter=1
2026-03-15 13:37:52 | INFO     | Route #19: 2881 2317 1306 3103 2237 2351 2957 67 1940 1939 2458 1543 111 2950 1499 2607 3037 1735 967 1871 2720 18 890 || mode=vb method=sk_kmeans solver=filo2 stage=post_ls ls=pyvrp iter=1
2026-03-15 13:37:52 | INFO     | Route #20: 1997 592 2557 2941 1086 1643 2561 2204 2446 3171 2493 1647 1301 826 888 2864 2726 2765 427 2252 3153 2926 163 618 1773 3210 2527 1502 622 || mode=vb method=sk_kmeans solver=filo2 stage=post_ls ls=pyvrp iter=1
2026-03-15 13:37:52 | INFO     | Route #21: 143 2499 2290 1478 1015 1830 3031 1225 1428 310 571 609 1518 1524 2572 2109 3059 1436 2404 1641 40 3160 484 1403 1052 1584 2678 2409 632 1076 2668 || mode=vb method=sk_kmeans solver=filo2 stage=post_ls ls=pyvrp iter=1
2026-03-15 13:37:52 | INFO     | Route #22: 645 441 961 3182 1642 2727 318 117 760 2545 1681 1252 2792 2451 2341 1172 503 2547 2267 2468 2966 2988 6 1778 469 623 || mode=vb method=sk_kmeans solver=filo2 stage=post_ls ls=pyvrp iter=1
2026-03-15 13:37:52 | INFO     | Route #23: 139 3036 3146 695 1122 2094 1392 1701 2030 255 1593 1012 976 2005 204 1781 2157 836 190 1675 1044 2896 2665 || mode=vb method=sk_kmeans solver=filo2 stage=post_ls ls=pyvrp iter=1
2026-03-15 13:37:52 | INFO     | Route #24: 2603 2930 2554 1776 1333 1451 2807 1854 1108 834 1840 2614 686 2328 2519 3235 2876 1465 3183 638 2156 299 351 1743 1910 || mode=vb method=sk_kmeans solver=filo2 stage=post_ls ls=pyvrp iter=1
2026-03-15 13:37:52 | INFO     | Route #25: 2435 2526 1388 1135 2708 2859 1384 919 1160 1616 924 2604 1329 610 412 496 203 2790 1935 586 1554 987 1422 1798 1563 1526 663 1803 2779 3198 || mode=vb method=sk_kmeans solver=filo2 stage=post_ls ls=pyvrp iter=1
2026-03-15 13:37:52 | INFO     | Route #26: 1975 1838 3170 2258 1580 2330 1212 2165 1536 2543 38 3044 872 2178 2838 2907 2133 3097 492 1303 306 2300 2106 2174 1822 1744 539 2821 1749 2932 || mode=vb method=sk_kmeans solver=filo2 stage=post_ls ls=pyvrp iter=1
2026-03-15 13:37:52 | INFO     | Route #27: 559 1177 633 1746 1973 563 1028 219 774 1071 2753 321 396 698 2498 958 359 3133 377 684 1470 3000 193 2706 3081 787 || mode=vb method=sk_kmeans solver=filo2 stage=post_ls ls=pyvrp iter=1
2026-03-15 13:37:52 | INFO     | Route #28: 1883 2142 507 474 1635 2684 3123 1352 478 352 1789 624 900 138 1539 1538 2046 1958 508 2649 3127 1968 2077 80 1407 2261 221 2509 1259 454 2282 2946 || mode=vb method=sk_kmeans solver=filo2 stage=post_ls ls=pyvrp iter=1
2026-03-15 13:37:52 | INFO     | Route #29: 2301 1913 157 2611 845 2949 513 916 909 1625 2609 2822 1585 1988 76 2041 860 401 2478 2596 2089 1797 1454 1337 3165 || mode=vb method=sk_kmeans solver=filo2 stage=post_ls ls=pyvrp iter=1
2026-03-15 13:37:52 | INFO     | Route #30: 3196 188 506 1203 2756 235 3033 2623 1631 2497 91 48 1870 416 796 430 1114 1471 1355 295 2630 449 2236 2676 2215 2254 2190 1053 2948 2845 1841 1873 3049 || mode=vb method=sk_kmeans solver=filo2 stage=post_ls ls=pyvrp iter=1
2026-03-15 13:37:52 | INFO     | Route #31: 1954 1767 1757 841 261 577 269 1606 147 3175 2998 852 1382 807 2112 734 103 1568 2117 2382 433 1758 1705 590 448 3209 376 1874 || mode=vb method=sk_kmeans solver=filo2 stage=post_ls ls=pyvrp iter=1
2026-03-15 13:37:52 | INFO     | Route #32: 3193 3078 323 898 273 2466 2027 2467 1021 2884 509 2824 934 1969 2056 3128 2457 1437 1597 2187 2486 1299 2055 2076 2873 1824 1006 1466 2344 793 694 1137 3045 || mode=vb method=sk_kmeans solver=filo2 stage=post_ls ls=pyvrp iter=1
2026-03-15 13:37:52 | INFO     | Route #33: 2702 2937 1324 2070 3194 1275 1081 2150 2983 1132 2415 1852 1943 177 1367 1887 2671 1561 2919 280 2974 2199 151 2208 1411 1123 1632 2340 1736 || mode=vb method=sk_kmeans solver=filo2 stage=post_ls ls=pyvrp iter=1
2026-03-15 13:37:52 | INFO     | Route #34: 1552 2280 866 1130 2860 92 1244 2991 992 439 2853 647 693 2738 1981 765 1651 344 583 1815 440 1192 2865 1812 1775 491 340 1217 2257 || mode=vb method=sk_kmeans solver=filo2 stage=post_ls ls=pyvrp iter=1
2026-03-15 13:37:52 | INFO     | Route #35: 2892 1816 1697 3062 3007 386 2598 1200 1146 1441 1602 2589 1167 2014 2535 1623 728 2627 3105 2222 2082 267 1548 970 3111 1332 1427 3180 2723 917 || mode=vb method=sk_kmeans solver=filo2 stage=post_ls ls=pyvrp iter=1
2026-03-15 13:37:52 | INFO     | Route #36: 1148 761 1956 948 2541 283 1715 3106 1389 881 2316 943 905 1018 178 2653 1946 1131 2387 662 316 302 1473 || mode=vb method=sk_kmeans solver=filo2 stage=post_ls ls=pyvrp iter=1
2026-03-15 13:37:52 | INFO     | Route #37: 3212 435 1583 3200 1173 2735 1646 2495 3240 561 2518 1229 2976 1124 1634 742 1420 555 902 690 578 2550 771 2029 3189 2507 1286 1834 493 3096 3003 || mode=vb method=sk_kmeans solver=filo2 stage=post_ls ls=pyvrp iter=1
2026-03-15 13:37:52 | INFO     | Route #38: 1121 1933 879 2646 626 1406 1112 444 400 2666 202 1950 2010 763 2484 3076 1325 1398 3013 1073 3043 2009 3126 1795 || mode=vb method=sk_kmeans solver=filo2 stage=post_ls ls=pyvrp iter=1
2026-03-15 13:37:52 | INFO     | Route #39: 2223 1141 480 226 2530 2212 857 1769 716 2586 2758 994 1875 2424 494 2105 3085 1937 275 936 1271 596 2325 2606 || mode=vb method=sk_kmeans solver=filo2 stage=post_ls ls=pyvrp iter=1
2026-03-15 13:37:52 | INFO     | Route #40: 1814 1214 3042 1649 109 3093 545 149 2362 2713 984 1676 311 615 328 667 1481 2664 1794 2761 1900 1278 2200 78 1257 1265 350 1899 2295 2062 100 || mode=vb method=sk_kmeans solver=filo2 stage=post_ls ls=pyvrp iter=1
2026-03-15 13:37:52 | INFO     | Route #41: 2981 3066 907 1273 2692 764 330 356 2939 1339 1663 35 2590 2843 1442 2426 2642 3067 1287 1138 || mode=vb method=sk_kmeans solver=filo2 stage=post_ls ls=pyvrp iter=1
2026-03-15 13:37:52 | INFO     | Route #42: 2141 2830 1304 835 2283 1494 2883 123 2832 795 2044 272 2320 1276 1068 2731 3158 1104 12 2633 2011 528 727 3144 818 3030 2434 || mode=vb method=sk_kmeans solver=filo2 stage=post_ls ls=pyvrp iter=1
2026-03-15 13:37:52 | INFO     | Route #43: 341 1383 2214 640 1924 1314 179 420 2719 639 656 757 482 1983 913 1116 714 1858 1857 3068 3065 768 636 1928 1390 || mode=vb method=sk_kmeans solver=filo2 stage=post_ls ls=pyvrp iter=1
2026-03-15 13:37:52 | INFO     | Route #44: 2921 3016 2788 1704 2134 2297 1793 696 3239 1037 66 1488 2311 1042 2670 1728 1573 1253 1190 1510 2439 2795 1089 1269 1644 2496 688 2774 2412 945 || mode=vb method=sk_kmeans solver=filo2 stage=post_ls ls=pyvrp iter=1
2026-03-15 13:37:52 | INFO     | Route #45: 1165 3060 573 2568 1765 792 2662 1279 2970 2513 2565 3002 980 702 1772 657 1458 2721 1639 397 2084 2374 1074 1118 1722 1931 1578 518 2734 642 || mode=vb method=sk_kmeans solver=filo2 stage=post_ls ls=pyvrp iter=1
2026-03-15 13:37:52 | INFO     | Route #46: 1907 2383 97 1353 2934 1035 1600 2951 2780 1232 2259 2569 2711 2563 1240 2556 1598 101 114 2185 3172 2123 785 3125 1327 864 2996 1027 || mode=vb method=sk_kmeans solver=filo2 stage=post_ls ls=pyvrp iter=1
2026-03-15 13:37:52 | INFO     | Route #47: 1759 8 398 2778 1859 588 719 1216 1477 156 1254 2724 1077 1487 809 1351 196 1567 1199 1860 2906 1848 2314 3147 2304 2849 2389 874 1819 || mode=vb method=sk_kmeans solver=filo2 stage=post_ls ls=pyvrp iter=1
2026-03-15 13:37:52 | INFO     | Route #48: 485 1479 2043 2289 25 1113 1446 1221 1025 1334 1400 2337 3107 167 988 1435 2984 218 737 191 2732 1516 258 2641 || mode=vb method=sk_kmeans solver=filo2 stage=post_ls ls=pyvrp iter=1
2026-03-15 13:37:52 | INFO     | Route #49: 824 2166 2352 174 3029 1786 894 2740 1449 1851 514 2656 1569 1320 2246 2644 2108 3177 2092 1698 1270 402 1014 || mode=vb method=sk_kmeans solver=filo2 stage=post_ls ls=pyvrp iter=1
2026-03-15 13:37:52 | INFO     | Route #50: 2549 892 1162 870 144 3120 51 1186 1106 1048 1497 712 925 241 2602 1405 94 956 3217 2856 2914 1201 2591 3238 298 2038 2126 || mode=vb method=sk_kmeans solver=filo2 stage=post_ls ls=pyvrp iter=1
2026-03-15 13:37:52 | INFO     | Route #51: 1813 29 3014 718 2947 2303 631 2483 1180 2453 710 1272 1717 2597 1579 2447 1622 2049 1311 1075 2886 1007 2905 2444 2067 2960 2372 2399 2050 794 837 154 || mode=vb method=sk_kmeans solver=filo2 stage=post_ls ls=pyvrp iter=1
2026-03-15 13:37:52 | INFO     | Route #52: 3192 709 185 3119 3048 906 1378 3159 2334 2313 1796 281 2276 2913 993 3015 3203 1417 438 3122 1170 2323 747 2868 2021 345 || mode=vb method=sk_kmeans solver=filo2 stage=post_ls ls=pyvrp iter=1
2026-03-15 13:37:52 | INFO     | Route #53: 2394 1855 263 214 2048 982 368 421 2407 541 1295 644 1302 1683 184 960 3167 346 2540 871 1884 || mode=vb method=sk_kmeans solver=filo2 stage=post_ls ls=pyvrp iter=1
2026-03-15 13:37:52 | INFO     | Route #54: 1120 2411 1977 2454 1515 1260 2743 750 271 231 875 2368 1594 118 3102 2544 3169 594 17 775 1739 205 1589 1976 1559 2431 1942 1657 329 || mode=vb method=sk_kmeans solver=filo2 stage=post_ls ls=pyvrp iter=1
2026-03-15 13:37:52 | INFO     | Route #55: 36 1525 2510 2975 60 1263 1319 2764 1243 2310 1618 2101 1694 1237 3191 3026 98 488 1890 2936 584 674 1599 910 62 || mode=vb method=sk_kmeans solver=filo2 stage=post_ls ls=pyvrp iter=1
2026-03-15 13:37:52 | INFO     | Route #56: 424 2986 966 2636 2213 1678 2538 1517 2562 2579 2736 777 1057 2877 497 1151 1670 2381 1850 134 1004 3012 1340 367 3145 607 2230 209 || mode=vb method=sk_kmeans solver=filo2 stage=post_ls ls=pyvrp iter=1
2026-03-15 13:37:52 | INFO     | Route #57: 2324 224 1811 1250 1923 1547 619 2938 641 3185 923 1896 1897 3216 739 1991 229 1934 1574 1202 408 2191 1805 2525 116 1486 || mode=vb method=sk_kmeans solver=filo2 stage=post_ls ls=pyvrp iter=1
2026-03-15 13:37:52 | INFO     | Route #58: 1097 752 789 1448 1535 239 1368 1369 566 1864 2696 3136 2894 3155 3152 517 490 2477 715 2537 2240 1266 1168 3023 552 2421 2628 || mode=vb method=sk_kmeans solver=filo2 stage=post_ls ls=pyvrp iter=1
2026-03-15 13:37:52 | INFO     | Route #59: 1372 1674 788 2107 1412 1438 2800 2818 753 516 1467 1619 303 2929 1927 2679 3086 2008 2448 2594 3052 1246 2539 || mode=vb method=sk_kmeans solver=filo2 stage=post_ls ls=pyvrp iter=1
2026-03-15 13:37:52 | INFO     | Route #60: 2473 1283 364 3087 1105 2345 1145 2560 1756 2017 608 2061 614 58 740 3139 1281 1031 1587 1827 2903 1608 2487 2580 1247 189 2202 || mode=vb method=sk_kmeans solver=filo2 stage=post_ls ls=pyvrp iter=1
2026-03-15 13:37:52 | INFO     | Route #61: 124 1066 2419 1612 2239 257 2746 2707 2680 1084 2968 186 703 2085 2319 1040 1917 3176 2850 169 587 1080 1051 2136 39 276 2263 85 102 2576 || mode=vb method=sk_kmeans solver=filo2 stage=post_ls ls=pyvrp iter=1
2026-03-15 13:37:52 | INFO     | Route #62: 467 2944 553 2771 248 264 1714 589 3156 1617 846 2812 1835 73 1845 1064 1804 2658 2143 2080 || mode=vb method=sk_kmeans solver=filo2 stage=post_ls ls=pyvrp iter=1
2026-03-15 13:37:52 | INFO     | Route #63: 1013 3088 1844 54 417 904 1706 1707 817 2384 2414 1019 2523 2645 1191 2459 2801 2234 1768 2281 1562 453 2502 395 1866 1902 107 4 2098 825 1360 2338 1891 2405 2035 2782 || mode=vb method=sk_kmeans solver=filo2 stage=post_ls ls=pyvrp iter=1
2026-03-15 13:37:52 | INFO     | Route #64: 3073 751 1878 2612 1062 1300 343 3055 2704 653 882 2294 403 2428 975 2132 2025 1430 939 2305 2315 612 2618 1846 1650 2385 383 || mode=vb method=sk_kmeans solver=filo2 stage=post_ls ls=pyvrp iter=1
2026-03-15 13:37:52 | INFO     | Route #65: 2489 2402 162 2013 2293 800 1672 1828 1979 1918 249 2064 3163 2036 2093 2574 360 779 2578 470 2274 600 || mode=vb method=sk_kmeans solver=filo2 stage=post_ls ls=pyvrp iter=1
2026-03-15 13:37:52 | INFO     | Route #66: 1450 152 2962 1591 886 1060 2040 1220 548 278 1909 2130 1529 1727 2172 182 75 1181 781 1862 746 783 335 2135 3008 2608 || mode=vb method=sk_kmeans solver=filo2 stage=post_ls ls=pyvrp iter=1
2026-03-15 13:37:52 | INFO     | Route #67: 2277 2373 2127 332 3080 2863 2189 3109 2793 1326 3038 1469 2427 1321 810 2700 954 2690 741 1911 2065 1613 362 2882 829 3234 1016 635 || mode=vb method=sk_kmeans solver=filo2 stage=post_ls ls=pyvrp iter=1
2026-03-15 13:37:52 | INFO     | Route #68: 2137 220 2244 1564 1461 554 385 2335 2559 3071 731 1387 1624 199 3221 1310 1485 3227 2377 2718 399 284 745 79 2959 2688 999 978 2593 908 2739 3233 1893 || mode=vb method=sk_kmeans solver=filo2 stage=post_ls ls=pyvrp iter=1
2026-03-15 13:37:52 | INFO     | Route #69: 1957 1215 1134 1843 1402 1986 540 2805 1023 1107 646 1464 3041 1432 206 1970 1999 2047 1249 847 1867 2358 2221 59 || mode=vb method=sk_kmeans solver=filo2 stage=post_ls ls=pyvrp iter=1
2026-03-15 13:37:52 | INFO     | Route #70: 2825 2449 2144 1482 692 1837 2088 1091 791 2979 1083 1801 414 3137 1677 689 1463 3028 1879 388 2567 1802 135 2024 3057 1636 || mode=vb method=sk_kmeans solver=filo2 stage=post_ls ls=pyvrp iter=1
2026-03-15 13:37:52 | INFO     | Route #71: 2754 926 3143 380 265 838 813 2299 1572 2012 419 1159 1611 1725 1210 2256 2536 2332 2888 3226 1682 322 431 1987 2231 1189 1163 2534 1557 1953 3063 1090 601 1362 || mode=vb method=sk_kmeans solver=filo2 stage=post_ls ls=pyvrp iter=1
2026-03-15 13:37:52 | INFO     | Route #72: 3202 432 1820 744 1761 314 579 1877 951 2585 2816 620 3173 2479 3110 2242 2834 407 1261 2835 2809 675 3214 || mode=vb method=sk_kmeans solver=filo2 stage=post_ls ls=pyvrp iter=1
2026-03-15 13:37:52 | INFO     | Route #73: 3132 1730 2485 313 2031 1948 119 2490 2393 121 1504 1941 2388 1974 192 1453 519 2661 929 1791 3056 1790 2329 672 3162 2326 2260 2971 3211 1255 || mode=vb method=sk_kmeans solver=filo2 stage=post_ls ls=pyvrp iter=1
2026-03-15 13:37:52 | INFO     | Route #74: 307 1161 2533 475 1092 1350 1558 2308 358 266 2494 2369 930 773 650 3118 1094 1519 1689 648 2669 2904 2902 1513 2203 49 1258 546 1036 2972 670 1136 2546 3115 || mode=vb method=sk_kmeans solver=filo2 stage=post_ls ls=pyvrp iter=1
2026-03-15 13:37:52 | INFO     | Route #75: 998 1718 1102 500 1211 2006 801 1158 1153 1952 3138 1087 1182 2241 1888 542 2356 34 2432 1500 410 1542 569 1537 1745 940 533 1590 3022 713 1085 212 679 || mode=vb method=sk_kmeans solver=filo2 stage=post_ls ls=pyvrp iter=1
2026-03-15 13:37:52 | INFO     | Route #76: 471 293 2217 2514 3148 1418 1385 1908 176 530 2250 3184 2698 2219 1738 1082 2922 2862 1898 468 1610 3230 1144 576 627 2687 2651 86 1143 1881 || mode=vb method=sk_kmeans solver=filo2 stage=post_ls ls=pyvrp iter=1
2026-03-15 13:37:52 | INFO     | Route #77: 1363 799 1140 2110 2000 309 862 903 2982 442 312 2592 384 2096 243 1318 1766 562 869 2413 1831 3121 || mode=vb method=sk_kmeans solver=filo2 stage=post_ls ls=pyvrp iter=1
2026-03-15 13:37:52 | INFO     | Route #78: 195 291 1345 1708 1476 1067 1528 1054 1197 1740 2652 2095 2158 1409 1176 2015 990 1531 1699 766 2209 1944 2102 2673 2992 3219 989 822 1236 2737 3047 2952 285 || mode=vb method=sk_kmeans solver=filo2 stage=post_ls ls=pyvrp iter=1
2026-03-15 13:37:52 | INFO     | Route #79: 1546 887 1000 720 1439 64 523 1049 2852 814 2211 259 2695 1990 1770 2115 1807 1344 2177 621 2026 7 372 1836 1817 3197 || mode=vb method=sk_kmeans solver=filo2 stage=post_ls ls=pyvrp iter=1
2026-03-15 13:37:52 | INFO     | Route #80: 1771 207 1821 2785 3215 1607 3150 2186 678 333 2781 2398 878 1829 1183 1142 1050 2985 1457 1960 1688 598 2703 2151 2182 || mode=vb method=sk_kmeans solver=filo2 stage=post_ls ls=pyvrp iter=1
2026-03-15 13:37:52 | INFO     | Route #81: 2474 2440 2595 2197 2365 510 389 53 1684 2436 2016 580 2620 1460 1660 1882 3084 2103 1645 3207 1231 1810 2292 3104 479 668 2837 2775 2339 2391 1235 || mode=vb method=sk_kmeans solver=filo2 stage=post_ls ls=pyvrp iter=1
2026-03-15 13:37:52 | INFO     | Route #82: 1582 2443 1551 2279 603 649 1171 1553 938 46 816 286 1041 33 1668 1277 2629 2663 560 2685 3168 2145 355 122 778 1069 1549 19 1868 3130 1379 2871 1179 || mode=vb method=sk_kmeans solver=filo2 stage=post_ls ls=pyvrp iter=1
2026-03-15 13:37:52 | INFO     | Route #83: 1103 3151 1421 2122 1966 2091 2625 2364 3181 1726 977 237 1760 3117 1929 1555 2131 1193 2353 3149 72 1366 141 944 3188 1045 2386 762 1298 || mode=vb method=sk_kmeans solver=filo2 stage=post_ls ls=pyvrp iter=1
2026-03-15 13:37:52 | INFO     | Route #84: 873 2226 1742 1965 244 2730 1415 425 2770 2890 2079 232 2318 2878 2897 1070 1365 946 524 973 2847 1963 1308 2225 2786 935 || mode=vb method=sk_kmeans solver=filo2 stage=post_ls ls=pyvrp iter=1
2026-03-15 13:37:52 | INFO     | Route #85: 2648 2659 2366 1245 786 897 2034 2640 2148 1289 1605 2797 628 2392 700 2342 2194 2655 1885 305 2400 2321 120 187 1119 198 2967 110 2639 || mode=vb method=sk_kmeans solver=filo2 stage=post_ls ls=pyvrp iter=1
2026-03-15 13:37:52 | INFO     | Route #86: 3187 2577 2997 891 70 520 2354 704 1323 853 2848 1223 505 544 2901 2033 2819 931 2600 877 2193 1139 1492 1532 || mode=vb method=sk_kmeans solver=filo2 stage=post_ls ls=pyvrp iter=1
2026-03-15 13:37:52 | INFO     | Route #87: 3134 1692 1305 287 2371 1434 1832 1779 499 2460 148 45 354 2441 337 2445 171 2146 2831 1242 2408 160 215 1685 334 1239 1356 319 1603 194 2783 1686 2617 927 99 1961 || mode=vb method=sk_kmeans solver=filo2 stage=post_ls ls=pyvrp iter=1
2026-03-15 13:37:52 | INFO     | Route #88: 290 2531 2210 604 985 1992 370 495 1892 654 1565 175 2909 487 1654 2059 2442 3005 1194 3051 447 || mode=vb method=sk_kmeans solver=filo2 stage=post_ls ls=pyvrp iter=1
2026-03-15 13:37:52 | INFO     | Route #89: 3174 605 324 3009 2615 832 2396 486 1226 997 387 2846 1100 2749 1926 1020 2022 2869 1046 104 1218 1711 1 181 369 1288 3017 2833 1914 2196 1267 1506 2791 88 2517 1782 2183 || mode=vb method=sk_kmeans solver=filo2 stage=post_ls ls=pyvrp iter=1
2026-03-15 13:37:52 | INFO     | Route #90: 968 1661 1671 1702 3116 338 868 30 173 2898 2161 366 2503 2349 843 2710 61 1307 3074 2360 466 529 784 2028 681 1313 2889 543 || mode=vb method=sk_kmeans solver=filo2 stage=post_ls ls=pyvrp iter=1
2026-03-15 13:37:52 | INFO     | Route #91: 2235 3006 707 666 812 964 2100 2232 2910 996 2827 1785 855 1662 880 1922 531 2912 2716 106 697 1429 2346 1234 3213 2880 371 3100 || mode=vb method=sk_kmeans solver=filo2 stage=post_ls ls=pyvrp iter=1
2026-03-15 13:37:52 | INFO     | Route #92: 1150 2866 304 426 1653 2705 1088 2206 2689 404 2621 2154 459 665 2613 57 1059 911 2471 2265 2854 || mode=vb method=sk_kmeans solver=filo2 stage=post_ls ls=pyvrp iter=1
2026-03-15 13:37:52 | INFO     | Route #93: 2990 1419 1628 1213 2284 2582 1375 2803 2052 861 1227 127 1512 2069 1808 1527 270 1078 3034 1294 1011 685 3 1198 2051 415 1264 || mode=vb method=sk_kmeans solver=filo2 stage=post_ls ls=pyvrp iter=1
2026-03-15 13:37:52 | INFO     | Route #94: 3218 2032 2508 2839 1863 2927 240 452 1679 1055 830 460 1296 849 2928 687 159 2817 445 1754 1033 1274 676 2262 1317 1377 || mode=vb method=sk_kmeans solver=filo2 stage=post_ls ls=pyvrp iter=1
2026-03-15 13:37:52 | INFO     | Route #95: 2270 1577 1596 2511 1178 532 2861 1604 2512 489 912 2128 1493 2681 43 3237 1348 22 558 1972 1588 405 803 3040 112 2090 1930 582 128 2045 2763 || mode=vb method=sk_kmeans solver=filo2 stage=post_ls ls=pyvrp iter=1
2026-03-15 13:37:52 | INFO     | Route #96: 1166 2741 1357 262 155 2476 995 3069 859 2078 391 93 575 2481 1915 1341 2842 1480 234 2870 3019 1648 1205 301 2113 2654 630 565 2125 || mode=vb method=sk_kmeans solver=filo2 stage=post_ls ls=pyvrp iter=1
2026-03-15 13:37:52 | INFO     | Route #97: 568 671 242 1009 1164 1280 31 3157 458 1293 1410 2168 1315 1530 3236 971 2776 28 2994 1096 21 37 146 1433 || mode=vb method=sk_kmeans solver=filo2 stage=post_ls ls=pyvrp iter=1
2026-03-15 13:37:52 | INFO     | Route #98: 2657 914 876 3231 201 2395 2229 947 1630 2140 2742 20 833 3205 2475 1056 2287 1945 3112 1724 1195 327 1666 2104 2173 723 2558 2291 2773 932 2757 || mode=vb method=sk_kmeans solver=filo2 stage=post_ls ls=pyvrp iter=1
2026-03-15 13:37:52 | INFO     | Route #99: 1905 1373 374 1544 2524 1964 1154 2491 557 133 748 3061 969 1024 1916 288 2175 3220 1147 1156 1380 150 228 2066 2744 || mode=vb method=sk_kmeans solver=filo2 stage=post_ls ls=pyvrp iter=1
2026-03-15 13:37:52 | INFO     | Route #100: 2171 2717 1996 363 2917 2583 920 3011 2343 1865 1248 2725 1061 2155 522 1474 550 1853 2799 2566 1658 1880 1872 2750 2455 1659 1175 2699 2858 2153 706 1566 455 || mode=vb method=sk_kmeans solver=filo2 stage=post_ls ls=pyvrp iter=1
2026-03-15 13:37:52 | INFO     | Route #101: 1459 172 3046 2908 1491 213 770 2492 2920 1039 2954 1938 511 268 2815 1393 390 986 1032 105 572 373 365 1157 2162 || mode=vb method=sk_kmeans solver=filo2 stage=post_ls ls=pyvrp iter=1
2026-03-15 13:37:52 | INFO     | Route #102: 170 2584 1072 2532 2097 2965 1354 437 1440 2068 2555 1292 2361 260 2806 1712 3101 2129 2677 2403 1196 1971 2298 2452 724 10 3201 211 2378 2542 2840 300 1788 1483 2999 || mode=vb method=sk_kmeans solver=filo2 stage=post_ls ls=pyvrp iter=1
2026-03-15 13:37:52 | INFO     | Route #103: 2977 2918 1399 2624 296 168 2784 2714 606 2504 2118 153 2249 1038 979 950 1262 769 361 2271 2844 2418 2796 2480 1601 2647 200 2124 2798 || mode=vb method=sk_kmeans solver=filo2 stage=post_ls ls=pyvrp iter=1
2026-03-15 13:37:52 | INFO     | Route #104: 113 2587 1251 1505 2004 15 851 2429 2120 1665 2552 850 536 537 2953 2073 2306 1978 2895 502 1331 831 342 1184 1595 2355 2522 1128 3179 2762 2406 2733 2376 2464 3090 602 2417 || mode=vb method=sk_kmeans solver=filo2 stage=post_ls ls=pyvrp iter=1
2026-03-15 13:37:52 | INFO     | Route #105: 65 2672 828 1444 1501 963 2072 1431 347 210 3077 1581 3075 1404 2748 125 2551 556 2472 2347 1115 2808 937 798 || mode=vb method=sk_kmeans solver=filo2 stage=post_ls ls=pyvrp iter=1
2026-03-15 13:37:52 | INFO     | Route #106: 3225 2302 616 2619 1224 3186 2660 867 1638 2722 381 1912 3113 2348 570 74 24 3228 3206 805 3108 2224 2425 1747 2228 1989 || mode=vb method=sk_kmeans solver=filo2 stage=post_ls ls=pyvrp iter=1
2026-03-15 13:37:52 | INFO     | Route #107: 3035 1710 629 1847 3195 856 2 660 2925 230 2794 933 2216 1541 1995 2891 3140 32 884 2086 581 2622 1856 673 63 68 865 2002 1426 3232 567 3161 3018 1338 1001 2278 2331 || mode=vb method=sk_kmeans solver=filo2 stage=post_ls ls=pyvrp iter=1
2026-03-15 13:37:52 | INFO     | Route #108: 941 2857 1741 422 2071 2851 2769 1783 2379 1534 1099 158 538 957 1359 726 2114 2482 3053 842 1364 1680 315 708 2410 14 378 90 || mode=vb method=sk_kmeans solver=filo2 stage=post_ls ls=pyvrp iter=1
2026-03-15 13:37:52 | INFO     | Route #109: 3095 428 2697 2804 3129 2205 44 2359 77 1800 2501 1349 683 3058 1876 701 1017 1994 1731 1169 942 2463 375 1787 481 1413 2515 1751 || mode=vb method=sk_kmeans solver=filo2 stage=post_ls ls=pyvrp iter=1
2026-03-15 13:37:52 | INFO     | Route #110: 1823 1008 1709 3190 1208 3166 2357 1818 3021 918 2019 2253 1507 2469 1620 339 1520 3199 1503 2500 1447 2829 2768 1058 2682 3164 827 634 1376 896 2942 2899 2375 || mode=vb method=sk_kmeans solver=filo2 stage=post_ls ls=pyvrp iter=1
2026-03-15 13:37:52 | INFO     | Route #111: 1316 23 331 754 1733 1904 780 292 1358 974 1408 854 1268 465 2275 921 2179 1755 165 863 483 2180 3064 2980 || mode=vb method=sk_kmeans solver=filo2 stage=post_ls ls=pyvrp iter=1
2026-03-15 13:37:52 | INFO     | Route #112: 1219 758 1328 1664 3141 2269 2867 1792 2777 429 652 599 1206 725 2995 1511 3079 382 527 2506 1640 2160 2650 797 1533 1152 166 394 || mode=vb method=sk_kmeans solver=filo2 stage=post_ls ls=pyvrp iter=1
2026-03-15 13:37:52 | INFO     | Route #113: 1322 574 2987 1732 972 858 450 256 87 655 2450 2529 223 2728 3178 115 2874 899 222 756 755 1734 2789 52 227 || mode=vb method=sk_kmeans solver=filo2 stage=post_ls ls=pyvrp iter=1
2026-03-15 13:37:52 | INFO     | Route #114: 1126 1592 2336 3025 2715 411 1456 1495 81 423 772 96 1545 136 2423 1443 808 2701 1371 473 1521 126 1842 2023 1869 790 1445 1901 || mode=vb method=sk_kmeans solver=filo2 stage=post_ls ls=pyvrp iter=1
2026-03-15 13:37:52 | INFO     | Route #115: 1982 1886 1347 2149 2814 1002 225 418 2188 1005 844 2993 659 2184 434 2802 71 2820 1967 736 1098 625 3091 1079 2007 2911 2390 1903 || mode=vb method=sk_kmeans solver=filo2 stage=post_ls ls=pyvrp iter=1
2026-03-15 13:37:52 | INFO     | 
2026-03-15 13:37:52 | INFO     | [BEST SOLUTION ROUTE SUMMARY]
2026-03-15 13:37:52 | INFO     | --------------------------------------------------------------------------------
2026-03-15 13:37:52 | INFO     |  115 routes | VB    | sk_kmeans       | solver=filo2      | stage=post_ls | ls=pyvrp
2026-03-15 13:37:52 | INFO     | 
2026-03-15 13:37:52 | INFO     | [ROUTE POOL SUMMARY]
2026-03-15 13:37:52 | INFO     |   116 routes | VB | sk_ac_complete | solver=filo2 | stage=post_ls | ls=pyvrp
2026-03-15 13:37:52 | INFO     |   116 routes | VB | fcm | solver=filo1 | stage=post_ls | ls=pyvrp
2026-03-15 13:37:52 | INFO     |   115 routes | VB | sk_kmeans | solver=filo2 | stage=post_ls | ls=pyvrp
2026-03-15 13:37:52 | INFO     |   111 routes | RB | sk_ac_avg | solver=pyvrp | stage=post_ls | ls=pyvrp
2026-03-15 13:37:52 | INFO     |   111 routes | RB | sk_ac_complete | solver=pyvrp | stage=post_ls | ls=pyvrp
2026-03-15 13:37:52 | INFO     |   101 routes | RB | sk_kmeans | solver=filo2 | stage=post_ls | ls=pyvrp
2026-03-15 13:37:52 | INFO     | [XL-n3241-k115 NO-IMPROVEMENT] best_cost=222394 | streak=5 | Gap: 0.5175%
2026-03-15 13:37:52 | INFO     | [XL-n3241-k115 ITERATION-TIMES 6] cluster=60.672s routing=2087.142s ls=183.360s scp=124.513s total=2455.854s
2026-03-15 13:37:52 | INFO     | [XL-n3241-k115 ITERATION 7] mode=RB method=sk_ac_avg k=5 solver=filo1 ls=pyvrp
2026-03-15 13:37:52 | INFO     | [XL-n3241-k115 CLUSTER] method=sk_ac_avg k=5 | sizes=[1408, 520, 117, 1066, 129] | min=117 max=1408 avg=648.0
2026-03-15 13:37:52 | INFO     | [XL-n3241-k115 ROUTING] Solving clusters with filo1
2026-03-15 14:46:58 | INFO     | 
2026-03-15 14:46:58 | INFO     | ================================================================================
2026-03-15 14:46:58 | INFO     | [XL-n3241-k115] PERIODIC SNAPSHOT SNAPSHOT_002
2026-03-15 14:46:58 | INFO     | ================================================================================
2026-03-15 14:46:58 | INFO     | Route #1: 1095 2745 1729 981 1780 1423 1894 2401 1669 2978 823 13 515 2119 2631 1222 1204 1468 1550 2571 1993 1241 1586 2251 1764 27 2956 2248 1290 1951 2255 1984 1721 2116 3024 2667 || mode=vb method=sk_kmeans solver=filo2 stage=post_ls ls=pyvrp iter=1
2026-03-15 14:46:58 | INFO     | Route #2: 595 2924 2020 2001 776 1571 2286 443 1700 1093 2923 820 551 2811 2810 2841 1063 2675 3010 476 2152 2247 547 2147 1312 2813 1026 811 1656 || mode=vb method=sk_kmeans solver=filo2 stage=post_ls ls=pyvrp iter=1
2026-03-15 14:46:58 | INFO     | Route #3: 2573 743 2083 922 2548 965 885 336 3204 1713 767 254 2176 2634 392 3050 2747 294 1750 1256 3131 2520 2037 464 1696 2638 2285 2836 2605 2767 || mode=vb method=sk_kmeans solver=filo2 stage=post_ls ls=pyvrp iter=1
2026-03-15 14:46:58 | INFO     | Route #4: 2397 1895 806 611 2674 2296 498 1720 26 2729 991 521 56 2198 1889 325 3070 1297 3114 348 821 2581 1673 2915 140 3089 2887 2363 5 3082 1396 2693 3083 1109 1455 82 || mode=vb method=sk_kmeans solver=filo2 stage=post_ls ls=pyvrp iter=1
2026-03-15 14:46:58 | INFO     | Route #5: 55 915 2438 1980 1374 1397 2227 3154 1207 735 251 1401 2264 349 1238 1129 2893 1540 3027 1065 1030 3004 2855 2516 208 2121 1452 3054 658 2828 2465 2588 2528 1719 564 2461 || mode=vb method=sk_kmeans solver=filo2 stage=post_ls ls=pyvrp iter=1
2026-03-15 14:46:58 | INFO     | Route #6: 1687 129 11 1576 1637 1386 2470 2192 2322 1784 2616 749 691 1282 501 1424 3208 2626 1799 3229 637 1336 1691 2111 722 317 308 2964 1560 2462 2945 1230 253 || mode=vb method=sk_kmeans solver=filo2 stage=post_ls ls=pyvrp iter=1
2026-03-15 14:46:58 | INFO     | Route #7: 2074 1633 848 2159 233 1806 3142 3135 2233 2521 1748 3020 1523 705 2220 197 183 1127 1462 2430 1498 504 1472 1149 1762 137 1394 || mode=vb method=sk_kmeans solver=filo2 stage=post_ls ls=pyvrp iter=1
2026-03-15 14:46:58 | INFO     | Route #8: 1825 1010 1381 1489 901 1693 1022 2288 1695 1752 664 1101 2961 928 1391 2766 893 1809 3124 2643 1209 2969 2370 132 1906 1174 839 || mode=vb method=sk_kmeans solver=filo2 stage=post_ls ls=pyvrp iter=1
2026-03-15 14:46:58 | INFO     | Route #9: 1774 840 84 953 1703 1936 2755 2931 1285 2437 1925 2610 962 591 2042 2823 1849 2943 274 1947 1919 472 2712 661 1416 1615 1509 1959 959 2933 393 2570 161 || mode=vb method=sk_kmeans solver=filo2 stage=post_ls ls=pyvrp iter=1
2026-03-15 14:46:58 | INFO     | Route #10: 477 1556 216 2963 1185 677 2575 2169 2488 2167 782 83 2195 2238 759 680 895 3039 1188 983 1833 2138 16 2163 3072 1614 1609 2456 2564 3099 1125 717 || mode=vb method=sk_kmeans solver=filo2 stage=post_ls ls=pyvrp iter=1
2026-03-15 14:46:58 | INFO     | Route #11: 245 1233 3098 593 131 1690 669 549 1111 3092 1575 711 3001 1117 2350 617 238 1627 2900 585 2826 1920 613 2057 1490 2632 2139 815 || mode=vb method=sk_kmeans solver=filo2 stage=post_ls ls=pyvrp iter=1
2026-03-15 14:46:58 | INFO     | Route #12: 2309 47 95 2060 2039 50 180 1655 236 2433 1737 252 164 282 289 534 279 730 729 320 1425 1496 247 1034 2875 2054 2081 1414 || mode=vb method=sk_kmeans solver=filo2 stage=post_ls ls=pyvrp iter=1
2026-03-15 14:46:58 | INFO     | Route #13: 2553 2751 2683 1484 2053 250 1343 2686 2018 2772 2935 1570 732 9 2201 2207 2505 406 597 889 2243 2637 2599 1621 1861 69 1029 || mode=vb method=sk_kmeans solver=filo2 stage=post_ls ls=pyvrp iter=1
2026-03-15 14:46:58 | INFO     | Route #14: 1228 2973 436 2759 733 2181 1370 1475 955 1723 819 2709 1522 3224 2003 2380 446 2063 526 379 || mode=vb method=sk_kmeans solver=filo2 stage=post_ls ls=pyvrp iter=1
2026-03-15 14:46:58 | INFO     | Route #15: 3223 326 1047 682 2955 353 1962 2872 2760 1955 456 1777 651 2327 1626 2635 2170 1110 2787 2272 2333 643 2885 1753 2218 || mode=vb method=sk_kmeans solver=filo2 stage=post_ls ls=pyvrp iter=1
2026-03-15 14:46:58 | INFO     | Route #16: 1667 1716 409 949 1921 2312 89 721 1508 1514 2691 2958 1985 1342 738 1043 1949 2989 1361 145 2087 1003 2075 || mode=vb method=sk_kmeans solver=filo2 stage=post_ls ls=pyvrp iter=1
2026-03-15 14:46:58 | INFO     | Route #17: 461 246 1133 2367 41 2694 42 130 512 462 108 297 1826 1763 1998 1346 413 1932 1284 3032 1652 535 802 2099 2601 463 2268 2420 952 2940 3094 || mode=vb method=sk_kmeans solver=filo2 stage=post_ls ls=pyvrp iter=1
2026-03-15 14:46:58 | INFO     | Route #18: 525 883 2164 2422 1309 2273 2307 1839 451 2416 699 142 3222 2245 1629 1335 277 804 1330 1291 357 1187 2266 2058 457 1395 1155 217 2879 2916 2752 || mode=vb method=sk_kmeans solver=filo2 stage=post_ls ls=pyvrp iter=1
2026-03-15 14:46:58 | INFO     | Route #19: 2881 2317 1306 3103 2237 2351 2957 67 1940 1939 2458 1543 111 2950 1499 2607 3037 1735 967 1871 2720 18 890 || mode=vb method=sk_kmeans solver=filo2 stage=post_ls ls=pyvrp iter=1
2026-03-15 14:46:58 | INFO     | Route #20: 1997 592 2557 2941 1086 1643 2561 2204 2446 3171 2493 1647 1301 826 888 2864 2726 2765 427 2252 3153 2926 163 618 1773 3210 2527 1502 622 || mode=vb method=sk_kmeans solver=filo2 stage=post_ls ls=pyvrp iter=1
2026-03-15 14:46:58 | INFO     | Route #21: 143 2499 2290 1478 1015 1830 3031 1225 1428 310 571 609 1518 1524 2572 2109 3059 1436 2404 1641 40 3160 484 1403 1052 1584 2678 2409 632 1076 2668 || mode=vb method=sk_kmeans solver=filo2 stage=post_ls ls=pyvrp iter=1
2026-03-15 14:46:58 | INFO     | Route #22: 645 441 961 3182 1642 2727 318 117 760 2545 1681 1252 2792 2451 2341 1172 503 2547 2267 2468 2966 2988 6 1778 469 623 || mode=vb method=sk_kmeans solver=filo2 stage=post_ls ls=pyvrp iter=1
2026-03-15 14:46:58 | INFO     | Route #23: 139 3036 3146 695 1122 2094 1392 1701 2030 255 1593 1012 976 2005 204 1781 2157 836 190 1675 1044 2896 2665 || mode=vb method=sk_kmeans solver=filo2 stage=post_ls ls=pyvrp iter=1
2026-03-15 14:46:58 | INFO     | Route #24: 2603 2930 2554 1776 1333 1451 2807 1854 1108 834 1840 2614 686 2328 2519 3235 2876 1465 3183 638 2156 299 351 1743 1910 || mode=vb method=sk_kmeans solver=filo2 stage=post_ls ls=pyvrp iter=1
2026-03-15 14:46:58 | INFO     | Route #25: 2435 2526 1388 1135 2708 2859 1384 919 1160 1616 924 2604 1329 610 412 496 203 2790 1935 586 1554 987 1422 1798 1563 1526 663 1803 2779 3198 || mode=vb method=sk_kmeans solver=filo2 stage=post_ls ls=pyvrp iter=1
2026-03-15 14:46:58 | INFO     | Route #26: 1975 1838 3170 2258 1580 2330 1212 2165 1536 2543 38 3044 872 2178 2838 2907 2133 3097 492 1303 306 2300 2106 2174 1822 1744 539 2821 1749 2932 || mode=vb method=sk_kmeans solver=filo2 stage=post_ls ls=pyvrp iter=1
2026-03-15 14:46:58 | INFO     | Route #27: 559 1177 633 1746 1973 563 1028 219 774 1071 2753 321 396 698 2498 958 359 3133 377 684 1470 3000 193 2706 3081 787 || mode=vb method=sk_kmeans solver=filo2 stage=post_ls ls=pyvrp iter=1
2026-03-15 14:46:58 | INFO     | Route #28: 1883 2142 507 474 1635 2684 3123 1352 478 352 1789 624 900 138 1539 1538 2046 1958 508 2649 3127 1968 2077 80 1407 2261 221 2509 1259 454 2282 2946 || mode=vb method=sk_kmeans solver=filo2 stage=post_ls ls=pyvrp iter=1
2026-03-15 14:46:58 | INFO     | Route #29: 2301 1913 157 2611 845 2949 513 916 909 1625 2609 2822 1585 1988 76 2041 860 401 2478 2596 2089 1797 1454 1337 3165 || mode=vb method=sk_kmeans solver=filo2 stage=post_ls ls=pyvrp iter=1
2026-03-15 14:46:58 | INFO     | Route #30: 3196 188 506 1203 2756 235 3033 2623 1631 2497 91 48 1870 416 796 430 1114 1471 1355 295 2630 449 2236 2676 2215 2254 2190 1053 2948 2845 1841 1873 3049 || mode=vb method=sk_kmeans solver=filo2 stage=post_ls ls=pyvrp iter=1
2026-03-15 14:46:58 | INFO     | Route #31: 1954 1767 1757 841 261 577 269 1606 147 3175 2998 852 1382 807 2112 734 103 1568 2117 2382 433 1758 1705 590 448 3209 376 1874 || mode=vb method=sk_kmeans solver=filo2 stage=post_ls ls=pyvrp iter=1
2026-03-15 14:46:58 | INFO     | Route #32: 3193 3078 323 898 273 2466 2027 2467 1021 2884 509 2824 934 1969 2056 3128 2457 1437 1597 2187 2486 1299 2055 2076 2873 1824 1006 1466 2344 793 694 1137 3045 || mode=vb method=sk_kmeans solver=filo2 stage=post_ls ls=pyvrp iter=1
2026-03-15 14:46:58 | INFO     | Route #33: 2702 2937 1324 2070 3194 1275 1081 2150 2983 1132 2415 1852 1943 177 1367 1887 2671 1561 2919 280 2974 2199 151 2208 1411 1123 1632 2340 1736 || mode=vb method=sk_kmeans solver=filo2 stage=post_ls ls=pyvrp iter=1
2026-03-15 14:46:58 | INFO     | Route #34: 1552 2280 866 1130 2860 92 1244 2991 992 439 2853 647 693 2738 1981 765 1651 344 583 1815 440 1192 2865 1812 1775 491 340 1217 2257 || mode=vb method=sk_kmeans solver=filo2 stage=post_ls ls=pyvrp iter=1
2026-03-15 14:46:58 | INFO     | Route #35: 2892 1816 1697 3062 3007 386 2598 1200 1146 1441 1602 2589 1167 2014 2535 1623 728 2627 3105 2222 2082 267 1548 970 3111 1332 1427 3180 2723 917 || mode=vb method=sk_kmeans solver=filo2 stage=post_ls ls=pyvrp iter=1
2026-03-15 14:46:58 | INFO     | Route #36: 1148 761 1956 948 2541 283 1715 3106 1389 881 2316 943 905 1018 178 2653 1946 1131 2387 662 316 302 1473 || mode=vb method=sk_kmeans solver=filo2 stage=post_ls ls=pyvrp iter=1
2026-03-15 14:46:58 | INFO     | Route #37: 3212 435 1583 3200 1173 2735 1646 2495 3240 561 2518 1229 2976 1124 1634 742 1420 555 902 690 578 2550 771 2029 3189 2507 1286 1834 493 3096 3003 || mode=vb method=sk_kmeans solver=filo2 stage=post_ls ls=pyvrp iter=1
2026-03-15 14:46:58 | INFO     | Route #38: 1121 1933 879 2646 626 1406 1112 444 400 2666 202 1950 2010 763 2484 3076 1325 1398 3013 1073 3043 2009 3126 1795 || mode=vb method=sk_kmeans solver=filo2 stage=post_ls ls=pyvrp iter=1
2026-03-15 14:46:58 | INFO     | Route #39: 2223 1141 480 226 2530 2212 857 1769 716 2586 2758 994 1875 2424 494 2105 3085 1937 275 936 1271 596 2325 2606 || mode=vb method=sk_kmeans solver=filo2 stage=post_ls ls=pyvrp iter=1
2026-03-15 14:46:58 | INFO     | Route #40: 1814 1214 3042 1649 109 3093 545 149 2362 2713 984 1676 311 615 328 667 1481 2664 1794 2761 1900 1278 2200 78 1257 1265 350 1899 2295 2062 100 || mode=vb method=sk_kmeans solver=filo2 stage=post_ls ls=pyvrp iter=1
2026-03-15 14:46:58 | INFO     | Route #41: 2981 3066 907 1273 2692 764 330 356 2939 1339 1663 35 2590 2843 1442 2426 2642 3067 1287 1138 || mode=vb method=sk_kmeans solver=filo2 stage=post_ls ls=pyvrp iter=1
2026-03-15 14:46:58 | INFO     | Route #42: 2141 2830 1304 835 2283 1494 2883 123 2832 795 2044 272 2320 1276 1068 2731 3158 1104 12 2633 2011 528 727 3144 818 3030 2434 || mode=vb method=sk_kmeans solver=filo2 stage=post_ls ls=pyvrp iter=1
2026-03-15 14:46:58 | INFO     | Route #43: 341 1383 2214 640 1924 1314 179 420 2719 639 656 757 482 1983 913 1116 714 1858 1857 3068 3065 768 636 1928 1390 || mode=vb method=sk_kmeans solver=filo2 stage=post_ls ls=pyvrp iter=1
2026-03-15 14:46:58 | INFO     | Route #44: 2921 3016 2788 1704 2134 2297 1793 696 3239 1037 66 1488 2311 1042 2670 1728 1573 1253 1190 1510 2439 2795 1089 1269 1644 2496 688 2774 2412 945 || mode=vb method=sk_kmeans solver=filo2 stage=post_ls ls=pyvrp iter=1
2026-03-15 14:46:58 | INFO     | Route #45: 1165 3060 573 2568 1765 792 2662 1279 2970 2513 2565 3002 980 702 1772 657 1458 2721 1639 397 2084 2374 1074 1118 1722 1931 1578 518 2734 642 || mode=vb method=sk_kmeans solver=filo2 stage=post_ls ls=pyvrp iter=1
2026-03-15 14:46:58 | INFO     | Route #46: 1907 2383 97 1353 2934 1035 1600 2951 2780 1232 2259 2569 2711 2563 1240 2556 1598 101 114 2185 3172 2123 785 3125 1327 864 2996 1027 || mode=vb method=sk_kmeans solver=filo2 stage=post_ls ls=pyvrp iter=1
2026-03-15 14:46:58 | INFO     | Route #47: 1759 8 398 2778 1859 588 719 1216 1477 156 1254 2724 1077 1487 809 1351 196 1567 1199 1860 2906 1848 2314 3147 2304 2849 2389 874 1819 || mode=vb method=sk_kmeans solver=filo2 stage=post_ls ls=pyvrp iter=1
2026-03-15 14:46:58 | INFO     | Route #48: 485 1479 2043 2289 25 1113 1446 1221 1025 1334 1400 2337 3107 167 988 1435 2984 218 737 191 2732 1516 258 2641 || mode=vb method=sk_kmeans solver=filo2 stage=post_ls ls=pyvrp iter=1
2026-03-15 14:46:58 | INFO     | Route #49: 824 2166 2352 174 3029 1786 894 2740 1449 1851 514 2656 1569 1320 2246 2644 2108 3177 2092 1698 1270 402 1014 || mode=vb method=sk_kmeans solver=filo2 stage=post_ls ls=pyvrp iter=1
2026-03-15 14:46:58 | INFO     | Route #50: 2549 892 1162 870 144 3120 51 1186 1106 1048 1497 712 925 241 2602 1405 94 956 3217 2856 2914 1201 2591 3238 298 2038 2126 || mode=vb method=sk_kmeans solver=filo2 stage=post_ls ls=pyvrp iter=1
2026-03-15 14:46:58 | INFO     | Route #51: 1813 29 3014 718 2947 2303 631 2483 1180 2453 710 1272 1717 2597 1579 2447 1622 2049 1311 1075 2886 1007 2905 2444 2067 2960 2372 2399 2050 794 837 154 || mode=vb method=sk_kmeans solver=filo2 stage=post_ls ls=pyvrp iter=1
2026-03-15 14:46:58 | INFO     | Route #52: 3192 709 185 3119 3048 906 1378 3159 2334 2313 1796 281 2276 2913 993 3015 3203 1417 438 3122 1170 2323 747 2868 2021 345 || mode=vb method=sk_kmeans solver=filo2 stage=post_ls ls=pyvrp iter=1
2026-03-15 14:46:58 | INFO     | Route #53: 2394 1855 263 214 2048 982 368 421 2407 541 1295 644 1302 1683 184 960 3167 346 2540 871 1884 || mode=vb method=sk_kmeans solver=filo2 stage=post_ls ls=pyvrp iter=1
2026-03-15 14:46:58 | INFO     | Route #54: 1120 2411 1977 2454 1515 1260 2743 750 271 231 875 2368 1594 118 3102 2544 3169 594 17 775 1739 205 1589 1976 1559 2431 1942 1657 329 || mode=vb method=sk_kmeans solver=filo2 stage=post_ls ls=pyvrp iter=1
2026-03-15 14:46:58 | INFO     | Route #55: 36 1525 2510 2975 60 1263 1319 2764 1243 2310 1618 2101 1694 1237 3191 3026 98 488 1890 2936 584 674 1599 910 62 || mode=vb method=sk_kmeans solver=filo2 stage=post_ls ls=pyvrp iter=1
2026-03-15 14:46:58 | INFO     | Route #56: 424 2986 966 2636 2213 1678 2538 1517 2562 2579 2736 777 1057 2877 497 1151 1670 2381 1850 134 1004 3012 1340 367 3145 607 2230 209 || mode=vb method=sk_kmeans solver=filo2 stage=post_ls ls=pyvrp iter=1
2026-03-15 14:46:58 | INFO     | Route #57: 2324 224 1811 1250 1923 1547 619 2938 641 3185 923 1896 1897 3216 739 1991 229 1934 1574 1202 408 2191 1805 2525 116 1486 || mode=vb method=sk_kmeans solver=filo2 stage=post_ls ls=pyvrp iter=1
2026-03-15 14:46:58 | INFO     | Route #58: 1097 752 789 1448 1535 239 1368 1369 566 1864 2696 3136 2894 3155 3152 517 490 2477 715 2537 2240 1266 1168 3023 552 2421 2628 || mode=vb method=sk_kmeans solver=filo2 stage=post_ls ls=pyvrp iter=1
2026-03-15 14:46:58 | INFO     | Route #59: 1372 1674 788 2107 1412 1438 2800 2818 753 516 1467 1619 303 2929 1927 2679 3086 2008 2448 2594 3052 1246 2539 || mode=vb method=sk_kmeans solver=filo2 stage=post_ls ls=pyvrp iter=1
2026-03-15 14:46:58 | INFO     | Route #60: 2473 1283 364 3087 1105 2345 1145 2560 1756 2017 608 2061 614 58 740 3139 1281 1031 1587 1827 2903 1608 2487 2580 1247 189 2202 || mode=vb method=sk_kmeans solver=filo2 stage=post_ls ls=pyvrp iter=1
2026-03-15 14:46:58 | INFO     | Route #61: 124 1066 2419 1612 2239 257 2746 2707 2680 1084 2968 186 703 2085 2319 1040 1917 3176 2850 169 587 1080 1051 2136 39 276 2263 85 102 2576 || mode=vb method=sk_kmeans solver=filo2 stage=post_ls ls=pyvrp iter=1
2026-03-15 14:46:58 | INFO     | Route #62: 467 2944 553 2771 248 264 1714 589 3156 1617 846 2812 1835 73 1845 1064 1804 2658 2143 2080 || mode=vb method=sk_kmeans solver=filo2 stage=post_ls ls=pyvrp iter=1
2026-03-15 14:46:58 | INFO     | Route #63: 1013 3088 1844 54 417 904 1706 1707 817 2384 2414 1019 2523 2645 1191 2459 2801 2234 1768 2281 1562 453 2502 395 1866 1902 107 4 2098 825 1360 2338 1891 2405 2035 2782 || mode=vb method=sk_kmeans solver=filo2 stage=post_ls ls=pyvrp iter=1
2026-03-15 14:46:58 | INFO     | Route #64: 3073 751 1878 2612 1062 1300 343 3055 2704 653 882 2294 403 2428 975 2132 2025 1430 939 2305 2315 612 2618 1846 1650 2385 383 || mode=vb method=sk_kmeans solver=filo2 stage=post_ls ls=pyvrp iter=1
2026-03-15 14:46:58 | INFO     | Route #65: 2489 2402 162 2013 2293 800 1672 1828 1979 1918 249 2064 3163 2036 2093 2574 360 779 2578 470 2274 600 || mode=vb method=sk_kmeans solver=filo2 stage=post_ls ls=pyvrp iter=1
2026-03-15 14:46:58 | INFO     | Route #66: 1450 152 2962 1591 886 1060 2040 1220 548 278 1909 2130 1529 1727 2172 182 75 1181 781 1862 746 783 335 2135 3008 2608 || mode=vb method=sk_kmeans solver=filo2 stage=post_ls ls=pyvrp iter=1
2026-03-15 14:46:58 | INFO     | Route #67: 2277 2373 2127 332 3080 2863 2189 3109 2793 1326 3038 1469 2427 1321 810 2700 954 2690 741 1911 2065 1613 362 2882 829 3234 1016 635 || mode=vb method=sk_kmeans solver=filo2 stage=post_ls ls=pyvrp iter=1
2026-03-15 14:46:58 | INFO     | Route #68: 2137 220 2244 1564 1461 554 385 2335 2559 3071 731 1387 1624 199 3221 1310 1485 3227 2377 2718 399 284 745 79 2959 2688 999 978 2593 908 2739 3233 1893 || mode=vb method=sk_kmeans solver=filo2 stage=post_ls ls=pyvrp iter=1
2026-03-15 14:46:58 | INFO     | Route #69: 1957 1215 1134 1843 1402 1986 540 2805 1023 1107 646 1464 3041 1432 206 1970 1999 2047 1249 847 1867 2358 2221 59 || mode=vb method=sk_kmeans solver=filo2 stage=post_ls ls=pyvrp iter=1
2026-03-15 14:46:58 | INFO     | Route #70: 2825 2449 2144 1482 692 1837 2088 1091 791 2979 1083 1801 414 3137 1677 689 1463 3028 1879 388 2567 1802 135 2024 3057 1636 || mode=vb method=sk_kmeans solver=filo2 stage=post_ls ls=pyvrp iter=1
2026-03-15 14:46:58 | INFO     | Route #71: 2754 926 3143 380 265 838 813 2299 1572 2012 419 1159 1611 1725 1210 2256 2536 2332 2888 3226 1682 322 431 1987 2231 1189 1163 2534 1557 1953 3063 1090 601 1362 || mode=vb method=sk_kmeans solver=filo2 stage=post_ls ls=pyvrp iter=1
2026-03-15 14:46:58 | INFO     | Route #72: 3202 432 1820 744 1761 314 579 1877 951 2585 2816 620 3173 2479 3110 2242 2834 407 1261 2835 2809 675 3214 || mode=vb method=sk_kmeans solver=filo2 stage=post_ls ls=pyvrp iter=1
2026-03-15 14:46:58 | INFO     | Route #73: 3132 1730 2485 313 2031 1948 119 2490 2393 121 1504 1941 2388 1974 192 1453 519 2661 929 1791 3056 1790 2329 672 3162 2326 2260 2971 3211 1255 || mode=vb method=sk_kmeans solver=filo2 stage=post_ls ls=pyvrp iter=1
2026-03-15 14:46:58 | INFO     | Route #74: 307 1161 2533 475 1092 1350 1558 2308 358 266 2494 2369 930 773 650 3118 1094 1519 1689 648 2669 2904 2902 1513 2203 49 1258 546 1036 2972 670 1136 2546 3115 || mode=vb method=sk_kmeans solver=filo2 stage=post_ls ls=pyvrp iter=1
2026-03-15 14:46:58 | INFO     | Route #75: 998 1718 1102 500 1211 2006 801 1158 1153 1952 3138 1087 1182 2241 1888 542 2356 34 2432 1500 410 1542 569 1537 1745 940 533 1590 3022 713 1085 212 679 || mode=vb method=sk_kmeans solver=filo2 stage=post_ls ls=pyvrp iter=1
2026-03-15 14:46:58 | INFO     | Route #76: 471 293 2217 2514 3148 1418 1385 1908 176 530 2250 3184 2698 2219 1738 1082 2922 2862 1898 468 1610 3230 1144 576 627 2687 2651 86 1143 1881 || mode=vb method=sk_kmeans solver=filo2 stage=post_ls ls=pyvrp iter=1
2026-03-15 14:46:58 | INFO     | Route #77: 1363 799 1140 2110 2000 309 862 903 2982 442 312 2592 384 2096 243 1318 1766 562 869 2413 1831 3121 || mode=vb method=sk_kmeans solver=filo2 stage=post_ls ls=pyvrp iter=1
2026-03-15 14:46:58 | INFO     | Route #78: 195 291 1345 1708 1476 1067 1528 1054 1197 1740 2652 2095 2158 1409 1176 2015 990 1531 1699 766 2209 1944 2102 2673 2992 3219 989 822 1236 2737 3047 2952 285 || mode=vb method=sk_kmeans solver=filo2 stage=post_ls ls=pyvrp iter=1
2026-03-15 14:46:58 | INFO     | Route #79: 1546 887 1000 720 1439 64 523 1049 2852 814 2211 259 2695 1990 1770 2115 1807 1344 2177 621 2026 7 372 1836 1817 3197 || mode=vb method=sk_kmeans solver=filo2 stage=post_ls ls=pyvrp iter=1
2026-03-15 14:46:58 | INFO     | Route #80: 1771 207 1821 2785 3215 1607 3150 2186 678 333 2781 2398 878 1829 1183 1142 1050 2985 1457 1960 1688 598 2703 2151 2182 || mode=vb method=sk_kmeans solver=filo2 stage=post_ls ls=pyvrp iter=1
2026-03-15 14:46:58 | INFO     | Route #81: 2474 2440 2595 2197 2365 510 389 53 1684 2436 2016 580 2620 1460 1660 1882 3084 2103 1645 3207 1231 1810 2292 3104 479 668 2837 2775 2339 2391 1235 || mode=vb method=sk_kmeans solver=filo2 stage=post_ls ls=pyvrp iter=1
2026-03-15 14:46:58 | INFO     | Route #82: 1582 2443 1551 2279 603 649 1171 1553 938 46 816 286 1041 33 1668 1277 2629 2663 560 2685 3168 2145 355 122 778 1069 1549 19 1868 3130 1379 2871 1179 || mode=vb method=sk_kmeans solver=filo2 stage=post_ls ls=pyvrp iter=1
2026-03-15 14:46:58 | INFO     | Route #83: 1103 3151 1421 2122 1966 2091 2625 2364 3181 1726 977 237 1760 3117 1929 1555 2131 1193 2353 3149 72 1366 141 944 3188 1045 2386 762 1298 || mode=vb method=sk_kmeans solver=filo2 stage=post_ls ls=pyvrp iter=1
2026-03-15 14:46:58 | INFO     | Route #84: 873 2226 1742 1965 244 2730 1415 425 2770 2890 2079 232 2318 2878 2897 1070 1365 946 524 973 2847 1963 1308 2225 2786 935 || mode=vb method=sk_kmeans solver=filo2 stage=post_ls ls=pyvrp iter=1
2026-03-15 14:46:58 | INFO     | Route #85: 2648 2659 2366 1245 786 897 2034 2640 2148 1289 1605 2797 628 2392 700 2342 2194 2655 1885 305 2400 2321 120 187 1119 198 2967 110 2639 || mode=vb method=sk_kmeans solver=filo2 stage=post_ls ls=pyvrp iter=1
2026-03-15 14:46:58 | INFO     | Route #86: 3187 2577 2997 891 70 520 2354 704 1323 853 2848 1223 505 544 2901 2033 2819 931 2600 877 2193 1139 1492 1532 || mode=vb method=sk_kmeans solver=filo2 stage=post_ls ls=pyvrp iter=1
2026-03-15 14:46:58 | INFO     | Route #87: 3134 1692 1305 287 2371 1434 1832 1779 499 2460 148 45 354 2441 337 2445 171 2146 2831 1242 2408 160 215 1685 334 1239 1356 319 1603 194 2783 1686 2617 927 99 1961 || mode=vb method=sk_kmeans solver=filo2 stage=post_ls ls=pyvrp iter=1
2026-03-15 14:46:58 | INFO     | Route #88: 290 2531 2210 604 985 1992 370 495 1892 654 1565 175 2909 487 1654 2059 2442 3005 1194 3051 447 || mode=vb method=sk_kmeans solver=filo2 stage=post_ls ls=pyvrp iter=1
2026-03-15 14:46:58 | INFO     | Route #89: 3174 605 324 3009 2615 832 2396 486 1226 997 387 2846 1100 2749 1926 1020 2022 2869 1046 104 1218 1711 1 181 369 1288 3017 2833 1914 2196 1267 1506 2791 88 2517 1782 2183 || mode=vb method=sk_kmeans solver=filo2 stage=post_ls ls=pyvrp iter=1
2026-03-15 14:46:58 | INFO     | Route #90: 968 1661 1671 1702 3116 338 868 30 173 2898 2161 366 2503 2349 843 2710 61 1307 3074 2360 466 529 784 2028 681 1313 2889 543 || mode=vb method=sk_kmeans solver=filo2 stage=post_ls ls=pyvrp iter=1
2026-03-15 14:46:58 | INFO     | Route #91: 2235 3006 707 666 812 964 2100 2232 2910 996 2827 1785 855 1662 880 1922 531 2912 2716 106 697 1429 2346 1234 3213 2880 371 3100 || mode=vb method=sk_kmeans solver=filo2 stage=post_ls ls=pyvrp iter=1
2026-03-15 14:46:58 | INFO     | Route #92: 1150 2866 304 426 1653 2705 1088 2206 2689 404 2621 2154 459 665 2613 57 1059 911 2471 2265 2854 || mode=vb method=sk_kmeans solver=filo2 stage=post_ls ls=pyvrp iter=1
2026-03-15 14:46:58 | INFO     | Route #93: 2990 1419 1628 1213 2284 2582 1375 2803 2052 861 1227 127 1512 2069 1808 1527 270 1078 3034 1294 1011 685 3 1198 2051 415 1264 || mode=vb method=sk_kmeans solver=filo2 stage=post_ls ls=pyvrp iter=1
2026-03-15 14:46:58 | INFO     | Route #94: 3218 2032 2508 2839 1863 2927 240 452 1679 1055 830 460 1296 849 2928 687 159 2817 445 1754 1033 1274 676 2262 1317 1377 || mode=vb method=sk_kmeans solver=filo2 stage=post_ls ls=pyvrp iter=1
2026-03-15 14:46:59 | INFO     | Route #95: 2270 1577 1596 2511 1178 532 2861 1604 2512 489 912 2128 1493 2681 43 3237 1348 22 558 1972 1588 405 803 3040 112 2090 1930 582 128 2045 2763 || mode=vb method=sk_kmeans solver=filo2 stage=post_ls ls=pyvrp iter=1
2026-03-15 14:46:59 | INFO     | Route #96: 1166 2741 1357 262 155 2476 995 3069 859 2078 391 93 575 2481 1915 1341 2842 1480 234 2870 3019 1648 1205 301 2113 2654 630 565 2125 || mode=vb method=sk_kmeans solver=filo2 stage=post_ls ls=pyvrp iter=1
2026-03-15 14:46:59 | INFO     | Route #97: 568 671 242 1009 1164 1280 31 3157 458 1293 1410 2168 1315 1530 3236 971 2776 28 2994 1096 21 37 146 1433 || mode=vb method=sk_kmeans solver=filo2 stage=post_ls ls=pyvrp iter=1
2026-03-15 14:46:59 | INFO     | Route #98: 2657 914 876 3231 201 2395 2229 947 1630 2140 2742 20 833 3205 2475 1056 2287 1945 3112 1724 1195 327 1666 2104 2173 723 2558 2291 2773 932 2757 || mode=vb method=sk_kmeans solver=filo2 stage=post_ls ls=pyvrp iter=1
2026-03-15 14:46:59 | INFO     | Route #99: 1905 1373 374 1544 2524 1964 1154 2491 557 133 748 3061 969 1024 1916 288 2175 3220 1147 1156 1380 150 228 2066 2744 || mode=vb method=sk_kmeans solver=filo2 stage=post_ls ls=pyvrp iter=1
2026-03-15 14:46:59 | INFO     | Route #100: 2171 2717 1996 363 2917 2583 920 3011 2343 1865 1248 2725 1061 2155 522 1474 550 1853 2799 2566 1658 1880 1872 2750 2455 1659 1175 2699 2858 2153 706 1566 455 || mode=vb method=sk_kmeans solver=filo2 stage=post_ls ls=pyvrp iter=1
2026-03-15 14:46:59 | INFO     | Route #101: 1459 172 3046 2908 1491 213 770 2492 2920 1039 2954 1938 511 268 2815 1393 390 986 1032 105 572 373 365 1157 2162 || mode=vb method=sk_kmeans solver=filo2 stage=post_ls ls=pyvrp iter=1
2026-03-15 14:46:59 | INFO     | Route #102: 170 2584 1072 2532 2097 2965 1354 437 1440 2068 2555 1292 2361 260 2806 1712 3101 2129 2677 2403 1196 1971 2298 2452 724 10 3201 211 2378 2542 2840 300 1788 1483 2999 || mode=vb method=sk_kmeans solver=filo2 stage=post_ls ls=pyvrp iter=1
2026-03-15 14:46:59 | INFO     | Route #103: 2977 2918 1399 2624 296 168 2784 2714 606 2504 2118 153 2249 1038 979 950 1262 769 361 2271 2844 2418 2796 2480 1601 2647 200 2124 2798 || mode=vb method=sk_kmeans solver=filo2 stage=post_ls ls=pyvrp iter=1
2026-03-15 14:46:59 | INFO     | Route #104: 113 2587 1251 1505 2004 15 851 2429 2120 1665 2552 850 536 537 2953 2073 2306 1978 2895 502 1331 831 342 1184 1595 2355 2522 1128 3179 2762 2406 2733 2376 2464 3090 602 2417 || mode=vb method=sk_kmeans solver=filo2 stage=post_ls ls=pyvrp iter=1
2026-03-15 14:46:59 | INFO     | Route #105: 65 2672 828 1444 1501 963 2072 1431 347 210 3077 1581 3075 1404 2748 125 2551 556 2472 2347 1115 2808 937 798 || mode=vb method=sk_kmeans solver=filo2 stage=post_ls ls=pyvrp iter=1
2026-03-15 14:46:59 | INFO     | Route #106: 3225 2302 616 2619 1224 3186 2660 867 1638 2722 381 1912 3113 2348 570 74 24 3228 3206 805 3108 2224 2425 1747 2228 1989 || mode=vb method=sk_kmeans solver=filo2 stage=post_ls ls=pyvrp iter=1
2026-03-15 14:46:59 | INFO     | Route #107: 3035 1710 629 1847 3195 856 2 660 2925 230 2794 933 2216 1541 1995 2891 3140 32 884 2086 581 2622 1856 673 63 68 865 2002 1426 3232 567 3161 3018 1338 1001 2278 2331 || mode=vb method=sk_kmeans solver=filo2 stage=post_ls ls=pyvrp iter=1
2026-03-15 14:46:59 | INFO     | Route #108: 941 2857 1741 422 2071 2851 2769 1783 2379 1534 1099 158 538 957 1359 726 2114 2482 3053 842 1364 1680 315 708 2410 14 378 90 || mode=vb method=sk_kmeans solver=filo2 stage=post_ls ls=pyvrp iter=1
2026-03-15 14:46:59 | INFO     | Route #109: 3095 428 2697 2804 3129 2205 44 2359 77 1800 2501 1349 683 3058 1876 701 1017 1994 1731 1169 942 2463 375 1787 481 1413 2515 1751 || mode=vb method=sk_kmeans solver=filo2 stage=post_ls ls=pyvrp iter=1
2026-03-15 14:46:59 | INFO     | Route #110: 1823 1008 1709 3190 1208 3166 2357 1818 3021 918 2019 2253 1507 2469 1620 339 1520 3199 1503 2500 1447 2829 2768 1058 2682 3164 827 634 1376 896 2942 2899 2375 || mode=vb method=sk_kmeans solver=filo2 stage=post_ls ls=pyvrp iter=1
2026-03-15 14:46:59 | INFO     | Route #111: 1316 23 331 754 1733 1904 780 292 1358 974 1408 854 1268 465 2275 921 2179 1755 165 863 483 2180 3064 2980 || mode=vb method=sk_kmeans solver=filo2 stage=post_ls ls=pyvrp iter=1
2026-03-15 14:46:59 | INFO     | Route #112: 1219 758 1328 1664 3141 2269 2867 1792 2777 429 652 599 1206 725 2995 1511 3079 382 527 2506 1640 2160 2650 797 1533 1152 166 394 || mode=vb method=sk_kmeans solver=filo2 stage=post_ls ls=pyvrp iter=1
2026-03-15 14:46:59 | INFO     | Route #113: 1322 574 2987 1732 972 858 450 256 87 655 2450 2529 223 2728 3178 115 2874 899 222 756 755 1734 2789 52 227 || mode=vb method=sk_kmeans solver=filo2 stage=post_ls ls=pyvrp iter=1
2026-03-15 14:46:59 | INFO     | Route #114: 1126 1592 2336 3025 2715 411 1456 1495 81 423 772 96 1545 136 2423 1443 808 2701 1371 473 1521 126 1842 2023 1869 790 1445 1901 || mode=vb method=sk_kmeans solver=filo2 stage=post_ls ls=pyvrp iter=1
2026-03-15 14:46:59 | INFO     | Route #115: 1982 1886 1347 2149 2814 1002 225 418 2188 1005 844 2993 659 2184 434 2802 71 2820 1967 736 1098 625 3091 1079 2007 2911 2390 1903 || mode=vb method=sk_kmeans solver=filo2 stage=post_ls ls=pyvrp iter=1
2026-03-15 14:46:59 | INFO     | 
2026-03-15 14:46:59 | INFO     | [BEST SOLUTION ROUTE SUMMARY]
2026-03-15 14:46:59 | INFO     | --------------------------------------------------------------------------------
2026-03-15 14:46:59 | INFO     |  115 routes | VB    | sk_kmeans       | solver=filo2      | stage=post_ls | ls=pyvrp
2026-03-15 14:46:59 | INFO     | 
2026-03-15 14:46:59 | INFO     | [ROUTE POOL SUMMARY]
2026-03-15 14:46:59 | INFO     |   116 routes | VB | sk_ac_complete | solver=filo2 | stage=post_ls | ls=pyvrp
2026-03-15 14:46:59 | INFO     |   116 routes | VB | fcm | solver=filo1 | stage=post_ls | ls=pyvrp
2026-03-15 14:46:59 | INFO     |   115 routes | VB | sk_kmeans | solver=filo2 | stage=post_ls | ls=pyvrp
2026-03-15 14:46:59 | INFO     |   111 routes | RB | sk_ac_avg | solver=pyvrp | stage=post_ls | ls=pyvrp
2026-03-15 14:46:59 | INFO     |   111 routes | RB | sk_ac_complete | solver=pyvrp | stage=post_ls | ls=pyvrp
2026-03-15 14:46:59 | INFO     |   111 routes | RB | sk_ac_avg | solver=filo1 | stage=post_ls | ls=pyvrp
2026-03-15 14:46:59 | INFO     |   101 routes | RB | sk_kmeans | solver=filo2 | stage=post_ls | ls=pyvrp
2026-03-15 14:46:59 | INFO     | [XL-n3241-k115 NO-IMPROVEMENT] best_cost=222394 | streak=6 | Gap: 0.5175%
2026-03-15 14:46:59 | INFO     | [XL-n3241-k115 ITERATION-TIMES 7] cluster=0.021s routing=3973.612s ls=172.218s total=4146.131s
2026-03-15 14:46:59 | INFO     | [XL-n3241-k115 ITERATION 8] mode=RB method=sk_kmeans k=4 solver=pyvrp ls=pyvrp
2026-03-15 14:47:01 | INFO     | [XL-n3241-k115 CLUSTER] method=sk_kmeans k=4 | sizes=[927, 649, 944, 720] | min=649 max=944 avg=810.0
2026-03-15 14:47:01 | INFO     | [XL-n3241-k115 ROUTING] Solving clusters with pyvrp
2026-03-15 15:02:17 | INFO     | [XL-n3241-k115 NO-IMPROVEMENT] best_cost=222394 | streak=7 | Gap: 0.5175%
2026-03-15 15:02:17 | INFO     | [XL-n3241-k115 ITERATION-TIMES 8] cluster=2.176s routing=684.238s ls=232.168s total=918.630s
2026-03-15 15:02:17 | INFO     | [XL-n3241-k115 ITERATION 9] mode=RB method=sk_ac_complete k=8 solver=pyvrp ls=pyvrp
2026-03-15 15:02:17 | INFO     | [XL-n3241-k115 CLUSTER] method=sk_ac_complete k=8 | sizes=[469, 957, 504, 855, 64, 55, 156, 180] | min=55 max=957 avg=405.0
2026-03-15 15:02:17 | INFO     | [XL-n3241-k115 ROUTING] Solving clusters with pyvrp
2026-03-15 15:20:06 | INFO     | [XL-n3241-k115 SCP] pruning_mode=diversity
2026-03-15 15:20:06 | INFO     | [XL-n3241-k115 SCP] solver=gurobi_mip | route_pool=1007
2026-03-15 15:20:09 | INFO     | [XL-n3241-k115 SCP] optimal solution found
2026-03-15 15:22:45 | INFO     | [XL-n3241-k115 SCP-NO-IMPROVEMENT] cost=222394 (best=222394) | Gap: 0.5175%
2026-03-15 15:22:45 | INFO     | [XL-n3241-k115 NO-IMPROVEMENT] best_cost=222394 | streak=8 | Gap: 0.5175%
2026-03-15 15:22:45 | INFO     | [XL-n3241-k115 ITERATION-TIMES 9] cluster=0.040s routing=793.635s ls=274.834s scp=159.362s total=1227.927s
2026-03-15 15:22:45 | INFO     | [XL-n3241-k115 ITERATION 10] mode=VB method=sk_ac_avg k=6 solver=pyvrp ls=pyvrp
2026-03-15 15:23:49 | INFO     | [XL-n3241-k115 CLUSTER] method=sk_ac_avg k=6 | sizes=[634, 6, 857, 2, 146, 1595] | min=2 max=1595 avg=540.0
2026-03-15 15:23:49 | INFO     | [XL-n3241-k115 ROUTING] Solving clusters with pyvrp
2026-03-15 15:38:22 | INFO     | [XL-n3241-k115 NO-IMPROVEMENT] best_cost=222394 | streak=9 | Gap: 0.5175%
2026-03-15 15:38:22 | INFO     | [XL-n3241-k115 ITERATION-TIMES 10] cluster=64.004s routing=706.733s ls=166.158s total=937.025s
2026-03-15 15:38:22 | INFO     | [XL-n3241-k115 ITERATION 11] mode=VB method=sk_ac_complete k=6 solver=filo2 ls=pyvrp
2026-03-15 15:39:19 | INFO     | [XL-n3241-k115 CLUSTER] method=sk_ac_complete k=6 | sizes=[626, 992, 536, 2, 181, 903] | min=2 max=992 avg=540.0
2026-03-15 15:39:19 | INFO     | [XL-n3241-k115 ROUTING] Solving clusters with filo2
2026-03-15 16:12:52 | INFO     | 
2026-03-15 16:12:52 | INFO     | ================================================================================
2026-03-15 16:12:52 | INFO     | [XL-n3241-k115] PERIODIC SNAPSHOT SNAPSHOT_003
2026-03-15 16:12:52 | INFO     | ================================================================================
2026-03-15 16:12:52 | INFO     | Route #1: 1095 2745 1729 981 1780 1423 1894 2401 1669 2978 823 13 515 2119 2631 1222 1204 1468 1550 2571 1993 1241 1586 2251 1764 27 2956 2248 1290 1951 2255 1984 1721 2116 3024 2667 || mode=vb method=sk_kmeans solver=filo2 stage=post_ls ls=pyvrp iter=1
2026-03-15 16:12:52 | INFO     | Route #2: 595 2924 2020 2001 776 1571 2286 443 1700 1093 2923 820 551 2811 2810 2841 1063 2675 3010 476 2152 2247 547 2147 1312 2813 1026 811 1656 || mode=vb method=sk_kmeans solver=filo2 stage=post_ls ls=pyvrp iter=1
2026-03-15 16:12:52 | INFO     | Route #3: 2573 743 2083 922 2548 965 885 336 3204 1713 767 254 2176 2634 392 3050 2747 294 1750 1256 3131 2520 2037 464 1696 2638 2285 2836 2605 2767 || mode=vb method=sk_kmeans solver=filo2 stage=post_ls ls=pyvrp iter=1
2026-03-15 16:12:52 | INFO     | Route #4: 2397 1895 806 611 2674 2296 498 1720 26 2729 991 521 56 2198 1889 325 3070 1297 3114 348 821 2581 1673 2915 140 3089 2887 2363 5 3082 1396 2693 3083 1109 1455 82 || mode=vb method=sk_kmeans solver=filo2 stage=post_ls ls=pyvrp iter=1
2026-03-15 16:12:52 | INFO     | Route #5: 55 915 2438 1980 1374 1397 2227 3154 1207 735 251 1401 2264 349 1238 1129 2893 1540 3027 1065 1030 3004 2855 2516 208 2121 1452 3054 658 2828 2465 2588 2528 1719 564 2461 || mode=vb method=sk_kmeans solver=filo2 stage=post_ls ls=pyvrp iter=1
2026-03-15 16:12:52 | INFO     | Route #6: 1687 129 11 1576 1637 1386 2470 2192 2322 1784 2616 749 691 1282 501 1424 3208 2626 1799 3229 637 1336 1691 2111 722 317 308 2964 1560 2462 2945 1230 253 || mode=vb method=sk_kmeans solver=filo2 stage=post_ls ls=pyvrp iter=1
2026-03-15 16:12:52 | INFO     | Route #7: 2074 1633 848 2159 233 1806 3142 3135 2233 2521 1748 3020 1523 705 2220 197 183 1127 1462 2430 1498 504 1472 1149 1762 137 1394 || mode=vb method=sk_kmeans solver=filo2 stage=post_ls ls=pyvrp iter=1
2026-03-15 16:12:52 | INFO     | Route #8: 1825 1010 1381 1489 901 1693 1022 2288 1695 1752 664 1101 2961 928 1391 2766 893 1809 3124 2643 1209 2969 2370 132 1906 1174 839 || mode=vb method=sk_kmeans solver=filo2 stage=post_ls ls=pyvrp iter=1
2026-03-15 16:12:52 | INFO     | Route #9: 1774 840 84 953 1703 1936 2755 2931 1285 2437 1925 2610 962 591 2042 2823 1849 2943 274 1947 1919 472 2712 661 1416 1615 1509 1959 959 2933 393 2570 161 || mode=vb method=sk_kmeans solver=filo2 stage=post_ls ls=pyvrp iter=1
2026-03-15 16:12:52 | INFO     | Route #10: 477 1556 216 2963 1185 677 2575 2169 2488 2167 782 83 2195 2238 759 680 895 3039 1188 983 1833 2138 16 2163 3072 1614 1609 2456 2564 3099 1125 717 || mode=vb method=sk_kmeans solver=filo2 stage=post_ls ls=pyvrp iter=1
2026-03-15 16:12:52 | INFO     | Route #11: 245 1233 3098 593 131 1690 669 549 1111 3092 1575 711 3001 1117 2350 617 238 1627 2900 585 2826 1920 613 2057 1490 2632 2139 815 || mode=vb method=sk_kmeans solver=filo2 stage=post_ls ls=pyvrp iter=1
2026-03-15 16:12:52 | INFO     | Route #12: 2309 47 95 2060 2039 50 180 1655 236 2433 1737 252 164 282 289 534 279 730 729 320 1425 1496 247 1034 2875 2054 2081 1414 || mode=vb method=sk_kmeans solver=filo2 stage=post_ls ls=pyvrp iter=1
2026-03-15 16:12:52 | INFO     | Route #13: 2553 2751 2683 1484 2053 250 1343 2686 2018 2772 2935 1570 732 9 2201 2207 2505 406 597 889 2243 2637 2599 1621 1861 69 1029 || mode=vb method=sk_kmeans solver=filo2 stage=post_ls ls=pyvrp iter=1
2026-03-15 16:12:52 | INFO     | Route #14: 1228 2973 436 2759 733 2181 1370 1475 955 1723 819 2709 1522 3224 2003 2380 446 2063 526 379 || mode=vb method=sk_kmeans solver=filo2 stage=post_ls ls=pyvrp iter=1
2026-03-15 16:12:52 | INFO     | Route #15: 3223 326 1047 682 2955 353 1962 2872 2760 1955 456 1777 651 2327 1626 2635 2170 1110 2787 2272 2333 643 2885 1753 2218 || mode=vb method=sk_kmeans solver=filo2 stage=post_ls ls=pyvrp iter=1
2026-03-15 16:12:52 | INFO     | Route #16: 1667 1716 409 949 1921 2312 89 721 1508 1514 2691 2958 1985 1342 738 1043 1949 2989 1361 145 2087 1003 2075 || mode=vb method=sk_kmeans solver=filo2 stage=post_ls ls=pyvrp iter=1
2026-03-15 16:12:52 | INFO     | Route #17: 461 246 1133 2367 41 2694 42 130 512 462 108 297 1826 1763 1998 1346 413 1932 1284 3032 1652 535 802 2099 2601 463 2268 2420 952 2940 3094 || mode=vb method=sk_kmeans solver=filo2 stage=post_ls ls=pyvrp iter=1
2026-03-15 16:12:52 | INFO     | Route #18: 525 883 2164 2422 1309 2273 2307 1839 451 2416 699 142 3222 2245 1629 1335 277 804 1330 1291 357 1187 2266 2058 457 1395 1155 217 2879 2916 2752 || mode=vb method=sk_kmeans solver=filo2 stage=post_ls ls=pyvrp iter=1
2026-03-15 16:12:52 | INFO     | Route #19: 2881 2317 1306 3103 2237 2351 2957 67 1940 1939 2458 1543 111 2950 1499 2607 3037 1735 967 1871 2720 18 890 || mode=vb method=sk_kmeans solver=filo2 stage=post_ls ls=pyvrp iter=1
2026-03-15 16:12:52 | INFO     | Route #20: 1997 592 2557 2941 1086 1643 2561 2204 2446 3171 2493 1647 1301 826 888 2864 2726 2765 427 2252 3153 2926 163 618 1773 3210 2527 1502 622 || mode=vb method=sk_kmeans solver=filo2 stage=post_ls ls=pyvrp iter=1
2026-03-15 16:12:52 | INFO     | Route #21: 143 2499 2290 1478 1015 1830 3031 1225 1428 310 571 609 1518 1524 2572 2109 3059 1436 2404 1641 40 3160 484 1403 1052 1584 2678 2409 632 1076 2668 || mode=vb method=sk_kmeans solver=filo2 stage=post_ls ls=pyvrp iter=1
2026-03-15 16:12:52 | INFO     | Route #22: 645 441 961 3182 1642 2727 318 117 760 2545 1681 1252 2792 2451 2341 1172 503 2547 2267 2468 2966 2988 6 1778 469 623 || mode=vb method=sk_kmeans solver=filo2 stage=post_ls ls=pyvrp iter=1
2026-03-15 16:12:52 | INFO     | Route #23: 139 3036 3146 695 1122 2094 1392 1701 2030 255 1593 1012 976 2005 204 1781 2157 836 190 1675 1044 2896 2665 || mode=vb method=sk_kmeans solver=filo2 stage=post_ls ls=pyvrp iter=1
2026-03-15 16:12:52 | INFO     | Route #24: 2603 2930 2554 1776 1333 1451 2807 1854 1108 834 1840 2614 686 2328 2519 3235 2876 1465 3183 638 2156 299 351 1743 1910 || mode=vb method=sk_kmeans solver=filo2 stage=post_ls ls=pyvrp iter=1
2026-03-15 16:12:52 | INFO     | Route #25: 2435 2526 1388 1135 2708 2859 1384 919 1160 1616 924 2604 1329 610 412 496 203 2790 1935 586 1554 987 1422 1798 1563 1526 663 1803 2779 3198 || mode=vb method=sk_kmeans solver=filo2 stage=post_ls ls=pyvrp iter=1
2026-03-15 16:12:52 | INFO     | Route #26: 1975 1838 3170 2258 1580 2330 1212 2165 1536 2543 38 3044 872 2178 2838 2907 2133 3097 492 1303 306 2300 2106 2174 1822 1744 539 2821 1749 2932 || mode=vb method=sk_kmeans solver=filo2 stage=post_ls ls=pyvrp iter=1
2026-03-15 16:12:52 | INFO     | Route #27: 559 1177 633 1746 1973 563 1028 219 774 1071 2753 321 396 698 2498 958 359 3133 377 684 1470 3000 193 2706 3081 787 || mode=vb method=sk_kmeans solver=filo2 stage=post_ls ls=pyvrp iter=1
2026-03-15 16:12:52 | INFO     | Route #28: 1883 2142 507 474 1635 2684 3123 1352 478 352 1789 624 900 138 1539 1538 2046 1958 508 2649 3127 1968 2077 80 1407 2261 221 2509 1259 454 2282 2946 || mode=vb method=sk_kmeans solver=filo2 stage=post_ls ls=pyvrp iter=1
2026-03-15 16:12:52 | INFO     | Route #29: 2301 1913 157 2611 845 2949 513 916 909 1625 2609 2822 1585 1988 76 2041 860 401 2478 2596 2089 1797 1454 1337 3165 || mode=vb method=sk_kmeans solver=filo2 stage=post_ls ls=pyvrp iter=1
2026-03-15 16:12:52 | INFO     | Route #30: 3196 188 506 1203 2756 235 3033 2623 1631 2497 91 48 1870 416 796 430 1114 1471 1355 295 2630 449 2236 2676 2215 2254 2190 1053 2948 2845 1841 1873 3049 || mode=vb method=sk_kmeans solver=filo2 stage=post_ls ls=pyvrp iter=1
2026-03-15 16:12:52 | INFO     | Route #31: 1954 1767 1757 841 261 577 269 1606 147 3175 2998 852 1382 807 2112 734 103 1568 2117 2382 433 1758 1705 590 448 3209 376 1874 || mode=vb method=sk_kmeans solver=filo2 stage=post_ls ls=pyvrp iter=1
2026-03-15 16:12:52 | INFO     | Route #32: 3193 3078 323 898 273 2466 2027 2467 1021 2884 509 2824 934 1969 2056 3128 2457 1437 1597 2187 2486 1299 2055 2076 2873 1824 1006 1466 2344 793 694 1137 3045 || mode=vb method=sk_kmeans solver=filo2 stage=post_ls ls=pyvrp iter=1
2026-03-15 16:12:52 | INFO     | Route #33: 2702 2937 1324 2070 3194 1275 1081 2150 2983 1132 2415 1852 1943 177 1367 1887 2671 1561 2919 280 2974 2199 151 2208 1411 1123 1632 2340 1736 || mode=vb method=sk_kmeans solver=filo2 stage=post_ls ls=pyvrp iter=1
2026-03-15 16:12:52 | INFO     | Route #34: 1552 2280 866 1130 2860 92 1244 2991 992 439 2853 647 693 2738 1981 765 1651 344 583 1815 440 1192 2865 1812 1775 491 340 1217 2257 || mode=vb method=sk_kmeans solver=filo2 stage=post_ls ls=pyvrp iter=1
2026-03-15 16:12:52 | INFO     | Route #35: 2892 1816 1697 3062 3007 386 2598 1200 1146 1441 1602 2589 1167 2014 2535 1623 728 2627 3105 2222 2082 267 1548 970 3111 1332 1427 3180 2723 917 || mode=vb method=sk_kmeans solver=filo2 stage=post_ls ls=pyvrp iter=1
2026-03-15 16:12:52 | INFO     | Route #36: 1148 761 1956 948 2541 283 1715 3106 1389 881 2316 943 905 1018 178 2653 1946 1131 2387 662 316 302 1473 || mode=vb method=sk_kmeans solver=filo2 stage=post_ls ls=pyvrp iter=1
2026-03-15 16:12:52 | INFO     | Route #37: 3212 435 1583 3200 1173 2735 1646 2495 3240 561 2518 1229 2976 1124 1634 742 1420 555 902 690 578 2550 771 2029 3189 2507 1286 1834 493 3096 3003 || mode=vb method=sk_kmeans solver=filo2 stage=post_ls ls=pyvrp iter=1
2026-03-15 16:12:52 | INFO     | Route #38: 1121 1933 879 2646 626 1406 1112 444 400 2666 202 1950 2010 763 2484 3076 1325 1398 3013 1073 3043 2009 3126 1795 || mode=vb method=sk_kmeans solver=filo2 stage=post_ls ls=pyvrp iter=1
2026-03-15 16:12:52 | INFO     | Route #39: 2223 1141 480 226 2530 2212 857 1769 716 2586 2758 994 1875 2424 494 2105 3085 1937 275 936 1271 596 2325 2606 || mode=vb method=sk_kmeans solver=filo2 stage=post_ls ls=pyvrp iter=1
2026-03-15 16:12:52 | INFO     | Route #40: 1814 1214 3042 1649 109 3093 545 149 2362 2713 984 1676 311 615 328 667 1481 2664 1794 2761 1900 1278 2200 78 1257 1265 350 1899 2295 2062 100 || mode=vb method=sk_kmeans solver=filo2 stage=post_ls ls=pyvrp iter=1
2026-03-15 16:12:52 | INFO     | Route #41: 2981 3066 907 1273 2692 764 330 356 2939 1339 1663 35 2590 2843 1442 2426 2642 3067 1287 1138 || mode=vb method=sk_kmeans solver=filo2 stage=post_ls ls=pyvrp iter=1
2026-03-15 16:12:52 | INFO     | Route #42: 2141 2830 1304 835 2283 1494 2883 123 2832 795 2044 272 2320 1276 1068 2731 3158 1104 12 2633 2011 528 727 3144 818 3030 2434 || mode=vb method=sk_kmeans solver=filo2 stage=post_ls ls=pyvrp iter=1
2026-03-15 16:12:52 | INFO     | Route #43: 341 1383 2214 640 1924 1314 179 420 2719 639 656 757 482 1983 913 1116 714 1858 1857 3068 3065 768 636 1928 1390 || mode=vb method=sk_kmeans solver=filo2 stage=post_ls ls=pyvrp iter=1
2026-03-15 16:12:52 | INFO     | Route #44: 2921 3016 2788 1704 2134 2297 1793 696 3239 1037 66 1488 2311 1042 2670 1728 1573 1253 1190 1510 2439 2795 1089 1269 1644 2496 688 2774 2412 945 || mode=vb method=sk_kmeans solver=filo2 stage=post_ls ls=pyvrp iter=1
2026-03-15 16:12:52 | INFO     | Route #45: 1165 3060 573 2568 1765 792 2662 1279 2970 2513 2565 3002 980 702 1772 657 1458 2721 1639 397 2084 2374 1074 1118 1722 1931 1578 518 2734 642 || mode=vb method=sk_kmeans solver=filo2 stage=post_ls ls=pyvrp iter=1
2026-03-15 16:12:52 | INFO     | Route #46: 1907 2383 97 1353 2934 1035 1600 2951 2780 1232 2259 2569 2711 2563 1240 2556 1598 101 114 2185 3172 2123 785 3125 1327 864 2996 1027 || mode=vb method=sk_kmeans solver=filo2 stage=post_ls ls=pyvrp iter=1
2026-03-15 16:12:52 | INFO     | Route #47: 1759 8 398 2778 1859 588 719 1216 1477 156 1254 2724 1077 1487 809 1351 196 1567 1199 1860 2906 1848 2314 3147 2304 2849 2389 874 1819 || mode=vb method=sk_kmeans solver=filo2 stage=post_ls ls=pyvrp iter=1
2026-03-15 16:12:52 | INFO     | Route #48: 485 1479 2043 2289 25 1113 1446 1221 1025 1334 1400 2337 3107 167 988 1435 2984 218 737 191 2732 1516 258 2641 || mode=vb method=sk_kmeans solver=filo2 stage=post_ls ls=pyvrp iter=1
2026-03-15 16:12:52 | INFO     | Route #49: 824 2166 2352 174 3029 1786 894 2740 1449 1851 514 2656 1569 1320 2246 2644 2108 3177 2092 1698 1270 402 1014 || mode=vb method=sk_kmeans solver=filo2 stage=post_ls ls=pyvrp iter=1
2026-03-15 16:12:52 | INFO     | Route #50: 2549 892 1162 870 144 3120 51 1186 1106 1048 1497 712 925 241 2602 1405 94 956 3217 2856 2914 1201 2591 3238 298 2038 2126 || mode=vb method=sk_kmeans solver=filo2 stage=post_ls ls=pyvrp iter=1
2026-03-15 16:12:52 | INFO     | Route #51: 1813 29 3014 718 2947 2303 631 2483 1180 2453 710 1272 1717 2597 1579 2447 1622 2049 1311 1075 2886 1007 2905 2444 2067 2960 2372 2399 2050 794 837 154 || mode=vb method=sk_kmeans solver=filo2 stage=post_ls ls=pyvrp iter=1
2026-03-15 16:12:52 | INFO     | Route #52: 3192 709 185 3119 3048 906 1378 3159 2334 2313 1796 281 2276 2913 993 3015 3203 1417 438 3122 1170 2323 747 2868 2021 345 || mode=vb method=sk_kmeans solver=filo2 stage=post_ls ls=pyvrp iter=1
2026-03-15 16:12:52 | INFO     | Route #53: 2394 1855 263 214 2048 982 368 421 2407 541 1295 644 1302 1683 184 960 3167 346 2540 871 1884 || mode=vb method=sk_kmeans solver=filo2 stage=post_ls ls=pyvrp iter=1
2026-03-15 16:12:52 | INFO     | Route #54: 1120 2411 1977 2454 1515 1260 2743 750 271 231 875 2368 1594 118 3102 2544 3169 594 17 775 1739 205 1589 1976 1559 2431 1942 1657 329 || mode=vb method=sk_kmeans solver=filo2 stage=post_ls ls=pyvrp iter=1
2026-03-15 16:12:52 | INFO     | Route #55: 36 1525 2510 2975 60 1263 1319 2764 1243 2310 1618 2101 1694 1237 3191 3026 98 488 1890 2936 584 674 1599 910 62 || mode=vb method=sk_kmeans solver=filo2 stage=post_ls ls=pyvrp iter=1
2026-03-15 16:12:52 | INFO     | Route #56: 424 2986 966 2636 2213 1678 2538 1517 2562 2579 2736 777 1057 2877 497 1151 1670 2381 1850 134 1004 3012 1340 367 3145 607 2230 209 || mode=vb method=sk_kmeans solver=filo2 stage=post_ls ls=pyvrp iter=1
2026-03-15 16:12:52 | INFO     | Route #57: 2324 224 1811 1250 1923 1547 619 2938 641 3185 923 1896 1897 3216 739 1991 229 1934 1574 1202 408 2191 1805 2525 116 1486 || mode=vb method=sk_kmeans solver=filo2 stage=post_ls ls=pyvrp iter=1
2026-03-15 16:12:52 | INFO     | Route #58: 1097 752 789 1448 1535 239 1368 1369 566 1864 2696 3136 2894 3155 3152 517 490 2477 715 2537 2240 1266 1168 3023 552 2421 2628 || mode=vb method=sk_kmeans solver=filo2 stage=post_ls ls=pyvrp iter=1
2026-03-15 16:12:52 | INFO     | Route #59: 1372 1674 788 2107 1412 1438 2800 2818 753 516 1467 1619 303 2929 1927 2679 3086 2008 2448 2594 3052 1246 2539 || mode=vb method=sk_kmeans solver=filo2 stage=post_ls ls=pyvrp iter=1
2026-03-15 16:12:52 | INFO     | Route #60: 2473 1283 364 3087 1105 2345 1145 2560 1756 2017 608 2061 614 58 740 3139 1281 1031 1587 1827 2903 1608 2487 2580 1247 189 2202 || mode=vb method=sk_kmeans solver=filo2 stage=post_ls ls=pyvrp iter=1
2026-03-15 16:12:52 | INFO     | Route #61: 124 1066 2419 1612 2239 257 2746 2707 2680 1084 2968 186 703 2085 2319 1040 1917 3176 2850 169 587 1080 1051 2136 39 276 2263 85 102 2576 || mode=vb method=sk_kmeans solver=filo2 stage=post_ls ls=pyvrp iter=1
2026-03-15 16:12:52 | INFO     | Route #62: 467 2944 553 2771 248 264 1714 589 3156 1617 846 2812 1835 73 1845 1064 1804 2658 2143 2080 || mode=vb method=sk_kmeans solver=filo2 stage=post_ls ls=pyvrp iter=1
2026-03-15 16:12:52 | INFO     | Route #63: 1013 3088 1844 54 417 904 1706 1707 817 2384 2414 1019 2523 2645 1191 2459 2801 2234 1768 2281 1562 453 2502 395 1866 1902 107 4 2098 825 1360 2338 1891 2405 2035 2782 || mode=vb method=sk_kmeans solver=filo2 stage=post_ls ls=pyvrp iter=1
2026-03-15 16:12:52 | INFO     | Route #64: 3073 751 1878 2612 1062 1300 343 3055 2704 653 882 2294 403 2428 975 2132 2025 1430 939 2305 2315 612 2618 1846 1650 2385 383 || mode=vb method=sk_kmeans solver=filo2 stage=post_ls ls=pyvrp iter=1
2026-03-15 16:12:52 | INFO     | Route #65: 2489 2402 162 2013 2293 800 1672 1828 1979 1918 249 2064 3163 2036 2093 2574 360 779 2578 470 2274 600 || mode=vb method=sk_kmeans solver=filo2 stage=post_ls ls=pyvrp iter=1
2026-03-15 16:12:52 | INFO     | Route #66: 1450 152 2962 1591 886 1060 2040 1220 548 278 1909 2130 1529 1727 2172 182 75 1181 781 1862 746 783 335 2135 3008 2608 || mode=vb method=sk_kmeans solver=filo2 stage=post_ls ls=pyvrp iter=1
2026-03-15 16:12:52 | INFO     | Route #67: 2277 2373 2127 332 3080 2863 2189 3109 2793 1326 3038 1469 2427 1321 810 2700 954 2690 741 1911 2065 1613 362 2882 829 3234 1016 635 || mode=vb method=sk_kmeans solver=filo2 stage=post_ls ls=pyvrp iter=1
2026-03-15 16:12:52 | INFO     | Route #68: 2137 220 2244 1564 1461 554 385 2335 2559 3071 731 1387 1624 199 3221 1310 1485 3227 2377 2718 399 284 745 79 2959 2688 999 978 2593 908 2739 3233 1893 || mode=vb method=sk_kmeans solver=filo2 stage=post_ls ls=pyvrp iter=1
2026-03-15 16:12:52 | INFO     | Route #69: 1957 1215 1134 1843 1402 1986 540 2805 1023 1107 646 1464 3041 1432 206 1970 1999 2047 1249 847 1867 2358 2221 59 || mode=vb method=sk_kmeans solver=filo2 stage=post_ls ls=pyvrp iter=1
2026-03-15 16:12:52 | INFO     | Route #70: 2825 2449 2144 1482 692 1837 2088 1091 791 2979 1083 1801 414 3137 1677 689 1463 3028 1879 388 2567 1802 135 2024 3057 1636 || mode=vb method=sk_kmeans solver=filo2 stage=post_ls ls=pyvrp iter=1
2026-03-15 16:12:52 | INFO     | Route #71: 2754 926 3143 380 265 838 813 2299 1572 2012 419 1159 1611 1725 1210 2256 2536 2332 2888 3226 1682 322 431 1987 2231 1189 1163 2534 1557 1953 3063 1090 601 1362 || mode=vb method=sk_kmeans solver=filo2 stage=post_ls ls=pyvrp iter=1
2026-03-15 16:12:52 | INFO     | Route #72: 3202 432 1820 744 1761 314 579 1877 951 2585 2816 620 3173 2479 3110 2242 2834 407 1261 2835 2809 675 3214 || mode=vb method=sk_kmeans solver=filo2 stage=post_ls ls=pyvrp iter=1
2026-03-15 16:12:52 | INFO     | Route #73: 3132 1730 2485 313 2031 1948 119 2490 2393 121 1504 1941 2388 1974 192 1453 519 2661 929 1791 3056 1790 2329 672 3162 2326 2260 2971 3211 1255 || mode=vb method=sk_kmeans solver=filo2 stage=post_ls ls=pyvrp iter=1
2026-03-15 16:12:52 | INFO     | Route #74: 307 1161 2533 475 1092 1350 1558 2308 358 266 2494 2369 930 773 650 3118 1094 1519 1689 648 2669 2904 2902 1513 2203 49 1258 546 1036 2972 670 1136 2546 3115 || mode=vb method=sk_kmeans solver=filo2 stage=post_ls ls=pyvrp iter=1
2026-03-15 16:12:52 | INFO     | Route #75: 998 1718 1102 500 1211 2006 801 1158 1153 1952 3138 1087 1182 2241 1888 542 2356 34 2432 1500 410 1542 569 1537 1745 940 533 1590 3022 713 1085 212 679 || mode=vb method=sk_kmeans solver=filo2 stage=post_ls ls=pyvrp iter=1
2026-03-15 16:12:52 | INFO     | Route #76: 471 293 2217 2514 3148 1418 1385 1908 176 530 2250 3184 2698 2219 1738 1082 2922 2862 1898 468 1610 3230 1144 576 627 2687 2651 86 1143 1881 || mode=vb method=sk_kmeans solver=filo2 stage=post_ls ls=pyvrp iter=1
2026-03-15 16:12:52 | INFO     | Route #77: 1363 799 1140 2110 2000 309 862 903 2982 442 312 2592 384 2096 243 1318 1766 562 869 2413 1831 3121 || mode=vb method=sk_kmeans solver=filo2 stage=post_ls ls=pyvrp iter=1
2026-03-15 16:12:52 | INFO     | Route #78: 195 291 1345 1708 1476 1067 1528 1054 1197 1740 2652 2095 2158 1409 1176 2015 990 1531 1699 766 2209 1944 2102 2673 2992 3219 989 822 1236 2737 3047 2952 285 || mode=vb method=sk_kmeans solver=filo2 stage=post_ls ls=pyvrp iter=1
2026-03-15 16:12:52 | INFO     | Route #79: 1546 887 1000 720 1439 64 523 1049 2852 814 2211 259 2695 1990 1770 2115 1807 1344 2177 621 2026 7 372 1836 1817 3197 || mode=vb method=sk_kmeans solver=filo2 stage=post_ls ls=pyvrp iter=1
2026-03-15 16:12:52 | INFO     | Route #80: 1771 207 1821 2785 3215 1607 3150 2186 678 333 2781 2398 878 1829 1183 1142 1050 2985 1457 1960 1688 598 2703 2151 2182 || mode=vb method=sk_kmeans solver=filo2 stage=post_ls ls=pyvrp iter=1
2026-03-15 16:12:52 | INFO     | Route #81: 2474 2440 2595 2197 2365 510 389 53 1684 2436 2016 580 2620 1460 1660 1882 3084 2103 1645 3207 1231 1810 2292 3104 479 668 2837 2775 2339 2391 1235 || mode=vb method=sk_kmeans solver=filo2 stage=post_ls ls=pyvrp iter=1
2026-03-15 16:12:52 | INFO     | Route #82: 1582 2443 1551 2279 603 649 1171 1553 938 46 816 286 1041 33 1668 1277 2629 2663 560 2685 3168 2145 355 122 778 1069 1549 19 1868 3130 1379 2871 1179 || mode=vb method=sk_kmeans solver=filo2 stage=post_ls ls=pyvrp iter=1
2026-03-15 16:12:52 | INFO     | Route #83: 1103 3151 1421 2122 1966 2091 2625 2364 3181 1726 977 237 1760 3117 1929 1555 2131 1193 2353 3149 72 1366 141 944 3188 1045 2386 762 1298 || mode=vb method=sk_kmeans solver=filo2 stage=post_ls ls=pyvrp iter=1
2026-03-15 16:12:52 | INFO     | Route #84: 873 2226 1742 1965 244 2730 1415 425 2770 2890 2079 232 2318 2878 2897 1070 1365 946 524 973 2847 1963 1308 2225 2786 935 || mode=vb method=sk_kmeans solver=filo2 stage=post_ls ls=pyvrp iter=1
2026-03-15 16:12:52 | INFO     | Route #85: 2648 2659 2366 1245 786 897 2034 2640 2148 1289 1605 2797 628 2392 700 2342 2194 2655 1885 305 2400 2321 120 187 1119 198 2967 110 2639 || mode=vb method=sk_kmeans solver=filo2 stage=post_ls ls=pyvrp iter=1
2026-03-15 16:12:52 | INFO     | Route #86: 3187 2577 2997 891 70 520 2354 704 1323 853 2848 1223 505 544 2901 2033 2819 931 2600 877 2193 1139 1492 1532 || mode=vb method=sk_kmeans solver=filo2 stage=post_ls ls=pyvrp iter=1
2026-03-15 16:12:52 | INFO     | Route #87: 3134 1692 1305 287 2371 1434 1832 1779 499 2460 148 45 354 2441 337 2445 171 2146 2831 1242 2408 160 215 1685 334 1239 1356 319 1603 194 2783 1686 2617 927 99 1961 || mode=vb method=sk_kmeans solver=filo2 stage=post_ls ls=pyvrp iter=1
2026-03-15 16:12:52 | INFO     | Route #88: 290 2531 2210 604 985 1992 370 495 1892 654 1565 175 2909 487 1654 2059 2442 3005 1194 3051 447 || mode=vb method=sk_kmeans solver=filo2 stage=post_ls ls=pyvrp iter=1
2026-03-15 16:12:52 | INFO     | Route #89: 3174 605 324 3009 2615 832 2396 486 1226 997 387 2846 1100 2749 1926 1020 2022 2869 1046 104 1218 1711 1 181 369 1288 3017 2833 1914 2196 1267 1506 2791 88 2517 1782 2183 || mode=vb method=sk_kmeans solver=filo2 stage=post_ls ls=pyvrp iter=1
2026-03-15 16:12:52 | INFO     | Route #90: 968 1661 1671 1702 3116 338 868 30 173 2898 2161 366 2503 2349 843 2710 61 1307 3074 2360 466 529 784 2028 681 1313 2889 543 || mode=vb method=sk_kmeans solver=filo2 stage=post_ls ls=pyvrp iter=1
2026-03-15 16:12:52 | INFO     | Route #91: 2235 3006 707 666 812 964 2100 2232 2910 996 2827 1785 855 1662 880 1922 531 2912 2716 106 697 1429 2346 1234 3213 2880 371 3100 || mode=vb method=sk_kmeans solver=filo2 stage=post_ls ls=pyvrp iter=1
2026-03-15 16:12:52 | INFO     | Route #92: 1150 2866 304 426 1653 2705 1088 2206 2689 404 2621 2154 459 665 2613 57 1059 911 2471 2265 2854 || mode=vb method=sk_kmeans solver=filo2 stage=post_ls ls=pyvrp iter=1
2026-03-15 16:12:52 | INFO     | Route #93: 2990 1419 1628 1213 2284 2582 1375 2803 2052 861 1227 127 1512 2069 1808 1527 270 1078 3034 1294 1011 685 3 1198 2051 415 1264 || mode=vb method=sk_kmeans solver=filo2 stage=post_ls ls=pyvrp iter=1
2026-03-15 16:12:52 | INFO     | Route #94: 3218 2032 2508 2839 1863 2927 240 452 1679 1055 830 460 1296 849 2928 687 159 2817 445 1754 1033 1274 676 2262 1317 1377 || mode=vb method=sk_kmeans solver=filo2 stage=post_ls ls=pyvrp iter=1
2026-03-15 16:12:52 | INFO     | Route #95: 2270 1577 1596 2511 1178 532 2861 1604 2512 489 912 2128 1493 2681 43 3237 1348 22 558 1972 1588 405 803 3040 112 2090 1930 582 128 2045 2763 || mode=vb method=sk_kmeans solver=filo2 stage=post_ls ls=pyvrp iter=1
2026-03-15 16:12:52 | INFO     | Route #96: 1166 2741 1357 262 155 2476 995 3069 859 2078 391 93 575 2481 1915 1341 2842 1480 234 2870 3019 1648 1205 301 2113 2654 630 565 2125 || mode=vb method=sk_kmeans solver=filo2 stage=post_ls ls=pyvrp iter=1
2026-03-15 16:12:52 | INFO     | Route #97: 568 671 242 1009 1164 1280 31 3157 458 1293 1410 2168 1315 1530 3236 971 2776 28 2994 1096 21 37 146 1433 || mode=vb method=sk_kmeans solver=filo2 stage=post_ls ls=pyvrp iter=1
2026-03-15 16:12:52 | INFO     | Route #98: 2657 914 876 3231 201 2395 2229 947 1630 2140 2742 20 833 3205 2475 1056 2287 1945 3112 1724 1195 327 1666 2104 2173 723 2558 2291 2773 932 2757 || mode=vb method=sk_kmeans solver=filo2 stage=post_ls ls=pyvrp iter=1
2026-03-15 16:12:52 | INFO     | Route #99: 1905 1373 374 1544 2524 1964 1154 2491 557 133 748 3061 969 1024 1916 288 2175 3220 1147 1156 1380 150 228 2066 2744 || mode=vb method=sk_kmeans solver=filo2 stage=post_ls ls=pyvrp iter=1
2026-03-15 16:12:52 | INFO     | Route #100: 2171 2717 1996 363 2917 2583 920 3011 2343 1865 1248 2725 1061 2155 522 1474 550 1853 2799 2566 1658 1880 1872 2750 2455 1659 1175 2699 2858 2153 706 1566 455 || mode=vb method=sk_kmeans solver=filo2 stage=post_ls ls=pyvrp iter=1
2026-03-15 16:12:52 | INFO     | Route #101: 1459 172 3046 2908 1491 213 770 2492 2920 1039 2954 1938 511 268 2815 1393 390 986 1032 105 572 373 365 1157 2162 || mode=vb method=sk_kmeans solver=filo2 stage=post_ls ls=pyvrp iter=1
2026-03-15 16:12:52 | INFO     | Route #102: 170 2584 1072 2532 2097 2965 1354 437 1440 2068 2555 1292 2361 260 2806 1712 3101 2129 2677 2403 1196 1971 2298 2452 724 10 3201 211 2378 2542 2840 300 1788 1483 2999 || mode=vb method=sk_kmeans solver=filo2 stage=post_ls ls=pyvrp iter=1
2026-03-15 16:12:52 | INFO     | Route #103: 2977 2918 1399 2624 296 168 2784 2714 606 2504 2118 153 2249 1038 979 950 1262 769 361 2271 2844 2418 2796 2480 1601 2647 200 2124 2798 || mode=vb method=sk_kmeans solver=filo2 stage=post_ls ls=pyvrp iter=1
2026-03-15 16:12:52 | INFO     | Route #104: 113 2587 1251 1505 2004 15 851 2429 2120 1665 2552 850 536 537 2953 2073 2306 1978 2895 502 1331 831 342 1184 1595 2355 2522 1128 3179 2762 2406 2733 2376 2464 3090 602 2417 || mode=vb method=sk_kmeans solver=filo2 stage=post_ls ls=pyvrp iter=1
2026-03-15 16:12:52 | INFO     | Route #105: 65 2672 828 1444 1501 963 2072 1431 347 210 3077 1581 3075 1404 2748 125 2551 556 2472 2347 1115 2808 937 798 || mode=vb method=sk_kmeans solver=filo2 stage=post_ls ls=pyvrp iter=1
2026-03-15 16:12:52 | INFO     | Route #106: 3225 2302 616 2619 1224 3186 2660 867 1638 2722 381 1912 3113 2348 570 74 24 3228 3206 805 3108 2224 2425 1747 2228 1989 || mode=vb method=sk_kmeans solver=filo2 stage=post_ls ls=pyvrp iter=1
2026-03-15 16:12:52 | INFO     | Route #107: 3035 1710 629 1847 3195 856 2 660 2925 230 2794 933 2216 1541 1995 2891 3140 32 884 2086 581 2622 1856 673 63 68 865 2002 1426 3232 567 3161 3018 1338 1001 2278 2331 || mode=vb method=sk_kmeans solver=filo2 stage=post_ls ls=pyvrp iter=1
2026-03-15 16:12:52 | INFO     | Route #108: 941 2857 1741 422 2071 2851 2769 1783 2379 1534 1099 158 538 957 1359 726 2114 2482 3053 842 1364 1680 315 708 2410 14 378 90 || mode=vb method=sk_kmeans solver=filo2 stage=post_ls ls=pyvrp iter=1
2026-03-15 16:12:52 | INFO     | Route #109: 3095 428 2697 2804 3129 2205 44 2359 77 1800 2501 1349 683 3058 1876 701 1017 1994 1731 1169 942 2463 375 1787 481 1413 2515 1751 || mode=vb method=sk_kmeans solver=filo2 stage=post_ls ls=pyvrp iter=1
2026-03-15 16:12:52 | INFO     | Route #110: 1823 1008 1709 3190 1208 3166 2357 1818 3021 918 2019 2253 1507 2469 1620 339 1520 3199 1503 2500 1447 2829 2768 1058 2682 3164 827 634 1376 896 2942 2899 2375 || mode=vb method=sk_kmeans solver=filo2 stage=post_ls ls=pyvrp iter=1
2026-03-15 16:12:52 | INFO     | Route #111: 1316 23 331 754 1733 1904 780 292 1358 974 1408 854 1268 465 2275 921 2179 1755 165 863 483 2180 3064 2980 || mode=vb method=sk_kmeans solver=filo2 stage=post_ls ls=pyvrp iter=1
2026-03-15 16:12:52 | INFO     | Route #112: 1219 758 1328 1664 3141 2269 2867 1792 2777 429 652 599 1206 725 2995 1511 3079 382 527 2506 1640 2160 2650 797 1533 1152 166 394 || mode=vb method=sk_kmeans solver=filo2 stage=post_ls ls=pyvrp iter=1
2026-03-15 16:12:52 | INFO     | Route #113: 1322 574 2987 1732 972 858 450 256 87 655 2450 2529 223 2728 3178 115 2874 899 222 756 755 1734 2789 52 227 || mode=vb method=sk_kmeans solver=filo2 stage=post_ls ls=pyvrp iter=1
2026-03-15 16:12:52 | INFO     | Route #114: 1126 1592 2336 3025 2715 411 1456 1495 81 423 772 96 1545 136 2423 1443 808 2701 1371 473 1521 126 1842 2023 1869 790 1445 1901 || mode=vb method=sk_kmeans solver=filo2 stage=post_ls ls=pyvrp iter=1
2026-03-15 16:12:52 | INFO     | Route #115: 1982 1886 1347 2149 2814 1002 225 418 2188 1005 844 2993 659 2184 434 2802 71 2820 1967 736 1098 625 3091 1079 2007 2911 2390 1903 || mode=vb method=sk_kmeans solver=filo2 stage=post_ls ls=pyvrp iter=1
2026-03-15 16:12:52 | INFO     | 
2026-03-15 16:12:52 | INFO     | [BEST SOLUTION ROUTE SUMMARY]
2026-03-15 16:12:52 | INFO     | --------------------------------------------------------------------------------
2026-03-15 16:12:52 | INFO     |  115 routes | VB    | sk_kmeans       | solver=filo2      | stage=post_ls | ls=pyvrp
2026-03-15 16:12:52 | INFO     | 
2026-03-15 16:12:52 | INFO     | [ROUTE POOL SUMMARY]
2026-03-15 16:12:52 | INFO     |   222 routes | RB | sk_ac_complete | solver=pyvrp | stage=post_ls | ls=pyvrp
2026-03-15 16:12:52 | INFO     |   116 routes | VB | sk_ac_complete | solver=filo2 | stage=post_ls | ls=pyvrp
2026-03-15 16:12:52 | INFO     |   116 routes | VB | fcm | solver=filo1 | stage=post_ls | ls=pyvrp
2026-03-15 16:12:52 | INFO     |   116 routes | VB | sk_ac_avg | solver=pyvrp | stage=post_ls | ls=pyvrp
2026-03-15 16:12:52 | INFO     |   115 routes | VB | sk_kmeans | solver=filo2 | stage=post_ls | ls=pyvrp
2026-03-15 16:12:52 | INFO     |   115 routes | RB | sk_kmeans | solver=pyvrp | stage=post_ls | ls=pyvrp
2026-03-15 16:12:52 | INFO     |   111 routes | RB | sk_ac_avg | solver=pyvrp | stage=post_ls | ls=pyvrp
2026-03-15 16:12:52 | INFO     |   111 routes | RB | sk_ac_avg | solver=filo1 | stage=post_ls | ls=pyvrp
2026-03-15 16:12:52 | INFO     |   101 routes | RB | sk_kmeans | solver=filo2 | stage=post_ls | ls=pyvrp
2026-03-15 16:12:52 | INFO     | [XL-n3241-k115 NO-IMPROVEMENT] best_cost=222394 | streak=10 | Gap: 0.5175%
2026-03-15 16:12:52 | INFO     | [XL-n3241-k115 ITERATION-TIMES 11] cluster=56.975s routing=1909.076s ls=103.636s total=2069.915s
2026-03-15 16:12:52 | INFO     | [XL-n3241-k115 ITERATION 12] mode=VB method=sk_ac_complete k=6 solver=pyvrp ls=pyvrp
2026-03-15 16:14:04 | INFO     | [XL-n3241-k115 CLUSTER] method=sk_ac_complete k=6 | sizes=[626, 992, 536, 2, 181, 903] | min=2 max=992 avg=540.0
2026-03-15 16:14:04 | INFO     | [XL-n3241-k115 ROUTING] Solving clusters with pyvrp
2026-03-15 16:26:45 | INFO     | [XL-n3241-k115 SCP] pruning_mode=diversity
2026-03-15 16:26:45 | INFO     | [XL-n3241-k115 SCP] solver=gurobi_mip | route_pool=1239
2026-03-15 16:26:57 | INFO     | [XL-n3241-k115 SCP] optimal solution found
2026-03-15 16:29:04 | INFO     | [XL-n3241-k115 SCP-NO-IMPROVEMENT] cost=222394 (best=222394) | Gap: 0.5175%
2026-03-15 16:29:04 | INFO     | [XL-n3241-k115 NO-IMPROVEMENT] best_cost=222394 | streak=11 | Gap: 0.5175%
2026-03-15 16:29:04 | INFO     | [XL-n3241-k115 ITERATION-TIMES 12] cluster=72.269s routing=629.726s ls=130.464s scp=139.779s total=972.277s
2026-03-15 16:29:04 | INFO     | [XL-n3241-k115 ITERATION 13] mode=RB method=sk_ac_avg k=6 solver=filo1 ls=pyvrp
2026-03-15 16:29:04 | INFO     | [XL-n3241-k115 CLUSTER] method=sk_ac_avg k=6 | sizes=[909, 520, 117, 1066, 129, 499] | min=117 max=1066 avg=540.0
2026-03-15 16:29:04 | INFO     | [XL-n3241-k115 ROUTING] Solving clusters with filo1
2026-03-15 17:22:19 | INFO     | 
2026-03-15 17:22:19 | INFO     | ================================================================================
2026-03-15 17:22:19 | INFO     | [XL-n3241-k115] PERIODIC SNAPSHOT SNAPSHOT_004
2026-03-15 17:22:19 | INFO     | ================================================================================
2026-03-15 17:22:19 | INFO     | Route #1: 1095 2745 1729 981 1780 1423 1894 2401 1669 2978 823 13 515 2119 2631 1222 1204 1468 1550 2571 1993 1241 1586 2251 1764 27 2956 2248 1290 1951 2255 1984 1721 2116 3024 2667 || mode=vb method=sk_kmeans solver=filo2 stage=post_ls ls=pyvrp iter=1
2026-03-15 17:22:19 | INFO     | Route #2: 595 2924 2020 2001 776 1571 2286 443 1700 1093 2923 820 551 2811 2810 2841 1063 2675 3010 476 2152 2247 547 2147 1312 2813 1026 811 1656 || mode=vb method=sk_kmeans solver=filo2 stage=post_ls ls=pyvrp iter=1
2026-03-15 17:22:19 | INFO     | Route #3: 2573 743 2083 922 2548 965 885 336 3204 1713 767 254 2176 2634 392 3050 2747 294 1750 1256 3131 2520 2037 464 1696 2638 2285 2836 2605 2767 || mode=vb method=sk_kmeans solver=filo2 stage=post_ls ls=pyvrp iter=1
2026-03-15 17:22:19 | INFO     | Route #4: 2397 1895 806 611 2674 2296 498 1720 26 2729 991 521 56 2198 1889 325 3070 1297 3114 348 821 2581 1673 2915 140 3089 2887 2363 5 3082 1396 2693 3083 1109 1455 82 || mode=vb method=sk_kmeans solver=filo2 stage=post_ls ls=pyvrp iter=1
2026-03-15 17:22:19 | INFO     | Route #5: 55 915 2438 1980 1374 1397 2227 3154 1207 735 251 1401 2264 349 1238 1129 2893 1540 3027 1065 1030 3004 2855 2516 208 2121 1452 3054 658 2828 2465 2588 2528 1719 564 2461 || mode=vb method=sk_kmeans solver=filo2 stage=post_ls ls=pyvrp iter=1
2026-03-15 17:22:19 | INFO     | Route #6: 1687 129 11 1576 1637 1386 2470 2192 2322 1784 2616 749 691 1282 501 1424 3208 2626 1799 3229 637 1336 1691 2111 722 317 308 2964 1560 2462 2945 1230 253 || mode=vb method=sk_kmeans solver=filo2 stage=post_ls ls=pyvrp iter=1
2026-03-15 17:22:19 | INFO     | Route #7: 2074 1633 848 2159 233 1806 3142 3135 2233 2521 1748 3020 1523 705 2220 197 183 1127 1462 2430 1498 504 1472 1149 1762 137 1394 || mode=vb method=sk_kmeans solver=filo2 stage=post_ls ls=pyvrp iter=1
2026-03-15 17:22:19 | INFO     | Route #8: 1825 1010 1381 1489 901 1693 1022 2288 1695 1752 664 1101 2961 928 1391 2766 893 1809 3124 2643 1209 2969 2370 132 1906 1174 839 || mode=vb method=sk_kmeans solver=filo2 stage=post_ls ls=pyvrp iter=1
2026-03-15 17:22:19 | INFO     | Route #9: 1774 840 84 953 1703 1936 2755 2931 1285 2437 1925 2610 962 591 2042 2823 1849 2943 274 1947 1919 472 2712 661 1416 1615 1509 1959 959 2933 393 2570 161 || mode=vb method=sk_kmeans solver=filo2 stage=post_ls ls=pyvrp iter=1
2026-03-15 17:22:19 | INFO     | Route #10: 477 1556 216 2963 1185 677 2575 2169 2488 2167 782 83 2195 2238 759 680 895 3039 1188 983 1833 2138 16 2163 3072 1614 1609 2456 2564 3099 1125 717 || mode=vb method=sk_kmeans solver=filo2 stage=post_ls ls=pyvrp iter=1
2026-03-15 17:22:19 | INFO     | Route #11: 245 1233 3098 593 131 1690 669 549 1111 3092 1575 711 3001 1117 2350 617 238 1627 2900 585 2826 1920 613 2057 1490 2632 2139 815 || mode=vb method=sk_kmeans solver=filo2 stage=post_ls ls=pyvrp iter=1
2026-03-15 17:22:19 | INFO     | Route #12: 2309 47 95 2060 2039 50 180 1655 236 2433 1737 252 164 282 289 534 279 730 729 320 1425 1496 247 1034 2875 2054 2081 1414 || mode=vb method=sk_kmeans solver=filo2 stage=post_ls ls=pyvrp iter=1
2026-03-15 17:22:19 | INFO     | Route #13: 2553 2751 2683 1484 2053 250 1343 2686 2018 2772 2935 1570 732 9 2201 2207 2505 406 597 889 2243 2637 2599 1621 1861 69 1029 || mode=vb method=sk_kmeans solver=filo2 stage=post_ls ls=pyvrp iter=1
2026-03-15 17:22:19 | INFO     | Route #14: 1228 2973 436 2759 733 2181 1370 1475 955 1723 819 2709 1522 3224 2003 2380 446 2063 526 379 || mode=vb method=sk_kmeans solver=filo2 stage=post_ls ls=pyvrp iter=1
2026-03-15 17:22:19 | INFO     | Route #15: 3223 326 1047 682 2955 353 1962 2872 2760 1955 456 1777 651 2327 1626 2635 2170 1110 2787 2272 2333 643 2885 1753 2218 || mode=vb method=sk_kmeans solver=filo2 stage=post_ls ls=pyvrp iter=1
2026-03-15 17:22:19 | INFO     | Route #16: 1667 1716 409 949 1921 2312 89 721 1508 1514 2691 2958 1985 1342 738 1043 1949 2989 1361 145 2087 1003 2075 || mode=vb method=sk_kmeans solver=filo2 stage=post_ls ls=pyvrp iter=1
2026-03-15 17:22:19 | INFO     | Route #17: 461 246 1133 2367 41 2694 42 130 512 462 108 297 1826 1763 1998 1346 413 1932 1284 3032 1652 535 802 2099 2601 463 2268 2420 952 2940 3094 || mode=vb method=sk_kmeans solver=filo2 stage=post_ls ls=pyvrp iter=1
2026-03-15 17:22:19 | INFO     | Route #18: 525 883 2164 2422 1309 2273 2307 1839 451 2416 699 142 3222 2245 1629 1335 277 804 1330 1291 357 1187 2266 2058 457 1395 1155 217 2879 2916 2752 || mode=vb method=sk_kmeans solver=filo2 stage=post_ls ls=pyvrp iter=1
2026-03-15 17:22:19 | INFO     | Route #19: 2881 2317 1306 3103 2237 2351 2957 67 1940 1939 2458 1543 111 2950 1499 2607 3037 1735 967 1871 2720 18 890 || mode=vb method=sk_kmeans solver=filo2 stage=post_ls ls=pyvrp iter=1
2026-03-15 17:22:19 | INFO     | Route #20: 1997 592 2557 2941 1086 1643 2561 2204 2446 3171 2493 1647 1301 826 888 2864 2726 2765 427 2252 3153 2926 163 618 1773 3210 2527 1502 622 || mode=vb method=sk_kmeans solver=filo2 stage=post_ls ls=pyvrp iter=1
2026-03-15 17:22:19 | INFO     | Route #21: 143 2499 2290 1478 1015 1830 3031 1225 1428 310 571 609 1518 1524 2572 2109 3059 1436 2404 1641 40 3160 484 1403 1052 1584 2678 2409 632 1076 2668 || mode=vb method=sk_kmeans solver=filo2 stage=post_ls ls=pyvrp iter=1
2026-03-15 17:22:19 | INFO     | Route #22: 645 441 961 3182 1642 2727 318 117 760 2545 1681 1252 2792 2451 2341 1172 503 2547 2267 2468 2966 2988 6 1778 469 623 || mode=vb method=sk_kmeans solver=filo2 stage=post_ls ls=pyvrp iter=1
2026-03-15 17:22:19 | INFO     | Route #23: 139 3036 3146 695 1122 2094 1392 1701 2030 255 1593 1012 976 2005 204 1781 2157 836 190 1675 1044 2896 2665 || mode=vb method=sk_kmeans solver=filo2 stage=post_ls ls=pyvrp iter=1
2026-03-15 17:22:19 | INFO     | Route #24: 2603 2930 2554 1776 1333 1451 2807 1854 1108 834 1840 2614 686 2328 2519 3235 2876 1465 3183 638 2156 299 351 1743 1910 || mode=vb method=sk_kmeans solver=filo2 stage=post_ls ls=pyvrp iter=1
2026-03-15 17:22:19 | INFO     | Route #25: 2435 2526 1388 1135 2708 2859 1384 919 1160 1616 924 2604 1329 610 412 496 203 2790 1935 586 1554 987 1422 1798 1563 1526 663 1803 2779 3198 || mode=vb method=sk_kmeans solver=filo2 stage=post_ls ls=pyvrp iter=1
2026-03-15 17:22:19 | INFO     | Route #26: 1975 1838 3170 2258 1580 2330 1212 2165 1536 2543 38 3044 872 2178 2838 2907 2133 3097 492 1303 306 2300 2106 2174 1822 1744 539 2821 1749 2932 || mode=vb method=sk_kmeans solver=filo2 stage=post_ls ls=pyvrp iter=1
2026-03-15 17:22:19 | INFO     | Route #27: 559 1177 633 1746 1973 563 1028 219 774 1071 2753 321 396 698 2498 958 359 3133 377 684 1470 3000 193 2706 3081 787 || mode=vb method=sk_kmeans solver=filo2 stage=post_ls ls=pyvrp iter=1
2026-03-15 17:22:19 | INFO     | Route #28: 1883 2142 507 474 1635 2684 3123 1352 478 352 1789 624 900 138 1539 1538 2046 1958 508 2649 3127 1968 2077 80 1407 2261 221 2509 1259 454 2282 2946 || mode=vb method=sk_kmeans solver=filo2 stage=post_ls ls=pyvrp iter=1
2026-03-15 17:22:19 | INFO     | Route #29: 2301 1913 157 2611 845 2949 513 916 909 1625 2609 2822 1585 1988 76 2041 860 401 2478 2596 2089 1797 1454 1337 3165 || mode=vb method=sk_kmeans solver=filo2 stage=post_ls ls=pyvrp iter=1
2026-03-15 17:22:19 | INFO     | Route #30: 3196 188 506 1203 2756 235 3033 2623 1631 2497 91 48 1870 416 796 430 1114 1471 1355 295 2630 449 2236 2676 2215 2254 2190 1053 2948 2845 1841 1873 3049 || mode=vb method=sk_kmeans solver=filo2 stage=post_ls ls=pyvrp iter=1
2026-03-15 17:22:19 | INFO     | Route #31: 1954 1767 1757 841 261 577 269 1606 147 3175 2998 852 1382 807 2112 734 103 1568 2117 2382 433 1758 1705 590 448 3209 376 1874 || mode=vb method=sk_kmeans solver=filo2 stage=post_ls ls=pyvrp iter=1
2026-03-15 17:22:19 | INFO     | Route #32: 3193 3078 323 898 273 2466 2027 2467 1021 2884 509 2824 934 1969 2056 3128 2457 1437 1597 2187 2486 1299 2055 2076 2873 1824 1006 1466 2344 793 694 1137 3045 || mode=vb method=sk_kmeans solver=filo2 stage=post_ls ls=pyvrp iter=1
2026-03-15 17:22:19 | INFO     | Route #33: 2702 2937 1324 2070 3194 1275 1081 2150 2983 1132 2415 1852 1943 177 1367 1887 2671 1561 2919 280 2974 2199 151 2208 1411 1123 1632 2340 1736 || mode=vb method=sk_kmeans solver=filo2 stage=post_ls ls=pyvrp iter=1
2026-03-15 17:22:19 | INFO     | Route #34: 1552 2280 866 1130 2860 92 1244 2991 992 439 2853 647 693 2738 1981 765 1651 344 583 1815 440 1192 2865 1812 1775 491 340 1217 2257 || mode=vb method=sk_kmeans solver=filo2 stage=post_ls ls=pyvrp iter=1
2026-03-15 17:22:19 | INFO     | Route #35: 2892 1816 1697 3062 3007 386 2598 1200 1146 1441 1602 2589 1167 2014 2535 1623 728 2627 3105 2222 2082 267 1548 970 3111 1332 1427 3180 2723 917 || mode=vb method=sk_kmeans solver=filo2 stage=post_ls ls=pyvrp iter=1
2026-03-15 17:22:19 | INFO     | Route #36: 1148 761 1956 948 2541 283 1715 3106 1389 881 2316 943 905 1018 178 2653 1946 1131 2387 662 316 302 1473 || mode=vb method=sk_kmeans solver=filo2 stage=post_ls ls=pyvrp iter=1
2026-03-15 17:22:19 | INFO     | Route #37: 3212 435 1583 3200 1173 2735 1646 2495 3240 561 2518 1229 2976 1124 1634 742 1420 555 902 690 578 2550 771 2029 3189 2507 1286 1834 493 3096 3003 || mode=vb method=sk_kmeans solver=filo2 stage=post_ls ls=pyvrp iter=1
2026-03-15 17:22:19 | INFO     | Route #38: 1121 1933 879 2646 626 1406 1112 444 400 2666 202 1950 2010 763 2484 3076 1325 1398 3013 1073 3043 2009 3126 1795 || mode=vb method=sk_kmeans solver=filo2 stage=post_ls ls=pyvrp iter=1
2026-03-15 17:22:19 | INFO     | Route #39: 2223 1141 480 226 2530 2212 857 1769 716 2586 2758 994 1875 2424 494 2105 3085 1937 275 936 1271 596 2325 2606 || mode=vb method=sk_kmeans solver=filo2 stage=post_ls ls=pyvrp iter=1
2026-03-15 17:22:19 | INFO     | Route #40: 1814 1214 3042 1649 109 3093 545 149 2362 2713 984 1676 311 615 328 667 1481 2664 1794 2761 1900 1278 2200 78 1257 1265 350 1899 2295 2062 100 || mode=vb method=sk_kmeans solver=filo2 stage=post_ls ls=pyvrp iter=1
2026-03-15 17:22:19 | INFO     | Route #41: 2981 3066 907 1273 2692 764 330 356 2939 1339 1663 35 2590 2843 1442 2426 2642 3067 1287 1138 || mode=vb method=sk_kmeans solver=filo2 stage=post_ls ls=pyvrp iter=1
2026-03-15 17:22:19 | INFO     | Route #42: 2141 2830 1304 835 2283 1494 2883 123 2832 795 2044 272 2320 1276 1068 2731 3158 1104 12 2633 2011 528 727 3144 818 3030 2434 || mode=vb method=sk_kmeans solver=filo2 stage=post_ls ls=pyvrp iter=1
2026-03-15 17:22:19 | INFO     | Route #43: 341 1383 2214 640 1924 1314 179 420 2719 639 656 757 482 1983 913 1116 714 1858 1857 3068 3065 768 636 1928 1390 || mode=vb method=sk_kmeans solver=filo2 stage=post_ls ls=pyvrp iter=1
2026-03-15 17:22:19 | INFO     | Route #44: 2921 3016 2788 1704 2134 2297 1793 696 3239 1037 66 1488 2311 1042 2670 1728 1573 1253 1190 1510 2439 2795 1089 1269 1644 2496 688 2774 2412 945 || mode=vb method=sk_kmeans solver=filo2 stage=post_ls ls=pyvrp iter=1
2026-03-15 17:22:19 | INFO     | Route #45: 1165 3060 573 2568 1765 792 2662 1279 2970 2513 2565 3002 980 702 1772 657 1458 2721 1639 397 2084 2374 1074 1118 1722 1931 1578 518 2734 642 || mode=vb method=sk_kmeans solver=filo2 stage=post_ls ls=pyvrp iter=1
2026-03-15 17:22:19 | INFO     | Route #46: 1907 2383 97 1353 2934 1035 1600 2951 2780 1232 2259 2569 2711 2563 1240 2556 1598 101 114 2185 3172 2123 785 3125 1327 864 2996 1027 || mode=vb method=sk_kmeans solver=filo2 stage=post_ls ls=pyvrp iter=1
2026-03-15 17:22:19 | INFO     | Route #47: 1759 8 398 2778 1859 588 719 1216 1477 156 1254 2724 1077 1487 809 1351 196 1567 1199 1860 2906 1848 2314 3147 2304 2849 2389 874 1819 || mode=vb method=sk_kmeans solver=filo2 stage=post_ls ls=pyvrp iter=1
2026-03-15 17:22:19 | INFO     | Route #48: 485 1479 2043 2289 25 1113 1446 1221 1025 1334 1400 2337 3107 167 988 1435 2984 218 737 191 2732 1516 258 2641 || mode=vb method=sk_kmeans solver=filo2 stage=post_ls ls=pyvrp iter=1
2026-03-15 17:22:19 | INFO     | Route #49: 824 2166 2352 174 3029 1786 894 2740 1449 1851 514 2656 1569 1320 2246 2644 2108 3177 2092 1698 1270 402 1014 || mode=vb method=sk_kmeans solver=filo2 stage=post_ls ls=pyvrp iter=1
2026-03-15 17:22:19 | INFO     | Route #50: 2549 892 1162 870 144 3120 51 1186 1106 1048 1497 712 925 241 2602 1405 94 956 3217 2856 2914 1201 2591 3238 298 2038 2126 || mode=vb method=sk_kmeans solver=filo2 stage=post_ls ls=pyvrp iter=1
2026-03-15 17:22:19 | INFO     | Route #51: 1813 29 3014 718 2947 2303 631 2483 1180 2453 710 1272 1717 2597 1579 2447 1622 2049 1311 1075 2886 1007 2905 2444 2067 2960 2372 2399 2050 794 837 154 || mode=vb method=sk_kmeans solver=filo2 stage=post_ls ls=pyvrp iter=1
2026-03-15 17:22:19 | INFO     | Route #52: 3192 709 185 3119 3048 906 1378 3159 2334 2313 1796 281 2276 2913 993 3015 3203 1417 438 3122 1170 2323 747 2868 2021 345 || mode=vb method=sk_kmeans solver=filo2 stage=post_ls ls=pyvrp iter=1
2026-03-15 17:22:19 | INFO     | Route #53: 2394 1855 263 214 2048 982 368 421 2407 541 1295 644 1302 1683 184 960 3167 346 2540 871 1884 || mode=vb method=sk_kmeans solver=filo2 stage=post_ls ls=pyvrp iter=1
2026-03-15 17:22:19 | INFO     | Route #54: 1120 2411 1977 2454 1515 1260 2743 750 271 231 875 2368 1594 118 3102 2544 3169 594 17 775 1739 205 1589 1976 1559 2431 1942 1657 329 || mode=vb method=sk_kmeans solver=filo2 stage=post_ls ls=pyvrp iter=1
2026-03-15 17:22:19 | INFO     | Route #55: 36 1525 2510 2975 60 1263 1319 2764 1243 2310 1618 2101 1694 1237 3191 3026 98 488 1890 2936 584 674 1599 910 62 || mode=vb method=sk_kmeans solver=filo2 stage=post_ls ls=pyvrp iter=1
2026-03-15 17:22:19 | INFO     | Route #56: 424 2986 966 2636 2213 1678 2538 1517 2562 2579 2736 777 1057 2877 497 1151 1670 2381 1850 134 1004 3012 1340 367 3145 607 2230 209 || mode=vb method=sk_kmeans solver=filo2 stage=post_ls ls=pyvrp iter=1
2026-03-15 17:22:19 | INFO     | Route #57: 2324 224 1811 1250 1923 1547 619 2938 641 3185 923 1896 1897 3216 739 1991 229 1934 1574 1202 408 2191 1805 2525 116 1486 || mode=vb method=sk_kmeans solver=filo2 stage=post_ls ls=pyvrp iter=1
2026-03-15 17:22:19 | INFO     | Route #58: 1097 752 789 1448 1535 239 1368 1369 566 1864 2696 3136 2894 3155 3152 517 490 2477 715 2537 2240 1266 1168 3023 552 2421 2628 || mode=vb method=sk_kmeans solver=filo2 stage=post_ls ls=pyvrp iter=1
2026-03-15 17:22:19 | INFO     | Route #59: 1372 1674 788 2107 1412 1438 2800 2818 753 516 1467 1619 303 2929 1927 2679 3086 2008 2448 2594 3052 1246 2539 || mode=vb method=sk_kmeans solver=filo2 stage=post_ls ls=pyvrp iter=1
2026-03-15 17:22:19 | INFO     | Route #60: 2473 1283 364 3087 1105 2345 1145 2560 1756 2017 608 2061 614 58 740 3139 1281 1031 1587 1827 2903 1608 2487 2580 1247 189 2202 || mode=vb method=sk_kmeans solver=filo2 stage=post_ls ls=pyvrp iter=1
2026-03-15 17:22:19 | INFO     | Route #61: 124 1066 2419 1612 2239 257 2746 2707 2680 1084 2968 186 703 2085 2319 1040 1917 3176 2850 169 587 1080 1051 2136 39 276 2263 85 102 2576 || mode=vb method=sk_kmeans solver=filo2 stage=post_ls ls=pyvrp iter=1
2026-03-15 17:22:19 | INFO     | Route #62: 467 2944 553 2771 248 264 1714 589 3156 1617 846 2812 1835 73 1845 1064 1804 2658 2143 2080 || mode=vb method=sk_kmeans solver=filo2 stage=post_ls ls=pyvrp iter=1
2026-03-15 17:22:19 | INFO     | Route #63: 1013 3088 1844 54 417 904 1706 1707 817 2384 2414 1019 2523 2645 1191 2459 2801 2234 1768 2281 1562 453 2502 395 1866 1902 107 4 2098 825 1360 2338 1891 2405 2035 2782 || mode=vb method=sk_kmeans solver=filo2 stage=post_ls ls=pyvrp iter=1
2026-03-15 17:22:19 | INFO     | Route #64: 3073 751 1878 2612 1062 1300 343 3055 2704 653 882 2294 403 2428 975 2132 2025 1430 939 2305 2315 612 2618 1846 1650 2385 383 || mode=vb method=sk_kmeans solver=filo2 stage=post_ls ls=pyvrp iter=1
2026-03-15 17:22:19 | INFO     | Route #65: 2489 2402 162 2013 2293 800 1672 1828 1979 1918 249 2064 3163 2036 2093 2574 360 779 2578 470 2274 600 || mode=vb method=sk_kmeans solver=filo2 stage=post_ls ls=pyvrp iter=1
2026-03-15 17:22:19 | INFO     | Route #66: 1450 152 2962 1591 886 1060 2040 1220 548 278 1909 2130 1529 1727 2172 182 75 1181 781 1862 746 783 335 2135 3008 2608 || mode=vb method=sk_kmeans solver=filo2 stage=post_ls ls=pyvrp iter=1
2026-03-15 17:22:19 | INFO     | Route #67: 2277 2373 2127 332 3080 2863 2189 3109 2793 1326 3038 1469 2427 1321 810 2700 954 2690 741 1911 2065 1613 362 2882 829 3234 1016 635 || mode=vb method=sk_kmeans solver=filo2 stage=post_ls ls=pyvrp iter=1
2026-03-15 17:22:19 | INFO     | Route #68: 2137 220 2244 1564 1461 554 385 2335 2559 3071 731 1387 1624 199 3221 1310 1485 3227 2377 2718 399 284 745 79 2959 2688 999 978 2593 908 2739 3233 1893 || mode=vb method=sk_kmeans solver=filo2 stage=post_ls ls=pyvrp iter=1
2026-03-15 17:22:19 | INFO     | Route #69: 1957 1215 1134 1843 1402 1986 540 2805 1023 1107 646 1464 3041 1432 206 1970 1999 2047 1249 847 1867 2358 2221 59 || mode=vb method=sk_kmeans solver=filo2 stage=post_ls ls=pyvrp iter=1
2026-03-15 17:22:19 | INFO     | Route #70: 2825 2449 2144 1482 692 1837 2088 1091 791 2979 1083 1801 414 3137 1677 689 1463 3028 1879 388 2567 1802 135 2024 3057 1636 || mode=vb method=sk_kmeans solver=filo2 stage=post_ls ls=pyvrp iter=1
2026-03-15 17:22:19 | INFO     | Route #71: 2754 926 3143 380 265 838 813 2299 1572 2012 419 1159 1611 1725 1210 2256 2536 2332 2888 3226 1682 322 431 1987 2231 1189 1163 2534 1557 1953 3063 1090 601 1362 || mode=vb method=sk_kmeans solver=filo2 stage=post_ls ls=pyvrp iter=1
2026-03-15 17:22:19 | INFO     | Route #72: 3202 432 1820 744 1761 314 579 1877 951 2585 2816 620 3173 2479 3110 2242 2834 407 1261 2835 2809 675 3214 || mode=vb method=sk_kmeans solver=filo2 stage=post_ls ls=pyvrp iter=1
2026-03-15 17:22:19 | INFO     | Route #73: 3132 1730 2485 313 2031 1948 119 2490 2393 121 1504 1941 2388 1974 192 1453 519 2661 929 1791 3056 1790 2329 672 3162 2326 2260 2971 3211 1255 || mode=vb method=sk_kmeans solver=filo2 stage=post_ls ls=pyvrp iter=1
2026-03-15 17:22:19 | INFO     | Route #74: 307 1161 2533 475 1092 1350 1558 2308 358 266 2494 2369 930 773 650 3118 1094 1519 1689 648 2669 2904 2902 1513 2203 49 1258 546 1036 2972 670 1136 2546 3115 || mode=vb method=sk_kmeans solver=filo2 stage=post_ls ls=pyvrp iter=1
2026-03-15 17:22:19 | INFO     | Route #75: 998 1718 1102 500 1211 2006 801 1158 1153 1952 3138 1087 1182 2241 1888 542 2356 34 2432 1500 410 1542 569 1537 1745 940 533 1590 3022 713 1085 212 679 || mode=vb method=sk_kmeans solver=filo2 stage=post_ls ls=pyvrp iter=1
2026-03-15 17:22:19 | INFO     | Route #76: 471 293 2217 2514 3148 1418 1385 1908 176 530 2250 3184 2698 2219 1738 1082 2922 2862 1898 468 1610 3230 1144 576 627 2687 2651 86 1143 1881 || mode=vb method=sk_kmeans solver=filo2 stage=post_ls ls=pyvrp iter=1
2026-03-15 17:22:19 | INFO     | Route #77: 1363 799 1140 2110 2000 309 862 903 2982 442 312 2592 384 2096 243 1318 1766 562 869 2413 1831 3121 || mode=vb method=sk_kmeans solver=filo2 stage=post_ls ls=pyvrp iter=1
2026-03-15 17:22:19 | INFO     | Route #78: 195 291 1345 1708 1476 1067 1528 1054 1197 1740 2652 2095 2158 1409 1176 2015 990 1531 1699 766 2209 1944 2102 2673 2992 3219 989 822 1236 2737 3047 2952 285 || mode=vb method=sk_kmeans solver=filo2 stage=post_ls ls=pyvrp iter=1
2026-03-15 17:22:19 | INFO     | Route #79: 1546 887 1000 720 1439 64 523 1049 2852 814 2211 259 2695 1990 1770 2115 1807 1344 2177 621 2026 7 372 1836 1817 3197 || mode=vb method=sk_kmeans solver=filo2 stage=post_ls ls=pyvrp iter=1
2026-03-15 17:22:19 | INFO     | Route #80: 1771 207 1821 2785 3215 1607 3150 2186 678 333 2781 2398 878 1829 1183 1142 1050 2985 1457 1960 1688 598 2703 2151 2182 || mode=vb method=sk_kmeans solver=filo2 stage=post_ls ls=pyvrp iter=1
2026-03-15 17:22:19 | INFO     | Route #81: 2474 2440 2595 2197 2365 510 389 53 1684 2436 2016 580 2620 1460 1660 1882 3084 2103 1645 3207 1231 1810 2292 3104 479 668 2837 2775 2339 2391 1235 || mode=vb method=sk_kmeans solver=filo2 stage=post_ls ls=pyvrp iter=1
2026-03-15 17:22:19 | INFO     | Route #82: 1582 2443 1551 2279 603 649 1171 1553 938 46 816 286 1041 33 1668 1277 2629 2663 560 2685 3168 2145 355 122 778 1069 1549 19 1868 3130 1379 2871 1179 || mode=vb method=sk_kmeans solver=filo2 stage=post_ls ls=pyvrp iter=1
2026-03-15 17:22:19 | INFO     | Route #83: 1103 3151 1421 2122 1966 2091 2625 2364 3181 1726 977 237 1760 3117 1929 1555 2131 1193 2353 3149 72 1366 141 944 3188 1045 2386 762 1298 || mode=vb method=sk_kmeans solver=filo2 stage=post_ls ls=pyvrp iter=1
2026-03-15 17:22:19 | INFO     | Route #84: 873 2226 1742 1965 244 2730 1415 425 2770 2890 2079 232 2318 2878 2897 1070 1365 946 524 973 2847 1963 1308 2225 2786 935 || mode=vb method=sk_kmeans solver=filo2 stage=post_ls ls=pyvrp iter=1
2026-03-15 17:22:19 | INFO     | Route #85: 2648 2659 2366 1245 786 897 2034 2640 2148 1289 1605 2797 628 2392 700 2342 2194 2655 1885 305 2400 2321 120 187 1119 198 2967 110 2639 || mode=vb method=sk_kmeans solver=filo2 stage=post_ls ls=pyvrp iter=1
2026-03-15 17:22:19 | INFO     | Route #86: 3187 2577 2997 891 70 520 2354 704 1323 853 2848 1223 505 544 2901 2033 2819 931 2600 877 2193 1139 1492 1532 || mode=vb method=sk_kmeans solver=filo2 stage=post_ls ls=pyvrp iter=1
2026-03-15 17:22:19 | INFO     | Route #87: 3134 1692 1305 287 2371 1434 1832 1779 499 2460 148 45 354 2441 337 2445 171 2146 2831 1242 2408 160 215 1685 334 1239 1356 319 1603 194 2783 1686 2617 927 99 1961 || mode=vb method=sk_kmeans solver=filo2 stage=post_ls ls=pyvrp iter=1
2026-03-15 17:22:19 | INFO     | Route #88: 290 2531 2210 604 985 1992 370 495 1892 654 1565 175 2909 487 1654 2059 2442 3005 1194 3051 447 || mode=vb method=sk_kmeans solver=filo2 stage=post_ls ls=pyvrp iter=1
2026-03-15 17:22:19 | INFO     | Route #89: 3174 605 324 3009 2615 832 2396 486 1226 997 387 2846 1100 2749 1926 1020 2022 2869 1046 104 1218 1711 1 181 369 1288 3017 2833 1914 2196 1267 1506 2791 88 2517 1782 2183 || mode=vb method=sk_kmeans solver=filo2 stage=post_ls ls=pyvrp iter=1
2026-03-15 17:22:19 | INFO     | Route #90: 968 1661 1671 1702 3116 338 868 30 173 2898 2161 366 2503 2349 843 2710 61 1307 3074 2360 466 529 784 2028 681 1313 2889 543 || mode=vb method=sk_kmeans solver=filo2 stage=post_ls ls=pyvrp iter=1
2026-03-15 17:22:19 | INFO     | Route #91: 2235 3006 707 666 812 964 2100 2232 2910 996 2827 1785 855 1662 880 1922 531 2912 2716 106 697 1429 2346 1234 3213 2880 371 3100 || mode=vb method=sk_kmeans solver=filo2 stage=post_ls ls=pyvrp iter=1
2026-03-15 17:22:19 | INFO     | Route #92: 1150 2866 304 426 1653 2705 1088 2206 2689 404 2621 2154 459 665 2613 57 1059 911 2471 2265 2854 || mode=vb method=sk_kmeans solver=filo2 stage=post_ls ls=pyvrp iter=1
2026-03-15 17:22:19 | INFO     | Route #93: 2990 1419 1628 1213 2284 2582 1375 2803 2052 861 1227 127 1512 2069 1808 1527 270 1078 3034 1294 1011 685 3 1198 2051 415 1264 || mode=vb method=sk_kmeans solver=filo2 stage=post_ls ls=pyvrp iter=1
2026-03-15 17:22:19 | INFO     | Route #94: 3218 2032 2508 2839 1863 2927 240 452 1679 1055 830 460 1296 849 2928 687 159 2817 445 1754 1033 1274 676 2262 1317 1377 || mode=vb method=sk_kmeans solver=filo2 stage=post_ls ls=pyvrp iter=1
2026-03-15 17:22:19 | INFO     | Route #95: 2270 1577 1596 2511 1178 532 2861 1604 2512 489 912 2128 1493 2681 43 3237 1348 22 558 1972 1588 405 803 3040 112 2090 1930 582 128 2045 2763 || mode=vb method=sk_kmeans solver=filo2 stage=post_ls ls=pyvrp iter=1
2026-03-15 17:22:19 | INFO     | Route #96: 1166 2741 1357 262 155 2476 995 3069 859 2078 391 93 575 2481 1915 1341 2842 1480 234 2870 3019 1648 1205 301 2113 2654 630 565 2125 || mode=vb method=sk_kmeans solver=filo2 stage=post_ls ls=pyvrp iter=1
2026-03-15 17:22:19 | INFO     | Route #97: 568 671 242 1009 1164 1280 31 3157 458 1293 1410 2168 1315 1530 3236 971 2776 28 2994 1096 21 37 146 1433 || mode=vb method=sk_kmeans solver=filo2 stage=post_ls ls=pyvrp iter=1
2026-03-15 17:22:19 | INFO     | Route #98: 2657 914 876 3231 201 2395 2229 947 1630 2140 2742 20 833 3205 2475 1056 2287 1945 3112 1724 1195 327 1666 2104 2173 723 2558 2291 2773 932 2757 || mode=vb method=sk_kmeans solver=filo2 stage=post_ls ls=pyvrp iter=1
2026-03-15 17:22:19 | INFO     | Route #99: 1905 1373 374 1544 2524 1964 1154 2491 557 133 748 3061 969 1024 1916 288 2175 3220 1147 1156 1380 150 228 2066 2744 || mode=vb method=sk_kmeans solver=filo2 stage=post_ls ls=pyvrp iter=1
2026-03-15 17:22:19 | INFO     | Route #100: 2171 2717 1996 363 2917 2583 920 3011 2343 1865 1248 2725 1061 2155 522 1474 550 1853 2799 2566 1658 1880 1872 2750 2455 1659 1175 2699 2858 2153 706 1566 455 || mode=vb method=sk_kmeans solver=filo2 stage=post_ls ls=pyvrp iter=1
2026-03-15 17:22:19 | INFO     | Route #101: 1459 172 3046 2908 1491 213 770 2492 2920 1039 2954 1938 511 268 2815 1393 390 986 1032 105 572 373 365 1157 2162 || mode=vb method=sk_kmeans solver=filo2 stage=post_ls ls=pyvrp iter=1
2026-03-15 17:22:19 | INFO     | Route #102: 170 2584 1072 2532 2097 2965 1354 437 1440 2068 2555 1292 2361 260 2806 1712 3101 2129 2677 2403 1196 1971 2298 2452 724 10 3201 211 2378 2542 2840 300 1788 1483 2999 || mode=vb method=sk_kmeans solver=filo2 stage=post_ls ls=pyvrp iter=1
2026-03-15 17:22:19 | INFO     | Route #103: 2977 2918 1399 2624 296 168 2784 2714 606 2504 2118 153 2249 1038 979 950 1262 769 361 2271 2844 2418 2796 2480 1601 2647 200 2124 2798 || mode=vb method=sk_kmeans solver=filo2 stage=post_ls ls=pyvrp iter=1
2026-03-15 17:22:19 | INFO     | Route #104: 113 2587 1251 1505 2004 15 851 2429 2120 1665 2552 850 536 537 2953 2073 2306 1978 2895 502 1331 831 342 1184 1595 2355 2522 1128 3179 2762 2406 2733 2376 2464 3090 602 2417 || mode=vb method=sk_kmeans solver=filo2 stage=post_ls ls=pyvrp iter=1
2026-03-15 17:22:19 | INFO     | Route #105: 65 2672 828 1444 1501 963 2072 1431 347 210 3077 1581 3075 1404 2748 125 2551 556 2472 2347 1115 2808 937 798 || mode=vb method=sk_kmeans solver=filo2 stage=post_ls ls=pyvrp iter=1
2026-03-15 17:22:19 | INFO     | Route #106: 3225 2302 616 2619 1224 3186 2660 867 1638 2722 381 1912 3113 2348 570 74 24 3228 3206 805 3108 2224 2425 1747 2228 1989 || mode=vb method=sk_kmeans solver=filo2 stage=post_ls ls=pyvrp iter=1
2026-03-15 17:22:19 | INFO     | Route #107: 3035 1710 629 1847 3195 856 2 660 2925 230 2794 933 2216 1541 1995 2891 3140 32 884 2086 581 2622 1856 673 63 68 865 2002 1426 3232 567 3161 3018 1338 1001 2278 2331 || mode=vb method=sk_kmeans solver=filo2 stage=post_ls ls=pyvrp iter=1
2026-03-15 17:22:19 | INFO     | Route #108: 941 2857 1741 422 2071 2851 2769 1783 2379 1534 1099 158 538 957 1359 726 2114 2482 3053 842 1364 1680 315 708 2410 14 378 90 || mode=vb method=sk_kmeans solver=filo2 stage=post_ls ls=pyvrp iter=1
2026-03-15 17:22:19 | INFO     | Route #109: 3095 428 2697 2804 3129 2205 44 2359 77 1800 2501 1349 683 3058 1876 701 1017 1994 1731 1169 942 2463 375 1787 481 1413 2515 1751 || mode=vb method=sk_kmeans solver=filo2 stage=post_ls ls=pyvrp iter=1
2026-03-15 17:22:19 | INFO     | Route #110: 1823 1008 1709 3190 1208 3166 2357 1818 3021 918 2019 2253 1507 2469 1620 339 1520 3199 1503 2500 1447 2829 2768 1058 2682 3164 827 634 1376 896 2942 2899 2375 || mode=vb method=sk_kmeans solver=filo2 stage=post_ls ls=pyvrp iter=1
2026-03-15 17:22:19 | INFO     | Route #111: 1316 23 331 754 1733 1904 780 292 1358 974 1408 854 1268 465 2275 921 2179 1755 165 863 483 2180 3064 2980 || mode=vb method=sk_kmeans solver=filo2 stage=post_ls ls=pyvrp iter=1
2026-03-15 17:22:19 | INFO     | Route #112: 1219 758 1328 1664 3141 2269 2867 1792 2777 429 652 599 1206 725 2995 1511 3079 382 527 2506 1640 2160 2650 797 1533 1152 166 394 || mode=vb method=sk_kmeans solver=filo2 stage=post_ls ls=pyvrp iter=1
2026-03-15 17:22:19 | INFO     | Route #113: 1322 574 2987 1732 972 858 450 256 87 655 2450 2529 223 2728 3178 115 2874 899 222 756 755 1734 2789 52 227 || mode=vb method=sk_kmeans solver=filo2 stage=post_ls ls=pyvrp iter=1
2026-03-15 17:22:19 | INFO     | Route #114: 1126 1592 2336 3025 2715 411 1456 1495 81 423 772 96 1545 136 2423 1443 808 2701 1371 473 1521 126 1842 2023 1869 790 1445 1901 || mode=vb method=sk_kmeans solver=filo2 stage=post_ls ls=pyvrp iter=1
2026-03-15 17:22:19 | INFO     | Route #115: 1982 1886 1347 2149 2814 1002 225 418 2188 1005 844 2993 659 2184 434 2802 71 2820 1967 736 1098 625 3091 1079 2007 2911 2390 1903 || mode=vb method=sk_kmeans solver=filo2 stage=post_ls ls=pyvrp iter=1
2026-03-15 17:22:19 | INFO     | 
2026-03-15 17:22:19 | INFO     | [BEST SOLUTION ROUTE SUMMARY]
2026-03-15 17:22:19 | INFO     | --------------------------------------------------------------------------------
2026-03-15 17:22:19 | INFO     |  115 routes | VB    | sk_kmeans       | solver=filo2      | stage=post_ls | ls=pyvrp
2026-03-15 17:22:19 | INFO     | 
2026-03-15 17:22:19 | INFO     | [ROUTE POOL SUMMARY]
2026-03-15 17:22:19 | INFO     |   222 routes | RB | sk_ac_complete | solver=pyvrp | stage=post_ls | ls=pyvrp
2026-03-15 17:22:19 | INFO     |   168 routes | RB | sk_ac_avg | solver=filo1 | stage=post_ls | ls=pyvrp
2026-03-15 17:22:19 | INFO     |   116 routes | VB | sk_ac_complete | solver=filo2 | stage=post_ls | ls=pyvrp
2026-03-15 17:22:19 | INFO     |   116 routes | VB | fcm | solver=filo1 | stage=post_ls | ls=pyvrp
2026-03-15 17:22:19 | INFO     |   116 routes | VB | sk_ac_avg | solver=pyvrp | stage=post_ls | ls=pyvrp
2026-03-15 17:22:19 | INFO     |   116 routes | VB | sk_ac_complete | solver=pyvrp | stage=post_ls | ls=pyvrp
2026-03-15 17:22:19 | INFO     |   115 routes | VB | sk_kmeans | solver=filo2 | stage=post_ls | ls=pyvrp
2026-03-15 17:22:19 | INFO     |   115 routes | RB | sk_kmeans | solver=pyvrp | stage=post_ls | ls=pyvrp
2026-03-15 17:22:19 | INFO     |   111 routes | RB | sk_ac_avg | solver=pyvrp | stage=post_ls | ls=pyvrp
2026-03-15 17:22:19 | INFO     |   101 routes | RB | sk_kmeans | solver=filo2 | stage=post_ls | ls=pyvrp
2026-03-15 17:22:19 | INFO     | [XL-n3241-k115 NO-IMPROVEMENT] best_cost=222394 | streak=12 | Gap: 0.5175%
2026-03-15 17:22:19 | INFO     | [XL-n3241-k115 ITERATION-TIMES 13] cluster=0.134s routing=3049.936s ls=144.457s total=3194.631s
2026-03-15 17:22:19 | INFO     | [XL-n3241-k115 ITERATION 14] mode=VB method=sk_ac_complete k=4 solver=filo2 ls=pyvrp
2026-03-15 17:23:21 | INFO     | [XL-n3241-k115 CLUSTER] method=sk_ac_complete k=4 | sizes=[1173, 1439, 626, 2] | min=2 max=1439 avg=810.0
2026-03-15 17:23:21 | INFO     | [XL-n3241-k115 ROUTING] Solving clusters with filo2
2026-03-15 18:19:31 | INFO     | [XL-n3241-k115 NO-IMPROVEMENT] best_cost=222394 | streak=13 | Gap: 0.5175%
2026-03-15 18:19:31 | INFO     | [XL-n3241-k115 ITERATION-TIMES 14] cluster=62.108s routing=3245.713s ls=124.104s total=3432.073s
2026-03-15 18:19:31 | INFO     | [XL-n3241-k115 ITERATION 15] mode=VB method=sk_ac_avg k=10 solver=filo1 ls=pyvrp
2026-03-15 18:21:04 | INFO     | [XL-n3241-k115 CLUSTER] method=sk_ac_avg k=10 | sizes=[2, 146, 43, 808, 157, 2, 591, 49, 4, 1438] | min=2 max=1438 avg=324.0
2026-03-15 18:21:04 | INFO     | [XL-n3241-k115 ROUTING] Solving clusters with filo1
2026-03-15 19:40:34 | INFO     | [XL-n3241-k115 SCP] pruning_mode=diversity
2026-03-15 19:40:34 | INFO     | [XL-n3241-k115 SCP] solver=gurobi_mip | route_pool=1527
2026-03-15 19:41:02 | INFO     | [XL-n3241-k115 SCP] optimal solution found
2026-03-15 19:43:52 | INFO     | [XL-n3241-k115 SCP-NO-IMPROVEMENT] cost=222394 (best=222394) | Gap: 0.5175%
2026-03-15 19:43:52 | INFO     | 
2026-03-15 19:43:52 | INFO     | ================================================================================
2026-03-15 19:43:52 | INFO     | [XL-n3241-k115] PERIODIC SNAPSHOT SNAPSHOT_005
2026-03-15 19:43:52 | INFO     | ================================================================================
2026-03-15 19:43:52 | INFO     | Route #1: 1095 2745 1729 981 1780 1423 1894 2401 1669 2978 823 13 515 2119 2631 1222 1204 1468 1550 2571 1993 1241 1586 2251 1764 27 2956 2248 1290 1951 2255 1984 1721 2116 3024 2667 || mode=vb method=sk_kmeans solver=filo2 stage=post_ls ls=pyvrp iter=1
2026-03-15 19:43:52 | INFO     | Route #2: 595 2924 2020 2001 776 1571 2286 443 1700 1093 2923 820 551 2811 2810 2841 1063 2675 3010 476 2152 2247 547 2147 1312 2813 1026 811 1656 || mode=vb method=sk_kmeans solver=filo2 stage=post_ls ls=pyvrp iter=1
2026-03-15 19:43:52 | INFO     | Route #3: 2573 743 2083 922 2548 965 885 336 3204 1713 767 254 2176 2634 392 3050 2747 294 1750 1256 3131 2520 2037 464 1696 2638 2285 2836 2605 2767 || mode=vb method=sk_kmeans solver=filo2 stage=post_ls ls=pyvrp iter=1
2026-03-15 19:43:52 | INFO     | Route #4: 2397 1895 806 611 2674 2296 498 1720 26 2729 991 521 56 2198 1889 325 3070 1297 3114 348 821 2581 1673 2915 140 3089 2887 2363 5 3082 1396 2693 3083 1109 1455 82 || mode=vb method=sk_kmeans solver=filo2 stage=post_ls ls=pyvrp iter=1
2026-03-15 19:43:52 | INFO     | Route #5: 55 915 2438 1980 1374 1397 2227 3154 1207 735 251 1401 2264 349 1238 1129 2893 1540 3027 1065 1030 3004 2855 2516 208 2121 1452 3054 658 2828 2465 2588 2528 1719 564 2461 || mode=vb method=sk_kmeans solver=filo2 stage=post_ls ls=pyvrp iter=1
2026-03-15 19:43:52 | INFO     | Route #6: 1687 129 11 1576 1637 1386 2470 2192 2322 1784 2616 749 691 1282 501 1424 3208 2626 1799 3229 637 1336 1691 2111 722 317 308 2964 1560 2462 2945 1230 253 || mode=vb method=sk_kmeans solver=filo2 stage=post_ls ls=pyvrp iter=1
2026-03-15 19:43:52 | INFO     | Route #7: 2074 1633 848 2159 233 1806 3142 3135 2233 2521 1748 3020 1523 705 2220 197 183 1127 1462 2430 1498 504 1472 1149 1762 137 1394 || mode=vb method=sk_kmeans solver=filo2 stage=post_ls ls=pyvrp iter=1
2026-03-15 19:43:52 | INFO     | Route #8: 1825 1010 1381 1489 901 1693 1022 2288 1695 1752 664 1101 2961 928 1391 2766 893 1809 3124 2643 1209 2969 2370 132 1906 1174 839 || mode=vb method=sk_kmeans solver=filo2 stage=post_ls ls=pyvrp iter=1
2026-03-15 19:43:52 | INFO     | Route #9: 1774 840 84 953 1703 1936 2755 2931 1285 2437 1925 2610 962 591 2042 2823 1849 2943 274 1947 1919 472 2712 661 1416 1615 1509 1959 959 2933 393 2570 161 || mode=vb method=sk_kmeans solver=filo2 stage=post_ls ls=pyvrp iter=1
2026-03-15 19:43:52 | INFO     | Route #10: 477 1556 216 2963 1185 677 2575 2169 2488 2167 782 83 2195 2238 759 680 895 3039 1188 983 1833 2138 16 2163 3072 1614 1609 2456 2564 3099 1125 717 || mode=vb method=sk_kmeans solver=filo2 stage=post_ls ls=pyvrp iter=1
2026-03-15 19:43:52 | INFO     | Route #11: 245 1233 3098 593 131 1690 669 549 1111 3092 1575 711 3001 1117 2350 617 238 1627 2900 585 2826 1920 613 2057 1490 2632 2139 815 || mode=vb method=sk_kmeans solver=filo2 stage=post_ls ls=pyvrp iter=1
2026-03-15 19:43:52 | INFO     | Route #12: 2309 47 95 2060 2039 50 180 1655 236 2433 1737 252 164 282 289 534 279 730 729 320 1425 1496 247 1034 2875 2054 2081 1414 || mode=vb method=sk_kmeans solver=filo2 stage=post_ls ls=pyvrp iter=1
2026-03-15 19:43:52 | INFO     | Route #13: 2553 2751 2683 1484 2053 250 1343 2686 2018 2772 2935 1570 732 9 2201 2207 2505 406 597 889 2243 2637 2599 1621 1861 69 1029 || mode=vb method=sk_kmeans solver=filo2 stage=post_ls ls=pyvrp iter=1
2026-03-15 19:43:52 | INFO     | Route #14: 1228 2973 436 2759 733 2181 1370 1475 955 1723 819 2709 1522 3224 2003 2380 446 2063 526 379 || mode=vb method=sk_kmeans solver=filo2 stage=post_ls ls=pyvrp iter=1
2026-03-15 19:43:52 | INFO     | Route #15: 3223 326 1047 682 2955 353 1962 2872 2760 1955 456 1777 651 2327 1626 2635 2170 1110 2787 2272 2333 643 2885 1753 2218 || mode=vb method=sk_kmeans solver=filo2 stage=post_ls ls=pyvrp iter=1
2026-03-15 19:43:52 | INFO     | Route #16: 1667 1716 409 949 1921 2312 89 721 1508 1514 2691 2958 1985 1342 738 1043 1949 2989 1361 145 2087 1003 2075 || mode=vb method=sk_kmeans solver=filo2 stage=post_ls ls=pyvrp iter=1
2026-03-15 19:43:52 | INFO     | Route #17: 461 246 1133 2367 41 2694 42 130 512 462 108 297 1826 1763 1998 1346 413 1932 1284 3032 1652 535 802 2099 2601 463 2268 2420 952 2940 3094 || mode=vb method=sk_kmeans solver=filo2 stage=post_ls ls=pyvrp iter=1
2026-03-15 19:43:52 | INFO     | Route #18: 525 883 2164 2422 1309 2273 2307 1839 451 2416 699 142 3222 2245 1629 1335 277 804 1330 1291 357 1187 2266 2058 457 1395 1155 217 2879 2916 2752 || mode=vb method=sk_kmeans solver=filo2 stage=post_ls ls=pyvrp iter=1
2026-03-15 19:43:52 | INFO     | Route #19: 2881 2317 1306 3103 2237 2351 2957 67 1940 1939 2458 1543 111 2950 1499 2607 3037 1735 967 1871 2720 18 890 || mode=vb method=sk_kmeans solver=filo2 stage=post_ls ls=pyvrp iter=1
2026-03-15 19:43:52 | INFO     | Route #20: 1997 592 2557 2941 1086 1643 2561 2204 2446 3171 2493 1647 1301 826 888 2864 2726 2765 427 2252 3153 2926 163 618 1773 3210 2527 1502 622 || mode=vb method=sk_kmeans solver=filo2 stage=post_ls ls=pyvrp iter=1
2026-03-15 19:43:52 | INFO     | Route #21: 143 2499 2290 1478 1015 1830 3031 1225 1428 310 571 609 1518 1524 2572 2109 3059 1436 2404 1641 40 3160 484 1403 1052 1584 2678 2409 632 1076 2668 || mode=vb method=sk_kmeans solver=filo2 stage=post_ls ls=pyvrp iter=1
2026-03-15 19:43:52 | INFO     | Route #22: 645 441 961 3182 1642 2727 318 117 760 2545 1681 1252 2792 2451 2341 1172 503 2547 2267 2468 2966 2988 6 1778 469 623 || mode=vb method=sk_kmeans solver=filo2 stage=post_ls ls=pyvrp iter=1
2026-03-15 19:43:52 | INFO     | Route #23: 139 3036 3146 695 1122 2094 1392 1701 2030 255 1593 1012 976 2005 204 1781 2157 836 190 1675 1044 2896 2665 || mode=vb method=sk_kmeans solver=filo2 stage=post_ls ls=pyvrp iter=1
2026-03-15 19:43:52 | INFO     | Route #24: 2603 2930 2554 1776 1333 1451 2807 1854 1108 834 1840 2614 686 2328 2519 3235 2876 1465 3183 638 2156 299 351 1743 1910 || mode=vb method=sk_kmeans solver=filo2 stage=post_ls ls=pyvrp iter=1
2026-03-15 19:43:52 | INFO     | Route #25: 2435 2526 1388 1135 2708 2859 1384 919 1160 1616 924 2604 1329 610 412 496 203 2790 1935 586 1554 987 1422 1798 1563 1526 663 1803 2779 3198 || mode=vb method=sk_kmeans solver=filo2 stage=post_ls ls=pyvrp iter=1
2026-03-15 19:43:52 | INFO     | Route #26: 1975 1838 3170 2258 1580 2330 1212 2165 1536 2543 38 3044 872 2178 2838 2907 2133 3097 492 1303 306 2300 2106 2174 1822 1744 539 2821 1749 2932 || mode=vb method=sk_kmeans solver=filo2 stage=post_ls ls=pyvrp iter=1
2026-03-15 19:43:52 | INFO     | Route #27: 559 1177 633 1746 1973 563 1028 219 774 1071 2753 321 396 698 2498 958 359 3133 377 684 1470 3000 193 2706 3081 787 || mode=vb method=sk_kmeans solver=filo2 stage=post_ls ls=pyvrp iter=1
2026-03-15 19:43:52 | INFO     | Route #28: 1883 2142 507 474 1635 2684 3123 1352 478 352 1789 624 900 138 1539 1538 2046 1958 508 2649 3127 1968 2077 80 1407 2261 221 2509 1259 454 2282 2946 || mode=vb method=sk_kmeans solver=filo2 stage=post_ls ls=pyvrp iter=1
2026-03-15 19:43:52 | INFO     | Route #29: 2301 1913 157 2611 845 2949 513 916 909 1625 2609 2822 1585 1988 76 2041 860 401 2478 2596 2089 1797 1454 1337 3165 || mode=vb method=sk_kmeans solver=filo2 stage=post_ls ls=pyvrp iter=1
2026-03-15 19:43:52 | INFO     | Route #30: 3196 188 506 1203 2756 235 3033 2623 1631 2497 91 48 1870 416 796 430 1114 1471 1355 295 2630 449 2236 2676 2215 2254 2190 1053 2948 2845 1841 1873 3049 || mode=vb method=sk_kmeans solver=filo2 stage=post_ls ls=pyvrp iter=1
2026-03-15 19:43:52 | INFO     | Route #31: 1954 1767 1757 841 261 577 269 1606 147 3175 2998 852 1382 807 2112 734 103 1568 2117 2382 433 1758 1705 590 448 3209 376 1874 || mode=vb method=sk_kmeans solver=filo2 stage=post_ls ls=pyvrp iter=1
2026-03-15 19:43:52 | INFO     | Route #32: 3193 3078 323 898 273 2466 2027 2467 1021 2884 509 2824 934 1969 2056 3128 2457 1437 1597 2187 2486 1299 2055 2076 2873 1824 1006 1466 2344 793 694 1137 3045 || mode=vb method=sk_kmeans solver=filo2 stage=post_ls ls=pyvrp iter=1
2026-03-15 19:43:52 | INFO     | Route #33: 2702 2937 1324 2070 3194 1275 1081 2150 2983 1132 2415 1852 1943 177 1367 1887 2671 1561 2919 280 2974 2199 151 2208 1411 1123 1632 2340 1736 || mode=vb method=sk_kmeans solver=filo2 stage=post_ls ls=pyvrp iter=1
2026-03-15 19:43:52 | INFO     | Route #34: 1552 2280 866 1130 2860 92 1244 2991 992 439 2853 647 693 2738 1981 765 1651 344 583 1815 440 1192 2865 1812 1775 491 340 1217 2257 || mode=vb method=sk_kmeans solver=filo2 stage=post_ls ls=pyvrp iter=1
2026-03-15 19:43:52 | INFO     | Route #35: 2892 1816 1697 3062 3007 386 2598 1200 1146 1441 1602 2589 1167 2014 2535 1623 728 2627 3105 2222 2082 267 1548 970 3111 1332 1427 3180 2723 917 || mode=vb method=sk_kmeans solver=filo2 stage=post_ls ls=pyvrp iter=1
2026-03-15 19:43:52 | INFO     | Route #36: 1148 761 1956 948 2541 283 1715 3106 1389 881 2316 943 905 1018 178 2653 1946 1131 2387 662 316 302 1473 || mode=vb method=sk_kmeans solver=filo2 stage=post_ls ls=pyvrp iter=1
2026-03-15 19:43:52 | INFO     | Route #37: 3212 435 1583 3200 1173 2735 1646 2495 3240 561 2518 1229 2976 1124 1634 742 1420 555 902 690 578 2550 771 2029 3189 2507 1286 1834 493 3096 3003 || mode=vb method=sk_kmeans solver=filo2 stage=post_ls ls=pyvrp iter=1
2026-03-15 19:43:52 | INFO     | Route #38: 1121 1933 879 2646 626 1406 1112 444 400 2666 202 1950 2010 763 2484 3076 1325 1398 3013 1073 3043 2009 3126 1795 || mode=vb method=sk_kmeans solver=filo2 stage=post_ls ls=pyvrp iter=1
2026-03-15 19:43:52 | INFO     | Route #39: 2223 1141 480 226 2530 2212 857 1769 716 2586 2758 994 1875 2424 494 2105 3085 1937 275 936 1271 596 2325 2606 || mode=vb method=sk_kmeans solver=filo2 stage=post_ls ls=pyvrp iter=1
2026-03-15 19:43:52 | INFO     | Route #40: 1814 1214 3042 1649 109 3093 545 149 2362 2713 984 1676 311 615 328 667 1481 2664 1794 2761 1900 1278 2200 78 1257 1265 350 1899 2295 2062 100 || mode=vb method=sk_kmeans solver=filo2 stage=post_ls ls=pyvrp iter=1
2026-03-15 19:43:52 | INFO     | Route #41: 2981 3066 907 1273 2692 764 330 356 2939 1339 1663 35 2590 2843 1442 2426 2642 3067 1287 1138 || mode=vb method=sk_kmeans solver=filo2 stage=post_ls ls=pyvrp iter=1
2026-03-15 19:43:52 | INFO     | Route #42: 2141 2830 1304 835 2283 1494 2883 123 2832 795 2044 272 2320 1276 1068 2731 3158 1104 12 2633 2011 528 727 3144 818 3030 2434 || mode=vb method=sk_kmeans solver=filo2 stage=post_ls ls=pyvrp iter=1
2026-03-15 19:43:52 | INFO     | Route #43: 341 1383 2214 640 1924 1314 179 420 2719 639 656 757 482 1983 913 1116 714 1858 1857 3068 3065 768 636 1928 1390 || mode=vb method=sk_kmeans solver=filo2 stage=post_ls ls=pyvrp iter=1
2026-03-15 19:43:52 | INFO     | Route #44: 2921 3016 2788 1704 2134 2297 1793 696 3239 1037 66 1488 2311 1042 2670 1728 1573 1253 1190 1510 2439 2795 1089 1269 1644 2496 688 2774 2412 945 || mode=vb method=sk_kmeans solver=filo2 stage=post_ls ls=pyvrp iter=1
2026-03-15 19:43:52 | INFO     | Route #45: 1165 3060 573 2568 1765 792 2662 1279 2970 2513 2565 3002 980 702 1772 657 1458 2721 1639 397 2084 2374 1074 1118 1722 1931 1578 518 2734 642 || mode=vb method=sk_kmeans solver=filo2 stage=post_ls ls=pyvrp iter=1
2026-03-15 19:43:52 | INFO     | Route #46: 1907 2383 97 1353 2934 1035 1600 2951 2780 1232 2259 2569 2711 2563 1240 2556 1598 101 114 2185 3172 2123 785 3125 1327 864 2996 1027 || mode=vb method=sk_kmeans solver=filo2 stage=post_ls ls=pyvrp iter=1
2026-03-15 19:43:52 | INFO     | Route #47: 1759 8 398 2778 1859 588 719 1216 1477 156 1254 2724 1077 1487 809 1351 196 1567 1199 1860 2906 1848 2314 3147 2304 2849 2389 874 1819 || mode=vb method=sk_kmeans solver=filo2 stage=post_ls ls=pyvrp iter=1
2026-03-15 19:43:52 | INFO     | Route #48: 485 1479 2043 2289 25 1113 1446 1221 1025 1334 1400 2337 3107 167 988 1435 2984 218 737 191 2732 1516 258 2641 || mode=vb method=sk_kmeans solver=filo2 stage=post_ls ls=pyvrp iter=1
2026-03-15 19:43:52 | INFO     | Route #49: 824 2166 2352 174 3029 1786 894 2740 1449 1851 514 2656 1569 1320 2246 2644 2108 3177 2092 1698 1270 402 1014 || mode=vb method=sk_kmeans solver=filo2 stage=post_ls ls=pyvrp iter=1
2026-03-15 19:43:52 | INFO     | Route #50: 2549 892 1162 870 144 3120 51 1186 1106 1048 1497 712 925 241 2602 1405 94 956 3217 2856 2914 1201 2591 3238 298 2038 2126 || mode=vb method=sk_kmeans solver=filo2 stage=post_ls ls=pyvrp iter=1
2026-03-15 19:43:52 | INFO     | Route #51: 1813 29 3014 718 2947 2303 631 2483 1180 2453 710 1272 1717 2597 1579 2447 1622 2049 1311 1075 2886 1007 2905 2444 2067 2960 2372 2399 2050 794 837 154 || mode=vb method=sk_kmeans solver=filo2 stage=post_ls ls=pyvrp iter=1
2026-03-15 19:43:52 | INFO     | Route #52: 3192 709 185 3119 3048 906 1378 3159 2334 2313 1796 281 2276 2913 993 3015 3203 1417 438 3122 1170 2323 747 2868 2021 345 || mode=vb method=sk_kmeans solver=filo2 stage=post_ls ls=pyvrp iter=1
2026-03-15 19:43:52 | INFO     | Route #53: 2394 1855 263 214 2048 982 368 421 2407 541 1295 644 1302 1683 184 960 3167 346 2540 871 1884 || mode=vb method=sk_kmeans solver=filo2 stage=post_ls ls=pyvrp iter=1
2026-03-15 19:43:52 | INFO     | Route #54: 1120 2411 1977 2454 1515 1260 2743 750 271 231 875 2368 1594 118 3102 2544 3169 594 17 775 1739 205 1589 1976 1559 2431 1942 1657 329 || mode=vb method=sk_kmeans solver=filo2 stage=post_ls ls=pyvrp iter=1
2026-03-15 19:43:52 | INFO     | Route #55: 36 1525 2510 2975 60 1263 1319 2764 1243 2310 1618 2101 1694 1237 3191 3026 98 488 1890 2936 584 674 1599 910 62 || mode=vb method=sk_kmeans solver=filo2 stage=post_ls ls=pyvrp iter=1
2026-03-15 19:43:52 | INFO     | Route #56: 424 2986 966 2636 2213 1678 2538 1517 2562 2579 2736 777 1057 2877 497 1151 1670 2381 1850 134 1004 3012 1340 367 3145 607 2230 209 || mode=vb method=sk_kmeans solver=filo2 stage=post_ls ls=pyvrp iter=1
2026-03-15 19:43:52 | INFO     | Route #57: 2324 224 1811 1250 1923 1547 619 2938 641 3185 923 1896 1897 3216 739 1991 229 1934 1574 1202 408 2191 1805 2525 116 1486 || mode=vb method=sk_kmeans solver=filo2 stage=post_ls ls=pyvrp iter=1
2026-03-15 19:43:52 | INFO     | Route #58: 1097 752 789 1448 1535 239 1368 1369 566 1864 2696 3136 2894 3155 3152 517 490 2477 715 2537 2240 1266 1168 3023 552 2421 2628 || mode=vb method=sk_kmeans solver=filo2 stage=post_ls ls=pyvrp iter=1
2026-03-15 19:43:52 | INFO     | Route #59: 1372 1674 788 2107 1412 1438 2800 2818 753 516 1467 1619 303 2929 1927 2679 3086 2008 2448 2594 3052 1246 2539 || mode=vb method=sk_kmeans solver=filo2 stage=post_ls ls=pyvrp iter=1
2026-03-15 19:43:52 | INFO     | Route #60: 2473 1283 364 3087 1105 2345 1145 2560 1756 2017 608 2061 614 58 740 3139 1281 1031 1587 1827 2903 1608 2487 2580 1247 189 2202 || mode=vb method=sk_kmeans solver=filo2 stage=post_ls ls=pyvrp iter=1
2026-03-15 19:43:52 | INFO     | Route #61: 124 1066 2419 1612 2239 257 2746 2707 2680 1084 2968 186 703 2085 2319 1040 1917 3176 2850 169 587 1080 1051 2136 39 276 2263 85 102 2576 || mode=vb method=sk_kmeans solver=filo2 stage=post_ls ls=pyvrp iter=1
2026-03-15 19:43:52 | INFO     | Route #62: 467 2944 553 2771 248 264 1714 589 3156 1617 846 2812 1835 73 1845 1064 1804 2658 2143 2080 || mode=vb method=sk_kmeans solver=filo2 stage=post_ls ls=pyvrp iter=1
2026-03-15 19:43:52 | INFO     | Route #63: 1013 3088 1844 54 417 904 1706 1707 817 2384 2414 1019 2523 2645 1191 2459 2801 2234 1768 2281 1562 453 2502 395 1866 1902 107 4 2098 825 1360 2338 1891 2405 2035 2782 || mode=vb method=sk_kmeans solver=filo2 stage=post_ls ls=pyvrp iter=1
2026-03-15 19:43:52 | INFO     | Route #64: 3073 751 1878 2612 1062 1300 343 3055 2704 653 882 2294 403 2428 975 2132 2025 1430 939 2305 2315 612 2618 1846 1650 2385 383 || mode=vb method=sk_kmeans solver=filo2 stage=post_ls ls=pyvrp iter=1
2026-03-15 19:43:52 | INFO     | Route #65: 2489 2402 162 2013 2293 800 1672 1828 1979 1918 249 2064 3163 2036 2093 2574 360 779 2578 470 2274 600 || mode=vb method=sk_kmeans solver=filo2 stage=post_ls ls=pyvrp iter=1
2026-03-15 19:43:52 | INFO     | Route #66: 1450 152 2962 1591 886 1060 2040 1220 548 278 1909 2130 1529 1727 2172 182 75 1181 781 1862 746 783 335 2135 3008 2608 || mode=vb method=sk_kmeans solver=filo2 stage=post_ls ls=pyvrp iter=1
2026-03-15 19:43:52 | INFO     | Route #67: 2277 2373 2127 332 3080 2863 2189 3109 2793 1326 3038 1469 2427 1321 810 2700 954 2690 741 1911 2065 1613 362 2882 829 3234 1016 635 || mode=vb method=sk_kmeans solver=filo2 stage=post_ls ls=pyvrp iter=1
2026-03-15 19:43:52 | INFO     | Route #68: 2137 220 2244 1564 1461 554 385 2335 2559 3071 731 1387 1624 199 3221 1310 1485 3227 2377 2718 399 284 745 79 2959 2688 999 978 2593 908 2739 3233 1893 || mode=vb method=sk_kmeans solver=filo2 stage=post_ls ls=pyvrp iter=1
2026-03-15 19:43:52 | INFO     | Route #69: 1957 1215 1134 1843 1402 1986 540 2805 1023 1107 646 1464 3041 1432 206 1970 1999 2047 1249 847 1867 2358 2221 59 || mode=vb method=sk_kmeans solver=filo2 stage=post_ls ls=pyvrp iter=1
2026-03-15 19:43:52 | INFO     | Route #70: 2825 2449 2144 1482 692 1837 2088 1091 791 2979 1083 1801 414 3137 1677 689 1463 3028 1879 388 2567 1802 135 2024 3057 1636 || mode=vb method=sk_kmeans solver=filo2 stage=post_ls ls=pyvrp iter=1
2026-03-15 19:43:52 | INFO     | Route #71: 2754 926 3143 380 265 838 813 2299 1572 2012 419 1159 1611 1725 1210 2256 2536 2332 2888 3226 1682 322 431 1987 2231 1189 1163 2534 1557 1953 3063 1090 601 1362 || mode=vb method=sk_kmeans solver=filo2 stage=post_ls ls=pyvrp iter=1
2026-03-15 19:43:52 | INFO     | Route #72: 3202 432 1820 744 1761 314 579 1877 951 2585 2816 620 3173 2479 3110 2242 2834 407 1261 2835 2809 675 3214 || mode=vb method=sk_kmeans solver=filo2 stage=post_ls ls=pyvrp iter=1
2026-03-15 19:43:52 | INFO     | Route #73: 3132 1730 2485 313 2031 1948 119 2490 2393 121 1504 1941 2388 1974 192 1453 519 2661 929 1791 3056 1790 2329 672 3162 2326 2260 2971 3211 1255 || mode=vb method=sk_kmeans solver=filo2 stage=post_ls ls=pyvrp iter=1
2026-03-15 19:43:52 | INFO     | Route #74: 307 1161 2533 475 1092 1350 1558 2308 358 266 2494 2369 930 773 650 3118 1094 1519 1689 648 2669 2904 2902 1513 2203 49 1258 546 1036 2972 670 1136 2546 3115 || mode=vb method=sk_kmeans solver=filo2 stage=post_ls ls=pyvrp iter=1
2026-03-15 19:43:52 | INFO     | Route #75: 998 1718 1102 500 1211 2006 801 1158 1153 1952 3138 1087 1182 2241 1888 542 2356 34 2432 1500 410 1542 569 1537 1745 940 533 1590 3022 713 1085 212 679 || mode=vb method=sk_kmeans solver=filo2 stage=post_ls ls=pyvrp iter=1
2026-03-15 19:43:52 | INFO     | Route #76: 471 293 2217 2514 3148 1418 1385 1908 176 530 2250 3184 2698 2219 1738 1082 2922 2862 1898 468 1610 3230 1144 576 627 2687 2651 86 1143 1881 || mode=vb method=sk_kmeans solver=filo2 stage=post_ls ls=pyvrp iter=1
2026-03-15 19:43:52 | INFO     | Route #77: 1363 799 1140 2110 2000 309 862 903 2982 442 312 2592 384 2096 243 1318 1766 562 869 2413 1831 3121 || mode=vb method=sk_kmeans solver=filo2 stage=post_ls ls=pyvrp iter=1
2026-03-15 19:43:52 | INFO     | Route #78: 195 291 1345 1708 1476 1067 1528 1054 1197 1740 2652 2095 2158 1409 1176 2015 990 1531 1699 766 2209 1944 2102 2673 2992 3219 989 822 1236 2737 3047 2952 285 || mode=vb method=sk_kmeans solver=filo2 stage=post_ls ls=pyvrp iter=1
2026-03-15 19:43:52 | INFO     | Route #79: 1546 887 1000 720 1439 64 523 1049 2852 814 2211 259 2695 1990 1770 2115 1807 1344 2177 621 2026 7 372 1836 1817 3197 || mode=vb method=sk_kmeans solver=filo2 stage=post_ls ls=pyvrp iter=1
2026-03-15 19:43:52 | INFO     | Route #80: 1771 207 1821 2785 3215 1607 3150 2186 678 333 2781 2398 878 1829 1183 1142 1050 2985 1457 1960 1688 598 2703 2151 2182 || mode=vb method=sk_kmeans solver=filo2 stage=post_ls ls=pyvrp iter=1
2026-03-15 19:43:52 | INFO     | Route #81: 2474 2440 2595 2197 2365 510 389 53 1684 2436 2016 580 2620 1460 1660 1882 3084 2103 1645 3207 1231 1810 2292 3104 479 668 2837 2775 2339 2391 1235 || mode=vb method=sk_kmeans solver=filo2 stage=post_ls ls=pyvrp iter=1
2026-03-15 19:43:52 | INFO     | Route #82: 1582 2443 1551 2279 603 649 1171 1553 938 46 816 286 1041 33 1668 1277 2629 2663 560 2685 3168 2145 355 122 778 1069 1549 19 1868 3130 1379 2871 1179 || mode=vb method=sk_kmeans solver=filo2 stage=post_ls ls=pyvrp iter=1
2026-03-15 19:43:52 | INFO     | Route #83: 1103 3151 1421 2122 1966 2091 2625 2364 3181 1726 977 237 1760 3117 1929 1555 2131 1193 2353 3149 72 1366 141 944 3188 1045 2386 762 1298 || mode=vb method=sk_kmeans solver=filo2 stage=post_ls ls=pyvrp iter=1
2026-03-15 19:43:52 | INFO     | Route #84: 873 2226 1742 1965 244 2730 1415 425 2770 2890 2079 232 2318 2878 2897 1070 1365 946 524 973 2847 1963 1308 2225 2786 935 || mode=vb method=sk_kmeans solver=filo2 stage=post_ls ls=pyvrp iter=1
2026-03-15 19:43:52 | INFO     | Route #85: 2648 2659 2366 1245 786 897 2034 2640 2148 1289 1605 2797 628 2392 700 2342 2194 2655 1885 305 2400 2321 120 187 1119 198 2967 110 2639 || mode=vb method=sk_kmeans solver=filo2 stage=post_ls ls=pyvrp iter=1
2026-03-15 19:43:52 | INFO     | Route #86: 3187 2577 2997 891 70 520 2354 704 1323 853 2848 1223 505 544 2901 2033 2819 931 2600 877 2193 1139 1492 1532 || mode=vb method=sk_kmeans solver=filo2 stage=post_ls ls=pyvrp iter=1
2026-03-15 19:43:52 | INFO     | Route #87: 3134 1692 1305 287 2371 1434 1832 1779 499 2460 148 45 354 2441 337 2445 171 2146 2831 1242 2408 160 215 1685 334 1239 1356 319 1603 194 2783 1686 2617 927 99 1961 || mode=vb method=sk_kmeans solver=filo2 stage=post_ls ls=pyvrp iter=1
2026-03-15 19:43:52 | INFO     | Route #88: 290 2531 2210 604 985 1992 370 495 1892 654 1565 175 2909 487 1654 2059 2442 3005 1194 3051 447 || mode=vb method=sk_kmeans solver=filo2 stage=post_ls ls=pyvrp iter=1
2026-03-15 19:43:52 | INFO     | Route #89: 3174 605 324 3009 2615 832 2396 486 1226 997 387 2846 1100 2749 1926 1020 2022 2869 1046 104 1218 1711 1 181 369 1288 3017 2833 1914 2196 1267 1506 2791 88 2517 1782 2183 || mode=vb method=sk_kmeans solver=filo2 stage=post_ls ls=pyvrp iter=1
2026-03-15 19:43:52 | INFO     | Route #90: 968 1661 1671 1702 3116 338 868 30 173 2898 2161 366 2503 2349 843 2710 61 1307 3074 2360 466 529 784 2028 681 1313 2889 543 || mode=vb method=sk_kmeans solver=filo2 stage=post_ls ls=pyvrp iter=1
2026-03-15 19:43:52 | INFO     | Route #91: 2235 3006 707 666 812 964 2100 2232 2910 996 2827 1785 855 1662 880 1922 531 2912 2716 106 697 1429 2346 1234 3213 2880 371 3100 || mode=vb method=sk_kmeans solver=filo2 stage=post_ls ls=pyvrp iter=1
2026-03-15 19:43:52 | INFO     | Route #92: 1150 2866 304 426 1653 2705 1088 2206 2689 404 2621 2154 459 665 2613 57 1059 911 2471 2265 2854 || mode=vb method=sk_kmeans solver=filo2 stage=post_ls ls=pyvrp iter=1
2026-03-15 19:43:52 | INFO     | Route #93: 2990 1419 1628 1213 2284 2582 1375 2803 2052 861 1227 127 1512 2069 1808 1527 270 1078 3034 1294 1011 685 3 1198 2051 415 1264 || mode=vb method=sk_kmeans solver=filo2 stage=post_ls ls=pyvrp iter=1
2026-03-15 19:43:52 | INFO     | Route #94: 3218 2032 2508 2839 1863 2927 240 452 1679 1055 830 460 1296 849 2928 687 159 2817 445 1754 1033 1274 676 2262 1317 1377 || mode=vb method=sk_kmeans solver=filo2 stage=post_ls ls=pyvrp iter=1
2026-03-15 19:43:52 | INFO     | Route #95: 2270 1577 1596 2511 1178 532 2861 1604 2512 489 912 2128 1493 2681 43 3237 1348 22 558 1972 1588 405 803 3040 112 2090 1930 582 128 2045 2763 || mode=vb method=sk_kmeans solver=filo2 stage=post_ls ls=pyvrp iter=1
2026-03-15 19:43:52 | INFO     | Route #96: 1166 2741 1357 262 155 2476 995 3069 859 2078 391 93 575 2481 1915 1341 2842 1480 234 2870 3019 1648 1205 301 2113 2654 630 565 2125 || mode=vb method=sk_kmeans solver=filo2 stage=post_ls ls=pyvrp iter=1
2026-03-15 19:43:52 | INFO     | Route #97: 568 671 242 1009 1164 1280 31 3157 458 1293 1410 2168 1315 1530 3236 971 2776 28 2994 1096 21 37 146 1433 || mode=vb method=sk_kmeans solver=filo2 stage=post_ls ls=pyvrp iter=1
2026-03-15 19:43:52 | INFO     | Route #98: 2657 914 876 3231 201 2395 2229 947 1630 2140 2742 20 833 3205 2475 1056 2287 1945 3112 1724 1195 327 1666 2104 2173 723 2558 2291 2773 932 2757 || mode=vb method=sk_kmeans solver=filo2 stage=post_ls ls=pyvrp iter=1
2026-03-15 19:43:52 | INFO     | Route #99: 1905 1373 374 1544 2524 1964 1154 2491 557 133 748 3061 969 1024 1916 288 2175 3220 1147 1156 1380 150 228 2066 2744 || mode=vb method=sk_kmeans solver=filo2 stage=post_ls ls=pyvrp iter=1
2026-03-15 19:43:52 | INFO     | Route #100: 2171 2717 1996 363 2917 2583 920 3011 2343 1865 1248 2725 1061 2155 522 1474 550 1853 2799 2566 1658 1880 1872 2750 2455 1659 1175 2699 2858 2153 706 1566 455 || mode=vb method=sk_kmeans solver=filo2 stage=post_ls ls=pyvrp iter=1
2026-03-15 19:43:52 | INFO     | Route #101: 1459 172 3046 2908 1491 213 770 2492 2920 1039 2954 1938 511 268 2815 1393 390 986 1032 105 572 373 365 1157 2162 || mode=vb method=sk_kmeans solver=filo2 stage=post_ls ls=pyvrp iter=1
2026-03-15 19:43:52 | INFO     | Route #102: 170 2584 1072 2532 2097 2965 1354 437 1440 2068 2555 1292 2361 260 2806 1712 3101 2129 2677 2403 1196 1971 2298 2452 724 10 3201 211 2378 2542 2840 300 1788 1483 2999 || mode=vb method=sk_kmeans solver=filo2 stage=post_ls ls=pyvrp iter=1
2026-03-15 19:43:52 | INFO     | Route #103: 2977 2918 1399 2624 296 168 2784 2714 606 2504 2118 153 2249 1038 979 950 1262 769 361 2271 2844 2418 2796 2480 1601 2647 200 2124 2798 || mode=vb method=sk_kmeans solver=filo2 stage=post_ls ls=pyvrp iter=1
2026-03-15 19:43:52 | INFO     | Route #104: 113 2587 1251 1505 2004 15 851 2429 2120 1665 2552 850 536 537 2953 2073 2306 1978 2895 502 1331 831 342 1184 1595 2355 2522 1128 3179 2762 2406 2733 2376 2464 3090 602 2417 || mode=vb method=sk_kmeans solver=filo2 stage=post_ls ls=pyvrp iter=1
2026-03-15 19:43:52 | INFO     | Route #105: 65 2672 828 1444 1501 963 2072 1431 347 210 3077 1581 3075 1404 2748 125 2551 556 2472 2347 1115 2808 937 798 || mode=vb method=sk_kmeans solver=filo2 stage=post_ls ls=pyvrp iter=1
2026-03-15 19:43:52 | INFO     | Route #106: 3225 2302 616 2619 1224 3186 2660 867 1638 2722 381 1912 3113 2348 570 74 24 3228 3206 805 3108 2224 2425 1747 2228 1989 || mode=vb method=sk_kmeans solver=filo2 stage=post_ls ls=pyvrp iter=1
2026-03-15 19:43:52 | INFO     | Route #107: 3035 1710 629 1847 3195 856 2 660 2925 230 2794 933 2216 1541 1995 2891 3140 32 884 2086 581 2622 1856 673 63 68 865 2002 1426 3232 567 3161 3018 1338 1001 2278 2331 || mode=vb method=sk_kmeans solver=filo2 stage=post_ls ls=pyvrp iter=1
2026-03-15 19:43:52 | INFO     | Route #108: 941 2857 1741 422 2071 2851 2769 1783 2379 1534 1099 158 538 957 1359 726 2114 2482 3053 842 1364 1680 315 708 2410 14 378 90 || mode=vb method=sk_kmeans solver=filo2 stage=post_ls ls=pyvrp iter=1
2026-03-15 19:43:52 | INFO     | Route #109: 3095 428 2697 2804 3129 2205 44 2359 77 1800 2501 1349 683 3058 1876 701 1017 1994 1731 1169 942 2463 375 1787 481 1413 2515 1751 || mode=vb method=sk_kmeans solver=filo2 stage=post_ls ls=pyvrp iter=1
2026-03-15 19:43:52 | INFO     | Route #110: 1823 1008 1709 3190 1208 3166 2357 1818 3021 918 2019 2253 1507 2469 1620 339 1520 3199 1503 2500 1447 2829 2768 1058 2682 3164 827 634 1376 896 2942 2899 2375 || mode=vb method=sk_kmeans solver=filo2 stage=post_ls ls=pyvrp iter=1
2026-03-15 19:43:52 | INFO     | Route #111: 1316 23 331 754 1733 1904 780 292 1358 974 1408 854 1268 465 2275 921 2179 1755 165 863 483 2180 3064 2980 || mode=vb method=sk_kmeans solver=filo2 stage=post_ls ls=pyvrp iter=1
2026-03-15 19:43:52 | INFO     | Route #112: 1219 758 1328 1664 3141 2269 2867 1792 2777 429 652 599 1206 725 2995 1511 3079 382 527 2506 1640 2160 2650 797 1533 1152 166 394 || mode=vb method=sk_kmeans solver=filo2 stage=post_ls ls=pyvrp iter=1
2026-03-15 19:43:52 | INFO     | Route #113: 1322 574 2987 1732 972 858 450 256 87 655 2450 2529 223 2728 3178 115 2874 899 222 756 755 1734 2789 52 227 || mode=vb method=sk_kmeans solver=filo2 stage=post_ls ls=pyvrp iter=1
2026-03-15 19:43:52 | INFO     | Route #114: 1126 1592 2336 3025 2715 411 1456 1495 81 423 772 96 1545 136 2423 1443 808 2701 1371 473 1521 126 1842 2023 1869 790 1445 1901 || mode=vb method=sk_kmeans solver=filo2 stage=post_ls ls=pyvrp iter=1
2026-03-15 19:43:52 | INFO     | Route #115: 1982 1886 1347 2149 2814 1002 225 418 2188 1005 844 2993 659 2184 434 2802 71 2820 1967 736 1098 625 3091 1079 2007 2911 2390 1903 || mode=vb method=sk_kmeans solver=filo2 stage=post_ls ls=pyvrp iter=1
2026-03-15 19:43:52 | INFO     | 
2026-03-15 19:43:52 | INFO     | [BEST SOLUTION ROUTE SUMMARY]
2026-03-15 19:43:52 | INFO     | --------------------------------------------------------------------------------
2026-03-15 19:43:52 | INFO     |  115 routes | VB    | sk_kmeans       | solver=filo2      | stage=post_ls | ls=pyvrp
2026-03-15 19:43:52 | INFO     | 
2026-03-15 19:43:52 | INFO     | [ROUTE POOL SUMMARY]
2026-03-15 19:43:52 | INFO     |   232 routes | VB | sk_ac_complete | solver=filo2 | stage=post_ls | ls=pyvrp
2026-03-15 19:43:52 | INFO     |   222 routes | RB | sk_ac_complete | solver=pyvrp | stage=post_ls | ls=pyvrp
2026-03-15 19:43:52 | INFO     |   168 routes | RB | sk_ac_avg | solver=filo1 | stage=post_ls | ls=pyvrp
2026-03-15 19:43:52 | INFO     |   116 routes | VB | fcm | solver=filo1 | stage=post_ls | ls=pyvrp
2026-03-15 19:43:52 | INFO     |   116 routes | VB | sk_ac_avg | solver=pyvrp | stage=post_ls | ls=pyvrp
2026-03-15 19:43:52 | INFO     |   116 routes | VB | sk_ac_complete | solver=pyvrp | stage=post_ls | ls=pyvrp
2026-03-15 19:43:52 | INFO     |   115 routes | VB | sk_kmeans | solver=filo2 | stage=post_ls | ls=pyvrp
2026-03-15 19:43:52 | INFO     |   115 routes | RB | sk_kmeans | solver=pyvrp | stage=post_ls | ls=pyvrp
2026-03-15 19:43:52 | INFO     |   115 routes | VB | sk_ac_avg | solver=filo1 | stage=post_ls | ls=pyvrp
2026-03-15 19:43:52 | INFO     |   111 routes | RB | sk_ac_avg | solver=pyvrp | stage=post_ls | ls=pyvrp
2026-03-15 19:43:52 | INFO     |   101 routes | RB | sk_kmeans | solver=filo2 | stage=post_ls | ls=pyvrp
2026-03-15 19:43:52 | INFO     | [XL-n3241-k115 NO-IMPROVEMENT] best_cost=222394 | streak=14 | Gap: 0.5175%
2026-03-15 19:43:52 | INFO     | [XL-n3241-k115 ITERATION-TIMES 15] cluster=93.414s routing=4640.716s ls=128.996s scp=197.588s total=5060.859s
2026-03-15 19:43:52 | INFO     | [XL-n3241-k115 ITERATION 16] mode=RB method=sk_kmeans k=5 solver=filo1 ls=pyvrp
2026-03-15 19:43:54 | INFO     | [XL-n3241-k115 CLUSTER] method=sk_kmeans k=5 | sizes=[889, 649, 368, 712, 622] | min=368 max=889 avg=648.0
2026-03-15 19:43:54 | INFO     | [XL-n3241-k115 ROUTING] Solving clusters with filo1
2026-03-15 21:08:40 | INFO     | 
2026-03-15 21:08:40 | INFO     | ================================================================================
2026-03-15 21:08:40 | INFO     | [XL-n3241-k115] PERIODIC SNAPSHOT SNAPSHOT_006
2026-03-15 21:08:40 | INFO     | ================================================================================
2026-03-15 21:08:40 | INFO     | Route #1: 1095 2745 1729 981 1780 1423 1894 2401 1669 2978 823 13 515 2119 2631 1222 1204 1468 1550 2571 1993 1241 1586 2251 1764 27 2956 2248 1290 1951 2255 1984 1721 2116 3024 2667 || mode=vb method=sk_kmeans solver=filo2 stage=post_ls ls=pyvrp iter=1
2026-03-15 21:08:40 | INFO     | Route #2: 595 2924 2020 2001 776 1571 2286 443 1700 1093 2923 820 551 2811 2810 2841 1063 2675 3010 476 2152 2247 547 2147 1312 2813 1026 811 1656 || mode=vb method=sk_kmeans solver=filo2 stage=post_ls ls=pyvrp iter=1
2026-03-15 21:08:40 | INFO     | Route #3: 2573 743 2083 922 2548 965 885 336 3204 1713 767 254 2176 2634 392 3050 2747 294 1750 1256 3131 2520 2037 464 1696 2638 2285 2836 2605 2767 || mode=vb method=sk_kmeans solver=filo2 stage=post_ls ls=pyvrp iter=1
2026-03-15 21:08:40 | INFO     | Route #4: 2397 1895 806 611 2674 2296 498 1720 26 2729 991 521 56 2198 1889 325 3070 1297 3114 348 821 2581 1673 2915 140 3089 2887 2363 5 3082 1396 2693 3083 1109 1455 82 || mode=vb method=sk_kmeans solver=filo2 stage=post_ls ls=pyvrp iter=1
2026-03-15 21:08:40 | INFO     | Route #5: 55 915 2438 1980 1374 1397 2227 3154 1207 735 251 1401 2264 349 1238 1129 2893 1540 3027 1065 1030 3004 2855 2516 208 2121 1452 3054 658 2828 2465 2588 2528 1719 564 2461 || mode=vb method=sk_kmeans solver=filo2 stage=post_ls ls=pyvrp iter=1
2026-03-15 21:08:40 | INFO     | Route #6: 1687 129 11 1576 1637 1386 2470 2192 2322 1784 2616 749 691 1282 501 1424 3208 2626 1799 3229 637 1336 1691 2111 722 317 308 2964 1560 2462 2945 1230 253 || mode=vb method=sk_kmeans solver=filo2 stage=post_ls ls=pyvrp iter=1
2026-03-15 21:08:40 | INFO     | Route #7: 2074 1633 848 2159 233 1806 3142 3135 2233 2521 1748 3020 1523 705 2220 197 183 1127 1462 2430 1498 504 1472 1149 1762 137 1394 || mode=vb method=sk_kmeans solver=filo2 stage=post_ls ls=pyvrp iter=1
2026-03-15 21:08:40 | INFO     | Route #8: 1825 1010 1381 1489 901 1693 1022 2288 1695 1752 664 1101 2961 928 1391 2766 893 1809 3124 2643 1209 2969 2370 132 1906 1174 839 || mode=vb method=sk_kmeans solver=filo2 stage=post_ls ls=pyvrp iter=1
2026-03-15 21:08:40 | INFO     | Route #9: 1774 840 84 953 1703 1936 2755 2931 1285 2437 1925 2610 962 591 2042 2823 1849 2943 274 1947 1919 472 2712 661 1416 1615 1509 1959 959 2933 393 2570 161 || mode=vb method=sk_kmeans solver=filo2 stage=post_ls ls=pyvrp iter=1
2026-03-15 21:08:40 | INFO     | Route #10: 477 1556 216 2963 1185 677 2575 2169 2488 2167 782 83 2195 2238 759 680 895 3039 1188 983 1833 2138 16 2163 3072 1614 1609 2456 2564 3099 1125 717 || mode=vb method=sk_kmeans solver=filo2 stage=post_ls ls=pyvrp iter=1
2026-03-15 21:08:40 | INFO     | Route #11: 245 1233 3098 593 131 1690 669 549 1111 3092 1575 711 3001 1117 2350 617 238 1627 2900 585 2826 1920 613 2057 1490 2632 2139 815 || mode=vb method=sk_kmeans solver=filo2 stage=post_ls ls=pyvrp iter=1
2026-03-15 21:08:40 | INFO     | Route #12: 2309 47 95 2060 2039 50 180 1655 236 2433 1737 252 164 282 289 534 279 730 729 320 1425 1496 247 1034 2875 2054 2081 1414 || mode=vb method=sk_kmeans solver=filo2 stage=post_ls ls=pyvrp iter=1
2026-03-15 21:08:40 | INFO     | Route #13: 2553 2751 2683 1484 2053 250 1343 2686 2018 2772 2935 1570 732 9 2201 2207 2505 406 597 889 2243 2637 2599 1621 1861 69 1029 || mode=vb method=sk_kmeans solver=filo2 stage=post_ls ls=pyvrp iter=1
2026-03-15 21:08:40 | INFO     | Route #14: 1228 2973 436 2759 733 2181 1370 1475 955 1723 819 2709 1522 3224 2003 2380 446 2063 526 379 || mode=vb method=sk_kmeans solver=filo2 stage=post_ls ls=pyvrp iter=1
2026-03-15 21:08:40 | INFO     | Route #15: 3223 326 1047 682 2955 353 1962 2872 2760 1955 456 1777 651 2327 1626 2635 2170 1110 2787 2272 2333 643 2885 1753 2218 || mode=vb method=sk_kmeans solver=filo2 stage=post_ls ls=pyvrp iter=1
2026-03-15 21:08:40 | INFO     | Route #16: 1667 1716 409 949 1921 2312 89 721 1508 1514 2691 2958 1985 1342 738 1043 1949 2989 1361 145 2087 1003 2075 || mode=vb method=sk_kmeans solver=filo2 stage=post_ls ls=pyvrp iter=1
2026-03-15 21:08:40 | INFO     | Route #17: 461 246 1133 2367 41 2694 42 130 512 462 108 297 1826 1763 1998 1346 413 1932 1284 3032 1652 535 802 2099 2601 463 2268 2420 952 2940 3094 || mode=vb method=sk_kmeans solver=filo2 stage=post_ls ls=pyvrp iter=1
2026-03-15 21:08:40 | INFO     | Route #18: 525 883 2164 2422 1309 2273 2307 1839 451 2416 699 142 3222 2245 1629 1335 277 804 1330 1291 357 1187 2266 2058 457 1395 1155 217 2879 2916 2752 || mode=vb method=sk_kmeans solver=filo2 stage=post_ls ls=pyvrp iter=1
2026-03-15 21:08:40 | INFO     | Route #19: 2881 2317 1306 3103 2237 2351 2957 67 1940 1939 2458 1543 111 2950 1499 2607 3037 1735 967 1871 2720 18 890 || mode=vb method=sk_kmeans solver=filo2 stage=post_ls ls=pyvrp iter=1
2026-03-15 21:08:40 | INFO     | Route #20: 1997 592 2557 2941 1086 1643 2561 2204 2446 3171 2493 1647 1301 826 888 2864 2726 2765 427 2252 3153 2926 163 618 1773 3210 2527 1502 622 || mode=vb method=sk_kmeans solver=filo2 stage=post_ls ls=pyvrp iter=1
2026-03-15 21:08:40 | INFO     | Route #21: 143 2499 2290 1478 1015 1830 3031 1225 1428 310 571 609 1518 1524 2572 2109 3059 1436 2404 1641 40 3160 484 1403 1052 1584 2678 2409 632 1076 2668 || mode=vb method=sk_kmeans solver=filo2 stage=post_ls ls=pyvrp iter=1
2026-03-15 21:08:40 | INFO     | Route #22: 645 441 961 3182 1642 2727 318 117 760 2545 1681 1252 2792 2451 2341 1172 503 2547 2267 2468 2966 2988 6 1778 469 623 || mode=vb method=sk_kmeans solver=filo2 stage=post_ls ls=pyvrp iter=1
2026-03-15 21:08:40 | INFO     | Route #23: 139 3036 3146 695 1122 2094 1392 1701 2030 255 1593 1012 976 2005 204 1781 2157 836 190 1675 1044 2896 2665 || mode=vb method=sk_kmeans solver=filo2 stage=post_ls ls=pyvrp iter=1
2026-03-15 21:08:40 | INFO     | Route #24: 2603 2930 2554 1776 1333 1451 2807 1854 1108 834 1840 2614 686 2328 2519 3235 2876 1465 3183 638 2156 299 351 1743 1910 || mode=vb method=sk_kmeans solver=filo2 stage=post_ls ls=pyvrp iter=1
2026-03-15 21:08:40 | INFO     | Route #25: 2435 2526 1388 1135 2708 2859 1384 919 1160 1616 924 2604 1329 610 412 496 203 2790 1935 586 1554 987 1422 1798 1563 1526 663 1803 2779 3198 || mode=vb method=sk_kmeans solver=filo2 stage=post_ls ls=pyvrp iter=1
2026-03-15 21:08:40 | INFO     | Route #26: 1975 1838 3170 2258 1580 2330 1212 2165 1536 2543 38 3044 872 2178 2838 2907 2133 3097 492 1303 306 2300 2106 2174 1822 1744 539 2821 1749 2932 || mode=vb method=sk_kmeans solver=filo2 stage=post_ls ls=pyvrp iter=1
2026-03-15 21:08:40 | INFO     | Route #27: 559 1177 633 1746 1973 563 1028 219 774 1071 2753 321 396 698 2498 958 359 3133 377 684 1470 3000 193 2706 3081 787 || mode=vb method=sk_kmeans solver=filo2 stage=post_ls ls=pyvrp iter=1
2026-03-15 21:08:40 | INFO     | Route #28: 1883 2142 507 474 1635 2684 3123 1352 478 352 1789 624 900 138 1539 1538 2046 1958 508 2649 3127 1968 2077 80 1407 2261 221 2509 1259 454 2282 2946 || mode=vb method=sk_kmeans solver=filo2 stage=post_ls ls=pyvrp iter=1
2026-03-15 21:08:40 | INFO     | Route #29: 2301 1913 157 2611 845 2949 513 916 909 1625 2609 2822 1585 1988 76 2041 860 401 2478 2596 2089 1797 1454 1337 3165 || mode=vb method=sk_kmeans solver=filo2 stage=post_ls ls=pyvrp iter=1
2026-03-15 21:08:40 | INFO     | Route #30: 3196 188 506 1203 2756 235 3033 2623 1631 2497 91 48 1870 416 796 430 1114 1471 1355 295 2630 449 2236 2676 2215 2254 2190 1053 2948 2845 1841 1873 3049 || mode=vb method=sk_kmeans solver=filo2 stage=post_ls ls=pyvrp iter=1
2026-03-15 21:08:40 | INFO     | Route #31: 1954 1767 1757 841 261 577 269 1606 147 3175 2998 852 1382 807 2112 734 103 1568 2117 2382 433 1758 1705 590 448 3209 376 1874 || mode=vb method=sk_kmeans solver=filo2 stage=post_ls ls=pyvrp iter=1
2026-03-15 21:08:40 | INFO     | Route #32: 3193 3078 323 898 273 2466 2027 2467 1021 2884 509 2824 934 1969 2056 3128 2457 1437 1597 2187 2486 1299 2055 2076 2873 1824 1006 1466 2344 793 694 1137 3045 || mode=vb method=sk_kmeans solver=filo2 stage=post_ls ls=pyvrp iter=1
2026-03-15 21:08:40 | INFO     | Route #33: 2702 2937 1324 2070 3194 1275 1081 2150 2983 1132 2415 1852 1943 177 1367 1887 2671 1561 2919 280 2974 2199 151 2208 1411 1123 1632 2340 1736 || mode=vb method=sk_kmeans solver=filo2 stage=post_ls ls=pyvrp iter=1
2026-03-15 21:08:40 | INFO     | Route #34: 1552 2280 866 1130 2860 92 1244 2991 992 439 2853 647 693 2738 1981 765 1651 344 583 1815 440 1192 2865 1812 1775 491 340 1217 2257 || mode=vb method=sk_kmeans solver=filo2 stage=post_ls ls=pyvrp iter=1
2026-03-15 21:08:40 | INFO     | Route #35: 2892 1816 1697 3062 3007 386 2598 1200 1146 1441 1602 2589 1167 2014 2535 1623 728 2627 3105 2222 2082 267 1548 970 3111 1332 1427 3180 2723 917 || mode=vb method=sk_kmeans solver=filo2 stage=post_ls ls=pyvrp iter=1
2026-03-15 21:08:40 | INFO     | Route #36: 1148 761 1956 948 2541 283 1715 3106 1389 881 2316 943 905 1018 178 2653 1946 1131 2387 662 316 302 1473 || mode=vb method=sk_kmeans solver=filo2 stage=post_ls ls=pyvrp iter=1
2026-03-15 21:08:40 | INFO     | Route #37: 3212 435 1583 3200 1173 2735 1646 2495 3240 561 2518 1229 2976 1124 1634 742 1420 555 902 690 578 2550 771 2029 3189 2507 1286 1834 493 3096 3003 || mode=vb method=sk_kmeans solver=filo2 stage=post_ls ls=pyvrp iter=1
2026-03-15 21:08:40 | INFO     | Route #38: 1121 1933 879 2646 626 1406 1112 444 400 2666 202 1950 2010 763 2484 3076 1325 1398 3013 1073 3043 2009 3126 1795 || mode=vb method=sk_kmeans solver=filo2 stage=post_ls ls=pyvrp iter=1
2026-03-15 21:08:40 | INFO     | Route #39: 2223 1141 480 226 2530 2212 857 1769 716 2586 2758 994 1875 2424 494 2105 3085 1937 275 936 1271 596 2325 2606 || mode=vb method=sk_kmeans solver=filo2 stage=post_ls ls=pyvrp iter=1
2026-03-15 21:08:40 | INFO     | Route #40: 1814 1214 3042 1649 109 3093 545 149 2362 2713 984 1676 311 615 328 667 1481 2664 1794 2761 1900 1278 2200 78 1257 1265 350 1899 2295 2062 100 || mode=vb method=sk_kmeans solver=filo2 stage=post_ls ls=pyvrp iter=1
2026-03-15 21:08:40 | INFO     | Route #41: 2981 3066 907 1273 2692 764 330 356 2939 1339 1663 35 2590 2843 1442 2426 2642 3067 1287 1138 || mode=vb method=sk_kmeans solver=filo2 stage=post_ls ls=pyvrp iter=1
2026-03-15 21:08:40 | INFO     | Route #42: 2141 2830 1304 835 2283 1494 2883 123 2832 795 2044 272 2320 1276 1068 2731 3158 1104 12 2633 2011 528 727 3144 818 3030 2434 || mode=vb method=sk_kmeans solver=filo2 stage=post_ls ls=pyvrp iter=1
2026-03-15 21:08:40 | INFO     | Route #43: 341 1383 2214 640 1924 1314 179 420 2719 639 656 757 482 1983 913 1116 714 1858 1857 3068 3065 768 636 1928 1390 || mode=vb method=sk_kmeans solver=filo2 stage=post_ls ls=pyvrp iter=1
2026-03-15 21:08:40 | INFO     | Route #44: 2921 3016 2788 1704 2134 2297 1793 696 3239 1037 66 1488 2311 1042 2670 1728 1573 1253 1190 1510 2439 2795 1089 1269 1644 2496 688 2774 2412 945 || mode=vb method=sk_kmeans solver=filo2 stage=post_ls ls=pyvrp iter=1
2026-03-15 21:08:40 | INFO     | Route #45: 1165 3060 573 2568 1765 792 2662 1279 2970 2513 2565 3002 980 702 1772 657 1458 2721 1639 397 2084 2374 1074 1118 1722 1931 1578 518 2734 642 || mode=vb method=sk_kmeans solver=filo2 stage=post_ls ls=pyvrp iter=1
2026-03-15 21:08:40 | INFO     | Route #46: 1907 2383 97 1353 2934 1035 1600 2951 2780 1232 2259 2569 2711 2563 1240 2556 1598 101 114 2185 3172 2123 785 3125 1327 864 2996 1027 || mode=vb method=sk_kmeans solver=filo2 stage=post_ls ls=pyvrp iter=1
2026-03-15 21:08:40 | INFO     | Route #47: 1759 8 398 2778 1859 588 719 1216 1477 156 1254 2724 1077 1487 809 1351 196 1567 1199 1860 2906 1848 2314 3147 2304 2849 2389 874 1819 || mode=vb method=sk_kmeans solver=filo2 stage=post_ls ls=pyvrp iter=1
2026-03-15 21:08:40 | INFO     | Route #48: 485 1479 2043 2289 25 1113 1446 1221 1025 1334 1400 2337 3107 167 988 1435 2984 218 737 191 2732 1516 258 2641 || mode=vb method=sk_kmeans solver=filo2 stage=post_ls ls=pyvrp iter=1
2026-03-15 21:08:40 | INFO     | Route #49: 824 2166 2352 174 3029 1786 894 2740 1449 1851 514 2656 1569 1320 2246 2644 2108 3177 2092 1698 1270 402 1014 || mode=vb method=sk_kmeans solver=filo2 stage=post_ls ls=pyvrp iter=1
2026-03-15 21:08:40 | INFO     | Route #50: 2549 892 1162 870 144 3120 51 1186 1106 1048 1497 712 925 241 2602 1405 94 956 3217 2856 2914 1201 2591 3238 298 2038 2126 || mode=vb method=sk_kmeans solver=filo2 stage=post_ls ls=pyvrp iter=1
2026-03-15 21:08:40 | INFO     | Route #51: 1813 29 3014 718 2947 2303 631 2483 1180 2453 710 1272 1717 2597 1579 2447 1622 2049 1311 1075 2886 1007 2905 2444 2067 2960 2372 2399 2050 794 837 154 || mode=vb method=sk_kmeans solver=filo2 stage=post_ls ls=pyvrp iter=1
2026-03-15 21:08:40 | INFO     | Route #52: 3192 709 185 3119 3048 906 1378 3159 2334 2313 1796 281 2276 2913 993 3015 3203 1417 438 3122 1170 2323 747 2868 2021 345 || mode=vb method=sk_kmeans solver=filo2 stage=post_ls ls=pyvrp iter=1
2026-03-15 21:08:40 | INFO     | Route #53: 2394 1855 263 214 2048 982 368 421 2407 541 1295 644 1302 1683 184 960 3167 346 2540 871 1884 || mode=vb method=sk_kmeans solver=filo2 stage=post_ls ls=pyvrp iter=1
2026-03-15 21:08:40 | INFO     | Route #54: 1120 2411 1977 2454 1515 1260 2743 750 271 231 875 2368 1594 118 3102 2544 3169 594 17 775 1739 205 1589 1976 1559 2431 1942 1657 329 || mode=vb method=sk_kmeans solver=filo2 stage=post_ls ls=pyvrp iter=1
2026-03-15 21:08:40 | INFO     | Route #55: 36 1525 2510 2975 60 1263 1319 2764 1243 2310 1618 2101 1694 1237 3191 3026 98 488 1890 2936 584 674 1599 910 62 || mode=vb method=sk_kmeans solver=filo2 stage=post_ls ls=pyvrp iter=1
2026-03-15 21:08:40 | INFO     | Route #56: 424 2986 966 2636 2213 1678 2538 1517 2562 2579 2736 777 1057 2877 497 1151 1670 2381 1850 134 1004 3012 1340 367 3145 607 2230 209 || mode=vb method=sk_kmeans solver=filo2 stage=post_ls ls=pyvrp iter=1
2026-03-15 21:08:40 | INFO     | Route #57: 2324 224 1811 1250 1923 1547 619 2938 641 3185 923 1896 1897 3216 739 1991 229 1934 1574 1202 408 2191 1805 2525 116 1486 || mode=vb method=sk_kmeans solver=filo2 stage=post_ls ls=pyvrp iter=1
2026-03-15 21:08:40 | INFO     | Route #58: 1097 752 789 1448 1535 239 1368 1369 566 1864 2696 3136 2894 3155 3152 517 490 2477 715 2537 2240 1266 1168 3023 552 2421 2628 || mode=vb method=sk_kmeans solver=filo2 stage=post_ls ls=pyvrp iter=1
2026-03-15 21:08:40 | INFO     | Route #59: 1372 1674 788 2107 1412 1438 2800 2818 753 516 1467 1619 303 2929 1927 2679 3086 2008 2448 2594 3052 1246 2539 || mode=vb method=sk_kmeans solver=filo2 stage=post_ls ls=pyvrp iter=1
2026-03-15 21:08:40 | INFO     | Route #60: 2473 1283 364 3087 1105 2345 1145 2560 1756 2017 608 2061 614 58 740 3139 1281 1031 1587 1827 2903 1608 2487 2580 1247 189 2202 || mode=vb method=sk_kmeans solver=filo2 stage=post_ls ls=pyvrp iter=1
2026-03-15 21:08:40 | INFO     | Route #61: 124 1066 2419 1612 2239 257 2746 2707 2680 1084 2968 186 703 2085 2319 1040 1917 3176 2850 169 587 1080 1051 2136 39 276 2263 85 102 2576 || mode=vb method=sk_kmeans solver=filo2 stage=post_ls ls=pyvrp iter=1
2026-03-15 21:08:40 | INFO     | Route #62: 467 2944 553 2771 248 264 1714 589 3156 1617 846 2812 1835 73 1845 1064 1804 2658 2143 2080 || mode=vb method=sk_kmeans solver=filo2 stage=post_ls ls=pyvrp iter=1
2026-03-15 21:08:40 | INFO     | Route #63: 1013 3088 1844 54 417 904 1706 1707 817 2384 2414 1019 2523 2645 1191 2459 2801 2234 1768 2281 1562 453 2502 395 1866 1902 107 4 2098 825 1360 2338 1891 2405 2035 2782 || mode=vb method=sk_kmeans solver=filo2 stage=post_ls ls=pyvrp iter=1
2026-03-15 21:08:40 | INFO     | Route #64: 3073 751 1878 2612 1062 1300 343 3055 2704 653 882 2294 403 2428 975 2132 2025 1430 939 2305 2315 612 2618 1846 1650 2385 383 || mode=vb method=sk_kmeans solver=filo2 stage=post_ls ls=pyvrp iter=1
2026-03-15 21:08:40 | INFO     | Route #65: 2489 2402 162 2013 2293 800 1672 1828 1979 1918 249 2064 3163 2036 2093 2574 360 779 2578 470 2274 600 || mode=vb method=sk_kmeans solver=filo2 stage=post_ls ls=pyvrp iter=1
2026-03-15 21:08:40 | INFO     | Route #66: 1450 152 2962 1591 886 1060 2040 1220 548 278 1909 2130 1529 1727 2172 182 75 1181 781 1862 746 783 335 2135 3008 2608 || mode=vb method=sk_kmeans solver=filo2 stage=post_ls ls=pyvrp iter=1
2026-03-15 21:08:40 | INFO     | Route #67: 2277 2373 2127 332 3080 2863 2189 3109 2793 1326 3038 1469 2427 1321 810 2700 954 2690 741 1911 2065 1613 362 2882 829 3234 1016 635 || mode=vb method=sk_kmeans solver=filo2 stage=post_ls ls=pyvrp iter=1
2026-03-15 21:08:40 | INFO     | Route #68: 2137 220 2244 1564 1461 554 385 2335 2559 3071 731 1387 1624 199 3221 1310 1485 3227 2377 2718 399 284 745 79 2959 2688 999 978 2593 908 2739 3233 1893 || mode=vb method=sk_kmeans solver=filo2 stage=post_ls ls=pyvrp iter=1
2026-03-15 21:08:40 | INFO     | Route #69: 1957 1215 1134 1843 1402 1986 540 2805 1023 1107 646 1464 3041 1432 206 1970 1999 2047 1249 847 1867 2358 2221 59 || mode=vb method=sk_kmeans solver=filo2 stage=post_ls ls=pyvrp iter=1
2026-03-15 21:08:40 | INFO     | Route #70: 2825 2449 2144 1482 692 1837 2088 1091 791 2979 1083 1801 414 3137 1677 689 1463 3028 1879 388 2567 1802 135 2024 3057 1636 || mode=vb method=sk_kmeans solver=filo2 stage=post_ls ls=pyvrp iter=1
2026-03-15 21:08:40 | INFO     | Route #71: 2754 926 3143 380 265 838 813 2299 1572 2012 419 1159 1611 1725 1210 2256 2536 2332 2888 3226 1682 322 431 1987 2231 1189 1163 2534 1557 1953 3063 1090 601 1362 || mode=vb method=sk_kmeans solver=filo2 stage=post_ls ls=pyvrp iter=1
2026-03-15 21:08:40 | INFO     | Route #72: 3202 432 1820 744 1761 314 579 1877 951 2585 2816 620 3173 2479 3110 2242 2834 407 1261 2835 2809 675 3214 || mode=vb method=sk_kmeans solver=filo2 stage=post_ls ls=pyvrp iter=1
2026-03-15 21:08:40 | INFO     | Route #73: 3132 1730 2485 313 2031 1948 119 2490 2393 121 1504 1941 2388 1974 192 1453 519 2661 929 1791 3056 1790 2329 672 3162 2326 2260 2971 3211 1255 || mode=vb method=sk_kmeans solver=filo2 stage=post_ls ls=pyvrp iter=1
2026-03-15 21:08:40 | INFO     | Route #74: 307 1161 2533 475 1092 1350 1558 2308 358 266 2494 2369 930 773 650 3118 1094 1519 1689 648 2669 2904 2902 1513 2203 49 1258 546 1036 2972 670 1136 2546 3115 || mode=vb method=sk_kmeans solver=filo2 stage=post_ls ls=pyvrp iter=1
2026-03-15 21:08:40 | INFO     | Route #75: 998 1718 1102 500 1211 2006 801 1158 1153 1952 3138 1087 1182 2241 1888 542 2356 34 2432 1500 410 1542 569 1537 1745 940 533 1590 3022 713 1085 212 679 || mode=vb method=sk_kmeans solver=filo2 stage=post_ls ls=pyvrp iter=1
2026-03-15 21:08:40 | INFO     | Route #76: 471 293 2217 2514 3148 1418 1385 1908 176 530 2250 3184 2698 2219 1738 1082 2922 2862 1898 468 1610 3230 1144 576 627 2687 2651 86 1143 1881 || mode=vb method=sk_kmeans solver=filo2 stage=post_ls ls=pyvrp iter=1
2026-03-15 21:08:40 | INFO     | Route #77: 1363 799 1140 2110 2000 309 862 903 2982 442 312 2592 384 2096 243 1318 1766 562 869 2413 1831 3121 || mode=vb method=sk_kmeans solver=filo2 stage=post_ls ls=pyvrp iter=1
2026-03-15 21:08:40 | INFO     | Route #78: 195 291 1345 1708 1476 1067 1528 1054 1197 1740 2652 2095 2158 1409 1176 2015 990 1531 1699 766 2209 1944 2102 2673 2992 3219 989 822 1236 2737 3047 2952 285 || mode=vb method=sk_kmeans solver=filo2 stage=post_ls ls=pyvrp iter=1
2026-03-15 21:08:40 | INFO     | Route #79: 1546 887 1000 720 1439 64 523 1049 2852 814 2211 259 2695 1990 1770 2115 1807 1344 2177 621 2026 7 372 1836 1817 3197 || mode=vb method=sk_kmeans solver=filo2 stage=post_ls ls=pyvrp iter=1
2026-03-15 21:08:40 | INFO     | Route #80: 1771 207 1821 2785 3215 1607 3150 2186 678 333 2781 2398 878 1829 1183 1142 1050 2985 1457 1960 1688 598 2703 2151 2182 || mode=vb method=sk_kmeans solver=filo2 stage=post_ls ls=pyvrp iter=1
2026-03-15 21:08:40 | INFO     | Route #81: 2474 2440 2595 2197 2365 510 389 53 1684 2436 2016 580 2620 1460 1660 1882 3084 2103 1645 3207 1231 1810 2292 3104 479 668 2837 2775 2339 2391 1235 || mode=vb method=sk_kmeans solver=filo2 stage=post_ls ls=pyvrp iter=1
2026-03-15 21:08:40 | INFO     | Route #82: 1582 2443 1551 2279 603 649 1171 1553 938 46 816 286 1041 33 1668 1277 2629 2663 560 2685 3168 2145 355 122 778 1069 1549 19 1868 3130 1379 2871 1179 || mode=vb method=sk_kmeans solver=filo2 stage=post_ls ls=pyvrp iter=1
2026-03-15 21:08:40 | INFO     | Route #83: 1103 3151 1421 2122 1966 2091 2625 2364 3181 1726 977 237 1760 3117 1929 1555 2131 1193 2353 3149 72 1366 141 944 3188 1045 2386 762 1298 || mode=vb method=sk_kmeans solver=filo2 stage=post_ls ls=pyvrp iter=1
2026-03-15 21:08:40 | INFO     | Route #84: 873 2226 1742 1965 244 2730 1415 425 2770 2890 2079 232 2318 2878 2897 1070 1365 946 524 973 2847 1963 1308 2225 2786 935 || mode=vb method=sk_kmeans solver=filo2 stage=post_ls ls=pyvrp iter=1
2026-03-15 21:08:40 | INFO     | Route #85: 2648 2659 2366 1245 786 897 2034 2640 2148 1289 1605 2797 628 2392 700 2342 2194 2655 1885 305 2400 2321 120 187 1119 198 2967 110 2639 || mode=vb method=sk_kmeans solver=filo2 stage=post_ls ls=pyvrp iter=1
2026-03-15 21:08:40 | INFO     | Route #86: 3187 2577 2997 891 70 520 2354 704 1323 853 2848 1223 505 544 2901 2033 2819 931 2600 877 2193 1139 1492 1532 || mode=vb method=sk_kmeans solver=filo2 stage=post_ls ls=pyvrp iter=1
2026-03-15 21:08:40 | INFO     | Route #87: 3134 1692 1305 287 2371 1434 1832 1779 499 2460 148 45 354 2441 337 2445 171 2146 2831 1242 2408 160 215 1685 334 1239 1356 319 1603 194 2783 1686 2617 927 99 1961 || mode=vb method=sk_kmeans solver=filo2 stage=post_ls ls=pyvrp iter=1
2026-03-15 21:08:40 | INFO     | Route #88: 290 2531 2210 604 985 1992 370 495 1892 654 1565 175 2909 487 1654 2059 2442 3005 1194 3051 447 || mode=vb method=sk_kmeans solver=filo2 stage=post_ls ls=pyvrp iter=1
2026-03-15 21:08:40 | INFO     | Route #89: 3174 605 324 3009 2615 832 2396 486 1226 997 387 2846 1100 2749 1926 1020 2022 2869 1046 104 1218 1711 1 181 369 1288 3017 2833 1914 2196 1267 1506 2791 88 2517 1782 2183 || mode=vb method=sk_kmeans solver=filo2 stage=post_ls ls=pyvrp iter=1
2026-03-15 21:08:40 | INFO     | Route #90: 968 1661 1671 1702 3116 338 868 30 173 2898 2161 366 2503 2349 843 2710 61 1307 3074 2360 466 529 784 2028 681 1313 2889 543 || mode=vb method=sk_kmeans solver=filo2 stage=post_ls ls=pyvrp iter=1
2026-03-15 21:08:40 | INFO     | Route #91: 2235 3006 707 666 812 964 2100 2232 2910 996 2827 1785 855 1662 880 1922 531 2912 2716 106 697 1429 2346 1234 3213 2880 371 3100 || mode=vb method=sk_kmeans solver=filo2 stage=post_ls ls=pyvrp iter=1
2026-03-15 21:08:40 | INFO     | Route #92: 1150 2866 304 426 1653 2705 1088 2206 2689 404 2621 2154 459 665 2613 57 1059 911 2471 2265 2854 || mode=vb method=sk_kmeans solver=filo2 stage=post_ls ls=pyvrp iter=1
2026-03-15 21:08:40 | INFO     | Route #93: 2990 1419 1628 1213 2284 2582 1375 2803 2052 861 1227 127 1512 2069 1808 1527 270 1078 3034 1294 1011 685 3 1198 2051 415 1264 || mode=vb method=sk_kmeans solver=filo2 stage=post_ls ls=pyvrp iter=1
2026-03-15 21:08:40 | INFO     | Route #94: 3218 2032 2508 2839 1863 2927 240 452 1679 1055 830 460 1296 849 2928 687 159 2817 445 1754 1033 1274 676 2262 1317 1377 || mode=vb method=sk_kmeans solver=filo2 stage=post_ls ls=pyvrp iter=1
2026-03-15 21:08:40 | INFO     | Route #95: 2270 1577 1596 2511 1178 532 2861 1604 2512 489 912 2128 1493 2681 43 3237 1348 22 558 1972 1588 405 803 3040 112 2090 1930 582 128 2045 2763 || mode=vb method=sk_kmeans solver=filo2 stage=post_ls ls=pyvrp iter=1
2026-03-15 21:08:40 | INFO     | Route #96: 1166 2741 1357 262 155 2476 995 3069 859 2078 391 93 575 2481 1915 1341 2842 1480 234 2870 3019 1648 1205 301 2113 2654 630 565 2125 || mode=vb method=sk_kmeans solver=filo2 stage=post_ls ls=pyvrp iter=1
2026-03-15 21:08:40 | INFO     | Route #97: 568 671 242 1009 1164 1280 31 3157 458 1293 1410 2168 1315 1530 3236 971 2776 28 2994 1096 21 37 146 1433 || mode=vb method=sk_kmeans solver=filo2 stage=post_ls ls=pyvrp iter=1
2026-03-15 21:08:40 | INFO     | Route #98: 2657 914 876 3231 201 2395 2229 947 1630 2140 2742 20 833 3205 2475 1056 2287 1945 3112 1724 1195 327 1666 2104 2173 723 2558 2291 2773 932 2757 || mode=vb method=sk_kmeans solver=filo2 stage=post_ls ls=pyvrp iter=1
2026-03-15 21:08:40 | INFO     | Route #99: 1905 1373 374 1544 2524 1964 1154 2491 557 133 748 3061 969 1024 1916 288 2175 3220 1147 1156 1380 150 228 2066 2744 || mode=vb method=sk_kmeans solver=filo2 stage=post_ls ls=pyvrp iter=1
2026-03-15 21:08:40 | INFO     | Route #100: 2171 2717 1996 363 2917 2583 920 3011 2343 1865 1248 2725 1061 2155 522 1474 550 1853 2799 2566 1658 1880 1872 2750 2455 1659 1175 2699 2858 2153 706 1566 455 || mode=vb method=sk_kmeans solver=filo2 stage=post_ls ls=pyvrp iter=1
2026-03-15 21:08:40 | INFO     | Route #101: 1459 172 3046 2908 1491 213 770 2492 2920 1039 2954 1938 511 268 2815 1393 390 986 1032 105 572 373 365 1157 2162 || mode=vb method=sk_kmeans solver=filo2 stage=post_ls ls=pyvrp iter=1
2026-03-15 21:08:40 | INFO     | Route #102: 170 2584 1072 2532 2097 2965 1354 437 1440 2068 2555 1292 2361 260 2806 1712 3101 2129 2677 2403 1196 1971 2298 2452 724 10 3201 211 2378 2542 2840 300 1788 1483 2999 || mode=vb method=sk_kmeans solver=filo2 stage=post_ls ls=pyvrp iter=1
2026-03-15 21:08:40 | INFO     | Route #103: 2977 2918 1399 2624 296 168 2784 2714 606 2504 2118 153 2249 1038 979 950 1262 769 361 2271 2844 2418 2796 2480 1601 2647 200 2124 2798 || mode=vb method=sk_kmeans solver=filo2 stage=post_ls ls=pyvrp iter=1
2026-03-15 21:08:40 | INFO     | Route #104: 113 2587 1251 1505 2004 15 851 2429 2120 1665 2552 850 536 537 2953 2073 2306 1978 2895 502 1331 831 342 1184 1595 2355 2522 1128 3179 2762 2406 2733 2376 2464 3090 602 2417 || mode=vb method=sk_kmeans solver=filo2 stage=post_ls ls=pyvrp iter=1
2026-03-15 21:08:40 | INFO     | Route #105: 65 2672 828 1444 1501 963 2072 1431 347 210 3077 1581 3075 1404 2748 125 2551 556 2472 2347 1115 2808 937 798 || mode=vb method=sk_kmeans solver=filo2 stage=post_ls ls=pyvrp iter=1
2026-03-15 21:08:40 | INFO     | Route #106: 3225 2302 616 2619 1224 3186 2660 867 1638 2722 381 1912 3113 2348 570 74 24 3228 3206 805 3108 2224 2425 1747 2228 1989 || mode=vb method=sk_kmeans solver=filo2 stage=post_ls ls=pyvrp iter=1
2026-03-15 21:08:40 | INFO     | Route #107: 3035 1710 629 1847 3195 856 2 660 2925 230 2794 933 2216 1541 1995 2891 3140 32 884 2086 581 2622 1856 673 63 68 865 2002 1426 3232 567 3161 3018 1338 1001 2278 2331 || mode=vb method=sk_kmeans solver=filo2 stage=post_ls ls=pyvrp iter=1
2026-03-15 21:08:40 | INFO     | Route #108: 941 2857 1741 422 2071 2851 2769 1783 2379 1534 1099 158 538 957 1359 726 2114 2482 3053 842 1364 1680 315 708 2410 14 378 90 || mode=vb method=sk_kmeans solver=filo2 stage=post_ls ls=pyvrp iter=1
2026-03-15 21:08:40 | INFO     | Route #109: 3095 428 2697 2804 3129 2205 44 2359 77 1800 2501 1349 683 3058 1876 701 1017 1994 1731 1169 942 2463 375 1787 481 1413 2515 1751 || mode=vb method=sk_kmeans solver=filo2 stage=post_ls ls=pyvrp iter=1
2026-03-15 21:08:40 | INFO     | Route #110: 1823 1008 1709 3190 1208 3166 2357 1818 3021 918 2019 2253 1507 2469 1620 339 1520 3199 1503 2500 1447 2829 2768 1058 2682 3164 827 634 1376 896 2942 2899 2375 || mode=vb method=sk_kmeans solver=filo2 stage=post_ls ls=pyvrp iter=1
2026-03-15 21:08:40 | INFO     | Route #111: 1316 23 331 754 1733 1904 780 292 1358 974 1408 854 1268 465 2275 921 2179 1755 165 863 483 2180 3064 2980 || mode=vb method=sk_kmeans solver=filo2 stage=post_ls ls=pyvrp iter=1
2026-03-15 21:08:40 | INFO     | Route #112: 1219 758 1328 1664 3141 2269 2867 1792 2777 429 652 599 1206 725 2995 1511 3079 382 527 2506 1640 2160 2650 797 1533 1152 166 394 || mode=vb method=sk_kmeans solver=filo2 stage=post_ls ls=pyvrp iter=1
2026-03-15 21:08:40 | INFO     | Route #113: 1322 574 2987 1732 972 858 450 256 87 655 2450 2529 223 2728 3178 115 2874 899 222 756 755 1734 2789 52 227 || mode=vb method=sk_kmeans solver=filo2 stage=post_ls ls=pyvrp iter=1
2026-03-15 21:08:40 | INFO     | Route #114: 1126 1592 2336 3025 2715 411 1456 1495 81 423 772 96 1545 136 2423 1443 808 2701 1371 473 1521 126 1842 2023 1869 790 1445 1901 || mode=vb method=sk_kmeans solver=filo2 stage=post_ls ls=pyvrp iter=1
2026-03-15 21:08:40 | INFO     | Route #115: 1982 1886 1347 2149 2814 1002 225 418 2188 1005 844 2993 659 2184 434 2802 71 2820 1967 736 1098 625 3091 1079 2007 2911 2390 1903 || mode=vb method=sk_kmeans solver=filo2 stage=post_ls ls=pyvrp iter=1
2026-03-15 21:08:40 | INFO     | 
2026-03-15 21:08:40 | INFO     | [BEST SOLUTION ROUTE SUMMARY]
2026-03-15 21:08:40 | INFO     | --------------------------------------------------------------------------------
2026-03-15 21:08:40 | INFO     |  115 routes | VB    | sk_kmeans       | solver=filo2      | stage=post_ls | ls=pyvrp
2026-03-15 21:08:40 | INFO     | 
2026-03-15 21:08:40 | INFO     | [ROUTE POOL SUMMARY]
2026-03-15 21:08:40 | INFO     |   232 routes | VB | sk_ac_complete | solver=filo2 | stage=post_ls | ls=pyvrp
2026-03-15 21:08:40 | INFO     |   222 routes | RB | sk_ac_complete | solver=pyvrp | stage=post_ls | ls=pyvrp
2026-03-15 21:08:40 | INFO     |   168 routes | RB | sk_ac_avg | solver=filo1 | stage=post_ls | ls=pyvrp
2026-03-15 21:08:40 | INFO     |   116 routes | VB | fcm | solver=filo1 | stage=post_ls | ls=pyvrp
2026-03-15 21:08:40 | INFO     |   116 routes | VB | sk_ac_avg | solver=pyvrp | stage=post_ls | ls=pyvrp
2026-03-15 21:08:40 | INFO     |   116 routes | VB | sk_ac_complete | solver=pyvrp | stage=post_ls | ls=pyvrp
2026-03-15 21:08:40 | INFO     |   115 routes | VB | sk_kmeans | solver=filo2 | stage=post_ls | ls=pyvrp
2026-03-15 21:08:40 | INFO     |   115 routes | RB | sk_kmeans | solver=pyvrp | stage=post_ls | ls=pyvrp
2026-03-15 21:08:40 | INFO     |   115 routes | VB | sk_ac_avg | solver=filo1 | stage=post_ls | ls=pyvrp
2026-03-15 21:08:40 | INFO     |   113 routes | RB | sk_kmeans | solver=filo1 | stage=post_ls | ls=pyvrp
2026-03-15 21:08:40 | INFO     |   111 routes | RB | sk_ac_avg | solver=pyvrp | stage=post_ls | ls=pyvrp
2026-03-15 21:08:40 | INFO     |   101 routes | RB | sk_kmeans | solver=filo2 | stage=post_ls | ls=pyvrp
2026-03-15 21:08:40 | INFO     | [XL-n3241-k115 NO-IMPROVEMENT] best_cost=222394 | streak=15 | Gap: 0.5175%
2026-03-15 21:08:40 | INFO     | [XL-n3241-k115 ITERATION-TIMES 16] cluster=1.603s routing=4822.455s ls=263.594s total=5088.262s
2026-03-15 21:08:40 | INFO     | [XL-n3241-k115 ITERATION 17] mode=VB method=sk_ac_min k=5 solver=pyvrp ls=pyvrp
2026-03-15 21:11:00 | INFO     | [XL-n3241-k115 CLUSTER] method=sk_ac_min k=5 | sizes=[3236, 1, 1, 1, 1] | min=1 max=3236 avg=648.0
2026-03-15 21:11:00 | INFO     | [XL-n3241-k115 ROUTING] Solving clusters with pyvrp
2026-03-15 21:26:09 | INFO     | [XL-n3241-k115 NO-IMPROVEMENT] best_cost=222394 | streak=16 | Gap: 0.5175%
2026-03-15 21:26:09 | INFO     | [XL-n3241-k115 ITERATION-TIMES 17] cluster=139.656s routing=658.098s ls=250.744s total=1048.776s
2026-03-15 21:26:09 | INFO     | [XL-n3241-k115 ITERATION 18] mode=VB method=k_medoids_pyclustering k=7 solver=pyvrp ls=pyvrp
2026-03-15 21:35:53 | INFO     | [XL-n3241-k115 CLUSTER] method=k_medoids_pyclustering k=7 | sizes=[304, 281, 609, 479, 579, 632, 356] | min=281 max=632 avg=462.9
2026-03-15 21:35:53 | INFO     | [XL-n3241-k115 ROUTING] Solving clusters with pyvrp
2026-03-15 21:53:02 | INFO     | [XL-n3241-k115 SCP] pruning_mode=diversity
2026-03-15 21:53:02 | INFO     | [XL-n3241-k115 SCP] solver=gurobi_mip | route_pool=1871
2026-03-15 21:54:37 | INFO     | [XL-n3241-k115 SCP] optimal solution found
2026-03-15 21:58:49 | INFO     | [XL-n3241-k115 SCP-NO-IMPROVEMENT] cost=222394 (best=222394) | Gap: 0.5175%
2026-03-15 21:58:49 | INFO     | [XL-n3241-k115 NO-IMPROVEMENT] best_cost=222394 | streak=17 | Gap: 0.5175%
2026-03-15 21:58:49 | INFO     | [XL-n3241-k115 ITERATION-TIMES 18] cluster=583.623s routing=752.135s ls=277.431s scp=346.741s total=1959.981s
2026-03-15 21:58:49 | INFO     | [XL-n3241-k115 ITERATION 19] mode=VB method=sk_ac_min k=5 solver=pyvrp ls=pyvrp
2026-03-15 22:01:28 | INFO     | [XL-n3241-k115 CLUSTER] method=sk_ac_min k=5 | sizes=[3236, 1, 1, 1, 1] | min=1 max=3236 avg=648.0
2026-03-15 22:01:28 | INFO     | [XL-n3241-k115 ROUTING] Solving clusters with pyvrp
2026-03-15 22:16:19 | INFO     | 
2026-03-15 22:16:19 | INFO     | ================================================================================
2026-03-15 22:16:19 | INFO     | [XL-n3241-k115] PERIODIC SNAPSHOT SNAPSHOT_007
2026-03-15 22:16:19 | INFO     | ================================================================================
2026-03-15 22:16:19 | INFO     | Route #1: 1095 2745 1729 981 1780 1423 1894 2401 1669 2978 823 13 515 2119 2631 1222 1204 1468 1550 2571 1993 1241 1586 2251 1764 27 2956 2248 1290 1951 2255 1984 1721 2116 3024 2667 || mode=vb method=sk_kmeans solver=filo2 stage=post_ls ls=pyvrp iter=1
2026-03-15 22:16:19 | INFO     | Route #2: 595 2924 2020 2001 776 1571 2286 443 1700 1093 2923 820 551 2811 2810 2841 1063 2675 3010 476 2152 2247 547 2147 1312 2813 1026 811 1656 || mode=vb method=sk_kmeans solver=filo2 stage=post_ls ls=pyvrp iter=1
2026-03-15 22:16:19 | INFO     | Route #3: 2573 743 2083 922 2548 965 885 336 3204 1713 767 254 2176 2634 392 3050 2747 294 1750 1256 3131 2520 2037 464 1696 2638 2285 2836 2605 2767 || mode=vb method=sk_kmeans solver=filo2 stage=post_ls ls=pyvrp iter=1
2026-03-15 22:16:19 | INFO     | Route #4: 2397 1895 806 611 2674 2296 498 1720 26 2729 991 521 56 2198 1889 325 3070 1297 3114 348 821 2581 1673 2915 140 3089 2887 2363 5 3082 1396 2693 3083 1109 1455 82 || mode=vb method=sk_kmeans solver=filo2 stage=post_ls ls=pyvrp iter=1
2026-03-15 22:16:19 | INFO     | Route #5: 55 915 2438 1980 1374 1397 2227 3154 1207 735 251 1401 2264 349 1238 1129 2893 1540 3027 1065 1030 3004 2855 2516 208 2121 1452 3054 658 2828 2465 2588 2528 1719 564 2461 || mode=vb method=sk_kmeans solver=filo2 stage=post_ls ls=pyvrp iter=1
2026-03-15 22:16:19 | INFO     | Route #6: 1687 129 11 1576 1637 1386 2470 2192 2322 1784 2616 749 691 1282 501 1424 3208 2626 1799 3229 637 1336 1691 2111 722 317 308 2964 1560 2462 2945 1230 253 || mode=vb method=sk_kmeans solver=filo2 stage=post_ls ls=pyvrp iter=1
2026-03-15 22:16:19 | INFO     | Route #7: 2074 1633 848 2159 233 1806 3142 3135 2233 2521 1748 3020 1523 705 2220 197 183 1127 1462 2430 1498 504 1472 1149 1762 137 1394 || mode=vb method=sk_kmeans solver=filo2 stage=post_ls ls=pyvrp iter=1
2026-03-15 22:16:19 | INFO     | Route #8: 1825 1010 1381 1489 901 1693 1022 2288 1695 1752 664 1101 2961 928 1391 2766 893 1809 3124 2643 1209 2969 2370 132 1906 1174 839 || mode=vb method=sk_kmeans solver=filo2 stage=post_ls ls=pyvrp iter=1
2026-03-15 22:16:19 | INFO     | Route #9: 1774 840 84 953 1703 1936 2755 2931 1285 2437 1925 2610 962 591 2042 2823 1849 2943 274 1947 1919 472 2712 661 1416 1615 1509 1959 959 2933 393 2570 161 || mode=vb method=sk_kmeans solver=filo2 stage=post_ls ls=pyvrp iter=1
2026-03-15 22:16:19 | INFO     | Route #10: 477 1556 216 2963 1185 677 2575 2169 2488 2167 782 83 2195 2238 759 680 895 3039 1188 983 1833 2138 16 2163 3072 1614 1609 2456 2564 3099 1125 717 || mode=vb method=sk_kmeans solver=filo2 stage=post_ls ls=pyvrp iter=1
2026-03-15 22:16:19 | INFO     | Route #11: 245 1233 3098 593 131 1690 669 549 1111 3092 1575 711 3001 1117 2350 617 238 1627 2900 585 2826 1920 613 2057 1490 2632 2139 815 || mode=vb method=sk_kmeans solver=filo2 stage=post_ls ls=pyvrp iter=1
2026-03-15 22:16:19 | INFO     | Route #12: 2309 47 95 2060 2039 50 180 1655 236 2433 1737 252 164 282 289 534 279 730 729 320 1425 1496 247 1034 2875 2054 2081 1414 || mode=vb method=sk_kmeans solver=filo2 stage=post_ls ls=pyvrp iter=1
2026-03-15 22:16:19 | INFO     | Route #13: 2553 2751 2683 1484 2053 250 1343 2686 2018 2772 2935 1570 732 9 2201 2207 2505 406 597 889 2243 2637 2599 1621 1861 69 1029 || mode=vb method=sk_kmeans solver=filo2 stage=post_ls ls=pyvrp iter=1
2026-03-15 22:16:19 | INFO     | Route #14: 1228 2973 436 2759 733 2181 1370 1475 955 1723 819 2709 1522 3224 2003 2380 446 2063 526 379 || mode=vb method=sk_kmeans solver=filo2 stage=post_ls ls=pyvrp iter=1
2026-03-15 22:16:19 | INFO     | Route #15: 3223 326 1047 682 2955 353 1962 2872 2760 1955 456 1777 651 2327 1626 2635 2170 1110 2787 2272 2333 643 2885 1753 2218 || mode=vb method=sk_kmeans solver=filo2 stage=post_ls ls=pyvrp iter=1
2026-03-15 22:16:19 | INFO     | Route #16: 1667 1716 409 949 1921 2312 89 721 1508 1514 2691 2958 1985 1342 738 1043 1949 2989 1361 145 2087 1003 2075 || mode=vb method=sk_kmeans solver=filo2 stage=post_ls ls=pyvrp iter=1
2026-03-15 22:16:19 | INFO     | Route #17: 461 246 1133 2367 41 2694 42 130 512 462 108 297 1826 1763 1998 1346 413 1932 1284 3032 1652 535 802 2099 2601 463 2268 2420 952 2940 3094 || mode=vb method=sk_kmeans solver=filo2 stage=post_ls ls=pyvrp iter=1
2026-03-15 22:16:19 | INFO     | Route #18: 525 883 2164 2422 1309 2273 2307 1839 451 2416 699 142 3222 2245 1629 1335 277 804 1330 1291 357 1187 2266 2058 457 1395 1155 217 2879 2916 2752 || mode=vb method=sk_kmeans solver=filo2 stage=post_ls ls=pyvrp iter=1
2026-03-15 22:16:19 | INFO     | Route #19: 2881 2317 1306 3103 2237 2351 2957 67 1940 1939 2458 1543 111 2950 1499 2607 3037 1735 967 1871 2720 18 890 || mode=vb method=sk_kmeans solver=filo2 stage=post_ls ls=pyvrp iter=1
2026-03-15 22:16:19 | INFO     | Route #20: 1997 592 2557 2941 1086 1643 2561 2204 2446 3171 2493 1647 1301 826 888 2864 2726 2765 427 2252 3153 2926 163 618 1773 3210 2527 1502 622 || mode=vb method=sk_kmeans solver=filo2 stage=post_ls ls=pyvrp iter=1
2026-03-15 22:16:19 | INFO     | Route #21: 143 2499 2290 1478 1015 1830 3031 1225 1428 310 571 609 1518 1524 2572 2109 3059 1436 2404 1641 40 3160 484 1403 1052 1584 2678 2409 632 1076 2668 || mode=vb method=sk_kmeans solver=filo2 stage=post_ls ls=pyvrp iter=1
2026-03-15 22:16:19 | INFO     | Route #22: 645 441 961 3182 1642 2727 318 117 760 2545 1681 1252 2792 2451 2341 1172 503 2547 2267 2468 2966 2988 6 1778 469 623 || mode=vb method=sk_kmeans solver=filo2 stage=post_ls ls=pyvrp iter=1
2026-03-15 22:16:19 | INFO     | Route #23: 139 3036 3146 695 1122 2094 1392 1701 2030 255 1593 1012 976 2005 204 1781 2157 836 190 1675 1044 2896 2665 || mode=vb method=sk_kmeans solver=filo2 stage=post_ls ls=pyvrp iter=1
2026-03-15 22:16:19 | INFO     | Route #24: 2603 2930 2554 1776 1333 1451 2807 1854 1108 834 1840 2614 686 2328 2519 3235 2876 1465 3183 638 2156 299 351 1743 1910 || mode=vb method=sk_kmeans solver=filo2 stage=post_ls ls=pyvrp iter=1
2026-03-15 22:16:19 | INFO     | Route #25: 2435 2526 1388 1135 2708 2859 1384 919 1160 1616 924 2604 1329 610 412 496 203 2790 1935 586 1554 987 1422 1798 1563 1526 663 1803 2779 3198 || mode=vb method=sk_kmeans solver=filo2 stage=post_ls ls=pyvrp iter=1
2026-03-15 22:16:19 | INFO     | Route #26: 1975 1838 3170 2258 1580 2330 1212 2165 1536 2543 38 3044 872 2178 2838 2907 2133 3097 492 1303 306 2300 2106 2174 1822 1744 539 2821 1749 2932 || mode=vb method=sk_kmeans solver=filo2 stage=post_ls ls=pyvrp iter=1
2026-03-15 22:16:19 | INFO     | Route #27: 559 1177 633 1746 1973 563 1028 219 774 1071 2753 321 396 698 2498 958 359 3133 377 684 1470 3000 193 2706 3081 787 || mode=vb method=sk_kmeans solver=filo2 stage=post_ls ls=pyvrp iter=1
2026-03-15 22:16:19 | INFO     | Route #28: 1883 2142 507 474 1635 2684 3123 1352 478 352 1789 624 900 138 1539 1538 2046 1958 508 2649 3127 1968 2077 80 1407 2261 221 2509 1259 454 2282 2946 || mode=vb method=sk_kmeans solver=filo2 stage=post_ls ls=pyvrp iter=1
2026-03-15 22:16:19 | INFO     | Route #29: 2301 1913 157 2611 845 2949 513 916 909 1625 2609 2822 1585 1988 76 2041 860 401 2478 2596 2089 1797 1454 1337 3165 || mode=vb method=sk_kmeans solver=filo2 stage=post_ls ls=pyvrp iter=1
2026-03-15 22:16:19 | INFO     | Route #30: 3196 188 506 1203 2756 235 3033 2623 1631 2497 91 48 1870 416 796 430 1114 1471 1355 295 2630 449 2236 2676 2215 2254 2190 1053 2948 2845 1841 1873 3049 || mode=vb method=sk_kmeans solver=filo2 stage=post_ls ls=pyvrp iter=1
2026-03-15 22:16:19 | INFO     | Route #31: 1954 1767 1757 841 261 577 269 1606 147 3175 2998 852 1382 807 2112 734 103 1568 2117 2382 433 1758 1705 590 448 3209 376 1874 || mode=vb method=sk_kmeans solver=filo2 stage=post_ls ls=pyvrp iter=1
2026-03-15 22:16:19 | INFO     | Route #32: 3193 3078 323 898 273 2466 2027 2467 1021 2884 509 2824 934 1969 2056 3128 2457 1437 1597 2187 2486 1299 2055 2076 2873 1824 1006 1466 2344 793 694 1137 3045 || mode=vb method=sk_kmeans solver=filo2 stage=post_ls ls=pyvrp iter=1
2026-03-15 22:16:19 | INFO     | Route #33: 2702 2937 1324 2070 3194 1275 1081 2150 2983 1132 2415 1852 1943 177 1367 1887 2671 1561 2919 280 2974 2199 151 2208 1411 1123 1632 2340 1736 || mode=vb method=sk_kmeans solver=filo2 stage=post_ls ls=pyvrp iter=1
2026-03-15 22:16:19 | INFO     | Route #34: 1552 2280 866 1130 2860 92 1244 2991 992 439 2853 647 693 2738 1981 765 1651 344 583 1815 440 1192 2865 1812 1775 491 340 1217 2257 || mode=vb method=sk_kmeans solver=filo2 stage=post_ls ls=pyvrp iter=1
2026-03-15 22:16:19 | INFO     | Route #35: 2892 1816 1697 3062 3007 386 2598 1200 1146 1441 1602 2589 1167 2014 2535 1623 728 2627 3105 2222 2082 267 1548 970 3111 1332 1427 3180 2723 917 || mode=vb method=sk_kmeans solver=filo2 stage=post_ls ls=pyvrp iter=1
2026-03-15 22:16:19 | INFO     | Route #36: 1148 761 1956 948 2541 283 1715 3106 1389 881 2316 943 905 1018 178 2653 1946 1131 2387 662 316 302 1473 || mode=vb method=sk_kmeans solver=filo2 stage=post_ls ls=pyvrp iter=1
2026-03-15 22:16:19 | INFO     | Route #37: 3212 435 1583 3200 1173 2735 1646 2495 3240 561 2518 1229 2976 1124 1634 742 1420 555 902 690 578 2550 771 2029 3189 2507 1286 1834 493 3096 3003 || mode=vb method=sk_kmeans solver=filo2 stage=post_ls ls=pyvrp iter=1
2026-03-15 22:16:19 | INFO     | Route #38: 1121 1933 879 2646 626 1406 1112 444 400 2666 202 1950 2010 763 2484 3076 1325 1398 3013 1073 3043 2009 3126 1795 || mode=vb method=sk_kmeans solver=filo2 stage=post_ls ls=pyvrp iter=1
2026-03-15 22:16:19 | INFO     | Route #39: 2223 1141 480 226 2530 2212 857 1769 716 2586 2758 994 1875 2424 494 2105 3085 1937 275 936 1271 596 2325 2606 || mode=vb method=sk_kmeans solver=filo2 stage=post_ls ls=pyvrp iter=1
2026-03-15 22:16:19 | INFO     | Route #40: 1814 1214 3042 1649 109 3093 545 149 2362 2713 984 1676 311 615 328 667 1481 2664 1794 2761 1900 1278 2200 78 1257 1265 350 1899 2295 2062 100 || mode=vb method=sk_kmeans solver=filo2 stage=post_ls ls=pyvrp iter=1
2026-03-15 22:16:19 | INFO     | Route #41: 2981 3066 907 1273 2692 764 330 356 2939 1339 1663 35 2590 2843 1442 2426 2642 3067 1287 1138 || mode=vb method=sk_kmeans solver=filo2 stage=post_ls ls=pyvrp iter=1
2026-03-15 22:16:19 | INFO     | Route #42: 2141 2830 1304 835 2283 1494 2883 123 2832 795 2044 272 2320 1276 1068 2731 3158 1104 12 2633 2011 528 727 3144 818 3030 2434 || mode=vb method=sk_kmeans solver=filo2 stage=post_ls ls=pyvrp iter=1
2026-03-15 22:16:19 | INFO     | Route #43: 341 1383 2214 640 1924 1314 179 420 2719 639 656 757 482 1983 913 1116 714 1858 1857 3068 3065 768 636 1928 1390 || mode=vb method=sk_kmeans solver=filo2 stage=post_ls ls=pyvrp iter=1
2026-03-15 22:16:19 | INFO     | Route #44: 2921 3016 2788 1704 2134 2297 1793 696 3239 1037 66 1488 2311 1042 2670 1728 1573 1253 1190 1510 2439 2795 1089 1269 1644 2496 688 2774 2412 945 || mode=vb method=sk_kmeans solver=filo2 stage=post_ls ls=pyvrp iter=1
2026-03-15 22:16:19 | INFO     | Route #45: 1165 3060 573 2568 1765 792 2662 1279 2970 2513 2565 3002 980 702 1772 657 1458 2721 1639 397 2084 2374 1074 1118 1722 1931 1578 518 2734 642 || mode=vb method=sk_kmeans solver=filo2 stage=post_ls ls=pyvrp iter=1
2026-03-15 22:16:19 | INFO     | Route #46: 1907 2383 97 1353 2934 1035 1600 2951 2780 1232 2259 2569 2711 2563 1240 2556 1598 101 114 2185 3172 2123 785 3125 1327 864 2996 1027 || mode=vb method=sk_kmeans solver=filo2 stage=post_ls ls=pyvrp iter=1
2026-03-15 22:16:19 | INFO     | Route #47: 1759 8 398 2778 1859 588 719 1216 1477 156 1254 2724 1077 1487 809 1351 196 1567 1199 1860 2906 1848 2314 3147 2304 2849 2389 874 1819 || mode=vb method=sk_kmeans solver=filo2 stage=post_ls ls=pyvrp iter=1
2026-03-15 22:16:19 | INFO     | Route #48: 485 1479 2043 2289 25 1113 1446 1221 1025 1334 1400 2337 3107 167 988 1435 2984 218 737 191 2732 1516 258 2641 || mode=vb method=sk_kmeans solver=filo2 stage=post_ls ls=pyvrp iter=1
2026-03-15 22:16:19 | INFO     | Route #49: 824 2166 2352 174 3029 1786 894 2740 1449 1851 514 2656 1569 1320 2246 2644 2108 3177 2092 1698 1270 402 1014 || mode=vb method=sk_kmeans solver=filo2 stage=post_ls ls=pyvrp iter=1
2026-03-15 22:16:19 | INFO     | Route #50: 2549 892 1162 870 144 3120 51 1186 1106 1048 1497 712 925 241 2602 1405 94 956 3217 2856 2914 1201 2591 3238 298 2038 2126 || mode=vb method=sk_kmeans solver=filo2 stage=post_ls ls=pyvrp iter=1
2026-03-15 22:16:19 | INFO     | Route #51: 1813 29 3014 718 2947 2303 631 2483 1180 2453 710 1272 1717 2597 1579 2447 1622 2049 1311 1075 2886 1007 2905 2444 2067 2960 2372 2399 2050 794 837 154 || mode=vb method=sk_kmeans solver=filo2 stage=post_ls ls=pyvrp iter=1
2026-03-15 22:16:19 | INFO     | Route #52: 3192 709 185 3119 3048 906 1378 3159 2334 2313 1796 281 2276 2913 993 3015 3203 1417 438 3122 1170 2323 747 2868 2021 345 || mode=vb method=sk_kmeans solver=filo2 stage=post_ls ls=pyvrp iter=1
2026-03-15 22:16:19 | INFO     | Route #53: 2394 1855 263 214 2048 982 368 421 2407 541 1295 644 1302 1683 184 960 3167 346 2540 871 1884 || mode=vb method=sk_kmeans solver=filo2 stage=post_ls ls=pyvrp iter=1
2026-03-15 22:16:19 | INFO     | Route #54: 1120 2411 1977 2454 1515 1260 2743 750 271 231 875 2368 1594 118 3102 2544 3169 594 17 775 1739 205 1589 1976 1559 2431 1942 1657 329 || mode=vb method=sk_kmeans solver=filo2 stage=post_ls ls=pyvrp iter=1
2026-03-15 22:16:19 | INFO     | Route #55: 36 1525 2510 2975 60 1263 1319 2764 1243 2310 1618 2101 1694 1237 3191 3026 98 488 1890 2936 584 674 1599 910 62 || mode=vb method=sk_kmeans solver=filo2 stage=post_ls ls=pyvrp iter=1
2026-03-15 22:16:19 | INFO     | Route #56: 424 2986 966 2636 2213 1678 2538 1517 2562 2579 2736 777 1057 2877 497 1151 1670 2381 1850 134 1004 3012 1340 367 3145 607 2230 209 || mode=vb method=sk_kmeans solver=filo2 stage=post_ls ls=pyvrp iter=1
2026-03-15 22:16:19 | INFO     | Route #57: 2324 224 1811 1250 1923 1547 619 2938 641 3185 923 1896 1897 3216 739 1991 229 1934 1574 1202 408 2191 1805 2525 116 1486 || mode=vb method=sk_kmeans solver=filo2 stage=post_ls ls=pyvrp iter=1
2026-03-15 22:16:19 | INFO     | Route #58: 1097 752 789 1448 1535 239 1368 1369 566 1864 2696 3136 2894 3155 3152 517 490 2477 715 2537 2240 1266 1168 3023 552 2421 2628 || mode=vb method=sk_kmeans solver=filo2 stage=post_ls ls=pyvrp iter=1
2026-03-15 22:16:19 | INFO     | Route #59: 1372 1674 788 2107 1412 1438 2800 2818 753 516 1467 1619 303 2929 1927 2679 3086 2008 2448 2594 3052 1246 2539 || mode=vb method=sk_kmeans solver=filo2 stage=post_ls ls=pyvrp iter=1
2026-03-15 22:16:19 | INFO     | Route #60: 2473 1283 364 3087 1105 2345 1145 2560 1756 2017 608 2061 614 58 740 3139 1281 1031 1587 1827 2903 1608 2487 2580 1247 189 2202 || mode=vb method=sk_kmeans solver=filo2 stage=post_ls ls=pyvrp iter=1
2026-03-15 22:16:19 | INFO     | Route #61: 124 1066 2419 1612 2239 257 2746 2707 2680 1084 2968 186 703 2085 2319 1040 1917 3176 2850 169 587 1080 1051 2136 39 276 2263 85 102 2576 || mode=vb method=sk_kmeans solver=filo2 stage=post_ls ls=pyvrp iter=1
2026-03-15 22:16:19 | INFO     | Route #62: 467 2944 553 2771 248 264 1714 589 3156 1617 846 2812 1835 73 1845 1064 1804 2658 2143 2080 || mode=vb method=sk_kmeans solver=filo2 stage=post_ls ls=pyvrp iter=1
2026-03-15 22:16:19 | INFO     | Route #63: 1013 3088 1844 54 417 904 1706 1707 817 2384 2414 1019 2523 2645 1191 2459 2801 2234 1768 2281 1562 453 2502 395 1866 1902 107 4 2098 825 1360 2338 1891 2405 2035 2782 || mode=vb method=sk_kmeans solver=filo2 stage=post_ls ls=pyvrp iter=1
2026-03-15 22:16:19 | INFO     | Route #64: 3073 751 1878 2612 1062 1300 343 3055 2704 653 882 2294 403 2428 975 2132 2025 1430 939 2305 2315 612 2618 1846 1650 2385 383 || mode=vb method=sk_kmeans solver=filo2 stage=post_ls ls=pyvrp iter=1
2026-03-15 22:16:19 | INFO     | Route #65: 2489 2402 162 2013 2293 800 1672 1828 1979 1918 249 2064 3163 2036 2093 2574 360 779 2578 470 2274 600 || mode=vb method=sk_kmeans solver=filo2 stage=post_ls ls=pyvrp iter=1
2026-03-15 22:16:19 | INFO     | Route #66: 1450 152 2962 1591 886 1060 2040 1220 548 278 1909 2130 1529 1727 2172 182 75 1181 781 1862 746 783 335 2135 3008 2608 || mode=vb method=sk_kmeans solver=filo2 stage=post_ls ls=pyvrp iter=1
2026-03-15 22:16:19 | INFO     | Route #67: 2277 2373 2127 332 3080 2863 2189 3109 2793 1326 3038 1469 2427 1321 810 2700 954 2690 741 1911 2065 1613 362 2882 829 3234 1016 635 || mode=vb method=sk_kmeans solver=filo2 stage=post_ls ls=pyvrp iter=1
2026-03-15 22:16:19 | INFO     | Route #68: 2137 220 2244 1564 1461 554 385 2335 2559 3071 731 1387 1624 199 3221 1310 1485 3227 2377 2718 399 284 745 79 2959 2688 999 978 2593 908 2739 3233 1893 || mode=vb method=sk_kmeans solver=filo2 stage=post_ls ls=pyvrp iter=1
2026-03-15 22:16:19 | INFO     | Route #69: 1957 1215 1134 1843 1402 1986 540 2805 1023 1107 646 1464 3041 1432 206 1970 1999 2047 1249 847 1867 2358 2221 59 || mode=vb method=sk_kmeans solver=filo2 stage=post_ls ls=pyvrp iter=1
2026-03-15 22:16:19 | INFO     | Route #70: 2825 2449 2144 1482 692 1837 2088 1091 791 2979 1083 1801 414 3137 1677 689 1463 3028 1879 388 2567 1802 135 2024 3057 1636 || mode=vb method=sk_kmeans solver=filo2 stage=post_ls ls=pyvrp iter=1
2026-03-15 22:16:19 | INFO     | Route #71: 2754 926 3143 380 265 838 813 2299 1572 2012 419 1159 1611 1725 1210 2256 2536 2332 2888 3226 1682 322 431 1987 2231 1189 1163 2534 1557 1953 3063 1090 601 1362 || mode=vb method=sk_kmeans solver=filo2 stage=post_ls ls=pyvrp iter=1
2026-03-15 22:16:19 | INFO     | Route #72: 3202 432 1820 744 1761 314 579 1877 951 2585 2816 620 3173 2479 3110 2242 2834 407 1261 2835 2809 675 3214 || mode=vb method=sk_kmeans solver=filo2 stage=post_ls ls=pyvrp iter=1
2026-03-15 22:16:19 | INFO     | Route #73: 3132 1730 2485 313 2031 1948 119 2490 2393 121 1504 1941 2388 1974 192 1453 519 2661 929 1791 3056 1790 2329 672 3162 2326 2260 2971 3211 1255 || mode=vb method=sk_kmeans solver=filo2 stage=post_ls ls=pyvrp iter=1
2026-03-15 22:16:19 | INFO     | Route #74: 307 1161 2533 475 1092 1350 1558 2308 358 266 2494 2369 930 773 650 3118 1094 1519 1689 648 2669 2904 2902 1513 2203 49 1258 546 1036 2972 670 1136 2546 3115 || mode=vb method=sk_kmeans solver=filo2 stage=post_ls ls=pyvrp iter=1
2026-03-15 22:16:19 | INFO     | Route #75: 998 1718 1102 500 1211 2006 801 1158 1153 1952 3138 1087 1182 2241 1888 542 2356 34 2432 1500 410 1542 569 1537 1745 940 533 1590 3022 713 1085 212 679 || mode=vb method=sk_kmeans solver=filo2 stage=post_ls ls=pyvrp iter=1
2026-03-15 22:16:19 | INFO     | Route #76: 471 293 2217 2514 3148 1418 1385 1908 176 530 2250 3184 2698 2219 1738 1082 2922 2862 1898 468 1610 3230 1144 576 627 2687 2651 86 1143 1881 || mode=vb method=sk_kmeans solver=filo2 stage=post_ls ls=pyvrp iter=1
2026-03-15 22:16:19 | INFO     | Route #77: 1363 799 1140 2110 2000 309 862 903 2982 442 312 2592 384 2096 243 1318 1766 562 869 2413 1831 3121 || mode=vb method=sk_kmeans solver=filo2 stage=post_ls ls=pyvrp iter=1
2026-03-15 22:16:19 | INFO     | Route #78: 195 291 1345 1708 1476 1067 1528 1054 1197 1740 2652 2095 2158 1409 1176 2015 990 1531 1699 766 2209 1944 2102 2673 2992 3219 989 822 1236 2737 3047 2952 285 || mode=vb method=sk_kmeans solver=filo2 stage=post_ls ls=pyvrp iter=1
2026-03-15 22:16:19 | INFO     | Route #79: 1546 887 1000 720 1439 64 523 1049 2852 814 2211 259 2695 1990 1770 2115 1807 1344 2177 621 2026 7 372 1836 1817 3197 || mode=vb method=sk_kmeans solver=filo2 stage=post_ls ls=pyvrp iter=1
2026-03-15 22:16:19 | INFO     | Route #80: 1771 207 1821 2785 3215 1607 3150 2186 678 333 2781 2398 878 1829 1183 1142 1050 2985 1457 1960 1688 598 2703 2151 2182 || mode=vb method=sk_kmeans solver=filo2 stage=post_ls ls=pyvrp iter=1
2026-03-15 22:16:19 | INFO     | Route #81: 2474 2440 2595 2197 2365 510 389 53 1684 2436 2016 580 2620 1460 1660 1882 3084 2103 1645 3207 1231 1810 2292 3104 479 668 2837 2775 2339 2391 1235 || mode=vb method=sk_kmeans solver=filo2 stage=post_ls ls=pyvrp iter=1
2026-03-15 22:16:19 | INFO     | Route #82: 1582 2443 1551 2279 603 649 1171 1553 938 46 816 286 1041 33 1668 1277 2629 2663 560 2685 3168 2145 355 122 778 1069 1549 19 1868 3130 1379 2871 1179 || mode=vb method=sk_kmeans solver=filo2 stage=post_ls ls=pyvrp iter=1
2026-03-15 22:16:19 | INFO     | Route #83: 1103 3151 1421 2122 1966 2091 2625 2364 3181 1726 977 237 1760 3117 1929 1555 2131 1193 2353 3149 72 1366 141 944 3188 1045 2386 762 1298 || mode=vb method=sk_kmeans solver=filo2 stage=post_ls ls=pyvrp iter=1
2026-03-15 22:16:19 | INFO     | Route #84: 873 2226 1742 1965 244 2730 1415 425 2770 2890 2079 232 2318 2878 2897 1070 1365 946 524 973 2847 1963 1308 2225 2786 935 || mode=vb method=sk_kmeans solver=filo2 stage=post_ls ls=pyvrp iter=1
2026-03-15 22:16:19 | INFO     | Route #85: 2648 2659 2366 1245 786 897 2034 2640 2148 1289 1605 2797 628 2392 700 2342 2194 2655 1885 305 2400 2321 120 187 1119 198 2967 110 2639 || mode=vb method=sk_kmeans solver=filo2 stage=post_ls ls=pyvrp iter=1
2026-03-15 22:16:19 | INFO     | Route #86: 3187 2577 2997 891 70 520 2354 704 1323 853 2848 1223 505 544 2901 2033 2819 931 2600 877 2193 1139 1492 1532 || mode=vb method=sk_kmeans solver=filo2 stage=post_ls ls=pyvrp iter=1
2026-03-15 22:16:19 | INFO     | Route #87: 3134 1692 1305 287 2371 1434 1832 1779 499 2460 148 45 354 2441 337 2445 171 2146 2831 1242 2408 160 215 1685 334 1239 1356 319 1603 194 2783 1686 2617 927 99 1961 || mode=vb method=sk_kmeans solver=filo2 stage=post_ls ls=pyvrp iter=1
2026-03-15 22:16:19 | INFO     | Route #88: 290 2531 2210 604 985 1992 370 495 1892 654 1565 175 2909 487 1654 2059 2442 3005 1194 3051 447 || mode=vb method=sk_kmeans solver=filo2 stage=post_ls ls=pyvrp iter=1
2026-03-15 22:16:19 | INFO     | Route #89: 3174 605 324 3009 2615 832 2396 486 1226 997 387 2846 1100 2749 1926 1020 2022 2869 1046 104 1218 1711 1 181 369 1288 3017 2833 1914 2196 1267 1506 2791 88 2517 1782 2183 || mode=vb method=sk_kmeans solver=filo2 stage=post_ls ls=pyvrp iter=1
2026-03-15 22:16:19 | INFO     | Route #90: 968 1661 1671 1702 3116 338 868 30 173 2898 2161 366 2503 2349 843 2710 61 1307 3074 2360 466 529 784 2028 681 1313 2889 543 || mode=vb method=sk_kmeans solver=filo2 stage=post_ls ls=pyvrp iter=1
2026-03-15 22:16:19 | INFO     | Route #91: 2235 3006 707 666 812 964 2100 2232 2910 996 2827 1785 855 1662 880 1922 531 2912 2716 106 697 1429 2346 1234 3213 2880 371 3100 || mode=vb method=sk_kmeans solver=filo2 stage=post_ls ls=pyvrp iter=1
2026-03-15 22:16:19 | INFO     | Route #92: 1150 2866 304 426 1653 2705 1088 2206 2689 404 2621 2154 459 665 2613 57 1059 911 2471 2265 2854 || mode=vb method=sk_kmeans solver=filo2 stage=post_ls ls=pyvrp iter=1
2026-03-15 22:16:19 | INFO     | Route #93: 2990 1419 1628 1213 2284 2582 1375 2803 2052 861 1227 127 1512 2069 1808 1527 270 1078 3034 1294 1011 685 3 1198 2051 415 1264 || mode=vb method=sk_kmeans solver=filo2 stage=post_ls ls=pyvrp iter=1
2026-03-15 22:16:19 | INFO     | Route #94: 3218 2032 2508 2839 1863 2927 240 452 1679 1055 830 460 1296 849 2928 687 159 2817 445 1754 1033 1274 676 2262 1317 1377 || mode=vb method=sk_kmeans solver=filo2 stage=post_ls ls=pyvrp iter=1
2026-03-15 22:16:19 | INFO     | Route #95: 2270 1577 1596 2511 1178 532 2861 1604 2512 489 912 2128 1493 2681 43 3237 1348 22 558 1972 1588 405 803 3040 112 2090 1930 582 128 2045 2763 || mode=vb method=sk_kmeans solver=filo2 stage=post_ls ls=pyvrp iter=1
2026-03-15 22:16:19 | INFO     | Route #96: 1166 2741 1357 262 155 2476 995 3069 859 2078 391 93 575 2481 1915 1341 2842 1480 234 2870 3019 1648 1205 301 2113 2654 630 565 2125 || mode=vb method=sk_kmeans solver=filo2 stage=post_ls ls=pyvrp iter=1
2026-03-15 22:16:19 | INFO     | Route #97: 568 671 242 1009 1164 1280 31 3157 458 1293 1410 2168 1315 1530 3236 971 2776 28 2994 1096 21 37 146 1433 || mode=vb method=sk_kmeans solver=filo2 stage=post_ls ls=pyvrp iter=1
2026-03-15 22:16:19 | INFO     | Route #98: 2657 914 876 3231 201 2395 2229 947 1630 2140 2742 20 833 3205 2475 1056 2287 1945 3112 1724 1195 327 1666 2104 2173 723 2558 2291 2773 932 2757 || mode=vb method=sk_kmeans solver=filo2 stage=post_ls ls=pyvrp iter=1
2026-03-15 22:16:19 | INFO     | Route #99: 1905 1373 374 1544 2524 1964 1154 2491 557 133 748 3061 969 1024 1916 288 2175 3220 1147 1156 1380 150 228 2066 2744 || mode=vb method=sk_kmeans solver=filo2 stage=post_ls ls=pyvrp iter=1
2026-03-15 22:16:19 | INFO     | Route #100: 2171 2717 1996 363 2917 2583 920 3011 2343 1865 1248 2725 1061 2155 522 1474 550 1853 2799 2566 1658 1880 1872 2750 2455 1659 1175 2699 2858 2153 706 1566 455 || mode=vb method=sk_kmeans solver=filo2 stage=post_ls ls=pyvrp iter=1
2026-03-15 22:16:19 | INFO     | Route #101: 1459 172 3046 2908 1491 213 770 2492 2920 1039 2954 1938 511 268 2815 1393 390 986 1032 105 572 373 365 1157 2162 || mode=vb method=sk_kmeans solver=filo2 stage=post_ls ls=pyvrp iter=1
2026-03-15 22:16:19 | INFO     | Route #102: 170 2584 1072 2532 2097 2965 1354 437 1440 2068 2555 1292 2361 260 2806 1712 3101 2129 2677 2403 1196 1971 2298 2452 724 10 3201 211 2378 2542 2840 300 1788 1483 2999 || mode=vb method=sk_kmeans solver=filo2 stage=post_ls ls=pyvrp iter=1
2026-03-15 22:16:19 | INFO     | Route #103: 2977 2918 1399 2624 296 168 2784 2714 606 2504 2118 153 2249 1038 979 950 1262 769 361 2271 2844 2418 2796 2480 1601 2647 200 2124 2798 || mode=vb method=sk_kmeans solver=filo2 stage=post_ls ls=pyvrp iter=1
2026-03-15 22:16:19 | INFO     | Route #104: 113 2587 1251 1505 2004 15 851 2429 2120 1665 2552 850 536 537 2953 2073 2306 1978 2895 502 1331 831 342 1184 1595 2355 2522 1128 3179 2762 2406 2733 2376 2464 3090 602 2417 || mode=vb method=sk_kmeans solver=filo2 stage=post_ls ls=pyvrp iter=1
2026-03-15 22:16:19 | INFO     | Route #105: 65 2672 828 1444 1501 963 2072 1431 347 210 3077 1581 3075 1404 2748 125 2551 556 2472 2347 1115 2808 937 798 || mode=vb method=sk_kmeans solver=filo2 stage=post_ls ls=pyvrp iter=1
2026-03-15 22:16:19 | INFO     | Route #106: 3225 2302 616 2619 1224 3186 2660 867 1638 2722 381 1912 3113 2348 570 74 24 3228 3206 805 3108 2224 2425 1747 2228 1989 || mode=vb method=sk_kmeans solver=filo2 stage=post_ls ls=pyvrp iter=1
2026-03-15 22:16:19 | INFO     | Route #107: 3035 1710 629 1847 3195 856 2 660 2925 230 2794 933 2216 1541 1995 2891 3140 32 884 2086 581 2622 1856 673 63 68 865 2002 1426 3232 567 3161 3018 1338 1001 2278 2331 || mode=vb method=sk_kmeans solver=filo2 stage=post_ls ls=pyvrp iter=1
2026-03-15 22:16:19 | INFO     | Route #108: 941 2857 1741 422 2071 2851 2769 1783 2379 1534 1099 158 538 957 1359 726 2114 2482 3053 842 1364 1680 315 708 2410 14 378 90 || mode=vb method=sk_kmeans solver=filo2 stage=post_ls ls=pyvrp iter=1
2026-03-15 22:16:19 | INFO     | Route #109: 3095 428 2697 2804 3129 2205 44 2359 77 1800 2501 1349 683 3058 1876 701 1017 1994 1731 1169 942 2463 375 1787 481 1413 2515 1751 || mode=vb method=sk_kmeans solver=filo2 stage=post_ls ls=pyvrp iter=1
2026-03-15 22:16:19 | INFO     | Route #110: 1823 1008 1709 3190 1208 3166 2357 1818 3021 918 2019 2253 1507 2469 1620 339 1520 3199 1503 2500 1447 2829 2768 1058 2682 3164 827 634 1376 896 2942 2899 2375 || mode=vb method=sk_kmeans solver=filo2 stage=post_ls ls=pyvrp iter=1
2026-03-15 22:16:19 | INFO     | Route #111: 1316 23 331 754 1733 1904 780 292 1358 974 1408 854 1268 465 2275 921 2179 1755 165 863 483 2180 3064 2980 || mode=vb method=sk_kmeans solver=filo2 stage=post_ls ls=pyvrp iter=1
2026-03-15 22:16:19 | INFO     | Route #112: 1219 758 1328 1664 3141 2269 2867 1792 2777 429 652 599 1206 725 2995 1511 3079 382 527 2506 1640 2160 2650 797 1533 1152 166 394 || mode=vb method=sk_kmeans solver=filo2 stage=post_ls ls=pyvrp iter=1
2026-03-15 22:16:19 | INFO     | Route #113: 1322 574 2987 1732 972 858 450 256 87 655 2450 2529 223 2728 3178 115 2874 899 222 756 755 1734 2789 52 227 || mode=vb method=sk_kmeans solver=filo2 stage=post_ls ls=pyvrp iter=1
2026-03-15 22:16:19 | INFO     | Route #114: 1126 1592 2336 3025 2715 411 1456 1495 81 423 772 96 1545 136 2423 1443 808 2701 1371 473 1521 126 1842 2023 1869 790 1445 1901 || mode=vb method=sk_kmeans solver=filo2 stage=post_ls ls=pyvrp iter=1
2026-03-15 22:16:19 | INFO     | Route #115: 1982 1886 1347 2149 2814 1002 225 418 2188 1005 844 2993 659 2184 434 2802 71 2820 1967 736 1098 625 3091 1079 2007 2911 2390 1903 || mode=vb method=sk_kmeans solver=filo2 stage=post_ls ls=pyvrp iter=1
2026-03-15 22:16:19 | INFO     | 
2026-03-15 22:16:19 | INFO     | [BEST SOLUTION ROUTE SUMMARY]
2026-03-15 22:16:19 | INFO     | --------------------------------------------------------------------------------
2026-03-15 22:16:19 | INFO     |  115 routes | VB    | sk_kmeans       | solver=filo2      | stage=post_ls | ls=pyvrp
2026-03-15 22:16:19 | INFO     | 
2026-03-15 22:16:19 | INFO     | [ROUTE POOL SUMMARY]
2026-03-15 22:16:19 | INFO     |   232 routes | VB | sk_ac_complete | solver=filo2 | stage=post_ls | ls=pyvrp
2026-03-15 22:16:19 | INFO     |   229 routes | VB | sk_ac_min | solver=pyvrp | stage=post_ls | ls=pyvrp
2026-03-15 22:16:19 | INFO     |   222 routes | RB | sk_ac_complete | solver=pyvrp | stage=post_ls | ls=pyvrp
2026-03-15 22:16:19 | INFO     |   168 routes | RB | sk_ac_avg | solver=filo1 | stage=post_ls | ls=pyvrp
2026-03-15 22:16:19 | INFO     |   116 routes | VB | fcm | solver=filo1 | stage=post_ls | ls=pyvrp
2026-03-15 22:16:19 | INFO     |   116 routes | VB | sk_ac_avg | solver=pyvrp | stage=post_ls | ls=pyvrp
2026-03-15 22:16:19 | INFO     |   116 routes | VB | sk_ac_complete | solver=pyvrp | stage=post_ls | ls=pyvrp
2026-03-15 22:16:19 | INFO     |   116 routes | VB | k_medoids_pyclustering | solver=pyvrp | stage=post_ls | ls=pyvrp
2026-03-15 22:16:19 | INFO     |   115 routes | VB | sk_kmeans | solver=filo2 | stage=post_ls | ls=pyvrp
2026-03-15 22:16:19 | INFO     |   115 routes | RB | sk_kmeans | solver=pyvrp | stage=post_ls | ls=pyvrp
2026-03-15 22:16:19 | INFO     |   115 routes | VB | sk_ac_avg | solver=filo1 | stage=post_ls | ls=pyvrp
2026-03-15 22:16:19 | INFO     |   113 routes | RB | sk_kmeans | solver=filo1 | stage=post_ls | ls=pyvrp
2026-03-15 22:16:19 | INFO     |   111 routes | RB | sk_ac_avg | solver=pyvrp | stage=post_ls | ls=pyvrp
2026-03-15 22:16:19 | INFO     |   101 routes | RB | sk_kmeans | solver=filo2 | stage=post_ls | ls=pyvrp
2026-03-15 22:16:19 | INFO     | [XL-n3241-k115 NO-IMPROVEMENT] best_cost=222394 | streak=18 | Gap: 0.5175%
2026-03-15 22:16:19 | INFO     | [XL-n3241-k115 ITERATION-TIMES 19] cluster=159.040s routing=668.139s ls=222.225s total=1050.064s
2026-03-15 22:16:19 | WARNING  | [XL-n3241-k115 STOP] time limit reached
2026-03-15 22:16:19 | INFO     | [XL-n3241-k115 FINAL SCP] solver=gurobi_mip | route_pool=1985
2026-03-15 22:18:41 | INFO     | [XL-n3241-k115 SCP] optimal solution found
2026-03-15 22:22:14 | INFO     | 
2026-03-15 22:22:14 | INFO     | ================================================================================
2026-03-15 22:22:14 | INFO     | [XL-n3241-k115] FINAL BEST ROUTES WITH TAGS
2026-03-15 22:22:14 | INFO     | ================================================================================
2026-03-15 22:22:14 | INFO     | Route #1: 1095 2745 1729 981 1780 1423 1894 2401 1669 2978 823 13 515 2119 2631 1222 1204 1468 1550 2571 1993 1241 1586 2251 1764 27 2956 2248 1290 1951 2255 1984 1721 2116 3024 2667 || mode=VB method=sk_kmeans solver=filo2 stage=post_ls ls=pyvrp iter=1
2026-03-15 22:22:14 | INFO     | Route #2: 595 2924 2020 2001 776 1571 2286 443 1700 1093 2923 820 551 2811 2810 2841 1063 2675 3010 476 2152 2247 547 2147 1312 2813 1026 811 1656 || mode=VB method=sk_kmeans solver=filo2 stage=post_ls ls=pyvrp iter=1
2026-03-15 22:22:14 | INFO     | Route #3: 2573 743 2083 922 2548 965 885 336 3204 1713 767 254 2176 2634 392 3050 2747 294 1750 1256 3131 2520 2037 464 1696 2638 2285 2836 2605 2767 || mode=VB method=sk_kmeans solver=filo2 stage=post_ls ls=pyvrp iter=1
2026-03-15 22:22:14 | INFO     | Route #4: 2397 1895 806 611 2674 2296 498 1720 26 2729 991 521 56 2198 1889 325 3070 1297 3114 348 821 2581 1673 2915 140 3089 2887 2363 5 3082 1396 2693 3083 1109 1455 82 || mode=VB method=sk_kmeans solver=filo2 stage=post_ls ls=pyvrp iter=1
2026-03-15 22:22:14 | INFO     | Route #5: 55 915 2438 1980 1374 1397 2227 3154 1207 735 251 1401 2264 349 1238 1129 2893 1540 3027 1065 1030 3004 2855 2516 208 2121 1452 3054 658 2828 2465 2588 2528 1719 564 2461 || mode=VB method=sk_kmeans solver=filo2 stage=post_ls ls=pyvrp iter=1
2026-03-15 22:22:14 | INFO     | Route #6: 1687 129 11 1576 1637 1386 2470 2192 2322 1784 2616 749 691 1282 501 1424 3208 2626 1799 3229 637 1336 1691 2111 722 317 308 2964 1560 2462 2945 1230 253 || mode=VB method=sk_kmeans solver=filo2 stage=post_ls ls=pyvrp iter=1
2026-03-15 22:22:14 | INFO     | Route #7: 2074 1633 848 2159 233 1806 3142 3135 2233 2521 1748 3020 1523 705 2220 197 183 1127 1462 2430 1498 504 1472 1149 1762 137 1394 || mode=VB method=sk_kmeans solver=filo2 stage=post_ls ls=pyvrp iter=1
2026-03-15 22:22:14 | INFO     | Route #8: 1825 1010 1381 1489 901 1693 1022 2288 1695 1752 664 1101 2961 928 1391 2766 893 1809 3124 2643 1209 2969 2370 132 1906 1174 839 || mode=VB method=sk_kmeans solver=filo2 stage=post_ls ls=pyvrp iter=1
2026-03-15 22:22:14 | INFO     | Route #9: 1774 840 84 953 1703 1936 2755 2931 1285 2437 1925 2610 962 591 2042 2823 1849 2943 274 1947 1919 472 2712 661 1416 1615 1509 1959 959 2933 393 2570 161 || mode=VB method=sk_kmeans solver=filo2 stage=post_ls ls=pyvrp iter=1
2026-03-15 22:22:14 | INFO     | Route #10: 477 1556 216 2963 1185 677 2575 2169 2488 2167 782 83 2195 2238 759 680 895 3039 1188 983 1833 2138 16 2163 3072 1614 1609 2456 2564 3099 1125 717 || mode=VB method=sk_kmeans solver=filo2 stage=post_ls ls=pyvrp iter=1
2026-03-15 22:22:14 | INFO     | Route #11: 245 1233 3098 593 131 1690 669 549 1111 3092 1575 711 3001 1117 2350 617 238 1627 2900 585 2826 1920 613 2057 1490 2632 2139 815 || mode=VB method=sk_kmeans solver=filo2 stage=post_ls ls=pyvrp iter=1
2026-03-15 22:22:14 | INFO     | Route #12: 2309 47 95 2060 2039 50 180 1655 236 2433 1737 252 164 282 289 534 279 730 729 320 1425 1496 247 1034 2875 2054 2081 1414 || mode=VB method=sk_kmeans solver=filo2 stage=post_ls ls=pyvrp iter=1
2026-03-15 22:22:14 | INFO     | Route #13: 2553 2751 2683 1484 2053 250 1343 2686 2018 2772 2935 1570 732 9 2201 2207 2505 406 597 889 2243 2637 2599 1621 1861 69 1029 || mode=VB method=sk_kmeans solver=filo2 stage=post_ls ls=pyvrp iter=1
2026-03-15 22:22:14 | INFO     | Route #14: 1228 2973 436 2759 733 2181 1370 1475 955 1723 819 2709 1522 3224 2003 2380 446 2063 526 379 || mode=VB method=sk_kmeans solver=filo2 stage=post_ls ls=pyvrp iter=1
2026-03-15 22:22:14 | INFO     | Route #15: 3223 326 1047 682 2955 353 1962 2872 2760 1955 456 1777 651 2327 1626 2635 2170 1110 2787 2272 2333 643 2885 1753 2218 || mode=VB method=sk_kmeans solver=filo2 stage=post_ls ls=pyvrp iter=1
2026-03-15 22:22:14 | INFO     | Route #16: 1667 1716 409 949 1921 2312 89 721 1508 1514 2691 2958 1985 1342 738 1043 1949 2989 1361 145 2087 1003 2075 || mode=VB method=sk_kmeans solver=filo2 stage=post_ls ls=pyvrp iter=1
2026-03-15 22:22:14 | INFO     | Route #17: 461 246 1133 2367 41 2694 42 130 512 462 108 297 1826 1763 1998 1346 413 1932 1284 3032 1652 535 802 2099 2601 463 2268 2420 952 2940 3094 || mode=VB method=sk_kmeans solver=filo2 stage=post_ls ls=pyvrp iter=1
2026-03-15 22:22:14 | INFO     | Route #18: 525 883 2164 2422 1309 2273 2307 1839 451 2416 699 142 3222 2245 1629 1335 277 804 1330 1291 357 1187 2266 2058 457 1395 1155 217 2879 2916 2752 || mode=VB method=sk_kmeans solver=filo2 stage=post_ls ls=pyvrp iter=1
2026-03-15 22:22:14 | INFO     | Route #19: 2881 2317 1306 3103 2237 2351 2957 67 1940 1939 2458 1543 111 2950 1499 2607 3037 1735 967 1871 2720 18 890 || mode=VB method=sk_kmeans solver=filo2 stage=post_ls ls=pyvrp iter=1
2026-03-15 22:22:14 | INFO     | Route #20: 1997 592 2557 2941 1086 1643 2561 2204 2446 3171 2493 1647 1301 826 888 2864 2726 2765 427 2252 3153 2926 163 618 1773 3210 2527 1502 622 || mode=VB method=sk_kmeans solver=filo2 stage=post_ls ls=pyvrp iter=1
2026-03-15 22:22:14 | INFO     | Route #21: 143 2499 2290 1478 1015 1830 3031 1225 1428 310 571 609 1518 1524 2572 2109 3059 1436 2404 1641 40 3160 484 1403 1052 1584 2678 2409 632 1076 2668 || mode=VB method=sk_kmeans solver=filo2 stage=post_ls ls=pyvrp iter=1
2026-03-15 22:22:14 | INFO     | Route #22: 645 441 961 3182 1642 2727 318 117 760 2545 1681 1252 2792 2451 2341 1172 503 2547 2267 2468 2966 2988 6 1778 469 623 || mode=VB method=sk_kmeans solver=filo2 stage=post_ls ls=pyvrp iter=1
2026-03-15 22:22:14 | INFO     | Route #23: 139 3036 3146 695 1122 2094 1392 1701 2030 255 1593 1012 976 2005 204 1781 2157 836 190 1675 1044 2896 2665 || mode=VB method=sk_kmeans solver=filo2 stage=post_ls ls=pyvrp iter=1
2026-03-15 22:22:14 | INFO     | Route #24: 2603 2930 2554 1776 1333 1451 2807 1854 1108 834 1840 2614 686 2328 2519 3235 2876 1465 3183 638 2156 299 351 1743 1910 || mode=VB method=sk_kmeans solver=filo2 stage=post_ls ls=pyvrp iter=1
2026-03-15 22:22:14 | INFO     | Route #25: 2435 2526 1388 1135 2708 2859 1384 919 1160 1616 924 2604 1329 610 412 496 203 2790 1935 586 1554 987 1422 1798 1563 1526 663 1803 2779 3198 || mode=VB method=sk_kmeans solver=filo2 stage=post_ls ls=pyvrp iter=1
2026-03-15 22:22:14 | INFO     | Route #26: 1975 1838 3170 2258 1580 2330 1212 2165 1536 2543 38 3044 872 2178 2838 2907 2133 3097 492 1303 306 2300 2106 2174 1822 1744 539 2821 1749 2932 || mode=VB method=sk_kmeans solver=filo2 stage=post_ls ls=pyvrp iter=1
2026-03-15 22:22:14 | INFO     | Route #27: 559 1177 633 1746 1973 563 1028 219 774 1071 2753 321 396 698 2498 958 359 3133 377 684 1470 3000 193 2706 3081 787 || mode=VB method=sk_kmeans solver=filo2 stage=post_ls ls=pyvrp iter=1
2026-03-15 22:22:14 | INFO     | Route #28: 1883 2142 507 474 1635 2684 3123 1352 478 352 1789 624 900 138 1539 1538 2046 1958 508 2649 3127 1968 2077 80 1407 2261 221 2509 1259 454 2282 2946 || mode=VB method=sk_kmeans solver=filo2 stage=post_ls ls=pyvrp iter=1
2026-03-15 22:22:14 | INFO     | Route #29: 2301 1913 157 2611 845 2949 513 916 909 1625 2609 2822 1585 1988 76 2041 860 401 2478 2596 2089 1797 1454 1337 3165 || mode=VB method=sk_kmeans solver=filo2 stage=post_ls ls=pyvrp iter=1
2026-03-15 22:22:14 | INFO     | Route #30: 3196 188 506 1203 2756 235 3033 2623 1631 2497 91 48 1870 416 796 430 1114 1471 1355 295 2630 449 2236 2676 2215 2254 2190 1053 2948 2845 1841 1873 3049 || mode=VB method=sk_kmeans solver=filo2 stage=post_ls ls=pyvrp iter=1
2026-03-15 22:22:14 | INFO     | Route #31: 1954 1767 1757 841 261 577 269 1606 147 3175 2998 852 1382 807 2112 734 103 1568 2117 2382 433 1758 1705 590 448 3209 376 1874 || mode=VB method=sk_kmeans solver=filo2 stage=post_ls ls=pyvrp iter=1
2026-03-15 22:22:14 | INFO     | Route #32: 3193 3078 323 898 273 2466 2027 2467 1021 2884 509 2824 934 1969 2056 3128 2457 1437 1597 2187 2486 1299 2055 2076 2873 1824 1006 1466 2344 793 694 1137 3045 || mode=VB method=sk_kmeans solver=filo2 stage=post_ls ls=pyvrp iter=1
2026-03-15 22:22:14 | INFO     | Route #33: 2702 2937 1324 2070 3194 1275 1081 2150 2983 1132 2415 1852 1943 177 1367 1887 2671 1561 2919 280 2974 2199 151 2208 1411 1123 1632 2340 1736 || mode=VB method=sk_kmeans solver=filo2 stage=post_ls ls=pyvrp iter=1
2026-03-15 22:22:14 | INFO     | Route #34: 1552 2280 866 1130 2860 92 1244 2991 992 439 2853 647 693 2738 1981 765 1651 344 583 1815 440 1192 2865 1812 1775 491 340 1217 2257 || mode=VB method=sk_kmeans solver=filo2 stage=post_ls ls=pyvrp iter=1
2026-03-15 22:22:14 | INFO     | Route #35: 2892 1816 1697 3062 3007 386 2598 1200 1146 1441 1602 2589 1167 2014 2535 1623 728 2627 3105 2222 2082 267 1548 970 3111 1332 1427 3180 2723 917 || mode=VB method=sk_kmeans solver=filo2 stage=post_ls ls=pyvrp iter=1
2026-03-15 22:22:14 | INFO     | Route #36: 1148 761 1956 948 2541 283 1715 3106 1389 881 2316 943 905 1018 178 2653 1946 1131 2387 662 316 302 1473 || mode=VB method=sk_kmeans solver=filo2 stage=post_ls ls=pyvrp iter=1
2026-03-15 22:22:14 | INFO     | Route #37: 3212 435 1583 3200 1173 2735 1646 2495 3240 561 2518 1229 2976 1124 1634 742 1420 555 902 690 578 2550 771 2029 3189 2507 1286 1834 493 3096 3003 || mode=VB method=sk_kmeans solver=filo2 stage=post_ls ls=pyvrp iter=1
2026-03-15 22:22:14 | INFO     | Route #38: 1121 1933 879 2646 626 1406 1112 444 400 2666 202 1950 2010 763 2484 3076 1325 1398 3013 1073 3043 2009 3126 1795 || mode=VB method=sk_kmeans solver=filo2 stage=post_ls ls=pyvrp iter=1
2026-03-15 22:22:14 | INFO     | Route #39: 2223 1141 480 226 2530 2212 857 1769 716 2586 2758 994 1875 2424 494 2105 3085 1937 275 936 1271 596 2325 2606 || mode=VB method=sk_kmeans solver=filo2 stage=post_ls ls=pyvrp iter=1
2026-03-15 22:22:14 | INFO     | Route #40: 1814 1214 3042 1649 109 3093 545 149 2362 2713 984 1676 311 615 328 667 1481 2664 1794 2761 1900 1278 2200 78 1257 1265 350 1899 2295 2062 100 || mode=VB method=sk_kmeans solver=filo2 stage=post_ls ls=pyvrp iter=1
2026-03-15 22:22:14 | INFO     | Route #41: 2981 3066 907 1273 2692 764 330 356 2939 1339 1663 35 2590 2843 1442 2426 2642 3067 1287 1138 || mode=VB method=sk_kmeans solver=filo2 stage=post_ls ls=pyvrp iter=1
2026-03-15 22:22:14 | INFO     | Route #42: 2141 2830 1304 835 2283 1494 2883 123 2832 795 2044 272 2320 1276 1068 2731 3158 1104 12 2633 2011 528 727 3144 818 3030 2434 || mode=VB method=sk_kmeans solver=filo2 stage=post_ls ls=pyvrp iter=1
2026-03-15 22:22:14 | INFO     | Route #43: 341 1383 2214 640 1924 1314 179 420 2719 639 656 757 482 1983 913 1116 714 1858 1857 3068 3065 768 636 1928 1390 || mode=VB method=sk_kmeans solver=filo2 stage=post_ls ls=pyvrp iter=1
2026-03-15 22:22:14 | INFO     | Route #44: 2921 3016 2788 1704 2134 2297 1793 696 3239 1037 66 1488 2311 1042 2670 1728 1573 1253 1190 1510 2439 2795 1089 1269 1644 2496 688 2774 2412 945 || mode=VB method=sk_kmeans solver=filo2 stage=post_ls ls=pyvrp iter=1
2026-03-15 22:22:14 | INFO     | Route #45: 1165 3060 573 2568 1765 792 2662 1279 2970 2513 2565 3002 980 702 1772 657 1458 2721 1639 397 2084 2374 1074 1118 1722 1931 1578 518 2734 642 || mode=VB method=sk_kmeans solver=filo2 stage=post_ls ls=pyvrp iter=1
2026-03-15 22:22:14 | INFO     | Route #46: 1907 2383 97 1353 2934 1035 1600 2951 2780 1232 2259 2569 2711 2563 1240 2556 1598 101 114 2185 3172 2123 785 3125 1327 864 2996 1027 || mode=VB method=sk_kmeans solver=filo2 stage=post_ls ls=pyvrp iter=1
2026-03-15 22:22:14 | INFO     | Route #47: 1759 8 398 2778 1859 588 719 1216 1477 156 1254 2724 1077 1487 809 1351 196 1567 1199 1860 2906 1848 2314 3147 2304 2849 2389 874 1819 || mode=VB method=sk_kmeans solver=filo2 stage=post_ls ls=pyvrp iter=1
2026-03-15 22:22:14 | INFO     | Route #48: 485 1479 2043 2289 25 1113 1446 1221 1025 1334 1400 2337 3107 167 988 1435 2984 218 737 191 2732 1516 258 2641 || mode=VB method=sk_kmeans solver=filo2 stage=post_ls ls=pyvrp iter=1
2026-03-15 22:22:14 | INFO     | Route #49: 824 2166 2352 174 3029 1786 894 2740 1449 1851 514 2656 1569 1320 2246 2644 2108 3177 2092 1698 1270 402 1014 || mode=VB method=sk_kmeans solver=filo2 stage=post_ls ls=pyvrp iter=1
2026-03-15 22:22:14 | INFO     | Route #50: 2549 892 1162 870 144 3120 51 1186 1106 1048 1497 712 925 241 2602 1405 94 956 3217 2856 2914 1201 2591 3238 298 2038 2126 || mode=VB method=sk_kmeans solver=filo2 stage=post_ls ls=pyvrp iter=1
2026-03-15 22:22:14 | INFO     | Route #51: 1813 29 3014 718 2947 2303 631 2483 1180 2453 710 1272 1717 2597 1579 2447 1622 2049 1311 1075 2886 1007 2905 2444 2067 2960 2372 2399 2050 794 837 154 || mode=VB method=sk_kmeans solver=filo2 stage=post_ls ls=pyvrp iter=1
2026-03-15 22:22:14 | INFO     | Route #52: 3192 709 185 3119 3048 906 1378 3159 2334 2313 1796 281 2276 2913 993 3015 3203 1417 438 3122 1170 2323 747 2868 2021 345 || mode=VB method=sk_kmeans solver=filo2 stage=post_ls ls=pyvrp iter=1
2026-03-15 22:22:14 | INFO     | Route #53: 2394 1855 263 214 2048 982 368 421 2407 541 1295 644 1302 1683 184 960 3167 346 2540 871 1884 || mode=VB method=sk_kmeans solver=filo2 stage=post_ls ls=pyvrp iter=1
2026-03-15 22:22:14 | INFO     | Route #54: 1120 2411 1977 2454 1515 1260 2743 750 271 231 875 2368 1594 118 3102 2544 3169 594 17 775 1739 205 1589 1976 1559 2431 1942 1657 329 || mode=VB method=sk_kmeans solver=filo2 stage=post_ls ls=pyvrp iter=1
2026-03-15 22:22:14 | INFO     | Route #55: 36 1525 2510 2975 60 1263 1319 2764 1243 2310 1618 2101 1694 1237 3191 3026 98 488 1890 2936 584 674 1599 910 62 || mode=VB method=sk_kmeans solver=filo2 stage=post_ls ls=pyvrp iter=1
2026-03-15 22:22:14 | INFO     | Route #56: 424 2986 966 2636 2213 1678 2538 1517 2562 2579 2736 777 1057 2877 497 1151 1670 2381 1850 134 1004 3012 1340 367 3145 607 2230 209 || mode=VB method=sk_kmeans solver=filo2 stage=post_ls ls=pyvrp iter=1
2026-03-15 22:22:14 | INFO     | Route #57: 2324 224 1811 1250 1923 1547 619 2938 641 3185 923 1896 1897 3216 739 1991 229 1934 1574 1202 408 2191 1805 2525 116 1486 || mode=VB method=sk_kmeans solver=filo2 stage=post_ls ls=pyvrp iter=1
2026-03-15 22:22:14 | INFO     | Route #58: 1097 752 789 1448 1535 239 1368 1369 566 1864 2696 3136 2894 3155 3152 517 490 2477 715 2537 2240 1266 1168 3023 552 2421 2628 || mode=VB method=sk_kmeans solver=filo2 stage=post_ls ls=pyvrp iter=1
2026-03-15 22:22:14 | INFO     | Route #59: 1372 1674 788 2107 1412 1438 2800 2818 753 516 1467 1619 303 2929 1927 2679 3086 2008 2448 2594 3052 1246 2539 || mode=VB method=sk_kmeans solver=filo2 stage=post_ls ls=pyvrp iter=1
2026-03-15 22:22:14 | INFO     | Route #60: 2473 1283 364 3087 1105 2345 1145 2560 1756 2017 608 2061 614 58 740 3139 1281 1031 1587 1827 2903 1608 2487 2580 1247 189 2202 || mode=VB method=sk_kmeans solver=filo2 stage=post_ls ls=pyvrp iter=1
2026-03-15 22:22:14 | INFO     | Route #61: 124 1066 2419 1612 2239 257 2746 2707 2680 1084 2968 186 703 2085 2319 1040 1917 3176 2850 169 587 1080 1051 2136 39 276 2263 85 102 2576 || mode=VB method=sk_kmeans solver=filo2 stage=post_ls ls=pyvrp iter=1
2026-03-15 22:22:14 | INFO     | Route #62: 467 2944 553 2771 248 264 1714 589 3156 1617 846 2812 1835 73 1845 1064 1804 2658 2143 2080 || mode=VB method=sk_kmeans solver=filo2 stage=post_ls ls=pyvrp iter=1
2026-03-15 22:22:14 | INFO     | Route #63: 1013 3088 1844 54 417 904 1706 1707 817 2384 2414 1019 2523 2645 1191 2459 2801 2234 1768 2281 1562 453 2502 395 1866 1902 107 4 2098 825 1360 2338 1891 2405 2035 2782 || mode=VB method=sk_kmeans solver=filo2 stage=post_ls ls=pyvrp iter=1
2026-03-15 22:22:14 | INFO     | Route #64: 3073 751 1878 2612 1062 1300 343 3055 2704 653 882 2294 403 2428 975 2132 2025 1430 939 2305 2315 612 2618 1846 1650 2385 383 || mode=VB method=sk_kmeans solver=filo2 stage=post_ls ls=pyvrp iter=1
2026-03-15 22:22:14 | INFO     | Route #65: 2489 2402 162 2013 2293 800 1672 1828 1979 1918 249 2064 3163 2036 2093 2574 360 779 2578 470 2274 600 || mode=VB method=sk_kmeans solver=filo2 stage=post_ls ls=pyvrp iter=1
2026-03-15 22:22:14 | INFO     | Route #66: 1450 152 2962 1591 886 1060 2040 1220 548 278 1909 2130 1529 1727 2172 182 75 1181 781 1862 746 783 335 2135 3008 2608 || mode=VB method=sk_kmeans solver=filo2 stage=post_ls ls=pyvrp iter=1
2026-03-15 22:22:14 | INFO     | Route #67: 2277 2373 2127 332 3080 2863 2189 3109 2793 1326 3038 1469 2427 1321 810 2700 954 2690 741 1911 2065 1613 362 2882 829 3234 1016 635 || mode=VB method=sk_kmeans solver=filo2 stage=post_ls ls=pyvrp iter=1
2026-03-15 22:22:14 | INFO     | Route #68: 2137 220 2244 1564 1461 554 385 2335 2559 3071 731 1387 1624 199 3221 1310 1485 3227 2377 2718 399 284 745 79 2959 2688 999 978 2593 908 2739 3233 1893 || mode=VB method=sk_kmeans solver=filo2 stage=post_ls ls=pyvrp iter=1
2026-03-15 22:22:14 | INFO     | Route #69: 1957 1215 1134 1843 1402 1986 540 2805 1023 1107 646 1464 3041 1432 206 1970 1999 2047 1249 847 1867 2358 2221 59 || mode=VB method=sk_kmeans solver=filo2 stage=post_ls ls=pyvrp iter=1
2026-03-15 22:22:14 | INFO     | Route #70: 2825 2449 2144 1482 692 1837 2088 1091 791 2979 1083 1801 414 3137 1677 689 1463 3028 1879 388 2567 1802 135 2024 3057 1636 || mode=VB method=sk_kmeans solver=filo2 stage=post_ls ls=pyvrp iter=1
2026-03-15 22:22:14 | INFO     | Route #71: 2754 926 3143 380 265 838 813 2299 1572 2012 419 1159 1611 1725 1210 2256 2536 2332 2888 3226 1682 322 431 1987 2231 1189 1163 2534 1557 1953 3063 1090 601 1362 || mode=VB method=sk_kmeans solver=filo2 stage=post_ls ls=pyvrp iter=1
2026-03-15 22:22:14 | INFO     | Route #72: 3202 432 1820 744 1761 314 579 1877 951 2585 2816 620 3173 2479 3110 2242 2834 407 1261 2835 2809 675 3214 || mode=VB method=sk_kmeans solver=filo2 stage=post_ls ls=pyvrp iter=1
2026-03-15 22:22:14 | INFO     | Route #73: 3132 1730 2485 313 2031 1948 119 2490 2393 121 1504 1941 2388 1974 192 1453 519 2661 929 1791 3056 1790 2329 672 3162 2326 2260 2971 3211 1255 || mode=VB method=sk_kmeans solver=filo2 stage=post_ls ls=pyvrp iter=1
2026-03-15 22:22:14 | INFO     | Route #74: 307 1161 2533 475 1092 1350 1558 2308 358 266 2494 2369 930 773 650 3118 1094 1519 1689 648 2669 2904 2902 1513 2203 49 1258 546 1036 2972 670 1136 2546 3115 || mode=VB method=sk_kmeans solver=filo2 stage=post_ls ls=pyvrp iter=1
2026-03-15 22:22:14 | INFO     | Route #75: 998 1718 1102 500 1211 2006 801 1158 1153 1952 3138 1087 1182 2241 1888 542 2356 34 2432 1500 410 1542 569 1537 1745 940 533 1590 3022 713 1085 212 679 || mode=VB method=sk_kmeans solver=filo2 stage=post_ls ls=pyvrp iter=1
2026-03-15 22:22:14 | INFO     | Route #76: 471 293 2217 2514 3148 1418 1385 1908 176 530 2250 3184 2698 2219 1738 1082 2922 2862 1898 468 1610 3230 1144 576 627 2687 2651 86 1143 1881 || mode=VB method=sk_kmeans solver=filo2 stage=post_ls ls=pyvrp iter=1
2026-03-15 22:22:14 | INFO     | Route #77: 1363 799 1140 2110 2000 309 862 903 2982 442 312 2592 384 2096 243 1318 1766 562 869 2413 1831 3121 || mode=VB method=sk_kmeans solver=filo2 stage=post_ls ls=pyvrp iter=1
2026-03-15 22:22:14 | INFO     | Route #78: 195 291 1345 1708 1476 1067 1528 1054 1197 1740 2652 2095 2158 1409 1176 2015 990 1531 1699 766 2209 1944 2102 2673 2992 3219 989 822 1236 2737 3047 2952 285 || mode=VB method=sk_kmeans solver=filo2 stage=post_ls ls=pyvrp iter=1
2026-03-15 22:22:14 | INFO     | Route #79: 1546 887 1000 720 1439 64 523 1049 2852 814 2211 259 2695 1990 1770 2115 1807 1344 2177 621 2026 7 372 1836 1817 3197 || mode=VB method=sk_kmeans solver=filo2 stage=post_ls ls=pyvrp iter=1
2026-03-15 22:22:14 | INFO     | Route #80: 1771 207 1821 2785 3215 1607 3150 2186 678 333 2781 2398 878 1829 1183 1142 1050 2985 1457 1960 1688 598 2703 2151 2182 || mode=VB method=sk_kmeans solver=filo2 stage=post_ls ls=pyvrp iter=1
2026-03-15 22:22:14 | INFO     | Route #81: 2474 2440 2595 2197 2365 510 389 53 1684 2436 2016 580 2620 1460 1660 1882 3084 2103 1645 3207 1231 1810 2292 3104 479 668 2837 2775 2339 2391 1235 || mode=VB method=sk_kmeans solver=filo2 stage=post_ls ls=pyvrp iter=1
2026-03-15 22:22:14 | INFO     | Route #82: 1582 2443 1551 2279 603 649 1171 1553 938 46 816 286 1041 33 1668 1277 2629 2663 560 2685 3168 2145 355 122 778 1069 1549 19 1868 3130 1379 2871 1179 || mode=VB method=sk_kmeans solver=filo2 stage=post_ls ls=pyvrp iter=1
2026-03-15 22:22:14 | INFO     | Route #83: 1103 3151 1421 2122 1966 2091 2625 2364 3181 1726 977 237 1760 3117 1929 1555 2131 1193 2353 3149 72 1366 141 944 3188 1045 2386 762 1298 || mode=VB method=sk_kmeans solver=filo2 stage=post_ls ls=pyvrp iter=1
2026-03-15 22:22:14 | INFO     | Route #84: 873 2226 1742 1965 244 2730 1415 425 2770 2890 2079 232 2318 2878 2897 1070 1365 946 524 973 2847 1963 1308 2225 2786 935 || mode=VB method=sk_kmeans solver=filo2 stage=post_ls ls=pyvrp iter=1
2026-03-15 22:22:14 | INFO     | Route #85: 2648 2659 2366 1245 786 897 2034 2640 2148 1289 1605 2797 628 2392 700 2342 2194 2655 1885 305 2400 2321 120 187 1119 198 2967 110 2639 || mode=VB method=sk_kmeans solver=filo2 stage=post_ls ls=pyvrp iter=1
2026-03-15 22:22:14 | INFO     | Route #86: 3187 2577 2997 891 70 520 2354 704 1323 853 2848 1223 505 544 2901 2033 2819 931 2600 877 2193 1139 1492 1532 || mode=VB method=sk_kmeans solver=filo2 stage=post_ls ls=pyvrp iter=1
2026-03-15 22:22:14 | INFO     | Route #87: 3134 1692 1305 287 2371 1434 1832 1779 499 2460 148 45 354 2441 337 2445 171 2146 2831 1242 2408 160 215 1685 334 1239 1356 319 1603 194 2783 1686 2617 927 99 1961 || mode=VB method=sk_kmeans solver=filo2 stage=post_ls ls=pyvrp iter=1
2026-03-15 22:22:14 | INFO     | Route #88: 290 2531 2210 604 985 1992 370 495 1892 654 1565 175 2909 487 1654 2059 2442 3005 1194 3051 447 || mode=VB method=sk_kmeans solver=filo2 stage=post_ls ls=pyvrp iter=1
2026-03-15 22:22:14 | INFO     | Route #89: 3174 605 324 3009 2615 832 2396 486 1226 997 387 2846 1100 2749 1926 1020 2022 2869 1046 104 1218 1711 1 181 369 1288 3017 2833 1914 2196 1267 1506 2791 88 2517 1782 2183 || mode=VB method=sk_kmeans solver=filo2 stage=post_ls ls=pyvrp iter=1
2026-03-15 22:22:14 | INFO     | Route #90: 968 1661 1671 1702 3116 338 868 30 173 2898 2161 366 2503 2349 843 2710 61 1307 3074 2360 466 529 784 2028 681 1313 2889 543 || mode=VB method=sk_kmeans solver=filo2 stage=post_ls ls=pyvrp iter=1
2026-03-15 22:22:14 | INFO     | Route #91: 2235 3006 707 666 812 964 2100 2232 2910 996 2827 1785 855 1662 880 1922 531 2912 2716 106 697 1429 2346 1234 3213 2880 371 3100 || mode=VB method=sk_kmeans solver=filo2 stage=post_ls ls=pyvrp iter=1
2026-03-15 22:22:14 | INFO     | Route #92: 1150 2866 304 426 1653 2705 1088 2206 2689 404 2621 2154 459 665 2613 57 1059 911 2471 2265 2854 || mode=VB method=sk_kmeans solver=filo2 stage=post_ls ls=pyvrp iter=1
2026-03-15 22:22:14 | INFO     | Route #93: 2990 1419 1628 1213 2284 2582 1375 2803 2052 861 1227 127 1512 2069 1808 1527 270 1078 3034 1294 1011 685 3 1198 2051 415 1264 || mode=VB method=sk_kmeans solver=filo2 stage=post_ls ls=pyvrp iter=1
2026-03-15 22:22:14 | INFO     | Route #94: 3218 2032 2508 2839 1863 2927 240 452 1679 1055 830 460 1296 849 2928 687 159 2817 445 1754 1033 1274 676 2262 1317 1377 || mode=VB method=sk_kmeans solver=filo2 stage=post_ls ls=pyvrp iter=1
2026-03-15 22:22:14 | INFO     | Route #95: 2270 1577 1596 2511 1178 532 2861 1604 2512 489 912 2128 1493 2681 43 3237 1348 22 558 1972 1588 405 803 3040 112 2090 1930 582 128 2045 2763 || mode=VB method=sk_kmeans solver=filo2 stage=post_ls ls=pyvrp iter=1
2026-03-15 22:22:14 | INFO     | Route #96: 1166 2741 1357 262 155 2476 995 3069 859 2078 391 93 575 2481 1915 1341 2842 1480 234 2870 3019 1648 1205 301 2113 2654 630 565 2125 || mode=VB method=sk_kmeans solver=filo2 stage=post_ls ls=pyvrp iter=1
2026-03-15 22:22:14 | INFO     | Route #97: 568 671 242 1009 1164 1280 31 3157 458 1293 1410 2168 1315 1530 3236 971 2776 28 2994 1096 21 37 146 1433 || mode=VB method=sk_kmeans solver=filo2 stage=post_ls ls=pyvrp iter=1
2026-03-15 22:22:14 | INFO     | Route #98: 2657 914 876 3231 201 2395 2229 947 1630 2140 2742 20 833 3205 2475 1056 2287 1945 3112 1724 1195 327 1666 2104 2173 723 2558 2291 2773 932 2757 || mode=VB method=sk_kmeans solver=filo2 stage=post_ls ls=pyvrp iter=1
2026-03-15 22:22:14 | INFO     | Route #99: 1905 1373 374 1544 2524 1964 1154 2491 557 133 748 3061 969 1024 1916 288 2175 3220 1147 1156 1380 150 228 2066 2744 || mode=VB method=sk_kmeans solver=filo2 stage=post_ls ls=pyvrp iter=1
2026-03-15 22:22:14 | INFO     | Route #100: 2171 2717 1996 363 2917 2583 920 3011 2343 1865 1248 2725 1061 2155 522 1474 550 1853 2799 2566 1658 1880 1872 2750 2455 1659 1175 2699 2858 2153 706 1566 455 || mode=VB method=sk_kmeans solver=filo2 stage=post_ls ls=pyvrp iter=1
2026-03-15 22:22:14 | INFO     | Route #101: 1459 172 3046 2908 1491 213 770 2492 2920 1039 2954 1938 511 268 2815 1393 390 986 1032 105 572 373 365 1157 2162 || mode=VB method=sk_kmeans solver=filo2 stage=post_ls ls=pyvrp iter=1
2026-03-15 22:22:14 | INFO     | Route #102: 170 2584 1072 2532 2097 2965 1354 437 1440 2068 2555 1292 2361 260 2806 1712 3101 2129 2677 2403 1196 1971 2298 2452 724 10 3201 211 2378 2542 2840 300 1788 1483 2999 || mode=VB method=sk_kmeans solver=filo2 stage=post_ls ls=pyvrp iter=1
2026-03-15 22:22:14 | INFO     | Route #103: 2977 2918 1399 2624 296 168 2784 2714 606 2504 2118 153 2249 1038 979 950 1262 769 361 2271 2844 2418 2796 2480 1601 2647 200 2124 2798 || mode=VB method=sk_kmeans solver=filo2 stage=post_ls ls=pyvrp iter=1
2026-03-15 22:22:14 | INFO     | Route #104: 113 2587 1251 1505 2004 15 851 2429 2120 1665 2552 850 536 537 2953 2073 2306 1978 2895 502 1331 831 342 1184 1595 2355 2522 1128 3179 2762 2406 2733 2376 2464 3090 602 2417 || mode=VB method=sk_kmeans solver=filo2 stage=post_ls ls=pyvrp iter=1
2026-03-15 22:22:14 | INFO     | Route #105: 65 2672 828 1444 1501 963 2072 1431 347 210 3077 1581 3075 1404 2748 125 2551 556 2472 2347 1115 2808 937 798 || mode=VB method=sk_kmeans solver=filo2 stage=post_ls ls=pyvrp iter=1
2026-03-15 22:22:14 | INFO     | Route #106: 3225 2302 616 2619 1224 3186 2660 867 1638 2722 381 1912 3113 2348 570 74 24 3228 3206 805 3108 2224 2425 1747 2228 1989 || mode=VB method=sk_kmeans solver=filo2 stage=post_ls ls=pyvrp iter=1
2026-03-15 22:22:14 | INFO     | Route #107: 3035 1710 629 1847 3195 856 2 660 2925 230 2794 933 2216 1541 1995 2891 3140 32 884 2086 581 2622 1856 673 63 68 865 2002 1426 3232 567 3161 3018 1338 1001 2278 2331 || mode=VB method=sk_kmeans solver=filo2 stage=post_ls ls=pyvrp iter=1
2026-03-15 22:22:14 | INFO     | Route #108: 941 2857 1741 422 2071 2851 2769 1783 2379 1534 1099 158 538 957 1359 726 2114 2482 3053 842 1364 1680 315 708 2410 14 378 90 || mode=VB method=sk_kmeans solver=filo2 stage=post_ls ls=pyvrp iter=1
2026-03-15 22:22:14 | INFO     | Route #109: 3095 428 2697 2804 3129 2205 44 2359 77 1800 2501 1349 683 3058 1876 701 1017 1994 1731 1169 942 2463 375 1787 481 1413 2515 1751 || mode=VB method=sk_kmeans solver=filo2 stage=post_ls ls=pyvrp iter=1
2026-03-15 22:22:14 | INFO     | Route #110: 1823 1008 1709 3190 1208 3166 2357 1818 3021 918 2019 2253 1507 2469 1620 339 1520 3199 1503 2500 1447 2829 2768 1058 2682 3164 827 634 1376 896 2942 2899 2375 || mode=VB method=sk_kmeans solver=filo2 stage=post_ls ls=pyvrp iter=1
2026-03-15 22:22:14 | INFO     | Route #111: 1316 23 331 754 1733 1904 780 292 1358 974 1408 854 1268 465 2275 921 2179 1755 165 863 483 2180 3064 2980 || mode=VB method=sk_kmeans solver=filo2 stage=post_ls ls=pyvrp iter=1
2026-03-15 22:22:14 | INFO     | Route #112: 1219 758 1328 1664 3141 2269 2867 1792 2777 429 652 599 1206 725 2995 1511 3079 382 527 2506 1640 2160 2650 797 1533 1152 166 394 || mode=VB method=sk_kmeans solver=filo2 stage=post_ls ls=pyvrp iter=1
2026-03-15 22:22:14 | INFO     | Route #113: 1322 574 2987 1732 972 858 450 256 87 655 2450 2529 223 2728 3178 115 2874 899 222 756 755 1734 2789 52 227 || mode=VB method=sk_kmeans solver=filo2 stage=post_ls ls=pyvrp iter=1
2026-03-15 22:22:14 | INFO     | Route #114: 1126 1592 2336 3025 2715 411 1456 1495 81 423 772 96 1545 136 2423 1443 808 2701 1371 473 1521 126 1842 2023 1869 790 1445 1901 || mode=VB method=sk_kmeans solver=filo2 stage=post_ls ls=pyvrp iter=1
2026-03-15 22:22:14 | INFO     | Route #115: 1982 1886 1347 2149 2814 1002 225 418 2188 1005 844 2993 659 2184 434 2802 71 2820 1967 736 1098 625 3091 1079 2007 2911 2390 1903 || mode=VB method=sk_kmeans solver=filo2 stage=post_ls ls=pyvrp iter=1
2026-03-15 22:22:14 | INFO     | 
2026-03-15 22:22:14 | INFO     | ================================================================================
2026-03-15 22:22:14 | INFO     | [XL-n3241-k115] SUMMARY — BEST SOLUTION ROUTE ORIGINS
2026-03-15 22:22:14 | INFO     | ================================================================================
2026-03-15 22:22:14 | INFO     |  115 routes | VB | sk_kmeans | solver=filo2 | stage=post_ls | ls=pyvrp
2026-03-15 22:22:14 | INFO     | 
2026-03-15 22:22:14 | INFO     | ================================================================================
2026-03-15 22:22:14 | INFO     | [XL-n3241-k115] SUMMARY — ROUTE POOL COMPOSITION
2026-03-15 22:22:14 | INFO     | ================================================================================
2026-03-15 22:22:14 | INFO     |  232 routes | VB | sk_ac_complete | solver=filo2 | stage=post_ls | ls=pyvrp
2026-03-15 22:22:14 | INFO     |  229 routes | VB | sk_ac_min | solver=pyvrp | stage=post_ls | ls=pyvrp
2026-03-15 22:22:14 | INFO     |  222 routes | RB | sk_ac_complete | solver=pyvrp | stage=post_ls | ls=pyvrp
2026-03-15 22:22:14 | INFO     |  168 routes | RB | sk_ac_avg | solver=filo1 | stage=post_ls | ls=pyvrp
2026-03-15 22:22:14 | INFO     |  116 routes | VB | fcm | solver=filo1 | stage=post_ls | ls=pyvrp
2026-03-15 22:22:14 | INFO     |  116 routes | VB | k_medoids_pyclustering | solver=pyvrp | stage=post_ls | ls=pyvrp
2026-03-15 22:22:14 | INFO     |  116 routes | VB | sk_ac_avg | solver=pyvrp | stage=post_ls | ls=pyvrp
2026-03-15 22:22:14 | INFO     |  116 routes | VB | sk_ac_complete | solver=pyvrp | stage=post_ls | ls=pyvrp
2026-03-15 22:22:14 | INFO     |  115 routes | RB | sk_kmeans | solver=pyvrp | stage=post_ls | ls=pyvrp
2026-03-15 22:22:14 | INFO     |  115 routes | VB | sk_ac_avg | solver=filo1 | stage=post_ls | ls=pyvrp
2026-03-15 22:22:14 | INFO     |  115 routes | VB | sk_kmeans | solver=filo2 | stage=post_ls | ls=pyvrp
2026-03-15 22:22:14 | INFO     |  113 routes | RB | sk_kmeans | solver=filo1 | stage=post_ls | ls=pyvrp
2026-03-15 22:22:14 | INFO     |  111 routes | RB | sk_ac_avg | solver=pyvrp | stage=post_ls | ls=pyvrp
2026-03-15 22:22:14 | INFO     |  101 routes | RB | sk_kmeans | solver=filo2 | stage=post_ls | ls=pyvrp
2026-03-15 22:22:14 | INFO     | 
2026-03-15 22:22:14 | INFO     | ================================================================================
2026-03-15 22:22:14 | INFO     | [XL-n3241-k115] FULL ROUTE POOL DUMP
2026-03-15 22:22:14 | INFO     | ================================================================================
2026-03-15 22:22:14 | INFO     | [POOL #00001] 1095 2745 1729 981 1780 1423 1894 2401 1669 2978 823 13 515 2119 2631 1222 1204 1468 1550 2571 1993 1241 1586 2251 1764 27 2956 2248 1290 1951 2255 1984 1721 2116 3024 2667 || mode=VB method=sk_kmeans solver=filo2 stage=post_ls ls=pyvrp iter=1
2026-03-15 22:22:14 | INFO     | [POOL #00002] 595 2924 2020 2001 776 1571 2286 443 1700 1093 2923 820 551 2811 2810 2841 1063 2675 3010 476 2152 2247 547 2147 1312 2813 1026 811 1656 || mode=VB method=sk_kmeans solver=filo2 stage=post_ls ls=pyvrp iter=1
2026-03-15 22:22:14 | INFO     | [POOL #00003] 2573 743 2083 922 2548 965 885 336 3204 1713 767 254 2176 2634 392 3050 2747 294 1750 1256 3131 2520 2037 464 1696 2638 2285 2836 2605 2767 || mode=VB method=sk_kmeans solver=filo2 stage=post_ls ls=pyvrp iter=1
2026-03-15 22:22:14 | INFO     | [POOL #00004] 2397 1895 806 611 2674 2296 498 1720 26 2729 991 521 56 2198 1889 325 3070 1297 3114 348 821 2581 1673 2915 140 3089 2887 2363 5 3082 1396 2693 3083 1109 1455 82 || mode=VB method=sk_kmeans solver=filo2 stage=post_ls ls=pyvrp iter=1
2026-03-15 22:22:14 | INFO     | [POOL #00005] 55 915 2438 1980 1374 1397 2227 3154 1207 735 251 1401 2264 349 1238 1129 2893 1540 3027 1065 1030 3004 2855 2516 208 2121 1452 3054 658 2828 2465 2588 2528 1719 564 2461 || mode=VB method=sk_kmeans solver=filo2 stage=post_ls ls=pyvrp iter=1
2026-03-15 22:22:14 | INFO     | [POOL #00006] 1687 129 11 1576 1637 1386 2470 2192 2322 1784 2616 749 691 1282 501 1424 3208 2626 1799 3229 637 1336 1691 2111 722 317 308 2964 1560 2462 2945 1230 253 || mode=VB method=sk_kmeans solver=filo2 stage=post_ls ls=pyvrp iter=1
2026-03-15 22:22:14 | INFO     | [POOL #00007] 2074 1633 848 2159 233 1806 3142 3135 2233 2521 1748 3020 1523 705 2220 197 183 1127 1462 2430 1498 504 1472 1149 1762 137 1394 || mode=VB method=sk_kmeans solver=filo2 stage=post_ls ls=pyvrp iter=1
2026-03-15 22:22:14 | INFO     | [POOL #00008] 1825 1010 1381 1489 901 1693 1022 2288 1695 1752 664 1101 2961 928 1391 2766 893 1809 3124 2643 1209 2969 2370 132 1906 1174 839 || mode=VB method=sk_kmeans solver=filo2 stage=post_ls ls=pyvrp iter=1
2026-03-15 22:22:14 | INFO     | [POOL #00009] 1774 840 84 953 1703 1936 2755 2931 1285 2437 1925 2610 962 591 2042 2823 1849 2943 274 1947 1919 472 2712 661 1416 1615 1509 1959 959 2933 393 2570 161 || mode=VB method=sk_kmeans solver=filo2 stage=post_ls ls=pyvrp iter=1
2026-03-15 22:22:14 | INFO     | [POOL #00010] 477 1556 216 2963 1185 677 2575 2169 2488 2167 782 83 2195 2238 759 680 895 3039 1188 983 1833 2138 16 2163 3072 1614 1609 2456 2564 3099 1125 717 || mode=VB method=sk_kmeans solver=filo2 stage=post_ls ls=pyvrp iter=1
2026-03-15 22:22:14 | INFO     | [POOL #00011] 245 1233 3098 593 131 1690 669 549 1111 3092 1575 711 3001 1117 2350 617 238 1627 2900 585 2826 1920 613 2057 1490 2632 2139 815 || mode=VB method=sk_kmeans solver=filo2 stage=post_ls ls=pyvrp iter=1
2026-03-15 22:22:14 | INFO     | [POOL #00012] 2309 47 95 2060 2039 50 180 1655 236 2433 1737 252 164 282 289 534 279 730 729 320 1425 1496 247 1034 2875 2054 2081 1414 || mode=VB method=sk_kmeans solver=filo2 stage=post_ls ls=pyvrp iter=1
2026-03-15 22:22:14 | INFO     | [POOL #00013] 2553 2751 2683 1484 2053 250 1343 2686 2018 2772 2935 1570 732 9 2201 2207 2505 406 597 889 2243 2637 2599 1621 1861 69 1029 || mode=VB method=sk_kmeans solver=filo2 stage=post_ls ls=pyvrp iter=1
2026-03-15 22:22:14 | INFO     | [POOL #00014] 1228 2973 436 2759 733 2181 1370 1475 955 1723 819 2709 1522 3224 2003 2380 446 2063 526 379 || mode=VB method=sk_kmeans solver=filo2 stage=post_ls ls=pyvrp iter=1
2026-03-15 22:22:14 | INFO     | [POOL #00015] 3223 326 1047 682 2955 353 1962 2872 2760 1955 456 1777 651 2327 1626 2635 2170 1110 2787 2272 2333 643 2885 1753 2218 || mode=VB method=sk_kmeans solver=filo2 stage=post_ls ls=pyvrp iter=1
2026-03-15 22:22:14 | INFO     | [POOL #00016] 1667 1716 409 949 1921 2312 89 721 1508 1514 2691 2958 1985 1342 738 1043 1949 2989 1361 145 2087 1003 2075 || mode=VB method=sk_kmeans solver=filo2 stage=post_ls ls=pyvrp iter=1
2026-03-15 22:22:14 | INFO     | [POOL #00017] 461 246 1133 2367 41 2694 42 130 512 462 108 297 1826 1763 1998 1346 413 1932 1284 3032 1652 535 802 2099 2601 463 2268 2420 952 2940 3094 || mode=VB method=sk_kmeans solver=filo2 stage=post_ls ls=pyvrp iter=1
2026-03-15 22:22:14 | INFO     | [POOL #00018] 525 883 2164 2422 1309 2273 2307 1839 451 2416 699 142 3222 2245 1629 1335 277 804 1330 1291 357 1187 2266 2058 457 1395 1155 217 2879 2916 2752 || mode=VB method=sk_kmeans solver=filo2 stage=post_ls ls=pyvrp iter=1
2026-03-15 22:22:14 | INFO     | [POOL #00019] 2881 2317 1306 3103 2237 2351 2957 67 1940 1939 2458 1543 111 2950 1499 2607 3037 1735 967 1871 2720 18 890 || mode=VB method=sk_kmeans solver=filo2 stage=post_ls ls=pyvrp iter=1
2026-03-15 22:22:14 | INFO     | [POOL #00020] 1997 592 2557 2941 1086 1643 2561 2204 2446 3171 2493 1647 1301 826 888 2864 2726 2765 427 2252 3153 2926 163 618 1773 3210 2527 1502 622 || mode=VB method=sk_kmeans solver=filo2 stage=post_ls ls=pyvrp iter=1
2026-03-15 22:22:14 | INFO     | [POOL #00021] 143 2499 2290 1478 1015 1830 3031 1225 1428 310 571 609 1518 1524 2572 2109 3059 1436 2404 1641 40 3160 484 1403 1052 1584 2678 2409 632 1076 2668 || mode=VB method=sk_kmeans solver=filo2 stage=post_ls ls=pyvrp iter=1
2026-03-15 22:22:14 | INFO     | [POOL #00022] 645 441 961 3182 1642 2727 318 117 760 2545 1681 1252 2792 2451 2341 1172 503 2547 2267 2468 2966 2988 6 1778 469 623 || mode=VB method=sk_kmeans solver=filo2 stage=post_ls ls=pyvrp iter=1
2026-03-15 22:22:15 | INFO     | [POOL #00023] 139 3036 3146 695 1122 2094 1392 1701 2030 255 1593 1012 976 2005 204 1781 2157 836 190 1675 1044 2896 2665 || mode=VB method=sk_kmeans solver=filo2 stage=post_ls ls=pyvrp iter=1
2026-03-15 22:22:15 | INFO     | [POOL #00024] 2603 2930 2554 1776 1333 1451 2807 1854 1108 834 1840 2614 686 2328 2519 3235 2876 1465 3183 638 2156 299 351 1743 1910 || mode=VB method=sk_kmeans solver=filo2 stage=post_ls ls=pyvrp iter=1
2026-03-15 22:22:15 | INFO     | [POOL #00025] 2435 2526 1388 1135 2708 2859 1384 919 1160 1616 924 2604 1329 610 412 496 203 2790 1935 586 1554 987 1422 1798 1563 1526 663 1803 2779 3198 || mode=VB method=sk_kmeans solver=filo2 stage=post_ls ls=pyvrp iter=1
2026-03-15 22:22:15 | INFO     | [POOL #00026] 1975 1838 3170 2258 1580 2330 1212 2165 1536 2543 38 3044 872 2178 2838 2907 2133 3097 492 1303 306 2300 2106 2174 1822 1744 539 2821 1749 2932 || mode=VB method=sk_kmeans solver=filo2 stage=post_ls ls=pyvrp iter=1
2026-03-15 22:22:15 | INFO     | [POOL #00027] 559 1177 633 1746 1973 563 1028 219 774 1071 2753 321 396 698 2498 958 359 3133 377 684 1470 3000 193 2706 3081 787 || mode=VB method=sk_kmeans solver=filo2 stage=post_ls ls=pyvrp iter=1
2026-03-15 22:22:15 | INFO     | [POOL #00028] 1883 2142 507 474 1635 2684 3123 1352 478 352 1789 624 900 138 1539 1538 2046 1958 508 2649 3127 1968 2077 80 1407 2261 221 2509 1259 454 2282 2946 || mode=VB method=sk_kmeans solver=filo2 stage=post_ls ls=pyvrp iter=1
2026-03-15 22:22:15 | INFO     | [POOL #00029] 2301 1913 157 2611 845 2949 513 916 909 1625 2609 2822 1585 1988 76 2041 860 401 2478 2596 2089 1797 1454 1337 3165 || mode=VB method=sk_kmeans solver=filo2 stage=post_ls ls=pyvrp iter=1
2026-03-15 22:22:15 | INFO     | [POOL #00030] 3196 188 506 1203 2756 235 3033 2623 1631 2497 91 48 1870 416 796 430 1114 1471 1355 295 2630 449 2236 2676 2215 2254 2190 1053 2948 2845 1841 1873 3049 || mode=VB method=sk_kmeans solver=filo2 stage=post_ls ls=pyvrp iter=1
2026-03-15 22:22:15 | INFO     | [POOL #00031] 1954 1767 1757 841 261 577 269 1606 147 3175 2998 852 1382 807 2112 734 103 1568 2117 2382 433 1758 1705 590 448 3209 376 1874 || mode=VB method=sk_kmeans solver=filo2 stage=post_ls ls=pyvrp iter=1
2026-03-15 22:22:15 | INFO     | [POOL #00032] 3193 3078 323 898 273 2466 2027 2467 1021 2884 509 2824 934 1969 2056 3128 2457 1437 1597 2187 2486 1299 2055 2076 2873 1824 1006 1466 2344 793 694 1137 3045 || mode=VB method=sk_kmeans solver=filo2 stage=post_ls ls=pyvrp iter=1
2026-03-15 22:22:15 | INFO     | [POOL #00033] 2702 2937 1324 2070 3194 1275 1081 2150 2983 1132 2415 1852 1943 177 1367 1887 2671 1561 2919 280 2974 2199 151 2208 1411 1123 1632 2340 1736 || mode=VB method=sk_kmeans solver=filo2 stage=post_ls ls=pyvrp iter=1
2026-03-15 22:22:15 | INFO     | [POOL #00034] 1552 2280 866 1130 2860 92 1244 2991 992 439 2853 647 693 2738 1981 765 1651 344 583 1815 440 1192 2865 1812 1775 491 340 1217 2257 || mode=VB method=sk_kmeans solver=filo2 stage=post_ls ls=pyvrp iter=1
2026-03-15 22:22:15 | INFO     | [POOL #00035] 2892 1816 1697 3062 3007 386 2598 1200 1146 1441 1602 2589 1167 2014 2535 1623 728 2627 3105 2222 2082 267 1548 970 3111 1332 1427 3180 2723 917 || mode=VB method=sk_kmeans solver=filo2 stage=post_ls ls=pyvrp iter=1
2026-03-15 22:22:15 | INFO     | [POOL #00036] 1148 761 1956 948 2541 283 1715 3106 1389 881 2316 943 905 1018 178 2653 1946 1131 2387 662 316 302 1473 || mode=VB method=sk_kmeans solver=filo2 stage=post_ls ls=pyvrp iter=1
2026-03-15 22:22:15 | INFO     | [POOL #00037] 3212 435 1583 3200 1173 2735 1646 2495 3240 561 2518 1229 2976 1124 1634 742 1420 555 902 690 578 2550 771 2029 3189 2507 1286 1834 493 3096 3003 || mode=VB method=sk_kmeans solver=filo2 stage=post_ls ls=pyvrp iter=1
2026-03-15 22:22:15 | INFO     | [POOL #00038] 1121 1933 879 2646 626 1406 1112 444 400 2666 202 1950 2010 763 2484 3076 1325 1398 3013 1073 3043 2009 3126 1795 || mode=VB method=sk_kmeans solver=filo2 stage=post_ls ls=pyvrp iter=1
2026-03-15 22:22:15 | INFO     | [POOL #00039] 2223 1141 480 226 2530 2212 857 1769 716 2586 2758 994 1875 2424 494 2105 3085 1937 275 936 1271 596 2325 2606 || mode=VB method=sk_kmeans solver=filo2 stage=post_ls ls=pyvrp iter=1
2026-03-15 22:22:15 | INFO     | [POOL #00040] 1814 1214 3042 1649 109 3093 545 149 2362 2713 984 1676 311 615 328 667 1481 2664 1794 2761 1900 1278 2200 78 1257 1265 350 1899 2295 2062 100 || mode=VB method=sk_kmeans solver=filo2 stage=post_ls ls=pyvrp iter=1
2026-03-15 22:22:15 | INFO     | [POOL #00041] 2981 3066 907 1273 2692 764 330 356 2939 1339 1663 35 2590 2843 1442 2426 2642 3067 1287 1138 || mode=VB method=sk_kmeans solver=filo2 stage=post_ls ls=pyvrp iter=1
2026-03-15 22:22:15 | INFO     | [POOL #00042] 2141 2830 1304 835 2283 1494 2883 123 2832 795 2044 272 2320 1276 1068 2731 3158 1104 12 2633 2011 528 727 3144 818 3030 2434 || mode=VB method=sk_kmeans solver=filo2 stage=post_ls ls=pyvrp iter=1
2026-03-15 22:22:15 | INFO     | [POOL #00043] 341 1383 2214 640 1924 1314 179 420 2719 639 656 757 482 1983 913 1116 714 1858 1857 3068 3065 768 636 1928 1390 || mode=VB method=sk_kmeans solver=filo2 stage=post_ls ls=pyvrp iter=1
2026-03-15 22:22:15 | INFO     | [POOL #00044] 2921 3016 2788 1704 2134 2297 1793 696 3239 1037 66 1488 2311 1042 2670 1728 1573 1253 1190 1510 2439 2795 1089 1269 1644 2496 688 2774 2412 945 || mode=VB method=sk_kmeans solver=filo2 stage=post_ls ls=pyvrp iter=1
2026-03-15 22:22:15 | INFO     | [POOL #00045] 1165 3060 573 2568 1765 792 2662 1279 2970 2513 2565 3002 980 702 1772 657 1458 2721 1639 397 2084 2374 1074 1118 1722 1931 1578 518 2734 642 || mode=VB method=sk_kmeans solver=filo2 stage=post_ls ls=pyvrp iter=1
2026-03-15 22:22:15 | INFO     | [POOL #00046] 1907 2383 97 1353 2934 1035 1600 2951 2780 1232 2259 2569 2711 2563 1240 2556 1598 101 114 2185 3172 2123 785 3125 1327 864 2996 1027 || mode=VB method=sk_kmeans solver=filo2 stage=post_ls ls=pyvrp iter=1
2026-03-15 22:22:15 | INFO     | [POOL #00047] 1759 8 398 2778 1859 588 719 1216 1477 156 1254 2724 1077 1487 809 1351 196 1567 1199 1860 2906 1848 2314 3147 2304 2849 2389 874 1819 || mode=VB method=sk_kmeans solver=filo2 stage=post_ls ls=pyvrp iter=1
2026-03-15 22:22:15 | INFO     | [POOL #00048] 485 1479 2043 2289 25 1113 1446 1221 1025 1334 1400 2337 3107 167 988 1435 2984 218 737 191 2732 1516 258 2641 || mode=VB method=sk_kmeans solver=filo2 stage=post_ls ls=pyvrp iter=1
2026-03-15 22:22:15 | INFO     | [POOL #00049] 824 2166 2352 174 3029 1786 894 2740 1449 1851 514 2656 1569 1320 2246 2644 2108 3177 2092 1698 1270 402 1014 || mode=VB method=sk_kmeans solver=filo2 stage=post_ls ls=pyvrp iter=1
2026-03-15 22:22:15 | INFO     | [POOL #00050] 2549 892 1162 870 144 3120 51 1186 1106 1048 1497 712 925 241 2602 1405 94 956 3217 2856 2914 1201 2591 3238 298 2038 2126 || mode=VB method=sk_kmeans solver=filo2 stage=post_ls ls=pyvrp iter=1
2026-03-15 22:22:15 | INFO     | [POOL #00051] 1813 29 3014 718 2947 2303 631 2483 1180 2453 710 1272 1717 2597 1579 2447 1622 2049 1311 1075 2886 1007 2905 2444 2067 2960 2372 2399 2050 794 837 154 || mode=VB method=sk_kmeans solver=filo2 stage=post_ls ls=pyvrp iter=1
2026-03-15 22:22:15 | INFO     | [POOL #00052] 3192 709 185 3119 3048 906 1378 3159 2334 2313 1796 281 2276 2913 993 3015 3203 1417 438 3122 1170 2323 747 2868 2021 345 || mode=VB method=sk_kmeans solver=filo2 stage=post_ls ls=pyvrp iter=1
2026-03-15 22:22:15 | INFO     | [POOL #00053] 2394 1855 263 214 2048 982 368 421 2407 541 1295 644 1302 1683 184 960 3167 346 2540 871 1884 || mode=VB method=sk_kmeans solver=filo2 stage=post_ls ls=pyvrp iter=1
2026-03-15 22:22:15 | INFO     | [POOL #00054] 1120 2411 1977 2454 1515 1260 2743 750 271 231 875 2368 1594 118 3102 2544 3169 594 17 775 1739 205 1589 1976 1559 2431 1942 1657 329 || mode=VB method=sk_kmeans solver=filo2 stage=post_ls ls=pyvrp iter=1
2026-03-15 22:22:15 | INFO     | [POOL #00055] 36 1525 2510 2975 60 1263 1319 2764 1243 2310 1618 2101 1694 1237 3191 3026 98 488 1890 2936 584 674 1599 910 62 || mode=VB method=sk_kmeans solver=filo2 stage=post_ls ls=pyvrp iter=1
2026-03-15 22:22:15 | INFO     | [POOL #00056] 424 2986 966 2636 2213 1678 2538 1517 2562 2579 2736 777 1057 2877 497 1151 1670 2381 1850 134 1004 3012 1340 367 3145 607 2230 209 || mode=VB method=sk_kmeans solver=filo2 stage=post_ls ls=pyvrp iter=1
2026-03-15 22:22:15 | INFO     | [POOL #00057] 2324 224 1811 1250 1923 1547 619 2938 641 3185 923 1896 1897 3216 739 1991 229 1934 1574 1202 408 2191 1805 2525 116 1486 || mode=VB method=sk_kmeans solver=filo2 stage=post_ls ls=pyvrp iter=1
2026-03-15 22:22:15 | INFO     | [POOL #00058] 1097 752 789 1448 1535 239 1368 1369 566 1864 2696 3136 2894 3155 3152 517 490 2477 715 2537 2240 1266 1168 3023 552 2421 2628 || mode=VB method=sk_kmeans solver=filo2 stage=post_ls ls=pyvrp iter=1
2026-03-15 22:22:15 | INFO     | [POOL #00059] 1372 1674 788 2107 1412 1438 2800 2818 753 516 1467 1619 303 2929 1927 2679 3086 2008 2448 2594 3052 1246 2539 || mode=VB method=sk_kmeans solver=filo2 stage=post_ls ls=pyvrp iter=1
2026-03-15 22:22:15 | INFO     | [POOL #00060] 2473 1283 364 3087 1105 2345 1145 2560 1756 2017 608 2061 614 58 740 3139 1281 1031 1587 1827 2903 1608 2487 2580 1247 189 2202 || mode=VB method=sk_kmeans solver=filo2 stage=post_ls ls=pyvrp iter=1
2026-03-15 22:22:15 | INFO     | [POOL #00061] 124 1066 2419 1612 2239 257 2746 2707 2680 1084 2968 186 703 2085 2319 1040 1917 3176 2850 169 587 1080 1051 2136 39 276 2263 85 102 2576 || mode=VB method=sk_kmeans solver=filo2 stage=post_ls ls=pyvrp iter=1
2026-03-15 22:22:15 | INFO     | [POOL #00062] 467 2944 553 2771 248 264 1714 589 3156 1617 846 2812 1835 73 1845 1064 1804 2658 2143 2080 || mode=VB method=sk_kmeans solver=filo2 stage=post_ls ls=pyvrp iter=1
2026-03-15 22:22:15 | INFO     | [POOL #00063] 1013 3088 1844 54 417 904 1706 1707 817 2384 2414 1019 2523 2645 1191 2459 2801 2234 1768 2281 1562 453 2502 395 1866 1902 107 4 2098 825 1360 2338 1891 2405 2035 2782 || mode=VB method=sk_kmeans solver=filo2 stage=post_ls ls=pyvrp iter=1
2026-03-15 22:22:15 | INFO     | [POOL #00064] 3073 751 1878 2612 1062 1300 343 3055 2704 653 882 2294 403 2428 975 2132 2025 1430 939 2305 2315 612 2618 1846 1650 2385 383 || mode=VB method=sk_kmeans solver=filo2 stage=post_ls ls=pyvrp iter=1
2026-03-15 22:22:15 | INFO     | [POOL #00065] 2489 2402 162 2013 2293 800 1672 1828 1979 1918 249 2064 3163 2036 2093 2574 360 779 2578 470 2274 600 || mode=VB method=sk_kmeans solver=filo2 stage=post_ls ls=pyvrp iter=1
2026-03-15 22:22:15 | INFO     | [POOL #00066] 1450 152 2962 1591 886 1060 2040 1220 548 278 1909 2130 1529 1727 2172 182 75 1181 781 1862 746 783 335 2135 3008 2608 || mode=VB method=sk_kmeans solver=filo2 stage=post_ls ls=pyvrp iter=1
2026-03-15 22:22:15 | INFO     | [POOL #00067] 2277 2373 2127 332 3080 2863 2189 3109 2793 1326 3038 1469 2427 1321 810 2700 954 2690 741 1911 2065 1613 362 2882 829 3234 1016 635 || mode=VB method=sk_kmeans solver=filo2 stage=post_ls ls=pyvrp iter=1
2026-03-15 22:22:15 | INFO     | [POOL #00068] 2137 220 2244 1564 1461 554 385 2335 2559 3071 731 1387 1624 199 3221 1310 1485 3227 2377 2718 399 284 745 79 2959 2688 999 978 2593 908 2739 3233 1893 || mode=VB method=sk_kmeans solver=filo2 stage=post_ls ls=pyvrp iter=1
2026-03-15 22:22:15 | INFO     | [POOL #00069] 1957 1215 1134 1843 1402 1986 540 2805 1023 1107 646 1464 3041 1432 206 1970 1999 2047 1249 847 1867 2358 2221 59 || mode=VB method=sk_kmeans solver=filo2 stage=post_ls ls=pyvrp iter=1
2026-03-15 22:22:15 | INFO     | [POOL #00070] 2825 2449 2144 1482 692 1837 2088 1091 791 2979 1083 1801 414 3137 1677 689 1463 3028 1879 388 2567 1802 135 2024 3057 1636 || mode=VB method=sk_kmeans solver=filo2 stage=post_ls ls=pyvrp iter=1
2026-03-15 22:22:15 | INFO     | [POOL #00071] 2754 926 3143 380 265 838 813 2299 1572 2012 419 1159 1611 1725 1210 2256 2536 2332 2888 3226 1682 322 431 1987 2231 1189 1163 2534 1557 1953 3063 1090 601 1362 || mode=VB method=sk_kmeans solver=filo2 stage=post_ls ls=pyvrp iter=1
2026-03-15 22:22:15 | INFO     | [POOL #00072] 3202 432 1820 744 1761 314 579 1877 951 2585 2816 620 3173 2479 3110 2242 2834 407 1261 2835 2809 675 3214 || mode=VB method=sk_kmeans solver=filo2 stage=post_ls ls=pyvrp iter=1
2026-03-15 22:22:15 | INFO     | [POOL #00073] 3132 1730 2485 313 2031 1948 119 2490 2393 121 1504 1941 2388 1974 192 1453 519 2661 929 1791 3056 1790 2329 672 3162 2326 2260 2971 3211 1255 || mode=VB method=sk_kmeans solver=filo2 stage=post_ls ls=pyvrp iter=1
2026-03-15 22:22:15 | INFO     | [POOL #00074] 307 1161 2533 475 1092 1350 1558 2308 358 266 2494 2369 930 773 650 3118 1094 1519 1689 648 2669 2904 2902 1513 2203 49 1258 546 1036 2972 670 1136 2546 3115 || mode=VB method=sk_kmeans solver=filo2 stage=post_ls ls=pyvrp iter=1
2026-03-15 22:22:15 | INFO     | [POOL #00075] 998 1718 1102 500 1211 2006 801 1158 1153 1952 3138 1087 1182 2241 1888 542 2356 34 2432 1500 410 1542 569 1537 1745 940 533 1590 3022 713 1085 212 679 || mode=VB method=sk_kmeans solver=filo2 stage=post_ls ls=pyvrp iter=1
2026-03-15 22:22:15 | INFO     | [POOL #00076] 471 293 2217 2514 3148 1418 1385 1908 176 530 2250 3184 2698 2219 1738 1082 2922 2862 1898 468 1610 3230 1144 576 627 2687 2651 86 1143 1881 || mode=VB method=sk_kmeans solver=filo2 stage=post_ls ls=pyvrp iter=1
2026-03-15 22:22:15 | INFO     | [POOL #00077] 1363 799 1140 2110 2000 309 862 903 2982 442 312 2592 384 2096 243 1318 1766 562 869 2413 1831 3121 || mode=VB method=sk_kmeans solver=filo2 stage=post_ls ls=pyvrp iter=1
2026-03-15 22:22:15 | INFO     | [POOL #00078] 195 291 1345 1708 1476 1067 1528 1054 1197 1740 2652 2095 2158 1409 1176 2015 990 1531 1699 766 2209 1944 2102 2673 2992 3219 989 822 1236 2737 3047 2952 285 || mode=VB method=sk_kmeans solver=filo2 stage=post_ls ls=pyvrp iter=1
2026-03-15 22:22:15 | INFO     | [POOL #00079] 1546 887 1000 720 1439 64 523 1049 2852 814 2211 259 2695 1990 1770 2115 1807 1344 2177 621 2026 7 372 1836 1817 3197 || mode=VB method=sk_kmeans solver=filo2 stage=post_ls ls=pyvrp iter=1
2026-03-15 22:22:15 | INFO     | [POOL #00080] 1771 207 1821 2785 3215 1607 3150 2186 678 333 2781 2398 878 1829 1183 1142 1050 2985 1457 1960 1688 598 2703 2151 2182 || mode=VB method=sk_kmeans solver=filo2 stage=post_ls ls=pyvrp iter=1
2026-03-15 22:22:15 | INFO     | [POOL #00081] 2474 2440 2595 2197 2365 510 389 53 1684 2436 2016 580 2620 1460 1660 1882 3084 2103 1645 3207 1231 1810 2292 3104 479 668 2837 2775 2339 2391 1235 || mode=VB method=sk_kmeans solver=filo2 stage=post_ls ls=pyvrp iter=1
2026-03-15 22:22:15 | INFO     | [POOL #00082] 1582 2443 1551 2279 603 649 1171 1553 938 46 816 286 1041 33 1668 1277 2629 2663 560 2685 3168 2145 355 122 778 1069 1549 19 1868 3130 1379 2871 1179 || mode=VB method=sk_kmeans solver=filo2 stage=post_ls ls=pyvrp iter=1
2026-03-15 22:22:15 | INFO     | [POOL #00083] 1103 3151 1421 2122 1966 2091 2625 2364 3181 1726 977 237 1760 3117 1929 1555 2131 1193 2353 3149 72 1366 141 944 3188 1045 2386 762 1298 || mode=VB method=sk_kmeans solver=filo2 stage=post_ls ls=pyvrp iter=1
2026-03-15 22:22:15 | INFO     | [POOL #00084] 873 2226 1742 1965 244 2730 1415 425 2770 2890 2079 232 2318 2878 2897 1070 1365 946 524 973 2847 1963 1308 2225 2786 935 || mode=VB method=sk_kmeans solver=filo2 stage=post_ls ls=pyvrp iter=1
2026-03-15 22:22:15 | INFO     | [POOL #00085] 2648 2659 2366 1245 786 897 2034 2640 2148 1289 1605 2797 628 2392 700 2342 2194 2655 1885 305 2400 2321 120 187 1119 198 2967 110 2639 || mode=VB method=sk_kmeans solver=filo2 stage=post_ls ls=pyvrp iter=1
2026-03-15 22:22:15 | INFO     | [POOL #00086] 3187 2577 2997 891 70 520 2354 704 1323 853 2848 1223 505 544 2901 2033 2819 931 2600 877 2193 1139 1492 1532 || mode=VB method=sk_kmeans solver=filo2 stage=post_ls ls=pyvrp iter=1
2026-03-15 22:22:15 | INFO     | [POOL #00087] 3134 1692 1305 287 2371 1434 1832 1779 499 2460 148 45 354 2441 337 2445 171 2146 2831 1242 2408 160 215 1685 334 1239 1356 319 1603 194 2783 1686 2617 927 99 1961 || mode=VB method=sk_kmeans solver=filo2 stage=post_ls ls=pyvrp iter=1
2026-03-15 22:22:15 | INFO     | [POOL #00088] 290 2531 2210 604 985 1992 370 495 1892 654 1565 175 2909 487 1654 2059 2442 3005 1194 3051 447 || mode=VB method=sk_kmeans solver=filo2 stage=post_ls ls=pyvrp iter=1
2026-03-15 22:22:15 | INFO     | [POOL #00089] 3174 605 324 3009 2615 832 2396 486 1226 997 387 2846 1100 2749 1926 1020 2022 2869 1046 104 1218 1711 1 181 369 1288 3017 2833 1914 2196 1267 1506 2791 88 2517 1782 2183 || mode=VB method=sk_kmeans solver=filo2 stage=post_ls ls=pyvrp iter=1
2026-03-15 22:22:15 | INFO     | [POOL #00090] 968 1661 1671 1702 3116 338 868 30 173 2898 2161 366 2503 2349 843 2710 61 1307 3074 2360 466 529 784 2028 681 1313 2889 543 || mode=VB method=sk_kmeans solver=filo2 stage=post_ls ls=pyvrp iter=1
2026-03-15 22:22:15 | INFO     | [POOL #00091] 2235 3006 707 666 812 964 2100 2232 2910 996 2827 1785 855 1662 880 1922 531 2912 2716 106 697 1429 2346 1234 3213 2880 371 3100 || mode=VB method=sk_kmeans solver=filo2 stage=post_ls ls=pyvrp iter=1
2026-03-15 22:22:15 | INFO     | [POOL #00092] 1150 2866 304 426 1653 2705 1088 2206 2689 404 2621 2154 459 665 2613 57 1059 911 2471 2265 2854 || mode=VB method=sk_kmeans solver=filo2 stage=post_ls ls=pyvrp iter=1
2026-03-15 22:22:15 | INFO     | [POOL #00093] 2990 1419 1628 1213 2284 2582 1375 2803 2052 861 1227 127 1512 2069 1808 1527 270 1078 3034 1294 1011 685 3 1198 2051 415 1264 || mode=VB method=sk_kmeans solver=filo2 stage=post_ls ls=pyvrp iter=1
2026-03-15 22:22:15 | INFO     | [POOL #00094] 3218 2032 2508 2839 1863 2927 240 452 1679 1055 830 460 1296 849 2928 687 159 2817 445 1754 1033 1274 676 2262 1317 1377 || mode=VB method=sk_kmeans solver=filo2 stage=post_ls ls=pyvrp iter=1
2026-03-15 22:22:15 | INFO     | [POOL #00095] 2270 1577 1596 2511 1178 532 2861 1604 2512 489 912 2128 1493 2681 43 3237 1348 22 558 1972 1588 405 803 3040 112 2090 1930 582 128 2045 2763 || mode=VB method=sk_kmeans solver=filo2 stage=post_ls ls=pyvrp iter=1
2026-03-15 22:22:15 | INFO     | [POOL #00096] 1166 2741 1357 262 155 2476 995 3069 859 2078 391 93 575 2481 1915 1341 2842 1480 234 2870 3019 1648 1205 301 2113 2654 630 565 2125 || mode=VB method=sk_kmeans solver=filo2 stage=post_ls ls=pyvrp iter=1
2026-03-15 22:22:15 | INFO     | [POOL #00097] 568 671 242 1009 1164 1280 31 3157 458 1293 1410 2168 1315 1530 3236 971 2776 28 2994 1096 21 37 146 1433 || mode=VB method=sk_kmeans solver=filo2 stage=post_ls ls=pyvrp iter=1
2026-03-15 22:22:15 | INFO     | [POOL #00098] 2657 914 876 3231 201 2395 2229 947 1630 2140 2742 20 833 3205 2475 1056 2287 1945 3112 1724 1195 327 1666 2104 2173 723 2558 2291 2773 932 2757 || mode=VB method=sk_kmeans solver=filo2 stage=post_ls ls=pyvrp iter=1
2026-03-15 22:22:15 | INFO     | [POOL #00099] 1905 1373 374 1544 2524 1964 1154 2491 557 133 748 3061 969 1024 1916 288 2175 3220 1147 1156 1380 150 228 2066 2744 || mode=VB method=sk_kmeans solver=filo2 stage=post_ls ls=pyvrp iter=1
2026-03-15 22:22:15 | INFO     | [POOL #00100] 2171 2717 1996 363 2917 2583 920 3011 2343 1865 1248 2725 1061 2155 522 1474 550 1853 2799 2566 1658 1880 1872 2750 2455 1659 1175 2699 2858 2153 706 1566 455 || mode=VB method=sk_kmeans solver=filo2 stage=post_ls ls=pyvrp iter=1
2026-03-15 22:22:15 | INFO     | [POOL #00101] 1459 172 3046 2908 1491 213 770 2492 2920 1039 2954 1938 511 268 2815 1393 390 986 1032 105 572 373 365 1157 2162 || mode=VB method=sk_kmeans solver=filo2 stage=post_ls ls=pyvrp iter=1
2026-03-15 22:22:15 | INFO     | [POOL #00102] 170 2584 1072 2532 2097 2965 1354 437 1440 2068 2555 1292 2361 260 2806 1712 3101 2129 2677 2403 1196 1971 2298 2452 724 10 3201 211 2378 2542 2840 300 1788 1483 2999 || mode=VB method=sk_kmeans solver=filo2 stage=post_ls ls=pyvrp iter=1
2026-03-15 22:22:15 | INFO     | [POOL #00103] 2977 2918 1399 2624 296 168 2784 2714 606 2504 2118 153 2249 1038 979 950 1262 769 361 2271 2844 2418 2796 2480 1601 2647 200 2124 2798 || mode=VB method=sk_kmeans solver=filo2 stage=post_ls ls=pyvrp iter=1
2026-03-15 22:22:15 | INFO     | [POOL #00104] 113 2587 1251 1505 2004 15 851 2429 2120 1665 2552 850 536 537 2953 2073 2306 1978 2895 502 1331 831 342 1184 1595 2355 2522 1128 3179 2762 2406 2733 2376 2464 3090 602 2417 || mode=VB method=sk_kmeans solver=filo2 stage=post_ls ls=pyvrp iter=1
2026-03-15 22:22:15 | INFO     | [POOL #00105] 65 2672 828 1444 1501 963 2072 1431 347 210 3077 1581 3075 1404 2748 125 2551 556 2472 2347 1115 2808 937 798 || mode=VB method=sk_kmeans solver=filo2 stage=post_ls ls=pyvrp iter=1
2026-03-15 22:22:15 | INFO     | [POOL #00106] 3225 2302 616 2619 1224 3186 2660 867 1638 2722 381 1912 3113 2348 570 74 24 3228 3206 805 3108 2224 2425 1747 2228 1989 || mode=VB method=sk_kmeans solver=filo2 stage=post_ls ls=pyvrp iter=1
2026-03-15 22:22:15 | INFO     | [POOL #00107] 3035 1710 629 1847 3195 856 2 660 2925 230 2794 933 2216 1541 1995 2891 3140 32 884 2086 581 2622 1856 673 63 68 865 2002 1426 3232 567 3161 3018 1338 1001 2278 2331 || mode=VB method=sk_kmeans solver=filo2 stage=post_ls ls=pyvrp iter=1
2026-03-15 22:22:15 | INFO     | [POOL #00108] 941 2857 1741 422 2071 2851 2769 1783 2379 1534 1099 158 538 957 1359 726 2114 2482 3053 842 1364 1680 315 708 2410 14 378 90 || mode=VB method=sk_kmeans solver=filo2 stage=post_ls ls=pyvrp iter=1
2026-03-15 22:22:15 | INFO     | [POOL #00109] 3095 428 2697 2804 3129 2205 44 2359 77 1800 2501 1349 683 3058 1876 701 1017 1994 1731 1169 942 2463 375 1787 481 1413 2515 1751 || mode=VB method=sk_kmeans solver=filo2 stage=post_ls ls=pyvrp iter=1
2026-03-15 22:22:15 | INFO     | [POOL #00110] 1823 1008 1709 3190 1208 3166 2357 1818 3021 918 2019 2253 1507 2469 1620 339 1520 3199 1503 2500 1447 2829 2768 1058 2682 3164 827 634 1376 896 2942 2899 2375 || mode=VB method=sk_kmeans solver=filo2 stage=post_ls ls=pyvrp iter=1
2026-03-15 22:22:15 | INFO     | [POOL #00111] 1316 23 331 754 1733 1904 780 292 1358 974 1408 854 1268 465 2275 921 2179 1755 165 863 483 2180 3064 2980 || mode=VB method=sk_kmeans solver=filo2 stage=post_ls ls=pyvrp iter=1
2026-03-15 22:22:15 | INFO     | [POOL #00112] 1219 758 1328 1664 3141 2269 2867 1792 2777 429 652 599 1206 725 2995 1511 3079 382 527 2506 1640 2160 2650 797 1533 1152 166 394 || mode=VB method=sk_kmeans solver=filo2 stage=post_ls ls=pyvrp iter=1
2026-03-15 22:22:15 | INFO     | [POOL #00113] 1322 574 2987 1732 972 858 450 256 87 655 2450 2529 223 2728 3178 115 2874 899 222 756 755 1734 2789 52 227 || mode=VB method=sk_kmeans solver=filo2 stage=post_ls ls=pyvrp iter=1
2026-03-15 22:22:15 | INFO     | [POOL #00114] 1126 1592 2336 3025 2715 411 1456 1495 81 423 772 96 1545 136 2423 1443 808 2701 1371 473 1521 126 1842 2023 1869 790 1445 1901 || mode=VB method=sk_kmeans solver=filo2 stage=post_ls ls=pyvrp iter=1
2026-03-15 22:22:15 | INFO     | [POOL #00115] 1982 1886 1347 2149 2814 1002 225 418 2188 1005 844 2993 659 2184 434 2802 71 2820 1967 736 1098 625 3091 1079 2007 2911 2390 1903 || mode=VB method=sk_kmeans solver=filo2 stage=post_ls ls=pyvrp iter=1
2026-03-15 22:22:15 | INFO     | [POOL #00116] 329 1657 3115 2546 1136 670 2972 1036 546 1258 49 2203 1513 2902 2904 2669 648 1689 1519 1094 3118 650 773 930 2369 2494 266 358 2308 1558 1350 1092 475 1161 307 || mode=RB method=sk_ac_avg solver=pyvrp stage=post_ls ls=pyvrp iter=2
2026-03-15 22:22:15 | INFO     | [POOL #00117] 1942 2431 1559 1976 1589 205 1739 775 17 594 3169 2544 3102 118 1594 2368 875 231 271 750 2743 1260 1515 2454 1977 2411 1120 2533 || mode=RB method=sk_ac_avg solver=pyvrp stage=post_ls ls=pyvrp iter=2
2026-03-15 22:22:15 | INFO     | [POOL #00118] 2937 2032 2508 2839 1863 2927 240 452 1679 1055 830 460 1296 849 2928 687 159 2817 445 1754 1033 1274 676 2262 1317 1377 2442 || mode=RB method=sk_ac_avg solver=pyvrp stage=post_ls ls=pyvrp iter=2
2026-03-15 22:22:15 | INFO     | [POOL #00119] 467 2944 2771 1845 248 264 1714 1328 2881 1759 8 881 943 905 1018 178 2653 3106 1715 1219 1956 553 1148 || mode=RB method=sk_ac_avg solver=pyvrp stage=post_ls ls=pyvrp iter=2
2026-03-15 22:22:15 | INFO     | [POOL #00120] 1322 574 926 3143 1090 3063 1953 1557 2534 2038 324 419 2012 2529 223 3178 115 899 1677 689 1879 1636 || mode=RB method=sk_ac_avg solver=pyvrp stage=post_ls ls=pyvrp iter=2
2026-03-15 22:22:15 | INFO     | [POOL #00121] 2658 1064 73 2812 1617 166 2088 1091 791 1083 3028 1732 2987 388 1837 692 1482 2144 2449 2143 2080 || mode=RB method=sk_ac_avg solver=pyvrp stage=post_ls ls=pyvrp iter=2
2026-03-15 22:22:15 | INFO     | [POOL #00122] 139 3146 695 1122 2094 1392 1701 2030 255 1593 976 2005 204 662 316 1781 2157 836 190 1473 1675 2896 2665 || mode=RB method=sk_ac_avg solver=pyvrp stage=post_ls ls=pyvrp iter=2
2026-03-15 22:22:15 | INFO     | [POOL #00123] 1804 3156 1152 1533 2650 2506 2808 1115 1165 2720 2108 2644 1569 2656 1320 2246 3177 2092 1698 1270 3079 1511 2166 1835 || mode=RB method=sk_ac_avg solver=pyvrp stage=post_ls ls=pyvrp iter=2
2026-03-15 22:22:15 | INFO     | [POOL #00124] 345 2021 2868 747 438 1417 3203 2389 2304 2314 1848 588 2724 1077 1487 1672 800 2013 162 2402 398 2316 1389 283 2541 948 || mode=RB method=sk_ac_avg solver=pyvrp stage=post_ls ls=pyvrp iter=2
2026-03-15 22:22:15 | INFO     | [POOL #00125] 302 1131 874 2849 3147 600 2913 2276 281 1796 2313 2334 3159 1378 3048 3119 3122 1170 2323 1012 185 709 3192 || mode=RB method=sk_ac_avg solver=pyvrp stage=post_ls ls=pyvrp iter=2
2026-03-15 22:22:15 | INFO     | [POOL #00126] 595 1946 592 2561 2446 1316 2667 3024 1656 811 1026 1312 1780 1423 974 1408 1268 1358 292 780 863 483 3064 1823 2980 3171 1643 1086 2941 2557 3015 1997 || mode=RB method=sk_ac_avg solver=pyvrp stage=post_ls ls=pyvrp iter=2
2026-03-15 22:22:15 | INFO     | [POOL #00127] 3057 2024 227 2567 1463 3137 65 1931 1722 1404 3075 1581 3077 870 1486 2084 347 210 1074 1118 1501 1444 2874 2734 1801 2979 798 642 52 135 || mode=RB method=sk_ac_avg solver=pyvrp stage=post_ls ls=pyvrp iter=2
2026-03-15 22:22:15 | INFO     | [POOL #00128] 2293 444 1813 2399 2372 2960 29 2947 718 3014 1816 3076 2484 763 2010 1950 1325 202 2666 400 2009 3126 626 2867 || mode=RB method=sk_ac_avg solver=pyvrp stage=post_ls ls=pyvrp iter=2
2026-03-15 22:22:15 | INFO     | [POOL #00129] 589 824 2995 3029 1786 894 2740 2723 3180 1427 2957 67 3111 970 2067 2444 1007 111 1543 1735 967 1871 2472 1782 18 725 599 1121 2825 || mode=RB method=sk_ac_avg solver=pyvrp stage=post_ls ls=pyvrp iter=2
2026-03-15 22:22:15 | INFO     | [POOL #00130] 2906 1567 1979 1697 2303 631 1085 2483 1180 2453 2049 1622 2447 1579 3105 1075 2222 2082 267 2886 1548 1940 2458 1939 2607 3037 1851 917 || mode=RB method=sk_ac_avg solver=pyvrp stage=post_ls ls=pyvrp iter=2
2026-03-15 22:22:15 | INFO     | [POOL #00131] 846 797 402 527 382 890 2183 2347 3060 556 2551 125 573 514 1449 2237 2351 2050 1112 1406 3103 1306 794 2317 1933 837 1206 652 || mode=RB method=sk_ac_avg solver=pyvrp stage=post_ls ls=pyvrp iter=2
2026-03-15 22:22:15 | INFO     | [POOL #00132] 839 470 2578 779 360 2574 2093 2036 3163 2064 3013 1073 3043 1398 2892 249 1918 1351 1199 1859 2489 758 761 || mode=RB method=sk_ac_avg solver=pyvrp stage=post_ls ls=pyvrp iter=2
2026-03-15 22:22:15 | INFO     | [POOL #00133] 100 2160 937 1578 2748 892 2062 1162 792 2662 144 1279 2970 2513 2565 980 3002 702 1772 1458 2721 2536 2374 1431 2072 963 2728 222 756 2789 || mode=RB method=sk_ac_avg solver=pyvrp stage=post_ls ls=pyvrp iter=2
2026-03-15 22:22:15 | INFO     | [POOL #00134] 1572 3009 1725 2914 3217 2335 3042 2559 3071 1387 1624 2362 149 545 3093 663 852 1382 807 2112 734 2998 3175 554 269 577 1465 3183 1767 || mode=RB method=sk_ac_avg solver=pyvrp stage=post_ls ls=pyvrp iter=2
2026-03-15 22:22:15 | INFO     | [POOL #00135] 1802 755 3174 265 2450 838 813 2299 2231 1189 1163 1757 2876 3235 2519 2614 686 2328 261 3233 2615 322 2256 1210 1611 1159 828 2672 1640 394 || mode=RB method=sk_ac_avg solver=pyvrp stage=post_ls ls=pyvrp iter=2
2026-03-15 22:22:15 | INFO     | [POOL #00136] 1874 1283 3087 3152 1756 2017 1388 2526 1384 919 1160 1616 924 2604 1329 610 412 496 203 2790 1935 586 58 614 2061 608 2894 1369 1535 1448 752 || mode=RB method=sk_ac_avg solver=pyvrp stage=post_ls ls=pyvrp iter=2
2026-03-15 22:22:15 | INFO     | [POOL #00137] 299 2156 220 2244 1564 1461 1606 147 2739 94 1405 2602 925 387 2846 2959 79 745 284 399 1278 2200 78 1048 397 || mode=RB method=sk_ac_avg solver=pyvrp stage=post_ls ls=pyvrp iter=2
2026-03-15 22:22:15 | INFO     | [POOL #00138] 3158 2473 2680 2319 2435 2345 1145 2560 715 2477 490 517 3155 3136 2696 1864 566 1368 239 703 1084 2707 2746 257 1612 124 || mode=RB method=sk_ac_avg solver=pyvrp stage=post_ls ls=pyvrp iter=2
2026-03-15 22:22:15 | INFO     | [POOL #00139] 2576 2628 2421 189 1168 1247 2580 2487 151 1608 2903 1827 1587 1031 1281 3139 740 2859 2708 1135 1554 987 1422 1798 1526 1563 731 978 2593 908 2396 832 380 || mode=RB method=sk_ac_avg solver=pyvrp stage=post_ls ls=pyvrp iter=2
2026-03-15 22:22:15 | INFO     | [POOL #00140] 1494 1068 3209 789 2382 2117 1568 103 1108 834 1840 1803 298 3238 2591 1201 2856 956 241 997 1226 486 2888 3226 1682 431 1987 605 858 346 2540 1910 || mode=RB method=sk_ac_avg solver=pyvrp stage=post_ls ls=pyvrp iter=2
2026-03-15 22:22:15 | INFO     | [POOL #00141] 2590 1736 85 39 2202 1632 1930 2090 112 3040 803 405 1588 1972 558 1493 2681 22 1348 177 1367 1887 2671 1561 2919 280 2974 2199 2208 1411 1123 2850 2340 || mode=RB method=sk_ac_avg solver=pyvrp stage=post_ls ls=pyvrp iter=2
2026-03-15 22:22:15 | INFO     | [POOL #00142] 2270 1577 1596 2511 1178 532 2861 1604 2512 1081 489 912 2128 43 3237 1852 1943 2415 1132 2983 2150 1275 3194 2070 1324 3218 2702 || mode=RB method=sk_ac_avg solver=pyvrp stage=post_ls ls=pyvrp iter=2
2026-03-15 22:22:15 | INFO     | [POOL #00143] 2434 3030 818 727 1066 2419 1080 587 169 2968 186 2085 364 1105 1040 3176 1917 2537 2240 1266 582 3023 552 128 2045 2763 276 1339 || mode=RB method=sk_ac_avg solver=pyvrp stage=post_ls ls=pyvrp iter=2
2026-03-15 22:22:15 | INFO     | [POOL #00144] 2394 907 528 2011 2633 12 1104 376 835 421 184 972 1362 1954 450 256 655 87 601 1683 960 3167 871 || mode=RB method=sk_ac_avg solver=pyvrp stage=post_ls ls=pyvrp iter=2
2026-03-15 22:22:15 | INFO     | [POOL #00145] 263 368 2407 2603 2930 2554 2137 1776 1333 1451 1854 2807 433 1758 1705 590 2779 448 1097 2731 2239 1051 2136 2263 102 2939 3067 || mode=RB method=sk_ac_avg solver=pyvrp stage=post_ls ls=pyvrp iter=2
2026-03-15 22:22:15 | INFO     | [POOL #00146] 2981 2048 2830 1304 541 1295 644 1302 1743 351 2320 1276 272 2044 795 2832 123 2883 3198 2283 982 1884 || mode=RB method=sk_ac_avg solver=pyvrp stage=post_ls ls=pyvrp iter=2
2026-03-15 22:22:15 | INFO     | [POOL #00147] 1138 1287 2642 2426 1442 2843 1273 35 1663 356 330 764 2692 3144 2141 214 1855 3066 || mode=RB method=sk_ac_avg solver=pyvrp stage=post_ls ls=pyvrp iter=2
2026-03-15 22:22:15 | INFO     | [POOL #00148] 2235 350 1900 2761 1805 2191 408 1202 1285 2437 1991 229 739 3216 619 2938 641 542 1888 2356 519 1974 1941 1504 313 1730 3132 || mode=RB method=sk_ac_avg solver=pyvrp stage=post_ls ls=pyvrp iter=2
2026-03-15 22:22:15 | INFO     | [POOL #00149] 1014 2517 2568 1499 2791 2295 1899 369 181 1 1711 1218 104 1046 2869 2022 1020 1926 1265 1257 2749 1100 712 1497 1106 1186 51 3120 1639 2332 1734 || mode=RB method=sk_ac_avg solver=pyvrp stage=post_ls ls=pyvrp iter=2
2026-03-15 22:22:15 | INFO     | [POOL #00150] 2813 3062 3007 386 2598 1200 1146 1441 1602 1272 710 1717 2597 2589 1167 2014 2535 1623 728 2627 1914 3017 1288 2196 1267 1506 2950 88 1765 518 414 || mode=RB method=sk_ac_avg solver=pyvrp stage=post_ls ls=pyvrp iter=2
2026-03-15 22:22:15 | INFO     | [POOL #00151] 379 526 446 2003 3224 1522 955 1723 86 1116 913 714 1858 1857 3068 640 1450 2214 1383 341 || mode=RB method=sk_ac_avg solver=pyvrp stage=post_ls ls=pyvrp iter=2
2026-03-15 22:22:15 | INFO     | [POOL #00152] 2973 2440 1479 2219 1738 2043 3073 2289 25 3145 607 2230 2922 2862 1898 468 1610 3230 1144 576 627 2651 1143 2380 || mode=RB method=sk_ac_avg solver=pyvrp stage=post_ls ls=pyvrp iter=2
2026-03-15 22:22:15 | INFO     | [POOL #00153] 733 2474 2391 2339 2197 510 389 53 1684 2436 1882 1516 910 2418 2271 361 1262 979 1038 618 3210 168 296 || mode=RB method=sk_ac_avg solver=pyvrp stage=post_ls ls=pyvrp iter=2
2026-03-15 22:22:15 | INFO     | [POOL #00154] 636 768 3065 2709 2182 1983 2385 1650 2986 966 2636 1688 1960 1457 2985 1678 2618 2213 598 2703 2785 639 2719 656 757 482 1314 1924 1928 2063 || mode=RB method=sk_ac_avg solver=pyvrp stage=post_ls ls=pyvrp iter=2
2026-03-15 22:22:15 | INFO     | [POOL #00155] 1390 819 424 383 209 1846 612 939 1430 2025 2132 975 1062 1300 2612 1878 1446 1113 1221 1025 1334 751 1460 2620 36 2250 485 2595 1475 3036 || mode=RB method=sk_ac_avg solver=pyvrp stage=post_ls ls=pyvrp iter=2
2026-03-15 22:22:15 | INFO     | [POOL #00156] 3008 2135 335 783 746 1862 781 1181 75 182 2172 1727 1529 2130 1909 278 548 1220 2040 1060 864 878 2398 1607 420 || mode=RB method=sk_ac_avg solver=pyvrp stage=post_ls ls=pyvrp iter=2
2026-03-15 22:22:15 | INFO     | [POOL #00157] 2608 152 179 2962 1591 886 3150 1183 2736 2579 777 1004 3012 1340 1517 2562 1142 1050 2538 2315 2305 367 1082 1881 || mode=RB method=sk_ac_avg solver=pyvrp stage=post_ls ls=pyvrp iter=2
2026-03-15 22:22:15 | INFO     | [POOL #00158] 2365 580 1660 1525 2428 403 2294 653 882 2381 1850 1670 1151 497 2877 1057 1829 2781 333 678 2186 3215 1821 207 1771 2151 || mode=RB method=sk_ac_avg solver=pyvrp stage=post_ls ls=pyvrp iter=2
2026-03-15 22:22:15 | INFO     | [POOL #00159] 2124 62 1601 2844 688 1644 2936 1890 1089 1006 1466 66 2466 2027 2467 1021 2884 509 2824 27 2251 1764 2810 2811 2923 1093 1700 443 2286 2147 981 1729 2745 1095 || mode=RB method=sk_ac_avg solver=pyvrp stage=post_ls ls=pyvrp iter=2
2026-03-15 22:22:15 | INFO     | [POOL #00160] 2778 2924 2020 2001 776 1571 547 2247 1063 2675 3010 2152 476 1894 2401 1290 1951 2255 1984 1904 1733 754 331 23 2204 2527 1502 2918 2977 || mode=RB method=sk_ac_avg solver=pyvrp stage=post_ls ls=pyvrp iter=2
2026-03-15 22:22:15 | INFO     | [POOL #00161] 2714 606 950 1137 323 2344 273 2275 465 854 2956 2978 823 13 515 1204 1468 1550 2571 1993 1586 1241 2631 1222 2119 551 820 2841 1669 2248 1721 2116 || mode=RB method=sk_ac_avg solver=pyvrp stage=post_ls ls=pyvrp iter=2
2026-03-15 22:22:15 | INFO     | [POOL #00162] 2641 258 2732 3003 2975 343 3055 2704 1319 1263 60 98 3026 3191 1237 1694 2101 2764 1243 2310 1618 1253 1190 1510 2795 1269 200 || mode=RB method=sk_ac_avg solver=pyvrp stage=post_ls ls=pyvrp iter=2
2026-03-15 22:22:15 | INFO     | [POOL #00163] 1044 2387 622 993 2274 1860 719 1216 1477 1254 156 196 809 1795 1828 2646 879 174 2352 1792 2777 429 2269 3141 1664 154 || mode=RB method=sk_ac_avg solver=pyvrp stage=post_ls ls=pyvrp iter=2
2026-03-15 22:22:15 | INFO     | [POOL #00164] 471 293 2798 906 2624 2504 2118 153 163 2926 1647 3193 2180 165 1755 2179 921 898 793 3239 1793 694 3078 826 2765 427 2252 3153 2493 1773 || mode=RB method=sk_ac_avg solver=pyvrp stage=post_ls ls=pyvrp iter=2
2026-03-15 22:22:15 | INFO     | [POOL #00165] 1228 436 1370 2775 2837 668 176 530 479 3104 3184 2698 2016 2103 1645 3207 1231 1810 2292 2412 1908 1385 1418 3148 2514 2217 2181 2759 || mode=RB method=sk_ac_avg solver=pyvrp stage=post_ls ls=pyvrp iter=2
2026-03-15 22:22:15 | INFO     | [POOL #00166] 1399 2784 2647 3016 2249 2726 1301 888 2864 3045 2297 2134 1704 2496 737 218 2984 1435 988 167 2510 3107 2337 1400 3084 1235 || mode=RB method=sk_ac_avg solver=pyvrp stage=post_ls ls=pyvrp iter=2
2026-03-15 22:22:15 | INFO     | [POOL #00167] 945 2774 191 1599 674 584 488 2439 1824 2873 2076 2055 1299 2486 2187 1597 1437 2457 3128 2056 1969 934 1728 1573 2670 1042 2311 1488 1037 696 2788 769 2921 2796 2480 || mode=RB method=sk_ac_avg solver=pyvrp stage=post_ls ls=pyvrp iter=2
2026-03-15 22:22:15 | INFO     | [POOL #00168] 3121 2744 1766 1318 2110 2000 862 1760 237 3117 1783 2379 2829 2768 1503 3199 2682 3164 634 1376 896 1024 1916 1366 141 944 762 1298 1905 || mode=RB method=sk_ac_avg solver=pyvrp stage=post_ls ls=pyvrp iter=2
2026-03-15 22:22:15 | INFO     | [POOL #00169] 2074 1633 848 3212 2488 2167 435 2521 2390 2507 3020 1523 705 2122 183 1127 1462 2430 1498 1472 3151 1286 1834 1806 1103 493 1762 137 1394 || mode=RB method=sk_ac_avg solver=pyvrp stage=post_ls ls=pyvrp iter=2
2026-03-15 22:22:15 | INFO     | [POOL #00170] 2159 233 197 2220 935 1966 2029 771 2625 1726 977 1308 1963 927 572 105 373 55 365 1929 1140 799 504 1149 || mode=RB method=sk_ac_avg solver=pyvrp stage=post_ls ls=pyvrp iter=2
2026-03-15 22:22:15 | INFO     | [POOL #00171] 309 2786 2226 2461 2309 2847 1459 973 524 946 232 95 2897 390 1393 986 1032 2071 1259 2942 1193 2131 2353 72 2175 3220 1709 || mode=RB method=sk_ac_avg solver=pyvrp stage=post_ls ls=pyvrp iter=2
2026-03-15 22:22:15 | INFO     | [POOL #00172] 2687 717 1556 1125 3099 2456 2564 441 1621 2599 1886 2243 3182 2637 16 2163 3072 961 1861 2053 250 1343 2686 3172 2123 785 3125 1327 82 170 2996 1027 || mode=RB method=sk_ac_avg solver=pyvrp stage=post_ls ls=pyvrp iter=2
2026-03-15 22:22:15 | INFO     | [POOL #00173] 1029 69 2553 2751 2683 1455 2018 2772 1109 2935 2584 732 1570 3083 1072 2201 2207 2505 597 983 1833 759 2195 83 1185 2963 216 || mode=RB method=sk_ac_avg solver=pyvrp stage=post_ls ls=pyvrp iter=2
2026-03-15 22:22:15 | INFO     | [POOL #00174] 3096 815 3135 2233 1583 2911 2550 1079 2976 2518 1229 2545 561 117 2932 2267 2547 503 1002 2814 2468 2966 2727 1188 3039 895 680 782 2169 2575 677 477 || mode=RB method=sk_ac_avg solver=pyvrp stage=post_ls ls=pyvrp iter=2
2026-03-15 22:22:15 | INFO     | [POOL #00175] 2999 2185 101 2556 1240 2711 2542 3201 10 724 211 26 1720 2378 2840 2569 2259 1232 2780 2951 1600 1035 2934 1353 97 2383 1907 || mode=RB method=sk_ac_avg solver=pyvrp stage=post_ls ls=pyvrp iter=2
2026-03-15 22:22:15 | INFO     | [POOL #00176] 1421 245 2091 2364 3181 195 902 3091 1124 2258 1580 2330 1681 1252 2792 2451 1172 760 3240 2495 1646 2735 1173 3200 1903 2139 3142 || mode=RB method=sk_ac_avg solver=pyvrp stage=post_ls ls=pyvrp iter=2
2026-03-15 22:22:15 | INFO     | [POOL #00177] 1982 285 645 1614 623 469 1778 6 2988 822 2555 2581 1673 2915 3114 1297 3070 348 821 140 3089 2887 1354 2363 5 3082 1396 2693 1598 1788 1483 114 || mode=RB method=sk_ac_avg solver=pyvrp stage=post_ls ls=pyvrp iter=2
2026-03-15 22:22:15 | INFO     | [POOL #00178] 1642 225 1822 2174 2106 2300 306 3097 1303 492 2102 2992 2806 1712 3101 2129 2677 2403 1196 1971 2298 2452 1889 325 2198 56 521 991 2729 498 2296 2674 611 2563 300 806 1895 2397 || mode=RB method=sk_ac_avg solver=pyvrp stage=post_ls ls=pyvrp iter=2
2026-03-15 22:22:15 | INFO     | [POOL #00179] 134 1609 2238 2138 889 406 1347 2149 2341 434 2543 38 3044 1708 1345 2605 2573 2875 2908 2318 213 1491 915 1070 1365 3046 172 3098 1742 2632 873 || mode=RB method=sk_ac_avg solver=pyvrp stage=post_ls ls=pyvrp iter=2
2026-03-15 22:22:15 | INFO     | [POOL #00180] 690 555 1420 742 1634 1098 625 1967 2820 1212 71 2802 2165 1536 2184 659 2993 418 2188 989 1292 2068 1440 2097 2532 9 || mode=RB method=sk_ac_avg solver=pyvrp stage=post_ls ls=pyvrp iter=2
2026-03-15 22:22:15 | INFO     | [POOL #00181] 1484 2952 3047 2737 1236 2965 437 260 2361 3219 2673 1944 2209 766 1531 990 2015 1409 2158 2133 2095 2652 1740 1197 1054 1528 1067 1476 872 2821 844 1749 318 || mode=RB method=sk_ac_avg solver=pyvrp stage=post_ls ls=pyvrp iter=2
2026-03-15 22:22:15 | INFO     | [POOL #00182] 2178 2520 885 965 2350 1117 279 2828 3054 1452 1374 1397 1685 1239 1356 319 2433 236 1655 2588 2528 1719 564 2060 2079 2770 1415 2730 1233 || mode=RB method=sk_ac_avg solver=pyvrp stage=post_ls ls=pyvrp iter=2
2026-03-15 22:22:15 | INFO     | [POOL #00183] 3189 1490 2057 131 425 1414 2081 770 2617 2492 2920 1039 2438 180 50 2039 1425 1496 247 1034 585 2826 1920 613 244 1965 578 || mode=RB method=sk_ac_avg solver=pyvrp stage=post_ls ls=pyvrp iter=2
2026-03-15 22:22:15 | INFO     | [POOL #00184] 1005 539 1744 2838 2907 1699 1176 294 1750 2747 3050 392 2634 2176 767 254 1065 3027 1540 2893 2855 2516 208 2121 2227 215 158 2851 1555 || mode=RB method=sk_ac_avg solver=pyvrp stage=post_ls ls=pyvrp iter=2
2026-03-15 22:22:15 | INFO     | [POOL #00185] 1690 669 549 289 282 1713 336 3204 3131 1256 1030 3004 164 252 658 1737 1603 194 2783 1686 1980 2954 268 2878 47 2225 || mode=RB method=sk_ac_avg solver=pyvrp stage=post_ls ls=pyvrp iter=2
2026-03-15 22:22:15 | INFO     | [POOL #00186] 291 593 2890 2054 320 729 2465 730 534 3001 711 1575 3092 1111 238 617 1627 2900 922 2548 2037 464 1696 2638 2285 2836 2083 743 2767 736 3170 1838 1975 2007 1748 || mode=RB method=sk_ac_avg solver=pyvrp stage=post_ls ls=pyvrp iter=2
2026-03-15 22:22:15 | INFO     | [POOL #00187] 1373 2524 2142 507 2469 339 474 315 1364 842 2482 2114 1352 478 1305 2111 1784 2322 3034 1809 3124 3090 1294 2643 1209 2192 2470 1386 1637 557 90 || mode=RB method=sk_ac_avg solver=pyvrp stage=post_ls ls=pyvrp iter=2
2026-03-15 22:22:15 | INFO     | [POOL #00188] 1099 1968 2408 2831 3154 337 2441 354 45 2460 148 502 2895 1331 831 342 1184 1595 2355 2522 2552 850 1978 2306 2073 2953 537 536 1665 2120 2429 15 621 || mode=RB method=sk_ac_avg solver=pyvrp stage=post_ls ls=pyvrp iter=2
2026-03-15 22:22:15 | INFO     | [POOL #00189] 2282 454 2509 221 2769 2815 511 1938 1407 2077 3127 538 957 726 3053 1680 1447 2500 1058 827 133 2491 1964 568 || mode=RB method=sk_ac_avg solver=pyvrp stage=post_ls ls=pyvrp iter=2
2026-03-15 22:22:15 | INFO     | [POOL #00190] 14 1635 2684 287 352 1789 624 1832 900 138 2046 1538 1539 499 1779 3179 1128 2762 2406 1424 501 1282 1808 2069 1512 2004 2803 2284 1213 2773 876 914 2241 || mode=RB method=sk_ac_avg solver=pyvrp stage=post_ls ls=pyvrp iter=2
2026-03-15 22:22:15 | INFO     | [POOL #00191] 1375 1227 20 833 3205 1785 2912 531 1922 880 1662 855 2827 996 2910 2232 2100 964 812 2716 106 697 1429 2346 2880 371 || mode=RB method=sk_ac_avg solver=pyvrp stage=post_ls ls=pyvrp iter=2
2026-03-15 22:22:15 | INFO     | [POOL #00192] 374 1154 969 2410 1520 708 3123 1691 2616 1078 893 2766 1391 270 1527 691 749 317 722 308 2964 1560 2462 2253 3166 1208 3190 1008 || mode=RB method=sk_ac_avg solver=pyvrp stage=post_ls ls=pyvrp iter=2
2026-03-15 22:22:15 | INFO     | [POOL #00193] 1009 1620 3134 1692 1336 3229 637 3208 2376 2733 2626 1799 1434 2371 508 1958 1242 2146 2445 171 1129 1238 349 2264 1401 251 735 1207 160 2649 334 80 2261 1534 1359 || mode=RB method=sk_ac_avg solver=pyvrp stage=post_ls ls=pyvrp iter=2
2026-03-15 22:22:15 | INFO     | [POOL #00194] 1893 109 840 84 1959 3100 707 947 1630 2291 2558 2140 723 2173 2104 327 1195 1724 3112 1945 2287 1056 2475 2742 1666 851 2464 127 2582 2051 814 2852 720 372 3197 || mode=RB method=sk_ac_avg solver=pyvrp stage=post_ls ls=pyvrp iter=2
2026-03-15 22:22:15 | INFO     | [POOL #00195] 212 713 3056 1791 2329 672 3162 1817 1836 1410 3157 458 2168 1315 1000 887 3236 1906 1164 1687 971 2994 37 146 1433 || mode=RB method=sk_ac_avg solver=pyvrp stage=post_ls ls=pyvrp iter=2
2026-03-15 22:22:15 | INFO     | [POOL #00196] 679 1255 2417 3211 2971 2260 2326 132 2370 11 2945 1507 2019 3061 918 1230 1576 2969 3 1198 259 1419 1695 2288 901 2432 1453 192 || mode=RB method=sk_ac_avg solver=pyvrp stage=post_ls ls=pyvrp iter=2
2026-03-15 22:22:15 | INFO     | [POOL #00197] 1649 161 2570 393 2933 959 1509 1615 2712 661 1416 2755 2931 1574 1934 1923 1547 1250 3138 1952 2388 1158 2490 2006 1211 2833 1718 998 || mode=RB method=sk_ac_avg solver=pyvrp stage=post_ls ls=pyvrp iter=2
2026-03-15 22:22:15 | INFO     | [POOL #00198] 2324 224 801 1811 1794 2664 1481 667 328 615 311 1676 984 2713 1485 3227 2377 2718 1310 3221 199 1774 2688 999 385 1214 841 638 2126 2754 1814 || mode=RB method=sk_ac_avg solver=pyvrp stage=post_ls ls=pyvrp iter=2
2026-03-15 22:22:15 | INFO     | [POOL #00199] 21 1096 1174 1530 523 1049 2211 602 685 1011 928 1251 664 1101 2961 1505 2052 861 2229 2395 201 3231 1897 923 3185 2657 1182 1087 1153 119 500 1102 || mode=RB method=sk_ac_avg solver=pyvrp stage=post_ls ls=pyvrp iter=2
2026-03-15 22:22:15 | INFO     | [POOL #00200] 1825 3022 533 940 1745 1537 1790 569 929 1010 1381 1264 2026 2177 415 1344 2115 1807 1022 1693 34 932 2393 121 1948 2031 2485 2757 1332 || mode=RB method=sk_ac_avg solver=pyvrp stage=post_ls ls=pyvrp iter=2
2026-03-15 22:22:15 | INFO     | [POOL #00201] 2905 1311 2990 1590 2661 1542 410 1500 1489 113 1770 1990 2695 2587 1752 1628 1896 591 2042 962 2610 1925 1849 3006 3213 1234 666 2823 2943 274 1947 1919 472 1936 1703 953 2525 657 116 2549 || mode=RB method=sk_ac_avg solver=pyvrp stage=post_ls ls=pyvrp iter=2
2026-03-15 22:22:15 | INFO     | [POOL #00202] 1831 2413 869 2386 2066 562 243 2096 2162 903 2982 442 312 1157 422 2592 384 1741 1380 150 1045 228 2857 2946 99 1363 1961 || mode=RB method=sk_ac_avg solver=pyvrp stage=post_ls ls=pyvrp iter=2
2026-03-15 22:22:15 | INFO     | [POOL #00203] 941 1883 2375 2899 1544 3188 1156 1147 3149 288 378 748 3021 1818 2357 129 64 7 1439 1293 31 1280 253 242 671 28 2776 1546 1819 || mode=RB method=sk_ac_avg solver=pyvrp stage=post_ls ls=pyvrp iter=2
2026-03-15 22:22:15 | INFO     | [POOL #00204] 59 2221 2358 1215 426 1653 2705 1088 2206 2689 2621 2154 459 665 2613 57 1059 911 2471 2265 2854 || mode=RB method=sk_ac_avg solver=pyvrp stage=post_ls ls=pyvrp iter=2
2026-03-15 22:22:15 | INFO     | [POOL #00205] 1957 2866 304 1134 404 1843 1402 1986 540 2805 1023 1107 646 1464 3041 1432 206 1970 1999 2047 1249 847 1867 1150 || mode=RB method=sk_ac_avg solver=pyvrp stage=post_ls ls=pyvrp iter=2
2026-03-15 22:22:15 | INFO     | [POOL #00206] 2223 1003 2087 145 1361 2989 1949 1043 738 1342 1985 2958 2691 1514 1508 721 89 2312 1921 949 409 1716 1667 2606 || mode=RB method=sk_ac_avg solver=pyvrp stage=post_ls ls=pyvrp iter=2
2026-03-15 22:22:15 | INFO     | [POOL #00207] 2075 596 1271 936 275 1937 3085 2105 494 2424 1875 994 2758 2586 716 1769 857 2212 2530 226 480 1141 2325 || mode=RB method=sk_ac_avg solver=pyvrp stage=post_ls ls=pyvrp iter=2
2026-03-15 22:22:15 | INFO     | [POOL #00208] 2301 3202 157 2611 845 2949 513 1203 2756 909 1625 2822 2609 1988 76 2041 860 401 2478 2596 2089 1797 1454 1337 3196 || mode=RB method=sk_ac_avg solver=pyvrp stage=post_ls ls=pyvrp iter=2
2026-03-15 22:22:15 | INFO     | [POOL #00209] 3049 1873 2809 2835 1261 407 2834 2242 3110 2479 3173 620 2816 2585 951 1877 579 314 1585 916 744 1820 432 1913 || mode=RB method=sk_ac_avg solver=pyvrp stage=post_ls ls=pyvrp iter=2
2026-03-15 22:22:15 | INFO     | [POOL #00210] 3214 675 1841 2845 1761 2948 1053 2254 2190 2215 2676 2236 449 2630 295 1355 1471 1114 430 796 416 1870 48 91 2497 1631 2623 3033 235 506 188 3165 || mode=RB method=sk_ac_avg solver=pyvrp stage=post_ls ls=pyvrp iter=2
2026-03-15 22:22:15 | INFO     | [POOL #00211] 447 3051 1194 3005 2059 1654 487 2909 175 1565 654 1892 495 370 1992 985 604 2210 2531 290 || mode=RB method=sk_ac_avg solver=pyvrp stage=post_ls ls=pyvrp iter=2
2026-03-15 22:22:15 | INFO     | [POOL #00212] 3095 2741 2463 942 2224 3108 3228 2916 217 883 859 2078 391 938 46 778 122 1495 81 423 772 96 1545 136 2423 1443 297 462 || mode=RB method=sk_ac_avg solver=pyvrp stage=post_ls ls=pyvrp iter=2
2026-03-15 22:22:15 | INFO     | [POOL #00213] 559 1177 633 1746 1753 2885 643 1133 2940 2367 41 952 219 2753 359 3133 377 684 1470 3000 193 143 2706 3081 1166 || mode=RB method=sk_ac_avg solver=pyvrp stage=post_ls ls=pyvrp iter=2
2026-03-15 22:22:15 | INFO     | [POOL #00214] 787 1973 563 246 3094 2290 1478 396 1592 3031 1225 1428 3025 2715 310 571 2572 1524 1518 609 2099 2601 463 1015 698 920 2583 2871 1179 110 || mode=RB method=sk_ac_avg solver=pyvrp stage=post_ls ls=pyvrp iter=2
2026-03-15 22:22:15 | INFO     | [POOL #00215] 3223 1901 326 1047 682 2955 353 1962 2872 2760 1955 456 2327 1626 2635 2170 1445 42 130 512 2268 2420 2694 1110 2787 2272 2333 461 || mode=RB method=sk_ac_avg solver=pyvrp stage=post_ls ls=pyvrp iter=2
2026-03-15 22:22:15 | INFO     | [POOL #00216] 455 1119 2668 1566 2498 3011 1126 2336 1248 2725 1061 2155 3130 522 1474 1868 1549 2109 411 1456 3059 1436 2404 1641 603 2279 1584 2443 1582 786 1245 || mode=RB method=sk_ac_avg solver=pyvrp stage=post_ls ls=pyvrp iter=2
2026-03-15 22:22:15 | INFO     | [POOL #00217] 1777 651 2023 1869 790 126 1842 1521 473 1371 2701 808 413 1932 1284 1346 3032 1998 1826 1763 108 1652 535 802 1830 321 1071 774 1028 2499 || mode=RB method=sk_ac_avg solver=pyvrp stage=post_ls ls=pyvrp iter=2
2026-03-15 22:22:15 | INFO     | [POOL #00218] 2967 1996 2917 2409 2400 1885 2655 2194 2342 1052 1205 1403 484 649 1171 40 19 1069 550 1853 2799 2566 1880 1872 2750 2455 1659 1865 2343 1379 958 363 2717 2171 2639 || mode=RB method=sk_ac_avg solver=pyvrp stage=post_ls ls=pyvrp iter=2
2026-03-15 22:22:15 | INFO     | [POOL #00219] 198 1076 706 2153 2858 2699 1658 3160 1553 286 816 355 2145 3168 2685 1277 1668 33 1041 2629 560 2663 575 2481 1915 1341 2842 1480 234 2870 || mode=RB method=sk_ac_avg solver=pyvrp stage=post_ls ls=pyvrp iter=2
2026-03-15 22:22:15 | INFO     | [POOL #00220] 2228 2205 44 2359 77 1800 1876 683 1349 3019 2654 630 565 700 628 305 2321 120 187 2366 2659 2648 || mode=RB method=sk_ac_avg solver=pyvrp stage=post_ls ls=pyvrp iter=2
2026-03-15 22:22:15 | INFO     | [POOL #00221] 428 1989 2752 505 3088 54 417 904 1706 1707 1019 2645 1191 2459 2801 2234 1768 2281 1562 453 2502 693 2738 1981 1651 344 1815 1244 1812 2860 1130 866 2280 1552 1532 || mode=RB method=sk_ac_avg solver=pyvrp stage=post_ls ls=pyvrp iter=2
2026-03-15 22:22:15 | INFO     | [POOL #00222] 2660 3113 1912 817 2384 2414 2266 1187 357 2523 1291 1330 804 277 1335 2245 1629 3222 142 2416 699 93 1309 2422 2164 995 2476 1648 301 2113 1551 2678 1175 632 || mode=RB method=sk_ac_avg solver=pyvrp stage=post_ls ls=pyvrp iter=2
2026-03-15 22:22:15 | INFO     | [POOL #00223] 2125 2697 3129 897 2640 1605 1357 262 155 3069 1839 2307 451 2273 2058 457 1395 1155 2879 2348 74 3206 1017 1994 805 1169 2619 2425 1747 || mode=RB method=sk_ac_avg solver=pyvrp stage=post_ls ls=pyvrp iter=2
2026-03-15 22:22:15 | INFO     | [POOL #00224] 2782 2035 340 491 2405 92 1891 2338 1360 825 2098 4 107 1902 1866 395 647 2853 439 765 583 992 2991 440 1192 2865 1775 931 877 2257 1413 2515 || mode=RB method=sk_ac_avg solver=pyvrp stage=post_ls ls=pyvrp iter=2
2026-03-15 22:22:15 | INFO     | [POOL #00225] 3187 2577 2997 891 2193 1217 2600 2819 2033 2901 544 1223 853 3186 1731 616 375 1787 481 2302 1751 3225 || mode=RB method=sk_ac_avg solver=pyvrp stage=post_ls ls=pyvrp iter=2
2026-03-15 22:22:15 | INFO     | [POOL #00226] 1492 1139 1013 70 520 2354 704 1323 1224 2848 1638 2722 1844 381 867 570 24 525 701 3058 2501 2392 2797 1289 2148 2034 2804 2218 || mode=RB method=sk_ac_avg solver=pyvrp stage=post_ls ls=pyvrp iter=2
2026-03-15 22:22:15 | INFO     | [POOL #00227] 1148 761 553 595 190 836 2157 204 2005 2868 747 1997 1018 178 2653 3106 1715 283 2541 302 1473 2665 || mode=RB method=sk_ac_complete solver=pyvrp stage=post_ls ls=pyvrp iter=3
2026-03-15 22:22:15 | INFO     | [POOL #00228] 1956 1219 758 1389 881 943 2849 3147 600 2913 2274 2906 1848 2314 2304 2389 1417 874 905 839 1946 1131 2387 662 1781 1044 || mode=RB method=sk_ac_complete solver=pyvrp stage=post_ls ls=pyvrp iter=3
2026-03-15 22:22:15 | INFO     | [POOL #00229] 139 3146 695 2759 1370 2440 2339 2775 2837 668 176 530 479 2412 2124 1399 2334 3159 1378 906 3048 185 709 1122 3192 || mode=RB method=sk_ac_complete solver=pyvrp stage=post_ls ls=pyvrp iter=3
2026-03-15 22:22:15 | INFO     | [POOL #00230] 379 526 2380 3224 1143 955 86 2651 1116 913 1983 714 1858 1857 3068 2709 1522 2003 446 2063 || mode=RB method=sk_ac_complete solver=pyvrp stage=post_ls ls=pyvrp iter=3
2026-03-15 22:22:15 | INFO     | [POOL #00231] 341 1383 2214 3065 819 1723 2687 627 576 1144 3230 468 1898 639 2719 420 656 757 482 179 1314 1924 640 768 636 1928 1390 || mode=RB method=sk_ac_complete solver=pyvrp stage=post_ls ls=pyvrp iter=3
2026-03-15 22:22:15 | INFO     | [POOL #00232] 2896 2094 1392 1701 2030 255 1593 1012 2323 1170 3122 3119 2798 2391 2474 2181 1235 733 436 2973 1228 3036 || mode=RB method=sk_ac_complete solver=pyvrp stage=post_ls ls=pyvrp iter=3
2026-03-15 22:22:15 | INFO     | [POOL #00233] 345 2021 976 2977 2918 2313 2624 168 2784 606 2647 3207 1645 2103 3084 1882 1660 1460 2620 580 2016 3184 2250 1684 53 2292 3104 389 510 2365 2197 2595 || mode=RB method=sk_ac_complete solver=pyvrp stage=post_ls ls=pyvrp iter=3
2026-03-15 22:22:15 | INFO     | [POOL #00234] 471 293 3148 1385 1908 258 2504 2118 153 1773 618 2249 2726 2864 888 826 1301 2765 427 2252 3153 1647 2926 163 2493 3171 2446 2561 2527 1502 3015 316 || mode=RB method=sk_ac_complete solver=pyvrp stage=post_ls ls=pyvrp iter=3
2026-03-15 22:22:15 | INFO     | [POOL #00235] 1881 1475 1610 2862 2922 1082 1738 2219 2698 2436 1810 1231 1601 2796 1038 979 950 1262 769 361 2271 2844 2418 2480 200 2714 296 1796 438 1675 || mode=RB method=sk_ac_complete solver=pyvrp stage=post_ls ls=pyvrp iter=3
2026-03-15 22:22:15 | INFO     | [POOL #00236] 1759 398 588 1216 1077 1487 1795 809 1351 196 156 1254 1477 2724 2013 1933 174 2352 725 1206 599 1533 166 1617 846 73 2658 || mode=RB method=sk_ac_complete solver=pyvrp stage=post_ls ls=pyvrp iter=3
2026-03-15 22:22:15 | INFO     | [POOL #00237] 1828 1073 1398 1325 3076 2484 763 2010 1950 202 2666 400 3043 3013 249 2064 3163 1918 1979 1859 2316 8 || mode=RB method=sk_ac_complete solver=pyvrp stage=post_ls ls=pyvrp iter=3
2026-03-15 22:22:15 | INFO     | [POOL #00238] 154 2317 879 1306 3103 2237 2957 67 1940 1939 2458 1543 111 2950 1499 2607 3037 1735 967 1851 1449 1511 || mode=RB method=sk_ac_complete solver=pyvrp stage=post_ls ls=pyvrp iter=3
2026-03-15 22:22:15 | INFO     | [POOL #00239] 264 1714 2881 2489 2402 162 2293 800 1672 2646 626 3126 2009 444 1112 1406 2351 3180 2723 2740 894 1786 3029 2995 2166 589 || mode=RB method=sk_ac_complete solver=pyvrp stage=post_ls ls=pyvrp iter=3
2026-03-15 22:22:15 | INFO     | [POOL #00240] 100 2650 2160 1640 2506 527 382 1270 1698 2092 3177 2246 1320 2656 1569 2644 2108 2720 18 2183 890 402 1014 797 394 2449 || mode=RB method=sk_ac_complete solver=pyvrp stage=post_ls ls=pyvrp iter=3
2026-03-15 22:22:15 | INFO     | [POOL #00241] 2024 227 52 388 2789 1734 858 450 256 87 655 2450 2529 223 2728 3178 115 2874 899 222 756 1677 1463 3028 1879 2567 1802 || mode=RB method=sk_ac_complete solver=pyvrp stage=post_ls ls=pyvrp iter=3
2026-03-15 22:22:15 | INFO     | [POOL #00242] 871 2540 346 3167 960 184 972 1683 1302 644 1295 2407 541 421 368 982 1304 1874 2141 214 1855 || mode=RB method=sk_ac_complete solver=pyvrp stage=post_ls ls=pyvrp iter=3
2026-03-15 22:22:15 | INFO     | [POOL #00243] 2394 2434 3030 818 3144 727 528 2011 2633 12 1104 3158 2731 1068 2044 272 2320 1276 795 2832 123 2883 1494 2283 835 2830 2048 263 || mode=RB method=sk_ac_complete solver=pyvrp stage=post_ls ls=pyvrp iter=3
2026-03-15 22:22:15 | INFO     | [POOL #00244] 1884 1322 574 2987 1732 755 689 3137 414 1801 1083 2979 791 1091 2088 1837 692 2144 135 3057 1636 2080 || mode=RB method=sk_ac_complete solver=pyvrp stage=post_ls ls=pyvrp iter=3
2026-03-15 22:22:15 | INFO     | [POOL #00245] 467 2944 2771 248 1835 2812 3156 1152 824 652 429 2777 1792 2867 2269 3141 1664 1328 1845 1064 1804 2143 2825 || mode=RB method=sk_ac_complete solver=pyvrp stage=post_ls ls=pyvrp iter=3
2026-03-15 22:22:15 | INFO     | [POOL #00246] 948 1860 1199 1567 470 2578 779 360 2036 2093 2574 2204 1643 1086 2941 2557 592 281 2276 993 3203 622 || mode=RB method=sk_ac_complete solver=pyvrp stage=post_ls ls=pyvrp iter=3
2026-03-15 22:22:15 | INFO     | [POOL #00247] 2734 65 1578 1931 1581 210 347 2084 397 2721 2914 2856 486 702 980 3002 1772 1458 1639 2888 2332 2536 2256 1210 1725 3009 1572 2299 813 838 265 380 1814 || mode=RB method=sk_ac_complete solver=pyvrp stage=post_ls ls=pyvrp iter=3
2026-03-15 22:22:15 | INFO     | [POOL #00248] 2808 1115 1165 2347 3060 2472 556 2551 2748 1118 1074 1431 963 1159 1611 2012 419 324 2038 1163 2534 1557 351 2603 || mode=RB method=sk_ac_complete solver=pyvrp stage=post_ls ls=pyvrp iter=3
2026-03-15 22:22:15 | INFO     | [POOL #00249] 1121 3079 917 514 1871 2517 573 2568 1765 2791 1506 2662 144 792 2062 1162 1486 3077 3075 1404 1722 1501 1444 828 2672 518 2549 937 798 642 1482 || mode=RB method=sk_ac_complete solver=pyvrp stage=post_ls ls=pyvrp iter=3
2026-03-15 22:22:15 | INFO     | [POOL #00250] 2072 2374 2235 1279 2970 3120 1186 1048 1497 712 350 1106 1899 2324 369 1288 1914 2196 1718 1102 1730 3132 267 1548 1007 970 3111 2399 2050 837 || mode=RB method=sk_ac_complete solver=pyvrp stage=post_ls ls=pyvrp iter=3
2026-03-15 22:22:15 | INFO     | [POOL #00251] 3174 2126 1189 1893 3233 1405 978 999 2959 79 745 284 2749 1926 1020 2022 2869 1046 801 2006 1211 104 1218 1711 224 1 181 2295 51 657 116 870 892 125 || mode=RB method=sk_ac_complete solver=pyvrp stage=post_ls ls=pyvrp iter=3
2026-03-15 22:22:15 | INFO     | [POOL #00252] 1819 2924 1656 2745 1729 811 780 974 2248 1290 2675 2152 547 1571 1085 2049 1622 1579 3105 1075 2886 2444 2067 2372 794 || mode=RB method=sk_ac_complete solver=pyvrp stage=post_ls ls=pyvrp iter=3
2026-03-15 22:22:15 | INFO     | [POOL #00253] 1316 23 331 754 1733 483 863 1904 1721 1984 2255 292 1358 1408 854 1268 465 2275 921 2179 1755 165 2180 3064 2980 || mode=RB method=sk_ac_complete solver=pyvrp stage=post_ls ls=pyvrp iter=3
2026-03-15 22:22:15 | INFO     | [POOL #00254] 2778 719 212 1825 2947 631 2483 1180 2453 710 1272 1717 2597 3022 1602 1441 1146 3211 1200 2598 386 3007 3062 1093 1700 2247 2286 1255 1816 3014 718 29 || mode=RB method=sk_ac_complete solver=pyvrp stage=post_ls ls=pyvrp iter=3
2026-03-15 22:22:15 | INFO     | [POOL #00255] 981 2401 476 3010 1063 2978 2956 2251 1764 823 13 515 1204 568 1009 242 671 1468 1550 2571 1993 1586 1241 2631 1222 2119 551 2811 2810 1669 1951 1423 1026 1095 || mode=RB method=sk_ac_complete solver=pyvrp stage=post_ls ls=pyvrp iter=3
2026-03-15 22:22:15 | INFO     | [POOL #00256] 2667 3024 2116 1780 1894 2841 820 1433 146 37 1096 1000 887 1315 2168 1410 1293 3157 458 31 1280 1164 1906 28 2994 1546 2923 1312 2813 || mode=RB method=sk_ac_complete solver=pyvrp stage=post_ls ls=pyvrp iter=3
2026-03-15 22:22:15 | INFO     | [POOL #00257] 1427 1332 2960 2905 2082 2222 2485 313 728 1623 2535 2014 1167 533 940 1974 192 519 1453 2388 1158 1811 2490 2393 121 119 1948 2031 500 3017 2833 1267 998 88 1782 || mode=RB method=sk_ac_complete solver=pyvrp stage=post_ls ls=pyvrp iter=3
2026-03-15 22:22:15 | INFO     | [POOL #00258] 2020 2001 2147 443 2417 2971 2260 2329 672 3162 2326 1817 1836 3197 1010 1381 1489 34 2356 2432 410 1542 929 1791 1790 3056 713 1697 776 2892 || mode=RB method=sk_ac_complete solver=pyvrp stage=post_ls ls=pyvrp iter=3
2026-03-15 22:22:15 | INFO     | [POOL #00259] 679 1813 2447 1500 901 1693 1022 2288 1695 1897 1896 1807 2115 1049 523 621 2026 7 1439 720 1530 3236 971 2776 21 27 || mode=RB method=sk_ac_complete solver=pyvrp stage=post_ls ls=pyvrp iter=3
2026-03-15 22:22:15 | INFO     | [POOL #00260] 372 2177 1344 1770 259 2695 1990 2587 1752 664 1101 2961 928 1391 2766 893 1809 3124 2643 1209 2969 2370 2211 814 2852 64 || mode=RB method=sk_ac_complete solver=pyvrp stage=post_ls ls=pyvrp iter=3
2026-03-15 22:22:15 | INFO     | [POOL #00261] 1311 2627 1504 1153 1952 3138 1250 619 229 739 1991 1925 2437 1947 1919 472 274 2943 1849 2823 2610 962 2042 591 3216 923 3185 2938 641 1941 || mode=RB method=sk_ac_complete solver=pyvrp stage=post_ls ls=pyvrp iter=3
2026-03-15 22:22:15 | INFO     | [POOL #00262] 2303 1590 2589 1745 1537 569 2661 542 1888 2241 1087 1182 1547 1923 1202 1574 1934 1285 2931 1416 661 2712 1615 1936 1703 953 984 84 840 2362 109 1161 554 269 841 2231 605 || mode=RB method=sk_ac_complete solver=pyvrp stage=post_ls ls=pyvrp iter=3
2026-03-15 22:22:15 | INFO     | [POOL #00263] 1226 387 399 2718 1310 1485 2713 3227 2377 2525 2664 2191 328 408 667 1481 1794 2761 1900 1278 2200 78 1257 1265 1100 2565 2513 || mode=RB method=sk_ac_complete solver=pyvrp stage=post_ls ls=pyvrp iter=3
2026-03-15 22:22:15 | INFO     | [POOL #00264] 1422 203 2604 784 529 2360 3074 650 3118 1094 1519 1689 648 2669 2904 2902 1513 2203 49 1258 546 1036 2972 670 1136 || mode=RB method=sk_ac_complete solver=pyvrp stage=post_ls ls=pyvrp iter=3
2026-03-15 22:22:15 | INFO     | [POOL #00265] 1092 1350 161 2570 393 959 1509 358 266 2494 2369 930 773 466 1307 61 2710 843 2028 681 924 1616 1160 919 1384 1135 1388 1756 2085 || mode=RB method=sk_ac_complete solver=pyvrp stage=post_ls ls=pyvrp iter=3
2026-03-15 22:22:15 | INFO     | [POOL #00266] 3198 2554 2137 1776 1333 1451 1854 2117 1568 103 1108 686 577 307 261 2328 2519 2876 638 1767 1953 3063 1954 3143 926 2754 || mode=RB method=sk_ac_complete solver=pyvrp stage=post_ls ls=pyvrp iter=3
2026-03-15 22:22:15 | INFO     | [POOL #00267] 1612 1080 2473 703 3087 3155 2526 1587 1281 968 1671 1702 868 30 173 2898 2161 366 2503 2349 338 3116 1661 1367 1827 151 2537 1247 1266 2202 2340 || mode=RB method=sk_ac_complete solver=pyvrp stage=post_ls ls=pyvrp iter=3
2026-03-15 22:22:15 | INFO     | [POOL #00268] 2702 2331 2937 1324 2861 1588 1972 558 177 1943 1852 2415 1132 2983 2150 489 1081 2512 1275 3194 2070 1604 532 1178 2511 128 2045 2628 || mode=RB method=sk_ac_complete solver=pyvrp stage=post_ls ls=pyvrp iter=3
2026-03-15 22:22:15 | INFO     | [POOL #00269] 2270 1577 1596 3115 2546 3040 803 405 280 2919 1561 2671 1887 1348 3237 43 912 2128 1493 2681 22 2974 2199 2208 2580 1411 1123 582 3023 552 2421 39 85 1736 || mode=RB method=sk_ac_complete solver=pyvrp stage=post_ls ls=pyvrp iter=3
2026-03-15 22:22:15 | INFO     | [POOL #00270] 1987 2615 3217 2739 2335 3042 2559 908 2593 3071 3093 545 149 1624 199 1774 2688 2846 925 997 241 2602 94 956 1201 2591 2396 3226 431 || mode=RB method=sk_ac_complete solver=pyvrp stage=post_ls ls=pyvrp iter=3
2026-03-15 22:22:15 | INFO     | [POOL #00271] 2576 102 189 1632 1168 1930 112 2090 2487 1608 2903 1031 3139 740 2859 2708 58 614 2061 608 2017 3152 566 1369 1105 239 1535 1758 590 3209 || mode=RB method=sk_ac_complete solver=pyvrp stage=post_ls ls=pyvrp iter=3
2026-03-15 22:22:15 | INFO     | [POOL #00272] 2136 2850 2240 715 2477 490 517 2560 1145 2345 2435 1917 3176 1040 2319 186 2968 1084 169 2763 276 2263 || mode=RB method=sk_ac_complete solver=pyvrp stage=post_ls ls=pyvrp iter=3
2026-03-15 22:22:15 | INFO     | [POOL #00273] 376 2239 1097 448 2779 789 752 1705 433 2807 2382 1368 1864 3136 2894 2696 364 1283 1448 2680 2707 2746 257 587 1051 2419 1066 124 || mode=RB method=sk_ac_complete solver=pyvrp stage=post_ls ls=pyvrp iter=3
2026-03-15 22:22:15 | INFO     | [POOL #00274] 1362 601 1090 1757 322 1682 832 298 3238 1214 147 3175 2998 852 1382 807 2112 734 1606 1461 1564 1803 2244 2614 1840 834 3235 1465 3183 2156 299 1743 1910 || mode=RB method=sk_ac_complete solver=pyvrp stage=post_ls ls=pyvrp iter=3
2026-03-15 22:22:15 | INFO     | [POOL #00275] 2930 220 663 2533 475 1563 1526 1798 543 1554 987 2889 1313 586 1935 2790 496 1329 610 412 1558 2308 2933 1959 311 1676 615 1805 3221 1387 731 1649 385 || mode=RB method=sk_ac_complete solver=pyvrp stage=post_ls ls=pyvrp iter=3
2026-03-15 22:22:15 | INFO     | [POOL #00276] 3212 435 1583 1903 1646 2495 2518 1229 1838 2258 3170 1634 1124 1975 3091 555 902 1079 690 2632 771 2029 1103 493 3096 3003 || mode=RB method=sk_ac_complete solver=pyvrp stage=post_ls ls=pyvrp iter=3
2026-03-15 22:22:15 | INFO     | [POOL #00277] 1982 285 645 441 2637 3182 1642 889 597 2727 2966 2468 2267 2547 503 2149 2988 6 1778 469 2505 406 623 2243 2599 1621 82 170 || mode=RB method=sk_ac_complete solver=pyvrp stage=post_ls ls=pyvrp iter=3
2026-03-15 22:22:15 | INFO     | [POOL #00278] 1907 2383 1613 1353 2934 1035 1600 2951 2780 1232 2259 806 2556 3083 1570 2935 1109 2772 2018 1343 250 2053 1861 2683 2751 2553 69 1027 || mode=RB method=sk_ac_complete solver=pyvrp stage=post_ls ls=pyvrp iter=3
2026-03-15 22:22:15 | INFO     | [POOL #00279] 2364 2786 1233 3098 2730 2770 2081 2875 1034 1111 3092 730 252 164 3004 1030 1713 336 3204 3131 885 965 2548 922 2836 2083 743 585 1690 291 195 2007 2911 || mode=RB method=sk_ac_complete solver=pyvrp stage=post_ls ls=pyvrp iter=3
2026-03-15 22:22:15 | INFO     | [POOL #00280] 983 1749 1002 225 539 2821 1744 1822 2174 2106 2300 306 1303 492 3097 2907 2838 2178 1528 1067 1476 3044 2543 2184 659 1536 561 117 3200 || mode=RB method=sk_ac_complete solver=pyvrp stage=post_ls ls=pyvrp iter=3
2026-03-15 22:22:15 | INFO     | [POOL #00281] 1886 732 9 1072 2532 2097 1354 437 2581 1673 2915 821 260 2361 2806 1712 3101 348 3070 325 1889 2198 56 521 991 2729 26 1720 2296 611 1483 2185 3172 || mode=RB method=sk_ac_complete solver=pyvrp stage=post_ls ls=pyvrp iter=3
2026-03-15 22:22:15 | INFO     | [POOL #00282] 2999 2123 101 1598 2693 1396 3082 2363 2887 3089 140 3114 1297 1196 2403 2129 2677 1971 2298 2452 724 10 3201 211 2378 2542 2840 2569 2711 97 || mode=RB method=sk_ac_complete solver=pyvrp stage=post_ls ls=pyvrp iter=3
2026-03-15 22:22:15 | INFO     | [POOL #00283] 1029 1484 1347 1236 2965 1440 2555 1292 989 3219 2992 2673 2102 1944 2209 766 1699 1531 2158 2652 1197 1054 2520 2037 464 1696 2638 2285 1708 1345 1098 1420 742 2735 || mode=RB method=sk_ac_complete solver=pyvrp stage=post_ls ls=pyvrp iter=3
2026-03-15 22:22:15 | INFO     | [POOL #00284] 961 318 2932 760 2545 2976 1580 736 1967 2820 2330 2802 434 2993 844 1005 418 2188 2068 822 2737 3047 2952 2207 2201 2584 2686 1455 3125 1327 2996 || mode=RB method=sk_ac_complete solver=pyvrp stage=post_ls ls=pyvrp iter=3
2026-03-15 22:22:15 | INFO     | [POOL #00285] 1173 3240 2165 38 872 2133 2095 1740 1409 990 2015 1176 294 1750 1256 3050 2747 392 2634 2176 767 254 1065 2855 2516 208 1374 1397 2227 1407 2261 511 268 390 || mode=RB method=sk_ac_complete solver=pyvrp stage=post_ls ls=pyvrp iter=3
2026-03-15 22:22:15 | INFO     | [POOL #00286] 815 2390 2550 1965 1415 1414 669 549 1575 711 3001 534 279 2433 236 1655 2588 2465 729 320 180 50 2492 770 1393 986 1032 2071 442 || mode=RB method=sk_ac_complete solver=pyvrp stage=post_ls ls=pyvrp iter=3
2026-03-15 22:22:15 | INFO     | [POOL #00287] 1286 3189 625 2605 2573 2900 1627 238 617 2350 1117 282 289 2828 2438 1719 2528 2039 1496 247 2054 2890 425 131 593 2057 1490 2091 || mode=RB method=sk_ac_complete solver=pyvrp stage=post_ls ls=pyvrp iter=3
2026-03-15 22:22:15 | INFO     | [POOL #00288] 3021 14 339 474 1635 2684 3123 1352 478 138 1539 1538 2046 1958 2408 160 3154 1207 735 251 1401 2264 349 1238 3027 1540 2893 1129 2121 1452 3054 658 1737 1425 47 172 2309 2461 || mode=RB method=sk_ac_complete solver=pyvrp stage=post_ls ls=pyvrp iter=3
2026-03-15 22:22:15 | INFO     | [POOL #00289] 2139 2507 578 244 613 1920 2826 2767 1212 71 1681 1252 2792 2451 2341 1172 2814 5 498 2674 2563 1240 300 1788 1895 114 785 864 || mode=RB method=sk_ac_complete solver=pyvrp stage=post_ls ls=pyvrp iter=3
2026-03-15 22:22:15 | INFO     | [POOL #00290] 2353 2942 1058 2768 2829 1359 726 957 538 158 1968 2649 3127 334 1685 215 1239 1356 319 1603 1980 1039 1938 2954 2617 915 1070 927 || mode=RB method=sk_ac_complete solver=pyvrp stage=post_ls ls=pyvrp iter=3
2026-03-15 22:22:15 | INFO     | [POOL #00291] 634 2682 1680 1364 842 3053 2482 2114 352 508 1242 2831 2146 171 2445 337 2441 354 45 148 2460 499 1779 1832 900 624 1789 1434 2371 287 1305 1692 3134 2469 || mode=RB method=sk_ac_complete solver=pyvrp stage=post_ls ls=pyvrp iter=3
2026-03-15 22:22:15 | INFO     | [POOL #00292] 365 55 373 572 105 2851 2769 1783 2379 2815 1534 1099 2077 80 194 2783 1686 2920 564 221 3164 1259 2131 1555 312 1883 1008 || mode=RB method=sk_ac_complete solver=pyvrp stage=post_ls ls=pyvrp iter=3
2026-03-15 22:22:15 | INFO     | [POOL #00293] 2122 245 1966 2625 1726 3181 873 2226 2225 1308 977 237 3117 1760 2982 903 862 309 2000 2110 1140 799 2946 1363 1831 || mode=RB method=sk_ac_complete solver=pyvrp stage=post_ls ls=pyvrp iter=3
2026-03-15 22:22:15 | INFO     | [POOL #00294] 90 1208 3166 2491 2357 1818 557 969 1916 1024 2410 1620 1520 708 315 1447 2500 1503 3199 827 2509 1376 896 454 1193 422 2096 2744 1961 || mode=RB method=sk_ac_complete solver=pyvrp stage=post_ls ls=pyvrp iter=3
2026-03-15 22:22:15 | INFO     | [POOL #00295] 1466 1006 941 2413 2899 1544 1964 2524 1156 1147 3220 3149 72 1157 1741 243 1318 1766 562 2857 228 2066 2386 869 762 1298 1905 3193 1823 || mode=RB method=sk_ac_complete solver=pyvrp stage=post_ls ls=pyvrp iter=3
2026-03-15 22:22:15 | INFO     | [POOL #00296] 1709 2375 1045 150 3188 1380 384 2592 1929 1963 524 946 1365 2897 95 2318 2878 213 1491 2060 2908 232 2079 3046 973 2847 1459 1742 1421 || mode=RB method=sk_ac_complete solver=pyvrp stage=post_ls ls=pyvrp iter=3
2026-03-15 22:22:15 | INFO     | [POOL #00297] 1834 3151 935 2162 2282 1366 2175 288 2142 507 1507 2253 2019 918 3061 748 378 133 1154 141 944 374 1373 3190 || mode=RB method=sk_ac_complete solver=pyvrp stage=post_ls ls=pyvrp iter=3
2026-03-15 22:22:15 | INFO     | [POOL #00298] 3035 59 2909 2221 2358 1867 847 3223 1249 2047 1088 2206 2689 404 2621 2154 57 1059 2613 911 2471 2866 1957 1150 || mode=RB method=sk_ac_complete solver=pyvrp stage=post_ls ls=pyvrp iter=3
2026-03-15 22:22:15 | INFO     | [POOL #00299] 1001 1847 2002 865 68 63 673 1856 2622 581 2925 230 1962 2794 2872 2760 933 2216 1541 1995 2891 3140 32 884 2086 660 2 1426 3232 567 3161 3018 1338 2278 || mode=RB method=sk_ac_complete solver=pyvrp stage=post_ls ls=pyvrp iter=3
2026-03-15 22:22:15 | INFO     | [POOL #00300] 2265 559 1215 426 1134 633 643 2333 2272 2787 1110 2170 2635 1626 2327 651 1777 456 1955 1432 206 353 2955 1970 1999 856 3195 629 1710 || mode=RB method=sk_ac_complete solver=pyvrp stage=post_ls ls=pyvrp iter=3
2026-03-15 22:22:15 | INFO     | [POOL #00301] 2854 2218 1177 1843 1402 1746 1753 2885 1023 1107 646 1464 3041 682 2805 540 1986 1047 326 2705 1653 304 || mode=RB method=sk_ac_complete solver=pyvrp stage=post_ls ls=pyvrp iter=3
2026-03-15 22:22:15 | INFO     | [POOL #00302] 459 787 1973 563 1028 219 774 1071 2753 321 396 698 2498 359 958 3133 377 684 1470 3000 193 2706 3081 665 || mode=RB method=sk_ac_complete solver=pyvrp stage=post_ls ls=pyvrp iter=3
2026-03-15 22:22:15 | INFO     | [POOL #00303] 2325 1003 409 949 1921 2312 89 1985 721 1508 1514 2691 2958 2424 1875 994 2758 2586 716 1769 857 596 || mode=RB method=sk_ac_complete solver=pyvrp stage=post_ls ls=pyvrp iter=3
2026-03-15 22:22:15 | INFO     | [POOL #00304] 2223 1141 480 226 2530 2212 1271 936 275 1937 3085 2105 494 1342 738 1043 1949 2989 1361 145 2087 1716 1667 2075 2606 || mode=RB method=sk_ac_complete solver=pyvrp stage=post_ls ls=pyvrp iter=3
2026-03-15 22:22:15 | INFO     | [POOL #00305] 424 2986 2636 2213 1678 2315 2305 939 1430 2025 216 2963 2159 882 2294 403 2428 1062 2612 1221 1113 25 209 || mode=RB method=sk_ac_complete solver=pyvrp stage=post_ls ls=pyvrp iter=3
2026-03-15 22:22:15 | INFO     | [POOL #00306] 2385 1650 1846 2618 612 2538 2562 2579 2736 777 1057 2877 497 1151 1850 2381 3099 1004 3012 1125 1556 477 1633 975 2132 1446 2074 367 3145 607 2230 383 || mode=RB method=sk_ac_complete solver=pyvrp stage=post_ls ls=pyvrp iter=3
2026-03-15 22:22:15 | INFO     | [POOL #00307] 2182 2703 598 1688 1960 1457 2985 1050 1142 1183 1829 878 2398 2781 333 678 2186 3150 1607 3215 2785 1821 207 1771 || mode=RB method=sk_ac_complete solver=pyvrp stage=post_ls ls=pyvrp iter=3
2026-03-15 22:22:15 | INFO     | [POOL #00308] 1450 152 2962 1591 886 1060 2040 1220 548 278 1909 2130 1529 1727 2172 182 75 1181 781 1862 746 783 335 2127 2373 || mode=RB method=sk_ac_complete solver=pyvrp stage=post_ls ls=pyvrp iter=3
2026-03-15 22:22:15 | INFO     | [POOL #00309] 635 1016 3234 829 2397 2863 2189 3109 2793 1326 3038 1469 2427 1321 810 2700 954 2690 741 1911 2065 362 2882 3080 332 2135 3008 2608 2277 || mode=RB method=sk_ac_complete solver=pyvrp stage=post_ls ls=pyvrp iter=3
2026-03-15 22:22:15 | INFO     | [POOL #00310] 717 848 1185 677 2575 2169 2488 2167 782 83 3072 2163 16 2238 759 680 895 3039 1188 1833 2138 2195 1614 1609 2456 2564 1670 134 1340 1517 966 2151 || mode=RB method=sk_ac_complete solver=pyvrp stage=post_ls ls=pyvrp iter=3
2026-03-15 22:22:15 | INFO     | [POOL #00311] 2975 488 98 1762 1618 2310 2076 2055 1299 2486 1498 183 197 2220 705 1523 3020 1748 2521 2233 3135 3142 1806 233 653 1300 3073 || mode=RB method=sk_ac_complete solver=pyvrp stage=post_ls ls=pyvrp iter=3
2026-03-15 22:22:15 | INFO     | [POOL #00312] 3210 3016 3045 1137 323 898 273 2466 2027 2467 1021 1488 1573 1728 2056 1597 2187 1437 2457 3128 1127 1462 2430 504 1472 1149 1243 2764 1319 1263 2704 3055 343 1878 || mode=RB method=sk_ac_complete solver=pyvrp stage=post_ls ls=pyvrp iter=3
2026-03-15 22:22:15 | INFO     | [POOL #00313] 3078 694 3121 3239 793 2344 1037 66 2311 1042 2670 2884 509 2824 99 934 1969 2873 1824 2439 2795 1089 2936 988 1435 1525 36 || mode=RB method=sk_ac_complete solver=pyvrp stage=post_ls ls=pyvrp iter=3
2026-03-15 22:22:15 | INFO     | [POOL #00314] 2921 910 2984 2510 60 3026 3191 1237 1694 2101 1253 1190 1510 137 1394 1890 584 218 737 191 2774 2641 || mode=RB method=sk_ac_complete solver=pyvrp stage=post_ls ls=pyvrp iter=3
2026-03-15 22:22:15 | INFO     | [POOL #00315] 2217 2514 1418 945 62 1516 2732 2496 688 2788 1704 2134 2297 1793 696 1269 1644 1599 674 167 3107 2337 1400 1334 1025 751 2289 2043 1479 485 || mode=RB method=sk_ac_complete solver=pyvrp stage=post_ls ls=pyvrp iter=3
2026-03-15 22:22:15 | INFO     | [POOL #00316] 113 415 1419 2051 1198 1251 1294 3034 1078 1784 2616 749 691 637 3229 1336 1691 2111 722 317 308 2964 2192 2470 1386 1637 1576 11 132 129 253 1687 1174 || mode=RB method=sk_ac_complete solver=pyvrp stage=post_ls ls=pyvrp iter=3
2026-03-15 22:22:15 | INFO     | [POOL #00317] 3 602 685 1011 3090 270 1527 1282 501 1424 3208 2733 2762 2522 2120 1665 2552 2355 1595 1184 342 1128 2406 2376 2464 127 1512 2069 1808 1505 1213 932 || mode=RB method=sk_ac_complete solver=pyvrp stage=post_ls ls=pyvrp iter=3
2026-03-15 22:22:15 | INFO     | [POOL #00318] 2004 15 851 2429 1666 327 1195 1724 2475 1056 2287 1945 3112 537 2953 2073 536 850 2306 1978 2895 502 1331 831 3179 2626 1799 2322 1560 2462 2945 1230 || mode=RB method=sk_ac_complete solver=pyvrp stage=post_ls ls=pyvrp iter=3
2026-03-15 22:22:15 | INFO     | [POOL #00319] 3100 371 2880 3213 1234 2346 1429 697 106 2716 2912 531 1922 880 1662 855 1785 2827 996 2910 2232 2100 964 812 666 707 3006 2755 || mode=RB method=sk_ac_complete solver=pyvrp stage=post_ls ls=pyvrp iter=3
2026-03-15 22:22:15 | INFO     | [POOL #00320] 2757 2990 1264 1628 2284 2582 1375 2803 2052 861 1227 2291 2558 723 2173 2104 2742 3205 833 20 2140 1630 947 2229 2395 201 2773 3231 876 914 2657 || mode=RB method=sk_ac_complete solver=pyvrp stage=post_ls ls=pyvrp iter=3
2026-03-15 22:22:15 | INFO     | [POOL #00321] 2171 2668 1566 2443 1289 2359 77 3108 805 3206 24 3228 525 1017 1994 1876 3058 683 1349 630 2501 565 2392 2797 2148 1582 428 || mode=RB method=sk_ac_complete solver=pyvrp stage=post_ls ls=pyvrp iter=3
2026-03-15 22:22:15 | INFO     | [POOL #00322] 1166 2302 1787 616 704 1731 1169 74 2916 155 995 2476 3019 1648 1205 301 2113 1403 603 1052 1551 1885 305 2400 632 1076 1119 198 2967 || mode=RB method=sk_ac_complete solver=pyvrp stage=post_ls ls=pyvrp iter=3
2026-03-15 22:22:15 | INFO     | [POOL #00323] 2659 2804 3129 786 2741 2034 2640 2205 44 1605 628 700 2342 2194 2655 2678 1175 2699 2409 2583 2321 120 187 455 2366 2648 || mode=RB method=sk_ac_complete solver=pyvrp stage=post_ls ls=pyvrp iter=3
2026-03-15 22:22:15 | INFO     | [POOL #00324] 110 2717 1996 706 2858 1659 2455 2279 1872 1880 2566 3160 484 649 2870 1171 1641 1853 2799 522 3130 2715 3025 463 1830 3011 920 2290 143 || mode=RB method=sk_ac_complete solver=pyvrp stage=post_ls ls=pyvrp iter=3
2026-03-15 22:22:15 | INFO     | [POOL #00325] 1179 2871 2343 1126 1592 2336 3031 1225 1428 310 571 2572 1518 609 1524 413 808 1346 1371 473 126 1826 1763 1652 535 802 2099 2601 2268 2420 952 41 2367 1133 246 461 || mode=RB method=sk_ac_complete solver=pyvrp stage=post_ls ls=pyvrp iter=3
2026-03-15 22:22:15 | INFO     | [POOL #00326] 2499 1478 1015 1248 1474 550 1868 1549 1069 3059 2109 411 1456 81 96 1545 136 2701 1998 1521 1842 2023 1869 790 1445 42 2694 2940 3094 || mode=RB method=sk_ac_complete solver=pyvrp stage=post_ls ls=pyvrp iter=3
2026-03-15 22:22:15 | INFO     | [POOL #00327] 2639 363 1379 2725 19 1436 2404 46 938 816 286 33 1668 1277 2685 3168 2145 355 778 122 1495 772 423 2423 1443 1932 1284 3032 108 297 462 512 130 1901 || mode=RB method=sk_ac_complete solver=pyvrp stage=post_ls ls=pyvrp iter=3
2026-03-15 22:22:15 | INFO     | [POOL #00328] 2917 2153 1865 1061 2155 2750 1658 40 1553 1480 1041 2842 1341 1915 2481 2629 560 2663 575 1839 93 391 2078 234 262 2654 1584 || mode=RB method=sk_ac_complete solver=pyvrp stage=post_ls ls=pyvrp iter=3
2026-03-15 22:22:15 | INFO     | [POOL #00329] 2515 1413 520 2354 1775 2865 1192 3088 417 1706 1707 1019 2523 2645 1191 2459 2801 2234 1562 2281 1768 1335 2245 1629 3222 277 804 142 699 2416 451 2307 3069 859 || mode=RB method=sk_ac_complete solver=pyvrp stage=post_ls ls=pyvrp iter=3
2026-03-15 22:22:15 | INFO     | [POOL #00330] 3225 1323 1224 2848 1638 1912 3113 2348 2879 217 1155 1395 457 2273 1330 1291 357 1187 2266 2058 1309 2422 2164 883 2224 942 2425 1747 2228 1245 || mode=RB method=sk_ac_complete solver=pyvrp stage=post_ls ls=pyvrp iter=3
2026-03-15 22:22:15 | INFO     | [POOL #00331] 1751 481 544 2722 1844 54 904 344 1651 765 1981 2738 693 2414 2384 817 381 2660 867 570 1357 701 1800 897 2697 2125 || mode=RB method=sk_ac_complete solver=pyvrp stage=post_ls ls=pyvrp iter=3
2026-03-15 22:22:15 | INFO     | [POOL #00332] 1139 1013 877 2600 1812 1244 2991 440 992 1815 583 439 2853 647 395 1866 2502 453 107 1902 4 2098 825 1360 2338 1891 92 2405 2860 1130 866 2280 1552 1492 1913 || mode=RB method=sk_ac_complete solver=pyvrp stage=post_ls ls=pyvrp iter=3
2026-03-15 22:22:15 | INFO     | [POOL #00333] 3095 1989 375 2752 2463 2619 3186 853 1223 505 2033 2901 2819 931 491 340 1217 2035 2782 2257 2193 70 891 2997 2577 3187 || mode=RB method=sk_ac_complete solver=pyvrp stage=post_ls ls=pyvrp iter=3
2026-03-15 22:22:15 | INFO     | [POOL #00334] 3196 1337 1454 1797 2089 2596 2478 401 860 2041 76 1585 2822 2609 1988 2756 1203 916 513 2949 845 2611 157 3202 3165 || mode=RB method=sk_ac_complete solver=pyvrp stage=post_ls ls=pyvrp iter=3
2026-03-15 22:22:15 | INFO     | [POOL #00335] 3214 675 1841 2809 2835 1261 407 2834 2242 3110 2479 3173 620 2816 2585 951 1877 579 1625 909 744 1820 432 1532 2301 || mode=RB method=sk_ac_complete solver=pyvrp stage=post_ls ls=pyvrp iter=3
2026-03-15 22:22:15 | INFO     | [POOL #00336] 188 506 235 3033 2623 1631 2497 91 48 1870 416 796 430 1114 1471 1355 295 2630 449 2236 2676 2215 2190 2254 1053 2948 314 1761 2845 1873 3049 || mode=RB method=sk_ac_complete solver=pyvrp stage=post_ls ls=pyvrp iter=3
2026-03-15 22:22:15 | INFO     | [POOL #00337] 290 2531 2210 604 985 1992 370 495 1892 654 1565 175 487 1654 2059 2442 3005 1194 3051 447 || mode=RB method=sk_ac_complete solver=pyvrp stage=post_ls ls=pyvrp iter=3
2026-03-15 22:22:15 | INFO     | [POOL #00338] 2210 3035 1892 654 1565 175 487 1654 1317 2262 2854 676 1274 2866 1141 596 1003 1716 1667 2075 2301 3165 || mode=VB method=sk_ac_complete solver=filo2 stage=post_ls ls=pyvrp iter=4
2026-03-15 22:22:15 | INFO     | [POOL #00339] 2257 2600 931 2819 2901 2033 505 1223 544 2722 1638 381 3113 2348 2660 2848 853 3186 1224 2619 1323 616 1751 || mode=VB method=sk_ac_complete solver=filo2 stage=post_ls ls=pyvrp iter=4
2026-03-15 22:22:15 | INFO     | [POOL #00340] 3202 157 2611 845 2949 513 1203 2756 909 1625 2609 2822 1585 314 1761 407 1261 2845 744 1820 432 1532 1913 || mode=VB method=sk_ac_complete solver=filo2 stage=post_ls ls=pyvrp iter=4
2026-03-15 22:22:15 | INFO     | [POOL #00341] 275 2105 494 2697 1245 2804 3129 786 897 2205 44 1605 2797 1289 2148 2640 2034 1582 2321 120 187 455 994 2212 2530 || mode=VB method=sk_ac_complete solver=filo2 stage=post_ls ls=pyvrp iter=4
2026-03-15 22:22:15 | INFO     | [POOL #00342] 2515 704 867 1912 2058 2266 1187 1291 804 3222 1629 2245 1335 277 2459 1191 2645 2801 2234 1768 2281 1562 453 2502 1866 395 647 1902 107 4 2098 1870 48 91 1988 916 || mode=VB method=sk_ac_complete solver=filo2 stage=post_ls ls=pyvrp iter=4
2026-03-15 22:22:15 | INFO     | [POOL #00343] 1957 856 1999 1970 2 660 2622 581 2925 2086 230 2872 2760 1955 456 1626 2327 1777 651 1995 1541 2891 3140 2216 933 884 32 1856 673 63 68 865 2002 || mode=VB method=sk_ac_complete solver=filo2 stage=post_ls ls=pyvrp iter=4
2026-03-15 22:22:15 | INFO     | [POOL #00344] 2639 110 2171 2717 1996 1566 706 2400 305 1885 2655 2194 2342 700 1551 1584 1052 2279 2455 1061 2725 1248 2336 1592 1830 396 2753 1478 2290 1028 563 1973 || mode=VB method=sk_ac_complete solver=filo2 stage=post_ls ls=pyvrp iter=4
2026-03-15 22:22:15 | INFO     | [POOL #00345] 1179 2871 363 958 2343 2155 522 1872 1880 2566 603 3160 1171 2870 649 484 1403 3019 1648 1205 301 2113 2654 630 565 2392 628 2443 1875 2648 || mode=VB method=sk_ac_complete solver=filo2 stage=post_ls ls=pyvrp iter=4
2026-03-15 22:22:15 | INFO     | [POOL #00346] 2917 2699 1865 3130 1474 550 1549 1069 1436 3059 2109 411 1456 81 1495 122 772 423 96 1545 136 2423 1443 2572 571 310 1428 1225 3031 1126 698 143 || mode=VB method=sk_ac_complete solver=filo2 stage=post_ls ls=pyvrp iter=4
2026-03-15 22:22:15 | INFO     | [POOL #00347] 59 1710 2909 1150 1033 3223 1249 2047 326 1047 1986 1402 1843 404 2621 2689 2206 1088 2705 1653 426 1215 2471 2265 || mode=VB method=sk_ac_complete solver=filo2 stage=post_ls ls=pyvrp iter=4
2026-03-15 22:22:15 | INFO     | [POOL #00348] 480 226 2758 2967 198 1119 2668 1076 632 2409 2153 2858 1379 920 2583 359 3133 377 684 1470 3000 193 2499 2706 3081 || mode=VB method=sk_ac_complete solver=filo2 stage=post_ls ls=pyvrp iter=4
2026-03-15 22:22:15 | INFO     | [POOL #00349] 1841 2242 2280 951 2948 1053 866 1130 2860 449 2236 2630 1891 92 2405 491 340 1217 2782 2585 2816 620 2479 3110 3214 || mode=VB method=sk_ac_complete solver=filo2 stage=post_ls ls=pyvrp iter=4
2026-03-15 22:22:15 | INFO     | [POOL #00350] 1133 2367 41 2420 2268 2601 2099 802 535 1652 3032 1346 2701 808 413 1932 1284 1524 1518 609 463 1015 321 1071 774 219 || mode=VB method=sk_ac_complete solver=filo2 stage=post_ls ls=pyvrp iter=4
2026-03-15 22:22:15 | INFO     | [POOL #00351] 461 246 3094 2940 952 2694 1110 42 130 512 462 297 108 1998 1763 1826 1371 473 1521 126 1842 2023 1869 790 1445 2170 2635 2787 2272 2333 643 1134 || mode=VB method=sk_ac_complete solver=filo2 stage=post_ls ls=pyvrp iter=4
2026-03-15 22:22:15 | INFO     | [POOL #00352] 1787 375 2752 2463 1731 1169 24 74 570 2916 2879 883 217 1155 1395 457 1309 2422 2164 3069 859 234 2476 995 155 262 1357 1349 683 3058 2501 3095 || mode=VB method=sk_ac_complete solver=filo2 stage=post_ls ls=pyvrp iter=4
2026-03-15 22:22:15 | INFO     | [POOL #00353] 2498 3011 3025 2715 1868 19 2404 778 355 2145 3168 2685 560 2663 2629 1277 1668 33 1041 2842 1915 1341 1480 286 816 46 938 1641 1853 2799 2750 1659 || mode=VB method=sk_ac_complete solver=filo2 stage=post_ls ls=pyvrp iter=4
2026-03-15 22:22:15 | INFO     | [POOL #00354] 1492 3049 1873 675 2809 2835 1552 2834 1877 579 2254 2190 2215 2676 2623 1631 3033 235 2041 860 401 2478 2596 2089 1797 1454 1337 3196 || mode=VB method=sk_ac_complete solver=filo2 stage=post_ls ls=pyvrp iter=4
2026-03-15 22:22:15 | INFO     | [POOL #00355] 188 506 76 2497 295 416 796 1355 1471 2338 1114 430 1360 825 2853 439 693 2738 1981 765 1651 344 583 1815 992 440 2991 1244 1192 2865 1812 2035 3173 || mode=VB method=sk_ac_complete solver=filo2 stage=post_ls ls=pyvrp iter=4
2026-03-15 22:22:15 | INFO     | [POOL #00356] 2087 145 1361 2989 936 1271 2659 2125 428 1937 3085 2366 2586 716 1769 857 665 2613 57 1059 2218 || mode=VB method=sk_ac_complete solver=filo2 stage=post_ls ls=pyvrp iter=4
2026-03-15 22:22:15 | INFO     | [POOL #00357] 1949 2958 1989 2741 2228 1747 2425 942 2224 3108 805 3206 3228 1994 1017 525 701 1876 1800 77 2359 2691 2424 || mode=VB method=sk_ac_complete solver=filo2 stage=post_ls ls=pyvrp iter=4
2026-03-15 22:22:15 | INFO     | [POOL #00358] 409 949 1921 2312 89 3187 2577 1413 2997 891 1013 70 2193 877 2354 520 481 2302 1514 1508 721 1985 1342 738 1043 3225 1166 || mode=VB method=sk_ac_complete solver=filo2 stage=post_ls ls=pyvrp iter=4
2026-03-15 22:22:15 | INFO     | [POOL #00359] 559 911 1177 459 2154 787 633 1746 1753 2885 1023 1107 646 1464 3041 1432 2794 1962 353 206 2955 682 2805 540 1901 304 || mode=VB method=sk_ac_complete solver=filo2 stage=post_ls ls=pyvrp iter=4
2026-03-15 22:22:15 | INFO     | [POOL #00360] 1139 1775 3088 1844 54 417 904 1706 1707 2384 817 2414 1019 2523 357 1330 142 699 2416 451 2273 2307 1839 93 575 2481 391 2078 1553 40 1658 2678 1175 || mode=VB method=sk_ac_complete solver=filo2 stage=post_ls ls=pyvrp iter=4
2026-03-15 22:22:15 | INFO     | [POOL #00361] 2449 2144 692 1837 2088 642 1091 791 798 2979 1083 1801 414 3137 1677 689 1463 3028 1879 388 2567 52 1802 135 3057 1636 || mode=VB method=sk_ac_complete solver=filo2 stage=post_ls ls=pyvrp iter=4
2026-03-15 22:22:15 | INFO     | [POOL #00362] 345 2021 204 2005 2323 1170 3122 2977 3119 3048 906 1378 3159 2334 1399 2313 1796 281 2276 2913 993 3015 3203 1417 747 1997 622 || mode=VB method=sk_ac_complete solver=filo2 stage=post_ls ls=pyvrp iter=4
2026-03-15 22:22:15 | INFO     | [POOL #00363] 2603 272 1276 2320 2554 1776 1333 1451 1854 220 1108 834 1840 2614 686 2328 2519 3235 2876 1465 3183 2156 299 351 1743 1910 || mode=VB method=sk_ac_complete solver=filo2 stage=post_ls ls=pyvrp iter=4
2026-03-15 22:22:15 | INFO     | [POOL #00364] 1304 982 368 421 2407 541 1295 644 1302 1683 1362 1954 450 256 858 972 184 960 3167 346 2540 871 || mode=VB method=sk_ac_complete solver=filo2 stage=post_ls ls=pyvrp iter=4
2026-03-15 22:22:15 | INFO     | [POOL #00365] 601 1090 3063 1953 1557 2534 2038 324 419 1611 1159 963 2072 1431 1074 1581 3077 3075 1404 2748 1931 1578 518 937 227 || mode=VB method=sk_ac_complete solver=filo2 stage=post_ls ls=pyvrp iter=4
2026-03-15 22:22:15 | INFO     | [POOL #00366] 100 1782 1765 88 2791 998 1506 1718 2196 1288 369 181 1 224 1711 2869 1046 104 1218 3017 2833 1914 1102 1730 2485 3132 267 1548 111 1543 2950 1499 1871 917 2166 || mode=VB method=sk_ac_complete solver=filo2 stage=post_ls ls=pyvrp iter=4
2026-03-15 22:22:15 | INFO     | [POOL #00367] 1322 2126 1163 1189 2231 1987 431 322 1682 3226 2615 832 2396 2591 1201 3217 385 147 3175 2998 1606 269 577 307 261 841 1757 638 1767 || mode=VB method=sk_ac_complete solver=filo2 stage=post_ls ls=pyvrp iter=4
2026-03-15 22:22:15 | INFO     | [POOL #00368] 2489 1406 1112 1813 1825 29 2947 718 3014 2303 631 2049 1622 2447 1579 3105 1075 2222 2082 2886 1007 2444 2067 2960 2372 2399 2050 1306 794 599 || mode=VB method=sk_ac_complete solver=filo2 stage=post_ls ls=pyvrp iter=4
2026-03-15 22:22:15 | INFO     | [POOL #00369] 727 528 3158 2731 3209 752 1283 186 703 2319 1040 3176 1917 715 2477 490 517 2560 1145 2345 2435 1105 3087 364 1535 1448 789 448 || mode=VB method=sk_ac_complete solver=filo2 stage=post_ls ls=pyvrp iter=4
2026-03-15 22:22:15 | INFO     | [POOL #00370] 835 3198 2044 2137 2807 2117 103 1568 1368 566 2696 3136 2894 608 2017 1388 2526 1756 3152 3155 1369 239 2382 433 1758 1705 590 2779 795 1494 || mode=VB method=sk_ac_complete solver=filo2 stage=post_ls ls=pyvrp iter=4
2026-03-15 22:22:15 | INFO     | [POOL #00371] 2918 2714 606 1262 950 2726 1301 826 888 2864 3045 1137 3078 323 694 793 2344 3121 3239 696 1793 2297 2134 1704 2788 1961 769 361 3016 2921 2796 200 2124 2798 || mode=VB method=sk_ac_complete solver=filo2 stage=post_ls ls=pyvrp iter=4
2026-03-15 22:22:15 | INFO     | [POOL #00372] 589 824 2352 174 3029 1786 894 2740 2723 1851 967 514 1449 2656 1569 1320 2246 2644 18 2183 890 402 1014 1482 2024 || mode=VB method=sk_ac_complete solver=filo2 stage=post_ls ls=pyvrp iter=4
2026-03-15 22:22:15 | INFO     | [POOL #00373] 379 526 2380 3224 1522 819 2182 424 1116 913 1983 714 1858 1857 3068 2709 3065 2214 768 636 1928 1383 341 1390 || mode=VB method=sk_ac_complete solver=filo2 stage=post_ls ls=pyvrp iter=4
2026-03-15 22:22:15 | INFO     | [POOL #00374] 316 592 2557 1643 2667 1095 3024 2116 2745 1729 1656 811 981 1026 2813 1312 1780 1423 1721 1984 2255 292 780 1904 863 483 1733 754 331 23 1316 2446 2561 2527 1502 2868 || mode=VB method=sk_ac_complete solver=filo2 stage=post_ls ls=pyvrp iter=4
2026-03-15 22:22:15 | INFO     | [POOL #00375] 1956 1219 1389 881 943 2304 2314 1848 2906 1860 588 1216 1477 1254 156 196 1567 1199 2274 3147 2849 2389 874 905 839 1819 595 || mode=VB method=sk_ac_complete solver=filo2 stage=post_ls ls=pyvrp iter=4
2026-03-15 22:22:15 | INFO     | [POOL #00376] 2825 758 1759 8 2316 398 1859 679 1077 1487 1795 1828 1672 800 1933 837 1792 2777 429 2867 2269 3141 1328 1714 264 2944 || mode=VB method=sk_ac_complete solver=filo2 stage=post_ls ls=pyvrp iter=4
2026-03-15 22:22:15 | INFO     | [POOL #00377] 2080 2143 2658 1064 1845 73 846 1617 3156 2812 1835 248 2771 553 761 1148 467 || mode=VB method=sk_ac_complete solver=filo2 stage=post_ls ls=pyvrp iter=4
2026-03-15 22:22:15 | INFO     | [POOL #00378] 2063 446 2003 1143 955 1723 86 2651 2687 627 576 1144 3230 530 176 258 1908 1385 1418 3148 2514 2217 2391 2474 709 695 || mode=VB method=sk_ac_complete solver=filo2 stage=post_ls ls=pyvrp iter=4
2026-03-15 22:22:15 | INFO     | [POOL #00379] 1475 2440 2595 2197 485 2365 510 389 2250 3184 2698 2016 580 3073 2289 25 2043 2219 1738 1082 2922 2862 1898 468 1610 209 1650 2385 383 || mode=VB method=sk_ac_complete solver=filo2 stage=post_ls ls=pyvrp iter=4
2026-03-15 22:22:15 | INFO     | [POOL #00380] 2665 1473 948 302 2541 283 1715 3106 2653 178 1018 1946 1131 2387 662 1781 2157 836 190 1675 1044 2896 || mode=VB method=sk_ac_complete solver=filo2 stage=post_ls ls=pyvrp iter=4
2026-03-15 22:22:15 | INFO     | [POOL #00381] 1804 1121 1152 1533 797 2650 2160 1640 2506 527 382 2808 1115 1165 2347 2720 2108 3177 2092 1698 1270 3079 1511 2995 1206 652 1664 154 || mode=VB method=sk_ac_complete solver=filo2 stage=post_ls ls=pyvrp iter=4
2026-03-15 22:22:15 | INFO     | [POOL #00382] 2734 1722 1118 210 1486 2235 116 657 3120 51 1186 1106 1048 1497 712 2846 387 925 997 241 1405 94 956 2856 2914 2888 2332 1725 3009 265 2754 1814 || mode=VB method=sk_ac_complete solver=filo2 stage=post_ls ls=pyvrp iter=4
2026-03-15 22:22:15 | INFO     | [POOL #00383] 36 2620 1660 1460 1525 1400 2337 3107 167 2510 2975 1890 2936 584 1599 674 988 1435 2984 218 737 191 3003 1882 3084 2292 2641 293 471 || mode=VB method=sk_ac_complete solver=filo2 stage=post_ls ls=pyvrp iter=4
2026-03-15 22:22:15 | INFO     | [POOL #00384] 470 2578 779 360 2574 2093 2036 3163 2064 249 2892 3013 1073 3043 2009 444 626 2646 879 2293 2013 2402 || mode=VB method=sk_ac_complete solver=filo2 stage=post_ls ls=pyvrp iter=4
2026-03-15 22:22:15 | INFO     | [POOL #00385] 635 1016 3234 3008 152 2135 179 420 2962 2719 639 1027 2996 1771 207 1821 2703 598 2213 2636 966 2986 2151 656 757 482 1314 1924 640 1450 2127 2373 2608 2277 || mode=VB method=sk_ac_complete solver=filo2 stage=post_ls ls=pyvrp iter=4
2026-03-15 22:22:15 | INFO     | [POOL #00386] 2672 828 1501 347 2374 2084 397 2721 1458 1772 702 980 3002 2565 2513 2970 1279 2662 144 870 1162 2062 892 125 2551 556 3060 166 || mode=VB method=sk_ac_complete solver=filo2 stage=post_ls ls=pyvrp iter=4
2026-03-15 22:22:15 | INFO     | [POOL #00387] 438 2624 296 168 2784 2647 2480 1601 2418 2844 2271 910 2774 2732 1516 2103 1645 3207 1231 1810 2436 1684 3104 479 668 2837 2775 2339 1235 || mode=VB method=sk_ac_complete solver=filo2 stage=post_ls ls=pyvrp iter=4
2026-03-15 22:22:15 | INFO     | [POOL #00388] 2778 719 1351 1979 1918 2924 2020 2001 1398 1325 776 1571 2147 547 1255 1697 1816 3076 2484 763 2010 1950 202 2666 400 212 3126 809 2724 || mode=VB method=sk_ac_complete solver=filo2 stage=post_ls ls=pyvrp iter=4
2026-03-15 22:22:15 | INFO     | [POOL #00389] 945 2412 62 688 2496 1644 1269 1037 66 1488 1021 2467 2027 2466 762 1298 465 1268 854 1408 974 1358 2275 273 898 921 2179 1755 165 1905 2180 3064 1823 2980 || mode=VB method=sk_ac_complete solver=filo2 stage=post_ls ls=pyvrp iter=4
2026-03-15 22:22:15 | INFO     | [POOL #00390] 2789 1734 755 756 222 899 2874 115 1444 3178 2728 223 2529 2012 1572 2299 813 838 2450 655 87 380 3143 926 1732 2987 574 || mode=VB method=sk_ac_complete solver=filo2 stage=post_ls ls=pyvrp iter=4
2026-03-15 22:22:15 | INFO     | [POOL #00391] 394 2472 2517 573 2568 1735 3037 2607 1939 2458 1940 970 3111 67 2957 1427 3180 2351 2237 3103 2317 162 2881 || mode=VB method=sk_ac_complete solver=filo2 stage=post_ls ls=pyvrp iter=4
2026-03-15 22:22:15 | INFO     | [POOL #00392] 2930 2244 1803 1564 1461 734 2112 807 1382 852 1161 2533 663 1526 1563 1798 1422 1350 1092 475 3093 545 2362 149 1387 731 3071 2593 908 2559 1649 3042 2335 2739 1214 3238 298 3233 1893 605 3174 || mode=VB method=sk_ac_complete solver=filo2 stage=post_ls ls=pyvrp iter=4
2026-03-15 22:22:15 | INFO     | [POOL #00393] 3210 2504 2118 153 1773 618 2249 1038 979 2765 427 2252 3193 1647 3153 2926 163 2493 3171 2204 1086 2941 600 || mode=VB method=sk_ac_complete solver=filo2 stage=post_ls ls=pyvrp iter=4
2026-03-15 22:22:15 | INFO     | [POOL #00394] 139 3036 3146 1228 2973 1881 436 2759 733 1370 2181 185 1012 976 1593 255 2030 1701 1392 2094 1122 3192 || mode=VB method=sk_ac_complete solver=filo2 stage=post_ls ls=pyvrp iter=4
2026-03-15 22:22:15 | INFO     | [POOL #00395] 65 1210 2256 2536 1639 486 1226 2602 978 999 2688 1774 1624 199 2959 284 745 79 3221 1310 2718 399 1257 1265 2022 1020 1926 2749 1100 350 2324 1899 2295 792 2549 || mode=VB method=sk_ac_complete solver=filo2 stage=post_ls ls=pyvrp iter=4
2026-03-15 22:22:15 | INFO     | [POOL #00396] 2702 2331 3218 1324 2032 2070 2512 2150 2983 1132 2415 3237 43 2681 2128 912 489 1081 1275 3194 2278 2508 2839 1863 2221 1377 2442 3051 2223 || mode=VB method=sk_ac_complete solver=filo2 stage=post_ls ls=pyvrp iter=4
2026-03-15 22:22:15 | INFO     | [POOL #00397] 861 1227 15 851 2429 1666 327 1195 1724 3112 1945 2287 1056 2475 3205 833 20 2742 2104 2173 723 2140 2558 2291 2773 || mode=VB method=sk_ac_complete solver=filo2 stage=post_ls ls=pyvrp iter=4
2026-03-15 22:22:15 | INFO     | [POOL #00398] 2042 2823 666 812 964 996 2827 1785 855 1662 880 1922 531 2912 875 231 271 750 2743 1260 1515 2454 1977 371 2880 3100 2712 661 || mode=VB method=sk_ac_complete solver=filo2 stage=post_ls ls=pyvrp iter=4
2026-03-15 22:22:15 | INFO     | [POOL #00399] 2927 240 452 1679 1055 830 460 849 1296 445 2817 687 49 1258 546 1036 2972 670 1136 1943 1852 177 1348 22 558 1972 405 || mode=VB method=sk_ac_complete solver=filo2 stage=post_ls ls=pyvrp iter=4
2026-03-15 22:22:15 | INFO     | [POOL #00400] 2085 740 1160 1616 924 681 2028 784 529 930 773 2360 3074 1307 2710 61 466 366 2161 2898 173 30 868 3116 1702 1671 1661 151 1632 || mode=VB method=sk_ac_complete solver=filo2 stage=post_ls ls=pyvrp iter=4
2026-03-15 22:22:15 | INFO     | [POOL #00401] 2770 2890 2081 247 1496 1425 320 729 2588 2465 2433 2828 658 252 164 282 289 534 279 730 1575 3092 1111 549 1034 2875 2054 2079 3046 2461 || mode=VB method=sk_ac_complete solver=filo2 stage=post_ls ls=pyvrp iter=4
2026-03-15 22:22:15 | INFO     | [POOL #00402] 3139 338 2503 2349 843 2203 1513 2902 2904 2669 3169 2544 3102 118 1594 2368 648 1689 1519 1094 3118 650 2411 2369 2494 266 358 1120 || mode=VB method=sk_ac_complete solver=filo2 stage=post_ls ls=pyvrp iter=4
2026-03-15 22:22:15 | INFO     | [POOL #00403] 105 1070 915 2617 2492 1039 1980 1686 2783 194 1603 319 1356 1239 215 1685 334 2077 1099 1534 158 538 957 2829 2768 1058 221 2509 || mode=VB method=sk_ac_complete solver=filo2 stage=post_ls ls=pyvrp iter=4
2026-03-15 22:22:15 | INFO     | [POOL #00404] 454 1259 2071 2851 2769 1783 2379 1359 726 2114 2482 3053 842 1364 1680 315 1447 2500 1503 2682 3164 827 634 1376 896 2942 2282 || mode=VB method=sk_ac_complete solver=filo2 stage=post_ls ls=pyvrp iter=4
2026-03-15 22:22:15 | INFO     | [POOL #00405] 578 195 131 593 613 1920 1690 2826 2767 2605 1345 1708 2836 922 1627 617 2350 1117 3001 711 238 2900 2083 743 2573 585 669 1414 425 1415 1233 || mode=VB method=sk_ac_complete solver=filo2 stage=post_ls ls=pyvrp iter=4
2026-03-15 22:22:15 | INFO     | [POOL #00406] 619 914 3216 3231 201 2395 2229 947 1630 2100 2232 2910 2716 106 697 1429 2346 3213 1234 707 3006 1849 2943 274 1947 1919 472 1416 1615 || mode=VB method=sk_ac_complete solver=filo2 stage=post_ls ls=pyvrp iter=4
2026-03-15 22:22:15 | INFO     | [POOL #00407] 1864 2061 614 58 1135 2708 2859 919 1384 586 1935 2790 203 496 412 1329 2604 610 2933 393 2570 2308 1558 1313 2889 987 1554 543 || mode=VB method=sk_ac_complete solver=filo2 stage=post_ls ls=pyvrp iter=4
2026-03-15 22:22:15 | INFO     | [POOL #00408] 47 232 2908 2060 1655 236 1737 3054 1452 2121 208 2516 2855 1065 3027 1540 2893 1129 1238 349 2264 1401 251 735 1207 3154 2227 1397 1374 80 1407 2261 390 || mode=VB method=sk_ac_complete solver=filo2 stage=post_ls ls=pyvrp iter=4
2026-03-15 22:22:15 | INFO     | [POOL #00409] 1011 1527 1282 501 1424 2120 1665 2552 850 536 537 2953 2073 2306 1978 2895 502 148 2460 45 354 2441 337 2445 171 2146 2831 1242 2408 160 3127 2649 1968 || mode=VB method=sk_ac_complete solver=filo2 stage=post_ls ls=pyvrp iter=4
2026-03-15 22:22:15 | INFO     | [POOL #00410] 629 1001 1754 1847 2358 1867 3195 847 1976 3161 3018 1426 3232 567 1739 775 17 205 1589 594 1559 1338 2431 159 1942 2928 1493 || mode=VB method=sk_ac_complete solver=filo2 stage=post_ls ls=pyvrp iter=4
2026-03-15 22:22:15 | INFO     | [POOL #00411] 378 507 339 1520 474 1692 1305 1691 1336 287 2371 1434 1789 624 900 1832 1779 499 138 1539 1538 2046 1958 508 352 478 1352 3123 2684 1635 708 3199 || mode=VB method=sk_ac_complete solver=filo2 stage=post_ls ls=pyvrp iter=4
2026-03-15 22:22:15 | INFO     | [POOL #00412] 818 1273 552 3023 2208 2199 2974 280 2919 1561 2671 1887 1367 968 1281 1031 1587 1827 2903 1608 2487 1247 1266 1168 2421 2763 1339 2576 || mode=VB method=sk_ac_complete solver=filo2 stage=post_ls ls=pyvrp iter=4
2026-03-15 22:22:15 | INFO     | [POOL #00413] 1542 1628 1505 2052 2004 127 1512 2069 1808 2464 2376 2733 2406 2762 2522 2355 1595 1184 1331 831 342 1128 3179 2626 1799 3208 3229 637 691 749 2616 2111 3134 || mode=VB method=sk_ac_complete solver=filo2 stage=post_ls ls=pyvrp iter=4
2026-03-15 22:22:15 | INFO     | [POOL #00414] 572 1032 986 1393 2815 268 511 1938 2954 2920 2438 1719 2528 180 50 2039 564 770 1491 213 2878 2318 95 2897 1365 946 2309 || mode=VB method=sk_ac_complete solver=filo2 stage=post_ls ls=pyvrp iter=4
2026-03-15 22:22:15 | INFO     | [POOL #00415] 119 1153 641 2938 3185 923 1896 1897 876 591 962 2610 1925 2437 1991 739 229 1285 2931 2755 1936 1703 953 1959 959 1509 84 840 161 109 554 || mode=VB method=sk_ac_complete solver=filo2 stage=post_ls ls=pyvrp iter=4
2026-03-15 22:22:15 | INFO     | [POOL #00416] 2531 1674 2937 2800 2818 753 1467 516 1604 2861 532 1588 803 3040 2546 3115 303 2929 2679 3086 2008 2448 2270 3052 1246 || mode=VB method=sk_ac_complete solver=filo2 stage=post_ls ls=pyvrp iter=4
2026-03-15 22:22:15 | INFO     | [POOL #00417] 3067 2642 1442 35 1663 356 330 764 2692 124 3144 214 1855 1884 || mode=VB method=sk_ac_complete solver=filo2 stage=post_ls ls=pyvrp iter=4
2026-03-15 22:22:15 | INFO     | [POOL #00418] 2981 3066 907 2141 2048 1874 2011 2633 1066 12 1104 2419 1612 2340 2202 1927 329 2628 2594 2539 1287 1138 || mode=VB method=sk_ac_complete solver=filo2 stage=post_ls ls=pyvrp iter=4
2026-03-15 22:22:15 | INFO     | [POOL #00419] 447 290 604 985 1992 370 495 2059 3005 1194 2325 2606 || mode=VB method=sk_ac_complete solver=filo2 stage=post_ls ls=pyvrp iter=4
2026-03-15 22:22:15 | INFO     | [POOL #00420] 1372 788 2107 1412 1438 1577 1596 1619 1178 2511 1657 112 2090 1411 2580 2537 2240 1123 1930 582 128 2045 85 1736 2939 2590 2843 3030 2434 2394 || mode=VB method=sk_ac_complete solver=filo2 stage=post_ls ls=pyvrp iter=4
2026-03-15 22:22:15 | INFO     | [POOL #00421] 2426 102 2263 276 39 2136 1051 2239 1080 587 189 2850 169 2968 1084 2680 2707 2746 2473 257 1097 1068 2832 2883 123 2283 376 2830 263 || mode=VB method=sk_ac_complete solver=filo2 stage=post_ls ls=pyvrp iter=4
2026-03-15 22:22:15 | INFO     | [POOL #00422] 2311 1042 941 2884 509 2824 2413 869 2386 2066 228 1045 150 3188 1380 1741 2096 243 1318 1766 562 2946 2056 99 2744 1831 2670 1728 1573 1006 || mode=VB method=sk_ac_complete solver=filo2 stage=post_ls ls=pyvrp iter=4
2026-03-15 22:22:15 | INFO     | [POOL #00423] 2230 607 2315 2305 939 1430 2025 1633 477 1556 1125 3099 2963 1185 677 2575 3212 2488 815 1806 233 2159 882 403 975 2132 1878 1446 1113 2074 367 || mode=VB method=sk_ac_complete solver=filo2 stage=post_ls ls=pyvrp iter=4
2026-03-15 22:22:15 | INFO     | [POOL #00424] 751 1334 1025 2612 1062 2428 1300 2294 653 2704 3055 60 3026 3191 1762 137 1510 1190 1253 2439 2795 1089 1394 || mode=VB method=sk_ac_complete solver=filo2 stage=post_ls ls=pyvrp iter=4
2026-03-15 22:22:15 | INFO     | [POOL #00425] 1085 2483 1180 2453 710 1272 1717 3022 2589 1167 533 940 1745 1537 569 929 1791 3197 3162 2329 1790 3056 1602 1441 1146 2598 3007 3062 || mode=VB method=sk_ac_complete solver=filo2 stage=post_ls ls=pyvrp iter=4
2026-03-15 22:22:15 | INFO     | [POOL #00426] 1894 2152 3010 2675 1063 2841 2810 2811 551 13 515 2119 1204 568 28 2994 1096 21 37 1433 820 2923 1093 1700 443 2286 || mode=VB method=sk_ac_complete solver=filo2 stage=post_ls ls=pyvrp iter=4
2026-03-15 22:22:15 | INFO     | [POOL #00427] 332 783 1591 886 1607 3150 678 333 2781 2398 878 1829 69 285 2579 2562 1142 1050 2985 1457 1960 1688 1678 2618 1846 || mode=VB method=sk_ac_complete solver=filo2 stage=post_ls ls=pyvrp iter=4
2026-03-15 22:22:15 | INFO     | [POOL #00428] 1311 2597 2990 2535 1590 2661 1010 1381 1264 2026 621 2177 415 113 2288 1022 1693 901 1489 34 2432 1500 410 1453 519 192 1974 2014 1623 728 || mode=VB method=sk_ac_complete solver=filo2 stage=post_ls ls=pyvrp iter=4
2026-03-15 22:22:15 | INFO     | [POOL #00429] 1907 362 2065 810 2427 1321 2700 114 1483 101 1598 2556 3083 1570 2584 2935 1109 2772 2185 3172 2123 2172 1181 3080 || mode=VB method=sk_ac_complete solver=filo2 stage=post_ls ls=pyvrp iter=4
2026-03-15 22:22:15 | INFO     | [POOL #00430] 2390 2550 1420 742 1634 625 1098 736 1967 2820 2330 71 1212 2165 1536 659 2993 844 2188 418 1002 2814 2468 1642 3182 961 || mode=VB method=sk_ac_complete solver=filo2 stage=post_ls ls=pyvrp iter=4
2026-03-15 22:22:15 | INFO     | [POOL #00431] 829 2882 2863 2189 3109 2793 1326 3038 1469 75 182 785 3125 278 2751 2130 1909 548 1220 1327 2040 1060 1862 746 335 || mode=VB method=sk_ac_complete solver=filo2 stage=post_ls ls=pyvrp iter=4
2026-03-15 22:22:15 | INFO     | [POOL #00432] 1951 1290 2401 476 1669 2978 823 1764 2251 2631 1222 1468 671 242 1009 90 1164 1208 1544 374 2899 1373 1550 2571 1993 1241 1586 27 2956 2248 3190 1709 1008 || mode=VB method=sk_ac_complete solver=filo2 stage=post_ls ls=pyvrp iter=4
2026-03-15 22:22:15 | INFO     | [POOL #00433] 1824 2873 1363 934 1969 1597 2187 1437 2457 3128 1127 1462 1498 2430 2486 1299 2055 2076 2310 1618 2101 1694 1237 98 488 3096 53 || mode=VB method=sk_ac_complete solver=filo2 stage=post_ls ls=pyvrp iter=4
2026-03-15 22:22:15 | INFO     | [POOL #00434] 3145 612 2538 1517 1340 3012 1004 134 1850 2381 1670 2564 441 645 1151 497 2877 1057 777 2736 1183 1029 2186 3215 2785 || mode=VB method=sk_ac_complete solver=filo2 stage=post_ls ls=pyvrp iter=4
2026-03-15 22:22:15 | INFO     | [POOL #00435] 1466 2857 384 2592 2162 1157 422 1156 1147 1366 3220 2175 288 969 1916 1024 2142 3061 748 133 557 2491 1154 1964 2524 2375 || mode=VB method=sk_ac_complete solver=filo2 stage=post_ls ls=pyvrp iter=4
2026-03-15 22:22:15 | INFO     | [POOL #00436] 386 1200 2417 3211 2971 2260 2326 1000 887 1315 2168 1410 1293 3157 458 31 1530 1280 253 1906 3236 1687 971 2776 1546 146 2247 || mode=VB method=sk_ac_complete solver=filo2 stage=post_ls ls=pyvrp iter=4
2026-03-15 22:22:15 | INFO     | [POOL #00437] 725 1332 2627 2031 1504 1941 2356 1695 1419 1752 1213 2284 664 2582 1375 2803 1101 2961 1251 1198 2051 259 2695 1990 2587 1770 2115 1807 1344 7 372 1817 672 || mode=VB method=sk_ac_complete solver=filo2 stage=post_ls ls=pyvrp iter=4
2026-03-15 22:22:15 | INFO     | [POOL #00438] 1911 741 2690 2934 1035 1600 2951 2780 1232 2259 2711 2569 2840 2542 2378 211 26 1720 498 2296 2674 611 2563 1240 300 806 1788 1895 1353 97 954 1613 2383 2397 || mode=VB method=sk_ac_complete solver=filo2 stage=post_ls ls=pyvrp iter=4
2026-03-15 22:22:15 | INFO     | [POOL #00439] 500 2006 801 2490 1158 1952 3138 1250 1923 1202 1574 1934 1547 2657 1182 1087 2241 1888 542 932 2388 2393 121 1948 313 2757 || mode=VB method=sk_ac_complete solver=filo2 stage=post_ls ls=pyvrp iter=4
2026-03-15 22:22:15 | INFO     | [POOL #00440] 2548 965 885 336 3204 1713 1030 3004 767 254 2176 2634 392 3050 2747 294 1750 1256 3131 2520 2037 464 1696 2638 2285 3170 2495 || mode=VB method=sk_ac_complete solver=filo2 stage=post_ls ls=pyvrp iter=4
2026-03-15 22:22:15 | INFO     | [POOL #00441] 78 2200 1278 1900 2525 2377 3227 1485 2713 984 1676 311 615 408 328 2191 1805 2664 667 1481 1794 2761 1811 1211 1267 || mode=VB method=sk_ac_complete solver=filo2 stage=post_ls ls=pyvrp iter=4
2026-03-15 22:22:15 | INFO     | [POOL #00442] 2952 3047 2737 1236 2965 2555 1292 2361 260 2806 1712 3101 2992 2102 1944 2209 766 990 2015 1176 1409 2652 2095 2133 2907 2838 2178 2106 2174 1822 1744 2821 539 1005 225 1347 || mode=VB method=sk_ac_complete solver=filo2 stage=post_ls ls=pyvrp iter=4
2026-03-15 22:22:15 | INFO     | [POOL #00443] 848 2167 435 1583 1903 2911 2007 1173 2735 1646 1079 690 902 555 3091 1975 2976 2518 1229 2545 760 117 983 1833 2138 2238 2195 83 782 2169 216 717 || mode=VB method=sk_ac_complete solver=filo2 stage=post_ls ls=pyvrp iter=4
2026-03-15 22:22:15 | INFO     | [POOL #00444] 343 1263 1319 2764 1243 1149 1472 504 183 197 2220 705 245 1523 3020 1748 2521 2139 2233 3142 1286 3151 1834 1103 493 1221 1479 || mode=VB method=sk_ac_complete solver=filo2 stage=post_ls ls=pyvrp iter=4
2026-03-15 22:22:15 | INFO     | [POOL #00445] 2553 1886 2207 2532 2097 2363 1354 2887 3089 140 2915 1673 2581 437 1440 2149 2966 2988 6 1778 469 2727 1188 3039 895 680 || mode=VB method=sk_ac_complete solver=filo2 stage=post_ls ls=pyvrp iter=4
2026-03-15 22:22:15 | INFO     | [POOL #00446] 720 523 1049 814 2211 3 602 685 928 3090 1294 3124 1809 3034 893 2766 1391 270 1078 2322 1784 317 722 308 2643 1209 2964 2192 11 132 129 1174 || mode=VB method=sk_ac_complete solver=filo2 stage=post_ls ls=pyvrp iter=4
2026-03-15 22:22:15 | INFO     | [POOL #00447] 799 1140 2110 2000 309 862 903 2982 312 442 1929 3117 1760 237 977 1308 2225 2786 873 3181 2364 2625 2091 1966 935 2122 1421 || mode=VB method=sk_ac_complete solver=filo2 stage=post_ls ls=pyvrp iter=4
2026-03-15 22:22:15 | INFO     | [POOL #00448] 3166 2357 1818 3021 918 1230 2945 2253 2019 14 2410 1507 2469 1620 2462 1560 2470 1386 1637 1576 2969 2370 2852 64 1439 1836 713 2905 || mode=VB method=sk_ac_complete solver=filo2 stage=post_ls ls=pyvrp iter=4
2026-03-15 22:22:15 | INFO     | [POOL #00449] 3201 10 724 2452 2298 1971 2677 2129 2403 1196 348 821 3114 1297 3070 325 1889 2198 56 521 991 2729 5 3082 1396 2693 1072 2201 9 732 1484 2683 864 82 170 || mode=VB method=sk_ac_complete solver=filo2 stage=post_ls ls=pyvrp iter=4
2026-03-15 22:22:15 | INFO     | [POOL #00450] 3135 2507 3189 2029 771 2632 1490 2057 291 1124 1838 2258 1580 1681 1252 2792 2451 2341 1172 503 2547 2267 1749 2932 318 759 || mode=VB method=sk_ac_complete solver=filo2 stage=post_ls ls=pyvrp iter=4
2026-03-15 22:22:15 | INFO     | [POOL #00451] 1883 944 141 72 3149 2353 1193 2131 1555 365 373 55 927 1963 2847 1459 524 973 172 2730 244 1965 1742 3098 2226 1726 || mode=VB method=sk_ac_complete solver=filo2 stage=post_ls ls=pyvrp iter=4
2026-03-15 22:22:15 | INFO     | [POOL #00452] 3200 3240 561 2802 434 2184 2543 38 3044 872 1476 1067 1528 1054 1197 1740 2158 1531 1699 492 1303 3097 306 2300 2673 3219 989 2068 822 || mode=VB method=sk_ac_complete solver=filo2 stage=post_ls ls=pyvrp iter=4
2026-03-15 22:22:15 | INFO     | [POOL #00453] 1982 2456 1609 1614 3072 2163 16 889 597 406 2505 623 2243 2637 2599 1621 1861 2053 250 1343 2018 2686 1455 1529 1727 2999 781 || mode=VB method=sk_ac_complete solver=filo2 stage=post_ls ls=pyvrp iter=4
2026-03-15 22:22:15 | INFO     | [POOL #00454] 2141 1874 2830 1304 376 2283 1494 2883 123 2832 795 2044 272 1276 2320 2554 2779 448 3209 1097 2239 2136 39 276 2263 102 2576 || mode=RB method=sk_kmeans solver=filo2 stage=post_ls ls=pyvrp iter=5
2026-03-15 22:22:15 | INFO     | [POOL #00455] 1324 2032 2508 2839 1863 2927 240 2983 452 1679 1055 830 460 1296 849 2928 687 159 2817 445 1754 1033 1274 676 2262 1317 || mode=RB method=sk_kmeans solver=filo2 stage=post_ls ls=pyvrp iter=5
2026-03-15 22:22:15 | INFO     | [POOL #00456] 1372 2531 2210 604 985 1992 370 495 1892 654 1565 175 2909 487 1654 1377 2059 2442 3005 1194 3051 447 || mode=RB method=sk_kmeans solver=filo2 stage=post_ls ls=pyvrp iter=5
2026-03-15 22:22:15 | INFO     | [POOL #00457] 752 1756 2017 1388 2526 740 1135 2708 586 1935 2790 203 496 412 610 1329 2604 924 1616 1160 919 1384 2859 3139 1281 1031 1587 2487 1411 582 || mode=RB method=sk_kmeans solver=filo2 stage=post_ls ls=pyvrp iter=5
2026-03-15 22:22:15 | INFO     | [POOL #00458] 1910 1767 1757 841 577 269 1606 147 3175 2998 734 2112 807 1382 852 663 1526 1563 1798 1422 987 1554 58 614 2061 608 1535 1448 789 818 || mode=RB method=sk_kmeans solver=filo2 stage=post_ls ls=pyvrp iter=5
2026-03-15 22:22:15 | INFO     | [POOL #00459] 2511 1178 532 2861 1604 2512 1081 489 912 2128 1493 22 2681 43 3237 1348 177 1943 1852 2415 1132 2150 1275 3194 2070 || mode=RB method=sk_kmeans solver=filo2 stage=post_ls ls=pyvrp iter=5
2026-03-15 22:22:15 | INFO     | [POOL #00460] 1736 2202 1168 1266 1247 2240 2537 715 2477 490 517 3152 3155 2560 1145 2345 2435 1917 3176 1040 2319 2085 703 1283 2731 3158 || mode=RB method=sk_kmeans solver=filo2 stage=post_ls ls=pyvrp iter=5
2026-03-15 22:22:15 | INFO     | [POOL #00461] 124 2340 1632 1123 2580 2208 151 1608 2903 1827 1367 1887 2671 1561 2919 280 2199 2974 1972 1588 405 803 3040 112 2090 1930 3023 2421 2763 85 || mode=RB method=sk_kmeans solver=filo2 stage=post_ls ls=pyvrp iter=5
2026-03-15 22:22:15 | INFO     | [POOL #00462] 2603 2930 1776 1333 1451 2807 1854 1108 834 1840 1803 2614 686 261 2328 2519 3235 2876 1465 3183 638 2156 299 351 1743 1362 || mode=RB method=sk_kmeans solver=filo2 stage=post_ls ls=pyvrp iter=5
2026-03-15 22:22:15 | INFO     | [POOL #00463] 1612 2746 2707 2680 1084 2968 186 364 3087 1105 239 1369 1864 2696 3136 2894 566 1368 1568 103 2117 2382 433 1758 1705 590 1068 3198 835 || mode=RB method=sk_kmeans solver=filo2 stage=post_ls ls=pyvrp iter=5
2026-03-15 22:22:15 | INFO     | [POOL #00464] 2539 1246 3052 2594 2270 788 2448 2008 2628 3086 2679 2929 303 1619 1467 516 753 2818 2800 1438 2937 3218 2702 290 || mode=RB method=sk_kmeans solver=filo2 stage=post_ls ls=pyvrp iter=5
2026-03-15 22:22:15 | INFO     | [POOL #00465] 2434 3030 3144 727 528 2011 2633 1066 1104 12 2419 1051 1080 587 257 2473 169 2850 189 552 128 2045 1927 1596 1577 1412 2107 1674 || mode=RB method=sk_kmeans solver=filo2 stage=post_ls ls=pyvrp iter=5
2026-03-15 22:22:15 | INFO     | [POOL #00466] 1753 2885 643 2787 1110 42 130 512 462 297 108 535 1652 3032 1346 1998 1763 1826 1445 2170 2635 1626 2327 456 1955 682 1901 559 || mode=RB method=sk_kmeans solver=filo2 stage=post_ls ls=pyvrp iter=5
2026-03-15 22:22:15 | INFO     | [POOL #00467] 1492 3049 1873 1139 3187 2577 2997 891 70 2193 2257 877 1217 2600 931 2819 2033 2901 544 1223 505 2354 520 1013 1413 2515 || mode=RB method=sk_kmeans solver=filo2 stage=post_ls ls=pyvrp iter=5
2026-03-15 22:22:15 | INFO     | [POOL #00468] 2648 2659 2366 198 2967 2171 2717 1996 1566 363 706 2400 305 2409 2153 920 2343 3011 396 321 1071 41 2367 2333 2272 2955 1047 326 3223 || mode=RB method=sk_kmeans solver=filo2 stage=post_ls ls=pyvrp iter=5
2026-03-15 22:22:15 | INFO     | [POOL #00469] 1166 428 187 120 2321 1076 2917 958 2583 2498 359 3133 377 684 1470 3000 193 2499 563 461 1746 633 1177 || mode=RB method=sk_kmeans solver=filo2 stage=post_ls ls=pyvrp iter=5
2026-03-15 22:22:15 | INFO     | [POOL #00470] 3225 1245 786 2741 2228 1747 2425 1731 2619 3186 853 2848 867 2660 1638 2722 381 1844 417 54 3088 1192 2865 1812 1775 491 340 2035 2782 2280 1552 1841 || mode=RB method=sk_kmeans solver=filo2 stage=post_ls ls=pyvrp iter=5
2026-03-15 22:22:15 | INFO     | [POOL #00471] 1119 2668 2455 2750 1872 1880 2566 2799 1641 40 938 46 816 286 2685 3168 2145 355 122 1495 772 423 81 1456 2572 571 310 1428 774 3094 2218 || mode=RB method=sk_kmeans solver=filo2 stage=post_ls ls=pyvrp iter=5
2026-03-15 22:22:15 | INFO     | [POOL #00472] 3196 188 506 235 3033 91 48 1870 416 1355 1471 2338 1114 430 1360 825 2853 439 1981 693 2738 1651 765 992 1891 2630 2236 2676 2215 2190 2254 2845 || mode=RB method=sk_kmeans solver=filo2 stage=post_ls ls=pyvrp iter=5
2026-03-15 22:22:15 | INFO     | [POOL #00473] 2948 1053 866 1130 2860 449 2405 92 1244 2991 440 1815 583 344 904 1706 1707 2384 817 1912 3113 2348 2916 570 74 24 3108 2224 2463 2752 1989 || mode=RB method=sk_kmeans solver=filo2 stage=post_ls ls=pyvrp iter=5
2026-03-15 22:22:15 | INFO     | [POOL #00474] 353 1962 2872 2760 1777 651 2023 1869 790 126 1842 1521 473 1371 2701 1545 136 96 2423 1443 808 413 1932 1284 1524 1518 609 2099 802 2601 2268 2420 2694 || mode=RB method=sk_kmeans solver=filo2 stage=post_ls ls=pyvrp iter=5
2026-03-15 22:22:15 | INFO     | [POOL #00475] 2443 628 630 2481 575 93 1839 2307 451 2416 699 142 1330 804 3222 1629 2245 1335 277 2459 1191 2523 2058 457 883 155 262 701 1876 || mode=RB method=sk_kmeans solver=filo2 stage=post_ls ls=pyvrp iter=5
2026-03-15 22:22:15 | INFO     | [POOL #00476] 455 632 1551 1584 2654 2113 301 1205 1648 3019 2476 995 859 3069 2273 1187 2266 1019 2414 1395 1155 1224 1323 704 616 375 1787 481 2302 1751 || mode=RB method=sk_kmeans solver=filo2 stage=post_ls ls=pyvrp iter=5
2026-03-15 22:22:15 | INFO     | [POOL #00477] 3095 2697 2804 3129 897 2034 2640 2148 1289 1605 2797 77 1800 565 1052 2279 1659 2336 1592 1126 1830 1015 2753 1478 219 1028 2290 143 3081 || mode=RB method=sk_kmeans solver=filo2 stage=post_ls ls=pyvrp iter=5
2026-03-15 22:22:15 | INFO     | [POOL #00478] 1532 1203 2756 2623 1631 2497 295 796 2098 4 107 1902 647 395 1866 2502 453 1562 2281 1768 2234 2801 2645 1291 357 1309 2422 2164 217 2879 2205 2125 || mode=RB method=sk_kmeans solver=filo2 stage=post_ls ls=pyvrp iter=5
2026-03-15 22:22:15 | INFO     | [POOL #00479] 2639 2706 1179 2858 1379 2699 1175 2678 2655 1885 2194 2342 700 2392 2501 3058 683 1349 1357 525 1017 1994 3228 3206 805 1169 942 2359 44 1582 || mode=RB method=sk_kmeans solver=filo2 stage=post_ls ls=pyvrp iter=5
2026-03-15 22:22:15 | INFO     | [POOL #00480] 2871 1061 522 1658 603 3160 1553 1480 1041 33 1668 1277 560 2663 2629 1915 2842 1341 391 2078 234 1171 2870 649 484 1403 || mode=RB method=sk_kmeans solver=filo2 stage=post_ls ls=pyvrp iter=5
2026-03-15 22:22:15 | INFO     | [POOL #00481] 787 1973 246 1133 2940 952 463 1225 3031 3025 2715 1868 1549 1069 1436 3059 2109 411 778 2404 19 1853 550 1474 3130 2155 2725 1248 1865 698 110 || mode=RB method=sk_kmeans solver=filo2 stage=post_ls ls=pyvrp iter=5
2026-03-15 22:22:15 | INFO     | [POOL #00482] 2466 2027 2467 1021 2884 509 2824 934 1969 2056 1597 2187 1437 2457 3128 1127 1462 1498 2430 2486 1299 2055 2076 2873 1824 1728 1573 2670 1042 2311 1488 1269 || mode=RB method=sk_kmeans solver=filo2 stage=post_ls ls=pyvrp iter=5
2026-03-15 22:22:15 | INFO     | [POOL #00483] 1235 2217 2514 3148 1418 258 176 530 479 3104 2292 1810 1231 3207 1645 2103 1516 2732 2774 910 2271 2844 2418 2921 2796 2480 1601 2647 62 2412 945 1908 1385 2641 293 || mode=RB method=sk_kmeans solver=filo2 stage=post_ls ls=pyvrp iter=5
2026-03-15 22:22:15 | INFO     | [POOL #00484] 341 2214 1450 640 1924 1314 482 757 656 420 2719 639 1821 2703 598 2636 966 2986 2151 1858 714 1857 3068 768 636 1383 1390 || mode=RB method=sk_kmeans solver=filo2 stage=post_ls ls=pyvrp iter=5
2026-03-15 22:22:15 | INFO     | [POOL #00485] 471 668 53 1684 2436 3084 1882 3003 191 737 218 2984 1435 988 167 2510 3107 2337 1400 1525 1460 1660 2620 580 2016 || mode=RB method=sk_kmeans solver=filo2 stage=post_ls ls=pyvrp iter=5
2026-03-15 22:22:15 | INFO     | [POOL #00486] 2277 2373 2127 152 179 2962 1591 886 3150 2186 1688 1960 1457 1142 1050 2985 2618 1846 209 1650 1983 913 1116 424 2182 3065 1928 || mode=RB method=sk_kmeans solver=filo2 stage=post_ls ls=pyvrp iter=5
2026-03-15 22:22:15 | INFO     | [POOL #00487] 3210 2249 1038 3153 3193 2252 427 2765 1301 3078 1137 323 694 2297 2134 1704 3045 2864 888 826 2726 979 950 1262 361 3016 200 2124 2798 || mode=RB method=sk_kmeans solver=filo2 stage=post_ls ls=pyvrp iter=5
2026-03-15 22:22:15 | INFO     | [POOL #00488] 2428 403 848 882 2159 233 1806 3142 3135 2233 2521 1748 3020 1523 705 2220 197 183 504 1472 1149 1243 2764 3055 343 36 || mode=RB method=sk_kmeans solver=filo2 stage=post_ls ls=pyvrp iter=5
2026-03-15 22:22:15 | INFO     | [POOL #00489] 2474 2391 2339 2775 2837 2197 485 2365 510 389 2250 3184 2698 2219 1738 1082 2922 2862 1898 468 1610 3230 1144 576 627 2687 2651 86 1143 1881 || mode=RB method=sk_kmeans solver=filo2 stage=post_ls ls=pyvrp iter=5
2026-03-15 22:22:15 | INFO     | [POOL #00490] 622 1997 3015 592 2557 2941 1086 1643 2561 2204 2446 3171 1316 23 2980 2493 618 1773 153 2118 2504 2714 2784 168 296 2918 2977 || mode=RB method=sk_kmeans solver=filo2 stage=post_ls ls=pyvrp iter=5
2026-03-15 22:22:15 | INFO     | [POOL #00491] 2868 1502 2527 331 754 1733 1904 780 292 1358 974 1408 854 1268 465 273 2275 898 921 2179 1755 165 863 483 2180 3064 1647 2926 163 || mode=RB method=sk_kmeans solver=filo2 stage=post_ls ls=pyvrp iter=5
2026-03-15 22:22:15 | INFO     | [POOL #00492] 635 1016 3234 829 2882 362 1613 2065 741 2690 954 2700 810 1321 2427 1469 3038 1326 2793 3109 2189 2863 3080 332 2135 3008 2608 || mode=RB method=sk_kmeans solver=filo2 stage=post_ls ls=pyvrp iter=5
2026-03-15 22:22:15 | INFO     | [POOL #00493] 1599 674 2975 488 60 98 3026 3191 1762 1618 2310 2101 1694 1237 1319 1263 2704 653 2294 1300 1062 2612 1878 751 || mode=RB method=sk_kmeans solver=filo2 stage=post_ls ls=pyvrp iter=5
2026-03-15 22:22:15 | INFO     | [POOL #00494] 383 2230 607 3145 612 2315 2305 939 1430 2025 1633 975 2132 1025 1334 1221 1446 1113 2074 367 25 2289 3073 2043 1479 2595 2440 || mode=RB method=sk_kmeans solver=filo2 stage=post_ls ls=pyvrp iter=5
2026-03-15 22:22:15 | INFO     | [POOL #00495] 906 688 2496 1644 2936 584 1890 1394 137 1510 1190 1253 2439 2795 1089 1006 66 1037 2344 793 3239 696 1793 2788 769 606 2624 || mode=RB method=sk_kmeans solver=filo2 stage=post_ls ls=pyvrp iter=5
2026-03-15 22:22:15 | INFO     | [POOL #00496] 2213 1678 2538 2562 1517 1340 3012 1004 134 1850 2381 1670 1151 497 2877 1057 777 2579 2736 1183 333 678 3215 2785 207 1771 || mode=RB method=sk_kmeans solver=filo2 stage=post_ls ls=pyvrp iter=5
2026-03-15 22:22:15 | INFO     | [POOL #00497] 335 783 746 1862 781 1181 75 182 2172 1727 1529 2130 1909 278 548 1220 2040 1060 2398 878 1829 2781 1607 || mode=RB method=sk_kmeans solver=filo2 stage=post_ls ls=pyvrp iter=5
2026-03-15 22:22:15 | INFO     | [POOL #00498] 1363 99 2946 2066 228 2857 562 1766 1318 243 2096 2162 2592 384 1741 1380 150 1045 2899 1373 2375 2386 869 2413 1831 3121 || mode=RB method=sk_kmeans solver=filo2 stage=post_ls ls=pyvrp iter=5
2026-03-15 22:22:15 | INFO     | [POOL #00499] 1103 873 2057 593 131 613 1920 2826 2767 2605 2573 743 2083 2836 2285 922 1627 2900 585 669 1690 1415 2730 244 1965 1490 2632 2139 815 || mode=RB method=sk_kmeans solver=filo2 stage=post_ls ls=pyvrp iter=5
2026-03-15 22:22:15 | INFO     | [POOL #00500] 1709 3190 374 1544 944 2524 141 3220 2175 288 969 2142 14 2410 1507 2469 1620 2945 2253 2019 918 133 557 3166 1208 90 || mode=RB method=sk_kmeans solver=filo2 stage=post_ls ls=pyvrp iter=5
2026-03-15 22:22:15 | INFO     | [POOL #00501] 799 1140 2110 2000 309 862 903 2982 442 1929 3117 1760 237 977 1308 2225 1726 3181 2364 2091 1966 935 245 2122 1421 3151 || mode=RB method=sk_kmeans solver=filo2 stage=post_ls ls=pyvrp iter=5
2026-03-15 22:22:15 | INFO     | [POOL #00502] 1825 1010 1381 901 1693 1022 2288 1695 1807 2115 1770 1344 415 2177 621 2026 7 372 1836 1817 887 1546 2813 || mode=RB method=sk_kmeans solver=filo2 stage=post_ls ls=pyvrp iter=5
2026-03-15 22:22:15 | INFO     | [POOL #00503] 2625 2786 1233 2226 1742 3098 1459 2847 1963 927 365 373 454 1193 2131 1555 2353 3149 72 1366 2282 1147 1156 3188 2744 941 1466 || mode=RB method=sk_kmeans solver=filo2 stage=post_ls ls=pyvrp iter=5
2026-03-15 22:22:15 | INFO     | [POOL #00504] 2638 1696 464 2037 2520 3131 1256 1750 294 2747 3050 392 2634 2176 767 254 1065 2855 2516 3004 1030 1713 3204 336 885 965 2548 || mode=RB method=sk_kmeans solver=filo2 stage=post_ls ls=pyvrp iter=5
2026-03-15 22:22:15 | INFO     | [POOL #00505] 3197 720 1439 523 1049 259 2051 1198 1251 2961 928 3090 2766 893 3034 1809 3124 2643 1209 2192 2470 1386 1637 2969 1576 11 2370 132 129 || mode=RB method=sk_kmeans solver=filo2 stage=post_ls ls=pyvrp iter=5
2026-03-15 22:22:15 | INFO     | [POOL #00506] 339 3134 1692 2684 3123 1352 478 957 538 158 1968 2077 2649 3127 334 1685 215 1239 1356 319 1737 1603 1980 1039 2920 2492 2617 55 || mode=RB method=sk_kmeans solver=filo2 stage=post_ls ls=pyvrp iter=5
2026-03-15 22:22:15 | INFO     | [POOL #00507] 2990 1489 1419 1628 1213 2284 2582 1375 2803 2052 861 1227 15 851 2429 2464 1808 2069 1512 127 2004 1505 1101 664 1752 2587 2695 1990 113 1264 || mode=RB method=sk_kmeans solver=filo2 stage=post_ls ls=pyvrp iter=5
2026-03-15 22:22:15 | INFO     | [POOL #00508] 2461 973 524 3046 2079 232 2908 2318 95 2897 390 1393 986 1032 2851 2071 1259 1376 896 1024 1916 3061 748 2491 253 1906 1687 || mode=RB method=sk_kmeans solver=filo2 stage=post_ls ls=pyvrp iter=5
2026-03-15 22:22:15 | INFO     | [POOL #00509] 1691 1336 3179 1128 342 850 536 537 2953 2073 2306 1978 2895 502 148 2460 45 354 1401 2264 349 1238 1129 2893 1540 3027 208 2121 3054 658 2828 2588 2309 || mode=RB method=sk_kmeans solver=filo2 stage=post_ls ls=pyvrp iter=5
2026-03-15 22:22:15 | INFO     | [POOL #00510] 839 1174 2357 1818 3021 1230 2462 1560 2964 308 722 317 2322 1784 2111 2616 749 637 3229 1799 2626 3208 501 1282 1527 270 1391 1011 685 602 3 2211 814 2852 64 1000 || mode=RB method=sk_kmeans solver=filo2 stage=post_ls ls=pyvrp iter=5
2026-03-15 22:22:15 | INFO     | [POOL #00511] 762 422 1157 312 2942 634 827 2682 3164 1058 3199 1503 2500 1447 2768 2829 1359 726 2114 2482 3053 842 1364 1680 315 1635 708 474 1520 507 378 1154 1964 1008 1823 || mode=RB method=sk_kmeans solver=filo2 stage=post_ls ls=pyvrp iter=5
2026-03-15 22:22:15 | INFO     | [POOL #00512] 425 1414 2081 2875 1034 549 1111 3092 1575 238 617 2350 1117 3001 711 730 2465 729 320 180 2528 50 2039 1425 1496 247 2054 2890 2770 172 || mode=RB method=sk_kmeans solver=filo2 stage=post_ls ls=pyvrp iter=5
2026-03-15 22:22:15 | INFO     | [POOL #00513] 1905 1298 2509 221 2769 1783 2379 2815 268 511 2954 1938 2261 1407 80 194 2783 1686 2438 564 770 2060 1491 213 915 1070 1365 946 105 572 1961 || mode=RB method=sk_kmeans solver=filo2 stage=post_ls ls=pyvrp iter=5
2026-03-15 22:22:15 | INFO     | [POOL #00514] 2417 1294 1078 691 1424 2376 2733 2406 2762 2522 2120 1665 2552 2355 1595 1184 831 1331 1779 499 1539 1538 138 900 1832 624 1789 1434 2371 352 287 1305 || mode=RB method=sk_kmeans solver=filo2 stage=post_ls ls=pyvrp iter=5
2026-03-15 22:22:15 | INFO     | [POOL #00515] 1883 1534 1099 508 2046 1958 2408 160 1242 2831 2146 171 2445 2441 337 251 735 1207 3154 2227 1397 1374 1452 252 164 282 289 534 279 2433 236 1655 1719 2878 47 || mode=RB method=sk_kmeans solver=filo2 stage=post_ls ls=pyvrp iter=5
2026-03-15 22:22:15 | INFO     | [POOL #00516] 2881 2402 2013 2293 800 2646 1406 1112 2050 2957 67 3111 1940 970 2067 2444 29 2960 2372 2399 1813 444 626 1672 2489 || mode=RB method=sk_kmeans solver=filo2 stage=post_ls ls=pyvrp iter=5
2026-03-15 22:22:15 | INFO     | [POOL #00517] 2352 174 3029 1786 894 2740 1851 967 1735 3037 2607 1939 2458 1543 111 2950 1499 88 1765 2568 573 125 2551 556 || mode=RB method=sk_kmeans solver=filo2 stage=post_ls ls=pyvrp iter=5
2026-03-15 22:22:15 | INFO     | [POOL #00518] 1121 824 2166 1270 1698 890 2092 3177 2108 2720 2347 1165 1115 2808 518 65 2874 899 265 256 858 972 1732 2987 || mode=RB method=sk_kmeans solver=filo2 stage=post_ls ls=pyvrp iter=5
2026-03-15 22:22:15 | INFO     | [POOL #00519] 162 837 1933 2317 879 1306 3103 2237 2351 3180 2723 1449 514 1871 2517 2472 1569 2656 917 1320 2246 2644 18 2183 402 1014 || mode=RB method=sk_kmeans solver=filo2 stage=post_ls ls=pyvrp iter=5
2026-03-15 22:22:15 | INFO     | [POOL #00520] 1954 601 605 2231 1987 431 322 1682 3226 2615 3233 298 3238 1201 2914 2856 3217 956 94 1405 978 2593 3071 908 2559 1649 3042 2335 2739 385 554 1461 1564 2244 220 2137 || mode=RB method=sk_kmeans solver=filo2 stage=post_ls ls=pyvrp iter=5
2026-03-15 22:22:15 | INFO     | [POOL #00521] 1828 3126 212 2009 3043 400 2666 202 1950 2010 763 3014 718 2947 2303 631 1697 1816 2484 3076 1325 1398 1073 3013 2892 249 || mode=RB method=sk_kmeans solver=filo2 stage=post_ls ls=pyvrp iter=5
2026-03-15 22:22:15 | INFO     | [POOL #00522] 52 2789 1734 755 756 222 115 3178 2728 223 2529 2012 419 324 2038 1189 1163 2534 1557 1953 3063 1090 87 450 3143 926 2754 || mode=RB method=sk_kmeans solver=filo2 stage=post_ls ls=pyvrp iter=5
2026-03-15 22:22:15 | INFO     | [POOL #00523] 1811 1250 1547 619 2938 641 3185 923 1896 1897 3216 739 1991 229 1934 1574 311 1676 615 984 2713 1624 731 || mode=RB method=sk_kmeans solver=filo2 stage=post_ls ls=pyvrp iter=5
2026-03-15 22:22:15 | INFO     | [POOL #00524] 794 1548 267 3132 2082 2222 1075 1311 2049 1622 2447 3105 1579 2597 1717 710 1272 713 2453 1180 2483 1085 3062 443 2286 2247 547 1571 776 || mode=RB method=sk_kmeans solver=filo2 stage=post_ls ls=pyvrp iter=5
2026-03-15 22:22:15 | INFO     | [POOL #00525] 227 642 798 937 2549 2672 828 1501 1404 1118 3075 1581 3077 210 347 2374 2536 2256 1210 1725 1611 1159 1572 2299 813 2450 655 2126 380 574 1322 || mode=RB method=sk_kmeans solver=filo2 stage=post_ls ls=pyvrp iter=5
2026-03-15 22:22:15 | INFO     | [POOL #00526] 679 2724 1795 1979 1918 3163 2064 2924 2020 2001 1026 811 1656 2745 1095 2574 2093 2036 360 779 2578 470 2274 600 || mode=RB method=sk_kmeans solver=filo2 stage=post_ls ls=pyvrp iter=5
2026-03-15 22:22:15 | INFO     | [POOL #00527] 2667 3024 2116 1984 2255 1951 1290 2248 2978 2956 2251 1764 2631 1222 1204 2119 515 13 551 2811 2810 820 2841 1063 2675 3010 2152 476 1894 1423 1780 981 1729 || mode=RB method=sk_kmeans solver=filo2 stage=post_ls ls=pyvrp iter=5
2026-03-15 22:22:15 | INFO     | [POOL #00528] 999 199 3221 1485 3227 2377 2525 1805 2191 328 408 1202 1923 1182 1087 2241 1888 542 2356 34 2432 1500 410 1542 1745 2589 1590 3022 2905 154 || mode=RB method=sk_kmeans solver=filo2 stage=post_ls ls=pyvrp iter=5
2026-03-15 22:22:15 | INFO     | [POOL #00529] 1332 1007 2886 1730 313 500 1211 2006 801 1158 1153 1952 3138 667 1481 2664 1794 2761 1900 1278 2200 78 1257 1265 224 1 181 369 1288 2295 998 || mode=RB method=sk_kmeans solver=filo2 stage=post_ls ls=pyvrp iter=5
2026-03-15 22:22:15 | INFO     | [POOL #00530] 27 1586 1241 1993 2571 1550 1468 671 242 1009 1164 1280 31 3157 458 1293 1410 2168 1315 1530 3236 971 28 568 823 1669 2401 1721 || mode=RB method=sk_kmeans solver=filo2 stage=post_ls ls=pyvrp iter=5
2026-03-15 22:22:15 | INFO     | [POOL #00531] 2734 1578 3060 1931 1722 1074 1486 116 657 51 1186 1899 2324 350 1106 1048 1497 712 1100 2846 387 925 997 2602 241 1226 486 2591 2396 832 2888 2332 3009 838 3174 || mode=RB method=sk_kmeans solver=filo2 stage=post_ls ls=pyvrp iter=5
2026-03-15 22:22:15 | INFO     | [POOL #00532] 1506 1718 1102 2031 1948 119 2490 2393 121 1504 1941 2388 1974 192 1453 519 2661 929 1791 569 1537 940 533 1167 2014 2535 1623 728 2627 2485 1427 || mode=RB method=sk_kmeans solver=filo2 stage=post_ls ls=pyvrp iter=5
2026-03-15 22:22:15 | INFO     | [POOL #00533] 1444 963 2072 1431 2084 397 1639 2721 1458 1772 702 980 3002 2565 3120 2513 2970 1279 144 2662 792 870 1162 2062 892 2748 || mode=RB method=sk_kmeans solver=filo2 stage=post_ls ls=pyvrp iter=5
2026-03-15 22:22:15 | INFO     | [POOL #00534] 100 1782 2791 1267 2196 1914 2833 3017 1711 1218 104 1046 2869 2022 1020 1926 2749 399 2718 1310 79 745 284 2959 2688 1387 149 2362 545 3093 109 1214 1893 1814 || mode=RB method=sk_kmeans solver=filo2 stage=post_ls ls=pyvrp iter=5
2026-03-15 22:22:15 | INFO     | [POOL #00535] 1255 3007 386 2598 1200 3211 1146 1441 1602 2971 2260 3056 1790 2329 672 3162 2326 2776 2994 1096 21 37 146 1433 2923 1093 1700 2147 1312 || mode=RB method=sk_kmeans solver=filo2 stage=post_ls ls=pyvrp iter=5
2026-03-15 22:22:15 | INFO     | [POOL #00536] 379 526 2063 446 2380 2003 3224 1522 2709 819 1723 955 1475 1370 2181 733 2759 436 2973 1228 3036 || mode=RB method=sk_kmeans solver=filo2 stage=post_ls ls=pyvrp iter=5
2026-03-15 22:22:15 | INFO     | [POOL #00537] 3192 709 185 3119 3048 1378 3159 2334 1399 2313 1796 281 2276 2913 993 3203 1417 438 3122 1170 2323 747 2021 345 || mode=RB method=sk_kmeans solver=filo2 stage=post_ls ls=pyvrp iter=5
2026-03-15 22:22:15 | INFO     | [POOL #00538] 139 3146 695 1122 2094 1392 1701 2030 255 1593 1012 976 2005 204 1781 2157 836 190 1675 1044 2896 2665 || mode=RB method=sk_kmeans solver=filo2 stage=post_ls ls=pyvrp iter=5
2026-03-15 22:22:15 | INFO     | [POOL #00539] 1759 8 398 2778 1859 588 719 1216 1477 156 1254 1077 1487 809 1351 196 1567 1199 1860 2906 1848 2314 3147 2304 2849 2389 874 1819 595 || mode=RB method=sk_kmeans solver=filo2 stage=post_ls ls=pyvrp iter=5
2026-03-15 22:22:15 | INFO     | [POOL #00540] 543 2889 1313 681 784 930 2369 2494 1615 1416 661 2712 472 1919 1947 1925 2437 1285 2931 1703 953 1959 959 1509 2933 393 2308 1558 1350 1092 475 2533 307 || mode=RB method=sk_kmeans solver=filo2 stage=post_ls ls=pyvrp iter=5
2026-03-15 22:22:15 | INFO     | [POOL #00541] 1774 840 84 1936 2755 274 2943 1849 3006 707 1234 2346 697 231 875 2368 1594 118 3102 2544 3169 594 17 775 1739 205 1589 1976 1559 2431 1942 1657 || mode=RB method=sk_kmeans solver=filo2 stage=post_ls ls=pyvrp iter=5
2026-03-15 22:22:15 | INFO     | [POOL #00542] 161 3100 371 2880 3213 1429 106 2716 2912 531 1922 880 1662 855 1785 2827 996 2910 2232 2100 964 812 666 2823 2610 962 2042 591 2235 || mode=RB method=sk_kmeans solver=filo2 stage=post_ls ls=pyvrp iter=5
2026-03-15 22:22:15 | INFO     | [POOL #00543] 329 3115 2546 558 1136 670 2972 1036 546 1258 49 2349 2503 843 2710 61 1307 3074 2360 466 366 2161 2898 173 30 868 338 3116 1702 1671 || mode=RB method=sk_kmeans solver=filo2 stage=post_ls ls=pyvrp iter=5
2026-03-15 22:22:15 | INFO     | [POOL #00544] 968 1661 2028 529 773 650 3118 1094 1519 1689 2203 1513 2902 2904 2669 648 271 750 2743 1260 1515 2454 1977 2411 266 358 1120 2570 1161 || mode=RB method=sk_kmeans solver=filo2 stage=post_ls ls=pyvrp iter=5
2026-03-15 22:22:15 | INFO     | [POOL #00545] 1027 1029 645 441 1861 1621 2599 2637 2243 3182 1642 889 597 406 2505 469 2727 983 1833 2138 16 2163 3072 1614 1609 2456 2564 3099 717 2385 || mode=RB method=sk_kmeans solver=filo2 stage=post_ls ls=pyvrp iter=5
2026-03-15 22:22:15 | INFO     | [POOL #00546] 785 1455 2584 2952 3047 2737 1236 822 1440 2068 989 3219 2673 2300 306 492 1699 2209 1944 766 1531 990 2015 1176 1409 1740 1197 1054 1528 1067 1476 1708 1345 291 195 || mode=RB method=sk_kmeans solver=filo2 stage=post_ls ls=pyvrp iter=5
2026-03-15 22:22:15 | INFO     | [POOL #00547] 1556 216 2963 1185 2169 782 83 2195 2238 759 680 895 1188 3039 1173 2007 2550 771 2029 3189 2507 2390 1903 1583 435 2167 2488 3212 477 || mode=RB method=sk_kmeans solver=filo2 stage=post_ls ls=pyvrp iter=5
2026-03-15 22:22:15 | INFO     | [POOL #00548] 3096 493 1834 1286 578 690 902 555 3091 1124 1634 742 1420 1098 625 736 3170 2258 1229 2976 2518 2545 561 117 3240 2495 1646 2735 3200 2575 677 1125 || mode=RB method=sk_kmeans solver=filo2 stage=post_ls ls=pyvrp iter=5
2026-03-15 22:22:15 | INFO     | [POOL #00549] 1907 1353 2934 1035 1600 1232 2259 2711 2569 2840 2542 2378 211 26 2729 991 1889 325 2198 56 521 498 1720 2296 2674 611 2563 1240 300 806 1788 1895 97 2383 2397 || mode=RB method=sk_kmeans solver=filo2 stage=post_ls ls=pyvrp iter=5
2026-03-15 22:22:15 | INFO     | [POOL #00550] 318 2932 760 1749 2792 1252 1681 1212 2165 1536 659 2184 2543 38 3044 872 1822 1744 2821 2993 844 2188 418 225 1002 2814 2149 1347 2207 623 1886 || mode=RB method=sk_kmeans solver=filo2 stage=post_ls ls=pyvrp iter=5
2026-03-15 22:22:15 | INFO     | [POOL #00551] 1911 2951 2780 3201 10 724 2452 2298 1971 2677 2129 2403 1196 3070 1297 3114 2915 140 3089 2887 2363 5 3082 1396 2532 1072 2201 9 732 864 82 || mode=RB method=sk_kmeans solver=filo2 stage=post_ls ls=pyvrp iter=5
2026-03-15 22:22:15 | INFO     | [POOL #00552] 2911 1079 1975 1838 1580 1967 2820 2330 71 2802 434 2451 2341 1172 503 2267 2468 2966 2988 6 1778 961 285 1982 || mode=RB method=sk_kmeans solver=filo2 stage=post_ls ls=pyvrp iter=5
2026-03-15 22:22:15 | INFO     | [POOL #00553] 69 2553 2751 2683 1484 2053 250 1343 2686 2018 2772 1109 2935 1570 3083 2556 1598 101 1483 114 2185 3172 2123 2999 170 2996 || mode=RB method=sk_kmeans solver=filo2 stage=post_ls ls=pyvrp iter=5
2026-03-15 22:22:15 | INFO     | [POOL #00554] 2547 1005 539 2174 2106 2178 2838 2907 2133 2095 2652 2158 3097 1303 2102 2992 3101 1712 2806 2361 260 348 821 1673 2581 1292 2555 437 1354 2965 2097 2693 3125 1327 || mode=RB method=sk_kmeans solver=filo2 stage=post_ls ls=pyvrp iter=5
2026-03-15 22:22:15 | INFO     | [POOL #00555] 3196 3165 2325 2075 1667 2854 1141 596 1003 1716 1913 3202 2301 2606 || mode=VB method=fcm solver=filo1 stage=post_ls ls=pyvrp iter=6
2026-03-15 22:22:15 | INFO     | [POOL #00556] 2087 145 1361 2989 3225 1043 738 1342 1985 721 1508 1514 1989 2691 2804 1245 2958 2424 494 2105 275 1949 936 1271 1166 || mode=VB method=fcm solver=filo1 stage=post_ls ls=pyvrp iter=6
2026-03-15 22:22:15 | INFO     | [POOL #00557] 226 2530 2212 2659 2125 428 1937 3085 2366 1875 994 2758 2586 716 1769 857 665 2613 1059 1215 559 2262 2442 || mode=VB method=fcm solver=filo1 stage=post_ls ls=pyvrp iter=6
2026-03-15 22:22:15 | INFO     | [POOL #00558] 409 949 1921 2312 89 1139 3187 2577 1413 2997 891 1013 70 2193 2257 2782 2585 2816 620 3173 2479 3110 2242 1261 2835 2809 675 1492 3214 || mode=VB method=fcm solver=filo1 stage=post_ls ls=pyvrp iter=6
2026-03-15 22:22:15 | INFO     | [POOL #00559] 1337 1454 1797 2089 2596 2478 401 860 2756 1203 909 1625 2609 2822 1585 314 1761 744 1820 432 1532 || mode=VB method=fcm solver=filo1 stage=post_ls ls=pyvrp iter=6
2026-03-15 22:22:15 | INFO     | [POOL #00560] 2218 2471 426 1177 57 459 2154 787 404 2621 2689 2206 2705 1088 2047 1249 3223 847 3195 629 || mode=VB method=fcm solver=filo1 stage=post_ls ls=pyvrp iter=6
2026-03-15 22:22:15 | INFO     | [POOL #00561] 3049 1873 2845 407 1552 2834 1877 951 2280 2948 1053 866 1130 2035 340 1217 877 2354 520 2752 2425 1747 2228 2741 897 786 3129 455 198 2967 110 3081 911 2265 || mode=VB method=fcm solver=filo1 stage=post_ls ls=pyvrp iter=6
2026-03-15 22:22:15 | INFO     | [POOL #00562] 1841 579 2254 2190 2215 2676 2236 449 2860 491 2405 92 1244 2865 1812 1775 931 2600 2819 2901 2033 505 616 375 1787 2302 1751 || mode=VB method=fcm solver=filo1 stage=post_ls ls=pyvrp iter=6
2026-03-15 22:22:15 | INFO     | [POOL #00563] 188 506 2041 235 3033 91 48 1870 416 796 1355 1471 1360 430 1114 2338 1891 2630 295 2497 1631 2623 76 1988 916 513 2949 845 2611 157 || mode=VB method=fcm solver=filo1 stage=post_ls ls=pyvrp iter=6
2026-03-15 22:22:15 | INFO     | [POOL #00564] 2981 3066 871 2540 346 3167 368 835 376 1104 12 1066 2633 2011 528 1874 2048 2141 214 1855 1884 || mode=VB method=fcm solver=filo1 stage=post_ls ls=pyvrp iter=6
2026-03-15 22:22:15 | INFO     | [POOL #00565] 2137 2244 1461 1606 3175 2998 734 807 1382 852 663 1526 1563 1798 1092 1350 1422 987 2790 1935 586 1384 919 2859 2708 1135 58 614 2061 608 1535 1448 752 1068 || mode=VB method=fcm solver=filo1 stage=post_ls ls=pyvrp iter=6
2026-03-15 22:22:15 | INFO     | [POOL #00566] 3198 2779 2112 2533 475 3093 545 161 2308 1558 412 610 1329 2604 2028 2161 2898 173 30 868 338 3116 1702 1616 1160 1671 1661 1367 1887 2919 1411 || mode=VB method=fcm solver=filo1 stage=post_ls ls=pyvrp iter=6
2026-03-15 22:22:15 | INFO     | [POOL #00567] 3035 1710 2839 1863 2221 1150 1957 676 1274 2866 2358 1847 1754 1001 1296 849 460 830 1055 1679 452 2415 1132 2983 489 532 1178 2511 1596 1577 2594 || mode=VB method=fcm solver=filo1 stage=post_ls ls=pyvrp iter=6
2026-03-15 22:22:15 | INFO     | [POOL #00568] 2473 2085 1040 2435 3155 3152 1756 2017 1388 2526 740 3139 968 1281 1031 1587 2903 1827 2671 1561 280 2974 2199 2208 151 1608 2487 2580 1247 1168 1632 || mode=VB method=fcm solver=filo1 stage=post_ls ls=pyvrp iter=6
2026-03-15 22:22:15 | INFO     | [POOL #00569] 128 552 3023 582 1930 1123 1266 2240 2537 715 2477 490 517 2560 1145 2345 1917 3176 2850 189 2419 124 || mode=VB method=fcm solver=filo1 stage=post_ls ls=pyvrp iter=6
2026-03-15 22:22:15 | INFO     | [POOL #00570] 2628 329 1657 3115 3040 1348 177 1852 1943 1136 670 2972 1036 546 1258 2928 1942 445 159 687 49 2349 843 2503 366 681 924 496 203 1313 2889 1554 543 || mode=VB method=fcm solver=filo1 stage=post_ls ls=pyvrp iter=6
2026-03-15 22:22:15 | INFO     | [POOL #00571] 1612 1080 587 169 1084 2968 186 703 2319 3087 1105 1369 1864 2696 2894 3136 566 1368 239 364 1283 2680 2707 2746 257 2239 727 || mode=VB method=fcm solver=filo1 stage=post_ls ls=pyvrp iter=6
2026-03-15 22:22:15 | INFO     | [POOL #00572] 2576 102 2763 2421 112 2090 2546 803 405 1588 1972 558 22 3237 43 2681 1493 2128 912 2150 1081 2512 1275 3194 2070 1604 2861 753 3218 || mode=VB method=fcm solver=filo1 stage=post_ls ls=pyvrp iter=6
2026-03-15 22:22:15 | INFO     | [POOL #00573] 2554 1776 1333 1451 2807 1854 220 1108 834 1840 2614 1564 1803 103 1568 2117 2382 433 1758 1705 789 590 448 3209 1097 2731 3158 || mode=VB method=fcm solver=filo1 stage=post_ls ls=pyvrp iter=6
2026-03-15 22:22:15 | INFO     | [POOL #00574] 954 97 1895 806 2259 2840 2542 2378 211 3201 10 724 2452 2298 1971 1196 348 821 2915 1673 2581 1292 2555 2068 1440 437 2965 822 1236 2737 3047 1072 9 732 1484 2683 || mode=VB method=fcm solver=filo1 stage=post_ls ls=pyvrp iter=6
2026-03-15 22:22:15 | INFO     | [POOL #00575] 1678 2985 2538 1609 1614 961 3072 2163 16 2637 2243 3182 1642 623 2207 2505 406 597 889 1833 983 1188 3039 895 680 759 2238 2195 83 782 717 2230 || mode=VB method=fcm solver=filo1 stage=post_ls ls=pyvrp iter=6
2026-03-15 22:22:15 | INFO     | [POOL #00576] 3096 653 1421 2122 245 705 935 1966 2091 2625 2364 3181 1726 977 237 3117 1929 442 2982 903 862 309 2000 2110 1140 2220 197 || mode=VB method=fcm solver=filo1 stage=post_ls ls=pyvrp iter=6
2026-03-15 22:22:15 | INFO     | [POOL #00577] 114 1483 101 1788 300 2563 611 2674 2296 498 1720 26 2729 991 521 56 2198 1889 325 3070 1297 3114 140 3089 2887 2363 5 3082 1396 2097 2532 2693 3083 2772 1455 785 170 || mode=VB method=fcm solver=filo1 stage=post_ls ls=pyvrp iter=6
2026-03-15 22:22:15 | INFO     | [POOL #00578] 493 2139 3189 2632 1490 291 1420 742 1634 625 1098 736 1967 1580 2330 71 2802 434 1681 1252 2792 1749 2932 760 117 318 3200 1583 435 2167 || mode=VB method=fcm solver=filo1 stage=post_ls ls=pyvrp iter=6
2026-03-15 22:22:15 | INFO     | [POOL #00579] 1911 741 2690 1353 2934 1035 1600 2951 2780 1232 2569 2711 1240 2556 1598 1109 1570 2935 2584 1886 2599 1621 1861 1982 || mode=VB method=fcm solver=filo1 stage=post_ls ls=pyvrp iter=6
2026-03-15 22:22:15 | INFO     | [POOL #00580] 2138 2727 469 1778 6 2988 2966 2468 2267 503 1172 2451 2341 418 2188 225 1002 2814 2149 1347 2952 2201 2053 || mode=VB method=fcm solver=filo1 stage=post_ls ls=pyvrp iter=6
2026-03-15 22:22:15 | INFO     | [POOL #00581] 1961 1466 99 2592 312 1555 365 373 927 1963 2847 1459 973 172 2730 244 1965 2057 1742 3098 2226 1233 2225 1308 2786 873 771 2029 1523 || mode=VB method=fcm solver=filo1 stage=post_ls ls=pyvrp iter=6
2026-03-15 22:22:15 | INFO     | [POOL #00582] 1907 362 2065 1613 810 2700 1321 2427 2123 3172 2185 2686 2018 1343 250 1529 1727 2172 182 75 1469 3109 2127 2373 || mode=VB method=fcm solver=filo1 stage=post_ls ls=pyvrp iter=6
2026-03-15 22:22:15 | INFO     | [POOL #00583] 2096 384 1156 1147 3220 2175 288 969 1024 1916 454 2131 1193 2353 3149 72 1366 2282 422 1157 2162 799 || mode=VB method=fcm solver=filo1 stage=post_ls ls=pyvrp iter=6
2026-03-15 22:22:15 | INFO     | [POOL #00584] 2074 848 3135 3020 2507 2550 690 1079 902 555 3091 1975 1124 1838 3170 2258 2976 2518 2545 561 3240 2495 1646 2735 1173 2007 2911 1903 1748 2521 2233 815 || mode=VB method=fcm solver=filo1 stage=post_ls ls=pyvrp iter=6
2026-03-15 22:22:15 | INFO     | [POOL #00585] 2143 2449 1814 574 421 541 2407 1295 644 2603 2930 351 2320 1276 272 2044 795 2832 123 2883 1494 2283 1304 2830 263 || mode=VB method=fcm solver=filo1 stage=post_ls ls=pyvrp iter=6
2026-03-15 22:22:15 | INFO     | [POOL #00586] 635 1016 1924 482 757 656 420 2719 639 1027 2996 2703 598 2618 1846 607 3145 2922 2862 1898 468 1610 3230 1144 576 446 || mode=VB method=fcm solver=filo1 stage=post_ls ls=pyvrp iter=6
2026-03-15 22:22:15 | INFO     | [POOL #00587] 761 264 1759 8 398 2778 1859 588 1216 1477 1254 156 196 1199 1860 1848 2314 2304 943 881 1389 3106 1715 1219 1956 || mode=VB method=fcm solver=filo1 stage=post_ls ls=pyvrp iter=6
2026-03-15 22:22:15 | INFO     | [POOL #00588] 1228 2759 733 1235 2181 1370 1475 2474 2391 2440 2595 2197 2837 668 176 2412 258 1908 1385 1418 3148 2339 2217 2641 2798 185 293 471 709 || mode=VB method=fcm solver=filo1 stage=post_ls ls=pyvrp iter=6
2026-03-15 22:22:15 | INFO     | [POOL #00589] 1473 302 2541 1819 2653 839 905 874 2849 3147 600 2274 281 592 2557 1086 2941 470 1351 809 679 2316 758 1148 || mode=VB method=fcm solver=filo1 stage=post_ls ls=pyvrp iter=6
2026-03-15 22:22:15 | INFO     | [POOL #00590] 3192 1701 2021 976 1170 3122 2977 3119 3048 1378 3159 2334 1399 2124 2784 168 1796 1502 2276 2913 993 3203 1417 2868 2005 204 1675 2665 || mode=VB method=fcm solver=filo1 stage=post_ls ls=pyvrp iter=6
2026-03-15 22:22:15 | INFO     | [POOL #00591] 3036 3146 2094 1392 2030 255 1593 1012 2323 747 1997 1018 178 1946 1131 2387 662 316 1781 2157 836 190 345 || mode=VB method=fcm solver=filo1 stage=post_ls ls=pyvrp iter=6
2026-03-15 22:22:15 | INFO     | [POOL #00592] 2805 646 2333 2787 1110 42 130 512 462 297 108 1998 1763 1826 126 1842 1521 473 1371 2701 808 413 1346 3032 1652 535 802 2099 2601 2268 2420 2694 246 || mode=VB method=fcm solver=filo1 stage=post_ls ls=pyvrp iter=6
2026-03-15 22:22:15 | INFO     | [POOL #00593] 304 1901 1843 633 1746 1753 2885 643 1133 2940 2367 41 952 1071 774 219 1478 3133 377 684 1470 3000 193 2499 563 1973 || mode=VB method=fcm solver=filo1 stage=post_ls ls=pyvrp iter=6
2026-03-15 22:22:15 | INFO     | [POOL #00594] 544 3088 1192 440 2991 992 1815 583 765 439 2853 647 395 693 2738 1981 1651 344 904 417 54 1844 381 2722 1638 1223 704 481 || mode=VB method=fcm solver=filo1 stage=post_ls ls=pyvrp iter=6
2026-03-15 22:22:15 | INFO     | [POOL #00595] 480 1119 706 2858 2699 1175 2678 1551 1584 1052 2279 1403 603 3160 484 649 2870 1171 234 1553 40 1641 1853 2799 2566 1658 1880 1872 2750 2455 1659 1865 1379 2917 || mode=VB method=fcm solver=filo1 stage=post_ls ls=pyvrp iter=6
2026-03-15 22:22:15 | INFO     | [POOL #00596] 1134 1402 1023 1107 2272 2635 2170 1445 790 1869 2023 1995 1541 2891 3140 32 884 2086 230 2925 581 2622 660 2 1999 856 || mode=VB method=fcm solver=filo1 stage=post_ls ls=pyvrp iter=6
2026-03-15 22:22:15 | INFO     | [POOL #00597] 3095 2463 942 2619 1731 1169 2224 3108 805 3206 1994 1017 1357 683 1349 2654 630 2501 565 2392 700 2342 2194 2655 1885 632 1076 2668 || mode=VB method=fcm solver=filo1 stage=post_ls ls=pyvrp iter=6
2026-03-15 22:22:15 | INFO     | [POOL #00598] 2171 1179 2871 359 2498 920 3011 1126 1592 2336 1248 2725 1061 2155 522 3130 2715 3025 3031 1225 1830 1015 396 2753 1028 2290 143 || mode=VB method=fcm solver=filo1 stage=post_ls ls=pyvrp iter=6
2026-03-15 22:22:15 | INFO     | [POOL #00599] 2697 2205 44 2359 77 1800 1876 701 525 3228 24 74 570 2916 2879 883 217 1155 2348 2660 867 2848 853 3186 1224 1323 2515 || mode=VB method=fcm solver=filo1 stage=post_ls ls=pyvrp iter=6
2026-03-15 22:22:15 | INFO     | [POOL #00600] 461 3094 321 1428 310 571 2572 2109 3059 411 1456 81 1495 122 772 423 96 1545 136 2423 1443 1932 1284 1524 1518 609 463 || mode=VB method=fcm solver=filo1 stage=post_ls ls=pyvrp iter=6
2026-03-15 22:22:15 | INFO     | [POOL #00601] 3113 1912 817 2384 1707 1706 2414 1019 2523 2266 1187 357 1291 1330 142 699 2416 451 2307 1839 2273 2058 1395 457 1309 2422 2164 3069 155 262 3058 || mode=VB method=fcm solver=filo1 stage=post_ls ls=pyvrp iter=6
2026-03-15 22:22:15 | INFO     | [POOL #00602] 2544 3169 594 1589 205 1739 17 775 1856 673 63 68 865 2002 1426 3232 567 3161 3018 1976 1559 2431 1338 2817 240 2927 2278 1324 2937 || mode=VB method=fcm solver=filo1 stage=post_ls ls=pyvrp iter=6
2026-03-15 22:22:15 | INFO     | [POOL #00603] 1033 1653 326 1047 1986 540 682 1464 3041 1432 2872 2760 1955 456 1626 2327 1777 651 2216 933 2794 1962 353 206 2955 1970 1867 || mode=VB method=fcm solver=filo1 stage=post_ls ls=pyvrp iter=6
2026-03-15 22:22:15 | INFO     | [POOL #00604] 2343 1474 1868 1549 1069 1436 778 355 2145 3168 2685 1277 2842 1341 1915 2481 575 93 391 2078 859 995 2476 3019 1648 1205 301 2113 2443 2648 2223 || mode=VB method=fcm solver=filo1 stage=post_ls ls=pyvrp iter=6
2026-03-15 22:22:15 | INFO     | [POOL #00605] 187 120 2321 1582 2034 2640 2148 1289 1605 2797 628 305 2400 2409 2153 2583 958 363 1566 1996 2717 2706 2639 || mode=VB method=fcm solver=filo1 stage=post_ls ls=pyvrp iter=6
2026-03-15 22:22:15 | INFO     | [POOL #00606] 825 2098 4 107 1902 1866 2502 453 1562 2281 1768 2234 2801 2645 1191 2459 804 277 1335 3222 1629 2245 2663 560 2629 1668 33 1041 1480 286 816 938 46 2404 19 550 698 || mode=VB method=fcm solver=filo1 stage=post_ls ls=pyvrp iter=6
2026-03-15 22:22:15 | INFO     | [POOL #00607] 719 2064 2813 1312 2247 820 1433 146 37 21 1096 2994 2923 1093 1700 443 3062 718 3014 763 2010 1950 202 2666 400 3043 1795 2724 2489 || mode=VB method=fcm solver=filo1 stage=post_ls ls=pyvrp iter=6
2026-03-15 22:22:15 | INFO     | [POOL #00608] 780 1764 2251 2631 2571 1550 2375 2899 374 1544 1045 3188 1380 1741 243 1318 1766 562 2857 228 2066 2386 1993 1241 1586 2255 1984 || mode=VB method=fcm solver=filo1 stage=post_ls ls=pyvrp iter=6
2026-03-15 22:22:15 | INFO     | [POOL #00609] 500 1948 119 1211 2006 801 2490 121 2393 1158 1811 1900 1278 2200 78 1257 1265 2749 1926 1020 2869 1046 104 1218 1267 998 || mode=VB method=fcm solver=filo1 stage=post_ls ls=pyvrp iter=6
2026-03-15 22:22:15 | INFO     | [POOL #00610] 1085 713 1441 2971 2260 2326 672 3162 3197 1817 1836 372 7 1439 720 1293 3157 458 1410 2168 1315 1000 887 2776 1546 || mode=VB method=fcm solver=filo1 stage=post_ls ls=pyvrp iter=6
2026-03-15 22:22:15 | INFO     | [POOL #00611] 978 1774 1310 1485 3227 2713 984 1676 311 1574 1934 1202 408 328 2191 1805 667 1481 2664 2525 2377 2718 399 || mode=VB method=fcm solver=filo1 stage=post_ls ls=pyvrp iter=6
2026-03-15 22:22:15 | INFO     | [POOL #00612] 2031 1504 1941 2388 932 2356 542 1888 2241 1182 2657 229 739 1991 1925 1947 1919 472 661 1416 2755 1936 1703 953 1959 959 1509 2933 393 2570 || mode=VB method=fcm solver=filo1 stage=post_ls ls=pyvrp iter=6
2026-03-15 22:22:15 | INFO     | [POOL #00613] 2484 1255 3007 386 2598 1200 1146 1602 3056 1790 2329 1791 929 569 1537 1745 940 533 1167 2589 1590 2535 3022 1717 1272 710 2453 1180 2483 || mode=VB method=fcm solver=filo1 stage=post_ls ls=pyvrp iter=6
2026-03-15 22:22:15 | INFO     | [POOL #00614] 2597 2990 2661 1542 1010 1381 1489 1264 2026 621 2177 415 2288 1022 1693 34 2432 1453 519 192 1974 2014 1623 728 1579 1311 1332 || mode=VB method=fcm solver=filo1 stage=post_ls ls=pyvrp iter=6
2026-03-15 22:22:15 | INFO     | [POOL #00615] 2235 2565 2022 2761 1794 1250 1923 1547 619 3216 591 2042 962 2610 2823 2229 2395 201 3231 876 1897 1896 923 3185 641 2938 1087 3138 1952 1153 2627 2222 2757 || mode=VB method=fcm solver=filo1 stage=post_ls ls=pyvrp iter=6
2026-03-15 22:22:15 | INFO     | [POOL #00616] 615 2931 1285 2437 274 2943 1849 3006 707 2880 371 1260 1515 2454 1977 2411 650 3074 1307 2710 61 466 2360 773 930 2369 2494 266 358 1120 840 || mode=VB method=fcm solver=filo1 stage=post_ls ls=pyvrp iter=6
2026-03-15 22:22:15 | INFO     | [POOL #00617] 410 1500 901 1695 1344 1770 2115 1807 1419 1628 1213 2284 664 2582 1375 2803 1101 2961 1251 685 602 3 1198 2051 2695 1990 259 2211 814 2852 1049 523 64 3211 2417 || mode=VB method=fcm solver=filo1 stage=post_ls ls=pyvrp iter=6
2026-03-15 22:22:15 | INFO     | [POOL #00618] 84 1615 2712 3100 666 1234 3213 2346 1429 697 231 2743 750 271 648 1594 2669 2904 2902 1513 2203 1689 1519 1094 3118 529 784 || mode=VB method=fcm solver=filo1 stage=post_ls ls=pyvrp iter=6
2026-03-15 22:22:15 | INFO     | [POOL #00619] 3024 2116 1951 823 13 515 1222 1468 1373 1208 3166 1964 2524 141 1154 557 2491 31 1530 253 1164 90 1009 242 671 1204 2119 551 2811 2810 476 1423 2667 1643 || mode=VB method=fcm solver=filo1 stage=post_ls ls=pyvrp iter=6
2026-03-15 22:22:15 | INFO     | [POOL #00620] 447 3051 1194 3005 1654 487 2909 175 1565 654 1892 59 985 604 2210 2531 1287 1138 || mode=VB method=fcm solver=filo1 stage=post_ls ls=pyvrp iter=6
2026-03-15 22:22:15 | INFO     | [POOL #00621] 1372 2702 2331 1674 788 2107 1412 1438 2800 2818 2929 303 1619 1467 516 2032 2508 1317 1377 2059 495 370 1992 290 || mode=VB method=fcm solver=filo1 stage=post_ls ls=pyvrp iter=6
2026-03-15 22:22:15 | INFO     | [POOL #00622] 2394 2434 3030 818 907 3144 2692 764 330 356 1663 35 1273 1064 1122 379 526 2063 341 || mode=VB method=fcm solver=filo1 stage=post_ls ls=pyvrp iter=6
2026-03-15 22:22:15 | INFO     | [POOL #00623] 467 2944 553 2771 1845 846 1617 166 1533 797 2650 2160 1640 2979 1083 791 1879 1091 642 52 227 2024 3057 1636 || mode=VB method=fcm solver=filo1 stage=post_ls ls=pyvrp iter=6
2026-03-15 22:22:15 | INFO     | [POOL #00624] 2539 1246 3052 2270 2448 2008 3086 2679 1927 2045 2202 2340 1051 2136 39 276 2263 85 1736 1339 2939 2590 2843 1442 2426 2642 3067 || mode=VB method=fcm solver=filo1 stage=post_ls ls=pyvrp iter=6
2026-03-15 22:22:15 | INFO     | [POOL #00625] 2147 1174 28 971 1687 3236 1280 2357 1818 133 748 3061 1507 2469 1620 2253 2019 918 1230 11 1576 2969 2370 1906 568 || mode=VB method=fcm solver=filo1 stage=post_ls ls=pyvrp iter=6
2026-03-15 22:22:15 | INFO     | [POOL #00626] 1259 2071 2851 2769 1783 2379 2815 268 511 1938 2954 2920 2492 770 1491 213 2878 2318 95 2897 1365 946 1760 || mode=VB method=fcm solver=filo1 stage=post_ls ls=pyvrp iter=6
2026-03-15 22:22:15 | INFO     | [POOL #00627] 1883 944 2142 2410 339 1520 474 708 1635 315 2684 3123 842 3053 2482 1364 1680 1447 2829 2768 2500 1503 3199 2682 3164 221 2509 1376 896 2942 150 || mode=VB method=fcm solver=filo1 stage=post_ls ls=pyvrp iter=6
2026-03-15 22:22:15 | INFO     | [POOL #00628] 2945 2462 1560 308 722 317 2322 1784 2616 749 3229 637 1424 501 1282 1527 270 893 3034 1809 3124 2643 1209 2192 2470 1386 1637 || mode=VB method=fcm solver=filo1 stage=post_ls ls=pyvrp iter=6
2026-03-15 22:22:15 | INFO     | [POOL #00629] 2547 844 1005 539 2821 1744 1822 2174 2106 2300 306 3097 1303 492 1699 1531 2158 2652 2095 2133 2907 2838 2178 872 3044 38 2543 2184 659 2993 || mode=VB method=fcm solver=filo1 stage=post_ls ls=pyvrp iter=6
2026-03-15 22:22:15 | INFO     | [POOL #00630] 2767 2605 1345 1708 2285 2638 1696 464 2037 1054 1197 1740 1409 1176 2015 990 766 2209 1944 2102 2673 2992 3219 989 2361 260 2806 1712 3101 2129 2677 2403 1354 || mode=VB method=fcm solver=filo1 stage=post_ls ls=pyvrp iter=6
2026-03-15 22:22:15 | INFO     | [POOL #00631] 524 3046 2770 2054 2875 1034 549 1111 3092 1575 711 3001 1117 2350 617 238 1627 2900 2573 2826 1920 613 593 131 578 || mode=VB method=fcm solver=filo1 stage=post_ls ls=pyvrp iter=6
2026-03-15 22:22:15 | INFO     | [POOL #00632] 113 2587 1752 1505 2004 15 851 2429 1666 327 1195 1724 3112 1945 2287 1056 2475 1662 880 1922 531 2912 3102 118 2368 875 106 2716 2910 964 812 2773 || mode=VB method=fcm solver=filo1 stage=post_ls ls=pyvrp iter=6
2026-03-15 22:22:15 | INFO     | [POOL #00633] 3021 3134 1692 1305 287 352 138 1539 1538 2046 1958 2408 160 2649 3127 2077 1968 1099 1534 158 538 957 2114 726 1359 1058 827 634 || mode=VB method=fcm solver=filo1 stage=post_ls ls=pyvrp iter=6
2026-03-15 22:22:15 | INFO     | [POOL #00634] 55 1070 915 2528 2588 2465 2433 2828 658 252 164 3004 1065 254 2634 2176 767 1030 1713 282 289 534 279 730 729 320 1425 1496 247 2081 1414 || mode=VB method=fcm solver=filo1 stage=post_ls ls=pyvrp iter=6
2026-03-15 22:22:15 | INFO     | [POOL #00635] 378 14 507 1352 478 508 1242 2831 2146 171 2445 337 2441 354 45 2460 148 502 2895 1978 2306 2073 2953 537 536 850 2552 1665 2120 1128 3179 2626 1799 3208 691 1078 1294 132 129 || mode=VB method=fcm solver=filo1 stage=post_ls ls=pyvrp iter=6
2026-03-15 22:22:15 | INFO     | [POOL #00636] 2390 195 1690 669 585 743 2083 2836 922 2548 965 885 336 3204 3050 392 2747 294 1750 1256 3131 2520 1528 1067 1476 1536 2165 1212 2820 1229 || mode=VB method=fcm solver=filo1 stage=post_ls ls=pyvrp iter=6
2026-03-15 22:22:15 | INFO     | [POOL #00637] 928 2052 861 1227 2291 2558 2140 723 2173 2104 2742 20 833 3205 855 1785 2827 996 2232 2100 1630 947 914 || mode=VB method=fcm solver=filo1 stage=post_ls ls=pyvrp iter=6
2026-03-15 22:22:15 | INFO     | [POOL #00638] 1011 3090 2766 1391 1808 2069 1512 127 2464 2376 2733 2406 2762 2522 2355 1595 1184 342 831 1331 499 1779 1832 900 624 1789 1434 2371 1336 1691 2111 2964 || mode=VB method=fcm solver=filo1 stage=post_ls ls=pyvrp iter=6
2026-03-15 22:22:15 | INFO     | [POOL #00639] 1415 425 2890 2079 232 2060 2039 50 180 1655 236 1603 319 194 2783 1686 1980 1039 2438 2617 1393 986 105 572 || mode=VB method=fcm solver=filo1 stage=post_ls ls=pyvrp iter=6
2026-03-15 22:22:15 | INFO     | [POOL #00640] 2461 2309 47 2908 564 1719 1737 3054 1452 2121 208 2516 2855 3027 1540 2893 1129 1238 349 2264 1401 251 735 1207 3154 2227 1397 1374 1356 1239 215 1685 334 80 1407 2261 390 1032 || mode=VB method=fcm solver=filo1 stage=post_ls ls=pyvrp iter=6
2026-03-15 22:22:15 | INFO     | [POOL #00641] 2608 3008 2135 332 3080 2882 2863 2189 2793 781 2040 1060 864 878 2398 2781 333 678 3150 82 886 1591 2962 179 1314 640 768 139 || mode=VB method=fcm solver=filo1 stage=post_ls ls=pyvrp iter=6
2026-03-15 22:22:15 | INFO     | [POOL #00642] 200 2647 2480 2796 2921 3016 361 769 688 2496 2788 1704 2134 1793 696 1269 2936 584 674 1599 988 1435 2984 218 737 191 2774 1601 62 || mode=VB method=fcm solver=filo1 stage=post_ls ls=pyvrp iter=6
2026-03-15 22:22:15 | INFO     | [POOL #00643] 2775 530 479 1231 3207 1645 2103 1516 2732 910 2418 2271 2844 1262 950 979 1038 2249 618 153 2118 2504 296 2313 || mode=VB method=fcm solver=filo1 stage=post_ls ls=pyvrp iter=6
2026-03-15 22:22:15 | INFO     | [POOL #00644] 1390 1383 2214 1450 3068 424 1116 627 2687 86 1723 955 819 2709 1522 3224 2003 2380 436 2973 2896 || mode=VB method=fcm solver=filo1 stage=post_ls ls=pyvrp iter=6
2026-03-15 22:22:15 | INFO     | [POOL #00645] 636 152 335 783 746 1862 1829 69 777 1057 2877 497 2553 2751 2130 1909 278 548 1220 3125 1327 2999 1181 3038 1326 2383 2397 829 3234 2277 || mode=VB method=fcm solver=filo1 stage=post_ls ls=pyvrp iter=6
2026-03-15 22:22:15 | INFO     | [POOL #00646] 2726 888 1137 694 793 2344 1037 66 1488 2311 1042 2670 1573 1728 1831 1363 2873 1824 1253 1190 1510 2439 2795 1089 1006 3239 3121 2297 3045 2864 906 || mode=VB method=fcm solver=filo1 stage=post_ls ls=pyvrp iter=6
2026-03-15 22:22:15 | INFO     | [POOL #00647] 948 779 360 2036 2093 2574 1656 2745 1729 811 1026 981 1721 1904 1733 483 754 331 23 1316 2204 2527 438 1044 || mode=VB method=fcm solver=filo1 stage=post_ls ls=pyvrp iter=6
2026-03-15 22:22:15 | INFO     | [POOL #00648] 3210 1773 2926 3153 2252 427 2765 826 1301 3078 323 921 2275 465 1268 854 1408 1358 2179 1755 165 1905 3193 1647 2493 3171 || mode=VB method=fcm solver=filo1 stage=post_ls ls=pyvrp iter=6
2026-03-15 22:22:15 | INFO     | [POOL #00649] 2514 3104 2292 1810 3107 167 2975 1890 488 60 98 3026 3191 1237 1694 2101 1243 2764 1319 1263 2704 3055 343 2510 2337 1400 3003 3084 53 || mode=VB method=fcm solver=filo1 stage=post_ls ls=pyvrp iter=6
2026-03-15 22:22:15 | INFO     | [POOL #00650] 913 1983 1650 612 2315 2305 939 1430 2025 1633 477 1556 216 403 2428 1062 2612 975 2132 1446 1113 367 25 1082 209 383 2651 1881 || mode=VB method=fcm solver=filo1 stage=post_ls ls=pyvrp iter=6
2026-03-15 22:22:15 | INFO     | [POOL #00651] 945 1644 1394 137 1762 1618 2310 2076 2055 1299 2486 2430 1498 1462 183 504 1149 1472 3151 1286 1834 3142 2488 2575 677 1185 2963 3099 1125 2385 || mode=VB method=fcm solver=filo1 stage=post_ls ls=pyvrp iter=6
2026-03-15 22:22:15 | INFO     | [POOL #00652] 595 2389 2578 2892 1398 1325 3076 1816 1697 631 2303 2049 1622 2447 3105 1075 2082 2886 2905 1007 970 3111 67 2957 3180 2351 2237 3029 2995 1121 1804 || mode=VB method=fcm solver=filo1 stage=post_ls ls=pyvrp iter=6
2026-03-15 22:22:15 | INFO     | [POOL #00653] 2918 2624 2714 606 163 898 273 1298 762 2466 2027 2467 1021 941 2884 509 2824 2744 934 1969 2056 1597 2187 1437 2457 1127 3128 2946 869 2413 27 2956 2978 1669 2152 1894 1780 1095 || mode=VB method=fcm solver=filo1 stage=post_ls ls=pyvrp iter=6
2026-03-15 22:22:15 | INFO     | [POOL #00654] 510 389 1684 2436 2016 580 36 1882 2620 1660 1460 1525 1334 1025 1221 751 3073 2289 2043 2219 2698 3184 2250 2365 695 || mode=VB method=fcm solver=filo1 stage=post_ls ls=pyvrp iter=6
2026-03-15 22:22:15 | INFO     | [POOL #00655] 485 1479 1738 1878 1300 2294 882 2159 233 1103 1806 3212 2169 2456 2564 441 645 1670 1151 1850 2381 134 1004 3012 1340 1517 1688 207 3065 || mode=VB method=fcm solver=filo1 stage=post_ls ls=pyvrp iter=6
2026-03-15 22:22:15 | INFO     | [POOL #00656] 1143 2182 714 2151 2986 966 2636 2213 1960 1457 1050 1142 2562 2579 285 2736 1183 1029 2186 1607 3215 2785 1821 1771 1858 1857 1928 || mode=VB method=fcm solver=filo1 stage=post_ls ls=pyvrp iter=6
2026-03-15 22:22:15 | INFO     | [POOL #00657] 2825 2658 73 2812 3156 1152 824 2269 652 429 2777 1792 1206 599 2088 1837 692 2144 2080 || mode=VB method=fcm solver=filo1 stage=post_ls ls=pyvrp iter=6
2026-03-15 22:22:15 | INFO     | [POOL #00658] 1322 2987 1732 960 184 972 858 1362 1954 256 87 655 265 222 756 1677 689 755 1734 2789 388 2567 1802 135 || mode=VB method=fcm solver=filo1 stage=post_ls ls=pyvrp iter=6
2026-03-15 22:22:15 | INFO     | [POOL #00659] 154 837 1933 2317 879 2646 626 2050 1813 2399 2372 2960 2067 2444 2947 29 1825 1073 3013 249 1918 1979 1672 800 2293 2402 2881 || mode=VB method=fcm solver=filo1 stage=post_ls ls=pyvrp iter=6
2026-03-15 22:22:15 | INFO     | [POOL #00660] 283 2906 1567 3163 2924 2020 2001 776 1571 547 2286 2841 1063 2675 3010 2401 1290 2248 3190 1709 974 292 1008 863 2180 3064 1823 2980 2446 2561 3015 622 || mode=VB method=fcm solver=filo1 stage=post_ls ls=pyvrp iter=6
2026-03-15 22:22:15 | INFO     | [POOL #00661] 3174 838 3009 322 1682 2615 3226 2888 832 2396 2591 1201 2914 2856 3217 956 94 1405 2602 241 702 980 3002 1772 657 116 1486 397 2084 1431 2072 1722 || mode=VB method=fcm solver=filo1 stage=post_ls ls=pyvrp iter=6
2026-03-15 22:22:15 | INFO     | [POOL #00662] 2166 2740 2723 1427 1940 1548 267 3132 1730 2485 313 1102 1718 2196 1288 369 1914 2833 3017 181 1 1711 224 350 1106 2324 1899 2295 1506 2791 88 1765 1735 1871 2517 1782 402 || mode=VB method=fcm solver=filo1 stage=post_ls ls=pyvrp iter=6
2026-03-15 22:22:15 | INFO     | [POOL #00663] 798 1801 414 2734 65 2672 828 1444 1501 963 1159 1611 419 324 2012 2529 223 2728 3178 115 2874 899 3137 1463 3028 || mode=VB method=fcm solver=filo1 stage=post_ls ls=pyvrp iter=6
2026-03-15 22:22:15 | INFO     | [POOL #00664] 2754 2126 1893 3233 298 3238 1214 385 2739 2335 2559 908 3071 2593 999 2688 2959 284 745 79 3221 199 1624 2362 149 1387 731 109 1649 3042 1161 147 554 269 577 307 3235 1683 1910 || mode=VB method=fcm solver=filo1 stage=post_ls ls=pyvrp iter=6
2026-03-15 22:22:15 | INFO     | [POOL #00665] 248 1714 1328 3141 725 2352 174 794 1306 3103 1406 1112 444 212 2009 3126 1828 1487 1077 2013 162 2867 1664 589 1835 || mode=VB method=fcm solver=filo1 stage=post_ls ls=pyvrp iter=6
2026-03-15 22:22:15 | INFO     | [POOL #00666] 926 380 2450 813 2299 605 2038 1189 2231 1987 431 1725 1210 2256 2536 2374 347 210 3077 1581 1074 1118 3075 1404 2748 1931 1578 518 937 1482 || mode=VB method=fcm solver=filo1 stage=post_ls ls=pyvrp iter=6
2026-03-15 22:22:15 | INFO     | [POOL #00667] 1572 2332 1639 2721 1458 486 1226 997 925 387 2846 1100 712 1497 1048 1186 51 3120 2513 2970 1279 144 2662 792 870 1162 2062 892 125 3060 2549 || mode=VB method=fcm solver=filo1 stage=post_ls ls=pyvrp iter=6
2026-03-15 22:22:15 | INFO     | [POOL #00668] 394 100 2506 527 382 890 2183 18 2720 2108 2644 2246 1320 1569 2656 917 894 1786 3177 2092 1698 1270 3079 1511 || mode=VB method=fcm solver=filo1 stage=post_ls ls=pyvrp iter=6
2026-03-15 22:22:15 | INFO     | [POOL #00669] 3143 450 601 1090 3063 1953 1557 2534 1163 1757 841 261 686 2328 2519 2876 1465 3183 638 1767 2156 299 1743 1302 982 || mode=VB method=fcm solver=filo1 stage=post_ls ls=pyvrp iter=6
2026-03-15 22:22:15 | INFO     | [POOL #00670] 1014 1449 514 1851 967 3037 2607 1939 2458 1543 111 2950 1499 2568 573 2551 556 2472 2347 1165 1115 2808 || mode=VB method=fcm solver=filo1 stage=post_ls ls=pyvrp iter=6
2026-03-15 22:22:15 | INFO     | [POOL #00671] 438 2784 2714 606 2480 2921 3016 361 769 688 2496 2788 1704 2134 2297 1793 696 1644 1599 674 988 1435 2984 218 737 191 2732 945 2641 293 || mode=RB method=sk_ac_avg solver=filo1 stage=post_ls ls=pyvrp iter=7
2026-03-15 22:22:15 | INFO     | [POOL #00672] 139 3036 3146 695 1228 2973 436 2759 733 1235 185 1012 976 2005 1593 255 2030 1701 1392 2094 1122 3192 || mode=RB method=sk_ac_avg solver=filo1 stage=post_ls ls=pyvrp iter=7
2026-03-15 22:22:15 | INFO     | [POOL #00673] 1287 2539 1246 3052 2594 1339 1736 2263 276 39 2136 2419 12 1104 1066 2633 2011 528 1304 2830 2048 214 263 1855 || mode=RB method=sk_ac_avg solver=filo1 stage=post_ls ls=pyvrp iter=7
2026-03-15 22:22:15 | INFO     | [POOL #00674] 595 1950 2010 763 2484 3014 718 2947 2303 631 2483 1180 2453 710 1272 1717 2597 1579 2447 1622 2049 1311 2886 1007 2905 2444 29 1813 1112 1406 || mode=RB method=sk_ac_avg solver=filo1 stage=post_ls ls=pyvrp iter=7
2026-03-15 22:22:15 | INFO     | [POOL #00675] 316 1316 2667 3024 2116 2745 1656 811 1026 1780 1423 1894 2152 3010 476 2401 1290 2248 1669 2675 1063 2841 2247 547 1571 776 2001 2020 2924 2274 2389 839 || mode=RB method=sk_ac_avg solver=filo1 stage=post_ls ls=pyvrp iter=7
2026-03-15 22:22:15 | INFO     | [POOL #00676] 2151 1771 207 2785 3215 1607 3150 2186 678 333 2781 2398 878 1829 1183 1142 1050 2985 1457 1960 1688 1678 2618 1846 383 || mode=RB method=sk_ac_avg solver=filo1 stage=post_ls ls=pyvrp iter=7
2026-03-15 22:22:15 | INFO     | [POOL #00677] 467 2944 2771 73 1835 2812 846 1617 3156 589 1328 2881 1759 8 881 1389 3106 1715 758 1714 264 1219 1956 553 761 1148 || mode=RB method=sk_ac_avg solver=filo1 stage=post_ls ls=pyvrp iter=7
2026-03-15 22:22:15 | INFO     | [POOL #00678] 2489 398 719 1351 1979 1918 3163 2064 249 2892 3013 1073 3043 202 2666 400 444 2009 3126 626 2646 879 2293 2013 2402 || mode=RB method=sk_ac_avg solver=filo1 stage=post_ls ls=pyvrp iter=7
2026-03-15 22:22:15 | INFO     | [POOL #00679] 209 607 367 1113 1446 2132 975 2612 1062 2428 403 1300 2294 882 653 2704 3055 343 2510 3107 2337 1400 1525 2620 36 2436 1684 53 || mode=RB method=sk_ac_avg solver=filo1 stage=post_ls ls=pyvrp iter=7
2026-03-15 22:22:15 | INFO     | [POOL #00680] 1910 1683 1743 351 299 1767 638 3183 1465 2876 3235 2519 2328 261 686 2614 1840 834 1108 1854 2807 1451 1333 2137 2554 2930 1302 || mode=RB method=sk_ac_avg solver=filo1 stage=post_ls ls=pyvrp iter=7
2026-03-15 22:22:15 | INFO     | [POOL #00681] 2937 1324 2070 3194 1275 2150 2983 1132 2415 1852 1943 177 1367 1887 2671 1561 2919 280 2974 2199 151 2208 2580 1123 3023 552 102 || mode=RB method=sk_ac_avg solver=filo1 stage=post_ls ls=pyvrp iter=7
2026-03-15 22:22:15 | INFO     | [POOL #00682] 100 2183 1782 1765 88 2791 1506 1267 2295 2196 1288 369 1914 2833 3017 1218 104 1046 2869 1711 181 1 350 1106 1899 1186 51 2970 2662 792 1162 2062 892 3057 || mode=RB method=sk_ac_avg solver=filo1 stage=post_ls ls=pyvrp iter=7
2026-03-15 22:22:15 | INFO     | [POOL #00683] 379 526 2380 3224 1143 955 1723 86 2651 2687 627 1116 714 1858 1857 3068 2709 3065 768 636 1383 341 || mode=RB method=sk_ac_avg solver=filo1 stage=post_ls ls=pyvrp iter=7
2026-03-15 22:22:15 | INFO     | [POOL #00684] 2316 2778 1859 588 1216 1477 1254 156 196 809 1077 1487 1795 1828 1672 800 1933 837 1792 2777 429 2867 162 3141 1664 154 || mode=RB method=sk_ac_avg solver=filo1 stage=post_ls ls=pyvrp iter=7
2026-03-15 22:22:15 | INFO     | [POOL #00685] 3158 2731 1097 752 789 1448 1535 1369 566 1864 2696 3136 2894 608 2061 614 58 1135 2708 3139 1281 1031 1587 1827 2903 1608 2487 1247 1168 1632 2340 || mode=RB method=sk_ac_avg solver=filo1 stage=post_ls ls=pyvrp iter=7
2026-03-15 22:22:15 | INFO     | [POOL #00686] 2141 1874 835 2283 1494 2883 123 2832 795 2044 272 1276 2320 2603 644 1295 2407 541 421 368 982 871 1884 || mode=RB method=sk_ac_avg solver=filo1 stage=post_ls ls=pyvrp iter=7
2026-03-15 22:22:15 | INFO     | [POOL #00687] 2269 652 1206 2352 174 3029 1786 917 2656 1569 1320 2246 2644 2108 3177 2092 1698 1270 3079 1511 824 || mode=RB method=sk_ac_avg solver=filo1 stage=post_ls ls=pyvrp iter=7
2026-03-15 22:22:15 | INFO     | [POOL #00688] 2918 2504 1773 153 618 163 2926 3153 2252 427 2765 1301 826 2726 979 950 1262 2844 2271 2418 1601 2647 200 2798 || mode=RB method=sk_ac_avg solver=filo1 stage=post_ls ls=pyvrp iter=7
2026-03-15 22:22:15 | INFO     | [POOL #00689] 2549 1578 870 144 1279 2513 3120 1048 1497 712 1100 2749 1926 1020 2022 1265 1257 399 284 745 79 2959 199 1624 1387 731 3071 2593 908 2559 2739 1214 || mode=RB method=sk_ac_avg solver=filo1 stage=post_ls ls=pyvrp iter=7
2026-03-15 22:22:15 | INFO     | [POOL #00690] 2449 2144 1482 692 1837 2088 1091 791 2979 1083 1801 937 2808 1115 382 527 2506 1640 2160 2650 797 1533 166 394 || mode=RB method=sk_ac_avg solver=filo1 stage=post_ls ls=pyvrp iter=7
2026-03-15 22:22:15 | INFO     | [POOL #00691] 1781 662 2387 622 1997 747 1417 3203 993 2913 600 3147 2304 2849 874 905 1018 178 2653 1946 1131 2541 || mode=RB method=sk_ac_avg solver=filo1 stage=post_ls ls=pyvrp iter=7
2026-03-15 22:22:15 | INFO     | [POOL #00692] 1138 3067 2434 2642 2426 1442 2843 2590 35 1663 2939 356 330 764 2692 3144 1273 907 818 3066 2981 2394 || mode=RB method=sk_ac_avg solver=filo1 stage=post_ls ls=pyvrp iter=7
2026-03-15 22:22:15 | INFO     | [POOL #00693] 2373 2127 152 335 783 746 1862 781 1181 75 182 2172 1727 1529 2130 1909 278 548 1220 2040 1060 886 1591 2962 179 1928 || mode=RB method=sk_ac_avg solver=filo1 stage=post_ls ls=pyvrp iter=7
2026-03-15 22:22:15 | INFO     | [POOL #00694] 3137 65 963 2072 1431 347 2374 2084 397 657 3002 980 702 1772 1458 2721 1639 2332 2536 2256 1210 1725 3009 1611 1159 2529 223 2728 1802 || mode=RB method=sk_ac_avg solver=filo1 stage=post_ls ls=pyvrp iter=7
2026-03-15 22:22:15 | INFO     | [POOL #00695] 2576 2763 2421 582 1930 2090 112 3040 803 405 1588 1972 558 22 1348 3237 43 2681 1493 2128 912 489 1081 2512 1604 2861 532 1178 2511 1596 1577 788 || mode=RB method=sk_ac_avg solver=filo1 stage=post_ls ls=pyvrp iter=7
2026-03-15 22:22:15 | INFO     | [POOL #00696] 2103 584 2936 1890 488 98 3026 3191 1237 1694 2101 2310 1618 2873 1824 1253 1190 1510 2439 2795 1089 1269 910 2774 62 || mode=RB method=sk_ac_avg solver=filo1 stage=post_ls ls=pyvrp iter=7
2026-03-15 22:22:15 | INFO     | [POOL #00697] 447 290 2531 2210 604 985 1992 370 495 1892 654 1565 175 2909 487 1654 2059 2442 3005 1194 2325 3165 || mode=RB method=sk_ac_avg solver=filo1 stage=post_ls ls=pyvrp iter=7
2026-03-15 22:22:15 | INFO     | [POOL #00698] 2615 978 999 2688 3221 1310 2718 2377 3227 1485 2713 984 1676 311 615 328 667 1481 2664 1794 2761 1900 1278 2200 78 2846 387 1226 2235 1722 || mode=RB method=sk_ac_avg solver=filo1 stage=post_ls ls=pyvrp iter=7
2026-03-15 22:22:15 | INFO     | [POOL #00699] 85 2202 189 2850 1266 2240 2537 715 2477 490 517 2560 1145 2345 2435 1917 3176 169 587 1080 1051 1612 727 124 3030 || mode=RB method=sk_ac_avg solver=filo1 stage=post_ls ls=pyvrp iter=7
2026-03-15 22:22:15 | INFO     | [POOL #00700] 1776 220 2244 1803 1564 1461 1606 3175 2998 734 2112 807 1382 852 663 1526 1563 1798 3093 545 2362 149 109 1649 3042 2335 385 147 554 269 577 841 || mode=RB method=sk_ac_avg solver=filo1 stage=post_ls ls=pyvrp iter=7
2026-03-15 22:22:15 | INFO     | [POOL #00701] 283 943 2314 1848 2906 1860 1199 1567 470 2578 779 2036 2093 2574 360 1643 1086 2941 2557 592 281 2276 3015 || mode=RB method=sk_ac_avg solver=filo1 stage=post_ls ls=pyvrp iter=7
2026-03-15 22:22:15 | INFO     | [POOL #00702] 612 2538 1517 2562 2579 2736 777 1057 2877 497 1151 1670 2381 1850 134 1004 3012 1340 2025 1430 939 2305 2315 3145 2230 || mode=RB method=sk_ac_avg solver=filo1 stage=post_ls ls=pyvrp iter=7
2026-03-15 22:22:15 | INFO     | [POOL #00703] 2080 2825 2143 2658 1804 1064 1845 248 948 302 2157 836 190 1473 1675 1044 2896 2665 || mode=RB method=sk_ac_avg solver=filo1 stage=post_ls ls=pyvrp iter=7
2026-03-15 22:22:15 | INFO     | [POOL #00704] 2796 3239 1466 1006 1488 2311 1573 1728 2670 1042 2884 509 2824 934 1969 2056 3128 2457 1437 1597 2187 2486 1299 2055 2076 1243 2764 1319 1263 60 2975 167 || mode=RB method=sk_ac_avg solver=filo1 stage=post_ls ls=pyvrp iter=7
2026-03-15 22:22:15 | INFO     | [POOL #00705] 1372 2702 1674 2107 1412 1438 2800 2818 753 516 1467 1619 2929 303 128 2045 1927 2679 329 3086 2628 2008 2448 2270 || mode=RB method=sk_ac_avg solver=filo1 stage=post_ls ls=pyvrp iter=7
2026-03-15 22:22:15 | INFO     | [POOL #00706] 635 1016 3234 829 2882 362 1613 2065 1911 741 2690 954 2700 810 1321 2427 1469 3038 1326 2793 3109 2189 2863 3080 332 2135 3008 2608 2277 || mode=RB method=sk_ac_avg solver=filo1 stage=post_ls ls=pyvrp iter=7
2026-03-15 22:22:15 | INFO     | [POOL #00707] 1370 2440 2595 2197 485 2365 510 389 2250 3184 1479 2698 2016 580 3073 2289 2043 2219 1738 1082 1898 468 1610 3230 1144 576 1475 1881 || mode=RB method=sk_ac_avg solver=filo1 stage=post_ls ls=pyvrp iter=7
2026-03-15 22:22:15 | INFO     | [POOL #00708] 2473 1283 364 3155 3152 1756 2017 1388 2526 740 2859 1384 919 1160 1616 924 2604 1329 610 412 496 203 2790 1935 586 987 1422 1554 2779 3198 || mode=RB method=sk_ac_avg solver=filo1 stage=post_ls ls=pyvrp iter=7
2026-03-15 22:22:15 | INFO     | [POOL #00709] 794 1940 1548 267 2082 2222 1075 3105 2627 728 1623 2535 2014 1167 2589 1602 1441 1146 1200 2598 386 3007 3062 1697 1816 3076 1325 1398 2724 || mode=RB method=sk_ac_avg solver=filo1 stage=post_ls ls=pyvrp iter=7
2026-03-15 22:22:15 | INFO     | [POOL #00710] 709 2181 2474 2391 2217 2339 2775 2837 668 176 2412 2124 168 296 2624 2313 1399 2334 3159 1378 906 3048 3119 2977 3122 1170 2323 2021 345 || mode=RB method=sk_ac_avg solver=filo1 stage=post_ls ls=pyvrp iter=7
2026-03-15 22:22:15 | INFO     | [POOL #00711] 1502 2527 2446 2980 3064 2180 483 863 165 1755 2179 1358 974 292 780 2255 1984 1721 1904 1733 754 331 23 2204 2561 1796 || mode=RB method=sk_ac_avg solver=filo1 stage=post_ls ls=pyvrp iter=7
2026-03-15 22:22:15 | INFO     | [POOL #00712] 1165 2347 3060 556 2551 125 573 2568 1499 2950 111 1543 2458 1939 2607 3037 1735 967 1871 2517 2472 2720 18 890 402 1014 1121 || mode=RB method=sk_ac_avg solver=filo1 stage=post_ls ls=pyvrp iter=7
2026-03-15 22:22:15 | INFO     | [POOL #00713] 2868 3210 2118 2249 1038 888 2864 3045 1137 694 793 2344 1037 66 2466 2027 1021 2467 854 1408 1268 465 273 2275 898 921 323 3078 3193 1647 2493 3171 204 || mode=RB method=sk_ac_avg solver=filo1 stage=post_ls ls=pyvrp iter=7
2026-03-15 22:22:15 | INFO     | [POOL #00714] 2754 926 3143 380 265 2450 838 813 2299 1572 2012 419 324 2038 2231 1189 1163 2534 1557 1953 3063 1090 601 1362 184 960 3167 346 2540 || mode=RB method=sk_ac_avg solver=filo1 stage=post_ls ls=pyvrp iter=7
2026-03-15 22:22:15 | INFO     | [POOL #00715] 642 798 414 2734 518 2672 828 1931 2748 3075 3077 1581 210 1074 1118 1404 1501 1444 3178 115 2874 899 755 1734 2789 227 2024 || mode=RB method=sk_ac_avg solver=filo1 stage=post_ls ls=pyvrp iter=7
2026-03-15 22:22:15 | INFO     | [POOL #00716] 2063 446 2003 1522 819 2182 424 913 1983 2385 1650 2986 966 2636 2213 598 2703 1821 639 2719 420 656 757 482 1314 1924 640 1450 2214 1390 || mode=RB method=sk_ac_avg solver=filo1 stage=post_ls ls=pyvrp iter=7
2026-03-15 22:22:15 | INFO     | [POOL #00717] 2813 1312 2147 2286 443 1700 1093 2923 820 551 2811 2810 823 13 515 2119 2631 1222 1204 1468 1550 2571 1993 1241 1586 1764 2251 2956 2978 1951 981 1729 1095 || mode=RB method=sk_ac_avg solver=filo1 stage=post_ls ls=pyvrp iter=7
2026-03-15 22:22:15 | INFO     | [POOL #00718] 599 725 2317 1306 3103 2237 2351 2050 2399 2372 2960 2067 970 3111 67 2957 1427 3180 2723 1851 514 1449 2740 894 2995 2166 1152 || mode=RB method=sk_ac_avg solver=filo1 stage=post_ls ls=pyvrp iter=7
2026-03-15 22:22:15 | INFO     | [POOL #00719] 2862 2922 25 1221 1878 1025 1334 751 1460 1660 1882 3084 1516 1645 3207 1231 1810 2292 3104 479 530 258 1908 1385 1418 3148 2514 471 || mode=RB method=sk_ac_avg solver=filo1 stage=post_ls ls=pyvrp iter=7
2026-03-15 22:22:15 | INFO     | [POOL #00720] 3174 2126 605 1987 431 322 1682 3226 2888 832 2396 486 241 997 925 2602 1405 94 956 3217 2856 2914 1201 2591 3238 298 3233 1757 2156 || mode=RB method=sk_ac_avg solver=filo1 stage=post_ls ls=pyvrp iter=7
2026-03-15 22:22:15 | INFO     | [POOL #00721] 376 1068 3209 448 590 1705 1758 433 2382 2117 103 1568 1368 239 1105 3087 1040 2319 2085 703 186 2968 1084 2680 2707 2746 257 2239 || mode=RB method=sk_ac_avg solver=filo1 stage=post_ls ls=pyvrp iter=7
2026-03-15 22:22:15 | INFO     | [POOL #00722] 1322 574 2987 1732 972 858 1954 450 256 87 655 222 756 1677 689 1463 3028 1879 388 2567 52 135 1636 || mode=RB method=sk_ac_avg solver=filo1 stage=post_ls ls=pyvrp iter=7
2026-03-15 22:22:15 | INFO     | [POOL #00723] 1492 675 2835 1261 2242 3110 2479 3173 620 2816 2585 2782 1130 2860 340 1217 877 2193 70 891 2997 3187 || mode=RB method=sk_ac_avg solver=filo1 stage=post_ls ls=pyvrp iter=7
2026-03-15 22:22:15 | INFO     | [POOL #00724] 1913 1532 432 1820 744 1761 579 314 1585 2822 2609 1625 909 1203 916 513 2949 845 2611 157 3202 2301 || mode=RB method=sk_ac_avg solver=filo1 stage=post_ls ls=pyvrp iter=7
2026-03-15 22:22:15 | INFO     | [POOL #00725] 2366 455 1119 2668 187 120 2321 1076 632 2409 2400 305 2797 1605 1289 2148 2640 2034 1582 3129 2804 428 2125 2659 || mode=RB method=sk_ac_avg solver=filo1 stage=post_ls ls=pyvrp iter=7
2026-03-15 22:22:15 | INFO     | [POOL #00726] 3095 2752 2463 942 74 2916 2879 1155 217 883 3069 859 2078 391 93 575 2481 1915 1341 2842 1041 1480 234 1553 40 3160 603 1403 2279 1551 || mode=RB method=sk_ac_avg solver=filo1 stage=post_ls ls=pyvrp iter=7
2026-03-15 22:22:15 | INFO     | [POOL #00727] 1166 3225 1989 2741 2228 1747 2425 2224 701 1357 262 155 995 2476 1171 2870 649 484 3019 1648 1205 2654 301 2113 1052 1584 2392 628 2443 2648 || mode=RB method=sk_ac_avg solver=filo1 stage=post_ls ls=pyvrp iter=7
2026-03-15 22:22:15 | INFO     | [POOL #00728] 1751 2302 1787 375 2619 1731 1169 3108 805 3206 1994 1017 3228 24 570 853 3186 1224 1323 616 481 1413 2515 || mode=RB method=sk_ac_avg solver=filo1 stage=post_ls ls=pyvrp iter=7
2026-03-15 22:22:15 | INFO     | [POOL #00729] 3196 1337 1454 1797 2089 2596 2478 401 860 2041 235 2623 1631 2676 2215 2254 2190 1053 2948 951 1877 2834 1552 407 2845 1841 1873 3049 || mode=RB method=sk_ac_avg solver=filo1 stage=post_ls ls=pyvrp iter=7
2026-03-15 22:22:15 | INFO     | [POOL #00730] 2257 2035 491 1775 1812 2865 1192 440 1815 765 1651 2738 693 1981 439 2853 825 1360 430 1114 2338 1471 796 416 1870 48 91 3033 76 2756 506 188 || mode=RB method=sk_ac_avg solver=filo1 stage=post_ls ls=pyvrp iter=7
2026-03-15 22:22:15 | INFO     | [POOL #00731] 1988 2497 295 1355 2098 4 107 1902 647 395 1866 2502 453 1562 2281 1768 2234 2801 2459 1191 2645 2523 1019 2414 1706 1707 2384 817 381 2722 1638 1223 505 2577 || mode=RB method=sk_ac_avg solver=filo1 stage=post_ls ls=pyvrp iter=7
2026-03-15 22:22:15 | INFO     | [POOL #00732] 559 1177 633 1746 1753 643 1133 2940 2367 41 952 1071 774 219 1478 3133 377 684 1470 3000 193 2499 563 1973 787 2218 || mode=RB method=sk_ac_avg solver=filo1 stage=post_ls ls=pyvrp iter=7
2026-03-15 22:22:15 | INFO     | [POOL #00733] 3214 2809 2280 866 449 2236 2630 1891 92 2405 1244 2991 992 583 344 904 417 54 1844 3088 544 2901 2033 2819 931 2600 2354 520 1013 1139 || mode=RB method=sk_ac_avg solver=filo1 stage=post_ls ls=pyvrp iter=7
2026-03-15 22:22:15 | INFO     | [POOL #00734] 525 2164 2422 1309 2273 1839 2307 451 2416 699 142 3222 2245 1629 1335 277 804 1330 1291 357 1187 2266 2058 457 1395 1912 3113 2348 2660 867 2848 704 || mode=RB method=sk_ac_avg solver=filo1 stage=post_ls ls=pyvrp iter=7
2026-03-15 22:22:15 | INFO     | [POOL #00735] 2967 198 1566 2917 2153 2858 1865 1659 2455 2750 1658 2566 1880 1872 522 3130 2155 1061 2725 1248 2336 1592 1126 3011 2498 359 2871 1179 2706 2639 || mode=RB method=sk_ac_avg solver=filo1 stage=post_ls ls=pyvrp iter=7
2026-03-15 22:22:15 | INFO     | [POOL #00736] 110 2171 2717 1996 363 958 2583 920 2343 1379 2699 1175 2678 2655 1885 2194 2342 700 565 2501 630 1349 683 3058 1876 1800 77 2359 44 2205 897 786 1245 2697 || mode=RB method=sk_ac_avg solver=filo1 stage=post_ls ls=pyvrp iter=7
2026-03-15 22:22:15 | INFO     | [POOL #00737] 698 1830 1225 1428 310 571 2572 2109 3059 411 1456 1495 81 423 772 96 1545 136 2423 1443 1932 1284 1524 1518 609 2601 2268 2420 246 || mode=RB method=sk_ac_avg solver=filo1 stage=post_ls ls=pyvrp iter=7
2026-03-15 22:22:15 | INFO     | [POOL #00738] 3081 143 1028 2753 321 1015 463 2099 802 535 1652 108 297 1763 1826 1998 3032 1346 413 808 2701 1371 473 1521 126 1842 2023 1869 790 462 512 130 2694 3094 461 || mode=RB method=sk_ac_avg solver=filo1 stage=post_ls ls=pyvrp iter=7
2026-03-15 22:22:15 | INFO     | [POOL #00739] 3223 326 1047 682 2955 353 1962 2872 2760 1955 456 1777 651 2327 1626 2635 2170 1445 42 1110 2787 2272 2333 2885 1901 || mode=RB method=sk_ac_avg solver=filo1 stage=post_ls ls=pyvrp iter=7
2026-03-15 22:22:15 | INFO     | [POOL #00740] 2290 396 3031 3025 2715 1868 19 1549 1069 1436 2404 778 122 355 2145 3168 2685 560 2663 2629 1277 1668 33 286 816 46 938 1641 1853 2799 550 1474 706 || mode=RB method=sk_ac_avg solver=filo1 stage=post_ls ls=pyvrp iter=7
2026-03-15 22:22:15 | INFO     | [POOL #00741] 2533 475 1092 1350 2308 1120 2369 2411 1977 2454 1515 1260 750 271 648 2669 2904 2902 1513 2203 1689 1519 1094 3118 650 930 2028 681 || mode=RB method=sk_ac_avg solver=filo1 stage=post_ls ls=pyvrp iter=7
2026-03-15 22:22:15 | INFO     | [POOL #00742] 2032 2508 2839 1863 2927 240 1679 1055 830 460 1296 849 452 1136 670 2972 1036 2928 1942 2817 445 1754 1033 1274 676 2262 1317 1377 || mode=RB method=sk_ac_avg solver=filo1 stage=post_ls ls=pyvrp iter=7
2026-03-15 22:22:15 | INFO     | [POOL #00743] 1411 968 1661 1671 1702 3116 338 868 30 173 2898 2161 366 2503 2349 843 2710 61 1307 466 3074 2360 773 529 784 1558 1313 2889 543 || mode=RB method=sk_ac_avg solver=filo1 stage=post_ls ls=pyvrp iter=7
2026-03-15 22:22:15 | INFO     | [POOL #00744] 307 1161 358 266 2494 2743 231 875 2368 1594 118 3102 2544 3169 594 17 775 1739 205 1589 1976 1559 2431 159 687 49 1258 546 2546 3115 1657 3218 || mode=RB method=sk_ac_avg solver=filo1 stage=post_ls ls=pyvrp iter=7
2026-03-15 22:22:15 | INFO     | [POOL #00745] 1375 2052 15 851 1666 327 1195 1724 3112 1945 2287 1056 2475 3205 2827 1785 855 1662 880 1922 531 2912 996 2910 2100 666 2943 2755 || mode=RB method=sk_ac_avg solver=filo1 stage=post_ls ls=pyvrp iter=7
2026-03-15 22:22:15 | INFO     | [POOL #00746] 3132 2485 313 500 119 1948 121 2393 1941 1974 192 519 2356 542 1888 1087 3138 1952 1158 2490 801 2006 1211 1102 1718 998 || mode=RB method=sk_ac_avg solver=filo1 stage=post_ls ls=pyvrp iter=7
2026-03-15 22:22:15 | INFO     | [POOL #00747] 1029 69 2553 2751 2683 250 1343 2686 2018 2772 1109 2935 1570 3083 2556 1598 101 1483 2185 3172 2123 3125 1327 864 82 170 2996 1027 || mode=RB method=sk_ac_avg solver=filo1 stage=post_ls ls=pyvrp iter=7
2026-03-15 22:22:15 | INFO     | [POOL #00748] 1546 1096 568 253 1280 31 2491 557 133 378 748 3061 288 2175 3220 1366 2282 1147 1156 422 1157 2162 2096 1741 1045 762 1298 1905 || mode=RB method=sk_ac_avg solver=filo1 stage=post_ls ls=pyvrp iter=7
2026-03-15 22:22:15 | INFO     | [POOL #00749] 1353 2934 1035 1600 2951 2780 1232 3201 10 724 2452 2298 1971 2403 1196 348 821 1673 2581 1292 2555 1440 822 1236 2737 3047 2952 2505 406 1642 3182 961 || mode=RB method=sk_ac_avg solver=filo1 stage=post_ls ls=pyvrp iter=7
2026-03-15 22:22:15 | INFO     | [POOL #00750] 2430 183 197 2220 1140 2110 2000 309 862 903 2982 1760 3117 237 977 1726 2625 771 2029 3189 2507 3020 2139 3142 1806 || mode=RB method=sk_ac_avg solver=filo1 stage=post_ls ls=pyvrp iter=7
2026-03-15 22:22:15 | INFO     | [POOL #00751] 216 2963 1185 2169 83 2195 889 597 2727 469 1778 6 2988 2966 760 2545 1229 2518 2976 2495 1646 2735 1173 3200 435 782 2575 677 1633 || mode=RB method=sk_ac_avg solver=filo1 stage=post_ls ls=pyvrp iter=7
2026-03-15 22:22:15 | INFO     | [POOL #00752] 1394 137 1762 1363 2413 869 2375 2899 1373 671 242 1009 90 1164 1906 3236 1687 971 2776 2994 21 37 146 1433 || mode=RB method=sk_ac_avg solver=filo1 stage=post_ls ls=pyvrp iter=7
2026-03-15 22:22:15 | INFO     | [POOL #00753] 1345 1708 2285 2638 1696 464 2037 2520 3131 1256 1750 294 2747 3050 392 2634 2176 254 767 1030 1713 3204 336 885 965 2548 922 2836 2083 743 || mode=RB method=sk_ac_avg solver=filo1 stage=post_ls ls=pyvrp iter=7
2026-03-15 22:22:15 | INFO     | [POOL #00754] 679 212 1085 713 3022 3056 1790 2329 672 3162 3197 1817 1836 372 1439 7 2026 1264 1381 1010 1791 929 2661 1537 1745 940 533 1590 2990 1825 || mode=RB method=sk_ac_avg solver=filo1 stage=post_ls ls=pyvrp iter=7
2026-03-15 22:22:15 | INFO     | [POOL #00755] 1982 285 1886 623 2207 1347 2149 2468 2814 1002 225 418 2188 1005 844 2993 659 1536 2543 2821 539 989 2068 437 1354 2965 2097 2532 1072 2584 1455 785 2999 || mode=RB method=sk_ac_avg solver=filo1 stage=post_ls ls=pyvrp iter=7
2026-03-15 22:22:15 | INFO     | [POOL #00756] 3121 1831 2744 2066 228 2857 562 1766 1318 243 799 1127 1462 504 1472 3151 1286 1834 1103 493 233 2159 477 2074 || mode=RB method=sk_ac_avg solver=filo1 stage=post_ls ls=pyvrp iter=7
2026-03-15 22:22:15 | INFO     | [POOL #00757] 1486 2565 224 1250 1547 1923 1934 2931 1285 2437 1947 1919 472 274 1849 3006 707 3100 2712 661 1416 1615 1936 1703 953 1959 959 1509 2933 393 2570 84 840 161 1774 1893 1814 || mode=RB method=sk_ac_avg solver=filo1 stage=post_ls ls=pyvrp iter=7
2026-03-15 22:22:15 | INFO     | [POOL #00758] 2417 3211 2971 2260 2326 621 2177 415 1344 1807 2115 1770 2587 1990 2695 259 1198 2051 1752 1628 1419 1695 2288 1022 1693 901 34 1453 2757 1332 || mode=RB method=sk_ac_avg solver=filo1 stage=post_ls ls=pyvrp iter=7
2026-03-15 22:22:15 | INFO     | [POOL #00759] 848 3240 561 1744 1822 2174 2106 2300 306 3097 1303 492 2209 1944 2102 2673 2992 3219 2361 260 2806 1712 3101 2129 2677 1889 211 2378 2542 2840 2569 2711 2259 806 1895 97 1907 || mode=RB method=sk_ac_avg solver=filo1 stage=post_ls ls=pyvrp iter=7
2026-03-15 22:22:15 | INFO     | [POOL #00760] 1730 2031 1504 2388 932 1153 2241 641 2938 3185 923 1896 1897 591 962 2610 1925 1991 739 229 1574 1202 408 2191 1805 2525 116 || mode=RB method=sk_ac_avg solver=filo1 stage=post_ls ls=pyvrp iter=7
2026-03-15 22:22:15 | INFO     | [POOL #00761] 1883 1352 478 352 508 2408 160 3154 1207 337 2441 354 45 2460 148 502 2895 1978 2306 2073 2953 537 536 850 2552 2355 1595 342 1184 1331 831 3179 2626 1799 637 || mode=RB method=sk_ac_avg solver=filo1 stage=post_ls ls=pyvrp iter=7
2026-03-15 22:22:15 | INFO     | [POOL #00762] 2390 1975 1838 3170 736 2767 2605 2573 2900 1627 238 617 2350 1117 3001 711 534 279 730 1575 3092 1111 549 669 585 2826 1690 1920 613 3003 || mode=RB method=sk_ac_avg solver=filo1 stage=post_ls ls=pyvrp iter=7
2026-03-15 22:22:15 | INFO     | [POOL #00763] 717 1556 1125 3099 2564 2456 1609 1614 3072 2163 16 2238 759 680 895 3039 1188 983 1833 2243 2637 2599 1621 1861 441 645 || mode=RB method=sk_ac_avg solver=filo1 stage=post_ls ls=pyvrp iter=7
2026-03-15 22:22:15 | INFO     | [POOL #00764] 1255 64 523 1049 2969 1294 3124 1809 893 3034 1078 2322 1784 2616 749 1336 1691 2111 722 317 2643 1209 2192 2470 1386 1637 1576 2370 || mode=RB method=sk_ac_avg solver=filo1 stage=post_ls ls=pyvrp iter=7
2026-03-15 22:22:15 | INFO     | [POOL #00765] 308 3229 3208 2733 2406 2762 1128 2522 1665 2120 2429 2104 2173 723 2558 2140 2742 20 833 2232 964 812 2716 106 697 1429 2346 1234 3213 2880 371 || mode=RB method=sk_ac_avg solver=filo1 stage=post_ls ls=pyvrp iter=7
2026-03-15 22:22:15 | INFO     | [POOL #00766] 1823 1008 1208 3166 1916 1024 2410 339 1520 474 708 1503 2500 1447 3053 842 3123 2684 315 1635 1692 3134 2964 1560 2462 2945 11 132 1530 28 1174 1819 || mode=RB method=sk_ac_avg solver=filo1 stage=post_ls ls=pyvrp iter=7
2026-03-15 22:22:15 | INFO     | [POOL #00767] 3096 1523 2364 1308 1459 172 1415 2770 2890 2079 2081 1414 425 131 593 1098 625 1634 742 1420 3091 902 1079 2007 2911 1748 2521 2233 3135 815 || mode=RB method=sk_ac_avg solver=filo1 stage=post_ls ls=pyvrp iter=7
2026-03-15 22:22:15 | INFO     | [POOL #00768] 3212 2488 2167 1583 1903 2550 578 2632 1490 195 291 2057 1965 244 2730 1742 3098 2226 1233 2225 2786 873 3181 2091 1966 935 705 2122 1421 1149 || mode=RB method=sk_ac_avg solver=filo1 stage=post_ls ls=pyvrp iter=7
2026-03-15 22:22:15 | INFO     | [POOL #00769] 3199 1680 1364 2482 2114 726 957 538 1534 1099 2261 1407 80 194 2783 1938 511 268 2815 2379 1783 2769 1393 390 986 1032 2851 || mode=RB method=sk_ac_avg solver=filo1 stage=post_ls ls=pyvrp iter=7
2026-03-15 22:22:15 | INFO     | [POOL #00770] 2324 1811 1182 2657 619 3216 876 3231 201 2823 2229 2395 2773 1213 2284 2582 664 1101 2803 1505 2961 928 1251 602 3 2211 814 113 1489 2432 1500 410 1542 569 || mode=RB method=sk_ac_avg solver=filo1 stage=post_ls ls=pyvrp iter=7
2026-03-15 22:22:15 | INFO     | [POOL #00771] 1709 3190 27 374 1544 944 2524 1964 1154 969 2142 14 507 1507 2469 1620 2253 2019 918 1230 3021 1818 2357 129 3157 458 1293 1410 2168 1315 887 1000 || mode=RB method=sk_ac_avg solver=filo1 stage=post_ls ls=pyvrp iter=7
2026-03-15 22:22:15 | INFO     | [POOL #00772] 914 2042 947 1630 2291 861 1227 2004 127 1512 2069 1808 2464 2376 1282 501 1424 691 1527 270 1391 2766 3090 1011 685 2852 720 || mode=RB method=sk_ac_avg solver=filo1 stage=post_ls ls=pyvrp iter=7
2026-03-15 22:22:15 | INFO     | [POOL #00773] 896 827 2682 1058 2768 2829 1359 158 1968 2077 2649 3127 334 1685 215 1239 1356 319 1603 1980 1686 2954 2920 2878 2318 95 47 524 1963 || mode=RB method=sk_ac_avg solver=filo1 stage=post_ls ls=pyvrp iter=7
2026-03-15 22:22:15 | INFO     | [POOL #00774] 941 2386 3188 141 72 3149 2353 1193 2131 454 2942 1376 634 3164 221 2509 1259 2071 105 373 55 365 1555 312 2592 384 1380 150 2946 1961 || mode=RB method=sk_ac_avg solver=filo1 stage=post_ls ls=pyvrp iter=7
2026-03-15 22:22:15 | INFO     | [POOL #00775] 2138 318 2932 1749 2267 2547 503 1172 2341 2451 2792 1252 1681 2802 71 1212 2330 2820 1967 1580 2258 1124 555 690 || mode=RB method=sk_ac_avg solver=filo1 stage=post_ls ls=pyvrp iter=7
2026-03-15 22:22:15 | INFO     | [POOL #00776] 99 442 1929 927 946 1365 1070 2897 915 213 1491 770 2492 564 2438 1719 2528 50 2039 1425 1496 247 1034 2875 2054 232 3046 973 2847 2309 2461 1498 || mode=RB method=sk_ac_avg solver=filo1 stage=post_ls ls=pyvrp iter=7
2026-03-15 22:22:15 | INFO     | [POOL #00777] 2908 2060 180 2588 1655 236 1737 658 3054 1452 208 2516 2855 1540 3027 1065 3004 164 252 282 289 2828 2433 2465 729 320 245 || mode=RB method=sk_ac_avg solver=filo1 stage=post_ls ls=pyvrp iter=7
2026-03-15 22:22:15 | INFO     | [POOL #00778] 2397 2383 114 1788 300 1240 2563 611 2674 2296 498 1720 26 2729 991 521 56 2198 325 3070 1297 3114 2915 140 3089 2887 2363 5 3082 1396 2693 2201 9 732 2053 1484 || mode=RB method=sk_ac_avg solver=filo1 stage=post_ls ls=pyvrp iter=7
2026-03-15 22:22:15 | INFO     | [POOL #00779] 572 2617 1039 1374 1397 2227 2121 1129 2893 1238 349 2264 1401 251 735 171 2445 2146 2831 1242 1958 2046 1538 1539 138 499 1779 1832 900 624 1789 1434 2371 287 1305 || mode=RB method=sk_ac_avg solver=filo1 stage=post_ls ls=pyvrp iter=7
2026-03-15 22:22:15 | INFO     | [POOL #00780] 117 434 2184 38 3044 872 2178 2838 2907 2133 2095 2652 2158 1531 1699 766 990 2015 1176 1409 1740 1197 1054 1528 1067 1476 2165 || mode=RB method=sk_ac_avg solver=filo1 stage=post_ls ls=pyvrp iter=7
2026-03-15 22:22:15 | INFO     | [POOL #00781] 3051 1141 480 226 2530 2212 857 1769 716 2586 2758 994 1875 2424 494 2105 3085 1937 275 936 1271 596 2075 || mode=RB method=sk_ac_avg solver=filo1 stage=post_ls ls=pyvrp iter=7
2026-03-15 22:22:15 | INFO     | [POOL #00782] 3051 1194 3005 2442 2059 2909 487 1654 1377 1317 2262 676 1274 1033 1754 445 1296 849 460 830 1055 1679 452 240 2927 1863 2839 2508 2032 2331 || mode=RB method=sk_kmeans solver=pyvrp stage=post_ls ls=pyvrp iter=8
2026-03-15 22:22:15 | INFO     | [POOL #00783] 3030 1273 376 3158 2731 1068 2779 1776 1333 1451 220 1840 834 1108 1854 2807 433 1758 1705 590 448 3209 1097 2239 587 1080 1051 2136 2590 || mode=RB method=sk_kmeans solver=pyvrp stage=post_ls ls=pyvrp iter=8
2026-03-15 22:22:15 | INFO     | [POOL #00784] 2930 1803 1564 807 3042 2593 3071 731 1387 1624 199 79 745 284 399 1278 2200 78 1257 1265 1020 1926 2749 1100 712 1497 997 2235 1722 2549 || mode=RB method=sk_kmeans solver=pyvrp stage=post_ls ls=pyvrp iter=8
2026-03-15 22:22:15 | INFO     | [POOL #00785] 1683 1743 1767 3183 1465 3235 2519 2328 686 261 307 577 269 1214 3217 956 94 1405 2602 2846 387 925 241 1226 486 2396 832 1639 3009 1572 3174 926 1814 || mode=RB method=sk_kmeans solver=pyvrp stage=post_ls ls=pyvrp iter=8
2026-03-15 22:22:15 | INFO     | [POOL #00786] 871 2540 346 972 1954 450 87 655 2450 813 2529 223 2728 3178 115 2874 899 380 858 3167 2048 263 3066 2981 || mode=RB method=sk_kmeans solver=pyvrp stage=post_ls ls=pyvrp iter=8
2026-03-15 22:22:15 | INFO     | [POOL #00787] 1612 257 2746 2707 2680 1084 2968 1283 1535 2382 2117 103 1568 1368 1864 2696 3136 2894 2560 1145 2345 2435 1040 2319 2085 169 2340 39 1736 2576 || mode=RB method=sk_kmeans solver=pyvrp stage=post_ls ls=pyvrp iter=8
2026-03-15 22:22:15 | INFO     | [POOL #00788] 8 1816 1255 3062 3007 1085 2483 1180 2453 631 2947 2905 1007 970 2458 2607 1499 2950 2791 88 1765 3077 1735 3037 1851 917 2166 589 || mode=RB method=sk_kmeans solver=pyvrp stage=post_ls ls=pyvrp iter=8
2026-03-15 22:22:15 | INFO     | [POOL #00789] 2615 999 3221 1310 2525 3227 1485 2713 1676 1202 1923 1547 619 3216 591 1897 1896 923 3185 641 2938 1087 3138 1952 1153 || mode=RB method=sk_kmeans solver=pyvrp stage=post_ls ls=pyvrp iter=8
2026-03-15 22:22:15 | INFO     | [POOL #00790] 2394 2434 818 907 3144 727 528 2011 2633 1104 12 1066 85 2263 2008 2448 1438 2937 3218 495 370 1992 604 447 || mode=RB method=sk_kmeans solver=pyvrp stage=post_ls ls=pyvrp iter=8
2026-03-15 22:22:15 | INFO     | [POOL #00791] 752 789 1448 364 239 1369 566 734 1606 554 385 2335 2739 2856 2914 1201 2591 3238 298 3233 841 1757 2876 638 2156 299 351 1302 || mode=RB method=sk_kmeans solver=pyvrp stage=post_ls ls=pyvrp iter=8
2026-03-15 22:22:15 | INFO     | [POOL #00792] 2987 1732 3143 256 265 838 2299 2012 1725 1210 2256 2536 2332 2888 3226 1682 322 431 1987 1189 1163 1557 1090 601 1362 184 1304 1874 2141 214 || mode=RB method=sk_kmeans solver=pyvrp stage=post_ls ls=pyvrp iter=8
2026-03-15 22:22:15 | INFO     | [POOL #00793] 1587 3139 2859 919 1160 1616 924 681 2161 366 2503 2349 843 2710 61 1307 3074 2360 466 529 2028 2604 1935 2708 740 1388 || mode=RB method=sk_kmeans solver=pyvrp stage=post_ls ls=pyvrp iter=8
2026-03-15 22:22:15 | INFO     | [POOL #00794] 1825 3022 1590 1167 533 940 410 1500 2432 34 2356 542 1888 2241 1182 408 328 2191 1805 667 2664 2377 2718 2959 1048 2565 || mode=RB method=sk_kmeans solver=pyvrp stage=post_ls ls=pyvrp iter=8
2026-03-15 22:22:15 | INFO     | [POOL #00795] 124 2419 186 3176 1917 715 517 490 2477 2537 2240 1266 1123 1930 1168 582 3023 1632 2850 189 2202 2763 276 || mode=RB method=sk_kmeans solver=pyvrp stage=post_ls ls=pyvrp iter=8
2026-03-15 22:22:15 | INFO     | [POOL #00796] 2818 3115 2546 3040 1972 558 22 1852 2415 1132 2983 2150 489 1081 2512 1275 3194 2070 1604 2861 1619 753 2800 2702 2210 2531 || mode=RB method=sk_kmeans solver=pyvrp stage=post_ls ls=pyvrp iter=8
2026-03-15 22:22:15 | INFO     | [POOL #00797] 1910 960 3063 1953 2534 2038 324 419 1611 1159 2072 1431 1074 210 1581 3075 1404 2748 1931 1578 2347 1165 1115 2808 || mode=RB method=sk_kmeans solver=pyvrp stage=post_ls ls=pyvrp iter=8
2026-03-15 22:22:15 | INFO     | [POOL #00798] 892 2062 1162 792 1899 1106 1 181 369 1288 1718 1914 2833 3017 500 2031 1948 119 2490 2393 121 1504 1941 2388 1974 192 1542 929 1791 1537 1745 2597 || mode=RB method=sk_kmeans solver=pyvrp stage=post_ls ls=pyvrp iter=8
2026-03-15 22:22:15 | INFO     | [POOL #00799] 1884 574 2754 755 756 222 65 2672 828 1444 1501 2551 2517 1871 2568 573 125 556 2472 2720 2108 18 2183 890 382 527 642 227 || mode=RB method=sk_kmeans solver=pyvrp stage=post_ls ls=pyvrp iter=8
2026-03-15 22:22:15 | INFO     | [POOL #00800] 264 2881 1306 3103 2050 1813 29 3014 718 2303 2049 1622 1075 2886 2444 2067 2960 3111 2372 2399 1332 67 2957 1427 3180 2723 2351 2237 794 154 || mode=RB method=sk_kmeans solver=pyvrp stage=post_ls ls=pyvrp iter=8
2026-03-15 22:22:15 | INFO     | [POOL #00801] 3067 2642 2426 1442 2843 35 1663 2692 764 330 356 2939 1339 2594 2270 1674 1246 2539 1287 1138 || mode=RB method=sk_kmeans solver=pyvrp stage=post_ls ls=pyvrp iter=8
2026-03-15 22:22:15 | INFO     | [POOL #00802] 824 3079 2352 174 3029 1786 894 2740 1449 967 514 2656 1569 1320 2246 2644 3177 2092 1698 402 1014 692 135 || mode=RB method=sk_kmeans solver=pyvrp stage=post_ls ls=pyvrp iter=8
2026-03-15 22:22:15 | INFO     | [POOL #00803] 2511 1657 112 2090 2580 2526 1031 1281 968 1367 1661 1702 3116 868 30 173 2898 1036 546 1258 49 687 2928 670 2972 1136 1943 177 2974 1411 102 || mode=RB method=sk_kmeans solver=pyvrp stage=post_ls ls=pyvrp iter=8
2026-03-15 22:22:15 | INFO     | [POOL #00804] 998 1506 1267 2196 104 1900 2761 1794 1481 1574 1934 229 1991 2437 1285 2931 2755 1936 1416 661 2712 472 1919 1947 274 1849 2943 1925 2823 2042 962 2610 739 1250 1811 2022 224 2324 || mode=RB method=sk_kmeans solver=pyvrp stage=post_ls ls=pyvrp iter=8
2026-03-15 22:22:15 | INFO     | [POOL #00805] 2614 2112 1382 663 1563 1092 1350 161 840 84 984 615 311 1703 953 1959 959 1509 358 1120 2933 393 2570 2308 412 610 1329 496 203 2790 586 1135 2061 2137 1276 3198 || mode=RB method=sk_kmeans solver=pyvrp stage=post_ls ls=pyvrp iter=8
2026-03-15 22:22:15 | INFO     | [POOL #00806] 116 657 350 1711 2869 1046 1218 1211 2006 801 1158 1453 519 2661 569 3056 1790 2329 672 3162 2326 2260 2971 3211 1200 2598 386 1697 212 || mode=RB method=sk_kmeans solver=pyvrp stage=post_ls ls=pyvrp iter=8
2026-03-15 22:22:15 | INFO     | [POOL #00807] 2473 703 3087 1105 3155 3152 1756 2017 608 614 58 543 1554 987 1422 1798 475 3093 545 2362 149 1774 2688 978 908 2559 1649 109 1161 3175 147 1893 2231 605 2126 1322 || mode=RB method=sk_kmeans solver=pyvrp stage=post_ls ls=pyvrp iter=8
2026-03-15 22:22:15 | INFO     | [POOL #00808] 1734 963 2374 397 2721 1458 1772 702 3002 980 3120 51 1186 2295 2513 2970 1279 2662 144 870 1486 2084 347 1118 3060 1782 100 || mode=RB method=sk_kmeans solver=pyvrp stage=post_ls ls=pyvrp iter=8
2026-03-15 22:22:15 | INFO     | [POOL #00809] 518 1939 1543 111 3132 1730 2485 313 2627 728 1623 2535 2014 2589 1602 1441 1146 713 1272 710 1717 1579 2447 3105 2222 2082 267 1548 1940 1270 || mode=RB method=sk_kmeans solver=pyvrp stage=post_ls ls=pyvrp iter=8
2026-03-15 22:22:15 | INFO     | [POOL #00810] 1855 2830 835 2283 1494 2883 123 2832 795 2044 272 2320 2554 2603 644 1295 2407 541 421 368 982 || mode=RB method=sk_kmeans solver=pyvrp stage=post_ls ls=pyvrp iter=8
2026-03-15 22:22:15 | INFO     | [POOL #00811] 1247 2487 1608 151 2208 2199 280 1561 2919 2903 1827 2671 1887 1348 3237 43 2681 1493 2128 912 1588 405 803 532 1178 329 || mode=RB method=sk_kmeans solver=pyvrp stage=post_ls ls=pyvrp iter=8
2026-03-15 22:22:15 | INFO     | [POOL #00812] 290 985 1892 654 1565 175 1324 516 1467 2929 303 128 552 2421 2045 1927 2679 1596 3086 2628 1577 1412 2107 788 3052 1372 || mode=RB method=sk_kmeans solver=pyvrp stage=post_ls ls=pyvrp iter=8
2026-03-15 22:22:15 | INFO     | [POOL #00813] 1384 773 650 3118 1094 1519 1689 648 875 231 271 750 2743 1260 1515 2454 1977 2411 1615 266 2494 2369 930 784 1558 1313 2889 1526 2533 852 2998 1461 2244 || mode=RB method=sk_kmeans solver=pyvrp stage=post_ls ls=pyvrp iter=8
2026-03-15 22:22:15 | INFO     | [POOL #00814] 1671 338 2203 1513 2902 2904 2669 1594 2368 118 3102 2544 3169 594 17 775 1739 205 1589 1976 1559 2431 159 2817 1942 || mode=RB method=sk_kmeans solver=pyvrp stage=post_ls ls=pyvrp iter=8
2026-03-15 22:22:15 | INFO     | [POOL #00815] 455 1076 632 2153 2858 2699 1551 2279 1658 1641 46 816 1480 1341 2481 1915 2842 1277 1668 33 1041 391 2078 859 234 1171 2870 649 1052 1584 || mode=RB method=sk_kmeans solver=pyvrp stage=post_ls ls=pyvrp iter=8
2026-03-15 22:22:15 | INFO     | [POOL #00816] 1957 559 57 459 2154 461 1746 1028 2290 684 377 3133 2498 2343 1379 2583 958 363 2871 1179 2717 2171 2967 994 494 2105 2212 2530 1003 1716 2606 || mode=RB method=sk_kmeans solver=pyvrp stage=post_ls ls=pyvrp iter=8
2026-03-15 22:22:15 | INFO     | [POOL #00817] 1949 2424 2697 1245 1989 1747 2228 2205 44 2359 616 1323 2354 877 70 2193 2782 2585 620 3173 2479 3110 2312 1921 949 || mode=RB method=sk_kmeans solver=pyvrp stage=post_ls ls=pyvrp iter=8
2026-03-15 22:22:15 | INFO     | [POOL #00818] 59 1710 2221 1150 2358 1867 847 856 1999 2 660 2622 581 2925 2086 230 1962 2794 2872 1432 3041 1464 682 1970 2047 1249 3195 1847 1001 3035 || mode=RB method=sk_kmeans solver=pyvrp stage=post_ls ls=pyvrp iter=8
2026-03-15 22:22:15 | INFO     | [POOL #00819] 2866 304 3223 1653 2621 404 1843 633 1753 2885 1023 646 2955 2805 540 1986 1047 326 1134 1177 1059 911 2223 || mode=RB method=sk_kmeans solver=pyvrp stage=post_ls ls=pyvrp iter=8
2026-03-15 22:22:15 | INFO     | [POOL #00820] 2639 110 1126 2799 1853 2404 778 560 2663 2629 575 93 1839 2307 2273 2058 457 1395 1155 2348 2660 867 570 3186 2619 2463 2425 2741 738 1043 3225 2989 2075 || mode=RB method=sk_kmeans solver=pyvrp stage=post_ls ls=pyvrp iter=8
2026-03-15 22:22:15 | INFO     | [POOL #00821] 1133 2787 2694 1518 1524 1284 808 2701 1346 3032 1998 1371 473 1521 1842 126 1826 1763 297 108 462 42 2170 2635 2327 1995 1541 2891 3140 933 353 206 629 || mode=RB method=sk_kmeans solver=pyvrp stage=post_ls ls=pyvrp iter=8
2026-03-15 22:22:15 | INFO     | [POOL #00822] 1088 1901 1402 1107 2760 1955 456 1626 1445 790 1869 2023 651 1777 2216 884 32 1856 673 63 68 865 2002 1426 3232 567 3161 3018 1338 2278 || mode=RB method=sk_kmeans solver=pyvrp stage=post_ls ls=pyvrp iter=8
2026-03-15 22:22:15 | INFO     | [POOL #00823] 246 2940 321 1830 1225 3031 2715 411 1495 122 355 2145 3168 2685 286 938 1553 40 19 1436 3059 2572 571 310 463 1015 396 2499 || mode=RB method=sk_kmeans solver=pyvrp stage=post_ls ls=pyvrp iter=8
2026-03-15 22:22:15 | INFO     | [POOL #00824] 857 198 1566 2409 2400 305 1885 2194 2655 1175 2678 565 2501 630 2654 301 1403 484 3160 603 2566 1880 1872 2750 1659 1865 3011 698 2753 1478 3081 || mode=RB method=sk_kmeans solver=pyvrp stage=post_ls ls=pyvrp iter=8
2026-03-15 22:22:15 | INFO     | [POOL #00825] 2613 1119 2668 187 120 2321 2443 1289 2797 77 1800 2224 1169 1731 942 897 2034 1582 2804 1875 2366 226 || mode=RB method=sk_kmeans solver=pyvrp stage=post_ls ls=pyvrp iter=8
2026-03-15 22:22:15 | INFO     | [POOL #00826] 628 2392 3058 1876 1017 525 3228 1994 701 683 1349 1357 262 155 995 2476 3019 1648 1205 2113 2342 700 1605 2148 2640 3129 3095 || mode=RB method=sk_kmeans solver=pyvrp stage=post_ls ls=pyvrp iter=8
2026-03-15 22:22:15 | INFO     | [POOL #00827] 1141 480 1271 2648 2659 2125 428 1937 3085 1342 1985 1508 1751 481 2302 1514 2691 2958 275 936 1361 145 2087 596 || mode=RB method=sk_kmeans solver=pyvrp stage=post_ls ls=pyvrp iter=8
2026-03-15 22:22:15 | INFO     | [POOL #00828] 1996 2917 1248 2155 550 1868 1549 1069 2109 1456 81 423 772 96 1545 136 2423 1443 413 1932 1652 535 512 130 1110 2272 2333 643 || mode=RB method=sk_kmeans solver=pyvrp stage=post_ls ls=pyvrp iter=8
2026-03-15 22:22:15 | INFO     | [POOL #00829] 1787 704 505 2901 3088 440 439 2853 647 395 1866 2502 1562 1768 2281 453 107 1902 4 2098 825 1360 430 1114 2338 416 1870 48 91 2497 2630 2236 579 2845 1492 || mode=RB method=sk_kmeans solver=pyvrp stage=post_ls ls=pyvrp iter=8
2026-03-15 22:22:15 | INFO     | [POOL #00830] 786 3108 805 3206 24 74 2916 2879 217 883 2164 3069 2422 1309 451 2416 699 142 3222 2245 1629 1335 277 804 1330 1291 1191 2459 2234 2801 2645 1912 3113 || mode=RB method=sk_kmeans solver=pyvrp stage=post_ls ls=pyvrp iter=8
2026-03-15 22:22:15 | INFO     | [POOL #00831] 1166 721 375 2752 1224 853 2848 1638 2722 381 817 2384 2414 2266 1187 357 2523 1019 1707 1706 904 417 54 1844 544 931 1217 1013 1413 2515 || mode=RB method=sk_kmeans solver=pyvrp stage=post_ls ls=pyvrp iter=8
2026-03-15 22:22:15 | INFO     | [POOL #00832] 2301 2949 513 506 2041 235 3033 2623 1631 295 796 1355 1471 1891 92 2405 1812 2865 491 340 2035 951 1877 1552 2835 2809 3214 || mode=RB method=sk_kmeans solver=pyvrp stage=post_ls ls=pyvrp iter=8
2026-03-15 22:22:15 | INFO     | [POOL #00833] 1913 1532 432 1820 916 1625 2609 1988 76 2254 2190 2215 2676 449 2860 1130 866 1053 2948 2280 2816 2242 2834 407 1261 675 1873 3049 1667 || mode=RB method=sk_kmeans solver=pyvrp stage=post_ls ls=pyvrp iter=8
2026-03-15 22:22:15 | INFO     | [POOL #00834] 665 2586 2758 3000 359 706 920 1592 2336 2725 1061 2455 522 1474 3130 3025 1428 609 2099 802 2601 2268 2420 41 2367 787 || mode=RB method=sk_kmeans solver=pyvrp stage=post_ls ls=pyvrp iter=8
2026-03-15 22:22:15 | INFO     | [POOL #00835] 3196 1337 188 1454 1797 2089 2596 2478 401 860 2756 1203 909 2822 1585 314 1761 1841 744 845 2611 157 3202 3165 || mode=RB method=sk_kmeans solver=pyvrp stage=post_ls ls=pyvrp iter=8
2026-03-15 22:22:15 | INFO     | [POOL #00836] 2325 1769 716 2706 143 3094 952 1071 774 219 1470 193 563 1973 2689 2206 2705 426 1215 2471 2218 2854 || mode=RB method=sk_kmeans solver=pyvrp stage=post_ls ls=pyvrp iter=8
2026-03-15 22:22:15 | INFO     | [POOL #00837] 409 89 1139 2257 2600 1775 1192 1815 583 344 1651 693 2738 1981 765 992 2991 1244 2819 2033 1223 520 891 2997 2577 3187 2265 || mode=RB method=sk_kmeans solver=pyvrp stage=post_ls ls=pyvrp iter=8
2026-03-15 22:22:15 | INFO     | [POOL #00838] 36 3096 1103 1834 1420 2820 872 2178 2838 2095 2652 1740 2015 990 1531 2158 2133 2907 3097 306 2300 1744 659 434 1252 2932 2195 782 2963 || mode=RB method=sk_kmeans solver=pyvrp stage=post_ls ls=pyvrp iter=8
2026-03-15 22:22:15 | INFO     | [POOL #00839] 488 60 493 1806 815 3142 1286 3151 1472 1149 504 705 197 183 1462 1127 3128 2946 2066 562 2899 2375 2386 2413 3190 1709 292 1008 || mode=RB method=sk_kmeans solver=pyvrp stage=post_ls ls=pyvrp iter=8
2026-03-15 22:22:15 | INFO     | [POOL #00840] 2159 233 2139 1523 935 903 1726 237 1760 3117 1308 1742 2226 3181 2364 771 2029 3020 2233 2488 3212 || mode=RB method=sk_kmeans solver=pyvrp stage=post_ls ls=pyvrp iter=8
2026-03-15 22:22:15 | INFO     | [POOL #00841] 170 864 1327 3125 2686 250 889 406 469 1778 6 2727 1188 983 1833 895 759 3200 2911 1903 1583 435 83 1614 2564 3099 1125 1556 477 2074 || mode=RB method=sk_kmeans solver=pyvrp stage=post_ls ls=pyvrp iter=8
2026-03-15 22:22:15 | INFO     | [POOL #00842] 1982 2456 961 2163 2599 2243 732 2584 2935 1570 1109 1598 2556 1240 300 1788 101 1483 2185 2123 3172 2683 2553 69 2785 || mode=RB method=sk_kmeans solver=pyvrp stage=post_ls ls=pyvrp iter=8
2026-03-15 22:22:15 | INFO     | [POOL #00843] 1762 2110 2625 2786 2632 1079 3240 117 561 760 2545 1838 1634 1124 1975 3091 902 690 2007 1173 3039 2138 2238 16 3072 1861 441 645 285 || mode=RB method=sk_kmeans solver=pyvrp stage=post_ls ls=pyvrp iter=8
2026-03-15 22:22:15 | INFO     | [POOL #00844] 1029 2751 1484 2053 1886 623 2207 2952 1347 2966 2468 2547 503 1172 2341 2451 2792 71 1967 736 1098 625 742 3170 2258 1229 2550 1966 245 2122 || mode=RB method=sk_kmeans solver=pyvrp stage=post_ls ls=pyvrp iter=8
2026-03-15 22:22:15 | INFO     | [POOL #00845] 717 216 677 2575 1609 1621 2637 3182 1642 2505 2149 418 2188 989 2068 1440 2555 1292 2581 1673 437 2965 1236 2737 3047 2532 1072 2201 9 2772 2018 || mode=RB method=sk_kmeans solver=pyvrp stage=post_ls ls=pyvrp iter=8
2026-03-15 22:22:15 | INFO     | [POOL #00846] 1907 1600 1232 2259 2563 611 2674 2296 1396 3082 5 2887 3089 140 3114 1297 3070 325 1889 2198 56 521 991 2729 498 1720 26 211 2378 2542 2840 2569 2711 806 1895 114 785 82 || mode=RB method=sk_kmeans solver=pyvrp stage=post_ls ls=pyvrp iter=8
2026-03-15 22:22:15 | INFO     | [POOL #00847] 848 1421 873 1490 195 555 1580 2330 1212 2165 1528 1054 1197 1409 1176 294 1750 1256 3131 2520 1067 1476 3044 38 2993 1005 822 97 || mode=RB method=sk_kmeans solver=pyvrp stage=post_ls ls=pyvrp iter=8
2026-03-15 22:22:15 | INFO     | [POOL #00848] 2999 1455 1343 3083 2693 2097 2363 1354 2915 821 348 260 2361 2806 1712 3101 2129 2677 2403 1196 1971 2298 2452 724 10 3201 2780 2951 1035 2934 1353 2383 2397 || mode=RB method=sk_kmeans solver=pyvrp stage=post_ls ls=pyvrp iter=8
2026-03-15 22:22:15 | INFO     | [POOL #00849] 1633 2169 2167 2521 1748 2390 2507 3189 578 2735 1646 2495 1965 2730 1459 2847 1963 927 55 365 2131 1193 2353 3149 72 1366 1156 384 799 || mode=RB method=sk_kmeans solver=pyvrp stage=post_ls ls=pyvrp iter=8
2026-03-15 22:22:15 | INFO     | [POOL #00850] 597 2988 2267 2814 1002 225 844 2821 539 3219 2992 2673 2102 1944 2209 766 1699 492 1303 2106 2174 1822 2543 2184 1536 2802 1681 1749 318 680 1185 || mode=RB method=sk_kmeans solver=pyvrp stage=post_ls ls=pyvrp iter=8
2026-03-15 22:22:15 | INFO     | [POOL #00851] 2220 2000 2225 3098 131 593 613 1920 1690 669 549 50 2528 1719 1039 1938 2954 564 213 2878 2318 95 2897 1393 986 572 1555 442 || mode=RB method=sk_kmeans solver=pyvrp stage=post_ls ls=pyvrp iter=8
2026-03-15 22:22:15 | INFO     | [POOL #00852] 2091 291 2573 2900 1627 238 617 2350 1117 3001 711 534 279 730 1575 3092 729 2465 2433 236 1655 2588 320 2039 915 390 1376 454 2282 1147 150 2744 || mode=RB method=sk_kmeans solver=pyvrp stage=post_ls ls=pyvrp iter=8
2026-03-15 22:22:15 | INFO     | [POOL #00853] 3046 47 232 2054 1425 180 1686 2783 334 1685 215 1239 1452 3054 658 1737 1603 194 80 1407 2261 511 268 1070 1365 946 1929 1157 941 || mode=RB method=sk_kmeans solver=pyvrp stage=post_ls ls=pyvrp iter=8
2026-03-15 22:22:15 | INFO     | [POOL #00854] 2309 1356 3127 2649 1242 2831 2146 171 337 2441 354 1401 251 735 1129 1238 349 2264 2893 1540 3027 208 2516 2855 1065 1030 1713 336 965 2548 922 1111 1414 || mode=RB method=sk_kmeans solver=pyvrp stage=post_ls ls=pyvrp iter=8
2026-03-15 22:22:15 | INFO     | [POOL #00855] 3135 2518 2976 2826 585 743 2083 2836 2285 2638 252 2121 1207 3154 2408 160 2227 1397 1374 319 1980 2438 2492 770 2908 2079 2890 2770 172 2461 977 2982 1140 || mode=RB method=sk_kmeans solver=pyvrp stage=post_ls ls=pyvrp iter=8
2026-03-15 22:22:15 | INFO     | [POOL #00856] 1905 2942 896 1447 1680 3053 726 1534 1099 352 1434 3229 691 2616 2111 1784 2322 317 722 308 2643 2964 1560 1637 2969 1049 523 1439 1546 || mode=RB method=sk_kmeans solver=pyvrp stage=post_ls ls=pyvrp iter=8
2026-03-15 22:22:15 | INFO     | [POOL #00857] 708 315 2684 1305 287 1789 1832 1779 1331 1184 1595 2355 2552 1665 2120 2522 342 831 499 1539 1538 138 900 624 2371 1336 1691 1692 3134 378 3166 1009 || mode=RB method=sk_kmeans solver=pyvrp stage=post_ls ls=pyvrp iter=8
2026-03-15 22:22:15 | INFO     | [POOL #00858] 557 14 507 474 1635 3123 1352 478 508 1958 2046 2445 2460 45 148 502 2895 1978 2306 2073 2953 537 536 850 1128 3179 2626 1799 3208 637 749 31 1280 || mode=RB method=sk_kmeans solver=pyvrp stage=post_ls ls=pyvrp iter=8
2026-03-15 22:22:15 | INFO     | [POOL #00859] 1174 1000 2211 270 1527 1282 501 1424 2733 2406 2762 2376 2429 1666 327 1195 1724 3112 1945 2287 1056 2475 3205 833 20 2742 2558 2291 861 1505 2051 1264 2990 2757 || mode=RB method=sk_kmeans solver=pyvrp stage=post_ls ls=pyvrp iter=8
2026-03-15 22:22:15 | INFO     | [POOL #00860] 3100 371 2880 3213 2346 1429 697 106 2716 812 964 2910 996 2827 855 1662 880 1922 531 2912 1785 2232 2100 947 2229 2395 2773 || mode=RB method=sk_kmeans solver=pyvrp stage=post_ls ls=pyvrp iter=8
2026-03-15 22:22:15 | INFO     | [POOL #00861] 2657 914 876 3231 201 3006 707 1234 666 1630 2140 723 2173 2104 851 15 1227 2004 2052 2803 1375 2582 664 1752 2695 1990 2587 2115 1807 1344 113 3197 2417 || mode=RB method=sk_kmeans solver=pyvrp stage=post_ls ls=pyvrp iter=8
2026-03-15 22:22:15 | INFO     | [POOL #00862] 2162 312 105 1032 2851 1359 538 158 2077 1968 957 2114 2482 842 1364 2500 2829 2768 1058 2682 3164 827 634 1024 1916 2175 3220 944 1883 1298 || mode=RB method=sk_kmeans solver=pyvrp stage=post_ls ls=pyvrp iter=8
2026-03-15 22:22:15 | INFO     | [POOL #00863] 2592 2509 221 2769 1783 2815 2920 2828 289 282 164 3004 254 767 2176 2634 392 2747 3050 3204 885 2037 464 1696 1708 1345 2605 2767 1233 || mode=RB method=sk_kmeans solver=pyvrp stage=post_ls ls=pyvrp iter=8
2026-03-15 22:22:15 | INFO     | [POOL #00864] 720 64 3 602 685 1011 2766 1391 1808 2464 127 1512 2069 1078 3034 1809 893 3090 1251 1198 259 1770 2177 621 372 1836 1817 || mode=RB method=sk_kmeans solver=pyvrp stage=post_ls ls=pyvrp iter=8
2026-03-15 22:22:15 | INFO     | [POOL #00865] 1102 932 1693 1695 1419 1628 1213 2284 1101 2961 928 1294 3124 1209 2192 2470 1386 1576 11 2370 1293 1410 2168 1315 887 || mode=RB method=sk_kmeans solver=pyvrp stage=post_ls ls=pyvrp iter=8
2026-03-15 22:22:15 | INFO     | [POOL #00866] 1498 309 862 973 524 373 2071 1259 2410 1507 2469 1620 2253 2019 2142 748 3021 1818 2357 814 2852 3157 3236 971 1096 || mode=RB method=sk_kmeans solver=pyvrp stage=post_ls ls=pyvrp iter=8
2026-03-15 22:22:15 | INFO     | [POOL #00867] 2057 244 1415 425 2081 2875 1034 247 1496 2060 1491 2617 2379 1503 3199 1520 339 2462 2945 1230 918 3061 969 288 422 2096 869 || mode=RB method=sk_kmeans solver=pyvrp stage=post_ls ls=pyvrp iter=8
2026-03-15 22:22:15 | INFO     | [POOL #00868] 273 762 671 242 90 1373 374 1544 1964 2524 141 1154 2491 133 132 129 1530 253 1906 1687 2776 28 568 2994 21 37 146 1433 || mode=RB method=sk_kmeans solver=pyvrp stage=post_ls ls=pyvrp iter=8
2026-03-15 22:22:15 | INFO     | [POOL #00869] 1311 1010 1381 1489 901 1022 2288 415 2026 7 458 1164 1208 1045 3188 1380 1741 243 1318 1766 2857 228 99 1363 1831 1466 1961 || mode=RB method=sk_kmeans solver=pyvrp stage=post_ls ls=pyvrp iter=8
2026-03-15 22:22:15 | INFO     | [POOL #00870] 139 3146 695 1122 1392 1701 662 2387 2541 1781 2157 302 836 190 1473 1675 1044 2896 2665 || mode=RB method=sk_kmeans solver=pyvrp stage=post_ls ls=pyvrp iter=8
2026-03-15 22:22:15 | INFO     | [POOL #00871] 709 185 3119 3048 1378 1908 258 176 530 479 3104 53 1684 3184 389 510 2837 2775 2339 2217 2391 2181 436 2973 1228 || mode=RB method=sk_kmeans solver=pyvrp stage=post_ls ls=pyvrp iter=8
2026-03-15 22:22:15 | INFO     | [POOL #00872] 2759 733 1370 1475 2440 2595 1116 913 1983 714 1858 1857 3068 2182 2709 3065 1522 3224 2003 2380 526 379 || mode=RB method=sk_kmeans solver=pyvrp stage=post_ls ls=pyvrp iter=8
2026-03-15 22:22:15 | INFO     | [POOL #00873] 1390 636 768 2214 1450 640 1924 482 757 656 1771 207 1821 2703 598 2618 1846 209 576 627 2687 86 955 1143 446 2063 || mode=RB method=sk_kmeans solver=pyvrp stage=post_ls ls=pyvrp iter=8
2026-03-15 22:22:15 | INFO     | [POOL #00874] 635 1016 3234 332 3080 783 746 1862 678 2186 3150 1607 2996 1027 639 2719 420 179 1314 152 3008 2127 2373 2608 1383 341 || mode=RB method=sk_kmeans solver=pyvrp stage=post_ls ls=pyvrp iter=8
2026-03-15 22:22:15 | INFO     | [POOL #00875] 1235 2474 2197 485 1479 1082 25 1221 1446 2025 1430 939 2305 2315 612 3145 607 2922 2862 1898 468 1610 3230 1144 2651 1723 1881 || mode=RB method=sk_kmeans solver=pyvrp stage=post_ls ls=pyvrp iter=8
2026-03-15 22:22:15 | INFO     | [POOL #00876] 829 2882 2863 2189 3109 2793 1326 3038 1469 75 1181 781 2040 1060 2398 2781 333 1829 2736 2562 1142 3215 2962 || mode=RB method=sk_kmeans solver=pyvrp stage=post_ls ls=pyvrp iter=8
2026-03-15 22:22:15 | INFO     | [POOL #00877] 362 1613 2065 1911 741 2690 954 2700 810 1321 2427 182 2172 1727 1529 2130 1909 278 548 1220 878 886 1591 335 2135 2277 || mode=RB method=sk_kmeans solver=pyvrp stage=post_ls ls=pyvrp iter=8
2026-03-15 22:22:15 | INFO     | [POOL #00878] 383 1650 1678 2985 2538 1050 1517 1340 3012 1004 134 1850 2381 1670 1151 497 2877 1057 777 2579 1183 1457 1960 1688 2213 2636 966 2986 2151 1928 || mode=RB method=sk_kmeans solver=pyvrp stage=post_ls ls=pyvrp iter=8
2026-03-15 22:22:15 | INFO     | [POOL #00879] 3036 2250 2698 2219 1738 2043 2289 3073 751 1878 2132 975 2428 403 1062 2612 1025 1334 1525 1460 2620 580 2016 2436 668 3148 2641 || mode=RB method=sk_kmeans solver=pyvrp stage=post_ls ls=pyvrp iter=8
2026-03-15 22:22:15 | INFO     | [POOL #00880] 819 424 2385 2230 367 1113 1300 2294 882 653 2704 2764 1243 2310 1618 2076 2873 1510 2795 1006 2936 584 1599 737 191 1882 3084 1810 2292 2514 || mode=RB method=sk_kmeans solver=pyvrp stage=post_ls ls=pyvrp iter=8
2026-03-15 22:22:15 | INFO     | [POOL #00881] 2365 1660 1400 3107 2975 1890 1394 137 98 3026 3191 1694 2101 1237 1319 1263 3055 343 2510 2337 3003 2732 1516 1645 3207 2798 || mode=RB method=sk_kmeans solver=pyvrp stage=post_ls ls=pyvrp iter=8
2026-03-15 22:22:15 | INFO     | [POOL #00882] 471 293 1418 1385 945 62 1601 2921 3016 361 688 2496 218 2984 1435 988 167 674 1644 696 1793 2134 1704 769 2796 2480 2647 200 2784 2624 1399 2977 || mode=RB method=sk_kmeans solver=pyvrp stage=post_ls ls=pyvrp iter=8
2026-03-15 22:22:15 | INFO     | [POOL #00883] 2021 906 2714 606 2788 1269 1089 2439 1190 1253 1824 1728 1573 2670 1042 2311 1488 1021 2467 2027 66 1037 2344 793 694 323 1137 3078 826 2726 1038 2249 1796 2868 || mode=RB method=sk_kmeans solver=pyvrp stage=post_ls ls=pyvrp iter=8
2026-03-15 22:22:15 | INFO     | [POOL #00884] 163 898 2466 2884 509 2824 934 1969 1437 2457 2430 2486 1299 2055 2187 1597 2056 1993 2571 1550 1468 1204 1222 2631 1241 1586 27 2956 2248 1984 1904 2116 1095 || mode=RB method=sk_kmeans solver=pyvrp stage=post_ls ls=pyvrp iter=8
2026-03-15 22:22:15 | INFO     | [POOL #00885] 1823 1733 780 1358 1268 854 1408 974 1951 1290 2401 476 2152 3010 2675 1063 1669 2978 2251 1764 823 2841 2247 547 2147 2020 3163 809 2778 || mode=RB method=sk_kmeans solver=pyvrp stage=post_ls ls=pyvrp iter=8
2026-03-15 22:22:15 | INFO     | [POOL #00886] 438 1502 2493 2980 1647 3064 3193 2180 165 1755 2179 921 2275 465 3121 3239 2297 3045 2864 888 1301 863 483 754 331 360 1567 1199 1819 || mode=RB method=sk_kmeans solver=pyvrp stage=post_ls ls=pyvrp iter=8
2026-03-15 22:22:15 | INFO     | [POOL #00887] 719 156 1351 2064 2924 2813 1423 1894 2810 2811 13 515 2119 551 820 2923 1093 1700 443 2286 1571 3076 202 2666 400 3043 1828 || mode=RB method=sk_kmeans solver=pyvrp stage=post_ls ls=pyvrp iter=8
2026-03-15 22:22:15 | INFO     | [POOL #00888] 2389 600 2941 1086 2561 2446 3171 2926 3153 2252 427 2765 979 950 1262 2844 2271 2418 910 2774 2103 1231 2412 2124 3159 3122 1170 || mode=RB method=sk_kmeans solver=pyvrp stage=post_ls ls=pyvrp iter=8
2026-03-15 22:22:15 | INFO     | [POOL #00889] 1859 2724 1795 3013 1073 1398 1325 1950 2010 763 2484 776 1312 1780 1721 2255 981 1026 2001 2892 249 1918 1979 196 2906 3147 874 948 || mode=RB method=sk_kmeans solver=pyvrp stage=post_ls ls=pyvrp iter=8
2026-03-15 22:22:15 | INFO     | [POOL #00890] 622 3015 281 592 2557 1643 2204 23 1316 2667 3024 2745 1729 811 1656 2574 2093 2036 779 2578 470 2274 3203 2005 204 || mode=RB method=sk_kmeans solver=pyvrp stage=post_ls ls=pyvrp iter=8
2026-03-15 22:22:15 | INFO     | [POOL #00891] 1482 1837 1091 2650 2160 1640 2506 937 1801 414 2734 3137 1677 689 1463 1083 2979 798 791 3028 1879 2789 388 2567 52 1802 2024 3057 || mode=RB method=sk_kmeans solver=pyvrp stage=post_ls ls=pyvrp iter=8
2026-03-15 22:22:15 | INFO     | [POOL #00892] 1219 758 1759 2489 2867 2777 1792 837 1933 2317 879 626 3126 2009 444 1112 1406 2646 1672 800 2293 2013 162 1664 1121 846 394 2144 1636 || mode=RB method=sk_kmeans solver=pyvrp stage=post_ls ls=pyvrp iter=8
2026-03-15 22:22:15 | INFO     | [POOL #00893] 2658 1804 73 2812 1617 166 2088 1533 797 1511 2995 599 725 1206 429 652 2269 3141 1152 3156 1835 2771 553 761 || mode=RB method=sk_kmeans solver=pyvrp stage=post_ls ls=pyvrp iter=8
2026-03-15 22:22:15 | INFO     | [POOL #00894] 467 2944 1714 1328 2316 398 2402 679 1487 1077 1254 1477 1216 588 1860 1848 2314 2304 2849 943 881 1389 283 1956 || mode=RB method=sk_kmeans solver=pyvrp stage=post_ls ls=pyvrp iter=8
2026-03-15 22:22:15 | INFO     | [POOL #00895] 1148 595 316 1131 1946 839 905 1417 993 2913 2276 2527 3210 1773 618 153 2118 2504 168 296 2313 2334 2918 1012 255 345 || mode=RB method=sk_kmeans solver=pyvrp stage=post_ls ls=pyvrp iter=8
2026-03-15 22:22:15 | INFO     | [POOL #00896] 3192 2094 2030 1593 976 2323 747 1997 1018 178 2653 3106 1715 248 1845 1064 2449 2143 2825 2080 || mode=RB method=sk_kmeans solver=pyvrp stage=post_ls ls=pyvrp iter=8
2026-03-15 22:22:15 | INFO     | [POOL #00897] 2301 675 2809 2835 2834 2242 620 2816 2585 1217 2600 931 1775 544 381 1395 457 2422 2164 2879 3186 2619 2425 1747 2228 2741 || mode=RB method=sk_ac_complete solver=pyvrp stage=post_ls ls=pyvrp iter=9
2026-03-15 22:22:15 | INFO     | [POOL #00898] 3202 157 2611 845 2949 513 744 916 909 1625 2609 2822 1585 314 407 1761 1988 76 2041 2756 1203 506 188 1337 3165 || mode=RB method=sk_ac_complete solver=pyvrp stage=post_ls ls=pyvrp iter=9
2026-03-15 22:22:15 | INFO     | [POOL #00899] 1166 3225 2515 1413 1013 70 877 2354 3108 3228 1994 1017 525 701 1876 3058 1800 77 2359 44 2205 2034 2804 428 480 || mode=RB method=sk_ac_complete solver=pyvrp stage=post_ls ls=pyvrp iter=9
2026-03-15 22:22:15 | INFO     | [POOL #00900] 2639 110 1179 2871 2583 920 3011 1126 2336 1248 2725 2279 2113 301 2654 1205 3019 2870 1171 649 484 603 1551 2678 2655 305 2400 2153 706 1566 198 || mode=RB method=sk_ac_complete solver=pyvrp stage=post_ls ls=pyvrp iter=9
2026-03-15 22:22:15 | INFO     | [POOL #00901] 461 246 2940 952 1015 1830 1225 1428 310 571 1518 609 1284 1524 2572 2715 3130 1061 1865 1175 2699 2409 632 2321 120 187 2659 || mode=RB method=sk_ac_complete solver=pyvrp stage=post_ls ls=pyvrp iter=9
2026-03-15 22:22:15 | INFO     | [POOL #00902] 1901 1133 2367 41 2694 42 1445 2023 1869 790 130 512 462 297 1763 1826 126 1842 1521 473 1371 2701 1545 2423 1443 808 413 1932 1998 108 535 802 2099 463 2420 || mode=RB method=sk_ac_complete solver=pyvrp stage=post_ls ls=pyvrp iter=9
2026-03-15 22:22:15 | INFO     | [POOL #00903] 3129 897 2640 1289 628 700 1659 522 1872 1880 2566 2799 1853 1069 1436 3059 19 1641 40 3160 1403 1052 1584 2342 2194 1885 2917 363 2717 2171 || mode=RB method=sk_ac_complete solver=pyvrp stage=post_ls ls=pyvrp iter=9
2026-03-15 22:22:15 | INFO     | [POOL #00904] 3094 2268 2601 1652 3032 1346 136 96 772 423 81 1495 122 355 2685 1668 2629 2481 1915 1341 2842 2476 1648 2501 2148 1582 1245 2125 || mode=RB method=sk_ac_complete solver=pyvrp stage=post_ls ls=pyvrp iter=9
2026-03-15 22:22:15 | INFO     | [POOL #00905] 143 2499 2290 1478 698 1592 3031 3025 2109 411 1456 778 2145 3168 560 2663 1277 33 1041 1480 286 816 938 46 2404 1549 1868 550 1474 2155 1996 2967 || mode=RB method=sk_ac_complete solver=pyvrp stage=post_ls ls=pyvrp iter=9
2026-03-15 22:22:15 | INFO     | [POOL #00906] 786 2443 1605 2797 2392 565 630 1349 683 1357 262 155 995 859 2078 391 3069 883 2348 2916 74 2224 1169 1731 616 2752 1989 3095 || mode=RB method=sk_ac_complete solver=pyvrp stage=post_ls ls=pyvrp iter=9
2026-03-15 22:22:15 | INFO     | [POOL #00907] 2648 2366 455 1119 2668 1076 2858 1379 2343 2455 2750 1658 1553 234 93 575 1839 2307 2273 451 699 2416 1291 2645 2523 2266 1019 2384 817 1912 3113 2660 867 1224 1323 || mode=RB method=sk_ac_complete solver=pyvrp stage=post_ls ls=pyvrp iter=9
2026-03-15 22:22:15 | INFO     | [POOL #00908] 2463 805 1155 1330 142 3222 1629 2245 1335 277 804 1191 2459 2801 2234 1768 2281 1562 2502 453 107 1902 4 2098 825 1360 430 1114 92 2405 449 3214 || mode=RB method=sk_ac_complete solver=pyvrp stage=post_ls ls=pyvrp iter=9
2026-03-15 22:22:15 | INFO     | [POOL #00909] 2236 2630 2991 440 992 1815 583 765 439 2853 647 395 1866 693 2738 1981 1651 344 904 417 54 1844 2722 1638 1223 2848 853 704 1787 1751 || mode=RB method=sk_ac_complete solver=pyvrp stage=post_ls ls=pyvrp iter=9
2026-03-15 22:22:15 | INFO     | [POOL #00910] 375 942 3206 24 570 217 1309 2058 1187 357 2414 1707 1706 3088 1192 1244 1471 1891 1812 2865 2819 2901 2033 505 520 481 2302 || mode=RB method=sk_ac_complete solver=pyvrp stage=post_ls ls=pyvrp iter=9
2026-03-15 22:22:15 | INFO     | [POOL #00911] 1492 1873 1139 3187 2782 866 2190 2254 2215 2676 2497 295 2338 1355 796 416 1870 48 91 1631 2623 3033 235 860 401 2478 2596 2089 1797 1454 3196 || mode=RB method=sk_ac_complete solver=pyvrp stage=post_ls ls=pyvrp iter=9
2026-03-15 22:22:15 | INFO     | [POOL #00912] 1913 1532 432 1820 2845 1552 579 1877 951 2280 2948 1053 1130 2860 491 340 2035 2257 2193 891 2997 2577 3173 2479 3110 1261 1841 3049 || mode=RB method=sk_ac_complete solver=pyvrp stage=post_ls ls=pyvrp iter=9
2026-03-15 22:22:15 | INFO     | [POOL #00913] 2637 2243 889 469 1778 2727 1833 983 1188 3039 895 759 680 3200 3189 1523 197 504 1237 3191 3026 98 2975 988 1435 3003 || mode=RB method=sk_ac_complete solver=pyvrp stage=post_ls ls=pyvrp iter=9
2026-03-15 22:22:15 | INFO     | [POOL #00914] 2385 1650 2986 2230 607 1113 1221 1062 1300 1263 1694 2101 1363 1831 1824 1253 1190 2439 3239 1793 2788 1961 2496 910 62 2641 || mode=RB method=sk_ac_complete solver=pyvrp stage=post_ls ls=pyvrp iter=9
2026-03-15 22:22:15 | INFO     | [POOL #00915] 2151 1771 207 1821 2703 598 1688 1982 1183 2736 497 2553 1909 278 2130 2751 2683 1484 2053 250 1343 1455 1529 3125 1327 548 1220 1829 82 886 1591 2962 152 || mode=RB method=sk_ac_complete solver=pyvrp stage=post_ls ls=pyvrp iter=9
2026-03-15 22:22:15 | INFO     | [POOL #00916] 2182 966 2636 2213 1678 1960 1457 2985 2538 1050 1142 1517 2562 2579 777 1004 134 1850 2169 2575 677 1185 2963 3012 1340 717 2305 2315 612 2618 1846 424 || mode=RB method=sk_ac_complete solver=pyvrp stage=post_ls ls=pyvrp iter=9
2026-03-15 22:22:15 | INFO     | [POOL #00917] 2277 2373 3008 335 783 170 1607 678 333 69 1057 2877 1151 645 441 1614 83 2195 435 2521 2139 2233 3135 815 1806 653 343 3096 2510 2337 1400 36 510 || mode=RB method=sk_ac_complete solver=pyvrp stage=post_ls ls=pyvrp iter=9
2026-03-15 22:22:15 | INFO     | [POOL #00918] 3234 829 2882 2397 2863 2189 3109 1326 3038 1469 75 1181 2040 1060 864 878 2398 2781 1029 2186 3150 3215 2785 2996 1027 1450 || mode=RB method=sk_ac_complete solver=pyvrp stage=post_ls ls=pyvrp iter=9
2026-03-15 22:22:15 | INFO     | [POOL #00919] 635 1016 1907 362 2383 781 2999 182 2172 2427 1321 810 2700 954 97 1353 2690 741 1911 2065 1613 2793 1862 746 3080 332 2135 2127 || mode=RB method=sk_ac_complete solver=pyvrp stage=post_ls ls=pyvrp iter=9
2026-03-15 22:22:15 | INFO     | [POOL #00920] 2608 2123 3172 2185 1483 101 1598 1109 2935 2584 1570 3083 2556 2563 1240 300 806 1788 1895 114 2772 2018 2686 1727 785 || mode=RB method=sk_ac_complete solver=pyvrp stage=post_ls ls=pyvrp iter=9
2026-03-15 22:22:15 | INFO     | [POOL #00921] 1609 3072 2163 16 2238 3182 1642 623 597 406 2505 2207 1072 2532 3047 2737 2965 2149 2966 2988 6 1347 2952 2201 9 732 1886 2599 1621 1861 285 || mode=RB method=sk_ac_complete solver=pyvrp stage=post_ls ls=pyvrp iter=9
2026-03-15 22:22:15 | INFO     | [POOL #00922] 961 2138 2468 2267 2814 1440 1354 2915 1297 3070 325 1889 2198 56 521 991 2729 498 1720 26 211 2378 2542 2296 2674 611 2840 2569 2711 2259 1232 1600 1035 2934 || mode=RB method=sk_ac_complete solver=pyvrp stage=post_ls ls=pyvrp iter=9
2026-03-15 22:22:15 | INFO     | [POOL #00923] 2951 2780 3201 10 724 2452 2298 1971 2677 2129 2403 1196 348 821 3089 2887 2555 1292 3219 1002 225 2341 2451 434 2802 1681 1252 318 || mode=RB method=sk_ac_complete solver=pyvrp stage=post_ls ls=pyvrp iter=9
2026-03-15 22:22:15 | INFO     | [POOL #00924] 1396 3082 5 140 3114 1673 2581 260 2361 2806 1712 3101 2102 2106 2174 1822 1744 2821 2543 2184 1536 659 2993 844 418 2188 2068 437 2363 2693 || mode=RB method=sk_ac_complete solver=pyvrp stage=post_ls ls=pyvrp iter=9
2026-03-15 22:22:15 | INFO     | [POOL #00925] 2547 503 1172 1005 539 2838 2907 2158 2652 1409 1176 2015 990 1531 766 1944 2209 1699 492 1303 306 2300 2673 2992 989 822 1236 2097 || mode=RB method=sk_ac_complete solver=pyvrp stage=post_ls ls=pyvrp iter=9
2026-03-15 22:22:15 | INFO     | [POOL #00926] 2932 760 1749 2792 1580 736 1967 2820 2330 1212 1708 1345 2767 2605 2573 585 2826 1920 613 1098 625 1838 1229 3240 2495 1646 2735 1173 1748 || mode=RB method=sk_ac_complete solver=pyvrp stage=post_ls ls=pyvrp iter=9
2026-03-15 22:22:15 | INFO     | [POOL #00927] 524 47 232 2908 236 2433 279 534 282 289 252 164 3204 885 2037 2548 3001 711 730 2588 1719 2438 2954 2920 2492 2617 915 572 || mode=RB method=sk_ac_complete solver=pyvrp stage=post_ls ls=pyvrp iter=9
2026-03-15 22:22:15 | INFO     | [POOL #00928] 1308 3046 2079 2875 1034 2083 2836 1696 464 2520 3131 1256 1750 294 2747 3050 392 2634 2176 767 254 2855 2516 208 2121 2227 1397 1374 1356 2783 1929 || mode=RB method=sk_ac_complete solver=pyvrp stage=post_ls ls=pyvrp iter=9
2026-03-15 22:22:15 | INFO     | [POOL #00929] 2461 2309 946 1070 213 770 564 2528 2465 2828 658 3054 1452 1129 1238 349 2264 2893 1540 3027 1065 3004 1030 1713 336 965 1117 2350 617 2900 743 291 2390 || mode=RB method=sk_ac_complete solver=pyvrp stage=post_ls ls=pyvrp iter=9
2026-03-15 22:22:15 | INFO     | [POOL #00930] 1319 1243 1421 705 935 1140 2091 2625 2364 3181 873 578 771 2029 1966 245 2122 1472 1149 2310 1618 1762 137 696 2134 1704 || mode=RB method=sk_ac_complete solver=pyvrp stage=post_ls ls=pyvrp iter=9
2026-03-15 22:22:15 | INFO     | [POOL #00931] 2507 2550 195 2057 425 1414 1690 669 549 1111 1575 320 2039 1039 1686 1980 194 80 1407 1099 1534 158 538 957 2482 3053 1364 315 708 || mode=RB method=sk_ac_complete solver=pyvrp stage=post_ls ls=pyvrp iter=9
2026-03-15 22:22:15 | INFO     | [POOL #00932] 973 2878 1491 2060 180 729 3092 238 1627 922 2285 2638 1054 1197 1740 2095 2133 3097 2178 1528 1067 1476 872 3044 38 2165 71 561 117 || mode=RB method=sk_ac_complete solver=pyvrp stage=post_ls ls=pyvrp iter=9
2026-03-15 22:22:15 | INFO     | [POOL #00933] 221 1359 2077 3127 2831 2146 3154 1207 171 2445 2441 337 735 251 1401 354 45 148 2460 499 1779 1832 900 624 1789 1434 2371 352 508 2649 1737 2261 268 || mode=RB method=sk_ac_complete solver=pyvrp stage=post_ls ls=pyvrp iter=9
2026-03-15 22:22:15 | INFO     | [POOL #00934] 3020 1233 2770 2890 2081 2054 247 1496 1425 50 1655 1603 319 1239 334 1685 215 160 1242 2046 138 1539 1538 1958 2408 1968 1938 511 2815 1555 || mode=RB method=sk_ac_complete solver=pyvrp stage=post_ls ls=pyvrp iter=9
2026-03-15 22:22:15 | INFO     | [POOL #00935] 27 1373 1964 2142 2410 3199 1503 2768 2829 1783 2769 1032 1393 2379 726 2114 842 3123 2684 1635 474 1520 339 1620 557 1208 3190 1709 || mode=RB method=sk_ac_complete solver=pyvrp stage=post_ls ls=pyvrp iter=9
2026-03-15 22:22:15 | INFO     | [POOL #00936] 898 3166 2357 1818 3021 918 3134 1692 1305 287 478 1352 1680 1447 2500 1058 2682 3164 827 634 2509 1376 2942 454 3149 72 1147 1380 562 2056 1969 1466 2796 || mode=RB method=sk_ac_complete solver=pyvrp stage=post_ls ls=pyvrp iter=9
2026-03-15 22:22:15 | INFO     | [POOL #00937] 688 1394 1462 183 1726 2226 3098 1965 244 2730 593 131 1415 172 1459 2847 1963 927 55 2131 1193 2353 2282 944 1544 2899 1883 762 273 323 || mode=RB method=sk_ac_complete solver=pyvrp stage=post_ls ls=pyvrp iter=9
2026-03-15 22:22:15 | INFO     | [POOL #00938] 1644 2110 2000 309 903 2982 237 365 373 105 1365 95 2318 2897 390 986 2851 2071 1259 896 1154 2524 374 2375 2386 1298 1905 3193 1823 || mode=RB method=sk_ac_complete solver=pyvrp stage=post_ls ls=pyvrp iter=9
2026-03-15 22:22:15 | INFO     | [POOL #00939] 90 2491 133 378 748 3061 2019 2253 2469 1507 507 14 1024 1916 969 288 2175 3220 141 3188 228 2066 941 || mode=RB method=sk_ac_complete solver=pyvrp stage=post_ls ls=pyvrp iter=9
2026-03-15 22:22:15 | INFO     | [POOL #00940] 674 2764 1597 2946 2857 243 2096 384 2592 1157 422 1156 1366 312 442 3117 1760 977 2225 2786 862 2162 1741 150 1045 869 2413 2480 || mode=RB method=sk_ac_complete solver=pyvrp stage=post_ls ls=pyvrp iter=9
2026-03-15 22:22:15 | INFO     | [POOL #00941] 3045 1137 3078 694 793 2344 1037 66 1488 2311 1042 2670 1728 1573 1510 2795 1089 1890 2936 584 1599 218 737 191 2732 1516 2412 258 || mode=RB method=sk_ac_complete solver=pyvrp stage=post_ls ls=pyvrp iter=9
2026-03-15 22:22:15 | INFO     | [POOL #00942] 945 2774 1269 1006 2873 2076 2055 1299 1498 2430 2486 2187 1437 2457 3128 1766 1318 799 2220 1127 934 99 2744 2824 509 2884 1021 2467 2027 2466 3121 2297 3016 || mode=RB method=sk_ac_complete solver=pyvrp stage=post_ls ls=pyvrp iter=9
2026-03-15 22:22:15 | INFO     | [POOL #00943] 1479 2043 3073 1525 2984 3107 167 488 60 1103 1834 3142 233 882 2294 403 2428 2612 1025 1334 751 2289 485 || mode=RB method=sk_ac_complete solver=pyvrp stage=post_ls ls=pyvrp iter=9
2026-03-15 22:22:15 | INFO     | [POOL #00944] 3055 2704 493 1286 3151 2632 1742 1490 902 555 3091 1975 2976 2518 2545 2258 3170 1634 742 1420 1124 1079 690 2007 2911 1903 1583 || mode=RB method=sk_ac_complete solver=pyvrp stage=post_ls ls=pyvrp iter=9
2026-03-15 22:22:15 | INFO     | [POOL #00945] 25 2074 939 1430 2025 1556 216 1125 3099 2381 1670 2564 2456 782 2167 2488 3212 2159 848 477 1633 975 2132 1878 1446 367 3145 209 383 || mode=RB method=sk_ac_complete solver=pyvrp stage=post_ls ls=pyvrp iter=9
2026-03-15 22:22:15 | INFO     | [POOL #00946] 3192 1122 2094 1392 2030 255 2005 2323 1170 3122 3119 2798 185 1012 1593 2759 436 2973 1228 3146 3036 139 || mode=RB method=sk_ac_complete solver=pyvrp stage=post_ls ls=pyvrp iter=9
2026-03-15 22:22:15 | INFO     | [POOL #00947] 341 1383 2214 640 3068 1857 714 1858 482 757 656 639 2719 420 179 1314 1924 2709 1522 1143 2380 379 || mode=RB method=sk_ac_complete solver=pyvrp stage=post_ls ls=pyvrp iter=9
2026-03-15 22:22:15 | INFO     | [POOL #00948] 2394 2434 3030 818 3144 727 528 2011 2633 12 1104 3158 2731 1068 123 2883 2603 1302 1683 184 960 3167 346 2540 871 || mode=RB method=sk_ac_complete solver=pyvrp stage=post_ls ls=pyvrp iter=9
2026-03-15 22:22:15 | INFO     | [POOL #00949] 1675 190 836 662 2387 1131 1946 1018 2389 2304 3147 2849 874 905 178 2653 3106 1715 758 248 2771 2944 || mode=RB method=sk_ac_complete solver=pyvrp stage=post_ls ls=pyvrp iter=9
2026-03-15 22:22:15 | INFO     | [POOL #00950] 695 733 2181 2474 2837 668 530 479 3104 2292 1810 1231 2103 1645 3207 2418 2271 2844 2921 1601 2647 200 2714 2784 168 2624 1399 2918 438 976 1701 || mode=RB method=sk_ac_complete solver=pyvrp stage=post_ls ls=pyvrp iter=9
2026-03-15 22:22:15 | INFO     | [POOL #00951] 1390 1928 636 768 3065 819 1116 913 1983 1610 468 2219 1738 1082 2922 2862 1898 3230 1144 576 627 2687 2651 86 1723 955 2063 || mode=RB method=sk_ac_complete solver=pyvrp stage=post_ls ls=pyvrp iter=9
2026-03-15 22:22:15 | INFO     | [POOL #00952] 1881 1475 2440 2595 2197 2365 389 2250 3184 2698 2016 580 2620 1460 1660 1882 3084 2436 1684 53 176 2775 2339 293 471 1235 709 2896 2665 || mode=RB method=sk_ac_complete solver=pyvrp stage=post_ls ls=pyvrp iter=9
2026-03-15 22:22:15 | INFO     | [POOL #00953] 1385 1908 2124 606 2249 1038 1262 361 769 950 979 2726 2864 888 826 1301 2765 427 2252 3153 1647 2926 163 618 1773 2561 1643 3015 || mode=RB method=sk_ac_complete solver=pyvrp stage=post_ls ls=pyvrp iter=9
2026-03-15 22:22:15 | INFO     | [POOL #00954] 3048 2313 296 2118 153 2493 3171 2667 2574 2093 2036 3163 2064 1918 1979 779 360 1086 2941 993 1781 1044 || mode=RB method=sk_ac_complete solver=pyvrp stage=post_ls ls=pyvrp iter=9
2026-03-15 22:22:15 | INFO     | [POOL #00955] 1819 1199 1567 249 3013 1073 3043 1398 1325 3076 2484 763 2010 1950 202 2666 400 3103 1306 879 2317 1933 2293 2013 162 1664 || mode=RB method=sk_ac_complete solver=pyvrp stage=post_ls ls=pyvrp iter=9
2026-03-15 22:22:15 | INFO     | [POOL #00956] 2048 2830 1304 2283 1494 2832 795 2044 272 1276 2320 351 655 87 256 450 1954 858 972 1732 2987 574 1322 || mode=RB method=sk_ac_complete solver=pyvrp stage=post_ls ls=pyvrp iter=9
2026-03-15 22:22:15 | INFO     | [POOL #00957] 2080 1533 797 1014 402 1270 1698 18 2108 1569 2656 514 2723 3180 2351 2237 2740 894 1786 3029 174 2352 725 1206 824 1121 1835 || mode=RB method=sk_ac_complete solver=pyvrp stage=post_ls ls=pyvrp iter=9
2026-03-15 22:22:15 | INFO     | [POOL #00958] 3057 135 2567 1734 755 689 222 2450 2299 2529 223 2728 3178 115 899 2874 518 2720 2092 890 382 527 2506 2160 166 394 2449 2143 || mode=RB method=sk_ac_complete solver=pyvrp stage=post_ls ls=pyvrp iter=9
2026-03-15 22:22:15 | INFO     | [POOL #00959] 1855 214 2141 982 368 421 541 2407 1295 380 756 1677 3137 414 1801 1463 1083 3028 1091 2088 1837 2144 || mode=RB method=sk_ac_complete solver=pyvrp stage=post_ls ls=pyvrp iter=9
2026-03-15 22:22:15 | INFO     | [POOL #00960] 2402 679 2724 1077 1487 1672 800 626 3126 2009 444 1112 1406 2646 1828 1795 809 1254 1477 719 1860 600 1417 1997 622 316 || mode=RB method=sk_ac_complete solver=pyvrp stage=post_ls ls=pyvrp iter=9
2026-03-15 22:22:15 | INFO     | [POOL #00961] 526 446 2003 3224 1370 2391 2217 2514 3148 1418 906 1378 3159 2334 1796 1502 2276 2274 2906 1848 2314 943 881 1389 283 2541 1473 || mode=RB method=sk_ac_complete solver=pyvrp stage=post_ls ls=pyvrp iter=9
2026-03-15 22:22:15 | INFO     | [POOL #00962] 2825 2658 1804 1064 73 2812 846 1617 3156 589 1714 264 948 302 2157 1956 553 761 1148 467 || mode=RB method=sk_ac_complete solver=pyvrp stage=post_ls ls=pyvrp iter=9
2026-03-15 22:22:15 | INFO     | [POOL #00963] 1636 227 52 642 388 1879 791 2979 1640 1511 2995 599 652 429 2777 1792 2867 2269 3141 2489 8 1759 2881 1328 1845 || mode=RB method=sk_ac_complete solver=pyvrp stage=post_ls ls=pyvrp iter=9
2026-03-15 22:22:15 | INFO     | [POOL #00964] 595 1219 2316 398 1859 588 1216 156 196 1351 470 2578 2204 2446 2504 3210 2527 2557 592 281 2913 3203 747 2868 204 2021 345 || mode=RB method=sk_ac_complete solver=pyvrp stage=post_ls ls=pyvrp iter=9
2026-03-15 22:22:15 | INFO     | [POOL #00965] 1152 2166 3079 3177 2644 1871 967 1735 1499 2950 1543 111 1940 2458 1939 2607 3037 1851 1449 1320 2246 2650 100 692 1482 2024 || mode=RB method=sk_ac_complete solver=pyvrp stage=post_ls ls=pyvrp iter=9
2026-03-15 22:22:15 | INFO     | [POOL #00966] 3143 324 2615 94 978 1774 1624 199 3221 79 399 2718 2377 2525 1900 1278 2200 78 1257 1265 2749 1020 2022 2869 1046 1218 1 1288 2196 2295 998 88 125 3060 1782 || mode=RB method=sk_ac_complete solver=pyvrp stage=post_ls ls=pyvrp iter=9
2026-03-15 22:22:15 | INFO     | [POOL #00967] 1802 2789 3174 265 1572 2012 419 1159 1611 3009 431 322 1682 3226 1210 2374 347 210 1581 3077 3075 1404 2748 1931 1578 1115 2808 || mode=RB method=sk_ac_complete solver=pyvrp stage=post_ls ls=pyvrp iter=9
2026-03-15 22:22:15 | INFO     | [POOL #00968] 1884 1743 299 2156 1767 638 2876 841 3233 298 3238 2591 1201 2856 2914 1279 144 2662 792 870 1162 2062 892 2472 2347 1165 2549 937 || mode=RB method=sk_ac_complete solver=pyvrp stage=post_ls ls=pyvrp iter=9
2026-03-15 22:22:15 | INFO     | [POOL #00969] 2183 2517 573 2568 1765 2791 1506 1267 1718 1914 2833 3017 181 369 1186 51 3120 980 3002 2565 2513 2970 1458 2721 397 2084 963 2672 798 || mode=RB method=sk_ac_complete solver=pyvrp stage=post_ls ls=pyvrp iter=9
2026-03-15 22:22:15 | INFO     | [POOL #00970] 154 837 2050 3111 2886 1075 2447 1579 3105 313 2627 728 121 2393 2006 1211 104 1711 350 1106 1048 997 702 1772 657 116 1486 1722 || mode=RB method=sk_ac_complete solver=pyvrp stage=post_ls ls=pyvrp iter=9
2026-03-15 22:22:15 | INFO     | [POOL #00971] 2977 2980 23 3024 2116 2745 1656 811 1780 2147 1571 1697 1816 3014 631 2483 1180 2453 2049 1622 1311 1007 2067 2960 2372 2399 1332 67 2957 917 || mode=RB method=sk_ac_complete solver=pyvrp stage=post_ls ls=pyvrp iter=9
2026-03-15 22:22:15 | INFO     | [POOL #00972] 267 2485 1602 2589 1167 1537 569 1542 410 1500 1693 542 1888 1087 3138 1811 2761 1794 1481 2664 3227 84 840 161 1092 1350 1422 987 1135 1281 1031 1587 1632 2340 || mode=RB method=sk_ac_complete solver=pyvrp stage=post_ls ls=pyvrp iter=9
2026-03-15 22:22:15 | INFO     | [POOL #00973] 3064 2180 1733 1904 1984 780 292 2275 465 1408 1951 1290 1894 547 1255 718 2947 1548 1725 1987 2231 2038 1557 1953 3063 1090 1362 926 1814 || mode=RB method=sk_ac_complete solver=pyvrp stage=post_ls ls=pyvrp iter=9
2026-03-15 22:22:15 | INFO     | [POOL #00974] 839 2813 1312 1423 2152 1669 2978 2956 2251 1586 1241 1993 2571 1550 1468 242 671 1222 2631 854 1268 1358 2179 921 1755 165 483 754 331 1316 || mode=RB method=sk_ac_complete solver=pyvrp stage=post_ls ls=pyvrp iter=9
2026-03-15 22:22:15 | INFO     | [POOL #00975] 1095 1729 1026 981 1721 2255 2401 476 2675 1063 2841 820 2810 2811 551 1096 2994 2776 2260 1441 713 1272 710 1717 1623 2014 1948 119 500 1102 3132 1427 794 || mode=RB method=sk_ac_complete solver=pyvrp stage=post_ls ls=pyvrp iter=9
2026-03-15 22:22:15 | INFO     | [POOL #00976] 863 1008 974 2248 1764 515 2119 1204 21 568 28 971 887 1000 2326 3162 672 2329 1790 3056 1590 2535 2597 2303 2444 29 1825 212 || mode=RB method=sk_ac_complete solver=pyvrp stage=post_ls ls=pyvrp iter=9
2026-03-15 22:22:15 | INFO     | [POOL #00977] 1146 2971 2026 621 2177 1344 1807 2115 1770 1990 2695 259 2211 814 2852 1049 523 64 720 1439 7 1381 1010 192 1974 1745 3022 || mode=RB method=sk_ac_complete solver=pyvrp stage=post_ls ls=pyvrp iter=9
2026-03-15 22:22:15 | INFO     | [POOL #00978] 1813 2031 1504 1941 2388 932 2241 1182 2938 641 923 1896 1897 3216 739 229 619 3185 1695 1489 34 2356 1153 1158 1926 224 2324 1899 || mode=RB method=sk_ac_complete solver=pyvrp stage=post_ls ls=pyvrp iter=9
2026-03-15 22:22:15 | INFO     | [POOL #00979] 533 940 2661 2432 1022 2288 1752 664 1101 2961 928 3090 1391 2766 1809 3124 2643 1637 2969 2370 31 1280 3236 1174 || mode=RB method=sk_ac_complete solver=pyvrp stage=post_ls ls=pyvrp iter=9
2026-03-15 22:22:15 | INFO     | [POOL #00980] 307 2998 1161 2533 663 1563 1509 358 1615 1416 661 2712 472 1919 1947 274 2943 1849 2823 2042 591 962 2610 1925 1991 2437 1285 2931 2755 1936 1934 1923 1547 1250 1952 801 1730 2222 2082 || mode=RB method=sk_ac_complete solver=pyvrp stage=post_ls ls=pyvrp iter=9
2026-03-15 22:22:15 | INFO     | [POOL #00981] 2072 1431 2256 2332 1639 1226 1497 712 2490 1453 519 929 1791 3197 1817 372 1836 1410 1293 3157 458 2168 1315 1530 1906 1164 1009 13 823 3010 || mode=RB method=sk_ac_complete solver=pyvrp stage=post_ls ls=pyvrp iter=9
2026-03-15 22:22:15 | INFO     | [POOL #00982] 968 1671 1702 3116 338 868 30 173 2898 2161 366 2503 2349 843 2710 61 1307 466 3074 2360 773 2369 2494 266 2028 681 1558 || mode=RB method=sk_ac_complete solver=pyvrp stage=post_ls ls=pyvrp iter=9
2026-03-15 22:22:15 | INFO     | [POOL #00983] 3115 22 1136 670 2972 1036 546 1258 49 2203 1513 2902 2904 2669 648 1689 1519 1094 3118 650 930 529 784 610 2570 2308 1313 2889 || mode=RB method=sk_ac_complete solver=pyvrp stage=post_ls ls=pyvrp iter=9
2026-03-15 22:22:15 | INFO     | [POOL #00984] 486 241 1310 1485 2713 984 1676 1574 1202 408 667 1805 2191 328 615 311 1703 953 1959 959 2933 393 2362 109 1649 3042 1893 || mode=RB method=sk_ac_complete solver=pyvrp stage=post_ls ls=pyvrp iter=9
2026-03-15 22:22:15 | INFO     | [POOL #00985] 752 608 2061 614 58 2708 2859 1384 919 1160 1616 924 2604 1329 412 496 203 2790 1935 586 1554 543 1756 517 1917 3176 || mode=RB method=sk_ac_complete solver=pyvrp stage=post_ls ls=pyvrp iter=9
2026-03-15 22:22:15 | INFO     | [POOL #00986] 2702 2937 1324 2512 2150 2983 1132 2415 1852 1943 177 1367 1661 740 3139 1827 2671 1561 2919 280 2974 2208 1411 1123 3023 552 2421 2763 102 2576 || mode=RB method=sk_ac_complete solver=pyvrp stage=post_ls ls=pyvrp iter=9
2026-03-15 22:22:15 | INFO     | [POOL #00987] 1097 1283 2085 2319 2345 3155 3152 2017 1388 2526 2903 1887 1348 3237 43 2681 1493 2128 912 489 1081 1275 3194 2070 1604 2861 532 1178 2511 1596 1577 2270 || mode=RB method=sk_ac_complete solver=pyvrp stage=post_ls ls=pyvrp iter=9
2026-03-15 22:22:15 | INFO     | [POOL #00988] 835 2137 1333 220 2244 1803 1564 1461 1606 147 385 2739 2559 3071 731 1387 149 545 3093 475 1798 1526 3175 554 269 577 1757 1189 605 813 838 2126 2754 || mode=RB method=sk_ac_complete solver=pyvrp stage=post_ls ls=pyvrp iter=9
2026-03-15 22:22:15 | INFO     | [POOL #00989] 1736 85 39 2202 189 1168 1266 1247 2240 2537 2580 2487 1608 151 2199 1972 558 1588 405 803 3040 2546 112 2090 1930 582 128 2045 2628 || mode=RB method=sk_ac_complete solver=pyvrp stage=post_ls ls=pyvrp iter=9
2026-03-15 22:22:15 | INFO     | [POOL #00990] 2136 1080 587 2473 2707 1040 2435 1145 2560 715 2477 490 2696 3136 2894 807 852 1382 2112 734 103 1568 2117 2382 1705 2779 3198 || mode=RB method=sk_ac_complete solver=pyvrp stage=post_ls ls=pyvrp iter=9
2026-03-15 22:22:15 | INFO     | [POOL #00991] 2590 2263 276 2850 169 2680 1084 2968 186 703 364 3087 1105 1369 1864 566 1368 239 1535 1448 789 2746 257 2239 1051 1612 2419 1066 124 || mode=RB method=sk_ac_complete solver=pyvrp stage=post_ls ls=pyvrp iter=9
2026-03-15 22:22:15 | INFO     | [POOL #00992] 263 1874 376 3209 448 590 1758 433 2807 1451 1854 1108 834 1840 2614 686 261 2328 2519 3235 1465 3183 1776 2554 2930 644 1910 || mode=RB method=sk_ac_complete solver=pyvrp stage=post_ls ls=pyvrp iter=9
2026-03-15 22:22:15 | INFO     | [POOL #00993] 65 1444 1118 1074 2536 2888 832 2396 3217 956 1405 2602 925 387 2846 1100 284 745 2959 2688 999 2593 908 2335 1214 1163 2534 601 || mode=RB method=sk_ac_complete solver=pyvrp stage=post_ls ls=pyvrp iter=9
2026-03-15 22:22:15 | INFO     | [POOL #00994] 2734 828 1501 2551 556 970 2905 1085 3007 1700 1093 2923 1433 146 37 1546 3211 2417 1200 2598 386 3062 443 2286 2247 776 2001 2892 2020 2924 2778 || mode=RB method=sk_ac_complete solver=pyvrp stage=post_ls ls=pyvrp iter=9
2026-03-15 22:22:15 | INFO     | [POOL #00995] 2981 3066 907 1273 35 1663 1339 2939 356 330 764 2692 2843 1442 2426 2642 3067 1287 1138 || mode=RB method=sk_ac_complete solver=pyvrp stage=post_ls ls=pyvrp iter=9
2026-03-15 22:22:15 | INFO     | [POOL #00996] 447 3051 1194 3005 2442 2059 1654 487 175 1565 654 1892 495 370 1992 985 604 3035 2210 2531 290 || mode=RB method=sk_ac_complete solver=pyvrp stage=post_ls ls=pyvrp iter=9
2026-03-15 22:22:15 | INFO     | [POOL #00997] 129 132 11 2192 270 1527 1424 3208 2406 2762 2522 2120 1665 2552 536 850 2306 2073 2953 537 3112 1945 2287 1056 2475 1724 1195 1666 2004 1505 1251 2587 || mode=RB method=sk_ac_complete solver=pyvrp stage=post_ls ls=pyvrp iter=9
2026-03-15 22:22:15 | INFO     | [POOL #00998] 2757 2990 113 415 2051 1198 3 602 685 1011 1294 893 3034 1078 691 1128 342 1184 2355 1595 1978 2895 502 1331 831 3179 2626 1799 3229 637 749 2616 2322 1209 1560 2462 2945 1230 1687 || mode=RB method=sk_ac_complete solver=pyvrp stage=post_ls ls=pyvrp iter=9
2026-03-15 22:22:15 | INFO     | [POOL #00999] 253 1576 1386 2470 2964 308 722 317 1784 2111 1691 1336 1282 501 2733 2376 2464 1808 2069 1512 127 1227 861 2052 2803 1375 2582 2773 1628 1264 || mode=RB method=sk_ac_complete solver=pyvrp stage=post_ls ls=pyvrp iter=9
2026-03-15 22:22:15 | INFO     | [POOL #01000] 901 1419 1213 2284 2291 2558 2140 20 833 3205 2742 723 2173 2104 327 2429 851 15 1630 947 2229 2395 201 3231 876 914 2657 || mode=RB method=sk_ac_complete solver=pyvrp stage=post_ls ls=pyvrp iter=9
2026-03-15 22:22:15 | INFO     | [POOL #01001] 2325 1141 2613 57 459 2154 2621 404 1402 2885 1753 1746 633 1843 2689 2206 1134 1177 911 2218 2866 1957 1150 || mode=RB method=sk_ac_complete solver=pyvrp stage=post_ls ls=pyvrp iter=9
2026-03-15 22:22:15 | INFO     | [POOL #01002] 2331 2278 1001 1847 847 1047 1986 1023 1107 646 1464 3041 1432 1962 206 660 2 682 540 326 2705 3223 2358 2221 2909 59 || mode=RB method=sk_ac_complete solver=pyvrp stage=post_ls ls=pyvrp iter=9
2026-03-15 22:22:15 | INFO     | [POOL #01003] 1710 629 1867 1249 2047 1999 1970 2955 353 2872 933 2216 2327 1626 2635 2170 1110 2787 2272 2333 643 2805 1088 1653 426 1215 304 || mode=RB method=sk_ac_complete solver=pyvrp stage=post_ls ls=pyvrp iter=9
2026-03-15 22:22:15 | INFO     | [POOL #01004] 1338 3018 3161 567 3232 1426 2002 865 68 63 673 1856 2622 581 2925 230 2794 2760 1955 456 1777 651 1995 1541 2891 3140 32 884 2086 856 3195 || mode=RB method=sk_ac_complete solver=pyvrp stage=post_ls ls=pyvrp iter=9
2026-03-15 22:22:15 | INFO     | [POOL #01005] 559 1059 787 1973 563 3000 684 377 3133 958 359 2498 396 321 2753 1071 774 219 1028 1470 193 2706 3081 665 || mode=RB method=sk_ac_complete solver=pyvrp stage=post_ls ls=pyvrp iter=9
2026-03-15 22:22:15 | INFO     | [POOL #01006] 2223 226 2530 2212 1271 936 1949 1043 738 2105 2424 2958 2691 2697 1875 994 2758 2586 1769 716 857 2471 2265 2854 || mode=RB method=sk_ac_complete solver=pyvrp stage=post_ls ls=pyvrp iter=9
2026-03-15 22:22:15 | INFO     | [POOL #01007] 2075 596 1361 2989 275 1937 3085 494 1342 1985 1508 1514 721 89 2312 1921 949 409 145 2087 1003 1716 1667 2606 || mode=RB method=sk_ac_complete solver=pyvrp stage=post_ls ls=pyvrp iter=9
2026-03-15 22:22:15 | INFO     | [POOL #01008] 1166 936 1949 1043 738 1342 2958 2691 2741 2228 1747 2359 44 2205 1582 786 3129 2804 1245 1875 2366 2659 2648 2212 226 || mode=VB method=sk_ac_avg solver=pyvrp stage=post_ls ls=pyvrp iter=10
2026-03-15 22:22:15 | INFO     | [POOL #01009] 110 2706 2499 1470 2290 1028 774 1071 952 2420 2268 463 1225 3031 2336 1592 1126 3011 698 2498 958 359 1478 563 1973 787 2471 || mode=VB method=sk_ac_avg solver=pyvrp stage=post_ls ls=pyvrp iter=10
2026-03-15 22:22:15 | INFO     | [POOL #01010] 1003 1361 1751 2515 1413 1013 877 2600 931 2819 2033 2901 544 505 1223 704 616 375 1787 481 2302 1514 494 275 1271 || mode=VB method=sk_ac_avg solver=pyvrp stage=post_ls ls=pyvrp iter=10
2026-03-15 22:22:15 | INFO     | [POOL #01011] 3049 1873 1841 1261 1552 1877 951 2280 866 1053 2215 2676 449 2860 340 1217 2354 520 2193 70 891 2816 620 3173 1139 2312 1921 409 || mode=VB method=sk_ac_avg solver=pyvrp stage=post_ls ls=pyvrp iter=10
2026-03-15 22:22:15 | INFO     | [POOL #01012] 2639 2171 2717 2871 363 706 2409 2400 1885 1659 2455 2750 1872 1658 2566 2799 1853 1641 2404 1436 1069 3059 411 2109 2715 3025 1248 2699 2858 2153 2583 1566 || mode=VB method=sk_ac_avg solver=pyvrp stage=post_ls ls=pyvrp iter=10
2026-03-15 22:22:15 | INFO     | [POOL #01013] 1957 304 1901 1986 540 2805 1023 1107 646 1955 456 1626 2170 2635 2327 1777 651 1995 1541 2891 3140 2216 933 2760 2872 1962 353 206 2955 1970 || mode=VB method=sk_ac_avg solver=pyvrp stage=post_ls ls=pyvrp iter=10
2026-03-15 22:22:15 | INFO     | [POOL #01014] 1559 1976 594 1589 205 17 775 1739 3161 3018 567 3232 1426 2002 1999 1088 2047 1249 3223 847 3195 1867 629 || mode=VB method=sk_ac_avg solver=pyvrp stage=post_ls ls=pyvrp iter=10
2026-03-15 22:22:15 | INFO     | [POOL #01015] 1215 426 1653 2705 326 1047 682 1464 3041 1432 2794 884 32 2086 230 2925 660 2 581 2622 1856 673 63 68 865 856 || mode=VB method=sk_ac_avg solver=pyvrp stage=post_ls ls=pyvrp iter=10
2026-03-15 22:22:15 | INFO     | [POOL #01016] 559 911 1177 1134 2206 2689 2621 404 1843 1402 633 1746 2885 1753 3081 716 1769 3085 1937 428 2125 2530 480 1141 || mode=VB method=sk_ac_avg solver=pyvrp stage=post_ls ls=pyvrp iter=10
2026-03-15 22:22:15 | INFO     | [POOL #01017] 665 857 2586 2758 198 455 2668 187 120 2321 1289 2148 2640 2034 897 1508 721 1985 3225 2989 145 2087 || mode=VB method=sk_ac_avg solver=pyvrp stage=post_ls ls=pyvrp iter=10
2026-03-15 22:22:15 | INFO     | [POOL #01018] 2154 461 246 1133 2940 2367 41 2694 130 512 462 108 3032 1652 535 802 2099 2601 1015 321 2753 3133 377 684 3000 193 143 459 57 1059 2265 || mode=VB method=sk_ac_avg solver=pyvrp stage=post_ls ls=pyvrp iter=10
2026-03-15 22:22:15 | INFO     | [POOL #01019] 994 2443 1605 2797 628 2655 2194 700 2392 1584 565 2501 3058 1876 701 1017 1994 3228 3206 805 3108 2224 942 2463 2424 2105 || mode=VB method=sk_ac_avg solver=pyvrp stage=post_ls ls=pyvrp iter=10
2026-03-15 22:22:15 | INFO     | [POOL #01020] 1110 297 2701 808 413 1932 1524 1518 2572 1443 2423 136 1545 96 772 423 81 1495 1456 1549 19 1868 550 1474 3130 2155 2678 632 2967 || mode=VB method=sk_ac_avg solver=pyvrp stage=post_ls ls=pyvrp iter=10
2026-03-15 22:22:15 | INFO     | [POOL #01021] 1119 1076 305 2342 1551 2279 3160 1553 816 286 1480 1041 33 1668 1277 2685 3168 2145 355 122 778 46 938 40 603 2113 1052 1175 2917 1996 || mode=VB method=sk_ac_avg solver=pyvrp stage=post_ls ls=pyvrp iter=10
2026-03-15 22:22:15 | INFO     | [POOL #01022] 2697 74 217 883 2164 2422 1309 1839 2307 451 699 2416 1330 2645 2801 2234 1562 2281 1768 2459 1191 1291 357 1187 2266 2523 1019 1912 3113 24 2425 || mode=VB method=sk_ac_avg solver=pyvrp stage=post_ls ls=pyvrp iter=10
2026-03-15 22:22:15 | INFO     | [POOL #01023] 596 1800 630 2654 301 1205 1648 3019 1349 683 1357 262 155 995 3069 93 575 2481 859 2476 2870 649 484 1403 1061 1865 1379 920 1179 || mode=VB method=sk_ac_avg solver=pyvrp stage=post_ls ls=pyvrp iter=10
2026-03-15 22:22:15 | INFO     | [POOL #01024] 3095 77 525 2879 1155 1395 457 2058 2273 142 804 277 1335 3222 1629 2245 2663 560 2629 2842 1341 1915 391 2078 234 1171 1880 522 2725 2343 || mode=VB method=sk_ac_avg solver=pyvrp stage=post_ls ls=pyvrp iter=10
2026-03-15 22:22:15 | INFO     | [POOL #01025] 1989 2752 2619 1731 1169 867 2660 381 817 2384 2414 1707 1706 904 417 54 3088 1844 2722 1638 2348 2916 570 2848 853 3186 1224 1323 2997 2577 3187 89 || mode=VB method=sk_ac_avg solver=pyvrp stage=post_ls ls=pyvrp iter=10
2026-03-15 22:22:15 | INFO     | [POOL #01026] 2218 643 2333 2272 2787 42 1445 790 1869 2023 1842 126 1521 473 1371 1826 1763 1998 1346 1284 609 571 310 1428 1830 396 219 3094 2613 || mode=VB method=sk_ac_avg solver=pyvrp stage=post_ls ls=pyvrp iter=10
2026-03-15 22:22:15 | INFO     | [POOL #01027] 949 2257 1775 2865 1192 440 1815 583 344 1651 765 1981 2738 693 2502 453 107 1902 1866 395 647 2853 439 992 2991 1244 1812 491 2035 2782 2585 || mode=VB method=sk_ac_avg solver=pyvrp stage=post_ls ls=pyvrp iter=10
2026-03-15 22:22:15 | INFO     | [POOL #01028] 157 506 1203 2756 1988 2254 2190 2236 2630 1114 430 1360 825 4 2098 1870 48 91 2497 295 416 796 1355 1471 2338 1891 92 2405 1130 2948 2845 || mode=VB method=sk_ac_avg solver=pyvrp stage=post_ls ls=pyvrp iter=10
2026-03-15 22:22:15 | INFO     | [POOL #01029] 1716 3214 1492 675 2809 579 314 1585 2822 2609 76 2623 1631 3033 235 2041 860 401 2478 2596 2089 1797 1454 188 1337 3196 || mode=VB method=sk_ac_avg solver=pyvrp stage=post_ls ls=pyvrp iter=10
2026-03-15 22:22:15 | INFO     | [POOL #01030] 1913 1532 432 1820 744 2835 3110 2479 2242 2834 407 1761 1625 909 916 513 2949 845 2611 3202 2301 || mode=VB method=sk_ac_avg solver=pyvrp stage=post_ls ls=pyvrp iter=10
2026-03-15 22:22:15 | INFO     | [POOL #01031] 523 1049 814 2211 602 928 1294 893 3034 1078 691 3208 2733 2406 2762 2376 2464 1808 2069 1512 2004 1505 1101 664 2582 2284 1213 3185 932 || mode=VB method=sk_ac_avg solver=pyvrp stage=post_ls ls=pyvrp iter=10
2026-03-15 22:22:15 | INFO     | [POOL #01032] 1523 2029 771 2632 1490 2057 1965 244 2730 593 131 1415 2770 3046 1070 390 1032 105 572 927 1963 2461 2226 2225 977 1726 935 1762 || mode=VB method=sk_ac_avg solver=pyvrp stage=post_ls ls=pyvrp iter=10
2026-03-15 22:22:15 | INFO     | [POOL #01033] 829 2397 2793 1326 3038 1613 2065 1911 741 2690 1353 97 954 2700 1321 810 1469 75 182 2172 1727 785 3125 1327 2040 1060 3215 656 || mode=VB method=sk_ac_avg solver=pyvrp stage=post_ls ls=pyvrp iter=10
2026-03-15 22:22:15 | INFO     | [POOL #01034] 1125 83 3072 2163 16 1621 1861 2053 250 1343 2584 2935 1570 3083 1109 2772 2018 2686 1455 1529 278 1909 548 1220 864 82 170 152 2608 || mode=VB method=sk_ac_avg solver=pyvrp stage=post_ls ls=pyvrp iter=10
2026-03-15 22:22:15 | INFO     | [POOL #01035] 1614 961 2599 2243 623 732 9 2201 1072 2532 1396 3082 498 1720 2378 2542 2569 1232 2780 2951 1600 1035 2934 1895 114 1181 781 || mode=VB method=sk_ac_avg solver=pyvrp stage=post_ls ls=pyvrp iter=10
2026-03-15 22:22:15 | INFO     | [POOL #01036] 3099 2195 2238 889 597 406 469 1778 6 2966 2267 2547 503 1002 225 418 989 2068 1440 2965 2097 2693 2556 1598 101 3172 2999 || mode=VB method=sk_ac_avg solver=pyvrp stage=post_ls ls=pyvrp iter=10
2026-03-15 22:22:15 | INFO     | [POOL #01037] 2911 1173 1646 3240 2545 1172 2341 2451 2792 434 2802 71 1212 2330 1580 2258 1229 2518 561 117 318 2505 2207 1886 2683 2130 || mode=VB method=sk_ac_avg solver=pyvrp stage=post_ls ls=pyvrp iter=10
2026-03-15 22:22:15 | INFO     | [POOL #01038] 2167 1583 3200 2735 2495 1079 3091 1124 1634 736 2767 2605 2573 585 2826 1920 1414 2890 2079 232 95 2897 1365 946 524 2847 1308 || mode=VB method=sk_ac_avg solver=pyvrp stage=post_ls ls=pyvrp iter=10
2026-03-15 22:22:15 | INFO     | [POOL #01039] 1788 300 1240 2563 611 2674 2296 5 2363 2887 3089 140 1889 3201 10 724 2452 2298 3070 1297 3114 1673 2581 1292 2555 437 1236 2737 3047 2952 1347 1484 2751 || mode=VB method=sk_ac_avg solver=pyvrp stage=post_ls ls=pyvrp iter=10
2026-03-15 22:22:15 | INFO     | [POOL #01040] 2427 2123 2185 1483 806 2259 2711 2840 211 26 2729 991 521 56 2198 325 1196 1971 2677 2403 2129 3101 1712 2806 2361 260 348 821 2915 1354 822 2149 2988 2727 1642 3182 2637 285 2151 || mode=VB method=sk_ac_avg solver=pyvrp stage=post_ls ls=pyvrp iter=10
2026-03-15 22:22:15 | INFO     | [POOL #01041] 742 1098 743 2083 2836 922 2548 965 1030 767 2176 2634 254 1065 3027 2264 349 1238 2893 1540 2516 3004 3054 658 2433 2588 1719 2438 2920 || mode=VB method=sk_ac_avg solver=pyvrp stage=post_ls ls=pyvrp iter=10
2026-03-15 22:22:15 | INFO     | [POOL #01042] 98 245 2091 2364 2786 1233 3098 1459 172 2054 247 1496 1425 2039 50 180 320 729 730 1575 3092 238 1111 549 1034 2875 2081 425 1742 578 3189 493 || mode=VB method=sk_ac_avg solver=pyvrp stage=post_ls ls=pyvrp iter=10
2026-03-15 22:22:15 | INFO     | [POOL #01043] 2138 2932 1749 844 1744 2106 2300 1699 1531 990 2015 1176 1409 2158 2652 1740 1197 1054 1528 1067 1476 3044 2543 2184 659 1536 1681 2976 1975 690 2507 || mode=VB method=sk_ac_avg solver=pyvrp stage=post_ls ls=pyvrp iter=10
2026-03-15 22:22:15 | INFO     | [POOL #01044] 237 2309 973 47 2908 2318 2878 915 213 1491 2060 2492 1039 1980 1686 80 1407 2261 1099 1534 957 1305 1691 1635 474 1520 2410 14 2142 288 374 || mode=VB method=sk_ac_avg solver=pyvrp stage=post_ls ls=pyvrp iter=10
2026-03-15 22:22:15 | INFO     | [POOL #01045] 1748 555 1420 625 1345 1708 2285 2638 1696 464 2037 3131 3050 392 2747 294 1750 1256 3204 1713 336 885 2520 2095 2133 2907 2174 1822 539 1005 2188 2814 2468 || mode=VB method=sk_ac_avg solver=pyvrp stage=post_ls ls=pyvrp iter=10
2026-03-15 22:22:15 | INFO     | [POOL #01046] 195 291 613 1690 669 2900 1627 617 2350 1117 289 282 164 252 1452 1374 1397 2227 2146 1207 735 251 1401 1129 208 2855 2121 1603 2954 || mode=VB method=sk_ac_avg solver=pyvrp stage=post_ls ls=pyvrp iter=10
2026-03-15 22:22:15 | INFO     | [POOL #01047] 2390 902 1838 3170 1967 2820 2165 38 872 2178 2838 3097 306 1303 492 2209 766 1944 2102 2673 2992 3219 2821 2993 1252 760 || mode=VB method=sk_ac_avg solver=pyvrp stage=post_ls ls=pyvrp iter=10
2026-03-15 22:22:15 | INFO     | [POOL #01048] 3188 2282 2509 1783 268 511 1938 2783 194 334 3127 2649 160 2408 1958 2046 1538 1539 138 499 1331 342 2522 1128 3179 2626 1799 1424 501 1282 1391 3090 1011 685 129 || mode=VB method=sk_ac_avg solver=pyvrp stage=post_ls ls=pyvrp iter=10
2026-03-15 22:22:15 | INFO     | [POOL #01049] 132 2470 2192 2111 1336 637 3229 1434 624 508 1242 2831 3154 171 2445 337 2441 354 45 2460 148 502 2895 1978 2306 2073 2953 537 3112 1945 2287 1056 2475 2742 2229 201 2773 || mode=VB method=sk_ac_avg solver=pyvrp stage=post_ls ls=pyvrp iter=10
2026-03-15 22:22:15 | INFO     | [POOL #01050] 1984 27 3166 2491 557 133 748 3061 969 1916 1024 454 1259 2071 373 55 365 1929 3117 1760 1966 705 2122 1421 1319 3096 36 510 || mode=VB method=sk_ac_avg solver=pyvrp stage=post_ls ls=pyvrp iter=10
2026-03-15 22:22:15 | INFO     | [POOL #01051] 1376 3199 708 315 1680 1364 1352 478 352 287 2371 1789 900 1832 1779 831 1184 1595 2355 850 536 2552 1665 2120 127 2961 1251 1752 1628 1419 1695 901 1542 || mode=VB method=sk_ac_avg solver=pyvrp stage=post_ls ls=pyvrp iter=10
2026-03-15 22:22:15 | INFO     | [POOL #01052] 422 896 634 827 3164 2682 1503 2500 2768 2829 1447 1692 2684 3123 842 3053 2482 2114 726 2379 2815 1393 986 2851 312 1157 2592 || mode=VB method=sk_ac_avg solver=pyvrp stage=post_ls ls=pyvrp iter=10
2026-03-15 22:22:15 | INFO     | [POOL #01053] 445 1338 2431 3169 2544 3102 118 1594 2368 875 231 2912 531 1922 880 1662 855 1785 2827 947 2823 2610 962 2042 591 1547 || mode=VB method=sk_ac_avg solver=pyvrp stage=post_ls ls=pyvrp iter=10
2026-03-15 22:22:15 | INFO     | [POOL #01054] 914 3216 876 3231 2395 2291 2558 723 2173 2104 1666 327 1195 1724 2429 851 15 1227 861 2052 2803 1375 1896 1897 923 || mode=VB method=sk_ac_avg solver=pyvrp stage=post_ls ls=pyvrp iter=10
2026-03-15 22:22:15 | INFO     | [POOL #01055] 1657 558 2972 670 2928 1942 2817 687 159 1513 2902 2904 2669 648 271 750 2743 2346 1234 3213 1260 1515 2454 1977 2411 1120 84 840 || mode=VB method=sk_ac_avg solver=pyvrp stage=post_ls ls=pyvrp iter=10
2026-03-15 22:22:15 | INFO     | [POOL #01056] 1036 546 1258 49 2203 1689 1519 1094 3118 650 371 2880 1429 697 106 2716 812 964 2100 2232 2910 996 3205 833 20 2140 1630 666 707 3006 2755 || mode=VB method=sk_ac_avg solver=pyvrp stage=post_ls ls=pyvrp iter=10
2026-03-15 22:22:15 | INFO     | [POOL #01057] 1253 1437 2457 799 2162 903 862 2625 3181 873 2550 2007 3039 1188 983 1833 895 759 680 1903 3020 3135 3212 653 || mode=VB method=sk_ac_avg solver=pyvrp stage=post_ls ls=pyvrp iter=10
2026-03-15 22:22:15 | INFO     | [POOL #01058] 2852 2370 11 2019 2253 1620 1386 1637 1576 2969 3 1198 2051 259 2695 1990 2587 1770 2115 1807 1344 415 113 2177 3197 || mode=VB method=sk_ac_avg solver=pyvrp stage=post_ls ls=pyvrp iter=10
2026-03-15 22:22:15 | INFO     | [POOL #01059] 1466 2670 384 1156 1147 1366 72 2175 3149 2353 1193 2131 1555 442 2982 309 2000 2110 1140 2220 197 1394 584 3207 || mode=VB method=sk_ac_avg solver=pyvrp stage=post_ls ls=pyvrp iter=10
2026-03-15 22:22:15 | INFO     | [POOL #01060] 1883 2524 141 2942 221 2769 2617 770 564 2528 1655 236 2465 711 3001 534 279 2828 1737 319 1356 1239 215 1685 2077 1968 158 538 1359 1058 3220 || mode=VB method=sk_ac_avg solver=pyvrp stage=post_ls ls=pyvrp iter=10
2026-03-15 22:22:15 | INFO     | [POOL #01061] 1964 1154 378 918 507 1507 2469 339 3134 308 722 317 2322 1784 2616 749 1527 270 2766 1809 3124 2643 1209 2964 1560 2462 2945 1230 3021 1818 2357 1174 || mode=VB method=sk_ac_avg solver=pyvrp stage=post_ls ls=pyvrp iter=10
2026-03-15 22:22:15 | INFO     | [POOL #01062] 3165 2606 2223 3051 1194 3005 2442 2059 1377 1654 487 2909 175 1565 654 1892 495 370 1992 985 604 2210 290 447 || mode=VB method=sk_ac_avg solver=pyvrp stage=post_ls ls=pyvrp iter=10
2026-03-15 22:22:15 | INFO     | [POOL #01063] 2270 2448 2008 2628 329 1619 2511 1178 532 2861 1604 2070 3194 1275 2512 2150 2983 240 2927 1863 2221 2839 2508 2032 1324 516 1467 753 2800 788 || mode=VB method=sk_ac_avg solver=pyvrp stage=post_ls ls=pyvrp iter=10
2026-03-15 22:22:15 | INFO     | [POOL #01064] 2981 3066 1442 2843 2576 2642 3067 1287 1138 || mode=VB method=sk_ac_avg solver=pyvrp stage=post_ls ls=pyvrp iter=10
2026-03-15 22:22:15 | INFO     | [POOL #01065] 2539 1246 3052 2594 1339 2939 1736 85 2263 276 39 2763 3086 2679 1596 2818 1438 1412 2107 1674 2331 2702 2531 1372 || mode=VB method=sk_ac_avg solver=pyvrp stage=post_ls ls=pyvrp iter=10
2026-03-15 22:22:15 | INFO     | [POOL #01066] 2394 2434 3030 818 907 1273 35 1663 3144 124 2692 764 330 356 727 1304 982 2540 871 2048 2141 214 1855 1884 || mode=VB method=sk_ac_avg solver=pyvrp stage=post_ls ls=pyvrp iter=10
2026-03-15 22:22:15 | INFO     | [POOL #01067] 3035 3218 2937 489 1132 2415 452 1679 1055 830 460 849 1296 1001 1754 1847 2358 2866 1033 1274 676 2854 1150 2262 1317 1667 2075 2325 || mode=VB method=sk_ac_avg solver=pyvrp stage=post_ls ls=pyvrp iter=10
2026-03-15 22:22:15 | INFO     | [POOL #01068] 2080 2143 2449 394 1533 797 1014 402 3079 1270 1698 890 2092 3177 2108 2720 1115 2808 937 1801 2979 798 1091 2088 692 1804 || mode=VB method=sk_ac_avg solver=pyvrp stage=post_ls ls=pyvrp iter=10
2026-03-15 22:22:15 | INFO     | [POOL #01069] 662 2387 993 600 3147 2274 1860 719 1477 1254 156 196 1567 1199 2906 1848 2314 2304 2849 943 881 1389 283 595 || mode=VB method=sk_ac_avg solver=pyvrp stage=post_ls ls=pyvrp iter=10
2026-03-15 22:22:15 | INFO     | [POOL #01070] 1131 2913 281 2941 1086 2204 23 1316 2667 2574 2036 3163 2064 1918 1979 1672 800 2013 2867 1664 1328 || mode=VB method=sk_ac_avg solver=pyvrp stage=post_ls ls=pyvrp iter=10
2026-03-15 22:22:15 | INFO     | [POOL #01071] 2825 2658 1064 73 2812 3156 1152 2166 1511 2995 725 1206 2777 429 652 2269 3141 1714 264 248 2771 2944 467 || mode=VB method=sk_ac_avg solver=pyvrp stage=post_ls ls=pyvrp iter=10
2026-03-15 22:22:15 | INFO     | [POOL #01072] 1148 761 553 1715 3106 2653 178 1018 905 874 1417 3203 747 2323 976 2005 204 2021 1701 1392 2094 || mode=VB method=sk_ac_avg solver=pyvrp stage=post_ls ls=pyvrp iter=10
2026-03-15 22:22:15 | INFO     | [POOL #01073] 1956 1219 758 1759 2316 398 679 1077 1487 1828 626 3126 444 1813 2399 2372 2050 1112 1406 879 2317 174 2352 599 824 589 1835 1845 || mode=VB method=sk_ac_avg solver=pyvrp stage=post_ls ls=pyvrp iter=10
2026-03-15 22:22:15 | INFO     | [POOL #01074] 2665 2896 1675 1473 190 836 302 2157 1781 1593 2759 436 2973 1228 3146 3036 || mode=VB method=sk_ac_avg solver=pyvrp stage=post_ls ls=pyvrp iter=10
2026-03-15 22:22:15 | INFO     | [POOL #01075] 2541 1859 588 1216 809 1795 2646 3103 2237 1449 2656 1569 1320 2246 2644 18 2183 382 527 2506 1640 2160 166 || mode=VB method=sk_ac_avg solver=pyvrp stage=post_ls ls=pyvrp iter=10
2026-03-15 22:22:15 | INFO     | [POOL #01076] 3119 3048 1378 296 2504 2118 618 2926 3153 2252 427 979 1038 2249 2921 2796 2480 1601 2647 200 2124 1399 2334 2918 3122 255 345 || mode=VB method=sk_ac_avg solver=pyvrp stage=post_ls ls=pyvrp iter=10
2026-03-15 22:22:15 | INFO     | [POOL #01077] 709 185 2217 2514 3148 1908 2412 606 153 163 2726 826 888 3045 1704 2134 2788 2496 688 769 361 2271 2418 910 2774 1645 2103 1231 668 293 471 || mode=VB method=sk_ac_avg solver=pyvrp stage=post_ls ls=pyvrp iter=10
2026-03-15 22:22:15 | INFO     | [POOL #01078] 2380 1522 2709 2182 2687 627 576 1144 2862 607 3145 2922 1082 2219 2698 3184 479 176 258 1385 2798 1012 2030 3192 || mode=VB method=sk_ac_avg solver=pyvrp stage=post_ls ls=pyvrp iter=10
2026-03-15 22:22:15 | INFO     | [POOL #01079] 341 1383 636 768 1450 640 3068 1857 1858 714 913 1116 2651 86 955 3224 2003 446 526 379 || mode=VB method=sk_ac_avg solver=pyvrp stage=post_ls ls=pyvrp iter=10
2026-03-15 22:22:15 | INFO     | [POOL #01080] 1044 316 1773 1647 2765 1301 3078 323 694 2297 1793 696 2936 674 1599 988 1334 1025 1878 2315 612 2618 1846 209 383 || mode=VB method=sk_ac_avg solver=pyvrp stage=post_ls ls=pyvrp iter=10
2026-03-15 22:22:15 | INFO     | [POOL #01081] 1122 733 2181 2440 2365 389 1684 2436 1882 2620 751 1221 1113 2074 367 25 2289 2043 1898 468 1610 3230 485 2197 1370 139 || mode=VB method=sk_ac_avg solver=pyvrp stage=post_ls ls=pyvrp iter=10
2026-03-15 22:22:15 | INFO     | [POOL #01082] 635 1016 3234 1907 2882 362 2383 2863 2189 3109 1862 746 886 1591 2996 1027 2962 335 783 3080 332 2135 3008 2127 2373 2277 || mode=VB method=sk_ac_avg solver=pyvrp stage=post_ls ls=pyvrp iter=10
2026-03-15 22:22:15 | INFO     | [POOL #01083] 2977 2313 2784 3210 2493 3193 2180 1905 165 1755 2179 921 793 2344 465 1268 1358 780 863 483 3064 1823 2980 3171 2557 592 2276 3015 622 || mode=VB method=sk_ac_avg solver=pyvrp stage=post_ls ls=pyvrp iter=10
2026-03-15 22:22:15 | INFO     | [POOL #01084] 2474 2339 2775 530 3104 2292 1810 1516 2732 191 737 218 2984 1435 1400 1525 1460 580 2016 53 2837 2391 1235 695 || mode=VB method=sk_ac_avg solver=pyvrp stage=post_ls ls=pyvrp iter=10
2026-03-15 22:22:15 | INFO     | [POOL #01085] 1143 1723 1983 2986 966 2636 2213 1678 1982 2579 1057 2877 497 2553 69 1829 878 2398 2781 333 678 3150 1607 2719 757 1928 || mode=VB method=sk_ac_avg solver=pyvrp stage=post_ls ls=pyvrp iter=10
2026-03-15 22:22:15 | INFO     | [POOL #01086] 1390 2214 1924 1314 179 420 639 1821 2703 598 1960 2985 2538 1517 1340 3012 2381 1850 134 1004 2562 1142 1050 1457 1688 2785 207 1771 3065 2063 || mode=VB method=sk_ac_avg solver=pyvrp stage=post_ls ls=pyvrp iter=10
2026-03-15 22:22:15 | INFO     | [POOL #01087] 438 1796 2561 3024 2745 1729 1026 547 2247 2841 1063 1669 2675 3010 2152 476 1894 2401 1290 1951 2255 1721 981 811 1656 2093 779 470 1819 || mode=VB method=sk_ac_avg solver=pyvrp stage=post_ls ls=pyvrp iter=10
2026-03-15 22:22:15 | INFO     | [POOL #01088] 1881 1475 2595 2250 3073 1446 2132 975 2612 1062 2428 343 60 2795 1006 1488 1021 2467 854 1408 974 292 1904 1733 754 331 2446 1502 1997 || mode=VB method=sk_ac_avg solver=pyvrp stage=post_ls ls=pyvrp iter=10
2026-03-15 22:22:15 | INFO     | [POOL #01089] 819 424 2385 939 1430 2025 1633 477 848 403 882 2159 233 815 1806 1103 2764 1237 1694 137 488 1890 2975 167 3107 2337 1660 || mode=VB method=sk_ac_avg solver=pyvrp stage=post_ls ls=pyvrp iter=10
2026-03-15 22:22:15 | INFO     | [POOL #01090] 1650 2230 2305 717 1556 216 2963 1185 677 2575 2169 2488 2233 2139 2521 435 782 1609 2456 2564 441 645 1670 1151 777 2736 1183 1029 2186 482 || mode=VB method=sk_ac_avg solver=pyvrp stage=post_ls ls=pyvrp iter=10
2026-03-15 22:22:15 | INFO     | [POOL #01091] 1170 168 3121 3239 1824 2873 2076 2486 2187 1597 2056 1969 934 2744 2413 1993 1550 2571 1241 1586 2251 1764 2956 2978 2248 1709 1008 1643 2868 || mode=VB method=sk_ac_avg solver=pyvrp stage=post_ls ls=pyvrp iter=10
2026-03-15 22:22:15 | INFO     | [POOL #01092] 1418 3084 3003 2510 3055 1263 1243 1834 3142 1286 3151 1472 504 1149 2310 1618 1190 1510 2439 1089 1269 1644 950 1262 3016 2714 906 || mode=VB method=sk_ac_avg solver=pyvrp stage=post_ls ls=pyvrp iter=10
2026-03-15 22:22:15 | INFO     | [POOL #01093] 1479 1738 1300 2294 2704 3026 3191 2101 2055 1299 1498 2430 1462 183 1127 3128 2946 2066 2824 509 2884 1831 1042 2311 66 1037 1137 2864 2624 3159 || mode=VB method=sk_ac_avg solver=pyvrp stage=post_ls ls=pyvrp iter=10
2026-03-15 22:22:15 | INFO     | [POOL #01094] 2527 898 2275 273 1298 762 2466 2027 941 869 2386 2375 2899 1373 90 1009 1208 1544 944 1045 150 1380 1741 2096 243 1318 1766 562 2857 228 99 1363 1728 1573 1961 2844 62 945 2641 || mode=VB method=sk_ac_avg solver=pyvrp stage=post_ls ls=pyvrp iter=10
2026-03-15 22:22:15 | INFO     | [POOL #01095] 2778 1351 249 3013 1073 1398 1325 3076 1255 3062 713 710 2453 1180 2483 631 2947 29 1825 2666 400 2009 2293 162 2881 || mode=VB method=sk_ac_avg solver=pyvrp stage=post_ls ls=pyvrp iter=10
2026-03-15 22:22:15 | INFO     | [POOL #01096] 154 1792 837 1306 2351 2957 67 2458 1940 970 3111 2960 2067 2444 763 2484 1571 2147 1423 1780 2813 2001 2020 2924 360 2578 2389 839 1946 948 || mode=VB method=sk_ac_avg solver=pyvrp stage=post_ls ls=pyvrp iter=10
2026-03-15 22:22:15 | INFO     | [POOL #01097] 1095 2116 3190 823 2119 1204 568 28 971 1687 1906 1164 253 1280 31 458 1293 1410 2168 1315 3236 242 671 1468 1222 2631 515 13 2811 1312 || mode=VB method=sk_ac_avg solver=pyvrp stage=post_ls ls=pyvrp iter=10
2026-03-15 22:22:15 | INFO     | [POOL #01098] 2892 776 2286 443 1700 1093 2923 820 2810 551 1433 146 1546 37 21 1096 2994 2776 2260 2971 1441 1146 3211 2417 1200 2598 386 3007 1697 1816 212 || mode=VB method=sk_ac_avg solver=pyvrp stage=post_ls ls=pyvrp iter=10
2026-03-15 22:22:15 | INFO     | [POOL #01099] 1085 2326 1000 887 1530 3157 64 720 1439 7 621 2026 1264 372 1836 1817 3162 672 2329 1790 3056 1602 3022 1272 1717 2597 2447 1007 1427 || mode=VB method=sk_ac_avg solver=pyvrp stage=post_ls ls=pyvrp iter=10
2026-03-15 22:22:15 | INFO     | [POOL #01100] 2905 1311 1579 2990 1590 2589 1745 1537 569 929 1791 1010 1381 1489 2288 1022 1693 34 2432 1500 410 2661 940 2014 1623 2627 313 2485 1730 2950 125 3060 100 || mode=VB method=sk_ac_avg solver=pyvrp stage=post_ls ls=pyvrp iter=10
2026-03-15 22:22:15 | INFO     | [POOL #01101] 1782 88 1102 2031 119 2490 1158 1952 3138 1087 641 2938 619 2657 1182 2241 1888 542 2356 1153 1811 1257 350 1186 51 2970 1279 1162 2549 || mode=VB method=sk_ac_avg solver=pyvrp stage=post_ls ls=pyvrp iter=10
2026-03-15 22:22:15 | INFO     | [POOL #01102] 554 109 2570 393 953 1703 1936 1615 1416 661 2712 3100 472 1919 1947 274 1849 2943 1925 2437 1991 739 229 1285 2931 311 1676 615 2664 1278 2565 1486 2672 || mode=VB method=sk_ac_avg solver=pyvrp stage=post_ls ls=pyvrp iter=10
2026-03-15 22:22:15 | INFO     | [POOL #01103] 1121 917 1871 2568 998 1506 1267 1914 181 3017 2833 500 1948 121 2393 1504 1941 2388 1453 519 192 1974 533 1167 2535 728 3105 1075 2886 2757 1332 794 || mode=VB method=sk_ac_avg solver=pyvrp stage=post_ls ls=pyvrp iter=10
2026-03-15 22:22:15 | INFO     | [POOL #01104] 518 892 2062 2295 2324 224 78 2200 1900 2761 1794 1481 667 1250 1923 1934 1574 1202 408 328 2191 1805 2525 2377 79 2959 2602 241 486 2374 1722 414 || mode=VB method=sk_ac_avg solver=pyvrp stage=post_ls ls=pyvrp iter=10
2026-03-15 22:22:15 | INFO     | [POOL #01105] 2244 1803 1526 2933 266 2494 2369 930 529 366 2503 2349 843 2710 61 1307 466 3074 2360 773 358 1509 959 1959 984 3227 3221 199 908 2739 || mode=VB method=sk_ac_avg solver=pyvrp stage=post_ls ls=pyvrp iter=10
2026-03-15 22:22:15 | INFO     | [POOL #01106] 347 2084 2235 1106 2749 1265 1926 1020 2022 2869 1046 801 2006 1211 104 1218 1711 1 702 1458 2721 1639 2888 3226 322 1557 1090 601 1362 || mode=VB method=sk_ac_avg solver=pyvrp stage=post_ls ls=pyvrp iter=10
2026-03-15 22:22:15 | INFO     | [POOL #01107] 263 3198 2044 2137 220 543 987 2889 1313 1558 412 681 868 30 173 2898 2161 784 2028 2604 1329 610 2308 161 1624 999 978 2856 2914 1201 2591 3009 2754 || mode=VB method=sk_ac_avg solver=pyvrp stage=post_ls ls=pyvrp iter=10
2026-03-15 22:22:15 | INFO     | [POOL #01108] 3174 2299 1226 997 925 1100 284 745 399 2718 1310 1485 2713 2362 149 545 3093 475 663 1382 807 1535 1448 789 3209 1097 2731 3158 376 || mode=VB method=sk_ac_avg solver=pyvrp stage=post_ls ls=pyvrp iter=10
2026-03-15 22:22:15 | INFO     | [POOL #01109] 1577 1588 2671 1887 1348 177 1367 1661 1671 1702 3116 338 1136 1943 1852 3237 43 2681 22 1493 2128 912 1081 2278 1710 59 || mode=VB method=sk_ac_avg solver=pyvrp stage=post_ls ls=pyvrp iter=10
2026-03-15 22:22:15 | INFO     | [POOL #01110] 2874 223 1159 1210 2256 2332 832 2396 2335 2559 3071 2593 1405 94 956 3217 3238 298 3233 841 1893 2231 2038 605 813 2450 222 756 689 388 2567 135 || mode=VB method=sk_ac_avg solver=pyvrp stage=post_ls ls=pyvrp iter=10
2026-03-15 22:22:15 | INFO     | [POOL #01111] 2724 3043 202 1950 2010 3014 718 2303 2049 1622 2222 2082 267 3132 1718 2196 1288 369 1899 3120 2513 397 2536 1725 1987 1189 1163 2534 655 2126 380 3143 926 1814 || mode=VB method=sk_ac_avg solver=pyvrp stage=post_ls ls=pyvrp iter=10
2026-03-15 22:22:15 | INFO     | [POOL #01112] 2421 1632 1168 1411 2580 2487 151 2199 2974 1561 1160 1616 924 496 203 2790 1935 586 1384 919 2708 2859 968 1827 2919 280 1972 405 803 3115 552 2045 1927 || mode=VB method=sk_ac_avg solver=pyvrp stage=post_ls ls=pyvrp iter=10
2026-03-15 22:22:15 | INFO     | [POOL #01113] 2998 2533 1563 1798 1092 1350 1422 1554 58 2061 614 1135 740 3139 1281 1031 1587 2903 1608 2208 3040 2546 112 2090 1266 2968 1084 2707 587 1080 1051 2136 2590 || mode=VB method=sk_ac_avg solver=pyvrp stage=post_ls ls=pyvrp iter=10
2026-03-15 22:22:15 | INFO     | [POOL #01114] 1068 752 703 2560 3155 3152 2526 1388 608 2017 1756 490 517 715 2477 2537 2240 1247 1123 1930 582 3023 128 303 2929 102 || mode=VB method=sk_ac_avg solver=pyvrp stage=post_ls ls=pyvrp iter=10
2026-03-15 22:22:15 | INFO     | [POOL #01115] 2830 835 2832 2779 1758 433 1368 1369 566 1864 2696 3136 2894 1145 2345 2435 1917 3176 1040 2319 2085 186 2680 1612 1066 2426 || mode=VB method=sk_ac_avg solver=pyvrp stage=post_ls ls=pyvrp iter=10
2026-03-15 22:22:15 | INFO     | [POOL #01116] 2024 227 2789 755 838 1572 324 419 431 1682 2615 1214 385 147 3175 1606 269 577 307 261 686 2328 3235 638 2320 795 123 2883 1494 2283 1874 || mode=VB method=sk_ac_avg solver=pyvrp stage=post_ls ls=pyvrp iter=10
2026-03-15 22:22:15 | INFO     | [POOL #01117] 2930 2519 2614 1564 1461 734 2112 852 1161 3042 1649 731 1387 1774 2688 2846 387 712 1497 1048 980 3002 1772 657 116 210 1074 2072 963 1444 1734 || mode=VB method=sk_ac_avg solver=pyvrp stage=post_ls ls=pyvrp iter=10
2026-03-15 22:22:15 | INFO     | [POOL #01118] 2633 1104 2239 2746 1283 364 3087 1105 239 1568 103 2117 2382 1705 590 448 257 2473 169 2850 189 2202 2340 2419 12 2011 528 || mode=VB method=sk_ac_avg solver=pyvrp stage=post_ls ls=pyvrp iter=10
2026-03-15 22:22:15 | INFO     | [POOL #01119] 1910 346 3167 368 541 272 1276 2807 1840 834 1108 1854 1451 1333 1776 2554 2603 644 1295 2407 421 1322 || mode=VB method=sk_ac_avg solver=pyvrp stage=post_ls ls=pyvrp iter=10
2026-03-15 22:22:15 | INFO     | [POOL #01120] 972 1954 450 87 3063 1953 1767 1757 2876 1465 3183 2156 299 351 1743 1302 1683 184 960 1732 2987 574 || mode=VB method=sk_ac_avg solver=pyvrp stage=post_ls ls=pyvrp iter=10
2026-03-15 22:22:15 | INFO     | [POOL #01121] 3057 2144 1837 791 1083 2734 1578 1931 2748 1404 1118 3075 1581 3077 573 2551 556 65 3137 1463 3028 1879 52 1802 1636 || mode=VB method=sk_ac_avg solver=pyvrp stage=post_ls ls=pyvrp iter=10
2026-03-15 22:22:15 | INFO     | [POOL #01122] 846 1617 2650 1165 2347 2472 2517 514 1851 967 1735 2791 792 2662 144 870 1431 1611 2012 2529 2728 3178 115 265 256 858 || mode=VB method=sk_ac_avg solver=pyvrp stage=post_ls ls=pyvrp iter=10
2026-03-15 22:22:15 | INFO     | [POOL #01123] 8 2489 2402 1933 3029 1786 894 2740 2723 3180 3037 2607 1939 1543 1548 111 1499 1765 1501 828 899 1677 642 1482 || mode=VB method=sk_ac_avg solver=pyvrp stage=post_ls ls=pyvrp iter=10
2026-03-15 22:22:15 | INFO     | [POOL #01124] 3196 1337 1454 1797 2089 2596 2478 401 860 2041 76 1988 1585 2822 2609 1625 909 1203 2756 506 513 2949 188 3202 3165 || mode=VB method=sk_ac_complete solver=pyvrp stage=post_ls ls=pyvrp iter=12
2026-03-15 22:22:15 | INFO     | [POOL #01125] 1001 856 1999 1970 2 660 2086 884 32 3140 2891 1995 1541 2216 933 1962 353 206 2955 1402 1843 404 2689 2206 1177 1215 559 676 || mode=VB method=sk_ac_complete solver=pyvrp stage=post_ls ls=pyvrp iter=12
2026-03-15 22:22:15 | INFO     | [POOL #01126] 59 1710 1150 1033 1249 2047 540 682 1464 3041 1432 2272 952 1071 774 219 1028 563 1973 459 2613 2218 2854 || mode=VB method=sk_ac_complete solver=pyvrp stage=post_ls ls=pyvrp iter=12
2026-03-15 22:22:15 | INFO     | [POOL #01127] 426 1134 2621 643 1133 2940 2635 2170 1445 790 1869 2023 651 1777 2327 1626 456 1955 2760 2872 2794 230 2925 581 2622 1856 673 63 68 865 2002 1338 1942 || mode=VB method=sk_ac_complete solver=pyvrp stage=post_ls ls=pyvrp iter=12
2026-03-15 22:22:15 | INFO     | [POOL #01128] 2442 2262 2265 2471 911 1059 57 2154 787 461 1753 2885 1746 633 1047 326 1088 2705 3223 304 2866 1274 1957 1654 447 || mode=VB method=sk_ac_complete solver=pyvrp stage=post_ls ls=pyvrp iter=12
2026-03-15 22:22:15 | INFO     | [POOL #01129] 246 2367 41 2694 512 462 297 1763 1826 126 1842 1521 473 1371 2701 808 1443 2423 136 1545 96 423 772 122 1495 81 1456 411 3059 2109 1225 396 1478 2290 || mode=VB method=sk_ac_complete solver=pyvrp stage=post_ls ls=pyvrp iter=12
2026-03-15 22:22:15 | INFO     | [POOL #01130] 1653 1901 1986 2805 1023 1107 646 2333 2787 1110 42 130 2268 463 1015 321 2753 3133 377 3000 2706 226 480 || mode=VB method=sk_ac_complete solver=pyvrp stage=post_ls ls=pyvrp iter=12
2026-03-15 22:22:15 | INFO     | [POOL #01131] 110 2171 1179 2498 3011 1126 1592 2336 1248 2725 2155 3130 522 2566 2799 1853 1641 3160 603 1403 301 2113 1052 1584 2342 1885 198 || mode=VB method=sk_ac_complete solver=pyvrp stage=post_ls ls=pyvrp iter=12
2026-03-15 22:22:15 | INFO     | [POOL #01132] 1342 1989 2741 2228 1747 2425 2224 3206 2916 2879 217 883 859 2078 391 3069 1309 2422 2164 1155 2348 570 74 24 1731 2619 616 375 || mode=VB method=sk_ac_complete solver=pyvrp stage=post_ls ls=pyvrp iter=12
2026-03-15 22:22:15 | INFO     | [POOL #01133] 2639 958 2343 1061 2750 1872 1880 550 1474 1868 1549 1069 1436 778 355 2145 3168 2685 560 2663 2629 1277 1668 33 1041 1480 1553 1171 2870 649 484 2279 1551 || mode=VB method=sk_ac_complete solver=pyvrp stage=post_ls ls=pyvrp iter=12
2026-03-15 22:22:15 | INFO     | [POOL #01134] 1141 857 1769 716 2586 1875 1245 2691 2958 494 2105 3085 1937 275 936 1166 2087 1003 1667 2325 || mode=VB method=sk_ac_complete solver=pyvrp stage=post_ls ls=pyvrp iter=12
2026-03-15 22:22:15 | INFO     | [POOL #01135] 2530 2212 2967 2717 1566 706 2400 305 1175 2678 2655 2194 700 628 2797 1605 1289 2148 44 2640 2034 1582 786 3129 2804 428 1271 || mode=VB method=sk_ac_complete solver=pyvrp stage=post_ls ls=pyvrp iter=12
2026-03-15 22:22:15 | INFO     | [POOL #01136] 89 2577 2997 2354 2819 2033 505 1223 853 3186 805 3228 525 1017 1994 3108 1169 942 2463 2752 1514 1508 738 1949 || mode=VB method=sk_ac_complete solver=pyvrp stage=post_ls ls=pyvrp iter=12
2026-03-15 22:22:15 | INFO     | [POOL #01137] 1787 2660 3113 1912 817 2384 2414 1019 2523 2645 1191 2459 2801 2234 1562 2281 1768 1335 277 804 1330 1291 357 1187 2266 2058 457 1395 1707 1706 904 3088 544 2901 2515 || mode=VB method=sk_ac_complete solver=pyvrp stage=post_ls ls=pyvrp iter=12
2026-03-15 22:22:15 | INFO     | [POOL #01138] 145 1361 2989 3095 2659 2758 1996 363 359 2583 920 2858 2153 2321 120 2668 2871 684 1470 193 2499 143 3081 665 || mode=VB method=sk_ac_complete solver=pyvrp stage=post_ls ls=pyvrp iter=12
2026-03-15 22:22:15 | INFO     | [POOL #01139] 2125 2424 2697 897 2205 2359 77 1800 2501 630 2654 1205 1648 3019 2476 995 155 262 1357 701 1876 3058 683 1349 565 2392 2443 187 || mode=VB method=sk_ac_complete solver=pyvrp stage=post_ls ls=pyvrp iter=12
2026-03-15 22:22:15 | INFO     | [POOL #01140] 698 1830 3031 1428 2715 19 2404 46 938 816 286 2842 1341 1915 2481 575 1839 2307 451 2416 142 3222 1629 2245 699 2273 93 234 40 1658 2455 1659 1379 2917 || mode=VB method=sk_ac_complete solver=pyvrp stage=post_ls ls=pyvrp iter=12
2026-03-15 22:22:15 | INFO     | [POOL #01141] 1921 3110 2479 3173 1013 520 1323 1224 867 381 417 54 1815 992 2991 440 1244 1192 2865 1812 1775 931 2600 2257 2585 2816 620 2242 2809 675 1492 || mode=VB method=sk_ac_complete solver=pyvrp stage=post_ls ls=pyvrp iter=12
2026-03-15 22:22:15 | INFO     | [POOL #01142] 3225 704 2848 1638 2722 1844 583 344 1651 765 1981 2738 693 439 2853 647 395 1866 2502 453 107 1902 4 2098 825 1360 430 1114 1471 2338 449 2280 || mode=VB method=sk_ac_complete solver=pyvrp stage=post_ls ls=pyvrp iter=12
2026-03-15 22:22:15 | INFO     | [POOL #01143] 3094 2420 2601 2099 802 535 1652 108 1998 3032 1346 413 1932 1284 1524 609 1518 2572 571 310 3025 1865 2699 2409 632 1076 1119 455 994 2366 2648 || mode=VB method=sk_ac_complete solver=pyvrp stage=post_ls ls=pyvrp iter=12
2026-03-15 22:22:15 | INFO     | [POOL #01144] 157 845 916 235 3033 2623 1631 2497 91 48 1870 416 796 1355 295 1891 92 2405 491 340 2035 1130 951 579 1761 2845 1841 1873 3049 3214 || mode=VB method=sk_ac_complete solver=pyvrp stage=post_ls ls=pyvrp iter=12
2026-03-15 22:22:15 | INFO     | [POOL #01145] 2301 2611 744 1552 2834 1877 2948 1053 866 2782 2193 70 891 1413 3187 1139 2312 949 409 1716 2075 2606 || mode=VB method=sk_ac_complete solver=pyvrp stage=post_ls ls=pyvrp iter=12
2026-03-15 22:22:15 | INFO     | [POOL #01146] 596 1043 1985 721 1751 2302 481 877 1217 2860 2630 2236 2676 2215 2190 2254 314 407 1261 2835 1820 432 1532 1913 || mode=VB method=sk_ac_complete solver=pyvrp stage=post_ls ls=pyvrp iter=12
2026-03-15 22:22:15 | INFO     | [POOL #01147] 1714 1328 162 2293 800 1672 626 3126 2009 212 444 1406 3103 1306 794 174 2352 1206 599 652 1152 3156 1845 || mode=VB method=sk_ac_complete solver=pyvrp stage=post_ls ls=pyvrp iter=12
2026-03-15 22:22:15 | INFO     | [POOL #01148] 1148 761 553 1715 3106 1389 881 178 1018 622 2005 1593 255 2157 302 836 190 1675 || mode=VB method=sk_ac_complete solver=pyvrp stage=post_ls ls=pyvrp iter=12
2026-03-15 22:22:15 | INFO     | [POOL #01149] 1044 1781 662 2387 1131 2653 943 2314 1859 1860 1199 1567 196 809 1487 1077 2013 1792 2777 429 2269 1664 589 1835 2944 || mode=VB method=sk_ac_complete solver=pyvrp stage=post_ls ls=pyvrp iter=12
2026-03-15 22:22:15 | INFO     | [POOL #01150] 139 3146 695 1228 379 1390 341 1383 2214 768 636 1928 2003 446 2380 1881 436 2973 1122 2896 2665 || mode=VB method=sk_ac_complete solver=pyvrp stage=post_ls ls=pyvrp iter=12
2026-03-15 22:22:15 | INFO     | [POOL #01151] 345 1701 2021 976 1012 2323 1170 3122 2977 438 2918 1378 3159 2334 1399 2313 2276 2913 600 3147 2849 874 905 839 1946 2541 948 1473 || mode=VB method=sk_ac_complete solver=pyvrp stage=post_ls ls=pyvrp iter=12
2026-03-15 22:22:15 | INFO     | [POOL #01152] 3192 1392 2030 185 3119 3048 1385 1908 2412 2124 2784 168 296 1796 281 2274 2906 1848 2304 398 2316 8 1759 264 2771 467 || mode=VB method=sk_ac_complete solver=pyvrp stage=post_ls ls=pyvrp iter=12
2026-03-15 22:22:15 | INFO     | [POOL #01153] 204 3015 592 2557 470 2578 1918 2064 3163 2036 2093 2574 360 779 1351 156 1254 1477 1216 719 588 2489 758 1219 1956 || mode=VB method=sk_ac_complete solver=pyvrp stage=post_ls ls=pyvrp iter=12
2026-03-15 22:22:15 | INFO     | [POOL #01154] 2277 2608 2373 2127 1450 640 3068 1924 1314 179 757 656 482 1858 1857 714 913 1116 2182 1723 955 819 2709 1522 2063 || mode=VB method=sk_ac_complete solver=pyvrp stage=post_ls ls=pyvrp iter=12
2026-03-15 22:22:15 | INFO     | [POOL #01155] 3036 1235 2474 2440 2595 576 1650 209 2862 2922 25 2289 3073 1882 3084 2732 1516 1645 2103 1231 479 176 1418 2641 293 471 709 || mode=VB method=sk_ac_complete solver=pyvrp stage=post_ls ls=pyvrp iter=12
2026-03-15 22:22:15 | INFO     | [POOL #01156] 2094 2391 2197 1144 3230 1610 468 1898 1082 1738 2219 2043 2016 2698 3184 2250 389 530 668 2837 2775 2339 2181 733 2759 || mode=VB method=sk_ac_complete solver=pyvrp stage=post_ls ls=pyvrp iter=12
2026-03-15 22:22:15 | INFO     | [POOL #01157] 526 3224 1143 86 2651 2687 627 383 1983 2151 2986 966 2636 2618 2213 598 2703 2785 1821 207 1771 639 1027 2719 420 2962 2135 152 3008 3234 1016 635 || mode=VB method=sk_ac_complete solver=pyvrp stage=post_ls ls=pyvrp iter=12
2026-03-15 22:22:15 | INFO     | [POOL #01158] 62 2480 2796 2921 3016 361 769 1704 2134 1793 696 1644 2936 584 1890 1269 3239 3121 2344 793 694 2297 2788 2496 688 910 2774 3207 1810 2292 3104 2217 || mode=VB method=sk_ac_complete solver=pyvrp stage=post_ls ls=pyvrp iter=12
2026-03-15 22:22:15 | INFO     | [POOL #01159] 1475 485 1479 580 3003 191 737 218 2984 1435 988 1599 674 2975 3096 2510 167 3107 2337 1400 1525 1460 1660 2620 36 2436 1684 53 510 2365 || mode=VB method=sk_ac_complete solver=pyvrp stage=post_ls ls=pyvrp iter=12
2026-03-15 22:22:15 | INFO     | [POOL #01160] 2514 3148 258 945 200 2647 1601 2418 2271 2844 1262 950 979 1038 163 2493 153 3171 2446 2204 2561 1643 1086 2941 993 1417 316 || mode=VB method=sk_ac_complete solver=pyvrp stage=post_ls ls=pyvrp iter=12
2026-03-15 22:22:15 | INFO     | [POOL #01161] 2624 2504 2118 618 2926 1647 3153 2252 1301 3078 1137 3045 2864 888 826 2726 2765 427 3193 3064 331 1316 23 2980 1773 3210 2527 1997 || mode=VB method=sk_ac_complete solver=pyvrp stage=post_ls ls=pyvrp iter=12
2026-03-15 22:22:15 | INFO     | [POOL #01162] 2798 906 2714 606 2249 1755 323 921 2179 898 2275 273 1037 66 1488 1021 2467 2027 2466 762 1298 465 1268 854 1408 974 1358 292 780 1008 483 1733 3024 2667 2389 || mode=VB method=sk_ac_complete solver=pyvrp stage=post_ls ls=pyvrp iter=12
2026-03-15 22:22:15 | INFO     | [POOL #01163] 747 3203 2020 2001 3013 1073 3043 202 1398 1325 1950 2010 3076 776 1312 981 1026 811 2745 1656 2924 249 1979 1795 2724 2778 283 || mode=VB method=sk_ac_complete solver=pyvrp stage=post_ls ls=pyvrp iter=12
2026-03-15 22:22:15 | INFO     | [POOL #01164] 2868 1502 754 2180 1905 165 863 1904 2255 1721 1780 1423 2147 547 1571 1255 1697 1816 2484 763 1825 29 2960 3111 1332 2723 2237 2646 1828 679 2402 154 248 || mode=VB method=sk_ac_complete solver=pyvrp stage=post_ls ls=pyvrp iter=12
2026-03-15 22:22:15 | INFO     | [POOL #01165] 1933 2317 879 1112 400 2666 3014 718 2947 2303 631 2049 1622 2447 1579 3105 1075 1311 2886 2905 2444 2067 2372 2399 1813 2050 2351 837 2867 2881 || mode=VB method=sk_ac_complete solver=pyvrp stage=post_ls ls=pyvrp iter=12
2026-03-15 22:22:15 | INFO     | [POOL #01166] 2995 894 2740 3180 970 1007 1548 267 2485 313 1718 2196 1288 369 181 1711 224 350 1497 1048 1106 1899 1186 51 3120 1279 2551 556 3060 2549 || mode=VB method=sk_ac_complete solver=pyvrp stage=post_ls ls=pyvrp iter=12
2026-03-15 22:22:15 | INFO     | [POOL #01167] 2506 2183 1782 2472 125 573 1765 88 1506 2295 2324 1 2749 399 2718 1257 1265 1926 1020 2022 2869 1046 104 1218 3017 1914 1102 3132 1499 1871 917 1014 || mode=VB method=sk_ac_complete solver=pyvrp stage=post_ls ls=pyvrp iter=12
2026-03-15 22:22:15 | INFO     | [POOL #01168] 3137 1444 347 1458 702 997 387 2846 2959 3221 1310 79 745 284 1100 712 925 241 1226 956 3217 3238 298 3233 1893 1189 605 2754 || mode=VB method=sk_ac_complete solver=pyvrp stage=post_ls ls=pyvrp iter=12
2026-03-15 22:22:15 | INFO     | [POOL #01169] 3174 265 2038 2231 1987 431 322 2615 2591 1201 2914 2856 94 1405 2602 978 999 2688 1774 199 1624 2362 1092 1350 1422 1798 1563 1526 2533 1649 3042 1161 852 807 734 1854 || mode=VB method=sk_ac_complete solver=pyvrp stage=post_ls ls=pyvrp iter=12
2026-03-15 22:22:15 | INFO     | [POOL #01170] 2672 1501 1118 1074 210 1486 144 2662 792 2791 2950 1543 111 1940 2458 1939 2607 2568 2517 1569 2644 2108 2160 2650 100 || mode=VB method=sk_ac_complete solver=pyvrp stage=post_ls ls=pyvrp iter=12
2026-03-15 22:22:15 | INFO     | [POOL #01171] 795 2137 1451 220 2244 1803 1564 1461 1606 147 3175 2998 2112 1382 663 475 3093 545 149 1387 731 3071 2593 908 2559 2335 2739 385 1214 269 577 307 2328 3167 || mode=VB method=sk_ac_complete solver=pyvrp stage=post_ls ls=pyvrp iter=12
2026-03-15 22:22:15 | INFO     | [POOL #01172] 124 764 727 528 1612 1051 1080 587 1368 566 2696 3136 2894 2017 1388 2526 490 2477 715 517 2560 1145 2345 3087 1535 1448 789 3209 1068 1874 || mode=VB method=sk_ac_complete solver=pyvrp stage=post_ls ls=pyvrp iter=12
2026-03-15 22:22:15 | INFO     | [POOL #01173] 3141 725 3029 1786 1449 1851 1427 2957 67 3037 1735 967 514 2656 1320 2246 3177 2092 1698 1270 402 797 394 || mode=VB method=sk_ac_complete solver=pyvrp stage=post_ls ls=pyvrp iter=12
2026-03-15 22:22:15 | INFO     | [POOL #01174] 2024 227 52 1091 414 2734 65 3178 2529 1611 1159 2072 1431 2374 2084 397 116 657 2970 2513 2565 980 3002 1772 486 2396 832 2888 3226 1682 324 87 858 926 1814 || mode=VB method=sk_ac_complete solver=pyvrp stage=post_ls ls=pyvrp iter=12
2026-03-15 22:22:15 | INFO     | [POOL #01175] 982 3198 2883 2832 2044 2779 1758 433 2807 2382 2117 103 1568 239 1105 364 2085 186 2968 1084 2680 2707 2746 2239 3158 376 263 || mode=VB method=sk_ac_complete solver=pyvrp stage=post_ls ls=pyvrp iter=12
2026-03-15 22:22:15 | INFO     | [POOL #01176] 960 184 1683 2930 351 299 2156 3183 1465 3235 2519 1108 834 1840 2614 686 261 841 1757 2876 638 1163 2534 1090 601 574 1322 || mode=VB method=sk_ac_complete solver=pyvrp stage=post_ls ls=pyvrp iter=12
2026-03-15 22:22:15 | INFO     | [POOL #01177] 1884 1910 2540 346 2987 1732 972 1362 1954 450 256 689 1463 3028 791 642 2088 1837 692 1482 2144 2449 2143 2080 || mode=VB method=sk_ac_complete solver=pyvrp stage=post_ls ls=pyvrp iter=12
2026-03-15 22:22:15 | INFO     | [POOL #01178] 368 541 2603 272 1276 2320 2554 1333 1776 1767 1557 1953 3063 1743 1302 644 1295 2407 421 871 || mode=VB method=sk_ac_complete solver=pyvrp stage=post_ls ls=pyvrp iter=12
2026-03-15 22:22:15 | INFO     | [POOL #01179] 1640 527 382 18 2720 1165 2347 1578 1931 2748 3077 1581 3075 1404 963 223 2728 115 222 756 755 1734 2789 1636 || mode=VB method=sk_ac_complete solver=pyvrp stage=post_ls ls=pyvrp iter=12
2026-03-15 22:22:15 | INFO     | [POOL #01180] 3143 380 2126 655 2450 838 813 2299 1572 2012 419 3009 1725 1210 2256 2536 2332 1639 2721 2235 870 1162 2062 892 1722 828 2874 899 1677 1879 388 2567 1802 135 3057 || mode=VB method=sk_ac_complete solver=pyvrp stage=post_ls ls=pyvrp iter=12
2026-03-15 22:22:15 | INFO     | [POOL #01181] 2825 2658 1804 1064 73 2812 1121 824 2166 1511 3079 890 1115 2808 518 937 1801 1083 2979 798 1533 166 1617 846 || mode=VB method=sk_ac_complete solver=pyvrp stage=post_ls ls=pyvrp iter=12
2026-03-15 22:22:15 | INFO     | [POOL #01182] 454 1259 2071 986 390 1070 1365 946 47 95 2897 915 770 2492 564 2528 1719 2438 2954 1938 511 268 2815 1783 2769 221 2509 2942 || mode=VB method=sk_ac_complete solver=pyvrp stage=post_ls ls=pyvrp iter=12
2026-03-15 22:22:15 | INFO     | [POOL #01183] 2461 2309 3046 232 2908 2318 2878 213 1491 2060 2039 50 180 320 1575 549 1034 2054 2079 2890 2770 425 1415 131 || mode=VB method=sk_ac_complete solver=pyvrp stage=post_ls ls=pyvrp iter=12
2026-03-15 22:22:15 | INFO     | [POOL #01184] 2282 896 1376 634 827 3199 1503 2500 2829 1447 1680 3123 2684 2111 1691 2616 749 691 1424 501 1282 1527 1808 2069 2004 2052 1896 1897 3185 932 || mode=VB method=sk_ac_complete solver=pyvrp stage=post_ls ls=pyvrp iter=12
2026-03-15 22:22:15 | INFO     | [POOL #01185] 613 1920 2826 1690 669 585 743 2083 2900 238 617 2350 1117 3001 711 534 289 282 2433 236 1655 2588 729 1425 1496 247 2875 2081 1414 593 || mode=VB method=sk_ac_complete solver=pyvrp stage=post_ls ls=pyvrp iter=12
2026-03-15 22:22:15 | INFO     | [POOL #01186] 572 105 1032 1393 2617 2920 1039 1980 1686 2783 1356 319 1737 1603 194 80 1407 2261 1099 158 538 2114 2482 3053 842 1364 474 1520 || mode=VB method=sk_ac_complete solver=pyvrp stage=post_ls ls=pyvrp iter=12
2026-03-15 22:22:15 | INFO     | [POOL #01187] 2767 2573 2605 1345 1708 2836 922 1627 1111 3092 730 279 2828 164 252 658 3054 1452 2227 160 2649 624 1789 1434 3229 637 1336 1305 1692 3134 378 || mode=VB method=sk_ac_complete solver=pyvrp stage=post_ls ls=pyvrp iter=12
2026-03-15 22:22:15 | INFO     | [POOL #01188] 2851 2379 1534 2077 334 1239 1374 1397 2121 208 2516 2855 1065 3027 1540 2893 1129 1238 349 2264 1401 251 735 45 148 2460 499 1779 900 1832 2371 287 339 1964 || mode=VB method=sk_ac_complete solver=pyvrp stage=post_ls ls=pyvrp iter=12
2026-03-15 22:22:15 | INFO     | [POOL #01189] 3164 2682 1058 2768 1359 726 957 1968 1685 215 3127 2408 1958 2046 1538 1539 138 1331 831 342 1184 1595 2355 2522 1128 3179 2762 2406 2733 2626 1799 3208 || mode=VB method=sk_ac_complete solver=pyvrp stage=post_ls ls=pyvrp iter=12
2026-03-15 22:22:15 | INFO     | [POOL #01190] 708 1635 315 1352 478 352 508 1242 2831 2146 3154 1207 171 2445 337 2441 354 502 2895 1978 2306 2073 2953 537 536 850 2552 1665 2120 2376 2464 1505 2587 372 || mode=VB method=sk_ac_complete solver=pyvrp stage=post_ls ls=pyvrp iter=12
2026-03-15 22:22:15 | INFO     | [POOL #01191] 2757 2082 2627 728 1623 2388 1153 1888 542 2356 34 1693 1022 2288 1489 1264 1381 1010 1500 2432 410 1542 929 2661 519 1453 192 1974 533 1590 2990 2597 || mode=VB method=sk_ac_complete solver=pyvrp stage=post_ls ls=pyvrp iter=12
2026-03-15 22:22:15 | INFO     | [POOL #01192] 1752 15 851 2429 1666 327 1195 1724 3112 1945 2287 1056 2475 1662 880 1922 531 2912 2716 106 1234 666 707 3006 1991 739 229 1547 || mode=VB method=sk_ac_complete solver=pyvrp stage=post_ls ls=pyvrp iter=12
2026-03-15 22:22:15 | INFO     | [POOL #01193] 554 109 840 84 1416 661 472 1919 2943 2823 2229 947 2100 2232 3205 855 1785 2827 996 2910 964 812 697 1429 2346 3213 2454 1977 2411 266 1120 || mode=VB method=sk_ac_complete solver=pyvrp stage=post_ls ls=pyvrp iter=12
2026-03-15 22:22:15 | INFO     | [POOL #01194] 2839 629 1754 1847 2358 1867 3195 847 1976 3161 3018 1426 3232 567 1739 775 17 205 1589 594 1559 2431 2669 2904 || mode=VB method=sk_ac_complete solver=pyvrp stage=post_ls ls=pyvrp iter=12
2026-03-15 22:22:15 | INFO     | [POOL #01195] 161 2308 2570 393 2933 358 1615 2712 3100 2880 371 1515 1260 2743 750 271 231 875 2368 3102 3169 2544 118 1594 648 2902 1519 529 2028 496 1313 || mode=VB method=sk_ac_complete solver=pyvrp stage=post_ls ls=pyvrp iter=12
2026-03-15 22:22:15 | INFO     | [POOL #01196] 2511 1657 1588 1493 2681 2128 912 2150 2983 1132 2415 1943 1852 43 3237 1348 22 558 1972 405 803 3040 2546 3115 2045 329 2628 1339 2576 || mode=VB method=sk_ac_complete solver=pyvrp stage=post_ls ls=pyvrp iter=12
2026-03-15 22:22:15 | INFO     | [POOL #01197] 2692 2419 2435 3155 3152 1756 608 614 58 1135 2708 740 3139 1281 1031 1587 2903 1608 2487 2580 1247 1266 2340 2939 2426 || mode=VB method=sk_ac_complete solver=pyvrp stage=post_ls ls=pyvrp iter=12
2026-03-15 22:22:15 | INFO     | [POOL #01198] 3035 2278 2927 240 452 1679 1055 830 460 849 1296 445 2817 2928 1036 338 1616 1160 919 1384 2859 968 1827 2919 280 2974 2208 1411 552 102 || mode=VB method=sk_ac_complete solver=pyvrp stage=post_ls ls=pyvrp iter=12
2026-03-15 22:22:15 | INFO     | [POOL #01199] 619 3216 591 962 2610 1925 1849 274 1947 2437 1285 2931 2755 1936 1703 953 1959 959 1509 2604 1329 412 203 2790 2889 1554 1369 752 || mode=VB method=sk_ac_complete solver=pyvrp stage=post_ls ls=pyvrp iter=12
2026-03-15 22:22:15 | INFO     | [POOL #01200] 543 987 1558 610 784 2494 2369 930 773 1307 61 2710 843 2349 2503 2898 173 30 868 3116 1702 1671 1661 1367 151 1632 || mode=VB method=sk_ac_complete solver=pyvrp stage=post_ls ls=pyvrp iter=12
2026-03-15 22:22:15 | INFO     | [POOL #01201] 1864 2061 586 1935 924 681 2161 366 466 2360 3074 650 3118 1094 1689 2203 1513 159 687 49 1258 546 670 2972 1136 177 1887 2671 1561 2199 || mode=VB method=sk_ac_complete solver=pyvrp stage=post_ls ls=pyvrp iter=12
2026-03-15 22:22:15 | INFO     | [POOL #01202] 3051 3005 2059 2909 487 175 1565 654 1892 495 370 1992 985 604 2210 290 || mode=VB method=sk_ac_complete solver=pyvrp stage=post_ls ls=pyvrp iter=12
2026-03-15 22:22:15 | INFO     | [POOL #01203] 2981 3066 1855 214 2141 2843 1442 2642 3067 1287 1138 || mode=VB method=sk_ac_complete solver=pyvrp stage=post_ls ls=pyvrp iter=12
2026-03-15 22:22:15 | INFO     | [POOL #01204] 2434 3030 818 907 1273 35 1663 330 356 2011 2633 1066 12 1104 2136 2763 3086 2008 2448 2270 2594 3052 1246 2539 || mode=VB method=sk_ac_complete solver=pyvrp stage=post_ls ls=pyvrp iter=12
2026-03-15 22:22:15 | INFO     | [POOL #01205] 2394 3144 2830 1304 2283 2731 1097 257 2473 169 2850 189 2421 128 303 2929 1927 2679 1596 1577 1412 2107 788 1674 2531 || mode=VB method=sk_ac_complete solver=pyvrp stage=post_ls ls=pyvrp iter=12
2026-03-15 22:22:15 | INFO     | [POOL #01206] 2590 1736 85 2263 276 39 2202 3023 582 1168 1930 112 2090 1123 2240 2537 1917 3176 1040 2319 703 1283 1705 590 448 123 1494 835 2048 || mode=VB method=sk_ac_complete solver=pyvrp stage=post_ls ls=pyvrp iter=12
2026-03-15 22:22:15 | INFO     | [POOL #01207] 2223 1194 1377 1317 2221 1863 2508 2032 2070 3194 1275 1081 489 2512 1604 2861 532 1178 1619 1467 516 1324 753 2818 2800 1438 2937 3218 2331 2702 1372 || mode=VB method=sk_ac_complete solver=pyvrp stage=post_ls ls=pyvrp iter=12
2026-03-15 22:22:15 | INFO     | [POOL #01208] 2996 170 886 82 3150 678 333 2781 864 878 1829 777 1057 2877 497 2130 278 1909 69 1183 1982 2985 2538 2025 1446 1113 367 1370 || mode=VB method=sk_ac_complete solver=pyvrp stage=post_ls ls=pyvrp iter=12
2026-03-15 22:22:15 | INFO     | [POOL #01209] 216 83 2932 1749 1172 2341 2451 2792 1252 1681 2802 71 1580 1634 742 3091 555 195 1490 2632 578 3020 2233 2488 3212 2575 677 || mode=VB method=sk_ac_complete solver=pyvrp stage=post_ls ls=pyvrp iter=12
2026-03-15 22:22:15 | INFO     | [POOL #01210] 2465 3004 1030 767 254 2176 2634 392 3050 2747 1750 1256 294 1409 2158 990 2015 1176 3131 3204 1713 336 885 965 2037 1696 2285 815 || mode=VB method=sk_ac_complete solver=pyvrp stage=post_ls ls=pyvrp iter=12
2026-03-15 22:22:15 | INFO     | [POOL #01211] 197 2220 2110 2000 442 1929 1555 365 927 55 373 2131 1193 2353 3149 1147 1156 422 1157 2592 384 150 1045 228 1728 1466 1961 || mode=VB method=sk_ac_complete solver=pyvrp stage=post_ls ls=pyvrp iter=12
2026-03-15 22:22:15 | INFO     | [POOL #01212] 1850 2138 2727 418 2188 1005 844 2821 539 1744 1822 2174 2106 2838 2178 1476 1067 1528 464 2638 2820 736 625 1098 291 3098 2225 1308 977 935 || mode=VB method=sk_ac_complete solver=pyvrp stage=post_ls ls=pyvrp iter=12
2026-03-15 22:22:15 | INFO     | [POOL #01213] 3240 434 2543 38 3044 872 2300 2102 1944 2209 766 1531 1699 492 1303 306 3097 2907 2133 2095 2652 1740 1197 1054 2520 2548 || mode=VB method=sk_ac_complete solver=pyvrp stage=post_ls ls=pyvrp iter=12
2026-03-15 22:22:15 | INFO     | [POOL #01214] 2899 374 748 3061 918 11 1576 1386 2470 2964 1560 2462 1620 2469 1507 2410 507 2253 2019 14 2142 1024 1916 969 2524 944 2375 1883 || mode=VB method=sk_ac_complete solver=pyvrp stage=post_ls ls=pyvrp iter=12
2026-03-15 22:22:15 | INFO     | [POOL #01215] 2764 1149 1472 1140 2162 309 1726 237 1760 3117 1963 2847 1459 524 973 172 2730 244 1965 2057 1742 2226 1233 2786 2364 2625 2139 3135 3142 1103 || mode=VB method=sk_ac_complete solver=pyvrp stage=post_ls ls=pyvrp iter=12
2026-03-15 22:22:15 | INFO     | [POOL #01216] 2564 2456 1614 2163 680 3200 690 1079 902 1838 3170 2258 1229 2976 2518 2545 760 561 117 318 3039 895 759 2195 782 2169 1185 2963 1633 975 1878 || mode=VB method=sk_ac_complete solver=pyvrp stage=post_ls ls=pyvrp iter=12
2026-03-15 22:22:15 | INFO     | [POOL #01217] 1243 1834 1523 3189 2029 771 862 903 2982 312 72 1366 3220 2175 288 133 557 2491 3166 1373 1550 2884 941 2311 || mode=VB method=sk_ac_complete solver=pyvrp stage=post_ls ls=pyvrp iter=12
2026-03-15 22:22:15 | INFO     | [POOL #01218] 2385 607 3145 2315 2305 1221 751 1334 3055 2704 653 2294 848 1556 1340 2579 2562 1142 1050 1457 1960 1688 2186 1607 || mode=VB method=sk_ac_complete solver=pyvrp stage=post_ls ls=pyvrp iter=12
2026-03-15 22:22:15 | INFO     | [POOL #01219] 424 1678 1517 3012 1004 1151 1670 1609 435 1748 2521 1286 1806 493 233 2159 882 403 2428 1062 2612 1430 939 612 1846 || mode=VB method=sk_ac_complete solver=pyvrp stage=post_ls ls=pyvrp iter=12
2026-03-15 22:22:15 | INFO     | [POOL #01220] 672 2211 602 685 1011 2961 928 3090 1294 3124 1809 3034 893 2766 1391 270 1078 2322 1784 317 722 308 2643 1209 2192 1637 2945 1230 3021 || mode=VB method=sk_ac_complete solver=pyvrp stage=post_ls ls=pyvrp iter=12
2026-03-15 22:22:15 | INFO     | [POOL #01221] 1823 27 1009 90 1164 1280 129 2852 814 259 2695 1990 664 2284 1213 1628 2115 1807 1344 1770 1049 523 64 458 28 1096 21 146 1433 2811 2810 2978 2248 1984 || mode=VB method=sk_ac_complete solver=pyvrp stage=post_ls ls=pyvrp iter=12
2026-03-15 22:22:15 | INFO     | [POOL #01222] 1006 99 2066 2857 1318 1544 1208 31 3157 1293 720 7 2026 113 415 2177 621 1439 1410 2168 1315 1000 887 13 823 1951 1095 || mode=VB method=sk_ac_complete solver=pyvrp stage=post_ls ls=pyvrp iter=12
2026-03-15 22:22:15 | INFO     | [POOL #01223] 901 1695 1419 2582 1375 2803 1101 1251 2051 1198 3 2969 2370 132 1818 2357 1154 141 3188 1380 1741 2096 243 799 183 504 2430 2076 1762 137 || mode=VB method=sk_ac_complete solver=pyvrp stage=post_ls ls=pyvrp iter=12
2026-03-15 22:22:15 | INFO     | [POOL #01224] 2397 2863 2189 3038 1321 2700 114 101 1598 2556 3083 1570 2584 2935 1109 2772 2018 1455 1529 1727 785 3125 1327 2736 285 3065 || mode=VB method=sk_ac_complete solver=pyvrp stage=post_ls ls=pyvrp iter=12
2026-03-15 22:22:16 | INFO     | [POOL #01225] 783 2751 2243 623 2201 2207 2505 225 2993 659 2184 1536 2165 1212 2330 1967 1420 1124 1975 2495 1646 2735 1173 2911 2390 2507 1903 1583 2167 1125 717 || mode=VB method=sk_ac_complete solver=pyvrp stage=post_ls ls=pyvrp iter=12
2026-03-15 22:22:16 | INFO     | [POOL #01226] 1907 362 1911 741 2690 1353 2934 1035 1600 2951 2780 1232 2569 2711 1240 300 1788 1483 2185 2123 2172 182 2999 781 1862 1591 335 || mode=VB method=sk_ac_complete solver=pyvrp stage=post_ls ls=pyvrp iter=12
2026-03-15 22:22:16 | INFO     | [POOL #01227] 829 2882 2383 2065 1613 954 97 1895 806 2563 611 2674 2296 1720 26 498 5 3082 1396 2097 3047 2149 2468 2267 2547 503 1002 2814 2966 2988 6 1778 469 3072 134 || mode=VB method=sk_ac_complete solver=pyvrp stage=post_ls ls=pyvrp iter=12
2026-03-15 22:22:16 | INFO     | [POOL #01228] 3215 1029 2553 2683 1484 2053 732 9 1072 2693 2532 1236 2965 437 1354 2363 2887 3089 140 3114 348 821 2581 1673 2915 56 521 991 2729 211 2378 2542 2840 2259 810 1326 3109 332 || mode=VB method=sk_ac_complete solver=pyvrp stage=post_ls ls=pyvrp iter=12
2026-03-15 22:22:16 | INFO     | [POOL #01229] 2230 2074 2132 477 3099 2381 645 441 961 2637 3182 1642 889 597 1833 983 1188 2007 2550 873 3181 2091 1966 705 245 2122 1421 3151 1394 || mode=VB method=sk_ac_complete solver=pyvrp stage=post_ls ls=pyvrp iter=12
2026-03-15 22:22:16 | INFO     | [POOL #01230] 3201 10 724 2452 2298 1889 2198 1297 3070 325 1196 1971 2677 2403 2129 3101 1712 2806 260 2361 2992 2673 3219 989 1292 2555 2068 1440 822 2737 2952 1347 406 || mode=VB method=sk_ac_complete solver=pyvrp stage=post_ls ls=pyvrp iter=12
2026-03-15 22:22:16 | INFO     | [POOL #01231] 3080 2793 1181 75 1469 2427 3172 2686 1343 250 1886 2599 2238 16 1621 1861 548 1220 2040 1060 2398 746 || mode=VB method=sk_ac_complete solver=pyvrp stage=post_ls ls=pyvrp iter=12
2026-03-15 22:22:16 | INFO     | [POOL #01232] 2483 1180 2453 713 1146 2971 2260 3056 1790 2329 3162 2326 1836 1817 3197 1791 569 1537 1745 940 2589 3211 2417 1200 2598 386 3007 2286 2892 1819 595 || mode=VB method=sk_ac_complete solver=pyvrp stage=post_ls ls=pyvrp iter=12
2026-03-15 22:22:16 | INFO     | [POOL #01233] 2813 1894 476 1063 2247 2841 820 551 1764 2251 1241 1586 2413 2744 2824 509 1831 1042 2670 1573 1253 1510 3191 3026 98 488 343 1300 1025 || mode=VB method=sk_ac_complete solver=pyvrp stage=post_ls ls=pyvrp iter=12
2026-03-15 22:22:16 | INFO     | [POOL #01234] 78 2200 1278 1900 2525 1805 2664 667 1481 1794 2761 1811 801 2006 1211 119 2535 3022 1717 1272 710 1085 3062 2152 3010 2675 1669 1290 2401 1729 || mode=VB method=sk_ac_complete solver=pyvrp stage=post_ls ls=pyvrp iter=12
2026-03-15 22:22:16 | INFO     | [POOL #01235] 1730 500 1948 121 2393 2490 1158 1941 1504 2014 1167 1602 1441 2776 3236 1530 253 1906 1687 971 2994 1174 1204 2119 515 2956 3190 1709 2116 || mode=VB method=sk_ac_complete solver=pyvrp stage=post_ls ls=pyvrp iter=12
2026-03-15 22:22:16 | INFO     | [POOL #01236] 2377 3227 1485 2713 984 1676 311 1574 1934 1202 615 2191 328 408 1923 1250 2657 1182 2241 1087 3138 1952 2833 1267 998 || mode=VB method=sk_ac_complete solver=pyvrp stage=post_ls ls=pyvrp iter=12
2026-03-15 22:22:16 | INFO     | [POOL #01237] 2222 2031 2938 914 2042 201 2395 2291 1630 2558 2140 20 833 2742 723 2173 2104 127 1512 1227 861 2773 3231 876 923 641 || mode=VB method=sk_ac_complete solver=pyvrp stage=post_ls ls=pyvrp iter=12
2026-03-15 22:22:16 | INFO     | [POOL #01238] 443 1700 1093 2923 1546 37 568 671 242 1468 1222 2631 2571 1993 869 2386 1766 562 2946 2486 1299 2873 2439 2795 || mode=VB method=sk_ac_complete solver=pyvrp stage=post_ls ls=pyvrp iter=12
2026-03-15 22:22:16 | INFO     | [POOL #01239] 1089 1190 1824 1363 934 1969 2056 1597 2187 1498 1462 1127 3128 2457 1437 2055 2310 1618 2101 1694 1237 1319 1263 60 || mode=VB method=sk_ac_complete solver=pyvrp stage=post_ls ls=pyvrp iter=12
2026-03-15 22:22:16 | INFO     | [POOL #01240] 1511 3079 1270 1698 2092 2108 2644 2246 1320 1569 2656 1449 3180 2723 2740 894 1786 3029 174 2352 589 || mode=RB method=sk_ac_avg solver=filo1 stage=post_ls ls=pyvrp iter=13
2026-03-15 22:22:16 | INFO     | [POOL #01241] 2473 2085 1756 2017 1388 2526 1135 2708 2859 1384 919 1160 1616 924 2604 1329 610 412 496 203 2790 1935 586 1554 987 1422 1798 1563 1526 663 1382 2112 2779 795 || mode=RB method=sk_ac_avg solver=filo1 stage=post_ls ls=pyvrp iter=13
2026-03-15 22:22:16 | INFO     | [POOL #01242] 3174 605 79 2377 3227 1485 2713 984 1676 311 615 328 667 1481 2664 1794 2761 1900 1278 2200 78 1257 1265 350 1899 2295 2791 || mode=RB method=sk_ac_avg solver=filo1 stage=post_ls ls=pyvrp iter=13
2026-03-15 22:22:16 | INFO     | [POOL #01243] 2937 1324 2070 3194 1275 2150 2983 1132 2415 1852 1943 177 1367 1887 2671 1561 2919 280 2974 2199 151 2208 2580 1411 1930 582 552 2045 102 || mode=RB method=sk_ac_avg solver=filo1 stage=post_ls ls=pyvrp iter=13
2026-03-15 22:22:16 | INFO     | [POOL #01244] 3165 2325 1194 3005 2442 2059 1654 487 2909 175 1565 654 1892 495 370 1992 985 604 2702 2210 2531 290 1372 || mode=RB method=sk_ac_avg solver=filo1 stage=post_ls ls=pyvrp iter=13
2026-03-15 22:22:16 | INFO     | [POOL #01245] 2603 2930 351 299 2156 3183 1465 3235 2876 2519 2328 261 686 2614 2244 1840 834 220 1451 1333 1776 2137 2554 2320 1276 272 2044 835 || mode=RB method=sk_ac_avg solver=filo1 stage=post_ls ls=pyvrp iter=13
2026-03-15 22:22:16 | INFO     | [POOL #01246] 227 3028 1463 2734 2549 2808 1115 1165 2347 1578 2672 828 1501 1444 3178 115 2874 899 222 756 1677 689 755 1734 2789 388 3057 || mode=RB method=sk_ac_avg solver=filo1 stage=post_ls ls=pyvrp iter=13
2026-03-15 22:22:16 | INFO     | [POOL #01247] 276 2763 2421 3023 1123 1247 2487 1608 2903 1827 1587 1031 1281 3139 740 58 614 2061 608 2894 3136 2696 1864 566 239 1535 1448 || mode=RB method=sk_ac_avg solver=filo1 stage=post_ls ls=pyvrp iter=13
2026-03-15 22:22:16 | INFO     | [POOL #01248] 725 1427 1548 267 2082 2222 1075 3105 2627 728 1623 2535 2014 1167 2589 1602 1441 1146 1200 2598 386 3007 3062 1697 3076 1325 1398 2892 1979 719 || mode=RB method=sk_ac_avg solver=filo1 stage=post_ls ls=pyvrp iter=13
2026-03-15 22:22:16 | INFO     | [POOL #01249] 1044 1675 1473 1956 1219 2541 283 1715 3106 1389 881 943 874 905 1018 178 2653 1946 1131 662 2021 1701 1392 2094 3192 || mode=RB method=sk_ac_avg solver=filo1 stage=post_ls ls=pyvrp iter=13
2026-03-15 22:22:16 | INFO     | [POOL #01250] 1884 871 2540 346 2987 1732 960 184 1683 1302 644 1295 2407 541 421 368 982 2048 1855 2394 || mode=RB method=sk_ac_avg solver=filo1 stage=post_ls ls=pyvrp iter=13
2026-03-15 22:22:16 | INFO     | [POOL #01251] 1138 2080 2825 1636 2143 2658 1804 1064 1845 248 2771 553 761 2944 1148 2896 2665 || mode=RB method=sk_ac_avg solver=filo1 stage=post_ls ls=pyvrp iter=13
2026-03-15 22:22:16 | INFO     | [POOL #01252] 2136 2340 1632 1168 1266 2240 2537 715 2477 490 517 3152 3155 2560 1145 2345 1369 1368 1568 103 2117 2382 1758 1705 789 3209 1097 || mode=RB method=sk_ac_avg solver=filo1 stage=post_ls ls=pyvrp iter=13
2026-03-15 22:22:16 | INFO     | [POOL #01253] 100 3060 125 892 2062 1162 792 51 1186 1106 1048 1497 712 1100 2749 1926 1020 2022 2869 1046 104 1218 1711 1 181 3017 2833 1914 369 1288 2196 1267 1506 88 1765 1871 2166 || mode=RB method=sk_ac_avg solver=filo1 stage=post_ls ls=pyvrp iter=13
2026-03-15 22:22:16 | INFO     | [POOL #01254] 2024 2144 1482 692 1837 642 1091 1879 791 798 2979 1083 414 1801 937 382 527 2506 1640 2160 2650 797 1533 2088 52 1802 135 || mode=RB method=sk_ac_avg solver=filo1 stage=post_ls ls=pyvrp iter=13
2026-03-15 22:22:16 | INFO     | [POOL #01255] 1246 3052 2594 2448 2008 2628 3086 329 2679 1927 2929 303 1619 1467 516 753 2818 2800 1438 1412 2107 788 1674 447 || mode=RB method=sk_ac_avg solver=filo1 stage=post_ls ls=pyvrp iter=13
2026-03-15 22:22:16 | INFO     | [POOL #01256] 2576 1736 85 39 2202 189 2850 169 1084 2968 186 703 2319 1040 3176 1917 2435 1105 3087 364 1283 2680 2707 2746 257 587 1080 1051 || mode=RB method=sk_ac_avg solver=filo1 stage=post_ls ls=pyvrp iter=13
2026-03-15 22:22:16 | INFO     | [POOL #01257] 3167 972 1362 601 1090 3063 1953 1557 2534 2038 324 419 2012 1572 2299 813 838 2450 655 87 256 450 1954 380 3143 858 574 1322 || mode=RB method=sk_ac_avg solver=filo1 stage=post_ls ls=pyvrp iter=13
2026-03-15 22:22:16 | INFO     | [POOL #01258] 2237 2351 2957 67 3111 970 1007 2905 2886 1311 2049 1622 2447 1579 2597 1717 1272 710 2453 1180 2483 631 2303 2947 29 1813 1112 1406 879 || mode=RB method=sk_ac_avg solver=filo1 stage=post_ls ls=pyvrp iter=13
2026-03-15 22:22:16 | INFO     | [POOL #01259] 518 1931 1722 1118 1074 870 144 2662 1279 2970 2513 3120 2565 980 3002 702 1772 657 1458 2721 397 2084 1431 2072 963 2728 65 3137 2567 || mode=RB method=sk_ac_avg solver=filo1 stage=post_ls ls=pyvrp iter=13
2026-03-15 22:22:16 | INFO     | [POOL #01260] 345 190 836 948 302 2157 1781 204 2005 2868 747 2323 1170 3122 1012 976 1593 255 2030 709 1122 695 3146 3036 139 || mode=RB method=sk_ac_avg solver=filo1 stage=post_ls ls=pyvrp iter=13
2026-03-15 22:22:16 | INFO     | [POOL #01261] 185 3119 3048 906 1378 3159 2334 2313 1796 281 2276 2913 600 2274 3147 2304 2849 2389 993 3203 1417 622 2387 316 || mode=RB method=sk_ac_avg solver=filo1 stage=post_ls ls=pyvrp iter=13
2026-03-15 22:22:16 | INFO     | [POOL #01262] 2126 1893 3233 1214 385 3042 1649 109 731 1387 149 3093 545 2362 1624 199 3221 1310 2718 399 284 745 2959 2688 999 978 2593 3071 908 2559 2335 2739 3238 298 2615 || mode=RB method=sk_ac_avg solver=filo1 stage=post_ls ls=pyvrp iter=13
2026-03-15 22:22:16 | INFO     | [POOL #01263] 2529 3009 2888 832 2396 2591 1201 2914 2856 3217 956 94 1405 2602 2846 387 925 997 241 1226 486 1639 2332 1611 1159 223 || mode=RB method=sk_ac_avg solver=filo1 stage=post_ls ls=pyvrp iter=13
2026-03-15 22:22:16 | INFO     | [POOL #01264] 2449 73 1835 2812 846 1617 3156 1121 1152 824 652 599 1206 1792 2777 429 2867 162 2269 3141 1664 1328 1714 264 467 || mode=RB method=sk_ac_avg solver=filo1 stage=post_ls ls=pyvrp iter=13
2026-03-15 22:22:16 | INFO     | [POOL #01265] 2263 128 112 2090 3040 803 405 1588 1972 558 22 1348 3237 43 2681 1493 2128 912 489 1081 2512 1604 2861 532 1178 2511 1596 1577 2270 || mode=RB method=sk_ac_avg solver=filo1 stage=post_ls ls=pyvrp iter=13
2026-03-15 22:22:16 | INFO     | [POOL #01266] 3067 2434 3030 818 124 727 528 2011 2633 1066 1104 12 2419 1612 3158 2239 2731 1068 2832 123 2883 1494 2283 376 1304 2830 1874 2141 214 263 || mode=RB method=sk_ac_avg solver=filo1 stage=post_ls ls=pyvrp iter=13
2026-03-15 22:22:16 | INFO     | [POOL #01267] 837 1933 2317 2646 626 444 400 2666 202 1950 2010 763 2484 1816 3014 718 2444 2067 2960 2372 2399 2050 3103 1306 794 2995 || mode=RB method=sk_ac_avg solver=filo1 stage=post_ls ls=pyvrp iter=13
2026-03-15 22:22:16 | INFO     | [POOL #01268] 402 890 2183 18 2720 2517 573 2568 1499 2950 111 1543 1940 2458 1939 2607 3037 1735 967 1851 514 917 3177 1014 || mode=RB method=sk_ac_avg solver=filo1 stage=post_ls ls=pyvrp iter=13
2026-03-15 22:22:16 | INFO     | [POOL #01269] 1814 2754 926 265 1163 1189 2231 1987 431 322 1682 3226 1725 1210 2256 2536 2374 347 210 3077 1581 3075 1404 2748 2551 556 2472 1782 166 394 || mode=RB method=sk_ac_avg solver=filo1 stage=post_ls ls=pyvrp iter=13
2026-03-15 22:22:16 | INFO     | [POOL #01270] 8 2316 2778 1859 588 1216 1477 156 1254 2724 1077 1487 1672 1828 1795 809 1351 196 1567 1199 1860 2906 1848 2314 398 2489 1759 758 || mode=RB method=sk_ac_avg solver=filo1 stage=post_ls ls=pyvrp iter=13
2026-03-15 22:22:16 | INFO     | [POOL #01271] 1910 1743 1767 638 1757 841 577 269 554 147 3175 2998 852 807 734 1606 1461 1564 1803 1108 1854 2807 433 590 448 3198 || mode=RB method=sk_ac_avg solver=filo1 stage=post_ls ls=pyvrp iter=13
2026-03-15 22:22:16 | INFO     | [POOL #01272] 2881 2402 2013 2293 800 3126 2009 3043 1073 3013 249 1918 2064 3163 2036 2093 2574 360 779 2578 470 438 || mode=RB method=sk_ac_avg solver=filo1 stage=post_ls ls=pyvrp iter=13
2026-03-15 22:22:16 | INFO     | [POOL #01273] 2981 3066 907 1273 3144 2692 764 330 356 2939 1339 1663 35 2590 2843 1442 2426 2642 2539 1287 || mode=RB method=sk_ac_avg solver=filo1 stage=post_ls ls=pyvrp iter=13
2026-03-15 22:22:16 | INFO     | [POOL #01274] 968 1661 1671 1702 3116 338 868 30 173 2898 2161 366 2503 2349 843 2710 61 1307 466 3074 2360 773 529 784 1558 1313 2889 543 752 || mode=RB method=sk_ac_avg solver=filo1 stage=post_ls ls=pyvrp iter=13
2026-03-15 22:22:16 | INFO     | [POOL #01275] 1546 1096 568 253 1280 31 2491 557 133 378 748 3061 288 2175 3220 1366 2282 1147 1156 422 1157 2162 2096 1741 1045 1298 1905 || mode=RB method=sk_ac_avg solver=filo1 stage=post_ls ls=pyvrp iter=13
2026-03-15 22:22:16 | INFO     | [POOL #01276] 1486 2235 224 1250 1547 1923 1934 2931 1285 2437 1947 1919 472 274 1849 3006 707 3100 2712 661 1416 1615 1936 1703 953 1959 959 1509 2933 393 2570 84 840 161 1774 || mode=RB method=sk_ac_avg solver=filo1 stage=post_ls ls=pyvrp iter=13
2026-03-15 22:22:16 | INFO     | [POOL #01277] 2417 3211 2971 2260 2326 621 2177 415 1344 1807 2115 1770 2587 1990 2695 259 1198 2051 1752 1628 1419 1695 2288 1022 1693 901 34 1453 2757 1332 154 || mode=RB method=sk_ac_avg solver=filo1 stage=post_ls ls=pyvrp iter=13
2026-03-15 22:22:16 | INFO     | [POOL #01278] 1823 1008 1208 3166 1916 1024 2410 339 1520 474 708 1503 2500 1447 3053 842 3123 2684 315 1635 1692 3134 2964 1560 2462 2945 11 132 1530 28 1174 839 || mode=RB method=sk_ac_avg solver=filo1 stage=post_ls ls=pyvrp iter=13
2026-03-15 22:22:16 | INFO     | [POOL #01279] 471 293 945 688 2496 1644 2975 98 3026 3191 1237 1694 2101 2310 1618 2873 1824 1253 1190 1510 2439 2795 1089 1006 1466 3239 2297 2624 || mode=RB method=sk_ac_avg solver=filo1 stage=post_ls ls=pyvrp iter=13
2026-03-15 22:22:16 | INFO     | [POOL #01280] 2687 627 209 2230 607 3145 367 1113 1446 1221 1334 1025 1878 2132 975 2025 1430 939 2305 2315 612 2618 1846 1650 2385 383 2651 || mode=RB method=sk_ac_avg solver=filo1 stage=post_ls ls=pyvrp iter=13
2026-03-15 22:22:16 | INFO     | [POOL #01281] 1228 2973 436 2759 733 2181 1370 2474 2391 2440 86 1723 955 1143 3224 2380 446 526 379 || mode=RB method=sk_ac_avg solver=filo1 stage=post_ls ls=pyvrp iter=13
2026-03-15 22:22:16 | INFO     | [POOL #01282] 2977 296 3210 1773 2493 2926 3153 2252 427 2765 1301 826 2726 979 1038 2249 618 153 2118 2504 2714 2784 168 1399 2918 || mode=RB method=sk_ac_avg solver=filo1 stage=post_ls ls=pyvrp iter=13
2026-03-15 22:22:16 | INFO     | [POOL #01283] 2798 2124 2480 2921 3016 1262 950 888 2864 3045 1137 3078 323 921 2275 465 1268 854 1408 974 1358 2179 1755 165 2180 3064 3193 1647 2980 3171 || mode=RB method=sk_ac_avg solver=filo1 stage=post_ls ls=pyvrp iter=13
2026-03-15 22:22:16 | INFO     | [POOL #01284] 2003 1522 819 2182 424 1116 913 1983 2151 2986 966 2636 2213 598 2703 2785 3215 2186 3150 1607 886 1591 2962 335 2135 3008 2127 2373 2277 || mode=RB method=sk_ac_avg solver=filo1 stage=post_ls ls=pyvrp iter=13
2026-03-15 22:22:16 | INFO     | [POOL #01285] 341 1383 2214 1450 640 1924 1314 179 420 2719 639 656 757 482 1858 714 1857 3068 2709 3065 768 636 1928 2063 1390 || mode=RB method=sk_ac_avg solver=filo1 stage=post_ls ls=pyvrp iter=13
2026-03-15 22:22:16 | INFO     | [POOL #01286] 53 1684 2436 36 2620 1660 1460 1525 1400 2337 3107 2510 167 674 1599 988 1435 2984 218 737 191 1882 3084 1810 258 1385 2641 || mode=RB method=sk_ac_avg solver=filo1 stage=post_ls ls=pyvrp iter=13
2026-03-15 22:22:16 | INFO     | [POOL #01287] 1475 2595 2197 485 2365 510 389 2250 3184 2698 2016 580 3073 2289 25 2043 2219 1738 1082 2922 2862 1898 468 1610 3230 1144 576 1881 || mode=RB method=sk_ac_avg solver=filo1 stage=post_ls ls=pyvrp iter=13
2026-03-15 22:22:16 | INFO     | [POOL #01288] 606 694 793 2344 1037 66 1488 2311 1573 1728 2670 1042 509 2824 934 1969 2056 3128 2457 1437 1597 2187 2486 1299 2055 2076 1243 2764 1319 1263 343 || mode=RB method=sk_ac_avg solver=filo1 stage=post_ls ls=pyvrp iter=13
2026-03-15 22:22:16 | INFO     | [POOL #01289] 635 1016 3234 829 2882 362 1613 2065 1911 741 2690 954 2700 810 1321 2427 1469 75 3038 1326 2793 3109 2189 2863 3080 332 2608 || mode=RB method=sk_ac_avg solver=filo1 stage=post_ls ls=pyvrp iter=13
2026-03-15 22:22:16 | INFO     | [POOL #01290] 152 783 746 1862 781 1181 182 2172 1727 1529 2130 1909 278 548 1220 2040 1060 2398 878 1829 2781 333 678 1821 207 || mode=RB method=sk_ac_avg solver=filo1 stage=post_ls ls=pyvrp iter=13
2026-03-15 22:22:16 | INFO     | [POOL #01291] 2020 2001 776 1571 547 2247 2286 443 1700 1093 2923 820 551 2811 2810 2841 1063 1669 2675 3010 2152 476 1894 1423 1780 1026 811 1656 1095 || mode=RB method=sk_ac_avg solver=filo1 stage=post_ls ls=pyvrp iter=13
2026-03-15 22:22:16 | INFO     | [POOL #01292] 1771 1688 1183 2736 2579 777 1057 2877 497 1151 1670 2381 1850 134 1004 3012 1340 1517 2562 1142 1050 2538 2985 1457 1960 1678 || mode=RB method=sk_ac_avg solver=filo1 stage=post_ls ls=pyvrp iter=13
2026-03-15 22:22:16 | INFO     | [POOL #01293] 1502 2527 2561 2446 2204 1316 23 331 754 1733 483 863 780 292 2255 1984 1721 1904 981 1729 2745 2116 3024 2667 1643 1086 2941 2557 592 3015 1997 || mode=RB method=sk_ac_avg solver=filo1 stage=post_ls ls=pyvrp iter=13
2026-03-15 22:22:16 | INFO     | [POOL #01294] 2217 2514 3148 1418 1908 2412 62 2647 1601 2418 2271 910 2774 2732 1516 2103 1645 3207 1231 2292 3104 479 530 176 668 2837 2775 2339 1235 || mode=RB method=sk_ac_avg solver=filo1 stage=post_ls ls=pyvrp iter=13
2026-03-15 22:22:16 | INFO     | [POOL #01295] 200 2796 2844 361 769 2788 1704 2134 1793 696 1269 2936 584 1890 488 60 3055 2704 653 882 2294 1300 403 2428 1062 2612 751 1479 || mode=RB method=sk_ac_avg solver=filo1 stage=post_ls ls=pyvrp iter=13
2026-03-15 22:22:16 | INFO     | [POOL #01296] 595 1819 2924 2813 1312 2147 2401 1951 1290 2248 2978 2956 2251 1764 823 13 515 2119 2631 1222 1204 1468 1550 2571 1993 1241 1586 2884 1021 2467 2027 2466 762 273 898 163 || mode=RB method=sk_ac_avg solver=filo1 stage=post_ls ls=pyvrp iter=13
2026-03-15 22:22:16 | INFO     | [POOL #01297] 1138 1287 2539 1246 3052 2594 1339 2939 356 330 764 2692 1663 35 1273 2843 1442 2426 2642 3067 || mode=VB method=sk_ac_complete solver=filo2 stage=post_ls ls=pyvrp iter=14
2026-03-15 22:22:16 | INFO     | [POOL #01298] 1927 2045 3023 582 1930 2090 112 2546 3040 2580 2477 490 1756 2017 2526 1388 608 2894 3136 2696 1864 566 1369 1368 2382 1705 590 || mode=VB method=sk_ac_complete solver=filo2 stage=post_ls ls=pyvrp iter=14
2026-03-15 22:22:16 | INFO     | [POOL #01299] 447 290 985 1992 370 495 1710 654 1892 59 604 2210 || mode=VB method=sk_ac_complete solver=filo2 stage=post_ls ls=pyvrp iter=14
2026-03-15 22:22:16 | INFO     | [POOL #01300] 2825 2658 1804 1064 73 1714 1328 2881 1759 1389 178 1018 1997 747 2323 2005 204 2021 1701 1392 1122 3036 139 || mode=VB method=sk_ac_complete solver=filo2 stage=post_ls ls=pyvrp iter=14
2026-03-15 22:22:16 | INFO     | [POOL #01301] 589 1121 1152 1533 797 2650 2160 1640 2506 527 382 2808 1115 2347 1165 518 2734 937 1801 414 1083 2979 791 642 1837 692 1482 2144 2024 3057 || mode=VB method=sk_ac_complete solver=filo2 stage=post_ls ls=pyvrp iter=14
2026-03-15 22:22:16 | INFO     | [POOL #01302] 2665 2896 1675 1473 190 948 302 2157 2541 283 3106 1715 758 264 248 1845 2771 553 761 1148 467 || mode=VB method=sk_ac_complete solver=filo2 stage=post_ls ls=pyvrp iter=14
2026-03-15 22:22:16 | INFO     | [POOL #01303] 2080 2143 2449 394 1617 3156 166 2088 1091 388 2987 1732 3167 982 1304 2830 1874 2048 214 1855 2434 2394 || mode=VB method=sk_ac_complete solver=filo2 stage=post_ls ls=pyvrp iter=14
2026-03-15 22:22:16 | INFO     | [POOL #01304] 3146 695 1370 2595 1144 3230 1610 468 1898 2862 2922 607 3145 367 2025 1430 939 2305 2315 612 2618 1846 209 2687 1881 || mode=VB method=sk_ac_complete solver=filo2 stage=post_ls ls=pyvrp iter=14
2026-03-15 22:22:16 | INFO     | [POOL #01305] 668 2292 1810 3084 3003 2337 2510 2975 1890 2936 584 674 1599 1644 1269 696 1793 3239 3121 2297 2134 1704 2788 2496 688 769 361 3016 2921 2796 2480 2647 200 906 || mode=VB method=sk_ac_complete solver=filo2 stage=post_ls ls=pyvrp iter=14
2026-03-15 22:22:16 | INFO     | [POOL #01306] 3192 2094 2030 255 1593 976 1012 1170 3122 2977 438 2276 281 2913 993 3203 1417 622 2387 662 1781 836 345 || mode=VB method=sk_ac_complete solver=filo2 stage=post_ls ls=pyvrp iter=14
2026-03-15 22:22:16 | INFO     | [POOL #01307] 100 18 2517 1871 1735 88 998 1506 1718 2196 1288 369 1 181 1711 2869 1046 104 1218 3017 2833 1914 1102 313 1730 2485 2222 2082 3132 267 1548 1940 67 2351 2237 599 || mode=VB method=sk_ac_complete solver=filo2 stage=post_ls ls=pyvrp iter=14
2026-03-15 22:22:16 | INFO     | [POOL #01308] 2981 3066 3030 818 907 3144 727 528 2011 2633 1066 12 1104 1612 2419 2136 2763 3086 1596 2818 2800 1438 2937 3218 2331 2702 2531 || mode=VB method=sk_ac_complete solver=filo2 stage=post_ls ls=pyvrp iter=14
2026-03-15 22:22:16 | INFO     | [POOL #01309] 1322 1683 1743 299 2156 3183 1465 3235 2876 2519 2328 686 2244 1840 834 1108 103 1568 2117 239 1105 3087 364 703 1283 1535 1448 789 448 3209 1097 2731 3158 || mode=VB method=sk_ac_complete solver=filo2 stage=post_ls ls=pyvrp iter=14
2026-03-15 22:22:16 | INFO     | [POOL #01310] 574 1362 601 1090 3063 1953 1557 2534 1767 638 1163 1189 2038 324 419 2012 1572 2299 813 838 2450 655 87 3143 926 1802 || mode=VB method=sk_ac_complete solver=filo2 stage=post_ls ls=pyvrp iter=14
2026-03-15 22:22:16 | INFO     | [POOL #01311] 3009 1725 1210 2256 2536 2332 1639 2721 1458 1772 702 3002 980 2565 2513 2970 1279 2662 144 870 397 2084 2374 347 210 2748 1931 || mode=VB method=sk_ac_complete solver=filo2 stage=post_ls ls=pyvrp iter=14
2026-03-15 22:22:16 | INFO     | [POOL #01312] 124 2239 2473 186 2085 2319 1040 3176 1917 2435 2345 1145 2560 3155 3152 517 715 2537 2240 1247 1266 1123 1168 1632 2202 || mode=VB method=sk_ac_complete solver=filo2 stage=post_ls ls=pyvrp iter=14
2026-03-15 22:22:16 | INFO     | [POOL #01313] 635 1016 3234 332 3080 2882 2863 2189 3109 2793 1326 3038 810 2700 1321 2427 1469 75 1181 781 1862 746 783 335 2135 2608 || mode=VB method=sk_ac_complete solver=filo2 stage=post_ls ls=pyvrp iter=14
2026-03-15 22:22:16 | INFO     | [POOL #01314] 798 3060 2472 556 2551 125 573 2568 1765 1499 2950 111 1543 2458 1939 2607 3037 967 1851 514 1449 2656 1270 402 1014 846 || mode=VB method=sk_ac_complete solver=filo2 stage=post_ls ls=pyvrp iter=14
2026-03-15 22:22:16 | INFO     | [POOL #01315] 2759 733 2181 2474 2391 2217 2514 3148 1418 1385 1908 258 176 2412 2124 168 296 2624 2313 1399 2334 3159 1378 3048 3119 185 709 || mode=VB method=sk_ac_complete solver=filo2 stage=post_ls ls=pyvrp iter=14
2026-03-15 22:22:16 | INFO     | [POOL #01316] 1372 1674 2107 1412 1577 753 516 1467 1619 1178 2511 1657 532 2861 1604 2512 489 1081 1275 3194 2070 2032 2508 2839 1863 2221 1317 1377 3051 2223 || mode=VB method=sk_ac_complete solver=filo2 stage=post_ls ls=pyvrp iter=14
2026-03-15 22:22:16 | INFO     | [POOL #01317] 1884 1910 2540 346 960 184 972 858 1954 450 256 2126 265 222 899 2874 756 1677 689 1463 3028 1879 52 135 1636 || mode=VB method=sk_ac_complete solver=filo2 stage=post_ls ls=pyvrp iter=14
2026-03-15 22:22:16 | INFO     | [POOL #01318] 2789 1734 755 115 3178 2728 223 2529 1611 1159 963 2072 1431 1074 1118 1581 3077 3075 1404 1722 1501 1444 828 2672 65 3137 2567 227 || mode=VB method=sk_ac_complete solver=filo2 stage=post_ls ls=pyvrp iter=14
2026-03-15 22:22:16 | INFO     | [POOL #01319] 2013 29 2444 2905 1007 2886 1311 1075 3105 1579 2447 1622 2049 631 2303 2947 718 3014 1816 1697 1255 1571 547 2147 1423 1780 1721 2255 1984 1904 2667 3015 316 || mode=VB method=sk_ac_complete solver=filo2 stage=post_ls ls=pyvrp iter=14
2026-03-15 22:22:16 | INFO     | [POOL #01320] 154 837 1933 2317 879 2646 626 444 400 2666 202 1950 2010 763 2484 3076 776 1325 1398 1073 3043 2009 212 3126 1828 2724 2778 || mode=VB method=sk_ac_complete solver=filo2 stage=post_ls ls=pyvrp iter=14
2026-03-15 22:22:16 | INFO     | [POOL #01321] 824 2995 794 1306 3103 1406 1112 2050 1813 2399 2372 2960 2067 970 3111 1332 2957 1427 3180 2723 2740 894 3177 2092 1698 2812 || mode=VB method=sk_ac_complete solver=filo2 stage=post_ls ls=pyvrp iter=14
2026-03-15 22:22:16 | INFO     | [POOL #01322] 2489 679 1795 1979 1918 3163 2064 249 3013 2001 2020 2924 1656 811 1026 981 2745 2116 3024 1095 2574 2093 2036 360 779 2578 2906 1819 || mode=VB method=sk_ac_complete solver=filo2 stage=post_ls ls=pyvrp iter=14
2026-03-15 22:22:16 | INFO     | [POOL #01323] 2270 788 2448 2008 329 2679 2929 303 128 552 2421 189 2850 169 2968 1084 2680 2707 2746 257 587 1080 1051 39 276 2263 85 1736 2590 2576 || mode=VB method=sk_ac_complete solver=filo2 stage=post_ls ls=pyvrp iter=14
2026-03-15 22:22:16 | INFO     | [POOL #01324] 485 580 36 1882 2620 1660 1460 1525 1400 1435 3107 167 988 2984 218 737 191 2732 1516 2103 1645 3207 1231 2641 293 471 || mode=VB method=sk_ac_complete solver=filo2 stage=post_ls ls=pyvrp iter=14
2026-03-15 22:22:16 | INFO     | [POOL #01325] 871 368 421 2407 541 1295 644 1302 2603 2930 351 2320 1276 272 2044 795 2832 123 2883 1494 2283 376 2141 263 || mode=VB method=sk_ac_complete solver=filo2 stage=post_ls ls=pyvrp iter=14
2026-03-15 22:22:16 | INFO     | [POOL #01326] 1578 1486 2235 116 657 3120 51 1186 1048 1497 712 2846 387 925 997 2602 241 1226 486 2914 1201 2591 2396 832 2888 3226 1682 322 431 3174 || mode=VB method=sk_ac_complete solver=filo2 stage=post_ls ls=pyvrp iter=14
2026-03-15 22:22:16 | INFO     | [POOL #01327] 1956 881 943 2304 2314 1848 1859 588 719 1216 1477 1254 156 196 1567 1199 1860 2274 3147 2849 874 905 839 1946 1131 1044 || mode=VB method=sk_ac_complete solver=filo2 stage=post_ls ls=pyvrp iter=14
2026-03-15 22:22:16 | INFO     | [POOL #01328] 1228 436 1475 2440 2197 2365 510 389 2250 3184 2698 2219 1738 1082 25 2289 3073 2043 2016 2436 1684 53 3104 479 530 2837 2775 2339 1235 || mode=VB method=sk_ac_complete solver=filo2 stage=post_ls ls=pyvrp iter=14
2026-03-15 22:22:16 | INFO     | [POOL #01329] 2944 1664 3141 2269 652 1206 725 2352 174 3029 1786 917 1569 1320 2246 2644 2108 2720 2183 890 3079 1511 2166 1835 || mode=VB method=sk_ac_complete solver=filo2 stage=post_ls ls=pyvrp iter=14
2026-03-15 22:22:16 | INFO     | [POOL #01330] 2868 2527 2493 1647 3193 1301 3078 323 921 898 2275 273 465 1298 762 2466 2027 2467 1021 1488 66 1037 2344 793 694 1137 3045 2864 888 826 1038 2249 3210 1796 || mode=VB method=sk_ac_complete solver=filo2 stage=post_ls ls=pyvrp iter=14
2026-03-15 22:22:16 | INFO     | [POOL #01331] 2918 2784 2714 606 2504 2118 153 1773 618 163 2926 3153 2252 427 2765 2726 979 950 1262 2844 2271 2418 910 2774 1601 62 945 2798 || mode=VB method=sk_ac_complete solver=filo2 stage=post_ls ls=pyvrp iter=14
2026-03-15 22:22:16 | INFO     | [POOL #01332] 379 526 2063 1928 636 768 2214 1383 341 || mode=VB method=sk_ac_complete solver=filo2 stage=post_ls ls=pyvrp iter=14
2026-03-15 22:22:16 | INFO     | [POOL #01333] 835 3198 1068 2779 1758 433 2807 1854 2614 1803 1564 1461 1606 734 2112 807 1382 852 2998 3175 147 269 577 307 261 220 1451 1333 1776 2137 2554 || mode=VB method=sk_ac_complete solver=filo2 stage=post_ls ls=pyvrp iter=14
2026-03-15 22:22:16 | INFO     | [POOL #01334] 1643 2561 2446 2204 1316 23 331 754 1733 483 863 1008 780 292 974 1408 854 1268 1358 2179 1755 165 1905 2180 3064 1823 2980 3171 1502 || mode=VB method=sk_ac_complete solver=filo2 stage=post_ls ls=pyvrp iter=14
2026-03-15 22:22:16 | INFO     | [POOL #01335] 595 2653 2389 600 592 2557 1086 2941 470 1351 809 1077 1487 1672 800 2293 1792 2777 429 2867 162 2402 398 2316 8 1219 || mode=VB method=sk_ac_complete solver=filo2 stage=post_ls ls=pyvrp iter=14
2026-03-15 22:22:16 | INFO     | [POOL #01336] 1814 2754 2231 1893 3233 1214 2739 2559 908 978 999 2688 1774 1624 199 2959 284 745 79 3221 1310 2718 399 1257 1265 1020 1926 2749 1100 350 1106 1899 2295 792 1162 2062 892 2549 || mode=VB method=sk_ac_complete solver=filo2 stage=post_ls ls=pyvrp iter=14
2026-03-15 22:22:16 | INFO     | [POOL #01337] 1757 841 385 2335 3042 1649 1161 2533 663 1526 1563 1798 1422 1350 1092 475 3093 545 2362 149 1387 731 3071 2593 1405 94 956 3217 2856 3238 298 2615 1987 605 380 || mode=VB method=sk_ac_complete solver=filo2 stage=post_ls ls=pyvrp iter=14
2026-03-15 22:22:16 | INFO     | [POOL #01338] 1554 2889 1313 496 1329 2604 2028 2161 366 2503 2349 843 2710 61 1307 466 3074 2360 773 529 784 610 412 1558 987 543 || mode=VB method=sk_ac_complete solver=filo2 stage=post_ls ls=pyvrp iter=14
2026-03-15 22:22:16 | INFO     | [POOL #01339] 2785 3215 1607 3150 678 333 2781 2398 878 1829 69 2736 285 2579 2562 1517 1142 1050 2985 1457 1960 1688 383 || mode=VB method=sk_ac_complete solver=filo2 stage=post_ls ls=pyvrp iter=14
2026-03-15 22:22:16 | INFO     | [POOL #01340] 2286 1700 1093 2923 820 1433 146 37 21 1096 2994 568 1204 2119 515 13 823 2978 1669 1063 2675 3010 476 2152 1894 1312 2813 || mode=VB method=sk_ac_complete solver=filo2 stage=post_ls ls=pyvrp iter=14
2026-03-15 22:22:16 | INFO     | [POOL #01341] 1466 2311 1042 941 2884 509 2824 2413 1993 2571 1550 2375 2899 1373 90 1009 242 671 1468 1222 2631 1241 1586 2251 2956 3190 2248 1290 1951 || mode=VB method=sk_ac_complete solver=filo2 stage=post_ls ls=pyvrp iter=14
2026-03-15 22:22:16 | INFO     | [POOL #01342] 2683 1484 2053 250 2584 1072 2532 2097 2965 1354 437 2555 1292 2581 1673 2915 3114 1297 3070 325 1889 2198 56 521 991 2729 26 1720 498 2296 2674 611 2563 300 1788 1483 2999 || mode=VB method=sk_ac_complete solver=filo2 stage=post_ls ls=pyvrp iter=14
2026-03-15 22:22:16 | INFO     | [POOL #01343] 2892 443 3062 3007 386 2598 1200 1146 1441 1602 1790 1791 929 569 1537 1745 940 533 1167 2589 1590 2535 2990 2597 1717 1272 710 2453 1180 2483 1825 || mode=VB method=sk_ac_complete solver=filo2 stage=post_ls ls=pyvrp iter=14
2026-03-15 22:22:16 | INFO     | [POOL #01344] 1982 134 961 3182 1642 623 2727 469 1778 6 2988 2966 2149 2814 1002 225 2341 2451 1172 503 2547 2267 2468 1749 2932 3039 895 680 || mode=VB method=sk_ac_complete solver=filo2 stage=post_ls ls=pyvrp iter=14
2026-03-15 22:22:16 | INFO     | [POOL #01345] 3240 561 1681 2802 2184 2543 38 3044 872 2178 2838 2907 2133 2095 2652 2158 1531 990 2015 1176 1409 1740 1197 1054 1528 1067 1476 1580 || mode=VB method=sk_ac_complete solver=filo2 stage=post_ls ls=pyvrp iter=14
2026-03-15 22:22:16 | INFO     | [POOL #01346] 3035 1324 2278 2927 240 1679 1055 830 460 1296 849 452 2415 1132 2983 2150 912 2128 1493 2681 43 22 558 1972 1588 405 803 3115 2628 || mode=VB method=sk_ac_complete solver=filo2 stage=post_ls ls=pyvrp iter=14
2026-03-15 22:22:16 | INFO     | [POOL #01347] 373 572 105 1032 986 390 1393 2815 268 511 2954 1938 1099 1534 158 538 957 2114 726 1359 2379 1783 2769 2851 2071 3128 || mode=VB method=sk_ac_complete solver=filo2 stage=post_ls ls=pyvrp iter=14
2026-03-15 22:22:16 | INFO     | [POOL #01348] 1343 3083 2693 1396 3082 5 2363 2887 3089 140 821 348 260 2361 2806 1712 3101 2129 2677 2403 1196 1971 2298 2452 724 10 3201 211 2378 2542 2840 2259 806 1895 || mode=VB method=sk_ac_complete solver=filo2 stage=post_ls ls=pyvrp iter=14
2026-03-15 22:22:16 | INFO     | [POOL #01349] 554 109 2713 984 615 1676 311 953 1703 1936 2755 1416 472 1919 1947 274 2943 1849 1925 2437 1285 2931 1934 1574 1202 1923 1250 408 328 2191 2525 || mode=VB method=sk_ac_complete solver=filo2 stage=post_ls ls=pyvrp iter=14
2026-03-15 22:22:16 | INFO     | [POOL #01350] 2973 2380 3224 1522 3065 2709 819 2182 3068 424 1116 913 1983 2385 1650 576 627 2651 86 1723 955 1143 2003 446 || mode=VB method=sk_ac_complete solver=filo2 stage=post_ls ls=pyvrp iter=14
2026-03-15 22:22:16 | INFO     | [POOL #01351] 1719 1655 236 2433 1737 658 3054 1452 1374 1397 2227 2121 208 2516 2855 3027 1540 2893 1129 1238 349 2264 1401 251 735 1207 3154 2831 1242 160 2649 3127 1407 2261 || mode=VB method=sk_ac_complete solver=filo2 stage=post_ls ls=pyvrp iter=14
2026-03-15 22:22:16 | INFO     | [POOL #01352] 2417 64 523 1049 259 2051 1198 1251 664 1101 2961 928 3090 893 3034 1078 1809 3124 2643 1209 2192 2470 1386 1637 2969 1576 11 2370 132 129 || mode=VB method=sk_ac_complete solver=filo2 stage=post_ls ls=pyvrp iter=14
2026-03-15 22:22:16 | INFO     | [POOL #01353] 752 2061 614 58 1135 2708 586 1935 2790 203 924 681 2898 173 30 868 338 1036 2972 1136 1943 1852 3237 1348 1561 280 2974 || mode=VB method=sk_ac_complete solver=filo2 stage=post_ls ls=pyvrp iter=14
2026-03-15 22:22:16 | INFO     | [POOL #01354] 1085 713 3022 3056 2329 672 3162 3197 1817 1836 372 7 2026 1264 1489 901 34 2432 1500 1381 1010 1542 2661 519 1453 192 1974 2014 1623 728 || mode=VB method=sk_ac_complete solver=filo2 stage=post_ls ls=pyvrp iter=14
2026-03-15 22:22:16 | INFO     | [POOL #01355] 1961 1089 2795 2439 1510 1190 1253 2873 1363 934 1969 2056 1597 2187 2486 1299 2055 2076 2310 1618 1762 137 1394 || mode=VB method=sk_ac_complete solver=filo2 stage=post_ls ls=pyvrp iter=14
2026-03-15 22:22:16 | INFO     | [POOL #01356] 3134 1692 1305 1691 1336 287 2371 1434 1789 624 900 1832 1779 499 138 1539 1538 2046 1958 508 352 478 1352 2482 2829 2768 1058 221 2509 1259 1883 || mode=VB method=sk_ac_complete solver=filo2 stage=post_ls ls=pyvrp iter=14
2026-03-15 22:22:16 | INFO     | [POOL #01357] 177 670 546 1258 49 2928 687 159 2203 1513 2902 2904 2669 3169 2544 3102 118 1594 2368 648 1689 1519 1094 3118 650 930 1120 2308 || mode=VB method=sk_ac_complete solver=filo2 stage=post_ls ls=pyvrp iter=14
2026-03-15 22:22:16 | INFO     | [POOL #01358] 1390 1450 640 1314 179 482 757 656 420 2962 2719 639 1027 2996 1771 207 1821 2703 598 2213 2636 966 2986 2151 1858 714 1857 1924 152 3008 2127 2373 2277 || mode=VB method=sk_ac_complete solver=filo2 stage=post_ls ls=pyvrp iter=14
2026-03-15 22:22:16 | INFO     | [POOL #01359] 1968 2408 2146 171 2445 337 2441 354 45 2460 148 502 2895 1978 2306 2073 2953 537 536 850 2355 1595 1184 1331 831 342 1128 3179 2626 1799 3208 691 1784 2322 || mode=VB method=sk_ac_complete solver=filo2 stage=post_ls ls=pyvrp iter=14
2026-03-15 22:22:16 | INFO     | [POOL #01360] 1824 1437 2457 1140 2110 2000 309 903 862 1726 237 1760 3117 977 1308 2225 2786 3181 2364 2625 771 2029 2091 1966 935 197 || mode=VB method=sk_ac_complete solver=filo2 stage=post_ls ls=pyvrp iter=14
2026-03-15 22:22:16 | INFO     | [POOL #01361] 1267 1158 1952 3138 1087 1182 2657 619 229 1991 2610 962 591 2042 876 1897 1896 923 914 3216 2938 641 542 1888 1153 || mode=VB method=sk_ac_complete solver=filo2 stage=post_ls ls=pyvrp iter=14
2026-03-15 22:22:16 | INFO     | [POOL #01362] 1113 1446 2132 975 1633 477 403 882 2159 233 493 1103 1834 1286 3151 1472 504 183 1127 1462 2430 1498 1149 1243 2764 3026 98 488 || mode=VB method=sk_ac_complete solver=filo2 stage=post_ls ls=pyvrp iter=14
2026-03-15 22:22:16 | INFO     | [POOL #01363] 113 2587 1752 1505 2004 127 1512 2069 1808 2464 2376 2733 2406 2762 2522 2552 1665 2120 2429 851 15 1227 861 2052 2803 1375 2582 2284 1213 1628 1419 410 || mode=VB method=sk_ac_complete solver=filo2 stage=post_ls ls=pyvrp iter=14
2026-03-15 22:22:16 | INFO     | [POOL #01364] 161 2570 393 2933 358 266 2494 2369 371 2880 3213 1234 2346 1429 697 106 2716 2910 964 812 666 3006 707 3100 2712 661 1615 1509 959 1959 84 840 || mode=VB method=sk_ac_complete solver=filo2 stage=post_ls ls=pyvrp iter=14
2026-03-15 22:22:16 | INFO     | [POOL #01365] 1729 2841 2810 2811 551 1174 28 971 1687 3236 1906 253 1164 1280 1530 31 3157 458 1293 1410 2168 1315 1000 887 2776 1546 2247 || mode=VB method=sk_ac_complete solver=filo2 stage=post_ls ls=pyvrp iter=14
2026-03-15 22:22:16 | INFO     | [POOL #01366] 717 1556 216 2963 1185 3212 2488 2167 435 1583 2521 3020 1523 705 2220 799 243 1318 1766 562 2066 2946 99 1831 1728 1573 1006 || mode=VB method=sk_ac_complete solver=filo2 stage=post_ls ls=pyvrp iter=14
2026-03-15 22:22:16 | INFO     | [POOL #01367] 2411 1977 2454 1515 1260 2743 750 271 231 875 2912 531 1922 880 1662 855 1785 2827 996 2232 2100 2823 739 1547 || mode=VB method=sk_ac_complete solver=filo2 stage=post_ls ls=pyvrp iter=14
2026-03-15 22:22:16 | INFO     | [POOL #01368] 1421 873 1233 2226 3098 1965 244 2730 593 131 425 2770 2890 2079 232 95 2897 1365 946 524 973 2847 1963 927 365 2982 || mode=VB method=sk_ac_complete solver=filo2 stage=post_ls ls=pyvrp iter=14
2026-03-15 22:22:16 | INFO     | [POOL #01369] 1459 172 1415 1414 2081 2054 2875 1034 247 1496 1425 320 729 1575 730 711 3001 1117 2350 617 238 1627 2900 585 1690 1920 613 || mode=VB method=sk_ac_complete solver=filo2 stage=post_ls ls=pyvrp iter=14
2026-03-15 22:22:16 | INFO     | [POOL #01370] 2186 1029 1183 777 1057 497 2553 2751 2130 1909 278 1727 3172 2123 2172 182 785 3125 548 1220 2040 1060 886 1591 || mode=VB method=sk_ac_complete solver=filo2 stage=post_ls ls=pyvrp iter=14
2026-03-15 22:22:16 | INFO     | [POOL #01371] 1678 2538 1340 3012 1004 1151 645 441 1861 1621 2599 1886 2243 2637 16 2163 3072 1614 1609 2456 2564 1670 2381 1850 3099 1125 2230 || mode=VB method=sk_ac_complete solver=filo2 stage=post_ls ls=pyvrp iter=14
2026-03-15 22:22:16 | INFO     | [POOL #01372] 2877 1347 418 2188 1005 844 2993 2821 539 1744 1822 2174 2106 2300 306 3097 1303 492 1699 766 2209 1944 2102 2673 2992 3219 989 2068 1440 822 1236 2737 3047 2952 || mode=VB method=sk_ac_complete solver=filo2 stage=post_ls ls=pyvrp iter=14
2026-03-15 22:22:16 | INFO     | [POOL #01373] 1709 1764 1208 3166 557 133 378 748 3061 918 2019 2253 1620 2469 1507 507 14 1024 1916 288 2175 3220 141 2524 944 1544 374 || mode=VB method=sk_ac_complete solver=filo2 stage=post_ls ls=pyvrp iter=14
2026-03-15 22:22:16 | INFO     | [POOL #01374] 150 1380 2282 454 2942 896 1376 634 827 3164 2682 3199 1503 2500 1447 1680 1364 3053 842 3123 2684 315 1635 708 474 1520 339 2410 2142 969 1154 1964 27 || mode=VB method=sk_ac_complete solver=filo2 stage=post_ls ls=pyvrp iter=14
2026-03-15 22:22:16 | INFO     | [POOL #01375] 1782 2791 2324 224 2022 78 2200 1278 2377 1485 3227 1805 2664 667 1481 1794 2761 1900 1811 801 1211 2006 2490 2393 121 1948 119 500 || mode=VB method=sk_ac_complete solver=filo2 stage=post_ls ls=pyvrp iter=14
2026-03-15 22:22:16 | INFO     | [POOL #01376] 2401 2491 2357 1818 3021 1230 2945 2462 1560 2964 308 317 722 2111 2616 749 3229 637 1424 501 1282 1527 270 1391 2766 1294 1011 685 602 3 2211 814 2852 720 || mode=VB method=sk_ac_complete solver=filo2 stage=post_ls ls=pyvrp iter=14
2026-03-15 22:22:16 | INFO     | [POOL #01377] 629 1001 1754 1847 2358 1867 3195 847 1976 3161 3018 1426 3232 567 1739 775 17 205 1589 594 1559 2431 1338 445 2817 1942 || mode=VB method=sk_ac_complete solver=filo2 stage=post_ls ls=pyvrp iter=14
2026-03-15 22:22:16 | INFO     | [POOL #01378] 869 2386 1045 3188 1156 1147 1366 72 3149 2353 1193 2131 1555 1929 442 312 1157 422 2162 2592 384 2096 1741 228 2857 2744 2670 || mode=VB method=sk_ac_complete solver=filo2 stage=post_ls ls=pyvrp iter=14
2026-03-15 22:22:16 | INFO     | [POOL #01379] 1221 1878 2612 1062 2428 1300 2294 653 3055 2704 1263 1319 1237 2101 1694 3191 60 343 3096 1025 1334 751 1479 || mode=VB method=sk_ac_complete solver=filo2 stage=post_ls ls=pyvrp iter=14
2026-03-15 22:22:16 | INFO     | [POOL #01380] 2507 2826 2573 743 2083 2836 922 2548 965 885 336 1713 3204 3050 392 2747 294 1750 1256 3131 2520 2037 464 1696 2638 2285 1708 1345 2605 2767 3170 1838 1975 3200 || mode=VB method=sk_ac_complete solver=filo2 stage=post_ls ls=pyvrp iter=14
2026-03-15 22:22:16 | INFO     | [POOL #01381] 245 2461 3046 2908 2060 2039 50 2528 180 2588 2465 279 2828 252 164 3004 1065 254 2634 2176 767 1030 282 289 534 3092 1111 549 669 195 1490 || mode=VB method=sk_ac_complete solver=filo2 stage=post_ls ls=pyvrp iter=14
2026-03-15 22:22:16 | INFO     | [POOL #01382] 170 82 864 1327 1529 1455 2686 2018 2772 1109 2935 1570 732 9 2201 2207 2505 406 597 889 983 1833 759 2238 2195 83 782 2169 2575 677 848 2074 || mode=VB method=sk_ac_complete solver=filo2 stage=post_ls ls=pyvrp iter=14
2026-03-15 22:22:16 | INFO     | [POOL #01383] 2757 2627 2031 1504 1941 2388 932 2356 1693 1022 2288 1695 1807 2115 2695 1990 1770 1344 415 2177 621 1439 2326 2260 2971 3211 || mode=VB method=sk_ac_complete solver=filo2 stage=post_ls ls=pyvrp iter=14
2026-03-15 22:22:16 | INFO     | [POOL #01384] 2241 3231 201 2395 2229 947 1630 2140 2742 20 833 3205 2475 1056 2287 1945 3112 1724 1195 327 1666 2104 2173 723 2558 2291 2773 3185 || mode=VB method=sk_ac_complete solver=filo2 stage=post_ls ls=pyvrp iter=14
2026-03-15 22:22:16 | INFO     | [POOL #01385] 2138 1188 318 117 760 2545 1252 2792 434 659 1536 2165 1212 71 2330 2820 1967 736 625 1098 291 2057 1742 2632 578 2122 || mode=VB method=sk_ac_complete solver=filo2 stage=post_ls ls=pyvrp iter=14
2026-03-15 22:22:16 | INFO     | [POOL #01386] 2340 2487 1608 2903 1827 1587 1031 1281 968 3139 740 2859 1384 919 1160 1616 1702 3116 1671 1661 1367 1887 2671 2919 2199 151 2208 1411 102 || mode=VB method=sk_ac_complete solver=filo2 stage=post_ls ls=pyvrp iter=14
2026-03-15 22:22:16 | INFO     | [POOL #01387] 55 1070 915 2617 2492 2920 1039 1686 2783 80 2077 334 1685 215 1239 1356 319 1603 194 1980 2438 564 770 1491 213 2878 2318 47 2309 || mode=VB method=sk_ac_complete solver=filo2 stage=post_ls ls=pyvrp iter=14
2026-03-15 22:22:16 | INFO     | [POOL #01388] 815 3135 2233 1748 1903 2390 2911 2007 1173 2735 1646 2495 2518 2976 1229 2258 1634 742 1420 1124 3091 555 902 1079 690 2550 3189 2139 3142 1806 || mode=VB method=sk_ac_complete solver=filo2 stage=post_ls ls=pyvrp iter=14
2026-03-15 22:22:16 | INFO     | [POOL #01389] 829 2397 2383 2065 1613 954 97 114 2185 101 1598 2556 1240 2711 2569 1232 2780 2951 1600 1035 2934 1353 2690 741 1911 362 1907 || mode=VB method=sk_ac_complete solver=filo2 stage=post_ls ls=pyvrp iter=14
2026-03-15 22:22:16 | INFO     | [POOL #01390] 3165 2301 2075 1667 1716 1003 596 1141 2866 1274 676 2854 2262 1654 487 2909 175 1565 2059 2442 3005 1194 2325 2606 || mode=VB method=sk_ac_complete solver=filo2 stage=post_ls ls=pyvrp iter=14
2026-03-15 22:22:16 | INFO     | [POOL #01391] 246 3094 321 609 1518 1524 1284 1932 413 808 2701 1443 2423 136 1545 96 772 423 81 1495 1456 411 2572 571 310 1428 1225 396 1478 143 || mode=VB method=sk_ac_complete solver=filo2 stage=post_ls ls=pyvrp iter=14
2026-03-15 22:22:16 | INFO     | [POOL #01392] 3214 1492 3049 1873 675 2809 2835 1261 2242 3110 2479 3173 620 2816 2585 2280 951 2782 2257 2193 70 891 2997 1413 2577 3187 1139 2312 1921 949 || mode=VB method=sk_ac_complete solver=filo2 stage=post_ls ls=pyvrp iter=14
2026-03-15 22:22:16 | INFO     | [POOL #01393] 1179 2871 363 958 2917 2153 2858 1379 2699 1175 1865 1659 2455 2750 1872 1880 522 3130 2155 1061 2725 1248 2336 1592 1830 1015 2753 2290 3081 || mode=VB method=sk_ac_complete solver=filo2 stage=post_ls ls=pyvrp iter=14
2026-03-15 22:22:16 | INFO     | [POOL #01394] 3202 157 2611 845 2949 513 916 909 1625 2609 2822 1585 314 579 2834 1552 407 1761 744 1820 432 1532 1913 || mode=VB method=sk_ac_complete solver=filo2 stage=post_ls ls=pyvrp iter=14
2026-03-15 22:22:16 | INFO     | [POOL #01395] 1841 1877 2948 1053 866 1130 2860 340 1217 2600 931 2819 2865 1812 2405 92 1891 2630 2236 2676 2215 2190 2254 2845 || mode=VB method=sk_ac_complete solver=filo2 stage=post_ls ls=pyvrp iter=14
2026-03-15 22:22:16 | INFO     | [POOL #01396] 1271 2659 2366 455 1119 2668 187 120 2321 1076 706 2583 920 2498 359 3133 377 684 3000 193 2706 2218 || mode=VB method=sk_ac_complete solver=filo2 stage=post_ls ls=pyvrp iter=14
2026-03-15 22:22:16 | INFO     | [POOL #01397] 3225 1751 2302 1787 375 2752 942 2224 3108 1994 1017 525 1357 262 155 995 2476 1205 301 2113 1052 1584 2342 2409 198 480 || mode=VB method=sk_ac_complete solver=filo2 stage=post_ls ls=pyvrp iter=14
2026-03-15 22:22:16 | INFO     | [POOL #01398] 2265 2471 911 1059 57 2613 665 459 2154 787 404 2621 2689 2206 1901 1088 2705 1653 426 1215 304 1033 || mode=VB method=sk_ac_complete solver=filo2 stage=post_ls ls=pyvrp iter=14
2026-03-15 22:22:16 | INFO     | [POOL #01399] 2047 1970 2955 206 1432 2872 2760 1955 456 1626 2327 1777 651 1995 1541 2216 933 2794 230 1962 353 660 2 1999 856 1150 || mode=VB method=sk_ac_complete solver=filo2 stage=post_ls ls=pyvrp iter=14
2026-03-15 22:22:16 | INFO     | [POOL #01400] 2425 2463 2619 1731 1169 805 3206 3228 24 74 570 2916 883 217 2879 2348 3113 1912 381 1223 2848 853 3186 1224 1323 616 || mode=VB method=sk_ac_complete solver=filo2 stage=post_ls ls=pyvrp iter=14
2026-03-15 22:22:16 | INFO     | [POOL #01401] 226 2530 2212 857 1769 716 2586 2758 994 1875 2424 494 2105 3085 1937 275 1949 936 2989 409 1361 145 2087 || mode=VB method=sk_ac_complete solver=filo2 stage=post_ls ls=pyvrp iter=14
2026-03-15 22:22:16 | INFO     | [POOL #01402] 2639 632 2678 2279 1658 2566 2799 1853 1641 40 1553 1480 2842 1341 1915 2481 575 93 391 2078 859 234 1171 2870 649 484 3160 603 1403 1551 2194 2655 1885 2648 || mode=VB method=sk_ac_complete solver=filo2 stage=post_ls ls=pyvrp iter=14
2026-03-15 22:22:16 | INFO     | [POOL #01403] 188 506 1203 2756 1988 76 2623 1631 2497 295 1355 1471 796 416 1870 48 91 3033 235 2041 860 401 2478 2596 2089 1797 1454 1337 3196 || mode=VB method=sk_ac_complete solver=filo2 stage=post_ls ls=pyvrp iter=14
2026-03-15 22:22:16 | INFO     | [POOL #01404] 1166 1043 738 1342 1985 721 1508 1514 1989 2741 1747 2228 44 1605 2797 1289 2148 2640 2034 1582 786 3129 2804 1245 2697 428 2125 || mode=VB method=sk_ac_complete solver=filo2 stage=post_ls ls=pyvrp iter=14
2026-03-15 22:22:16 | INFO     | [POOL #01405] 2002 865 68 63 673 1856 2622 581 2925 2086 884 32 3140 2891 2023 1869 790 1445 2170 2635 1110 2694 952 1071 774 219 1028 1470 2499 563 1973 || mode=VB method=sk_ac_complete solver=filo2 stage=post_ls ls=pyvrp iter=14
2026-03-15 22:22:16 | INFO     | [POOL #01406] 110 2967 2171 2717 1996 1566 2400 305 628 700 565 2501 630 2654 1349 683 701 1876 3058 1800 77 2359 2205 897 2691 2958 3095 || mode=VB method=sk_ac_complete solver=filo2 stage=post_ls ls=pyvrp iter=14
2026-03-15 22:22:16 | INFO     | [POOL #01407] 481 520 2354 2033 2901 544 3088 54 904 344 1651 1981 2738 693 1866 395 647 2853 439 765 583 1815 992 2991 440 1244 1192 1775 491 2035 || mode=VB method=sk_ac_complete solver=filo2 stage=post_ls ls=pyvrp iter=14
2026-03-15 22:22:16 | INFO     | [POOL #01408] 1133 2940 2367 41 2420 2268 463 2601 2099 802 535 1652 3032 1346 1998 1371 473 1521 1842 126 1826 1763 297 108 462 512 130 42 2787 2272 2333 643 || mode=VB method=sk_ac_complete solver=filo2 stage=post_ls ls=pyvrp iter=14
2026-03-15 22:22:16 | INFO     | [POOL #01409] 2515 704 867 2660 1155 1395 457 2058 2266 1187 357 1291 1330 804 277 1335 1629 2245 3222 142 699 2416 451 1839 2307 2273 1309 2422 2164 3069 3019 1648 2392 2443 || mode=VB method=sk_ac_complete solver=filo2 stage=post_ls ls=pyvrp iter=14
2026-03-15 22:22:16 | INFO     | [POOL #01410] 559 1177 1134 1843 1402 633 461 1746 1753 2885 1023 1107 646 1464 3041 682 2805 540 1986 1047 326 1249 3223 1957 || mode=VB method=sk_ac_complete solver=filo2 stage=post_ls ls=pyvrp iter=14
2026-03-15 22:22:16 | INFO     | [POOL #01411] 449 2338 1114 430 1360 825 2098 4 1902 107 453 2502 1562 2281 1768 2234 2801 2459 1191 2645 2523 1019 2414 1706 1707 2384 817 417 1844 2722 1638 505 877 1013 89 || mode=VB method=sk_ac_complete solver=filo2 stage=post_ls ls=pyvrp iter=14
2026-03-15 22:22:16 | INFO     | [POOL #01412] 2343 1474 550 1868 1069 1549 19 2404 46 938 816 286 1041 33 1668 1277 2629 2663 560 2685 3168 2145 355 122 778 1436 3059 2109 2715 3025 3031 1126 3011 698 || mode=VB method=sk_ac_complete solver=filo2 stage=post_ls ls=pyvrp iter=14
2026-03-15 22:22:16 | INFO     | [POOL #01413] 290 604 985 1992 370 495 3218 2270 2594 3052 1246 2539 1287 1138 || mode=VB method=sk_ac_avg solver=filo1 stage=post_ls ls=pyvrp iter=15
2026-03-15 22:22:16 | INFO     | [POOL #01414] 3067 2642 2426 3144 124 2692 764 2830 1304 982 2540 574 871 2048 2141 214 263 1855 1884 1636 2080 2825 467 || mode=VB method=sk_ac_avg solver=filo1 stage=post_ls ls=pyvrp iter=15
2026-03-15 22:22:16 | INFO     | [POOL #01415] 2981 3066 907 1273 35 1663 330 356 2939 102 2263 276 2763 3086 2008 2448 1339 2843 1442 818 3030 2434 2394 || mode=VB method=sk_ac_avg solver=filo1 stage=post_ls ls=pyvrp iter=15
2026-03-15 22:22:16 | INFO     | [POOL #01416] 1122 2973 436 1881 2380 446 2063 526 1228 695 3146 3036 || mode=VB method=sk_ac_avg solver=filo1 stage=post_ls ls=pyvrp iter=15
2026-03-15 22:22:16 | INFO     | [POOL #01417] 2223 1194 2854 1141 596 2087 145 1361 409 2989 949 1921 1820 432 1873 3049 1492 1003 1716 1667 2075 2325 2606 || mode=VB method=sk_ac_avg solver=filo1 stage=post_ls ls=pyvrp iter=15
2026-03-15 22:22:16 | INFO     | [POOL #01418] 3051 3005 1377 1317 2262 676 2265 2218 2613 665 57 1059 1177 911 2471 2866 1033 2221 175 654 1892 2331 2702 2531 || mode=VB method=sk_ac_avg solver=filo1 stage=post_ls ls=pyvrp iter=15
2026-03-15 22:22:16 | INFO     | [POOL #01419] 3165 2301 3202 157 2611 845 2949 513 744 916 1203 506 2756 2041 235 860 401 2478 2596 2089 1797 1454 188 1337 3196 || mode=VB method=sk_ac_avg solver=filo1 stage=post_ls ls=pyvrp iter=15
2026-03-15 22:22:16 | INFO     | [POOL #01420] 447 2059 2909 487 2508 2839 1150 1957 1274 2358 1847 1754 1001 1296 849 460 1055 1679 240 2927 2278 1324 516 1467 753 2818 2800 1438 1674 1372 || mode=VB method=sk_ac_avg solver=filo1 stage=post_ls ls=pyvrp iter=15
2026-03-15 22:22:16 | INFO     | [POOL #01421] 635 1016 3234 829 2397 2383 2793 1326 3038 810 2700 1321 2427 1469 75 1181 2999 3125 278 1909 548 1220 2040 1607 3215 2785 656 || mode=VB method=sk_ac_avg solver=filo1 stage=post_ls ls=pyvrp iter=15
2026-03-15 22:22:16 | INFO     | [POOL #01422] 197 935 2110 2000 309 903 862 1726 1760 3117 237 977 1308 2225 873 3181 2364 771 2029 1966 705 || mode=VB method=sk_ac_avg solver=filo1 stage=post_ls ls=pyvrp iter=15
2026-03-15 22:22:16 | INFO     | [POOL #01423] 378 2410 1635 2684 3123 1352 478 352 508 1958 2046 1538 1539 138 499 1779 1832 900 624 1789 1434 2371 287 1305 1692 3134 2469 1507 507 14 2142 1964 || mode=VB method=sk_ac_avg solver=filo1 stage=post_ls ls=pyvrp iter=15
2026-03-15 22:22:16 | INFO     | [POOL #01424] 3166 1230 2945 2462 1560 2964 308 722 317 2322 1784 2616 749 691 1808 2069 1512 127 1227 861 2395 201 3231 876 591 3216 || mode=VB method=sk_ac_avg solver=filo1 stage=post_ls ls=pyvrp iter=15
2026-03-15 22:22:16 | INFO     | [POOL #01425] 2509 221 1058 1359 957 1968 2077 3127 2649 160 2408 1242 2831 2146 3154 1207 171 2445 337 2441 354 45 2460 148 502 2895 1331 831 3179 2626 1799 3229 637 1336 1691 2111 3021 || mode=VB method=sk_ac_avg solver=filo1 stage=post_ls ls=pyvrp iter=15
2026-03-15 22:22:16 | INFO     | [POOL #01426] 2353 896 1376 634 827 3164 2682 2768 2829 726 2114 538 158 1534 1099 2261 1407 80 334 1685 215 1239 1356 194 2783 1686 1980 1039 2438 2617 915 2897 || mode=VB method=sk_ac_avg solver=filo1 stage=post_ls ls=pyvrp iter=15
2026-03-15 22:22:16 | INFO     | [POOL #01427] 2230 717 1125 1850 1614 3072 2163 16 2238 759 680 895 3039 1188 983 1833 597 889 1642 3182 2243 2637 2599 1621 1861 2751 2553 1029 || mode=VB method=sk_ac_avg solver=filo1 stage=post_ls ls=pyvrp iter=15
2026-03-15 22:22:16 | INFO     | [POOL #01428] 1883 2524 1154 2491 557 133 748 3061 969 1024 1916 288 2175 3220 72 1366 2282 1147 1156 422 1157 2162 799 2457 || mode=VB method=sk_ac_avg solver=filo1 stage=post_ls ls=pyvrp iter=15
2026-03-15 22:22:16 | INFO     | [POOL #01429] 117 760 1681 2802 434 2184 2543 38 3044 872 2178 2838 2907 2133 2095 2652 2158 492 1303 3097 306 2300 2106 2174 1822 1744 2821 539 1005 1749 2932 318 || mode=VB method=sk_ac_avg solver=filo1 stage=post_ls ls=pyvrp iter=15
2026-03-15 22:22:16 | INFO     | [POOL #01430] 961 406 2988 2149 2814 1002 225 418 2188 844 2993 659 1536 2165 1212 71 2330 2820 1967 1580 2258 3170 1838 1975 1079 2007 2911 1903 || mode=VB method=sk_ac_avg solver=filo1 stage=post_ls ls=pyvrp iter=15
2026-03-15 22:22:16 | INFO     | [POOL #01431] 2309 47 2908 2060 2039 50 180 2588 2465 2433 2828 252 164 282 289 534 279 730 729 320 1425 1496 247 1034 2875 2054 2081 2890 2770 3098 || mode=VB method=sk_ac_avg solver=filo1 stage=post_ls ls=pyvrp iter=15
2026-03-15 22:22:16 | INFO     | [POOL #01432] 1523 578 2632 1490 1965 244 2730 1415 425 1414 1690 669 549 1111 3092 1575 711 3001 1117 2350 617 238 1627 2900 585 2826 1920 291 195 3189 || mode=VB method=sk_ac_avg solver=filo1 stage=post_ls ls=pyvrp iter=15
2026-03-15 22:22:16 | INFO     | [POOL #01433] 572 105 1032 1393 2769 1783 2379 2815 268 511 1938 2954 2920 2492 770 1491 213 2878 2318 232 2079 3046 172 1459 || mode=VB method=sk_ac_avg solver=filo1 stage=post_ls ls=pyvrp iter=15
2026-03-15 22:22:16 | INFO     | [POOL #01434] 141 3149 1193 2942 3199 1503 2500 1447 2482 3053 842 1364 1680 315 708 474 1520 339 1620 2253 2019 918 1818 2357 || mode=VB method=sk_ac_avg solver=filo1 stage=post_ls ls=pyvrp iter=15
2026-03-15 22:22:16 | INFO     | [POOL #01435] 901 1419 1628 2582 1375 2803 2052 2004 15 851 2429 1666 327 1195 1724 3112 1945 2287 1056 2475 3205 833 20 2742 2104 2173 723 2140 2558 2291 2773 || mode=VB method=sk_ac_avg solver=filo1 stage=post_ls ls=pyvrp iter=15
2026-03-15 22:22:16 | INFO     | [POOL #01436] 2207 2952 822 2068 989 3219 2992 2673 2102 1944 2209 766 1699 1531 990 2015 1176 1409 1740 1197 1054 1528 1067 1476 2836 2605 2767 736 2390 || mode=VB method=sk_ac_avg solver=filo1 stage=post_ls ls=pyvrp iter=15
2026-03-15 22:22:16 | INFO     | [POOL #01437] 781 182 2172 2123 3172 2185 1483 101 1598 2556 3083 1570 2935 1109 2772 2018 2686 1343 1455 1529 1727 785 1327 1060 783 || mode=VB method=sk_ac_avg solver=filo1 stage=post_ls ls=pyvrp iter=15
2026-03-15 22:22:16 | INFO     | [POOL #01438] 1542 113 1344 2587 1752 1505 2464 2376 2762 2522 2120 1665 2552 850 536 537 2953 2073 2306 1978 1595 2355 1184 342 1128 2406 2733 3208 1424 501 1282 1527 1294 1011 685 2969 || mode=VB method=sk_ac_avg solver=filo1 stage=post_ls ls=pyvrp iter=15
2026-03-15 22:22:16 | INFO     | [POOL #01439] 1102 932 3185 923 1897 1896 1213 2284 664 1101 2961 1251 1198 2051 259 2695 1990 1770 2115 1807 1695 415 2177 || mode=VB method=sk_ac_avg solver=filo1 stage=post_ls ls=pyvrp iter=15
2026-03-15 22:22:16 | INFO     | [POOL #01440] 384 2592 312 1555 2131 454 1259 2071 2851 986 390 1070 1365 946 524 973 2847 1963 927 55 373 365 1929 442 2982 1140 2220 || mode=VB method=sk_ac_avg solver=filo1 stage=post_ls ls=pyvrp iter=15
2026-03-15 22:22:16 | INFO     | [POOL #01441] 2877 1886 623 2505 1778 6 2966 2468 2267 2547 503 1172 2341 2451 2792 1252 2545 2518 1229 2976 2495 1646 2735 1173 3200 || mode=VB method=sk_ac_avg solver=filo1 stage=post_ls ls=pyvrp iter=15
2026-03-15 22:22:16 | INFO     | [POOL #01442] 245 564 2528 1655 236 1737 658 3054 1452 3004 1065 2855 2516 208 3027 1540 2893 1129 1238 349 2264 1401 251 735 2121 2227 1397 1374 319 1603 1719 95 2461 || mode=VB method=sk_ac_avg solver=filo1 stage=post_ls ls=pyvrp iter=15
2026-03-15 22:22:16 | INFO     | [POOL #01443] 1174 129 132 2370 11 1576 1637 1386 2470 2192 1209 2643 3124 1809 893 3034 1078 270 2766 1391 3090 928 602 3 2211 814 2852 1049 523 || mode=VB method=sk_ac_avg solver=filo1 stage=post_ls ls=pyvrp iter=15
2026-03-15 22:22:16 | INFO     | [POOL #01444] 3240 561 1345 1708 2285 2638 1696 464 2037 2520 3131 1256 1750 294 2747 3050 392 2634 2176 254 767 1030 1713 3204 336 885 965 2548 922 2083 743 2573 || mode=VB method=sk_ac_avg solver=filo1 stage=post_ls ls=pyvrp iter=15
2026-03-15 22:22:16 | INFO     | [POOL #01445] 2951 2780 3201 10 724 2452 2298 1971 1196 2403 2677 2129 3101 1712 2806 2361 260 348 821 3114 1297 3070 325 1889 2198 56 521 991 2729 498 2693 2584 250 864 82 || mode=VB method=sk_ac_avg solver=filo1 stage=post_ls ls=pyvrp iter=15
2026-03-15 22:22:16 | INFO     | [POOL #01446] 2130 2683 1484 2053 732 9 2201 1072 2532 2097 1396 3082 5 2363 2887 3089 140 2915 1673 2581 1292 2555 1440 437 1354 2965 1236 2737 3047 1347 469 2727 2138 2195 83 || mode=VB method=sk_ac_avg solver=filo1 stage=post_ls ls=pyvrp iter=15
2026-03-15 22:22:16 | INFO     | [POOL #01447] 2122 2091 2625 2786 1233 2226 1742 2057 131 593 613 1098 625 1634 742 1420 1124 3091 555 902 690 2550 2507 3020 || mode=VB method=sk_ac_avg solver=filo1 stage=post_ls ls=pyvrp iter=15
2026-03-15 22:22:16 | INFO     | [POOL #01448] 1907 1911 741 2690 1353 2934 1035 1600 1232 2259 2711 2569 2840 2542 2378 211 26 1720 2296 2674 611 2563 1240 300 806 1788 1895 114 97 954 1613 2065 || mode=VB method=sk_ac_avg solver=filo1 stage=post_ls ls=pyvrp iter=15
2026-03-15 22:22:16 | INFO     | [POOL #01449] 1020 1794 2610 962 2823 812 964 2910 2716 106 231 875 2912 531 1922 880 1662 855 1785 2827 996 2232 2100 1630 947 2229 2042 914 || mode=VB method=sk_ac_avg solver=filo1 stage=post_ls ls=pyvrp iter=15
2026-03-15 22:22:16 | INFO     | [POOL #01450] 2665 2896 1044 345 2094 709 2759 733 1235 185 1012 2323 1170 3122 2977 438 3119 2181 1370 1475 1143 636 1383 341 || mode=VB method=sk_ac_avg solver=filo1 stage=post_ls ls=pyvrp iter=15
2026-03-15 22:22:16 | INFO     | [POOL #01451] 761 553 1956 1219 948 302 2541 283 1715 3106 1389 881 905 874 943 398 2316 2489 8 1759 1328 1714 758 264 248 1064 1804 || mode=VB method=sk_ac_avg solver=filo1 stage=post_ls ls=pyvrp iter=15
2026-03-15 22:22:16 | INFO     | [POOL #01452] 2944 2658 1845 73 1835 2812 846 1617 3156 589 1121 1152 1664 1533 1091 642 2088 166 1837 2567 52 1802 227 2144 135 2024 2449 2143 || mode=VB method=sk_ac_avg solver=filo1 stage=post_ls ls=pyvrp iter=15
2026-03-15 22:22:16 | INFO     | [POOL #01453] 3192 1392 1701 2030 255 1593 976 2005 622 1018 839 178 1946 1131 2387 662 316 1781 2157 836 190 1473 1675 || mode=VB method=sk_ac_avg solver=filo1 stage=post_ls ls=pyvrp iter=15
2026-03-15 22:22:16 | INFO     | [POOL #01454] 559 1215 426 1653 2705 1088 2206 2689 2621 404 1843 1402 1986 1047 326 2047 1249 3223 847 1867 || mode=VB method=sk_ac_avg solver=filo1 stage=post_ls ls=pyvrp iter=15
2026-03-15 22:22:16 | INFO     | [POOL #01455] 304 1134 633 1023 2333 2787 1110 42 130 512 297 108 1998 1763 1826 2023 1869 790 1445 2170 2635 2272 646 1107 2805 1901 629 || mode=VB method=sk_ac_avg solver=filo1 stage=post_ls ls=pyvrp iter=15
2026-03-15 22:22:16 | INFO     | [POOL #01456] 540 682 1464 3041 1432 2872 2760 1955 456 1626 2327 1777 651 1995 1541 2891 3140 2216 933 2794 1962 353 206 2955 1970 1999 856 3195 || mode=VB method=sk_ac_avg solver=filo1 stage=post_ls ls=pyvrp iter=15
2026-03-15 22:22:16 | INFO     | [POOL #01457] 3214 675 1841 2845 1761 1625 2609 2822 1585 314 579 1877 951 2280 2585 2816 620 3173 2479 3110 2242 2834 1552 1261 2835 2809 2312 || mode=VB method=sk_ac_avg solver=filo1 stage=post_ls ls=pyvrp iter=15
2026-03-15 22:22:16 | INFO     | [POOL #01458] 2210 3035 59 1710 1565 2032 2070 3194 1275 489 912 2128 43 2415 1132 2150 1081 2512 1604 2861 532 1178 2511 1619 1596 1577 1412 2107 788 || mode=VB method=sk_ac_avg solver=filo1 stage=post_ls ls=pyvrp iter=15
2026-03-15 22:22:16 | INFO     | [POOL #01459] 1973 3094 2420 2268 463 2601 2099 802 535 1652 3032 1346 1932 1284 1524 609 1518 2572 571 310 1428 1225 3031 1830 1015 396 321 2753 1478 563 || mode=VB method=sk_ac_avg solver=filo1 stage=post_ls ls=pyvrp iter=15
2026-03-15 22:22:16 | INFO     | [POOL #01460] 1942 1559 594 1589 205 1739 17 775 673 1856 32 884 2086 230 2925 660 2 581 2622 63 68 865 2002 1426 3232 567 3161 3018 1976 1338 || mode=VB method=sk_ac_avg solver=filo1 stage=post_ls ls=pyvrp iter=15
2026-03-15 22:22:16 | INFO     | [POOL #01461] 1913 1532 1271 936 1949 1043 738 1342 1985 721 1508 2691 2958 494 2105 3085 1937 428 2125 2659 2648 2212 2530 226 || mode=VB method=sk_ac_avg solver=filo1 stage=post_ls ls=pyvrp iter=15
2026-03-15 22:22:16 | INFO     | [POOL #01462] 3187 2577 2997 891 70 2193 877 1217 2600 931 2819 2033 505 1223 2848 853 3186 1224 1323 704 375 1514 1166 || mode=VB method=sk_ac_avg solver=filo1 stage=post_ls ls=pyvrp iter=15
2026-03-15 22:22:16 | INFO     | [POOL #01463] 2782 2035 340 491 1812 1244 440 2991 992 1815 583 765 439 2853 647 395 693 2738 1981 1651 344 904 417 54 1844 3088 1192 2865 1775 2257 1139 89 || mode=VB method=sk_ac_avg solver=filo1 stage=post_ls ls=pyvrp iter=15
2026-03-15 22:22:16 | INFO     | [POOL #01464] 2586 2758 994 455 2668 187 120 2321 1076 706 2583 920 2498 359 3133 377 684 3000 193 2499 143 3081 || mode=VB method=sk_ac_avg solver=filo1 stage=post_ls ls=pyvrp iter=15
2026-03-15 22:22:16 | INFO     | [POOL #01465] 2443 2392 565 2654 1205 1648 3019 2476 234 1480 33 1041 2842 1341 1915 2481 575 93 391 2078 859 3069 995 155 262 1357 77 || mode=VB method=sk_ac_avg solver=filo1 stage=post_ls ls=pyvrp iter=15
2026-03-15 22:22:16 | INFO     | [POOL #01466] 3095 275 2697 1245 786 897 2205 44 2359 1800 2501 630 1349 683 3058 1876 701 1017 1994 3108 2224 942 2425 1747 2228 2741 2424 || mode=VB method=sk_ac_avg solver=filo1 stage=post_ls ls=pyvrp iter=15
2026-03-15 22:22:16 | INFO     | [POOL #01467] 857 1769 716 2639 2706 1470 2290 1028 219 774 1071 952 41 2367 2940 1133 643 2885 1753 1746 461 787 2154 459 || mode=VB method=sk_ac_avg solver=filo1 stage=post_ls ls=pyvrp iter=15
2026-03-15 22:22:16 | INFO     | [POOL #01468] 2515 1413 1013 520 2354 2901 544 2722 1638 381 2660 867 570 74 24 3228 3206 805 1169 1731 2619 616 1787 481 2302 1751 3225 || mode=VB method=sk_ac_avg solver=filo1 stage=post_ls ls=pyvrp iter=15
2026-03-15 22:22:16 | INFO     | [POOL #01469] 2871 698 3011 1126 1592 2336 3025 2715 2109 3059 411 1456 1495 81 423 772 96 1545 136 2423 1443 413 808 2701 1371 473 1521 1842 126 462 2694 246 || mode=VB method=sk_ac_avg solver=filo1 stage=post_ls ls=pyvrp iter=15
2026-03-15 22:22:16 | INFO     | [POOL #01470] 407 2948 1053 866 1130 2860 449 2405 92 1891 2338 1114 430 1471 796 416 1870 48 91 2497 1631 2623 3033 76 1988 909 || mode=VB method=sk_ac_avg solver=filo1 stage=post_ls ls=pyvrp iter=15
2026-03-15 22:22:16 | INFO     | [POOL #01471] 480 1119 632 2678 1551 1584 2279 1052 2113 301 1403 603 3160 484 649 2870 1171 1553 40 1641 2566 1880 1872 522 2155 1061 1865 2858 2917 || mode=VB method=sk_ac_avg solver=filo1 stage=post_ls ls=pyvrp iter=15
2026-03-15 22:22:16 | INFO     | [POOL #01472] 2254 2190 2215 2676 2236 2630 295 1355 1360 825 2098 4 107 1902 1866 2502 453 1562 2281 1768 2234 2801 2459 1191 2645 2523 1019 2414 1706 1707 2384 817 1912 3113 2348 2463 1989 || mode=VB method=sk_ac_avg solver=filo1 stage=post_ls ls=pyvrp iter=15
2026-03-15 22:22:16 | INFO     | [POOL #01473] 110 2967 198 2171 2717 1996 1566 363 958 2153 2409 2400 305 1885 2655 2194 2342 700 628 2797 1605 1289 2148 2640 2034 1582 3129 2804 1875 2366 || mode=VB method=sk_ac_avg solver=filo1 stage=post_ls ls=pyvrp iter=15
2026-03-15 22:22:16 | INFO     | [POOL #01474] 1179 1379 2699 1175 1659 2455 2750 1658 2799 1853 19 2404 46 938 816 286 1668 1277 2629 2663 560 2685 3168 2145 355 122 778 1436 1069 1549 1868 550 1474 3130 1248 2725 2343 || mode=VB method=sk_ac_avg solver=filo1 stage=post_ls ls=pyvrp iter=15
2026-03-15 22:22:16 | INFO     | [POOL #01475] 2937 2983 452 2928 2817 687 159 1513 2902 2904 2669 648 2368 1594 118 3102 2544 3169 2431 445 830 1863 1654 2442 || mode=VB method=sk_ac_avg solver=filo1 stage=post_ls ls=pyvrp iter=15
2026-03-15 22:22:16 | INFO     | [POOL #01476] 968 1671 2972 670 1036 546 1258 49 2203 1689 1519 1094 3118 650 2411 371 2880 1977 2454 1515 1260 2743 750 271 697 1429 2346 3213 1234 666 707 3006 2755 || mode=VB method=sk_ac_avg solver=filo1 stage=post_ls ls=pyvrp iter=15
2026-03-15 22:22:16 | INFO     | [POOL #01477] 998 1267 1914 2833 3017 801 1158 1153 1952 3138 1087 1182 2657 2938 641 2241 1888 542 2356 1453 519 192 1974 2388 1941 1504 2031 2627 3105 2222 2082 2757 || mode=VB method=sk_ac_avg solver=filo1 stage=post_ls ls=pyvrp iter=15
2026-03-15 22:22:16 | INFO     | [POOL #01478] 595 2778 1859 588 1216 1477 1254 156 196 809 1077 1487 1795 1828 1672 800 2293 2013 1792 2777 429 1206 599 652 2269 3141 || mode=VB method=sk_ac_avg solver=filo1 stage=post_ls ls=pyvrp iter=15
2026-03-15 22:22:16 | INFO     | [POOL #01479] 2926 1647 3193 3064 2180 483 863 165 1755 2179 1358 1408 854 1268 465 2275 898 921 323 3078 826 1301 2765 427 2252 3153 163 1796 || mode=VB method=sk_ac_avg solver=filo1 stage=post_ls ls=pyvrp iter=15
2026-03-15 22:22:16 | INFO     | [POOL #01480] 1910 1743 299 2156 1767 638 3183 1465 3235 2876 2519 2328 261 686 2614 1840 834 1108 220 1854 2807 1451 1333 1776 2554 3198 1874 || mode=VB method=sk_ac_avg solver=filo1 stage=post_ls ls=pyvrp iter=15
2026-03-15 22:22:16 | INFO     | [POOL #01481] 1418 3084 3003 3096 343 3055 2704 493 1103 1834 1286 3151 1421 183 1127 1462 2430 1498 504 1472 1149 1243 2764 1319 1263 60 2975 674 1599 2774 945 1908 || mode=VB method=sk_ac_avg solver=filo1 stage=post_ls ls=pyvrp iter=15
2026-03-15 22:22:16 | INFO     | [POOL #01482] 2183 1765 88 1506 1718 2196 1288 369 181 1 1711 1046 104 1218 1211 2006 2490 2393 121 1948 119 500 313 2485 1730 3132 267 1548 1940 1427 725 || mode=VB method=sk_ac_avg solver=filo1 stage=post_ls ls=pyvrp iter=15
2026-03-15 22:22:16 | INFO     | [POOL #01483] 1683 1757 841 307 577 269 1606 734 2998 3175 147 385 2335 2739 3217 2856 2914 1201 2591 2396 832 2888 3226 1682 322 431 1987 2231 605 380 || mode=VB method=sk_ac_avg solver=filo1 stage=post_ls ls=pyvrp iter=15
2026-03-15 22:22:16 | INFO     | [POOL #01484] 1255 3062 3007 386 2598 1200 2776 971 1687 3236 1906 1530 1280 253 1164 1208 374 1544 944 3188 1045 2375 2899 1373 90 1009 242 671 1468 27 1008 1823 || mode=VB method=sk_ac_avg solver=filo1 stage=post_ls ls=pyvrp iter=15
2026-03-15 22:22:16 | INFO     | [POOL #01485] 3028 3137 65 2672 828 1444 1501 1722 1404 1118 3075 3077 1581 210 347 1431 2072 963 1159 1611 1572 2299 813 838 2450 2126 3143 926 2754 1814 || mode=VB method=sk_ac_avg solver=filo1 stage=post_ls ls=pyvrp iter=15
2026-03-15 22:22:16 | INFO     | [POOL #01486] 394 2979 937 2808 1115 1165 2347 2472 2517 1871 967 1851 514 1449 2723 2740 894 1786 3029 174 2352 2995 1511 2166 824 || mode=VB method=sk_ac_avg solver=filo1 stage=post_ls ls=pyvrp iter=15
2026-03-15 22:22:16 | INFO     | [POOL #01487] 2867 1406 1112 2399 2372 2960 2067 2444 2947 718 3014 1697 1816 3076 2484 763 2010 1950 1325 1398 2001 2020 2924 3163 719 || mode=VB method=sk_ac_avg solver=filo1 stage=post_ls ls=pyvrp iter=15
2026-03-15 22:22:16 | INFO     | [POOL #01488] 2798 3048 1378 3159 2334 2313 1399 2124 2412 1231 1810 2436 2016 3184 1684 53 3104 479 530 176 668 2837 2775 2339 2217 2391 || mode=VB method=sk_ac_avg solver=filo1 stage=post_ls ls=pyvrp iter=15
2026-03-15 22:22:16 | INFO     | [POOL #01489] 3065 2703 598 1688 1457 1142 1050 2538 1430 2025 1633 477 1556 216 848 403 2428 1062 2612 975 2132 1878 1025 1334 751 2620 36 580 389 510 2365 2474 139 || mode=VB method=sk_ac_avg solver=filo1 stage=post_ls ls=pyvrp iter=15
2026-03-15 22:22:16 | INFO     | [POOL #01490] 688 2496 1644 2936 584 1890 488 98 3026 3191 1237 1694 2101 2310 1618 1762 137 1394 1269 696 1793 2134 1704 2788 2480 || mode=VB method=sk_ac_avg solver=filo1 stage=post_ls ls=pyvrp iter=15
2026-03-15 22:22:16 | INFO     | [POOL #01491] 1390 1771 207 1821 1982 1183 69 1057 497 1151 645 441 1609 2456 2564 1670 2381 134 1004 777 2736 285 2579 2562 1960 1678 2213 2636 966 2151 714 || mode=VB method=sk_ac_avg solver=filo1 stage=post_ls ls=pyvrp iter=15
2026-03-15 22:22:16 | INFO     | [POOL #01492] 2868 592 2557 2941 1086 1643 2561 2204 2446 3171 2493 2980 23 1316 2574 2093 2036 360 779 2578 470 1567 1199 1860 || mode=VB method=sk_ac_avg solver=filo1 stage=post_ls ls=pyvrp iter=15
2026-03-15 22:22:16 | INFO     | [POOL #01493] 1928 768 2214 1450 152 3008 2135 332 3080 746 886 1591 2996 1027 639 2719 420 757 482 1858 1857 3068 2709 1522 379 || mode=VB method=sk_ac_avg solver=filo1 stage=post_ls ls=pyvrp iter=15
2026-03-15 22:22:16 | INFO     | [POOL #01494] 2440 2595 2197 485 1479 2219 1738 2043 3073 2289 25 367 2074 1113 1221 1446 939 2305 2315 612 3145 607 1846 2618 2986 2182 || mode=VB method=sk_ac_avg solver=filo1 stage=post_ls ls=pyvrp iter=15
2026-03-15 22:22:16 | INFO     | [POOL #01495] 543 1554 1313 496 924 681 2028 529 773 2360 3074 466 1307 61 2710 843 2349 2503 366 2161 2898 173 30 868 338 1661 1367 151 1411 2421 || mode=VB method=sk_ac_avg solver=filo1 stage=post_ls ls=pyvrp iter=15
2026-03-15 22:22:16 | INFO     | [POOL #01496] 2250 2698 1300 2294 653 882 2159 233 1806 815 3142 3135 2233 2139 2521 1748 1583 435 782 2167 2488 3212 2169 2575 677 1185 2963 3099 3012 1340 1517 2985 383 || mode=VB method=sk_ac_avg solver=filo1 stage=post_ls ls=pyvrp iter=15
2026-03-15 22:22:16 | INFO     | [POOL #01497] 1893 3233 298 3238 956 94 1405 2602 241 997 925 387 2846 712 1497 1048 350 1106 1186 51 3120 657 116 397 2084 2374 1074 || mode=VB method=sk_ac_avg solver=filo1 stage=post_ls ls=pyvrp iter=15
2026-03-15 22:22:16 | INFO     | [POOL #01498] 3057 1482 388 1879 791 1083 1463 689 1677 756 222 265 655 87 256 450 1954 1362 858 972 1732 2987 1322 || mode=VB method=sk_ac_avg solver=filo1 stage=post_ls ls=pyvrp iter=15
2026-03-15 22:22:16 | INFO     | [POOL #01499] 2402 679 2724 1351 1979 1918 2064 249 2892 3013 1073 3043 202 2666 400 2009 444 212 3126 626 2646 879 2317 1933 162 2881 || mode=VB method=sk_ac_avg solver=filo1 stage=post_ls ls=pyvrp iter=15
2026-03-15 22:22:16 | INFO     | [POOL #01500] 331 754 1733 1904 1721 1984 2255 780 292 974 1709 3190 2248 1290 1951 2401 476 3010 2675 1063 2247 547 2147 1312 2813 1026 811 1656 1095 || mode=VB method=sk_ac_avg solver=filo1 stage=post_ls ls=pyvrp iter=15
2026-03-15 22:22:16 | INFO     | [POOL #01501] 2615 978 999 2688 199 3221 1310 1485 3227 2713 984 615 1676 311 1574 1934 1202 408 328 2191 1805 2525 2377 2718 1100 1226 486 1210 2728 || mode=VB method=sk_ac_avg solver=filo1 stage=post_ls ls=pyvrp iter=15
2026-03-15 22:22:16 | INFO     | [POOL #01502] 2021 204 747 1997 1417 3203 3015 993 2913 2276 281 2274 2906 1848 2314 600 3147 2304 2849 2389 2653 1819 2771 1148 || mode=VB method=sk_ac_avg solver=filo1 stage=post_ls ls=pyvrp iter=15
2026-03-15 22:22:16 | INFO     | [POOL #01503] 1085 1146 1441 1790 2329 672 3162 3197 1817 1836 372 1439 720 64 1293 3157 31 458 1410 2168 1315 887 1000 2326 2260 2971 3211 2417 || mode=VB method=sk_ac_avg solver=filo1 stage=post_ls ls=pyvrp iter=15
2026-03-15 22:22:16 | INFO     | [POOL #01504] 3174 3009 1725 2256 2536 2332 1639 2721 1458 1772 702 3002 980 2565 2513 2970 1279 144 2662 792 870 1162 2062 892 2748 1931 1578 518 2734 414 1801 692 || mode=VB method=sk_ac_avg solver=filo1 stage=post_ls ls=pyvrp iter=15
2026-03-15 22:22:16 | INFO     | [POOL #01505] 1927 2045 128 582 1168 1123 1266 2240 2537 715 2477 490 517 2560 1145 1105 364 1283 587 1080 1051 1612 2419 727 || mode=VB method=sk_ac_avg solver=filo1 stage=post_ls ls=pyvrp iter=15
2026-03-15 22:22:16 | INFO     | [POOL #01506] 2667 3024 2116 2841 2810 2811 551 13 515 2119 1204 568 28 2994 1096 21 37 1546 146 1433 820 2923 1093 1700 443 2286 1571 776 || mode=VB method=sk_ac_avg solver=filo1 stage=post_ls ls=pyvrp iter=15
2026-03-15 22:22:16 | INFO     | [POOL #01507] 100 2650 2160 1640 2506 527 382 890 18 2720 2108 2644 2246 1320 1569 2656 917 3177 2092 1698 1270 3079 402 1014 797 || mode=VB method=sk_ac_avg solver=filo1 stage=post_ls ls=pyvrp iter=15
2026-03-15 22:22:16 | INFO     | [POOL #01508] 1502 2527 3210 1773 153 618 2249 1038 979 950 1262 769 361 2271 910 2418 1601 2647 606 2714 2784 168 296 2624 906 || mode=VB method=sk_ac_avg solver=filo1 stage=post_ls ls=pyvrp iter=15
2026-03-15 22:22:16 | INFO     | [POOL #01509] 346 3167 368 421 2407 541 1295 644 1302 2603 2930 351 2320 1276 272 2044 795 2832 123 2883 1494 2283 835 || mode=VB method=sk_ac_avg solver=filo1 stage=post_ls ls=pyvrp iter=15
2026-03-15 22:22:16 | INFO     | [POOL #01510] 2590 39 552 3023 1930 112 2090 2208 2199 2974 280 2919 1561 2671 1348 3237 2681 1493 22 558 1972 1588 405 803 3040 2546 3115 1657 303 2929 2679 329 2628 2576 || mode=VB method=sk_ac_avg solver=filo1 stage=post_ls ls=pyvrp iter=15
2026-03-15 22:22:16 | INFO     | [POOL #01511] 2239 186 703 2319 1040 3176 1917 2435 2345 2894 3136 2696 1864 566 1369 1368 1568 103 2117 2382 433 1758 1705 590 2779 1068 376 || mode=VB method=sk_ac_avg solver=filo1 stage=post_ls ls=pyvrp iter=15
2026-03-15 22:22:16 | INFO     | [POOL #01512] 2277 2373 2127 2882 362 2863 2189 3109 1862 2398 878 1829 2781 333 678 2186 3150 170 2962 335 179 1314 1924 640 2608 || mode=VB method=sk_ac_avg solver=filo1 stage=post_ls ls=pyvrp iter=15
2026-03-15 22:22:16 | INFO     | [POOL #01513] 1161 2533 475 1092 1350 1558 2308 412 610 1329 2604 784 930 2369 2494 266 2712 661 1416 1615 358 1120 2933 393 2570 161 2362 149 545 3093 109 1649 3042 || mode=VB method=sk_ac_avg solver=filo1 stage=post_ls ls=pyvrp iter=15
2026-03-15 22:22:16 | INFO     | [POOL #01514] 1564 1461 554 2559 908 2593 3071 731 1387 1774 2959 79 745 284 399 1278 1900 2200 78 1257 1265 2749 1926 2022 2869 224 2324 1899 2295 2791 1782 || mode=VB method=sk_ac_avg solver=filo1 stage=post_ls ls=pyvrp iter=15
2026-03-15 22:22:16 | INFO     | [POOL #01515] 2918 2504 2118 2726 888 1137 694 793 2344 1037 66 1488 2311 1042 941 1831 2670 1728 1824 1253 1190 1510 2439 2795 1089 3239 3121 2297 3045 2864 3016 2921 2796 200 || mode=VB method=sk_ac_avg solver=filo1 stage=post_ls ls=pyvrp iter=15
2026-03-15 22:22:16 | INFO     | [POOL #01516] 2050 1813 29 2303 631 2483 2453 710 1272 1717 3022 1590 2589 1167 940 533 2014 2535 1623 728 1579 2447 1075 2886 1007 970 3111 1332 || mode=VB method=sk_ac_avg solver=filo1 stage=post_ls ls=pyvrp iter=15
2026-03-15 22:22:16 | INFO     | [POOL #01517] 528 2011 2633 1066 12 1104 3158 2731 1097 3209 448 789 752 2968 1084 2680 2707 2746 257 2473 169 2850 189 2202 2340 2136 85 1736 || mode=VB method=sk_ac_avg solver=filo1 stage=post_ls ls=pyvrp iter=15
2026-03-15 22:22:16 | INFO     | [POOL #01518] 1632 1247 2580 2487 1608 2903 1827 1887 177 1852 1943 1136 3116 1702 1616 1160 919 1384 1135 58 614 2061 608 3087 2085 || mode=VB method=sk_ac_avg solver=filo1 stage=post_ls ls=pyvrp iter=15
2026-03-15 22:22:16 | INFO     | [POOL #01519] 471 293 2641 1385 62 3207 1645 2103 1516 2732 191 737 218 2984 1435 988 167 2510 3107 2337 1400 1525 1460 1660 1882 2292 258 3148 2514 || mode=VB method=sk_ac_avg solver=filo1 stage=post_ls ls=pyvrp iter=15
2026-03-15 22:22:16 | INFO     | [POOL #01520] 794 2905 1311 1622 2049 2597 2990 1745 1537 569 2661 410 1500 2432 34 1489 1693 1022 2288 621 7 2026 1264 1381 1010 929 1791 3056 1602 713 1180 1825 || mode=VB method=sk_ac_avg solver=filo1 stage=post_ls ls=pyvrp iter=15
2026-03-15 22:22:16 | INFO     | [POOL #01521] 1214 1624 840 84 1509 959 1959 953 1703 1936 2931 1285 2437 1947 1919 472 3100 1849 2943 274 1925 1991 739 229 619 1547 1923 1250 667 1481 2664 2761 1811 2235 1486 2549 || mode=VB method=sk_ac_avg solver=filo1 stage=post_ls ls=pyvrp iter=15
2026-03-15 22:22:16 | INFO     | [POOL #01522] 2789 1734 755 899 2874 115 3178 223 2529 2012 419 324 2038 1189 1163 2534 1557 1953 3063 1090 601 184 960 || mode=VB method=sk_ac_avg solver=filo1 stage=post_ls ls=pyvrp iter=15
2026-03-15 22:22:16 | INFO     | [POOL #01523] 3224 955 1723 86 2651 2687 627 576 1144 3230 1082 2922 2862 1898 468 1610 209 1650 2385 1983 913 1116 424 819 2003 || mode=VB method=sk_ac_avg solver=filo1 stage=post_ls ls=pyvrp iter=15
2026-03-15 22:22:16 | INFO     | [POOL #01524] 2873 2076 2055 1299 2486 2187 1597 1437 3128 562 1766 1318 243 2096 1741 1380 150 228 2857 2066 2946 2056 99 934 1969 1363 1573 1006 1466 1961 2844 || mode=VB method=sk_ac_avg solver=filo1 stage=post_ls ls=pyvrp iter=15
2026-03-15 22:22:16 | INFO     | [POOL #01525] 2137 2244 1803 2112 807 1382 852 663 1526 1563 1798 1422 987 2889 203 2790 1935 586 2708 2859 740 3139 1281 1031 1587 2526 1388 2017 1756 3152 3155 239 1535 1448 || mode=VB method=sk_ac_avg solver=filo1 stage=post_ls ls=pyvrp iter=15
2026-03-15 22:22:16 | INFO     | [POOL #01526] 1905 273 1298 762 2466 2027 2467 1021 2884 509 2824 2744 2413 869 2386 1993 2571 1550 1222 2631 1241 1586 2251 1764 823 2956 2978 1669 2152 1894 1423 1780 981 1729 2745 || mode=VB method=sk_ac_avg solver=filo1 stage=post_ls ls=pyvrp iter=15
2026-03-15 22:22:16 | INFO     | [POOL #01527] 798 3060 556 2551 125 573 2568 1735 3037 2607 1499 2950 111 1543 2458 1939 67 2957 3180 2351 2237 3103 1306 837 154 || mode=VB method=sk_ac_avg solver=filo1 stage=post_ls ls=pyvrp iter=15
2026-03-15 22:22:16 | INFO     | [POOL #01528] 3098 1965 244 2730 1415 425 1414 2875 1034 247 1496 1425 320 729 730 1575 3092 1111 549 669 585 1690 1920 613 593 131 2057 1742 || mode=RB method=sk_kmeans solver=filo1 stage=post_ls ls=pyvrp iter=16
2026-03-15 22:22:16 | INFO     | [POOL #01529] 1546 2776 1315 2168 1410 1293 3157 458 31 1530 253 1164 1906 3236 1687 971 28 568 2994 1096 21 37 146 || mode=RB method=sk_kmeans solver=filo1 stage=post_ls ls=pyvrp iter=16
2026-03-15 22:22:16 | INFO     | [POOL #01530] 1907 2383 97 1353 2934 1600 1232 2259 2711 2569 2840 2542 2378 211 26 2729 991 1889 325 2198 56 521 498 1720 2296 2674 611 2563 1240 300 806 1788 1895 114 || mode=RB method=sk_kmeans solver=filo1 stage=post_ls ls=pyvrp iter=16
2026-03-15 22:22:16 | INFO     | [POOL #01531] 82 864 1327 3125 785 2123 3172 1455 250 1343 2686 2018 2772 101 1598 3083 1109 2935 1570 9 732 1886 2599 1621 1861 2683 2751 2553 || mode=RB method=sk_kmeans solver=filo1 stage=post_ls ls=pyvrp iter=16
2026-03-15 22:22:16 | INFO     | [POOL #01532] 3121 1006 1831 1363 99 2066 228 2857 562 1766 1318 243 799 2220 197 183 504 1472 1149 1243 2764 1319 1263 60 293 || mode=RB method=sk_kmeans solver=filo1 stage=post_ls ls=pyvrp iter=16
2026-03-15 22:22:16 | INFO     | [POOL #01533] 170 2999 2185 1483 2556 2693 2532 2097 1396 3082 5 2363 1354 2887 3089 140 3114 1297 3070 1196 2403 2129 2677 1971 2298 2452 724 10 3201 2780 2951 1035 || mode=RB method=sk_kmeans solver=filo1 stage=post_ls ls=pyvrp iter=16
2026-03-15 22:22:16 | INFO     | [POOL #01534] 1982 961 2201 2952 1347 2149 2814 1002 225 418 2188 989 2361 1712 3101 2806 260 348 821 2915 1673 2581 1292 2555 2068 1440 437 2965 822 1236 2737 3047 1072 2584 2053 1484 || mode=RB method=sk_kmeans solver=filo1 stage=post_ls ls=pyvrp iter=16
2026-03-15 22:22:16 | INFO     | [POOL #01535] 3200 2735 1079 1975 2976 1838 2258 1580 2330 71 1212 2820 1967 736 1098 625 1634 742 1420 1124 3091 555 902 690 2007 2911 || mode=RB method=sk_kmeans solver=filo1 stage=post_ls ls=pyvrp iter=16
2026-03-15 22:22:16 | INFO     | [POOL #01536] 927 524 1070 2897 915 2617 1039 1980 1686 2783 194 1603 319 1737 2433 279 534 711 3001 1117 2350 617 238 1627 2900 743 2573 2605 2826 291 1490 578 || mode=RB method=sk_kmeans solver=filo1 stage=post_ls ls=pyvrp iter=16
2026-03-15 22:22:16 | INFO     | [POOL #01537] 3197 372 1770 259 2695 1990 2587 1752 664 1101 2961 1505 2004 1512 127 2429 851 15 1227 861 2052 2803 1375 2582 2284 1213 1628 1419 1264 || mode=RB method=sk_kmeans solver=filo1 stage=post_ls ls=pyvrp iter=16
2026-03-15 22:22:16 | INFO     | [POOL #01538] 2309 1655 236 658 3054 1452 1374 1397 2121 1129 1238 349 2264 2893 1540 3027 208 2516 2855 1065 3004 1030 164 252 282 289 2828 2465 2588 2461 || mode=RB method=sk_kmeans solver=filo1 stage=post_ls ls=pyvrp iter=16
2026-03-15 22:22:16 | INFO     | [POOL #01539] 3003 2122 935 1140 2110 2000 309 903 862 1726 977 237 1760 3117 1929 442 312 1157 422 2162 384 1741 1380 150 1045 2386 869 941 1466 || mode=RB method=sk_kmeans solver=filo1 stage=post_ls ls=pyvrp iter=16
2026-03-15 22:22:16 | INFO     | [POOL #01540] 717 1556 216 2963 677 2575 2488 2167 435 1583 1903 2390 2507 3189 2550 2632 2226 1233 2225 1308 2786 873 3181 2364 771 2029 2091 1966 1834 1103 493 3096 || mode=RB method=sk_kmeans solver=filo1 stage=post_ls ls=pyvrp iter=16
2026-03-15 22:22:16 | INFO     | [POOL #01541] 1373 374 1964 1154 378 3061 14 1507 2469 1620 2462 1637 1386 2470 2192 1209 2643 3124 1809 893 2766 1391 3090 928 1198 2211 814 1049 523 64 2417 || mode=RB method=sk_kmeans solver=filo1 stage=post_ls ls=pyvrp iter=16
2026-03-15 22:22:16 | INFO     | [POOL #01542] 839 1433 887 1817 1836 1439 7 2026 621 2177 415 1344 1807 2115 1695 2288 1022 1693 901 1489 1381 1010 2990 1825 || mode=RB method=sk_kmeans solver=filo1 stage=post_ls ls=pyvrp iter=16
2026-03-15 22:22:16 | INFO     | [POOL #01543] 1823 2413 2375 2899 1544 557 133 748 918 2019 2253 2945 11 1576 2370 132 1818 2357 2491 3166 1208 90 1009 242 671 3190 1709 || mode=RB method=sk_kmeans solver=filo1 stage=post_ls ls=pyvrp iter=16
2026-03-15 22:22:16 | INFO     | [POOL #01544] 507 339 1520 474 1635 1305 1336 2371 1434 1789 624 900 1832 1779 499 2460 148 45 354 1401 251 735 337 2441 2445 171 1207 3154 2227 215 1685 334 1239 1356 80 1407 2261 || mode=RB method=sk_kmeans solver=filo1 stage=post_ls ls=pyvrp iter=16
2026-03-15 22:22:16 | INFO     | [POOL #01545] 373 572 105 2851 1032 986 390 1393 2769 1783 2379 726 2114 2482 3053 842 1364 1680 315 708 2410 2142 969 2524 1883 1905 || mode=RB method=sk_kmeans solver=filo1 stage=post_ls ls=pyvrp iter=16
2026-03-15 22:22:16 | INFO     | [POOL #01546] 285 3182 1642 2727 469 1778 6 2988 2966 2468 2267 503 1172 2341 2451 2792 1252 1681 1229 2518 2495 1646 1173 2139 || mode=RB method=sk_kmeans solver=filo1 stage=post_ls ls=pyvrp iter=16
2026-03-15 22:22:16 | INFO     | [POOL #01547] 129 2969 308 1799 2626 3179 1128 342 2355 1595 1184 831 1331 502 2895 1978 2306 2073 2953 537 536 850 2552 1665 2120 2522 2762 2406 2733 2376 2464 2069 1808 1251 2051 113 || mode=RB method=sk_kmeans solver=filo1 stage=post_ls ls=pyvrp iter=16
2026-03-15 22:22:16 | INFO     | [POOL #01548] 318 1749 1005 539 3219 2992 2673 2102 1944 2209 766 1699 1531 990 2015 1176 1409 2158 2095 2652 1740 1197 1054 1528 1067 1476 1536 2165 2545 561 3240 1125 || mode=RB method=sk_kmeans solver=filo1 stage=post_ls ls=pyvrp iter=16
2026-03-15 22:22:16 | INFO     | [POOL #01549] 1008 3134 1692 2684 3123 1352 478 287 352 508 138 1539 1538 2046 1958 2146 2831 1242 2408 160 2649 3127 2077 1968 1099 1534 158 538 957 1359 1058 2682 634 1961 || mode=RB method=sk_kmeans solver=filo1 stage=post_ls ls=pyvrp iter=16
2026-03-15 22:22:16 | INFO     | [POOL #01550] 2138 2932 2547 844 2993 2821 1744 1822 2174 2106 2300 306 1303 492 3097 2133 2907 2838 2178 872 3044 38 2543 2184 659 434 2802 760 117 || mode=RB method=sk_kmeans solver=filo1 stage=post_ls ls=pyvrp iter=16
2026-03-15 22:22:16 | INFO     | [POOL #01551] 2385 3099 2564 1609 1614 3072 2163 16 2637 2243 623 2207 2505 406 597 889 1833 983 1188 3039 895 680 759 2238 2195 83 782 1185 || mode=RB method=sk_kmeans solver=filo1 stage=post_ls ls=pyvrp iter=16
2026-03-15 22:22:16 | INFO     | [POOL #01552] 3170 1345 1708 2285 2638 1696 464 2037 2520 3131 1256 1750 294 2747 3050 392 2634 2176 254 767 1713 3204 336 885 965 2548 922 2836 2083 2767 195 || mode=RB method=sk_kmeans solver=filo1 stage=post_ls ls=pyvrp iter=16
2026-03-15 22:22:16 | INFO     | [POOL #01553] 2625 1459 172 2770 2890 2079 2081 2054 2039 50 180 2528 1719 2438 564 770 1491 213 2878 2318 95 1365 946 55 365 1555 2592 || mode=RB method=sk_kmeans solver=filo1 stage=post_ls ls=pyvrp iter=16
2026-03-15 22:22:16 | INFO     | [POOL #01554] 944 141 3220 2175 288 1916 1024 896 1376 1259 2071 2942 454 2131 1193 2353 3149 72 1366 2282 1147 1156 2096 2946 2744 || mode=RB method=sk_kmeans solver=filo1 stage=post_ls ls=pyvrp iter=16
2026-03-15 22:22:16 | INFO     | [POOL #01555] 1298 762 3188 2509 221 3164 827 3199 1503 2500 1447 2768 2829 2815 268 511 1938 2954 2920 2492 2060 2908 232 47 3046 973 2847 1963 2982 || mode=RB method=sk_kmeans solver=filo1 stage=post_ls ls=pyvrp iter=16
2026-03-15 22:22:16 | INFO     | [POOL #01556] 1174 1280 3021 1230 1560 2964 722 317 2322 1784 2111 1691 2616 749 691 637 3229 3208 1424 501 1282 1527 270 1078 3034 1294 1011 685 602 3 2852 720 1000 || mode=RB method=sk_kmeans solver=filo1 stage=post_ls ls=pyvrp iter=16
2026-03-15 22:22:16 | INFO     | [POOL #01557] 3165 2301 1337 1454 1797 2089 2596 2478 401 860 2041 2756 1203 916 744 1820 432 1873 3049 1492 3214 1716 1667 2075 2223 || mode=RB method=sk_kmeans solver=filo1 stage=post_ls ls=pyvrp iter=16
2026-03-15 22:22:16 | INFO     | [POOL #01558] 2325 2854 1141 2530 226 665 2613 57 1059 1177 426 3223 1249 2047 856 847 1867 2358 2221 1710 59 || mode=RB method=sk_kmeans solver=filo1 stage=post_ls ls=pyvrp iter=16
2026-03-15 22:22:16 | INFO     | [POOL #01559] 3035 1150 1957 2866 2471 1215 911 459 2154 787 716 1769 2366 428 2125 2659 1271 936 1166 2989 1361 145 2087 596 1003 || mode=RB method=sk_kmeans solver=filo1 stage=post_ls ls=pyvrp iter=16
2026-03-15 22:22:16 | INFO     | [POOL #01560] 3095 2741 2224 3108 24 74 570 2916 2879 883 2164 3069 859 2078 391 93 2481 1915 1341 2842 286 816 46 938 1641 1853 2799 2566 1872 1659 632 || mode=RB method=sk_kmeans solver=filo1 stage=post_ls ls=pyvrp iter=16
2026-03-15 22:22:16 | INFO     | [POOL #01561] 1134 2333 2272 2787 2635 2170 1445 790 1869 2023 126 1842 1521 473 1371 1826 1763 1998 108 297 462 512 130 42 1110 2694 952 41 2367 1133 1746 || mode=RB method=sk_kmeans solver=filo1 stage=post_ls ls=pyvrp iter=16
2026-03-15 22:22:16 | INFO     | [POOL #01562] 1753 3094 1015 1126 1592 2336 1248 2725 1061 2155 3130 522 1880 1658 2750 2279 1052 1551 1584 565 2392 44 2034 1582 || mode=RB method=sk_kmeans solver=filo1 stage=post_ls ls=pyvrp iter=16
2026-03-15 22:22:16 | INFO     | [POOL #01563] 559 1023 646 1464 3041 1432 2872 2760 1955 456 1626 2327 1777 651 1995 1541 2891 3140 2216 933 884 32 2086 2925 230 2794 1962 353 206 682 629 || mode=RB method=sk_kmeans solver=filo1 stage=post_ls ls=pyvrp iter=16
2026-03-15 22:22:16 | INFO     | [POOL #01564] 2809 2948 1053 866 1130 2860 449 2630 1891 92 2405 491 340 2035 2782 2257 2193 70 1013 891 2997 2577 3187 1139 2312 || mode=RB method=sk_kmeans solver=filo1 stage=post_ls ls=pyvrp iter=16
2026-03-15 22:22:16 | INFO     | [POOL #01565] 89 1413 877 1217 2600 931 2819 2901 2033 505 1223 2848 853 3186 1224 1323 616 1787 481 2302 1508 721 || mode=RB method=sk_kmeans solver=filo1 stage=post_ls ls=pyvrp iter=16
2026-03-15 22:22:16 | INFO     | [POOL #01566] 609 1284 2423 136 1545 96 772 423 81 1456 1495 122 355 2145 2685 3168 778 411 2109 3059 1436 2404 19 1549 1069 1868 550 1474 2455 1865 || mode=RB method=sk_kmeans solver=filo1 stage=post_ls ls=pyvrp iter=16
2026-03-15 22:22:16 | INFO     | [POOL #01567] 1403 603 3160 40 1553 1480 1041 33 1668 1277 2629 560 2663 575 1839 2307 451 2416 699 2273 2058 1395 457 1309 2422 262 || mode=RB method=sk_kmeans solver=filo1 stage=post_ls ls=pyvrp iter=16
2026-03-15 22:22:16 | INFO     | [POOL #01568] 3202 157 2611 845 2949 513 909 1988 76 2254 2190 2215 2676 2497 295 2338 1114 430 1471 1355 796 416 1870 48 91 1631 2623 3033 235 506 188 3196 || mode=RB method=sk_kmeans solver=filo1 stage=post_ls ls=pyvrp iter=16
2026-03-15 22:22:16 | INFO     | [POOL #01569] 480 2212 857 2586 2758 994 1875 1245 2804 3129 786 2691 2958 1985 1342 494 2105 3085 1937 275 738 1043 3225 1921 949 409 2606 || mode=RB method=sk_kmeans solver=filo1 stage=post_ls ls=pyvrp iter=16
2026-03-15 22:22:16 | INFO     | [POOL #01570] 3081 2706 2290 377 3133 1478 219 774 1071 2753 321 396 698 3011 2343 1379 2858 2153 706 2917 2583 920 2498 359 958 363 1566 1996 2871 1179 2717 2171 110 2639 || mode=RB method=sk_kmeans solver=filo1 stage=post_ls ls=pyvrp iter=16
2026-03-15 22:22:16 | INFO     | [POOL #01571] 2967 198 2668 1119 187 120 2321 1076 2409 2400 305 2699 1175 2678 2655 1885 2194 2342 700 628 2797 1605 1289 2443 2148 2640 1989 1514 1949 || mode=RB method=sk_kmeans solver=filo1 stage=post_ls ls=pyvrp iter=16
2026-03-15 22:22:16 | INFO     | [POOL #01572] 2278 1001 1847 3195 1999 1970 540 2805 2885 633 1986 1402 1843 404 2621 2689 2206 1901 326 1088 2705 1653 304 || mode=RB method=sk_kmeans solver=filo1 stage=post_ls ls=pyvrp iter=16
2026-03-15 22:22:16 | INFO     | [POOL #01573] 2424 2697 2228 1747 2425 2463 942 1731 1169 805 3206 3228 1994 1017 525 1357 701 1876 3058 683 1349 2501 1800 77 2359 2205 897 2648 || mode=RB method=sk_kmeans solver=filo1 stage=post_ls ls=pyvrp iter=16
2026-03-15 22:22:16 | INFO     | [POOL #01574] 455 630 2654 2113 301 1205 1648 3019 484 649 2870 1171 234 2476 995 155 217 1155 2348 3113 1912 381 2722 1638 867 2660 2619 2752 375 1751 || mode=RB method=sk_kmeans solver=filo1 stage=post_ls ls=pyvrp iter=16
2026-03-15 22:22:16 | INFO     | [POOL #01575] 2940 2420 2268 463 2601 2099 802 535 1652 3032 1346 2701 808 413 1443 1932 1524 1518 2572 571 310 2715 3025 1428 3031 1225 1830 || mode=RB method=sk_kmeans solver=filo1 stage=post_ls ls=pyvrp iter=16
2026-03-15 22:22:16 | INFO     | [POOL #01576] 1913 1532 1841 2845 1761 1625 2609 2822 1585 314 579 1877 951 2280 2585 2816 620 3173 2479 3110 2242 2834 1552 407 1261 2835 675 || mode=RB method=sk_kmeans solver=filo1 stage=post_ls ls=pyvrp iter=16
2026-03-15 22:22:16 | INFO     | [POOL #01577] 2331 1338 3018 3161 567 3232 1426 2002 865 68 63 673 1856 2622 581 660 2 2955 1107 643 246 1028 684 1470 3000 193 2499 143 563 1973 461 1047 2218 2265 || mode=RB method=sk_kmeans solver=filo1 stage=post_ls ls=pyvrp iter=16
2026-03-15 22:22:16 | INFO     | [POOL #01578] 704 2266 1187 357 2523 1291 1330 142 804 3222 1629 2245 1335 277 2459 1191 2645 2801 2234 1768 2281 1562 453 2502 395 1866 1902 107 4 2098 825 1360 2236 || mode=RB method=sk_kmeans solver=filo1 stage=post_ls ls=pyvrp iter=16
2026-03-15 22:22:16 | INFO     | [POOL #01579] 2515 520 2354 544 3088 1844 54 417 904 1706 1707 817 2384 2414 1019 693 2738 1981 647 2853 439 765 1651 344 583 1815 992 440 2991 1244 1192 2865 1812 1775 || mode=RB method=sk_kmeans solver=filo1 stage=post_ls ls=pyvrp iter=16
2026-03-15 22:22:16 | INFO     | [POOL #01580] 2665 2896 1148 761 553 2771 1845 73 1064 2449 1804 2658 2143 2825 2080 467 || mode=RB method=sk_kmeans solver=filo1 stage=post_ls ls=pyvrp iter=16
2026-03-15 22:22:16 | INFO     | [POOL #01581] 227 2567 2789 1734 755 689 3137 1677 899 2874 115 3178 2728 223 2529 2299 813 838 2450 655 87 265 256 3143 1732 2987 574 1322 || mode=RB method=sk_kmeans solver=filo1 stage=post_ls ls=pyvrp iter=16
2026-03-15 22:22:16 | INFO     | [POOL #01582] 824 2352 174 3029 1786 894 2740 1449 1851 514 2656 1569 1320 2246 2644 2108 3177 2092 1698 1270 2166 589 || mode=RB method=sk_kmeans solver=filo1 stage=post_ls ls=pyvrp iter=16
2026-03-15 22:22:16 | INFO     | [POOL #01583] 2434 3030 907 982 368 421 541 2407 1295 644 1302 1683 1362 858 972 184 960 3167 346 2540 871 1884 || mode=RB method=sk_kmeans solver=filo1 stage=post_ls ls=pyvrp iter=16
2026-03-15 22:22:16 | INFO     | [POOL #01584] 2048 2830 1304 835 2283 1494 2883 123 2832 795 2044 272 2320 1276 1068 2731 3158 1104 12 1066 2633 2011 528 727 818 2394 || mode=RB method=sk_kmeans solver=filo1 stage=post_ls ls=pyvrp iter=16
2026-03-15 22:22:16 | INFO     | [POOL #01585] 2590 2419 1612 2239 2473 257 2746 2707 2680 1084 2968 186 703 2085 2319 1040 2435 1917 3176 2850 169 587 1080 1051 2136 39 276 85 102 1339 2576 || mode=RB method=sk_kmeans solver=filo1 stage=post_ls ls=pyvrp iter=16
2026-03-15 22:22:16 | INFO     | [POOL #01586] 2981 3066 1855 263 214 2141 3144 124 2692 764 330 356 2939 1663 35 1273 2843 1442 2426 2642 3067 1138 || mode=RB method=sk_kmeans solver=filo1 stage=post_ls ls=pyvrp iter=16
2026-03-15 22:22:16 | INFO     | [POOL #01587] 1835 2812 1152 2650 2160 1640 2506 527 382 937 1801 414 1083 2979 798 791 3028 1879 388 1091 2088 1837 52 1802 135 || mode=RB method=sk_kmeans solver=filo1 stage=post_ls ls=pyvrp iter=16
2026-03-15 22:22:16 | INFO     | [POOL #01588] 642 756 222 1572 2012 419 1159 1611 1210 2256 2536 2332 2888 3226 1682 322 431 1987 2231 1189 1163 2534 1557 1953 3063 1090 601 450 380 926 2754 || mode=RB method=sk_kmeans solver=filo1 stage=post_ls ls=pyvrp iter=16
2026-03-15 22:22:16 | INFO     | [POOL #01589] 447 290 3051 1194 3005 2442 2059 1654 487 2909 175 1565 654 1892 495 370 1992 985 604 2210 2531 1287 || mode=RB method=sk_kmeans solver=filo1 stage=post_ls ls=pyvrp iter=16
2026-03-15 22:22:16 | INFO     | [POOL #01590] 1482 692 2808 1115 2347 2472 556 2551 125 2748 1404 3075 1581 3077 210 347 1431 2072 963 1501 1444 828 2672 65 1463 || mode=RB method=sk_kmeans solver=filo1 stage=post_ls ls=pyvrp iter=16
2026-03-15 22:22:16 | INFO     | [POOL #01591] 1636 3057 2024 2144 394 846 1617 3156 166 1533 797 1014 402 3079 1511 2995 725 1206 599 652 429 2777 1792 2867 2269 3141 1664 1328 1219 1956 || mode=RB method=sk_kmeans solver=filo1 stage=post_ls ls=pyvrp iter=16
2026-03-15 22:22:16 | INFO     | [POOL #01592] 139 3036 3146 695 1122 2094 1392 1701 2030 255 1593 1012 976 2005 662 316 1781 2157 836 190 1473 1675 1044 || mode=RB method=sk_kmeans solver=filo1 stage=post_ls ls=pyvrp iter=16
2026-03-15 22:22:16 | INFO     | [POOL #01593] 948 302 2541 2387 1131 1946 2653 178 1018 905 943 2316 881 1389 3106 1715 758 1714 264 248 2944 || mode=RB method=sk_kmeans solver=filo1 stage=post_ls ls=pyvrp iter=16
2026-03-15 22:22:16 | INFO     | [POOL #01594] 1121 917 2723 3180 1427 2957 1332 3111 970 1940 2458 1939 1543 111 2950 1499 2607 3037 1735 967 1871 2720 18 890 || mode=RB method=sk_kmeans solver=filo1 stage=post_ls ls=pyvrp iter=16
2026-03-15 22:22:16 | INFO     | [POOL #01595] 446 1723 2687 627 576 1144 3230 1610 468 1898 2862 2922 3145 607 2618 1846 209 1650 1983 424 2182 819 1522 2063 || mode=RB method=sk_kmeans solver=filo1 stage=post_ls ls=pyvrp iter=16
2026-03-15 22:22:16 | INFO     | [POOL #01596] 1643 331 754 1733 1904 1721 1984 2255 780 292 974 1408 854 1268 1358 2275 2179 1755 165 863 483 2180 3064 3193 1647 1773 3210 || mode=RB method=sk_kmeans solver=filo1 stage=post_ls ls=pyvrp iter=16
2026-03-15 22:22:16 | INFO     | [POOL #01597] 152 179 2962 1591 886 1060 2040 1220 548 278 1909 2130 1529 1727 2172 182 1469 75 1181 781 1862 746 783 335 3008 2608 || mode=RB method=sk_kmeans solver=filo1 stage=post_ls ls=pyvrp iter=16
2026-03-15 22:22:16 | INFO     | [POOL #01598] 595 283 1819 874 2389 2849 2304 2314 1848 2906 1860 588 1216 1477 1254 156 196 1567 1199 2274 600 3147 3203 1417 1997 622 345 || mode=RB method=sk_kmeans solver=filo1 stage=post_ls ls=pyvrp iter=16
2026-03-15 22:22:16 | INFO     | [POOL #01599] 1759 398 679 3126 2009 3043 1073 1398 1325 3076 2484 763 2010 1950 202 2666 400 444 1406 3103 1306 879 2317 1933 154 || mode=RB method=sk_kmeans solver=filo1 stage=post_ls ls=pyvrp iter=16
2026-03-15 22:22:16 | INFO     | [POOL #01600] 2724 1816 1697 3062 3007 386 2598 1200 1146 1441 1602 2589 1167 2014 2535 1623 728 2627 3105 1579 2447 1075 2222 2082 267 1548 67 2351 2237 794 837 || mode=RB method=sk_kmeans solver=filo1 stage=post_ls ls=pyvrp iter=16
2026-03-15 22:22:16 | INFO     | [POOL #01601] 1881 1475 2440 2595 2197 510 389 53 1684 2436 36 1882 3084 2732 1516 2103 1645 3207 1231 1810 2292 3104 479 530 176 668 2837 2775 2339 2514 2641 185 || mode=RB method=sk_kmeans solver=filo1 stage=post_ls ls=pyvrp iter=16
2026-03-15 22:22:16 | INFO     | [POOL #01602] 1644 1089 2795 2439 1510 1190 1253 1824 2873 2076 2310 1618 2101 1694 1237 3191 3026 98 488 1890 674 1599 || mode=RB method=sk_kmeans solver=filo1 stage=post_ls ls=pyvrp iter=16
2026-03-15 22:22:16 | INFO     | [POOL #01603] 1082 751 1334 1025 2612 1062 2428 403 1300 2294 653 2704 3055 343 2975 2510 2337 3107 167 988 218 910 2774 2412 258 471 || mode=RB method=sk_kmeans solver=filo1 stage=post_ls ls=pyvrp iter=16
2026-03-15 22:22:16 | INFO     | [POOL #01604] 2020 2813 1312 2147 2286 443 1700 1093 2923 820 551 2811 2810 823 13 515 2119 2631 1222 1204 1468 1550 2571 1993 1241 1586 2251 1764 27 2956 2978 981 1729 1095 || mode=RB method=sk_kmeans solver=filo1 stage=post_ls ls=pyvrp iter=16
2026-03-15 22:22:16 | INFO     | [POOL #01605] 485 1479 2219 1738 2043 3073 2289 25 367 1113 1446 1221 1878 2132 975 1633 2025 1430 939 2305 2315 2985 1457 1960 1678 2213 2636 966 2986 2151 3065 || mode=RB method=sk_kmeans solver=filo1 stage=post_ls ls=pyvrp iter=16
2026-03-15 22:22:16 | INFO     | [POOL #01606] 2977 2624 2784 2714 606 2796 2921 3016 361 769 1262 950 979 2726 826 1301 2765 427 2252 3153 2926 163 618 153 2118 2504 168 296 2918 || mode=RB method=sk_kmeans solver=filo1 stage=post_ls ls=pyvrp iter=16
2026-03-15 22:22:16 | INFO     | [POOL #01607] 709 2798 2124 2647 1601 2418 2844 2271 191 737 2984 1435 1400 1525 1460 1660 2620 580 2016 2698 3184 2250 2365 1235 || mode=RB method=sk_kmeans solver=filo1 stage=post_ls ls=pyvrp iter=16
2026-03-15 22:22:16 | INFO     | [POOL #01608] 200 2480 688 2496 2788 1704 2134 2297 1793 696 1269 3239 2344 1037 66 1021 2467 2027 2466 465 273 898 921 323 3078 1137 2864 1038 2249 1502 || mode=RB method=sk_kmeans solver=filo1 stage=post_ls ls=pyvrp iter=16
2026-03-15 22:22:16 | INFO     | [POOL #01609] 2778 1859 719 1979 3013 2892 2001 776 1571 547 2247 2841 1063 2675 1669 2248 1290 1951 2401 476 3010 2152 1894 1423 1780 1026 811 1656 2745 2116 3024 2667 || mode=RB method=sk_kmeans solver=filo1 stage=post_ls ls=pyvrp iter=16
2026-03-15 22:22:16 | INFO     | [POOL #01610] 1228 2973 436 2759 733 2181 1370 2474 2391 2217 3148 1418 1385 1908 1399 2313 2334 3159 1378 906 3048 3119 3122 1170 2323 204 2021 3192 || mode=RB method=sk_kmeans solver=filo1 stage=post_ls ls=pyvrp iter=16
2026-03-15 22:22:16 | INFO     | [POOL #01611] 2881 626 2050 2399 2372 2960 2067 2444 2905 1007 2886 1311 2049 1622 2597 1717 1272 710 2453 1180 2483 631 2303 3014 718 2947 29 1813 1112 2646 || mode=RB method=sk_kmeans solver=filo1 stage=post_ls ls=pyvrp iter=16
2026-03-15 22:22:16 | INFO     | [POOL #01612] 1928 1771 207 2703 598 1688 1183 2736 2579 777 1057 2877 497 1151 1670 2381 1850 134 1004 3012 1340 1517 2562 1142 1050 2538 612 2230 383 || mode=RB method=sk_kmeans solver=filo1 stage=post_ls ls=pyvrp iter=16
2026-03-15 22:22:16 | INFO     | [POOL #01613] 379 526 2380 2003 3224 1143 955 86 2651 1116 913 714 1858 1857 3068 2709 636 1383 341 1390 || mode=RB method=sk_kmeans solver=filo1 stage=post_ls ls=pyvrp iter=16
2026-03-15 22:22:16 | INFO     | [POOL #01614] 945 62 584 2936 1394 137 1762 2055 1299 2486 2430 1498 1462 1127 3128 2457 1437 2187 1597 2056 1969 934 2824 509 2884 1042 2670 1728 1573 2311 1488 793 694 3045 888 || mode=RB method=sk_kmeans solver=filo1 stage=post_ls ls=pyvrp iter=16
2026-03-15 22:22:16 | INFO     | [POOL #01615] 2214 1450 640 1924 1314 420 2719 639 1607 3150 2398 878 1829 2781 333 678 2186 3215 2785 1821 656 757 482 768 || mode=RB method=sk_kmeans solver=filo1 stage=post_ls ls=pyvrp iter=16
2026-03-15 22:22:16 | INFO     | [POOL #01616] 2277 2373 2127 2135 332 3080 2397 2863 2189 3109 2793 1326 3038 810 2427 1321 2700 954 2690 741 1911 2065 1613 362 2882 829 3234 1016 635 || mode=RB method=sk_kmeans solver=filo1 stage=post_ls ls=pyvrp iter=16
2026-03-15 22:22:16 | INFO     | [POOL #01617] 2074 477 848 882 2159 233 1806 3142 3135 2233 2521 1748 3020 1523 245 705 1421 3151 1286 815 3212 2169 2456 441 645 69 1029 2996 1027 || mode=RB method=sk_kmeans solver=filo1 stage=post_ls ls=pyvrp iter=16
2026-03-15 22:22:16 | INFO     | [POOL #01618] 8 2489 2402 162 2013 2293 800 1672 1828 1077 1487 809 1351 470 2941 1086 2557 592 281 2276 2913 993 3015 747 2868 || mode=RB method=sk_kmeans solver=filo1 stage=post_ls ls=pyvrp iter=16
2026-03-15 22:22:16 | INFO     | [POOL #01619] 2578 779 360 3163 2064 1918 249 2924 2036 2093 2574 1316 23 2980 2493 3171 2446 2204 2561 2527 1796 438 || mode=RB method=sk_kmeans solver=filo1 stage=post_ls ls=pyvrp iter=16
2026-03-15 22:22:16 | INFO     | [POOL #01620] 329 128 1930 2090 112 2546 3040 2208 2199 2974 280 2919 1561 2671 1887 1348 3237 43 2681 2128 1493 22 1588 1604 2861 532 1178 2511 1596 1577 2270 || mode=RB method=sk_kmeans solver=filo1 stage=post_ls ls=pyvrp iter=16
2026-03-15 22:22:16 | INFO     | [POOL #01621] 2702 3218 2032 2508 2839 1863 2927 240 1679 1055 830 460 1296 849 452 2415 1132 2983 2150 912 489 1081 2512 1275 3194 2070 1324 2937 || mode=RB method=sk_kmeans solver=filo1 stage=post_ls ls=pyvrp iter=16
2026-03-15 22:22:16 | INFO     | [POOL #01622] 2603 2554 1776 1333 3183 1465 3235 2519 2328 261 686 2614 1840 834 1108 1854 2807 433 1705 590 448 3209 1097 || mode=RB method=sk_kmeans solver=filo1 stage=post_ls ls=pyvrp iter=16
2026-03-15 22:22:16 | INFO     | [POOL #01623] 1795 1255 3211 2971 2260 2326 3162 672 2329 1790 3056 1791 929 2661 519 1453 192 1974 2388 1941 1504 2393 121 119 1948 2031 500 313 2485 3132 100 || mode=RB method=sk_kmeans solver=filo1 stage=post_ls ls=pyvrp iter=16
2026-03-15 22:22:16 | INFO     | [POOL #01624] 3198 2779 1758 2382 2117 103 1568 239 1368 1369 566 1864 2696 3136 2894 807 2112 2998 3175 147 554 269 577 841 2876 638 1767 1743 1910 || mode=RB method=sk_kmeans solver=filo1 stage=post_ls ls=pyvrp iter=16
2026-03-15 22:22:16 | INFO     | [POOL #01625] 2183 1782 2517 2568 1765 2791 998 1506 2196 1914 1288 369 181 1 1711 1218 104 2869 2022 1020 1926 2749 1100 712 1497 1048 350 1106 1186 3120 657 116 1486 2734 || mode=RB method=sk_kmeans solver=filo1 stage=post_ls ls=pyvrp iter=16
2026-03-15 22:22:16 | INFO     | [POOL #01626] 2340 1756 2017 1388 608 2061 614 58 1135 2708 2859 740 3139 968 1281 1031 1587 1827 2903 1608 2487 2580 1123 582 3023 552 2045 2628 || mode=RB method=sk_kmeans solver=filo1 stage=post_ls ls=pyvrp iter=16
2026-03-15 22:22:16 | INFO     | [POOL #01627] 1736 2263 2763 2202 189 1168 1266 1247 2240 2537 715 2477 490 517 3152 3155 2560 1145 2345 1105 3087 364 1535 1448 789 752 376 1874 || mode=RB method=sk_kmeans solver=filo1 stage=post_ls ls=pyvrp iter=16
2026-03-15 22:22:16 | INFO     | [POOL #01628] 1954 2126 605 324 2038 2615 832 2396 2591 1201 2914 2856 3217 956 94 1405 2559 1649 3042 2335 385 1214 3238 298 3233 1757 2156 299 351 2930 || mode=RB method=sk_kmeans solver=filo1 stage=post_ls ls=pyvrp iter=16
2026-03-15 22:22:16 | INFO     | [POOL #01629] 51 1899 2324 224 1265 1257 78 2200 1278 1900 2761 1794 1481 667 2664 2525 2377 3227 2713 1485 2718 399 284 745 2959 3174 || mode=RB method=sk_kmeans solver=filo1 stage=post_ls ls=pyvrp iter=16
2026-03-15 22:22:16 | INFO     | [POOL #01630] 543 1554 1422 1350 161 840 84 984 615 1676 311 959 1509 1959 953 1703 1936 1574 1202 408 328 2191 1805 1310 3221 199 1624 731 3071 2593 908 2739 1893 1814 || mode=RB method=sk_kmeans solver=filo1 stage=post_ls ls=pyvrp iter=16
2026-03-15 22:22:16 | INFO     | [POOL #01631] 88 1267 1718 2833 3017 1211 2006 801 2490 1158 1952 3138 1087 2241 1888 542 2356 34 2432 1500 410 1542 569 1537 1745 940 533 1590 3022 713 1085 212 || mode=RB method=sk_kmeans solver=filo1 stage=post_ls ls=pyvrp iter=16
2026-03-15 22:22:16 | INFO     | [POOL #01632] 518 1578 1931 1722 1118 1074 2374 2084 397 2721 1458 1772 702 3002 980 2565 2513 2970 1279 144 2662 792 870 1162 2062 892 573 3060 1165 || mode=RB method=sk_kmeans solver=filo1 stage=post_ls ls=pyvrp iter=16
2026-03-15 22:22:16 | INFO     | [POOL #01633] 2295 1046 1811 1250 1547 1923 1934 229 739 1991 2437 1925 2610 962 591 1897 1896 923 3216 619 2938 641 1182 1153 1102 || mode=RB method=sk_kmeans solver=filo1 stage=post_ls ls=pyvrp iter=16
2026-03-15 22:22:16 | INFO     | [POOL #01634] 307 1161 109 1120 266 2880 371 1977 2454 1515 1260 2743 750 231 271 648 2669 2904 2902 1513 159 445 1754 1033 1274 676 2262 1317 1377 || mode=RB method=sk_kmeans solver=filo1 stage=post_ls ls=pyvrp iter=16
2026-03-15 22:22:16 | INFO     | [POOL #01635] 987 2889 1313 924 2028 529 773 2411 650 3118 1094 1519 1689 2203 687 49 1258 546 1036 2972 670 1136 1943 1852 177 1972 405 803 3115 2421 || mode=RB method=sk_kmeans solver=filo1 stage=post_ls ls=pyvrp iter=16
2026-03-15 22:22:16 | INFO     | [POOL #01636] 2137 1451 220 2244 1564 1461 1606 734 1382 852 2533 663 1526 1563 1798 475 3093 545 2362 149 1387 1774 2688 2846 387 925 997 241 2602 1226 486 1639 1725 3009 || mode=RB method=sk_kmeans solver=filo1 stage=post_ls ls=pyvrp iter=16
2026-03-15 22:22:16 | INFO     | [POOL #01637] 2526 586 1935 2790 203 496 412 610 1329 2604 784 930 2369 2494 2712 472 661 1416 1615 358 2933 393 2570 2308 1558 1092 1803 || mode=RB method=sk_kmeans solver=filo1 stage=post_ls ls=pyvrp iter=16
2026-03-15 22:22:16 | INFO     | [POOL #01638] 1632 1411 151 1367 1661 1671 1702 3116 338 868 30 2503 2349 843 2710 61 1307 3074 2360 466 366 2161 2898 173 681 1616 1160 919 1384 1283 || mode=RB method=sk_kmeans solver=filo1 stage=post_ls ls=pyvrp iter=16
2026-03-15 22:22:16 | INFO     | [POOL #01639] 2549 2235 2755 3100 1234 812 964 1922 531 2912 875 2368 1594 118 3102 2544 3169 594 17 775 1739 205 1589 1976 1559 2431 2817 1942 2928 558 1657 || mode=RB method=sk_kmeans solver=filo1 stage=post_ls ls=pyvrp iter=16
2026-03-15 22:22:16 | INFO     | [POOL #01640] 1730 3185 2042 2823 666 2100 2232 2827 855 1662 880 1785 996 2910 2716 106 697 1429 2346 3213 707 3006 1849 2943 274 1947 1919 1285 2931 79 999 978 || mode=RB method=sk_kmeans solver=filo1 stage=post_ls ls=pyvrp iter=16
2026-03-15 22:22:16 | INFO     | [POOL #01641] 1322 574 2987 1732 960 541 2883 123 2832 2731 257 169 2850 189 2202 2763 276 2263 102 2939 1663 2590 2426 || mode=VB method=sk_ac_min solver=pyvrp stage=post_ls ls=pyvrp iter=17
2026-03-15 22:22:16 | INFO     | [POOL #01642] 3030 818 124 2419 1612 2239 2746 1283 239 1368 1369 566 1864 2696 3136 2894 1145 2345 1105 364 2085 2968 1084 2680 2707 2473 587 2340 39 85 1736 2843 || mode=VB method=sk_ac_min solver=pyvrp stage=post_ls ls=pyvrp iter=17
2026-03-15 22:22:16 | INFO     | [POOL #01643] 3141 837 1933 794 3180 1427 1939 2458 2950 3132 2485 1579 2447 1622 2049 2453 1180 2483 1085 631 2303 2067 2960 3111 2723 3029 1511 2166 || mode=VB method=sk_ac_min solver=pyvrp stage=post_ls ls=pyvrp iter=17
2026-03-15 22:22:16 | INFO     | [POOL #01644] 2981 3066 1855 214 2141 2048 2830 1304 356 330 764 2692 35 1273 1442 2642 2539 1287 1138 || mode=VB method=sk_ac_min solver=pyvrp stage=post_ls ls=pyvrp iter=17
2026-03-15 22:22:16 | INFO     | [POOL #01645] 3057 135 2567 1879 3028 1463 689 756 222 265 256 450 1954 1295 2407 1104 12 1066 2633 2011 528 727 3144 907 2394 || mode=VB method=sk_ac_min solver=pyvrp stage=post_ls ls=pyvrp iter=17
2026-03-15 22:22:16 | INFO     | [POOL #01646] 2825 2143 2449 394 1837 388 972 2603 2044 272 1276 2554 2320 2930 1302 644 421 368 3167 346 2540 1910 1884 || mode=VB method=sk_ac_min solver=pyvrp stage=post_ls ls=pyvrp iter=17
2026-03-15 22:22:16 | INFO     | [POOL #01647] 2771 248 1714 2269 429 2777 1792 2013 1487 1077 1254 1477 1216 719 588 1859 2778 1848 2304 2849 874 839 1946 1131 662 || mode=VB method=sk_ac_min solver=pyvrp stage=post_ls ls=pyvrp iter=17
2026-03-15 22:22:16 | INFO     | [POOL #01648] 1339 2136 1051 1080 186 3176 1917 490 2903 1587 1031 1281 3139 740 58 1554 543 608 3152 3155 2560 2435 3087 1535 1448 789 752 1097 376 || mode=VB method=sk_ac_min solver=pyvrp stage=post_ls ls=pyvrp iter=17
2026-03-15 22:22:16 | INFO     | [POOL #01649] 3198 2779 220 834 1840 2614 1564 1461 1606 554 1214 3238 298 832 2888 2332 2256 1210 1725 1611 1159 2012 419 324 3009 431 1682 3226 322 1987 2231 1189 2038 2534 605 2126 380 1814 || mode=VB method=sk_ac_min solver=pyvrp stage=post_ls ls=pyvrp iter=17
2026-03-15 22:22:16 | INFO     | [POOL #01650] 100 1640 2549 518 1578 3060 2472 556 2551 125 2748 1404 3075 1118 1074 1431 2072 963 223 2529 1572 2299 838 2450 655 858 926 2754 52 2144 2080 || mode=VB method=sk_ac_min solver=pyvrp stage=post_ls ls=pyvrp iter=17
2026-03-15 22:22:16 | INFO     | [POOL #01651] 379 526 2380 3224 1143 955 86 2651 2687 627 485 2365 668 176 1908 3119 2977 3122 1170 1012 1593 1781 948 1148 || mode=VB method=sk_ac_min solver=pyvrp stage=post_ls ls=pyvrp iter=17
2026-03-15 22:22:16 | INFO     | [POOL #01652] 2021 204 747 438 3159 2334 2313 2624 296 168 2784 1601 2418 2271 2844 618 1773 153 2118 2504 1502 2276 993 3203 1997 622 || mode=VB method=sk_ac_min solver=pyvrp stage=post_ls ls=pyvrp iter=17
2026-03-15 22:22:16 | INFO     | [POOL #01653] 1701 2005 2868 2913 281 2527 3171 2493 2249 1038 979 2765 427 2252 3153 2926 1647 1823 23 360 2578 1567 2906 943 1956 || mode=VB method=sk_ac_min solver=pyvrp stage=post_ls ls=pyvrp iter=17
2026-03-15 22:22:16 | INFO     | [POOL #01654] 139 1370 2440 2197 510 389 1684 1810 1516 2732 737 218 191 1645 2103 1231 2292 3104 479 2837 2775 2339 2391 2474 2181 733 695 3146 3036 || mode=VB method=sk_ac_min solver=pyvrp stage=post_ls ls=pyvrp iter=17
2026-03-15 22:22:16 | INFO     | [POOL #01655] 341 1383 2214 1450 640 1924 1314 757 656 2986 966 2636 2213 2618 1846 2922 2862 1898 1610 3230 1144 576 1881 2973 1228 || mode=VB method=sk_ac_min solver=pyvrp stage=post_ls ls=pyvrp iter=17
2026-03-15 22:22:16 | INFO     | [POOL #01656] 467 2944 1835 1152 824 3079 1270 1698 2092 2246 1320 2656 514 967 1871 1569 2108 18 2183 890 382 527 2506 2160 2650 1804 || mode=VB method=sk_ac_min solver=pyvrp stage=post_ls ls=pyvrp iter=17
2026-03-15 22:22:16 | INFO     | [POOL #01657] 1675 154 652 725 2352 174 2317 879 1306 3103 2050 2399 2372 67 2957 2237 894 917 2720 937 1801 2979 798 2088 692 1482 || mode=VB method=sk_ac_min solver=pyvrp stage=post_ls ls=pyvrp iter=17
2026-03-15 22:22:16 | INFO     | [POOL #01658] 2798 3048 1378 1399 2124 2647 3016 1262 950 2864 888 826 1301 1905 165 863 483 1733 754 3064 2980 2204 2446 2561 592 3015 1417 2387 316 1044 || mode=VB method=sk_ac_min solver=pyvrp stage=post_ls ls=pyvrp iter=17
2026-03-15 22:22:16 | INFO     | [POOL #01659] 446 2003 819 2182 424 1983 1650 2230 607 3145 612 2315 2305 2074 25 2289 1082 468 209 1858 1857 2709 3065 2063 || mode=VB method=sk_ac_min solver=pyvrp stage=post_ls ls=pyvrp iter=17
2026-03-15 22:22:16 | INFO     | [POOL #01660] 906 2480 2796 2921 361 769 1961 2788 2297 793 273 465 854 1408 3190 1709 974 2255 1721 1904 981 1026 811 2093 779 470 2274 3147 283 || mode=VB method=sk_ac_min solver=pyvrp stage=post_ls ls=pyvrp iter=17
2026-03-15 22:22:16 | INFO     | [POOL #01661] 1064 166 1533 797 402 2808 1115 2347 828 1501 1444 3178 2728 115 899 2874 65 3137 1083 791 642 1802 1636 || mode=VB method=sk_ac_min solver=pyvrp stage=post_ls ls=pyvrp iter=17
2026-03-15 22:22:16 | INFO     | [POOL #01662] 1475 1479 2698 2219 2043 580 2620 1525 1400 1435 988 167 3107 2337 2510 3096 1334 1460 1660 1882 2436 53 530 3148 2641 185 || mode=VB method=sk_ac_min solver=pyvrp stage=post_ls ls=pyvrp iter=17
2026-03-15 22:22:16 | INFO     | [POOL #01663] 1235 2514 1418 1385 2412 62 910 2496 1793 696 3239 1037 66 1573 1728 2670 1042 2311 1021 2467 1268 1358 2179 921 1755 2180 1729 2020 2892 3013 1199 600 2389 || mode=VB method=sk_ac_min solver=pyvrp stage=post_ls ls=pyvrp iter=17
2026-03-15 22:22:16 | INFO     | [POOL #01664] 976 2714 606 688 1644 1890 1762 1618 2310 2076 2187 1437 2457 1597 2056 99 934 1969 1363 2873 1253 1190 1089 1269 2134 1704 2217 || mode=VB method=sk_ac_min solver=pyvrp stage=post_ls ls=pyvrp iter=17
2026-03-15 22:22:16 | INFO     | [POOL #01665] 1522 714 1771 207 1821 2785 3215 2186 1029 678 333 2781 69 1004 134 1850 1151 1057 777 285 1183 1982 1457 1688 2703 2151 913 1116 1723 || mode=VB method=sk_ac_min solver=pyvrp stage=post_ls ls=pyvrp iter=17
2026-03-15 22:22:16 | INFO     | [POOL #01666] 1316 331 780 292 1290 2978 21 1096 2994 568 37 1433 820 2841 2247 2286 547 2147 776 1398 3043 212 626 1828 2402 || mode=VB method=sk_ac_min solver=pyvrp stage=post_ls ls=pyvrp iter=17
2026-03-15 22:22:16 | INFO     | [POOL #01667] 1928 3068 482 2719 639 1027 2996 1607 3150 1060 2040 1327 3125 278 1909 548 1220 864 878 2398 886 1591 335 783 332 2135 3008 2608 2277 || mode=VB method=sk_ac_min solver=pyvrp stage=post_ls ls=pyvrp iter=17
2026-03-15 22:22:16 | INFO     | [POOL #01668] 345 836 2541 1715 3106 2653 178 1018 905 881 1389 1759 2881 1328 589 3156 1617 846 2812 73 1845 2658 || mode=VB method=sk_ac_min solver=pyvrp stage=post_ls ls=pyvrp iter=17
2026-03-15 22:22:16 | INFO     | [POOL #01669] 1796 163 3193 3078 1137 323 898 2275 1298 762 2466 2027 1204 1468 1373 374 1544 944 2524 141 1147 1157 2162 1140 799 1421 1472 2764 1237 98 488 674 1599 3207 293 471 || mode=VB method=sk_ac_min solver=pyvrp stage=post_ls ls=pyvrp iter=17
2026-03-15 22:22:16 | INFO     | [POOL #01670] 152 179 2962 746 1862 781 1181 75 182 2172 3172 2123 2427 1469 3038 1326 2793 3109 2189 2863 2882 3234 1016 635 || mode=VB method=sk_ac_min solver=pyvrp stage=post_ls ls=pyvrp iter=17
2026-03-15 22:22:16 | INFO     | [POOL #01671] 945 2774 2984 584 1394 1824 1831 2413 869 1883 1993 2571 1550 2631 2119 13 823 551 2811 2810 1063 2675 3010 2152 476 1894 1423 1780 1312 2813 2557 2323 || mode=VB method=sk_ac_min solver=pyvrp stage=post_ls ls=pyvrp iter=17
2026-03-15 22:22:16 | INFO     | [POOL #01672] 1907 362 1911 741 2690 2934 1035 1600 2951 2780 1232 2259 2569 2542 2378 2840 2711 1240 300 806 1788 1598 101 1483 114 1321 2065 3080 2373 || mode=VB method=sk_ac_min solver=pyvrp stage=post_ls ls=pyvrp iter=17
2026-03-15 22:22:16 | INFO     | [POOL #01673] 367 1430 717 1125 1670 441 1861 1621 1886 16 2163 435 2233 3142 1806 1103 493 2704 3055 653 2294 1300 2612 1878 1025 751 || mode=VB method=sk_ac_min solver=pyvrp stage=post_ls ls=pyvrp iter=17
2026-03-15 22:22:16 | INFO     | [POOL #01674] 258 3084 3003 1243 1149 504 2220 2000 309 903 2982 442 365 55 1963 3098 1742 1308 977 237 2625 2091 3189 2507 1286 1834 233 403 975 || mode=VB method=sk_ac_min solver=pyvrp stage=post_ls ls=pyvrp iter=17
2026-03-15 22:22:16 | INFO     | [POOL #01675] 2795 2857 228 1208 1164 31 458 3157 1293 1410 2168 1315 2326 1000 887 2776 1546 2923 1093 1700 443 1571 1073 || mode=VB method=sk_ac_min solver=pyvrp stage=post_ls ls=pyvrp iter=17
2026-03-15 22:22:16 | INFO     | [POOL #01676] 2127 829 2397 2383 1613 810 2700 954 97 1353 1895 2185 2686 2018 1343 250 2751 2553 497 2877 2579 2562 1142 1050 2985 1960 598 768 636 || mode=VB method=sk_ac_min solver=pyvrp stage=post_ls ls=pyvrp iter=17
2026-03-15 22:22:16 | INFO     | [POOL #01677] 785 1529 1455 2772 2935 3083 2693 2363 2915 821 348 3114 1297 3070 325 2298 2452 724 10 3201 1889 140 3089 2887 1354 2965 822 2966 759 1609 2564 2538 || mode=VB method=sk_ac_min solver=pyvrp stage=post_ls ls=pyvrp iter=17
2026-03-15 22:22:16 | INFO     | [POOL #01678] 1664 2867 2293 1672 2646 1406 1112 1813 1825 29 2444 2947 718 3014 763 2010 1950 202 2666 400 444 800 162 264 || mode=VB method=sk_ac_min solver=pyvrp stage=post_ls ls=pyvrp iter=17
2026-03-15 22:22:16 | INFO     | [POOL #01679] 88 1267 2833 801 1811 3138 1202 1547 2938 641 2657 1182 1087 2241 1888 542 2356 1693 1022 113 1049 2852 2370 748 133 || mode=VB method=sk_ac_min solver=pyvrp stage=post_ls ls=pyvrp iter=17
2026-03-15 22:22:16 | INFO     | [POOL #01680] 2736 3072 1833 469 1778 6 2988 2149 2814 1002 225 503 2547 2267 2468 1749 2545 1229 2518 2976 2495 1646 2735 2007 2911 782 216 1556 || mode=VB method=sk_ac_min solver=pyvrp stage=post_ls ls=pyvrp iter=17
2026-03-15 22:22:16 | INFO     | [POOL #01681] 1340 3099 2381 2456 83 2195 2138 983 117 3240 1079 902 555 1124 1838 1634 625 1098 1420 742 291 195 2550 3020 2139 3135 815 2159 882 2132 1221 || mode=VB method=sk_ac_min solver=pyvrp stage=post_ls ls=pyvrp iter=17
2026-03-15 22:22:16 | INFO     | [POOL #01682] 2999 1727 2584 9 2201 2207 2952 2097 1396 3082 5 2198 56 521 991 2729 211 26 1720 498 2296 2674 611 2563 2556 1570 732 623 2637 961 1614 645 1517 1678 || mode=VB method=sk_ac_min solver=pyvrp stage=post_ls ls=pyvrp iter=17
2026-03-15 22:22:16 | INFO     | [POOL #01683] 255 2918 3210 2726 3045 694 2344 1466 1006 2439 1510 137 3191 3026 60 343 1062 2428 477 1633 2025 1446 1113 3073 2016 3184 2250 2595 || mode=VB method=sk_ac_min solver=pyvrp stage=post_ls ls=pyvrp iter=17
2026-03-15 22:22:16 | INFO     | [POOL #01684] 3212 2521 1748 1903 2390 873 1459 3046 2770 425 131 593 2730 244 1965 2057 1490 2632 578 771 2029 1966 1523 3151 2936 || mode=VB method=sk_ac_min solver=pyvrp stage=post_ls ls=pyvrp iter=17
2026-03-15 22:22:16 | INFO     | [POOL #01685] 1643 2116 2401 1669 1280 2491 2357 1818 3021 1230 918 3061 2142 1024 1916 969 288 2175 72 1366 2282 1156 1741 243 1127 1319 1263 36 || mode=VB method=sk_ac_min solver=pyvrp stage=post_ls ls=pyvrp iter=17
2026-03-15 22:22:16 | INFO     | [POOL #01686] 1390 420 170 82 1829 2130 2683 1484 2053 2599 2243 3182 1642 889 597 406 2505 2727 1188 3039 895 680 3200 2167 2488 2169 2575 677 1185 2963 3012 939 2385 || mode=VB method=sk_ac_min solver=pyvrp stage=post_ls ls=pyvrp iter=17
2026-03-15 22:22:16 | INFO     | [POOL #01687] 383 760 1172 2341 418 2188 2068 437 1673 2581 1196 1971 2677 2403 2129 2806 260 2361 2992 3219 1292 2555 1440 1236 2737 3047 2532 1072 1109 || mode=VB method=sk_ac_min solver=pyvrp stage=post_ls ls=pyvrp iter=17
2026-03-15 22:22:16 | INFO     | [POOL #01688] 2410 3199 1503 315 1680 1364 1447 2829 2768 1058 827 3164 221 1393 1070 1365 572 105 2071 373 454 1193 3149 3220 3188 || mode=VB method=sk_ac_min solver=pyvrp stage=post_ls ls=pyvrp iter=17
2026-03-15 22:22:16 | INFO     | [POOL #01689] 3181 2225 2309 524 2060 2039 50 180 1655 236 2438 2920 268 2815 2379 1783 2769 634 2942 2131 1555 312 422 2096 1766 || mode=VB method=sk_ac_min solver=pyvrp stage=post_ls ls=pyvrp iter=17
2026-03-15 22:22:16 | INFO     | [POOL #01690] 2975 1694 2101 2055 1299 2486 183 197 2122 705 935 2110 2592 384 1380 1045 562 2066 2744 2824 509 2884 941 1488 3121 200 || mode=VB method=sk_ac_min solver=pyvrp stage=post_ls ls=pyvrp iter=17
2026-03-15 22:22:16 | INFO     | [POOL #01691] 1173 1580 2330 71 1212 1345 2605 2836 2285 2638 1696 464 2037 965 1117 2350 3001 617 238 1627 2900 2083 1708 1536 2802 1252 561 2238 || mode=VB method=sk_ac_min solver=pyvrp stage=post_ls ls=pyvrp iter=17
2026-03-15 22:22:16 | INFO     | [POOL #01692] 2386 1318 862 1760 3117 2847 973 47 232 2079 2054 2081 613 1920 1690 2826 2767 1967 736 2258 1975 3091 690 1583 848 1738 || mode=VB method=sk_ac_min solver=pyvrp stage=post_ls ls=pyvrp iter=17
2026-03-15 22:22:16 | INFO     | [POOL #01693] 318 2932 2792 434 844 1005 2102 1944 2209 766 1699 492 1303 2158 1531 990 2015 1176 1409 2652 2095 872 3044 38 2543 2184 659 2165 2820 3170 || mode=VB method=sk_ac_min solver=pyvrp stage=post_ls ls=pyvrp iter=17
2026-03-15 22:22:16 | INFO     | [POOL #01694] 1498 245 2364 2786 1681 2451 2993 2821 539 1744 1822 2174 2106 2838 2178 1476 1067 1528 1054 1197 1740 2133 2907 3097 306 2300 2673 3101 1712 989 1347 || mode=VB method=sk_ac_min solver=pyvrp stage=post_ls ls=pyvrp iter=17
2026-03-15 22:22:16 | INFO     | [POOL #01695] 1206 2351 1332 2757 970 1007 2886 1075 2627 2031 1948 119 2006 1211 104 1218 500 313 2222 2082 267 1548 111 1543 2607 3037 1851 1449 1786 2995 1121 || mode=VB method=sk_ac_min solver=pyvrp stage=post_ls ls=pyvrp iter=17
2026-03-15 22:22:16 | INFO     | [POOL #01696] 3128 564 1719 2433 2828 252 164 1030 1065 3027 1540 2264 349 1238 2893 208 2516 2855 3004 1737 1980 1686 2492 770 2897 946 1929 || mode=VB method=sk_ac_min solver=pyvrp stage=post_ls ls=pyvrp iter=17
2026-03-15 22:22:16 | INFO     | [POOL #01697] 2001 3062 2417 3211 2971 2260 1790 2329 1817 1836 720 1439 523 64 1530 3236 1687 1906 90 1009 242 671 1222 515 1764 2251 2956 2248 2941 1819 || mode=VB method=sk_ac_min solver=pyvrp stage=post_ls ls=pyvrp iter=17
2026-03-15 22:22:16 | INFO     | [POOL #01698] 390 511 2261 80 1356 1239 215 1685 334 3127 2649 2077 1968 1099 1534 158 538 957 1359 726 2114 2482 3053 842 2500 708 2469 378 1951 1984 || mode=VB method=sk_ac_min solver=pyvrp stage=post_ls ls=pyvrp iter=17
2026-03-15 22:22:16 | INFO     | [POOL #01699] 2461 2908 320 2465 279 289 282 1713 767 254 2176 2634 392 3050 2747 294 1750 1256 2520 3131 3204 336 885 2548 922 549 1414 1415 1233 || mode=VB method=sk_ac_min solver=pyvrp stage=post_ls ls=pyvrp iter=17
2026-03-15 22:22:16 | INFO     | [POOL #01700] 129 1386 1209 3124 2766 1391 270 1282 501 1424 3208 2626 1799 3229 637 691 2616 1784 317 722 1692 1635 474 1520 339 2019 3166 || mode=VB method=sk_ac_min solver=pyvrp stage=post_ls ls=pyvrp iter=17
2026-03-15 22:22:16 | INFO     | [POOL #01701] 927 1938 1407 2783 194 1603 319 1452 2121 1129 735 251 1401 354 2441 337 2445 171 1207 3154 2146 2831 1242 160 2227 1397 1374 3054 658 534 711 730 1425 247 2875 2890 || mode=VB method=sk_ac_min solver=pyvrp stage=post_ls ls=pyvrp iter=17
2026-03-15 22:22:16 | INFO     | [POOL #01702] 621 2177 415 2115 1807 1695 3185 914 962 2610 1849 2943 274 1947 1919 472 3100 2411 773 2360 466 173 1616 968 1827 582 1927 329 788 || mode=VB method=sk_ac_min solver=pyvrp stage=post_ls ls=pyvrp iter=17
2026-03-15 22:22:16 | INFO     | [POOL #01703] 2192 3179 1128 342 831 2460 45 148 502 2895 1978 2306 2073 2953 537 536 850 1665 2120 2429 851 15 1227 861 2004 2052 1505 1101 664 1752 2587 1489 1500 || mode=VB method=sk_ac_min solver=pyvrp stage=post_ls ls=pyvrp iter=17
2026-03-15 22:22:16 | INFO     | [POOL #01704] 619 739 1991 2229 2291 2558 1666 327 1195 1724 3112 1945 2287 1056 2475 833 20 2742 723 2140 1630 947 2823 2437 1285 2931 1923 || mode=VB method=sk_ac_min solver=pyvrp stage=post_ls ls=pyvrp iter=17
2026-03-15 22:22:16 | INFO     | [POOL #01705] 1952 1250 1676 311 959 2755 3006 707 1260 1515 2454 1977 2710 843 2349 49 687 1258 546 670 1136 1132 2150 1657 128 2045 || mode=VB method=sk_ac_min solver=pyvrp stage=post_ls ls=pyvrp iter=17
2026-03-15 22:22:16 | INFO     | [POOL #01706] 2377 3227 1485 2713 615 953 1703 1936 1416 661 2712 1615 1959 1509 358 1120 266 2494 2369 930 529 784 2028 681 2604 1329 924 1160 2526 || mode=VB method=sk_ac_min solver=pyvrp stage=post_ls ls=pyvrp iter=17
2026-03-15 22:22:16 | INFO     | [POOL #01707] 2753 396 1830 2099 802 535 1652 1998 1763 1826 126 1842 1521 473 1371 2701 1545 136 81 423 772 96 2423 1443 808 413 1346 3032 108 297 462 512 2694 911 559 || mode=VB method=sk_ac_min solver=pyvrp stage=post_ls ls=pyvrp iter=17
2026-03-15 22:22:16 | INFO     | [POOL #01708] 2885 3094 321 1015 2268 130 2170 2635 1626 2327 2760 2872 2794 230 1962 353 206 2955 682 540 1986 326 2705 1957 || mode=VB method=sk_ac_min solver=pyvrp stage=post_ls ls=pyvrp iter=17
2026-03-15 22:22:16 | INFO     | [POOL #01709] 2223 857 1973 643 2787 1110 42 1445 790 1869 2023 1995 1541 2891 3140 2216 933 651 1777 456 1955 1432 3041 1464 2805 1047 1088 3223 2221 || mode=VB method=sk_ac_min solver=pyvrp stage=post_ls ls=pyvrp iter=17
2026-03-15 22:22:16 | INFO     | [POOL #01710] 2639 1179 2871 2343 3031 3025 2715 1868 1549 1436 778 122 1495 1456 411 2109 3059 1069 550 1474 3130 2155 2455 1659 1175 2699 2858 2153 2917 1566 110 || mode=VB method=sk_ac_min solver=pyvrp stage=post_ls ls=pyvrp iter=17
2026-03-15 22:22:16 | INFO     | [POOL #01711] 359 2498 3011 1126 1592 2336 522 1872 1880 2799 1853 19 2404 46 938 816 286 1553 1171 649 1403 603 3160 40 1641 2566 1658 2750 2678 632 1119 198 2967 || mode=VB method=sk_ac_min solver=pyvrp stage=post_ls ls=pyvrp iter=17
2026-03-15 22:22:16 | INFO     | [POOL #01712] 2425 2463 942 2224 3206 3113 1912 817 2384 1395 457 93 2481 2629 2663 560 355 2145 3168 2685 1277 1668 33 1041 2842 1341 391 2078 2148 || mode=VB method=sk_ac_min solver=pyvrp stage=post_ls ls=pyvrp iter=17
2026-03-15 22:22:16 | INFO     | [POOL #01713] 3000 698 1225 1428 310 571 2572 1518 1524 1932 1284 609 2601 463 2420 41 2367 2272 2333 646 1107 1023 1402 1843 404 2621 1134 304 || mode=VB method=sk_ac_min solver=pyvrp stage=post_ls ls=pyvrp iter=17
2026-03-15 22:22:16 | INFO     | [POOL #01714] 2424 2443 1205 1648 3019 2476 995 859 3069 1839 2307 451 699 2416 1330 1291 357 1187 2266 2414 1707 1706 904 417 54 1844 381 2660 867 853 704 375 || mode=VB method=sk_ac_min solver=pyvrp stage=post_ls ls=pyvrp iter=17
2026-03-15 22:22:16 | INFO     | [POOL #01715] 1551 484 2870 234 1480 1915 575 3222 2245 1629 1335 1768 2281 1562 453 2502 693 2738 1981 1651 765 439 2853 2991 440 1244 1812 491 2860 2035 2257 1139 2312 || mode=VB method=sk_ac_min solver=pyvrp stage=post_ls ls=pyvrp iter=17
2026-03-15 22:22:16 | INFO     | [POOL #01716] 3035 2508 629 1754 1847 3195 856 1426 2002 865 68 63 673 1856 32 884 2086 2925 581 2622 660 2 1970 1999 2047 1249 847 1867 2358 1863 1710 59 || mode=VB method=sk_ac_min solver=pyvrp stage=post_ls ls=pyvrp iter=17
2026-03-15 22:22:16 | INFO     | [POOL #01717] 3225 74 2879 217 2164 2422 1309 2058 2273 142 804 277 2234 2801 2459 1191 2645 2523 1019 344 583 992 1815 3088 1192 2865 1775 340 1217 2354 520 1413 2515 || mode=VB method=sk_ac_min solver=pyvrp stage=post_ls ls=pyvrp iter=17
2026-03-15 22:22:16 | INFO     | [POOL #01718] 3095 897 2205 77 1800 2501 2113 301 2654 683 3058 1876 701 1017 1994 3108 805 1169 1731 2619 2752 1989 1514 1508 1949 1166 || mode=VB method=sk_ac_min solver=pyvrp stage=post_ls ls=pyvrp iter=17
2026-03-15 22:22:16 | INFO     | [POOL #01719] 565 630 1349 1357 262 155 883 1155 2348 2916 525 3228 24 570 1638 2722 544 2033 877 1013 2997 2577 3187 2989 1361 || mode=VB method=sk_ac_min solver=pyvrp stage=post_ls ls=pyvrp iter=17
2026-03-15 22:22:16 | INFO     | [POOL #01720] 2613 2171 2717 1996 363 958 2583 920 1379 1865 1248 2725 1061 2279 1052 1584 2392 2797 1605 1289 1582 3129 1245 2697 494 275 936 596 || mode=VB method=sk_ac_min solver=pyvrp stage=post_ls ls=pyvrp iter=17
2026-03-15 22:22:16 | INFO     | [POOL #01721] 2325 1769 716 2706 684 377 3133 1478 219 774 1071 952 2940 1133 246 461 787 459 57 1059 2218 2854 || mode=VB method=sk_ac_min solver=pyvrp stage=post_ls ls=pyvrp iter=17
2026-03-15 22:22:16 | INFO     | [POOL #01722] 1141 480 226 2212 994 455 2668 1076 706 2409 2400 305 1885 2655 2194 2342 700 628 2321 120 187 2758 2586 1194 || mode=VB method=sk_ac_min solver=pyvrp stage=post_ls ls=pyvrp iter=17
2026-03-15 22:22:16 | INFO     | [POOL #01723] 2611 2609 2254 2190 2236 2630 92 2405 931 2600 2819 2901 505 1223 2848 3186 1224 1323 616 1787 481 2302 1751 89 1921 949 409 || mode=VB method=sk_ac_min solver=pyvrp stage=post_ls ls=pyvrp iter=17
2026-03-15 22:22:16 | INFO     | [POOL #01724] 2530 2648 2366 1875 2804 786 2741 2228 1747 2359 44 2640 2034 2691 2958 1342 738 1043 145 2087 1003 2075 || mode=VB method=sk_ac_min solver=pyvrp stage=post_ls ls=pyvrp iter=17
2026-03-15 22:22:16 | INFO     | [POOL #01725] 188 506 2756 2041 235 3033 2623 1631 91 48 2497 295 1355 796 416 1870 2098 4 107 1902 1866 395 647 825 1360 430 1114 1471 2338 1891 449 1877 1552 1492 3214 || mode=VB method=sk_ac_min solver=pyvrp stage=post_ls ls=pyvrp iter=17
2026-03-15 22:22:16 | INFO     | [POOL #01726] 2265 2471 665 2154 3081 143 2499 193 1470 2290 1028 563 1753 1746 633 2689 2206 1901 1653 1177 426 1215 2866 1274 1150 1317 || mode=VB method=sk_ac_min solver=pyvrp stage=post_ls ls=pyvrp iter=17
2026-03-15 22:22:16 | INFO     | [POOL #01727] 2032 2278 1338 1559 594 1589 205 17 775 1739 567 3232 3161 3018 1976 2431 159 2817 1942 2983 1081 1275 3194 2070 1324 2937 1372 || mode=VB method=sk_ac_min solver=pyvrp stage=post_ls ls=pyvrp iter=17
2026-03-15 22:22:16 | INFO     | [POOL #01728] 1271 2659 2125 428 1937 3085 2105 1985 721 2479 3110 2242 1261 2835 2845 744 1820 432 1716 1667 || mode=VB method=sk_ac_min solver=pyvrp stage=post_ls ls=pyvrp iter=17
2026-03-15 22:22:16 | INFO     | [POOL #01729] 3202 157 845 2949 513 1203 76 2676 2215 1130 2782 2193 70 891 2816 2834 407 1761 909 916 1532 1913 || mode=VB method=sk_ac_min solver=pyvrp stage=post_ls ls=pyvrp iter=17
2026-03-15 22:22:16 | INFO     | [POOL #01730] 932 923 3216 201 2104 2173 3205 812 697 1429 2346 3213 2743 750 271 648 1513 2203 1689 1519 2503 30 338 3237 43 1493 3040 112 2090 3023 552 || mode=VB method=sk_ac_min solver=pyvrp stage=post_ls ls=pyvrp iter=17
2026-03-15 22:22:16 | INFO     | [POOL #01731] 3196 1337 1454 1797 2089 2596 2478 401 860 1988 1625 2822 1585 314 579 2948 1053 866 951 2280 2585 620 3173 2809 1841 675 1873 3049 2606 || mode=VB method=sk_ac_min solver=pyvrp stage=post_ls ls=pyvrp iter=17
2026-03-15 22:22:16 | INFO     | [POOL #01732] 1730 1504 1941 2388 1974 192 2661 1542 1010 1381 1264 2026 7 372 3197 3162 672 1791 929 569 1537 3056 1745 940 2589 1602 1441 1146 3022 2597 1311 2905 || mode=VB method=sk_ac_min solver=pyvrp stage=post_ls ls=pyvrp iter=17
2026-03-15 22:22:16 | INFO     | [POOL #01733] 3005 1377 2262 676 1033 1001 445 2928 1036 2972 177 1887 2671 2919 1608 2487 2580 2546 3115 1178 1619 753 2800 1438 1674 2702 || mode=VB method=sk_ac_min solver=pyvrp stage=post_ls ls=pyvrp iter=17
2026-03-15 22:22:16 | INFO     | [POOL #01734] 3143 1163 1893 3233 2591 1201 2914 2856 3217 956 486 1772 3002 980 3120 2295 2196 1288 369 2324 1899 1186 51 998 2568 2517 3177 1014 || mode=VB method=sk_ac_min solver=pyvrp stage=post_ls ls=pyvrp iter=17
2026-03-15 22:22:16 | INFO     | [POOL #01735] 290 2210 2531 2434 553 1473 190 302 2157 2030 2759 436 709 1392 2094 1122 3192 2896 2665 || mode=VB method=sk_ac_min solver=pyvrp stage=post_ls ls=pyvrp iter=17
2026-03-15 22:22:16 | INFO     | [POOL #01736] 1782 892 2062 224 1711 1046 2869 2022 1020 1926 2749 1265 1257 399 3221 1092 1422 987 2889 1313 1558 2308 1350 1798 1563 1526 663 2533 109 1649 3042 2559 94 1405 2602 241 1226 1639 || mode=VB method=sk_ac_min solver=pyvrp stage=post_ls ls=pyvrp iter=17
2026-03-15 22:22:16 | INFO     | [POOL #01737] 3051 2442 2059 2909 487 2512 489 912 2128 2681 22 558 1972 2199 151 2477 715 2537 2240 1247 1266 1123 1168 1632 2421 2628 2576 3067 || mode=VB method=sk_ac_min solver=pyvrp stage=post_ls ls=pyvrp iter=17
2026-03-15 22:22:16 | INFO     | [POOL #01738] 447 604 985 1992 370 495 1892 654 1565 175 516 1467 303 2929 2679 3086 2008 2448 2270 2594 3052 || mode=VB method=sk_ac_min solver=pyvrp stage=post_ls ls=pyvrp iter=17
2026-03-15 22:22:16 | INFO     | [POOL #01739] 184 1683 1743 351 299 2156 1776 1333 1451 2807 1854 1108 103 1568 2117 2382 433 1758 1705 590 448 3209 1068 1494 2283 835 982 263 || mode=VB method=sk_ac_min solver=pyvrp stage=post_ls ls=pyvrp iter=17
2026-03-15 22:22:16 | INFO     | [POOL #01740] 2946 2353 1259 2851 986 1032 915 213 1491 1496 1034 669 585 2573 743 1111 3092 1575 729 2588 2528 1039 2954 2617 2878 2318 95 172 2226 1726 1462 2430 || mode=VB method=sk_ac_min solver=pyvrp stage=post_ls ls=pyvrp iter=17
2026-03-15 22:22:16 | INFO     | [POOL #01741] 595 2314 1860 156 196 1351 3163 2036 2574 1095 3024 2745 1656 2924 2064 249 1918 1979 809 2724 398 2316 758 761 || mode=VB method=sk_ac_min solver=pyvrp stage=post_ls ls=pyvrp iter=17
2026-03-15 22:22:16 | INFO     | [POOL #01742] 307 269 147 385 2335 2593 3071 731 1387 2688 387 1100 78 2664 1805 984 84 840 2362 149 545 3093 475 1161 3175 2998 852 1382 807 2112 734 1803 2244 2137 795 || mode=VB method=sk_ac_min solver=pyvrp stage=post_ls ls=pyvrp iter=17
2026-03-15 22:22:16 | INFO     | [POOL #01743] 2644 1735 1499 1506 1718 1914 3017 181 1 350 1106 1048 1497 712 2846 925 997 702 2565 2513 792 2791 1765 573 1165 || mode=VB method=sk_ac_min solver=pyvrp stage=post_ls ls=pyvrp iter=17
2026-03-15 22:22:16 | INFO     | [POOL #01744] 1102 121 2393 2490 1158 1153 1453 519 2432 34 901 2288 1344 1770 814 2211 259 1990 2695 2051 1198 3 602 685 1011 2969 1576 11 557 1964 2899 1586 1008 2667 1086 || mode=VB method=sk_ac_min solver=pyvrp stage=post_ls ls=pyvrp iter=17
2026-03-15 22:22:16 | INFO     | [POOL #01745] 599 2740 1940 3105 728 1623 2014 533 1167 1590 2535 2990 1717 710 1272 713 1200 2598 386 3007 1255 1697 1816 2484 3076 1325 2009 3126 1795 679 2489 8 1219 || mode=VB method=sk_ac_min solver=pyvrp stage=post_ls ls=pyvrp iter=17
2026-03-15 22:22:16 | INFO     | [POOL #01746] 813 2615 2396 908 978 999 2959 284 745 79 1310 2718 1278 2200 1900 2761 1794 1481 667 2191 328 1574 1934 1925 666 964 2910 2232 2100 || mode=VB method=sk_ac_min solver=pyvrp stage=post_ls ls=pyvrp iter=17
2026-03-15 22:22:16 | INFO     | [POOL #01747] 410 1419 1628 2582 1375 2803 1234 2880 371 650 3074 1307 366 2161 2898 868 3116 1702 1671 1661 1367 1561 280 2974 2208 1411 1930 1596 1577 1412 2107 1246 || mode=VB method=sk_ac_min solver=pyvrp stage=post_ls ls=pyvrp iter=17
2026-03-15 22:22:16 | INFO     | [POOL #01748] 106 2716 2912 531 1922 880 1662 855 1785 2827 996 231 875 2368 1594 118 3102 2544 3169 2669 2904 2902 1094 3118 61 || mode=VB method=sk_ac_min solver=pyvrp stage=post_ls ls=pyvrp iter=17
2026-03-15 22:22:16 | INFO     | [POOL #01749] 2525 408 229 591 2042 876 1897 1896 3231 2395 2773 1213 2284 2961 1251 928 3090 1294 2964 1560 2462 2945 1620 1507 507 14 1154 2375 1241 27 || mode=VB method=sk_ac_min solver=pyvrp stage=post_ls ls=pyvrp iter=17
2026-03-15 22:22:16 | INFO     | [POOL #01750] 2739 1774 199 1624 161 2570 393 2933 610 412 496 203 2790 1935 586 1384 919 2859 2708 1135 614 2061 1388 2017 1756 517 1040 2319 703 3158 1874 || mode=VB method=sk_ac_min solver=pyvrp stage=post_ls ls=pyvrp iter=17
2026-03-15 22:22:16 | INFO     | [POOL #01751] 2789 1734 755 3174 87 1090 3063 1767 3183 1465 2876 1757 841 577 261 686 2328 2519 3235 638 1557 1953 601 1362 871 || mode=VB method=sk_ac_min solver=pyvrp stage=post_ls ls=pyvrp iter=17
2026-03-15 22:22:16 | INFO     | [POOL #01752] 2253 3134 2111 749 1434 1832 900 1779 499 1331 1184 1595 2355 2552 2522 2762 2406 2733 2376 2464 127 1512 2069 1808 1527 2322 308 1637 971 28 146 || mode=VB method=sk_ac_min solver=pyvrp stage=post_ls ls=pyvrp iter=17
2026-03-15 22:22:16 | INFO     | [POOL #01753] 3165 2301 1654 2839 2927 240 830 460 1296 849 1055 1679 452 2415 1943 1852 1348 1588 405 803 1604 2861 532 2511 2818 3218 2331 || mode=VB method=sk_ac_min solver=pyvrp stage=post_ls ls=pyvrp iter=17
2026-03-15 22:22:16 | INFO     | [POOL #01754] 1174 253 132 2470 2643 1809 893 3034 1078 1691 1336 287 352 508 2408 1958 2046 1538 1539 138 624 1789 2371 1305 478 1352 3123 2684 2682 2509 1376 896 150 || mode=VB method=sk_ac_min solver=pyvrp stage=post_ls ls=pyvrp iter=17
2026-03-15 22:22:16 | INFO     | [POOL #01755] 1677 1722 1581 3077 1162 870 1486 2235 116 144 2662 1279 2970 657 1458 2721 397 2536 2374 2084 347 210 1931 2672 2734 414 1091 227 2024 || mode=VB method=sk_ac_min solver=pyvrp stage=post_ls ls=pyvrp iter=17
2026-03-15 22:22:16 | INFO     | [POOL #01756] 1148 761 1956 1219 1715 1389 905 874 2849 3147 600 2913 1417 3122 1170 976 1593 2030 709 2094 1122 695 3146 139 || mode=VB method=k_medoids_pyclustering solver=pyvrp stage=post_ls ls=pyvrp iter=18
2026-03-15 22:22:16 | INFO     | [POOL #01757] 2944 2658 1804 1064 1845 73 846 1617 3156 166 1533 797 1511 2995 725 1206 2269 3141 2316 8 1759 758 264 553 || mode=VB method=k_medoids_pyclustering solver=pyvrp stage=post_ls ls=pyvrp iter=18
2026-03-15 22:22:16 | INFO     | [POOL #01758] 341 1383 2214 640 1924 1314 757 2719 639 1821 2703 2785 3215 886 746 2882 3080 332 2135 3008 2127 2373 2277 || mode=VB method=k_medoids_pyclustering solver=pyvrp stage=post_ls ls=pyvrp iter=18
2026-03-15 22:22:16 | INFO     | [POOL #01759] 526 446 2003 3224 1143 2440 2339 3148 1418 1385 1908 258 176 479 530 2197 2837 2775 2514 2217 2391 2474 2181 1370 2380 379 || mode=VB method=k_medoids_pyclustering solver=pyvrp stage=post_ls ls=pyvrp iter=18
2026-03-15 22:22:16 | INFO     | [POOL #01760] 2665 2896 1044 1675 190 836 2157 1781 662 2387 1018 178 2653 2541 302 948 1473 || mode=VB method=k_medoids_pyclustering solver=pyvrp stage=post_ls ls=pyvrp iter=18
2026-03-15 22:22:16 | INFO     | [POOL #01761] 3192 1392 1701 2021 255 1012 3119 1399 2124 2784 168 296 2527 281 2276 2334 3159 1378 3048 293 1235 733 2759 2973 1228 || mode=VB method=k_medoids_pyclustering solver=pyvrp stage=post_ls ls=pyvrp iter=18
2026-03-15 22:22:16 | INFO     | [POOL #01762] 1131 1946 839 2389 2557 1086 2941 470 1351 809 1795 1828 1672 800 174 1792 2777 429 652 824 1837 52 2144 2080 || mode=VB method=k_medoids_pyclustering solver=pyvrp stage=post_ls ls=pyvrp iter=18
2026-03-15 22:22:16 | INFO     | [POOL #01763] 2825 2143 2449 692 642 1091 791 2979 1801 937 2808 1115 2347 1782 2720 2108 18 2183 890 382 1083 3028 1879 388 1322 || mode=VB method=k_medoids_pyclustering solver=pyvrp stage=post_ls ls=pyvrp iter=18
2026-03-15 22:22:16 | INFO     | [POOL #01764] 467 2771 248 1714 1328 1664 2402 162 588 1216 1477 156 196 1199 1860 2906 1848 2314 2304 943 881 3106 283 595 || mode=VB method=k_medoids_pyclustering solver=pyvrp stage=post_ls ls=pyvrp iter=18
2026-03-15 22:22:16 | INFO     | [POOL #01765] 1138 1287 2539 2642 2426 1442 1273 2692 764 3144 2048 2141 214 1855 3066 || mode=VB method=k_medoids_pyclustering solver=pyvrp stage=post_ls ls=pyvrp iter=18
2026-03-15 22:22:16 | INFO     | [POOL #01766] 2812 1152 402 1871 967 88 998 2295 1 1711 104 1218 181 369 1288 2196 1718 1267 1506 3132 267 1548 1940 1939 2237 2317 1933 2293 2013 1077 1487 679 1859 398 || mode=VB method=k_medoids_pyclustering solver=pyvrp stage=post_ls ls=pyvrp iter=18
2026-03-15 22:22:16 | INFO     | [POOL #01767] 79 2377 2525 1805 2191 328 1923 619 1574 2755 1416 661 472 1919 1947 274 1849 2943 1925 2437 1285 2931 1936 1703 953 311 1676 615 984 2713 3221 || mode=VB method=k_medoids_pyclustering solver=pyvrp stage=post_ls ls=pyvrp iter=18
2026-03-15 22:22:16 | INFO     | [POOL #01768] 2778 2813 1312 1093 2417 3211 2971 2260 672 3162 3197 1817 372 1836 1410 2168 1315 887 1000 2326 2329 1790 3056 3022 713 2453 1180 2483 718 3014 2666 3126 2724 || mode=VB method=k_medoids_pyclustering solver=pyvrp stage=post_ls ls=pyvrp iter=18
2026-03-15 22:22:16 | INFO     | [POOL #01769] 1952 641 2938 3185 923 1897 1896 1213 2582 2773 3231 876 3216 739 229 1934 1202 408 3227 1485 1310 745 284 || mode=VB method=k_medoids_pyclustering solver=pyvrp stage=post_ls ls=pyvrp iter=18
2026-03-15 22:22:16 | INFO     | [POOL #01770] 1120 358 3100 3006 707 3213 1234 2346 1429 697 106 2716 2910 996 2827 3205 833 20 2742 2104 2173 723 1630 947 2229 2395 201 2042 591 914 2657 || mode=VB method=k_medoids_pyclustering solver=pyvrp stage=post_ls ls=pyvrp iter=18
2026-03-15 22:22:16 | INFO     | [POOL #01771] 2022 1250 1547 1991 2610 962 2823 666 812 964 2100 2232 2140 2558 2291 1227 861 2052 1505 2803 1375 1101 2961 664 2284 1628 2356 932 || mode=VB method=k_medoids_pyclustering solver=pyvrp stage=post_ls ls=pyvrp iter=18
2026-03-15 22:22:16 | INFO     | [POOL #01772] 3012 2897 2762 2475 1056 880 1662 855 1785 1922 531 2912 875 231 271 750 2743 1260 1515 2454 1977 2880 371 2411 529 924 2061 1448 || mode=VB method=k_medoids_pyclustering solver=pyvrp stage=post_ls ls=pyvrp iter=18
2026-03-15 22:22:16 | INFO     | [POOL #01773] 2442 2262 1274 2866 2358 304 1215 847 2431 2669 648 2368 1594 118 3102 2544 3169 2904 2902 1513 159 445 2817 1942 489 1324 || mode=VB method=k_medoids_pyclustering solver=pyvrp stage=post_ls ls=pyvrp iter=18
2026-03-15 22:22:16 | INFO     | [POOL #01774] 1671 3116 868 30 173 2898 2028 784 930 2369 2494 266 2712 1615 1509 1959 959 2933 393 2570 84 840 161 1350 1092 2533 2112 1461 2244 220 1451 2137 1276 3198 || mode=VB method=k_medoids_pyclustering solver=pyvrp stage=post_ls ls=pyvrp iter=18
2026-03-15 22:22:16 | INFO     | [POOL #01775] 3115 558 1136 670 2972 1036 2349 2503 61 1307 2710 843 49 1258 546 338 1702 1160 1384 586 1935 2790 203 496 412 2308 1558 1313 2889 987 1422 2998 261 || mode=VB method=k_medoids_pyclustering solver=pyvrp stage=post_ls ls=pyvrp iter=18
2026-03-15 22:22:16 | INFO     | [POOL #01776] 1283 2085 1756 919 1616 610 1329 2604 681 2161 366 466 3074 2360 773 650 3118 1094 1519 1689 2203 687 2928 849 1296 460 830 1055 2839 59 || mode=VB method=k_medoids_pyclustering solver=pyvrp stage=post_ls ls=pyvrp iter=18
2026-03-15 22:22:16 | INFO     | [POOL #01777] 1421 245 2625 2225 2847 973 1365 1070 390 986 1032 2071 1259 454 2942 896 2410 14 2142 1024 1916 969 3061 288 2175 3220 141 || mode=VB method=k_medoids_pyclustering solver=pyvrp stage=post_ls ls=pyvrp iter=18
2026-03-15 22:22:16 | INFO     | [POOL #01778] 2167 2911 1173 2735 1646 2495 3091 1124 625 1098 593 131 425 1415 2730 244 1965 1742 3098 2226 1233 2786 3181 2364 2091 1966 || mode=VB method=k_medoids_pyclustering solver=pyvrp stage=post_ls ls=pyvrp iter=18
2026-03-15 22:22:16 | INFO     | [POOL #01779] 2138 1833 983 1188 318 2932 760 2545 2330 71 2802 2993 844 1005 2188 418 225 1002 2814 2149 5 498 1720 26 211 2378 2840 2427 || mode=VB method=k_medoids_pyclustering solver=pyvrp stage=post_ls ls=pyvrp iter=18
2026-03-15 22:22:16 | INFO     | [POOL #01780] 2632 195 291 1420 742 1634 2258 1580 1967 2767 2605 2573 585 2900 1627 549 2875 2054 2908 232 3046 1459 1308 1726 862 || mode=VB method=k_medoids_pyclustering solver=pyvrp stage=post_ls ls=pyvrp iter=18
2026-03-15 22:22:16 | INFO     | [POOL #01781] 806 3201 10 724 2452 2298 1889 991 2729 521 56 2198 325 1196 2403 2129 2677 1971 3070 1297 3114 140 3089 2887 2363 3082 1396 2693 2584 250 2053 1484 2683 2751 2553 598 || mode=VB method=k_medoids_pyclustering solver=pyvrp stage=post_ls ls=pyvrp iter=18
2026-03-15 22:22:16 | INFO     | [POOL #01782] 961 2727 1749 434 659 2184 2543 38 238 711 3001 2350 1117 534 279 730 1575 3092 1034 2081 1414 2890 2770 2057 1490 578 771 2029 1103 || mode=VB method=k_medoids_pyclustering solver=pyvrp stage=post_ls ls=pyvrp iter=18
2026-03-15 22:22:16 | INFO     | [POOL #01783] 548 3083 2532 2097 2965 1354 437 2555 1292 2581 1673 2915 821 348 260 2361 2806 1712 3101 2992 2300 2106 2174 1822 1744 539 2821 2341 561 117 3240 3039 895 759 || mode=VB method=k_medoids_pyclustering solver=pyvrp stage=post_ls ls=pyvrp iter=18
2026-03-15 22:22:16 | INFO     | [POOL #01784] 1072 1347 2952 3047 2737 1236 822 1440 2068 989 3219 2673 2102 1944 2209 766 1699 2158 2133 2095 2652 2520 2037 464 1696 2638 2285 2836 2083 1920 613 555 690 2507 || mode=VB method=k_medoids_pyclustering solver=pyvrp stage=post_ls ls=pyvrp iter=18
2026-03-15 22:22:16 | INFO     | [POOL #01785] 2309 47 2528 2588 2465 2433 2828 658 3054 1452 1374 2227 735 251 1401 354 2441 337 2445 171 1207 3154 2146 2831 1242 2408 160 2649 3127 2077 1968 1099 1938 2954 2617 915 946 1929 || mode=VB method=k_medoids_pyclustering solver=pyvrp stage=post_ls ls=pyvrp iter=18
2026-03-15 22:22:16 | INFO     | [POOL #01786] 1690 669 1111 617 885 3131 1176 2015 990 1531 492 1303 306 3097 2907 2838 2178 1067 1476 872 3044 1536 2165 1212 2820 1838 1975 2390 || mode=VB method=k_medoids_pyclustering solver=pyvrp stage=post_ls ls=pyvrp iter=18
2026-03-15 22:22:16 | INFO     | [POOL #01787] 2060 564 1719 1737 289 282 252 164 3004 1065 3027 1540 2893 2264 349 1238 1129 208 2855 2516 2121 1397 80 2783 213 2878 2318 95 2461 || mode=VB method=k_medoids_pyclustering solver=pyvrp stage=post_ls ls=pyvrp iter=18
2026-03-15 22:22:16 | INFO     | [POOL #01788] 1752 2004 15 851 2429 1666 327 1195 1724 2287 1945 3112 537 2953 2073 536 2120 1665 2552 850 2306 1978 2895 502 148 45 2460 1331 831 3179 2626 || mode=VB method=k_medoids_pyclustering solver=pyvrp stage=post_ls ls=pyvrp iter=18
2026-03-15 22:22:16 | INFO     | [POOL #01789] 814 1251 928 1512 127 2464 2376 2733 2406 1128 2522 2355 1595 342 1184 499 1779 1832 624 1789 287 1305 1352 842 3053 1364 1635 474 1520 339 1507 507 378 1154 1883 || mode=VB method=k_medoids_pyclustering solver=pyvrp stage=post_ls ls=pyvrp iter=18
2026-03-15 22:22:16 | INFO     | [POOL #01790] 129 132 2370 2969 1294 2766 1391 270 893 1809 3124 2643 2964 1560 2462 1620 2469 2253 2019 918 748 133 2491 1009 2401 || mode=VB method=k_medoids_pyclustering solver=pyvrp stage=post_ls ls=pyvrp iter=18
2026-03-15 22:22:16 | INFO     | [POOL #01791] 557 3021 1230 2945 3134 1692 2684 3123 478 352 508 1958 2046 1538 1539 138 900 1434 2371 1336 1691 2111 308 2192 2470 1386 1637 1576 11 1818 2357 1174 || mode=VB method=k_medoids_pyclustering solver=pyvrp stage=post_ls ls=pyvrp iter=18
2026-03-15 22:22:16 | INFO     | [POOL #01792] 977 172 2079 247 1496 1425 320 729 236 1655 180 50 2039 2438 1686 1534 158 538 957 1359 726 2114 2482 1680 2500 1058 2682 3164 634 1376 || mode=VB method=k_medoids_pyclustering solver=pyvrp stage=post_ls ls=pyvrp iter=18
2026-03-15 22:22:16 | INFO     | [POOL #01793] 113 2051 1198 602 1011 1209 722 317 2322 1784 2616 749 691 637 3229 1799 3208 1424 501 1282 2069 1808 1527 1078 3034 3090 685 3 2211 2852 || mode=VB method=k_medoids_pyclustering solver=pyvrp stage=post_ls ls=pyvrp iter=18
2026-03-15 22:22:16 | INFO     | [POOL #01794] 903 3117 927 572 1393 2815 268 511 2261 1407 334 1685 215 1239 1356 319 1603 194 1980 1039 2920 2492 770 1491 524 237 1760 || mode=VB method=k_medoids_pyclustering solver=pyvrp stage=post_ls ls=pyvrp iter=18
2026-03-15 22:22:16 | INFO     | [POOL #01795] 2877 2637 597 406 469 1778 6 2988 2966 2468 2267 2547 503 1172 2451 2792 1252 1681 1229 2518 2976 902 1079 2007 1748 || mode=VB method=k_medoids_pyclustering solver=pyvrp stage=post_ls ls=pyvrp iter=18
2026-03-15 22:22:16 | INFO     | [POOL #01796] 3189 2550 873 1963 55 2509 221 827 3199 1503 708 315 1447 2768 2829 2379 1783 2769 2851 105 373 365 312 1157 2457 || mode=VB method=k_medoids_pyclustering solver=pyvrp stage=post_ls ls=pyvrp iter=18
2026-03-15 22:22:16 | INFO     | [POOL #01797] 1466 941 2946 2110 2000 309 2982 442 1555 2131 1193 2353 3149 72 1366 2282 1147 1156 422 2162 2592 384 1437 2187 1597 1644 945 || mode=VB method=k_medoids_pyclustering solver=pyvrp stage=post_ls ls=pyvrp iter=18
2026-03-15 22:22:16 | INFO     | [POOL #01798] 2826 743 922 2548 965 336 3204 1713 1030 767 254 2176 2634 392 2747 3050 1256 1750 294 1409 1740 1197 1054 1528 1708 1345 736 3170 || mode=VB method=k_medoids_pyclustering solver=pyvrp stage=post_ls ls=pyvrp iter=18
2026-03-15 22:22:16 | INFO     | [POOL #01799] 719 1254 1979 1918 2892 2001 776 1571 547 2247 3010 2675 1063 2810 551 2811 2152 476 1894 1780 1026 811 1656 2924 2036 2274 993 1997 622 || mode=VB method=k_medoids_pyclustering solver=pyvrp stage=post_ls ls=pyvrp iter=18
2026-03-15 22:22:16 | INFO     | [POOL #01800] 204 438 1796 3171 2493 3064 2180 483 863 1358 465 1268 854 1408 974 2255 981 1729 2745 1095 2574 2093 360 779 2578 3203 316 || mode=VB method=k_medoids_pyclustering solver=pyvrp stage=post_ls ls=pyvrp iter=18
2026-03-15 22:22:16 | INFO     | [POOL #01801] 345 747 3210 2118 153 618 163 2926 3153 2252 427 2765 888 2864 3045 1137 3078 1301 826 2726 979 1038 2249 2504 2624 2313 2323 || mode=VB method=k_medoids_pyclustering solver=pyvrp stage=post_ls ls=pyvrp iter=18
2026-03-15 22:22:16 | INFO     | [POOL #01802] 2647 1262 1704 2134 1793 3121 1089 2439 2795 1006 66 1037 2344 793 694 323 1755 165 754 331 23 1316 2204 2446 2561 || mode=VB method=k_medoids_pyclustering solver=pyvrp stage=post_ls ls=pyvrp iter=18
2026-03-15 22:22:16 | INFO     | [POOL #01803] 2977 2714 2480 2418 2844 2271 688 2496 2936 1510 1190 1253 2873 1824 1728 2670 1042 2311 1488 273 2275 898 921 2179 1905 3193 1647 1773 3015 2868 2005 || mode=VB method=k_medoids_pyclustering solver=pyvrp stage=post_ls ls=pyvrp iter=18
2026-03-15 22:22:16 | INFO     | [POOL #01804] 906 200 2796 2921 3016 950 1961 2788 696 1269 1394 137 1618 2076 1299 2486 2430 1462 1127 3128 2056 99 934 1969 1363 1831 1573 3239 2297 769 361 606 2918 || mode=VB method=k_medoids_pyclustering solver=pyvrp stage=post_ls ls=pyvrp iter=18
2026-03-15 22:22:16 | INFO     | [POOL #01805] 2641 1762 2310 504 2220 799 243 1318 1766 562 2857 228 2066 2386 869 2413 2744 2824 509 2884 1021 2467 2027 2466 762 1298 1643 || mode=VB method=k_medoids_pyclustering solver=pyvrp stage=post_ls ls=pyvrp iter=18
2026-03-15 22:22:16 | INFO     | [POOL #01806] 1502 2980 1823 1733 1008 780 292 1709 3190 2956 823 13 515 2119 1204 568 671 242 1373 2899 2375 1550 2571 1993 1241 1586 27 2248 1290 1984 1904 2116 2667 592 || mode=VB method=k_medoids_pyclustering solver=pyvrp stage=post_ls ls=pyvrp iter=18
2026-03-15 22:22:16 | INFO     | [POOL #01807] 3024 1721 1951 1669 2978 1764 2251 2631 1222 1468 90 374 1544 1208 3166 1964 2524 944 3188 1045 150 1380 1741 2096 1140 935 705 2122 197 183 1498 2055 2975 3003 53 || mode=VB method=k_medoids_pyclustering solver=pyvrp stage=post_ls ls=pyvrp iter=18
2026-03-15 22:22:16 | INFO     | [POOL #01808] 1423 2841 820 1433 146 37 21 1096 2994 28 971 1687 1906 1164 253 1280 31 3157 1293 458 1530 3236 2776 1546 2147 || mode=VB method=k_medoids_pyclustering solver=pyvrp stage=post_ls ls=pyvrp iter=18
2026-03-15 22:22:16 | INFO     | [POOL #01809] 1014 67 2627 1504 1941 2388 1153 1453 1010 1381 1264 7 1439 720 64 523 1049 2177 621 2026 1489 901 34 2432 1500 410 519 192 1974 2014 1623 728 2222 || mode=VB method=k_medoids_pyclustering solver=pyvrp stage=post_ls ls=pyvrp iter=18
2026-03-15 22:22:16 | INFO     | [POOL #01810] 2020 2923 415 1344 1807 2115 1770 259 2695 1990 2587 1419 1695 2288 1022 1693 542 1888 2241 1182 1087 3138 1811 1046 224 2324 || mode=VB method=k_medoids_pyclustering solver=pyvrp stage=post_ls ls=pyvrp iter=18
2026-03-15 22:22:16 | INFO     | [POOL #01811] 1697 386 2598 1200 1146 1441 1602 1167 533 940 2661 1542 929 1791 569 1537 1745 2589 1590 2535 2990 2597 1717 1272 710 2303 2947 1813 1112 1406 2881 || mode=VB method=k_medoids_pyclustering solver=pyvrp stage=post_ls ls=pyvrp iter=18
2026-03-15 22:22:16 | INFO     | [POOL #01812] 794 2351 2957 2757 2886 1075 313 500 1211 2006 801 1158 2490 2393 121 119 1948 2031 3105 1579 2447 1622 2049 1311 2905 3111 1332 3103 879 2489 || mode=VB method=k_medoids_pyclustering solver=pyvrp stage=post_ls ls=pyvrp iter=18
2026-03-15 22:22:16 | INFO     | [POOL #01813] 2867 837 2050 2399 2372 2960 1007 2082 2485 1730 1102 1914 2833 3017 2869 1020 1265 1257 78 2200 1278 1900 2761 1794 1481 667 2664 2718 399 657 2235 1722 2549 || mode=VB method=k_medoids_pyclustering solver=pyvrp stage=post_ls ls=pyvrp iter=18
2026-03-15 22:22:16 | INFO     | [POOL #01814] 2166 3079 917 2723 3180 1427 2607 2950 111 1543 2458 970 2067 2444 29 1825 202 1073 3013 249 2064 3163 1567 1819 || mode=VB method=k_medoids_pyclustering solver=pyvrp stage=post_ls ls=pyvrp iter=18
2026-03-15 22:22:16 | INFO     | [POOL #01815] 2646 626 212 2009 3043 1398 1325 3076 1255 2286 443 1700 3062 3007 1085 631 1816 2484 763 2010 1950 400 444 1306 154 || mode=VB method=k_medoids_pyclustering solver=pyvrp stage=post_ls ls=pyvrp iter=18
2026-03-15 22:22:16 | INFO     | [POOL #01816] 1884 1910 3167 368 421 541 2407 1295 644 1302 87 655 899 2874 1677 689 926 1732 2987 1814 || mode=VB method=k_medoids_pyclustering solver=pyvrp stage=post_ls ls=pyvrp iter=18
2026-03-15 22:22:16 | INFO     | [POOL #01817] 3067 2843 2590 1663 2939 2628 329 1619 1467 516 753 2800 1438 2937 3218 495 370 1992 985 604 2210 2531 1372 || mode=VB method=k_medoids_pyclustering solver=pyvrp stage=post_ls ls=pyvrp iter=18
2026-03-15 22:22:16 | INFO     | [POOL #01818] 1636 871 2540 346 972 1362 1954 601 1743 351 272 2320 2554 299 1953 3063 1683 184 960 982 1304 2830 2981 || mode=VB method=k_medoids_pyclustering solver=pyvrp stage=post_ls ls=pyvrp iter=18
2026-03-15 22:22:16 | INFO     | [POOL #01819] 1640 527 1270 1698 2092 3177 2644 2246 1320 1569 2656 514 1851 1449 2740 894 1786 3029 2352 599 1121 589 1835 || mode=VB method=k_medoids_pyclustering solver=pyvrp stage=post_ls ls=pyvrp iter=18
2026-03-15 22:22:16 | INFO     | [POOL #01820] 1802 2567 3143 1090 1557 1767 638 3183 1465 2876 2519 2614 1840 834 1108 1854 2807 433 590 2779 2044 795 2883 123 1494 2283 || mode=VB method=k_medoids_pyclustering solver=pyvrp stage=post_ls ls=pyvrp iter=18
2026-03-15 22:22:16 | INFO     | [POOL #01821] 394 2088 798 414 2734 65 828 1501 1404 3075 1581 3077 2568 1735 3037 1499 1162 2062 892 573 125 2551 556 2472 1165 2506 1482 2024 3057 || mode=VB method=k_medoids_pyclustering solver=pyvrp stage=post_ls ls=pyvrp iter=18
2026-03-15 22:22:16 | INFO     | [POOL #01822] 755 3174 1572 2012 1611 3009 1725 2332 832 2396 486 1772 702 980 3002 2565 2513 2970 1279 144 870 1486 210 1074 1118 2748 1931 2672 3137 1463 || mode=VB method=k_medoids_pyclustering solver=pyvrp stage=post_ls ls=pyvrp iter=18
2026-03-15 22:22:16 | INFO     | [POOL #01823] 2754 265 2450 2299 419 324 2038 1189 2231 1987 431 322 1682 3226 2888 1639 2721 2084 347 1431 2072 963 223 2728 3178 115 222 756 2789 227 || mode=VB method=k_medoids_pyclustering solver=pyvrp stage=post_ls ls=pyvrp iter=18
2026-03-15 22:22:16 | INFO     | [POOL #01824] 574 858 450 2534 1163 1757 841 3233 2591 1201 2914 2856 3217 385 147 1606 577 686 2328 3235 1333 1776 2156 || mode=VB method=k_medoids_pyclustering solver=pyvrp stage=post_ls ls=pyvrp iter=18
2026-03-15 22:22:16 | INFO     | [POOL #01825] 100 2650 2160 518 1578 3060 2517 1765 2791 792 2662 1186 1048 1497 712 1100 2749 1926 350 1106 1899 51 3120 116 397 2536 2256 1210 1159 2529 2126 256 135 || mode=VB method=k_medoids_pyclustering solver=pyvrp stage=post_ls ls=pyvrp iter=18
2026-03-15 22:22:16 | INFO     | [POOL #01826] 380 838 813 605 1893 2615 298 3238 1214 2739 2335 3042 1649 2559 908 2593 3071 978 999 2688 1774 149 2362 545 3093 475 1798 1563 1526 663 852 1382 807 734 103 1568 2117 2382 1104 528 3030 || mode=VB method=k_medoids_pyclustering solver=pyvrp stage=post_ls ls=pyvrp iter=18
2026-03-15 22:22:16 | INFO     | [POOL #01827] 1734 1444 2374 1458 1226 956 94 1405 2602 241 997 925 387 2846 2959 199 1624 1387 731 109 1161 3175 554 1564 1803 1758 1705 789 1097 2731 3158 376 263 || mode=VB method=k_medoids_pyclustering solver=pyvrp stage=post_ls ls=pyvrp iter=18
2026-03-15 22:22:16 | INFO     | [POOL #01828] 1068 752 1535 1105 239 1368 1369 566 1864 2696 3136 2894 608 2017 1388 2526 1608 151 2208 2199 2974 280 1081 2512 1604 2861 1596 1577 2270 3052 || mode=VB method=k_medoids_pyclustering solver=pyvrp stage=post_ls ls=pyvrp iter=18
2026-03-15 22:22:16 | INFO     | [POOL #01829] 2930 307 269 543 1554 58 614 1135 2708 2859 740 3139 1587 1031 1281 968 1661 1367 1887 2671 1561 2919 1827 2903 2487 2580 1411 3023 2421 2763 || mode=VB method=k_medoids_pyclustering solver=pyvrp stage=post_ls ls=pyvrp iter=18
2026-03-15 22:22:16 | INFO     | [POOL #01830] 2434 124 727 1066 2419 2239 2746 2707 2680 364 3087 2435 1917 3176 1040 2319 703 186 2968 1084 587 1080 1051 1612 12 2633 2011 || mode=VB method=k_medoids_pyclustering solver=pyvrp stage=post_ls ls=pyvrp iter=18
2026-03-15 22:22:16 | INFO     | [POOL #01831] 1246 788 2107 1412 2818 1178 1657 1493 2681 43 3237 1852 1943 177 1348 22 1972 3040 2546 112 2090 1930 582 552 128 2045 276 2263 102 1339 2576 || mode=VB method=k_medoids_pyclustering solver=pyvrp stage=post_ls ls=pyvrp iter=18
2026-03-15 22:22:16 | INFO     | [POOL #01832] 2032 2508 2278 2070 3194 1275 2927 240 1679 452 2415 1132 2983 2150 912 2128 1588 405 803 532 2511 303 2929 2594 || mode=VB method=k_medoids_pyclustering solver=pyvrp stage=post_ls ls=pyvrp iter=18
2026-03-15 22:22:16 | INFO     | [POOL #01833] 3165 2301 1667 2854 676 1957 1150 2221 1317 1377 1654 487 2909 175 1565 654 1892 1710 2059 3005 3051 1194 2325 2223 447 || mode=VB method=k_medoids_pyclustering solver=pyvrp stage=post_ls ls=pyvrp iter=18
2026-03-15 22:22:16 | INFO     | [POOL #01834] 330 2136 2340 1632 1168 1123 1247 2537 715 2477 490 517 3152 3155 2560 1145 2345 2240 1266 2202 39 85 1736 356 35 2394 || mode=VB method=k_medoids_pyclustering solver=pyvrp stage=post_ls ls=pyvrp iter=18
2026-03-15 22:22:16 | INFO     | [POOL #01835] 818 907 1874 835 2603 2832 448 3209 257 2473 169 2850 189 1927 2679 3086 2008 2448 1674 2331 2702 3035 290 || mode=VB method=k_medoids_pyclustering solver=pyvrp stage=post_ls ls=pyvrp iter=18
2026-03-15 22:22:16 | INFO     | [POOL #01836] 596 1166 1271 1949 1043 738 721 1751 1413 2193 1217 2405 92 2630 449 2860 1130 866 2280 951 2834 2835 3049 || mode=VB method=k_medoids_pyclustering solver=pyvrp stage=post_ls ls=pyvrp iter=18
2026-03-15 22:22:16 | INFO     | [POOL #01837] 2265 2471 911 1059 57 459 3081 143 2499 193 3000 1470 684 377 359 3133 1028 563 1973 787 2154 2613 2218 || mode=VB method=k_medoids_pyclustering solver=pyvrp stage=post_ls ls=pyvrp iter=18
2026-03-15 22:22:16 | INFO     | [POOL #01838] 1863 629 1754 3195 1249 2705 326 1047 1986 540 2805 1107 646 1023 2885 633 1843 404 2689 1134 426 559 || mode=VB method=k_medoids_pyclustering solver=pyvrp stage=post_ls ls=pyvrp iter=18
2026-03-15 22:22:16 | INFO     | [POOL #01839] 1177 2621 1746 1753 246 1133 2367 41 2694 1110 42 2170 2635 1626 2327 456 1955 1777 651 2216 933 2760 2872 1432 3041 1464 682 856 1847 || mode=VB method=k_medoids_pyclustering solver=pyvrp stage=post_ls ls=pyvrp iter=18
2026-03-15 22:22:16 | INFO     | [POOL #01840] 1867 2047 1999 2 660 581 2622 1856 673 63 68 865 2002 1426 3232 567 3018 3161 1739 775 17 205 1589 594 1976 1559 1338 1001 || mode=VB method=k_medoids_pyclustering solver=pyvrp stage=post_ls ls=pyvrp iter=18
2026-03-15 22:22:16 | INFO     | [POOL #01841] 2706 958 920 2343 1061 3130 522 1872 1880 2799 1641 40 603 1403 1052 2342 2194 2655 1885 305 2400 632 1076 1119 455 2758 || mode=VB method=k_medoids_pyclustering solver=pyvrp stage=post_ls ls=pyvrp iter=18
2026-03-15 22:22:16 | INFO     | [POOL #01842] 1653 1402 2333 2272 2787 1445 790 1869 2023 1995 1541 2891 3140 32 884 2086 2925 230 2794 1962 353 206 2955 1970 1088 3223 1033 || mode=VB method=k_medoids_pyclustering solver=pyvrp stage=post_ls ls=pyvrp iter=18
2026-03-15 22:22:16 | INFO     | [POOL #01843] 2290 1478 2753 396 3011 1126 1592 2336 2715 1868 3059 411 1456 81 423 772 96 1545 136 2423 1443 2109 1069 1549 1853 2566 1658 2750 1865 2583 363 2717 || mode=VB method=k_medoids_pyclustering solver=pyvrp stage=post_ls ls=pyvrp iter=18
2026-03-15 22:22:16 | INFO     | [POOL #01844] 461 3094 2940 952 2420 130 512 462 297 108 3032 1346 1284 1932 413 808 2701 1371 473 1521 1842 126 1826 1763 1998 1652 535 802 1428 1225 3031 1830 698 2498 2871 1179 || mode=VB method=k_medoids_pyclustering solver=pyvrp stage=post_ls ls=pyvrp iter=18
2026-03-15 22:22:16 | INFO     | [POOL #01845] 2586 110 1996 706 2858 1379 2725 1248 3025 310 571 2572 1524 1518 609 2099 2601 463 2268 1015 321 1071 774 219 643 1901 2206 || mode=VB method=k_medoids_pyclustering solver=pyvrp stage=post_ls ls=pyvrp iter=18
2026-03-15 22:22:16 | INFO     | [POOL #01846] 2967 2668 2409 2678 1551 2279 3160 1553 938 46 816 286 2685 3168 2145 355 122 1495 778 1436 2404 19 550 1474 2155 2455 1659 1175 2699 2153 2917 1566 2171 2639 857 || mode=VB method=k_medoids_pyclustering solver=pyvrp stage=post_ls ls=pyvrp iter=18
2026-03-15 22:22:16 | INFO     | [POOL #01847] 1921 2312 2515 481 2619 805 3206 3228 525 1994 1017 701 683 1349 2654 1584 700 628 2797 1605 1289 2366 2648 2212 226 || mode=VB method=k_medoids_pyclustering solver=pyvrp stage=post_ls ls=pyvrp iter=18
2026-03-15 22:22:16 | INFO     | [POOL #01848] 2530 994 2443 2392 565 2113 301 1205 1648 3019 995 3069 1309 2422 2164 883 155 262 1357 1876 77 2359 44 2205 897 1245 2697 428 || mode=VB method=k_medoids_pyclustering solver=pyvrp stage=post_ls ls=pyvrp iter=18
2026-03-15 22:22:16 | INFO     | [POOL #01849] 2479 2257 3088 344 1651 765 1981 2738 693 2234 2801 2645 1191 2459 277 1335 1629 2245 3222 804 142 2058 457 1395 1155 217 2879 3058 1800 2125 || mode=VB method=k_medoids_pyclustering solver=pyvrp stage=post_ls ls=pyvrp iter=18
2026-03-15 22:22:16 | INFO     | [POOL #01850] 1003 2087 145 1361 2989 1937 3085 2424 2804 3129 786 1582 2034 2640 2148 2321 120 187 198 716 1769 665 || mode=VB method=k_medoids_pyclustering solver=pyvrp stage=post_ls ls=pyvrp iter=18
2026-03-15 22:22:16 | INFO     | [POOL #01851] 3225 704 2848 1638 381 817 2384 2414 2266 1187 2273 451 2307 575 2663 560 2629 1277 1668 33 1041 1480 234 1171 2870 649 484 2501 1875 2659 || mode=VB method=k_medoids_pyclustering solver=pyvrp stage=post_ls ls=pyvrp iter=18
2026-03-15 22:22:16 | INFO     | [POOL #01852] 3196 1337 188 1454 1797 2089 2596 2478 401 860 2041 235 3033 1631 2623 2676 2215 1053 2948 1877 1552 1261 675 1716 2075 2606 || mode=VB method=k_medoids_pyclustering solver=pyvrp stage=post_ls ls=pyvrp iter=18
2026-03-15 22:22:16 | INFO     | [POOL #01853] 3095 275 1342 1985 1508 1514 2302 1787 375 616 1323 1224 867 2660 3113 1912 2348 2916 570 74 24 3108 2224 2752 1989 2958 494 936 || mode=VB method=k_medoids_pyclustering solver=pyvrp stage=post_ls ls=pyvrp iter=18
2026-03-15 22:22:16 | INFO     | [POOL #01854] 3187 1013 520 2354 505 544 1844 417 904 1706 1707 1019 2523 357 1291 1330 2416 699 1839 93 2481 1915 1341 2842 391 2078 859 2476 630 || mode=VB method=k_medoids_pyclustering solver=pyvrp stage=post_ls ls=pyvrp iter=18
2026-03-15 22:22:16 | INFO     | [POOL #01855] 3202 157 2611 845 2949 513 506 2756 1203 909 1625 2609 2822 1585 314 579 407 1761 744 1820 432 1532 || mode=VB method=k_medoids_pyclustering solver=pyvrp stage=post_ls ls=pyvrp iter=18
2026-03-15 22:22:16 | INFO     | [POOL #01856] 1141 480 2105 2691 2741 2228 1747 2425 2463 942 1169 1731 3186 853 1223 2722 54 1815 992 2991 440 1192 1244 1891 2236 76 1988 916 1913 || mode=VB method=k_medoids_pyclustering solver=pyvrp stage=post_ls ls=pyvrp iter=18
2026-03-15 22:22:16 | INFO     | [POOL #01857] 3214 1492 2809 3110 3173 620 2816 2782 2035 491 1812 2865 2819 2901 2033 931 2600 877 70 891 2997 2577 1139 89 949 409 || mode=VB method=k_medoids_pyclustering solver=pyvrp stage=post_ls ls=pyvrp iter=18
2026-03-15 22:22:16 | INFO     | [POOL #01858] 2242 2585 340 1775 583 439 2853 647 395 1866 2502 1562 1768 2281 453 107 1902 4 2098 825 1360 430 1114 2338 1471 1355 796 416 1870 48 91 2497 295 2190 2254 2845 1841 1873 || mode=VB method=k_medoids_pyclustering solver=pyvrp stage=post_ls ls=pyvrp iter=18
2026-03-15 22:22:16 | INFO     | [POOL #01859] 2608 152 335 1591 3150 678 333 2781 2398 878 864 1060 2040 1181 75 1469 1321 182 278 1909 2130 1829 1027 420 1450 || mode=VB method=k_medoids_pyclustering solver=pyvrp stage=post_ls ls=pyvrp iter=18
2026-03-15 22:22:16 | INFO     | [POOL #01860] 783 1862 781 2999 1727 1529 1455 1343 2686 2018 2772 1109 2935 1570 9 732 1886 2599 1621 441 645 1151 1057 777 285 1982 1688 2213 966 2986 2151 714 || mode=VB method=k_medoids_pyclustering solver=pyvrp stage=post_ls ls=pyvrp iter=18
2026-03-15 22:22:16 | INFO     | [POOL #01861] 2962 170 82 1220 3125 785 2172 3172 2185 1483 101 1598 1788 1895 114 97 954 2700 810 3038 1326 2793 3109 2383 2189 2863 2397 829 3234 || mode=VB method=k_medoids_pyclustering solver=pyvrp stage=post_ls ls=pyvrp iter=18
2026-03-15 22:22:16 | INFO     | [POOL #01862] 1771 207 1029 69 497 1861 2243 3182 1642 623 2201 2207 2505 889 2238 16 2163 3072 1614 1609 2456 2564 1670 2381 1850 134 1517 2538 1678 2687 || mode=VB method=k_medoids_pyclustering solver=pyvrp stage=post_ls ls=pyvrp iter=18
2026-03-15 22:22:16 | INFO     | [POOL #01863] 635 1016 1907 362 1613 2065 1911 741 2690 1353 2934 1035 1600 2951 2780 1232 2259 2563 611 2674 2296 2542 2569 2711 1240 300 2556 2123 1327 179 || mode=VB method=k_medoids_pyclustering solver=pyvrp stage=post_ls ls=pyvrp iter=18
2026-03-15 22:22:16 | INFO     | [POOL #01864] 424 2636 2736 2579 1004 3099 2963 1185 677 2575 2169 782 83 2195 680 3200 1903 3020 1523 1286 1834 3151 1472 1149 1243 2764 2704 3055 3096 36 485 2595 || mode=VB method=k_medoids_pyclustering solver=pyvrp stage=post_ls ls=pyvrp iter=18
2026-03-15 22:22:16 | INFO     | [POOL #01865] 913 2385 2230 607 3145 717 1556 477 848 882 3212 2488 2233 2139 2521 1583 435 3135 3142 815 1806 493 233 2159 653 2294 2428 751 2436 1684 || mode=VB method=k_medoids_pyclustering solver=pyvrp stage=post_ls ls=pyvrp iter=18
2026-03-15 22:22:16 | INFO     | [POOL #01866] 436 1475 1479 1738 2043 2289 3073 2620 1660 1460 1525 1400 2337 2510 167 3107 1435 2984 737 191 910 2774 2103 1231 3104 668 471 || mode=VB method=k_medoids_pyclustering solver=pyvrp stage=post_ls ls=pyvrp iter=18
2026-03-15 22:22:16 | INFO     | [POOL #01867] 3036 185 2798 2412 62 1601 3207 1645 1516 3084 1882 580 2016 1898 468 1610 3230 1144 576 627 383 1116 2651 || mode=VB method=k_medoids_pyclustering solver=pyvrp stage=post_ls ls=pyvrp iter=18
2026-03-15 22:22:16 | INFO     | [POOL #01868] 209 2862 25 1221 1878 2132 975 1633 1062 403 216 1125 1340 2562 1183 1142 1050 612 2618 1846 1650 1983 1858 1857 3065 || mode=VB method=k_medoids_pyclustering solver=pyvrp stage=post_ls ls=pyvrp iter=18
2026-03-15 22:22:16 | INFO     | [POOL #01869] 636 768 3068 482 656 2996 1607 2186 1960 1457 2985 2315 2305 939 1430 2025 1446 1113 2074 367 2922 1082 2219 2698 3184 2250 2365 1881 || mode=VB method=k_medoids_pyclustering solver=pyvrp stage=post_ls ls=pyvrp iter=18
2026-03-15 22:22:16 | INFO     | [POOL #01870] 2063 1522 819 955 86 1723 2182 2709 1928 1390 || mode=VB method=k_medoids_pyclustering solver=pyvrp stage=post_ls ls=pyvrp iter=18
2026-03-15 22:22:16 | INFO     | [POOL #01871] 510 389 1334 1025 2612 1300 343 60 1263 1319 1237 2101 1694 3191 3026 98 488 1890 584 1599 674 988 218 2732 1810 2292 || mode=VB method=k_medoids_pyclustering solver=pyvrp stage=post_ls ls=pyvrp iter=18
2026-03-15 22:22:16 | INFO     | [POOL #01872] 2394 1855 263 907 214 2141 2048 1874 764 2692 124 3144 1273 1442 2843 2590 2594 2270 788 1674 1992 2325 2301 || mode=VB method=sk_ac_min solver=pyvrp stage=post_ls ls=pyvrp iter=19
2026-03-15 22:22:16 | INFO     | [POOL #01873] 2080 2143 135 574 2987 1732 960 184 1683 1302 1743 351 272 1276 2044 2603 644 2407 421 368 3167 346 871 || mode=VB method=sk_ac_min solver=pyvrp stage=post_ls ls=pyvrp iter=19
2026-03-15 22:22:16 | INFO     | [POOL #01874] 982 2930 2320 2554 299 2156 1776 1333 1451 2807 1854 1108 103 1568 2117 2382 433 1758 1705 789 590 448 3209 1097 1068 2883 3198 835 2830 || mode=VB method=sk_ac_min solver=pyvrp stage=post_ls ls=pyvrp iter=19
2026-03-15 22:22:16 | INFO     | [POOL #01875] 621 2177 415 1695 1419 3185 641 2938 739 1991 2943 1849 274 1947 1919 472 266 773 2360 61 173 1616 968 1827 582 2628 || mode=VB method=sk_ac_min solver=pyvrp stage=post_ls ls=pyvrp iter=19
2026-03-15 22:22:16 | INFO     | [POOL #01876] 2825 2449 2144 1837 642 2754 972 1295 541 123 2832 257 169 2850 189 3023 552 2421 2763 276 2263 1339 2939 2426 || mode=VB method=sk_ac_min solver=pyvrp stage=post_ls ls=pyvrp iter=19
2026-03-15 22:22:16 | INFO     | [POOL #01877] 147 385 2559 2593 3071 1774 199 2688 712 1100 2022 78 1811 2761 1794 1481 667 2191 328 408 1202 1934 2931 1285 2437 1925 666 2229 2610 || mode=VB method=sk_ac_min solver=pyvrp stage=post_ls ls=pyvrp iter=19
2026-03-15 22:22:16 | INFO     | [POOL #01878] 3057 2024 3028 1677 1501 1722 892 2062 1162 870 144 1279 2970 2513 657 1458 2721 1639 2332 2536 2256 1210 1431 2072 963 2529 1572 2299 813 838 2450 655 3143 926 || mode=VB method=sk_ac_min solver=pyvrp stage=post_ls ls=pyvrp iter=19
2026-03-15 22:22:16 | INFO     | [POOL #01879] 1494 795 2137 220 834 1840 2614 2244 1803 1564 1461 1606 554 1214 1201 2396 832 2888 1725 1611 1159 2012 419 324 3009 431 322 1682 3226 2615 1987 2231 1189 2038 605 450 858 1814 || mode=VB method=sk_ac_min solver=pyvrp stage=post_ls ls=pyvrp iter=19
2026-03-15 22:22:16 | INFO     | [POOL #01880] 2944 2771 824 2166 3079 1270 1698 2246 1320 2656 514 967 1871 2517 1569 2644 2108 18 2183 890 382 527 2506 2650 1533 166 || mode=VB method=sk_ac_min solver=pyvrp stage=post_ls ls=pyvrp iter=19
2026-03-15 22:22:16 | INFO     | [POOL #01881] 1802 388 1879 1463 689 756 222 265 256 1954 1362 2283 1104 12 1066 2633 2011 356 330 1663 35 818 3030 || mode=VB method=sk_ac_min solver=pyvrp stage=post_ls ls=pyvrp iter=19
2026-03-15 22:22:16 | INFO     | [POOL #01882] 88 224 1711 1046 2869 1020 1926 2749 1265 1257 399 3221 1092 1422 987 2889 1313 1558 2308 1350 1798 1563 1526 663 2533 109 1649 3042 2335 94 1405 2602 241 1226 486 116 2235 || mode=VB method=sk_ac_min solver=pyvrp stage=post_ls ls=pyvrp iter=19
2026-03-15 22:22:16 | INFO     | [POOL #01883] 2789 1734 755 3174 380 87 1090 3063 1767 3183 1465 2876 1757 841 577 269 307 261 686 2328 2519 3235 638 1557 1953 601 2540 1910 || mode=VB method=sk_ac_min solver=pyvrp stage=post_ls ls=pyvrp iter=19
2026-03-15 22:22:16 | INFO     | [POOL #01884] 2665 2896 1675 1473 190 836 302 948 248 1845 1064 1884 2981 3066 2434 3067 2531 2210 290 447 || mode=VB method=sk_ac_min solver=pyvrp stage=post_ls ls=pyvrp iter=19
2026-03-15 22:22:16 | INFO     | [POOL #01885] 100 2160 1640 2549 518 1578 3060 2472 556 2551 2748 1404 1118 1074 210 347 2374 2084 397 1486 3077 1581 3075 573 125 1931 2672 3137 1322 || mode=VB method=sk_ac_min solver=pyvrp stage=post_ls ls=pyvrp iter=19
2026-03-15 22:22:16 | INFO     | [POOL #01886] 467 1121 1152 797 1014 402 2808 1115 1165 2347 828 1444 223 2728 3178 115 899 2874 65 2734 414 1801 1083 791 2567 52 227 1636 || mode=VB method=sk_ac_min solver=pyvrp stage=post_ls ls=pyvrp iter=19
2026-03-15 22:22:16 | INFO     | [POOL #01887] 1044 2157 1781 662 283 1715 3106 2653 1018 178 881 1389 8 1759 2881 1328 589 3156 1617 846 2812 73 1804 2658 || mode=VB method=sk_ac_min solver=pyvrp stage=post_ls ls=pyvrp iter=19
2026-03-15 22:22:16 | INFO     | [POOL #01888] 2126 2534 1163 1893 3233 298 3238 2591 2914 2856 3217 956 1772 3002 3120 2295 2196 1914 2833 3017 181 1 2324 1899 1186 51 2662 1765 2568 1782 || mode=VB method=sk_ac_min solver=pyvrp stage=post_ls ls=pyvrp iter=19
2026-03-15 22:22:16 | INFO     | [POOL #01889] 553 1835 652 599 725 2352 174 2317 879 1306 3103 2050 2399 2372 2351 2237 2740 894 917 2720 937 2979 798 1091 2088 692 1482 || mode=VB method=sk_ac_min solver=pyvrp stage=post_ls ls=pyvrp iter=19
2026-03-15 22:22:16 | INFO     | [POOL #01890] 1148 264 1664 3141 2269 429 2777 1792 1487 1077 1254 1477 588 1859 1848 2314 2304 905 839 1946 1131 2541 595 || mode=VB method=sk_ac_min solver=pyvrp stage=post_ls ls=pyvrp iter=19
2026-03-15 22:22:16 | INFO     | [POOL #01891] 3177 1735 2950 1506 1718 1102 1288 369 350 1106 1048 1497 2846 387 925 997 702 980 2565 792 2791 1499 2092 || mode=VB method=sk_ac_min solver=pyvrp stage=post_ls ls=pyvrp iter=19
2026-03-15 22:22:16 | INFO     | [POOL #01892] 379 526 2380 3224 1143 955 86 2595 2837 1385 1378 3119 2977 3122 1170 1012 1593 1701 1392 2094 || mode=VB method=sk_ac_min solver=pyvrp stage=post_ls ls=pyvrp iter=19
2026-03-15 22:22:16 | INFO     | [POOL #01893] 1714 2867 2293 1672 2646 1406 1112 1813 29 2444 2947 718 3014 763 2010 1950 202 2666 400 444 626 800 2013 || mode=VB method=sk_ac_min solver=pyvrp stage=post_ls ls=pyvrp iter=19
2026-03-15 22:22:16 | INFO     | [POOL #01894] 2389 3147 2906 1860 196 470 2578 1095 3024 2745 1656 2924 2020 2001 1073 3013 2892 249 2064 1918 1979 156 719 398 2316 758 || mode=VB method=sk_ac_min solver=pyvrp stage=post_ls ls=pyvrp iter=19
2026-03-15 22:22:16 | INFO     | [POOL #01895] 154 837 1933 794 3180 1427 1939 2458 1543 267 3132 1730 2485 1579 2447 1622 2049 2453 1180 2483 1085 631 2303 2905 2067 2960 3111 67 2723 3029 1511 394 || mode=VB method=sk_ac_min solver=pyvrp stage=post_ls ls=pyvrp iter=19
2026-03-15 22:22:16 | INFO     | [POOL #01896] 1206 2957 2757 970 1007 2886 1075 2627 2031 1948 119 801 2006 1211 500 313 2222 2082 1548 111 2607 3037 1851 1449 1786 2995 || mode=VB method=sk_ac_min solver=pyvrp stage=post_ls ls=pyvrp iter=19
2026-03-15 22:22:16 | INFO     | [POOL #01897] 2504 2118 2249 888 2864 3045 1137 694 273 2275 465 854 1408 974 292 2255 1984 1721 981 1026 811 2036 779 1351 1199 2274 600 874 1219 761 || mode=VB method=sk_ac_min solver=pyvrp stage=post_ls ls=pyvrp iter=19
2026-03-15 22:22:16 | INFO     | [POOL #01898] 2868 747 438 1796 3210 3171 2493 163 1038 979 2765 427 2252 3153 1647 2980 2204 2561 1643 1086 2941 2557 592 3015 622 2387 316 1956 || mode=VB method=sk_ac_min solver=pyvrp stage=post_ls ls=pyvrp iter=19
2026-03-15 22:22:16 | INFO     | [POOL #01899] 1122 733 1370 2197 510 389 2292 1810 1645 1516 1882 1660 2620 580 2436 1684 53 3104 479 530 176 3148 2798 185 2030 345 || mode=VB method=sk_ac_min solver=pyvrp stage=post_ls ls=pyvrp iter=19
2026-03-15 22:22:16 | INFO     | [POOL #01900] 293 2641 258 3084 3003 988 1890 1498 2220 2000 309 862 903 2982 1760 237 977 1308 2786 873 3181 771 2029 3189 2507 2139 1286 1834 1806 653 2016 || mode=VB method=sk_ac_min solver=pyvrp stage=post_ls ls=pyvrp iter=19
2026-03-15 22:22:16 | INFO     | [POOL #01901] 2489 162 1332 1940 3105 728 1623 2014 1167 2589 1590 2535 2990 1717 710 1272 713 2598 386 3062 1255 1697 1816 2484 3076 1325 3043 2009 212 1795 1216 2778 || mode=VB method=sk_ac_min solver=pyvrp stage=post_ls ls=pyvrp iter=19
2026-03-15 22:22:16 | INFO     | [POOL #01902] 446 2003 819 1116 1650 209 607 3145 612 2315 2305 939 25 2289 2043 2219 2698 3184 2250 485 2440 2759 || mode=VB method=sk_ac_min solver=pyvrp stage=post_ls ls=pyvrp iter=19
2026-03-15 22:22:16 | INFO     | [POOL #01903] 3159 1399 2624 200 2921 769 2297 793 2344 1037 66 1488 2311 1042 1021 2467 1268 1358 2179 921 1755 165 863 1904 1729 3163 1567 943 1819 || mode=VB method=sk_ac_min solver=pyvrp stage=post_ls ls=pyvrp iter=19
2026-03-15 22:22:16 | INFO     | [POOL #01904] 3192 709 471 2514 1418 1908 945 2412 62 1601 361 1262 950 2726 826 1301 2180 483 1733 754 3064 1823 23 2667 2574 2093 360 2276 1997 204 || mode=VB method=sk_ac_min solver=pyvrp stage=post_ls ls=pyvrp iter=19
2026-03-15 22:22:16 | INFO     | [POOL #01905] 341 1383 1928 2709 424 913 1983 2986 966 2636 2213 2618 1846 2230 2922 2862 468 1610 3230 1144 576 2687 436 2973 1228 139 || mode=VB method=sk_ac_min solver=pyvrp stage=post_ls ls=pyvrp iter=19
2026-03-15 22:22:16 | INFO     | [POOL #01906] 3146 2474 2365 36 1460 1525 1400 1435 1599 674 167 2510 3107 2337 2984 218 737 191 2732 2103 1231 668 2775 2339 2391 2181 695 || mode=VB method=sk_ac_min solver=pyvrp stage=post_ls ls=pyvrp iter=19
2026-03-15 22:22:16 | INFO     | [POOL #01907] 2849 1316 331 780 1709 3190 1290 2401 2675 1063 2978 2810 568 2994 1096 21 37 146 1433 820 2286 547 2147 776 1398 1828 2402 || mode=VB method=sk_ac_min solver=pyvrp stage=post_ls ls=pyvrp iter=19
2026-03-15 22:22:16 | INFO     | [POOL #01908] 2021 976 2323 2918 2334 2313 296 168 2784 2647 2480 2418 2271 2844 3016 618 153 1773 2527 281 2913 993 3203 1417 || mode=VB method=sk_ac_min solver=pyvrp stage=post_ls ls=pyvrp iter=19
2026-03-15 22:22:16 | INFO     | [POOL #01909] 3068 482 757 639 1027 2996 1607 3150 678 333 2781 1829 2130 1909 278 548 1220 878 2398 886 1591 152 2608 || mode=VB method=sk_ac_min solver=pyvrp stage=post_ls ls=pyvrp iter=19
2026-03-15 22:22:16 | INFO     | [POOL #01910] 1522 2182 1858 1821 2785 3215 2186 1029 1183 69 1057 777 2736 285 2579 2562 1142 1050 2985 1960 1857 768 636 1390 || mode=VB method=sk_ac_min solver=pyvrp stage=post_ls ls=pyvrp iter=19
2026-03-15 22:22:16 | INFO     | [POOL #01911] 2005 2714 606 2496 1644 2936 488 1694 1618 2076 2187 1437 2457 1597 2056 1969 934 1363 2873 1253 1190 1089 1269 688 2217 1235 || mode=VB method=sk_ac_min solver=pyvrp stage=post_ls ls=pyvrp iter=19
2026-03-15 22:22:16 | INFO     | [POOL #01912] 2124 584 1394 1824 2670 941 2884 2824 2413 1883 1993 2571 1550 1204 2119 515 2251 1764 823 13 551 2811 2841 2247 3010 476 2152 1894 1423 1780 1312 2813 || mode=VB method=sk_ac_min solver=pyvrp stage=post_ls ls=pyvrp iter=19
2026-03-15 22:22:16 | INFO     | [POOL #01913] 2214 1450 1314 179 335 783 746 1862 781 1181 75 1469 2427 1321 810 3038 1326 2793 3109 2189 3080 332 2135 3008 2373 2277 || mode=VB method=sk_ac_min solver=pyvrp stage=post_ls ls=pyvrp iter=19
2026-03-15 22:22:16 | INFO     | [POOL #01914] 2127 2397 2383 1911 2690 2951 2780 2542 2378 211 991 521 2198 56 2729 26 1720 498 5 3082 1396 2296 2674 611 2563 1240 300 1895 97 954 2700 2863 2882 829 3234 635 || mode=VB method=sk_ac_min solver=pyvrp stage=post_ls ls=pyvrp iter=19
2026-03-15 22:22:16 | INFO     | [POOL #01915] 2926 3193 3078 323 898 1298 762 2466 2027 2631 1222 1468 1373 374 1544 944 2524 1154 3220 1147 1156 1157 2162 799 2486 1299 2055 2310 2101 3191 3096 || mode=VB method=sk_ac_min solver=pyvrp stage=post_ls ls=pyvrp iter=19
2026-03-15 22:22:16 | INFO     | [POOL #01916] 998 1218 104 1952 2657 3216 914 923 1896 1897 876 591 2042 3231 2395 2773 1213 2284 2582 2961 928 3090 1294 2964 1560 2462 1507 2410 3021 1818 || mode=VB method=sk_ac_min solver=pyvrp stage=post_ls ls=pyvrp iter=19
2026-03-15 22:22:16 | INFO     | [POOL #01917] 367 1430 2025 1633 477 848 3212 815 3142 2488 2167 435 3020 1903 2550 2007 680 759 2238 2195 83 2169 1185 2963 3012 1340 1517 2538 1678 || mode=VB method=sk_ac_min solver=pyvrp stage=post_ls ls=pyvrp iter=19
2026-03-15 22:22:16 | INFO     | [POOL #01918] 679 3126 1825 3007 1200 2417 3211 1146 1441 2971 2260 3056 1790 2329 672 3162 1817 720 1439 523 64 1530 3236 1906 90 1009 242 671 1241 27 2956 2248 2446 1502 || mode=VB method=sk_ac_min solver=pyvrp stage=post_ls ls=pyvrp iter=19
2026-03-15 22:22:16 | INFO     | [POOL #01919] 2795 1127 2857 228 2375 1208 31 458 3157 1293 1410 2168 1315 2326 1000 887 2776 1546 2923 1093 1700 443 1571 809 2724 || mode=VB method=sk_ac_min solver=pyvrp stage=post_ls ls=pyvrp iter=19
2026-03-15 22:22:16 | INFO     | [POOL #01920] 2962 1060 2040 3125 250 2584 2935 1570 9 1072 2532 2952 2988 2966 6 1778 469 2727 1833 2138 16 961 497 2877 1982 598 2151 714 3065 2063 || mode=VB method=sk_ac_min solver=pyvrp stage=post_ls ls=pyvrp iter=19
2026-03-15 22:22:16 | INFO     | [POOL #01921] 3135 2233 2521 1748 2390 578 2632 2226 1742 1459 172 425 131 593 1098 625 291 2057 244 1965 690 1079 2495 1646 2735 1173 3200 1583 2575 677 2074 || mode=VB method=sk_ac_min solver=pyvrp stage=post_ls ls=pyvrp iter=19
2026-03-15 22:22:16 | INFO     | [POOL #01922] 1016 1907 362 2065 1613 741 1353 114 2185 2686 1343 1484 441 645 1670 1151 1850 134 1004 1457 1688 2703 207 1771 656 1924 640 || mode=VB method=sk_ac_min solver=pyvrp stage=post_ls ls=pyvrp iter=19
2026-03-15 22:22:16 | INFO     | [POOL #01923] 908 978 999 2959 284 745 79 1310 2718 1278 2200 1900 2664 1805 984 84 840 2362 149 545 3093 475 1161 3175 2998 852 1382 807 2112 734 2779 || mode=VB method=sk_ac_min solver=pyvrp stage=post_ls ls=pyvrp iter=19
2026-03-15 22:22:16 | INFO     | [POOL #01924] 255 3048 906 3207 2774 910 2788 2134 1793 696 3121 3239 2439 1510 137 1762 60 343 2612 1878 1221 3073 1738 1479 627 1723 1881 || mode=VB method=sk_ac_min solver=pyvrp stage=post_ls ls=pyvrp iter=19
2026-03-15 22:22:16 | INFO     | [POOL #01925] 2116 1951 1669 28 971 1687 253 129 2491 2357 748 918 1230 2945 2253 2019 2142 1024 1916 969 288 2175 72 141 2899 869 || mode=VB method=sk_ac_min solver=pyvrp stage=post_ls ls=pyvrp iter=19
2026-03-15 22:22:16 | INFO     | [POOL #01926] 2719 82 2553 2751 2683 1861 1621 1886 2599 2637 2243 3182 1642 889 597 406 2505 1188 3039 895 2163 1614 1609 2456 2564 2381 3099 1125 2385 || mode=VB method=sk_ac_min solver=pyvrp stage=post_ls ls=pyvrp iter=19
2026-03-15 22:22:16 | INFO     | [POOL #01927] 2999 182 1483 2693 2097 2363 3114 1297 3070 1196 1971 2298 2452 724 10 3201 1889 325 140 3089 2887 1354 2965 822 225 1002 2814 2468 2149 2207 623 || mode=VB method=sk_ac_min solver=pyvrp stage=post_ls ls=pyvrp iter=19
2026-03-15 22:22:16 | INFO     | [POOL #01928] 383 717 1556 216 493 1472 504 183 197 705 935 1966 2110 2592 384 1741 150 243 1318 562 2066 2946 99 509 1831 1728 1573 1466 1704 1961 2796 || mode=VB method=sk_ac_min solver=pyvrp stage=post_ls ls=pyvrp iter=19
2026-03-15 22:22:16 | INFO     | [POOL #01929] 1749 434 2993 539 1744 2102 1944 2209 766 1699 492 1303 2158 1531 990 2015 1176 1409 1740 872 3044 38 2543 2184 659 2165 2820 || mode=VB method=sk_ac_min solver=pyvrp stage=post_ls ls=pyvrp iter=19
2026-03-15 22:22:16 | INFO     | [POOL #01930] 2490 1158 2388 932 1453 192 2661 1542 1010 1381 2432 1489 1264 2026 7 372 1836 3197 1791 929 569 1537 1745 940 533 1602 3022 2597 1311 || mode=VB method=sk_ac_min solver=pyvrp stage=post_ls ls=pyvrp iter=19
2026-03-15 22:22:16 | INFO     | [POOL #01931] 3036 1475 1082 751 1334 1025 1062 2428 403 2294 882 2159 233 1103 2764 1319 1263 2704 3055 1300 975 2132 1446 1113 1898 2651 || mode=VB method=sk_ac_min solver=pyvrp stage=post_ls ls=pyvrp iter=19
2026-03-15 22:22:16 | INFO     | [POOL #01932] 420 170 864 1327 785 1727 1529 1455 2018 2772 1109 3083 2556 1788 806 2934 1035 1600 1232 2259 2711 2569 2840 1598 101 3172 2123 2172 || mode=VB method=sk_ac_min solver=pyvrp stage=post_ls ls=pyvrp iter=19
2026-03-15 22:22:16 | INFO     | [POOL #01933] 3072 2267 2547 503 1172 844 1005 2821 1822 2174 2106 2838 2178 1476 1067 1528 1054 1197 2652 2095 2133 2907 3097 306 2300 2673 2992 3219 989 1347 || mode=VB method=sk_ac_min solver=pyvrp stage=post_ls ls=pyvrp iter=19
2026-03-15 22:22:16 | INFO     | [POOL #01934] 1766 442 1929 365 927 572 105 1070 915 213 1491 1496 247 1034 669 585 549 1111 3092 1575 729 320 2039 95 3046 973 3117 1140 1462 2430 || mode=VB method=sk_ac_min solver=pyvrp stage=post_ls ls=pyvrp iter=19
2026-03-15 22:22:16 | INFO     | [POOL #01935] 245 2364 2847 524 946 1365 2318 2060 50 2528 1719 1980 1686 1039 2920 2954 1938 511 268 2815 2379 1783 2769 634 2942 3149 2386 || mode=VB method=sk_ac_min solver=pyvrp stage=post_ls ls=pyvrp iter=19
2026-03-15 22:22:16 | INFO     | [POOL #01936] 1905 2744 2282 1366 2353 1193 454 1259 2071 232 2079 2054 2081 2890 2770 2730 3098 2225 1726 2625 1523 3151 1149 1243 1237 3026 98 || mode=VB method=sk_ac_min solver=pyvrp stage=post_ls ls=pyvrp iter=19
2026-03-15 22:22:16 | INFO     | [POOL #01937] 133 3061 708 3199 1503 2500 1447 1680 1364 2829 2768 1058 2682 827 3164 221 2851 1393 986 1032 373 1555 312 422 1380 3188 1045 || mode=VB method=sk_ac_min solver=pyvrp stage=post_ls ls=pyvrp iter=19
2026-03-15 22:22:16 | INFO     | [POOL #01938] 3240 1580 2330 71 1212 1345 1708 2285 2638 1696 464 2037 965 1117 2350 3001 617 238 1627 2900 2836 1536 2802 1681 1252 2932 318 782 || mode=VB method=sk_ac_min solver=pyvrp stage=post_ls ls=pyvrp iter=19
2026-03-15 22:22:16 | INFO     | [POOL #01939] 2975 1421 2122 1490 195 555 3091 1975 2518 2545 1229 2976 1838 1634 742 1420 613 1920 1690 2826 2573 2605 2767 1967 736 3170 2258 1124 902 2911 || mode=VB method=sk_ac_min solver=pyvrp stage=post_ls ls=pyvrp iter=19
2026-03-15 22:22:16 | INFO     | [POOL #01940] 983 117 561 760 2792 2451 2341 418 2188 2068 1440 2581 1673 2915 821 348 2403 2677 2129 3101 1712 2806 260 2361 1292 2555 437 1236 2737 3047 2201 732 2053 || mode=VB method=sk_ac_min solver=pyvrp stage=post_ls ls=pyvrp iter=19
2026-03-15 22:22:16 | INFO     | [POOL #01941] 2525 1574 229 962 2823 947 1630 2100 812 697 1429 2346 3213 2743 750 271 648 2902 1689 1519 1094 3118 466 366 868 1348 43 1493 3040 2546 2090 2818 || mode=VB method=sk_ac_min solver=pyvrp stage=post_ls ls=pyvrp iter=19
2026-03-15 22:22:16 | INFO     | [POOL #01942] 1006 3128 2131 390 2261 1407 80 194 1603 1737 3054 1452 2121 1129 735 251 1401 354 2441 337 2445 171 1207 3154 2146 2831 1242 2408 160 2227 1397 1374 319 2783 770 2878 2897 1963 || mode=VB method=sk_ac_min solver=pyvrp stage=post_ls ls=pyvrp iter=19
2026-03-15 22:22:16 | INFO     | [POOL #01943] 55 2617 2492 1356 1239 215 1685 334 3127 2649 2077 1968 1099 1534 158 538 957 1359 726 2114 2482 3053 3123 2684 722 308 2469 507 14 378 || mode=VB method=sk_ac_min solver=pyvrp stage=post_ls ls=pyvrp iter=19
2026-03-15 22:22:16 | INFO     | [POOL #01944] 2309 2908 180 2588 2465 279 289 282 1713 767 254 2176 2634 392 3050 2747 294 1750 1256 2520 3131 3204 336 885 2548 922 2083 743 1415 || mode=VB method=sk_ac_min solver=pyvrp stage=post_ls ls=pyvrp iter=19
2026-03-15 22:22:16 | INFO     | [POOL #01945] 1174 1280 132 2192 3124 1809 3034 1078 691 287 352 508 1958 2046 1538 1539 138 624 1789 2371 1336 1691 1305 478 1352 842 2509 1376 896 2096 || mode=VB method=sk_ac_min solver=pyvrp stage=post_ls ls=pyvrp iter=19
2026-03-15 22:22:16 | INFO     | [POOL #01946] 2461 47 564 2438 1655 236 2433 2828 658 252 1030 1065 3027 1540 2264 349 1238 2893 208 2516 2855 3004 164 534 711 730 1425 2875 1414 1233 2091 || mode=VB method=sk_ac_min solver=pyvrp stage=post_ls ls=pyvrp iter=19
2026-03-15 22:22:16 | INFO     | [POOL #01947] 1049 2852 1637 2470 1209 2643 893 2766 1391 270 1282 501 1424 3208 2626 1799 3229 637 2616 317 1692 1635 315 474 1520 339 557 1964 || mode=VB method=sk_ac_min solver=pyvrp stage=post_ls ls=pyvrp iter=19
2026-03-15 22:22:16 | INFO     | [POOL #01948] 1620 3134 2111 749 1434 1832 900 1779 499 1331 1184 1595 2355 2552 2522 1128 2762 2406 2733 2376 2464 127 1512 2069 1808 1527 2322 1386 2370 1164 || mode=VB method=sk_ac_min solver=pyvrp stage=post_ls ls=pyvrp iter=19
2026-03-15 22:22:16 | INFO     | [POOL #01949] 1784 3179 342 831 2460 45 148 502 2895 1978 2306 2073 2953 537 536 850 1665 2120 2429 851 15 1227 861 2004 2052 1505 1101 664 1752 2587 113 1500 410 519 || mode=VB method=sk_ac_min solver=pyvrp stage=post_ls ls=pyvrp iter=19
2026-03-15 22:22:16 | INFO     | [POOL #01950] 1267 1153 1182 619 201 2558 2104 1666 327 1195 1724 3112 1945 2287 1056 2475 3205 2232 2910 964 833 20 2742 2173 723 2140 2291 || mode=VB method=sk_ac_min solver=pyvrp stage=post_ls ls=pyvrp iter=19
2026-03-15 22:22:16 | INFO     | [POOL #01951] 106 2716 2912 531 1922 880 1662 855 1785 2827 996 231 875 2368 1594 118 3102 2544 3169 2669 2904 1513 2203 49 1258 || mode=VB method=sk_ac_min solver=pyvrp stage=post_ls ls=pyvrp iter=19
2026-03-15 22:22:16 | INFO     | [POOL #01952] 3138 1250 1547 1923 1676 959 1615 3100 3006 707 1260 1515 2454 1977 3074 843 2349 1036 670 1132 2983 2150 1657 1178 753 3218 || mode=VB method=sk_ac_min solver=pyvrp stage=post_ls ls=pyvrp iter=19
2026-03-15 22:22:16 | INFO     | [POOL #01953] 559 396 1830 2099 535 1652 1763 1826 126 1842 1521 473 1371 2701 2423 136 1545 96 772 423 1495 1443 808 413 1346 1998 297 462 512 130 2787 1867 1679 || mode=VB method=sk_ac_min solver=pyvrp stage=post_ls ls=pyvrp iter=19
2026-03-15 22:22:16 | INFO     | [POOL #01954] 2885 3094 2753 321 1015 463 802 3032 108 2170 2635 1626 2327 2760 2872 2794 1970 1999 2047 1249 847 2358 || mode=VB method=sk_ac_min solver=pyvrp stage=post_ls ls=pyvrp iter=19
2026-03-15 22:22:16 | INFO     | [POOL #01955] 2639 1179 2871 958 3011 3031 3025 2715 1868 1549 1436 778 122 81 1456 411 2109 3059 1069 550 1474 3130 2155 2455 1659 1175 2699 2153 2917 1566 2967 || mode=VB method=sk_ac_min solver=pyvrp stage=post_ls ls=pyvrp iter=19
2026-03-15 22:22:16 | INFO     | [POOL #01956] 2377 3227 1485 2713 615 311 953 1703 1936 2755 1416 661 2712 1959 1509 358 1120 2494 2369 930 529 784 2028 681 2604 1329 924 1160 3139 2526 || mode=VB method=sk_ac_min solver=pyvrp stage=post_ls ls=pyvrp iter=19
2026-03-15 22:22:16 | INFO     | [POOL #01957] 2206 1402 643 1126 1225 1428 310 571 2572 1518 1524 1932 1284 609 2601 2268 2420 2694 2272 2333 646 1107 1023 404 2621 1134 911 2262 || mode=VB method=sk_ac_min solver=pyvrp stage=post_ls ls=pyvrp iter=19
2026-03-15 22:22:16 | INFO     | [POOL #01958] 2331 2839 1863 629 1754 1847 3195 856 1426 2002 865 68 63 673 1856 32 884 2086 581 2622 2 660 2925 230 1962 3041 1464 2805 1986 1047 1088 3223 2221 || mode=VB method=sk_ac_min solver=pyvrp stage=post_ls ls=pyvrp iter=19
2026-03-15 22:22:16 | INFO     | [POOL #01959] 143 3000 359 2498 698 1592 2336 2725 522 1872 1880 2799 1853 19 2404 46 938 816 286 1553 1171 649 484 1403 603 3160 40 1641 2566 1658 2750 2678 632 1119 || mode=VB method=sk_ac_min solver=pyvrp stage=post_ls ls=pyvrp iter=19
2026-03-15 22:22:16 | INFO     | [POOL #01960] 2425 2463 942 2224 3206 3113 1912 817 2384 1395 457 1309 93 2481 2629 2663 560 355 2145 3168 2685 1277 1668 33 1041 2842 1341 391 2078 1648 2443 || mode=VB method=sk_ac_min solver=pyvrp stage=post_ls ls=pyvrp iter=19
2026-03-15 22:22:16 | INFO     | [POOL #01961] 1973 246 2367 41 1110 42 1445 790 1869 2023 1995 1541 2891 3140 2216 933 651 1777 456 1955 1432 206 353 2955 682 540 326 2705 || mode=VB method=sk_ac_min solver=pyvrp stage=post_ls ls=pyvrp iter=19
2026-03-15 22:22:16 | INFO     | [POOL #01962] 3095 1205 3019 2476 995 859 3069 1839 2307 451 699 2416 1330 1291 357 1187 2266 2414 1707 1706 904 417 54 1844 381 2660 867 853 704 375 1166 || mode=VB method=sk_ac_min solver=pyvrp stage=post_ls ls=pyvrp iter=19
2026-03-15 22:22:16 | INFO     | [POOL #01963] 198 1551 2870 234 1480 1915 575 3222 2245 1629 1335 1768 2281 1562 453 2502 693 2738 1981 1651 765 439 2853 1815 3088 1192 2865 1775 340 1217 2354 520 1413 2515 || mode=VB method=sk_ac_min solver=pyvrp stage=post_ls ls=pyvrp iter=19
2026-03-15 22:22:16 | INFO     | [POOL #01964] 74 2916 2879 217 2164 2422 2058 2273 142 804 277 2234 2801 2459 1191 2645 2523 1019 344 583 992 2991 440 1244 1812 491 2860 2035 2257 2577 1139 2312 || mode=VB method=sk_ac_min solver=pyvrp stage=post_ls ls=pyvrp iter=19
2026-03-15 22:22:16 | INFO     | [POOL #01965] 2424 897 2205 77 1800 2501 2113 301 2654 683 3058 1876 701 525 1017 1994 3108 805 1169 1731 2619 2752 1989 1514 1508 1949 || mode=VB method=sk_ac_min solver=pyvrp stage=post_ls ls=pyvrp iter=19
2026-03-15 22:22:16 | INFO     | [POOL #01966] 2586 110 2171 2717 1996 363 2583 920 2343 1379 2858 1865 1248 1061 2279 1052 1584 2392 2797 1289 1582 786 3129 1245 2697 494 275 936 596 || mode=VB method=sk_ac_min solver=pyvrp stage=post_ls ls=pyvrp iter=19
2026-03-15 22:22:16 | INFO     | [POOL #01967] 2148 1605 565 630 1349 1357 262 155 883 1155 2348 3228 24 570 1638 2722 544 2033 877 1013 2997 3187 1361 145 || mode=VB method=sk_ac_min solver=pyvrp stage=post_ls ls=pyvrp iter=19
2026-03-15 22:22:16 | INFO     | [POOL #01968] 2613 665 857 2659 428 1937 3085 2105 1985 721 2479 3110 2242 1261 2835 2845 744 1820 432 1667 || mode=VB method=sk_ac_min solver=pyvrp stage=post_ls ls=pyvrp iter=19
2026-03-15 22:22:16 | INFO     | [POOL #01969] 3165 1716 2212 1769 716 2706 684 377 3133 1478 219 774 1071 952 2940 1133 461 787 57 1059 2218 2854 || mode=VB method=sk_ac_min solver=pyvrp stage=post_ls ls=pyvrp iter=19
2026-03-15 22:22:16 | INFO     | [POOL #01970] 2265 2471 1177 459 2154 3081 2499 193 1470 2290 1028 563 1753 1746 633 1843 2689 1901 1653 426 1215 304 2866 1274 1957 1150 1317 || mode=VB method=sk_ac_min solver=pyvrp stage=post_ls ls=pyvrp iter=19
2026-03-15 22:22:16 | INFO     | [POOL #01971] 1913 1203 235 3033 2623 1631 91 48 2497 295 1355 796 416 1870 2098 4 107 1902 1866 395 647 825 1360 430 1114 1471 2338 1891 449 1625 909 1532 2606 || mode=VB method=sk_ac_min solver=pyvrp stage=post_ls ls=pyvrp iter=19
2026-03-15 22:22:16 | INFO     | [POOL #01972] 2223 226 2648 2366 1875 2804 2741 2228 1747 2359 44 2640 2034 2691 2958 1342 738 1043 3225 2989 2087 1003 2075 || mode=VB method=sk_ac_min solver=pyvrp stage=post_ls ls=pyvrp iter=19
2026-03-15 22:22:16 | INFO     | [POOL #01973] 59 1710 2909 487 1338 1559 594 1589 205 17 775 1739 567 3232 3161 3018 1976 2431 159 687 2972 1136 1081 1275 3194 2070 1324 2937 || mode=VB method=sk_ac_min solver=pyvrp stage=post_ls ls=pyvrp iter=19
2026-03-15 22:22:16 | INFO     | [POOL #01974] 157 845 2949 506 2756 76 2676 2215 2948 1053 866 1130 2782 2193 70 891 2816 2585 2280 951 620 3173 2809 1841 675 1873 3049 1492 3214 || mode=VB method=sk_ac_min solver=pyvrp stage=post_ls ls=pyvrp iter=19
2026-03-15 22:22:16 | INFO     | [POOL #01975] 1271 2125 994 455 2668 1076 706 2409 2400 305 1885 2655 2194 2342 700 628 2321 120 187 2758 2530 480 1141 1194 || mode=VB method=sk_ac_min solver=pyvrp stage=post_ls ls=pyvrp iter=19
2026-03-15 22:22:16 | INFO     | [POOL #01976] 3196 1337 1454 1797 2089 2596 2478 401 860 2041 1988 2822 1585 314 579 1877 2834 1552 407 1761 916 513 188 3202 || mode=VB method=sk_ac_min solver=pyvrp stage=post_ls ls=pyvrp iter=19
2026-03-15 22:22:16 | INFO     | [POOL #01977] 121 2393 1504 1941 1974 2356 1888 1087 2241 542 1693 1022 1344 1807 2115 1770 814 2211 259 1990 2695 2051 1198 3 602 685 1011 2969 1576 11 3166 1586 1008 || mode=VB method=sk_ac_min solver=pyvrp stage=post_ls ls=pyvrp iter=19
2026-03-15 22:22:16 | INFO     | [POOL #01978] 34 901 2288 1628 1251 1375 2803 1234 2880 371 2411 650 1307 2710 2503 2161 2898 30 338 3116 1702 1671 1367 1561 280 1411 1930 1927 329 2008 1246 || mode=VB method=sk_ac_min solver=pyvrp stage=post_ls ls=pyvrp iter=19
2026-03-15 22:22:16 | INFO     | [POOL #01979] 3051 2442 1654 2508 2927 240 1055 830 460 1296 849 452 2415 3237 1588 405 803 1604 2861 532 2511 1619 2800 1438 2539 || mode=VB method=sk_ac_min solver=pyvrp stage=post_ls ls=pyvrp iter=19
2026-03-15 22:22:16 | INFO     | [POOL #01980] 3005 1377 676 1033 1001 445 2817 1942 2928 546 1943 1852 177 1887 2671 2919 2974 2199 151 1608 2487 2537 2580 112 3115 128 2045 || mode=VB method=sk_ac_min solver=pyvrp stage=post_ls ls=pyvrp iter=19
2026-03-15 22:22:16 | INFO     | [POOL #01981] 2702 2059 175 2032 2278 2512 489 912 2128 2681 22 558 1972 2208 2477 715 2240 1247 1266 1123 1168 1632 2202 85 1736 2642 || mode=VB method=sk_ac_min solver=pyvrp stage=post_ls ls=pyvrp iter=19
2026-03-15 22:22:16 | INFO     | [POOL #01982] 2739 731 1387 1624 161 2570 393 2933 610 412 496 203 2790 1935 586 1384 919 1661 740 1388 2017 1756 517 2435 2319 186 3158 528 727 || mode=VB method=sk_ac_min solver=pyvrp stage=post_ls ls=pyvrp iter=19
2026-03-15 22:22:16 | INFO     | [POOL #01983] 1372 3035 604 985 370 495 1892 654 1565 516 1467 303 2929 2679 1596 3086 1577 1412 2107 2448 3052 1287 1138 || mode=VB method=sk_ac_min solver=pyvrp stage=post_ls ls=pyvrp iter=19
2026-03-15 22:22:16 | INFO     | [POOL #01984] 2136 1051 1080 3176 1917 490 2903 1587 1031 1281 2859 2708 1135 1554 543 58 614 2061 608 3152 3155 2345 1040 703 1535 1448 752 2731 376 || mode=VB method=sk_ac_min solver=pyvrp stage=post_ls ls=pyvrp iter=19
2026-03-15 22:22:16 | INFO     | [POOL #01985] 1304 2419 1612 2239 2746 1283 364 239 1368 1369 566 1864 2696 3136 2894 2560 1145 1105 3087 2085 2968 1084 2680 2707 2473 587 2340 39 102 2576 || mode=VB method=sk_ac_min solver=pyvrp stage=post_ls ls=pyvrp iter=19
2026-03-15 22:22:16 | INFO     | 
2026-03-15 22:22:16 | INFO     | ================================================================================
2026-03-15 22:22:16 | INFO     | [XL-n3241-k115] RUNTIME SUMMARY BY STAGE
2026-03-15 22:22:16 | INFO     | ================================================================================
2026-03-15 22:22:16 | INFO     |         cluster: 1339.625s (  3.6% of total runtime)
2026-03-15 22:22:16 | INFO     |              ls: 2876.492s (  7.7% of total runtime)
2026-03-15 22:22:16 | INFO     |         routing: 31566.292s ( 85.0% of total runtime)
2026-03-15 22:22:16 | INFO     |             scp: 1368.464s (  3.7% of total runtime)
2026-03-15 22:22:16 | INFO     |      total_iter: 36798.494s ( 99.0% of total runtime)
2026-03-15 22:22:16 | INFO     | 
2026-03-15 22:22:16 | INFO     | ================================================================================
2026-03-15 22:22:16 | INFO     | [XL-n3241-k115] PERIODIC SNAPSHOT SNAPSHOT_008
2026-03-15 22:22:16 | INFO     | ================================================================================
2026-03-15 22:22:16 | INFO     | Route #1: 1095 2745 1729 981 1780 1423 1894 2401 1669 2978 823 13 515 2119 2631 1222 1204 1468 1550 2571 1993 1241 1586 2251 1764 27 2956 2248 1290 1951 2255 1984 1721 2116 3024 2667 || mode=vb method=sk_kmeans solver=filo2 stage=post_ls ls=pyvrp iter=1
2026-03-15 22:22:16 | INFO     | Route #2: 595 2924 2020 2001 776 1571 2286 443 1700 1093 2923 820 551 2811 2810 2841 1063 2675 3010 476 2152 2247 547 2147 1312 2813 1026 811 1656 || mode=vb method=sk_kmeans solver=filo2 stage=post_ls ls=pyvrp iter=1
2026-03-15 22:22:16 | INFO     | Route #3: 2573 743 2083 922 2548 965 885 336 3204 1713 767 254 2176 2634 392 3050 2747 294 1750 1256 3131 2520 2037 464 1696 2638 2285 2836 2605 2767 || mode=vb method=sk_kmeans solver=filo2 stage=post_ls ls=pyvrp iter=1
2026-03-15 22:22:16 | INFO     | Route #4: 2397 1895 806 611 2674 2296 498 1720 26 2729 991 521 56 2198 1889 325 3070 1297 3114 348 821 2581 1673 2915 140 3089 2887 2363 5 3082 1396 2693 3083 1109 1455 82 || mode=vb method=sk_kmeans solver=filo2 stage=post_ls ls=pyvrp iter=1
2026-03-15 22:22:16 | INFO     | Route #5: 55 915 2438 1980 1374 1397 2227 3154 1207 735 251 1401 2264 349 1238 1129 2893 1540 3027 1065 1030 3004 2855 2516 208 2121 1452 3054 658 2828 2465 2588 2528 1719 564 2461 || mode=vb method=sk_kmeans solver=filo2 stage=post_ls ls=pyvrp iter=1
2026-03-15 22:22:16 | INFO     | Route #6: 1687 129 11 1576 1637 1386 2470 2192 2322 1784 2616 749 691 1282 501 1424 3208 2626 1799 3229 637 1336 1691 2111 722 317 308 2964 1560 2462 2945 1230 253 || mode=vb method=sk_kmeans solver=filo2 stage=post_ls ls=pyvrp iter=1
2026-03-15 22:22:16 | INFO     | Route #7: 2074 1633 848 2159 233 1806 3142 3135 2233 2521 1748 3020 1523 705 2220 197 183 1127 1462 2430 1498 504 1472 1149 1762 137 1394 || mode=vb method=sk_kmeans solver=filo2 stage=post_ls ls=pyvrp iter=1
2026-03-15 22:22:16 | INFO     | Route #8: 1825 1010 1381 1489 901 1693 1022 2288 1695 1752 664 1101 2961 928 1391 2766 893 1809 3124 2643 1209 2969 2370 132 1906 1174 839 || mode=vb method=sk_kmeans solver=filo2 stage=post_ls ls=pyvrp iter=1
2026-03-15 22:22:16 | INFO     | Route #9: 1774 840 84 953 1703 1936 2755 2931 1285 2437 1925 2610 962 591 2042 2823 1849 2943 274 1947 1919 472 2712 661 1416 1615 1509 1959 959 2933 393 2570 161 || mode=vb method=sk_kmeans solver=filo2 stage=post_ls ls=pyvrp iter=1
2026-03-15 22:22:16 | INFO     | Route #10: 477 1556 216 2963 1185 677 2575 2169 2488 2167 782 83 2195 2238 759 680 895 3039 1188 983 1833 2138 16 2163 3072 1614 1609 2456 2564 3099 1125 717 || mode=vb method=sk_kmeans solver=filo2 stage=post_ls ls=pyvrp iter=1
2026-03-15 22:22:16 | INFO     | Route #11: 245 1233 3098 593 131 1690 669 549 1111 3092 1575 711 3001 1117 2350 617 238 1627 2900 585 2826 1920 613 2057 1490 2632 2139 815 || mode=vb method=sk_kmeans solver=filo2 stage=post_ls ls=pyvrp iter=1
2026-03-15 22:22:16 | INFO     | Route #12: 2309 47 95 2060 2039 50 180 1655 236 2433 1737 252 164 282 289 534 279 730 729 320 1425 1496 247 1034 2875 2054 2081 1414 || mode=vb method=sk_kmeans solver=filo2 stage=post_ls ls=pyvrp iter=1
2026-03-15 22:22:16 | INFO     | Route #13: 2553 2751 2683 1484 2053 250 1343 2686 2018 2772 2935 1570 732 9 2201 2207 2505 406 597 889 2243 2637 2599 1621 1861 69 1029 || mode=vb method=sk_kmeans solver=filo2 stage=post_ls ls=pyvrp iter=1
2026-03-15 22:22:16 | INFO     | Route #14: 1228 2973 436 2759 733 2181 1370 1475 955 1723 819 2709 1522 3224 2003 2380 446 2063 526 379 || mode=vb method=sk_kmeans solver=filo2 stage=post_ls ls=pyvrp iter=1
2026-03-15 22:22:16 | INFO     | Route #15: 3223 326 1047 682 2955 353 1962 2872 2760 1955 456 1777 651 2327 1626 2635 2170 1110 2787 2272 2333 643 2885 1753 2218 || mode=vb method=sk_kmeans solver=filo2 stage=post_ls ls=pyvrp iter=1
2026-03-15 22:22:16 | INFO     | Route #16: 1667 1716 409 949 1921 2312 89 721 1508 1514 2691 2958 1985 1342 738 1043 1949 2989 1361 145 2087 1003 2075 || mode=vb method=sk_kmeans solver=filo2 stage=post_ls ls=pyvrp iter=1
2026-03-15 22:22:16 | INFO     | Route #17: 461 246 1133 2367 41 2694 42 130 512 462 108 297 1826 1763 1998 1346 413 1932 1284 3032 1652 535 802 2099 2601 463 2268 2420 952 2940 3094 || mode=vb method=sk_kmeans solver=filo2 stage=post_ls ls=pyvrp iter=1
2026-03-15 22:22:16 | INFO     | Route #18: 525 883 2164 2422 1309 2273 2307 1839 451 2416 699 142 3222 2245 1629 1335 277 804 1330 1291 357 1187 2266 2058 457 1395 1155 217 2879 2916 2752 || mode=vb method=sk_kmeans solver=filo2 stage=post_ls ls=pyvrp iter=1
2026-03-15 22:22:16 | INFO     | Route #19: 2881 2317 1306 3103 2237 2351 2957 67 1940 1939 2458 1543 111 2950 1499 2607 3037 1735 967 1871 2720 18 890 || mode=vb method=sk_kmeans solver=filo2 stage=post_ls ls=pyvrp iter=1
2026-03-15 22:22:16 | INFO     | Route #20: 1997 592 2557 2941 1086 1643 2561 2204 2446 3171 2493 1647 1301 826 888 2864 2726 2765 427 2252 3153 2926 163 618 1773 3210 2527 1502 622 || mode=vb method=sk_kmeans solver=filo2 stage=post_ls ls=pyvrp iter=1
2026-03-15 22:22:16 | INFO     | Route #21: 143 2499 2290 1478 1015 1830 3031 1225 1428 310 571 609 1518 1524 2572 2109 3059 1436 2404 1641 40 3160 484 1403 1052 1584 2678 2409 632 1076 2668 || mode=vb method=sk_kmeans solver=filo2 stage=post_ls ls=pyvrp iter=1
2026-03-15 22:22:16 | INFO     | Route #22: 645 441 961 3182 1642 2727 318 117 760 2545 1681 1252 2792 2451 2341 1172 503 2547 2267 2468 2966 2988 6 1778 469 623 || mode=vb method=sk_kmeans solver=filo2 stage=post_ls ls=pyvrp iter=1
2026-03-15 22:22:16 | INFO     | Route #23: 139 3036 3146 695 1122 2094 1392 1701 2030 255 1593 1012 976 2005 204 1781 2157 836 190 1675 1044 2896 2665 || mode=vb method=sk_kmeans solver=filo2 stage=post_ls ls=pyvrp iter=1
2026-03-15 22:22:16 | INFO     | Route #24: 2603 2930 2554 1776 1333 1451 2807 1854 1108 834 1840 2614 686 2328 2519 3235 2876 1465 3183 638 2156 299 351 1743 1910 || mode=vb method=sk_kmeans solver=filo2 stage=post_ls ls=pyvrp iter=1
2026-03-15 22:22:16 | INFO     | Route #25: 2435 2526 1388 1135 2708 2859 1384 919 1160 1616 924 2604 1329 610 412 496 203 2790 1935 586 1554 987 1422 1798 1563 1526 663 1803 2779 3198 || mode=vb method=sk_kmeans solver=filo2 stage=post_ls ls=pyvrp iter=1
2026-03-15 22:22:16 | INFO     | Route #26: 1975 1838 3170 2258 1580 2330 1212 2165 1536 2543 38 3044 872 2178 2838 2907 2133 3097 492 1303 306 2300 2106 2174 1822 1744 539 2821 1749 2932 || mode=vb method=sk_kmeans solver=filo2 stage=post_ls ls=pyvrp iter=1
2026-03-15 22:22:16 | INFO     | Route #27: 559 1177 633 1746 1973 563 1028 219 774 1071 2753 321 396 698 2498 958 359 3133 377 684 1470 3000 193 2706 3081 787 || mode=vb method=sk_kmeans solver=filo2 stage=post_ls ls=pyvrp iter=1
2026-03-15 22:22:16 | INFO     | Route #28: 1883 2142 507 474 1635 2684 3123 1352 478 352 1789 624 900 138 1539 1538 2046 1958 508 2649 3127 1968 2077 80 1407 2261 221 2509 1259 454 2282 2946 || mode=vb method=sk_kmeans solver=filo2 stage=post_ls ls=pyvrp iter=1
2026-03-15 22:22:16 | INFO     | Route #29: 2301 1913 157 2611 845 2949 513 916 909 1625 2609 2822 1585 1988 76 2041 860 401 2478 2596 2089 1797 1454 1337 3165 || mode=vb method=sk_kmeans solver=filo2 stage=post_ls ls=pyvrp iter=1
2026-03-15 22:22:16 | INFO     | Route #30: 3196 188 506 1203 2756 235 3033 2623 1631 2497 91 48 1870 416 796 430 1114 1471 1355 295 2630 449 2236 2676 2215 2254 2190 1053 2948 2845 1841 1873 3049 || mode=vb method=sk_kmeans solver=filo2 stage=post_ls ls=pyvrp iter=1
2026-03-15 22:22:16 | INFO     | Route #31: 1954 1767 1757 841 261 577 269 1606 147 3175 2998 852 1382 807 2112 734 103 1568 2117 2382 433 1758 1705 590 448 3209 376 1874 || mode=vb method=sk_kmeans solver=filo2 stage=post_ls ls=pyvrp iter=1
2026-03-15 22:22:16 | INFO     | Route #32: 3193 3078 323 898 273 2466 2027 2467 1021 2884 509 2824 934 1969 2056 3128 2457 1437 1597 2187 2486 1299 2055 2076 2873 1824 1006 1466 2344 793 694 1137 3045 || mode=vb method=sk_kmeans solver=filo2 stage=post_ls ls=pyvrp iter=1
2026-03-15 22:22:16 | INFO     | Route #33: 2702 2937 1324 2070 3194 1275 1081 2150 2983 1132 2415 1852 1943 177 1367 1887 2671 1561 2919 280 2974 2199 151 2208 1411 1123 1632 2340 1736 || mode=vb method=sk_kmeans solver=filo2 stage=post_ls ls=pyvrp iter=1
2026-03-15 22:22:16 | INFO     | Route #34: 1552 2280 866 1130 2860 92 1244 2991 992 439 2853 647 693 2738 1981 765 1651 344 583 1815 440 1192 2865 1812 1775 491 340 1217 2257 || mode=vb method=sk_kmeans solver=filo2 stage=post_ls ls=pyvrp iter=1
2026-03-15 22:22:16 | INFO     | Route #35: 2892 1816 1697 3062 3007 386 2598 1200 1146 1441 1602 2589 1167 2014 2535 1623 728 2627 3105 2222 2082 267 1548 970 3111 1332 1427 3180 2723 917 || mode=vb method=sk_kmeans solver=filo2 stage=post_ls ls=pyvrp iter=1
2026-03-15 22:22:16 | INFO     | Route #36: 1148 761 1956 948 2541 283 1715 3106 1389 881 2316 943 905 1018 178 2653 1946 1131 2387 662 316 302 1473 || mode=vb method=sk_kmeans solver=filo2 stage=post_ls ls=pyvrp iter=1
2026-03-15 22:22:16 | INFO     | Route #37: 3212 435 1583 3200 1173 2735 1646 2495 3240 561 2518 1229 2976 1124 1634 742 1420 555 902 690 578 2550 771 2029 3189 2507 1286 1834 493 3096 3003 || mode=vb method=sk_kmeans solver=filo2 stage=post_ls ls=pyvrp iter=1
2026-03-15 22:22:16 | INFO     | Route #38: 1121 1933 879 2646 626 1406 1112 444 400 2666 202 1950 2010 763 2484 3076 1325 1398 3013 1073 3043 2009 3126 1795 || mode=vb method=sk_kmeans solver=filo2 stage=post_ls ls=pyvrp iter=1
2026-03-15 22:22:16 | INFO     | Route #39: 2223 1141 480 226 2530 2212 857 1769 716 2586 2758 994 1875 2424 494 2105 3085 1937 275 936 1271 596 2325 2606 || mode=vb method=sk_kmeans solver=filo2 stage=post_ls ls=pyvrp iter=1
2026-03-15 22:22:16 | INFO     | Route #40: 1814 1214 3042 1649 109 3093 545 149 2362 2713 984 1676 311 615 328 667 1481 2664 1794 2761 1900 1278 2200 78 1257 1265 350 1899 2295 2062 100 || mode=vb method=sk_kmeans solver=filo2 stage=post_ls ls=pyvrp iter=1
2026-03-15 22:22:17 | INFO     | Route #41: 2981 3066 907 1273 2692 764 330 356 2939 1339 1663 35 2590 2843 1442 2426 2642 3067 1287 1138 || mode=vb method=sk_kmeans solver=filo2 stage=post_ls ls=pyvrp iter=1
2026-03-15 22:22:17 | INFO     | Route #42: 2141 2830 1304 835 2283 1494 2883 123 2832 795 2044 272 2320 1276 1068 2731 3158 1104 12 2633 2011 528 727 3144 818 3030 2434 || mode=vb method=sk_kmeans solver=filo2 stage=post_ls ls=pyvrp iter=1
2026-03-15 22:22:17 | INFO     | Route #43: 341 1383 2214 640 1924 1314 179 420 2719 639 656 757 482 1983 913 1116 714 1858 1857 3068 3065 768 636 1928 1390 || mode=vb method=sk_kmeans solver=filo2 stage=post_ls ls=pyvrp iter=1
2026-03-15 22:22:17 | INFO     | Route #44: 2921 3016 2788 1704 2134 2297 1793 696 3239 1037 66 1488 2311 1042 2670 1728 1573 1253 1190 1510 2439 2795 1089 1269 1644 2496 688 2774 2412 945 || mode=vb method=sk_kmeans solver=filo2 stage=post_ls ls=pyvrp iter=1
2026-03-15 22:22:17 | INFO     | Route #45: 1165 3060 573 2568 1765 792 2662 1279 2970 2513 2565 3002 980 702 1772 657 1458 2721 1639 397 2084 2374 1074 1118 1722 1931 1578 518 2734 642 || mode=vb method=sk_kmeans solver=filo2 stage=post_ls ls=pyvrp iter=1
2026-03-15 22:22:17 | INFO     | Route #46: 1907 2383 97 1353 2934 1035 1600 2951 2780 1232 2259 2569 2711 2563 1240 2556 1598 101 114 2185 3172 2123 785 3125 1327 864 2996 1027 || mode=vb method=sk_kmeans solver=filo2 stage=post_ls ls=pyvrp iter=1
2026-03-15 22:22:17 | INFO     | Route #47: 1759 8 398 2778 1859 588 719 1216 1477 156 1254 2724 1077 1487 809 1351 196 1567 1199 1860 2906 1848 2314 3147 2304 2849 2389 874 1819 || mode=vb method=sk_kmeans solver=filo2 stage=post_ls ls=pyvrp iter=1
2026-03-15 22:22:17 | INFO     | Route #48: 485 1479 2043 2289 25 1113 1446 1221 1025 1334 1400 2337 3107 167 988 1435 2984 218 737 191 2732 1516 258 2641 || mode=vb method=sk_kmeans solver=filo2 stage=post_ls ls=pyvrp iter=1
2026-03-15 22:22:17 | INFO     | Route #49: 824 2166 2352 174 3029 1786 894 2740 1449 1851 514 2656 1569 1320 2246 2644 2108 3177 2092 1698 1270 402 1014 || mode=vb method=sk_kmeans solver=filo2 stage=post_ls ls=pyvrp iter=1
2026-03-15 22:22:17 | INFO     | Route #50: 2549 892 1162 870 144 3120 51 1186 1106 1048 1497 712 925 241 2602 1405 94 956 3217 2856 2914 1201 2591 3238 298 2038 2126 || mode=vb method=sk_kmeans solver=filo2 stage=post_ls ls=pyvrp iter=1
2026-03-15 22:22:17 | INFO     | Route #51: 1813 29 3014 718 2947 2303 631 2483 1180 2453 710 1272 1717 2597 1579 2447 1622 2049 1311 1075 2886 1007 2905 2444 2067 2960 2372 2399 2050 794 837 154 || mode=vb method=sk_kmeans solver=filo2 stage=post_ls ls=pyvrp iter=1
2026-03-15 22:22:17 | INFO     | Route #52: 3192 709 185 3119 3048 906 1378 3159 2334 2313 1796 281 2276 2913 993 3015 3203 1417 438 3122 1170 2323 747 2868 2021 345 || mode=vb method=sk_kmeans solver=filo2 stage=post_ls ls=pyvrp iter=1
2026-03-15 22:22:17 | INFO     | Route #53: 2394 1855 263 214 2048 982 368 421 2407 541 1295 644 1302 1683 184 960 3167 346 2540 871 1884 || mode=vb method=sk_kmeans solver=filo2 stage=post_ls ls=pyvrp iter=1
2026-03-15 22:22:17 | INFO     | Route #54: 1120 2411 1977 2454 1515 1260 2743 750 271 231 875 2368 1594 118 3102 2544 3169 594 17 775 1739 205 1589 1976 1559 2431 1942 1657 329 || mode=vb method=sk_kmeans solver=filo2 stage=post_ls ls=pyvrp iter=1
2026-03-15 22:22:17 | INFO     | Route #55: 36 1525 2510 2975 60 1263 1319 2764 1243 2310 1618 2101 1694 1237 3191 3026 98 488 1890 2936 584 674 1599 910 62 || mode=vb method=sk_kmeans solver=filo2 stage=post_ls ls=pyvrp iter=1
2026-03-15 22:22:17 | INFO     | Route #56: 424 2986 966 2636 2213 1678 2538 1517 2562 2579 2736 777 1057 2877 497 1151 1670 2381 1850 134 1004 3012 1340 367 3145 607 2230 209 || mode=vb method=sk_kmeans solver=filo2 stage=post_ls ls=pyvrp iter=1
2026-03-15 22:22:17 | INFO     | Route #57: 2324 224 1811 1250 1923 1547 619 2938 641 3185 923 1896 1897 3216 739 1991 229 1934 1574 1202 408 2191 1805 2525 116 1486 || mode=vb method=sk_kmeans solver=filo2 stage=post_ls ls=pyvrp iter=1
2026-03-15 22:22:17 | INFO     | Route #58: 1097 752 789 1448 1535 239 1368 1369 566 1864 2696 3136 2894 3155 3152 517 490 2477 715 2537 2240 1266 1168 3023 552 2421 2628 || mode=vb method=sk_kmeans solver=filo2 stage=post_ls ls=pyvrp iter=1
2026-03-15 22:22:17 | INFO     | Route #59: 1372 1674 788 2107 1412 1438 2800 2818 753 516 1467 1619 303 2929 1927 2679 3086 2008 2448 2594 3052 1246 2539 || mode=vb method=sk_kmeans solver=filo2 stage=post_ls ls=pyvrp iter=1
2026-03-15 22:22:17 | INFO     | Route #60: 2473 1283 364 3087 1105 2345 1145 2560 1756 2017 608 2061 614 58 740 3139 1281 1031 1587 1827 2903 1608 2487 2580 1247 189 2202 || mode=vb method=sk_kmeans solver=filo2 stage=post_ls ls=pyvrp iter=1
2026-03-15 22:22:17 | INFO     | Route #61: 124 1066 2419 1612 2239 257 2746 2707 2680 1084 2968 186 703 2085 2319 1040 1917 3176 2850 169 587 1080 1051 2136 39 276 2263 85 102 2576 || mode=vb method=sk_kmeans solver=filo2 stage=post_ls ls=pyvrp iter=1
2026-03-15 22:22:17 | INFO     | Route #62: 467 2944 553 2771 248 264 1714 589 3156 1617 846 2812 1835 73 1845 1064 1804 2658 2143 2080 || mode=vb method=sk_kmeans solver=filo2 stage=post_ls ls=pyvrp iter=1
2026-03-15 22:22:17 | INFO     | Route #63: 1013 3088 1844 54 417 904 1706 1707 817 2384 2414 1019 2523 2645 1191 2459 2801 2234 1768 2281 1562 453 2502 395 1866 1902 107 4 2098 825 1360 2338 1891 2405 2035 2782 || mode=vb method=sk_kmeans solver=filo2 stage=post_ls ls=pyvrp iter=1
2026-03-15 22:22:17 | INFO     | Route #64: 3073 751 1878 2612 1062 1300 343 3055 2704 653 882 2294 403 2428 975 2132 2025 1430 939 2305 2315 612 2618 1846 1650 2385 383 || mode=vb method=sk_kmeans solver=filo2 stage=post_ls ls=pyvrp iter=1
2026-03-15 22:22:17 | INFO     | Route #65: 2489 2402 162 2013 2293 800 1672 1828 1979 1918 249 2064 3163 2036 2093 2574 360 779 2578 470 2274 600 || mode=vb method=sk_kmeans solver=filo2 stage=post_ls ls=pyvrp iter=1
2026-03-15 22:22:17 | INFO     | Route #66: 1450 152 2962 1591 886 1060 2040 1220 548 278 1909 2130 1529 1727 2172 182 75 1181 781 1862 746 783 335 2135 3008 2608 || mode=vb method=sk_kmeans solver=filo2 stage=post_ls ls=pyvrp iter=1
2026-03-15 22:22:17 | INFO     | Route #67: 2277 2373 2127 332 3080 2863 2189 3109 2793 1326 3038 1469 2427 1321 810 2700 954 2690 741 1911 2065 1613 362 2882 829 3234 1016 635 || mode=vb method=sk_kmeans solver=filo2 stage=post_ls ls=pyvrp iter=1
2026-03-15 22:22:17 | INFO     | Route #68: 2137 220 2244 1564 1461 554 385 2335 2559 3071 731 1387 1624 199 3221 1310 1485 3227 2377 2718 399 284 745 79 2959 2688 999 978 2593 908 2739 3233 1893 || mode=vb method=sk_kmeans solver=filo2 stage=post_ls ls=pyvrp iter=1
2026-03-15 22:22:17 | INFO     | Route #69: 1957 1215 1134 1843 1402 1986 540 2805 1023 1107 646 1464 3041 1432 206 1970 1999 2047 1249 847 1867 2358 2221 59 || mode=vb method=sk_kmeans solver=filo2 stage=post_ls ls=pyvrp iter=1
2026-03-15 22:22:17 | INFO     | Route #70: 2825 2449 2144 1482 692 1837 2088 1091 791 2979 1083 1801 414 3137 1677 689 1463 3028 1879 388 2567 1802 135 2024 3057 1636 || mode=vb method=sk_kmeans solver=filo2 stage=post_ls ls=pyvrp iter=1
2026-03-15 22:22:17 | INFO     | Route #71: 2754 926 3143 380 265 838 813 2299 1572 2012 419 1159 1611 1725 1210 2256 2536 2332 2888 3226 1682 322 431 1987 2231 1189 1163 2534 1557 1953 3063 1090 601 1362 || mode=vb method=sk_kmeans solver=filo2 stage=post_ls ls=pyvrp iter=1
2026-03-15 22:22:17 | INFO     | Route #72: 3202 432 1820 744 1761 314 579 1877 951 2585 2816 620 3173 2479 3110 2242 2834 407 1261 2835 2809 675 3214 || mode=vb method=sk_kmeans solver=filo2 stage=post_ls ls=pyvrp iter=1
2026-03-15 22:22:17 | INFO     | Route #73: 3132 1730 2485 313 2031 1948 119 2490 2393 121 1504 1941 2388 1974 192 1453 519 2661 929 1791 3056 1790 2329 672 3162 2326 2260 2971 3211 1255 || mode=vb method=sk_kmeans solver=filo2 stage=post_ls ls=pyvrp iter=1
2026-03-15 22:22:17 | INFO     | Route #74: 307 1161 2533 475 1092 1350 1558 2308 358 266 2494 2369 930 773 650 3118 1094 1519 1689 648 2669 2904 2902 1513 2203 49 1258 546 1036 2972 670 1136 2546 3115 || mode=vb method=sk_kmeans solver=filo2 stage=post_ls ls=pyvrp iter=1
2026-03-15 22:22:17 | INFO     | Route #75: 998 1718 1102 500 1211 2006 801 1158 1153 1952 3138 1087 1182 2241 1888 542 2356 34 2432 1500 410 1542 569 1537 1745 940 533 1590 3022 713 1085 212 679 || mode=vb method=sk_kmeans solver=filo2 stage=post_ls ls=pyvrp iter=1
2026-03-15 22:22:17 | INFO     | Route #76: 471 293 2217 2514 3148 1418 1385 1908 176 530 2250 3184 2698 2219 1738 1082 2922 2862 1898 468 1610 3230 1144 576 627 2687 2651 86 1143 1881 || mode=vb method=sk_kmeans solver=filo2 stage=post_ls ls=pyvrp iter=1
2026-03-15 22:22:17 | INFO     | Route #77: 1363 799 1140 2110 2000 309 862 903 2982 442 312 2592 384 2096 243 1318 1766 562 869 2413 1831 3121 || mode=vb method=sk_kmeans solver=filo2 stage=post_ls ls=pyvrp iter=1
2026-03-15 22:22:17 | INFO     | Route #78: 195 291 1345 1708 1476 1067 1528 1054 1197 1740 2652 2095 2158 1409 1176 2015 990 1531 1699 766 2209 1944 2102 2673 2992 3219 989 822 1236 2737 3047 2952 285 || mode=vb method=sk_kmeans solver=filo2 stage=post_ls ls=pyvrp iter=1
2026-03-15 22:22:17 | INFO     | Route #79: 1546 887 1000 720 1439 64 523 1049 2852 814 2211 259 2695 1990 1770 2115 1807 1344 2177 621 2026 7 372 1836 1817 3197 || mode=vb method=sk_kmeans solver=filo2 stage=post_ls ls=pyvrp iter=1
2026-03-15 22:22:17 | INFO     | Route #80: 1771 207 1821 2785 3215 1607 3150 2186 678 333 2781 2398 878 1829 1183 1142 1050 2985 1457 1960 1688 598 2703 2151 2182 || mode=vb method=sk_kmeans solver=filo2 stage=post_ls ls=pyvrp iter=1
2026-03-15 22:22:17 | INFO     | Route #81: 2474 2440 2595 2197 2365 510 389 53 1684 2436 2016 580 2620 1460 1660 1882 3084 2103 1645 3207 1231 1810 2292 3104 479 668 2837 2775 2339 2391 1235 || mode=vb method=sk_kmeans solver=filo2 stage=post_ls ls=pyvrp iter=1
2026-03-15 22:22:17 | INFO     | Route #82: 1582 2443 1551 2279 603 649 1171 1553 938 46 816 286 1041 33 1668 1277 2629 2663 560 2685 3168 2145 355 122 778 1069 1549 19 1868 3130 1379 2871 1179 || mode=vb method=sk_kmeans solver=filo2 stage=post_ls ls=pyvrp iter=1
2026-03-15 22:22:17 | INFO     | Route #83: 1103 3151 1421 2122 1966 2091 2625 2364 3181 1726 977 237 1760 3117 1929 1555 2131 1193 2353 3149 72 1366 141 944 3188 1045 2386 762 1298 || mode=vb method=sk_kmeans solver=filo2 stage=post_ls ls=pyvrp iter=1
2026-03-15 22:22:17 | INFO     | Route #84: 873 2226 1742 1965 244 2730 1415 425 2770 2890 2079 232 2318 2878 2897 1070 1365 946 524 973 2847 1963 1308 2225 2786 935 || mode=vb method=sk_kmeans solver=filo2 stage=post_ls ls=pyvrp iter=1
2026-03-15 22:22:17 | INFO     | Route #85: 2648 2659 2366 1245 786 897 2034 2640 2148 1289 1605 2797 628 2392 700 2342 2194 2655 1885 305 2400 2321 120 187 1119 198 2967 110 2639 || mode=vb method=sk_kmeans solver=filo2 stage=post_ls ls=pyvrp iter=1
2026-03-15 22:22:17 | INFO     | Route #86: 3187 2577 2997 891 70 520 2354 704 1323 853 2848 1223 505 544 2901 2033 2819 931 2600 877 2193 1139 1492 1532 || mode=vb method=sk_kmeans solver=filo2 stage=post_ls ls=pyvrp iter=1
2026-03-15 22:22:17 | INFO     | Route #87: 3134 1692 1305 287 2371 1434 1832 1779 499 2460 148 45 354 2441 337 2445 171 2146 2831 1242 2408 160 215 1685 334 1239 1356 319 1603 194 2783 1686 2617 927 99 1961 || mode=vb method=sk_kmeans solver=filo2 stage=post_ls ls=pyvrp iter=1
2026-03-15 22:22:17 | INFO     | Route #88: 290 2531 2210 604 985 1992 370 495 1892 654 1565 175 2909 487 1654 2059 2442 3005 1194 3051 447 || mode=vb method=sk_kmeans solver=filo2 stage=post_ls ls=pyvrp iter=1
2026-03-15 22:22:17 | INFO     | Route #89: 3174 605 324 3009 2615 832 2396 486 1226 997 387 2846 1100 2749 1926 1020 2022 2869 1046 104 1218 1711 1 181 369 1288 3017 2833 1914 2196 1267 1506 2791 88 2517 1782 2183 || mode=vb method=sk_kmeans solver=filo2 stage=post_ls ls=pyvrp iter=1
2026-03-15 22:22:17 | INFO     | Route #90: 968 1661 1671 1702 3116 338 868 30 173 2898 2161 366 2503 2349 843 2710 61 1307 3074 2360 466 529 784 2028 681 1313 2889 543 || mode=vb method=sk_kmeans solver=filo2 stage=post_ls ls=pyvrp iter=1
2026-03-15 22:22:17 | INFO     | Route #91: 2235 3006 707 666 812 964 2100 2232 2910 996 2827 1785 855 1662 880 1922 531 2912 2716 106 697 1429 2346 1234 3213 2880 371 3100 || mode=vb method=sk_kmeans solver=filo2 stage=post_ls ls=pyvrp iter=1
2026-03-15 22:22:17 | INFO     | Route #92: 1150 2866 304 426 1653 2705 1088 2206 2689 404 2621 2154 459 665 2613 57 1059 911 2471 2265 2854 || mode=vb method=sk_kmeans solver=filo2 stage=post_ls ls=pyvrp iter=1
2026-03-15 22:22:17 | INFO     | Route #93: 2990 1419 1628 1213 2284 2582 1375 2803 2052 861 1227 127 1512 2069 1808 1527 270 1078 3034 1294 1011 685 3 1198 2051 415 1264 || mode=vb method=sk_kmeans solver=filo2 stage=post_ls ls=pyvrp iter=1
2026-03-15 22:22:17 | INFO     | Route #94: 3218 2032 2508 2839 1863 2927 240 452 1679 1055 830 460 1296 849 2928 687 159 2817 445 1754 1033 1274 676 2262 1317 1377 || mode=vb method=sk_kmeans solver=filo2 stage=post_ls ls=pyvrp iter=1
2026-03-15 22:22:17 | INFO     | Route #95: 2270 1577 1596 2511 1178 532 2861 1604 2512 489 912 2128 1493 2681 43 3237 1348 22 558 1972 1588 405 803 3040 112 2090 1930 582 128 2045 2763 || mode=vb method=sk_kmeans solver=filo2 stage=post_ls ls=pyvrp iter=1
2026-03-15 22:22:17 | INFO     | Route #96: 1166 2741 1357 262 155 2476 995 3069 859 2078 391 93 575 2481 1915 1341 2842 1480 234 2870 3019 1648 1205 301 2113 2654 630 565 2125 || mode=vb method=sk_kmeans solver=filo2 stage=post_ls ls=pyvrp iter=1
2026-03-15 22:22:17 | INFO     | Route #97: 568 671 242 1009 1164 1280 31 3157 458 1293 1410 2168 1315 1530 3236 971 2776 28 2994 1096 21 37 146 1433 || mode=vb method=sk_kmeans solver=filo2 stage=post_ls ls=pyvrp iter=1
2026-03-15 22:22:17 | INFO     | Route #98: 2657 914 876 3231 201 2395 2229 947 1630 2140 2742 20 833 3205 2475 1056 2287 1945 3112 1724 1195 327 1666 2104 2173 723 2558 2291 2773 932 2757 || mode=vb method=sk_kmeans solver=filo2 stage=post_ls ls=pyvrp iter=1
2026-03-15 22:22:17 | INFO     | Route #99: 1905 1373 374 1544 2524 1964 1154 2491 557 133 748 3061 969 1024 1916 288 2175 3220 1147 1156 1380 150 228 2066 2744 || mode=vb method=sk_kmeans solver=filo2 stage=post_ls ls=pyvrp iter=1
2026-03-15 22:22:17 | INFO     | Route #100: 2171 2717 1996 363 2917 2583 920 3011 2343 1865 1248 2725 1061 2155 522 1474 550 1853 2799 2566 1658 1880 1872 2750 2455 1659 1175 2699 2858 2153 706 1566 455 || mode=vb method=sk_kmeans solver=filo2 stage=post_ls ls=pyvrp iter=1
2026-03-15 22:22:17 | INFO     | Route #101: 1459 172 3046 2908 1491 213 770 2492 2920 1039 2954 1938 511 268 2815 1393 390 986 1032 105 572 373 365 1157 2162 || mode=vb method=sk_kmeans solver=filo2 stage=post_ls ls=pyvrp iter=1
2026-03-15 22:22:17 | INFO     | Route #102: 170 2584 1072 2532 2097 2965 1354 437 1440 2068 2555 1292 2361 260 2806 1712 3101 2129 2677 2403 1196 1971 2298 2452 724 10 3201 211 2378 2542 2840 300 1788 1483 2999 || mode=vb method=sk_kmeans solver=filo2 stage=post_ls ls=pyvrp iter=1
2026-03-15 22:22:17 | INFO     | Route #103: 2977 2918 1399 2624 296 168 2784 2714 606 2504 2118 153 2249 1038 979 950 1262 769 361 2271 2844 2418 2796 2480 1601 2647 200 2124 2798 || mode=vb method=sk_kmeans solver=filo2 stage=post_ls ls=pyvrp iter=1
2026-03-15 22:22:17 | INFO     | Route #104: 113 2587 1251 1505 2004 15 851 2429 2120 1665 2552 850 536 537 2953 2073 2306 1978 2895 502 1331 831 342 1184 1595 2355 2522 1128 3179 2762 2406 2733 2376 2464 3090 602 2417 || mode=vb method=sk_kmeans solver=filo2 stage=post_ls ls=pyvrp iter=1
2026-03-15 22:22:17 | INFO     | Route #105: 65 2672 828 1444 1501 963 2072 1431 347 210 3077 1581 3075 1404 2748 125 2551 556 2472 2347 1115 2808 937 798 || mode=vb method=sk_kmeans solver=filo2 stage=post_ls ls=pyvrp iter=1
2026-03-15 22:22:17 | INFO     | Route #106: 3225 2302 616 2619 1224 3186 2660 867 1638 2722 381 1912 3113 2348 570 74 24 3228 3206 805 3108 2224 2425 1747 2228 1989 || mode=vb method=sk_kmeans solver=filo2 stage=post_ls ls=pyvrp iter=1
2026-03-15 22:22:17 | INFO     | Route #107: 3035 1710 629 1847 3195 856 2 660 2925 230 2794 933 2216 1541 1995 2891 3140 32 884 2086 581 2622 1856 673 63 68 865 2002 1426 3232 567 3161 3018 1338 1001 2278 2331 || mode=vb method=sk_kmeans solver=filo2 stage=post_ls ls=pyvrp iter=1
2026-03-15 22:22:17 | INFO     | Route #108: 941 2857 1741 422 2071 2851 2769 1783 2379 1534 1099 158 538 957 1359 726 2114 2482 3053 842 1364 1680 315 708 2410 14 378 90 || mode=vb method=sk_kmeans solver=filo2 stage=post_ls ls=pyvrp iter=1
2026-03-15 22:22:17 | INFO     | Route #109: 3095 428 2697 2804 3129 2205 44 2359 77 1800 2501 1349 683 3058 1876 701 1017 1994 1731 1169 942 2463 375 1787 481 1413 2515 1751 || mode=vb method=sk_kmeans solver=filo2 stage=post_ls ls=pyvrp iter=1
2026-03-15 22:22:17 | INFO     | Route #110: 1823 1008 1709 3190 1208 3166 2357 1818 3021 918 2019 2253 1507 2469 1620 339 1520 3199 1503 2500 1447 2829 2768 1058 2682 3164 827 634 1376 896 2942 2899 2375 || mode=vb method=sk_kmeans solver=filo2 stage=post_ls ls=pyvrp iter=1
2026-03-15 22:22:17 | INFO     | Route #111: 1316 23 331 754 1733 1904 780 292 1358 974 1408 854 1268 465 2275 921 2179 1755 165 863 483 2180 3064 2980 || mode=vb method=sk_kmeans solver=filo2 stage=post_ls ls=pyvrp iter=1
2026-03-15 22:22:17 | INFO     | Route #112: 1219 758 1328 1664 3141 2269 2867 1792 2777 429 652 599 1206 725 2995 1511 3079 382 527 2506 1640 2160 2650 797 1533 1152 166 394 || mode=vb method=sk_kmeans solver=filo2 stage=post_ls ls=pyvrp iter=1
2026-03-15 22:22:17 | INFO     | Route #113: 1322 574 2987 1732 972 858 450 256 87 655 2450 2529 223 2728 3178 115 2874 899 222 756 755 1734 2789 52 227 || mode=vb method=sk_kmeans solver=filo2 stage=post_ls ls=pyvrp iter=1
2026-03-15 22:22:17 | INFO     | Route #114: 1126 1592 2336 3025 2715 411 1456 1495 81 423 772 96 1545 136 2423 1443 808 2701 1371 473 1521 126 1842 2023 1869 790 1445 1901 || mode=vb method=sk_kmeans solver=filo2 stage=post_ls ls=pyvrp iter=1
2026-03-15 22:22:17 | INFO     | Route #115: 1982 1886 1347 2149 2814 1002 225 418 2188 1005 844 2993 659 2184 434 2802 71 2820 1967 736 1098 625 3091 1079 2007 2911 2390 1903 || mode=vb method=sk_kmeans solver=filo2 stage=post_ls ls=pyvrp iter=1
2026-03-15 22:22:17 | INFO     | 
2026-03-15 22:22:17 | INFO     | [BEST SOLUTION ROUTE SUMMARY]
2026-03-15 22:22:17 | INFO     | --------------------------------------------------------------------------------
2026-03-15 22:22:17 | INFO     |  115 routes | VB    | sk_kmeans       | solver=filo2      | stage=post_ls | ls=pyvrp
2026-03-15 22:22:17 | INFO     | 
2026-03-15 22:22:17 | INFO     | [ROUTE POOL SUMMARY]
2026-03-15 22:22:17 | INFO     |   232 routes | VB | sk_ac_complete | solver=filo2 | stage=post_ls | ls=pyvrp
2026-03-15 22:22:17 | INFO     |   229 routes | VB | sk_ac_min | solver=pyvrp | stage=post_ls | ls=pyvrp
2026-03-15 22:22:17 | INFO     |   222 routes | RB | sk_ac_complete | solver=pyvrp | stage=post_ls | ls=pyvrp
2026-03-15 22:22:17 | INFO     |   168 routes | RB | sk_ac_avg | solver=filo1 | stage=post_ls | ls=pyvrp
2026-03-15 22:22:17 | INFO     |   116 routes | VB | fcm | solver=filo1 | stage=post_ls | ls=pyvrp
2026-03-15 22:22:17 | INFO     |   116 routes | VB | sk_ac_avg | solver=pyvrp | stage=post_ls | ls=pyvrp
2026-03-15 22:22:17 | INFO     |   116 routes | VB | sk_ac_complete | solver=pyvrp | stage=post_ls | ls=pyvrp
2026-03-15 22:22:17 | INFO     |   116 routes | VB | k_medoids_pyclustering | solver=pyvrp | stage=post_ls | ls=pyvrp
2026-03-15 22:22:17 | INFO     |   115 routes | VB | sk_kmeans | solver=filo2 | stage=post_ls | ls=pyvrp
2026-03-15 22:22:17 | INFO     |   115 routes | RB | sk_kmeans | solver=pyvrp | stage=post_ls | ls=pyvrp
2026-03-15 22:22:17 | INFO     |   115 routes | VB | sk_ac_avg | solver=filo1 | stage=post_ls | ls=pyvrp
2026-03-15 22:22:17 | INFO     |   113 routes | RB | sk_kmeans | solver=filo1 | stage=post_ls | ls=pyvrp
2026-03-15 22:22:17 | INFO     |   111 routes | RB | sk_ac_avg | solver=pyvrp | stage=post_ls | ls=pyvrp
2026-03-15 22:22:17 | INFO     |   101 routes | RB | sk_kmeans | solver=filo2 | stage=post_ls | ls=pyvrp
