2026-03-15 12:02:58 | INFO     | Logger initialized
2026-03-15 12:02:58 | INIT     | ================================================================================
2026-03-15 12:02:58 | INIT     | [RUN CONFIGURATION] instance=XL-n1328-k19.vrp run=0
2026-03-15 12:02:58 | INIT     | seed = 152692802
2026-03-15 12:02:58 | INIT     | scp_solvers = ['gurobi_mip']
2026-03-15 12:02:58 | INIT     | scp_switch_prob = 0.0
2026-03-15 12:02:58 | INIT     | time_limit_scp = 10000.0
2026-03-15 12:02:58 | INIT     | scp_every = 3
2026-03-15 12:02:58 | INIT     | time_limit_total = 36000.0
2026-03-15 12:02:58 | INIT     | max_no_improvement_iters = 50
2026-03-15 12:02:58 | INIT     | min_avg_cluster_size = 100
2026-03-15 12:02:58 | INIT     | max_avg_cluster_size = 2500
2026-03-15 12:02:58 | INIT     | routing_solvers = ['pyvrp', 'filo1', 'filo2', 'ails2']
2026-03-15 12:02:58 | INIT     | routing_no_improvement = None
2026-03-15 12:02:58 | INIT     | ls_neighbourhood = dri_spatial
2026-03-15 12:02:58 | INIT     | ls_after_routing_max_neighbours = 300
2026-03-15 12:02:58 | INIT     | ls_max_neighbours_restricted = 200
2026-03-15 12:02:58 | INIT     | randomize_polar_angle = True
2026-03-15 12:02:58 | INIT     | warm_start_solutions = None
2026-03-15 12:02:58 | INIT     | log_mode = instance
2026-03-15 12:02:58 | INIT     | log_to_console = False
2026-03-15 12:02:58 | INIT     | periodic_sol_dump = True
2026-03-15 12:02:58 | INIT     | sol_dump_interval = 3600.0
2026-03-15 12:02:58 | INIT     | ================================================================================
2026-03-15 12:02:58 | INFO     | [XL-n1328-k19 ITERATION 1] mode=VB method=sk_kmeans k=1 solver=filo2 ls=pyvrp
2026-03-15 12:03:08 | INFO     | [XL-n1328-k19 CLUSTER] method=sk_kmeans k=1 | sizes=[1327] | min=1327 max=1327 avg=1327.0
2026-03-15 12:03:08 | INFO     | [XL-n1328-k19 ROUTING] Solving clusters with filo2
2026-03-15 12:08:32 | INFO     | [XL-n1328-k19 IMPROVED-VB/RB] best_cost=38517 | Gap: 0.8272%
2026-03-15 12:08:32 | INFO     | [XL-n1328-k19 ITERATION-TIMES 1] cluster=9.734s routing=318.041s ls=5.691s total=333.474s
2026-03-15 12:08:32 | INFO     | [XL-n1328-k19 ITERATION 2] mode=VB method=sk_ac_avg k=4 solver=filo1 ls=pyvrp
2026-03-15 12:08:36 | INFO     | [XL-n1328-k19 CLUSTER] method=sk_ac_avg k=4 | sizes=[1033, 11, 90, 193] | min=11 max=1033 avg=331.8
2026-03-15 12:08:36 | INFO     | [XL-n1328-k19 ROUTING] Solving clusters with filo1
2026-03-15 12:14:10 | INFO     | [XL-n1328-k19 NO-IMPROVEMENT] best_cost=38517 | streak=1 | Gap: 0.8272%
2026-03-15 12:14:10 | INFO     | [XL-n1328-k19 ITERATION-TIMES 2] cluster=3.916s routing=330.715s ls=3.633s total=338.268s
2026-03-15 12:14:10 | INFO     | [XL-n1328-k19 ITERATION 3] mode=VB method=sk_kmeans k=4 solver=pyvrp ls=pyvrp
2026-03-15 12:14:16 | INFO     | [XL-n1328-k19 CLUSTER] method=sk_kmeans k=4 | sizes=[453, 433, 405, 36] | min=36 max=453 avg=331.8
2026-03-15 12:14:16 | INFO     | [XL-n1328-k19 ROUTING] Solving clusters with pyvrp
2026-03-15 12:17:28 | INFO     | [XL-n1328-k19 SCP] pruning_mode=diversity
2026-03-15 12:17:28 | INFO     | [XL-n1328-k19 SCP] solver=gurobi_mip | route_pool=57
2026-03-15 12:17:28 | INFO     | [XL-n1328-k19 SCP] optimal solution found
2026-03-15 12:17:32 | INFO     | [XL-n1328-k19 SCP-NO-IMPROVEMENT] cost=38517 (best=38517) | Gap: 0.8272%
2026-03-15 12:17:32 | INFO     | [XL-n1328-k19 NO-IMPROVEMENT] best_cost=38517 | streak=2 | Gap: 0.8272%
2026-03-15 12:17:32 | INFO     | [XL-n1328-k19 ITERATION-TIMES 3] cluster=5.382s routing=188.795s ls=3.477s scp=3.888s total=201.545s
2026-03-15 12:17:32 | INFO     | [XL-n1328-k19 ITERATION 4] mode=VB method=k_medoids_pyclustering k=2 solver=filo1 ls=pyvrp
2026-03-15 12:17:40 | INFO     | [XL-n1328-k19 CLUSTER] method=k_medoids_pyclustering k=2 | sizes=[704, 623] | min=623 max=704 avg=663.5
2026-03-15 12:17:40 | INFO     | [XL-n1328-k19 ROUTING] Solving clusters with filo1
2026-03-15 12:23:08 | INFO     | [XL-n1328-k19 NO-IMPROVEMENT] best_cost=38517 | streak=3 | Gap: 0.8272%
2026-03-15 12:23:08 | INFO     | [XL-n1328-k19 ITERATION-TIMES 4] cluster=8.779s routing=322.036s ls=5.125s total=335.944s
2026-03-15 12:23:08 | INFO     | [XL-n1328-k19 ITERATION 5] mode=RB method=sk_ac_min k=3 solver=filo1 ls=pyvrp
2026-03-15 12:23:08 | INFO     | [XL-n1328-k19 CLUSTER] method=sk_ac_min k=3 | sizes=[1210, 45, 72] | min=45 max=1210 avg=442.3
2026-03-15 12:23:08 | INFO     | [XL-n1328-k19 ROUTING] Solving clusters with filo1
2026-03-15 12:29:52 | INFO     | [XL-n1328-k19 NO-IMPROVEMENT] best_cost=38517 | streak=4 | Gap: 0.8272%
2026-03-15 12:29:52 | INFO     | [XL-n1328-k19 ITERATION-TIMES 5] cluster=0.004s routing=396.058s ls=8.405s total=404.469s
2026-03-15 12:29:52 | INFO     | [XL-n1328-k19 ITERATION 6] mode=VB method=sk_ac_complete k=2 solver=pyvrp ls=pyvrp
2026-03-15 12:29:58 | INFO     | [XL-n1328-k19 CLUSTER] method=sk_ac_complete k=2 | sizes=[201, 1126] | min=201 max=1126 avg=663.5
2026-03-15 12:29:58 | INFO     | [XL-n1328-k19 ROUTING] Solving clusters with pyvrp
2026-03-15 12:33:24 | INFO     | [XL-n1328-k19 SCP] pruning_mode=diversity
2026-03-15 12:33:24 | INFO     | [XL-n1328-k19 SCP] solver=gurobi_mip | route_pool=112
2026-03-15 12:33:25 | INFO     | [XL-n1328-k19 SCP] optimal solution found
2026-03-15 12:33:33 | INFO     | [XL-n1328-k19 SCP-NO-IMPROVEMENT] cost=38517 (best=38517) | Gap: 0.8272%
2026-03-15 12:33:33 | INFO     | [XL-n1328-k19 NO-IMPROVEMENT] best_cost=38517 | streak=5 | Gap: 0.8272%
2026-03-15 12:33:33 | INFO     | [XL-n1328-k19 ITERATION-TIMES 6] cluster=5.703s routing=197.441s ls=9.156s scp=8.937s total=221.240s
2026-03-15 12:33:33 | INFO     | [XL-n1328-k19 ITERATION 7] mode=VB method=sk_ac_min k=4 solver=filo2 ls=pyvrp
2026-03-15 12:33:40 | INFO     | [XL-n1328-k19 CLUSTER] method=sk_ac_min k=4 | sizes=[1240, 75, 1, 11] | min=1 max=1240 avg=331.8
2026-03-15 12:33:40 | INFO     | [XL-n1328-k19 ROUTING] Solving clusters with filo2
2026-03-15 12:41:09 | INFO     | [XL-n1328-k19 NO-IMPROVEMENT] best_cost=38517 | streak=6 | Gap: 0.8272%
2026-03-15 12:41:09 | INFO     | [XL-n1328-k19 ITERATION-TIMES 7] cluster=6.957s routing=442.893s ls=5.365s total=455.228s
2026-03-15 12:41:09 | INFO     | [XL-n1328-k19 ITERATION 8] mode=RB method=sk_ac_complete k=2 solver=filo2 ls=pyvrp
2026-03-15 12:41:09 | INFO     | [XL-n1328-k19 CLUSTER] method=sk_ac_complete k=2 | sizes=[800, 527] | min=527 max=800 avg=663.5
2026-03-15 12:41:09 | INFO     | [XL-n1328-k19 ROUTING] Solving clusters with filo2
2026-03-15 12:45:19 | INFO     | [XL-n1328-k19 IMPROVED-VB/RB] best_cost=38483 | Gap: 0.7382%
2026-03-15 12:45:19 | INFO     | [XL-n1328-k19 ITERATION-TIMES 8] cluster=0.003s routing=245.688s ls=4.746s total=250.443s
2026-03-15 12:45:19 | INFO     | [XL-n1328-k19 ITERATION 9] mode=VB method=fcm k=7 solver=pyvrp ls=pyvrp
2026-03-15 12:45:21 | INFO     | [XL-n1328-k19 CLUSTER] method=fcm k=7 | sizes=[114, 237, 127, 299, 96, 139, 315] | min=96 max=315 avg=189.6
2026-03-15 12:45:21 | INFO     | [XL-n1328-k19 ROUTING] Solving clusters with pyvrp
2026-03-15 12:49:12 | INFO     | [XL-n1328-k19 SCP] pruning_mode=diversity
2026-03-15 12:49:12 | INFO     | [XL-n1328-k19 SCP] solver=gurobi_mip | route_pool=168
2026-03-15 12:49:13 | INFO     | [XL-n1328-k19 SCP] optimal solution found
2026-03-15 12:49:21 | INFO     | [XL-n1328-k19 IMPROVED-SCP] best_cost=38480 | Gap: 0.7303%
2026-03-15 12:49:21 | INFO     | [XL-n1328-k19 ITERATION-TIMES 9] cluster=2.272s routing=221.595s ls=9.300s scp=8.721s total=241.927s
2026-03-15 12:49:21 | INFO     | [XL-n1328-k19 ITERATION 10] mode=RB method=sk_ac_avg k=5 solver=filo1 ls=pyvrp
2026-03-15 12:49:21 | INFO     | [XL-n1328-k19 CLUSTER] method=sk_ac_avg k=5 | sizes=[335, 433, 441, 72, 46] | min=46 max=441 avg=265.4
2026-03-15 12:49:21 | INFO     | [XL-n1328-k19 ROUTING] Solving clusters with filo1
2026-03-15 12:54:21 | INFO     | [XL-n1328-k19 NO-IMPROVEMENT] best_cost=38480 | streak=1 | Gap: 0.7303%
2026-03-15 12:54:21 | INFO     | [XL-n1328-k19 ITERATION-TIMES 10] cluster=0.036s routing=288.576s ls=11.939s total=300.559s
2026-03-15 12:54:21 | INFO     | [XL-n1328-k19 ITERATION 11] mode=VB method=sk_ac_avg k=2 solver=filo1 ls=pyvrp
2026-03-15 12:54:30 | INFO     | [XL-n1328-k19 CLUSTER] method=sk_ac_avg k=2 | sizes=[1326, 1] | min=1 max=1326 avg=663.5
2026-03-15 12:54:30 | INFO     | [XL-n1328-k19 ROUTING] Solving clusters with filo1
2026-03-15 13:09:48 | INFO     | [XL-n1328-k19 IMPROVED-VB/RB] best_cost=38439 | Gap: 0.6230%
2026-03-15 13:09:48 | INFO     | 
2026-03-15 13:09:48 | INFO     | ================================================================================
2026-03-15 13:09:48 | INFO     | [XL-n1328-k19] PERIODIC SNAPSHOT SNAPSHOT_001
2026-03-15 13:09:48 | INFO     | ================================================================================
2026-03-15 13:09:48 | INFO     | Route #1: 156 1007 580 43 433 266 898 448 860 1116 521 561 675 1143 738 669 796 226 997 193 1164 204 847 1263 1283 835 466 756 722 785 35 313 160 807 314 1168 62 27 1217 496 32 1253 1174 732 1265 915 814 605 397 260 1172 177 402 849 401 308 392 1016 1145 943 757 1216 1322 637 138 157 764 1266 473 516 494 111 594 429 || mode=vb method=sk_ac_avg solver=filo1 stage=post_ls ls=pyvrp iter=11
2026-03-15 13:09:48 | INFO     | Route #2: 589 1156 1042 888 841 542 40 1110 168 382 5 804 301 828 619 113 294 449 1321 674 638 330 923 693 1122 659 443 879 644 46 73 340 1057 65 893 286 963 993 132 723 593 430 311 954 217 986 908 708 70 84 1113 1309 1090 345 753 861 37 819 7 1178 1108 278 836 552 575 1010 327 395 823 760 535 1272 854 214 || mode=vb method=sk_ac_avg solver=filo1 stage=post_ls ls=pyvrp iter=11
2026-03-15 13:09:48 | INFO     | Route #3: 1221 759 262 1300 866 1248 529 1019 657 613 140 104 235 1241 150 1277 526 1262 297 92 803 277 51 880 1271 121 1023 236 1046 462 209 832 368 386 1267 1324 517 855 1239 1082 973 426 872 169 568 153 537 464 163 346 1200 874 1028 100 381 420 1292 393 151 1258 474 741 1071 953 579 1047 746 852 664 1229 1189 222 || mode=vb method=sk_ac_avg solver=filo1 stage=post_ls ls=pyvrp iter=11
2026-03-15 13:09:48 | INFO     | Route #4: 1230 941 224 1201 1099 599 1037 758 371 1125 1273 914 452 115 581 482 1188 1318 1000 490 1136 400 261 710 1002 17 338 68 538 984 1197 166 1281 93 107 745 603 634 488 549 616 813 396 87 1313 326 374 630 731 1314 1073 391 875 99 891 1128 465 495 1264 770 802 766 1179 389 1278 1054 876 695 570 1045 85 703 292 1100 1224 || mode=vb method=sk_ac_avg solver=filo1 stage=post_ls ls=pyvrp iter=11
2026-03-15 13:09:48 | INFO     | Route #5: 470 780 1242 457 148 52 719 944 1169 1146 838 1247 698 805 419 413 360 863 141 94 988 181 445 399 822 403 711 528 857 352 1120 798 1083 658 584 323 9 799 503 684 1061 531 885 1126 687 1055 1087 225 1181 185 1063 718 1134 504 1025 441 1106 772 || mode=vb method=sk_ac_avg solver=filo1 stage=post_ls ls=pyvrp iter=11
2026-03-15 13:09:48 | INFO     | Route #6: 90 978 146 114 59 909 801 1005 1157 956 1279 1214 49 587 1132 436 924 518 789 88 959 1274 739 143 724 648 239 1327 322 202 621 1127 769 64 763 696 351 716 597 1259 1030 1234 479 1084 1008 342 106 333 672 704 666 774 259 1209 562 1306 1176 887 1155 902 800 347 752 370 112 67 747 1081 670 358 || mode=vb method=sk_ac_avg solver=filo1 stage=post_ls ls=pyvrp iter=11
2026-03-15 13:09:48 | INFO     | Route #7: 1162 172 1093 1166 304 744 559 606 609 611 497 971 487 743 845 1307 980 853 615 720 417 916 728 979 19 1193 498 450 834 15 730 388 991 24 362 821 334 680 926 1320 871 66 762 152 625 686 1095 444 1191 663 390 355 935 453 998 536 454 4 1323 715 1118 858 1119 737 812 1060 1153 1070 938 134 776 || mode=vb method=sk_ac_avg solver=filo1 stage=post_ls ls=pyvrp iter=11
2026-03-15 13:09:48 | INFO     | Route #8: 681 989 12 13 22 164 633 144 512 357 948 773 455 476 952 165 1024 558 992 1173 276 928 768 1211 1096 554 324 514 1249 303 788 1237 171 622 416 1048 691 850 1213 460 265 889 919 1196 502 406 194 105 1015 903 541 1097 1282 591 931 1210 818 791 582 856 139 101 886 456 667 1288 89 207 869 1148 119 || mode=vb method=sk_ac_avg solver=filo1 stage=post_ls ls=pyvrp iter=11
2026-03-15 13:09:48 | INFO     | Route #9: 1004 505 1325 1137 1013 467 1056 765 1020 320 1068 102 36 147 975 190 851 179 608 1098 254 63 21 1187 1001 960 540 149 870 629 317 508 651 130 246 705 755 55 990 612 1012 922 689 472 216 1326 1185 379 42 248 649 38 692 777 483 683 356 794 671 307 1088 133 198 1192 484 843 1049 437 833 298 1238 135 1142 1204 || mode=vb method=sk_ac_avg solver=filo1 stage=post_ls ls=pyvrp iter=11
2026-03-15 13:09:48 | INFO     | Route #10: 18 972 1260 136 383 632 933 897 1103 405 499 901 372 742 525 369 238 883 1107 288 1291 447 566 1184 1319 126 784 271 1305 412 180 1303 385 83 11 574 569 477 58 646 815 837 270 530 793 550 717 469 354 740 480 563 1161 577 279 900 1124 244 797 787 867 199 1289 206 533 1163 1312 78 917 336 258 1202 522 1017 || mode=vb method=sk_ac_avg solver=filo1 stage=post_ls ls=pyvrp iter=11
2026-03-15 13:09:48 | INFO     | Route #11: 688 775 223 184 884 1058 964 940 676 468 1167 842 1050 967 123 519 1089 1205 1043 1280 237 1032 500 1072 475 1114 1175 86 999 1092 868 45 506 590 1296 221 961 515 302 247 242 257 896 178 95 367 945 934 873 1219 471 578 792 1129 726 1094 811 548 1044 846 1064 1270 434 31 241 || mode=vb method=sk_ac_avg solver=filo1 stage=post_ls ls=pyvrp iter=11
2026-03-15 13:09:48 | INFO     | Route #12: 1031 492 321 182 245 122 1298 1027 546 349 1039 74 735 1308 280 251 1003 274 228 186 404 56 173 154 995 534 592 227 567 329 709 781 544 175 250 268 1150 1077 1076 654 668 949 595 1199 300 6 282 125 1102 255 218 685 1154 513 555 839 1212 1138 1069 380 256 882 1105 489 1250 117 635 91 642 || mode=vb method=sk_ac_avg solver=filo1 stage=post_ls ls=pyvrp iter=11
2026-03-15 13:09:48 | INFO     | Route #13: 617 215 1160 610 911 1109 778 706 187 600 551 1141 407 1040 825 806 734 881 1170 210 623 1301 284 1231 627 679 647 176 1018 76 20 205 962 602 10 213 864 1215 1115 281 572 335 79 1203 || mode=vb method=sk_ac_avg solver=filo1 stage=post_ls ls=pyvrp iter=11
2026-03-15 13:09:48 | INFO     | Route #14: 1299 319 211 1130 439 1139 1182 614 662 1227 1029 155 80 877 57 131 576 118 1158 1075 1285 1014 1133 767 1268 899 203 197 994 1194 421 366 652 75 337 951 192 890 1245 983 927 982 28 678 174 481 414 966 162 1111 636 96 1104 384 1317 1065 1085 779 1310 1233 195 451 545 782 527 415 1256 937 1243 631 524 || mode=vb method=sk_ac_avg solver=filo1 stage=post_ls ls=pyvrp iter=11
2026-03-15 13:09:48 | INFO     | Route #15: 109 315 827 748 588 1186 387 790 729 196 848 423 598 783 645 707 48 309 714 332 272 1246 50 81 77 751 1180 660 1222 1059 353 61 543 478 253 145 1011 428 316 23 1009 232 859 1151 435 939 1235 1276 694 230 71 267 1147 795 25 677 585 655 263 459 904 252 1304 2 1293 930 970 557 628 1117 1177 103 1302 || mode=vb method=sk_ac_avg solver=filo1 stage=post_ls ls=pyvrp iter=11
2026-03-15 13:09:48 | INFO     | Route #16: 697 641 573 343 427 431 831 299 33 862 53 844 1051 378 547 364 607 463 142 486 289 699 761 493 946 749 560 932 264 458 1074 189 771 305 97 98 1207 1079 910 328 394 1290 1297 1190 167 1275 878 231 509 295 41 359 809 583 108 1101 565 1152 950 985 1223 273 1066 810 1135 220 1255 596 750 159 240 829 39 || mode=vb method=sk_ac_avg solver=filo1 stage=post_ls ls=pyvrp iter=11
2026-03-15 13:09:48 | INFO     | Route #17: 1144 47 894 1080 925 1220 1261 26 29 1295 442 1006 1269 639 965 72 786 830 936 296 913 375 1036 243 120 219 969 1225 626 161 229 1 1228 425 1062 69 892 1294 1195 1159 44 733 1021 624 306 191 1121 1218 424 556 1131 1171 285 918 1236 1053 293 957 929 1316 921 409 1038 418 1252 16 1315 233 650 977 116 1284 1149 || mode=vb method=sk_ac_avg solver=filo1 stage=post_ls ls=pyvrp iter=11
2026-03-15 13:09:48 | INFO     | Route #18: 1091 974 1183 942 1208 1041 1033 1052 520 234 344 1112 906 1022 422 727 410 1287 446 604 701 673 725 1123 532 350 1286 618 981 824 14 373 712 34 188 920 363 976 1206 808 958 987 820 110 1257 127 690 275 158 895 907 3 432 713 539 1026 1232 905 1086 137 1240 312 129 290 955 1034 411 912 1078 1244 507 || mode=vb method=sk_ac_avg solver=filo1 stage=post_ls ls=pyvrp iter=11
2026-03-15 13:09:48 | INFO     | Route #19: 665 1251 183 170 331 485 682 339 564 947 1226 310 586 1140 840 1254 440 968 408 721 816 1198 1067 640 661 30 376 124 361 1311 341 865 318 365 510 1035 817 754 283 8 571 60 736 643 212 1165 287 653 491 377 826 200 249 620 553 601 348 201 523 208 438 702 996 269 656 461 398 325 82 54 511 128 700 291 501 || mode=vb method=sk_ac_avg solver=filo1 stage=post_ls ls=pyvrp iter=11
2026-03-15 13:09:48 | INFO     | 
2026-03-15 13:09:48 | INFO     | [BEST SOLUTION ROUTE SUMMARY]
2026-03-15 13:09:48 | INFO     | --------------------------------------------------------------------------------
2026-03-15 13:09:48 | INFO     |   19 routes | VB    | sk_ac_avg       | solver=filo1      | stage=post_ls | ls=pyvrp
2026-03-15 13:09:48 | INFO     | 
2026-03-15 13:09:48 | INFO     | [ROUTE POOL SUMMARY]
2026-03-15 13:09:48 | INFO     |    38 routes | VB | sk_ac_avg | solver=filo1 | stage=post_ls | ls=pyvrp
2026-03-15 13:09:48 | INFO     |    20 routes | VB | sk_ac_min | solver=filo2 | stage=post_ls | ls=pyvrp
2026-03-15 13:09:48 | INFO     |    19 routes | VB | sk_kmeans | solver=filo2 | stage=post_ls | ls=pyvrp
2026-03-15 13:09:48 | INFO     |    19 routes | VB | sk_kmeans | solver=pyvrp | stage=post_ls | ls=pyvrp
2026-03-15 13:09:48 | INFO     |    19 routes | VB | k_medoids_pyclustering | solver=filo1 | stage=post_ls | ls=pyvrp
2026-03-15 13:09:48 | INFO     |    19 routes | VB | sk_ac_complete | solver=pyvrp | stage=post_ls | ls=pyvrp
2026-03-15 13:09:48 | INFO     |    19 routes | VB | fcm | solver=pyvrp | stage=post_ls | ls=pyvrp
2026-03-15 13:09:48 | INFO     |    17 routes | RB | sk_ac_min | solver=filo1 | stage=post_ls | ls=pyvrp
2026-03-15 13:09:48 | INFO     |    17 routes | RB | sk_ac_complete | solver=filo2 | stage=post_ls | ls=pyvrp
2026-03-15 13:09:48 | INFO     |    11 routes | RB | sk_ac_avg | solver=filo1 | stage=post_ls | ls=pyvrp
2026-03-15 13:09:48 | INFO     | [XL-n1328-k19 ITERATION-TIMES 11] cluster=8.558s routing=911.267s ls=7.027s total=926.869s
2026-03-15 13:09:48 | INFO     | [XL-n1328-k19 ITERATION 12] mode=VB method=sk_ac_min k=9 solver=filo2 ls=pyvrp
2026-03-15 13:09:53 | INFO     | [XL-n1328-k19 CLUSTER] method=sk_ac_min k=9 | sizes=[1299, 3, 8, 2, 5, 1, 6, 2, 1] | min=1 max=1299 avg=147.4
2026-03-15 13:09:53 | INFO     | [XL-n1328-k19 ROUTING] Solving clusters with filo2
2026-03-15 13:19:27 | INFO     | [XL-n1328-k19 SCP] pruning_mode=diversity
2026-03-15 13:19:27 | INFO     | [XL-n1328-k19 SCP] solver=gurobi_mip | route_pool=217
2026-03-15 13:19:27 | INFO     | [XL-n1328-k19 SCP] optimal solution found
2026-03-15 13:19:41 | INFO     | [XL-n1328-k19 SCP-NO-IMPROVEMENT] cost=38439 (best=38439) | Gap: 0.6230%
2026-03-15 13:19:41 | INFO     | [XL-n1328-k19 NO-IMPROVEMENT] best_cost=38439 | streak=1 | Gap: 0.6230%
2026-03-15 13:19:41 | INFO     | [XL-n1328-k19 ITERATION-TIMES 12] cluster=5.069s routing=561.440s ls=11.859s scp=13.843s total=592.222s
2026-03-15 13:19:41 | INFO     | [XL-n1328-k19 ITERATION 13] mode=VB method=sk_ac_min k=9 solver=filo2 ls=pyvrp
2026-03-15 13:19:47 | INFO     | [XL-n1328-k19 CLUSTER] method=sk_ac_min k=9 | sizes=[3, 1299, 4, 3, 4, 1, 5, 2, 6] | min=1 max=1299 avg=147.4
2026-03-15 13:19:47 | INFO     | [XL-n1328-k19 ROUTING] Solving clusters with filo2
2026-03-15 13:34:38 | INFO     | [XL-n1328-k19 NO-IMPROVEMENT] best_cost=38439 | streak=2 | Gap: 0.6230%
2026-03-15 13:34:38 | INFO     | [XL-n1328-k19 ITERATION-TIMES 13] cluster=6.756s routing=868.313s ls=22.243s total=897.318s
2026-03-15 13:34:38 | INFO     | [XL-n1328-k19 ITERATION 14] mode=VB method=fcm k=9 solver=filo1 ls=pyvrp
2026-03-15 13:35:03 | INFO     | [XL-n1328-k19 CLUSTER] method=fcm k=9 | sizes=[262, 138, 101, 260, 100, 191, 100, 70, 105] | min=70 max=262 avg=147.4
2026-03-15 13:35:03 | INFO     | [XL-n1328-k19 ROUTING] Solving clusters with filo1
2026-03-15 13:38:53 | INFO     | [XL-n1328-k19 NO-IMPROVEMENT] best_cost=38439 | streak=3 | Gap: 0.6230%
2026-03-15 13:38:53 | INFO     | [XL-n1328-k19 ITERATION-TIMES 14] cluster=25.543s routing=208.300s ls=21.690s total=255.538s
2026-03-15 13:38:53 | INFO     | [XL-n1328-k19 ITERATION 15] mode=RB method=sk_ac_min k=9 solver=filo2 ls=pyvrp
2026-03-15 13:38:53 | INFO     | [XL-n1328-k19 CLUSTER] method=sk_ac_min k=9 | sizes=[361, 363, 143, 139, 75, 58, 70, 44, 74] | min=44 max=363 avg=147.4
2026-03-15 13:38:53 | INFO     | [XL-n1328-k19 ROUTING] Solving clusters with filo2
2026-03-15 13:45:14 | INFO     | [XL-n1328-k19 SCP] pruning_mode=diversity
2026-03-15 13:45:14 | INFO     | [XL-n1328-k19 SCP] solver=gurobi_mip | route_pool=263
2026-03-15 13:45:15 | INFO     | [XL-n1328-k19 SCP] optimal solution found
2026-03-15 13:45:35 | INFO     | [XL-n1328-k19 IMPROVED-SCP] best_cost=38397 | Gap: 0.5131%
2026-03-15 13:45:35 | INFO     | [XL-n1328-k19 ITERATION-TIMES 15] cluster=0.026s routing=357.936s ls=22.525s scp=21.187s total=401.692s
2026-03-15 13:45:35 | INFO     | [XL-n1328-k19 ITERATION 16] mode=VB method=sk_kmeans k=6 solver=filo1 ls=pyvrp
2026-03-15 13:45:54 | INFO     | [XL-n1328-k19 CLUSTER] method=sk_kmeans k=6 | sizes=[172, 88, 339, 339, 36, 353] | min=36 max=353 avg=221.2
2026-03-15 13:45:54 | INFO     | [XL-n1328-k19 ROUTING] Solving clusters with filo1
2026-03-15 13:54:01 | INFO     | [XL-n1328-k19 NO-IMPROVEMENT] best_cost=38397 | streak=1 | Gap: 0.5131%
2026-03-15 13:54:01 | INFO     | [XL-n1328-k19 ITERATION-TIMES 16] cluster=19.031s routing=456.158s ls=30.434s total=505.652s
2026-03-15 13:54:01 | INFO     | [XL-n1328-k19 ITERATION 17] mode=RB method=sk_kmeans k=8 solver=filo1 ls=pyvrp
2026-03-15 13:54:02 | INFO     | [XL-n1328-k19 CLUSTER] method=sk_kmeans k=8 | sizes=[44, 290, 293, 70, 126, 148, 213, 143] | min=44 max=293 avg=165.9
2026-03-15 13:54:02 | INFO     | [XL-n1328-k19 ROUTING] Solving clusters with filo1
2026-03-15 14:01:39 | INFO     | [XL-n1328-k19 NO-IMPROVEMENT] best_cost=38397 | streak=2 | Gap: 0.5131%
2026-03-15 14:01:39 | INFO     | [XL-n1328-k19 ITERATION-TIMES 17] cluster=1.106s routing=424.312s ls=33.138s total=458.641s
2026-03-15 14:01:39 | INFO     | [XL-n1328-k19 ITERATION 18] mode=RB method=sk_ac_min k=4 solver=filo2 ls=pyvrp
2026-03-15 14:01:39 | INFO     | [XL-n1328-k19 CLUSTER] method=sk_ac_min k=4 | sizes=[995, 213, 75, 44] | min=44 max=995 avg=331.8
2026-03-15 14:01:39 | INFO     | [XL-n1328-k19 ROUTING] Solving clusters with filo2
2026-03-15 14:24:31 | INFO     | [XL-n1328-k19 SCP] pruning_mode=diversity
2026-03-15 14:24:31 | INFO     | [XL-n1328-k19 SCP] solver=gurobi_mip | route_pool=301
2026-03-15 14:24:33 | INFO     | [XL-n1328-k19 SCP] optimal solution found
2026-03-15 14:24:56 | INFO     | 
2026-03-15 14:24:56 | INFO     | ================================================================================
2026-03-15 14:24:56 | INFO     | [XL-n1328-k19] PERIODIC SNAPSHOT SNAPSHOT_002
2026-03-15 14:24:56 | INFO     | ================================================================================
2026-03-15 14:24:56 | INFO     | Route #1: 156 1007 580 43 433 266 898 448 860 1116 521 561 675 1143 738 669 796 226 997 193 1164 204 847 1263 1283 835 466 756 722 785 35 313 160 807 314 1168 62 27 1217 496 32 1253 1174 732 1265 915 814 605 397 260 1172 177 402 849 401 308 392 1016 1145 943 757 1216 1322 637 138 157 764 1266 473 516 494 111 594 429 || mode=vb method=sk_ac_avg solver=filo1 stage=post_ls ls=pyvrp iter=11
2026-03-15 14:24:56 | INFO     | Route #2: 589 1156 1042 888 841 542 40 1110 168 382 5 804 301 828 619 113 294 449 1321 674 638 330 923 693 1122 659 443 879 644 46 73 340 1057 65 893 286 963 993 132 723 593 430 311 954 217 986 908 708 70 84 1113 1309 1090 345 753 861 37 819 7 1178 1108 278 836 552 575 1010 327 395 823 760 535 1272 854 214 || mode=vb method=sk_ac_avg solver=filo1 stage=post_ls ls=pyvrp iter=11
2026-03-15 14:24:56 | INFO     | Route #3: 1221 759 262 1300 866 1248 529 1019 657 613 140 104 235 1241 150 1277 526 1262 297 92 803 277 51 880 1271 121 1023 236 1046 462 209 832 368 386 1267 1324 517 855 1239 1082 973 426 872 169 568 153 537 464 163 346 1200 874 1028 100 381 420 1292 393 151 1258 474 741 1071 953 579 1047 746 852 664 1229 1189 222 || mode=vb method=sk_ac_avg solver=filo1 stage=post_ls ls=pyvrp iter=11
2026-03-15 14:24:56 | INFO     | Route #4: 470 780 1242 457 148 52 719 944 1169 1146 838 1247 698 805 419 413 360 863 141 94 988 181 445 399 822 403 711 528 857 352 1120 798 1083 658 584 323 9 799 503 684 1061 531 885 1126 687 1055 1087 225 1181 185 1063 718 1134 504 1025 441 1106 772 || mode=vb method=sk_ac_avg solver=filo1 stage=post_ls ls=pyvrp iter=11
2026-03-15 14:24:56 | INFO     | Route #5: 90 978 146 114 59 909 801 1005 1157 956 1279 1214 49 587 1132 436 924 518 789 88 959 1274 739 143 724 648 239 1327 322 202 621 1127 769 64 763 696 351 716 597 1259 1030 1234 479 1084 1008 342 106 333 672 704 666 774 259 1209 562 1306 1176 887 1155 902 800 347 752 370 112 67 747 1081 670 358 || mode=vb method=sk_ac_avg solver=filo1 stage=post_ls ls=pyvrp iter=11
2026-03-15 14:24:56 | INFO     | Route #6: 1162 172 1093 1166 304 744 559 606 609 611 497 971 487 743 845 1307 980 853 615 720 417 916 728 979 19 1193 498 450 834 15 730 388 991 24 362 821 334 680 926 1320 871 66 762 152 625 686 1095 444 1191 663 390 355 935 453 998 536 454 4 1323 715 1118 858 1119 737 812 1060 1153 1070 938 134 776 || mode=vb method=sk_ac_avg solver=filo1 stage=post_ls ls=pyvrp iter=11
2026-03-15 14:24:56 | INFO     | Route #7: 681 989 12 13 22 164 633 144 512 357 948 773 455 476 952 165 1024 558 992 1173 276 928 768 1211 1096 554 324 514 1249 303 788 1237 171 622 416 1048 691 850 1213 460 265 889 919 1196 502 406 194 105 1015 903 541 1097 1282 591 931 1210 818 791 582 856 139 101 886 456 667 1288 89 207 869 1148 119 || mode=vb method=sk_ac_avg solver=filo1 stage=post_ls ls=pyvrp iter=11
2026-03-15 14:24:56 | INFO     | Route #8: 1004 505 1325 1137 1013 467 1056 765 1020 320 1068 102 36 147 975 190 851 179 608 1098 254 63 21 1187 1001 960 540 149 870 629 317 508 651 130 246 705 755 55 990 612 1012 922 689 472 216 1326 1185 379 42 248 649 38 692 777 483 683 356 794 671 307 1088 133 198 1192 484 843 1049 437 833 298 1238 135 1142 1204 || mode=vb method=sk_ac_avg solver=filo1 stage=post_ls ls=pyvrp iter=11
2026-03-15 14:24:56 | INFO     | Route #9: 18 972 1260 136 383 632 933 897 1103 405 499 901 372 742 525 369 238 883 1107 288 1291 447 566 1184 1319 126 784 271 1305 412 180 1303 385 83 11 574 569 477 58 646 815 837 270 530 793 550 717 469 354 740 480 563 1161 577 279 900 1124 244 797 787 867 199 1289 206 533 1163 1312 78 917 336 258 1202 522 1017 || mode=vb method=sk_ac_avg solver=filo1 stage=post_ls ls=pyvrp iter=11
2026-03-15 14:24:56 | INFO     | Route #10: 688 775 223 184 884 1058 964 940 676 468 1167 842 1050 967 123 519 1089 1205 1043 1280 237 1032 500 1072 475 1114 1175 86 999 1092 868 45 506 590 1296 221 961 515 302 247 242 257 896 178 95 367 945 934 873 1219 471 578 792 1129 726 1094 811 548 1044 846 1064 1270 434 31 241 || mode=vb method=sk_ac_avg solver=filo1 stage=post_ls ls=pyvrp iter=11
2026-03-15 14:24:56 | INFO     | Route #11: 617 215 1160 610 911 1109 778 706 187 600 551 1141 407 1040 825 806 734 881 1170 210 623 1301 284 1231 627 679 647 176 1018 76 20 205 962 602 10 213 864 1215 1115 281 572 335 79 1203 || mode=vb method=sk_ac_avg solver=filo1 stage=post_ls ls=pyvrp iter=11
2026-03-15 14:24:56 | INFO     | Route #12: 1299 319 211 1130 439 1139 1182 614 662 1227 1029 155 80 877 57 131 576 118 1158 1075 1285 1014 1133 767 1268 899 203 197 994 1194 421 366 652 75 337 951 192 890 1245 983 927 982 28 678 174 481 414 966 162 1111 636 96 1104 384 1317 1065 1085 779 1310 1233 195 451 545 782 527 415 1256 937 1243 631 524 || mode=vb method=sk_ac_avg solver=filo1 stage=post_ls ls=pyvrp iter=11
2026-03-15 14:24:56 | INFO     | Route #13: 109 315 827 748 588 1186 387 790 729 196 848 423 598 783 645 707 48 309 714 332 272 1246 50 81 77 751 1180 660 1222 1059 353 61 543 478 253 145 1011 428 316 23 1009 232 859 1151 435 939 1235 1276 694 230 71 267 1147 795 25 677 585 655 263 459 904 252 1304 2 1293 930 970 557 628 1117 1177 103 1302 || mode=vb method=sk_ac_avg solver=filo1 stage=post_ls ls=pyvrp iter=11
2026-03-15 14:24:56 | INFO     | Route #14: 1144 47 894 1080 925 1220 1261 26 29 1295 442 1006 1269 639 965 72 786 830 936 296 913 375 1036 243 120 219 969 1225 626 161 229 1 1228 425 1062 69 892 1294 1195 1159 44 733 1021 624 306 191 1121 1218 424 556 1131 1171 285 918 1236 1053 293 957 929 1316 921 409 1038 418 1252 16 1315 233 650 977 116 1284 1149 || mode=vb method=sk_ac_avg solver=filo1 stage=post_ls ls=pyvrp iter=11
2026-03-15 14:24:56 | INFO     | Route #15: 665 1251 183 170 331 485 682 339 564 947 1226 310 586 1140 840 1254 440 968 408 721 816 1198 1067 640 661 30 376 124 361 1311 341 865 318 365 510 1035 817 754 283 8 571 60 736 643 212 1165 287 653 491 377 826 200 249 620 553 601 348 201 523 208 438 702 996 269 656 461 398 325 82 54 511 128 700 291 501 || mode=vb method=sk_ac_avg solver=filo1 stage=post_ls ls=pyvrp iter=11
2026-03-15 14:24:56 | INFO     | Route #16: 642 91 635 117 1250 1105 882 256 380 1069 1138 1212 839 555 513 1154 685 218 255 1102 125 282 6 300 1199 595 949 668 1150 268 175 250 781 709 329 567 227 592 534 995 154 173 186 228 274 1003 844 53 862 33 1039 349 299 546 1027 1298 122 245 641 1255 596 750 159 240 829 39 974 1091 || mode=rb method=sk_ac_min solver=filo2 stage=post_ls ls=pyvrp iter=15
2026-03-15 14:24:56 | INFO     | Route #17: 942 1230 520 344 224 1112 85 1045 727 410 1287 446 604 701 673 725 1123 532 350 1286 618 981 824 14 373 712 34 110 1257 820 188 920 363 976 1206 808 1002 17 261 710 400 1136 958 987 490 1000 127 690 275 158 895 907 3 115 914 452 432 713 539 1026 1232 905 1086 599 1099 1201 703 292 941 1100 1224 1183 || mode=rb method=sk_ac_min solver=filo2 stage=post_ls ls=pyvrp iter=15
2026-03-15 14:24:56 | INFO     | Route #18: 507 1244 1078 912 411 1034 1135 955 810 290 129 312 1240 137 1152 565 1101 108 1037 758 371 1125 359 1273 41 295 509 231 878 1275 167 581 1318 1188 482 1290 1190 1297 394 328 910 1079 560 932 264 749 946 493 761 699 289 486 809 583 142 463 607 364 547 378 1051 950 985 1223 273 1066 831 431 427 343 573 220 697 492 || mode=rb method=sk_ac_min solver=filo2 stage=post_ls ls=pyvrp iter=15
2026-03-15 14:24:56 | INFO     | Route #19: 1208 1041 1033 1052 234 906 1022 570 422 695 876 1054 1278 389 1179 766 802 770 1264 495 465 1128 891 99 875 391 1073 1314 731 630 374 326 1313 87 396 813 616 549 488 634 603 745 107 93 1281 166 1197 338 68 984 538 1207 98 97 305 771 189 1074 458 544 1077 1076 654 56 404 251 280 1308 735 74 489 182 321 1031 || mode=rb method=sk_ac_min solver=filo2 stage=post_ls ls=pyvrp iter=15
2026-03-15 14:24:56 | INFO     | 
2026-03-15 14:24:56 | INFO     | [BEST SOLUTION ROUTE SUMMARY]
2026-03-15 14:24:56 | INFO     | --------------------------------------------------------------------------------
2026-03-15 14:24:56 | INFO     |   15 routes | VB    | sk_ac_avg       | solver=filo1      | stage=post_ls | ls=pyvrp
2026-03-15 14:24:56 | INFO     |    4 routes | RB    | sk_ac_min       | solver=filo2      | stage=post_ls | ls=pyvrp
2026-03-15 14:24:56 | INFO     | 
2026-03-15 14:24:56 | INFO     | [ROUTE POOL SUMMARY]
2026-03-15 14:24:56 | INFO     |    57 routes | VB | sk_ac_min | solver=filo2 | stage=post_ls | ls=pyvrp
2026-03-15 14:24:56 | INFO     |    38 routes | VB | sk_ac_avg | solver=filo1 | stage=post_ls | ls=pyvrp
2026-03-15 14:24:56 | INFO     |    22 routes | RB | sk_ac_min | solver=filo2 | stage=post_ls | ls=pyvrp
2026-03-15 14:24:56 | INFO     |    20 routes | VB | sk_kmeans | solver=filo1 | stage=post_ls | ls=pyvrp
2026-03-15 14:24:56 | INFO     |    19 routes | VB | sk_kmeans | solver=filo2 | stage=post_ls | ls=pyvrp
2026-03-15 14:24:56 | INFO     |    19 routes | VB | sk_kmeans | solver=pyvrp | stage=post_ls | ls=pyvrp
2026-03-15 14:24:56 | INFO     |    19 routes | VB | k_medoids_pyclustering | solver=filo1 | stage=post_ls | ls=pyvrp
2026-03-15 14:24:56 | INFO     |    19 routes | VB | sk_ac_complete | solver=pyvrp | stage=post_ls | ls=pyvrp
2026-03-15 14:24:56 | INFO     |    19 routes | VB | fcm | solver=pyvrp | stage=post_ls | ls=pyvrp
2026-03-15 14:24:56 | INFO     |    19 routes | VB | fcm | solver=filo1 | stage=post_ls | ls=pyvrp
2026-03-15 14:24:56 | INFO     |    17 routes | RB | sk_ac_min | solver=filo1 | stage=post_ls | ls=pyvrp
2026-03-15 14:24:56 | INFO     |    17 routes | RB | sk_ac_complete | solver=filo2 | stage=post_ls | ls=pyvrp
2026-03-15 14:24:56 | INFO     |    11 routes | RB | sk_ac_avg | solver=filo1 | stage=post_ls | ls=pyvrp
2026-03-15 14:24:56 | INFO     |     5 routes | RB | sk_kmeans | solver=filo1 | stage=post_ls | ls=pyvrp
2026-03-15 14:24:56 | INFO     | [XL-n1328-k19 IMPROVED-SCP] best_cost=38396 | Gap: 0.5105%
2026-03-15 14:24:56 | INFO     | [XL-n1328-k19 ITERATION-TIMES 18] cluster=0.048s routing=1344.937s ls=26.615s scp=24.975s total=1396.633s
2026-03-15 14:24:56 | INFO     | [XL-n1328-k19 ITERATION 19] mode=VB method=k_medoids_pyclustering k=7 solver=filo1 ls=pyvrp
2026-03-15 14:25:59 | INFO     | [XL-n1328-k19 CLUSTER] method=k_medoids_pyclustering k=7 | sizes=[298, 246, 137, 114, 176, 247, 109] | min=109 max=298 avg=189.6
2026-03-15 14:25:59 | INFO     | [XL-n1328-k19 ROUTING] Solving clusters with filo1
2026-03-15 14:35:14 | INFO     | [XL-n1328-k19 NO-IMPROVEMENT] best_cost=38396 | streak=1 | Gap: 0.5105%
2026-03-15 14:35:14 | INFO     | [XL-n1328-k19 ITERATION-TIMES 19] cluster=63.092s routing=520.467s ls=34.612s total=618.240s
2026-03-15 14:35:14 | INFO     | [XL-n1328-k19 ITERATION 20] mode=VB method=k_medoids_pyclustering k=2 solver=pyvrp ls=pyvrp
2026-03-15 14:36:05 | INFO     | [XL-n1328-k19 CLUSTER] method=k_medoids_pyclustering k=2 | sizes=[704, 623] | min=623 max=704 avg=663.5
2026-03-15 14:36:05 | INFO     | [XL-n1328-k19 ROUTING] Solving clusters with pyvrp
2026-03-15 14:40:49 | INFO     | [XL-n1328-k19 NO-IMPROVEMENT] best_cost=38396 | streak=2 | Gap: 0.5105%
2026-03-15 14:40:49 | INFO     | [XL-n1328-k19 ITERATION-TIMES 20] cluster=51.013s routing=246.411s ls=37.265s total=334.706s
2026-03-15 14:40:49 | INFO     | [XL-n1328-k19 ITERATION 21] mode=RB method=sk_kmeans k=8 solver=filo2 ls=pyvrp
2026-03-15 14:40:51 | INFO     | [XL-n1328-k19 CLUSTER] method=sk_kmeans k=8 | sizes=[213, 293, 363, 126, 44, 70, 143, 75] | min=44 max=363 avg=165.9
2026-03-15 14:40:51 | INFO     | [XL-n1328-k19 ROUTING] Solving clusters with filo2
2026-03-15 14:49:24 | INFO     | [XL-n1328-k19 SCP] pruning_mode=diversity
2026-03-15 14:49:24 | INFO     | [XL-n1328-k19 SCP] solver=gurobi_mip | route_pool=346
2026-03-15 14:49:25 | INFO     | [XL-n1328-k19 SCP] optimal solution found
2026-03-15 14:49:58 | INFO     | [XL-n1328-k19 SCP-NO-IMPROVEMENT] cost=38396 (best=38396) | Gap: 0.5105%
2026-03-15 14:49:58 | INFO     | [XL-n1328-k19 NO-IMPROVEMENT] best_cost=38396 | streak=3 | Gap: 0.5105%
2026-03-15 14:49:58 | INFO     | [XL-n1328-k19 ITERATION-TIMES 21] cluster=1.614s routing=485.783s ls=27.269s scp=34.767s total=549.480s
2026-03-15 14:49:58 | INFO     | [XL-n1328-k19 ITERATION 22] mode=VB method=sk_ac_avg k=3 solver=filo1 ls=pyvrp
2026-03-15 14:50:21 | INFO     | [XL-n1328-k19 CLUSTER] method=sk_ac_avg k=3 | sizes=[1236, 1, 90] | min=1 max=1236 avg=442.3
2026-03-15 14:50:21 | INFO     | [XL-n1328-k19 ROUTING] Solving clusters with filo1
2026-03-15 15:37:10 | INFO     | 
2026-03-15 15:37:10 | INFO     | ================================================================================
2026-03-15 15:37:10 | INFO     | [XL-n1328-k19] PERIODIC SNAPSHOT SNAPSHOT_003
2026-03-15 15:37:10 | INFO     | ================================================================================
2026-03-15 15:37:10 | INFO     | Route #1: 156 1007 580 43 433 266 898 448 860 1116 521 561 675 1143 738 669 796 226 997 193 1164 204 847 1263 1283 835 466 756 722 785 35 313 160 807 314 1168 62 27 1217 496 32 1253 1174 732 1265 915 814 605 397 260 1172 177 402 849 401 308 392 1016 1145 943 757 1216 1322 637 138 157 764 1266 473 516 494 111 594 429 || mode=vb method=sk_ac_avg solver=filo1 stage=post_ls ls=pyvrp iter=11
2026-03-15 15:37:10 | INFO     | Route #2: 589 1156 1042 888 841 542 40 1110 168 382 5 804 301 828 619 113 294 449 1321 674 638 330 923 693 1122 659 443 879 644 46 73 340 1057 65 893 286 963 993 132 723 593 430 311 954 217 986 908 708 70 84 1113 1309 1090 345 753 861 37 819 7 1178 1108 278 836 552 575 1010 327 395 823 760 535 1272 854 214 || mode=vb method=sk_ac_avg solver=filo1 stage=post_ls ls=pyvrp iter=11
2026-03-15 15:37:10 | INFO     | Route #3: 1221 759 262 1300 866 1248 529 1019 657 613 140 104 235 1241 150 1277 526 1262 297 92 803 277 51 880 1271 121 1023 236 1046 462 209 832 368 386 1267 1324 517 855 1239 1082 973 426 872 169 568 153 537 464 163 346 1200 874 1028 100 381 420 1292 393 151 1258 474 741 1071 953 579 1047 746 852 664 1229 1189 222 || mode=vb method=sk_ac_avg solver=filo1 stage=post_ls ls=pyvrp iter=11
2026-03-15 15:37:10 | INFO     | Route #4: 90 978 146 114 59 909 801 1005 1157 956 1279 1214 49 587 1132 436 924 518 789 88 959 1274 739 143 724 648 239 1327 322 202 621 1127 769 64 763 696 351 716 597 1259 1030 1234 479 1084 1008 342 106 333 672 704 666 774 259 1209 562 1306 1176 887 1155 902 800 347 752 370 112 67 747 1081 670 358 || mode=vb method=sk_ac_avg solver=filo1 stage=post_ls ls=pyvrp iter=11
2026-03-15 15:37:10 | INFO     | Route #5: 1162 172 1093 1166 304 744 559 606 609 611 497 971 487 743 845 1307 980 853 615 720 417 916 728 979 19 1193 498 450 834 15 730 388 991 24 362 821 334 680 926 1320 871 66 762 152 625 686 1095 444 1191 663 390 355 935 453 998 536 454 4 1323 715 1118 858 1119 737 812 1060 1153 1070 938 134 776 || mode=vb method=sk_ac_avg solver=filo1 stage=post_ls ls=pyvrp iter=11
2026-03-15 15:37:10 | INFO     | Route #6: 681 989 12 13 22 164 633 144 512 357 948 773 455 476 952 165 1024 558 992 1173 276 928 768 1211 1096 554 324 514 1249 303 788 1237 171 622 416 1048 691 850 1213 460 265 889 919 1196 502 406 194 105 1015 903 541 1097 1282 591 931 1210 818 791 582 856 139 101 886 456 667 1288 89 207 869 1148 119 || mode=vb method=sk_ac_avg solver=filo1 stage=post_ls ls=pyvrp iter=11
2026-03-15 15:37:10 | INFO     | Route #7: 1004 505 1325 1137 1013 467 1056 765 1020 320 1068 102 36 147 975 190 851 179 608 1098 254 63 21 1187 1001 960 540 149 870 629 317 508 651 130 246 705 755 55 990 612 1012 922 689 472 216 1326 1185 379 42 248 649 38 692 777 483 683 356 794 671 307 1088 133 198 1192 484 843 1049 437 833 298 1238 135 1142 1204 || mode=vb method=sk_ac_avg solver=filo1 stage=post_ls ls=pyvrp iter=11
2026-03-15 15:37:10 | INFO     | Route #8: 18 972 1260 136 383 632 933 897 1103 405 499 901 372 742 525 369 238 883 1107 288 1291 447 566 1184 1319 126 784 271 1305 412 180 1303 385 83 11 574 569 477 58 646 815 837 270 530 793 550 717 469 354 740 480 563 1161 577 279 900 1124 244 797 787 867 199 1289 206 533 1163 1312 78 917 336 258 1202 522 1017 || mode=vb method=sk_ac_avg solver=filo1 stage=post_ls ls=pyvrp iter=11
2026-03-15 15:37:10 | INFO     | Route #9: 688 775 223 184 884 1058 964 940 676 468 1167 842 1050 967 123 519 1089 1205 1043 1280 237 1032 500 1072 475 1114 1175 86 999 1092 868 45 506 590 1296 221 961 515 302 247 242 257 896 178 95 367 945 934 873 1219 471 578 792 1129 726 1094 811 548 1044 846 1064 1270 434 31 241 || mode=vb method=sk_ac_avg solver=filo1 stage=post_ls ls=pyvrp iter=11
2026-03-15 15:37:10 | INFO     | Route #10: 617 215 1160 610 911 1109 778 706 187 600 551 1141 407 1040 825 806 734 881 1170 210 623 1301 284 1231 627 679 647 176 1018 76 20 205 962 602 10 213 864 1215 1115 281 572 335 79 1203 || mode=vb method=sk_ac_avg solver=filo1 stage=post_ls ls=pyvrp iter=11
2026-03-15 15:37:10 | INFO     | Route #11: 1299 319 211 1130 439 1139 1182 614 662 1227 1029 155 80 877 57 131 576 118 1158 1075 1285 1014 1133 767 1268 899 203 197 994 1194 421 366 652 75 337 951 192 890 1245 983 927 982 28 678 174 481 414 966 162 1111 636 96 1104 384 1317 1065 1085 779 1310 1233 195 451 545 782 527 415 1256 937 1243 631 524 || mode=vb method=sk_ac_avg solver=filo1 stage=post_ls ls=pyvrp iter=11
2026-03-15 15:37:10 | INFO     | Route #12: 109 315 827 748 588 1186 387 790 729 196 848 423 598 783 645 707 48 309 714 332 272 1246 50 81 77 751 1180 660 1222 1059 353 61 543 478 253 145 1011 428 316 23 1009 232 859 1151 435 939 1235 1276 694 230 71 267 1147 795 25 677 585 655 263 459 904 252 1304 2 1293 930 970 557 628 1117 1177 103 1302 || mode=vb method=sk_ac_avg solver=filo1 stage=post_ls ls=pyvrp iter=11
2026-03-15 15:37:10 | INFO     | Route #13: 1144 47 894 1080 925 1220 1261 26 29 1295 442 1006 1269 639 965 72 786 830 936 296 913 375 1036 243 120 219 969 1225 626 161 229 1 1228 425 1062 69 892 1294 1195 1159 44 733 1021 624 306 191 1121 1218 424 556 1131 1171 285 918 1236 1053 293 957 929 1316 921 409 1038 418 1252 16 1315 233 650 977 116 1284 1149 || mode=vb method=sk_ac_avg solver=filo1 stage=post_ls ls=pyvrp iter=11
2026-03-15 15:37:10 | INFO     | Route #14: 665 1251 183 170 331 485 682 339 564 947 1226 310 586 1140 840 1254 440 968 408 721 816 1198 1067 640 661 30 376 124 361 1311 341 865 318 365 510 1035 817 754 283 8 571 60 736 643 212 1165 287 653 491 377 826 200 249 620 553 601 348 201 523 208 438 702 996 269 656 461 398 325 82 54 511 128 700 291 501 || mode=vb method=sk_ac_avg solver=filo1 stage=post_ls ls=pyvrp iter=11
2026-03-15 15:37:10 | INFO     | Route #15: 942 1230 520 344 224 1112 85 1045 727 410 1287 446 604 701 673 725 1123 532 350 1286 618 981 824 14 373 712 34 110 1257 820 188 920 363 976 1206 808 1002 17 261 710 400 1136 958 987 490 1000 127 690 275 158 895 907 3 115 914 452 432 713 539 1026 1232 905 1086 599 1099 1201 703 292 941 1100 1224 1183 || mode=rb method=sk_ac_min solver=filo2 stage=post_ls ls=pyvrp iter=15
2026-03-15 15:37:10 | INFO     | Route #16: 507 1244 1078 912 411 1034 1135 955 810 290 129 312 1240 137 1152 565 1101 108 1037 758 371 1125 359 1273 41 295 509 231 878 1275 167 581 1318 1188 482 1290 1190 1297 394 328 910 1079 560 932 264 749 946 493 761 699 289 486 809 583 142 463 607 364 547 378 1051 950 985 1223 273 1066 831 431 427 343 573 220 697 492 || mode=rb method=sk_ac_min solver=filo2 stage=post_ls ls=pyvrp iter=15
2026-03-15 15:37:10 | INFO     | Route #17: 1208 1041 1033 1052 234 906 1022 570 422 695 876 1054 1278 389 1179 766 802 770 1264 495 465 1128 891 99 875 391 1073 1314 731 630 374 326 1313 87 396 813 616 549 488 634 603 745 107 93 1281 166 1197 338 68 984 538 1207 98 97 305 771 189 1074 458 544 1077 1076 654 56 404 251 280 1308 735 74 489 182 321 1031 || mode=rb method=sk_ac_min solver=filo2 stage=post_ls ls=pyvrp iter=15
2026-03-15 15:37:10 | INFO     | Route #18: 470 642 91 635 117 1250 1105 882 256 380 1069 1138 1212 839 555 513 1154 988 685 218 255 1102 125 282 6 300 1199 595 949 668 1150 268 175 250 781 709 329 567 227 592 534 995 154 173 186 228 274 1003 844 53 862 33 1039 349 299 546 1027 1298 122 245 641 1255 596 750 159 240 829 39 974 || mode=rb method=sk_kmeans solver=filo1 stage=post_ls ls=pyvrp iter=17
2026-03-15 15:37:10 | INFO     | Route #19: 772 1106 441 1025 504 1134 718 1063 185 1181 225 1087 1055 687 1126 885 531 1061 684 503 799 9 323 584 658 1083 798 1120 352 857 528 711 403 822 399 445 181 94 141 863 360 413 419 805 698 1247 838 1146 1169 944 719 52 148 457 1242 780 1091 || mode=rb method=sk_kmeans solver=filo1 stage=post_ls ls=pyvrp iter=17
2026-03-15 15:37:10 | INFO     | 
2026-03-15 15:37:10 | INFO     | [BEST SOLUTION ROUTE SUMMARY]
2026-03-15 15:37:10 | INFO     | --------------------------------------------------------------------------------
2026-03-15 15:37:10 | INFO     |   14 routes | VB    | sk_ac_avg       | solver=filo1      | stage=post_ls | ls=pyvrp
2026-03-15 15:37:10 | INFO     |    3 routes | RB    | sk_ac_min       | solver=filo2      | stage=post_ls | ls=pyvrp
2026-03-15 15:37:10 | INFO     |    2 routes | RB    | sk_kmeans       | solver=filo1      | stage=post_ls | ls=pyvrp
2026-03-15 15:37:10 | INFO     | 
2026-03-15 15:37:10 | INFO     | [ROUTE POOL SUMMARY]
2026-03-15 15:37:10 | INFO     |    57 routes | VB | sk_ac_avg | solver=filo1 | stage=post_ls | ls=pyvrp
2026-03-15 15:37:10 | INFO     |    57 routes | VB | sk_ac_min | solver=filo2 | stage=post_ls | ls=pyvrp
2026-03-15 15:37:10 | INFO     |    38 routes | VB | k_medoids_pyclustering | solver=filo1 | stage=post_ls | ls=pyvrp
2026-03-15 15:37:10 | INFO     |    22 routes | RB | sk_ac_min | solver=filo2 | stage=post_ls | ls=pyvrp
2026-03-15 15:37:10 | INFO     |    20 routes | VB | sk_kmeans | solver=filo1 | stage=post_ls | ls=pyvrp
2026-03-15 15:37:10 | INFO     |    19 routes | VB | sk_kmeans | solver=filo2 | stage=post_ls | ls=pyvrp
2026-03-15 15:37:10 | INFO     |    19 routes | VB | sk_kmeans | solver=pyvrp | stage=post_ls | ls=pyvrp
2026-03-15 15:37:10 | INFO     |    19 routes | VB | sk_ac_complete | solver=pyvrp | stage=post_ls | ls=pyvrp
2026-03-15 15:37:10 | INFO     |    19 routes | VB | fcm | solver=pyvrp | stage=post_ls | ls=pyvrp
2026-03-15 15:37:10 | INFO     |    19 routes | VB | fcm | solver=filo1 | stage=post_ls | ls=pyvrp
2026-03-15 15:37:10 | INFO     |    19 routes | VB | k_medoids_pyclustering | solver=pyvrp | stage=post_ls | ls=pyvrp
2026-03-15 15:37:10 | INFO     |    17 routes | RB | sk_ac_min | solver=filo1 | stage=post_ls | ls=pyvrp
2026-03-15 15:37:10 | INFO     |    17 routes | RB | sk_ac_complete | solver=filo2 | stage=post_ls | ls=pyvrp
2026-03-15 15:37:10 | INFO     |    11 routes | RB | sk_ac_avg | solver=filo1 | stage=post_ls | ls=pyvrp
2026-03-15 15:37:10 | INFO     |     7 routes | RB | sk_kmeans | solver=filo2 | stage=post_ls | ls=pyvrp
2026-03-15 15:37:10 | INFO     |     5 routes | RB | sk_kmeans | solver=filo1 | stage=post_ls | ls=pyvrp
2026-03-15 15:37:10 | INFO     | [XL-n1328-k19 NO-IMPROVEMENT] best_cost=38396 | streak=4 | Gap: 0.5105%
2026-03-15 15:37:10 | INFO     | [XL-n1328-k19 ITERATION-TIMES 22] cluster=22.341s routing=2776.341s ls=32.343s total=2831.181s
2026-03-15 15:37:10 | INFO     | [XL-n1328-k19 ITERATION 23] mode=RB method=sk_ac_avg k=2 solver=filo2 ls=pyvrp
2026-03-15 15:37:10 | INFO     | [XL-n1328-k19 CLUSTER] method=sk_ac_avg k=2 | sizes=[1283, 44] | min=44 max=1283 avg=663.5
2026-03-15 15:37:10 | INFO     | [XL-n1328-k19 ROUTING] Solving clusters with filo2
2026-03-15 15:56:08 | INFO     | [XL-n1328-k19 NO-IMPROVEMENT] best_cost=38396 | streak=5 | Gap: 0.5105%
2026-03-15 15:56:08 | INFO     | [XL-n1328-k19 ITERATION-TIMES 23] cluster=0.031s routing=1122.580s ls=16.086s total=1138.723s
2026-03-15 15:56:08 | INFO     | [XL-n1328-k19 ITERATION 24] mode=VB method=sk_ac_avg k=6 solver=filo1 ls=pyvrp
2026-03-15 15:56:21 | INFO     | [XL-n1328-k19 CLUSTER] method=sk_ac_avg k=6 | sizes=[326, 127, 658, 92, 84, 40] | min=40 max=658 avg=221.2
2026-03-15 15:56:21 | INFO     | [XL-n1328-k19 ROUTING] Solving clusters with filo1
2026-03-15 16:07:55 | INFO     | [XL-n1328-k19 SCP] pruning_mode=diversity
2026-03-15 16:07:55 | INFO     | [XL-n1328-k19 SCP] solver=gurobi_mip | route_pool=402
2026-03-15 16:07:56 | INFO     | [XL-n1328-k19 SCP] optimal solution found
2026-03-15 16:08:05 | INFO     | [XL-n1328-k19 SCP-NO-IMPROVEMENT] cost=38396 (best=38396) | Gap: 0.5105%
2026-03-15 16:08:05 | INFO     | [XL-n1328-k19 NO-IMPROVEMENT] best_cost=38396 | streak=6 | Gap: 0.5105%
2026-03-15 16:08:05 | INFO     | [XL-n1328-k19 ITERATION-TIMES 24] cluster=12.482s routing=683.722s ls=10.029s scp=10.502s total=716.752s
2026-03-15 16:08:05 | INFO     | [XL-n1328-k19 ITERATION 25] mode=VB method=sk_ac_min k=2 solver=filo1 ls=pyvrp
2026-03-15 16:08:12 | INFO     | [XL-n1328-k19 CLUSTER] method=sk_ac_min k=2 | sizes=[1326, 1] | min=1 max=1326 avg=663.5
2026-03-15 16:08:12 | INFO     | [XL-n1328-k19 ROUTING] Solving clusters with filo1
2026-03-15 16:29:55 | INFO     | [XL-n1328-k19 NO-IMPROVEMENT] best_cost=38396 | streak=7 | Gap: 0.5105%
2026-03-15 16:29:55 | INFO     | [XL-n1328-k19 ITERATION-TIMES 25] cluster=6.722s routing=1276.189s ls=26.700s total=1309.637s
2026-03-15 16:29:55 | INFO     | [XL-n1328-k19 ITERATION 26] mode=RB method=sk_ac_min k=3 solver=filo1 ls=pyvrp
2026-03-15 16:29:55 | INFO     | [XL-n1328-k19 CLUSTER] method=sk_ac_min k=3 | sizes=[1208, 44, 75] | min=44 max=1208 avg=442.3
2026-03-15 16:29:55 | INFO     | [XL-n1328-k19 ROUTING] Solving clusters with filo1
2026-03-15 16:53:32 | INFO     | 
2026-03-15 16:53:32 | INFO     | ================================================================================
2026-03-15 16:53:32 | INFO     | [XL-n1328-k19] PERIODIC SNAPSHOT SNAPSHOT_004
2026-03-15 16:53:32 | INFO     | ================================================================================
2026-03-15 16:53:32 | INFO     | Route #1: 156 1007 580 43 433 266 898 448 860 1116 521 561 675 1143 738 669 796 226 997 193 1164 204 847 1263 1283 835 466 756 722 785 35 313 160 807 314 1168 62 27 1217 496 32 1253 1174 732 1265 915 814 605 397 260 1172 177 402 849 401 308 392 1016 1145 943 757 1216 1322 637 138 157 764 1266 473 516 494 111 594 429 || mode=vb method=sk_ac_avg solver=filo1 stage=post_ls ls=pyvrp iter=11
2026-03-15 16:53:32 | INFO     | Route #2: 589 1156 1042 888 841 542 40 1110 168 382 5 804 301 828 619 113 294 449 1321 674 638 330 923 693 1122 659 443 879 644 46 73 340 1057 65 893 286 963 993 132 723 593 430 311 954 217 986 908 708 70 84 1113 1309 1090 345 753 861 37 819 7 1178 1108 278 836 552 575 1010 327 395 823 760 535 1272 854 214 || mode=vb method=sk_ac_avg solver=filo1 stage=post_ls ls=pyvrp iter=11
2026-03-15 16:53:32 | INFO     | Route #3: 1221 759 262 1300 866 1248 529 1019 657 613 140 104 235 1241 150 1277 526 1262 297 92 803 277 51 880 1271 121 1023 236 1046 462 209 832 368 386 1267 1324 517 855 1239 1082 973 426 872 169 568 153 537 464 163 346 1200 874 1028 100 381 420 1292 393 151 1258 474 741 1071 953 579 1047 746 852 664 1229 1189 222 || mode=vb method=sk_ac_avg solver=filo1 stage=post_ls ls=pyvrp iter=11
2026-03-15 16:53:32 | INFO     | Route #4: 90 978 146 114 59 909 801 1005 1157 956 1279 1214 49 587 1132 436 924 518 789 88 959 1274 739 143 724 648 239 1327 322 202 621 1127 769 64 763 696 351 716 597 1259 1030 1234 479 1084 1008 342 106 333 672 704 666 774 259 1209 562 1306 1176 887 1155 902 800 347 752 370 112 67 747 1081 670 358 || mode=vb method=sk_ac_avg solver=filo1 stage=post_ls ls=pyvrp iter=11
2026-03-15 16:53:32 | INFO     | Route #5: 1162 172 1093 1166 304 744 559 606 609 611 497 971 487 743 845 1307 980 853 615 720 417 916 728 979 19 1193 498 450 834 15 730 388 991 24 362 821 334 680 926 1320 871 66 762 152 625 686 1095 444 1191 663 390 355 935 453 998 536 454 4 1323 715 1118 858 1119 737 812 1060 1153 1070 938 134 776 || mode=vb method=sk_ac_avg solver=filo1 stage=post_ls ls=pyvrp iter=11
2026-03-15 16:53:32 | INFO     | Route #6: 681 989 12 13 22 164 633 144 512 357 948 773 455 476 952 165 1024 558 992 1173 276 928 768 1211 1096 554 324 514 1249 303 788 1237 171 622 416 1048 691 850 1213 460 265 889 919 1196 502 406 194 105 1015 903 541 1097 1282 591 931 1210 818 791 582 856 139 101 886 456 667 1288 89 207 869 1148 119 || mode=vb method=sk_ac_avg solver=filo1 stage=post_ls ls=pyvrp iter=11
2026-03-15 16:53:32 | INFO     | Route #7: 1004 505 1325 1137 1013 467 1056 765 1020 320 1068 102 36 147 975 190 851 179 608 1098 254 63 21 1187 1001 960 540 149 870 629 317 508 651 130 246 705 755 55 990 612 1012 922 689 472 216 1326 1185 379 42 248 649 38 692 777 483 683 356 794 671 307 1088 133 198 1192 484 843 1049 437 833 298 1238 135 1142 1204 || mode=vb method=sk_ac_avg solver=filo1 stage=post_ls ls=pyvrp iter=11
2026-03-15 16:53:32 | INFO     | Route #8: 18 972 1260 136 383 632 933 897 1103 405 499 901 372 742 525 369 238 883 1107 288 1291 447 566 1184 1319 126 784 271 1305 412 180 1303 385 83 11 574 569 477 58 646 815 837 270 530 793 550 717 469 354 740 480 563 1161 577 279 900 1124 244 797 787 867 199 1289 206 533 1163 1312 78 917 336 258 1202 522 1017 || mode=vb method=sk_ac_avg solver=filo1 stage=post_ls ls=pyvrp iter=11
2026-03-15 16:53:32 | INFO     | Route #9: 688 775 223 184 884 1058 964 940 676 468 1167 842 1050 967 123 519 1089 1205 1043 1280 237 1032 500 1072 475 1114 1175 86 999 1092 868 45 506 590 1296 221 961 515 302 247 242 257 896 178 95 367 945 934 873 1219 471 578 792 1129 726 1094 811 548 1044 846 1064 1270 434 31 241 || mode=vb method=sk_ac_avg solver=filo1 stage=post_ls ls=pyvrp iter=11
2026-03-15 16:53:32 | INFO     | Route #10: 617 215 1160 610 911 1109 778 706 187 600 551 1141 407 1040 825 806 734 881 1170 210 623 1301 284 1231 627 679 647 176 1018 76 20 205 962 602 10 213 864 1215 1115 281 572 335 79 1203 || mode=vb method=sk_ac_avg solver=filo1 stage=post_ls ls=pyvrp iter=11
2026-03-15 16:53:32 | INFO     | Route #11: 1299 319 211 1130 439 1139 1182 614 662 1227 1029 155 80 877 57 131 576 118 1158 1075 1285 1014 1133 767 1268 899 203 197 994 1194 421 366 652 75 337 951 192 890 1245 983 927 982 28 678 174 481 414 966 162 1111 636 96 1104 384 1317 1065 1085 779 1310 1233 195 451 545 782 527 415 1256 937 1243 631 524 || mode=vb method=sk_ac_avg solver=filo1 stage=post_ls ls=pyvrp iter=11
2026-03-15 16:53:32 | INFO     | Route #12: 109 315 827 748 588 1186 387 790 729 196 848 423 598 783 645 707 48 309 714 332 272 1246 50 81 77 751 1180 660 1222 1059 353 61 543 478 253 145 1011 428 316 23 1009 232 859 1151 435 939 1235 1276 694 230 71 267 1147 795 25 677 585 655 263 459 904 252 1304 2 1293 930 970 557 628 1117 1177 103 1302 || mode=vb method=sk_ac_avg solver=filo1 stage=post_ls ls=pyvrp iter=11
2026-03-15 16:53:32 | INFO     | Route #13: 1144 47 894 1080 925 1220 1261 26 29 1295 442 1006 1269 639 965 72 786 830 936 296 913 375 1036 243 120 219 969 1225 626 161 229 1 1228 425 1062 69 892 1294 1195 1159 44 733 1021 624 306 191 1121 1218 424 556 1131 1171 285 918 1236 1053 293 957 929 1316 921 409 1038 418 1252 16 1315 233 650 977 116 1284 1149 || mode=vb method=sk_ac_avg solver=filo1 stage=post_ls ls=pyvrp iter=11
2026-03-15 16:53:32 | INFO     | Route #14: 665 1251 183 170 331 485 682 339 564 947 1226 310 586 1140 840 1254 440 968 408 721 816 1198 1067 640 661 30 376 124 361 1311 341 865 318 365 510 1035 817 754 283 8 571 60 736 643 212 1165 287 653 491 377 826 200 249 620 553 601 348 201 523 208 438 702 996 269 656 461 398 325 82 54 511 128 700 291 501 || mode=vb method=sk_ac_avg solver=filo1 stage=post_ls ls=pyvrp iter=11
2026-03-15 16:53:32 | INFO     | Route #15: 942 1230 520 344 224 1112 85 1045 727 410 1287 446 604 701 673 725 1123 532 350 1286 618 981 824 14 373 712 34 110 1257 820 188 920 363 976 1206 808 1002 17 261 710 400 1136 958 987 490 1000 127 690 275 158 895 907 3 115 914 452 432 713 539 1026 1232 905 1086 599 1099 1201 703 292 941 1100 1224 1183 || mode=rb method=sk_ac_min solver=filo2 stage=post_ls ls=pyvrp iter=15
2026-03-15 16:53:32 | INFO     | Route #16: 507 1244 1078 912 411 1034 1135 955 810 290 129 312 1240 137 1152 565 1101 108 1037 758 371 1125 359 1273 41 295 509 231 878 1275 167 581 1318 1188 482 1290 1190 1297 394 328 910 1079 560 932 264 749 946 493 761 699 289 486 809 583 142 463 607 364 547 378 1051 950 985 1223 273 1066 831 431 427 343 573 220 697 492 || mode=rb method=sk_ac_min solver=filo2 stage=post_ls ls=pyvrp iter=15
2026-03-15 16:53:32 | INFO     | Route #17: 1208 1041 1033 1052 234 906 1022 570 422 695 876 1054 1278 389 1179 766 802 770 1264 495 465 1128 891 99 875 391 1073 1314 731 630 374 326 1313 87 396 813 616 549 488 634 603 745 107 93 1281 166 1197 338 68 984 538 1207 98 97 305 771 189 1074 458 544 1077 1076 654 56 404 251 280 1308 735 74 489 182 321 1031 || mode=rb method=sk_ac_min solver=filo2 stage=post_ls ls=pyvrp iter=15
2026-03-15 16:53:32 | INFO     | Route #18: 470 642 91 635 117 1250 1105 882 256 380 1069 1138 1212 839 555 513 1154 988 685 218 255 1102 125 282 6 300 1199 595 949 668 1150 268 175 250 781 709 329 567 227 592 534 995 154 173 186 228 274 1003 844 53 862 33 1039 349 299 546 1027 1298 122 245 641 1255 596 750 159 240 829 39 974 || mode=rb method=sk_kmeans solver=filo1 stage=post_ls ls=pyvrp iter=17
2026-03-15 16:53:32 | INFO     | Route #19: 772 1106 441 1025 504 1134 718 1063 185 1181 225 1087 1055 687 1126 885 531 1061 684 503 799 9 323 584 658 1083 798 1120 352 857 528 711 403 822 399 445 181 94 141 863 360 413 419 805 698 1247 838 1146 1169 944 719 52 148 457 1242 780 1091 || mode=rb method=sk_kmeans solver=filo1 stage=post_ls ls=pyvrp iter=17
2026-03-15 16:53:32 | INFO     | 
2026-03-15 16:53:32 | INFO     | [BEST SOLUTION ROUTE SUMMARY]
2026-03-15 16:53:32 | INFO     | --------------------------------------------------------------------------------
2026-03-15 16:53:32 | INFO     |   14 routes | VB    | sk_ac_avg       | solver=filo1      | stage=post_ls | ls=pyvrp
2026-03-15 16:53:32 | INFO     |    3 routes | RB    | sk_ac_min       | solver=filo2      | stage=post_ls | ls=pyvrp
2026-03-15 16:53:32 | INFO     |    2 routes | RB    | sk_kmeans       | solver=filo1      | stage=post_ls | ls=pyvrp
2026-03-15 16:53:32 | INFO     | 
2026-03-15 16:53:32 | INFO     | [ROUTE POOL SUMMARY]
2026-03-15 16:53:32 | INFO     |    76 routes | VB | sk_ac_avg | solver=filo1 | stage=post_ls | ls=pyvrp
2026-03-15 16:53:32 | INFO     |    57 routes | VB | sk_ac_min | solver=filo2 | stage=post_ls | ls=pyvrp
2026-03-15 16:53:32 | INFO     |    38 routes | VB | k_medoids_pyclustering | solver=filo1 | stage=post_ls | ls=pyvrp
2026-03-15 16:53:32 | INFO     |    34 routes | RB | sk_ac_min | solver=filo1 | stage=post_ls | ls=pyvrp
2026-03-15 16:53:32 | INFO     |    22 routes | RB | sk_ac_min | solver=filo2 | stage=post_ls | ls=pyvrp
2026-03-15 16:53:32 | INFO     |    20 routes | VB | sk_kmeans | solver=filo1 | stage=post_ls | ls=pyvrp
2026-03-15 16:53:32 | INFO     |    19 routes | VB | sk_kmeans | solver=filo2 | stage=post_ls | ls=pyvrp
2026-03-15 16:53:32 | INFO     |    19 routes | VB | sk_kmeans | solver=pyvrp | stage=post_ls | ls=pyvrp
2026-03-15 16:53:32 | INFO     |    19 routes | VB | sk_ac_complete | solver=pyvrp | stage=post_ls | ls=pyvrp
2026-03-15 16:53:32 | INFO     |    19 routes | VB | fcm | solver=pyvrp | stage=post_ls | ls=pyvrp
2026-03-15 16:53:32 | INFO     |    19 routes | VB | fcm | solver=filo1 | stage=post_ls | ls=pyvrp
2026-03-15 16:53:32 | INFO     |    19 routes | VB | k_medoids_pyclustering | solver=pyvrp | stage=post_ls | ls=pyvrp
2026-03-15 16:53:32 | INFO     |    18 routes | RB | sk_ac_avg | solver=filo2 | stage=post_ls | ls=pyvrp
2026-03-15 16:53:32 | INFO     |    17 routes | RB | sk_ac_complete | solver=filo2 | stage=post_ls | ls=pyvrp
2026-03-15 16:53:32 | INFO     |    11 routes | RB | sk_ac_avg | solver=filo1 | stage=post_ls | ls=pyvrp
2026-03-15 16:53:32 | INFO     |     7 routes | RB | sk_kmeans | solver=filo2 | stage=post_ls | ls=pyvrp
2026-03-15 16:53:32 | INFO     |     5 routes | RB | sk_kmeans | solver=filo1 | stage=post_ls | ls=pyvrp
2026-03-15 16:53:32 | INFO     | [XL-n1328-k19 NO-IMPROVEMENT] best_cost=38396 | streak=8 | Gap: 0.5105%
2026-03-15 16:53:32 | INFO     | [XL-n1328-k19 ITERATION-TIMES 26] cluster=0.015s routing=1391.478s ls=25.400s total=1416.943s
2026-03-15 16:53:32 | INFO     | [XL-n1328-k19 ITERATION 27] mode=RB method=sk_ac_complete k=9 solver=pyvrp ls=pyvrp
2026-03-15 16:53:32 | INFO     | [XL-n1328-k19 CLUSTER] method=sk_ac_complete k=9 | sizes=[126, 293, 213, 216, 143, 147, 75, 70, 44] | min=44 max=293 avg=147.4
2026-03-15 16:53:32 | INFO     | [XL-n1328-k19 ROUTING] Solving clusters with pyvrp
2026-03-15 16:58:18 | INFO     | [XL-n1328-k19 SCP] pruning_mode=diversity
2026-03-15 16:58:18 | INFO     | [XL-n1328-k19 SCP] solver=gurobi_mip | route_pool=434
2026-03-15 16:58:22 | INFO     | [XL-n1328-k19 SCP] optimal solution found
2026-03-15 16:59:08 | INFO     | [XL-n1328-k19 SCP-NO-IMPROVEMENT] cost=38396 (best=38396) | Gap: 0.5105%
2026-03-15 16:59:08 | INFO     | [XL-n1328-k19 NO-IMPROVEMENT] best_cost=38396 | streak=9 | Gap: 0.5105%
2026-03-15 16:59:08 | INFO     | [XL-n1328-k19 ITERATION-TIMES 27] cluster=0.007s routing=255.971s ls=30.545s scp=49.615s total=336.157s
2026-03-15 16:59:08 | INFO     | [XL-n1328-k19 ITERATION 28] mode=VB method=sk_ac_complete k=2 solver=filo2 ls=pyvrp
2026-03-15 16:59:39 | INFO     | [XL-n1328-k19 CLUSTER] method=sk_ac_complete k=2 | sizes=[1323, 4] | min=4 max=1323 avg=663.5
2026-03-15 16:59:39 | INFO     | [XL-n1328-k19 ROUTING] Solving clusters with filo2
2026-03-15 17:20:25 | INFO     | [XL-n1328-k19 NO-IMPROVEMENT] best_cost=38396 | streak=10 | Gap: 0.5105%
2026-03-15 17:20:25 | INFO     | [XL-n1328-k19 ITERATION-TIMES 28] cluster=31.495s routing=1232.011s ls=13.658s total=1277.183s
2026-03-15 17:20:25 | INFO     | [XL-n1328-k19 ITERATION 29] mode=RB method=sk_ac_avg k=8 solver=filo2 ls=pyvrp
2026-03-15 17:20:25 | INFO     | [XL-n1328-k19 CLUSTER] method=sk_ac_avg k=8 | sizes=[126, 363, 213, 44, 293, 143, 75, 70] | min=44 max=363 avg=165.9
2026-03-15 17:20:25 | INFO     | [XL-n1328-k19 ROUTING] Solving clusters with filo2
2026-03-15 17:27:09 | INFO     | [XL-n1328-k19 NO-IMPROVEMENT] best_cost=38396 | streak=11 | Gap: 0.5105%
2026-03-15 17:27:09 | INFO     | [XL-n1328-k19 ITERATION-TIMES 29] cluster=0.007s routing=389.098s ls=14.420s total=403.555s
2026-03-15 17:27:09 | INFO     | [XL-n1328-k19 ITERATION 30] mode=VB method=sk_ac_complete k=2 solver=filo1 ls=pyvrp
2026-03-15 17:27:23 | INFO     | [XL-n1328-k19 CLUSTER] method=sk_ac_complete k=2 | sizes=[1248, 79] | min=79 max=1248 avg=663.5
2026-03-15 17:27:23 | INFO     | [XL-n1328-k19 ROUTING] Solving clusters with filo1
2026-03-15 17:52:18 | INFO     | [XL-n1328-k19 SCP] pruning_mode=diversity
2026-03-15 17:52:18 | INFO     | [XL-n1328-k19 SCP] solver=gurobi_mip | route_pool=472
2026-03-15 17:52:19 | INFO     | [XL-n1328-k19 SCP] optimal solution found
2026-03-15 17:52:33 | INFO     | [XL-n1328-k19 SCP-NO-IMPROVEMENT] cost=38396 (best=38396) | Gap: 0.5105%
2026-03-15 17:52:33 | INFO     | [XL-n1328-k19 NO-IMPROVEMENT] best_cost=38396 | streak=12 | Gap: 0.5105%
2026-03-15 17:52:33 | INFO     | [XL-n1328-k19 ITERATION-TIMES 30] cluster=14.669s routing=1478.149s ls=16.152s scp=15.585s total=1524.573s
2026-03-15 17:52:33 | INFO     | [XL-n1328-k19 ITERATION 31] mode=VB method=sk_kmeans k=5 solver=filo1 ls=pyvrp
2026-03-15 17:52:51 | INFO     | [XL-n1328-k19 CLUSTER] method=sk_kmeans k=5 | sizes=[356, 362, 386, 36, 187] | min=36 max=386 avg=265.4
2026-03-15 17:52:51 | INFO     | [XL-n1328-k19 ROUTING] Solving clusters with filo1
2026-03-15 18:03:18 | INFO     | 
2026-03-15 18:03:18 | INFO     | ================================================================================
2026-03-15 18:03:18 | INFO     | [XL-n1328-k19] PERIODIC SNAPSHOT SNAPSHOT_005
2026-03-15 18:03:18 | INFO     | ================================================================================
2026-03-15 18:03:18 | INFO     | Route #1: 156 1007 580 43 433 266 898 448 860 1116 521 561 675 1143 738 669 796 226 997 193 1164 204 847 1263 1283 835 466 756 722 785 35 313 160 807 314 1168 62 27 1217 496 32 1253 1174 732 1265 915 814 605 397 260 1172 177 402 849 401 308 392 1016 1145 943 757 1216 1322 637 138 157 764 1266 473 516 494 111 594 429 || mode=vb method=sk_ac_avg solver=filo1 stage=post_ls ls=pyvrp iter=11
2026-03-15 18:03:18 | INFO     | Route #2: 589 1156 1042 888 841 542 40 1110 168 382 5 804 301 828 619 113 294 449 1321 674 638 330 923 693 1122 659 443 879 644 46 73 340 1057 65 893 286 963 993 132 723 593 430 311 954 217 986 908 708 70 84 1113 1309 1090 345 753 861 37 819 7 1178 1108 278 836 552 575 1010 327 395 823 760 535 1272 854 214 || mode=vb method=sk_ac_avg solver=filo1 stage=post_ls ls=pyvrp iter=11
2026-03-15 18:03:18 | INFO     | Route #3: 1221 759 262 1300 866 1248 529 1019 657 613 140 104 235 1241 150 1277 526 1262 297 92 803 277 51 880 1271 121 1023 236 1046 462 209 832 368 386 1267 1324 517 855 1239 1082 973 426 872 169 568 153 537 464 163 346 1200 874 1028 100 381 420 1292 393 151 1258 474 741 1071 953 579 1047 746 852 664 1229 1189 222 || mode=vb method=sk_ac_avg solver=filo1 stage=post_ls ls=pyvrp iter=11
2026-03-15 18:03:18 | INFO     | Route #4: 90 978 146 114 59 909 801 1005 1157 956 1279 1214 49 587 1132 436 924 518 789 88 959 1274 739 143 724 648 239 1327 322 202 621 1127 769 64 763 696 351 716 597 1259 1030 1234 479 1084 1008 342 106 333 672 704 666 774 259 1209 562 1306 1176 887 1155 902 800 347 752 370 112 67 747 1081 670 358 || mode=vb method=sk_ac_avg solver=filo1 stage=post_ls ls=pyvrp iter=11
2026-03-15 18:03:18 | INFO     | Route #5: 1162 172 1093 1166 304 744 559 606 609 611 497 971 487 743 845 1307 980 853 615 720 417 916 728 979 19 1193 498 450 834 15 730 388 991 24 362 821 334 680 926 1320 871 66 762 152 625 686 1095 444 1191 663 390 355 935 453 998 536 454 4 1323 715 1118 858 1119 737 812 1060 1153 1070 938 134 776 || mode=vb method=sk_ac_avg solver=filo1 stage=post_ls ls=pyvrp iter=11
2026-03-15 18:03:18 | INFO     | Route #6: 681 989 12 13 22 164 633 144 512 357 948 773 455 476 952 165 1024 558 992 1173 276 928 768 1211 1096 554 324 514 1249 303 788 1237 171 622 416 1048 691 850 1213 460 265 889 919 1196 502 406 194 105 1015 903 541 1097 1282 591 931 1210 818 791 582 856 139 101 886 456 667 1288 89 207 869 1148 119 || mode=vb method=sk_ac_avg solver=filo1 stage=post_ls ls=pyvrp iter=11
2026-03-15 18:03:18 | INFO     | Route #7: 1004 505 1325 1137 1013 467 1056 765 1020 320 1068 102 36 147 975 190 851 179 608 1098 254 63 21 1187 1001 960 540 149 870 629 317 508 651 130 246 705 755 55 990 612 1012 922 689 472 216 1326 1185 379 42 248 649 38 692 777 483 683 356 794 671 307 1088 133 198 1192 484 843 1049 437 833 298 1238 135 1142 1204 || mode=vb method=sk_ac_avg solver=filo1 stage=post_ls ls=pyvrp iter=11
2026-03-15 18:03:18 | INFO     | Route #8: 18 972 1260 136 383 632 933 897 1103 405 499 901 372 742 525 369 238 883 1107 288 1291 447 566 1184 1319 126 784 271 1305 412 180 1303 385 83 11 574 569 477 58 646 815 837 270 530 793 550 717 469 354 740 480 563 1161 577 279 900 1124 244 797 787 867 199 1289 206 533 1163 1312 78 917 336 258 1202 522 1017 || mode=vb method=sk_ac_avg solver=filo1 stage=post_ls ls=pyvrp iter=11
2026-03-15 18:03:18 | INFO     | Route #9: 688 775 223 184 884 1058 964 940 676 468 1167 842 1050 967 123 519 1089 1205 1043 1280 237 1032 500 1072 475 1114 1175 86 999 1092 868 45 506 590 1296 221 961 515 302 247 242 257 896 178 95 367 945 934 873 1219 471 578 792 1129 726 1094 811 548 1044 846 1064 1270 434 31 241 || mode=vb method=sk_ac_avg solver=filo1 stage=post_ls ls=pyvrp iter=11
2026-03-15 18:03:18 | INFO     | Route #10: 617 215 1160 610 911 1109 778 706 187 600 551 1141 407 1040 825 806 734 881 1170 210 623 1301 284 1231 627 679 647 176 1018 76 20 205 962 602 10 213 864 1215 1115 281 572 335 79 1203 || mode=vb method=sk_ac_avg solver=filo1 stage=post_ls ls=pyvrp iter=11
2026-03-15 18:03:18 | INFO     | Route #11: 1299 319 211 1130 439 1139 1182 614 662 1227 1029 155 80 877 57 131 576 118 1158 1075 1285 1014 1133 767 1268 899 203 197 994 1194 421 366 652 75 337 951 192 890 1245 983 927 982 28 678 174 481 414 966 162 1111 636 96 1104 384 1317 1065 1085 779 1310 1233 195 451 545 782 527 415 1256 937 1243 631 524 || mode=vb method=sk_ac_avg solver=filo1 stage=post_ls ls=pyvrp iter=11
2026-03-15 18:03:18 | INFO     | Route #12: 109 315 827 748 588 1186 387 790 729 196 848 423 598 783 645 707 48 309 714 332 272 1246 50 81 77 751 1180 660 1222 1059 353 61 543 478 253 145 1011 428 316 23 1009 232 859 1151 435 939 1235 1276 694 230 71 267 1147 795 25 677 585 655 263 459 904 252 1304 2 1293 930 970 557 628 1117 1177 103 1302 || mode=vb method=sk_ac_avg solver=filo1 stage=post_ls ls=pyvrp iter=11
2026-03-15 18:03:18 | INFO     | Route #13: 1144 47 894 1080 925 1220 1261 26 29 1295 442 1006 1269 639 965 72 786 830 936 296 913 375 1036 243 120 219 969 1225 626 161 229 1 1228 425 1062 69 892 1294 1195 1159 44 733 1021 624 306 191 1121 1218 424 556 1131 1171 285 918 1236 1053 293 957 929 1316 921 409 1038 418 1252 16 1315 233 650 977 116 1284 1149 || mode=vb method=sk_ac_avg solver=filo1 stage=post_ls ls=pyvrp iter=11
2026-03-15 18:03:18 | INFO     | Route #14: 665 1251 183 170 331 485 682 339 564 947 1226 310 586 1140 840 1254 440 968 408 721 816 1198 1067 640 661 30 376 124 361 1311 341 865 318 365 510 1035 817 754 283 8 571 60 736 643 212 1165 287 653 491 377 826 200 249 620 553 601 348 201 523 208 438 702 996 269 656 461 398 325 82 54 511 128 700 291 501 || mode=vb method=sk_ac_avg solver=filo1 stage=post_ls ls=pyvrp iter=11
2026-03-15 18:03:18 | INFO     | Route #15: 942 1230 520 344 224 1112 85 1045 727 410 1287 446 604 701 673 725 1123 532 350 1286 618 981 824 14 373 712 34 110 1257 820 188 920 363 976 1206 808 1002 17 261 710 400 1136 958 987 490 1000 127 690 275 158 895 907 3 115 914 452 432 713 539 1026 1232 905 1086 599 1099 1201 703 292 941 1100 1224 1183 || mode=rb method=sk_ac_min solver=filo2 stage=post_ls ls=pyvrp iter=15
2026-03-15 18:03:18 | INFO     | Route #16: 507 1244 1078 912 411 1034 1135 955 810 290 129 312 1240 137 1152 565 1101 108 1037 758 371 1125 359 1273 41 295 509 231 878 1275 167 581 1318 1188 482 1290 1190 1297 394 328 910 1079 560 932 264 749 946 493 761 699 289 486 809 583 142 463 607 364 547 378 1051 950 985 1223 273 1066 831 431 427 343 573 220 697 492 || mode=rb method=sk_ac_min solver=filo2 stage=post_ls ls=pyvrp iter=15
2026-03-15 18:03:18 | INFO     | Route #17: 1208 1041 1033 1052 234 906 1022 570 422 695 876 1054 1278 389 1179 766 802 770 1264 495 465 1128 891 99 875 391 1073 1314 731 630 374 326 1313 87 396 813 616 549 488 634 603 745 107 93 1281 166 1197 338 68 984 538 1207 98 97 305 771 189 1074 458 544 1077 1076 654 56 404 251 280 1308 735 74 489 182 321 1031 || mode=rb method=sk_ac_min solver=filo2 stage=post_ls ls=pyvrp iter=15
2026-03-15 18:03:18 | INFO     | Route #18: 470 642 91 635 117 1250 1105 882 256 380 1069 1138 1212 839 555 513 1154 988 685 218 255 1102 125 282 6 300 1199 595 949 668 1150 268 175 250 781 709 329 567 227 592 534 995 154 173 186 228 274 1003 844 53 862 33 1039 349 299 546 1027 1298 122 245 641 1255 596 750 159 240 829 39 974 || mode=rb method=sk_kmeans solver=filo1 stage=post_ls ls=pyvrp iter=17
2026-03-15 18:03:18 | INFO     | Route #19: 772 1106 441 1025 504 1134 718 1063 185 1181 225 1087 1055 687 1126 885 531 1061 684 503 799 9 323 584 658 1083 798 1120 352 857 528 711 403 822 399 445 181 94 141 863 360 413 419 805 698 1247 838 1146 1169 944 719 52 148 457 1242 780 1091 || mode=rb method=sk_kmeans solver=filo1 stage=post_ls ls=pyvrp iter=17
2026-03-15 18:03:18 | INFO     | 
2026-03-15 18:03:18 | INFO     | [BEST SOLUTION ROUTE SUMMARY]
2026-03-15 18:03:18 | INFO     | --------------------------------------------------------------------------------
2026-03-15 18:03:18 | INFO     |   14 routes | VB    | sk_ac_avg       | solver=filo1      | stage=post_ls | ls=pyvrp
2026-03-15 18:03:18 | INFO     |    3 routes | RB    | sk_ac_min       | solver=filo2      | stage=post_ls | ls=pyvrp
2026-03-15 18:03:18 | INFO     |    2 routes | RB    | sk_kmeans       | solver=filo1      | stage=post_ls | ls=pyvrp
2026-03-15 18:03:18 | INFO     | 
2026-03-15 18:03:18 | INFO     | [ROUTE POOL SUMMARY]
2026-03-15 18:03:18 | INFO     |    76 routes | VB | sk_ac_avg | solver=filo1 | stage=post_ls | ls=pyvrp
2026-03-15 18:03:18 | INFO     |    57 routes | VB | sk_ac_min | solver=filo2 | stage=post_ls | ls=pyvrp
2026-03-15 18:03:18 | INFO     |    39 routes | VB | sk_kmeans | solver=filo1 | stage=post_ls | ls=pyvrp
2026-03-15 18:03:18 | INFO     |    38 routes | VB | k_medoids_pyclustering | solver=filo1 | stage=post_ls | ls=pyvrp
2026-03-15 18:03:18 | INFO     |    34 routes | RB | sk_ac_min | solver=filo1 | stage=post_ls | ls=pyvrp
2026-03-15 18:03:18 | INFO     |    22 routes | RB | sk_ac_min | solver=filo2 | stage=post_ls | ls=pyvrp
2026-03-15 18:03:18 | INFO     |    20 routes | RB | sk_ac_avg | solver=filo2 | stage=post_ls | ls=pyvrp
2026-03-15 18:03:18 | INFO     |    19 routes | VB | sk_kmeans | solver=filo2 | stage=post_ls | ls=pyvrp
2026-03-15 18:03:18 | INFO     |    19 routes | VB | sk_kmeans | solver=pyvrp | stage=post_ls | ls=pyvrp
2026-03-15 18:03:18 | INFO     |    19 routes | VB | sk_ac_complete | solver=pyvrp | stage=post_ls | ls=pyvrp
2026-03-15 18:03:18 | INFO     |    19 routes | VB | fcm | solver=pyvrp | stage=post_ls | ls=pyvrp
2026-03-15 18:03:18 | INFO     |    19 routes | VB | fcm | solver=filo1 | stage=post_ls | ls=pyvrp
2026-03-15 18:03:18 | INFO     |    19 routes | VB | k_medoids_pyclustering | solver=pyvrp | stage=post_ls | ls=pyvrp
2026-03-15 18:03:18 | INFO     |    19 routes | VB | sk_ac_complete | solver=filo1 | stage=post_ls | ls=pyvrp
2026-03-15 18:03:18 | INFO     |    17 routes | RB | sk_ac_complete | solver=filo2 | stage=post_ls | ls=pyvrp
2026-03-15 18:03:18 | INFO     |    17 routes | VB | sk_ac_complete | solver=filo2 | stage=post_ls | ls=pyvrp
2026-03-15 18:03:18 | INFO     |    15 routes | RB | sk_ac_complete | solver=pyvrp | stage=post_ls | ls=pyvrp
2026-03-15 18:03:18 | INFO     |    11 routes | RB | sk_ac_avg | solver=filo1 | stage=post_ls | ls=pyvrp
2026-03-15 18:03:18 | INFO     |     7 routes | RB | sk_kmeans | solver=filo2 | stage=post_ls | ls=pyvrp
2026-03-15 18:03:18 | INFO     |     5 routes | RB | sk_kmeans | solver=filo1 | stage=post_ls | ls=pyvrp
2026-03-15 18:03:18 | INFO     | [XL-n1328-k19 NO-IMPROVEMENT] best_cost=38396 | streak=13 | Gap: 0.5105%
2026-03-15 18:03:18 | INFO     | [XL-n1328-k19 ITERATION-TIMES 31] cluster=18.215s routing=606.761s ls=20.039s total=645.167s
2026-03-15 18:03:18 | INFO     | [XL-n1328-k19 ITERATION 32] mode=RB method=sk_kmeans k=3 solver=filo1 ls=pyvrp
2026-03-15 18:03:20 | INFO     | [XL-n1328-k19 CLUSTER] method=sk_kmeans k=3 | sizes=[438, 419, 470] | min=419 max=470 avg=442.3
2026-03-15 18:03:20 | INFO     | [XL-n1328-k19 ROUTING] Solving clusters with filo1
2026-03-15 18:25:38 | INFO     | [XL-n1328-k19 NO-IMPROVEMENT] best_cost=38396 | streak=14 | Gap: 0.5105%
2026-03-15 18:25:38 | INFO     | [XL-n1328-k19 ITERATION-TIMES 32] cluster=1.530s routing=1319.177s ls=18.699s total=1339.517s
2026-03-15 18:25:38 | INFO     | [XL-n1328-k19 ITERATION 33] mode=VB method=fcm k=7 solver=pyvrp ls=pyvrp
2026-03-15 18:25:49 | INFO     | [XL-n1328-k19 CLUSTER] method=fcm k=7 | sizes=[298, 139, 237, 119, 147, 78, 309] | min=78 max=309 avg=189.6
2026-03-15 18:25:49 | INFO     | [XL-n1328-k19 ROUTING] Solving clusters with pyvrp
2026-03-15 18:31:00 | INFO     | [XL-n1328-k19 SCP] pruning_mode=diversity
2026-03-15 18:31:00 | INFO     | [XL-n1328-k19 SCP] solver=gurobi_mip | route_pool=528
2026-03-15 18:31:05 | INFO     | [XL-n1328-k19 SCP] optimal solution found
2026-03-15 18:31:36 | INFO     | [XL-n1328-k19 SCP-NO-IMPROVEMENT] cost=38396 (best=38396) | Gap: 0.5105%
2026-03-15 18:31:36 | INFO     | [XL-n1328-k19 NO-IMPROVEMENT] best_cost=38396 | streak=15 | Gap: 0.5105%
2026-03-15 18:31:36 | INFO     | [XL-n1328-k19 ITERATION-TIMES 33] cluster=10.874s routing=251.913s ls=59.620s scp=35.398s total=357.862s
2026-03-15 18:31:36 | INFO     | [XL-n1328-k19 ITERATION 34] mode=RB method=sk_ac_min k=8 solver=filo1 ls=pyvrp
2026-03-15 18:31:36 | INFO     | [XL-n1328-k19 CLUSTER] method=sk_ac_min k=8 | sizes=[213, 362, 143, 363, 57, 75, 70, 44] | min=44 max=363 avg=165.9
2026-03-15 18:31:36 | INFO     | [XL-n1328-k19 ROUTING] Solving clusters with filo1
2026-03-15 18:45:46 | INFO     | [XL-n1328-k19 NO-IMPROVEMENT] best_cost=38396 | streak=16 | Gap: 0.5105%
2026-03-15 18:45:46 | INFO     | [XL-n1328-k19 ITERATION-TIMES 34] cluster=0.007s routing=829.303s ls=21.049s total=850.481s
2026-03-15 18:45:46 | INFO     | [XL-n1328-k19 ITERATION 35] mode=VB method=sk_ac_complete k=2 solver=filo2 ls=pyvrp
2026-03-15 18:46:14 | INFO     | [XL-n1328-k19 CLUSTER] method=sk_ac_complete k=2 | sizes=[1291, 36] | min=36 max=1291 avg=663.5
2026-03-15 18:46:14 | INFO     | [XL-n1328-k19 ROUTING] Solving clusters with filo2
2026-03-15 19:15:33 | INFO     | 
2026-03-15 19:15:33 | INFO     | ================================================================================
2026-03-15 19:15:33 | INFO     | [XL-n1328-k19] PERIODIC SNAPSHOT SNAPSHOT_006
2026-03-15 19:15:33 | INFO     | ================================================================================
2026-03-15 19:15:33 | INFO     | Route #1: 156 1007 580 43 433 266 898 448 860 1116 521 561 675 1143 738 669 796 226 997 193 1164 204 847 1263 1283 835 466 756 722 785 35 313 160 807 314 1168 62 27 1217 496 32 1253 1174 732 1265 915 814 605 397 260 1172 177 402 849 401 308 392 1016 1145 943 757 1216 1322 637 138 157 764 1266 473 516 494 111 594 429 || mode=vb method=sk_ac_avg solver=filo1 stage=post_ls ls=pyvrp iter=11
2026-03-15 19:15:33 | INFO     | Route #2: 589 1156 1042 888 841 542 40 1110 168 382 5 804 301 828 619 113 294 449 1321 674 638 330 923 693 1122 659 443 879 644 46 73 340 1057 65 893 286 963 993 132 723 593 430 311 954 217 986 908 708 70 84 1113 1309 1090 345 753 861 37 819 7 1178 1108 278 836 552 575 1010 327 395 823 760 535 1272 854 214 || mode=vb method=sk_ac_avg solver=filo1 stage=post_ls ls=pyvrp iter=11
2026-03-15 19:15:33 | INFO     | Route #3: 1221 759 262 1300 866 1248 529 1019 657 613 140 104 235 1241 150 1277 526 1262 297 92 803 277 51 880 1271 121 1023 236 1046 462 209 832 368 386 1267 1324 517 855 1239 1082 973 426 872 169 568 153 537 464 163 346 1200 874 1028 100 381 420 1292 393 151 1258 474 741 1071 953 579 1047 746 852 664 1229 1189 222 || mode=vb method=sk_ac_avg solver=filo1 stage=post_ls ls=pyvrp iter=11
2026-03-15 19:15:33 | INFO     | Route #4: 90 978 146 114 59 909 801 1005 1157 956 1279 1214 49 587 1132 436 924 518 789 88 959 1274 739 143 724 648 239 1327 322 202 621 1127 769 64 763 696 351 716 597 1259 1030 1234 479 1084 1008 342 106 333 672 704 666 774 259 1209 562 1306 1176 887 1155 902 800 347 752 370 112 67 747 1081 670 358 || mode=vb method=sk_ac_avg solver=filo1 stage=post_ls ls=pyvrp iter=11
2026-03-15 19:15:33 | INFO     | Route #5: 1162 172 1093 1166 304 744 559 606 609 611 497 971 487 743 845 1307 980 853 615 720 417 916 728 979 19 1193 498 450 834 15 730 388 991 24 362 821 334 680 926 1320 871 66 762 152 625 686 1095 444 1191 663 390 355 935 453 998 536 454 4 1323 715 1118 858 1119 737 812 1060 1153 1070 938 134 776 || mode=vb method=sk_ac_avg solver=filo1 stage=post_ls ls=pyvrp iter=11
2026-03-15 19:15:33 | INFO     | Route #6: 681 989 12 13 22 164 633 144 512 357 948 773 455 476 952 165 1024 558 992 1173 276 928 768 1211 1096 554 324 514 1249 303 788 1237 171 622 416 1048 691 850 1213 460 265 889 919 1196 502 406 194 105 1015 903 541 1097 1282 591 931 1210 818 791 582 856 139 101 886 456 667 1288 89 207 869 1148 119 || mode=vb method=sk_ac_avg solver=filo1 stage=post_ls ls=pyvrp iter=11
2026-03-15 19:15:33 | INFO     | Route #7: 1004 505 1325 1137 1013 467 1056 765 1020 320 1068 102 36 147 975 190 851 179 608 1098 254 63 21 1187 1001 960 540 149 870 629 317 508 651 130 246 705 755 55 990 612 1012 922 689 472 216 1326 1185 379 42 248 649 38 692 777 483 683 356 794 671 307 1088 133 198 1192 484 843 1049 437 833 298 1238 135 1142 1204 || mode=vb method=sk_ac_avg solver=filo1 stage=post_ls ls=pyvrp iter=11
2026-03-15 19:15:33 | INFO     | Route #8: 18 972 1260 136 383 632 933 897 1103 405 499 901 372 742 525 369 238 883 1107 288 1291 447 566 1184 1319 126 784 271 1305 412 180 1303 385 83 11 574 569 477 58 646 815 837 270 530 793 550 717 469 354 740 480 563 1161 577 279 900 1124 244 797 787 867 199 1289 206 533 1163 1312 78 917 336 258 1202 522 1017 || mode=vb method=sk_ac_avg solver=filo1 stage=post_ls ls=pyvrp iter=11
2026-03-15 19:15:33 | INFO     | Route #9: 688 775 223 184 884 1058 964 940 676 468 1167 842 1050 967 123 519 1089 1205 1043 1280 237 1032 500 1072 475 1114 1175 86 999 1092 868 45 506 590 1296 221 961 515 302 247 242 257 896 178 95 367 945 934 873 1219 471 578 792 1129 726 1094 811 548 1044 846 1064 1270 434 31 241 || mode=vb method=sk_ac_avg solver=filo1 stage=post_ls ls=pyvrp iter=11
2026-03-15 19:15:33 | INFO     | Route #10: 617 215 1160 610 911 1109 778 706 187 600 551 1141 407 1040 825 806 734 881 1170 210 623 1301 284 1231 627 679 647 176 1018 76 20 205 962 602 10 213 864 1215 1115 281 572 335 79 1203 || mode=vb method=sk_ac_avg solver=filo1 stage=post_ls ls=pyvrp iter=11
2026-03-15 19:15:33 | INFO     | Route #11: 1299 319 211 1130 439 1139 1182 614 662 1227 1029 155 80 877 57 131 576 118 1158 1075 1285 1014 1133 767 1268 899 203 197 994 1194 421 366 652 75 337 951 192 890 1245 983 927 982 28 678 174 481 414 966 162 1111 636 96 1104 384 1317 1065 1085 779 1310 1233 195 451 545 782 527 415 1256 937 1243 631 524 || mode=vb method=sk_ac_avg solver=filo1 stage=post_ls ls=pyvrp iter=11
2026-03-15 19:15:33 | INFO     | Route #12: 109 315 827 748 588 1186 387 790 729 196 848 423 598 783 645 707 48 309 714 332 272 1246 50 81 77 751 1180 660 1222 1059 353 61 543 478 253 145 1011 428 316 23 1009 232 859 1151 435 939 1235 1276 694 230 71 267 1147 795 25 677 585 655 263 459 904 252 1304 2 1293 930 970 557 628 1117 1177 103 1302 || mode=vb method=sk_ac_avg solver=filo1 stage=post_ls ls=pyvrp iter=11
2026-03-15 19:15:33 | INFO     | Route #13: 1144 47 894 1080 925 1220 1261 26 29 1295 442 1006 1269 639 965 72 786 830 936 296 913 375 1036 243 120 219 969 1225 626 161 229 1 1228 425 1062 69 892 1294 1195 1159 44 733 1021 624 306 191 1121 1218 424 556 1131 1171 285 918 1236 1053 293 957 929 1316 921 409 1038 418 1252 16 1315 233 650 977 116 1284 1149 || mode=vb method=sk_ac_avg solver=filo1 stage=post_ls ls=pyvrp iter=11
2026-03-15 19:15:33 | INFO     | Route #14: 665 1251 183 170 331 485 682 339 564 947 1226 310 586 1140 840 1254 440 968 408 721 816 1198 1067 640 661 30 376 124 361 1311 341 865 318 365 510 1035 817 754 283 8 571 60 736 643 212 1165 287 653 491 377 826 200 249 620 553 601 348 201 523 208 438 702 996 269 656 461 398 325 82 54 511 128 700 291 501 || mode=vb method=sk_ac_avg solver=filo1 stage=post_ls ls=pyvrp iter=11
2026-03-15 19:15:33 | INFO     | Route #15: 942 1230 520 344 224 1112 85 1045 727 410 1287 446 604 701 673 725 1123 532 350 1286 618 981 824 14 373 712 34 110 1257 820 188 920 363 976 1206 808 1002 17 261 710 400 1136 958 987 490 1000 127 690 275 158 895 907 3 115 914 452 432 713 539 1026 1232 905 1086 599 1099 1201 703 292 941 1100 1224 1183 || mode=rb method=sk_ac_min solver=filo2 stage=post_ls ls=pyvrp iter=15
2026-03-15 19:15:33 | INFO     | Route #16: 507 1244 1078 912 411 1034 1135 955 810 290 129 312 1240 137 1152 565 1101 108 1037 758 371 1125 359 1273 41 295 509 231 878 1275 167 581 1318 1188 482 1290 1190 1297 394 328 910 1079 560 932 264 749 946 493 761 699 289 486 809 583 142 463 607 364 547 378 1051 950 985 1223 273 1066 831 431 427 343 573 220 697 492 || mode=rb method=sk_ac_min solver=filo2 stage=post_ls ls=pyvrp iter=15
2026-03-15 19:15:33 | INFO     | Route #17: 1208 1041 1033 1052 234 906 1022 570 422 695 876 1054 1278 389 1179 766 802 770 1264 495 465 1128 891 99 875 391 1073 1314 731 630 374 326 1313 87 396 813 616 549 488 634 603 745 107 93 1281 166 1197 338 68 984 538 1207 98 97 305 771 189 1074 458 544 1077 1076 654 56 404 251 280 1308 735 74 489 182 321 1031 || mode=rb method=sk_ac_min solver=filo2 stage=post_ls ls=pyvrp iter=15
2026-03-15 19:15:33 | INFO     | Route #18: 470 642 91 635 117 1250 1105 882 256 380 1069 1138 1212 839 555 513 1154 988 685 218 255 1102 125 282 6 300 1199 595 949 668 1150 268 175 250 781 709 329 567 227 592 534 995 154 173 186 228 274 1003 844 53 862 33 1039 349 299 546 1027 1298 122 245 641 1255 596 750 159 240 829 39 974 || mode=rb method=sk_kmeans solver=filo1 stage=post_ls ls=pyvrp iter=17
2026-03-15 19:15:33 | INFO     | Route #19: 772 1106 441 1025 504 1134 718 1063 185 1181 225 1087 1055 687 1126 885 531 1061 684 503 799 9 323 584 658 1083 798 1120 352 857 528 711 403 822 399 445 181 94 141 863 360 413 419 805 698 1247 838 1146 1169 944 719 52 148 457 1242 780 1091 || mode=rb method=sk_kmeans solver=filo1 stage=post_ls ls=pyvrp iter=17
2026-03-15 19:15:33 | INFO     | 
2026-03-15 19:15:33 | INFO     | [BEST SOLUTION ROUTE SUMMARY]
2026-03-15 19:15:33 | INFO     | --------------------------------------------------------------------------------
2026-03-15 19:15:33 | INFO     |   14 routes | VB    | sk_ac_avg       | solver=filo1      | stage=post_ls | ls=pyvrp
2026-03-15 19:15:33 | INFO     |    3 routes | RB    | sk_ac_min       | solver=filo2      | stage=post_ls | ls=pyvrp
2026-03-15 19:15:33 | INFO     |    2 routes | RB    | sk_kmeans       | solver=filo1      | stage=post_ls | ls=pyvrp
2026-03-15 19:15:33 | INFO     | 
2026-03-15 19:15:33 | INFO     | [ROUTE POOL SUMMARY]
2026-03-15 19:15:33 | INFO     |    76 routes | VB | sk_ac_avg | solver=filo1 | stage=post_ls | ls=pyvrp
2026-03-15 19:15:33 | INFO     |    57 routes | VB | sk_ac_min | solver=filo2 | stage=post_ls | ls=pyvrp
2026-03-15 19:15:33 | INFO     |    43 routes | RB | sk_ac_min | solver=filo1 | stage=post_ls | ls=pyvrp
2026-03-15 19:15:33 | INFO     |    39 routes | VB | sk_kmeans | solver=filo1 | stage=post_ls | ls=pyvrp
2026-03-15 19:15:33 | INFO     |    38 routes | VB | k_medoids_pyclustering | solver=filo1 | stage=post_ls | ls=pyvrp
2026-03-15 19:15:33 | INFO     |    38 routes | VB | fcm | solver=pyvrp | stage=post_ls | ls=pyvrp
2026-03-15 19:15:33 | INFO     |    36 routes | VB | sk_ac_complete | solver=filo2 | stage=post_ls | ls=pyvrp
2026-03-15 19:15:33 | INFO     |    23 routes | RB | sk_kmeans | solver=filo1 | stage=post_ls | ls=pyvrp
2026-03-15 19:15:33 | INFO     |    22 routes | RB | sk_ac_min | solver=filo2 | stage=post_ls | ls=pyvrp
2026-03-15 19:15:33 | INFO     |    20 routes | RB | sk_ac_avg | solver=filo2 | stage=post_ls | ls=pyvrp
2026-03-15 19:15:33 | INFO     |    19 routes | VB | sk_kmeans | solver=filo2 | stage=post_ls | ls=pyvrp
2026-03-15 19:15:33 | INFO     |    19 routes | VB | sk_kmeans | solver=pyvrp | stage=post_ls | ls=pyvrp
2026-03-15 19:15:33 | INFO     |    19 routes | VB | sk_ac_complete | solver=pyvrp | stage=post_ls | ls=pyvrp
2026-03-15 19:15:33 | INFO     |    19 routes | VB | fcm | solver=filo1 | stage=post_ls | ls=pyvrp
2026-03-15 19:15:33 | INFO     |    19 routes | VB | k_medoids_pyclustering | solver=pyvrp | stage=post_ls | ls=pyvrp
2026-03-15 19:15:33 | INFO     |    19 routes | VB | sk_ac_complete | solver=filo1 | stage=post_ls | ls=pyvrp
2026-03-15 19:15:33 | INFO     |    17 routes | RB | sk_ac_complete | solver=filo2 | stage=post_ls | ls=pyvrp
2026-03-15 19:15:33 | INFO     |    15 routes | RB | sk_ac_complete | solver=pyvrp | stage=post_ls | ls=pyvrp
2026-03-15 19:15:33 | INFO     |    11 routes | RB | sk_ac_avg | solver=filo1 | stage=post_ls | ls=pyvrp
2026-03-15 19:15:33 | INFO     |     7 routes | RB | sk_kmeans | solver=filo2 | stage=post_ls | ls=pyvrp
2026-03-15 19:15:33 | INFO     | [XL-n1328-k19 NO-IMPROVEMENT] best_cost=38396 | streak=17 | Gap: 0.5105%
2026-03-15 19:15:33 | INFO     | [XL-n1328-k19 ITERATION-TIMES 35] cluster=27.529s routing=1731.714s ls=27.618s total=1786.956s
2026-03-15 19:15:33 | INFO     | [XL-n1328-k19 ITERATION 36] mode=RB method=sk_kmeans k=3 solver=filo1 ls=pyvrp
2026-03-15 19:15:35 | INFO     | [XL-n1328-k19 CLUSTER] method=sk_kmeans k=3 | sizes=[438, 419, 470] | min=419 max=470 avg=442.3
2026-03-15 19:15:35 | INFO     | [XL-n1328-k19 ROUTING] Solving clusters with filo1
2026-03-15 19:31:10 | INFO     | [XL-n1328-k19 SCP] pruning_mode=diversity
2026-03-15 19:31:10 | INFO     | [XL-n1328-k19 SCP] solver=gurobi_mip | route_pool=556
2026-03-15 19:31:15 | INFO     | [XL-n1328-k19 SCP] optimal solution found
2026-03-15 19:31:45 | INFO     | [XL-n1328-k19 SCP-NO-IMPROVEMENT] cost=38396 (best=38396) | Gap: 0.5105%
2026-03-15 19:31:45 | INFO     | [XL-n1328-k19 NO-IMPROVEMENT] best_cost=38396 | streak=18 | Gap: 0.5105%
2026-03-15 19:31:45 | INFO     | [XL-n1328-k19 ITERATION-TIMES 36] cluster=1.347s routing=914.395s ls=21.269s scp=34.695s total=971.768s
2026-03-15 19:31:45 | INFO     | [XL-n1328-k19 ITERATION 37] mode=RB method=sk_ac_complete k=5 solver=pyvrp ls=pyvrp
2026-03-15 19:31:45 | INFO     | [XL-n1328-k19 CLUSTER] method=sk_ac_complete k=5 | sizes=[426, 438, 126, 44, 293] | min=44 max=438 avg=265.4
2026-03-15 19:31:45 | INFO     | [XL-n1328-k19 ROUTING] Solving clusters with pyvrp
2026-03-15 19:35:45 | INFO     | [XL-n1328-k19 NO-IMPROVEMENT] best_cost=38396 | streak=19 | Gap: 0.5105%
2026-03-15 19:35:45 | INFO     | [XL-n1328-k19 ITERATION-TIMES 37] cluster=0.007s routing=221.536s ls=18.608s total=240.168s
2026-03-15 19:35:45 | INFO     | [XL-n1328-k19 ITERATION 38] mode=VB method=k_medoids_pyclustering k=6 solver=filo1 ls=pyvrp
2026-03-15 19:36:33 | INFO     | [XL-n1328-k19 CLUSTER] method=k_medoids_pyclustering k=6 | sizes=[312, 296, 178, 109, 316, 116] | min=109 max=316 avg=221.2
2026-03-15 19:36:33 | INFO     | [XL-n1328-k19 ROUTING] Solving clusters with filo1
2026-03-15 19:44:21 | INFO     | [XL-n1328-k19 NO-IMPROVEMENT] best_cost=38396 | streak=20 | Gap: 0.5105%
2026-03-15 19:44:21 | INFO     | [XL-n1328-k19 ITERATION-TIMES 38] cluster=48.087s routing=448.247s ls=19.264s total=515.632s
2026-03-15 19:44:21 | INFO     | [XL-n1328-k19 ITERATION 39] mode=VB method=k_medoids_pyclustering k=5 solver=filo1 ls=pyvrp
2026-03-15 19:45:18 | INFO     | [XL-n1328-k19 CLUSTER] method=k_medoids_pyclustering k=5 | sizes=[181, 359, 358, 110, 319] | min=110 max=359 avg=265.4
2026-03-15 19:45:18 | INFO     | [XL-n1328-k19 ROUTING] Solving clusters with filo1
2026-03-15 19:54:28 | INFO     | [XL-n1328-k19 SCP] pruning_mode=diversity
2026-03-15 19:54:28 | INFO     | [XL-n1328-k19 SCP] solver=gurobi_mip | route_pool=610
2026-03-15 19:54:30 | INFO     | [XL-n1328-k19 SCP] optimal solution found
2026-03-15 19:54:54 | INFO     | [XL-n1328-k19 SCP-NO-IMPROVEMENT] cost=38396 (best=38396) | Gap: 0.5105%
2026-03-15 19:54:54 | INFO     | [XL-n1328-k19 NO-IMPROVEMENT] best_cost=38396 | streak=21 | Gap: 0.5105%
2026-03-15 19:54:54 | INFO     | [XL-n1328-k19 ITERATION-TIMES 39] cluster=57.453s routing=526.675s ls=23.498s scp=25.596s total=633.251s
2026-03-15 19:54:54 | INFO     | [XL-n1328-k19 ITERATION 40] mode=VB method=sk_ac_complete k=9 solver=filo1 ls=pyvrp
2026-03-15 19:54:59 | INFO     | [XL-n1328-k19 CLUSTER] method=sk_ac_complete k=9 | sizes=[479, 100, 227, 69, 57, 255, 35, 96, 9] | min=9 max=479 avg=147.4
2026-03-15 19:54:59 | INFO     | [XL-n1328-k19 ROUTING] Solving clusters with filo1
2026-03-15 20:01:46 | INFO     | [XL-n1328-k19 NO-IMPROVEMENT] best_cost=38396 | streak=22 | Gap: 0.5105%
2026-03-15 20:01:46 | INFO     | [XL-n1328-k19 ITERATION-TIMES 40] cluster=5.319s routing=378.648s ls=28.050s total=412.041s
2026-03-15 20:01:46 | INFO     | [XL-n1328-k19 ITERATION 41] mode=VB method=sk_kmeans k=7 solver=pyvrp ls=pyvrp
2026-03-15 20:02:02 | INFO     | [XL-n1328-k19 CLUSTER] method=sk_kmeans k=7 | sizes=[121, 301, 36, 305, 161, 84, 319] | min=36 max=319 avg=189.6
2026-03-15 20:02:02 | INFO     | [XL-n1328-k19 ROUTING] Solving clusters with pyvrp
2026-03-15 20:06:38 | INFO     | [XL-n1328-k19 NO-IMPROVEMENT] best_cost=38396 | streak=23 | Gap: 0.5105%
2026-03-15 20:06:38 | INFO     | [XL-n1328-k19 ITERATION-TIMES 41] cluster=16.433s routing=245.631s ls=30.006s total=292.090s
2026-03-15 20:06:38 | INFO     | [XL-n1328-k19 ITERATION 42] mode=VB method=fcm k=7 solver=pyvrp ls=pyvrp
2026-03-15 20:06:55 | INFO     | [XL-n1328-k19 CLUSTER] method=fcm k=7 | sizes=[283, 183, 205, 121, 276, 165, 94] | min=94 max=283 avg=189.6
2026-03-15 20:06:55 | INFO     | [XL-n1328-k19 ROUTING] Solving clusters with pyvrp
2026-03-15 20:11:36 | INFO     | [XL-n1328-k19 SCP] pruning_mode=diversity
2026-03-15 20:11:36 | INFO     | [XL-n1328-k19 SCP] solver=gurobi_mip | route_pool=667
2026-03-15 20:11:40 | INFO     | [XL-n1328-k19 SCP] optimal solution found
2026-03-15 20:11:55 | INFO     | [XL-n1328-k19 SCP-NO-IMPROVEMENT] cost=38396 (best=38396) | Gap: 0.5105%
2026-03-15 20:11:55 | INFO     | [XL-n1328-k19 NO-IMPROVEMENT] best_cost=38396 | streak=24 | Gap: 0.5105%
2026-03-15 20:11:55 | INFO     | [XL-n1328-k19 ITERATION-TIMES 42] cluster=17.242s routing=241.078s ls=39.500s scp=18.668s total=316.573s
2026-03-15 20:11:55 | INFO     | [XL-n1328-k19 ITERATION 43] mode=VB method=sk_ac_min k=3 solver=filo2 ls=pyvrp
2026-03-15 20:12:03 | INFO     | [XL-n1328-k19 CLUSTER] method=sk_ac_min k=3 | sizes=[167, 1, 1159] | min=1 max=1159 avg=442.3
2026-03-15 20:12:03 | INFO     | [XL-n1328-k19 ROUTING] Solving clusters with filo2
2026-03-15 20:42:07 | INFO     | 
2026-03-15 20:42:07 | INFO     | ================================================================================
2026-03-15 20:42:07 | INFO     | [XL-n1328-k19] PERIODIC SNAPSHOT SNAPSHOT_007
2026-03-15 20:42:07 | INFO     | ================================================================================
2026-03-15 20:42:07 | INFO     | Route #1: 156 1007 580 43 433 266 898 448 860 1116 521 561 675 1143 738 669 796 226 997 193 1164 204 847 1263 1283 835 466 756 722 785 35 313 160 807 314 1168 62 27 1217 496 32 1253 1174 732 1265 915 814 605 397 260 1172 177 402 849 401 308 392 1016 1145 943 757 1216 1322 637 138 157 764 1266 473 516 494 111 594 429 || mode=vb method=sk_ac_avg solver=filo1 stage=post_ls ls=pyvrp iter=11
2026-03-15 20:42:07 | INFO     | Route #2: 589 1156 1042 888 841 542 40 1110 168 382 5 804 301 828 619 113 294 449 1321 674 638 330 923 693 1122 659 443 879 644 46 73 340 1057 65 893 286 963 993 132 723 593 430 311 954 217 986 908 708 70 84 1113 1309 1090 345 753 861 37 819 7 1178 1108 278 836 552 575 1010 327 395 823 760 535 1272 854 214 || mode=vb method=sk_ac_avg solver=filo1 stage=post_ls ls=pyvrp iter=11
2026-03-15 20:42:07 | INFO     | Route #3: 1221 759 262 1300 866 1248 529 1019 657 613 140 104 235 1241 150 1277 526 1262 297 92 803 277 51 880 1271 121 1023 236 1046 462 209 832 368 386 1267 1324 517 855 1239 1082 973 426 872 169 568 153 537 464 163 346 1200 874 1028 100 381 420 1292 393 151 1258 474 741 1071 953 579 1047 746 852 664 1229 1189 222 || mode=vb method=sk_ac_avg solver=filo1 stage=post_ls ls=pyvrp iter=11
2026-03-15 20:42:07 | INFO     | Route #4: 90 978 146 114 59 909 801 1005 1157 956 1279 1214 49 587 1132 436 924 518 789 88 959 1274 739 143 724 648 239 1327 322 202 621 1127 769 64 763 696 351 716 597 1259 1030 1234 479 1084 1008 342 106 333 672 704 666 774 259 1209 562 1306 1176 887 1155 902 800 347 752 370 112 67 747 1081 670 358 || mode=vb method=sk_ac_avg solver=filo1 stage=post_ls ls=pyvrp iter=11
2026-03-15 20:42:07 | INFO     | Route #5: 1162 172 1093 1166 304 744 559 606 609 611 497 971 487 743 845 1307 980 853 615 720 417 916 728 979 19 1193 498 450 834 15 730 388 991 24 362 821 334 680 926 1320 871 66 762 152 625 686 1095 444 1191 663 390 355 935 453 998 536 454 4 1323 715 1118 858 1119 737 812 1060 1153 1070 938 134 776 || mode=vb method=sk_ac_avg solver=filo1 stage=post_ls ls=pyvrp iter=11
2026-03-15 20:42:07 | INFO     | Route #6: 681 989 12 13 22 164 633 144 512 357 948 773 455 476 952 165 1024 558 992 1173 276 928 768 1211 1096 554 324 514 1249 303 788 1237 171 622 416 1048 691 850 1213 460 265 889 919 1196 502 406 194 105 1015 903 541 1097 1282 591 931 1210 818 791 582 856 139 101 886 456 667 1288 89 207 869 1148 119 || mode=vb method=sk_ac_avg solver=filo1 stage=post_ls ls=pyvrp iter=11
2026-03-15 20:42:07 | INFO     | Route #7: 1004 505 1325 1137 1013 467 1056 765 1020 320 1068 102 36 147 975 190 851 179 608 1098 254 63 21 1187 1001 960 540 149 870 629 317 508 651 130 246 705 755 55 990 612 1012 922 689 472 216 1326 1185 379 42 248 649 38 692 777 483 683 356 794 671 307 1088 133 198 1192 484 843 1049 437 833 298 1238 135 1142 1204 || mode=vb method=sk_ac_avg solver=filo1 stage=post_ls ls=pyvrp iter=11
2026-03-15 20:42:07 | INFO     | Route #8: 18 972 1260 136 383 632 933 897 1103 405 499 901 372 742 525 369 238 883 1107 288 1291 447 566 1184 1319 126 784 271 1305 412 180 1303 385 83 11 574 569 477 58 646 815 837 270 530 793 550 717 469 354 740 480 563 1161 577 279 900 1124 244 797 787 867 199 1289 206 533 1163 1312 78 917 336 258 1202 522 1017 || mode=vb method=sk_ac_avg solver=filo1 stage=post_ls ls=pyvrp iter=11
2026-03-15 20:42:07 | INFO     | Route #9: 688 775 223 184 884 1058 964 940 676 468 1167 842 1050 967 123 519 1089 1205 1043 1280 237 1032 500 1072 475 1114 1175 86 999 1092 868 45 506 590 1296 221 961 515 302 247 242 257 896 178 95 367 945 934 873 1219 471 578 792 1129 726 1094 811 548 1044 846 1064 1270 434 31 241 || mode=vb method=sk_ac_avg solver=filo1 stage=post_ls ls=pyvrp iter=11
2026-03-15 20:42:07 | INFO     | Route #10: 617 215 1160 610 911 1109 778 706 187 600 551 1141 407 1040 825 806 734 881 1170 210 623 1301 284 1231 627 679 647 176 1018 76 20 205 962 602 10 213 864 1215 1115 281 572 335 79 1203 || mode=vb method=sk_ac_avg solver=filo1 stage=post_ls ls=pyvrp iter=11
2026-03-15 20:42:07 | INFO     | Route #11: 1299 319 211 1130 439 1139 1182 614 662 1227 1029 155 80 877 57 131 576 118 1158 1075 1285 1014 1133 767 1268 899 203 197 994 1194 421 366 652 75 337 951 192 890 1245 983 927 982 28 678 174 481 414 966 162 1111 636 96 1104 384 1317 1065 1085 779 1310 1233 195 451 545 782 527 415 1256 937 1243 631 524 || mode=vb method=sk_ac_avg solver=filo1 stage=post_ls ls=pyvrp iter=11
2026-03-15 20:42:07 | INFO     | Route #12: 109 315 827 748 588 1186 387 790 729 196 848 423 598 783 645 707 48 309 714 332 272 1246 50 81 77 751 1180 660 1222 1059 353 61 543 478 253 145 1011 428 316 23 1009 232 859 1151 435 939 1235 1276 694 230 71 267 1147 795 25 677 585 655 263 459 904 252 1304 2 1293 930 970 557 628 1117 1177 103 1302 || mode=vb method=sk_ac_avg solver=filo1 stage=post_ls ls=pyvrp iter=11
2026-03-15 20:42:07 | INFO     | Route #13: 1144 47 894 1080 925 1220 1261 26 29 1295 442 1006 1269 639 965 72 786 830 936 296 913 375 1036 243 120 219 969 1225 626 161 229 1 1228 425 1062 69 892 1294 1195 1159 44 733 1021 624 306 191 1121 1218 424 556 1131 1171 285 918 1236 1053 293 957 929 1316 921 409 1038 418 1252 16 1315 233 650 977 116 1284 1149 || mode=vb method=sk_ac_avg solver=filo1 stage=post_ls ls=pyvrp iter=11
2026-03-15 20:42:07 | INFO     | Route #14: 665 1251 183 170 331 485 682 339 564 947 1226 310 586 1140 840 1254 440 968 408 721 816 1198 1067 640 661 30 376 124 361 1311 341 865 318 365 510 1035 817 754 283 8 571 60 736 643 212 1165 287 653 491 377 826 200 249 620 553 601 348 201 523 208 438 702 996 269 656 461 398 325 82 54 511 128 700 291 501 || mode=vb method=sk_ac_avg solver=filo1 stage=post_ls ls=pyvrp iter=11
2026-03-15 20:42:07 | INFO     | Route #15: 942 1230 520 344 224 1112 85 1045 727 410 1287 446 604 701 673 725 1123 532 350 1286 618 981 824 14 373 712 34 110 1257 820 188 920 363 976 1206 808 1002 17 261 710 400 1136 958 987 490 1000 127 690 275 158 895 907 3 115 914 452 432 713 539 1026 1232 905 1086 599 1099 1201 703 292 941 1100 1224 1183 || mode=rb method=sk_ac_min solver=filo2 stage=post_ls ls=pyvrp iter=15
2026-03-15 20:42:07 | INFO     | Route #16: 507 1244 1078 912 411 1034 1135 955 810 290 129 312 1240 137 1152 565 1101 108 1037 758 371 1125 359 1273 41 295 509 231 878 1275 167 581 1318 1188 482 1290 1190 1297 394 328 910 1079 560 932 264 749 946 493 761 699 289 486 809 583 142 463 607 364 547 378 1051 950 985 1223 273 1066 831 431 427 343 573 220 697 492 || mode=rb method=sk_ac_min solver=filo2 stage=post_ls ls=pyvrp iter=15
2026-03-15 20:42:07 | INFO     | Route #17: 1208 1041 1033 1052 234 906 1022 570 422 695 876 1054 1278 389 1179 766 802 770 1264 495 465 1128 891 99 875 391 1073 1314 731 630 374 326 1313 87 396 813 616 549 488 634 603 745 107 93 1281 166 1197 338 68 984 538 1207 98 97 305 771 189 1074 458 544 1077 1076 654 56 404 251 280 1308 735 74 489 182 321 1031 || mode=rb method=sk_ac_min solver=filo2 stage=post_ls ls=pyvrp iter=15
2026-03-15 20:42:07 | INFO     | Route #18: 470 642 91 635 117 1250 1105 882 256 380 1069 1138 1212 839 555 513 1154 988 685 218 255 1102 125 282 6 300 1199 595 949 668 1150 268 175 250 781 709 329 567 227 592 534 995 154 173 186 228 274 1003 844 53 862 33 1039 349 299 546 1027 1298 122 245 641 1255 596 750 159 240 829 39 974 || mode=rb method=sk_kmeans solver=filo1 stage=post_ls ls=pyvrp iter=17
2026-03-15 20:42:07 | INFO     | Route #19: 772 1106 441 1025 504 1134 718 1063 185 1181 225 1087 1055 687 1126 885 531 1061 684 503 799 9 323 584 658 1083 798 1120 352 857 528 711 403 822 399 445 181 94 141 863 360 413 419 805 698 1247 838 1146 1169 944 719 52 148 457 1242 780 1091 || mode=rb method=sk_kmeans solver=filo1 stage=post_ls ls=pyvrp iter=17
2026-03-15 20:42:07 | INFO     | 
2026-03-15 20:42:07 | INFO     | [BEST SOLUTION ROUTE SUMMARY]
2026-03-15 20:42:07 | INFO     | --------------------------------------------------------------------------------
2026-03-15 20:42:07 | INFO     |   14 routes | VB    | sk_ac_avg       | solver=filo1      | stage=post_ls | ls=pyvrp
2026-03-15 20:42:07 | INFO     |    3 routes | RB    | sk_ac_min       | solver=filo2      | stage=post_ls | ls=pyvrp
2026-03-15 20:42:07 | INFO     |    2 routes | RB    | sk_kmeans       | solver=filo1      | stage=post_ls | ls=pyvrp
2026-03-15 20:42:07 | INFO     | 
2026-03-15 20:42:07 | INFO     | [ROUTE POOL SUMMARY]
2026-03-15 20:42:07 | INFO     |    76 routes | VB | sk_ac_avg | solver=filo1 | stage=post_ls | ls=pyvrp
2026-03-15 20:42:07 | INFO     |    75 routes | VB | k_medoids_pyclustering | solver=filo1 | stage=post_ls | ls=pyvrp
2026-03-15 20:42:07 | INFO     |    74 routes | VB | sk_ac_min | solver=filo2 | stage=post_ls | ls=pyvrp
2026-03-15 20:42:07 | INFO     |    57 routes | VB | fcm | solver=pyvrp | stage=post_ls | ls=pyvrp
2026-03-15 20:42:07 | INFO     |    43 routes | RB | sk_ac_min | solver=filo1 | stage=post_ls | ls=pyvrp
2026-03-15 20:42:07 | INFO     |    39 routes | VB | sk_kmeans | solver=filo1 | stage=post_ls | ls=pyvrp
2026-03-15 20:42:07 | INFO     |    38 routes | VB | sk_kmeans | solver=pyvrp | stage=post_ls | ls=pyvrp
2026-03-15 20:42:07 | INFO     |    38 routes | VB | sk_ac_complete | solver=filo1 | stage=post_ls | ls=pyvrp
2026-03-15 20:42:07 | INFO     |    36 routes | VB | sk_ac_complete | solver=filo2 | stage=post_ls | ls=pyvrp
2026-03-15 20:42:07 | INFO     |    32 routes | RB | sk_ac_complete | solver=pyvrp | stage=post_ls | ls=pyvrp
2026-03-15 20:42:07 | INFO     |    23 routes | RB | sk_kmeans | solver=filo1 | stage=post_ls | ls=pyvrp
2026-03-15 20:42:07 | INFO     |    22 routes | RB | sk_ac_min | solver=filo2 | stage=post_ls | ls=pyvrp
2026-03-15 20:42:07 | INFO     |    20 routes | RB | sk_ac_avg | solver=filo2 | stage=post_ls | ls=pyvrp
2026-03-15 20:42:07 | INFO     |    19 routes | VB | sk_kmeans | solver=filo2 | stage=post_ls | ls=pyvrp
2026-03-15 20:42:07 | INFO     |    19 routes | VB | sk_ac_complete | solver=pyvrp | stage=post_ls | ls=pyvrp
2026-03-15 20:42:07 | INFO     |    19 routes | VB | fcm | solver=filo1 | stage=post_ls | ls=pyvrp
2026-03-15 20:42:07 | INFO     |    19 routes | VB | k_medoids_pyclustering | solver=pyvrp | stage=post_ls | ls=pyvrp
2026-03-15 20:42:07 | INFO     |    17 routes | RB | sk_ac_complete | solver=filo2 | stage=post_ls | ls=pyvrp
2026-03-15 20:42:07 | INFO     |    11 routes | RB | sk_ac_avg | solver=filo1 | stage=post_ls | ls=pyvrp
2026-03-15 20:42:07 | INFO     |     7 routes | RB | sk_kmeans | solver=filo2 | stage=post_ls | ls=pyvrp
2026-03-15 20:42:07 | INFO     | [XL-n1328-k19 NO-IMPROVEMENT] best_cost=38396 | streak=25 | Gap: 0.5105%
2026-03-15 20:42:07 | INFO     | [XL-n1328-k19 ITERATION-TIMES 43] cluster=7.857s routing=1776.577s ls=28.256s total=1812.772s
2026-03-15 20:42:07 | INFO     | [XL-n1328-k19 ITERATION 44] mode=VB method=sk_kmeans k=7 solver=filo2 ls=pyvrp
2026-03-15 20:42:30 | INFO     | [XL-n1328-k19 CLUSTER] method=sk_kmeans k=7 | sizes=[121, 301, 36, 305, 161, 84, 319] | min=36 max=319 avg=189.6
2026-03-15 20:42:30 | INFO     | [XL-n1328-k19 ROUTING] Solving clusters with filo2
2026-03-15 20:50:34 | INFO     | [XL-n1328-k19 NO-IMPROVEMENT] best_cost=38396 | streak=26 | Gap: 0.5105%
2026-03-15 20:50:34 | INFO     | [XL-n1328-k19 ITERATION-TIMES 44] cluster=22.484s routing=453.530s ls=30.614s total=506.770s
2026-03-15 20:50:34 | INFO     | [XL-n1328-k19 ITERATION 45] mode=VB method=fcm k=3 solver=pyvrp ls=pyvrp
2026-03-15 20:50:52 | INFO     | [XL-n1328-k19 CLUSTER] method=fcm k=3 | sizes=[473, 443, 411] | min=411 max=473 avg=442.3
2026-03-15 20:50:52 | INFO     | [XL-n1328-k19 ROUTING] Solving clusters with pyvrp
2026-03-15 20:55:19 | INFO     | [XL-n1328-k19 SCP] pruning_mode=diversity
2026-03-15 20:55:19 | INFO     | [XL-n1328-k19 SCP] solver=gurobi_mip | route_pool=722
2026-03-15 20:55:25 | INFO     | [XL-n1328-k19 SCP] optimal solution found
2026-03-15 20:56:05 | INFO     | [XL-n1328-k19 SCP-NO-IMPROVEMENT] cost=38396 (best=38396) | Gap: 0.5105%
2026-03-15 20:56:05 | INFO     | [XL-n1328-k19 NO-IMPROVEMENT] best_cost=38396 | streak=27 | Gap: 0.5105%
2026-03-15 20:56:05 | INFO     | [XL-n1328-k19 ITERATION-TIMES 45] cluster=17.672s routing=247.433s ls=19.145s scp=46.430s total=330.799s
2026-03-15 20:56:05 | INFO     | [XL-n1328-k19 ITERATION 46] mode=RB method=sk_ac_avg k=10 solver=pyvrp ls=pyvrp
2026-03-15 20:56:05 | INFO     | [XL-n1328-k19 CLUSTER] method=sk_ac_avg k=10 | sizes=[213, 293, 143, 69, 216, 147, 75, 70, 44, 57] | min=44 max=293 avg=132.7
2026-03-15 20:56:05 | INFO     | [XL-n1328-k19 ROUTING] Solving clusters with pyvrp
2026-03-15 21:01:14 | INFO     | [XL-n1328-k19 NO-IMPROVEMENT] best_cost=38396 | streak=28 | Gap: 0.5105%
2026-03-15 21:01:14 | INFO     | [XL-n1328-k19 ITERATION-TIMES 46] cluster=0.007s routing=271.378s ls=37.416s total=309.046s
2026-03-15 21:01:14 | INFO     | [XL-n1328-k19 ITERATION 47] mode=RB method=sk_kmeans k=7 solver=filo1 ls=pyvrp
2026-03-15 21:01:16 | INFO     | [XL-n1328-k19 CLUSTER] method=sk_kmeans k=7 | sizes=[213, 148, 293, 213, 290, 126, 44] | min=44 max=293 avg=189.6
2026-03-15 21:01:16 | INFO     | [XL-n1328-k19 ROUTING] Solving clusters with filo1
2026-03-15 21:11:02 | INFO     | [XL-n1328-k19 NO-IMPROVEMENT] best_cost=38396 | streak=29 | Gap: 0.5105%
2026-03-15 21:11:02 | INFO     | [XL-n1328-k19 ITERATION-TIMES 47] cluster=1.721s routing=549.879s ls=36.175s total=587.919s
2026-03-15 21:11:02 | INFO     | [XL-n1328-k19 ITERATION 48] mode=RB method=sk_kmeans k=6 solver=pyvrp ls=pyvrp
2026-03-15 21:11:03 | INFO     | [XL-n1328-k19 CLUSTER] method=sk_kmeans k=6 | sizes=[213, 368, 363, 44, 126, 213] | min=44 max=368 avg=221.2
2026-03-15 21:11:03 | INFO     | [XL-n1328-k19 ROUTING] Solving clusters with pyvrp
2026-03-15 21:16:00 | INFO     | [XL-n1328-k19 SCP] pruning_mode=diversity
2026-03-15 21:16:00 | INFO     | [XL-n1328-k19 SCP] solver=gurobi_mip | route_pool=741
2026-03-15 21:16:09 | INFO     | [XL-n1328-k19 SCP] optimal solution found
2026-03-15 21:16:52 | INFO     | [XL-n1328-k19 SCP-NO-IMPROVEMENT] cost=38396 (best=38396) | Gap: 0.5105%
2026-03-15 21:16:52 | INFO     | [XL-n1328-k19 NO-IMPROVEMENT] best_cost=38396 | streak=30 | Gap: 0.5105%
2026-03-15 21:16:52 | INFO     | [XL-n1328-k19 ITERATION-TIMES 48] cluster=1.410s routing=256.570s ls=39.698s scp=52.384s total=350.270s
2026-03-15 21:16:52 | INFO     | [XL-n1328-k19 ITERATION 49] mode=RB method=sk_ac_complete k=10 solver=pyvrp ls=pyvrp
2026-03-15 21:16:52 | INFO     | [XL-n1328-k19 CLUSTER] method=sk_ac_complete k=10 | sizes=[213, 293, 147, 216, 143, 57, 75, 70, 44, 69] | min=44 max=293 avg=132.7
2026-03-15 21:16:52 | INFO     | [XL-n1328-k19 ROUTING] Solving clusters with pyvrp
2026-03-15 21:22:01 | INFO     | [XL-n1328-k19 NO-IMPROVEMENT] best_cost=38396 | streak=31 | Gap: 0.5105%
2026-03-15 21:22:01 | INFO     | [XL-n1328-k19 ITERATION-TIMES 49] cluster=0.030s routing=273.117s ls=36.008s total=309.195s
2026-03-15 21:22:01 | INFO     | [XL-n1328-k19 ITERATION 50] mode=RB method=sk_ac_avg k=7 solver=filo2 ls=pyvrp
2026-03-15 21:22:02 | INFO     | [XL-n1328-k19 CLUSTER] method=sk_ac_avg k=7 | sizes=[213, 363, 126, 44, 293, 213, 75] | min=44 max=363 avg=189.6
2026-03-15 21:22:02 | INFO     | [XL-n1328-k19 ROUTING] Solving clusters with filo2
2026-03-15 21:34:42 | INFO     | [XL-n1328-k19 NO-IMPROVEMENT] best_cost=38396 | streak=32 | Gap: 0.5105%
2026-03-15 21:34:42 | INFO     | [XL-n1328-k19 ITERATION-TIMES 50] cluster=0.144s routing=715.770s ls=44.143s total=760.141s
2026-03-15 21:34:42 | INFO     | [XL-n1328-k19 ITERATION 51] mode=VB method=fcm k=2 solver=filo2 ls=pyvrp
2026-03-15 21:35:11 | INFO     | [XL-n1328-k19 CLUSTER] method=fcm k=2 | sizes=[756, 571] | min=571 max=756 avg=663.5
2026-03-15 21:35:11 | INFO     | [XL-n1328-k19 ROUTING] Solving clusters with filo2
2026-03-15 22:01:36 | INFO     | [XL-n1328-k19 SCP] pruning_mode=diversity
2026-03-15 22:01:36 | INFO     | [XL-n1328-k19 SCP] solver=gurobi_mip | route_pool=771
2026-03-15 22:01:42 | INFO     | [XL-n1328-k19 SCP] optimal solution found
2026-03-15 22:02:24 | INFO     | [XL-n1328-k19 SCP-NO-IMPROVEMENT] cost=38396 (best=38396) | Gap: 0.5105%
2026-03-15 22:02:24 | INFO     | 
2026-03-15 22:02:24 | INFO     | ================================================================================
2026-03-15 22:02:24 | INFO     | [XL-n1328-k19] PERIODIC SNAPSHOT SNAPSHOT_008
2026-03-15 22:02:24 | INFO     | ================================================================================
2026-03-15 22:02:24 | INFO     | Route #1: 156 1007 580 43 433 266 898 448 860 1116 521 561 675 1143 738 669 796 226 997 193 1164 204 847 1263 1283 835 466 756 722 785 35 313 160 807 314 1168 62 27 1217 496 32 1253 1174 732 1265 915 814 605 397 260 1172 177 402 849 401 308 392 1016 1145 943 757 1216 1322 637 138 157 764 1266 473 516 494 111 594 429 || mode=vb method=sk_ac_avg solver=filo1 stage=post_ls ls=pyvrp iter=11
2026-03-15 22:02:24 | INFO     | Route #2: 589 1156 1042 888 841 542 40 1110 168 382 5 804 301 828 619 113 294 449 1321 674 638 330 923 693 1122 659 443 879 644 46 73 340 1057 65 893 286 963 993 132 723 593 430 311 954 217 986 908 708 70 84 1113 1309 1090 345 753 861 37 819 7 1178 1108 278 836 552 575 1010 327 395 823 760 535 1272 854 214 || mode=vb method=sk_ac_avg solver=filo1 stage=post_ls ls=pyvrp iter=11
2026-03-15 22:02:24 | INFO     | Route #3: 1221 759 262 1300 866 1248 529 1019 657 613 140 104 235 1241 150 1277 526 1262 297 92 803 277 51 880 1271 121 1023 236 1046 462 209 832 368 386 1267 1324 517 855 1239 1082 973 426 872 169 568 153 537 464 163 346 1200 874 1028 100 381 420 1292 393 151 1258 474 741 1071 953 579 1047 746 852 664 1229 1189 222 || mode=vb method=sk_ac_avg solver=filo1 stage=post_ls ls=pyvrp iter=11
2026-03-15 22:02:24 | INFO     | Route #4: 90 978 146 114 59 909 801 1005 1157 956 1279 1214 49 587 1132 436 924 518 789 88 959 1274 739 143 724 648 239 1327 322 202 621 1127 769 64 763 696 351 716 597 1259 1030 1234 479 1084 1008 342 106 333 672 704 666 774 259 1209 562 1306 1176 887 1155 902 800 347 752 370 112 67 747 1081 670 358 || mode=vb method=sk_ac_avg solver=filo1 stage=post_ls ls=pyvrp iter=11
2026-03-15 22:02:24 | INFO     | Route #5: 1162 172 1093 1166 304 744 559 606 609 611 497 971 487 743 845 1307 980 853 615 720 417 916 728 979 19 1193 498 450 834 15 730 388 991 24 362 821 334 680 926 1320 871 66 762 152 625 686 1095 444 1191 663 390 355 935 453 998 536 454 4 1323 715 1118 858 1119 737 812 1060 1153 1070 938 134 776 || mode=vb method=sk_ac_avg solver=filo1 stage=post_ls ls=pyvrp iter=11
2026-03-15 22:02:24 | INFO     | Route #6: 681 989 12 13 22 164 633 144 512 357 948 773 455 476 952 165 1024 558 992 1173 276 928 768 1211 1096 554 324 514 1249 303 788 1237 171 622 416 1048 691 850 1213 460 265 889 919 1196 502 406 194 105 1015 903 541 1097 1282 591 931 1210 818 791 582 856 139 101 886 456 667 1288 89 207 869 1148 119 || mode=vb method=sk_ac_avg solver=filo1 stage=post_ls ls=pyvrp iter=11
2026-03-15 22:02:24 | INFO     | Route #7: 1004 505 1325 1137 1013 467 1056 765 1020 320 1068 102 36 147 975 190 851 179 608 1098 254 63 21 1187 1001 960 540 149 870 629 317 508 651 130 246 705 755 55 990 612 1012 922 689 472 216 1326 1185 379 42 248 649 38 692 777 483 683 356 794 671 307 1088 133 198 1192 484 843 1049 437 833 298 1238 135 1142 1204 || mode=vb method=sk_ac_avg solver=filo1 stage=post_ls ls=pyvrp iter=11
2026-03-15 22:02:24 | INFO     | Route #8: 18 972 1260 136 383 632 933 897 1103 405 499 901 372 742 525 369 238 883 1107 288 1291 447 566 1184 1319 126 784 271 1305 412 180 1303 385 83 11 574 569 477 58 646 815 837 270 530 793 550 717 469 354 740 480 563 1161 577 279 900 1124 244 797 787 867 199 1289 206 533 1163 1312 78 917 336 258 1202 522 1017 || mode=vb method=sk_ac_avg solver=filo1 stage=post_ls ls=pyvrp iter=11
2026-03-15 22:02:24 | INFO     | Route #9: 688 775 223 184 884 1058 964 940 676 468 1167 842 1050 967 123 519 1089 1205 1043 1280 237 1032 500 1072 475 1114 1175 86 999 1092 868 45 506 590 1296 221 961 515 302 247 242 257 896 178 95 367 945 934 873 1219 471 578 792 1129 726 1094 811 548 1044 846 1064 1270 434 31 241 || mode=vb method=sk_ac_avg solver=filo1 stage=post_ls ls=pyvrp iter=11
2026-03-15 22:02:24 | INFO     | Route #10: 617 215 1160 610 911 1109 778 706 187 600 551 1141 407 1040 825 806 734 881 1170 210 623 1301 284 1231 627 679 647 176 1018 76 20 205 962 602 10 213 864 1215 1115 281 572 335 79 1203 || mode=vb method=sk_ac_avg solver=filo1 stage=post_ls ls=pyvrp iter=11
2026-03-15 22:02:24 | INFO     | Route #11: 1299 319 211 1130 439 1139 1182 614 662 1227 1029 155 80 877 57 131 576 118 1158 1075 1285 1014 1133 767 1268 899 203 197 994 1194 421 366 652 75 337 951 192 890 1245 983 927 982 28 678 174 481 414 966 162 1111 636 96 1104 384 1317 1065 1085 779 1310 1233 195 451 545 782 527 415 1256 937 1243 631 524 || mode=vb method=sk_ac_avg solver=filo1 stage=post_ls ls=pyvrp iter=11
2026-03-15 22:02:24 | INFO     | Route #12: 109 315 827 748 588 1186 387 790 729 196 848 423 598 783 645 707 48 309 714 332 272 1246 50 81 77 751 1180 660 1222 1059 353 61 543 478 253 145 1011 428 316 23 1009 232 859 1151 435 939 1235 1276 694 230 71 267 1147 795 25 677 585 655 263 459 904 252 1304 2 1293 930 970 557 628 1117 1177 103 1302 || mode=vb method=sk_ac_avg solver=filo1 stage=post_ls ls=pyvrp iter=11
2026-03-15 22:02:24 | INFO     | Route #13: 1144 47 894 1080 925 1220 1261 26 29 1295 442 1006 1269 639 965 72 786 830 936 296 913 375 1036 243 120 219 969 1225 626 161 229 1 1228 425 1062 69 892 1294 1195 1159 44 733 1021 624 306 191 1121 1218 424 556 1131 1171 285 918 1236 1053 293 957 929 1316 921 409 1038 418 1252 16 1315 233 650 977 116 1284 1149 || mode=vb method=sk_ac_avg solver=filo1 stage=post_ls ls=pyvrp iter=11
2026-03-15 22:02:24 | INFO     | Route #14: 665 1251 183 170 331 485 682 339 564 947 1226 310 586 1140 840 1254 440 968 408 721 816 1198 1067 640 661 30 376 124 361 1311 341 865 318 365 510 1035 817 754 283 8 571 60 736 643 212 1165 287 653 491 377 826 200 249 620 553 601 348 201 523 208 438 702 996 269 656 461 398 325 82 54 511 128 700 291 501 || mode=vb method=sk_ac_avg solver=filo1 stage=post_ls ls=pyvrp iter=11
2026-03-15 22:02:24 | INFO     | Route #15: 942 1230 520 344 224 1112 85 1045 727 410 1287 446 604 701 673 725 1123 532 350 1286 618 981 824 14 373 712 34 110 1257 820 188 920 363 976 1206 808 1002 17 261 710 400 1136 958 987 490 1000 127 690 275 158 895 907 3 115 914 452 432 713 539 1026 1232 905 1086 599 1099 1201 703 292 941 1100 1224 1183 || mode=rb method=sk_ac_min solver=filo2 stage=post_ls ls=pyvrp iter=15
2026-03-15 22:02:24 | INFO     | Route #16: 507 1244 1078 912 411 1034 1135 955 810 290 129 312 1240 137 1152 565 1101 108 1037 758 371 1125 359 1273 41 295 509 231 878 1275 167 581 1318 1188 482 1290 1190 1297 394 328 910 1079 560 932 264 749 946 493 761 699 289 486 809 583 142 463 607 364 547 378 1051 950 985 1223 273 1066 831 431 427 343 573 220 697 492 || mode=rb method=sk_ac_min solver=filo2 stage=post_ls ls=pyvrp iter=15
2026-03-15 22:02:24 | INFO     | Route #17: 1208 1041 1033 1052 234 906 1022 570 422 695 876 1054 1278 389 1179 766 802 770 1264 495 465 1128 891 99 875 391 1073 1314 731 630 374 326 1313 87 396 813 616 549 488 634 603 745 107 93 1281 166 1197 338 68 984 538 1207 98 97 305 771 189 1074 458 544 1077 1076 654 56 404 251 280 1308 735 74 489 182 321 1031 || mode=rb method=sk_ac_min solver=filo2 stage=post_ls ls=pyvrp iter=15
2026-03-15 22:02:24 | INFO     | Route #18: 470 642 91 635 117 1250 1105 882 256 380 1069 1138 1212 839 555 513 1154 988 685 218 255 1102 125 282 6 300 1199 595 949 668 1150 268 175 250 781 709 329 567 227 592 534 995 154 173 186 228 274 1003 844 53 862 33 1039 349 299 546 1027 1298 122 245 641 1255 596 750 159 240 829 39 974 || mode=rb method=sk_kmeans solver=filo1 stage=post_ls ls=pyvrp iter=17
2026-03-15 22:02:24 | INFO     | Route #19: 772 1106 441 1025 504 1134 718 1063 185 1181 225 1087 1055 687 1126 885 531 1061 684 503 799 9 323 584 658 1083 798 1120 352 857 528 711 403 822 399 445 181 94 141 863 360 413 419 805 698 1247 838 1146 1169 944 719 52 148 457 1242 780 1091 || mode=rb method=sk_kmeans solver=filo1 stage=post_ls ls=pyvrp iter=17
2026-03-15 22:02:24 | INFO     | 
2026-03-15 22:02:24 | INFO     | [BEST SOLUTION ROUTE SUMMARY]
2026-03-15 22:02:24 | INFO     | --------------------------------------------------------------------------------
2026-03-15 22:02:24 | INFO     |   14 routes | VB    | sk_ac_avg       | solver=filo1      | stage=post_ls | ls=pyvrp
2026-03-15 22:02:24 | INFO     |    3 routes | RB    | sk_ac_min       | solver=filo2      | stage=post_ls | ls=pyvrp
2026-03-15 22:02:24 | INFO     |    2 routes | RB    | sk_kmeans       | solver=filo1      | stage=post_ls | ls=pyvrp
2026-03-15 22:02:24 | INFO     | 
2026-03-15 22:02:24 | INFO     | [ROUTE POOL SUMMARY]
2026-03-15 22:02:24 | INFO     |    76 routes | VB | sk_ac_avg | solver=filo1 | stage=post_ls | ls=pyvrp
2026-03-15 22:02:24 | INFO     |    76 routes | VB | fcm | solver=pyvrp | stage=post_ls | ls=pyvrp
2026-03-15 22:02:24 | INFO     |    75 routes | VB | k_medoids_pyclustering | solver=filo1 | stage=post_ls | ls=pyvrp
2026-03-15 22:02:24 | INFO     |    74 routes | VB | sk_ac_min | solver=filo2 | stage=post_ls | ls=pyvrp
2026-03-15 22:02:24 | INFO     |    43 routes | RB | sk_ac_min | solver=filo1 | stage=post_ls | ls=pyvrp
2026-03-15 22:02:24 | INFO     |    41 routes | RB | sk_ac_complete | solver=pyvrp | stage=post_ls | ls=pyvrp
2026-03-15 22:02:24 | INFO     |    39 routes | VB | sk_kmeans | solver=filo1 | stage=post_ls | ls=pyvrp
2026-03-15 22:02:24 | INFO     |    38 routes | VB | sk_kmeans | solver=filo2 | stage=post_ls | ls=pyvrp
2026-03-15 22:02:24 | INFO     |    38 routes | VB | sk_kmeans | solver=pyvrp | stage=post_ls | ls=pyvrp
2026-03-15 22:02:24 | INFO     |    38 routes | VB | sk_ac_complete | solver=filo1 | stage=post_ls | ls=pyvrp
2026-03-15 22:02:24 | INFO     |    36 routes | VB | sk_ac_complete | solver=filo2 | stage=post_ls | ls=pyvrp
2026-03-15 22:02:24 | INFO     |    23 routes | RB | sk_kmeans | solver=filo1 | stage=post_ls | ls=pyvrp
2026-03-15 22:02:24 | INFO     |    23 routes | RB | sk_ac_avg | solver=filo2 | stage=post_ls | ls=pyvrp
2026-03-15 22:02:24 | INFO     |    22 routes | RB | sk_ac_min | solver=filo2 | stage=post_ls | ls=pyvrp
2026-03-15 22:02:24 | INFO     |    19 routes | VB | sk_ac_complete | solver=pyvrp | stage=post_ls | ls=pyvrp
2026-03-15 22:02:24 | INFO     |    19 routes | VB | fcm | solver=filo1 | stage=post_ls | ls=pyvrp
2026-03-15 22:02:24 | INFO     |    19 routes | VB | k_medoids_pyclustering | solver=pyvrp | stage=post_ls | ls=pyvrp
2026-03-15 22:02:24 | INFO     |    18 routes | VB | fcm | solver=filo2 | stage=post_ls | ls=pyvrp
2026-03-15 22:02:24 | INFO     |    17 routes | RB | sk_ac_complete | solver=filo2 | stage=post_ls | ls=pyvrp
2026-03-15 22:02:24 | INFO     |    11 routes | RB | sk_ac_avg | solver=filo1 | stage=post_ls | ls=pyvrp
2026-03-15 22:02:24 | INFO     |    11 routes | RB | sk_kmeans | solver=pyvrp | stage=post_ls | ls=pyvrp
2026-03-15 22:02:24 | INFO     |     8 routes | RB | sk_ac_avg | solver=pyvrp | stage=post_ls | ls=pyvrp
2026-03-15 22:02:24 | INFO     |     7 routes | RB | sk_kmeans | solver=filo2 | stage=post_ls | ls=pyvrp
2026-03-15 22:02:24 | INFO     | [XL-n1328-k19 NO-IMPROVEMENT] best_cost=38396 | streak=33 | Gap: 0.5105%
2026-03-15 22:02:24 | INFO     | [XL-n1328-k19 ITERATION-TIMES 51] cluster=29.390s routing=1542.627s ls=42.049s scp=47.983s total=1662.271s
2026-03-15 22:02:24 | INFO     | [XL-n1328-k19 ITERATION 52] mode=RB method=sk_ac_min k=10 solver=filo1 ls=pyvrp
2026-03-15 22:02:24 | INFO     | [XL-n1328-k19 CLUSTER] method=sk_ac_min k=10 | sizes=[143, 363, 69, 139, 293, 75, 70, 44, 74, 57] | min=44 max=363 avg=132.7
2026-03-15 22:02:24 | INFO     | [XL-n1328-k19 ROUTING] Solving clusters with filo1
2026-03-15 22:14:44 | INFO     | [XL-n1328-k19 NO-IMPROVEMENT] best_cost=38396 | streak=34 | Gap: 0.5105%
2026-03-15 22:14:44 | INFO     | [XL-n1328-k19 ITERATION-TIMES 52] cluster=0.030s routing=687.694s ls=52.293s total=740.129s
2026-03-15 22:14:44 | WARNING  | [XL-n1328-k19 STOP] time limit reached
2026-03-15 22:14:44 | INFO     | [XL-n1328-k19 FINAL SCP] solver=gurobi_mip | route_pool=778
2026-03-15 22:14:58 | INFO     | [XL-n1328-k19 SCP] optimal solution found
2026-03-15 22:15:39 | INFO     | 
2026-03-15 22:15:39 | INFO     | ================================================================================
2026-03-15 22:15:39 | INFO     | [XL-n1328-k19] FINAL BEST ROUTES WITH TAGS
2026-03-15 22:15:39 | INFO     | ================================================================================
2026-03-15 22:15:39 | INFO     | Route #1: 156 1007 580 43 433 266 898 448 860 1116 521 561 675 1143 738 669 796 226 997 193 1164 204 847 1263 1283 835 466 756 722 785 35 313 160 807 314 1168 62 27 1217 496 32 1253 1174 732 1265 915 814 605 397 260 1172 177 402 849 401 308 392 1016 1145 943 757 1216 1322 637 138 157 764 1266 473 516 494 111 594 429 || mode=VB method=sk_ac_avg solver=filo1 stage=post_ls ls=pyvrp iter=11
2026-03-15 22:15:39 | INFO     | Route #2: 589 1156 1042 888 841 542 40 1110 168 382 5 804 301 828 619 113 294 449 1321 674 638 330 923 693 1122 659 443 879 644 46 73 340 1057 65 893 286 963 993 132 723 593 430 311 954 217 986 908 708 70 84 1113 1309 1090 345 753 861 37 819 7 1178 1108 278 836 552 575 1010 327 395 823 760 535 1272 854 214 || mode=VB method=sk_ac_avg solver=filo1 stage=post_ls ls=pyvrp iter=11
2026-03-15 22:15:39 | INFO     | Route #3: 1221 759 262 1300 866 1248 529 1019 657 613 140 104 235 1241 150 1277 526 1262 297 92 803 277 51 880 1271 121 1023 236 1046 462 209 832 368 386 1267 1324 517 855 1239 1082 973 426 872 169 568 153 537 464 163 346 1200 874 1028 100 381 420 1292 393 151 1258 474 741 1071 953 579 1047 746 852 664 1229 1189 222 || mode=VB method=sk_ac_avg solver=filo1 stage=post_ls ls=pyvrp iter=11
2026-03-15 22:15:39 | INFO     | Route #4: 90 978 146 114 59 909 801 1005 1157 956 1279 1214 49 587 1132 436 924 518 789 88 959 1274 739 143 724 648 239 1327 322 202 621 1127 769 64 763 696 351 716 597 1259 1030 1234 479 1084 1008 342 106 333 672 704 666 774 259 1209 562 1306 1176 887 1155 902 800 347 752 370 112 67 747 1081 670 358 || mode=VB method=sk_ac_avg solver=filo1 stage=post_ls ls=pyvrp iter=11
2026-03-15 22:15:39 | INFO     | Route #5: 1162 172 1093 1166 304 744 559 606 609 611 497 971 487 743 845 1307 980 853 615 720 417 916 728 979 19 1193 498 450 834 15 730 388 991 24 362 821 334 680 926 1320 871 66 762 152 625 686 1095 444 1191 663 390 355 935 453 998 536 454 4 1323 715 1118 858 1119 737 812 1060 1153 1070 938 134 776 || mode=VB method=sk_ac_avg solver=filo1 stage=post_ls ls=pyvrp iter=11
2026-03-15 22:15:39 | INFO     | Route #6: 681 989 12 13 22 164 633 144 512 357 948 773 455 476 952 165 1024 558 992 1173 276 928 768 1211 1096 554 324 514 1249 303 788 1237 171 622 416 1048 691 850 1213 460 265 889 919 1196 502 406 194 105 1015 903 541 1097 1282 591 931 1210 818 791 582 856 139 101 886 456 667 1288 89 207 869 1148 119 || mode=VB method=sk_ac_avg solver=filo1 stage=post_ls ls=pyvrp iter=11
2026-03-15 22:15:39 | INFO     | Route #7: 1004 505 1325 1137 1013 467 1056 765 1020 320 1068 102 36 147 975 190 851 179 608 1098 254 63 21 1187 1001 960 540 149 870 629 317 508 651 130 246 705 755 55 990 612 1012 922 689 472 216 1326 1185 379 42 248 649 38 692 777 483 683 356 794 671 307 1088 133 198 1192 484 843 1049 437 833 298 1238 135 1142 1204 || mode=VB method=sk_ac_avg solver=filo1 stage=post_ls ls=pyvrp iter=11
2026-03-15 22:15:39 | INFO     | Route #8: 18 972 1260 136 383 632 933 897 1103 405 499 901 372 742 525 369 238 883 1107 288 1291 447 566 1184 1319 126 784 271 1305 412 180 1303 385 83 11 574 569 477 58 646 815 837 270 530 793 550 717 469 354 740 480 563 1161 577 279 900 1124 244 797 787 867 199 1289 206 533 1163 1312 78 917 336 258 1202 522 1017 || mode=VB method=sk_ac_avg solver=filo1 stage=post_ls ls=pyvrp iter=11
2026-03-15 22:15:39 | INFO     | Route #9: 688 775 223 184 884 1058 964 940 676 468 1167 842 1050 967 123 519 1089 1205 1043 1280 237 1032 500 1072 475 1114 1175 86 999 1092 868 45 506 590 1296 221 961 515 302 247 242 257 896 178 95 367 945 934 873 1219 471 578 792 1129 726 1094 811 548 1044 846 1064 1270 434 31 241 || mode=VB method=sk_ac_avg solver=filo1 stage=post_ls ls=pyvrp iter=11
2026-03-15 22:15:39 | INFO     | Route #10: 617 215 1160 610 911 1109 778 706 187 600 551 1141 407 1040 825 806 734 881 1170 210 623 1301 284 1231 627 679 647 176 1018 76 20 205 962 602 10 213 864 1215 1115 281 572 335 79 1203 || mode=VB method=sk_ac_avg solver=filo1 stage=post_ls ls=pyvrp iter=11
2026-03-15 22:15:39 | INFO     | Route #11: 1299 319 211 1130 439 1139 1182 614 662 1227 1029 155 80 877 57 131 576 118 1158 1075 1285 1014 1133 767 1268 899 203 197 994 1194 421 366 652 75 337 951 192 890 1245 983 927 982 28 678 174 481 414 966 162 1111 636 96 1104 384 1317 1065 1085 779 1310 1233 195 451 545 782 527 415 1256 937 1243 631 524 || mode=VB method=sk_ac_avg solver=filo1 stage=post_ls ls=pyvrp iter=11
2026-03-15 22:15:39 | INFO     | Route #12: 109 315 827 748 588 1186 387 790 729 196 848 423 598 783 645 707 48 309 714 332 272 1246 50 81 77 751 1180 660 1222 1059 353 61 543 478 253 145 1011 428 316 23 1009 232 859 1151 435 939 1235 1276 694 230 71 267 1147 795 25 677 585 655 263 459 904 252 1304 2 1293 930 970 557 628 1117 1177 103 1302 || mode=VB method=sk_ac_avg solver=filo1 stage=post_ls ls=pyvrp iter=11
2026-03-15 22:15:39 | INFO     | Route #13: 1144 47 894 1080 925 1220 1261 26 29 1295 442 1006 1269 639 965 72 786 830 936 296 913 375 1036 243 120 219 969 1225 626 161 229 1 1228 425 1062 69 892 1294 1195 1159 44 733 1021 624 306 191 1121 1218 424 556 1131 1171 285 918 1236 1053 293 957 929 1316 921 409 1038 418 1252 16 1315 233 650 977 116 1284 1149 || mode=VB method=sk_ac_avg solver=filo1 stage=post_ls ls=pyvrp iter=11
2026-03-15 22:15:39 | INFO     | Route #14: 665 1251 183 170 331 485 682 339 564 947 1226 310 586 1140 840 1254 440 968 408 721 816 1198 1067 640 661 30 376 124 361 1311 341 865 318 365 510 1035 817 754 283 8 571 60 736 643 212 1165 287 653 491 377 826 200 249 620 553 601 348 201 523 208 438 702 996 269 656 461 398 325 82 54 511 128 700 291 501 || mode=VB method=sk_ac_avg solver=filo1 stage=post_ls ls=pyvrp iter=11
2026-03-15 22:15:39 | INFO     | Route #15: 942 1230 520 344 224 1112 85 1045 727 410 1287 446 604 701 673 725 1123 532 350 1286 618 981 824 14 373 712 34 110 1257 820 188 920 363 976 1206 808 1002 17 261 710 400 1136 958 987 490 1000 127 690 275 158 895 907 3 115 914 452 432 713 539 1026 1232 905 1086 599 1099 1201 703 292 941 1100 1224 1183 || mode=RB method=sk_ac_min solver=filo2 stage=post_ls ls=pyvrp iter=15
2026-03-15 22:15:39 | INFO     | Route #16: 507 1244 1078 912 411 1034 1135 955 810 290 129 312 1240 137 1152 565 1101 108 1037 758 371 1125 359 1273 41 295 509 231 878 1275 167 581 1318 1188 482 1290 1190 1297 394 328 910 1079 560 932 264 749 946 493 761 699 289 486 809 583 142 463 607 364 547 378 1051 950 985 1223 273 1066 831 431 427 343 573 220 697 492 || mode=RB method=sk_ac_min solver=filo2 stage=post_ls ls=pyvrp iter=15
2026-03-15 22:15:39 | INFO     | Route #17: 1208 1041 1033 1052 234 906 1022 570 422 695 876 1054 1278 389 1179 766 802 770 1264 495 465 1128 891 99 875 391 1073 1314 731 630 374 326 1313 87 396 813 616 549 488 634 603 745 107 93 1281 166 1197 338 68 984 538 1207 98 97 305 771 189 1074 458 544 1077 1076 654 56 404 251 280 1308 735 74 489 182 321 1031 || mode=RB method=sk_ac_min solver=filo2 stage=post_ls ls=pyvrp iter=15
2026-03-15 22:15:39 | INFO     | Route #18: 470 642 91 635 117 1250 1105 882 256 380 1069 1138 1212 839 555 513 1154 988 685 218 255 1102 125 282 6 300 1199 595 949 668 1150 268 175 250 781 709 329 567 227 592 534 995 154 173 186 228 274 1003 844 53 862 33 1039 349 299 546 1027 1298 122 245 641 1255 596 750 159 240 829 39 974 || mode=RB method=sk_kmeans solver=filo1 stage=post_ls ls=pyvrp iter=17
2026-03-15 22:15:39 | INFO     | Route #19: 772 1106 441 1025 504 1134 718 1063 185 1181 225 1087 1055 687 1126 885 531 1061 684 503 799 9 323 584 658 1083 798 1120 352 857 528 711 403 822 399 445 181 94 141 863 360 413 419 805 698 1247 838 1146 1169 944 719 52 148 457 1242 780 1091 || mode=RB method=sk_kmeans solver=filo1 stage=post_ls ls=pyvrp iter=17
2026-03-15 22:15:39 | INFO     | 
2026-03-15 22:15:39 | INFO     | ================================================================================
2026-03-15 22:15:39 | INFO     | [XL-n1328-k19] SUMMARY — BEST SOLUTION ROUTE ORIGINS
2026-03-15 22:15:39 | INFO     | ================================================================================
2026-03-15 22:15:39 | INFO     |   14 routes | VB | sk_ac_avg | solver=filo1 | stage=post_ls | ls=pyvrp
2026-03-15 22:15:39 | INFO     |    3 routes | RB | sk_ac_min | solver=filo2 | stage=post_ls | ls=pyvrp
2026-03-15 22:15:39 | INFO     |    2 routes | RB | sk_kmeans | solver=filo1 | stage=post_ls | ls=pyvrp
2026-03-15 22:15:39 | INFO     | 
2026-03-15 22:15:39 | INFO     | ================================================================================
2026-03-15 22:15:39 | INFO     | [XL-n1328-k19] SUMMARY — ROUTE POOL COMPOSITION
2026-03-15 22:15:39 | INFO     | ================================================================================
2026-03-15 22:15:39 | INFO     |   76 routes | VB | fcm | solver=pyvrp | stage=post_ls | ls=pyvrp
2026-03-15 22:15:39 | INFO     |   76 routes | VB | sk_ac_avg | solver=filo1 | stage=post_ls | ls=pyvrp
2026-03-15 22:15:39 | INFO     |   75 routes | VB | k_medoids_pyclustering | solver=filo1 | stage=post_ls | ls=pyvrp
2026-03-15 22:15:39 | INFO     |   74 routes | VB | sk_ac_min | solver=filo2 | stage=post_ls | ls=pyvrp
2026-03-15 22:15:39 | INFO     |   50 routes | RB | sk_ac_min | solver=filo1 | stage=post_ls | ls=pyvrp
2026-03-15 22:15:39 | INFO     |   41 routes | RB | sk_ac_complete | solver=pyvrp | stage=post_ls | ls=pyvrp
2026-03-15 22:15:39 | INFO     |   39 routes | VB | sk_kmeans | solver=filo1 | stage=post_ls | ls=pyvrp
2026-03-15 22:15:39 | INFO     |   38 routes | VB | sk_ac_complete | solver=filo1 | stage=post_ls | ls=pyvrp
2026-03-15 22:15:39 | INFO     |   38 routes | VB | sk_kmeans | solver=filo2 | stage=post_ls | ls=pyvrp
2026-03-15 22:15:39 | INFO     |   38 routes | VB | sk_kmeans | solver=pyvrp | stage=post_ls | ls=pyvrp
2026-03-15 22:15:39 | INFO     |   36 routes | VB | sk_ac_complete | solver=filo2 | stage=post_ls | ls=pyvrp
2026-03-15 22:15:39 | INFO     |   23 routes | RB | sk_ac_avg | solver=filo2 | stage=post_ls | ls=pyvrp
2026-03-15 22:15:39 | INFO     |   23 routes | RB | sk_kmeans | solver=filo1 | stage=post_ls | ls=pyvrp
2026-03-15 22:15:39 | INFO     |   22 routes | RB | sk_ac_min | solver=filo2 | stage=post_ls | ls=pyvrp
2026-03-15 22:15:39 | INFO     |   19 routes | VB | fcm | solver=filo1 | stage=post_ls | ls=pyvrp
2026-03-15 22:15:39 | INFO     |   19 routes | VB | k_medoids_pyclustering | solver=pyvrp | stage=post_ls | ls=pyvrp
2026-03-15 22:15:39 | INFO     |   19 routes | VB | sk_ac_complete | solver=pyvrp | stage=post_ls | ls=pyvrp
2026-03-15 22:15:39 | INFO     |   18 routes | VB | fcm | solver=filo2 | stage=post_ls | ls=pyvrp
2026-03-15 22:15:39 | INFO     |   17 routes | RB | sk_ac_complete | solver=filo2 | stage=post_ls | ls=pyvrp
2026-03-15 22:15:39 | INFO     |   11 routes | RB | sk_ac_avg | solver=filo1 | stage=post_ls | ls=pyvrp
2026-03-15 22:15:39 | INFO     |   11 routes | RB | sk_kmeans | solver=pyvrp | stage=post_ls | ls=pyvrp
2026-03-15 22:15:39 | INFO     |    8 routes | RB | sk_ac_avg | solver=pyvrp | stage=post_ls | ls=pyvrp
2026-03-15 22:15:39 | INFO     |    7 routes | RB | sk_kmeans | solver=filo2 | stage=post_ls | ls=pyvrp
2026-03-15 22:15:39 | INFO     | 
2026-03-15 22:15:39 | INFO     | ================================================================================
2026-03-15 22:15:39 | INFO     | [XL-n1328-k19] FULL ROUTE POOL DUMP
2026-03-15 22:15:39 | INFO     | ================================================================================
2026-03-15 22:15:39 | INFO     | [POOL #00001] 747 67 112 370 345 887 1176 1306 562 1209 259 774 666 704 672 333 106 342 1008 1084 406 502 1196 919 889 265 460 1259 597 716 351 1030 696 763 64 769 1127 1234 479 621 202 322 1327 239 648 724 143 739 1274 959 88 789 518 924 436 1132 587 49 1214 1279 956 1157 1005 801 909 59 114 146 978 90 || mode=VB method=sk_kmeans solver=filo2 stage=post_ls ls=pyvrp iter=1
2026-03-15 22:15:39 | INFO     | [POOL #00002] 156 222 1189 1229 664 5 804 301 852 294 113 746 449 1321 674 638 330 923 693 1122 659 675 1143 738 796 669 1043 1302 1280 237 1032 500 1072 475 1114 1175 86 999 1092 868 45 506 401 849 402 177 308 392 1016 1145 18 1216 1322 637 138 157 1017 172 1070 938 134 937 1243 776 494 111 594 429 631 1299 974 1091 || mode=VB method=sk_kmeans solver=filo2 stage=post_ls ls=pyvrp iter=1
2026-03-15 22:15:39 | INFO     | [POOL #00003] 1153 1060 451 765 1020 320 1068 96 636 147 975 190 851 179 608 1098 1001 960 540 149 651 508 130 246 705 755 55 990 612 689 472 216 922 1012 629 317 870 192 951 890 1245 983 1194 994 927 982 28 678 174 481 414 966 162 1111 36 102 1133 1014 1285 118 576 57 877 80 155 843 1029 1013 1325 527 1004 || mode=VB method=sk_kmeans solver=filo2 stage=post_ls ls=pyvrp iter=1
2026-03-15 22:15:39 | INFO     | [POOL #00004] 681 89 1288 132 723 593 430 1090 1309 1113 84 70 708 908 582 791 818 1210 931 591 558 992 1173 276 928 768 1211 1096 554 324 514 1249 303 788 622 416 1048 691 850 1213 171 1237 194 105 1015 903 541 1097 1282 1155 902 800 347 752 753 861 37 819 7 1178 1108 278 836 552 575 1010 327 395 823 760 535 1272 || mode=VB method=sk_kmeans solver=filo2 stage=post_ls ls=pyvrp iter=1
2026-03-15 22:15:39 | INFO     | [POOL #00005] 1144 47 894 1080 925 1220 1261 1053 1236 918 624 161 339 564 947 310 586 1140 840 1254 326 1313 396 87 440 968 408 721 816 1198 1067 640 661 30 376 124 361 1311 341 571 60 736 643 212 1165 287 653 491 377 826 200 249 620 553 601 348 201 523 208 438 702 996 790 387 269 656 461 1186 198 588 1192 484 1049 437 833 298 || mode=VB method=sk_kmeans solver=filo2 stage=post_ls ls=pyvrp iter=1
2026-03-15 22:15:39 | INFO     | [POOL #00006] 940 879 443 226 997 193 1164 204 847 1263 1283 835 466 785 756 722 420 381 100 1028 874 1200 346 163 464 153 568 537 1147 267 872 426 169 973 1082 1239 855 517 1324 1267 386 368 832 209 462 1046 236 1023 121 1271 880 51 277 803 92 297 1262 526 1277 1292 393 151 1258 474 741 1071 1047 644 619 828 || mode=VB method=sk_kmeans solver=filo2 stage=post_ls ls=pyvrp iter=1
2026-03-15 22:15:39 | INFO     | [POOL #00007] 1056 1158 1075 767 1268 899 203 197 421 366 652 337 75 649 248 42 379 1185 1326 23 1009 316 428 1011 145 253 478 543 61 353 1059 1222 660 1180 751 77 81 1246 50 817 510 365 318 865 1035 8 283 754 272 332 714 309 48 707 645 783 598 423 848 196 729 38 692 777 483 683 356 794 671 307 1088 133 131 467 || mode=VB method=sk_kmeans solver=filo2 stage=post_ls ls=pyvrp iter=1
2026-03-15 22:15:39 | INFO     | [POOL #00008] 780 1242 457 148 52 719 944 1169 1146 838 1247 698 805 256 380 419 413 360 863 141 94 1069 1138 1212 839 555 513 1154 685 218 255 1102 125 6 282 988 181 445 399 822 403 711 528 857 352 1120 798 1083 658 584 323 9 799 503 684 1061 531 885 1126 687 1055 1087 225 1181 185 1063 718 1134 504 1025 441 1106 || mode=VB method=sk_kmeans solver=filo2 stage=post_ls ls=pyvrp iter=1
2026-03-15 22:15:39 | INFO     | [POOL #00009] 617 215 1203 79 335 572 281 1115 1215 864 213 10 602 962 205 20 76 1018 176 647 679 627 1231 284 1301 623 210 1170 881 734 806 825 1040 407 1141 551 600 187 706 778 1109 911 610 1160 772 || mode=VB method=sk_kmeans solver=filo2 stage=post_ls ls=pyvrp iter=1
2026-03-15 22:15:39 | INFO     | [POOL #00010] 516 473 1266 764 757 943 972 1260 1202 136 258 336 917 609 611 78 383 1217 632 1312 933 897 1163 533 206 1289 199 867 787 1124 369 279 577 563 1161 1291 288 1107 883 238 525 742 372 901 499 1103 405 970 557 628 1117 807 62 27 1168 314 160 496 32 1253 1174 915 814 605 397 1172 260 590 1296 221 257 1116 898 266 433 43 || mode=VB method=sk_kmeans solver=filo2 stage=post_ls ls=pyvrp iter=1
2026-03-15 22:15:39 | INFO     | [POOL #00011] 470 642 91 635 117 1250 489 1105 882 74 735 1308 280 251 404 1199 300 595 949 668 654 1076 1150 1077 781 268 250 175 544 458 1074 189 771 305 97 98 1207 1079 560 932 264 749 946 493 761 567 709 329 227 592 534 995 56 154 173 186 228 274 1003 844 53 862 33 1039 1298 122 245 182 321 697 492 1031 || mode=VB method=sk_kmeans solver=filo2 stage=post_ls ls=pyvrp iter=1
2026-03-15 22:15:39 | INFO     | [POOL #00012] 319 211 1130 439 505 1139 1182 614 662 1137 1227 827 511 748 54 82 325 1269 639 965 398 72 786 830 936 296 913 375 1036 243 120 219 969 1225 626 1021 229 1 1228 425 69 892 1294 1195 1159 733 44 306 191 1121 1218 424 556 1131 1171 285 1006 442 1295 29 26 128 700 315 291 501 109 1238 135 1142 1204 || mode=VB method=sk_kmeans solver=filo2 stage=post_ls ls=pyvrp iter=1
2026-03-15 22:15:39 | INFO     | [POOL #00013] 1230 941 1112 906 1022 570 422 695 876 1054 1278 725 1123 275 690 127 1257 110 820 987 958 808 1206 976 891 99 875 391 1073 374 1314 731 630 549 813 616 488 634 603 745 107 93 1281 166 1197 984 538 68 338 17 1002 710 261 400 1136 490 1000 1318 1188 482 581 673 701 604 410 1287 727 1045 85 703 292 1100 1224 || mode=VB method=sk_kmeans solver=filo2 stage=post_ls ls=pyvrp iter=1
2026-03-15 22:15:39 | INFO     | [POOL #00014] 896 103 1265 732 1177 313 35 1293 930 2 1304 252 904 459 263 655 585 677 25 795 447 566 1184 1319 126 270 837 815 569 574 11 83 385 1303 784 271 1305 412 180 71 230 694 1276 1235 939 435 1151 859 232 477 58 646 530 793 550 717 469 354 740 480 900 244 797 1193 19 979 454 4 1323 1118 858 1119 737 || mode=VB method=sk_kmeans solver=filo2 stage=post_ls ls=pyvrp iter=1
2026-03-15 22:15:39 | INFO     | [POOL #00015] 1149 1284 116 977 650 233 665 1315 16 1252 418 1038 409 921 1316 929 957 293 1251 183 170 682 331 485 389 1179 766 802 1062 770 1264 495 1226 1128 465 363 920 188 34 712 373 14 824 981 618 1286 350 532 158 895 907 115 3 432 713 539 446 1026 1232 905 1086 599 1099 1201 224 344 234 520 1052 1033 1041 1208 942 1183 || mode=VB method=sk_kmeans solver=filo2 stage=post_ls ls=pyvrp iter=1
2026-03-15 22:15:39 | INFO     | [POOL #00016] 1256 415 782 545 195 1233 1310 779 1085 1065 1317 384 1104 536 998 453 935 355 390 663 444 1191 762 66 21 63 254 1187 871 1320 926 680 334 821 362 24 991 388 730 15 834 450 498 152 625 686 1095 728 916 417 720 615 853 980 1307 845 743 487 971 497 715 606 559 744 522 304 1166 812 1093 1162 || mode=VB method=sk_kmeans solver=filo2 stage=post_ls ls=pyvrp iter=1
2026-03-15 22:15:39 | INFO     | [POOL #00017] 214 854 358 670 1081 119 1148 869 207 989 1221 12 13 963 993 667 22 456 886 164 633 101 311 986 217 954 856 139 144 512 357 948 773 455 476 952 165 1024 150 1241 235 104 140 613 657 1019 529 953 579 1248 866 46 73 893 286 65 1057 340 1300 262 759 382 168 1110 40 542 841 888 1042 1156 589 || mode=VB method=sk_kmeans solver=filo2 stage=post_ls ls=pyvrp iter=1
2026-03-15 22:15:39 | INFO     | [POOL #00018] 507 1244 1078 912 411 1034 1135 955 810 290 129 312 1240 137 1152 565 1101 108 1037 758 371 1125 359 1273 41 914 452 878 1275 167 1190 1297 1290 394 910 328 231 509 295 699 289 486 809 583 142 463 607 364 547 378 1051 950 985 1223 273 1066 831 299 349 546 1027 431 427 343 573 641 220 1255 596 750 159 240 829 39 || mode=VB method=sk_kmeans solver=filo2 stage=post_ls ls=pyvrp iter=1
2026-03-15 22:15:39 | INFO     | [POOL #00019] 688 775 223 184 884 1058 964 448 860 676 468 1167 842 1050 521 561 519 1089 1205 123 967 242 247 302 515 961 178 95 367 945 934 873 1219 471 578 792 1129 726 1094 811 548 1044 846 1064 1270 434 31 580 1007 241 524 || mode=VB method=sk_kmeans solver=filo2 stage=post_ls ls=pyvrp iter=1
2026-03-15 22:15:39 | INFO     | [POOL #00020] 1007 580 43 433 676 468 638 330 923 693 1122 659 738 796 669 1043 1302 1280 237 86 1032 500 1072 475 1175 1114 1265 732 1177 835 466 756 722 785 35 313 160 496 32 1253 1174 915 814 605 397 1172 260 103 999 1092 868 45 506 392 1016 1145 943 757 1216 1322 637 138 157 172 1070 938 134 937 1243 776 494 111 || mode=VB method=sk_ac_avg solver=filo1 stage=post_ls ls=pyvrp iter=2
2026-03-15 22:15:39 | INFO     | [POOL #00021] 1256 415 451 1119 1310 779 1085 1065 1317 384 1104 536 998 453 935 355 390 663 1191 444 1095 686 625 152 498 450 834 15 730 388 991 24 362 821 334 680 926 1320 871 66 762 21 63 1098 982 28 678 174 481 414 966 162 1111 36 102 1014 1075 1158 1056 467 1013 1137 1325 614 1182 1139 439 1130 211 || mode=VB method=sk_ac_avg solver=filo1 stage=post_ls ls=pyvrp iter=2
2026-03-15 22:15:39 | INFO     | [POOL #00022] 1221 12 13 667 164 101 633 139 856 582 791 818 1210 931 591 1282 1097 541 903 1015 105 194 1237 171 622 691 416 1048 1023 236 1046 462 209 121 1271 880 51 1249 303 788 514 324 554 1096 1211 768 928 276 1173 992 558 1024 165 952 476 104 235 1258 474 140 613 741 1071 657 1019 953 579 1047 46 644 746 449 664 || mode=VB method=sk_ac_avg solver=filo1 stage=post_ls ls=pyvrp iter=2
2026-03-15 22:15:39 | INFO     | [POOL #00023] 89 1288 723 345 752 753 861 347 800 902 1155 887 1176 1306 562 1209 259 774 666 704 672 333 106 342 1008 1084 406 502 1196 919 889 265 1213 850 460 1259 597 716 351 1030 696 763 64 769 1127 1234 479 621 202 322 1327 239 648 724 143 739 1274 959 88 789 518 924 436 1132 587 37 370 112 67 869 || mode=VB method=sk_ac_avg solver=filo1 stage=post_ls ls=pyvrp iter=2
2026-03-15 22:15:39 | INFO     | [POOL #00024] 527 782 545 195 1233 765 1020 320 1068 96 636 147 975 190 851 179 608 254 1187 1001 960 540 149 651 508 130 246 705 755 55 990 612 689 472 216 922 1012 629 317 870 192 951 337 75 652 366 421 1194 890 1245 983 927 994 197 203 899 1268 767 1133 1285 118 576 131 57 877 80 155 843 1029 1227 662 505 319 || mode=VB method=sk_ac_avg solver=filo1 stage=post_ls ls=pyvrp iter=2
2026-03-15 22:15:39 | INFO     | [POOL #00025] 589 1156 1042 888 841 40 1110 168 382 759 262 1300 963 993 132 593 430 1090 1309 1113 84 70 708 908 986 217 954 311 886 456 22 893 286 65 1057 340 619 113 294 852 301 804 5 1229 1189 542 989 207 747 1148 119 681 1081 670 358 854 214 || mode=VB method=sk_ac_avg solver=filo1 stage=post_ls ls=pyvrp iter=2
2026-03-15 22:15:39 | INFO     | [POOL #00026] 298 833 437 1049 484 1192 588 198 133 1088 307 671 1186 794 356 683 483 777 692 38 649 248 42 379 1185 1326 23 1009 316 428 1011 145 253 478 543 61 353 1059 1222 660 1180 751 77 81 1246 50 272 332 714 309 48 707 645 783 598 423 848 196 729 996 790 387 269 656 461 398 72 965 325 82 748 827 315 135 || mode=VB method=sk_ac_avg solver=filo1 stage=post_ls ls=pyvrp iter=2
2026-03-15 22:15:39 | INFO     | [POOL #00027] 1003 274 228 186 173 154 56 995 364 607 463 142 534 592 227 329 709 567 761 493 946 749 264 932 560 1079 910 328 394 1297 1190 482 1188 1318 1000 490 987 820 110 1257 127 690 275 158 673 895 907 701 604 410 1287 446 1232 1026 539 713 432 3 115 452 914 41 1273 359 1125 371 905 758 1037 1086 || mode=VB method=sk_ac_avg solver=filo1 stage=post_ls ls=pyvrp iter=2
2026-03-15 22:15:39 | INFO     | [POOL #00028] 516 473 1266 1162 764 1017 1093 812 1166 304 522 744 559 606 715 497 971 487 743 1163 845 1307 980 853 615 720 417 916 728 979 19 1193 787 867 533 206 1289 199 499 901 904 252 1304 2 1293 930 970 557 628 1117 807 314 1168 62 27 1217 383 78 611 609 917 336 258 1202 1260 177 402 849 401 308 590 257 1116 898 266 || mode=VB method=sk_ac_avg solver=filo1 stage=post_ls ls=pyvrp iter=2
2026-03-15 22:15:39 | INFO     | [POOL #00029] 156 241 429 594 31 434 1270 1064 846 1044 548 811 1094 726 1129 792 578 471 1219 873 934 945 367 95 896 178 1296 221 961 515 302 247 242 967 123 1205 1089 519 1143 675 561 521 1050 842 1167 860 448 964 1058 884 184 223 222 775 688 || mode=VB method=sk_ac_avg solver=filo1 stage=post_ls ls=pyvrp iter=2
2026-03-15 22:15:39 | INFO     | [POOL #00030] 727 1054 1278 725 1123 532 350 1286 618 981 824 712 34 188 976 1073 374 326 1313 396 87 440 968 408 721 816 1198 1067 640 661 30 376 124 361 1311 341 865 318 365 510 1035 817 754 283 8 571 60 736 643 212 1165 287 653 491 377 826 200 249 620 553 601 438 702 296 913 243 1036 375 936 830 786 639 1269 54 511 || mode=VB method=sk_ac_avg solver=filo1 stage=post_ls ls=pyvrp iter=2
2026-03-15 22:15:39 | INFO     | [POOL #00031] 18 972 136 632 1312 933 897 1103 405 372 742 525 369 238 883 1107 288 1291 447 566 1184 1319 126 270 837 815 569 574 11 83 385 1303 784 271 1305 412 180 71 230 694 1276 1235 939 435 1151 859 232 477 58 646 530 793 550 717 469 354 740 480 563 1161 577 279 900 1124 244 797 454 4 1323 1118 858 737 1060 1153 || mode=VB method=sk_ac_avg solver=filo1 stage=post_ls ls=pyvrp iter=2
2026-03-15 22:15:39 | INFO     | [POOL #00032] 828 73 866 1248 529 144 512 357 948 773 455 1241 150 1277 526 1262 297 92 803 277 368 832 386 1267 1324 517 855 1239 163 464 537 153 568 1082 973 169 426 872 267 1147 795 25 677 585 655 263 459 346 1200 874 1028 100 381 420 1292 393 151 1283 1263 847 204 1164 193 997 226 443 879 1321 674 940 || mode=VB method=sk_ac_avg solver=filo1 stage=post_ls ls=pyvrp iter=2
2026-03-15 22:15:39 | INFO     | [POOL #00033] 565 1101 108 583 809 486 289 699 295 509 231 878 1275 167 581 1290 400 1136 958 808 1206 920 363 465 1128 891 99 875 391 1314 731 630 549 813 616 488 634 603 745 107 93 1281 166 1197 984 538 68 338 17 1002 710 261 1207 98 97 305 771 189 1074 458 544 781 250 175 268 1150 1077 1076 654 668 949 595 300 1199 404 251 || mode=VB method=sk_ac_avg solver=filo1 stage=post_ls ls=pyvrp iter=2
2026-03-15 22:15:39 | INFO     | [POOL #00034] 1144 957 293 1251 183 170 682 331 485 389 1179 766 802 69 892 1294 1195 1159 229 1 1228 425 1062 770 14 373 1264 495 1226 947 564 310 586 1140 1254 840 348 201 523 208 120 219 339 161 969 1225 626 624 1021 733 44 306 191 1121 1218 424 556 1131 1171 285 1006 442 1295 918 1236 1053 29 26 291 1238 1004 || mode=VB method=sk_ac_avg solver=filo1 stage=post_ls ls=pyvrp iter=2
2026-03-15 22:15:39 | INFO     | [POOL #00035] 772 1106 441 1025 504 1134 718 1242 91 1031 492 697 321 182 635 117 1250 489 1105 882 1247 698 805 256 380 419 413 360 863 141 94 1138 1212 1069 735 74 1039 349 546 1027 431 427 1298 343 573 122 245 641 220 1255 596 750 159 240 829 1244 507 39 974 1091 || mode=VB method=sk_ac_avg solver=filo1 stage=post_ls ls=pyvrp iter=2
2026-03-15 22:15:39 | INFO     | [POOL #00036] 617 215 1203 1160 610 79 911 1109 335 778 706 187 600 551 1141 407 1040 825 623 210 1170 881 734 806 205 962 20 602 10 213 864 1215 572 281 1115 146 978 114 59 909 801 176 76 1018 1301 284 1231 627 679 647 1005 1157 956 1279 1214 49 819 7 1178 1108 278 836 552 575 1010 327 395 823 760 535 1272 90 || mode=VB method=sk_ac_avg solver=filo1 stage=post_ls ls=pyvrp iter=2
2026-03-15 22:15:39 | INFO     | [POOL #00037] 524 1149 1284 942 1208 1224 1100 1230 1052 234 520 941 292 344 224 703 312 1240 985 1223 950 1051 378 547 1152 137 599 1099 1201 85 1112 906 1045 1022 570 422 695 876 929 1261 128 700 1220 921 1316 409 1038 1252 418 1080 925 501 109 47 894 16 1315 665 233 650 977 1033 1041 116 1142 1204 631 1299 || mode=VB method=sk_ac_avg solver=filo1 stage=post_ls ls=pyvrp iter=2
2026-03-15 22:15:39 | INFO     | [POOL #00038] 470 642 780 457 148 1063 185 1181 225 52 719 1087 1055 1126 687 944 1169 1146 838 684 1061 885 531 503 799 9 323 584 658 1083 798 1120 352 857 528 711 403 822 399 445 181 988 282 6 125 1102 255 218 685 1154 513 839 555 1308 280 844 53 862 33 299 831 1066 273 129 290 810 955 1135 1034 411 912 1078 1183 || mode=VB method=sk_ac_avg solver=filo1 stage=post_ls ls=pyvrp iter=2
2026-03-15 22:15:39 | INFO     | [POOL #00039] 1031 321 182 117 1250 489 1105 882 74 735 1069 863 141 94 1138 1212 513 839 555 1308 280 251 404 56 329 709 781 544 175 250 268 1150 1077 1076 654 668 949 595 1199 300 6 282 125 1102 255 218 685 1154 988 181 445 399 822 403 711 528 857 352 1120 798 413 360 419 380 256 805 698 1247 838 1146 1169 635 || mode=VB method=sk_kmeans solver=pyvrp stage=post_ls ls=pyvrp iter=3
2026-03-15 22:15:39 | INFO     | [POOL #00040] 220 573 343 427 431 1027 546 349 299 831 1066 273 1223 985 137 1152 565 1101 108 583 809 359 1273 1125 1037 758 371 1232 1026 539 713 432 452 914 115 3 907 673 895 581 1318 1188 482 1290 1297 1190 328 167 1275 878 231 509 41 295 699 289 486 142 463 607 364 547 378 1051 950 1240 312 129 290 810 955 1135 1034 411 || mode=VB method=sk_kmeans solver=pyvrp stage=post_ls ls=pyvrp iter=3
2026-03-15 22:15:39 | INFO     | [POOL #00041] 492 697 829 240 159 750 596 1255 912 1041 776 134 172 1017 757 943 1093 1060 1153 1070 938 1162 494 111 594 429 241 1203 79 335 572 1215 864 213 10 602 962 205 806 734 881 1170 20 76 1018 176 801 647 679 627 1231 284 1301 210 623 825 1040 407 1141 551 600 187 706 778 1109 911 610 1160 215 617 || mode=VB method=sk_kmeans solver=pyvrp stage=post_ls ls=pyvrp iter=3
2026-03-15 22:15:39 | INFO     | [POOL #00042] 1204 439 505 1139 1182 1325 614 662 1137 1227 1029 843 155 484 827 511 748 54 1295 442 1006 1269 639 936 913 375 1036 243 120 219 339 161 969 1225 626 624 1021 733 44 306 191 1121 1218 424 556 1131 1171 285 918 1236 1053 29 26 128 700 315 291 501 1080 418 1252 16 1315 665 234 520 1052 1230 1100 1224 1033 1208 1183 || mode=VB method=sk_kmeans solver=pyvrp stage=post_ls ls=pyvrp iter=3
2026-03-15 22:15:39 | INFO     | [POOL #00043] 135 1238 298 833 437 1049 1192 588 82 325 398 965 72 786 830 296 702 438 208 523 201 348 601 553 620 249 200 840 1254 1140 586 310 564 947 1226 495 1264 770 1062 425 1228 1 229 1159 1195 69 892 1294 682 485 331 170 183 1251 876 695 422 570 1022 906 1316 921 409 1038 894 47 233 650 977 116 1149 || mode=VB method=sk_kmeans solver=pyvrp stage=post_ls ls=pyvrp iter=3
2026-03-15 22:15:39 | INFO     | [POOL #00044] 941 344 224 1112 85 1045 727 1054 1278 725 1123 350 1286 618 981 275 127 1257 110 820 987 958 808 1206 976 391 731 1314 630 549 488 634 616 813 396 640 661 30 1067 1198 816 721 408 826 968 440 87 1313 326 374 1073 875 99 891 1128 465 363 920 188 34 712 373 824 14 802 766 1179 389 293 957 929 1261 1220 925 109 1144 || mode=VB method=sk_kmeans solver=pyvrp stage=post_ls ls=pyvrp iter=3
2026-03-15 22:15:39 | INFO     | [POOL #00045] 292 703 1201 1099 599 1086 905 446 1287 410 604 701 532 158 690 1000 490 1136 400 394 910 1079 98 97 305 771 189 1074 458 538 984 1197 166 1281 93 107 603 745 338 68 17 1002 710 261 1207 560 932 264 749 946 493 761 567 227 592 534 995 154 173 186 228 274 1003 844 53 862 33 1039 1298 122 245 641 || mode=VB method=sk_kmeans solver=pyvrp stage=post_ls ls=pyvrp iter=3
2026-03-15 22:15:39 | INFO     | [POOL #00046] 772 1106 441 1025 504 1134 718 1242 457 1063 185 1181 225 1087 885 1061 531 503 799 9 323 584 658 1083 684 1126 1055 687 944 719 52 148 91 780 642 470 || mode=VB method=sk_kmeans solver=pyvrp stage=post_ls ls=pyvrp iter=3
2026-03-15 22:15:39 | INFO     | [POOL #00047] 136 336 917 383 1217 632 1312 933 897 1163 845 1307 980 853 615 533 206 1289 199 867 787 797 244 1124 900 480 740 717 530 270 837 385 83 1276 1235 694 230 71 412 180 1303 1305 271 784 126 1319 1184 793 550 469 354 821 362 24 991 388 730 15 834 450 498 1193 19 979 728 916 417 720 4 1323 715 1118 858 1119 || mode=VB method=sk_kmeans solver=pyvrp stage=post_ls ls=pyvrp iter=3
2026-03-15 22:15:39 | INFO     | [POOL #00048] 1202 258 744 559 606 609 611 78 497 971 487 743 454 1104 96 636 36 102 966 414 162 975 179 851 190 147 1111 481 174 678 28 982 608 1098 254 63 21 1187 1001 960 540 926 680 334 1320 871 66 762 152 625 686 1095 444 1191 663 390 355 935 453 536 998 1068 384 1317 1065 1085 765 779 1310 1233 195 || mode=VB method=sk_kmeans solver=pyvrp stage=post_ls ls=pyvrp iter=3
2026-03-15 22:15:39 | INFO     | [POOL #00049] 814 1253 32 496 160 314 1168 27 62 807 1117 628 557 970 405 1103 499 901 369 279 577 563 1161 288 1291 566 447 1107 883 677 25 795 464 537 1147 267 153 568 169 872 426 973 1082 1267 1324 517 855 1239 163 346 459 263 655 585 238 525 742 372 904 252 1304 2 930 1293 35 313 1177 732 1265 1174 915 || mode=VB method=sk_kmeans solver=pyvrp stage=post_ls ls=pyvrp iter=3
2026-03-15 22:15:39 | INFO     | [POOL #00050] 1292 1277 526 1262 297 1096 768 194 1237 171 622 788 303 1249 514 324 554 1211 105 1084 406 502 1196 919 889 1030 1234 479 1127 769 64 763 696 351 716 597 1259 460 265 1213 850 691 416 1048 1023 236 1046 462 209 832 386 368 121 1271 880 51 277 92 803 874 1200 1028 100 381 420 722 756 785 466 835 1302 || mode=VB method=sk_kmeans solver=pyvrp stage=post_ls ls=pyvrp iter=3
2026-03-15 22:15:39 | INFO     | [POOL #00051] 1056 1020 320 1075 1285 1014 1133 767 1268 899 203 197 994 927 1194 983 1245 890 192 870 317 508 651 149 130 246 705 755 55 990 646 58 569 815 574 11 939 435 1151 859 543 61 353 1059 1222 660 1180 478 253 428 23 1326 1185 379 196 729 248 42 649 38 692 777 483 683 356 794 671 307 133 57 131 80 || mode=VB method=sk_kmeans solver=pyvrp stage=post_ls ls=pyvrp iter=3
2026-03-15 22:15:39 | INFO     | [POOL #00052] 467 1158 118 576 1088 421 366 652 75 337 951 629 1012 922 216 472 689 612 477 232 1009 316 1011 145 751 77 81 1246 272 50 817 1035 510 365 318 865 341 1311 376 124 361 377 491 653 287 1165 212 643 736 60 571 8 283 754 714 332 309 48 707 645 783 598 423 848 996 790 387 269 656 461 1186 198 877 1013 || mode=VB method=sk_kmeans solver=pyvrp stage=post_ls ls=pyvrp iter=3
2026-03-15 22:15:39 | INFO     | [POOL #00053] 156 775 222 223 184 884 43 433 1058 964 940 448 266 898 860 676 468 1116 1167 842 1050 521 561 1089 519 967 123 1205 1143 675 659 443 226 796 738 669 1280 1043 515 302 247 242 257 896 95 367 873 934 945 18 1216 1322 637 138 157 764 1266 473 516 631 1299 524 || mode=VB method=sk_kmeans solver=pyvrp stage=post_ls ls=pyvrp iter=3
2026-03-15 22:15:39 | INFO     | [POOL #00054] 90 978 146 281 1115 114 59 909 1005 1157 956 1279 1214 49 587 1132 436 924 518 789 88 959 1274 739 143 724 648 239 1209 259 774 1327 322 202 621 672 666 704 342 106 333 1008 1015 903 276 928 1173 992 558 931 591 1282 541 1097 562 1306 1176 887 1155 902 800 347 752 370 112 67 747 1081 670 358 854 || mode=VB method=sk_kmeans solver=pyvrp stage=post_ls ls=pyvrp iter=3
2026-03-15 22:15:39 | INFO     | [POOL #00055] 1156 1042 681 989 1221 12 759 262 1300 1057 65 340 866 1248 579 953 1047 997 193 1164 500 1032 86 1175 1114 475 1072 204 847 1263 1283 151 393 1258 474 235 104 455 1241 150 476 1024 165 952 818 1210 791 582 908 708 70 84 1113 1309 1090 345 753 861 37 819 7 1178 1108 278 836 552 575 1010 327 395 823 760 535 1272 214 || mode=VB method=sk_kmeans solver=pyvrp stage=post_ls ls=pyvrp iter=3
2026-03-15 22:15:39 | INFO     | [POOL #00056] 688 888 841 542 40 1189 1229 664 1110 168 382 5 804 301 828 852 294 619 113 746 449 1321 674 638 330 923 693 1122 879 644 46 73 893 286 22 667 456 886 164 101 633 529 1019 657 1071 741 613 140 773 948 357 512 144 139 856 954 217 986 311 430 593 723 132 993 963 13 1288 89 207 869 1148 119 589 || mode=VB method=sk_kmeans solver=pyvrp stage=post_ls ls=pyvrp iter=3
2026-03-15 22:15:39 | INFO     | [POOL #00057] 1007 580 31 434 1270 1064 846 1044 548 811 1094 726 1129 792 578 471 1219 178 961 221 1296 590 1145 1016 392 308 177 402 849 401 506 45 868 237 1092 999 103 260 1172 605 397 1260 972 522 304 1166 737 812 451 545 782 527 415 1130 211 1256 937 1243 319 1004 1142 1284 942 1078 1244 507 39 974 1091 || mode=VB method=sk_kmeans solver=pyvrp stage=post_ls ls=pyvrp iter=3
2026-03-15 22:15:39 | INFO     | [POOL #00058] 833 1029 843 155 80 877 57 131 576 118 1285 1133 767 1268 899 203 197 678 28 982 927 994 1194 983 1245 890 951 192 870 317 629 1012 922 216 472 689 612 990 55 755 705 246 130 508 651 149 680 334 926 540 960 1001 1187 21 63 254 1098 608 179 975 174 481 414 966 162 1111 36 102 1014 1075 1158 467 1013 || mode=VB method=k_medoids_pyclustering solver=filo1 stage=post_ls ls=pyvrp iter=4
2026-03-15 22:15:39 | INFO     | [POOL #00059] 292 703 1201 1099 599 1086 905 1232 1026 446 539 713 432 3 604 701 673 1123 532 350 1286 618 981 824 14 770 373 34 712 1264 495 465 1128 891 976 1206 808 1002 17 261 710 400 1136 958 987 490 1000 1318 1188 482 581 895 907 115 452 914 41 1273 359 1125 371 758 1037 108 1101 565 1152 137 1240 312 129 290 810 || mode=VB method=k_medoids_pyclustering solver=filo1 stage=post_ls ls=pyvrp iter=4
2026-03-15 22:15:39 | INFO     | [POOL #00060] 765 1085 1065 1317 384 1104 536 998 453 935 355 390 663 1191 444 1095 686 625 152 498 450 834 15 730 388 991 24 362 740 480 563 288 1107 883 677 25 795 1147 267 872 426 169 973 1082 568 153 537 464 163 655 263 459 585 238 369 525 742 372 901 499 199 1289 206 533 615 853 980 1307 845 || mode=VB method=k_medoids_pyclustering solver=filo1 stage=post_ls ls=pyvrp iter=4
2026-03-15 22:15:39 | INFO     | [POOL #00061] 1056 1020 320 1068 96 636 147 190 851 762 66 871 1320 821 354 469 717 550 793 530 646 58 477 232 859 1151 435 939 1235 1276 694 230 71 180 412 1305 271 784 1303 385 83 11 574 569 815 837 270 126 1319 1184 566 447 1291 1161 577 279 900 1124 244 797 787 867 1193 19 979 728 916 417 720 454 4 1323 779 1310 1233 || mode=VB method=k_medoids_pyclustering solver=filo1 stage=post_ls ls=pyvrp iter=4
2026-03-15 22:15:39 | INFO     | [POOL #00062] 1049 484 1192 198 133 1088 307 671 421 366 652 337 75 649 248 42 379 1185 1326 23 1009 316 428 1011 145 253 478 543 61 353 1059 1222 660 1180 751 77 81 1246 50 817 510 365 318 865 1035 8 283 754 272 332 714 309 48 707 645 783 598 423 848 196 729 38 692 777 483 683 356 794 1186 588 748 827 437 || mode=VB method=k_medoids_pyclustering solver=filo1 stage=post_ls ls=pyvrp iter=4
2026-03-15 22:15:39 | INFO     | [POOL #00063] 1031 492 697 641 1298 1027 546 299 349 1039 33 862 53 844 1003 274 228 186 173 154 56 995 534 592 227 329 709 567 761 493 946 749 264 932 560 1079 910 328 394 1290 1297 1190 167 1275 878 231 509 295 699 289 486 809 583 142 463 607 364 547 378 1051 950 985 1223 273 1066 831 431 427 343 1034 1224 912 || mode=VB method=k_medoids_pyclustering solver=filo1 stage=post_ls ls=pyvrp iter=4
2026-03-15 22:15:39 | INFO     | [POOL #00064] 344 224 1112 85 1045 876 293 1251 725 158 275 690 127 1257 110 820 188 920 363 99 875 391 1073 374 1314 731 630 549 813 616 488 634 603 745 107 93 1281 166 1197 338 68 984 538 1207 98 97 305 771 189 1074 458 544 781 250 175 268 1150 1077 1076 654 668 949 595 300 1199 404 251 280 1308 735 74 882 1105 489 || mode=VB method=k_medoids_pyclustering solver=filo1 stage=post_ls ls=pyvrp iter=4
2026-03-15 22:15:39 | INFO     | [POOL #00065] 1080 925 1220 1261 929 957 1053 1218 1121 191 306 44 733 1021 339 564 947 1226 310 586 1140 840 1254 326 1313 396 87 440 968 408 721 816 1198 1067 640 661 30 376 124 361 1311 341 571 60 736 643 212 1165 287 653 491 377 826 200 249 620 553 601 348 201 523 208 438 702 996 790 387 269 656 461 398 325 82 54 511 315 || mode=VB method=k_medoids_pyclustering solver=filo1 stage=post_ls ls=pyvrp iter=4
2026-03-15 22:15:39 | INFO     | [POOL #00066] 1134 718 1063 185 1181 225 52 719 1169 944 687 1126 1055 1087 885 531 1061 684 503 799 9 323 584 658 1083 798 1120 352 857 528 711 403 822 399 445 181 988 282 6 125 1102 255 218 685 1154 513 555 839 1212 1138 1069 141 94 863 360 413 419 380 256 805 698 1247 838 1146 1250 117 321 91 642 470 || mode=VB method=k_medoids_pyclustering solver=filo1 stage=post_ls ls=pyvrp iter=4
2026-03-15 22:15:39 | INFO     | [POOL #00067] 109 700 128 26 29 1236 1295 918 424 556 1131 1171 285 442 1006 1269 639 965 72 786 830 936 296 913 375 1036 243 120 219 969 1225 626 624 161 229 1 1228 425 1062 802 766 69 892 1195 1159 1294 682 183 170 331 485 1179 389 1278 1054 410 1287 727 695 422 570 1022 906 1316 921 409 1038 418 1252 16 || mode=VB method=k_medoids_pyclustering solver=filo1 stage=post_ls ls=pyvrp iter=4
2026-03-15 22:15:39 | INFO     | [POOL #00068] 1149 1204 1142 1004 319 1256 1153 1093 812 1166 304 522 1202 744 559 858 1118 715 497 971 487 743 1163 897 1117 628 557 1103 405 970 252 904 1304 2 930 1293 35 313 1177 785 466 835 151 393 1258 474 140 613 657 1019 529 633 101 164 886 456 667 22 893 286 963 993 13 12 1221 989 1148 119 681 1042 1156 589 || mode=VB method=k_medoids_pyclustering solver=filo1 stage=post_ls ls=pyvrp iter=4
2026-03-15 22:15:39 | INFO     | [POOL #00069] 1010 67 112 370 347 800 902 1155 887 1176 1306 562 1209 259 774 666 704 672 333 106 342 1008 1084 1015 105 194 406 502 1196 919 889 1259 597 716 1030 351 696 763 64 769 1127 1234 479 621 202 322 1327 239 648 724 143 739 1274 959 88 789 518 924 436 1132 587 49 1214 1279 956 1157 1005 909 59 90 || mode=VB method=k_medoids_pyclustering solver=filo1 stage=post_ls ls=pyvrp iter=4
2026-03-15 22:15:39 | INFO     | [POOL #00070] 828 619 644 46 1047 1071 741 235 150 1277 1292 526 1262 297 1096 768 1211 554 324 514 92 803 277 51 1249 303 788 1237 171 1213 265 460 850 691 622 416 1048 1023 236 1046 462 209 121 1271 880 368 832 386 1267 1324 517 855 1239 346 1200 874 1028 100 381 420 722 756 1283 1263 847 204 226 443 879 940 || mode=VB method=k_medoids_pyclustering solver=filo1 stage=post_ls ls=pyvrp iter=4
2026-03-15 22:15:39 | INFO     | [POOL #00071] 214 854 1272 535 760 823 395 327 575 552 836 278 1108 1178 7 819 37 861 753 752 345 1090 1309 1113 84 70 708 908 582 791 818 1210 931 591 1282 1097 541 903 276 928 1173 992 558 1024 165 952 476 1241 104 455 773 948 357 512 144 139 856 954 217 986 311 430 593 723 132 1288 89 207 869 747 1081 670 358 || mode=VB method=k_medoids_pyclustering solver=filo1 stage=post_ls ls=pyvrp iter=4
2026-03-15 22:15:39 | INFO     | [POOL #00072] 39 829 240 159 750 596 1255 220 411 1100 1230 1052 233 47 298 505 1139 1182 782 545 451 737 1119 195 1325 614 662 1137 1227 291 501 894 1315 665 234 520 941 955 1135 573 122 245 182 635 148 457 1242 780 504 1025 441 1106 772 || mode=VB method=k_medoids_pyclustering solver=filo1 stage=post_ls ls=pyvrp iter=4
2026-03-15 22:15:39 | INFO     | [POOL #00073] 1203 79 335 572 281 146 978 114 1115 1215 864 213 10 602 962 205 20 76 1018 176 801 647 679 627 1231 284 1301 623 210 1170 881 734 806 825 1040 407 1141 551 600 187 706 778 1109 911 610 1160 215 617 || mode=VB method=k_medoids_pyclustering solver=filo1 stage=post_ls ls=pyvrp iter=4
2026-03-15 22:15:39 | INFO     | [POOL #00074] 524 1299 631 429 594 111 494 516 473 1266 1162 776 1243 937 134 938 1070 172 1017 157 138 764 1270 1064 846 1044 548 1094 811 637 726 1129 792 578 471 1219 95 367 873 934 945 18 1216 1322 757 943 1060 415 527 439 1130 211 1238 135 1144 650 977 1033 1041 1208 116 1284 942 1183 1078 1244 507 974 1091 || mode=VB method=k_medoids_pyclustering solver=filo1 stage=post_ls ls=pyvrp iter=4
2026-03-15 22:15:39 | INFO     | [POOL #00075] 688 888 841 542 40 1110 168 5 804 301 852 294 113 746 449 1321 674 638 330 923 693 1122 659 675 1143 738 796 669 1043 1302 1280 237 500 1032 86 1092 999 103 868 45 506 590 1296 221 961 515 302 247 242 967 123 1205 1089 519 561 521 1050 842 1167 468 676 860 448 964 1058 433 43 884 184 223 775 156 || mode=VB method=k_medoids_pyclustering solver=filo1 stage=post_ls ls=pyvrp iter=4
2026-03-15 22:15:39 | INFO     | [POOL #00076] 222 1189 1229 664 382 759 262 1300 1057 65 340 73 866 1248 579 953 997 193 1164 1072 475 1175 1114 814 915 1265 732 1174 1253 32 496 160 807 314 1168 62 27 933 1312 632 1217 383 78 611 609 606 917 336 258 136 397 605 260 1172 1260 972 177 402 849 401 308 392 1016 1145 178 896 257 1116 898 266 434 31 580 1007 241 || mode=VB method=k_medoids_pyclustering solver=filo1 stage=post_ls ls=pyvrp iter=4
2026-03-15 22:15:39 | INFO     | [POOL #00077] 1031 492 697 321 182 245 122 1298 1027 546 299 349 1039 33 862 53 844 1003 274 228 186 173 154 56 995 534 592 227 567 329 709 493 749 264 932 560 946 761 699 289 486 809 583 142 463 607 364 547 378 1051 950 985 1223 273 1066 831 431 427 343 573 641 220 1255 596 750 159 240 829 39 1091 || mode=RB method=sk_ac_min solver=filo1 stage=post_ls ls=pyvrp iter=5
2026-03-15 22:15:39 | INFO     | [POOL #00078] 1243 937 1256 415 527 782 545 451 195 1233 765 1020 320 1068 96 636 147 190 851 762 66 871 1320 926 680 334 821 354 469 717 530 646 58 569 815 837 270 793 550 1291 1161 563 480 740 362 24 991 388 730 15 834 498 728 916 454 4 1323 715 1118 858 304 1166 943 757 1216 1322 637 548 1270 || mode=RB method=sk_ac_min solver=filo1 stage=post_ls ls=pyvrp iter=5
2026-03-15 22:15:39 | INFO     | [POOL #00079] 524 1299 631 429 594 111 494 516 473 1266 1162 764 172 1017 157 138 811 1094 726 1129 792 578 471 1219 873 934 945 367 95 896 178 961 515 302 247 242 967 123 1205 1089 519 561 521 1050 842 1167 468 676 940 964 1058 884 43 580 1007 156 || mode=RB method=sk_ac_min solver=filo1 stage=post_ls ls=pyvrp iter=5
2026-03-15 22:15:39 | INFO     | [POOL #00080] 614 1137 1013 843 484 1192 198 1186 794 356 683 483 777 692 38 649 248 42 379 1185 1326 23 1011 145 332 714 754 283 817 50 272 1246 81 77 751 1180 660 1222 1059 353 61 543 478 253 428 316 1009 232 859 1151 435 939 11 574 477 612 689 472 216 922 1012 629 951 337 75 652 366 421 671 307 1088 133 131 467 || mode=RB method=sk_ac_min solver=filo1 stage=post_ls ls=pyvrp iter=5
2026-03-15 22:15:39 | INFO     | [POOL #00081] 974 507 1244 912 411 1034 1135 955 810 290 129 312 1240 137 1152 565 1101 108 1037 758 371 1125 359 1273 41 295 509 231 878 1275 167 1190 1297 1290 394 328 910 1079 1207 98 97 305 771 189 1074 458 544 175 250 268 781 1077 1150 1076 654 668 949 595 300 1199 404 251 280 1308 735 74 882 1105 489 1250 117 635 91 642 470 || mode=RB method=sk_ac_min solver=filo1 stage=post_ls ls=pyvrp iter=5
2026-03-15 22:15:39 | INFO     | [POOL #00082] 214 854 1272 535 760 823 395 327 1010 575 552 836 278 1108 1178 7 819 37 370 752 753 861 347 800 902 887 1176 1306 562 1282 541 1097 1209 259 774 666 704 672 333 106 342 1008 1084 1015 903 276 1173 992 1024 165 952 818 1210 791 582 856 139 954 217 986 311 430 593 723 1288 89 207 869 1148 119 670 358 || mode=RB method=sk_ac_min solver=filo1 stage=post_ls ls=pyvrp iter=5
2026-03-15 22:15:39 | INFO     | [POOL #00083] 1078 1224 1100 292 703 85 1045 727 410 1287 446 713 432 3 604 701 673 158 275 690 127 1257 110 820 987 958 808 1206 976 391 1314 731 630 374 1073 875 99 891 1128 465 363 920 188 34 712 373 14 824 981 618 1286 350 532 1123 725 1278 1054 876 695 422 570 1022 906 1112 344 520 1052 1033 1041 1208 942 1183 || mode=RB method=sk_ac_min solver=filo1 stage=post_ls ls=pyvrp iter=5
2026-03-15 22:15:39 | INFO     | [POOL #00084] 433 448 860 1116 257 221 1296 590 506 45 868 103 260 1172 397 605 1253 32 496 1217 27 1168 314 807 62 933 897 1103 405 499 901 372 742 525 369 238 585 655 263 459 904 252 1304 930 1293 35 313 785 466 151 393 1258 474 235 1241 104 140 613 741 1071 657 1019 529 164 22 667 993 963 13 12 1221 681 || mode=RB method=sk_ac_min solver=filo1 stage=post_ls ls=pyvrp iter=5
2026-03-15 22:15:39 | INFO     | [POOL #00085] 234 409 1316 929 957 293 1251 183 170 682 331 485 389 1179 766 802 770 1264 495 1226 947 564 310 586 1140 840 1254 326 1313 87 396 813 616 549 488 634 603 745 107 93 1281 166 1197 984 538 68 338 17 1002 710 261 400 1136 490 1000 1318 1188 482 581 895 907 115 914 452 539 1026 1232 905 1086 599 1099 1201 224 941 1230 || mode=RB method=sk_ac_min solver=filo1 stage=post_ls ls=pyvrp iter=5
2026-03-15 22:15:39 | INFO     | [POOL #00086] 90 978 146 114 59 909 801 1005 1157 956 1279 1214 49 587 1132 436 924 518 789 88 959 1274 739 143 724 648 239 1327 322 202 621 479 1234 1127 769 64 763 696 1030 351 716 597 1259 460 850 1213 265 889 919 1196 502 406 194 105 928 558 931 591 1155 908 708 70 84 1113 1309 1090 345 112 67 747 1081 || mode=RB method=sk_ac_min solver=filo1 stage=post_ls ls=pyvrp iter=5
2026-03-15 22:15:39 | INFO     | [POOL #00087] 776 134 938 1070 1153 1060 812 737 1119 1310 779 1085 1065 1317 384 1104 536 998 453 935 355 390 663 1191 444 1095 686 625 152 450 244 797 1193 19 979 417 720 615 853 980 1307 845 1312 632 383 78 611 609 917 336 258 136 1202 1260 972 177 402 849 401 308 392 1016 1145 18 1044 846 1064 434 31 241 || mode=RB method=sk_ac_min solver=filo1 stage=post_ls ls=pyvrp iter=5
2026-03-15 22:15:39 | INFO     | [POOL #00088] 1149 1284 116 977 650 233 665 16 1252 418 1038 921 1261 26 29 1053 1236 918 285 1171 1131 556 424 1218 1121 191 306 624 1021 733 44 1159 1195 1294 892 69 1062 425 1228 1 229 161 626 1225 969 339 219 120 243 1036 375 913 936 830 786 72 965 325 82 54 511 128 700 315 291 501 894 47 1144 1142 1204 || mode=RB method=sk_ac_min solver=filo1 stage=post_ls ls=pyvrp iter=5
2026-03-15 22:15:39 | INFO     | [POOL #00089] 1004 135 1238 298 833 662 1227 1029 155 80 877 57 576 118 1285 1133 767 1268 899 203 197 678 28 982 927 994 1194 983 1245 890 192 870 317 508 651 130 990 55 755 705 246 149 540 960 1001 1187 21 63 254 1098 608 179 975 174 481 414 966 162 1111 36 102 1014 1075 1158 1056 1325 1182 1139 505 439 1130 211 319 || mode=RB method=sk_ac_min solver=filo1 stage=post_ls ls=pyvrp iter=5
2026-03-15 22:15:39 | INFO     | [POOL #00090] 1093 522 744 559 606 497 971 487 743 1163 533 206 1289 199 867 787 1124 900 279 577 288 1107 883 677 25 795 447 566 1184 1319 126 784 271 1305 412 180 1303 385 83 1276 1235 694 230 71 1147 267 872 426 169 973 1082 568 153 537 464 163 1239 346 2 970 557 628 1117 160 1177 732 1265 1174 915 814 999 1092 1302 898 266 || mode=RB method=sk_ac_min solver=filo1 stage=post_ls ls=pyvrp iter=5
2026-03-15 22:15:39 | INFO     | [POOL #00091] 879 443 226 204 847 1263 1283 835 756 722 420 381 100 1028 874 1200 517 855 1324 1267 386 832 368 880 1271 121 209 462 1046 236 1023 1048 416 691 622 171 1237 788 303 1249 51 277 803 92 514 324 554 1211 768 1096 297 1262 526 1292 1277 150 476 455 773 948 357 512 144 633 101 886 456 132 989 || mode=RB method=sk_ac_min solver=filo1 stage=post_ls ls=pyvrp iter=5
2026-03-15 22:15:39 | INFO     | [POOL #00092] 589 1156 1042 888 841 542 40 1110 168 382 759 262 1300 828 619 340 1057 65 286 893 73 644 46 866 1248 579 953 1047 997 193 1164 1072 475 1114 1175 86 1032 500 237 1280 1043 669 796 738 1143 675 659 1122 693 923 330 638 674 1321 449 746 113 294 852 301 804 5 664 1229 1189 184 223 222 775 688 || mode=RB method=sk_ac_min solver=filo1 stage=post_ls ls=pyvrp iter=5
2026-03-15 22:15:39 | INFO     | [POOL #00093] 1315 1080 925 1220 1295 442 1006 1269 639 296 702 438 208 523 201 348 601 553 620 249 200 440 968 826 377 408 721 816 1198 1067 640 661 30 376 124 361 1311 341 865 318 365 510 1035 8 571 60 736 643 212 1165 287 653 491 707 309 48 645 783 598 423 848 196 729 996 790 387 269 656 461 398 588 748 827 1049 437 109 || mode=RB method=sk_ac_min solver=filo1 stage=post_ls ls=pyvrp iter=5
2026-03-15 22:15:39 | INFO     | [POOL #00094] 1106 441 1025 718 1063 185 1181 225 52 719 1087 1055 1126 687 944 1169 1146 838 1247 698 805 1120 798 1083 684 1061 885 531 503 658 799 9 323 584 352 857 528 711 403 822 399 445 181 94 141 1138 513 1154 280 1308 555 839 1212 1069 863 360 413 419 380 256 882 1105 489 1250 117 182 321 635 148 457 1242 1134 504 || mode=VB method=sk_ac_complete solver=pyvrp stage=post_ls ls=pyvrp iter=6
2026-03-15 22:15:39 | INFO     | [POOL #00095] 617 215 1203 79 335 213 864 1215 572 281 1115 146 978 114 909 176 801 647 679 627 1231 284 1301 1018 76 20 962 205 806 734 881 1170 210 623 825 1040 407 1141 551 600 187 706 778 602 10 1109 911 610 1160 772 || mode=VB method=sk_ac_complete solver=pyvrp stage=post_ls ls=pyvrp iter=6
2026-03-15 22:15:39 | INFO     | [POOL #00096] 470 642 780 91 1031 492 697 829 240 159 750 596 1255 220 641 245 122 573 343 1298 427 431 1027 546 349 1039 74 735 862 33 299 831 1066 273 292 941 520 234 665 1315 47 894 16 344 224 703 129 290 810 955 1135 1034 411 1224 1100 1230 650 977 1033 912 1041 1208 116 1284 942 1183 1078 1244 507 39 974 1091 || mode=VB method=sk_ac_complete solver=pyvrp stage=post_ls ls=pyvrp iter=6
2026-03-15 22:15:39 | INFO     | [POOL #00097] 312 1240 1201 1099 599 1086 1037 758 371 1125 359 1273 1232 1026 539 713 432 452 914 41 231 509 295 486 289 699 761 946 560 910 328 394 1290 1297 1190 167 1275 878 581 482 1188 1000 1136 958 987 820 110 1257 127 690 275 158 532 350 1123 673 907 115 3 446 1287 410 1054 727 695 929 1022 906 1316 409 1038 1252 || mode=VB method=sk_ac_complete solver=pyvrp stage=post_ls ls=pyvrp iter=6
2026-03-15 22:15:39 | INFO     | [POOL #00098] 594 111 494 134 938 1070 415 782 545 195 1310 779 1085 320 1068 102 36 636 96 536 728 916 720 615 417 979 19 1193 498 15 730 388 991 24 871 680 334 821 362 1320 926 540 960 1001 1187 1098 254 63 21 66 762 1191 663 390 355 935 453 998 1104 384 1317 1065 1020 1056 467 1227 662 1182 1139 505 439 1130 1004 || mode=VB method=sk_ac_complete solver=pyvrp stage=post_ls ls=pyvrp iter=6
2026-03-15 22:15:39 | INFO     | [POOL #00099] 1223 985 950 137 1152 565 1101 108 364 607 463 583 809 142 534 995 592 227 567 329 709 493 749 264 932 1079 400 710 261 1207 98 97 305 771 189 1074 458 544 175 250 268 781 1077 1150 1076 654 668 949 595 1199 300 6 282 125 1102 255 218 988 685 251 1003 274 228 186 404 56 154 173 547 378 1051 844 53 || mode=VB method=sk_ac_complete solver=pyvrp stage=post_ls ls=pyvrp iter=6
2026-03-15 22:15:39 | INFO     | [POOL #00100] 241 31 434 1064 548 637 1322 1216 757 943 1166 304 522 744 559 606 609 611 78 497 971 487 743 1312 632 1217 496 32 1253 1174 814 605 397 1172 401 308 1016 1145 367 945 934 873 726 811 1094 1044 846 1270 1266 473 524 || mode=VB method=sk_ac_complete solver=pyvrp stage=post_ls ls=pyvrp iter=6
2026-03-15 22:15:39 | INFO     | [POOL #00101] 214 358 670 854 1272 535 1010 747 869 989 1221 12 13 963 993 667 22 456 886 101 633 144 139 856 217 954 311 986 70 708 908 582 791 1210 818 952 165 1024 476 1241 235 474 140 613 657 1019 953 579 1248 866 73 46 644 340 65 1057 1300 262 759 382 168 1110 542 841 888 1042 1156 589 || mode=VB method=sk_ac_complete solver=pyvrp stage=post_ls ls=pyvrp iter=6
2026-03-15 22:15:39 | INFO     | [POOL #00102] 1081 207 89 1288 132 723 593 430 1090 1309 1113 84 902 1176 1306 887 1155 591 931 558 992 1173 928 276 903 1015 105 1084 1008 342 106 333 672 704 666 774 259 1209 1097 541 1282 562 143 724 88 789 959 518 436 1132 37 587 49 819 7 1214 1279 956 1178 1108 278 1157 1005 836 552 575 327 395 760 823 59 90 || mode=VB method=sk_ac_complete solver=pyvrp stage=post_ls ls=pyvrp iter=6
2026-03-15 22:15:39 | INFO     | [POOL #00103] 688 222 1189 940 852 294 746 879 443 1047 1071 741 1258 151 393 1292 1277 420 381 100 803 92 277 51 880 1271 121 1023 236 1046 462 209 832 368 386 1267 1324 517 855 163 655 263 585 459 1304 930 785 466 835 1283 1263 847 204 1164 193 1280 1302 1043 1205 1089 519 123 967 1050 1116 898 266 433 43 580 1007 || mode=VB method=sk_ac_complete solver=pyvrp stage=post_ls ls=pyvrp iter=6
2026-03-15 22:15:39 | INFO     | [POOL #00104] 286 893 164 529 512 357 948 773 455 104 150 526 1262 297 324 554 1096 768 1211 194 406 502 1196 919 889 171 1237 514 1249 303 788 622 416 1048 691 850 1213 265 460 1259 597 716 1030 351 696 763 64 769 1127 1234 479 621 202 322 1327 239 648 739 1274 924 800 347 861 753 752 370 345 112 67 || mode=VB method=sk_ac_complete solver=pyvrp stage=post_ls ls=pyvrp iter=6
2026-03-15 22:15:39 | INFO     | [POOL #00105] 138 18 849 402 177 972 1260 1202 136 258 336 917 383 27 933 62 1168 314 807 160 1117 628 557 970 252 904 372 742 525 238 369 1124 900 279 577 1161 563 480 740 354 469 717 550 793 1184 566 447 1291 288 1107 883 677 25 795 153 568 169 872 426 973 1082 1239 346 2 1293 35 313 1177 732 1265 915 260 392 || mode=VB method=sk_ac_complete solver=pyvrp stage=post_ls ls=pyvrp iter=6
2026-03-15 22:15:39 | INFO     | [POOL #00106] 1299 776 1243 937 1256 527 1325 1013 843 484 877 588 82 325 639 1269 1006 442 285 1171 1131 191 306 624 1021 626 1225 120 219 969 161 1228 1 1195 1294 892 69 425 1062 770 1264 712 34 373 14 824 981 618 1286 802 766 1179 725 1278 389 485 331 170 183 682 424 556 918 1295 1236 1053 29 26 1261 1220 925 1080 233 || mode=VB method=sk_ac_complete solver=pyvrp stage=post_ls ls=pyvrp iter=6
2026-03-15 22:15:39 | INFO     | [POOL #00107] 211 451 1233 765 1158 118 1075 1014 975 179 608 982 927 994 983 1245 890 192 870 612 689 472 23 428 253 478 1180 660 1222 1059 353 61 543 859 1151 435 939 11 574 477 232 1009 316 1011 145 751 77 81 1246 50 817 510 365 318 865 1035 8 283 754 272 332 714 309 48 598 423 848 269 656 461 398 54 501 || mode=VB method=sk_ac_complete solver=pyvrp stage=post_ls ls=pyvrp iter=6
2026-03-15 22:15:39 | INFO     | [POOL #00108] 631 319 614 1137 1029 155 80 131 57 576 1285 1133 767 1268 899 203 1194 421 683 387 790 702 438 208 523 201 601 553 645 491 377 721 408 826 968 440 200 249 620 348 586 1140 840 1254 1073 374 630 1314 731 391 875 99 891 1128 465 495 1226 310 947 564 339 229 1159 733 44 1121 1218 1251 293 876 957 921 418 || mode=VB method=sk_ac_complete solver=pyvrp stage=post_ls ls=pyvrp iter=6
2026-03-15 22:15:39 | INFO     | [POOL #00109] 1052 1112 85 1045 570 422 905 604 701 895 1318 490 188 920 363 976 1206 808 1002 17 338 68 538 984 1197 166 1281 93 107 745 603 634 488 549 616 813 326 1313 87 396 640 661 1067 1198 816 30 376 124 361 1311 341 571 60 736 643 212 653 1165 287 707 783 996 296 913 243 1036 375 936 830 786 72 965 128 || mode=VB method=sk_ac_complete solver=pyvrp stage=post_ls ls=pyvrp iter=6
2026-03-15 22:15:39 | INFO     | [POOL #00110] 429 516 1162 764 157 172 1017 1153 1060 1093 812 737 1119 858 1118 715 1323 4 454 853 980 1307 845 1163 897 1103 405 499 901 199 1289 206 533 867 787 797 244 450 834 152 625 686 1095 444 851 190 147 1111 162 966 414 481 174 678 28 197 671 307 1088 133 198 1192 827 315 1049 437 833 298 1238 135 1142 1204 1149 || mode=VB method=sk_ac_complete solver=pyvrp stage=post_ls ls=pyvrp iter=6
2026-03-15 22:15:39 | INFO     | [POOL #00111] 756 722 1028 874 1200 464 537 267 1147 1305 271 784 1303 180 412 71 230 694 1235 1276 83 385 837 126 1319 270 530 815 569 58 646 990 55 755 705 246 130 149 651 508 317 629 1012 922 216 1326 1185 379 196 729 248 42 38 649 75 337 951 366 652 692 777 483 356 794 1186 748 511 700 291 109 1144 || mode=VB method=sk_ac_complete solver=pyvrp stage=post_ls ls=pyvrp iter=6
2026-03-15 22:15:39 | INFO     | [POOL #00112] 681 119 1148 40 1229 664 5 804 301 828 619 113 449 1321 674 638 330 923 1167 842 693 1122 521 561 675 1143 659 738 669 796 226 997 500 1072 475 1114 1175 86 1032 237 1092 999 103 868 45 506 590 1296 221 961 515 302 247 242 257 896 178 95 1219 471 578 1129 792 860 468 676 448 964 1058 884 184 223 775 156 || mode=VB method=sk_ac_complete solver=pyvrp stage=post_ls ls=pyvrp iter=6
2026-03-15 22:15:39 | INFO     | [POOL #00113] 358 670 1081 119 869 207 67 112 345 752 347 800 902 1155 887 1176 1306 562 1209 259 774 666 704 672 333 106 342 1008 1084 406 502 1196 919 889 265 460 1259 597 716 351 1030 696 763 64 769 1127 1234 479 621 202 322 1327 239 648 724 143 739 1274 959 88 789 518 924 436 1132 861 753 370 747 854 || mode=VB method=sk_ac_min solver=filo2 stage=post_ls ls=pyvrp iter=7
2026-03-15 22:15:39 | INFO     | [POOL #00114] 1156 1042 888 841 542 40 1110 168 382 759 262 1300 828 301 804 852 294 449 674 1321 746 113 619 340 1057 65 73 893 286 963 993 667 22 456 886 164 101 633 529 1248 579 953 1047 226 796 738 669 1043 1205 123 967 519 1089 1143 675 561 521 693 923 330 842 1167 468 676 860 448 964 1058 433 884 184 223 222 775 || mode=VB method=sk_ac_min solver=filo2 stage=post_ls ls=pyvrp iter=7
2026-03-15 22:15:39 | INFO     | [POOL #00115] 1031 492 697 829 240 159 750 321 635 148 52 719 944 1169 1146 838 1247 698 805 256 380 419 413 360 863 94 141 1069 1138 1212 839 555 513 1154 685 218 255 1102 125 6 282 988 181 445 399 822 403 711 528 857 352 1120 798 1083 658 584 323 9 799 503 684 1061 531 885 1126 687 1055 1087 225 1181 185 1063 457 || mode=VB method=sk_ac_min solver=filo2 stage=post_ls ls=pyvrp iter=7
2026-03-15 22:15:39 | INFO     | [POOL #00116] 589 688 156 524 974 1091 || mode=VB method=sk_ac_min solver=filo2 stage=post_ls ls=pyvrp iter=7
2026-03-15 22:15:39 | INFO     | [POOL #00117] 241 1007 580 31 434 1270 1064 846 1044 548 811 1094 726 1129 792 578 471 1219 873 934 945 367 95 178 896 257 242 247 302 515 961 221 1296 590 506 45 868 1092 999 103 260 1172 605 397 1260 972 177 402 849 401 308 392 1016 1145 18 1216 1322 637 138 157 172 1070 938 134 937 1243 776 494 111 594 429 631 1299 || mode=VB method=sk_ac_min solver=filo2 stage=post_ls ls=pyvrp iter=7
2026-03-15 22:15:39 | INFO     | [POOL #00118] 940 638 1122 659 193 1164 204 847 1263 1283 1177 313 35 1293 930 2 1304 252 904 459 263 655 585 677 25 795 447 566 1184 1319 126 837 270 530 793 550 717 469 354 740 480 821 334 680 926 1320 362 24 991 388 871 1187 254 63 21 66 762 935 453 998 536 454 4 1323 715 1118 858 1119 737 1060 1153 || mode=VB method=sk_ac_min solver=filo2 stage=post_ls ls=pyvrp iter=7
2026-03-15 22:15:39 | INFO     | [POOL #00119] 319 211 1130 439 505 1139 1182 614 1325 1137 662 1227 1013 1029 155 80 877 57 131 576 118 1158 1075 1285 1014 1133 767 1268 899 966 414 162 481 174 678 28 982 927 994 983 1245 890 951 337 75 649 42 248 38 692 777 652 366 421 483 683 356 794 1186 671 307 1088 133 198 588 1192 484 843 1049 437 833 298 1238 1004 || mode=VB method=sk_ac_min solver=filo2 stage=post_ls ls=pyvrp iter=7
2026-03-15 22:15:39 | INFO     | [POOL #00120] 681 1148 989 89 1288 723 593 1090 1309 1113 84 70 708 908 582 791 818 1210 931 591 1282 1097 541 903 1015 105 194 1237 171 1213 850 691 1048 416 622 788 303 1249 514 324 554 1096 1211 768 928 276 1173 992 558 1024 165 952 476 1241 455 773 948 357 512 144 139 856 954 217 986 311 430 132 13 12 1221 || mode=VB method=sk_ac_min solver=filo2 stage=post_ls ls=pyvrp iter=7
2026-03-15 22:15:39 | INFO     | [POOL #00121] 1204 1142 1144 47 894 1080 925 1220 1261 26 29 1295 442 1006 1269 639 936 913 375 1036 243 702 438 208 523 201 348 601 553 620 249 200 440 968 826 377 408 721 816 1198 1067 30 661 640 396 87 1313 326 1254 840 1140 586 310 564 947 1226 495 1264 770 802 766 1179 389 1278 1054 727 1045 85 1112 224 344 941 1230 912 1078 1244 || mode=VB method=sk_ac_min solver=filo2 stage=post_ls ls=pyvrp iter=7
2026-03-15 22:15:39 | INFO     | [POOL #00122] 39 507 1183 942 1208 1041 1033 1052 520 234 1038 409 906 1022 570 422 695 876 1251 183 170 331 485 682 1294 1159 1195 892 69 1062 425 1228 1 229 161 339 120 219 969 1225 626 624 1021 733 44 306 191 1121 1218 424 556 1131 1171 285 918 1236 1053 293 957 929 1316 921 418 1252 16 1315 665 233 650 977 116 1284 || mode=VB method=sk_ac_min solver=filo2 stage=post_ls ls=pyvrp iter=7
2026-03-15 22:15:39 | INFO     | [POOL #00123] 664 879 443 997 1071 741 474 1258 393 151 835 466 785 756 722 420 381 100 1028 874 1200 346 163 464 153 568 537 1147 267 872 426 169 973 1082 1239 855 517 1324 1267 386 368 832 209 462 1046 236 1023 121 1271 880 51 277 803 92 297 1262 526 1292 1277 150 235 104 140 613 657 1019 866 46 644 5 1229 1189 || mode=VB method=sk_ac_min solver=filo2 stage=post_ls ls=pyvrp iter=7
2026-03-15 22:15:39 | INFO     | [POOL #00124] 516 473 1266 764 1017 1093 812 1166 304 744 559 606 609 611 78 497 971 487 743 845 1307 980 853 615 720 417 916 728 979 19 1193 797 244 450 498 834 15 730 152 625 686 1095 444 1191 663 390 355 851 190 147 1111 36 636 96 1104 384 1317 1065 1085 765 779 1310 1233 195 451 545 782 527 415 1256 || mode=VB method=sk_ac_min solver=filo2 stage=post_ls ls=pyvrp iter=7
2026-03-15 22:15:39 | INFO     | [POOL #00125] 43 266 898 1116 1050 1302 1280 237 86 1032 500 1072 475 1175 1114 814 915 1265 732 1174 1253 32 496 160 314 1168 27 62 807 1117 628 557 970 405 1103 499 901 372 742 525 369 238 883 1107 288 1291 1161 563 577 279 900 1124 787 867 199 1289 206 533 1163 897 933 1312 632 1217 383 917 336 258 136 1202 522 943 757 1162 || mode=VB method=sk_ac_min solver=filo2 stage=post_ls ls=pyvrp iter=7
2026-03-15 22:15:39 | INFO     | [POOL #00126] 467 203 197 1194 192 870 317 629 1012 922 216 472 689 612 477 232 1009 316 428 253 478 1180 660 1222 1059 353 61 543 859 1151 435 939 1235 1276 694 230 71 180 412 1305 271 784 1303 385 83 11 574 815 569 58 646 990 55 755 705 246 130 508 651 149 540 960 1001 1098 608 179 975 102 1068 320 1020 1056 || mode=VB method=sk_ac_min solver=filo2 stage=post_ls ls=pyvrp iter=7
2026-03-15 22:15:39 | INFO     | [POOL #00127] 220 810 985 950 1152 364 995 534 592 227 567 761 749 264 932 305 771 97 98 1207 261 710 17 1002 808 1206 391 1073 374 1314 731 630 549 813 616 488 634 603 745 107 93 1281 166 1197 338 68 984 538 189 1074 458 544 781 175 250 268 1150 668 949 595 300 1199 404 251 280 1308 735 74 882 1105 489 1250 117 182 || mode=VB method=sk_ac_min solver=filo2 stage=post_ls ls=pyvrp iter=7
2026-03-15 22:15:39 | INFO     | [POOL #00128] 135 109 315 827 748 82 398 461 656 269 387 790 729 196 379 1185 1326 23 1011 145 751 77 81 1246 50 817 1035 510 365 318 865 341 1311 376 124 361 212 643 736 60 571 8 283 754 272 332 714 309 48 707 287 1165 653 491 645 783 598 423 848 996 296 830 786 72 965 325 54 511 128 700 291 501 1149 || mode=VB method=sk_ac_min solver=filo2 stage=post_ls ls=pyvrp iter=7
2026-03-15 22:15:39 | INFO     | [POOL #00129] 245 122 1298 1027 546 299 349 1039 33 862 53 844 1003 274 228 186 173 154 56 654 1076 1077 329 709 493 946 560 1079 910 328 394 1297 1190 1290 400 1136 958 987 490 1000 1318 1188 482 581 167 1275 878 231 509 295 699 289 486 809 583 142 463 607 547 378 1051 1223 273 1066 831 431 427 343 573 641 1255 596 || mode=VB method=sk_ac_min solver=filo2 stage=post_ls ls=pyvrp iter=7
2026-03-15 22:15:39 | INFO     | [POOL #00130] 411 1034 1135 955 290 129 312 1240 137 565 1101 108 1037 758 371 1125 359 1273 41 914 452 539 713 432 3 115 907 895 158 275 690 127 1257 110 820 188 920 363 976 875 99 891 1128 465 34 712 373 14 824 981 618 1286 350 532 1123 725 673 701 604 410 1287 446 1026 1232 905 1086 599 1099 1201 703 292 1100 1224 || mode=VB method=sk_ac_min solver=filo2 stage=post_ls ls=pyvrp iter=7
2026-03-15 22:15:39 | INFO     | [POOL #00131] 617 772 1106 441 1025 504 1134 718 1242 91 780 642 470 || mode=VB method=sk_ac_min solver=filo2 stage=post_ls ls=pyvrp iter=7
2026-03-15 22:15:39 | INFO     | [POOL #00132] 215 1203 1160 610 79 911 1109 335 778 706 187 600 551 1141 407 1040 825 623 210 1170 881 734 806 205 962 20 602 10 213 864 1215 572 281 1115 146 978 114 59 909 801 176 76 1018 1301 284 1231 627 679 647 1005 1157 956 1279 1214 49 587 37 819 7 1178 1108 278 836 552 575 1010 327 395 823 760 535 1272 90 214 || mode=VB method=sk_ac_min solver=filo2 stage=post_ls ls=pyvrp iter=7
2026-03-15 22:15:39 | INFO     | [POOL #00133] 39 240 159 750 596 220 1135 955 810 290 985 950 1152 565 1101 108 1125 359 1273 41 914 452 115 878 1275 167 581 482 1188 1318 1000 490 987 958 1136 400 710 261 1207 98 97 305 771 189 1074 458 544 175 250 268 781 1077 1150 1076 654 668 949 595 300 1199 404 251 280 1308 735 74 882 1105 489 1250 117 635 91 642 470 || mode=RB method=sk_ac_complete solver=filo2 stage=post_ls ls=pyvrp iter=8
2026-03-15 22:15:39 | INFO     | [POOL #00134] 1031 492 697 321 182 245 122 1298 1027 546 299 349 1039 33 862 53 844 1003 274 228 186 173 154 56 995 534 592 227 329 709 567 761 493 946 749 264 932 560 1079 910 394 1290 1297 1190 328 231 509 295 699 289 486 809 583 142 463 607 364 547 378 1051 1223 273 1066 831 431 427 343 573 641 1255 829 || mode=RB method=sk_ac_complete solver=filo2 stage=post_ls ls=pyvrp iter=8
2026-03-15 22:15:39 | INFO     | [POOL #00135] 1153 1060 737 1119 765 1020 320 1068 96 636 147 975 190 851 179 608 1098 254 63 21 1187 1001 960 540 149 651 508 130 246 705 755 55 990 612 689 472 216 922 1012 629 317 870 192 890 1245 983 927 982 28 678 174 481 414 966 162 1111 36 102 1014 1075 1158 1056 467 1013 1325 614 1182 1139 505 439 1130 211 319 || mode=RB method=sk_ac_complete solver=filo2 stage=post_ls ls=pyvrp iter=8
2026-03-15 22:15:39 | INFO     | [POOL #00136] 507 1244 1078 912 411 1034 129 312 1240 137 1037 758 371 1232 1026 539 713 432 3 907 895 158 532 1123 350 1286 618 981 824 14 34 712 373 770 1062 425 1228 1 229 1159 1195 69 892 1294 682 183 170 331 485 389 1278 1054 876 695 422 570 1022 906 1316 921 409 1038 418 1252 16 1315 233 1033 1041 1208 942 1183 || mode=RB method=sk_ac_complete solver=filo2 stage=post_ls ls=pyvrp iter=8
2026-03-15 22:15:39 | INFO     | [POOL #00137] 1162 1093 812 1166 304 744 559 606 715 497 971 487 743 845 1307 980 853 615 720 417 916 728 979 19 498 450 834 15 730 388 991 24 362 821 334 680 926 1320 871 66 762 152 625 686 1095 444 1191 663 390 355 935 453 998 536 1104 384 1317 1065 1085 779 1310 1233 195 451 545 782 527 415 1256 || mode=RB method=sk_ac_complete solver=filo2 stage=post_ls ls=pyvrp iter=8
2026-03-15 22:15:39 | INFO     | [POOL #00138] 1149 1284 977 650 47 894 501 291 700 128 511 54 1295 918 424 556 1131 1171 285 442 1006 1269 639 325 82 398 965 72 786 830 936 375 1036 243 913 296 790 387 683 483 421 366 652 75 337 951 1194 994 197 203 899 1268 767 1133 1285 118 576 131 57 877 80 155 843 1029 1227 1137 662 298 1238 135 1142 1204 || mode=RB method=sk_ac_complete solver=filo2 stage=post_ls ls=pyvrp iter=8
2026-03-15 22:15:39 | INFO     | [POOL #00139] 522 858 1118 1323 4 454 1193 797 244 900 480 740 354 469 717 550 793 530 646 58 477 232 859 543 353 61 1151 435 939 1235 1276 694 230 71 180 412 1305 271 784 1303 385 83 11 574 569 815 837 270 126 1319 1184 566 447 795 25 677 585 655 263 459 904 252 1304 2 930 1293 35 313 1177 732 1265 103 896 || mode=RB method=sk_ac_complete solver=filo2 stage=post_ls ls=pyvrp iter=8
2026-03-15 22:15:39 | INFO     | [POOL #00140] 1144 1080 925 1220 1261 26 29 1053 1236 191 306 624 626 1225 969 219 120 702 438 208 523 201 348 601 553 620 249 200 826 377 491 653 287 1165 212 643 60 736 361 124 376 30 661 640 1067 1198 816 721 408 968 440 87 396 1313 326 1254 840 1140 586 310 1226 947 564 339 161 1021 733 44 1121 1218 1251 293 957 929 665 116 || mode=RB method=sk_ac_complete solver=filo2 stage=post_ls ls=pyvrp iter=8
2026-03-15 22:15:39 | INFO     | [POOL #00141] 1224 1100 941 292 703 1201 1099 599 1086 905 446 604 701 673 275 690 127 1257 110 820 188 920 363 976 1206 808 1002 17 338 68 538 984 1197 166 1281 93 107 745 603 634 488 616 813 549 630 731 1314 374 1073 391 875 99 891 1128 465 495 1264 802 766 1179 725 410 1287 727 1045 85 1112 224 344 234 520 1052 1230 || mode=RB method=sk_ac_complete solver=filo2 stage=post_ls ls=pyvrp iter=8
2026-03-15 22:15:39 | INFO     | [POOL #00142] 109 315 827 748 588 1186 461 656 269 996 729 196 848 423 598 783 645 707 48 309 714 332 272 754 283 8 571 1311 341 865 318 365 510 1035 817 50 1246 81 77 751 1222 1059 660 1180 478 253 145 1011 428 316 1009 23 1326 1185 379 42 248 649 38 692 777 356 794 671 307 1088 133 198 1192 484 1049 437 833 1004 || mode=RB method=sk_ac_complete solver=filo2 stage=post_ls ls=pyvrp iter=8
2026-03-15 22:15:39 | INFO     | [POOL #00143] 1091 974 524 1299 631 429 594 111 494 516 776 1243 937 134 938 1070 172 1017 157 138 637 1322 1216 757 943 945 934 873 367 95 178 1219 471 578 792 1129 726 1094 811 548 1044 846 1064 1270 434 31 580 1007 241 156 || mode=RB method=sk_ac_complete solver=filo2 stage=post_ls ls=pyvrp iter=8
2026-03-15 22:15:39 | INFO     | [POOL #00144] 589 1156 1042 888 841 542 40 1110 168 382 759 262 1300 340 1057 65 286 893 73 46 866 1248 579 953 529 1019 657 613 140 104 235 1241 150 1024 165 952 476 455 773 948 357 512 144 139 856 954 217 986 311 101 633 164 886 456 22 667 993 963 13 12 1221 989 869 1148 119 681 670 358 854 214 || mode=RB method=sk_ac_complete solver=filo2 stage=post_ls ls=pyvrp iter=8
2026-03-15 22:15:39 | INFO     | [POOL #00145] 473 1266 764 18 1145 1016 308 401 849 402 177 972 1260 1202 136 258 336 917 609 611 78 383 1217 632 1312 933 897 1163 533 206 1289 199 867 787 1124 369 279 577 563 1161 1291 288 1107 883 238 525 742 372 901 499 1103 405 970 557 628 1117 807 62 27 1168 314 160 496 32 1253 1174 915 814 605 397 1172 260 257 1116 898 266 || mode=RB method=sk_ac_complete solver=filo2 stage=post_ls ls=pyvrp iter=8
2026-03-15 22:15:39 | INFO     | [POOL #00146] 617 215 1203 79 335 572 281 1115 1215 864 213 10 602 962 205 20 76 1018 176 801 647 679 627 1231 284 1301 623 210 1170 881 734 806 825 1040 407 1141 551 600 187 706 778 1109 911 610 1160 772 || mode=RB method=sk_ac_complete solver=filo2 stage=post_ls ls=pyvrp iter=8
2026-03-15 22:15:39 | INFO     | [POOL #00147] 978 146 114 59 909 1005 1157 956 1279 1214 49 587 1132 436 518 789 88 959 1274 739 143 724 648 239 1327 322 202 621 1127 769 64 763 696 351 716 597 1259 1030 1234 479 333 672 704 666 774 259 1209 562 1306 887 1176 924 800 347 752 753 861 37 819 7 1178 1108 278 836 552 575 327 395 823 760 90 || mode=RB method=sk_ac_complete solver=filo2 stage=post_ls ls=pyvrp iter=8
2026-03-15 22:15:39 | INFO     | [POOL #00148] 1081 747 207 89 1288 132 723 593 430 1090 1309 1113 84 70 708 908 582 791 818 1210 931 591 558 992 1173 928 276 903 1015 105 1211 768 1096 554 324 514 1249 303 788 1237 171 622 416 1048 691 850 1213 460 265 889 919 1196 502 406 194 1084 1008 106 342 1097 541 1282 1155 902 345 370 112 67 1010 535 1272 || mode=RB method=sk_ac_complete solver=filo2 stage=post_ls ls=pyvrp iter=8
2026-03-15 22:15:39 | INFO     | [POOL #00149] 775 223 184 884 43 433 1058 964 448 860 676 468 1167 842 1050 521 561 519 1089 1205 123 967 242 247 302 515 961 221 1296 590 392 506 45 868 1092 999 86 1175 1114 475 1072 500 1032 237 1280 1302 1043 669 796 738 1143 675 659 1122 693 923 330 638 674 1321 449 746 113 294 852 301 804 5 664 1229 1189 222 688 || mode=RB method=sk_ac_complete solver=filo2 stage=post_ls ls=pyvrp iter=8
2026-03-15 22:15:39 | INFO     | [POOL #00150] 941 292 1240 950 1051 565 1101 108 583 809 486 289 699 761 493 946 749 264 932 560 1079 1207 98 97 305 771 189 1074 458 538 984 1197 166 1281 93 107 338 68 17 261 710 400 910 328 394 1290 1297 1190 167 1275 878 231 509 295 41 914 452 432 713 539 1026 1232 1273 359 1125 371 758 1037 1086 599 1099 1201 1100 1224 912 1078 507 || mode=VB method=fcm solver=pyvrp stage=post_ls ls=pyvrp iter=9
2026-03-15 22:15:39 | INFO     | [POOL #00151] 220 844 251 1003 274 228 186 173 154 56 404 1102 125 6 300 1199 595 949 668 654 1076 1077 1150 268 250 175 544 781 709 329 567 227 592 534 995 142 463 607 364 547 378 1152 137 85 1316 921 511 54 82 325 639 1269 1006 442 1295 918 285 1171 1131 556 424 1236 1053 29 26 128 700 291 109 298 1238 135 || mode=VB method=fcm solver=pyvrp stage=post_ls ls=pyvrp iter=9
2026-03-15 22:15:39 | INFO     | [POOL #00152] 1284 665 1038 1220 1261 957 293 1251 1218 682 183 170 331 485 389 1179 766 802 69 892 1294 1195 1159 733 44 1121 191 306 624 1021 626 1225 969 219 120 339 161 229 1 1228 425 1062 770 373 712 34 188 920 363 976 1206 987 820 110 1257 127 690 275 158 673 701 604 410 1287 727 695 422 570 1022 906 233 116 || mode=VB method=fcm solver=pyvrp stage=post_ls ls=pyvrp iter=9
2026-03-15 22:15:39 | INFO     | [POOL #00153] 505 827 748 588 398 965 72 786 830 936 375 1036 243 913 296 702 438 208 523 201 601 348 586 310 564 947 1226 1140 1254 840 200 249 620 553 645 707 287 1165 653 491 377 721 408 826 968 440 87 1313 326 374 630 731 1314 1073 391 875 99 891 1128 465 495 1264 14 824 981 618 1286 350 532 1123 725 1278 1054 876 929 409 || mode=VB method=fcm solver=pyvrp stage=post_ls ls=pyvrp iter=9
2026-03-15 22:15:39 | INFO     | [POOL #00154] 843 484 1192 198 1186 461 656 269 387 790 996 729 196 848 783 598 423 48 309 714 332 272 817 754 283 8 1035 318 865 341 1311 571 60 736 643 212 361 124 376 30 816 1198 1067 661 640 396 813 616 549 488 634 603 745 1002 808 958 1136 490 1000 1318 1188 482 581 895 907 115 3 446 905 1045 1112 || mode=VB method=fcm solver=pyvrp stage=post_ls ls=pyvrp iter=9
2026-03-15 22:15:39 | INFO     | [POOL #00155] 1155 591 931 558 992 1173 928 276 903 1015 105 194 406 502 1196 919 889 265 1213 850 460 1259 597 716 351 1030 696 763 64 769 1127 1234 479 333 1084 1008 106 342 704 666 672 621 202 322 1327 774 259 1209 239 648 562 1097 541 1282 887 1176 1306 739 143 724 1274 959 88 789 518 924 436 1178 1108 836 || mode=VB method=fcm solver=pyvrp stage=post_ls ls=pyvrp iter=9
2026-03-15 22:15:39 | INFO     | [POOL #00156] 619 866 512 357 818 1210 952 165 1024 476 150 1277 1292 526 1262 297 1096 768 1211 554 324 514 92 803 277 51 1249 303 788 1237 171 622 691 416 1048 1023 236 1046 462 209 121 1271 880 368 832 386 1267 1324 517 855 1239 1200 874 1028 100 381 420 722 756 785 466 835 151 393 235 1241 455 1019 953 579 46 828 841 || mode=VB method=fcm solver=pyvrp stage=post_ls ls=pyvrp iter=9
2026-03-15 22:15:39 | INFO     | [POOL #00157] 559 715 497 971 487 743 845 1307 980 853 615 720 417 916 728 979 19 1193 797 244 900 279 577 1161 563 480 740 354 469 717 550 793 530 270 837 815 569 58 646 990 55 755 705 246 130 508 651 149 540 1187 960 1001 1245 890 983 927 982 28 678 174 481 414 966 162 1111 36 102 1014 1075 1158 1056 1060 || mode=VB method=fcm solver=pyvrp stage=post_ls ls=pyvrp iter=9
2026-03-15 22:15:39 | INFO     | [POOL #00158] 241 434 1064 846 1044 548 811 1094 726 1129 792 578 471 1219 178 961 221 1296 590 849 402 177 972 1260 1172 260 103 999 1092 868 45 506 392 1016 1145 18 945 934 873 367 95 896 257 1050 842 1167 860 448 964 1058 43 580 1007 854 90 572 281 1115 146 978 114 59 823 760 535 1272 214 || mode=VB method=fcm solver=pyvrp stage=post_ls ls=pyvrp iter=9
2026-03-15 22:15:39 | INFO     | [POOL #00159] 594 111 1162 308 401 397 605 1177 313 35 1293 930 2 346 163 464 537 153 568 1082 973 169 426 872 267 1147 71 230 694 1276 1235 939 435 1151 61 353 543 859 11 574 83 385 1303 180 412 1305 271 784 126 1319 1184 566 447 795 25 677 585 655 263 459 904 1304 252 970 557 628 1117 807 314 496 136 1216 || mode=VB method=fcm solver=pyvrp stage=post_ls ls=pyvrp iter=9
2026-03-15 22:15:39 | INFO     | [POOL #00160] 429 134 1256 782 545 1233 1310 779 1118 1323 4 454 536 998 453 935 355 390 663 1191 444 1095 686 625 152 498 450 834 15 730 388 991 24 362 821 334 680 926 1320 871 66 762 21 63 254 1098 608 179 851 190 975 147 636 96 1104 1068 384 1317 1065 320 1020 1085 765 737 812 943 757 1322 637 1270 31 || mode=VB method=fcm solver=pyvrp stage=post_ls ls=pyvrp iter=9
2026-03-15 22:15:39 | INFO     | [POOL #00161] 1029 155 80 877 57 133 1088 307 671 794 356 683 483 777 692 38 649 248 42 379 1185 1326 23 1011 145 751 77 81 1246 50 510 365 1222 1059 660 1180 478 253 428 316 1009 232 477 612 689 472 216 922 1012 629 317 870 192 951 337 75 652 366 421 1194 994 197 203 899 1268 767 1133 1285 118 576 131 467 || mode=VB method=fcm solver=pyvrp stage=post_ls ls=pyvrp iter=9
2026-03-15 22:15:39 | INFO     | [POOL #00162] 617 215 772 1160 1203 79 610 911 1109 335 1215 864 213 10 602 778 706 187 600 551 1141 407 1040 825 623 210 1170 881 734 806 205 962 20 76 1018 176 909 801 1005 1157 647 679 1301 284 1231 627 1279 1214 49 587 1132 37 819 7 956 278 552 575 327 395 1010 747 1081 670 358 || mode=VB method=fcm solver=pyvrp stage=post_ls ls=pyvrp iter=9
2026-03-15 22:15:39 | INFO     | [POOL #00163] 470 1031 492 697 829 240 159 750 596 1255 641 245 122 573 343 1298 427 431 1027 546 349 1039 74 735 1069 1138 1212 513 839 555 1308 280 53 862 33 299 831 1066 273 1223 985 312 703 224 344 129 290 810 955 1135 1034 411 1244 39 974 1091 || mode=VB method=fcm solver=pyvrp stage=post_ls ls=pyvrp iter=9
2026-03-15 22:15:39 | INFO     | [POOL #00164] 642 780 91 148 635 321 182 117 1250 489 1105 882 1247 1146 838 698 805 256 380 419 413 360 863 141 94 1154 685 255 218 282 988 181 445 399 822 403 711 528 857 1120 798 352 584 323 9 799 658 1083 684 503 531 1061 885 1087 1055 1126 687 944 1169 719 52 225 1181 185 1063 457 1242 718 1134 504 1025 441 1106 || mode=VB method=fcm solver=pyvrp stage=post_ls ls=pyvrp iter=9
2026-03-15 22:15:39 | INFO     | [POOL #00165] 223 184 433 266 898 1116 242 247 302 515 1302 1280 237 86 1175 1114 732 1265 1174 915 814 1253 32 160 1168 62 27 632 1312 1163 533 206 1289 199 867 787 1124 369 288 1291 1107 883 238 525 742 372 901 499 405 1103 897 933 1217 383 78 611 609 917 336 606 858 744 258 1202 522 1093 1153 1130 211 319 1142 1204 524 || mode=VB method=fcm solver=pyvrp stage=post_ls ls=pyvrp iter=9
2026-03-15 22:15:39 | INFO     | [POOL #00166] 688 888 542 40 1221 12 759 262 1300 13 963 993 132 593 430 1090 1113 1309 986 217 954 311 886 456 667 22 164 101 633 529 1248 1047 443 738 1143 675 659 879 644 73 893 286 65 1057 340 113 746 1321 674 449 294 852 301 804 5 382 168 1110 664 1229 1189 222 || mode=VB method=fcm solver=pyvrp stage=post_ls ls=pyvrp iter=9
2026-03-15 22:15:39 | INFO     | [POOL #00167] 589 1156 1042 681 119 1148 869 207 989 89 1288 723 67 112 345 370 752 753 861 347 800 902 84 70 708 908 791 582 856 139 144 657 1071 741 613 140 948 773 104 474 1258 1283 1263 847 204 475 1072 1032 500 1164 193 997 226 796 669 1043 1205 123 967 1089 519 561 521 693 1122 638 330 923 468 676 940 884 775 156 || mode=VB method=fcm solver=pyvrp stage=post_ls ls=pyvrp iter=9
2026-03-15 22:15:39 | INFO     | [POOL #00168] 1149 1183 942 1208 1041 1033 1230 1052 520 234 1315 47 894 16 1252 418 1080 925 501 833 437 315 1049 1227 1013 1137 662 614 1325 195 1119 304 1166 451 1182 1139 527 415 439 1144 650 977 1004 516 473 1266 764 138 157 1017 172 1070 938 937 1243 776 494 631 1299 || mode=VB method=fcm solver=pyvrp stage=post_ls ls=pyvrp iter=9
2026-03-15 22:15:39 | INFO     | [POOL #00169] 156 223 184 884 1058 964 448 860 676 468 1167 842 1050 521 561 519 1089 1205 123 967 242 247 302 515 961 178 95 367 945 934 873 1219 471 578 792 1129 726 1094 811 548 1044 846 1064 1270 434 31 580 1007 241 524 || mode=RB method=sk_ac_avg solver=filo1 stage=post_ls ls=pyvrp iter=10
2026-03-15 22:15:39 | INFO     | [POOL #00170] 688 775 222 1189 1229 664 5 804 301 852 294 113 746 449 1321 674 638 330 923 693 1122 659 675 1143 738 796 669 1043 1302 1280 237 1032 500 1072 475 1114 1175 86 999 1092 868 45 506 401 849 402 177 308 392 1016 1145 18 1216 1322 637 138 157 1017 172 1070 938 134 937 1243 776 494 111 594 429 631 1299 974 1091 || mode=RB method=sk_ac_avg solver=filo1 stage=post_ls ls=pyvrp iter=10
2026-03-15 22:15:39 | INFO     | [POOL #00171] 1256 415 527 782 545 451 195 1233 1310 779 1085 1065 1317 384 1104 536 998 453 935 355 390 663 444 1191 762 66 871 1320 926 680 334 821 362 24 991 388 730 15 834 450 498 152 625 686 1095 728 916 417 720 615 853 980 1307 845 743 487 971 497 1312 632 78 611 609 606 559 744 522 943 757 1266 || mode=RB method=sk_ac_avg solver=filo1 stage=post_ls ls=pyvrp iter=10
2026-03-15 22:15:39 | INFO     | [POOL #00172] 516 1162 1093 812 1166 304 858 1118 715 1323 4 454 979 19 1193 797 244 900 480 740 354 469 717 530 646 58 477 232 859 543 353 61 1151 435 939 11 574 569 815 837 270 793 550 1161 563 577 279 369 1124 787 867 199 1289 206 533 1163 897 933 27 62 1168 807 314 496 1217 383 917 336 258 136 1202 1260 972 764 473 || mode=RB method=sk_ac_avg solver=filo1 stage=post_ls ls=pyvrp iter=10
2026-03-15 22:15:39 | INFO     | [POOL #00173] 896 1296 590 260 1172 397 605 1253 32 160 1117 628 557 1103 405 499 901 372 742 525 238 883 1107 288 1291 447 566 1184 1319 126 784 271 1305 412 180 1303 385 83 1276 1235 694 230 71 267 1147 795 25 677 585 655 263 459 904 1304 252 970 930 2 1293 35 313 1177 732 1265 1174 915 814 103 221 257 1116 898 266 || mode=RB method=sk_ac_avg solver=filo1 stage=post_ls ls=pyvrp iter=10
2026-03-15 22:15:39 | INFO     | [POOL #00174] 828 619 644 1047 1071 741 474 1258 151 393 1292 1277 526 1262 297 92 803 277 51 880 1271 121 1023 236 1046 462 209 832 368 386 1267 1324 517 855 1239 1082 973 426 872 169 568 153 537 464 163 346 1200 874 1028 100 381 420 722 756 785 466 835 1283 1263 847 204 1164 193 997 226 443 879 940 433 43 || mode=RB method=sk_ac_avg solver=filo1 stage=post_ls ls=pyvrp iter=10
2026-03-15 22:15:39 | INFO     | [POOL #00175] 411 1034 703 1201 1099 599 1086 905 1232 1026 446 3 907 895 581 482 1188 1318 1000 490 1136 400 261 710 1002 17 338 68 538 984 1197 166 1281 93 107 745 603 634 488 616 813 549 630 731 1314 391 976 1206 808 958 987 820 110 1257 127 690 275 158 673 701 604 410 1287 727 1045 85 344 234 520 1052 1230 1208 || mode=RB method=sk_ac_avg solver=filo1 stage=post_ls ls=pyvrp iter=10
2026-03-15 22:15:39 | INFO     | [POOL #00176] 1031 492 697 321 182 245 122 1298 1027 546 299 349 1039 33 862 53 844 1003 274 228 186 173 154 56 995 534 592 227 567 329 709 493 749 264 932 305 98 1207 97 771 189 1074 458 544 175 250 268 781 1077 1150 1076 654 668 949 595 300 1199 404 251 280 1308 735 74 882 1105 489 1250 117 635 91 642 470 || mode=RB method=sk_ac_avg solver=filo1 stage=post_ls ls=pyvrp iter=10
2026-03-15 22:15:39 | INFO     | [POOL #00177] 829 750 1255 641 573 343 427 431 831 1066 273 1223 985 950 1051 378 547 364 607 463 142 583 809 486 289 699 761 946 560 1079 910 328 394 1290 1297 1190 167 1275 878 231 509 295 41 914 452 115 432 713 539 1273 359 1125 371 758 1037 108 1101 565 1152 137 1240 312 129 290 810 955 1135 220 596 159 240 1244 507 || mode=RB method=sk_ac_avg solver=filo1 stage=post_ls ls=pyvrp iter=10
2026-03-15 22:15:39 | INFO     | [POOL #00178] 39 1078 912 1224 1100 941 292 224 1112 906 1022 570 422 695 876 1251 183 170 682 331 485 389 1179 766 802 69 892 1294 1195 1159 229 1 1228 425 1062 770 14 373 1264 495 1226 1140 1254 840 348 586 310 947 564 339 161 1021 733 44 306 191 1121 1218 293 957 929 1316 921 1038 418 1252 16 1315 233 1033 1041 942 1183 || mode=RB method=sk_ac_avg solver=filo1 stage=post_ls ls=pyvrp iter=10
2026-03-15 22:15:39 | INFO     | [POOL #00179] 116 665 409 1054 1278 725 1123 532 350 1286 618 981 824 712 34 188 920 363 465 1128 891 99 875 1073 374 326 1313 396 87 440 968 408 721 816 1198 1067 640 661 30 376 124 361 736 60 643 212 1165 287 653 491 377 826 200 249 620 553 601 201 523 208 438 702 120 219 969 1225 626 624 1236 1053 29 26 1261 1220 925 1080 1144 || mode=RB method=sk_ac_avg solver=filo1 stage=post_ls ls=pyvrp iter=10
2026-03-15 22:15:39 | INFO     | [POOL #00180] 156 1007 580 43 433 266 898 448 860 1116 521 561 675 1143 738 669 796 226 997 193 1164 204 847 1263 1283 835 466 756 722 785 35 313 160 807 314 1168 62 27 1217 496 32 1253 1174 732 1265 915 814 605 397 260 1172 177 402 849 401 308 392 1016 1145 943 757 1216 1322 637 138 157 764 1266 473 516 494 111 594 429 || mode=VB method=sk_ac_avg solver=filo1 stage=post_ls ls=pyvrp iter=11
2026-03-15 22:15:39 | INFO     | [POOL #00181] 589 1156 1042 888 841 542 40 1110 168 382 5 804 301 828 619 113 294 449 1321 674 638 330 923 693 1122 659 443 879 644 46 73 340 1057 65 893 286 963 993 132 723 593 430 311 954 217 986 908 708 70 84 1113 1309 1090 345 753 861 37 819 7 1178 1108 278 836 552 575 1010 327 395 823 760 535 1272 854 214 || mode=VB method=sk_ac_avg solver=filo1 stage=post_ls ls=pyvrp iter=11
2026-03-15 22:15:39 | INFO     | [POOL #00182] 1221 759 262 1300 866 1248 529 1019 657 613 140 104 235 1241 150 1277 526 1262 297 92 803 277 51 880 1271 121 1023 236 1046 462 209 832 368 386 1267 1324 517 855 1239 1082 973 426 872 169 568 153 537 464 163 346 1200 874 1028 100 381 420 1292 393 151 1258 474 741 1071 953 579 1047 746 852 664 1229 1189 222 || mode=VB method=sk_ac_avg solver=filo1 stage=post_ls ls=pyvrp iter=11
2026-03-15 22:15:39 | INFO     | [POOL #00183] 1230 941 224 1201 1099 599 1037 758 371 1125 1273 914 452 115 581 482 1188 1318 1000 490 1136 400 261 710 1002 17 338 68 538 984 1197 166 1281 93 107 745 603 634 488 549 616 813 396 87 1313 326 374 630 731 1314 1073 391 875 99 891 1128 465 495 1264 770 802 766 1179 389 1278 1054 876 695 570 1045 85 703 292 1100 1224 || mode=VB method=sk_ac_avg solver=filo1 stage=post_ls ls=pyvrp iter=11
2026-03-15 22:15:39 | INFO     | [POOL #00184] 470 780 1242 457 148 52 719 944 1169 1146 838 1247 698 805 419 413 360 863 141 94 988 181 445 399 822 403 711 528 857 352 1120 798 1083 658 584 323 9 799 503 684 1061 531 885 1126 687 1055 1087 225 1181 185 1063 718 1134 504 1025 441 1106 772 || mode=VB method=sk_ac_avg solver=filo1 stage=post_ls ls=pyvrp iter=11
2026-03-15 22:15:39 | INFO     | [POOL #00185] 90 978 146 114 59 909 801 1005 1157 956 1279 1214 49 587 1132 436 924 518 789 88 959 1274 739 143 724 648 239 1327 322 202 621 1127 769 64 763 696 351 716 597 1259 1030 1234 479 1084 1008 342 106 333 672 704 666 774 259 1209 562 1306 1176 887 1155 902 800 347 752 370 112 67 747 1081 670 358 || mode=VB method=sk_ac_avg solver=filo1 stage=post_ls ls=pyvrp iter=11
2026-03-15 22:15:39 | INFO     | [POOL #00186] 1162 172 1093 1166 304 744 559 606 609 611 497 971 487 743 845 1307 980 853 615 720 417 916 728 979 19 1193 498 450 834 15 730 388 991 24 362 821 334 680 926 1320 871 66 762 152 625 686 1095 444 1191 663 390 355 935 453 998 536 454 4 1323 715 1118 858 1119 737 812 1060 1153 1070 938 134 776 || mode=VB method=sk_ac_avg solver=filo1 stage=post_ls ls=pyvrp iter=11
2026-03-15 22:15:39 | INFO     | [POOL #00187] 681 989 12 13 22 164 633 144 512 357 948 773 455 476 952 165 1024 558 992 1173 276 928 768 1211 1096 554 324 514 1249 303 788 1237 171 622 416 1048 691 850 1213 460 265 889 919 1196 502 406 194 105 1015 903 541 1097 1282 591 931 1210 818 791 582 856 139 101 886 456 667 1288 89 207 869 1148 119 || mode=VB method=sk_ac_avg solver=filo1 stage=post_ls ls=pyvrp iter=11
2026-03-15 22:15:39 | INFO     | [POOL #00188] 1004 505 1325 1137 1013 467 1056 765 1020 320 1068 102 36 147 975 190 851 179 608 1098 254 63 21 1187 1001 960 540 149 870 629 317 508 651 130 246 705 755 55 990 612 1012 922 689 472 216 1326 1185 379 42 248 649 38 692 777 483 683 356 794 671 307 1088 133 198 1192 484 843 1049 437 833 298 1238 135 1142 1204 || mode=VB method=sk_ac_avg solver=filo1 stage=post_ls ls=pyvrp iter=11
2026-03-15 22:15:39 | INFO     | [POOL #00189] 18 972 1260 136 383 632 933 897 1103 405 499 901 372 742 525 369 238 883 1107 288 1291 447 566 1184 1319 126 784 271 1305 412 180 1303 385 83 11 574 569 477 58 646 815 837 270 530 793 550 717 469 354 740 480 563 1161 577 279 900 1124 244 797 787 867 199 1289 206 533 1163 1312 78 917 336 258 1202 522 1017 || mode=VB method=sk_ac_avg solver=filo1 stage=post_ls ls=pyvrp iter=11
2026-03-15 22:15:39 | INFO     | [POOL #00190] 688 775 223 184 884 1058 964 940 676 468 1167 842 1050 967 123 519 1089 1205 1043 1280 237 1032 500 1072 475 1114 1175 86 999 1092 868 45 506 590 1296 221 961 515 302 247 242 257 896 178 95 367 945 934 873 1219 471 578 792 1129 726 1094 811 548 1044 846 1064 1270 434 31 241 || mode=VB method=sk_ac_avg solver=filo1 stage=post_ls ls=pyvrp iter=11
2026-03-15 22:15:39 | INFO     | [POOL #00191] 1031 492 321 182 245 122 1298 1027 546 349 1039 74 735 1308 280 251 1003 274 228 186 404 56 173 154 995 534 592 227 567 329 709 781 544 175 250 268 1150 1077 1076 654 668 949 595 1199 300 6 282 125 1102 255 218 685 1154 513 555 839 1212 1138 1069 380 256 882 1105 489 1250 117 635 91 642 || mode=VB method=sk_ac_avg solver=filo1 stage=post_ls ls=pyvrp iter=11
2026-03-15 22:15:39 | INFO     | [POOL #00192] 617 215 1160 610 911 1109 778 706 187 600 551 1141 407 1040 825 806 734 881 1170 210 623 1301 284 1231 627 679 647 176 1018 76 20 205 962 602 10 213 864 1215 1115 281 572 335 79 1203 || mode=VB method=sk_ac_avg solver=filo1 stage=post_ls ls=pyvrp iter=11
2026-03-15 22:15:39 | INFO     | [POOL #00193] 1299 319 211 1130 439 1139 1182 614 662 1227 1029 155 80 877 57 131 576 118 1158 1075 1285 1014 1133 767 1268 899 203 197 994 1194 421 366 652 75 337 951 192 890 1245 983 927 982 28 678 174 481 414 966 162 1111 636 96 1104 384 1317 1065 1085 779 1310 1233 195 451 545 782 527 415 1256 937 1243 631 524 || mode=VB method=sk_ac_avg solver=filo1 stage=post_ls ls=pyvrp iter=11
2026-03-15 22:15:39 | INFO     | [POOL #00194] 109 315 827 748 588 1186 387 790 729 196 848 423 598 783 645 707 48 309 714 332 272 1246 50 81 77 751 1180 660 1222 1059 353 61 543 478 253 145 1011 428 316 23 1009 232 859 1151 435 939 1235 1276 694 230 71 267 1147 795 25 677 585 655 263 459 904 252 1304 2 1293 930 970 557 628 1117 1177 103 1302 || mode=VB method=sk_ac_avg solver=filo1 stage=post_ls ls=pyvrp iter=11
2026-03-15 22:15:39 | INFO     | [POOL #00195] 697 641 573 343 427 431 831 299 33 862 53 844 1051 378 547 364 607 463 142 486 289 699 761 493 946 749 560 932 264 458 1074 189 771 305 97 98 1207 1079 910 328 394 1290 1297 1190 167 1275 878 231 509 295 41 359 809 583 108 1101 565 1152 950 985 1223 273 1066 810 1135 220 1255 596 750 159 240 829 39 || mode=VB method=sk_ac_avg solver=filo1 stage=post_ls ls=pyvrp iter=11
2026-03-15 22:15:39 | INFO     | [POOL #00196] 1144 47 894 1080 925 1220 1261 26 29 1295 442 1006 1269 639 965 72 786 830 936 296 913 375 1036 243 120 219 969 1225 626 161 229 1 1228 425 1062 69 892 1294 1195 1159 44 733 1021 624 306 191 1121 1218 424 556 1131 1171 285 918 1236 1053 293 957 929 1316 921 409 1038 418 1252 16 1315 233 650 977 116 1284 1149 || mode=VB method=sk_ac_avg solver=filo1 stage=post_ls ls=pyvrp iter=11
2026-03-15 22:15:39 | INFO     | [POOL #00197] 1091 974 1183 942 1208 1041 1033 1052 520 234 344 1112 906 1022 422 727 410 1287 446 604 701 673 725 1123 532 350 1286 618 981 824 14 373 712 34 188 920 363 976 1206 808 958 987 820 110 1257 127 690 275 158 895 907 3 432 713 539 1026 1232 905 1086 137 1240 312 129 290 955 1034 411 912 1078 1244 507 || mode=VB method=sk_ac_avg solver=filo1 stage=post_ls ls=pyvrp iter=11
2026-03-15 22:15:39 | INFO     | [POOL #00198] 665 1251 183 170 331 485 682 339 564 947 1226 310 586 1140 840 1254 440 968 408 721 816 1198 1067 640 661 30 376 124 361 1311 341 865 318 365 510 1035 817 754 283 8 571 60 736 643 212 1165 287 653 491 377 826 200 249 620 553 601 348 201 523 208 438 702 996 269 656 461 398 325 82 54 511 128 700 291 501 || mode=VB method=sk_ac_avg solver=filo1 stage=post_ls ls=pyvrp iter=11
2026-03-15 22:15:39 | INFO     | [POOL #00199] 241 764 637 1322 1216 757 943 522 744 559 606 609 611 78 497 971 487 743 1163 845 1307 980 853 615 720 417 916 728 979 19 1193 797 244 900 577 279 369 1124 787 867 533 206 1289 199 499 405 970 557 628 1117 160 807 314 1168 62 27 1217 496 32 1253 1174 1265 732 1114 1175 475 1072 193 226 879 746 449 664 1229 1189 || mode=VB method=sk_ac_min solver=filo2 stage=post_ls ls=pyvrp iter=12
2026-03-15 22:15:39 | INFO     | [POOL #00200] 829 750 1255 641 245 122 1298 1027 546 299 349 1039 33 862 53 844 1003 274 228 186 173 154 56 995 534 592 227 329 709 567 761 493 946 749 264 932 560 1079 910 394 328 231 509 295 699 289 486 809 583 142 463 607 364 547 378 1051 950 985 1223 273 1066 831 431 427 343 573 220 596 159 240 39 || mode=VB method=sk_ac_min solver=filo2 stage=post_ls ls=pyvrp iter=12
2026-03-15 22:15:39 | INFO     | [POOL #00201] 776 134 938 1070 1153 1060 812 1166 304 858 1118 715 1323 4 454 536 998 453 935 355 390 663 1191 444 1095 686 625 152 498 450 834 15 730 388 991 24 362 821 334 680 926 1320 871 1187 254 63 21 66 762 851 179 975 190 147 636 96 1104 384 1317 1065 1085 779 1310 1233 451 415 1256 937 1243 || mode=VB method=sk_ac_min solver=filo2 stage=post_ls ls=pyvrp iter=12
2026-03-15 22:15:39 | INFO     | [POOL #00202] 1081 747 67 112 902 1155 1282 541 1097 342 106 1008 1084 333 672 704 666 322 202 621 479 1234 1127 769 64 763 696 351 1030 716 597 1259 460 265 1213 850 691 1048 416 622 788 1237 171 889 919 1196 502 406 194 105 1015 903 276 928 1173 992 558 591 931 1210 818 791 582 217 311 430 593 723 1288 89 || mode=VB method=sk_ac_min solver=filo2 stage=post_ls ls=pyvrp iter=12
2026-03-15 22:15:39 | INFO     | [POOL #00203] 527 782 545 195 1056 467 131 576 118 1158 1075 1285 1014 1133 767 1268 899 203 197 678 28 982 927 994 1194 983 1245 890 951 192 870 317 629 1012 922 216 472 689 612 477 569 58 646 990 55 755 705 246 130 508 651 149 540 960 1001 1098 608 174 481 414 966 162 1111 36 102 1068 320 1020 765 1119 737 1093 1162 || mode=VB method=sk_ac_min solver=filo2 stage=post_ls ls=pyvrp iter=12
2026-03-15 22:15:39 | INFO     | [POOL #00204] 501 442 1006 624 1021 161 339 564 947 1226 310 586 1140 840 1254 326 1313 396 87 440 968 408 721 816 1198 1067 640 661 30 376 124 361 1311 341 865 318 365 510 1035 817 754 283 8 571 60 736 643 212 1165 287 653 491 377 826 200 249 620 553 601 348 201 523 208 438 702 996 790 387 269 656 461 398 588 748 291 109 || mode=VB method=sk_ac_min solver=filo2 stage=post_ls ls=pyvrp iter=12
2026-03-15 22:15:39 | INFO     | [POOL #00205] 1204 1142 1144 47 894 1080 925 1220 1261 929 957 293 1251 682 1179 766 802 770 1264 495 465 1128 891 99 875 391 1073 374 1314 731 630 549 813 616 488 634 603 745 107 93 1281 166 1197 984 538 68 338 17 1002 808 1206 976 363 920 188 820 987 490 1000 1318 1188 482 581 895 701 604 410 1287 727 1045 85 703 292 941 1100 1224 || mode=VB method=sk_ac_min solver=filo2 stage=post_ls ls=pyvrp iter=12
2026-03-15 22:15:39 | INFO     | [POOL #00206] 814 915 1177 313 35 1293 930 2 1304 252 904 459 263 655 585 677 25 795 447 566 1184 1319 126 784 271 1305 412 180 71 230 694 1235 1276 1303 385 83 11 574 815 837 270 530 793 550 717 469 354 740 480 563 1161 1291 288 1107 883 238 525 742 372 901 1103 897 933 1312 632 383 917 336 258 136 1202 18 || mode=VB method=sk_ac_min solver=filo2 stage=post_ls ls=pyvrp iter=12
2026-03-15 22:15:39 | INFO     | [POOL #00207] 214 358 670 854 1272 535 760 59 823 395 327 1010 575 552 836 278 1108 1178 370 345 1090 1309 1113 84 70 708 908 986 954 856 139 144 512 357 948 773 455 476 952 165 1024 150 1241 235 104 140 613 657 1019 529 633 101 164 886 456 22 667 132 993 963 13 12 1221 989 207 869 1148 119 681 1042 1156 589 || mode=VB method=sk_ac_min solver=filo2 stage=post_ls ls=pyvrp iter=12
2026-03-15 22:15:39 | INFO     | [POOL #00208] 888 841 542 40 1110 168 382 759 262 1300 828 301 804 852 294 113 619 340 1057 65 286 893 73 46 866 1248 579 953 1047 443 659 675 519 1089 1205 123 967 257 896 178 95 367 945 934 873 1219 471 578 792 1129 726 1094 811 1017 172 157 138 548 1044 846 1064 1270 1266 473 516 494 111 594 429 631 1299 524 || mode=VB method=sk_ac_min solver=filo2 stage=post_ls ls=pyvrp iter=12
2026-03-15 22:15:39 | INFO     | [POOL #00209] 688 775 222 223 184 884 43 433 1058 964 940 676 468 674 1321 638 330 923 1122 693 521 561 1143 738 796 669 1043 1302 1280 237 500 1032 86 999 1092 868 45 506 103 260 1172 605 397 1260 972 177 402 849 401 308 392 1016 1145 590 1296 221 961 515 302 247 242 1050 842 1167 1116 860 448 898 266 434 31 580 1007 156 || mode=VB method=sk_ac_min solver=filo2 stage=post_ls ls=pyvrp iter=12
2026-03-15 22:15:39 | INFO     | [POOL #00210] 5 644 1071 741 474 1258 151 393 1292 1277 526 1262 297 1096 768 1211 554 324 514 92 803 277 51 1249 303 880 1271 121 1023 236 1046 462 209 832 368 386 1267 1324 517 855 1239 1082 973 169 426 872 267 1147 537 568 153 464 163 346 1200 874 1028 100 381 420 722 756 785 466 835 1283 1263 847 204 1164 997 || mode=VB method=sk_ac_min solver=filo2 stage=post_ls ls=pyvrp iter=12
2026-03-15 22:15:39 | INFO     | [POOL #00211] 335 572 1215 864 213 10 602 962 205 806 825 1040 407 623 210 734 881 1170 20 76 1018 1301 284 1231 627 679 1279 1214 49 587 1132 436 518 789 88 959 1274 739 143 724 648 239 1327 774 259 1209 562 1306 887 1176 924 800 347 752 753 861 37 819 7 956 1157 1005 647 801 176 909 114 1115 281 146 978 90 || mode=VB method=sk_ac_min solver=filo2 stage=post_ls ls=pyvrp iter=12
2026-03-15 22:15:39 | INFO     | [POOL #00212] 614 1013 1029 155 80 877 57 133 1088 307 671 421 366 652 337 75 649 248 42 379 1185 1326 23 1011 145 478 253 428 316 1009 232 859 1151 435 939 61 543 353 1059 1222 660 1180 751 77 81 1246 50 272 332 714 309 48 707 645 783 598 423 848 196 729 38 692 777 483 683 356 794 1186 198 1192 484 843 662 || mode=VB method=sk_ac_min solver=filo2 stage=post_ls ls=pyvrp iter=12
2026-03-15 22:15:39 | INFO     | [POOL #00213] 507 1244 1078 912 411 1034 1135 955 810 290 129 312 1240 137 1152 565 1101 108 1037 758 371 1125 359 1273 41 914 452 115 878 1275 167 1190 1297 1290 400 1136 958 710 261 1207 98 97 305 771 189 1074 458 544 175 250 268 781 1077 1150 1076 654 668 949 595 300 1199 404 251 280 1308 735 74 882 1105 489 1250 117 182 321 697 || mode=VB method=sk_ac_min solver=filo2 stage=post_ls ls=pyvrp iter=12
2026-03-15 22:15:39 | INFO     | [POOL #00214] 1134 718 1242 457 1063 185 1181 225 1087 1055 687 1126 885 531 1061 684 503 799 9 323 584 658 1083 798 1120 352 857 528 711 403 822 399 445 181 988 282 6 125 1102 255 218 685 1154 513 555 839 1212 1138 1069 141 94 863 360 413 419 380 256 805 698 1247 838 1146 1169 944 719 52 148 635 492 1031 974 1091 || mode=VB method=sk_ac_min solver=filo2 stage=post_ls ls=pyvrp iter=12
2026-03-15 22:15:39 | INFO     | [POOL #00215] 1149 1284 116 977 650 233 665 1315 16 1252 418 1038 409 921 1316 906 1022 570 422 695 876 1054 1278 183 170 331 485 389 725 1123 532 350 1286 618 981 824 14 373 712 34 110 1257 127 690 275 158 673 907 3 432 713 539 446 1026 1232 905 1086 599 1099 1201 1112 224 344 234 520 1052 1230 1033 1041 1208 942 1183 || mode=VB method=sk_ac_min solver=filo2 stage=post_ls ls=pyvrp iter=12
2026-03-15 22:15:39 | INFO     | [POOL #00216] 1004 135 1238 298 833 437 315 700 128 26 29 1053 1236 1295 918 285 1171 1131 556 424 1218 1121 191 306 44 733 1159 1195 1294 892 69 1062 425 1228 1 229 626 1225 969 219 120 243 1036 375 913 296 936 830 786 72 965 639 1269 325 82 54 511 827 1049 1227 1137 1325 1182 1139 505 439 1130 211 319 || mode=VB method=sk_ac_min solver=filo2 stage=post_ls ls=pyvrp iter=12
2026-03-15 22:15:39 | INFO     | [POOL #00217] 617 215 1203 79 911 1109 778 187 600 1141 551 706 610 1160 772 1106 441 1025 504 780 91 642 470 || mode=VB method=sk_ac_min solver=filo2 stage=post_ls ls=pyvrp iter=12
2026-03-15 22:15:39 | INFO     | [POOL #00218] 1256 1153 1060 451 195 1233 1119 858 1118 715 1323 4 454 536 355 390 663 1191 444 1095 686 625 152 762 66 871 1320 926 680 334 821 362 24 991 388 730 15 834 498 450 244 797 867 1289 199 901 499 405 1103 897 933 27 62 1168 807 314 496 1217 383 917 336 258 1202 1260 972 18 1044 846 1064 434 31 || mode=VB method=sk_ac_min solver=filo2 stage=post_ls ls=pyvrp iter=13
2026-03-15 22:15:39 | INFO     | [POOL #00219] 1270 1172 605 397 136 632 1312 1163 206 533 787 1124 900 279 577 1161 563 480 740 354 469 717 550 793 530 646 58 477 569 815 574 11 83 385 1303 180 412 1305 271 784 1319 126 837 270 1184 566 447 1291 288 1107 883 238 369 525 742 372 904 1304 252 970 557 628 1117 160 32 1253 1174 732 1265 915 814 260 1116 || mode=VB method=sk_ac_min solver=filo2 stage=post_ls ls=pyvrp iter=13
2026-03-15 22:15:39 | INFO     | [POOL #00220] 1204 1142 1144 47 894 1080 925 1220 26 1295 442 1006 1269 639 965 72 786 830 936 296 913 375 1036 243 1225 626 969 219 120 208 523 201 438 702 996 790 387 683 483 421 366 652 75 337 951 192 890 1245 983 1194 994 927 982 28 678 197 203 899 1268 767 118 576 57 877 484 843 1049 437 833 298 1238 135 1004 || mode=VB method=sk_ac_min solver=filo2 stage=post_ls ls=pyvrp iter=13
2026-03-15 22:15:39 | INFO     | [POOL #00221] 516 473 1266 1162 764 637 1322 1216 757 943 1093 812 737 1166 304 522 744 559 606 609 611 78 497 971 487 743 845 1307 980 853 615 720 417 19 1193 979 916 728 935 453 998 190 975 174 481 414 966 162 1111 36 102 1133 1014 1285 1075 1158 131 80 155 1029 1013 1227 662 1137 1325 614 1182 1139 505 439 1130 211 319 || mode=VB method=sk_ac_min solver=filo2 stage=post_ls ls=pyvrp iter=13
2026-03-15 22:15:39 | INFO     | [POOL #00222] 109 291 315 827 748 1192 588 198 133 1088 307 671 1186 794 356 777 692 38 649 248 42 379 1185 1326 216 472 689 922 1012 612 990 55 755 705 246 130 651 508 317 629 870 149 540 960 1001 1187 21 63 254 1098 608 179 851 147 636 96 1104 1068 384 1317 1065 320 1020 1085 779 1310 765 1056 467 545 782 527 415 || mode=VB method=sk_ac_min solver=filo2 stage=post_ls ls=pyvrp iter=13
2026-03-15 22:15:39 | INFO     | [POOL #00223] 942 1230 941 224 85 1045 727 410 1287 446 604 701 673 158 275 690 127 1257 110 820 188 920 363 976 875 391 1314 731 630 549 813 616 488 634 603 745 107 93 1281 166 1197 984 538 68 338 17 1002 1206 808 958 987 490 1000 1318 1188 482 581 895 907 713 539 1026 1232 905 1086 599 1099 1201 703 292 1100 1224 || mode=VB method=sk_ac_min solver=filo2 stage=post_ls ls=pyvrp iter=13
2026-03-15 22:15:39 | INFO     | [POOL #00224] 214 358 670 854 1272 535 760 823 395 327 1010 575 552 836 278 1108 1178 112 67 723 132 593 430 311 954 217 986 908 708 70 84 1113 1309 1090 345 753 861 37 819 7 956 1157 1005 647 679 627 1231 284 1301 1018 76 20 1170 881 734 210 623 407 1040 825 806 205 962 602 10 213 864 1215 1115 281 572 335 || mode=VB method=sk_ac_min solver=filo2 stage=post_ls ls=pyvrp iter=13
2026-03-15 22:15:39 | INFO     | [POOL #00225] 234 1054 1278 1179 766 802 14 1264 495 465 1128 891 99 1073 374 326 1313 396 87 440 968 408 721 816 1198 1067 640 661 30 376 124 361 1311 341 865 318 365 510 1035 817 754 283 8 571 60 736 643 212 1165 287 653 491 377 826 200 249 620 553 601 348 840 1254 1140 586 310 1226 947 564 339 161 1021 624 29 1261 418 1315 || mode=VB method=sk_ac_min solver=filo2 stage=post_ls ls=pyvrp iter=13
2026-03-15 22:15:39 | INFO     | [POOL #00226] 1302 1280 1283 1177 313 35 1293 930 2 459 263 655 585 677 25 795 1147 267 71 230 694 1276 1235 939 435 1151 859 232 1009 23 316 428 1011 145 253 478 543 61 353 1059 1222 660 1180 751 77 81 1246 50 272 332 714 309 48 707 645 783 598 423 848 196 729 269 656 461 398 325 82 54 511 128 700 501 || mode=VB method=sk_ac_min solver=filo2 stage=post_ls ls=pyvrp iter=13
2026-03-15 22:15:39 | INFO     | [POOL #00227] 90 978 146 114 59 909 176 801 1279 1214 49 587 1132 436 924 518 789 88 959 1274 739 143 724 648 239 1327 322 202 621 479 1234 1127 769 64 763 696 1030 351 716 597 1259 460 265 889 919 1196 502 406 1084 1008 342 106 333 672 704 666 774 259 1209 562 1306 1176 887 1155 902 800 347 752 370 747 1081 || mode=VB method=sk_ac_min solver=filo2 stage=post_ls ls=pyvrp iter=13
2026-03-15 22:15:39 | INFO     | [POOL #00228] 470 642 780 91 457 1063 185 1181 225 1087 1055 687 1126 885 531 1061 684 503 799 9 323 584 658 1083 798 1120 352 857 528 711 403 822 399 445 181 988 282 6 125 1102 255 218 685 1154 513 555 839 1212 1138 1069 141 94 863 360 413 419 380 256 805 698 1247 838 1146 1169 944 719 52 148 635 321 492 1031 || mode=VB method=sk_ac_min solver=filo2 stage=post_ls ls=pyvrp iter=13
2026-03-15 22:15:39 | INFO     | [POOL #00229] 589 681 989 1221 12 13 963 286 893 22 164 633 144 512 357 948 773 455 1241 476 952 165 1024 558 992 1173 276 928 768 1211 1096 554 324 514 1249 303 788 622 416 1048 691 850 1213 171 1237 194 105 1015 903 541 1097 1282 591 931 1210 818 791 582 856 139 101 886 456 667 993 1288 89 207 869 1148 119 || mode=VB method=sk_ac_min solver=filo2 stage=post_ls ls=pyvrp iter=13
2026-03-15 22:15:39 | INFO     | [POOL #00230] 1149 1284 116 977 650 233 665 16 1252 1038 409 921 1316 929 957 293 1053 1236 918 285 1171 1131 556 424 1218 1121 191 306 44 733 1159 229 1228 1 1195 1294 892 69 425 1062 770 373 712 34 824 981 618 1286 350 532 1123 725 389 485 331 682 170 183 1251 876 695 422 570 1022 906 1112 344 520 1052 1033 1041 1208 1183 || mode=VB method=sk_ac_min solver=filo2 stage=post_ls ls=pyvrp iter=13
2026-03-15 22:15:39 | INFO     | [POOL #00231] 688 1156 1042 888 841 542 40 1110 168 382 759 262 1300 1057 65 340 73 866 1248 579 953 1047 997 193 1164 204 847 1263 475 1072 1175 1114 86 1032 500 237 1092 999 103 868 45 506 401 849 402 177 308 392 1016 1145 590 1296 221 961 515 302 247 1050 842 1167 468 676 860 448 898 266 433 43 580 1007 241 || mode=VB method=sk_ac_min solver=filo2 stage=post_ls ls=pyvrp iter=13
2026-03-15 22:15:39 | INFO     | [POOL #00232] 222 1189 1229 664 879 443 226 1071 741 474 1258 393 151 835 466 785 756 722 420 381 100 1028 874 1200 346 163 464 537 153 568 169 872 426 973 1082 1239 855 517 1324 1267 386 368 832 209 462 1046 236 1023 121 1271 880 51 277 803 92 297 1262 526 1292 1277 150 235 104 140 613 657 1019 529 46 644 619 828 || mode=VB method=sk_ac_min solver=filo2 stage=post_ls ls=pyvrp iter=13
2026-03-15 22:15:39 | INFO     | [POOL #00233] 507 1244 1078 912 411 1034 1135 955 810 290 129 312 1240 137 1152 565 1101 108 1037 758 371 1125 359 1273 41 914 452 432 3 115 878 1275 167 1190 1297 1290 1136 400 710 261 1207 98 97 305 771 189 1074 458 544 175 250 268 781 1077 1150 1076 654 668 949 595 300 1199 404 251 280 1308 735 74 882 1105 489 1250 117 182 697 || mode=VB method=sk_ac_min solver=filo2 stage=post_ls ls=pyvrp iter=13
2026-03-15 22:15:39 | INFO     | [POOL #00234] 1106 441 1025 718 1242 1134 504 772 1203 79 706 551 1141 600 187 778 1109 911 610 1160 215 617 || mode=VB method=sk_ac_min solver=filo2 stage=post_ls ls=pyvrp iter=13
2026-03-15 22:15:39 | INFO     | [POOL #00235] 1091 974 524 1299 631 429 594 111 494 776 1243 937 134 938 1070 172 1017 157 138 548 811 1094 726 1129 792 578 471 1219 873 934 945 367 95 178 896 257 242 967 123 519 1089 1205 1043 669 796 738 659 1143 675 561 521 1122 693 923 330 638 674 1321 449 746 113 294 852 301 804 5 940 964 1058 884 184 223 775 156 || mode=VB method=sk_ac_min solver=filo2 stage=post_ls ls=pyvrp iter=13
2026-03-15 22:15:39 | INFO     | [POOL #00236] 1091 974 507 1078 411 1034 955 290 129 312 1240 1201 1099 599 137 1152 1051 950 985 1223 273 810 1135 220 1255 750 1063 185 1181 225 1087 1055 687 1126 885 1061 531 503 684 1083 658 799 9 323 584 352 857 528 1120 798 805 698 1247 838 1146 1169 944 719 52 148 457 1242 718 1134 504 1025 441 1106 772 || mode=VB method=fcm solver=filo1 stage=post_ls ls=pyvrp iter=14
2026-03-15 22:15:39 | INFO     | [POOL #00237] 1183 942 1230 941 344 1112 906 1022 570 422 695 876 727 905 1232 1026 446 1287 410 604 701 673 158 275 690 127 1257 110 820 987 958 808 1206 976 875 99 891 1128 465 363 920 188 495 1226 947 564 310 586 1140 1254 840 348 201 523 208 438 702 913 243 1036 375 936 639 1269 511 700 291 109 1238 135 1142 || mode=VB method=fcm solver=filo1 stage=post_ls ls=pyvrp iter=14
2026-03-15 22:15:39 | INFO     | [POOL #00238] 703 1101 565 108 583 809 486 289 699 295 509 231 878 1275 167 1318 1000 490 1136 400 710 261 17 1002 391 1073 1314 731 630 374 326 1313 87 440 1067 396 813 616 549 488 634 603 745 107 93 1281 166 1197 338 68 984 538 1207 98 97 305 771 189 1074 458 544 781 250 175 268 1150 1077 1076 668 654 56 154 173 186 228 || mode=VB method=fcm solver=filo1 stage=post_ls ls=pyvrp iter=14
2026-03-15 22:15:39 | INFO     | [POOL #00239] 1284 1041 665 929 957 293 1251 1054 1278 389 485 331 170 183 682 1294 1159 1195 892 69 802 766 1179 725 1123 532 350 1286 618 981 824 14 373 34 712 1264 770 1062 425 1228 1 229 161 339 120 219 969 1225 626 624 1021 733 44 306 191 1121 1218 424 556 1131 1171 285 1006 442 1295 918 1236 1053 29 26 1261 1220 47 116 || mode=VB method=fcm solver=filo1 stage=post_ls ls=pyvrp iter=14
2026-03-15 22:15:39 | INFO     | [POOL #00240] 1204 1004 1130 782 545 195 1233 559 606 609 611 78 497 971 487 743 1163 845 1307 980 853 615 720 417 916 728 979 19 1193 498 450 834 15 730 388 991 24 362 821 334 680 149 540 926 1320 871 66 762 152 625 686 1095 444 1191 663 390 355 935 453 998 536 454 4 1323 715 1118 858 451 1060 776 || mode=VB method=fcm solver=filo1 stage=post_ls ls=pyvrp iter=14
2026-03-15 22:15:39 | INFO     | [POOL #00241] 869 207 89 993 667 954 791 1210 931 591 1282 541 1097 562 739 143 724 648 239 1209 259 774 1327 322 202 621 479 1234 1127 769 64 763 696 351 1030 716 597 1259 460 850 1213 265 889 919 1196 502 406 194 105 1084 1008 106 333 672 666 704 342 1015 903 276 928 1173 992 558 818 582 164 963 13 12 || mode=VB method=fcm solver=filo1 stage=post_ls ls=pyvrp iter=14
2026-03-15 22:15:39 | INFO     | [POOL #00242] 589 1156 1042 681 119 1148 989 1221 382 5 804 301 852 294 113 746 644 46 1047 579 529 633 101 886 456 22 893 286 65 1057 340 1300 262 759 168 1110 1229 1189 433 764 157 138 637 1153 415 527 298 501 925 921 1316 409 1038 418 1080 1252 16 894 1315 233 234 520 1052 650 977 1033 1208 1149 || mode=VB method=fcm solver=filo1 stage=post_ls ls=pyvrp iter=14
2026-03-15 22:15:39 | INFO     | [POOL #00243] 39 1244 912 1224 1100 292 224 85 1045 1086 1037 758 371 1125 359 1273 41 914 452 539 713 432 3 115 907 895 581 1188 482 1290 1190 1297 394 328 910 1079 560 932 264 749 946 493 761 567 709 329 227 592 995 534 142 463 607 364 547 378 274 1003 844 53 1066 831 431 427 343 573 641 596 159 240 829 || mode=VB method=fcm solver=filo1 stage=post_ls ls=pyvrp iter=14
2026-03-15 22:15:39 | INFO     | [POOL #00244] 156 1007 580 31 434 1064 846 548 811 1094 1129 578 471 1219 896 257 242 247 302 515 961 221 178 95 367 934 945 1145 1016 177 1260 402 849 401 308 392 590 506 45 868 103 999 1092 1043 1205 123 967 519 1089 1143 675 561 521 1050 842 1167 1116 860 898 266 43 || mode=VB method=fcm solver=filo1 stage=post_ls ls=pyvrp iter=14
2026-03-15 22:15:39 | INFO     | [POOL #00245] 319 211 1325 1056 467 131 576 118 767 1268 899 203 197 1194 890 192 951 629 317 870 508 651 130 246 705 755 55 990 646 58 815 837 270 530 793 550 717 469 354 740 480 563 1161 577 279 900 1124 244 797 787 867 533 206 1289 199 901 499 405 1103 897 933 1312 632 1217 383 917 336 744 972 18 726 1044 1270 241 || mode=VB method=fcm solver=filo1 stage=post_ls ls=pyvrp iter=14
2026-03-15 22:15:39 | INFO     | [POOL #00246] 631 439 505 437 1049 843 484 1192 588 198 1186 794 421 366 652 75 337 1012 922 216 472 689 612 477 569 574 11 1235 694 939 435 1151 859 543 61 353 1059 1222 77 81 751 1180 660 478 253 145 1011 428 316 1009 232 23 1326 1185 379 42 248 649 38 692 777 483 683 356 671 307 1088 133 877 1013 1137 614 1139 || mode=VB method=fcm solver=filo1 stage=post_ls ls=pyvrp iter=14
2026-03-15 22:15:39 | INFO     | [POOL #00247] 792 873 1296 32 496 160 314 1168 27 62 807 1117 628 557 970 252 1304 904 372 742 369 238 525 459 263 655 585 677 795 25 883 1107 288 1291 447 566 1184 1319 126 784 271 1305 412 180 1303 385 83 1276 230 71 1147 267 872 426 169 973 568 153 537 464 163 1239 346 1200 2 930 1293 35 313 1302 222 || mode=VB method=fcm solver=filo1 stage=post_ls ls=pyvrp iter=14
2026-03-15 22:15:39 | INFO     | [POOL #00248] 1031 492 697 321 182 245 122 1298 1027 546 349 299 33 862 1039 74 735 1308 280 251 404 949 595 300 1199 1102 125 6 282 822 403 711 399 445 181 988 218 255 685 1154 513 555 839 1212 1138 1069 94 141 863 360 413 419 380 256 882 1105 489 1250 117 635 91 780 642 470 || mode=VB method=fcm solver=filo1 stage=post_ls ls=pyvrp iter=14
2026-03-15 22:15:39 | INFO     | [POOL #00249] 524 1299 1243 937 1256 1182 662 1227 1029 155 80 57 1158 1075 1285 1014 1133 102 966 414 162 481 174 678 28 982 927 994 983 1245 1001 960 1187 21 63 254 1098 608 179 851 190 975 147 1111 36 636 96 1104 1068 384 1317 1065 320 1020 1085 765 779 1310 1119 737 812 1093 1017 172 1162 1266 473 516 429 || mode=VB method=fcm solver=filo1 stage=post_ls ls=pyvrp iter=14
2026-03-15 22:15:39 | INFO     | [POOL #00250] 1081 747 1288 132 723 67 112 345 370 752 753 861 347 800 902 84 1113 1309 1090 593 430 311 986 70 708 908 217 856 139 144 512 357 657 1071 741 613 140 474 1258 235 104 1241 476 1024 165 952 1155 887 1176 1306 1274 959 88 789 518 924 436 1132 37 587 49 1214 7 819 1178 1108 278 552 575 1010 670 358 214 || mode=VB method=fcm solver=filo1 stage=post_ls ls=pyvrp iter=14
2026-03-15 22:15:39 | INFO     | [POOL #00251] 888 841 40 828 619 73 866 1248 953 1019 948 773 455 150 1277 1292 526 1262 297 1096 768 1211 554 324 514 92 803 277 51 1249 303 788 1237 171 622 691 416 1048 1023 236 1046 462 209 121 1271 880 368 832 386 1324 1267 1082 855 517 874 1028 100 381 420 722 756 835 1114 237 1280 669 443 879 449 940 664 542 || mode=VB method=fcm solver=filo1 stage=post_ls ls=pyvrp iter=14
2026-03-15 22:15:39 | INFO     | [POOL #00252] 1203 79 335 90 854 1272 535 760 823 395 327 836 1157 1005 647 679 956 1279 627 1231 284 1301 1018 76 176 801 909 59 114 978 146 1115 281 572 1215 864 213 10 602 20 962 205 806 734 881 1170 210 623 825 1040 407 1141 551 600 187 706 778 1109 911 610 1160 215 617 || mode=VB method=fcm solver=filo1 stage=post_ls ls=pyvrp iter=14
2026-03-15 22:15:39 | INFO     | [POOL #00253] 833 315 827 748 82 325 965 72 786 830 296 996 601 553 620 249 200 968 826 377 408 721 816 1198 640 661 30 376 124 361 212 643 736 60 571 1311 341 865 318 365 510 1035 8 283 754 817 50 1246 272 332 714 309 48 707 287 1165 653 491 645 783 598 423 848 196 729 790 387 269 656 461 398 54 128 1144 || mode=VB method=fcm solver=filo1 stage=post_ls ls=pyvrp iter=14
2026-03-15 22:15:39 | INFO     | [POOL #00254] 594 111 494 134 938 1070 1322 1216 757 943 1166 304 522 1202 258 136 397 605 1172 260 814 915 1265 732 1174 1253 1177 785 466 393 151 1283 1263 847 204 1072 475 1175 86 1032 500 1164 193 997 226 796 738 659 1122 693 923 330 638 1321 674 468 676 448 964 1058 884 184 223 775 688 || mode=VB method=fcm solver=filo1 stage=post_ls ls=pyvrp iter=14
2026-03-15 22:15:39 | INFO     | [POOL #00255] 642 91 635 117 1250 1105 882 256 380 1069 1138 1212 839 555 513 1154 685 218 255 1102 125 282 6 300 1199 595 949 668 1150 268 175 250 781 709 329 567 227 592 534 995 154 173 186 228 274 1003 844 53 862 33 1039 349 299 546 1027 1298 122 245 641 1255 596 750 159 240 829 39 974 1091 || mode=RB method=sk_ac_min solver=filo2 stage=post_ls ls=pyvrp iter=15
2026-03-15 22:15:39 | INFO     | [POOL #00256] 942 1230 520 344 224 1112 85 1045 727 410 1287 446 604 701 673 725 1123 532 350 1286 618 981 824 14 373 712 34 110 1257 820 188 920 363 976 1206 808 1002 17 261 710 400 1136 958 987 490 1000 127 690 275 158 895 907 3 115 914 452 432 713 539 1026 1232 905 1086 599 1099 1201 703 292 941 1100 1224 1183 || mode=RB method=sk_ac_min solver=filo2 stage=post_ls ls=pyvrp iter=15
2026-03-15 22:15:39 | INFO     | [POOL #00257] 507 1244 1078 912 411 1034 1135 955 810 290 129 312 1240 137 1152 565 1101 108 1037 758 371 1125 359 1273 41 295 509 231 878 1275 167 581 1318 1188 482 1290 1190 1297 394 328 910 1079 560 932 264 749 946 493 761 699 289 486 809 583 142 463 607 364 547 378 1051 950 985 1223 273 1066 831 431 427 343 573 220 697 492 || mode=RB method=sk_ac_min solver=filo2 stage=post_ls ls=pyvrp iter=15
2026-03-15 22:15:39 | INFO     | [POOL #00258] 1208 1041 1033 1052 234 906 1022 570 422 695 876 1054 1278 389 1179 766 802 770 1264 495 465 1128 891 99 875 391 1073 1314 731 630 374 326 1313 87 396 813 616 549 488 634 603 745 107 93 1281 166 1197 338 68 984 538 1207 98 97 305 771 189 1074 458 544 1077 1076 654 56 404 251 280 1308 735 74 489 182 321 1031 || mode=RB method=sk_ac_min solver=filo2 stage=post_ls ls=pyvrp iter=15
2026-03-15 22:15:39 | INFO     | [POOL #00259] 319 211 1130 439 505 1139 1182 614 662 1137 1227 1013 1029 155 80 877 57 131 576 118 1158 1075 1285 1014 1133 767 1268 899 966 414 162 481 174 203 197 678 28 982 927 994 1194 983 1245 890 192 951 337 75 652 366 421 683 387 790 356 794 671 307 1088 133 198 1192 484 843 1049 437 833 298 1238 135 1004 1142 1204 || mode=RB method=sk_ac_min solver=filo2 stage=post_ls ls=pyvrp iter=15
2026-03-15 22:15:39 | INFO     | [POOL #00260] 1162 172 1093 737 1119 858 1118 715 1323 4 454 536 998 453 935 355 1191 762 66 871 730 15 388 991 24 362 1320 821 334 680 926 540 149 651 508 130 246 705 755 55 990 646 58 477 612 689 472 216 922 1012 629 317 870 960 1001 1187 21 63 254 1098 608 179 975 1111 36 102 1068 320 1020 1056 467 1325 || mode=RB method=sk_ac_min solver=filo2 stage=post_ls ls=pyvrp iter=15
2026-03-15 22:15:39 | INFO     | [POOL #00261] 18 1260 136 383 632 1117 628 557 970 252 1304 904 372 742 525 369 238 883 1107 288 1291 447 566 1184 1319 126 784 271 1305 412 180 1303 385 83 11 574 569 815 837 270 530 793 550 717 469 354 740 480 563 1161 577 279 900 1124 787 867 533 206 1289 199 901 499 405 1103 897 933 1312 78 917 336 258 1202 972 1017 || mode=RB method=sk_ac_min solver=filo2 stage=post_ls ls=pyvrp iter=15
2026-03-15 22:15:39 | INFO     | [POOL #00262] 524 1299 631 1243 937 1256 415 527 782 545 451 195 1233 1310 779 765 1085 1065 1317 384 1104 96 636 147 190 851 390 663 444 1095 686 625 152 834 498 450 244 797 1193 19 979 728 916 417 720 615 853 980 1307 845 1163 743 487 971 497 611 609 606 559 744 522 304 1166 812 1060 1153 1070 938 134 776 || mode=RB method=sk_ac_min solver=filo2 stage=post_ls ls=pyvrp iter=15
2026-03-15 22:15:39 | INFO     | [POOL #00263] 109 315 827 748 588 1186 483 777 692 38 649 248 42 1326 1185 379 729 196 848 423 598 783 645 707 48 309 714 332 272 1246 50 81 77 751 1180 660 1222 1059 353 61 543 478 253 145 1011 428 316 23 1009 232 859 1151 435 939 1235 1276 694 230 71 267 1147 795 25 677 585 655 263 459 2 930 1293 1177 103 1302 || mode=RB method=sk_ac_min solver=filo2 stage=post_ls ls=pyvrp iter=15
2026-03-15 22:15:39 | INFO     | [POOL #00264] 492 697 829 240 159 750 596 1255 641 220 411 912 116 494 516 473 1266 764 138 157 172 1017 637 1322 1216 757 1060 415 782 545 451 737 1166 304 522 972 1260 177 402 308 392 1016 1145 1296 221 961 515 302 247 242 257 896 178 95 367 945 934 873 1219 471 578 1129 726 811 1094 1044 846 1064 1270 434 31 241 || mode=VB method=sk_kmeans solver=filo1 stage=post_ls ls=pyvrp iter=16
2026-03-15 22:15:39 | INFO     | [POOL #00265] 1091 974 1149 1284 1041 1033 1230 1052 520 941 810 955 1135 573 245 122 1298 343 427 431 1027 546 349 1039 735 74 882 256 380 419 413 360 863 94 141 1069 1138 1212 513 839 555 1308 280 844 53 862 33 299 831 1066 273 1223 312 703 224 344 16 894 47 1315 665 233 1144 650 977 1208 942 1078 1244 507 || mode=VB method=sk_kmeans solver=filo1 stage=post_ls ls=pyvrp iter=16
2026-03-15 22:15:39 | INFO     | [POOL #00266] 524 1204 1142 1004 319 135 1238 298 833 109 501 925 1080 418 1252 1038 409 1112 85 1201 1099 599 137 950 1051 1152 565 547 274 1003 251 228 186 173 154 56 404 949 595 1199 300 6 282 125 1102 255 218 685 1154 988 181 445 399 822 403 711 528 857 352 1120 798 805 698 1247 838 1146 1105 489 1250 117 182 321 1031 || mode=VB method=sk_kmeans solver=filo1 stage=post_ls ls=pyvrp iter=16
2026-03-15 22:15:39 | INFO     | [POOL #00267] 358 670 1081 747 1010 395 327 575 552 836 278 1108 1178 7 819 37 587 49 1214 1279 956 1157 1005 647 679 627 1231 284 1301 1018 76 176 801 909 59 823 760 535 1272 854 214 || mode=VB method=sk_kmeans solver=filo1 stage=post_ls ls=pyvrp iter=16
2026-03-15 22:15:39 | INFO     | [POOL #00268] 1007 580 43 433 448 860 676 468 1167 842 1050 521 561 519 1089 967 123 1205 1043 1280 506 45 868 1092 999 103 260 1172 397 605 814 915 1265 732 1174 1253 136 258 744 559 1119 1233 195 1325 1137 662 614 1182 1139 505 439 1130 211 1256 1070 938 134 1162 111 594 429 631 1299 || mode=VB method=sk_kmeans solver=filo1 stage=post_ls ls=pyvrp iter=16
2026-03-15 22:15:39 | INFO     | [POOL #00269] 681 989 89 1288 132 723 593 430 1090 1309 1113 84 902 1155 591 931 558 992 1173 928 276 903 1015 105 1084 1008 333 106 342 704 666 672 621 202 322 1327 239 259 774 1209 1097 541 1282 887 1176 1306 562 648 724 143 739 1274 959 88 789 518 924 436 1132 800 347 861 753 752 370 345 112 67 207 869 || mode=VB method=sk_kmeans solver=filo1 stage=post_ls ls=pyvrp iter=16
2026-03-15 22:15:39 | INFO     | [POOL #00270] 90 978 146 114 1115 281 572 1215 864 213 10 602 20 962 205 806 734 881 1170 210 623 825 1040 407 1141 551 600 187 706 778 335 1109 911 79 610 1160 1203 215 617 || mode=VB method=sk_kmeans solver=filo1 stage=post_ls ls=pyvrp iter=16
2026-03-15 22:15:39 | INFO     | [POOL #00271] 589 119 1148 1221 12 13 963 993 667 456 886 311 954 217 986 70 708 908 582 791 1210 818 952 165 1024 476 150 1277 1292 393 151 466 835 1283 1263 847 204 1072 475 1114 1175 86 237 1032 500 1164 193 997 226 796 669 738 1143 675 659 1122 693 923 330 638 674 1321 449 746 113 294 852 940 964 1058 884 184 223 || mode=VB method=sk_kmeans solver=filo1 stage=post_ls ls=pyvrp iter=16
2026-03-15 22:15:39 | INFO     | [POOL #00272] 156 775 222 1189 1229 664 5 804 301 828 619 340 73 866 46 644 879 443 1047 953 579 1248 529 1019 657 1071 741 613 140 474 1258 235 1241 104 455 773 948 357 512 144 856 139 633 101 164 22 893 286 65 1057 1300 262 759 382 168 1110 40 542 841 888 1042 1156 688 || mode=VB method=sk_kmeans solver=filo1 stage=post_ls ls=pyvrp iter=16
2026-03-15 22:15:39 | INFO     | [POOL #00273] 266 898 792 590 401 849 1202 606 609 497 971 487 743 1163 845 1307 980 853 615 720 417 916 728 979 19 1193 797 244 900 279 577 1161 563 480 740 469 354 821 362 24 991 388 730 15 834 450 498 152 625 686 1095 444 1191 663 390 355 935 453 998 536 454 4 1323 715 1118 858 812 1093 1153 937 1243 776 || mode=VB method=sk_kmeans solver=filo1 stage=post_ls ls=pyvrp iter=16
2026-03-15 22:15:39 | INFO     | [POOL #00274] 526 1262 297 1096 768 1211 554 324 514 194 406 502 1196 919 479 1234 1127 769 64 763 696 351 1030 716 597 1259 889 265 460 1213 850 691 1048 416 622 171 1237 788 303 1249 92 803 277 51 880 1271 121 1023 236 1046 462 209 832 368 386 1267 1324 855 517 1200 874 1028 100 381 420 722 756 785 1177 1302 || mode=VB method=sk_kmeans solver=filo1 stage=post_ls ls=pyvrp iter=16
2026-03-15 22:15:39 | INFO     | [POOL #00275] 1056 467 576 118 1158 1075 1285 1014 1133 767 1268 899 203 197 994 1194 951 337 75 1326 23 232 1009 316 428 1011 145 253 478 660 1180 751 77 1222 1059 353 61 543 859 1151 435 939 1235 1276 694 230 71 1147 267 872 426 169 973 1082 568 153 537 464 163 1239 346 2 930 1293 35 313 160 496 32 1116 || mode=VB method=sk_kmeans solver=filo1 stage=post_ls ls=pyvrp iter=16
2026-03-15 22:15:39 | INFO     | [POOL #00276] 765 1020 320 1068 102 36 1111 162 966 414 481 174 678 28 982 927 983 1245 890 192 870 317 629 1012 922 216 472 689 612 477 58 646 990 55 755 705 246 130 508 651 149 540 926 680 334 1320 871 66 762 21 63 254 1187 960 1001 1098 608 179 851 190 975 147 636 96 1104 384 1317 1065 1085 779 1310 || mode=VB method=sk_kmeans solver=filo1 stage=post_ls ls=pyvrp iter=16
2026-03-15 22:15:39 | INFO     | [POOL #00277] 943 336 611 78 632 1312 933 897 1103 405 499 901 199 1289 206 533 867 787 1124 369 238 883 1107 288 1291 550 717 530 793 270 837 815 569 574 11 83 385 1303 180 412 1305 271 784 126 1319 1184 566 447 795 25 677 585 655 263 459 525 742 372 904 1304 252 970 557 628 1117 807 314 1168 62 27 1217 383 917 18 548 || mode=VB method=sk_kmeans solver=filo1 stage=post_ls ls=pyvrp iter=16
2026-03-15 22:15:39 | INFO     | [POOL #00278] 772 1106 441 1025 504 1134 718 1242 457 1063 185 1181 225 1087 885 1061 531 503 799 9 323 584 658 1083 684 1126 1055 687 944 1169 719 52 148 635 91 780 642 470 || mode=VB method=sk_kmeans solver=filo1 stage=post_ls ls=pyvrp iter=16
2026-03-15 22:15:39 | INFO     | [POOL #00279] 437 1049 827 511 748 54 82 325 398 461 656 269 387 790 996 702 438 208 523 201 348 601 553 620 249 200 440 968 826 377 408 721 816 1198 1067 30 661 640 396 87 1313 326 1254 840 1140 586 310 1226 947 564 339 219 120 243 1036 375 913 296 936 830 786 72 965 639 1269 1006 442 1295 29 26 128 700 315 291 || mode=VB method=sk_kmeans solver=filo1 stage=post_ls ls=pyvrp iter=16
2026-03-15 22:15:39 | INFO     | [POOL #00280] 527 1013 1029 155 80 877 131 57 133 1088 307 671 421 366 652 649 248 42 379 1185 309 48 707 714 332 272 1246 81 50 817 754 283 8 1035 510 365 318 865 341 571 1311 376 124 361 736 60 643 212 1165 287 653 491 645 783 598 423 848 196 729 38 692 777 483 683 356 794 1186 198 588 1192 484 843 1227 || mode=VB method=sk_kmeans solver=filo1 stage=post_ls ls=pyvrp iter=16
2026-03-15 22:15:39 | INFO     | [POOL #00281] 234 906 1022 570 422 695 727 905 1232 1026 446 1287 410 604 701 673 158 275 690 127 1257 110 820 987 958 808 1206 391 1073 374 1314 731 630 549 813 616 488 634 603 745 107 93 1281 166 1197 984 538 68 338 17 1002 710 261 400 1136 490 1000 1318 1188 482 1275 878 231 509 295 699 289 486 809 583 108 1101 1240 || mode=VB method=sk_kmeans solver=filo1 stage=post_ls ls=pyvrp iter=16
2026-03-15 22:15:39 | INFO     | [POOL #00282] 39 1034 129 290 985 378 364 607 463 142 995 534 592 227 1076 654 668 1150 1077 268 250 175 544 781 709 329 567 761 493 946 749 560 932 264 1074 458 189 771 305 97 98 1207 1079 910 328 394 1290 1297 1190 167 581 895 907 115 3 432 713 539 452 914 41 1273 359 1125 371 758 1037 1086 1045 292 1100 1224 1183 || mode=VB method=sk_kmeans solver=filo1 stage=post_ls ls=pyvrp iter=16
2026-03-15 22:15:39 | INFO     | [POOL #00283] 921 1316 929 876 1251 1054 1278 389 485 331 170 183 682 1294 1159 1195 892 69 802 766 1179 725 1123 532 350 1286 618 981 824 14 373 712 34 188 920 363 976 875 99 891 1128 465 495 1264 770 1062 425 1228 1 229 161 969 1225 626 624 1021 733 44 306 191 1121 1218 424 556 1131 1171 285 918 1236 1053 293 957 1261 1220 || mode=VB method=sk_kmeans solver=filo1 stage=post_ls ls=pyvrp iter=16
2026-03-15 22:15:39 | INFO     | [POOL #00284] 1183 942 1208 1230 520 344 224 1112 85 1045 570 422 727 410 1287 446 604 701 673 725 1123 350 532 158 275 690 127 1257 110 820 188 920 363 976 1206 808 1002 17 261 710 400 1136 958 987 490 1000 1318 1188 482 581 895 907 3 115 914 452 432 713 539 1026 1232 905 1086 599 1099 1201 703 292 941 1100 1224 1078 || mode=RB method=sk_kmeans solver=filo1 stage=post_ls ls=pyvrp iter=17
2026-03-15 22:15:39 | INFO     | [POOL #00285] 492 697 220 573 343 427 431 831 1066 273 1223 985 950 1051 378 547 364 607 463 142 583 809 486 289 699 761 493 946 560 749 264 932 305 771 97 98 1207 1079 910 328 394 1290 1297 1190 167 1275 878 231 509 295 41 1273 359 1125 371 758 1037 108 1101 565 1152 137 1240 312 129 290 810 955 1135 1034 411 912 1244 507 || mode=RB method=sk_kmeans solver=filo1 stage=post_ls ls=pyvrp iter=17
2026-03-15 22:15:39 | INFO     | [POOL #00286] 1031 321 182 489 74 735 1308 280 251 404 56 654 1076 1077 544 458 1074 189 538 984 68 338 1197 166 1281 93 107 745 603 634 488 549 616 813 396 87 1313 326 374 630 731 1314 1073 391 875 99 891 1128 465 495 1264 34 712 373 770 14 824 981 618 1286 802 766 1179 389 1278 1054 876 695 1022 906 234 1052 1033 1041 || mode=RB method=sk_kmeans solver=filo1 stage=post_ls ls=pyvrp iter=17
2026-03-15 22:15:39 | INFO     | [POOL #00287] 470 642 91 635 117 1250 1105 882 256 380 1069 1138 1212 839 555 513 1154 988 685 218 255 1102 125 282 6 300 1199 595 949 668 1150 268 175 250 781 709 329 567 227 592 534 995 154 173 186 228 274 1003 844 53 862 33 1039 349 299 546 1027 1298 122 245 641 1255 596 750 159 240 829 39 974 || mode=RB method=sk_kmeans solver=filo1 stage=post_ls ls=pyvrp iter=17
2026-03-15 22:15:39 | INFO     | [POOL #00288] 772 1106 441 1025 504 1134 718 1063 185 1181 225 1087 1055 687 1126 885 531 1061 684 503 799 9 323 584 658 1083 798 1120 352 857 528 711 403 822 399 445 181 94 141 863 360 413 419 805 698 1247 838 1146 1169 944 719 52 148 457 1242 780 1091 || mode=RB method=sk_kmeans solver=filo1 stage=post_ls ls=pyvrp iter=17
2026-03-15 22:15:39 | INFO     | [POOL #00289] 156 241 31 434 1270 1064 846 1044 548 811 1094 726 1129 792 578 471 1219 873 934 945 367 95 178 896 257 242 247 302 515 961 221 1296 590 506 45 868 103 999 1092 86 1175 1114 475 1072 500 1032 237 1280 1302 1043 669 1205 1089 519 123 967 1050 842 1167 468 676 940 964 1058 884 184 223 775 688 || mode=RB method=sk_ac_min solver=filo2 stage=post_ls ls=pyvrp iter=18
2026-03-15 22:15:39 | INFO     | [POOL #00290] 527 1325 467 1056 1020 320 1068 102 481 174 678 28 982 927 983 1245 890 192 870 317 508 651 130 246 705 755 55 990 646 58 569 815 574 11 83 385 1303 180 412 1305 271 784 1319 126 837 270 530 717 550 793 1184 566 447 1291 288 1107 883 238 369 1124 787 867 199 1289 206 533 1163 1312 632 917 336 258 1202 972 || mode=RB method=sk_ac_min solver=filo2 stage=post_ls ls=pyvrp iter=18
2026-03-15 22:15:39 | INFO     | [POOL #00291] 470 780 1242 635 117 1250 489 1105 882 74 735 1308 280 251 404 1199 300 595 949 668 654 1076 1150 1077 781 268 250 175 544 458 1074 189 771 305 97 98 1207 261 710 400 1136 958 987 490 1000 1318 1188 482 581 895 907 115 3 432 713 539 452 914 41 1273 359 1125 371 758 1037 108 1101 565 1152 137 1240 1100 1224 942 1183 || mode=RB method=sk_ac_min solver=filo2 stage=post_ls ls=pyvrp iter=18
2026-03-15 22:15:39 | INFO     | [POOL #00292] 1007 580 43 433 266 898 448 860 1116 521 561 675 1143 738 796 226 997 193 1164 204 847 1263 1283 835 466 756 722 785 1177 313 35 1293 930 2 1304 904 252 970 557 628 1117 807 1168 314 160 496 32 1253 1174 732 1265 915 814 605 397 260 1172 177 402 849 401 308 392 1016 1145 18 1216 1322 637 157 764 1266 473 || mode=RB method=sk_ac_min solver=filo2 stage=post_ls ls=pyvrp iter=18
2026-03-15 22:15:39 | INFO     | [POOL #00293] 772 1106 441 1025 504 1134 718 457 1063 185 1181 225 1087 1055 687 1126 885 531 1061 684 503 799 9 323 584 658 1083 798 1120 352 857 528 711 403 822 399 445 181 988 282 6 125 1102 255 218 685 1154 513 555 839 1212 1138 1069 94 141 863 360 413 419 380 256 805 698 1247 838 1146 1169 944 719 52 148 91 642 || mode=RB method=sk_ac_min solver=filo2 stage=post_ls ls=pyvrp iter=18
2026-03-15 22:15:39 | INFO     | [POOL #00294] 1112 85 1045 727 1287 410 673 158 275 690 127 1257 110 820 188 920 363 976 1206 808 1002 17 338 68 538 984 1197 166 1281 93 107 745 603 634 488 549 616 813 396 87 1313 326 374 630 731 1314 1073 391 875 99 891 1128 465 495 1264 712 34 373 802 766 1179 389 1278 1054 876 695 422 570 1022 906 409 1038 || mode=RB method=sk_ac_min solver=filo2 stage=post_ls ls=pyvrp iter=18
2026-03-15 22:15:39 | INFO     | [POOL #00295] 1017 1093 812 737 1119 858 1118 715 1323 4 454 536 1095 686 625 152 498 450 834 15 730 871 388 991 24 362 1320 926 540 149 680 334 821 354 469 740 480 563 1161 577 279 900 244 797 1193 19 979 728 916 417 720 615 853 980 1307 845 743 487 971 497 78 611 609 606 559 744 522 304 1166 943 757 138 || mode=RB method=sk_ac_min solver=filo2 stage=post_ls ls=pyvrp iter=18
2026-03-15 22:15:39 | INFO     | [POOL #00296] 1031 492 697 321 182 245 122 1298 1039 33 862 53 844 1003 274 228 186 173 154 56 995 534 592 227 329 709 567 761 493 946 749 264 932 560 1079 910 328 394 1290 1297 1190 167 1275 878 231 509 295 699 289 486 809 583 142 463 607 364 547 378 1051 950 985 129 290 810 955 1135 1034 411 912 1078 1244 507 || mode=RB method=sk_ac_min solver=filo2 stage=post_ls ls=pyvrp iter=18
2026-03-15 22:15:39 | INFO     | [POOL #00297] 1162 172 1153 1060 415 782 545 451 195 1233 1310 779 765 1085 1065 1317 384 1104 96 998 453 935 355 390 663 444 1191 762 66 21 63 254 1187 960 1001 1098 608 179 851 190 975 147 636 36 1111 162 414 966 1268 767 1133 1014 1285 1075 1158 118 57 877 80 155 843 1029 1013 1227 1137 662 614 1182 1139 505 439 319 || mode=RB method=sk_ac_min solver=filo2 stage=post_ls ls=pyvrp iter=18
2026-03-15 22:15:39 | INFO     | [POOL #00298] 298 833 437 1049 484 131 576 899 203 197 994 1194 421 366 652 75 337 951 629 1012 922 216 472 689 612 477 232 1009 316 428 253 478 1180 660 1222 1059 353 61 543 859 1151 435 939 1235 1276 694 230 71 267 1147 795 25 677 585 655 263 459 525 742 372 901 499 405 1103 897 933 62 27 1217 383 136 1260 || mode=RB method=sk_ac_min solver=filo2 stage=post_ls ls=pyvrp iter=18
2026-03-15 22:15:39 | INFO     | [POOL #00299] 1149 1204 1142 47 894 1080 925 1220 1261 26 29 1295 442 1006 1269 639 965 72 786 830 936 375 1036 243 913 296 790 387 729 196 848 423 598 783 645 707 48 309 714 332 272 1246 50 81 77 751 145 1011 23 1326 1185 379 42 248 649 38 692 777 483 683 356 794 1186 671 307 1088 133 198 588 1192 748 827 315 109 1004 || mode=RB method=sk_ac_min solver=filo2 stage=post_ls ls=pyvrp iter=18
2026-03-15 22:15:39 | INFO     | [POOL #00300] 1208 1041 1033 1230 941 292 1201 1099 599 1086 905 1232 1026 446 604 701 725 1123 532 350 1286 618 981 824 14 770 1062 425 69 892 1294 1195 1159 1 1228 229 161 969 219 120 1225 626 624 1021 733 44 306 191 1121 1218 424 556 1131 1171 285 918 1236 1053 293 957 929 1316 921 418 1252 16 1315 233 650 977 116 1284 || mode=RB method=sk_ac_min solver=filo2 stage=post_ls ls=pyvrp iter=18
2026-03-15 22:15:40 | INFO     | [POOL #00301] 524 1299 631 429 594 111 494 516 776 1243 937 134 938 1070 1256 211 1130 1238 135 1144 1052 520 234 344 224 703 312 1223 273 1066 831 299 349 546 1027 431 427 343 573 641 220 1255 596 750 159 240 829 39 974 1091 || mode=RB method=sk_ac_min solver=filo2 stage=post_ls ls=pyvrp iter=18
2026-03-15 22:15:40 | INFO     | [POOL #00302] 942 1208 977 650 1144 47 894 700 128 511 748 1192 588 198 133 576 118 1285 1014 1133 102 36 96 1104 454 853 980 1307 845 1163 897 1117 628 557 405 970 930 1293 35 313 785 722 756 466 835 1177 32 1253 1174 732 1265 915 814 397 1260 972 522 304 1166 737 812 1093 1060 1153 134 1162 516 494 111 631 || mode=VB method=k_medoids_pyclustering solver=filo1 stage=post_ls ls=pyvrp iter=19
2026-03-15 22:15:40 | INFO     | [POOL #00303] 234 929 957 293 1053 1236 1295 442 1006 1269 639 965 72 786 830 936 375 1036 243 913 702 438 208 523 201 348 601 553 620 249 200 440 968 826 377 408 721 816 1198 1067 640 661 30 376 124 361 1311 341 865 571 60 736 643 212 1165 287 653 491 707 48 645 783 598 423 848 996 269 656 461 398 325 82 54 315 291 || mode=VB method=k_medoids_pyclustering solver=filo1 stage=post_ls ls=pyvrp iter=19
2026-03-15 22:15:40 | INFO     | [POOL #00304] 173 154 56 595 949 668 654 1076 1150 1077 781 268 250 175 544 458 1074 189 771 305 97 98 1207 261 17 338 68 538 984 1197 166 1281 93 107 745 603 634 488 549 616 813 396 87 1313 326 374 630 731 1314 391 1073 1254 840 1140 586 310 564 947 1226 495 1264 712 34 373 770 14 824 618 802 766 1179 1278 1054 1251 876 || mode=VB method=k_medoids_pyclustering solver=filo1 stage=post_ls ls=pyvrp iter=19
2026-03-15 22:15:40 | INFO     | [POOL #00305] 1224 422 695 727 905 1086 758 371 1125 359 1273 41 914 452 115 432 713 539 1026 1232 446 1287 410 604 701 907 895 673 725 389 485 331 170 183 682 1294 1159 1195 892 69 1062 425 1228 1 229 339 120 219 969 1225 626 624 1021 733 44 306 191 1121 1218 424 556 1131 1171 285 918 29 26 1261 1220 1080 || mode=VB method=k_medoids_pyclustering solver=filo1 stage=post_ls ls=pyvrp iter=19
2026-03-15 22:15:40 | INFO     | [POOL #00306] 39 810 364 995 534 592 227 329 709 567 761 493 946 749 264 932 560 1079 910 328 394 1297 1190 1290 482 1188 1318 1000 490 987 958 1136 400 710 1002 808 1206 976 875 99 891 1128 465 363 920 188 820 110 1257 127 690 275 981 1286 532 158 581 167 1275 878 231 509 295 699 289 486 809 583 142 463 607 565 1100 || mode=VB method=k_medoids_pyclustering solver=filo1 stage=post_ls ls=pyvrp iter=19
2026-03-15 22:15:40 | INFO     | [POOL #00307] 433 676 468 1167 521 1280 103 605 632 1312 533 206 1289 199 867 787 1124 369 238 525 742 372 459 263 655 585 883 1107 677 25 795 464 537 1147 267 872 426 169 568 153 1082 973 1267 1324 517 855 1239 163 346 1200 2 1304 252 904 901 499 1103 807 496 258 1202 177 402 849 401 1145 1219 471 578 792 898 266 31 241 || mode=VB method=k_medoids_pyclustering solver=filo1 stage=post_ls ls=pyvrp iter=19
2026-03-15 22:15:40 | INFO     | [POOL #00308] 1118 1065 384 536 998 453 935 355 390 663 1191 444 1095 686 498 450 834 15 730 388 991 24 362 821 354 469 717 550 793 530 270 837 815 569 58 646 990 55 755 705 246 130 508 651 149 540 680 334 1320 871 66 762 21 63 254 1187 960 1001 1098 608 179 851 190 975 147 636 1075 1158 467 782 527 1130 || mode=VB method=k_medoids_pyclustering solver=filo1 stage=post_ls ls=pyvrp iter=19
2026-03-15 22:15:40 | INFO     | [POOL #00309] 827 307 671 1186 794 356 421 366 692 38 729 196 379 309 714 332 272 754 283 8 1035 318 365 510 817 50 1246 81 77 751 1180 660 1222 1059 353 61 543 478 253 145 1011 428 316 1009 23 1185 1326 42 248 649 75 337 951 652 777 483 683 387 790 296 161 350 1123 3 1037 108 1101 431 1298 182 321 642 470 || mode=VB method=k_medoids_pyclustering solver=filo1 stage=post_ls ls=pyvrp iter=19
2026-03-15 22:15:40 | INFO     | [POOL #00310] 319 1233 1068 1111 162 966 414 481 174 678 28 982 927 983 890 192 870 317 629 1012 922 216 472 689 612 477 232 859 1151 435 939 11 574 83 385 1303 1276 1235 694 230 71 180 412 1305 271 784 126 1319 1184 566 447 1291 288 1161 563 740 480 577 279 900 244 797 1193 19 979 728 916 417 720 615 136 1172 260 1302 967 || mode=VB method=k_medoids_pyclustering solver=filo1 stage=post_ls ls=pyvrp iter=19
2026-03-15 22:15:40 | INFO     | [POOL #00311] 524 1299 594 473 1266 764 138 637 1322 943 757 1216 811 1094 726 1129 873 934 945 18 367 95 178 896 257 123 1205 1043 669 738 796 226 997 193 1164 1072 475 1114 1175 86 1032 500 237 1092 999 868 45 506 308 392 1016 590 1296 221 961 515 302 247 242 1050 842 1116 860 448 964 1058 884 43 184 223 775 || mode=VB method=k_medoids_pyclustering solver=filo1 stage=post_ls ls=pyvrp iter=19
2026-03-15 22:15:40 | INFO     | [POOL #00312] 156 1007 580 434 1270 1064 846 1044 548 157 1017 172 1070 1256 211 505 298 833 437 1049 1227 662 1137 1013 1029 843 155 484 877 80 1056 765 1310 779 1085 1020 320 1317 4 1323 715 497 971 487 743 933 62 1168 1217 383 78 611 609 606 917 336 744 559 858 1119 195 451 545 415 938 937 1243 776 || mode=VB method=k_medoids_pyclustering solver=filo1 stage=post_ls ls=pyvrp iter=19
2026-03-15 22:15:40 | INFO     | [POOL #00313] 164 1210 818 952 165 1024 476 150 1277 1292 420 381 100 1028 874 386 832 368 880 1271 121 209 462 1046 236 1023 1048 416 691 622 171 1237 788 303 1249 51 277 803 92 514 324 554 1211 105 1015 928 1173 768 1096 297 1262 526 160 314 27 625 152 926 1245 1194 994 197 203 899 1268 767 1088 57 131 1325 614 1182 1139 439 || mode=VB method=k_medoids_pyclustering solver=filo1 stage=post_ls ls=pyvrp iter=19
2026-03-15 22:15:40 | INFO     | [POOL #00314] 1309 1113 84 902 1176 1306 1209 259 774 666 704 672 333 106 342 1008 1084 194 406 502 1196 919 889 265 1213 850 460 1259 597 716 351 1030 696 763 64 769 1127 1234 479 621 202 322 1327 239 648 724 143 739 562 1097 1282 541 903 276 992 558 931 591 1155 887 1274 959 88 789 518 924 436 37 1178 90 || mode=VB method=k_medoids_pyclustering solver=filo1 stage=post_ls ls=pyvrp iter=19
2026-03-15 22:15:40 | INFO     | [POOL #00315] 688 222 1189 1229 664 940 449 746 1321 674 638 330 923 693 1122 561 1089 519 675 1143 659 879 443 1047 953 579 1248 866 46 644 73 893 286 65 1057 340 619 113 294 852 804 5 301 828 1300 262 759 382 168 1110 40 542 841 888 1042 1156 589 || mode=VB method=k_medoids_pyclustering solver=filo1 stage=post_ls ls=pyvrp iter=19
2026-03-15 22:15:40 | INFO     | [POOL #00316] 780 91 457 1063 185 1181 225 52 719 1087 1055 1126 687 944 1169 1146 838 1247 698 805 1120 798 1083 684 1061 885 531 503 658 799 9 323 584 352 857 528 711 403 822 399 445 181 94 141 1138 1212 1069 863 360 413 419 380 256 882 1105 489 1250 117 635 148 1242 718 1134 504 1025 441 1106 772 || mode=VB method=k_medoids_pyclustering solver=filo1 stage=post_ls ls=pyvrp iter=19
2026-03-15 22:15:40 | INFO     | [POOL #00317] 681 989 1221 12 13 963 993 667 22 456 886 101 633 529 1019 657 613 140 741 1071 204 847 1263 1283 151 393 1258 474 235 1241 104 455 773 948 357 512 144 139 856 582 791 908 708 70 986 217 954 311 430 593 723 132 1288 89 207 869 1148 1081 670 358 || mode=VB method=k_medoids_pyclustering solver=filo1 stage=post_ls ls=pyvrp iter=19
2026-03-15 22:15:40 | INFO     | [POOL #00318] 1010 395 327 575 552 836 278 1108 956 1279 1214 7 819 49 587 1132 800 347 861 753 752 370 345 1090 112 67 747 119 429 1284 1183 1244 1031 492 697 829 240 159 750 596 1255 220 641 245 122 573 343 427 1027 546 349 1039 74 735 862 33 299 831 1066 273 290 129 955 1135 1034 411 912 1078 507 974 1091 || mode=VB method=k_medoids_pyclustering solver=filo1 stage=post_ls ls=pyvrp iter=19
2026-03-15 22:15:40 | INFO     | [POOL #00319] 1204 1142 1004 135 1238 109 501 925 921 1316 906 1022 570 1045 409 1038 418 1252 16 1315 665 233 1052 941 292 703 312 1240 985 1223 844 53 280 1308 555 839 513 1154 988 685 218 255 1102 125 282 6 300 1199 404 186 228 251 1003 274 547 378 1152 1051 950 137 599 1099 1201 85 1112 224 344 520 1230 1033 1041 116 1149 || mode=VB method=k_medoids_pyclustering solver=filo1 stage=post_ls ls=pyvrp iter=19
2026-03-15 22:15:40 | INFO     | [POOL #00320] 617 215 1203 1160 610 79 911 1109 335 572 281 146 978 114 1115 1215 864 213 10 602 778 706 187 600 551 1141 407 1040 825 623 210 1170 881 734 806 205 962 20 76 1018 1301 284 1231 627 679 647 1157 1005 801 176 909 59 823 760 535 1272 854 214 || mode=VB method=k_medoids_pyclustering solver=filo1 stage=post_ls ls=pyvrp iter=19
2026-03-15 22:15:40 | INFO     | [POOL #00321] 1252 418 921 1316 929 957 293 1053 1236 1295 442 1006 1269 639 398 461 656 269 790 387 683 483 777 692 38 248 729 196 848 553 601 620 249 200 968 440 87 813 616 549 488 634 603 107 93 1281 166 1197 984 538 458 1074 189 771 305 97 98 1207 1079 910 394 328 231 509 295 41 1273 359 1125 1037 137 950 985 1223 273 810 220 || mode=VB method=k_medoids_pyclustering solver=pyvrp stage=post_ls ls=pyvrp iter=20
2026-03-15 22:15:40 | INFO     | [POOL #00322] 16 1038 409 906 1022 422 695 876 1251 183 170 331 485 682 1294 1195 1 1228 425 1062 564 947 310 586 348 840 1254 1140 1226 495 465 1128 891 99 875 391 1314 731 630 745 338 68 17 1002 1206 808 958 490 1000 1318 1188 482 581 895 907 3 432 713 539 1026 1232 371 758 1086 599 1099 1240 312 129 290 507 || mode=VB method=k_medoids_pyclustering solver=pyvrp stage=post_ls ls=pyvrp iter=20
2026-03-15 22:15:40 | INFO     | [POOL #00323] 234 344 224 1112 85 570 727 1054 410 1287 446 452 914 115 878 1275 167 1190 1297 1290 1136 400 261 710 987 1257 110 34 712 373 1264 770 14 824 981 618 1286 350 532 1123 725 1278 389 1179 766 802 69 892 1159 229 161 339 219 969 1225 626 624 1021 733 44 306 191 1121 1218 424 556 1131 1171 285 918 29 26 1261 1080 || mode=VB method=k_medoids_pyclustering solver=pyvrp stage=post_ls ls=pyvrp iter=20
2026-03-15 22:15:40 | INFO     | [POOL #00324] 697 641 573 343 427 431 831 1066 53 844 1051 1152 378 547 565 1101 108 463 607 364 995 154 404 1199 300 595 949 668 1150 1077 268 250 175 544 781 749 264 932 560 946 493 761 699 289 486 809 583 142 534 592 227 567 709 329 1076 654 56 173 186 228 274 1003 251 280 862 33 299 349 546 1027 1298 492 || mode=VB method=k_medoids_pyclustering solver=pyvrp stage=post_ls ls=pyvrp iter=20
2026-03-15 22:15:40 | INFO     | [POOL #00325] 1031 117 1250 489 1105 882 74 1039 735 1308 555 513 988 181 445 399 711 403 822 282 6 125 1102 255 218 685 1154 839 1212 1138 1069 141 94 863 360 413 419 380 256 1247 698 805 798 1120 528 857 352 1083 684 1126 687 1055 1087 885 1061 531 503 658 584 323 9 799 838 1146 1169 944 719 52 91 780 642 470 || mode=VB method=k_medoids_pyclustering solver=pyvrp stage=post_ls ls=pyvrp iter=20
2026-03-15 22:15:40 | INFO     | [POOL #00326] 662 1013 467 1056 765 1020 320 1068 96 998 453 935 355 390 663 1191 152 15 730 871 1187 960 1001 254 63 21 608 1098 1245 983 890 1194 994 927 982 28 678 197 203 899 767 1268 966 414 162 481 174 179 851 190 975 1111 147 636 36 102 1133 1014 1285 1075 1158 118 576 131 57 877 80 484 155 843 1029 437 833 298 135 || mode=VB method=k_medoids_pyclustering solver=pyvrp stage=post_ls ls=pyvrp iter=20
2026-03-15 22:15:40 | INFO     | [POOL #00327] 1233 1310 779 1085 1065 1317 384 1104 536 728 916 979 19 1193 797 244 900 279 288 1291 447 566 1184 1319 126 784 271 1305 412 180 1303 385 83 1276 1235 694 230 71 1147 267 872 426 169 973 1082 568 153 537 464 163 795 25 677 1107 883 585 655 263 459 238 525 742 372 901 499 199 1289 206 980 853 1307 1118 || mode=VB method=k_medoids_pyclustering solver=pyvrp stage=post_ls ls=pyvrp iter=20
2026-03-15 22:15:40 | INFO     | [POOL #00328] 524 1204 1142 109 291 827 511 748 1192 588 198 133 1088 307 671 1186 794 356 421 366 652 75 337 951 192 870 317 629 1012 922 216 472 689 612 508 651 149 680 334 821 246 705 755 55 990 130 540 926 1320 362 24 991 388 66 762 444 1095 686 625 834 450 498 417 720 615 454 4 1323 715 559 744 || mode=VB method=k_medoids_pyclustering solver=pyvrp stage=post_ls ls=pyvrp iter=20
2026-03-15 22:15:40 | INFO     | [POOL #00329] 497 845 533 867 787 1124 369 577 1161 563 480 740 354 469 717 550 793 530 270 837 815 646 58 477 569 574 11 939 435 1151 859 543 61 353 660 1180 1059 1222 77 81 1246 272 332 309 48 707 645 783 598 423 996 702 438 201 523 208 120 243 1036 375 913 296 936 830 786 72 965 325 82 54 1220 925 || mode=VB method=k_medoids_pyclustering solver=pyvrp stage=post_ls ls=pyvrp iter=20
2026-03-15 22:15:40 | INFO     | [POOL #00330] 649 42 379 1185 1326 23 232 1009 316 428 1011 253 478 145 751 50 817 510 365 318 1035 571 60 736 643 212 361 124 376 1311 341 865 8 283 754 714 287 1165 653 491 377 826 408 721 816 1198 1067 30 661 640 396 1313 326 374 1073 976 363 920 188 820 127 690 275 158 673 701 604 905 1045 1201 703 292 || mode=VB method=k_medoids_pyclustering solver=pyvrp stage=post_ls ls=pyvrp iter=20
2026-03-15 22:15:40 | INFO     | [POOL #00331] 156 1007 580 43 433 448 860 1167 842 923 330 638 1122 693 521 561 519 1089 1205 1143 675 659 738 796 669 1043 1302 1280 226 997 193 1164 204 847 1263 475 1114 1175 1072 500 1032 86 237 1092 999 103 868 45 506 590 1296 221 961 515 302 247 242 123 967 1050 1116 468 676 940 664 1229 1189 40 542 222 775 || mode=VB method=k_medoids_pyclustering solver=pyvrp stage=post_ls ls=pyvrp iter=20
2026-03-15 22:15:40 | INFO     | [POOL #00332] 1091 974 1149 1183 942 1284 116 1208 1041 1033 1224 411 1034 1100 1230 977 650 1144 1238 1130 211 1256 1070 938 134 937 1243 776 319 1004 912 240 159 596 1255 750 829 1078 1244 39 || mode=VB method=k_medoids_pyclustering solver=pyvrp stage=post_ls ls=pyvrp iter=20
2026-03-15 22:15:40 | INFO     | [POOL #00333] 772 1106 441 1025 504 1134 718 1242 457 1063 185 1181 225 148 635 321 182 245 122 1135 955 941 520 1052 233 665 1315 47 894 501 128 700 315 1049 1227 1137 614 782 545 451 737 1166 304 522 812 1093 943 757 945 934 367 95 178 257 896 471 578 1129 726 811 1094 1044 898 266 964 1058 884 184 223 688 || mode=VB method=k_medoids_pyclustering solver=pyvrp stage=post_ls ls=pyvrp iter=20
2026-03-15 22:15:40 | INFO     | [POOL #00334] 681 989 89 1288 132 164 144 512 357 948 773 455 1241 150 526 1262 297 92 803 277 51 880 1271 121 368 832 386 1324 517 855 1239 1267 209 462 1046 236 1023 1048 416 691 622 788 303 1249 514 324 554 1096 1211 768 928 558 591 931 952 165 1024 476 104 140 613 1019 529 1248 866 46 644 340 1300 1221 1042 1156 || mode=VB method=k_medoids_pyclustering solver=pyvrp stage=post_ls ls=pyvrp iter=20
2026-03-15 22:15:40 | INFO     | [POOL #00335] 1010 575 552 956 1279 1214 49 587 902 887 1176 1306 562 239 1327 259 774 666 704 333 479 1234 1030 889 919 1196 1237 171 850 1213 265 460 1259 597 716 351 696 763 64 769 1127 621 202 322 672 106 342 1008 1084 406 502 194 105 1015 903 276 1173 992 1210 818 633 101 456 667 993 963 13 12 207 869 747 1081 || mode=VB method=k_medoids_pyclustering solver=pyvrp stage=post_ls ls=pyvrp iter=20
2026-03-15 22:15:40 | INFO     | [POOL #00336] 90 535 760 823 395 327 836 278 1108 1178 7 819 37 861 753 752 347 800 1132 436 924 518 789 88 959 1274 739 143 724 648 1209 1097 541 1282 1155 791 582 856 139 217 954 311 986 908 708 70 84 1113 1309 1090 345 370 112 67 723 593 430 886 22 286 893 73 65 1057 262 759 382 168 1148 119 589 || mode=VB method=k_medoids_pyclustering solver=pyvrp stage=post_ls ls=pyvrp iter=20
2026-03-15 22:15:40 | INFO     | [POOL #00337] 214 358 670 854 1272 978 146 1115 1215 864 213 10 602 778 706 187 600 551 1141 407 1040 825 623 210 1170 881 734 806 205 962 20 76 1018 1301 284 1231 627 679 647 1157 1005 801 176 909 59 114 281 572 335 1109 911 79 610 1160 1203 215 617 || mode=VB method=k_medoids_pyclustering solver=pyvrp stage=post_ls ls=pyvrp iter=20
2026-03-15 22:15:40 | INFO     | [POOL #00338] 888 841 1110 5 804 301 828 852 294 619 113 746 449 674 1321 879 443 1047 579 953 657 1071 741 474 1258 235 1277 1292 420 381 100 1028 874 1200 346 2 930 1293 897 933 27 62 1168 314 807 1117 628 557 970 252 1304 904 405 1103 1163 743 487 971 1312 632 1217 383 917 336 258 136 1202 1260 972 873 1219 792 434 31 241 || mode=VB method=k_medoids_pyclustering solver=pyvrp stage=post_ls ls=pyvrp iter=20
2026-03-15 22:15:40 | INFO     | [POOL #00339] 1299 631 494 1162 764 157 172 1017 1153 1060 415 527 439 505 1139 1182 1325 195 1119 858 606 609 611 78 1253 32 496 160 313 35 1177 835 466 785 756 722 393 151 1283 732 1265 1174 915 814 605 397 260 1172 177 402 849 401 308 392 1016 1145 18 1216 1322 637 138 548 846 1064 1270 1266 473 516 111 594 429 || mode=VB method=k_medoids_pyclustering solver=pyvrp stage=post_ls ls=pyvrp iter=20
2026-03-15 22:15:40 | INFO     | [POOL #00340] 942 1208 1041 1033 1230 1052 520 234 344 224 1112 85 906 1022 422 727 905 1232 1026 446 1287 410 604 701 673 725 1123 532 350 1286 618 981 824 14 373 712 34 110 1257 127 690 275 158 895 907 115 3 432 713 539 452 914 41 1273 359 1125 371 758 1037 1086 599 137 1240 312 129 955 1034 411 912 1078 1244 || mode=RB method=sk_kmeans solver=filo2 stage=post_ls ls=pyvrp iter=21
2026-03-15 22:15:40 | INFO     | [POOL #00341] 492 697 573 343 427 431 831 1066 273 1223 1051 378 547 364 607 463 142 486 289 699 761 493 946 749 264 932 560 1079 910 328 394 1297 1190 1290 1136 400 710 261 17 1002 808 1206 976 363 920 188 820 987 958 490 1000 1318 1188 482 581 167 1275 878 231 509 295 809 583 108 1101 565 1152 950 985 290 810 1135 220 829 || mode=RB method=sk_kmeans solver=filo2 stage=post_ls ls=pyvrp iter=21
2026-03-15 22:15:40 | INFO     | [POOL #00342] 1031 321 182 489 74 735 1308 280 251 404 56 654 1076 1077 544 458 1074 189 771 305 97 98 1207 538 984 68 338 1197 166 1281 93 107 745 603 634 488 549 616 813 396 87 1313 326 374 630 731 1314 1073 391 875 99 891 1128 465 495 1264 770 802 766 1179 389 1278 1054 876 695 570 1045 1099 1201 703 292 941 1100 1224 1183 || mode=RB method=sk_kmeans solver=filo2 stage=post_ls ls=pyvrp iter=21
2026-03-15 22:15:40 | INFO     | [POOL #00343] 1004 505 1325 1137 1013 467 1056 1158 1075 1014 102 36 1111 162 966 414 481 174 608 1098 254 63 21 1187 1001 960 540 130 246 705 755 55 990 612 1012 922 689 472 216 1326 1185 379 42 248 38 649 75 337 652 692 777 366 421 483 683 356 794 671 307 1088 133 198 1192 484 843 1049 437 833 298 1238 135 1142 1204 || mode=RB method=sk_kmeans solver=filo2 stage=post_ls ls=pyvrp iter=21
2026-03-15 22:15:40 | INFO     | [POOL #00344] 319 211 1130 439 1139 1182 614 662 1227 1029 155 80 877 57 131 576 118 1285 1133 767 1268 899 203 197 678 28 982 927 994 1194 983 1245 890 192 951 629 317 870 508 651 149 926 680 334 821 1320 362 24 991 388 15 730 871 66 762 1191 390 355 935 453 998 536 454 4 1323 715 1118 858 1119 737 1093 172 1162 || mode=RB method=sk_kmeans solver=filo2 stage=post_ls ls=pyvrp iter=21
2026-03-15 22:15:40 | INFO     | [POOL #00345] 1243 937 1256 415 527 782 545 451 195 1233 1310 779 765 1085 1020 320 1065 1317 384 1068 1104 96 636 147 190 975 179 851 663 444 1095 686 625 152 834 450 498 1193 19 979 728 916 417 720 615 853 980 1307 845 743 487 971 497 611 609 606 559 744 304 1166 812 1060 1153 1070 938 134 776 631 1299 524 || mode=RB method=sk_kmeans solver=filo2 stage=post_ls ls=pyvrp iter=21
2026-03-15 22:15:40 | INFO     | [POOL #00346] 470 642 91 635 117 1250 1105 882 256 380 1069 1138 1212 839 555 513 1154 988 685 218 255 1102 125 282 6 300 1199 595 949 668 1150 268 175 250 781 709 329 567 227 592 534 995 154 173 186 228 274 1003 844 53 862 33 1039 349 299 546 1027 1298 122 245 641 1255 596 750 159 240 507 39 974 || mode=RB method=sk_kmeans solver=filo2 stage=post_ls ls=pyvrp iter=21
2026-03-15 22:15:40 | INFO     | [POOL #00347] 1106 441 1025 631 429 594 111 494 516 473 1266 1162 134 938 1070 172 157 138 637 1322 1216 757 943 1145 1016 392 308 401 849 402 177 1260 397 605 1172 260 103 868 45 506 590 1296 221 961 515 302 247 242 257 896 178 95 367 945 934 873 1219 471 578 792 1129 726 1094 811 548 1044 846 1064 1270 434 31 580 1007 241 1299 || mode=VB method=sk_ac_avg solver=filo1 stage=post_ls ls=pyvrp iter=22
2026-03-15 22:15:40 | INFO     | [POOL #00348] 43 433 448 860 1050 967 123 1205 1043 1280 237 500 1032 86 1175 1114 1265 1174 1253 32 496 160 314 1168 27 62 807 1117 628 557 970 405 499 199 1289 206 533 867 787 797 1193 19 979 417 720 615 853 980 1307 845 1163 743 487 971 497 78 611 609 606 559 744 522 304 1166 812 1060 1153 1256 937 1243 776 || mode=VB method=sk_ac_avg solver=filo1 stage=post_ls ls=pyvrp iter=22
2026-03-15 22:15:40 | INFO     | [POOL #00349] 266 898 1116 1302 1092 999 814 915 732 1177 313 35 1293 930 2 1304 252 904 459 263 655 585 677 25 795 537 153 568 169 872 426 973 1082 1239 855 517 1324 1267 386 832 368 880 51 277 803 92 514 324 554 1211 768 1096 297 1262 526 1292 1277 150 476 455 773 948 357 512 144 633 164 667 993 13 1221 || mode=VB method=sk_ac_avg solver=filo1 stage=post_ls ls=pyvrp iter=22
2026-03-15 22:15:40 | INFO     | [POOL #00350] 39 240 159 596 220 1135 810 290 985 950 1152 565 1101 108 1125 359 1273 41 914 452 539 713 432 3 115 878 1275 167 581 482 1188 1318 1000 490 987 958 1136 400 710 261 1207 98 97 305 771 189 1074 458 544 175 250 268 781 1077 1150 1076 654 668 949 595 300 1199 404 251 280 1308 735 74 882 1105 489 1250 117 635 1031 || mode=VB method=sk_ac_avg solver=filo1 stage=post_ls ls=pyvrp iter=22
2026-03-15 22:15:40 | INFO     | [POOL #00351] 222 1189 1229 664 5 804 301 852 294 113 340 1057 65 286 893 22 456 886 311 954 217 986 1309 1113 84 70 708 908 791 1210 931 591 1282 541 1097 342 106 1008 1084 333 672 704 666 774 259 1209 648 724 143 739 1274 959 88 789 518 924 436 1132 587 37 861 753 752 345 1090 430 593 723 132 1288 89 || mode=VB method=sk_ac_avg solver=filo1 stage=post_ls ls=pyvrp iter=22
2026-03-15 22:15:40 | INFO     | [POOL #00352] 1204 1142 135 1238 298 833 437 1049 843 155 484 877 57 576 118 1285 1133 767 1268 899 966 414 162 481 174 203 197 678 28 982 927 994 1194 983 1245 890 192 951 337 75 652 366 421 483 387 790 269 656 461 398 72 965 639 1269 1006 442 285 1171 1131 556 424 1236 1053 29 26 1261 1220 925 1080 894 1315 233 650 977 116 1284 || mode=VB method=sk_ac_avg solver=filo1 stage=post_ls ls=pyvrp iter=22
2026-03-15 22:15:40 | INFO     | [POOL #00353] 1224 1100 292 703 1201 1099 1086 905 907 895 158 275 690 127 1257 110 820 1206 808 1002 17 338 68 538 984 1197 166 1281 93 107 745 603 634 488 616 813 549 630 731 1314 374 1073 391 976 875 99 891 1128 465 363 920 188 34 712 373 14 824 981 618 1286 350 532 1123 410 1287 727 1045 85 1112 224 344 941 1230 || mode=VB method=sk_ac_avg solver=filo1 stage=post_ls ls=pyvrp iter=22
2026-03-15 22:15:40 | INFO     | [POOL #00354] 1072 475 835 466 785 756 722 420 381 100 1028 874 1200 346 163 464 1147 267 71 230 694 1276 1235 939 435 1151 859 543 61 353 1059 1222 660 1180 751 77 81 1246 50 817 510 365 318 865 1035 8 283 754 272 332 714 309 48 707 645 783 598 423 848 196 729 996 296 936 830 786 325 82 54 511 700 291 || mode=VB method=sk_ac_avg solver=filo1 stage=post_ls ls=pyvrp iter=22
2026-03-15 22:15:40 | INFO     | [POOL #00355] 211 415 527 782 545 451 195 1233 1310 779 1085 1065 1317 384 1104 536 998 453 935 355 390 663 1191 444 1095 686 625 152 834 15 730 388 991 24 362 821 334 680 926 1320 871 1187 254 63 21 66 762 851 190 1111 36 102 1014 1075 1158 131 80 1029 1013 1227 1137 662 614 1182 1139 505 439 1130 319 || mode=VB method=sk_ac_avg solver=filo1 stage=post_ls ls=pyvrp iter=22
2026-03-15 22:15:40 | INFO     | [POOL #00356] 829 750 1255 641 573 343 427 431 831 1066 273 1223 1051 378 547 364 607 463 142 583 809 486 289 699 295 509 231 328 1190 1297 1290 394 910 1079 560 932 264 749 946 493 761 567 709 329 227 592 534 995 56 154 173 186 228 274 1003 844 53 862 33 1039 349 299 546 1027 1298 122 245 182 321 697 492 || mode=VB method=sk_ac_avg solver=filo1 stage=post_ls ls=pyvrp iter=22
2026-03-15 22:15:40 | INFO     | [POOL #00357] 888 841 542 40 1110 168 382 759 262 1300 828 619 746 449 1321 674 638 330 923 693 1122 659 443 879 644 46 73 866 1047 953 579 1248 529 1019 657 1071 741 613 140 104 1241 235 474 1258 393 151 1283 1263 847 204 1164 193 997 226 796 669 738 1143 675 1089 519 561 521 842 1167 468 676 940 964 1058 884 184 223 || mode=VB method=sk_ac_avg solver=filo1 stage=post_ls ls=pyvrp iter=22
2026-03-15 22:15:40 | INFO     | [POOL #00358] 504 1134 718 1242 457 1063 185 1181 225 1087 1055 687 1126 885 531 1061 684 503 799 9 323 584 658 1083 798 1120 352 857 528 711 403 822 399 445 181 988 282 6 125 1102 255 218 685 1154 513 555 839 1212 1138 1069 94 141 863 360 413 419 380 256 805 698 1247 838 1146 1169 944 719 52 148 91 780 642 470 || mode=VB method=sk_ac_avg solver=filo1 stage=post_ls ls=pyvrp iter=22
2026-03-15 22:15:40 | INFO     | [POOL #00359] 1144 109 315 827 748 1192 588 198 133 1088 307 671 1186 794 356 683 777 692 38 649 248 42 379 1185 1326 23 1011 145 478 253 428 316 1009 232 477 58 646 755 55 990 612 689 472 216 922 1012 629 317 870 508 651 130 705 246 149 540 960 1001 1098 608 179 975 147 636 96 1068 320 1020 765 1056 467 1325 1004 || mode=VB method=sk_ac_avg solver=filo1 stage=post_ls ls=pyvrp iter=22
2026-03-15 22:15:40 | INFO     | [POOL #00360] 18 972 1202 136 258 336 917 383 1217 632 1312 933 897 1103 901 372 742 525 369 238 883 1107 288 1291 447 566 1184 1319 126 784 271 1305 412 180 1303 385 83 11 574 569 815 837 270 530 793 550 717 469 354 740 480 563 1161 577 279 900 1124 244 450 498 728 916 454 4 1323 715 1118 858 1119 737 1093 1017 764 || mode=VB method=sk_ac_avg solver=filo1 stage=post_ls ls=pyvrp iter=22
2026-03-15 22:15:40 | INFO     | [POOL #00361] 67 112 370 347 800 902 1155 887 1176 1306 562 239 1327 322 202 621 479 1234 1127 769 64 763 696 351 1030 716 597 1259 460 265 1213 850 691 622 416 1048 1023 236 1046 462 209 121 1271 1249 303 788 1237 171 889 919 1196 502 406 194 105 1015 903 276 928 1173 992 558 1024 165 952 818 582 856 139 101 963 12 || mode=VB method=sk_ac_avg solver=filo1 stage=post_ls ls=pyvrp iter=22
2026-03-15 22:15:40 | INFO     | [POOL #00362] 1149 1183 942 1208 1041 1033 1052 520 234 665 16 1252 418 1038 409 921 1316 929 957 293 1251 1218 1121 191 306 44 733 1021 626 1225 969 219 120 339 161 229 1 1228 425 1062 69 892 1195 1159 1294 682 183 170 331 485 389 725 673 701 604 446 1026 1232 371 758 1037 599 137 1240 312 129 955 1034 411 912 1078 1244 507 || mode=VB method=sk_ac_avg solver=filo1 stage=post_ls ls=pyvrp iter=22
2026-03-15 22:15:40 | INFO     | [POOL #00363] 906 1022 570 422 695 876 1054 1278 1179 766 802 770 1264 495 1226 947 564 310 586 1140 840 1254 326 1313 87 396 640 661 1067 1198 816 30 376 124 361 1311 341 571 60 736 643 212 1165 287 653 491 377 721 408 826 968 440 200 249 620 553 601 348 201 523 208 438 702 913 375 1036 243 624 918 1295 128 501 47 || mode=VB method=sk_ac_avg solver=filo1 stage=post_ls ls=pyvrp iter=22
2026-03-15 22:15:40 | INFO     | [POOL #00364] 617 772 215 1203 1160 610 79 911 1109 335 778 706 187 600 551 1141 407 1040 825 623 210 1170 881 734 806 205 962 20 602 10 213 864 1215 572 281 1115 146 978 114 59 909 801 176 76 1018 1301 284 1231 627 679 647 1005 1157 956 1279 1214 49 819 7 1178 1108 278 836 552 575 1010 327 395 823 760 535 1272 90 || mode=VB method=sk_ac_avg solver=filo1 stage=post_ls ls=pyvrp iter=22
2026-03-15 22:15:40 | INFO     | [POOL #00365] 1091 974 524 688 156 775 1156 1042 681 119 1148 989 207 869 747 1081 670 358 854 214 589 || mode=VB method=sk_ac_avg solver=filo1 stage=post_ls ls=pyvrp iter=22
2026-03-15 22:15:40 | INFO     | [POOL #00366] 940 1122 659 738 796 669 1280 1032 500 1072 475 1283 835 466 785 756 722 420 381 100 1028 874 1200 346 163 464 537 153 568 169 872 426 973 1082 1239 855 517 1324 1267 386 368 832 209 462 1046 236 1023 121 1271 880 51 277 803 92 297 1262 150 455 773 948 357 512 144 633 101 164 22 963 13 12 || mode=RB method=sk_ac_avg solver=filo2 stage=post_ls ls=pyvrp iter=23
2026-03-15 22:15:40 | INFO     | [POOL #00367] 90 978 146 114 59 909 801 1005 1157 956 1279 1214 49 587 1132 436 518 789 88 959 1274 739 143 724 562 648 239 1327 322 202 621 479 1084 1008 342 106 333 672 704 666 774 259 1209 1097 541 1282 887 1176 1306 924 800 347 752 753 861 37 819 7 1178 1108 278 836 552 575 327 395 823 760 535 1272 854 || mode=RB method=sk_ac_avg solver=filo2 stage=post_ls ls=pyvrp iter=23
2026-03-15 22:15:40 | INFO     | [POOL #00368] 1183 1230 941 1112 906 1022 570 422 695 876 1251 183 170 682 331 485 389 1179 766 802 770 1264 495 1226 947 564 310 586 1140 1254 840 348 620 249 200 968 440 87 396 813 616 1313 326 374 1073 875 99 891 1128 465 363 920 188 34 712 373 14 824 981 618 1286 350 532 1123 725 1278 1054 727 1045 85 703 292 1100 1224 1078 || mode=RB method=sk_ac_avg solver=filo2 stage=post_ls ls=pyvrp iter=23
2026-03-15 22:15:40 | INFO     | [POOL #00369] 1010 67 112 370 345 902 1155 591 931 558 992 1173 928 276 903 1015 105 194 406 502 1196 919 889 1030 1234 1127 769 64 763 696 351 716 597 1259 460 265 1213 850 691 1048 416 622 171 1237 788 303 1249 514 324 554 1211 768 1096 526 1277 1292 393 151 1263 847 204 1164 193 997 226 443 879 664 1229 1189 222 || mode=RB method=sk_ac_avg solver=filo2 stage=post_ls ls=pyvrp iter=23
2026-03-15 22:15:40 | INFO     | [POOL #00370] 1091 974 1299 631 429 594 111 494 516 473 1266 1162 764 138 157 172 1017 637 1322 1216 757 943 1145 1016 392 308 401 849 402 177 972 1260 397 605 1172 260 103 999 1092 868 45 506 590 1296 221 961 515 302 247 242 1050 842 1167 468 676 860 448 964 1058 433 43 884 184 223 775 156 || mode=RB method=sk_ac_avg solver=filo2 stage=post_ls ls=pyvrp iter=23
2026-03-15 22:15:40 | INFO     | [POOL #00371] 1004 1238 298 833 437 1049 843 484 877 57 133 1088 307 671 421 366 652 75 337 951 192 870 317 629 1012 922 216 472 689 612 990 55 755 705 246 130 508 651 149 540 960 1001 1245 983 890 1194 927 994 197 203 899 1268 767 1133 1285 118 576 131 80 155 1029 1013 1227 662 1137 1325 614 1182 1139 505 439 1130 319 || mode=RB method=sk_ac_avg solver=filo2 stage=post_ls ls=pyvrp iter=23
2026-03-15 22:15:40 | INFO     | [POOL #00372] 1284 116 1033 1052 520 234 344 224 1201 1099 599 1086 905 1232 1026 446 1287 410 604 701 673 158 275 690 127 1257 110 820 987 958 400 1136 490 1000 1318 1188 482 581 895 907 115 3 432 713 539 452 914 41 1273 359 1125 371 758 1037 108 1101 565 1152 137 1240 312 129 290 810 955 1135 1034 411 912 1244 507 39 || mode=RB method=sk_ac_avg solver=filo2 stage=post_ls ls=pyvrp iter=23
2026-03-15 22:15:40 | INFO     | [POOL #00373] 635 117 1250 1105 882 256 380 1069 988 1102 1199 300 595 949 668 1150 1077 268 175 250 781 544 458 1074 189 538 984 68 338 1197 166 1281 93 107 745 603 634 488 549 630 731 1314 391 976 1206 808 1002 17 710 261 1207 98 97 771 305 932 264 749 493 709 329 1076 654 56 404 251 280 1308 735 74 489 182 321 || mode=RB method=sk_ac_avg solver=filo2 stage=post_ls ls=pyvrp iter=23
2026-03-15 22:15:40 | INFO     | [POOL #00374] 1149 942 1208 1041 977 650 233 665 1315 16 1252 418 1038 409 921 1316 929 957 293 1053 1236 918 285 1171 1131 556 424 1218 1121 191 306 624 1021 733 44 1159 1195 1294 892 69 1062 425 1228 1 229 161 626 1225 969 339 219 120 243 1036 375 913 936 639 1269 1006 442 1295 29 26 1261 1220 925 1080 894 47 1144 1142 1204 || mode=RB method=sk_ac_avg solver=filo2 stage=post_ls ls=pyvrp iter=23
2026-03-15 22:15:40 | INFO     | [POOL #00375] 1031 492 697 641 245 122 1298 1027 546 299 349 1039 33 862 53 844 1003 274 228 186 173 154 995 534 592 227 567 761 946 560 1079 910 328 394 1290 1297 1190 167 1275 878 231 509 295 699 289 486 809 583 142 463 607 364 547 378 1051 950 985 1223 273 1066 831 431 427 343 573 220 1255 596 750 159 240 829 || mode=RB method=sk_ac_avg solver=filo2 stage=post_ls ls=pyvrp iter=23
2026-03-15 22:15:40 | INFO     | [POOL #00376] 589 1156 1042 681 119 1148 989 1221 759 262 1300 340 1057 65 286 893 73 644 46 866 1047 953 579 1248 529 1019 657 1071 741 613 140 474 1258 235 104 1241 476 1024 165 952 818 1210 791 582 856 139 217 954 311 986 908 708 70 84 1113 1309 1090 593 430 886 456 667 993 132 723 1288 89 207 869 747 1081 670 358 214 || mode=RB method=sk_ac_avg solver=filo2 stage=post_ls ls=pyvrp iter=23
2026-03-15 22:15:40 | INFO     | [POOL #00377] 1060 737 1119 858 1118 715 1323 4 454 979 19 1193 797 244 1124 900 279 577 1161 563 480 740 354 469 717 550 793 530 270 837 815 646 58 477 569 574 11 83 385 1303 180 412 1305 271 784 126 1319 1184 566 447 1291 288 1107 883 238 369 525 742 372 901 1103 897 933 1312 632 1217 383 917 336 258 136 1202 18 || mode=RB method=sk_ac_avg solver=filo2 stage=post_ls ls=pyvrp iter=23
2026-03-15 22:15:40 | INFO     | [POOL #00378] 772 1106 441 1025 504 1134 718 1242 457 1063 185 1181 225 1087 1055 687 1126 885 531 1061 684 503 799 9 323 584 658 1083 798 1120 352 857 528 711 403 822 399 445 181 282 6 125 255 218 685 1154 513 555 839 1212 1138 94 141 863 360 413 419 805 698 1247 838 1146 1169 944 719 52 148 91 780 642 470 || mode=RB method=sk_ac_avg solver=filo2 stage=post_ls ls=pyvrp iter=23
2026-03-15 22:15:40 | INFO     | [POOL #00379] 776 134 938 1070 1153 1093 812 1166 304 522 744 559 606 609 611 78 497 971 487 743 1163 845 1307 980 853 615 720 417 916 728 536 998 453 935 355 390 663 1191 444 1095 686 625 152 66 762 851 179 975 190 147 636 96 1104 1068 384 1317 1065 320 1020 1085 765 779 1310 1233 451 415 1256 937 1243 || mode=RB method=sk_ac_avg solver=filo2 stage=post_ls ls=pyvrp iter=23
2026-03-15 22:15:40 | INFO     | [POOL #00380] 501 700 128 511 54 82 325 965 72 786 830 296 702 438 208 523 201 601 553 645 707 287 1165 653 491 377 826 408 721 816 1198 1067 640 661 30 376 124 361 212 643 736 60 571 1311 341 865 318 365 510 1035 8 283 754 817 50 1246 272 332 714 309 48 423 598 783 848 996 790 387 269 656 461 398 588 748 || mode=RB method=sk_ac_avg solver=filo2 stage=post_ls ls=pyvrp iter=23
2026-03-15 22:15:40 | INFO     | [POOL #00381] 135 109 291 315 827 1192 198 1186 794 356 683 483 777 692 38 649 42 248 729 196 379 1185 1326 23 232 1009 316 428 1011 145 253 478 660 1180 751 81 77 1222 1059 353 61 543 859 1151 435 939 1235 1276 694 230 71 267 1147 795 25 677 585 655 263 459 904 252 1304 2 930 1293 35 313 1177 732 915 814 || mode=RB method=sk_ac_avg solver=filo2 stage=post_ls ls=pyvrp iter=23
2026-03-15 22:15:40 | INFO     | [POOL #00382] 524 241 1007 580 31 434 1270 1064 846 1044 548 811 1094 726 1129 792 578 471 1219 873 934 945 367 95 178 896 257 967 123 1205 519 1089 1143 675 561 521 693 923 330 638 674 1321 449 746 113 619 294 852 828 301 804 5 382 168 1110 40 542 841 888 688 || mode=RB method=sk_ac_avg solver=filo2 stage=post_ls ls=pyvrp iter=23
2026-03-15 22:15:40 | INFO     | [POOL #00383] 211 527 782 545 195 1056 467 1158 1075 1014 102 36 1111 162 966 414 481 174 678 28 982 608 1098 254 63 21 1187 871 1320 926 680 334 821 362 24 991 388 730 15 834 450 498 787 867 533 206 1289 199 499 405 970 557 628 1117 807 62 27 1168 314 160 496 32 1253 1174 1265 1114 1175 86 237 1302 1043 1116 898 266 || mode=RB method=sk_ac_avg solver=filo2 stage=post_ls ls=pyvrp iter=23
2026-03-15 22:15:40 | INFO     | [POOL #00384] 524 1299 631 429 594 111 494 516 473 1266 1162 764 138 157 172 1017 637 1322 1216 757 943 18 945 934 873 95 178 242 967 123 1205 1089 519 923 330 638 674 1321 449 746 879 644 46 579 953 1248 866 893 286 65 1057 340 1300 828 619 113 294 852 301 804 1229 1189 222 688 || mode=VB method=sk_ac_avg solver=filo1 stage=post_ls ls=pyvrp iter=24
2026-03-15 22:15:40 | INFO     | [POOL #00385] 1091 974 1204 1142 1004 319 776 1243 937 134 938 1070 1256 211 1130 1238 135 1144 1052 1230 650 977 1033 1041 116 1208 942 1183 1244 1078 240 159 750 321 635 148 52 719 1169 944 687 1126 1055 1087 225 1181 185 1063 457 718 1242 780 1134 504 1025 441 1106 772 || mode=VB method=sk_ac_avg solver=filo1 stage=post_ls ls=pyvrp iter=24
2026-03-15 22:15:40 | INFO     | [POOL #00386] 358 670 1081 1010 575 552 1108 1178 819 7 956 1279 1214 49 587 37 1132 436 924 518 789 88 959 1274 739 143 724 562 648 239 1327 774 259 1209 1097 1282 541 903 276 1173 992 558 1024 165 952 931 591 1155 887 1306 1176 902 800 347 861 753 752 370 345 112 67 723 132 262 759 382 168 1110 40 841 888 || mode=VB method=sk_ac_avg solver=filo1 stage=post_ls ls=pyvrp iter=24
2026-03-15 22:15:40 | INFO     | [POOL #00387] 775 223 184 884 1058 964 940 676 468 1167 842 693 1122 659 443 226 997 193 1164 204 847 1263 1283 151 393 466 835 785 756 722 1292 1277 150 1241 455 104 235 1258 474 741 1071 657 1019 633 101 164 886 456 22 667 993 963 13 12 1221 989 207 869 747 1148 119 681 1042 1156 589 || mode=VB method=sk_ac_avg solver=filo1 stage=post_ls ls=pyvrp iter=24
2026-03-15 22:15:40 | INFO     | [POOL #00388] 156 1007 580 43 433 266 898 448 860 1116 1050 521 561 675 1143 738 796 669 1043 1302 1280 237 1032 500 1072 475 1114 1175 86 999 1092 868 103 260 1172 1260 972 177 402 849 401 308 392 1016 1145 590 1296 221 961 515 302 247 257 896 471 1129 726 1094 811 548 1044 846 1270 434 31 || mode=VB method=sk_ac_avg solver=filo1 stage=post_ls ls=pyvrp iter=24
2026-03-15 22:15:40 | INFO     | [POOL #00389] 1149 1284 1224 1034 1135 955 810 290 129 273 1066 831 299 33 862 53 844 1223 985 950 1051 1152 378 547 364 607 463 142 995 534 592 227 567 329 709 781 544 175 250 268 1150 1077 1076 654 668 949 595 300 1199 404 56 154 173 186 228 274 1003 251 280 1308 735 74 1039 349 546 1027 431 427 343 573 411 912 507 || mode=VB method=sk_ac_avg solver=filo1 stage=post_ls ls=pyvrp iter=24
2026-03-15 22:15:40 | INFO     | [POOL #00390] 520 234 344 224 1112 85 1045 1086 905 1232 1026 539 713 432 452 914 115 907 895 158 275 690 127 1257 110 820 188 920 363 976 1206 808 958 987 490 1000 1188 482 1290 1190 1297 394 328 910 1079 1207 98 97 305 771 189 458 1074 264 932 560 749 946 493 761 699 289 486 809 583 108 565 1101 137 1240 312 1100 || mode=VB method=sk_ac_avg solver=filo1 stage=post_ls ls=pyvrp iter=24
2026-03-15 22:15:40 | INFO     | [POOL #00391] 233 665 16 1252 418 1038 409 906 1022 570 422 695 727 410 1287 446 3 604 701 673 725 1179 389 485 331 170 183 682 1294 1159 1195 892 69 766 802 1062 425 1228 1 229 161 626 1225 969 219 120 243 1036 375 913 936 624 306 191 424 556 1131 1171 285 1006 442 1295 918 1236 1053 29 26 1261 1220 925 1080 894 47 || mode=VB method=sk_ac_avg solver=filo1 stage=post_ls ls=pyvrp iter=24
2026-03-15 22:15:40 | INFO     | [POOL #00392] 39 829 596 1255 220 641 245 122 1298 489 1105 882 256 380 419 413 360 863 94 141 1069 1138 1212 839 555 513 1154 685 218 255 1102 125 6 282 988 181 445 399 822 403 711 528 857 352 584 323 9 799 658 503 531 885 1061 684 1083 798 1120 805 698 1247 838 1146 1250 117 182 697 492 1031 91 642 470 || mode=VB method=sk_ac_avg solver=filo1 stage=post_ls ls=pyvrp iter=24
2026-03-15 22:15:40 | INFO     | [POOL #00393] 941 292 703 1201 1099 599 1037 758 371 1125 359 1273 41 295 509 231 878 1275 167 581 1318 1136 400 261 710 1002 17 338 68 538 984 1197 166 1281 93 107 745 603 634 488 616 813 549 630 731 1314 374 1073 391 875 99 891 1128 465 495 1264 712 34 373 770 14 824 981 618 1286 350 532 1123 1278 1054 876 929 1316 921 1315 || mode=VB method=sk_ac_avg solver=filo1 stage=post_ls ls=pyvrp iter=24
2026-03-15 22:15:40 | INFO     | [POOL #00394] 439 505 1139 1182 614 662 1137 1227 1013 1029 843 155 80 877 57 131 576 118 1158 1075 1285 1014 1133 767 1268 899 203 197 994 1194 421 366 652 75 337 951 192 890 1245 983 927 982 28 678 174 481 414 966 162 1111 975 190 147 636 36 102 1068 384 1317 1065 1085 765 779 1310 1119 1233 195 451 545 782 527 415 || mode=VB method=sk_ac_avg solver=filo1 stage=post_ls ls=pyvrp iter=24
2026-03-15 22:15:40 | INFO     | [POOL #00395] 1060 737 858 1118 715 497 971 1323 4 454 536 998 453 935 355 390 663 1191 444 1095 686 625 152 762 66 21 63 254 1187 871 1320 334 680 926 540 149 651 508 130 246 705 755 55 990 612 922 216 1326 1185 379 42 248 649 38 692 777 483 683 356 794 671 307 1088 133 198 1192 484 1049 437 833 298 || mode=VB method=sk_ac_avg solver=filo1 stage=post_ls ls=pyvrp iter=24
2026-03-15 22:15:40 | INFO     | [POOL #00396] 957 293 1251 1218 1121 44 733 1021 339 564 947 1226 310 586 1140 840 1254 326 1313 396 87 440 968 408 721 816 1198 1067 640 661 30 376 124 361 1311 341 571 60 736 643 212 1165 287 653 491 377 826 200 249 620 553 601 348 201 523 208 438 702 296 830 786 72 398 965 639 1269 325 82 54 511 128 700 501 || mode=VB method=sk_ac_avg solver=filo1 stage=post_ls ls=pyvrp iter=24
2026-03-15 22:15:40 | INFO     | [POOL #00397] 1325 467 1056 1020 320 1104 96 851 179 608 1098 1001 960 870 317 629 1012 689 472 23 1009 316 428 1011 145 253 478 543 61 353 1059 1222 660 1180 751 77 81 1246 50 817 510 365 318 865 1035 8 283 754 272 332 714 309 48 707 645 783 598 423 848 196 729 996 790 387 269 656 461 1186 588 748 827 315 291 109 || mode=VB method=sk_ac_avg solver=filo1 stage=post_ls ls=pyvrp iter=24
2026-03-15 22:15:40 | INFO     | [POOL #00398] 522 1202 136 258 336 917 383 1217 496 314 807 1168 62 27 933 897 1103 405 499 199 1289 206 533 867 787 797 244 1124 900 279 577 1161 563 480 740 469 354 821 362 24 991 388 730 15 834 450 498 1193 19 979 728 916 417 720 615 853 980 1307 845 1163 743 487 1312 632 78 611 609 606 559 744 304 1166 812 1093 1153 || mode=VB method=sk_ac_avg solver=filo1 stage=post_ls ls=pyvrp iter=24
2026-03-15 22:15:40 | INFO     | [POOL #00399] 915 1174 1265 732 1177 1293 930 2 1304 252 904 459 263 655 585 677 25 795 447 566 1184 1319 126 784 271 1305 412 180 71 230 694 1235 1276 1303 385 83 574 11 939 435 1151 859 232 477 58 646 569 815 837 270 793 530 717 550 1291 288 1107 883 238 369 525 742 372 901 970 557 628 1117 160 32 1253 814 || mode=VB method=sk_ac_avg solver=filo1 stage=post_ls ls=pyvrp iter=24
2026-03-15 22:15:40 | INFO     | [POOL #00400] 664 1047 613 140 526 1262 297 554 324 514 92 803 277 51 1249 303 788 1237 171 622 691 416 1048 1023 236 1046 462 209 121 1271 880 368 832 386 1267 1324 517 855 1239 1082 973 169 426 872 267 1147 537 568 153 464 163 346 1200 874 1028 100 381 420 35 313 605 397 45 506 367 1219 578 792 1064 241 || mode=VB method=sk_ac_avg solver=filo1 stage=post_ls ls=pyvrp iter=24
2026-03-15 22:15:40 | INFO     | [POOL #00401] 542 5 73 529 139 856 582 791 818 1210 928 1015 105 1084 1008 342 106 333 672 704 666 322 202 621 479 1234 1127 769 64 763 696 351 1030 716 597 1259 460 850 1213 265 889 919 1196 502 406 194 1211 768 1096 476 773 948 357 512 144 217 954 311 986 908 708 70 84 1113 1309 1090 430 593 1288 89 || mode=VB method=sk_ac_avg solver=filo1 stage=post_ls ls=pyvrp iter=24
2026-03-15 22:15:40 | INFO     | [POOL #00402] 214 854 1272 535 59 114 978 146 1115 281 572 1215 864 213 10 602 778 706 187 600 551 1141 407 1040 825 623 210 1170 881 734 806 205 962 20 76 1018 1301 284 1231 627 679 647 176 909 801 1005 1157 278 836 327 395 823 760 90 335 1109 911 79 610 1160 1203 215 617 || mode=VB method=sk_ac_avg solver=filo1 stage=post_ls ls=pyvrp iter=24
2026-03-15 22:15:40 | INFO     | [POOL #00403] 894 1080 925 1220 1261 26 29 1295 442 1006 1269 639 965 72 786 830 996 729 196 848 423 598 783 645 707 48 309 714 332 272 50 1246 81 77 751 1180 660 1222 1059 353 61 543 478 253 145 1011 428 316 1009 23 1326 1185 379 42 248 649 38 692 777 483 356 794 1186 671 307 1088 133 198 588 1192 827 315 109 135 || mode=RB method=sk_ac_min solver=filo1 stage=post_ls ls=pyvrp iter=26
2026-03-15 22:15:40 | INFO     | [POOL #00404] 1221 12 993 456 164 101 633 476 150 1277 1292 526 1262 297 92 803 277 51 880 1271 121 1023 236 1046 462 209 832 368 386 1267 1324 517 855 1239 1082 973 169 426 872 267 1147 537 153 568 464 163 346 1200 874 1028 100 381 420 722 756 785 466 835 393 151 1283 1263 847 204 1164 997 1047 46 644 619 828 5 || mode=RB method=sk_ac_min solver=filo1 stage=post_ls ls=pyvrp iter=26
2026-03-15 22:15:40 | INFO     | [POOL #00405] 358 670 1081 747 67 112 345 1090 1309 1113 84 70 708 908 582 791 1210 818 952 165 1024 558 992 1173 276 928 768 1211 1096 554 324 514 1249 303 788 1237 171 622 416 1048 691 850 1213 460 265 889 919 1196 502 406 194 105 1015 903 541 1097 1282 591 931 1155 902 800 347 861 753 752 370 1178 552 575 1010 854 || mode=RB method=sk_ac_min solver=filo1 stage=post_ls ls=pyvrp iter=26
2026-03-15 22:15:40 | INFO     | [POOL #00406] 1031 492 697 321 182 245 122 1298 1027 546 299 349 1039 33 862 53 844 1003 274 228 186 173 154 56 995 534 592 227 329 709 567 761 493 946 749 264 932 305 771 189 1074 458 544 781 250 175 268 1150 1077 1076 654 668 949 595 300 1199 404 251 280 1308 735 74 882 1105 489 1250 117 635 1242 780 470 || mode=RB method=sk_ac_min solver=filo1 stage=post_ls ls=pyvrp iter=26
2026-03-15 22:15:40 | INFO     | [POOL #00407] 1256 415 782 545 451 195 1233 1310 779 765 1085 1065 1317 384 1104 536 998 453 935 355 390 663 444 1191 762 66 871 1320 926 680 334 821 362 24 991 388 730 15 834 450 498 152 625 686 1095 728 916 720 615 853 980 1307 845 743 487 971 497 78 611 609 606 559 744 304 1166 812 1060 1153 || mode=RB method=sk_ac_min solver=filo1 stage=post_ls ls=pyvrp iter=26
2026-03-15 22:15:40 | INFO     | [POOL #00408] 775 223 184 884 43 433 1058 964 448 860 676 468 1167 842 1050 521 561 519 1089 1205 123 967 242 247 302 515 961 221 178 896 95 367 945 934 873 1219 471 578 792 1129 726 1094 811 548 1044 846 1064 1270 434 31 580 1007 241 974 1091 || mode=RB method=sk_ac_min solver=filo1 stage=post_ls ls=pyvrp iter=26
2026-03-15 22:15:40 | INFO     | [POOL #00409] 829 240 159 750 596 1255 641 573 343 427 431 831 1066 273 1223 1051 378 547 364 607 463 142 295 509 231 328 394 1297 1190 1290 490 958 987 820 188 920 363 976 875 99 891 1128 465 495 1264 373 712 34 110 1257 127 690 275 158 895 701 604 410 1287 727 570 1022 906 409 1038 16 1315 233 650 977 116 1284 || mode=RB method=sk_ac_min solver=filo1 stage=post_ls ls=pyvrp iter=26
2026-03-15 22:15:40 | INFO     | [POOL #00410] 1183 942 1208 1041 1033 1230 1052 520 234 344 224 1112 85 1045 422 695 876 1054 1278 389 1179 766 802 69 892 1294 1195 1159 229 1 1228 425 1062 770 14 824 981 618 1286 350 532 1123 725 673 907 3 115 914 452 432 713 539 446 1026 1232 905 1086 599 137 1240 312 129 290 955 1135 1034 411 912 1078 1244 507 39 || mode=RB method=sk_ac_min solver=filo1 stage=post_ls ls=pyvrp iter=26
2026-03-15 22:15:40 | INFO     | [POOL #00411] 688 888 841 542 40 1110 168 382 759 262 1300 1057 65 340 73 866 1248 579 953 529 1019 657 1071 741 613 140 474 1258 235 1241 104 455 773 948 357 512 144 139 856 954 217 986 311 886 430 593 723 132 667 22 893 286 963 13 1288 89 989 207 869 1148 119 681 1042 1156 589 || mode=RB method=sk_ac_min solver=filo1 stage=post_ls ls=pyvrp iter=26
2026-03-15 22:15:40 | INFO     | [POOL #00412] 524 1299 631 429 594 111 494 516 473 1266 1162 776 1243 937 134 938 1070 172 1017 157 138 637 1322 1216 757 943 18 1145 1016 392 308 401 849 402 177 972 1260 397 605 1172 260 103 999 1092 86 1032 500 237 1280 1302 1043 669 796 738 1143 675 659 1122 693 923 330 638 674 1321 449 746 113 294 852 301 804 664 1229 1189 222 156 || mode=RB method=sk_ac_min solver=filo1 stage=post_ls ls=pyvrp iter=26
2026-03-15 22:15:40 | INFO     | [POOL #00413] 1093 737 1119 858 1118 715 1323 4 454 417 979 19 1193 797 244 900 480 740 354 469 717 530 646 58 477 232 859 1151 435 939 1235 1276 694 230 71 412 180 1303 385 83 11 574 569 815 837 270 793 550 1161 563 577 279 369 1124 787 867 199 1289 206 533 1163 897 933 1312 632 1217 383 917 336 258 136 1202 522 764 || mode=RB method=sk_ac_min solver=filo1 stage=post_ls ls=pyvrp iter=26
2026-03-15 22:15:40 | INFO     | [POOL #00414] 1004 1238 298 833 437 1049 843 155 80 131 1158 1075 1014 102 36 1111 162 966 414 481 174 678 28 982 927 983 1245 890 192 870 317 629 1012 922 216 472 689 612 990 55 755 705 246 130 508 651 149 540 960 1001 1187 21 63 254 1098 608 179 851 190 975 147 636 96 1068 320 1020 1056 467 1013 1137 1325 527 211 || mode=RB method=sk_ac_min solver=filo1 stage=post_ls ls=pyvrp iter=26
2026-03-15 22:15:40 | INFO     | [POOL #00415] 214 1272 535 760 823 395 327 836 278 1108 7 819 37 1132 924 1176 887 1306 562 1209 259 774 666 704 672 333 106 342 1008 1084 479 1234 1030 1259 597 716 351 696 763 64 769 1127 621 202 322 1327 239 648 724 143 739 1274 959 88 789 518 436 587 49 1214 1279 956 1157 1005 801 909 59 114 146 978 90 || mode=RB method=sk_ac_min solver=filo1 stage=post_ls ls=pyvrp iter=26
2026-03-15 22:15:40 | INFO     | [POOL #00416] 1149 1204 1142 1144 47 1252 418 921 1316 929 957 293 1053 1236 918 285 1171 1131 556 424 1218 1121 191 306 624 44 733 1021 161 626 1225 969 219 120 243 1036 375 936 913 296 790 387 683 421 366 652 75 337 951 1194 994 197 203 899 1268 767 1133 1285 118 576 57 877 484 1029 1227 662 614 1182 1139 505 439 1130 319 || mode=RB method=sk_ac_min solver=filo1 stage=post_ls ls=pyvrp iter=26
2026-03-15 22:15:40 | INFO     | [POOL #00417] 220 810 985 950 1152 565 1101 108 583 809 486 289 699 560 910 1079 1207 98 97 538 984 68 338 1197 166 1281 93 107 745 603 634 488 549 616 813 396 87 1313 326 374 630 731 1314 1073 391 1206 808 1002 17 261 710 400 1136 1000 1318 1188 482 581 167 1275 878 41 1273 359 1125 371 758 1037 1099 1201 703 292 941 1100 1224 || mode=RB method=sk_ac_min solver=filo1 stage=post_ls ls=pyvrp iter=26
2026-03-15 22:15:40 | INFO     | [POOL #00418] 266 898 1116 257 1296 590 506 45 868 814 915 1174 1253 32 496 160 314 1168 27 62 807 1117 628 557 1103 405 499 901 372 742 525 238 883 1107 288 1291 447 566 1184 1319 126 784 1305 271 795 25 677 585 655 263 459 904 1304 252 970 930 2 1293 35 313 1177 732 1265 1114 1175 475 1072 193 226 443 879 940 || mode=RB method=sk_ac_min solver=filo1 stage=post_ls ls=pyvrp iter=26
2026-03-15 22:15:40 | INFO     | [POOL #00419] 665 1251 183 170 331 485 682 339 564 947 1226 310 586 1140 840 1254 440 968 408 721 816 1198 1067 640 661 30 376 124 361 1311 341 865 318 365 510 1035 817 754 283 8 571 60 736 643 212 1165 287 653 491 377 826 200 249 620 553 601 348 201 523 208 438 702 269 656 461 398 325 82 54 748 511 128 700 291 501 || mode=RB method=sk_ac_min solver=filo1 stage=post_ls ls=pyvrp iter=26
2026-03-15 22:15:40 | INFO     | [POOL #00420] 974 39 829 240 159 750 596 1255 641 245 122 1298 1027 546 299 349 1039 33 862 53 844 1003 274 228 186 173 154 995 534 592 227 567 329 709 544 175 250 268 1150 668 949 595 1199 300 6 282 125 1102 255 218 685 988 1154 513 555 839 1212 1138 1069 380 256 882 1105 1250 117 635 91 642 470 || mode=RB method=sk_ac_complete solver=pyvrp stage=post_ls ls=pyvrp iter=27
2026-03-15 22:15:40 | INFO     | [POOL #00421] 1031 492 697 321 182 489 74 735 1308 280 251 404 56 654 1076 1077 781 264 932 560 98 97 1207 1079 910 400 710 261 17 1002 1206 808 958 987 1257 110 127 275 690 1188 482 1290 1297 394 328 1190 167 1275 878 231 509 295 41 1273 1125 371 905 758 1037 1086 599 1099 1201 1240 312 703 224 292 941 1100 1224 1078 507 || mode=RB method=sk_ac_complete solver=pyvrp stage=post_ls ls=pyvrp iter=27
2026-03-15 22:15:40 | INFO     | [POOL #00422] 1244 912 411 1034 1135 955 810 290 129 985 950 137 1152 565 1101 108 583 809 359 914 452 115 907 895 581 1318 1000 1136 490 820 34 712 373 14 824 981 618 1286 350 532 158 1123 725 673 701 604 3 432 713 539 1026 1232 446 1287 410 1054 876 695 422 570 1022 906 409 1038 234 520 1052 1230 1208 942 1183 || mode=RB method=sk_ac_complete solver=pyvrp stage=post_ls ls=pyvrp iter=27
2026-03-15 22:15:40 | INFO     | [POOL #00423] 116 977 650 1144 47 894 1080 925 1220 1261 26 29 1295 442 1006 1269 639 965 72 786 830 936 296 913 375 1036 243 120 219 969 1225 626 161 229 1 1228 425 1062 69 892 1294 1195 1159 44 733 1021 624 306 191 1121 1218 424 556 1131 1171 285 918 1236 1053 293 957 929 1316 921 418 1252 16 1315 233 1033 1041 1284 1149 || mode=RB method=sk_ac_complete solver=pyvrp stage=post_ls ls=pyvrp iter=27
2026-03-15 22:15:40 | INFO     | [POOL #00424] 344 1112 85 1045 727 1278 389 1179 766 802 770 1264 495 188 920 363 465 1128 891 99 875 976 391 1073 1314 731 630 374 326 1313 87 396 813 616 549 488 634 603 745 107 93 1281 166 1197 338 68 984 538 458 1074 189 771 305 749 946 493 761 699 289 486 142 463 607 364 547 378 1051 1223 273 1066 831 431 427 343 573 220 || mode=RB method=sk_ac_complete solver=pyvrp stage=post_ls ls=pyvrp iter=27
2026-03-15 22:15:40 | INFO     | [POOL #00425] 156 1007 580 43 433 266 898 860 1116 1050 521 967 123 1205 1089 519 561 675 1143 659 738 796 669 1043 1280 237 1032 500 1072 475 1114 1175 86 999 1092 868 45 506 590 1296 221 961 515 302 247 242 257 896 178 95 367 945 934 873 1219 471 578 792 1129 726 1094 811 548 1044 846 1064 1270 434 31 241 || mode=RB method=sk_ac_complete solver=pyvrp stage=post_ls ls=pyvrp iter=27
2026-03-15 22:15:40 | INFO     | [POOL #00426] 688 775 223 184 884 1058 964 940 448 676 468 1167 842 693 1122 923 330 638 674 1321 449 746 294 852 113 619 340 1057 65 893 286 963 993 132 723 593 430 311 986 954 217 908 708 70 84 1113 1309 1090 345 753 861 37 819 7 1178 1108 278 836 552 575 1010 327 395 823 760 535 1272 854 214 || mode=RB method=sk_ac_complete solver=pyvrp stage=post_ls ls=pyvrp iter=27
2026-03-15 22:15:40 | INFO     | [POOL #00427] 589 1156 1042 888 841 542 40 1110 168 382 5 828 73 46 644 879 443 226 997 193 1164 204 847 1263 1283 835 466 756 722 785 35 313 160 807 314 1168 62 27 1217 496 32 1253 1174 732 1265 915 814 605 397 260 1172 177 402 849 401 308 392 1016 1145 943 757 1216 1322 637 138 157 764 1266 473 516 494 111 594 429 || mode=RB method=sk_ac_complete solver=pyvrp stage=post_ls ls=pyvrp iter=27
2026-03-15 22:15:40 | INFO     | [POOL #00428] 1299 631 319 211 505 1139 1182 614 1325 1137 662 1227 1013 1029 155 80 877 57 576 118 1285 1014 102 966 414 162 481 1111 36 636 147 975 190 851 179 174 678 28 982 927 994 1194 983 1245 890 192 951 337 75 652 777 483 683 356 794 671 307 1088 133 198 1192 484 843 1049 437 833 298 1238 135 1004 1142 1204 524 || mode=RB method=sk_ac_complete solver=pyvrp stage=post_ls ls=pyvrp iter=27
2026-03-15 22:15:40 | INFO     | [POOL #00429] 1243 937 1256 415 527 782 545 451 195 1233 1056 765 1310 779 1085 1020 320 1065 1317 384 1068 1104 96 998 536 453 935 355 390 663 444 1191 762 66 21 63 254 608 1098 1001 960 1187 871 730 15 450 498 1193 19 979 916 417 720 615 853 980 1307 845 743 487 971 497 611 609 606 559 744 304 1166 1093 172 1162 || mode=RB method=sk_ac_complete solver=pyvrp stage=post_ls ls=pyvrp iter=27
2026-03-15 22:15:40 | INFO     | [POOL #00430] 776 134 938 1070 1153 1060 812 737 1119 858 1118 715 1323 4 454 728 1095 686 625 152 834 388 991 24 362 1320 821 334 680 926 540 149 246 705 755 55 990 130 651 508 870 317 629 1012 922 612 689 472 216 1326 1185 379 42 248 649 38 692 366 421 197 203 899 1268 767 1133 1075 1158 131 467 439 1130 || mode=RB method=sk_ac_complete solver=pyvrp stage=post_ls ls=pyvrp iter=27
2026-03-15 22:15:40 | INFO     | [POOL #00431] 119 1148 869 207 89 1288 667 456 886 101 139 856 582 791 818 1210 931 591 1282 1097 541 903 276 1173 928 1015 105 194 406 502 1196 919 889 265 460 1213 850 691 1048 416 622 171 1237 788 303 1249 514 324 554 1096 297 1262 526 1277 150 1241 235 104 140 613 657 1019 529 953 579 1248 866 1300 262 759 989 681 || mode=RB method=sk_ac_complete solver=pyvrp stage=post_ls ls=pyvrp iter=27
2026-03-15 22:15:40 | INFO     | [POOL #00432] 1221 12 13 22 164 633 144 512 357 948 773 455 476 952 165 1024 558 992 768 1211 92 803 277 51 880 1271 121 1023 236 1046 462 209 832 368 386 1267 1324 517 855 1239 1082 973 426 872 169 568 153 537 464 163 346 1200 874 1028 100 381 420 1292 393 151 1258 474 741 1071 1047 301 804 664 1229 1189 222 || mode=RB method=sk_ac_complete solver=pyvrp stage=post_ls ls=pyvrp iter=27
2026-03-15 22:15:40 | INFO     | [POOL #00433] 18 972 1260 136 336 383 632 933 897 1103 405 499 901 199 1289 867 787 1124 369 238 883 1107 288 279 577 563 1161 1291 447 566 1184 1319 126 270 837 815 385 83 1303 784 271 1305 412 180 1276 1235 694 230 71 267 1147 795 25 677 585 655 263 459 525 742 372 904 252 1304 2 1293 930 970 557 628 1117 1177 103 1302 || mode=RB method=sk_ac_complete solver=pyvrp stage=post_ls ls=pyvrp iter=27
2026-03-15 22:15:40 | INFO     | [POOL #00434] 109 315 827 748 588 1186 387 790 729 196 848 423 598 783 645 707 48 309 714 332 272 1246 50 81 77 751 1180 660 1222 1059 353 61 543 478 253 145 1011 428 316 23 1009 232 859 1151 435 939 11 574 569 477 58 646 530 793 550 717 469 354 740 480 900 244 797 533 206 1163 1312 78 917 258 1202 522 1017 || mode=RB method=sk_ac_complete solver=pyvrp stage=post_ls ls=pyvrp iter=27
2026-03-15 22:15:40 | INFO     | [POOL #00435] 467 1056 1158 1075 102 975 179 608 1098 1001 960 870 317 629 1012 922 612 689 472 216 1326 1185 23 1009 316 428 1011 145 253 478 543 61 353 1059 1222 660 1180 751 77 81 1246 50 272 332 714 309 48 707 645 783 598 423 379 42 248 649 38 692 777 483 683 356 794 1186 671 307 1088 133 198 1192 484 843 1227 662 || mode=VB method=sk_ac_complete solver=filo2 stage=post_ls ls=pyvrp iter=28
2026-03-15 22:15:40 | INFO     | [POOL #00436] 1149 1284 116 977 650 233 1315 16 1252 418 1038 921 1316 906 1022 570 422 695 876 1054 1278 389 1179 485 331 170 183 682 1294 1195 892 69 766 802 14 824 981 618 1286 350 532 1123 725 673 701 604 3 115 914 452 432 713 539 1026 1232 371 758 1037 1086 599 1099 1201 85 224 344 234 520 1052 1230 1033 1041 1208 942 1183 || mode=VB method=sk_ac_complete solver=filo2 stage=post_ls ls=pyvrp iter=28
2026-03-15 22:15:40 | INFO     | [POOL #00437] 214 854 1272 535 760 823 395 327 1010 575 552 836 278 1108 1178 7 819 37 861 753 752 347 800 924 959 1274 1306 1176 887 1282 541 1097 1209 259 774 666 704 672 333 106 342 1008 1084 1015 903 276 1173 992 1024 165 952 818 1210 791 582 908 708 70 84 1113 1309 1090 430 593 723 132 1288 89 207 869 1081 670 358 || mode=VB method=sk_ac_complete solver=filo2 stage=post_ls ls=pyvrp iter=28
2026-03-15 22:15:40 | INFO     | [POOL #00438] 1031 492 697 321 182 245 122 1298 1027 546 299 349 1039 33 862 53 844 1003 274 228 186 173 154 56 995 534 592 227 567 329 709 493 749 264 932 560 946 761 699 289 486 809 583 142 463 607 364 547 378 1051 950 985 1223 273 1066 831 431 427 343 573 641 220 1255 596 750 159 240 829 39 974 || mode=VB method=sk_ac_complete solver=filo2 stage=post_ls ls=pyvrp iter=28
2026-03-15 22:15:40 | INFO     | [POOL #00439] 266 898 1116 257 392 308 849 402 177 1260 136 336 611 78 632 1312 1163 533 206 1289 199 867 787 1124 900 279 577 1161 563 480 740 354 469 717 550 793 530 270 837 815 569 574 11 939 435 1151 859 232 477 58 646 990 55 755 705 246 130 508 651 149 540 1187 254 63 21 851 190 147 1068 320 1020 765 1119 737 1093 || mode=VB method=sk_ac_complete solver=filo2 stage=post_ls ls=pyvrp iter=28
2026-03-15 22:15:40 | INFO     | [POOL #00440] 1007 580 43 433 448 860 330 923 693 1122 659 738 796 669 1043 1302 1280 237 500 1032 86 1175 1114 475 1072 204 1071 741 613 140 104 455 1241 235 474 1258 393 151 835 466 756 722 785 35 313 1177 732 1265 1174 915 814 605 397 1172 260 103 999 1092 868 45 506 590 1296 221 961 896 792 1044 846 1064 1270 434 31 241 || mode=VB method=sk_ac_complete solver=filo2 stage=post_ls ls=pyvrp iter=28
2026-03-15 22:15:40 | INFO     | [POOL #00441] 764 637 1322 1216 757 943 522 744 559 606 609 497 971 487 743 845 1307 980 853 615 720 417 916 728 979 19 1193 797 244 450 498 834 15 730 388 991 24 362 821 334 680 926 1320 871 66 762 152 625 686 1095 444 1191 663 390 355 935 453 998 536 454 4 1323 715 1118 858 304 1166 812 1060 1153 776 || mode=VB method=sk_ac_complete solver=filo2 stage=post_ls ls=pyvrp iter=28
2026-03-15 22:15:40 | INFO     | [POOL #00442] 727 1287 410 158 275 690 127 1257 110 820 188 920 363 976 1073 374 326 1313 396 87 440 968 408 721 816 1198 1067 640 661 30 376 124 361 1311 341 865 318 365 510 1035 817 754 283 8 571 60 736 643 212 1165 287 653 491 377 826 200 249 620 553 848 196 729 790 387 269 656 461 398 588 748 827 1049 437 833 298 || mode=VB method=sk_ac_complete solver=filo2 stage=post_ls ls=pyvrp iter=28
2026-03-15 22:15:40 | INFO     | [POOL #00443] 1189 1229 664 638 879 443 226 997 193 1164 847 1263 1283 1292 420 381 100 1028 874 1200 346 163 464 537 153 568 169 872 426 973 1082 1239 855 517 1324 1267 386 368 832 209 462 1046 236 1023 121 1271 880 51 1249 277 803 92 514 324 554 1211 768 1096 297 1262 526 1277 150 476 773 948 529 893 13 12 || mode=VB method=sk_ac_complete solver=filo2 stage=post_ls ls=pyvrp iter=28
2026-03-15 22:15:40 | INFO     | [POOL #00444] 1204 665 409 929 957 293 1251 1218 1121 44 733 1159 229 1 1228 425 1062 770 373 712 34 1264 495 465 1128 891 99 875 391 731 1314 630 549 813 616 488 634 603 745 107 93 1281 166 1197 984 538 68 338 17 1002 1206 808 710 261 400 1136 958 987 490 1000 1318 581 895 907 446 905 1045 1112 703 292 941 1100 1224 || mode=VB method=sk_ac_complete solver=filo2 stage=post_ls ls=pyvrp iter=28
2026-03-15 22:15:40 | INFO     | [POOL #00445] 156 775 222 223 184 884 1058 964 940 676 468 1167 842 1050 521 561 675 1143 519 1089 1205 123 967 242 247 302 515 178 95 367 945 934 873 1219 471 578 1129 726 1094 811 138 157 1017 172 1070 938 134 1162 1266 473 516 494 111 594 429 1299 524 1091 || mode=VB method=sk_ac_complete solver=filo2 stage=post_ls ls=pyvrp iter=28
2026-03-15 22:15:40 | INFO     | [POOL #00446] 1004 135 1238 109 501 291 315 700 128 511 54 82 325 1269 639 965 72 786 830 936 375 1036 243 913 296 996 702 438 208 523 201 601 348 840 1254 1140 586 310 1226 947 564 339 120 219 969 1225 626 161 1021 624 306 191 424 556 1131 1171 285 1006 442 1295 918 1236 1053 29 26 1261 1220 925 1080 894 47 1144 1142 || mode=VB method=sk_ac_complete solver=filo2 stage=post_ls ls=pyvrp iter=28
2026-03-15 22:15:40 | INFO     | [POOL #00447] 1145 1016 401 1253 32 496 160 314 1168 807 1117 628 557 970 930 1293 2 1304 252 904 459 263 655 585 677 25 795 1147 267 71 230 694 1235 1276 83 385 1303 180 412 1305 271 784 126 1319 1184 566 447 1291 288 1107 883 238 369 525 742 372 901 499 405 1103 897 933 62 27 1217 383 917 258 1202 972 18 548 || mode=VB method=sk_ac_complete solver=filo2 stage=post_ls ls=pyvrp iter=28
2026-03-15 22:15:40 | INFO     | [POOL #00448] 589 1156 1042 681 119 1148 989 1221 759 262 1300 340 1057 65 286 963 993 667 22 456 886 164 633 101 311 986 217 954 856 139 144 512 357 657 1019 953 1047 579 1248 866 73 46 644 746 1321 674 449 294 113 619 828 301 852 804 5 382 168 1110 40 542 841 888 688 || mode=VB method=sk_ac_complete solver=filo2 stage=post_ls ls=pyvrp iter=28
2026-03-15 22:15:40 | INFO     | [POOL #00449] 1243 937 1256 415 527 782 545 451 195 1233 1310 779 1085 1065 1317 384 1104 96 636 36 1111 162 966 414 481 174 678 28 982 927 983 1245 890 192 951 337 75 652 366 421 1194 994 197 203 899 1268 767 1133 1014 1285 118 576 131 57 877 80 155 1029 1013 1137 1325 614 1182 1139 505 439 1130 211 319 631 || mode=VB method=sk_ac_complete solver=filo2 stage=post_ls ls=pyvrp iter=28
2026-03-15 22:15:40 | INFO     | [POOL #00450] 507 1244 1078 912 411 1034 1135 955 810 290 129 312 1240 137 1152 565 1101 108 1125 359 1273 41 295 509 231 878 1275 167 482 1188 1290 1190 1297 394 328 910 1079 1207 98 97 305 771 189 1074 458 544 175 250 268 781 1077 1150 1076 654 668 949 595 300 1199 404 251 280 1308 735 74 882 1105 489 1250 117 635 91 642 470 || mode=VB method=sk_ac_complete solver=filo2 stage=post_ls ls=pyvrp iter=28
2026-03-15 22:15:40 | INFO     | [POOL #00451] 90 978 146 114 59 909 1005 1157 956 1279 1214 49 587 1132 436 518 789 88 724 143 739 562 648 239 1327 322 202 621 479 1234 1127 769 64 763 696 1030 351 716 597 1259 460 265 1213 850 691 1048 416 622 303 788 1237 171 889 919 1196 502 406 194 105 928 558 931 591 1155 902 345 370 112 67 747 || mode=VB method=sk_ac_complete solver=filo2 stage=post_ls ls=pyvrp iter=28
2026-03-15 22:15:40 | INFO     | [POOL #00452] 507 1244 1078 912 411 1034 129 312 1240 137 599 1086 1037 758 371 1125 359 1273 41 914 452 539 713 432 3 115 907 895 158 275 690 127 1257 110 34 712 373 14 824 981 618 1286 350 532 1123 725 673 701 604 410 1287 446 1026 1232 905 727 422 1022 906 85 1112 224 344 234 520 1052 1230 1033 1041 1208 942 || mode=RB method=sk_ac_avg solver=filo2 stage=post_ls ls=pyvrp iter=29
2026-03-15 22:15:40 | INFO     | [POOL #00453] 492 697 573 343 427 431 831 1066 273 1223 1051 378 547 364 607 463 142 486 289 699 761 493 946 749 264 932 560 1079 910 328 394 1297 1190 1290 1136 400 710 261 17 1002 808 1206 976 363 920 188 820 987 958 490 1000 1318 1188 482 581 167 1275 878 231 509 295 809 583 108 1101 565 1152 950 985 290 810 955 1135 220 || mode=RB method=sk_ac_avg solver=filo2 stage=post_ls ls=pyvrp iter=29
2026-03-15 22:15:40 | INFO     | [POOL #00454] 156 1007 580 43 433 448 860 1167 842 1050 521 967 123 1205 1089 519 561 675 1143 738 796 669 1043 1280 237 1032 500 1072 475 1114 1175 86 999 1092 868 45 506 590 1296 221 961 515 302 247 242 257 896 178 95 367 1219 471 578 792 726 1094 811 548 1270 1266 473 516 494 111 594 429 524 1091 || mode=VB method=sk_ac_complete solver=filo1 stage=post_ls ls=pyvrp iter=30
2026-03-15 22:15:40 | INFO     | [POOL #00455] 321 182 489 74 735 1308 280 251 404 56 654 1076 329 709 493 560 1079 1207 98 97 538 984 68 338 1197 166 1281 93 107 745 603 634 488 549 616 813 396 87 1313 326 374 630 731 1314 1073 391 875 99 891 1128 465 495 1264 712 34 373 770 14 824 981 618 1286 350 725 1278 1054 727 570 1045 85 224 941 1230 1183 || mode=VB method=sk_ac_complete solver=filo1 stage=post_ls ls=pyvrp iter=30
2026-03-15 22:15:40 | INFO     | [POOL #00456] 688 888 841 542 40 1110 168 382 759 262 1300 1057 65 286 893 22 164 101 633 529 1248 46 644 746 449 1321 674 638 330 923 468 676 940 964 1058 884 184 223 775 || mode=VB method=sk_ac_complete solver=filo1 stage=post_ls ls=pyvrp iter=30
2026-03-15 22:15:40 | INFO     | [POOL #00457] 1284 116 977 650 233 665 16 1252 418 1038 409 921 1316 929 957 293 1053 1236 1295 442 1006 285 1171 1131 556 424 1218 1121 191 306 44 733 1159 1195 1294 892 69 766 802 1062 425 1228 1 229 161 626 1225 969 219 120 243 1036 375 913 936 786 72 965 639 1269 325 82 54 511 128 700 501 894 47 1144 1142 1204 || mode=VB method=sk_ac_complete solver=filo1 stage=post_ls ls=pyvrp iter=30
2026-03-15 22:15:40 | INFO     | [POOL #00458] 1315 1080 925 1220 1261 26 29 918 624 1021 339 564 947 1226 310 586 1140 840 1254 440 968 408 721 816 1198 1067 640 661 30 376 124 361 1311 341 865 318 365 510 1035 817 754 283 8 571 60 736 643 212 1165 287 653 491 377 826 200 249 620 553 601 348 201 523 208 438 702 996 296 830 398 588 748 827 315 291 109 || mode=VB method=sk_ac_complete solver=filo1 stage=post_ls ls=pyvrp iter=30
2026-03-15 22:15:40 | INFO     | [POOL #00459] 589 681 119 1148 869 207 67 112 345 752 753 861 37 587 1132 436 924 518 789 88 959 1274 739 143 724 648 1209 259 774 666 704 672 333 1084 1008 106 342 1097 541 1282 591 931 952 165 1024 476 1241 455 773 948 357 512 144 139 856 954 217 986 311 886 456 667 993 963 13 12 1221 1042 1156 || mode=VB method=sk_ac_complete solver=filo1 stage=post_ls ls=pyvrp iter=30
2026-03-15 22:15:40 | INFO     | [POOL #00460] 693 1122 659 226 997 193 1164 204 847 1263 1283 835 785 313 35 1293 930 2 346 1239 163 464 537 153 568 1082 973 169 426 872 267 1147 71 230 694 1276 1235 939 435 1151 859 232 477 58 646 530 717 469 354 821 362 24 991 388 730 15 834 450 498 728 916 454 4 1323 715 1118 858 304 1166 172 1162 || mode=VB method=sk_ac_complete solver=filo1 stage=post_ls ls=pyvrp iter=30
2026-03-15 22:15:40 | INFO     | [POOL #00461] 507 1244 912 411 1034 1135 955 810 290 129 312 1240 137 1152 565 1101 108 1037 758 371 1125 359 1273 41 914 452 539 713 432 3 115 878 1275 167 1190 1297 1290 394 910 328 231 509 295 699 289 486 809 583 142 463 607 364 547 378 1051 950 985 1223 273 1066 831 431 427 343 573 220 1255 596 750 159 240 829 39 974 || mode=VB method=sk_ac_complete solver=filo1 stage=post_ls ls=pyvrp iter=30
2026-03-15 22:15:40 | INFO     | [POOL #00462] 1081 747 370 347 800 902 1155 887 1176 1306 562 239 1327 322 202 621 479 1234 1127 769 64 763 696 351 1030 716 597 1259 460 265 1213 850 691 1048 416 622 788 1237 171 889 919 1196 502 406 194 105 1015 903 276 928 1173 992 558 1210 818 791 582 908 708 70 84 1113 1309 1090 430 593 723 132 1288 89 989 || mode=VB method=sk_ac_complete solver=filo1 stage=post_ls ls=pyvrp iter=30
2026-03-15 22:15:40 | INFO     | [POOL #00463] 5 804 301 828 619 340 73 866 579 953 1019 657 613 140 104 235 150 1277 1292 526 1262 297 1096 768 1211 554 324 514 92 803 277 51 1249 303 880 1271 121 1023 236 1046 462 209 832 368 386 1267 1324 855 517 1200 874 1028 100 381 420 722 756 466 151 393 1258 474 741 1071 1047 443 879 113 294 852 664 1229 1189 222 || mode=VB method=sk_ac_complete solver=filo1 stage=post_ls ls=pyvrp iter=30
2026-03-15 22:15:40 | INFO     | [POOL #00464] 492 697 641 245 122 1298 1027 546 299 349 1039 33 862 53 844 1003 274 228 186 173 154 995 534 592 227 567 761 946 749 264 932 305 771 189 1074 458 544 781 250 175 268 1077 1150 668 949 595 1199 300 6 282 125 1102 255 218 685 1154 513 555 839 1212 1138 1069 380 256 882 1105 1250 117 635 1031 || mode=VB method=sk_ac_complete solver=filo1 stage=post_ls ls=pyvrp iter=30
2026-03-15 22:15:40 | INFO     | [POOL #00465] 631 776 1243 937 1256 415 527 782 545 195 1233 1310 779 1085 1065 1317 384 1104 536 998 453 935 355 390 663 1191 444 1095 686 625 152 762 66 21 63 254 982 28 678 174 481 414 966 162 1111 36 102 1014 118 576 131 57 877 80 155 843 1029 1013 1137 1325 614 1182 1139 505 439 1130 211 319 1299 || mode=VB method=sk_ac_complete solver=filo1 stage=post_ls ls=pyvrp iter=30
2026-03-15 22:15:40 | INFO     | [POOL #00466] 1004 662 1227 484 133 1088 307 671 794 356 683 483 421 366 777 692 652 337 75 649 38 248 42 379 1185 1326 23 1009 316 428 1011 145 253 478 543 61 353 1059 1222 660 1180 751 77 81 50 1246 272 332 714 309 48 707 645 783 598 423 848 196 729 790 387 269 656 461 1186 198 1192 1049 437 833 298 1238 135 || mode=VB method=sk_ac_complete solver=filo1 stage=post_ls ls=pyvrp iter=30
2026-03-15 22:15:40 | INFO     | [POOL #00467] 266 898 1116 1302 103 814 915 1174 1265 732 1177 160 314 1168 807 1117 628 557 970 252 1304 904 459 263 655 585 677 25 795 447 566 1184 1319 126 784 271 1305 412 180 1303 385 83 11 574 569 815 837 270 793 550 1291 288 1107 883 238 525 742 372 901 499 405 1103 897 933 62 27 496 32 1253 605 397 1172 260 392 || mode=VB method=sk_ac_complete solver=filo1 stage=post_ls ls=pyvrp iter=30
2026-03-15 22:15:40 | INFO     | [POOL #00468] 764 138 637 1322 1216 757 943 522 744 559 606 609 611 78 497 971 487 743 845 1307 980 853 615 720 417 979 19 1193 797 244 900 480 740 1161 563 577 279 369 1124 787 867 199 1289 206 533 1163 1312 632 1217 383 917 336 258 136 1202 1260 972 177 402 849 401 308 1016 1145 18 945 934 873 1129 1044 846 1064 434 31 || mode=VB method=sk_ac_complete solver=filo1 stage=post_ls ls=pyvrp iter=30
2026-03-15 22:15:40 | INFO     | [POOL #00469] 470 1134 718 1242 457 1063 185 1181 225 1087 1055 687 1126 885 531 1061 684 503 799 9 323 584 658 1083 798 1120 352 857 528 711 403 822 399 445 181 988 94 141 863 360 413 419 805 698 1247 838 1146 1169 944 719 52 148 91 642 780 504 1025 441 1106 772 1160 215 617 || mode=VB method=sk_ac_complete solver=filo1 stage=post_ls ls=pyvrp iter=30
2026-03-15 22:15:40 | INFO     | [POOL #00470] 1078 1224 1100 292 703 1201 1099 599 1086 905 1232 1026 446 1287 410 604 701 907 673 895 581 482 1188 1318 1000 490 987 958 1136 400 710 261 17 1002 808 1206 976 363 920 188 820 110 1257 127 690 275 158 532 1123 1179 389 485 331 682 170 183 1251 876 695 422 1022 906 1112 344 234 520 1052 1033 1041 1208 942 1149 || mode=VB method=sk_ac_complete solver=filo1 stage=post_ls ls=pyvrp iter=30
2026-03-15 22:15:40 | INFO     | [POOL #00471] 134 938 1070 1153 1060 451 1056 467 1158 1075 1285 1133 767 1268 899 203 197 994 927 1194 983 1245 890 951 192 870 317 629 1012 922 216 472 689 612 990 55 755 705 246 130 508 651 149 540 926 680 334 1320 871 1187 960 1001 1098 608 179 851 190 975 147 636 96 1068 320 1020 765 1119 737 812 1093 1017 157 241 || mode=VB method=sk_ac_complete solver=filo1 stage=post_ls ls=pyvrp iter=30
2026-03-15 22:15:40 | INFO     | [POOL #00472] 1203 79 610 911 1109 335 778 706 187 600 551 1141 407 1040 825 623 210 1170 881 734 806 205 962 20 602 10 213 864 1215 572 281 1115 146 978 114 59 909 801 176 76 1018 1301 284 1231 627 679 647 1005 1157 956 1279 1214 49 819 7 1178 1108 278 836 552 575 1010 327 395 823 760 535 1272 854 670 358 214 90 || mode=VB method=sk_ac_complete solver=filo1 stage=post_ls ls=pyvrp iter=30
2026-03-15 22:15:40 | INFO     | [POOL #00473] 507 1078 1224 1230 233 894 315 700 128 26 29 1053 1236 918 1295 442 1006 285 1171 1131 556 424 1218 1121 191 306 44 733 1021 624 626 1225 969 219 120 208 523 201 348 840 1254 1140 586 310 1226 947 564 339 161 229 1 1228 425 1062 69 892 1195 1159 1294 682 485 331 170 183 1251 293 957 1261 1220 47 116 1284 || mode=VB method=sk_kmeans solver=filo1 stage=post_ls ls=pyvrp iter=31
2026-03-15 22:15:40 | INFO     | [POOL #00474] 1022 570 422 695 727 905 1232 1026 446 1287 410 604 701 673 725 1123 532 350 1286 618 981 824 14 373 712 34 495 465 1128 891 99 875 391 731 1314 630 549 813 616 488 634 603 745 107 93 1281 166 1197 984 538 68 338 17 1002 1206 808 710 261 400 1136 1318 581 167 1275 878 231 509 295 699 289 486 809 583 1101 || mode=VB method=sk_kmeans solver=filo1 stage=post_ls ls=pyvrp iter=31
2026-03-15 22:15:40 | INFO     | [POOL #00475] 1227 843 155 484 1192 198 588 398 461 656 269 790 387 683 483 777 692 38 248 42 379 1185 1326 1011 145 1180 1222 751 77 81 1246 272 50 817 754 283 8 1035 510 365 318 865 341 1311 571 60 736 361 124 376 30 816 1198 1067 661 640 396 87 1313 326 374 1073 976 363 920 188 1264 770 802 766 1179 389 1278 1054 876 929 || mode=VB method=sk_kmeans solver=filo1 stage=post_ls ls=pyvrp iter=31
2026-03-15 22:15:40 | INFO     | [POOL #00476] 1325 1137 1013 1029 80 877 131 57 133 1088 307 671 1186 794 356 421 366 652 337 75 649 729 196 848 423 598 783 645 707 48 309 332 714 643 212 1165 287 653 491 377 721 408 826 968 440 200 249 620 553 601 438 702 996 296 913 243 1036 375 936 830 786 72 965 639 1269 325 82 54 748 511 827 1049 833 || mode=VB method=sk_kmeans solver=filo1 stage=post_ls ls=pyvrp iter=31
2026-03-15 22:15:40 | INFO     | [POOL #00477] 234 1045 1086 1037 758 371 1125 359 1273 41 914 452 539 713 432 3 115 907 895 158 275 690 127 1257 110 820 987 958 490 1000 1188 482 1290 1190 1297 394 328 910 1079 1207 98 97 305 771 189 1074 458 264 932 560 749 946 493 761 567 329 709 781 544 175 250 268 1077 1150 668 1076 227 592 534 142 463 1135 || mode=VB method=sk_kmeans solver=filo1 stage=post_ls ls=pyvrp iter=31
2026-03-15 22:15:40 | INFO     | [POOL #00478] 589 1156 1042 681 168 5 804 852 294 113 619 340 1057 65 286 893 22 667 456 886 164 633 101 311 986 217 954 856 139 144 512 357 948 773 455 104 1241 476 1024 165 952 818 1210 791 582 908 708 70 84 1113 1309 1090 345 370 112 67 723 593 430 132 993 963 13 1288 89 207 1148 119 1081 670 358 854 214 || mode=VB method=sk_kmeans solver=filo1 stage=post_ls ls=pyvrp iter=31
2026-03-15 22:15:40 | INFO     | [POOL #00479] 429 1162 172 737 1119 1310 779 1085 1065 1317 384 1068 96 636 147 975 190 851 179 608 1098 254 63 21 1187 1001 960 540 926 680 334 821 354 469 740 480 563 1161 577 279 900 1124 244 797 787 867 533 206 1289 199 901 499 405 1103 897 933 27 62 1168 807 314 496 1217 383 917 336 258 136 1202 1260 792 1044 846 31 || mode=VB method=sk_kmeans solver=filo1 stage=post_ls ls=pyvrp iter=31
2026-03-15 22:15:40 | INFO     | [POOL #00480] 688 888 841 542 40 1110 382 301 828 1300 262 759 12 1221 989 869 747 1010 823 59 978 146 1115 1215 864 213 10 602 20 962 205 806 734 881 1170 210 623 825 1040 407 1141 551 600 187 706 778 1109 911 610 1160 215 617 || mode=VB method=sk_kmeans solver=filo1 stage=post_ls ls=pyvrp iter=31
2026-03-15 22:15:40 | INFO     | [POOL #00481] 1203 79 335 572 281 114 909 801 176 76 1018 1301 284 1231 627 679 647 1005 1157 956 1279 1214 49 587 1132 436 924 518 789 88 959 1274 739 143 724 562 648 239 1327 774 259 1209 1097 541 1282 591 1155 887 1306 1176 902 800 347 752 753 861 37 819 7 1178 1108 278 836 552 575 327 395 760 535 1272 90 || mode=VB method=sk_kmeans solver=filo1 stage=post_ls ls=pyvrp iter=31
2026-03-15 22:15:40 | INFO     | [POOL #00482] 223 184 884 43 433 266 898 860 1116 1167 842 693 1122 659 443 879 644 73 866 1047 579 953 1019 657 1071 613 140 741 1263 847 1072 475 1114 1175 86 1032 500 193 997 226 796 738 1143 675 561 521 1050 257 896 471 578 1129 726 1094 811 548 1064 434 580 1007 156 || mode=VB method=sk_kmeans solver=filo1 stage=post_ls ls=pyvrp iter=31
2026-03-15 22:15:40 | INFO     | [POOL #00483] 775 222 1189 1229 664 940 674 1321 449 746 46 1248 529 931 558 992 1173 928 276 903 1015 105 1084 1008 342 106 333 672 704 666 322 202 621 479 1234 1127 769 64 763 696 351 1030 716 597 1259 460 850 1213 265 889 919 1196 502 406 194 1211 768 1096 150 235 1258 474 204 1164 669 638 923 330 468 676 448 964 1058 || mode=VB method=sk_kmeans solver=filo1 stage=post_ls ls=pyvrp iter=31
2026-03-15 22:15:40 | INFO     | [POOL #00484] 1219 260 814 915 1174 732 835 466 785 756 722 420 381 100 1028 874 1200 346 163 464 537 1147 267 153 568 169 872 426 973 1082 1239 855 517 1324 1267 386 832 368 880 1271 121 209 462 1046 236 1023 1048 416 691 622 171 1237 788 303 1249 51 277 803 92 514 324 554 297 1262 526 1277 1292 393 151 1283 123 || mode=VB method=sk_kmeans solver=filo1 stage=post_ls ls=pyvrp iter=31
2026-03-15 22:15:40 | INFO     | [POOL #00485] 451 1056 467 1158 118 576 767 1268 899 203 197 994 1194 951 629 1012 922 216 472 689 612 477 232 1009 23 316 428 253 478 660 1059 353 61 543 859 1151 435 939 11 574 83 385 1303 1276 1235 694 230 71 180 412 1305 271 784 126 1319 1184 566 447 795 25 677 585 655 263 459 2 930 1293 35 313 1177 1265 || mode=VB method=sk_kmeans solver=filo1 stage=post_ls ls=pyvrp iter=31
2026-03-15 22:15:40 | INFO     | [POOL #00486] 782 545 195 1233 765 1020 320 1075 1285 1014 1133 102 36 1111 162 966 414 481 174 678 28 982 927 983 1245 890 192 870 317 508 651 149 130 246 705 755 55 990 646 58 569 815 837 270 793 530 717 550 1291 288 1107 883 238 369 525 742 372 904 1304 252 970 557 628 1117 160 32 1253 605 397 1172 || mode=VB method=sk_kmeans solver=filo1 stage=post_ls ls=pyvrp iter=31
2026-03-15 22:15:40 | INFO     | [POOL #00487] 594 111 516 473 1266 764 157 1017 637 1322 1216 757 18 945 934 873 367 95 178 1296 221 961 515 302 247 242 967 519 1089 1205 1043 1302 1280 237 1092 999 103 868 45 506 590 1145 1016 392 308 401 849 402 177 972 1093 1060 1153 1256 937 1243 776 631 1299 524 || mode=VB method=sk_kmeans solver=filo1 stage=post_ls ls=pyvrp iter=31
2026-03-15 22:15:40 | INFO     | [POOL #00488] 241 1270 138 943 522 744 559 606 609 611 78 632 1312 497 971 487 743 1163 845 1307 980 853 615 720 417 916 728 979 19 1193 498 450 834 15 730 388 991 24 362 1320 871 66 762 152 625 686 1095 444 1191 663 390 355 935 453 998 536 1104 454 4 1323 715 1118 858 304 1166 812 527 415 1070 938 134 494 || mode=VB method=sk_kmeans solver=filo1 stage=post_ls ls=pyvrp iter=31
2026-03-15 22:15:40 | INFO     | [POOL #00489] 772 1106 441 1025 504 1134 718 1242 457 1063 185 1181 225 1087 885 1061 531 503 799 9 323 584 658 1083 684 1126 1055 687 944 719 52 635 697 829 912 411 1100 1034 955 810 290 129 703 224 344 292 941 520 1052 665 1315 16 1252 418 1080 501 109 298 505 1238 135 1144 650 977 1033 1041 1208 942 1183 1149 974 1091 || mode=VB method=sk_kmeans solver=filo1 stage=post_ls ls=pyvrp iter=31
2026-03-15 22:15:40 | INFO     | [POOL #00490] 1204 1142 1004 319 211 1130 439 1139 1182 614 662 437 291 925 1038 409 921 1316 906 1112 85 1201 1099 599 137 1152 378 547 565 108 607 364 995 154 173 186 228 274 1003 251 404 56 654 949 595 1199 300 6 282 125 1102 255 218 685 988 181 445 399 822 403 711 528 857 352 1120 798 805 698 1247 838 1146 1169 148 780 || mode=VB method=sk_kmeans solver=filo1 stage=post_ls ls=pyvrp iter=31
2026-03-15 22:15:40 | INFO     | [POOL #00491] 470 642 91 1031 492 321 182 117 1250 489 1105 882 256 380 419 413 360 863 94 141 1069 1138 1212 839 555 513 1154 280 1308 735 74 1039 33 862 53 844 1051 950 1240 312 985 1223 273 1066 831 299 349 546 1027 431 427 1298 343 573 122 245 641 220 1255 596 750 159 240 1244 39 || mode=VB method=sk_kmeans solver=filo1 stage=post_ls ls=pyvrp iter=31
2026-03-15 22:15:40 | INFO     | [POOL #00492] 1017 972 1202 258 336 917 383 632 1312 933 897 1103 405 499 901 199 1289 206 533 867 787 1124 900 279 577 1161 563 480 740 354 469 717 550 793 530 270 837 815 569 574 11 83 385 1303 180 412 1305 271 784 126 1319 1184 566 447 1291 288 1107 883 238 369 525 742 372 904 252 1304 930 970 557 628 1117 136 1260 18 || mode=RB method=sk_kmeans solver=filo1 stage=post_ls ls=pyvrp iter=32
2026-03-15 22:15:40 | INFO     | [POOL #00493] 1299 631 319 211 1130 439 505 1139 1182 614 1325 1137 662 1227 1013 467 1056 765 1020 320 1068 102 36 1111 162 966 414 481 174 608 1098 254 63 21 1187 960 1001 1245 983 890 1194 994 927 982 28 678 197 203 899 1268 767 1133 1014 1285 1075 1158 118 576 131 57 877 80 484 155 843 1029 1049 437 833 298 1238 135 1004 1142 1204 524 || mode=RB method=sk_kmeans solver=filo1 stage=post_ls ls=pyvrp iter=32
2026-03-15 22:15:40 | INFO     | [POOL #00494] 1162 172 1093 737 1119 858 1118 715 1323 4 454 536 998 453 935 355 390 762 66 871 730 15 388 991 24 362 1320 821 334 680 926 540 149 651 508 130 246 705 755 55 990 646 58 477 612 689 472 216 922 1012 629 317 870 192 951 337 75 652 366 421 794 671 307 1088 133 198 1192 827 315 109 || mode=RB method=sk_kmeans solver=filo1 stage=post_ls ls=pyvrp iter=32
2026-03-15 22:15:40 | INFO     | [POOL #00495] 1302 103 1177 1293 2 459 263 655 585 677 25 795 1147 267 71 230 694 1276 1235 939 435 1151 859 232 1009 23 316 428 1011 145 253 478 543 61 353 1059 1222 660 1180 751 77 81 50 1246 272 332 714 309 48 707 645 783 598 423 848 196 729 379 1185 1326 42 248 649 38 692 777 483 683 356 1186 588 748 700 501 || mode=RB method=sk_kmeans solver=filo1 stage=post_ls ls=pyvrp iter=32
2026-03-15 22:15:40 | INFO     | [POOL #00496] 776 134 938 1070 1153 1060 812 1166 304 522 744 559 606 609 611 78 497 971 487 743 1163 845 1307 980 853 615 720 417 916 728 979 19 1193 797 244 450 498 834 152 625 686 1095 444 1191 663 851 179 975 190 147 636 96 1104 384 1317 1065 1085 779 1310 1233 195 451 545 782 527 415 1256 937 1243 || mode=RB method=sk_kmeans solver=filo1 stage=post_ls ls=pyvrp iter=32
2026-03-15 22:15:40 | INFO     | [POOL #00497] 291 128 511 54 82 325 398 461 656 269 387 790 996 702 438 208 523 201 348 601 553 620 249 200 826 377 491 653 287 1165 212 643 736 60 571 8 283 754 817 1035 510 365 318 865 341 1311 361 124 376 30 661 640 1067 1198 816 721 408 968 440 1254 840 1140 586 310 1226 947 564 339 682 485 331 170 183 1251 665 || mode=RB method=sk_kmeans solver=filo1 stage=post_ls ls=pyvrp iter=32
2026-03-15 22:15:40 | INFO     | [POOL #00498] 829 573 343 427 431 831 1066 273 1223 1051 378 547 364 607 463 142 583 809 486 289 699 761 493 946 749 264 932 560 1079 910 328 394 1297 1190 1290 1136 400 710 261 17 1002 808 1206 976 363 920 188 820 987 958 490 1000 1318 1188 482 581 167 1275 878 231 509 295 41 1273 359 1125 108 1101 565 1152 950 985 810 220 || mode=RB method=sk_kmeans solver=filo1 stage=post_ls ls=pyvrp iter=32
2026-03-15 22:15:40 | INFO     | [POOL #00499] 942 1208 1041 1033 1230 1052 520 234 344 224 1112 85 906 1022 570 422 695 876 410 1287 446 604 701 673 725 1123 532 350 1286 618 981 824 14 373 712 34 110 1257 127 690 275 158 895 907 3 115 914 452 432 713 539 1026 1232 371 905 758 1037 1086 599 137 1240 312 129 290 955 1135 1034 411 912 1078 1244 || mode=RB method=sk_kmeans solver=filo1 stage=post_ls ls=pyvrp iter=32
2026-03-15 22:15:40 | INFO     | [POOL #00500] 1183 1224 1100 941 292 703 1201 1099 1045 727 1054 1278 389 1179 766 802 770 1264 495 465 1128 891 99 875 391 1073 1314 731 630 374 326 1313 87 396 813 616 549 488 634 603 745 107 93 1281 166 1197 338 68 984 538 1207 98 97 305 771 189 1074 458 544 175 250 268 781 1076 654 56 404 251 280 1308 735 74 489 182 697 || mode=RB method=sk_kmeans solver=filo1 stage=post_ls ls=pyvrp iter=32
2026-03-15 22:15:40 | INFO     | [POOL #00501] 1091 974 39 507 240 159 750 596 1255 641 245 122 1298 1027 546 299 349 1039 33 862 53 844 1003 274 228 186 173 154 995 534 592 227 567 709 329 1077 1150 668 949 595 1199 300 6 282 125 1102 255 218 685 988 1154 513 555 839 1212 1138 1069 380 256 882 1105 1250 117 635 321 492 1031 || mode=RB method=sk_kmeans solver=filo1 stage=post_ls ls=pyvrp iter=32
2026-03-15 22:15:40 | INFO     | [POOL #00502] 772 1106 441 1025 504 1134 718 1242 457 1063 185 1181 225 1087 1055 687 1126 885 531 1061 684 503 799 9 323 584 658 1083 798 1120 352 857 528 711 403 822 399 445 181 94 141 863 360 413 419 805 698 1247 838 1146 1169 944 719 52 148 91 780 642 470 || mode=RB method=sk_kmeans solver=filo1 stage=post_ls ls=pyvrp iter=32
2026-03-15 22:15:40 | INFO     | [POOL #00503] 688 888 841 542 40 1110 168 382 759 262 1300 828 301 804 852 294 449 674 1321 746 113 619 340 1057 65 286 893 22 456 886 311 986 217 954 139 144 512 357 948 773 455 1241 476 1024 165 952 818 791 908 708 70 84 1113 1309 1090 430 593 723 132 1288 89 989 207 869 1148 119 681 1042 1156 589 || mode=RB method=sk_kmeans solver=filo1 stage=post_ls ls=pyvrp iter=32
2026-03-15 22:15:40 | INFO     | [POOL #00504] 617 215 1160 610 911 1109 778 706 187 600 551 1141 407 1040 825 806 734 881 1170 210 623 1301 284 1231 627 679 647 176 1018 76 20 205 962 602 10 213 864 1215 572 335 79 1203 || mode=RB method=sk_kmeans solver=filo1 stage=post_ls ls=pyvrp iter=32
2026-03-15 22:15:40 | INFO     | [POOL #00505] 156 1007 580 43 433 266 898 448 860 1116 1167 842 1050 521 561 675 1143 1089 519 967 123 1205 1043 1280 237 1032 500 1072 475 1114 1175 86 999 1092 868 45 506 590 1296 221 961 515 302 247 242 257 896 178 95 367 945 934 873 1219 471 578 792 1129 726 1094 811 548 1044 846 1064 1270 434 31 241 || mode=RB method=sk_kmeans solver=filo1 stage=post_ls ls=pyvrp iter=32
2026-03-15 22:15:40 | INFO     | [POOL #00506] 358 670 1081 747 67 112 370 345 902 1155 1282 1097 541 903 1015 105 194 406 502 1196 919 889 1030 1234 1127 769 64 763 696 351 716 597 1259 460 265 1213 850 691 1048 416 622 171 1237 788 303 1249 514 324 554 1096 1211 768 928 276 1173 992 558 591 931 1210 582 856 633 101 164 667 993 963 13 12 1221 || mode=RB method=sk_kmeans solver=filo1 stage=post_ls ls=pyvrp iter=32
2026-03-15 22:15:40 | INFO     | [POOL #00507] 5 644 46 73 866 1248 529 1019 657 613 140 104 235 150 1277 526 1262 297 92 803 277 51 880 1271 121 1023 236 1046 462 209 832 368 386 1267 1324 517 855 1239 1082 973 426 872 169 568 153 537 464 163 346 1200 874 1028 100 381 420 1292 393 151 1258 474 741 1071 953 579 1047 443 879 638 664 1229 1189 222 || mode=RB method=sk_kmeans solver=filo1 stage=post_ls ls=pyvrp iter=32
2026-03-15 22:15:40 | INFO     | [POOL #00508] 214 854 1272 535 760 823 395 327 1010 575 552 836 278 1108 1178 7 819 37 861 753 752 347 800 924 1176 887 1306 562 1209 259 774 666 704 672 333 106 342 1008 1084 479 621 202 322 1327 239 648 724 143 739 1274 959 88 789 518 436 1132 587 49 1214 1279 956 1157 1005 801 909 59 114 1115 281 146 978 90 || mode=RB method=sk_kmeans solver=filo1 stage=post_ls ls=pyvrp iter=32
2026-03-15 22:15:40 | INFO     | [POOL #00509] 775 223 184 884 1058 964 940 676 468 330 923 693 1122 659 738 669 796 226 997 193 1164 204 847 1263 1283 835 466 756 722 785 35 313 160 807 314 1168 62 27 1217 496 32 1253 1174 732 1265 915 814 605 397 260 1172 177 402 849 401 308 392 1016 1145 943 757 1216 1322 637 138 157 764 1266 473 516 494 111 594 429 || mode=RB method=sk_kmeans solver=filo1 stage=post_ls ls=pyvrp iter=32
2026-03-15 22:15:40 | INFO     | [POOL #00510] 26 29 1053 1236 918 1295 442 1006 786 830 936 375 1036 243 913 296 996 848 783 598 645 707 491 653 287 1165 212 643 736 60 571 865 341 1311 361 124 376 30 661 640 1067 1198 816 721 408 377 826 968 440 1313 87 396 813 616 488 549 630 731 391 99 891 1128 465 495 1264 770 824 981 158 673 1278 1054 929 || mode=VB method=fcm solver=pyvrp stage=post_ls ls=pyvrp iter=33
2026-03-15 22:15:40 | INFO     | [POOL #00511] 234 906 1022 422 695 876 1251 183 170 331 485 389 725 1123 532 350 1286 14 373 712 34 188 920 363 976 875 1073 1314 374 326 200 249 620 553 601 348 840 1254 1140 1226 947 564 310 586 523 201 208 438 702 120 219 969 339 161 626 1225 624 306 191 1121 1131 1171 285 1269 639 965 72 398 325 82 54 748 291 || mode=VB method=fcm solver=pyvrp stage=post_ls ls=pyvrp iter=33
2026-03-15 22:15:40 | INFO     | [POOL #00512] 507 1244 411 1034 955 290 129 312 1240 137 1152 378 547 364 995 154 173 56 654 668 1076 1077 1150 268 250 175 544 781 749 264 932 1074 458 189 771 305 97 98 1207 1079 910 560 946 493 761 567 709 329 227 592 534 142 809 583 463 607 108 565 1101 599 1099 703 292 941 1230 1100 1224 912 1078 || mode=VB method=fcm solver=pyvrp stage=post_ls ls=pyvrp iter=33
2026-03-15 22:15:40 | INFO     | [POOL #00513] 1091 974 1183 1052 520 344 224 1112 85 1045 727 410 1287 446 604 701 3 907 895 581 167 1275 878 115 914 452 432 713 539 1026 1232 905 1086 570 1316 921 409 1038 418 1252 894 47 211 1256 937 1243 776 1162 884 1189 1229 664 940 676 468 923 330 638 674 1321 449 746 294 852 804 5 1110 40 841 888 688 || mode=VB method=fcm solver=pyvrp stage=post_ls ls=pyvrp iter=33
2026-03-15 22:15:40 | INFO     | [POOL #00514] 1201 1037 758 371 1125 359 1273 41 486 289 699 295 509 231 328 394 1297 1190 1290 482 1188 1318 1000 490 1136 400 710 261 68 338 745 634 603 107 93 1281 166 1197 984 538 17 1002 1206 808 958 987 820 110 1257 127 690 275 618 802 766 69 892 1294 1195 1159 44 733 1021 229 1 1228 425 1062 1179 682 1218 556 424 293 957 || mode=VB method=fcm solver=pyvrp stage=post_ls ls=pyvrp iter=33
2026-03-15 22:15:40 | INFO     | [POOL #00515] 942 1208 1041 1033 233 665 1315 16 1080 501 925 1220 1261 128 700 511 827 843 1029 155 484 877 57 131 80 467 1056 1310 779 1118 858 559 744 737 451 545 782 614 662 1137 1227 1049 315 437 833 109 298 1139 505 439 1238 135 1144 650 977 116 1284 1149 || mode=VB method=fcm solver=pyvrp stage=post_ls ls=pyvrp iter=33
2026-03-15 22:15:40 | INFO     | [POOL #00516] 775 222 223 184 1058 964 448 860 1116 1167 842 1050 521 693 1122 659 738 796 669 1143 675 561 519 1089 1205 1043 1280 237 1032 500 193 1164 1072 204 847 1263 1283 1114 1175 86 1092 999 103 868 45 506 590 1296 221 961 515 302 247 242 257 896 178 95 367 1219 471 578 792 898 266 433 43 580 1007 156 || mode=VB method=fcm solver=pyvrp stage=post_ls ls=pyvrp iter=33
2026-03-15 22:15:40 | INFO     | [POOL #00517] 542 301 113 46 866 529 512 818 952 165 1024 476 150 1277 1292 526 1262 297 1096 768 1211 554 324 514 92 803 277 51 1249 303 788 1237 1196 502 406 194 105 1084 1008 106 333 672 666 704 342 1015 903 276 928 1173 992 558 1282 541 1097 562 1306 1176 887 1155 591 931 1210 84 1113 1309 430 723 1288 989 1148 119 681 || mode=VB method=fcm solver=pyvrp stage=post_ls ls=pyvrp iter=33
2026-03-15 22:15:40 | INFO     | [POOL #00518] 214 854 358 670 1081 747 869 207 89 12 13 963 993 132 593 1090 345 67 112 370 37 861 753 752 347 800 1132 587 436 924 902 70 708 908 856 139 144 357 613 140 741 1071 657 1019 953 1248 579 1047 997 226 443 879 644 73 340 619 828 382 168 1042 1156 589 || mode=VB method=fcm solver=pyvrp stage=post_ls ls=pyvrp iter=33
2026-03-15 22:15:40 | INFO     | [POOL #00519] 1299 631 1004 319 938 1070 172 1017 1153 1060 415 527 1182 1325 195 1233 1119 765 1085 1065 1317 384 1104 536 935 453 355 390 1095 686 444 1191 663 851 179 975 190 998 454 4 1323 971 497 715 609 917 336 258 1202 522 304 1166 812 1093 943 757 1216 1322 637 138 157 764 1266 473 516 494 111 1142 1204 524 || mode=VB method=fcm solver=pyvrp stage=post_ls ls=pyvrp iter=33
2026-03-15 22:15:40 | INFO     | [POOL #00520] 967 123 1302 475 835 756 722 420 381 100 1028 874 1200 517 855 1324 1267 386 832 368 880 1271 121 209 462 1046 236 1023 1048 416 622 691 850 460 265 1213 171 919 889 1259 597 716 351 1030 696 763 64 769 1127 1234 479 621 202 322 1327 774 259 1209 239 648 724 143 739 1274 959 88 789 518 1178 || mode=VB method=fcm solver=pyvrp stage=post_ls ls=pyvrp iter=33
2026-03-15 22:15:40 | INFO     | [POOL #00521] 39 829 240 159 596 220 1135 810 1223 985 950 1051 274 1003 251 228 186 404 949 595 300 1199 1102 125 6 282 218 255 685 988 1154 513 839 555 1308 280 53 844 273 1066 831 299 349 546 1027 431 427 343 1298 122 573 245 641 1255 750 697 492 1031 642 470 || mode=VB method=fcm solver=pyvrp stage=post_ls ls=pyvrp iter=33
2026-03-15 22:15:40 | INFO     | [POOL #00522] 504 1134 718 1242 457 1063 185 1181 225 52 719 1087 1055 1126 687 944 1169 1146 838 684 1061 885 531 503 1083 658 799 9 323 584 352 857 1120 798 805 698 1247 256 380 419 360 413 528 711 403 822 399 445 181 94 141 863 1069 1138 1212 735 862 33 1039 74 882 1105 489 1250 117 182 321 635 148 91 780 1025 441 1106 || mode=VB method=fcm solver=pyvrp stage=post_ls ls=pyvrp iter=33
2026-03-15 22:15:40 | INFO     | [POOL #00523] 617 215 772 1160 1203 79 610 911 1109 335 778 706 187 600 551 1141 407 1040 825 623 210 1170 881 734 806 205 962 20 602 10 213 864 1215 572 281 1115 146 978 114 59 909 801 176 76 1018 1301 284 1231 627 679 647 1005 1157 956 1279 1214 49 819 7 1108 278 836 552 575 1010 327 395 823 760 535 1272 90 || mode=VB method=fcm solver=pyvrp stage=post_ls ls=pyvrp iter=33
2026-03-15 22:15:40 | INFO     | [POOL #00524] 576 118 1158 1075 1285 1014 1133 767 1268 899 203 197 678 28 982 927 994 1194 983 1245 890 192 629 1012 922 612 689 472 216 1326 1185 23 1009 316 428 1011 145 253 478 543 859 232 477 58 646 530 550 1291 288 1107 883 238 369 1124 797 1193 19 979 728 916 417 720 615 853 980 1307 845 743 487 1312 632 78 611 606 || mode=VB method=fcm solver=pyvrp stage=post_ls ls=pyvrp iter=33
2026-03-15 22:15:40 | INFO     | [POOL #00525] 1192 588 1186 461 656 269 387 790 729 196 379 423 48 309 714 332 50 817 510 365 318 1035 8 283 754 272 1246 81 77 751 1180 660 1222 1059 353 61 1151 435 939 83 385 1303 180 412 1305 271 784 126 1319 1184 566 447 795 25 677 585 655 263 459 525 742 372 904 1304 252 970 557 628 1117 807 27 1217 383 136 || mode=VB method=fcm solver=pyvrp stage=post_ls ls=pyvrp iter=33
2026-03-15 22:15:40 | INFO     | [POOL #00526] 160 313 35 1293 930 2 346 1239 163 464 1082 973 426 872 169 568 153 537 1147 267 71 230 694 1276 1235 11 574 569 815 837 270 793 717 469 354 246 705 755 55 990 130 149 651 508 317 870 951 337 75 649 42 248 38 692 777 652 366 421 483 683 356 794 671 307 1088 133 198 1013 1130 || mode=VB method=fcm solver=pyvrp stage=post_ls ls=pyvrp iter=33
2026-03-15 22:15:40 | INFO     | [POOL #00527] 241 1129 392 1172 260 32 496 314 1168 62 933 897 1163 533 206 1289 499 1103 405 901 199 867 787 244 900 279 577 1161 563 480 740 821 362 24 991 388 730 15 834 450 498 625 152 762 66 871 1320 334 680 926 540 960 1001 1187 21 63 254 1098 608 174 481 162 414 966 102 36 1111 147 636 96 1068 320 1020 134 || mode=VB method=fcm solver=pyvrp stage=post_ls ls=pyvrp iter=33
2026-03-15 22:15:40 | INFO     | [POOL #00528] 1221 759 262 1300 1057 65 286 893 22 667 456 886 164 633 101 311 986 954 217 582 791 948 773 455 104 1241 235 474 1258 393 151 466 785 1177 1253 1174 732 1265 915 814 605 397 1260 972 177 402 849 401 308 1016 1145 18 945 934 873 726 1094 811 548 1044 846 1064 1270 434 31 594 429 || mode=VB method=fcm solver=pyvrp stage=post_ls ls=pyvrp iter=33
2026-03-15 22:15:40 | INFO     | [POOL #00529] 1230 941 906 1022 695 876 1054 1278 389 1179 766 802 770 1264 495 465 1128 891 99 875 391 1073 1314 731 630 374 326 1313 87 396 813 616 549 488 634 603 745 107 93 1281 166 1197 984 538 68 338 17 1002 710 261 400 1136 490 1000 1318 1188 482 581 115 713 539 1026 1232 905 1086 599 1099 1201 703 292 1100 1224 || mode=RB method=sk_ac_min solver=filo1 stage=post_ls ls=pyvrp iter=34
2026-03-15 22:15:40 | INFO     | [POOL #00530] 1183 942 1208 1041 1033 1052 520 234 344 224 1112 85 1045 570 422 727 410 1287 446 604 701 673 725 1123 532 350 1286 618 981 824 14 373 712 34 188 920 363 976 1206 808 958 987 820 110 1257 127 690 275 158 895 907 3 432 452 914 41 1273 359 1125 371 758 1037 108 1101 565 1152 137 1240 312 129 290 1034 411 912 1078 || mode=RB method=sk_ac_min solver=filo1 stage=post_ls ls=pyvrp iter=34
2026-03-15 22:15:40 | INFO     | [POOL #00531] 1031 492 697 321 182 245 122 1298 1027 546 349 1039 74 735 1308 280 251 404 56 654 1076 329 761 493 946 749 560 932 264 1074 458 189 771 305 97 98 1207 1079 910 328 394 1290 1297 1190 167 1275 878 231 509 295 699 289 486 809 583 142 463 607 364 547 378 1051 950 985 1223 273 810 955 1135 220 750 829 || mode=RB method=sk_ac_min solver=filo1 stage=post_ls ls=pyvrp iter=34
2026-03-15 22:15:40 | INFO     | [POOL #00532] 974 39 507 1244 240 159 596 1255 641 573 343 427 431 831 1066 299 33 862 53 844 1003 274 228 186 173 154 995 534 592 227 567 709 781 544 175 250 268 1077 1150 668 949 595 1199 300 6 282 125 1102 255 218 685 988 1154 513 555 839 1212 1138 1069 380 256 882 1105 489 1250 117 635 91 642 470 || mode=RB method=sk_ac_min solver=filo1 stage=post_ls ls=pyvrp iter=34
2026-03-15 22:15:40 | INFO     | [POOL #00533] 319 211 1130 439 505 1139 1182 614 662 1137 1227 1013 1029 843 155 80 877 57 576 118 1158 1075 1285 1014 1133 102 36 1111 162 966 414 481 174 678 28 982 927 994 1194 983 1245 890 192 951 337 75 652 692 777 483 683 387 790 356 794 1186 671 307 1088 133 198 588 1192 748 827 315 437 833 298 1238 135 1142 1204 || mode=RB method=sk_ac_min solver=filo1 stage=post_ls ls=pyvrp iter=34
2026-03-15 22:15:40 | INFO     | [POOL #00534] 524 1299 776 134 938 1070 1153 1060 812 1166 304 522 1202 744 559 606 609 611 78 497 971 487 743 1163 845 1307 980 853 615 720 417 916 728 979 19 1193 797 244 450 498 834 152 625 686 1095 444 663 390 355 453 998 1104 384 1317 1065 1085 765 779 1310 1233 195 451 545 782 527 415 1256 937 1243 631 || mode=RB method=sk_ac_min solver=filo1 stage=post_ls ls=pyvrp iter=34
2026-03-15 22:15:40 | INFO     | [POOL #00535] 1162 172 1017 1093 737 1119 858 1118 715 1323 4 454 536 935 1191 762 66 871 730 15 388 991 24 362 1320 821 334 680 926 540 149 651 508 130 246 705 755 55 990 646 58 477 612 689 472 216 922 1012 629 317 870 960 1001 1187 21 63 254 1098 608 179 851 190 975 147 636 96 1068 320 1020 1056 467 1325 || mode=RB method=sk_ac_min solver=filo1 stage=post_ls ls=pyvrp iter=34
2026-03-15 22:15:40 | INFO     | [POOL #00536] 18 1260 136 1117 628 557 970 930 1304 252 904 372 742 525 369 238 883 1107 288 1291 447 566 1184 1319 126 784 271 1305 412 180 1303 385 83 1276 1235 11 574 569 815 837 270 530 793 550 717 469 354 740 480 563 1161 577 279 900 1124 787 867 533 206 1289 199 901 499 405 1103 897 933 1312 632 383 917 336 258 972 || mode=RB method=sk_ac_min solver=filo1 stage=post_ls ls=pyvrp iter=34
2026-03-15 22:15:40 | INFO     | [POOL #00537] 1302 103 1177 1293 2 459 263 655 585 677 25 795 1147 267 71 230 694 939 435 1151 859 232 1009 23 316 428 1011 145 253 478 543 61 353 1059 1222 660 1180 751 77 81 1246 50 272 332 714 309 48 707 645 783 598 423 848 196 729 379 1185 1326 42 248 649 38 366 421 197 203 899 1268 767 131 484 1049 109 1004 || mode=RB method=sk_ac_min solver=filo1 stage=post_ls ls=pyvrp iter=34
2026-03-15 22:15:40 | INFO     | [POOL #00538] 723 593 430 311 986 954 217 582 818 952 165 1024 526 1262 297 92 803 277 51 880 1271 121 1023 236 1046 462 209 832 368 386 1267 1324 517 855 1239 1082 973 169 426 872 267 1147 537 568 153 464 163 346 1200 874 1028 100 381 420 1292 1277 150 476 104 140 613 741 1071 657 1019 529 893 286 13 12 || mode=VB method=sk_ac_complete solver=filo2 stage=post_ls ls=pyvrp iter=35
2026-03-15 22:15:40 | INFO     | [POOL #00539] 1010 67 112 345 1090 1309 1113 84 70 708 908 791 1210 931 591 558 992 1173 928 276 903 1015 105 1211 768 1096 554 324 514 1249 303 788 1237 171 622 416 1048 691 850 1213 265 460 1259 597 716 351 696 763 64 769 1127 621 202 322 1327 239 562 1306 887 1176 924 1132 37 819 7 956 1157 1005 647 801 909 59 || mode=VB method=sk_ac_complete solver=filo2 stage=post_ls ls=pyvrp iter=35
2026-03-15 22:15:40 | INFO     | [POOL #00540] 1031 492 697 641 245 122 1298 1027 1039 33 862 53 844 1003 274 228 186 173 154 995 534 592 227 567 761 493 946 560 1079 910 328 394 1297 1190 1290 482 1188 1318 1000 490 1136 400 958 987 820 110 1257 127 690 275 158 673 701 604 410 1287 446 1026 1232 905 1086 599 1099 1201 703 292 941 1100 1224 912 1183 || mode=VB method=sk_ac_complete solver=filo2 stage=post_ls ls=pyvrp iter=35
2026-03-15 22:15:40 | INFO     | [POOL #00541] 266 898 1116 1302 814 1253 32 160 1117 628 557 1103 405 499 901 372 742 525 238 677 25 795 271 1305 412 180 71 230 694 1276 1235 939 435 1151 859 543 61 353 1059 1222 77 81 751 1180 660 478 253 145 1011 428 316 1009 232 23 1326 1185 379 42 248 649 38 692 777 483 683 356 794 1186 588 748 827 315 109 || mode=VB method=sk_ac_complete solver=filo2 stage=post_ls ls=pyvrp iter=35
2026-03-15 22:15:40 | INFO     | [POOL #00542] 1230 906 1022 695 876 1251 1218 1121 1021 161 339 310 586 1140 840 1254 326 1313 87 440 968 826 377 491 653 287 1165 212 643 60 736 361 124 376 1311 571 341 865 318 365 510 1035 8 283 754 817 50 1246 272 332 714 309 48 707 645 783 598 423 848 196 729 996 790 387 269 656 461 398 325 82 54 511 700 291 || mode=VB method=sk_ac_complete solver=filo2 stage=post_ls ls=pyvrp iter=35
2026-03-15 22:15:40 | INFO     | [POOL #00543] 90 978 146 114 176 76 1018 1301 284 1231 627 679 1279 1214 49 587 436 518 789 88 959 1274 739 143 724 648 1209 259 774 666 704 672 333 479 1234 1030 889 919 1196 502 406 194 1084 1008 106 342 1097 541 1282 1155 902 800 347 861 753 752 370 1178 1108 278 836 552 575 327 395 823 760 535 1272 854 214 || mode=VB method=sk_ac_complete solver=filo2 stage=post_ls ls=pyvrp iter=35
2026-03-15 22:15:40 | INFO     | [POOL #00544] 1204 1144 501 128 1295 442 1006 1269 639 965 72 786 830 936 375 1036 243 913 296 702 438 208 523 201 348 601 553 620 249 200 408 721 816 1198 1067 30 661 640 396 813 616 549 488 634 603 745 107 93 1281 166 1197 338 68 984 538 305 932 264 749 709 329 1076 654 56 404 251 280 1308 735 74 489 182 321 || mode=VB method=sk_ac_complete solver=filo2 stage=post_ls ls=pyvrp iter=35
2026-03-15 22:15:40 | INFO     | [POOL #00545] 134 938 1070 1153 1060 812 1166 304 522 744 559 606 609 611 78 632 1312 497 971 487 743 845 1307 980 853 615 720 417 498 450 834 15 730 388 991 24 362 1320 871 1187 960 1001 1245 983 890 1194 994 927 982 28 678 197 203 899 1268 767 1133 1014 1285 1075 1158 118 576 131 57 877 80 155 843 1029 1227 662 505 1004 || mode=VB method=sk_ac_complete solver=filo2 stage=post_ls ls=pyvrp iter=35
2026-03-15 22:15:40 | INFO     | [POOL #00546] 156 775 223 184 884 43 433 1058 964 448 860 676 468 1167 842 1050 521 967 123 1205 1089 519 561 675 1143 738 669 796 226 443 879 659 1122 693 923 330 638 674 1321 449 746 113 619 294 852 828 301 804 5 382 168 1110 40 542 841 888 688 589 || mode=VB method=sk_ac_complete solver=filo2 stage=post_ls ls=pyvrp iter=35
2026-03-15 22:15:40 | INFO     | [POOL #00547] 319 211 1130 439 1139 1182 614 1325 1137 1013 467 1056 765 1020 320 1068 102 36 636 147 1111 162 966 414 481 174 975 190 851 179 608 1098 254 63 21 762 66 152 625 686 1095 444 1191 663 390 355 935 453 536 998 96 1104 384 1317 1065 1085 779 1310 1119 1233 195 451 545 782 527 415 1256 937 1243 776 || mode=VB method=sk_ac_complete solver=filo2 stage=post_ls ls=pyvrp iter=35
2026-03-15 22:15:40 | INFO     | [POOL #00548] 47 894 1080 925 1220 1261 26 29 1053 1236 918 285 1171 624 626 1225 969 219 120 564 947 1226 495 188 920 363 465 1128 891 99 875 1073 374 630 731 1314 391 976 1206 808 1002 17 710 261 1207 98 97 771 189 1074 458 544 175 250 268 781 1077 1150 668 949 595 300 1199 1102 988 1069 380 256 882 1105 1250 117 635 || mode=VB method=sk_ac_complete solver=filo2 stage=post_ls ls=pyvrp iter=35
2026-03-15 22:15:40 | INFO     | [POOL #00549] 222 1189 1229 664 940 1043 1280 237 915 1174 1265 732 1177 313 35 1293 2 930 970 252 1304 904 459 263 655 585 883 1107 288 1291 447 566 1184 1319 126 784 1303 385 83 11 574 477 612 689 472 216 922 1012 629 317 870 192 951 337 75 652 366 421 671 307 1088 133 198 1192 484 1049 437 833 298 1238 135 1142 || mode=VB method=sk_ac_complete solver=filo2 stage=post_ls ls=pyvrp iter=35
2026-03-15 22:15:40 | INFO     | [POOL #00550] 358 670 1081 747 869 207 89 1288 132 993 963 22 667 456 886 164 101 633 139 856 144 512 357 948 773 455 1241 235 474 1258 393 151 722 756 785 466 835 1283 1263 847 204 1072 475 1114 1175 86 1032 500 1164 193 997 1047 953 579 1248 866 73 46 644 340 65 1057 1300 262 759 1221 989 1148 119 681 1042 1156 || mode=VB method=sk_ac_complete solver=filo2 stage=post_ls ls=pyvrp iter=35
2026-03-15 22:15:40 | INFO     | [POOL #00551] 524 1299 631 429 594 111 494 516 473 1266 1162 764 138 157 1017 637 1322 1216 757 943 18 1145 1016 392 308 401 849 402 177 972 1260 397 605 1172 260 103 999 1092 868 45 506 590 1296 221 961 515 302 247 242 257 896 178 95 367 945 934 873 1219 471 578 792 1129 726 1094 811 548 1044 846 1064 1270 434 31 580 1007 241 || mode=VB method=sk_ac_complete solver=filo2 stage=post_ls ls=pyvrp iter=35
2026-03-15 22:15:40 | INFO     | [POOL #00552] 507 1244 1078 411 1034 1135 955 810 290 129 312 1240 137 1152 565 1101 108 1037 758 371 1125 359 1273 41 914 452 539 713 432 3 115 907 895 581 167 1275 878 231 509 295 699 289 486 809 583 142 463 607 364 547 378 1051 950 985 1223 273 1066 831 299 349 546 431 427 343 573 220 1255 596 750 159 240 829 39 || mode=VB method=sk_ac_complete solver=filo2 stage=post_ls ls=pyvrp iter=35
2026-03-15 22:15:40 | INFO     | [POOL #00553] 1149 1284 116 977 650 233 665 1315 16 1252 418 1038 409 921 1316 929 957 293 424 556 1131 191 306 44 733 1159 229 1 1228 425 1062 770 1264 34 712 373 14 824 981 618 1286 350 532 1123 725 1179 766 802 69 892 1195 1294 682 183 170 331 485 389 1278 1054 727 422 570 1045 85 1112 224 344 234 520 1052 1033 1041 1208 942 || mode=VB method=sk_ac_complete solver=filo2 stage=post_ls ls=pyvrp iter=35
2026-03-15 22:15:40 | INFO     | [POOL #00554] 1202 136 258 336 917 383 1217 496 314 807 1168 62 27 933 897 1163 533 206 1289 199 867 787 1124 369 279 577 563 1161 354 469 717 550 793 530 270 837 815 569 58 646 990 55 755 705 246 130 508 651 149 540 926 680 334 821 740 480 900 244 797 1193 19 979 916 728 454 4 1323 715 1118 858 737 1093 172 || mode=VB method=sk_ac_complete solver=filo2 stage=post_ls ls=pyvrp iter=35
2026-03-15 22:15:40 | INFO     | [POOL #00555] 1106 441 1025 504 1134 718 1242 457 1063 185 1181 225 1087 1055 687 1126 885 531 1061 684 503 799 9 323 584 658 1083 798 1120 352 857 528 711 403 822 399 445 181 282 6 125 255 218 685 1154 513 555 839 1212 1138 94 141 863 360 413 419 805 698 1247 838 1146 1169 944 719 52 148 91 780 642 470 974 1091 || mode=VB method=sk_ac_complete solver=filo2 stage=post_ls ls=pyvrp iter=35
2026-03-15 22:15:40 | INFO     | [POOL #00556] 772 1160 610 911 1109 778 706 187 600 551 1141 407 1040 825 623 210 1170 881 734 806 205 962 20 602 10 213 864 1215 1115 281 572 335 79 1203 215 617 || mode=VB method=sk_ac_complete solver=filo2 stage=post_ls ls=pyvrp iter=35
2026-03-15 22:15:40 | INFO     | [POOL #00557] 1288 723 593 430 1309 1113 84 70 708 908 582 791 818 1210 931 591 558 928 768 1211 194 406 502 1196 919 889 265 460 1259 597 716 351 1030 696 763 64 769 1127 1234 479 621 202 322 1327 239 648 724 143 739 1274 959 88 789 518 924 436 1132 587 49 1214 1279 956 1157 1005 801 909 59 114 146 978 90 || mode=RB method=sk_ac_complete solver=pyvrp stage=post_ls ls=pyvrp iter=37
2026-03-15 22:15:40 | INFO     | [POOL #00558] 156 1007 580 43 884 433 1058 964 448 266 898 860 1116 1167 842 1050 521 561 675 1143 1089 519 967 247 302 515 961 221 1296 590 506 45 868 999 1092 237 1280 1043 1205 123 242 257 896 178 95 367 945 934 873 1219 471 578 792 1129 726 1094 811 548 1044 846 1064 1270 1266 473 516 494 111 594 524 1091 || mode=RB method=sk_ac_complete solver=pyvrp stage=post_ls ls=pyvrp iter=37
2026-03-15 22:15:40 | INFO     | [POOL #00559] 241 31 434 764 157 138 637 1322 1216 757 943 1145 1016 392 308 401 849 402 177 1172 260 397 605 814 915 1265 732 1174 1253 32 496 1217 27 62 1168 314 807 160 313 35 785 722 756 466 835 151 393 235 1258 474 741 1071 657 1019 529 633 101 164 886 456 22 667 132 993 13 12 89 207 869 1081 670 358 || mode=RB method=sk_ac_complete solver=pyvrp stage=post_ls ls=pyvrp iter=37
2026-03-15 22:15:40 | INFO     | [POOL #00560] 214 1272 535 760 823 395 327 1010 575 552 836 278 1108 1178 7 819 37 861 753 752 347 800 902 1155 887 1176 1306 562 1282 541 1097 1209 259 774 666 704 672 333 106 342 1008 1084 105 1015 903 276 1173 992 1024 165 952 476 455 773 948 357 512 144 139 856 954 217 986 311 1090 345 370 112 67 747 854 || mode=RB method=sk_ac_complete solver=pyvrp stage=post_ls ls=pyvrp iter=37
2026-03-15 22:15:40 | INFO     | [POOL #00561] 688 775 222 223 184 841 542 40 1229 664 940 676 468 449 1321 674 638 330 923 693 1122 879 659 226 997 193 1164 1072 475 1114 1175 86 1032 500 669 796 738 443 1047 953 579 1248 866 46 644 73 893 286 963 65 1057 340 619 113 294 852 804 5 301 828 1300 262 759 382 168 1110 1221 989 1148 119 681 1042 1156 589 || mode=RB method=sk_ac_complete solver=pyvrp stage=post_ls ls=pyvrp iter=37
2026-03-15 22:15:40 | INFO     | [POOL #00562] 888 746 613 140 104 1241 150 1277 526 1262 297 1096 554 324 514 92 803 277 51 1249 303 788 1237 171 1213 850 691 622 416 1048 1023 236 1046 462 209 121 1271 880 368 832 386 1267 1324 517 855 1239 1082 973 426 872 169 568 153 537 464 163 346 1200 874 1028 100 381 420 1292 1283 1263 847 204 1189 || mode=RB method=sk_ac_complete solver=pyvrp stage=post_ls ls=pyvrp iter=37
2026-03-15 22:15:40 | INFO     | [POOL #00563] 776 134 938 1070 415 527 782 545 451 195 1233 858 1118 715 971 1323 4 454 536 998 453 935 355 390 663 444 1191 762 66 21 63 254 1187 960 1001 1098 608 179 975 174 481 414 966 162 1111 102 36 147 636 96 1104 1068 384 1317 1065 320 1020 1085 765 779 1310 1119 737 812 1060 1153 1256 937 1243 631 1299 || mode=RB method=sk_ac_complete solver=pyvrp stage=post_ls ls=pyvrp iter=37
2026-03-15 22:15:40 | INFO     | [POOL #00564] 429 1162 172 1093 1166 304 744 559 606 609 611 78 497 487 743 845 1307 980 853 615 720 417 916 728 979 19 1193 797 244 450 498 834 15 871 1320 926 540 149 130 508 651 870 317 629 951 192 890 1245 983 1194 994 927 982 28 678 197 203 899 1268 767 1133 1285 118 576 131 57 877 80 155 1227 662 614 505 439 1130 319 || mode=RB method=sk_ac_complete solver=pyvrp stage=post_ls ls=pyvrp iter=37
2026-03-15 22:15:40 | INFO     | [POOL #00565] 1017 522 1202 258 336 917 383 632 1117 628 557 970 930 1293 2 1304 252 904 372 742 525 369 238 883 1107 288 1161 563 480 740 354 469 717 550 793 530 646 990 55 755 705 246 680 334 821 362 24 991 388 730 152 625 686 1095 851 190 1014 1075 1158 1056 467 1029 1013 1137 1325 1182 1139 211 || mode=RB method=sk_ac_complete solver=pyvrp stage=post_ls ls=pyvrp iter=37
2026-03-15 22:15:40 | INFO     | [POOL #00566] 1302 103 1177 1103 405 499 901 459 263 655 585 677 25 795 1147 267 71 230 694 1235 1276 180 412 1305 271 784 1303 385 83 574 11 939 435 1151 859 543 61 353 1059 1222 660 1180 145 1011 1009 232 477 58 569 815 837 270 126 1319 1184 566 447 1291 577 279 900 1124 787 867 199 1289 206 533 1163 897 933 1312 136 1260 972 18 || mode=RB method=sk_ac_complete solver=pyvrp stage=post_ls ls=pyvrp iter=37
2026-03-15 22:15:40 | INFO     | [POOL #00567] 1004 298 1049 843 484 1192 588 398 461 656 269 387 790 996 729 379 1185 1326 472 689 612 1012 922 216 23 316 428 253 478 751 77 81 1246 50 272 332 714 309 48 423 598 783 848 196 42 248 38 649 75 337 652 692 777 366 421 483 683 356 794 1186 671 307 1088 133 198 748 827 315 437 833 1238 1142 1204 || mode=RB method=sk_ac_complete solver=pyvrp stage=post_ls ls=pyvrp iter=37
2026-03-15 22:15:40 | INFO     | [POOL #00568] 135 109 501 291 700 128 511 54 82 325 702 438 201 601 553 645 707 491 653 287 1165 212 643 736 60 571 8 283 754 817 1035 510 365 318 865 341 1311 361 124 376 30 661 640 1067 1198 816 721 408 377 826 968 440 200 249 620 348 840 1254 1140 1226 947 564 310 586 523 208 339 682 485 331 170 183 1251 665 || mode=RB method=sk_ac_complete solver=pyvrp stage=post_ls ls=pyvrp iter=37
2026-03-15 22:15:40 | INFO     | [POOL #00569] 772 1106 441 1025 504 1134 718 1063 185 1181 225 1087 1055 687 1126 885 1061 531 503 684 1083 658 799 9 323 584 352 798 1120 857 528 711 403 822 399 445 181 94 141 863 360 413 419 805 698 1247 838 1146 1169 944 719 52 148 457 1242 780 || mode=RB method=sk_ac_complete solver=pyvrp stage=post_ls ls=pyvrp iter=37
2026-03-15 22:15:40 | INFO     | [POOL #00570] 220 1135 985 137 599 1086 1037 758 371 1125 359 1273 41 914 452 115 673 158 532 1123 350 1286 618 981 275 690 127 1257 110 820 188 920 363 976 875 391 1314 731 630 745 338 68 17 1002 1206 808 710 261 1079 560 932 264 749 946 493 761 142 463 607 364 547 378 1051 1223 273 1066 831 431 427 343 573 697 492 || mode=RB method=sk_ac_complete solver=pyvrp stage=post_ls ls=pyvrp iter=37
2026-03-15 22:15:40 | INFO     | [POOL #00571] 1244 912 1224 1100 941 292 344 224 703 1112 85 1201 1099 1045 570 422 727 905 1232 1026 1287 410 446 539 713 432 3 604 701 907 895 581 482 1188 1318 1000 490 987 958 1136 400 910 328 394 1290 1297 1190 167 1275 878 231 509 295 699 289 486 809 583 108 1101 565 1152 950 1240 312 129 290 810 955 1034 411 1078 507 || mode=RB method=sk_ac_complete solver=pyvrp stage=post_ls ls=pyvrp iter=37
2026-03-15 22:15:40 | INFO     | [POOL #00572] 1183 942 1208 1041 1033 1230 1052 520 234 1038 409 929 957 293 1053 1236 1295 918 1131 1171 285 442 1006 1269 639 965 72 786 830 936 296 913 375 1036 243 120 219 969 1225 626 161 229 1 1228 425 1294 892 69 802 766 1179 725 389 1278 1054 876 695 1022 906 1316 921 418 1252 16 1315 233 650 977 116 1284 1149 || mode=RB method=sk_ac_complete solver=pyvrp stage=post_ls ls=pyvrp iter=37
2026-03-15 22:15:40 | INFO     | [POOL #00573] 1144 47 894 1080 925 1220 1261 26 29 556 424 1218 1121 191 306 624 1021 733 44 1159 1195 1062 770 14 824 373 34 712 1264 495 465 1128 891 99 1073 374 326 1313 87 396 813 616 549 488 634 603 107 93 1281 166 1197 984 538 1207 98 97 305 771 189 1074 458 544 1077 1076 654 56 404 251 280 1308 735 74 489 182 321 1031 || mode=RB method=sk_ac_complete solver=pyvrp stage=post_ls ls=pyvrp iter=37
2026-03-15 22:15:40 | INFO     | [POOL #00574] 116 977 650 47 894 501 925 1220 1261 26 29 1053 1236 918 285 1171 1131 556 424 1218 1121 191 306 44 733 1021 624 626 1225 969 219 120 339 161 229 1159 1294 892 1195 1 1228 425 1062 69 802 766 1179 389 485 331 682 170 183 1251 293 957 929 1316 409 1038 418 1252 16 1315 233 1208 || mode=VB method=k_medoids_pyclustering solver=filo1 stage=post_ls ls=pyvrp iter=38
2026-03-15 22:15:40 | INFO     | [POOL #00575] 492 697 829 240 159 750 596 1255 411 220 641 245 122 1298 343 427 431 1027 546 349 1039 74 735 862 33 299 831 1066 273 53 280 1308 555 839 513 1154 988 685 218 255 1102 125 282 6 300 1199 404 186 228 274 1003 844 1223 129 290 810 955 1135 1034 1100 1224 912 1078 1244 507 39 || mode=VB method=k_medoids_pyclustering solver=filo1 stage=post_ls ls=pyvrp iter=38
2026-03-15 22:15:40 | INFO     | [POOL #00576] 291 700 128 511 54 1295 442 1006 1269 639 965 72 786 830 936 375 1036 243 913 296 702 438 208 523 201 601 620 249 200 826 377 491 653 287 1165 212 643 60 736 361 124 376 1311 571 341 865 318 1035 817 8 283 754 714 309 48 707 645 783 598 423 848 553 348 770 14 275 914 452 1037 137 985 573 || mode=VB method=k_medoids_pyclustering solver=filo1 stage=post_ls ls=pyvrp iter=38
2026-03-15 22:15:40 | INFO     | [POOL #00577] 251 173 154 56 595 949 668 654 1076 1150 1077 781 268 250 175 544 458 1074 189 538 984 68 338 1197 166 1281 93 107 745 603 634 488 549 616 813 396 640 661 30 1067 1198 816 721 408 968 440 87 1313 326 1254 840 1140 586 310 564 947 1226 495 1264 712 34 373 824 981 618 1286 350 532 1123 725 1278 1054 876 695 921 1080 || mode=VB method=k_medoids_pyclustering solver=filo1 stage=post_ls ls=pyvrp iter=38
2026-03-15 22:15:40 | INFO     | [POOL #00578] 1052 234 906 1022 570 422 727 905 1232 1026 446 1287 410 604 701 673 158 690 127 1257 110 820 188 920 363 465 1128 891 99 875 1073 374 630 1314 731 391 976 1206 808 1002 17 261 710 400 1136 958 987 490 1000 1318 1188 482 581 895 907 115 3 432 713 539 41 1273 359 1125 371 758 1086 1045 85 1112 665 || mode=VB method=k_medoids_pyclustering solver=filo1 stage=post_ls ls=pyvrp iter=38
2026-03-15 22:15:40 | INFO     | [POOL #00579] 1272 535 575 1178 37 587 1132 436 924 518 789 88 959 1274 739 143 724 648 562 1306 1176 887 1282 541 1097 1209 774 259 239 1327 322 202 621 479 333 672 666 704 342 106 1008 1084 105 1015 903 276 928 1173 558 992 1262 297 100 1028 1200 2 970 557 628 1117 160 807 314 1168 62 27 1217 496 32 1172 392 178 || mode=VB method=k_medoids_pyclustering solver=filo1 stage=post_ls ls=pyvrp iter=38
2026-03-15 22:15:40 | INFO     | [POOL #00580] 524 1204 1142 1004 135 1238 505 298 833 437 1049 1227 662 1325 1137 1013 467 131 576 118 1158 1075 1285 1014 1133 767 1268 899 203 197 994 1194 890 1245 983 927 982 28 678 174 481 414 966 162 1111 36 102 1068 320 1020 779 1310 1119 1233 195 812 1060 1153 1256 937 1243 776 1162 494 111 594 429 || mode=VB method=k_medoids_pyclustering solver=filo1 stage=post_ls ls=pyvrp iter=38
2026-03-15 22:15:40 | INFO     | [POOL #00581] 1299 631 319 211 1130 415 527 1139 782 545 451 737 1166 304 522 972 1260 177 402 849 401 308 1016 1145 18 943 757 1216 1322 637 1017 172 1070 938 134 764 434 43 884 433 1058 964 448 676 468 1167 842 1050 257 896 95 367 945 934 873 1219 471 578 792 1129 726 1094 811 548 1044 846 1064 1270 1266 473 516 241 || mode=VB method=k_medoids_pyclustering solver=filo1 stage=post_ls ls=pyvrp iter=38
2026-03-15 22:15:40 | INFO     | [POOL #00582] 1007 580 31 266 898 860 1116 242 247 302 515 961 221 1296 590 506 45 868 1092 999 103 260 605 397 136 258 744 336 917 1253 814 915 1174 1265 732 1283 835 785 466 151 393 1258 474 235 1241 455 104 140 613 741 1071 657 1019 144 512 357 818 1210 931 591 1155 902 800 347 861 753 752 370 1010 854 214 || mode=VB method=k_medoids_pyclustering solver=filo1 stage=post_ls ls=pyvrp iter=38
2026-03-15 22:15:40 | INFO     | [POOL #00583] 589 1156 1042 681 119 1148 989 1110 168 382 5 852 294 449 1321 674 638 330 923 693 1122 675 1143 738 796 226 997 193 1164 204 847 1263 475 1114 1175 1072 500 1032 237 1280 1302 1043 1205 1089 519 123 967 521 561 659 443 879 746 113 619 828 301 804 664 1229 1189 223 222 775 156 || mode=VB method=k_medoids_pyclustering solver=filo1 stage=post_ls ls=pyvrp iter=38
2026-03-15 22:15:40 | INFO     | [POOL #00584] 772 1106 441 1025 504 1134 780 642 91 1242 718 457 148 1063 185 1181 225 52 719 1087 1055 1126 687 944 1169 1146 838 1247 698 805 1120 798 1083 684 1061 885 531 503 658 799 9 323 584 352 857 528 711 403 822 399 445 181 94 141 1138 1212 1069 863 360 413 419 380 256 882 1105 489 1250 117 635 182 321 1031 470 || mode=VB method=k_medoids_pyclustering solver=filo1 stage=post_ls ls=pyvrp iter=38
2026-03-15 22:15:40 | INFO     | [POOL #00585] 1183 942 1230 941 292 703 312 1240 950 1051 1152 378 547 364 995 534 592 227 329 709 567 761 493 946 560 749 264 932 305 771 97 98 1207 1079 910 328 394 1290 1297 1190 167 1275 878 231 509 295 699 289 486 809 583 142 463 607 108 565 1101 599 1099 1201 224 344 520 1033 1041 1284 1149 974 1091 || mode=VB method=k_medoids_pyclustering solver=filo1 stage=post_ls ls=pyvrp iter=38
2026-03-15 22:15:40 | INFO     | [POOL #00586] 617 215 1203 1160 610 79 911 1109 335 778 706 187 600 551 1141 407 1040 825 623 210 1170 881 734 806 205 962 20 602 10 213 864 1215 572 281 1115 146 978 114 59 909 801 176 76 1018 1301 284 1231 627 679 647 1005 1157 956 1279 1214 49 819 7 1108 278 836 552 327 395 823 760 90 || mode=VB method=k_medoids_pyclustering solver=filo1 stage=post_ls ls=pyvrp iter=38
2026-03-15 22:15:40 | INFO     | [POOL #00587] 358 670 1081 747 869 207 89 1288 13 993 963 286 893 22 667 456 886 430 593 132 723 67 112 345 1090 1309 1113 84 70 708 908 791 582 856 139 954 217 986 311 101 164 633 529 1248 579 953 1047 866 46 644 340 65 1057 1300 262 759 12 1221 40 841 888 688 || mode=VB method=k_medoids_pyclustering solver=filo1 stage=post_ls ls=pyvrp iter=38
2026-03-15 22:15:40 | INFO     | [POOL #00588] 138 1202 559 606 609 611 78 497 971 487 743 1163 845 1307 980 853 615 720 417 916 728 979 19 1193 797 244 900 279 577 1161 563 480 740 469 354 821 334 680 926 1320 362 24 991 388 730 66 762 152 834 450 498 625 686 1095 444 1191 663 390 355 935 453 998 536 454 4 1323 715 1118 858 1093 157 || mode=VB method=k_medoids_pyclustering solver=filo1 stage=post_ls ls=pyvrp iter=38
2026-03-15 22:15:40 | INFO     | [POOL #00589] 383 632 1312 933 897 1103 405 499 901 199 1289 206 533 867 787 1124 369 238 883 1107 288 1291 550 717 530 793 270 837 815 569 574 11 939 435 1151 859 543 61 353 1059 1222 365 510 50 272 332 1246 81 77 751 1180 660 478 253 145 1011 428 316 1009 232 23 1326 1185 379 196 729 996 656 461 1186 198 588 1192 484 || mode=VB method=k_medoids_pyclustering solver=filo1 stage=post_ls ls=pyvrp iter=38
2026-03-15 22:15:40 | INFO     | [POOL #00590] 86 1177 313 35 1293 930 1304 252 904 346 163 464 1239 855 517 1324 1267 1082 973 426 872 169 568 153 537 1147 267 71 230 694 1235 1276 83 385 1303 180 412 1305 271 784 126 1319 1184 566 447 795 25 677 585 655 263 459 525 742 372 15 871 21 254 1098 387 790 269 398 325 82 748 827 315 109 1144 || mode=VB method=k_medoids_pyclustering solver=filo1 stage=post_ls ls=pyvrp iter=38
2026-03-15 22:15:40 | INFO     | [POOL #00591] 439 1182 614 1029 843 155 80 877 57 133 1088 307 671 794 356 683 483 421 366 652 777 692 38 248 42 649 75 337 951 192 870 317 629 1012 922 216 472 689 612 477 58 646 990 55 755 705 246 130 508 651 149 540 960 1001 1187 63 608 179 851 190 975 147 636 96 1104 384 1317 1065 1085 765 1056 || mode=VB method=k_medoids_pyclustering solver=filo1 stage=post_ls ls=pyvrp iter=38
2026-03-15 22:15:40 | INFO     | [POOL #00592] 184 940 669 756 722 420 381 874 386 368 832 209 462 1046 236 1023 121 1271 880 51 277 803 92 1249 303 788 1237 171 622 416 1048 691 850 1213 265 460 1259 597 716 351 696 763 64 769 1127 1234 1030 889 919 1196 502 406 194 514 324 554 1211 768 1096 526 1292 1277 150 476 1024 165 952 773 948 73 542 || mode=VB method=k_medoids_pyclustering solver=filo1 stage=post_ls ls=pyvrp iter=38
2026-03-15 22:15:40 | INFO     | [POOL #00593] 1031 492 697 829 750 1255 641 245 573 122 1298 343 427 431 1027 546 349 1039 74 735 862 33 299 831 1066 273 1223 985 85 906 929 876 1054 410 1287 446 604 701 3 432 713 452 914 1273 371 758 1086 599 1099 1240 312 703 224 344 234 520 941 1230 1224 912 942 1183 974 1091 || mode=VB method=k_medoids_pyclustering solver=filo1 stage=post_ls ls=pyvrp iter=39
2026-03-15 22:15:40 | INFO     | [POOL #00594] 594 111 494 776 1243 937 134 938 1070 1256 1153 1060 415 527 1139 1182 782 545 451 812 737 1166 304 522 1202 397 605 814 915 1265 732 1283 1263 847 204 1072 475 1175 1114 1174 632 1312 454 536 998 179 975 671 1186 624 1179 766 1286 350 1123 532 158 895 581 167 1275 878 231 509 295 41 359 1125 1037 1045 292 1100 || mode=VB method=k_medoids_pyclustering solver=filo1 stage=post_ls ls=pyvrp iter=39
2026-03-15 22:15:40 | INFO     | [POOL #00595] 470 642 780 91 148 635 321 182 117 1250 489 1105 882 256 380 419 413 360 863 1069 1212 1138 141 94 181 445 399 822 403 711 528 857 352 584 323 9 799 658 503 531 885 1061 684 1083 798 1120 805 698 1247 838 1146 1169 944 687 1126 1055 1087 719 52 225 1181 185 1063 457 1242 718 1134 504 1025 441 1106 772 || mode=VB method=k_medoids_pyclustering solver=filo1 stage=post_ls ls=pyvrp iter=39
2026-03-15 22:15:40 | INFO     | [POOL #00596] 223 184 884 1058 964 940 676 468 1167 842 330 638 674 1321 449 746 644 73 866 46 879 443 1047 953 579 1248 529 1019 657 1071 741 613 140 474 1258 151 393 150 1024 165 952 476 1241 235 104 455 773 948 357 512 144 856 139 633 101 164 22 893 286 65 1057 340 619 113 294 852 804 1229 1189 222 775 688 || mode=VB method=k_medoids_pyclustering solver=filo1 stage=post_ls ls=pyvrp iter=39
2026-03-15 22:15:40 | INFO     | [POOL #00597] 681 989 1221 89 1288 132 723 593 430 1090 1309 1113 84 902 1155 887 1176 1306 562 1282 541 1097 1209 259 774 666 704 672 333 106 342 1008 1084 105 1015 903 276 928 1173 992 558 591 931 1210 818 791 582 908 708 70 986 217 954 311 886 456 667 993 963 13 12 759 262 1300 828 301 5 382 168 1110 542 841 888 || mode=VB method=k_medoids_pyclustering solver=filo1 stage=post_ls ls=pyvrp iter=39
2026-03-15 22:15:40 | INFO     | [POOL #00598] 524 1204 1142 116 1041 1033 977 650 1144 233 1315 47 894 16 1252 1080 418 1038 409 1112 1201 137 950 1051 1152 378 547 274 1003 251 228 186 404 1199 300 6 282 125 1102 255 218 685 988 1154 513 839 555 1308 280 53 844 129 290 810 955 1135 1034 411 596 159 240 1078 1244 507 39 || mode=VB method=k_medoids_pyclustering solver=filo1 stage=post_ls ls=pyvrp iter=39
2026-03-15 22:15:40 | INFO     | [POOL #00599] 1299 1004 1130 439 505 833 437 662 614 1325 1137 1227 1013 195 1233 1119 744 258 136 1253 1177 835 466 785 756 722 1292 1277 526 1262 1096 768 1211 194 406 502 479 1234 769 1127 621 202 322 1327 239 648 724 143 739 1274 959 88 789 518 924 436 587 1132 800 347 752 753 861 37 370 345 112 67 207 869 1081 1042 1156 589 || mode=VB method=k_medoids_pyclustering solver=filo1 stage=post_ls ls=pyvrp iter=39
2026-03-15 22:15:40 | INFO     | [POOL #00600] 156 241 31 434 1270 1064 846 1044 1094 811 726 1129 792 578 471 1219 896 257 242 967 123 519 1089 1205 1043 1302 506 45 868 1092 999 103 260 1172 1260 972 177 402 849 401 308 392 1016 1145 590 1296 221 961 515 302 247 178 95 367 873 934 945 18 757 1216 1322 637 1017 172 157 138 764 1162 1266 473 516 429 || mode=VB method=k_medoids_pyclustering solver=filo1 stage=post_ls ls=pyvrp iter=39
2026-03-15 22:15:40 | INFO     | [POOL #00601] 548 943 559 606 609 611 78 497 971 487 743 1163 845 1307 980 853 615 720 417 916 728 979 19 1193 533 206 1289 199 867 787 797 244 1124 900 279 577 1161 563 480 740 362 24 991 388 730 66 762 152 625 686 1095 444 1191 663 390 851 190 147 636 96 1104 1068 384 1317 1065 320 1020 1085 765 779 1310 || mode=VB method=k_medoids_pyclustering solver=filo1 stage=post_ls ls=pyvrp iter=39
2026-03-15 22:15:40 | INFO     | [POOL #00602] 420 381 1028 874 100 297 554 324 514 92 803 277 51 1249 303 788 622 171 1237 1196 919 889 1030 64 763 696 351 716 597 1259 460 265 1213 850 691 416 1048 1023 236 1046 462 209 121 1271 880 368 832 386 1267 1324 517 855 1239 163 346 1200 2 930 1293 35 313 160 314 1168 62 27 1217 383 917 || mode=VB method=k_medoids_pyclustering solver=filo1 stage=post_ls ls=pyvrp iter=39
2026-03-15 22:15:40 | INFO     | [POOL #00603] 336 933 897 1103 405 499 901 372 742 525 369 238 883 1107 288 1291 447 566 1184 1319 126 270 837 815 569 574 11 1151 435 939 1235 1276 694 230 71 412 180 1303 83 385 784 271 1305 1147 267 872 426 169 973 1082 568 153 537 464 795 25 677 585 655 263 459 904 1304 252 970 557 628 1117 807 496 32 || mode=VB method=k_medoids_pyclustering solver=filo1 stage=post_ls ls=pyvrp iter=39
2026-03-15 22:15:40 | INFO     | [POOL #00604] 135 1049 843 484 1192 588 198 133 1088 307 794 356 387 683 483 777 692 38 649 248 42 379 1185 1326 23 1009 316 428 1011 145 253 478 660 1180 751 77 81 1246 50 365 1222 1059 353 61 543 859 232 477 58 646 530 793 550 717 469 354 821 334 1320 871 15 834 450 498 355 935 453 4 1323 715 1118 858 1093 || mode=VB method=k_medoids_pyclustering solver=filo1 stage=post_ls ls=pyvrp iter=39
2026-03-15 22:15:40 | INFO     | [POOL #00605] 1029 155 80 877 57 131 576 118 1285 1133 767 1268 899 203 197 994 927 983 1245 890 1194 421 366 652 75 337 951 192 870 317 629 1012 922 216 472 689 612 990 55 755 705 246 130 508 651 149 680 926 540 960 1001 1187 21 63 254 1098 608 982 28 678 174 481 414 966 162 1111 36 102 1014 1075 1158 1056 467 || mode=VB method=k_medoids_pyclustering solver=filo1 stage=post_ls ls=pyvrp iter=39
2026-03-15 22:15:40 | INFO     | [POOL #00606] 214 358 670 854 1272 535 760 823 59 909 801 176 76 1018 1301 284 1231 627 679 647 1005 1157 956 1279 1214 49 819 7 1178 1108 278 836 552 575 327 395 1010 747 119 1148 40 664 923 693 1122 659 669 1280 237 86 1032 500 1164 193 997 226 796 738 1143 675 561 521 1050 1116 860 448 898 266 433 43 580 1007 || mode=VB method=k_medoids_pyclustering solver=filo1 stage=post_ls ls=pyvrp iter=39
2026-03-15 22:15:40 | INFO     | [POOL #00607] 220 565 1101 108 583 809 486 289 699 761 946 560 1079 910 328 394 1297 1190 1290 482 1188 1318 1000 490 1136 400 958 987 820 188 920 363 1128 465 495 1226 947 564 310 586 1140 1254 840 348 201 438 702 120 219 969 626 1225 243 1036 375 913 296 936 830 786 72 965 639 1269 1006 442 1295 54 511 128 700 291 || mode=VB method=k_medoids_pyclustering solver=filo1 stage=post_ls ls=pyvrp iter=39
2026-03-15 22:15:40 | INFO     | [POOL #00608] 173 154 56 595 949 668 654 1076 1150 1077 781 268 250 175 544 458 1074 189 538 984 68 338 1197 166 1281 93 107 745 603 634 488 549 616 813 396 87 1313 326 374 630 731 1314 1073 391 875 99 891 976 1206 808 1002 17 710 261 1207 98 97 771 305 932 264 749 493 709 329 567 227 592 534 995 142 463 607 364 || mode=VB method=k_medoids_pyclustering solver=filo1 stage=post_ls ls=pyvrp iter=39
2026-03-15 22:15:40 | INFO     | [POOL #00609] 631 319 211 298 109 501 925 1220 1261 26 29 1053 1236 918 285 1171 1131 556 424 1121 44 733 1159 229 1 1228 425 1062 770 14 824 373 1264 712 34 110 1257 127 690 275 981 618 802 69 892 1195 1294 682 183 170 331 485 389 1278 725 673 907 115 539 1026 1232 905 727 695 422 570 1022 1316 665 1052 1208 1284 1149 || mode=VB method=k_medoids_pyclustering solver=filo1 stage=post_ls ls=pyvrp iter=39
2026-03-15 22:15:40 | INFO     | [POOL #00610] 1238 315 827 748 82 325 398 461 656 269 790 996 729 196 848 423 598 783 645 491 653 1165 287 707 48 309 714 332 272 817 754 283 8 1035 510 318 865 341 1311 571 60 736 643 212 361 124 376 30 661 640 1067 1198 816 721 408 377 826 968 440 200 249 620 553 601 523 208 339 161 1021 306 191 1218 1251 293 957 921 || mode=VB method=k_medoids_pyclustering solver=filo1 stage=post_ls ls=pyvrp iter=39
2026-03-15 22:15:40 | INFO     | [POOL #00611] 827 748 588 398 965 72 786 830 936 375 1036 243 913 296 702 438 208 523 201 348 601 553 620 249 200 826 377 491 653 287 1165 212 643 736 60 571 8 283 754 817 1035 510 365 318 865 341 1311 361 124 376 30 661 640 1067 1198 816 721 408 968 440 1254 840 1140 586 310 339 161 1021 733 44 1121 556 918 1295 || mode=VB method=sk_ac_complete solver=filo1 stage=post_ls ls=pyvrp iter=40
2026-03-15 22:15:40 | INFO     | [POOL #00612] 858 1118 1065 1317 384 1104 96 636 147 190 851 762 66 871 1320 926 680 334 821 354 469 717 530 646 58 477 232 859 1151 435 939 1235 1276 694 230 71 267 1147 537 153 568 169 872 426 973 1082 1267 1324 517 855 1239 464 163 346 2 930 1293 35 313 785 722 756 466 835 1177 732 1265 915 1280 || mode=VB method=sk_ac_complete solver=filo1 stage=post_ls ls=pyvrp iter=40
2026-03-15 22:15:40 | INFO     | [POOL #00613] 1162 764 744 559 606 715 1323 4 454 536 998 453 935 355 390 663 1191 444 1095 686 625 152 498 450 834 15 730 388 991 24 362 740 480 563 1161 577 279 900 1124 244 797 787 867 199 1289 206 533 1193 19 979 728 916 417 720 615 853 980 1307 845 1163 743 487 971 497 1312 632 78 611 609 336 258 1202 938 134 || mode=VB method=sk_ac_complete solver=filo1 stage=post_ls ls=pyvrp iter=40
2026-03-15 22:15:40 | INFO     | [POOL #00614] 1029 155 80 877 57 133 1088 307 671 794 356 683 483 421 366 777 692 652 337 75 649 38 248 42 379 1185 1326 23 1009 316 428 1011 145 253 478 543 61 353 1059 1222 660 1180 751 77 81 50 1246 272 332 714 309 48 707 645 783 598 423 848 196 729 996 790 387 269 656 461 1186 198 1192 484 843 298 || mode=VB method=sk_ac_complete solver=filo1 stage=post_ls ls=pyvrp iter=40
2026-03-15 22:15:40 | INFO     | [POOL #00615] 1043 1302 814 1174 1253 32 160 1117 628 557 970 252 1304 904 459 263 655 585 677 25 795 447 566 1184 1319 126 784 271 1305 412 180 1303 385 83 11 574 569 815 837 270 793 550 1291 288 1107 883 238 369 525 742 372 901 499 405 1103 897 933 27 62 1168 807 314 496 1217 383 917 136 605 397 178 471 792 241 || mode=VB method=sk_ac_complete solver=filo1 stage=post_ls ls=pyvrp iter=40
2026-03-15 22:15:40 | INFO     | [POOL #00616] 1130 1056 467 131 576 118 1158 1075 1285 1014 1133 767 1268 899 203 197 678 28 982 927 994 1194 983 1245 890 951 192 870 317 629 1012 922 216 472 689 612 990 55 755 705 246 130 508 651 149 540 960 1001 1187 21 63 254 1098 608 179 975 174 481 414 966 162 1111 36 102 1068 320 1020 1085 765 779 1310 1233 812 1153 || mode=VB method=sk_ac_complete solver=filo1 stage=post_ls ls=pyvrp iter=40
2026-03-15 22:15:40 | INFO     | [POOL #00617] 1144 109 291 315 700 128 511 54 82 325 639 1269 1006 442 285 1171 1131 191 306 624 626 1225 969 219 120 564 947 1226 495 465 1128 891 99 875 976 363 920 188 34 1264 14 824 981 618 1286 350 532 1123 673 907 3 115 914 452 432 713 539 1026 1232 905 727 876 695 422 570 1022 1045 599 1099 1201 85 1112 || mode=VB method=sk_ac_complete solver=filo1 stage=post_ls ls=pyvrp iter=40
2026-03-15 22:15:40 | INFO     | [POOL #00618] 156 775 222 1189 1229 664 5 804 301 828 852 294 619 113 746 449 674 1321 443 226 997 193 1164 500 1032 237 86 1175 1114 475 1072 204 847 1263 1283 151 393 1258 474 140 613 657 1019 529 953 579 1248 866 73 46 644 340 65 1057 1300 262 759 382 168 1110 40 542 841 888 688 || mode=VB method=sk_ac_complete solver=filo1 stage=post_ls ls=pyvrp iter=40
2026-03-15 22:15:40 | INFO     | [POOL #00619] 1298 1027 546 349 299 33 862 1308 555 839 513 1154 988 685 218 255 1102 125 282 6 300 1199 595 949 668 654 1076 1077 1150 268 175 250 781 544 458 1074 189 771 305 97 98 932 264 749 946 493 761 567 709 329 227 592 534 995 154 173 56 404 186 228 274 1003 251 280 53 844 273 1066 831 431 427 || mode=VB method=sk_ac_complete solver=filo1 stage=post_ls ls=pyvrp iter=40
2026-03-15 22:15:40 | INFO     | [POOL #00620] 220 290 1223 985 950 1051 378 547 364 607 463 142 583 809 486 289 699 560 1079 1207 261 710 1002 17 338 68 538 984 1197 166 1281 93 107 745 603 634 488 549 616 813 396 87 1313 326 374 630 731 1314 1073 391 1206 808 958 987 820 1257 127 690 275 158 895 701 604 446 1287 410 1054 1251 293 957 929 906 1284 || mode=VB method=sk_ac_complete solver=filo1 stage=post_ls ls=pyvrp iter=40
2026-03-15 22:15:40 | INFO     | [POOL #00621] 1183 912 411 129 312 1240 137 1152 565 1101 108 1037 1086 758 371 1125 359 1273 41 295 509 231 878 1275 167 581 1318 1188 482 1290 1190 1297 394 328 910 400 1136 490 1000 110 712 373 770 1062 425 1228 1 229 1159 1195 1294 892 69 802 766 1179 725 1278 389 485 331 170 183 682 1218 424 1236 1053 29 26 1261 1220 894 47 || mode=VB method=sk_ac_complete solver=filo1 stage=post_ls ls=pyvrp iter=40
2026-03-15 22:15:40 | INFO     | [POOL #00622] 524 1149 1204 1142 1004 319 776 1243 937 211 1256 1070 172 1017 157 138 1270 1064 266 898 1116 1050 521 561 675 1143 1089 519 967 123 1205 669 796 738 659 1122 693 923 330 468 676 940 964 1058 433 43 884 184 223 || mode=VB method=sk_ac_complete solver=filo1 stage=post_ls ls=pyvrp iter=40
2026-03-15 22:15:40 | INFO     | [POOL #00623] 90 978 114 909 801 176 76 1018 1301 284 1231 627 679 647 1005 1157 956 1279 1214 49 819 7 1108 278 836 575 1010 823 59 146 1115 281 572 1215 864 213 778 706 187 600 551 1141 407 1040 825 623 210 1170 881 734 806 205 962 20 602 10 335 1109 911 79 610 1160 1203 215 772 1106 441 1025 504 1134 718 1242 780 || mode=VB method=sk_ac_complete solver=filo1 stage=post_ls ls=pyvrp iter=40
2026-03-15 22:15:40 | INFO     | [POOL #00624] 1007 580 31 434 846 1044 1094 811 726 1129 578 1219 873 934 945 18 367 95 896 257 242 247 302 515 961 221 1296 590 1145 1016 392 308 506 45 868 1092 999 103 260 1172 401 849 402 177 1260 972 522 304 1166 737 1119 195 451 545 782 527 415 1060 1093 943 757 1216 1322 637 548 1266 473 516 494 111 594 429 631 1299 || mode=VB method=sk_ac_complete solver=filo1 stage=post_ls ls=pyvrp iter=40
2026-03-15 22:15:40 | INFO     | [POOL #00625] 470 642 91 457 148 1063 185 1181 225 52 719 1087 1055 1126 687 944 1169 1146 838 1247 698 805 256 380 419 360 413 1120 798 1083 684 1061 885 531 503 658 799 9 323 584 352 857 528 711 403 822 399 445 181 94 141 863 1069 1138 1212 735 1039 74 882 1105 489 1250 117 635 182 321 697 492 1031 || mode=VB method=sk_ac_complete solver=filo1 stage=post_ls ls=pyvrp iter=40
2026-03-15 22:15:40 | INFO     | [POOL #00626] 39 829 240 159 750 596 1255 641 245 122 573 343 810 955 1135 1034 1100 1224 1230 1052 233 665 234 520 941 292 703 224 344 1315 16 1252 1080 418 1038 409 1316 921 925 501 833 437 1049 1227 1013 1137 662 1325 614 1182 1139 505 439 1238 135 650 977 1033 1041 116 1208 942 1078 1244 507 974 1091 || mode=VB method=sk_ac_complete solver=filo1 stage=post_ls ls=pyvrp iter=40
2026-03-15 22:15:40 | INFO     | [POOL #00627] 617 214 854 1272 535 760 395 327 552 1178 37 587 1132 436 518 789 88 724 143 739 1274 959 924 902 70 708 908 582 791 1210 818 952 165 1024 476 1241 455 773 948 357 512 144 139 856 954 217 986 311 101 633 164 886 456 667 22 893 286 963 993 13 12 1221 1042 1156 || mode=VB method=sk_ac_complete solver=filo1 stage=post_ls ls=pyvrp iter=40
2026-03-15 22:15:40 | INFO     | [POOL #00628] 358 670 1081 747 207 89 723 593 1090 345 752 753 861 347 800 887 1176 1306 562 648 239 1327 322 202 621 479 1234 1127 769 64 763 696 351 1030 716 597 1259 460 850 1213 265 889 919 1196 502 406 194 1084 1008 342 106 333 672 704 666 774 259 1209 1097 541 1282 1155 370 112 67 869 1148 119 || mode=VB method=sk_ac_complete solver=filo1 stage=post_ls ls=pyvrp iter=40
2026-03-15 22:15:40 | INFO     | [POOL #00629] 448 860 1167 842 638 879 1047 1071 741 104 235 150 1277 1292 526 420 381 100 1028 874 1200 386 832 368 880 1271 121 209 462 1046 236 1023 1048 416 691 622 171 1237 788 303 1249 51 277 803 92 514 324 554 297 1262 1096 768 1211 105 1015 903 276 928 1173 992 558 931 591 84 1113 1309 430 132 1288 989 681 589 || mode=VB method=sk_ac_complete solver=filo1 stage=post_ls ls=pyvrp iter=40
2026-03-15 22:15:40 | INFO     | [POOL #00630] 1178 37 1132 436 924 518 789 88 959 1274 739 143 724 648 239 1327 774 259 1209 562 1306 1176 887 1282 541 1097 342 106 1008 1084 333 672 704 666 322 202 621 479 1234 1127 769 64 763 696 1030 351 716 597 1259 460 265 889 919 1196 502 406 194 105 1015 903 276 928 1173 992 558 931 591 1155 902 112 67 || mode=VB method=sk_kmeans solver=pyvrp stage=post_ls ls=pyvrp iter=41
2026-03-15 22:15:40 | INFO     | [POOL #00631] 138 1172 313 35 1293 930 2 459 585 677 25 795 153 568 1082 973 169 426 872 267 1147 537 464 163 1239 855 1267 1324 517 1200 346 655 263 883 1107 288 1291 447 566 1184 793 530 990 55 755 705 246 130 508 651 149 540 960 1001 1187 21 63 254 1098 608 982 174 1111 36 102 1068 320 1020 172 1162 516 429 || mode=VB method=sk_kmeans solver=pyvrp stage=post_ls ls=pyvrp iter=41
2026-03-15 22:15:40 | INFO     | [POOL #00632] 1299 494 134 1256 1153 1060 1093 812 737 1166 304 522 744 559 606 497 971 487 743 1163 845 1307 980 853 615 720 916 728 536 998 453 935 355 851 179 975 190 147 636 96 1104 384 1317 1065 1085 779 1310 765 1056 467 1029 1049 437 662 1227 1137 1325 614 833 298 505 439 1130 211 319 631 || mode=VB method=sk_kmeans solver=pyvrp stage=post_ls ls=pyvrp iter=41
2026-03-15 22:15:40 | INFO     | [POOL #00633] 688 888 841 542 40 1221 12 13 993 963 286 893 22 667 456 886 101 633 529 1019 657 1071 1164 193 997 226 796 738 669 1043 1302 868 45 506 590 1296 221 961 515 302 247 242 257 896 178 95 367 945 934 873 1219 578 1129 726 1094 811 548 1044 846 1064 1270 434 31 580 1007 156 || mode=VB method=sk_kmeans solver=pyvrp stage=post_ls ls=pyvrp iter=41
2026-03-15 22:15:40 | INFO     | [POOL #00634] 775 222 1189 1229 664 1110 168 382 759 262 1300 1057 65 340 619 828 301 5 804 852 294 113 746 449 1321 674 638 330 923 693 1122 879 644 46 73 866 1248 579 953 1047 443 659 1143 675 561 519 1089 1205 123 967 1050 842 1167 1116 860 468 676 448 940 964 1058 884 43 184 223 || mode=VB method=sk_kmeans solver=pyvrp stage=post_ls ls=pyvrp iter=41
2026-03-15 22:15:40 | INFO     | [POOL #00635] 358 670 119 1148 869 370 753 861 800 347 752 345 1090 1309 1113 84 70 708 908 582 948 773 455 104 1241 235 474 1258 393 151 1283 732 1265 1174 915 814 1253 917 336 858 1119 1233 195 451 545 782 1182 1139 527 415 1070 938 937 1243 776 111 594 || mode=VB method=sk_kmeans solver=pyvrp stage=post_ls ls=pyvrp iter=41
2026-03-15 22:15:40 | INFO     | [POOL #00636] 589 1156 1042 681 989 89 1288 132 723 593 430 311 986 217 954 144 512 357 613 140 741 204 847 1263 475 1072 500 1032 1092 999 103 260 605 397 136 258 1202 1260 972 177 402 849 401 308 392 1016 1145 18 943 757 1216 1322 637 1017 157 764 1266 473 241 || mode=VB method=sk_kmeans solver=pyvrp stage=post_ls ls=pyvrp iter=41
2026-03-15 22:15:40 | INFO     | [POOL #00637] 470 780 1242 718 1134 1025 441 1106 504 642 1031 492 697 321 1169 117 1250 489 1105 1146 838 1247 698 805 798 1120 352 857 528 711 403 822 399 445 181 94 141 1138 1212 74 882 256 380 419 413 360 863 1069 735 1039 349 299 831 1066 273 312 703 224 344 292 129 290 810 955 1135 1034 220 596 159 240 39 || mode=VB method=sk_kmeans solver=pyvrp stage=post_ls ls=pyvrp iter=41
2026-03-15 22:15:40 | INFO     | [POOL #00638] 1004 1238 109 1220 1261 26 29 1053 1236 918 1295 442 1006 285 1171 1131 556 424 1218 1121 191 306 44 733 1021 624 626 1225 969 219 120 339 161 229 1159 1 1228 425 1062 802 766 618 1286 1123 532 158 673 701 604 410 1287 446 3 432 713 539 1026 1232 905 727 695 422 570 1022 906 1316 418 894 47 1144 116 1284 || mode=VB method=sk_kmeans solver=pyvrp stage=post_ls ls=pyvrp iter=41
2026-03-15 22:15:40 | INFO     | [POOL #00639] 974 1183 1033 1052 520 1240 1101 108 583 809 359 914 452 115 907 895 581 1190 1297 1290 394 328 910 1079 1207 98 97 538 984 68 338 1197 166 1281 93 107 745 603 634 488 549 630 731 1314 391 1002 17 261 710 400 1136 490 1000 1318 1188 482 167 1275 878 231 509 295 41 1273 1125 371 758 1037 1086 1045 941 411 912 1078 1244 507 || mode=VB method=sk_kmeans solver=pyvrp stage=post_ls ls=pyvrp iter=41
2026-03-15 22:15:40 | INFO     | [POOL #00640] 135 291 700 128 511 54 82 325 1269 639 965 72 786 830 936 296 913 375 1036 243 702 438 201 523 208 564 947 310 1140 840 1254 326 1313 87 396 813 616 374 1073 875 99 891 976 1206 808 958 987 820 1257 110 34 712 373 14 824 981 127 690 275 350 725 1179 389 1278 1054 876 929 234 1100 1224 942 || mode=VB method=sk_kmeans solver=pyvrp stage=post_ls ls=pyvrp iter=41
2026-03-15 22:15:40 | INFO     | [POOL #00641] 315 827 748 1192 588 398 461 656 269 996 848 423 598 783 645 48 707 491 653 287 1165 212 643 736 60 571 283 8 865 341 1311 361 124 376 30 661 640 1067 1198 816 721 408 377 826 968 440 200 249 620 553 601 348 586 1226 495 465 1128 363 920 188 1264 770 69 892 1195 1294 682 485 331 170 183 1251 293 957 921 665 || mode=VB method=sk_kmeans solver=pyvrp stage=post_ls ls=pyvrp iter=41
2026-03-15 22:15:40 | INFO     | [POOL #00642] 91 457 1063 185 1181 225 52 719 944 684 1083 658 584 323 9 799 503 531 1061 885 1126 687 1055 1087 148 635 182 245 431 1223 950 565 607 463 142 486 289 699 761 493 946 560 305 771 189 458 1074 932 264 749 781 544 175 250 268 1077 1150 668 654 1076 329 709 567 227 592 534 995 364 1051 985 1230 1041 1208 1149 || mode=VB method=sk_kmeans solver=pyvrp stage=post_ls ls=pyvrp iter=41
2026-03-15 22:15:40 | INFO     | [POOL #00643] 1091 829 750 1255 641 573 122 1298 343 427 1027 546 33 862 53 844 280 1308 555 839 513 1154 988 685 255 218 282 6 125 1102 1199 300 595 949 404 56 154 173 186 228 251 1003 274 547 378 1152 137 599 1099 1201 85 1112 409 1038 925 501 1080 1252 16 1315 233 650 977 1142 1204 524 || mode=VB method=sk_kmeans solver=pyvrp stage=post_ls ls=pyvrp iter=41
2026-03-15 22:15:40 | INFO     | [POOL #00644] 214 854 1272 535 760 823 59 114 978 146 1115 281 572 1215 864 213 10 602 778 706 187 600 551 1141 407 1040 825 623 210 20 962 205 806 734 881 1170 76 1018 176 909 801 1005 1157 278 1108 956 1214 49 587 819 7 1279 627 1231 284 1301 679 647 836 552 575 327 395 1010 90 335 1109 911 610 79 1203 1160 772 || mode=VB method=sk_kmeans solver=pyvrp stage=post_ls ls=pyvrp iter=41
2026-03-15 22:15:40 | INFO     | [POOL #00645] 155 877 57 576 118 1285 767 899 203 197 994 983 1245 890 192 870 317 629 1012 922 216 472 689 612 646 58 815 569 477 232 859 543 353 61 1151 435 939 11 574 83 385 1303 1276 1235 694 230 71 180 412 1305 271 784 1319 126 837 270 550 717 469 354 740 900 1124 244 1193 19 979 417 454 4 1323 715 1118 || mode=VB method=sk_kmeans solver=pyvrp stage=post_ls ls=pyvrp iter=41
2026-03-15 22:15:40 | INFO     | [POOL #00646] 792 471 32 160 314 807 1117 628 557 970 252 1304 904 372 742 525 238 369 279 577 1161 563 480 362 821 334 680 926 1320 871 24 991 388 730 15 834 152 66 762 1191 444 663 390 1095 686 625 498 450 797 787 867 533 206 1289 199 901 499 405 1103 897 933 1312 632 27 62 1168 496 1217 383 78 611 609 || mode=VB method=sk_kmeans solver=pyvrp stage=post_ls ls=pyvrp iter=41
2026-03-15 22:15:40 | INFO     | [POOL #00647] 433 266 898 521 1280 237 86 1175 1114 1177 835 466 785 756 722 420 381 100 1028 874 386 832 368 880 1271 121 209 462 1046 236 1023 1048 416 622 691 850 1213 171 1237 788 303 1249 51 277 803 92 514 324 554 1211 768 1096 297 1262 526 1292 1277 150 476 1024 165 952 818 1210 791 856 139 164 207 747 1081 215 617 || mode=VB method=sk_kmeans solver=pyvrp stage=post_ls ls=pyvrp iter=41
2026-03-15 22:15:40 | INFO     | [POOL #00648] 843 484 198 133 1088 307 671 1186 794 356 777 692 652 366 951 337 75 649 38 248 42 1326 1185 23 1009 316 428 1011 145 253 478 1180 660 1059 1222 751 77 81 1246 50 817 1035 318 365 510 272 754 714 332 309 379 196 729 790 387 683 483 421 1194 927 28 678 481 162 414 966 1268 1133 1014 1075 1158 131 80 1013 || mode=VB method=sk_kmeans solver=pyvrp stage=post_ls ls=pyvrp iter=41
2026-03-15 22:15:40 | INFO     | [POOL #00649] 1099 599 1101 565 108 1037 758 371 1125 359 1273 41 295 509 231 328 1190 1297 1290 394 910 1079 400 710 261 1207 98 97 305 771 189 1074 458 544 175 250 268 781 749 264 932 560 946 493 761 699 289 486 809 583 142 534 592 227 567 709 329 1077 1150 1076 654 668 949 595 56 173 154 995 463 607 364 547 1135 39 || mode=VB method=fcm solver=pyvrp stage=post_ls ls=pyvrp iter=42
2026-03-15 22:15:40 | INFO     | [POOL #00650] 1224 1100 292 85 1045 1086 905 1232 1026 446 539 713 432 452 914 115 3 604 701 907 673 895 878 1275 167 581 482 1188 1318 1000 1136 490 1257 110 127 690 275 158 532 1123 350 1286 618 981 824 14 802 766 1179 485 331 170 183 389 725 1278 1054 410 1287 727 876 929 695 422 570 1022 906 1316 234 1052 1033 1183 || mode=VB method=fcm solver=pyvrp stage=post_ls ls=pyvrp iter=42
2026-03-15 22:15:40 | INFO     | [POOL #00651] 128 1295 442 1006 1269 936 913 375 1036 243 702 438 208 523 201 601 553 645 491 653 1165 212 643 736 60 571 341 1311 361 124 376 30 661 640 1067 1198 816 721 408 377 826 968 440 200 249 620 348 840 1254 1140 586 310 1226 947 564 339 161 969 219 120 1225 626 624 1131 1171 285 918 1236 1053 26 1220 925 || mode=VB method=fcm solver=pyvrp stage=post_ls ls=pyvrp iter=42
2026-03-15 22:15:40 | INFO     | [POOL #00652] 1261 29 424 556 682 1294 1 1228 425 1062 373 712 34 820 987 958 808 1206 1002 17 338 68 538 984 1197 166 1281 93 107 745 603 634 488 549 616 813 396 87 1313 326 374 630 731 1314 1073 391 875 99 891 976 363 920 188 465 1128 495 1264 770 69 892 1195 1159 229 1021 733 44 306 191 1121 1218 1251 293 957 921 || mode=VB method=fcm solver=pyvrp stage=post_ls ls=pyvrp iter=42
2026-03-15 22:15:40 | INFO     | [POOL #00653] 470 1031 492 697 829 240 159 750 596 1255 220 641 245 122 573 343 1298 427 431 1027 546 349 1039 74 735 1308 280 555 839 513 1154 988 685 255 218 282 6 125 1102 300 1199 404 186 228 251 1003 274 378 1152 1051 950 137 1201 1112 409 1038 418 1080 1252 16 894 47 1315 665 233 650 977 1041 1208 942 || mode=VB method=fcm solver=pyvrp stage=post_ls ls=pyvrp iter=42
2026-03-15 22:15:40 | INFO     | [POOL #00654] 631 776 937 1256 1153 1060 812 1166 304 559 715 1323 4 454 916 728 935 453 998 147 190 975 179 851 1191 444 1095 686 625 498 450 834 15 730 388 871 66 762 21 63 254 1098 608 982 28 678 174 481 414 966 162 1111 102 36 636 96 1068 320 1020 1085 765 779 1310 1233 451 545 782 527 211 319 1299 || mode=VB method=fcm solver=pyvrp stage=post_ls ls=pyvrp iter=42
2026-03-15 22:15:40 | INFO     | [POOL #00655] 504 1134 718 1242 457 1063 185 1181 225 52 719 1169 944 687 1126 1055 1087 885 1061 531 503 684 1083 798 1120 584 323 9 799 658 352 857 528 711 403 822 399 445 181 94 141 1138 1212 1069 863 360 413 419 380 256 805 698 838 1146 1247 882 1105 489 1250 117 182 321 635 148 91 642 780 1025 441 1106 772 || mode=VB method=fcm solver=pyvrp stage=post_ls ls=pyvrp iter=42
2026-03-15 22:15:40 | INFO     | [POOL #00656] 1149 1284 116 1144 833 1049 315 700 511 748 54 82 325 639 965 72 786 830 296 269 656 461 398 588 1192 198 307 794 356 683 483 421 1194 927 994 197 203 899 1268 767 1133 1014 1285 1075 1158 131 80 155 1029 1227 1137 614 662 437 291 501 109 298 505 439 1130 1004 1142 1204 524 || mode=VB method=fcm solver=pyvrp stage=post_ls ls=pyvrp iter=42
2026-03-15 22:15:40 | INFO     | [POOL #00657] 1007 580 43 433 266 898 792 1219 95 178 221 961 515 302 247 1205 1089 519 123 967 242 257 896 471 578 1129 726 1094 811 157 1017 172 938 135 1230 955 810 290 129 273 1066 831 299 33 862 53 844 1223 985 1240 312 703 224 344 520 941 1034 411 912 1078 1244 507 974 1091 || mode=VB method=fcm solver=pyvrp stage=post_ls ls=pyvrp iter=42
2026-03-15 22:15:40 | INFO     | [POOL #00658] 737 1119 858 1118 1065 1317 384 1104 536 355 390 663 152 991 24 362 1320 926 680 334 821 740 480 563 1161 354 469 717 550 793 530 270 837 815 569 574 11 83 385 1303 180 412 1305 271 784 126 1319 1184 566 447 1291 288 577 279 900 787 867 199 1289 206 533 1163 1312 78 611 609 744 522 943 757 1162 494 || mode=VB method=fcm solver=pyvrp stage=post_ls ls=pyvrp iter=42
2026-03-15 22:15:40 | INFO     | [POOL #00659] 575 552 1178 587 1132 436 924 518 789 88 959 1274 739 143 724 648 562 1306 1176 887 1155 931 591 1282 541 1097 1209 774 259 239 1327 322 202 621 479 333 672 666 704 342 106 1008 1084 406 502 194 105 1015 903 276 928 1173 992 558 1024 165 952 818 1210 791 582 529 1248 644 746 449 113 294 852 804 5 1110 542 || mode=VB method=fcm solver=pyvrp stage=post_ls ls=pyvrp iter=42
2026-03-15 22:15:40 | INFO     | [POOL #00660] 619 46 741 613 140 150 1277 1292 526 1262 297 1096 768 1211 554 324 514 92 803 277 51 1249 303 788 622 171 1237 1196 919 889 1030 1234 1127 769 64 763 696 351 716 597 1259 460 265 1213 850 691 416 1048 1023 236 1046 462 209 121 1271 880 368 832 386 1267 1324 855 517 1200 874 1028 100 381 420 722 756 || mode=VB method=fcm solver=pyvrp stage=post_ls ls=pyvrp iter=42
2026-03-15 22:15:40 | INFO     | [POOL #00661] 156 775 222 223 184 884 1058 964 448 860 1116 1167 842 1050 521 561 675 1143 669 1043 1302 1280 237 1032 500 1164 193 997 953 579 1047 226 796 738 659 443 879 1122 693 923 330 638 1321 674 468 676 940 664 1229 1189 888 1042 1156 688 589 || mode=VB method=fcm solver=pyvrp stage=post_ls ls=pyvrp iter=42
2026-03-15 22:15:40 | INFO     | [POOL #00662] 241 1270 548 1322 1216 972 1260 1202 136 258 336 917 383 1217 496 32 1253 1177 835 466 785 35 313 160 807 314 1168 62 27 933 897 1117 628 557 1293 930 2 1304 904 252 970 405 1103 499 901 372 742 525 369 1124 244 797 1193 19 979 417 720 615 853 980 1307 845 743 487 971 497 606 1093 1070 134 111 594 || mode=VB method=fcm solver=pyvrp stage=post_ls ls=pyvrp iter=42
2026-03-15 22:15:40 | INFO     | [POOL #00663] 1243 415 1325 1013 843 484 877 57 133 366 652 75 337 951 192 890 983 1245 1001 960 1187 540 149 870 629 317 508 651 130 246 705 755 55 990 646 58 477 232 1009 316 428 253 478 145 1011 23 472 689 612 1012 922 216 1326 1185 379 42 248 649 38 692 777 671 1088 576 118 467 1056 195 1182 1139 1238 || mode=VB method=fcm solver=pyvrp stage=post_ls ls=pyvrp iter=42
2026-03-15 22:15:40 | INFO     | [POOL #00664] 31 434 1064 846 1044 934 945 18 1145 1016 392 308 401 849 402 177 1172 260 397 605 814 915 1174 1265 732 1283 151 393 1258 474 235 104 1241 476 455 773 948 856 139 144 357 512 1019 657 1071 204 847 1263 475 1072 1175 1114 86 1092 999 103 868 45 506 590 1296 367 873 637 138 764 1266 473 516 429 || mode=VB method=fcm solver=pyvrp stage=post_ls ls=pyvrp iter=42
2026-03-15 22:15:40 | INFO     | [POOL #00665] 632 238 883 1107 25 795 677 585 655 263 459 346 1239 163 464 537 153 568 1082 973 169 426 872 267 1147 71 230 694 1276 1235 939 435 1151 859 543 61 353 1059 1222 660 1180 751 77 81 1246 50 817 510 365 318 865 1035 8 283 754 272 332 714 287 707 48 309 423 598 783 848 196 729 996 790 387 1186 827 || mode=VB method=fcm solver=pyvrp stage=post_ls ls=pyvrp iter=42
2026-03-15 22:15:40 | INFO     | [POOL #00666] 1203 79 335 213 864 1215 572 281 1115 146 978 114 59 823 760 535 1010 395 327 836 278 1108 7 819 49 1214 956 1279 627 1231 284 1301 679 647 1157 1005 801 909 176 1018 76 20 962 205 806 734 881 1170 210 623 825 1040 407 1141 551 600 187 706 778 602 10 1109 911 610 1160 215 617 || mode=VB method=fcm solver=pyvrp stage=post_ls ls=pyvrp iter=42
2026-03-15 22:15:40 | INFO     | [POOL #00667] 90 1272 854 358 670 1081 119 1148 747 869 207 989 1221 12 89 1288 13 132 723 593 67 112 370 37 861 753 752 347 800 902 345 1090 1309 1113 84 70 708 908 217 954 986 311 430 886 101 633 164 456 22 667 993 963 286 893 866 73 340 65 1057 1300 262 759 828 301 382 168 40 841 681 214 || mode=VB method=fcm solver=pyvrp stage=post_ls ls=pyvrp iter=42
2026-03-15 22:15:40 | INFO     | [POOL #00668] 1042 681 119 1148 869 207 989 89 1288 132 723 593 430 456 886 311 954 217 986 70 708 908 1210 931 591 1282 1097 541 903 1015 1084 1008 106 342 704 666 672 333 479 1234 1030 351 696 763 64 769 1127 621 202 322 1327 774 259 1209 239 648 562 1306 1176 887 1155 902 84 1113 1309 1090 345 112 67 747 1081 || mode=VB method=sk_ac_min solver=filo2 stage=post_ls ls=pyvrp iter=43
2026-03-15 22:15:40 | INFO     | [POOL #00669] 90 978 146 281 1115 114 59 909 801 176 76 1018 1301 284 1231 627 679 647 1005 1157 956 1279 1214 49 587 1132 436 518 789 88 724 143 739 1274 959 924 800 347 861 753 752 370 37 819 7 1178 1108 278 836 552 575 1010 327 395 823 760 535 1272 854 670 358 214 || mode=VB method=sk_ac_min solver=filo2 stage=post_ls ls=pyvrp iter=43
2026-03-15 22:15:40 | INFO     | [POOL #00670] 617 215 1203 79 335 572 1215 864 213 10 602 20 962 205 806 734 881 1170 210 623 825 1040 407 1141 551 600 187 706 778 1109 911 610 1160 772 || mode=VB method=sk_ac_min solver=filo2 stage=post_ls ls=pyvrp iter=43
2026-03-15 22:15:40 | INFO     | [POOL #00671] 1299 631 319 211 527 782 545 451 195 1233 1310 779 1085 1065 1317 384 1104 536 998 453 935 355 390 663 1191 444 1095 686 625 152 762 66 21 63 254 1098 608 179 851 190 975 481 414 966 162 1111 36 102 1014 1285 118 576 131 57 877 80 155 1029 1013 1227 1137 662 614 1182 1139 505 439 1130 1004 1142 1204 || mode=VB method=sk_ac_min solver=filo2 stage=post_ls ls=pyvrp iter=43
2026-03-15 22:15:40 | INFO     | [POOL #00672] 1078 912 1224 1100 941 344 224 85 1045 727 1287 410 604 701 673 158 275 690 127 1257 110 820 987 958 808 1206 976 391 731 1314 630 549 488 634 603 745 107 93 1281 166 1197 984 538 68 338 17 1002 710 261 400 1136 490 1000 1318 1188 482 581 895 907 3 446 1026 1232 905 1086 599 1099 1201 703 292 1034 411 39 || mode=VB method=sk_ac_min solver=filo2 stage=post_ls ls=pyvrp iter=43
2026-03-15 22:15:40 | INFO     | [POOL #00673] 1183 942 1208 1033 1230 1052 520 234 1112 906 1022 570 422 695 293 1053 1236 918 285 1171 1131 556 424 1218 1121 191 306 624 1021 733 44 1159 1195 1294 892 69 1062 425 1228 1 229 161 626 1225 969 339 219 120 243 1036 375 913 936 639 1269 1006 442 1295 29 26 128 925 418 1252 16 1315 233 650 977 116 1284 || mode=VB method=sk_ac_min solver=filo2 stage=post_ls ls=pyvrp iter=43
2026-03-15 22:15:40 | INFO     | [POOL #00674] 542 828 619 644 46 953 1019 657 1071 741 613 140 104 235 474 1258 151 393 1292 1277 526 1096 768 1211 554 324 514 1249 303 788 1237 171 622 416 1048 691 850 1213 265 460 1259 597 716 889 919 1196 502 406 194 105 928 276 1173 992 558 1024 165 952 818 791 582 856 139 633 101 164 22 667 993 963 13 12 1221 || mode=VB method=sk_ac_min solver=filo2 stage=post_ls ls=pyvrp iter=43
2026-03-15 22:15:40 | INFO     | [POOL #00675] 286 893 529 144 512 357 948 773 455 1241 476 150 1262 297 92 803 277 51 880 1271 121 1023 236 1046 462 209 832 368 386 1267 1324 517 855 1239 1082 973 169 426 872 267 1147 537 153 568 464 163 346 1200 874 1028 100 381 420 722 756 785 466 835 1283 1263 847 204 1164 193 997 226 879 664 1229 1189 || mode=VB method=sk_ac_min solver=filo2 stage=post_ls ls=pyvrp iter=43
2026-03-15 22:15:40 | INFO     | [POOL #00676] 266 898 814 1253 32 496 160 314 1168 27 62 807 1117 628 557 1103 405 499 901 372 742 525 369 238 883 1107 288 1291 550 793 270 837 385 83 1276 1235 694 230 71 412 180 1303 1305 271 784 126 1319 1184 566 447 795 25 677 585 655 263 459 904 1304 252 970 930 2 1293 35 313 1177 732 1265 1174 915 1302 1116 || mode=VB method=sk_ac_min solver=filo2 stage=post_ls ls=pyvrp iter=43
2026-03-15 22:15:40 | INFO     | [POOL #00677] 829 750 1255 641 573 343 427 431 1027 546 349 299 831 1066 273 1223 985 950 1051 378 547 364 607 463 142 583 809 486 289 699 295 509 231 328 910 394 1290 1297 1190 167 1275 878 115 432 713 539 452 914 41 1273 359 1125 371 758 1037 108 1101 565 1152 137 1240 312 129 290 810 955 1135 220 596 159 240 1244 507 || mode=VB method=sk_ac_min solver=filo2 stage=post_ls ls=pyvrp iter=43
2026-03-15 22:15:40 | INFO     | [POOL #00678] 1149 1041 665 1038 409 921 1316 929 876 1054 1278 725 1123 532 350 1286 618 981 824 14 373 712 34 188 920 363 465 1128 891 99 875 1073 374 616 813 396 640 661 30 1067 1198 816 721 408 968 440 87 1313 326 1254 840 1140 586 310 564 947 1226 495 1264 770 802 766 1179 389 485 331 682 170 183 1251 957 1261 1220 1080 894 47 1144 || mode=VB method=sk_ac_min solver=filo2 stage=post_ls ls=pyvrp iter=43
2026-03-15 22:15:40 | INFO     | [POOL #00679] 1156 888 841 40 1110 168 382 759 262 1300 1057 65 340 73 866 1248 579 1047 443 659 738 796 669 1043 1280 237 1032 500 1072 475 1114 1175 86 999 1092 868 45 506 103 260 1172 605 397 1260 177 402 849 401 308 392 1016 1145 590 1296 221 961 515 302 247 1050 842 1167 468 676 860 448 433 43 580 1007 156 || mode=VB method=sk_ac_min solver=filo2 stage=post_ls ls=pyvrp iter=43
2026-03-15 22:15:40 | INFO     | [POOL #00680] 501 291 700 511 54 325 965 72 786 830 296 702 438 208 523 201 348 601 553 620 249 200 826 377 491 653 287 1165 212 643 60 736 361 124 376 1311 571 341 865 318 365 510 1035 8 283 754 817 50 1246 272 332 714 309 48 707 645 783 598 423 848 196 729 996 790 387 269 656 461 398 82 748 827 315 109 || mode=VB method=sk_ac_min solver=filo2 stage=post_ls ls=pyvrp iter=43
2026-03-15 22:15:40 | INFO     | [POOL #00681] 1091 974 524 241 429 594 111 494 516 473 1266 1162 776 1243 937 134 938 1070 172 157 138 811 1094 726 1129 792 578 471 1219 873 934 945 367 95 178 896 257 242 967 123 1205 519 1089 1143 675 561 521 693 1122 923 330 638 674 1321 449 746 113 294 852 301 804 5 940 964 1058 884 184 223 222 775 688 589 || mode=VB method=sk_ac_min solver=filo2 stage=post_ls ls=pyvrp iter=43
2026-03-15 22:15:40 | INFO     | [POOL #00682] 1256 1153 1060 812 737 1119 765 1020 320 1068 96 636 147 174 678 28 982 927 994 1194 890 983 1245 1001 960 1187 540 149 651 508 130 246 705 755 55 990 612 689 472 216 922 1012 629 317 870 192 951 337 75 652 777 483 683 356 794 1186 671 307 1088 133 198 588 1192 484 843 1049 437 833 298 1238 135 || mode=VB method=sk_ac_min solver=filo2 stage=post_ls ls=pyvrp iter=43
2026-03-15 22:15:40 | INFO     | [POOL #00683] 31 434 1064 846 1044 18 972 1202 136 258 336 917 383 1217 632 1312 933 897 1163 533 206 1289 199 867 787 797 244 1124 900 279 577 1161 563 480 740 362 24 991 388 730 15 834 450 498 1193 19 979 728 916 417 720 615 853 980 1307 845 743 487 971 497 78 611 609 606 559 744 522 943 757 1216 1322 637 548 1270 || mode=VB method=sk_ac_min solver=filo2 stage=post_ls ls=pyvrp iter=43
2026-03-15 22:15:40 | INFO     | [POOL #00684] 415 1325 467 1056 1158 1075 1133 767 1268 899 203 197 421 366 692 38 649 248 42 379 1185 1326 23 232 1009 316 428 1011 145 253 478 660 1180 751 81 77 1222 1059 353 61 543 859 1151 435 939 11 574 815 569 477 58 646 530 717 469 354 821 334 680 926 1320 871 454 4 1323 715 1118 858 304 1166 1093 1017 764 || mode=VB method=sk_ac_min solver=filo2 stage=post_ls ls=pyvrp iter=43
2026-03-15 22:15:40 | INFO     | [POOL #00685] 1178 1132 436 924 518 789 88 959 1274 739 143 724 648 562 1306 1176 887 1282 541 1097 1209 774 259 239 1327 322 202 621 479 1234 1127 769 64 763 696 1030 351 716 597 1259 460 850 1213 265 889 919 1196 502 406 194 105 1084 1008 106 333 672 666 704 342 1015 903 276 928 1173 992 558 931 591 1155 902 || mode=VB method=sk_kmeans solver=filo2 stage=post_ls ls=pyvrp iter=44
2026-03-15 22:15:40 | INFO     | [POOL #00686] 688 542 5 619 73 164 954 217 1210 818 952 165 1024 476 150 1277 1292 526 1262 297 1096 768 1211 554 324 514 92 803 277 51 1249 303 788 1237 171 622 691 416 1048 1023 236 1046 462 209 121 1271 880 368 832 386 874 1028 100 381 420 722 756 785 1177 835 466 393 151 1283 1164 226 443 879 674 664 884 184 156 || mode=VB method=sk_kmeans solver=filo2 stage=post_ls ls=pyvrp iter=44
2026-03-15 22:15:40 | INFO     | [POOL #00687] 31 434 266 898 860 676 468 1167 842 1050 521 561 675 1143 1089 519 967 123 1205 1043 1302 868 45 506 401 849 1260 972 177 308 392 1016 1145 590 1296 221 961 515 302 247 242 257 896 95 367 18 945 934 873 1129 726 1094 811 548 1044 846 1064 1270 764 1266 473 516 429 1203 79 335 1109 911 610 1160 215 617 || mode=VB method=sk_kmeans solver=filo2 stage=post_ls ls=pyvrp iter=44
2026-03-15 22:15:40 | INFO     | [POOL #00688] 90 1272 535 760 823 59 114 978 146 1115 281 572 1215 864 213 10 602 778 706 187 600 551 1141 407 1040 825 623 210 1170 881 734 806 205 962 20 76 1018 176 909 801 1005 1157 647 679 1301 284 1231 627 1279 956 1214 49 587 37 819 7 1108 278 836 552 575 327 395 1010 747 119 681 1042 1156 589 || mode=VB method=sk_kmeans solver=filo2 stage=post_ls ls=pyvrp iter=44
2026-03-15 22:15:40 | INFO     | [POOL #00689] 1007 580 43 1058 964 940 804 301 828 852 294 113 746 449 1321 638 330 923 693 1122 659 738 796 669 1280 237 1092 999 103 260 605 397 1202 522 304 1166 737 812 451 545 782 1182 1139 527 415 1060 1093 943 757 1216 1322 637 138 157 1017 172 1070 938 134 937 1243 776 111 || mode=VB method=sk_kmeans solver=filo2 stage=post_ls ls=pyvrp iter=44
2026-03-15 22:15:40 | INFO     | [POOL #00690] 1299 631 1004 319 135 1238 1130 439 505 298 109 833 437 1049 1227 1137 662 614 1325 195 1233 1119 858 559 744 258 336 917 1253 814 915 1174 1265 732 1263 847 204 1072 475 1114 1175 86 1032 500 193 997 1047 953 579 1248 866 46 644 340 65 1057 1300 262 759 382 168 1110 1229 1189 223 222 775 || mode=VB method=sk_kmeans solver=filo2 stage=post_ls ls=pyvrp iter=44
2026-03-15 22:15:40 | INFO     | [POOL #00691] 772 1106 441 1025 504 1134 718 1242 457 1063 185 1181 225 1087 885 1061 531 503 799 9 323 584 658 1083 684 1126 1055 687 944 1169 719 52 148 635 91 780 642 1031 492 697 750 1255 596 159 240 829 39 974 1091 || mode=VB method=sk_kmeans solver=filo2 stage=post_ls ls=pyvrp iter=44
2026-03-15 22:15:40 | INFO     | [POOL #00692] 941 1045 1232 1026 446 1287 410 1054 1278 389 485 331 170 183 682 1294 892 1195 1159 1 1228 425 1062 69 802 766 1179 725 1123 532 350 1286 618 981 824 14 770 1264 373 712 34 820 110 1257 127 690 275 158 581 167 1275 878 895 673 907 701 604 3 115 432 713 539 452 914 41 1273 359 1125 371 758 1037 292 1183 || mode=VB method=sk_kmeans solver=filo2 stage=post_ls ls=pyvrp iter=44
2026-03-15 22:15:40 | INFO     | [POOL #00693] 1152 364 995 534 592 227 1076 654 668 1150 1077 268 250 175 544 781 709 329 567 761 493 946 749 264 932 560 1079 1207 98 97 305 771 189 1074 458 538 984 68 338 1197 166 1281 93 107 745 603 634 488 549 616 813 396 87 1313 326 1254 840 1140 586 310 339 161 229 1021 733 44 1121 1218 424 556 918 1236 1053 1261 || mode=VB method=sk_kmeans solver=filo2 stage=post_ls ls=pyvrp iter=44
2026-03-15 22:15:40 | INFO     | [POOL #00694] 291 128 26 29 1295 442 1006 285 1171 1131 191 306 624 626 1225 969 219 120 564 947 1226 495 188 920 363 465 1128 891 99 875 1073 374 630 1314 731 391 976 1206 808 1002 17 261 710 400 1136 958 987 490 1000 1318 1188 482 1290 1190 1297 394 910 328 231 509 295 699 289 486 809 583 142 463 607 108 1101 565 || mode=VB method=sk_kmeans solver=filo2 stage=post_ls ls=pyvrp iter=44
2026-03-15 22:15:40 | INFO     | [POOL #00695] 700 511 54 82 325 1269 639 965 72 786 830 936 375 1036 243 913 296 702 438 208 523 201 348 601 553 620 249 200 440 968 826 377 408 721 816 1198 1067 640 661 30 376 124 361 1311 341 865 8 283 571 60 736 643 212 1165 287 653 491 707 48 645 783 598 423 848 996 269 656 461 398 588 1192 748 827 315 || mode=VB method=sk_kmeans solver=filo2 stage=post_ls ls=pyvrp iter=44
2026-03-15 22:15:40 | INFO     | [POOL #00696] 524 1204 1142 977 650 1144 233 665 1315 47 894 16 1252 418 1080 501 925 1038 409 1112 85 1201 1099 599 137 950 1051 378 547 274 1003 251 228 186 173 154 56 404 949 595 1199 300 6 282 125 1102 255 218 685 988 181 445 399 822 403 711 528 857 352 1120 798 805 698 838 1146 1247 882 1105 489 1250 117 182 321 470 || mode=VB method=sk_kmeans solver=filo2 stage=post_ls ls=pyvrp iter=44
2026-03-15 22:15:40 | INFO     | [POOL #00697] 1149 1284 116 1041 1033 1224 1100 1034 1135 955 810 290 129 703 312 1240 985 1223 273 1066 831 299 33 862 53 844 280 1308 555 1154 513 839 1212 1138 94 141 863 360 413 419 380 256 1069 735 74 1039 349 546 1027 431 427 1298 343 573 122 245 641 220 411 912 1078 1244 507 || mode=VB method=sk_kmeans solver=filo2 stage=post_ls ls=pyvrp iter=44
2026-03-15 22:15:40 | INFO     | [POOL #00698] 214 854 358 670 1081 1148 869 207 989 89 1288 132 723 67 112 370 753 861 800 347 752 345 1090 593 430 311 986 1309 1113 84 70 708 908 791 582 856 139 144 512 357 948 773 455 104 1241 235 1258 474 140 613 741 1071 657 1019 529 633 101 886 456 667 22 893 286 963 993 13 12 1221 40 841 888 || mode=VB method=sk_kmeans solver=filo2 stage=post_ls ls=pyvrp iter=44
2026-03-15 22:15:40 | INFO     | [POOL #00699] 433 448 1116 32 160 313 35 1293 930 2 1200 346 163 464 1239 855 517 1324 1267 1082 973 426 872 169 568 153 537 1147 267 71 230 694 1235 1276 83 385 1303 180 412 1305 271 784 126 1319 1184 566 447 795 25 677 585 655 263 459 904 1304 252 970 557 628 1117 807 314 1168 496 1172 1219 471 578 792 241 || mode=VB method=sk_kmeans solver=filo2 stage=post_ls ls=pyvrp iter=44
2026-03-15 22:15:40 | INFO     | [POOL #00700] 594 494 1162 1153 1118 715 1323 4 454 536 998 453 935 355 390 663 1191 444 1095 686 625 152 762 66 21 63 254 1187 960 1001 1098 608 179 851 190 975 147 636 96 1104 384 1317 1065 1085 779 1310 765 467 1220 921 1316 906 570 1086 905 727 876 1251 293 957 929 695 422 1022 224 344 234 520 1052 1230 1208 942 || mode=VB method=sk_kmeans solver=filo2 stage=post_ls ls=pyvrp iter=44
2026-03-15 22:15:40 | INFO     | [POOL #00701] 609 611 78 632 1312 1163 533 206 1289 199 867 787 797 244 1124 900 279 577 1161 563 480 740 354 469 717 530 646 58 477 232 1009 316 428 253 478 145 1011 23 1185 1326 42 248 649 38 692 777 483 421 366 652 75 337 951 1194 994 197 203 899 1268 767 1133 1014 1285 1075 1158 118 576 131 57 877 80 155 1029 1013 || mode=VB method=sk_kmeans solver=filo2 stage=post_ls ls=pyvrp iter=44
2026-03-15 22:15:40 | INFO     | [POOL #00702] 178 402 136 383 1217 27 62 933 897 1103 405 499 901 372 742 525 369 238 883 1107 288 1291 550 793 270 837 815 569 574 11 939 435 1151 859 543 61 353 1059 1222 660 1180 751 77 81 1246 50 510 365 318 1035 817 754 272 332 714 309 379 196 729 790 387 683 356 794 1186 671 307 1088 133 198 484 843 211 || mode=VB method=sk_kmeans solver=filo2 stage=post_ls ls=pyvrp iter=44
2026-03-15 22:15:40 | INFO     | [POOL #00703] 1256 1056 1020 320 1068 102 36 1111 162 966 414 481 174 678 28 982 927 983 1245 890 192 870 317 629 1012 922 216 472 689 612 990 55 755 705 246 130 508 651 149 540 926 680 334 821 362 1320 871 24 991 388 730 15 834 450 498 1193 19 979 728 916 417 720 615 853 980 1307 845 743 487 971 497 606 || mode=VB method=sk_kmeans solver=filo2 stage=post_ls ls=pyvrp iter=44
2026-03-15 22:15:40 | INFO     | [POOL #00704] 524 505 662 1227 843 484 1192 198 588 398 965 72 786 830 936 375 913 296 790 387 683 483 421 366 652 75 337 951 870 317 508 651 130 705 755 55 990 612 922 1012 629 192 890 1245 983 1194 994 927 982 28 678 197 203 174 481 162 414 966 899 1268 767 1133 1285 118 576 131 467 1325 1182 1139 439 1130 319 631 || mode=VB method=fcm solver=pyvrp stage=post_ls ls=pyvrp iter=45
2026-03-15 22:15:40 | INFO     | [POOL #00705] 429 594 111 516 473 1266 764 157 138 548 811 1094 726 578 471 1219 896 257 967 123 519 1089 1205 515 302 247 178 95 367 18 1216 1322 945 934 873 1129 792 1044 846 1064 1270 434 31 580 1007 775 156 || mode=VB method=fcm solver=pyvrp stage=post_ls ls=pyvrp iter=45
2026-03-15 22:15:40 | INFO     | [POOL #00706] 397 605 383 1217 1168 314 807 1117 628 557 1103 405 970 930 1293 2 1304 252 904 372 742 525 238 585 459 263 655 163 464 537 153 568 1082 973 169 426 872 267 1147 795 25 677 883 1107 1161 563 740 480 577 279 900 1124 244 797 787 867 1193 19 979 728 916 417 720 615 853 743 487 971 497 606 744 522 || mode=VB method=fcm solver=pyvrp stage=post_ls ls=pyvrp iter=45
2026-03-15 22:15:40 | INFO     | [POOL #00707] 814 915 1174 1265 732 1177 835 466 756 722 381 100 1028 874 1200 346 1239 855 517 1324 1267 386 832 368 880 1271 121 209 462 1046 236 1023 1048 416 622 691 850 265 889 351 716 597 1259 460 1213 171 1237 788 303 1249 51 277 803 92 514 324 554 297 1262 420 785 35 313 160 496 32 1253 136 1260 972 || mode=VB method=fcm solver=pyvrp stage=post_ls ls=pyvrp iter=45
2026-03-15 22:15:40 | INFO     | [POOL #00708] 637 1202 258 336 917 609 611 78 1312 632 27 62 933 897 1163 845 1307 980 533 206 1289 199 499 901 369 288 1291 447 566 1184 1319 126 784 271 1305 412 180 71 230 694 1235 1276 1303 385 83 939 435 1151 859 11 574 569 815 837 270 793 550 717 469 354 821 1320 871 66 762 1068 320 1020 765 1233 451 1060 938 || mode=VB method=fcm solver=pyvrp stage=post_ls ls=pyvrp iter=45
2026-03-15 22:15:40 | INFO     | [POOL #00709] 1299 211 527 614 1137 1013 1029 155 877 1088 307 671 794 356 777 692 38 649 248 42 379 1185 1326 216 472 689 23 1011 145 81 77 751 1180 660 1222 1059 353 61 543 478 253 428 316 1009 232 477 58 646 530 246 149 540 960 1001 1098 608 179 975 1111 36 102 1014 1075 1158 1056 195 545 782 415 1070 1162 494 || mode=VB method=fcm solver=pyvrp stage=post_ls ls=pyvrp iter=45
2026-03-15 22:15:40 | INFO     | [POOL #00710] 1238 827 748 82 325 1269 639 1036 243 702 438 208 523 201 348 601 553 620 249 200 968 826 377 408 721 816 1198 1067 30 376 124 361 1311 341 865 318 365 510 1035 817 50 1246 272 332 309 707 491 653 287 1165 212 643 736 60 571 8 283 754 714 48 645 783 598 423 848 196 729 996 269 656 461 1186 133 57 80 || mode=VB method=fcm solver=pyvrp stage=post_ls ls=pyvrp iter=45
2026-03-15 22:15:40 | INFO     | [POOL #00711] 470 642 780 91 148 635 1250 1105 882 74 735 1308 280 251 404 56 654 1076 1150 1077 781 749 264 932 560 295 359 108 1101 565 1152 137 950 1051 378 547 364 607 463 142 583 809 486 289 699 761 946 493 709 329 567 227 592 534 995 154 173 186 228 274 1003 53 844 1223 129 290 810 955 1135 1034 411 912 1183 || mode=VB method=fcm solver=pyvrp stage=post_ls ls=pyvrp iter=45
2026-03-15 22:15:40 | INFO     | [POOL #00712] 441 1025 504 1134 718 1242 457 1063 185 1181 225 52 719 1087 1055 687 1126 885 531 1061 684 503 799 9 323 403 822 282 6 125 1102 1199 300 595 949 668 268 250 175 544 458 1074 189 771 305 97 98 1207 1079 910 394 1190 167 1275 878 115 914 452 432 713 539 1026 1232 905 1086 1045 85 1112 224 344 941 1230 1208 || mode=VB method=fcm solver=pyvrp stage=post_ls ls=pyvrp iter=45
2026-03-15 22:15:40 | INFO     | [POOL #00713] 1031 492 697 321 182 245 122 343 427 431 1027 546 349 299 831 1066 273 33 862 1039 1069 863 141 94 1138 1212 839 555 513 1154 685 255 218 988 181 445 399 711 528 857 352 584 658 1083 798 1120 413 360 419 380 256 805 698 1247 838 1146 944 1169 117 489 1298 573 641 220 1255 596 750 159 240 829 39 || mode=VB method=fcm solver=pyvrp stage=post_ls ls=pyvrp iter=45
2026-03-15 22:15:40 | INFO     | [POOL #00714] 1149 1284 1041 1033 1052 520 234 1038 409 906 1022 570 422 695 727 410 1287 446 604 701 3 907 673 895 581 482 1188 1318 1000 490 820 188 920 363 976 1206 808 958 987 1257 110 127 690 275 618 802 69 892 1294 1195 1159 733 44 1121 1218 424 556 918 1236 29 26 1053 293 957 1261 1220 291 501 109 135 1078 1244 507 || mode=VB method=fcm solver=pyvrp stage=post_ls ls=pyvrp iter=45
2026-03-15 22:15:40 | INFO     | [POOL #00715] 1144 47 894 1080 925 876 1054 1278 1179 766 14 1264 495 465 1128 891 99 875 391 630 731 1314 1073 374 326 1313 87 440 661 640 396 813 616 549 488 634 603 745 107 93 1281 166 1197 984 538 68 338 17 1002 710 261 400 1136 1290 1297 328 231 509 41 1273 1125 371 758 1037 599 1099 1201 1240 985 312 703 292 1100 1224 942 || mode=VB method=fcm solver=pyvrp stage=post_ls ls=pyvrp iter=45
2026-03-15 22:15:40 | INFO     | [POOL #00716] 116 977 650 233 665 1315 16 1252 418 921 1316 929 1251 183 170 682 331 485 389 725 1123 158 532 350 1286 981 824 34 712 373 770 1062 425 1228 1 229 161 339 564 947 1226 1254 840 1140 586 310 120 219 969 1225 626 1021 624 306 191 1131 1171 285 1006 442 1295 54 511 128 700 315 1049 437 833 298 1004 || mode=VB method=fcm solver=pyvrp stage=post_ls ls=pyvrp iter=45
2026-03-15 22:15:40 | INFO     | [POOL #00717] 1243 937 1256 1153 1093 812 737 1119 1310 779 1085 1065 1317 384 1104 96 636 147 190 851 21 63 254 1187 926 680 334 362 24 991 388 730 15 834 450 498 152 625 686 1095 444 1191 663 390 355 935 453 998 536 454 4 1323 715 1118 858 559 304 1166 943 757 1017 172 134 776 1142 1204 974 1091 || mode=VB method=fcm solver=pyvrp stage=post_ls ls=pyvrp iter=45
2026-03-15 22:15:40 | INFO     | [POOL #00718] 1106 772 1160 610 911 1109 335 1215 864 213 10 602 778 706 187 600 551 1141 407 1040 825 623 210 1170 881 734 806 205 962 20 76 1018 1301 284 1231 627 679 647 176 909 114 978 146 1115 281 572 79 1203 215 617 || mode=VB method=fcm solver=pyvrp stage=post_ls ls=pyvrp iter=45
2026-03-15 22:15:40 | INFO     | [POOL #00719] 214 854 1272 535 760 823 395 327 1010 575 552 836 278 1108 1178 7 819 37 370 752 753 861 347 800 902 1155 931 591 1282 541 1097 704 666 672 333 106 342 1008 1084 105 1015 903 276 928 1173 992 558 1024 165 952 818 1210 791 582 217 954 986 311 101 633 164 893 73 866 46 644 619 828 301 664 1229 1189 222 || mode=VB method=fcm solver=pyvrp stage=post_ls ls=pyvrp iter=45
2026-03-15 22:15:40 | INFO     | [POOL #00720] 90 59 801 1005 1157 956 1279 1214 49 587 1132 436 924 518 789 88 959 1274 724 143 739 1306 1176 887 562 648 239 1209 259 774 1327 322 202 621 479 1234 1127 769 64 763 696 1030 919 1196 502 406 194 1211 768 1096 526 1292 1277 150 476 104 140 613 1071 997 226 443 659 1122 923 330 468 676 940 964 433 43 || mode=VB method=fcm solver=pyvrp stage=post_ls ls=pyvrp iter=45
2026-03-15 22:15:40 | INFO     | [POOL #00721] 888 841 542 40 1110 168 382 5 804 852 294 113 746 449 1321 674 638 879 1047 953 579 1248 529 1019 657 357 512 144 139 856 908 708 70 84 1113 1309 1090 345 112 67 723 132 593 430 886 456 22 667 993 963 286 65 1057 340 1300 262 759 12 13 1288 89 1221 989 207 869 747 1148 119 681 1081 670 358 || mode=VB method=fcm solver=pyvrp stage=post_ls ls=pyvrp iter=45
2026-03-15 22:15:40 | INFO     | [POOL #00722] 241 266 898 1116 1050 561 675 1143 738 796 669 1043 1280 1302 506 45 868 1092 237 1032 500 193 1164 204 741 948 773 455 1241 235 474 1258 393 151 1283 1263 847 1072 475 1114 1175 86 999 103 260 1172 177 402 849 401 308 392 1016 1145 590 1296 221 961 242 521 693 842 1167 860 448 1058 884 184 223 1042 1156 688 589 || mode=VB method=fcm solver=pyvrp stage=post_ls ls=pyvrp iter=45
2026-03-15 22:15:40 | INFO     | [POOL #00723] 688 775 223 184 884 433 266 898 448 860 1116 1050 967 123 519 1089 1205 1043 1280 237 86 1175 1114 475 1072 500 1032 1092 999 868 45 506 590 1296 221 961 515 302 247 242 257 896 178 95 367 945 934 873 1219 471 578 792 1129 726 1094 811 548 1044 846 1064 1270 1266 473 516 494 111 594 429 524 1091 || mode=RB method=sk_ac_avg solver=pyvrp stage=post_ls ls=pyvrp iter=46
2026-03-15 22:15:40 | INFO     | [POOL #00724] 156 1007 580 43 1058 964 940 676 468 1167 842 521 561 675 1143 738 669 796 226 997 193 1164 204 847 1263 1283 835 466 756 722 785 35 313 160 807 314 1168 62 27 1217 496 32 1253 1174 732 1265 915 814 605 397 260 1172 177 402 849 401 308 392 1016 1145 943 757 1216 1322 637 138 157 764 434 31 241 || mode=RB method=sk_ac_avg solver=pyvrp stage=post_ls ls=pyvrp iter=46
2026-03-15 22:15:40 | INFO     | [POOL #00725] 1031 492 697 321 182 489 74 735 1308 280 251 404 56 654 1076 1077 544 264 560 1079 1207 98 97 538 984 68 338 391 875 99 891 1128 465 1206 808 1002 17 261 710 400 1136 1290 1297 394 910 328 1190 167 1275 878 231 509 295 41 359 809 583 108 1101 565 1152 137 1240 312 129 290 810 955 1135 1034 411 1244 507 || mode=RB method=sk_ac_avg solver=pyvrp stage=post_ls ls=pyvrp iter=46
2026-03-15 22:15:40 | INFO     | [POOL #00726] 1284 116 977 650 233 1315 47 894 1252 418 1080 925 1220 1261 26 29 1295 442 1006 1269 639 965 72 786 830 936 296 913 375 1036 243 120 219 969 1225 626 161 229 1 1228 425 1062 69 892 1294 1195 1159 44 733 1021 624 306 191 1121 1218 424 556 1131 1171 285 918 1236 1053 293 957 929 1316 921 409 1038 234 1052 1183 || mode=RB method=sk_ac_avg solver=pyvrp stage=post_ls ls=pyvrp iter=46
2026-03-15 22:15:40 | INFO     | [POOL #00727] 1144 16 906 1022 570 422 695 876 727 1054 1278 389 1179 766 802 770 1264 495 188 920 363 976 1073 1314 731 630 374 326 1313 87 396 813 616 549 488 634 603 745 107 93 1281 166 1197 458 1074 189 771 305 932 749 946 493 761 699 289 486 142 463 607 364 547 378 1051 950 985 1223 273 1066 831 431 427 343 573 220 || mode=RB method=sk_ac_avg solver=pyvrp stage=post_ls ls=pyvrp iter=46
2026-03-15 22:15:40 | INFO     | [POOL #00728] 1078 912 1224 1100 941 292 703 1201 1099 599 1037 758 371 1125 1273 452 914 115 907 895 581 482 1188 1318 1000 490 958 987 820 110 1257 127 690 275 34 712 373 14 824 981 618 1286 350 532 158 1123 725 673 701 604 3 432 713 539 446 410 1287 1026 1232 905 1086 1045 85 1112 224 344 520 1230 1033 1041 1208 942 1149 || mode=RB method=sk_ac_avg solver=pyvrp stage=post_ls ls=pyvrp iter=46
2026-03-15 22:15:40 | INFO     | [POOL #00729] 1243 937 1256 415 451 1233 1310 779 1085 1065 1317 384 1068 102 36 636 147 975 174 481 414 966 162 1111 190 179 608 1098 1001 960 192 951 890 1245 983 1194 994 927 982 28 678 197 203 899 1268 767 1133 1014 1285 1075 1158 118 576 131 57 877 80 155 1029 1013 1227 662 1137 1325 614 1182 1139 505 439 1130 1004 631 1299 || mode=RB method=sk_ac_avg solver=pyvrp stage=post_ls ls=pyvrp iter=46
2026-03-15 22:15:40 | INFO     | [POOL #00730] 319 211 527 782 545 195 467 1056 765 1020 320 1104 96 851 21 63 254 1187 540 149 870 629 317 508 651 130 246 705 755 55 990 612 1012 922 689 472 216 1326 1185 379 42 248 38 649 75 337 652 692 777 366 421 483 683 356 794 671 307 1088 133 198 1192 484 843 1049 437 833 298 1238 135 1142 1204 || mode=RB method=sk_ac_avg solver=pyvrp stage=post_ls ls=pyvrp iter=46
2026-03-15 22:15:40 | INFO     | [POOL #00731] 688 775 223 184 884 433 266 898 448 860 1116 1050 967 123 519 1089 1205 1043 1280 237 86 1175 1114 475 1072 500 1032 1092 999 868 45 506 590 1296 221 961 515 302 247 242 257 896 178 95 367 945 934 873 1219 471 578 792 1129 726 1094 811 548 1044 846 1064 1270 1266 473 516 494 111 594 429 1091 || mode=RB method=sk_kmeans solver=pyvrp stage=post_ls ls=pyvrp iter=48
2026-03-15 22:15:40 | INFO     | [POOL #00732] 1041 1033 1052 520 234 409 921 1316 929 876 410 1287 446 604 701 895 158 532 1123 350 1286 618 981 824 14 1264 495 465 1128 976 363 920 188 110 1257 127 275 690 1318 482 1188 1000 490 958 987 820 34 712 373 770 1062 425 69 802 766 1179 725 673 907 3 432 713 539 1026 1232 905 1045 85 1112 224 344 941 1100 1224 || mode=RB method=sk_kmeans solver=pyvrp stage=post_ls ls=pyvrp iter=48
2026-03-15 22:15:40 | INFO     | [POOL #00733] 507 1244 1078 912 411 1034 1135 955 810 290 129 312 1240 950 1051 1152 378 547 565 1101 108 364 607 463 142 583 809 486 295 509 231 878 1275 167 1297 394 328 910 1079 1207 98 97 771 305 932 264 560 749 946 493 761 699 289 41 1273 359 1125 371 758 1037 599 137 985 1223 273 1066 831 431 427 343 573 220 697 492 || mode=RB method=sk_kmeans solver=pyvrp stage=post_ls ls=pyvrp iter=48
2026-03-15 22:15:40 | INFO     | [POOL #00734] 1149 1284 116 233 665 1315 16 1252 418 1038 906 1022 570 422 695 727 1054 1278 389 485 682 1121 191 306 44 733 1021 624 936 913 375 1036 243 120 219 339 969 1225 626 161 229 1228 1 1159 1195 892 1294 331 170 183 1218 424 556 1131 1171 285 918 1236 1053 1251 293 957 1261 1220 925 1080 894 47 650 977 1208 942 1183 || mode=RB method=sk_kmeans solver=pyvrp stage=post_ls ls=pyvrp iter=48
2026-03-15 22:15:40 | INFO     | [POOL #00735] 501 511 54 82 325 398 461 656 269 996 601 553 620 249 200 826 377 491 653 287 1165 212 643 736 60 1311 341 865 318 365 510 1035 817 754 283 8 571 361 124 376 30 661 640 1067 1198 816 721 408 968 440 87 396 107 93 1281 166 1197 984 538 189 1074 458 544 1077 1076 654 56 404 251 280 1308 735 74 489 182 321 1031 || mode=RB method=sk_kmeans solver=pyvrp stage=post_ls ls=pyvrp iter=48
2026-03-15 22:15:40 | INFO     | [POOL #00736] 1144 291 700 128 26 29 1295 442 1006 1269 639 965 72 786 830 296 702 438 208 523 201 348 840 1254 1140 586 310 564 947 1226 891 99 875 391 630 731 1314 1073 374 326 1313 813 616 549 488 634 603 745 338 68 17 1002 1206 808 710 261 400 1136 1290 1190 581 115 914 452 1086 1099 1201 703 292 1230 || mode=RB method=sk_kmeans solver=pyvrp stage=post_ls ls=pyvrp iter=48
2026-03-15 22:15:40 | INFO     | [POOL #00737] 1299 319 211 1130 439 505 1139 1182 614 1325 1137 662 1227 1013 843 484 1192 198 133 307 671 794 421 366 652 75 337 951 192 890 1245 983 1194 927 994 197 203 678 28 982 174 481 899 767 1268 966 414 162 1111 636 96 1068 384 1317 1065 320 1020 1085 765 779 1310 1119 1233 195 451 545 782 415 1256 937 1243 || mode=RB method=sk_kmeans solver=pyvrp stage=post_ls ls=pyvrp iter=48
2026-03-15 22:15:40 | INFO     | [POOL #00738] 631 776 134 938 1070 1153 1060 1093 812 737 1166 304 522 744 559 858 1118 1323 4 454 1104 536 935 453 998 851 179 608 1098 1001 960 1187 254 63 21 762 66 152 625 686 1095 444 1191 663 390 355 190 975 147 36 102 1133 1014 1285 1075 1158 118 576 57 877 80 155 1029 1049 437 833 298 1238 135 1142 1204 524 || mode=RB method=sk_kmeans solver=pyvrp stage=post_ls ls=pyvrp iter=48
2026-03-15 22:15:40 | INFO     | [POOL #00739] 1162 172 1017 972 1202 258 606 715 497 487 743 845 1307 980 853 615 720 916 728 417 533 206 499 901 405 1103 970 930 1304 252 904 372 742 525 369 238 883 1107 288 279 577 1161 563 480 740 362 24 991 15 834 498 450 797 244 900 1124 787 867 199 1289 1163 897 933 1312 632 383 78 611 609 917 336 136 1260 18 || mode=RB method=sk_kmeans solver=pyvrp stage=post_ls ls=pyvrp iter=48
2026-03-15 22:15:40 | INFO     | [POOL #00740] 527 1056 467 131 1088 683 387 790 729 196 848 423 598 783 645 707 48 309 714 332 272 1246 50 81 77 751 1222 1059 660 1180 478 253 145 1011 428 316 1009 23 472 689 612 990 55 755 705 246 130 651 508 870 317 629 1012 922 216 1326 1185 379 42 248 649 38 692 777 483 356 1186 588 748 827 315 109 1004 || mode=RB method=sk_kmeans solver=pyvrp stage=post_ls ls=pyvrp iter=48
2026-03-15 22:15:40 | INFO     | [POOL #00741] 971 979 19 1193 730 388 871 1320 680 149 540 926 334 821 354 469 717 793 270 837 815 477 232 859 543 353 61 1151 435 939 11 574 569 58 646 530 550 1291 447 566 1184 1319 126 784 271 1305 412 180 1303 385 83 1276 1235 694 230 71 267 1147 795 25 677 585 655 263 459 2 1293 557 628 1117 1177 103 1302 || mode=RB method=sk_kmeans solver=pyvrp stage=post_ls ls=pyvrp iter=48
2026-03-15 22:15:40 | INFO     | [POOL #00742] 1052 234 409 906 1022 727 905 1287 410 673 895 581 1318 1000 490 1136 958 987 820 34 712 373 1264 495 465 1128 891 99 875 1073 374 326 1313 87 396 813 616 488 549 630 1314 731 391 976 363 920 188 1206 808 1002 710 400 910 394 328 231 509 295 41 1273 359 1125 108 1101 565 1152 137 703 292 941 1100 1224 1183 || mode=RB method=sk_ac_complete solver=pyvrp stage=post_ls ls=pyvrp iter=49
2026-03-15 22:15:40 | INFO     | [POOL #00743] 1149 1284 116 977 650 233 1315 16 1252 418 1038 921 1316 929 957 293 1053 1236 918 285 1171 1131 556 424 1218 389 1179 766 802 618 275 690 127 110 1257 1188 482 1290 1297 1190 167 1275 878 115 914 452 539 713 432 3 907 701 604 446 1026 1232 371 758 1037 1086 599 1099 1201 1240 312 129 290 810 955 1135 1034 411 || mode=RB method=sk_ac_complete solver=pyvrp stage=post_ls ls=pyvrp iter=49
2026-03-15 22:15:40 | INFO     | [POOL #00744] 1144 47 894 1080 925 1220 1261 26 29 1295 442 1006 1269 639 965 72 786 830 936 296 913 375 1036 243 120 219 969 1225 626 161 1021 624 306 191 1121 44 733 1159 229 1228 1 1195 1294 892 69 425 1062 770 14 824 981 1286 350 532 158 1123 725 1278 1054 876 695 422 570 1045 85 1112 224 344 520 1230 1033 1041 1208 || mode=RB method=sk_ac_complete solver=pyvrp stage=post_ls ls=pyvrp iter=49
2026-03-15 22:15:40 | INFO     | [POOL #00745] 507 1244 1078 942 912 220 573 343 427 431 831 1066 273 1223 985 950 1051 378 547 364 607 463 142 583 809 486 289 699 761 493 946 560 1079 97 771 189 1074 458 538 984 1197 166 1281 93 107 603 634 745 338 68 17 261 1207 98 305 932 264 749 781 1077 1076 654 56 404 251 280 1308 735 74 489 182 321 697 492 1031 || mode=RB method=sk_ac_complete solver=pyvrp stage=post_ls ls=pyvrp iter=49
2026-03-15 22:15:40 | INFO     | [POOL #00746] 1299 319 211 1130 439 1139 1182 614 1325 1137 1227 1013 1029 155 80 131 576 118 1158 1075 1285 1014 1068 102 966 414 162 481 1111 36 636 147 975 190 851 179 174 678 28 982 927 994 1194 983 1245 890 192 951 337 75 652 777 483 683 356 794 671 307 1088 133 198 1192 484 1049 437 833 298 1238 135 1004 1142 1204 524 || mode=RB method=sk_ac_complete solver=pyvrp stage=post_ls ls=pyvrp iter=49
2026-03-15 22:15:40 | INFO     | [POOL #00747] 776 1243 937 1256 415 527 782 545 451 195 1233 467 1056 765 1310 779 1085 1020 320 1065 1317 384 1104 96 998 536 453 935 355 390 663 444 1191 762 66 21 63 254 608 1098 1001 960 1187 871 730 834 450 498 1193 19 979 417 720 615 853 980 1307 845 743 487 971 497 611 609 606 559 744 304 1166 1093 172 1162 || mode=RB method=sk_ac_complete solver=pyvrp stage=post_ls ls=pyvrp iter=49
2026-03-15 22:15:40 | INFO     | [POOL #00748] 134 938 1070 1153 1060 812 737 1119 858 1118 715 1323 4 454 916 728 1095 686 625 152 15 388 991 24 362 1320 821 334 680 926 540 149 246 705 755 55 990 130 651 508 870 317 629 1012 922 612 689 472 216 1326 1185 379 42 248 649 38 692 366 421 197 203 899 1268 767 1133 57 877 843 662 505 631 || mode=RB method=sk_ac_complete solver=pyvrp stage=post_ls ls=pyvrp iter=49
2026-03-15 22:15:40 | INFO     | [POOL #00749] 681 119 1148 869 207 89 1288 667 456 886 101 139 856 582 791 1210 931 591 1282 1097 541 903 1015 105 194 406 502 1196 919 889 265 460 1213 850 691 1048 416 622 171 1237 788 303 1249 514 324 554 1096 297 1262 526 1292 393 151 1258 474 235 1241 104 140 613 741 1071 657 1019 953 579 1047 746 852 664 1229 1189 222 || mode=RB method=sk_ac_complete solver=pyvrp stage=post_ls ls=pyvrp iter=49
2026-03-15 22:15:40 | INFO     | [POOL #00750] 1221 759 262 1300 866 1248 529 512 357 818 952 165 1024 558 992 1173 276 928 768 1211 92 803 277 51 880 1271 121 1023 236 1046 462 209 832 368 386 1267 1324 517 855 1239 1082 973 426 872 169 568 153 537 464 163 346 1200 874 1028 100 381 420 1277 150 476 455 773 948 144 633 164 22 13 12 989 || mode=RB method=sk_ac_complete solver=pyvrp stage=post_ls ls=pyvrp iter=49
2026-03-15 22:15:40 | INFO     | [POOL #00751] 1081 747 67 112 370 752 347 800 902 1155 887 1176 1306 562 239 1327 322 202 621 479 1234 1127 769 64 763 696 351 1030 716 597 1259 460 265 1213 850 691 1048 416 622 303 788 1237 171 889 919 1196 502 406 194 105 1015 903 276 928 1173 992 558 1210 818 791 582 856 139 529 866 1300 262 759 12 1221 989 681 || mode=RB method=sk_ac_avg solver=filo2 stage=post_ls ls=pyvrp iter=50
2026-03-15 22:15:40 | INFO     | [POOL #00752] 358 670 119 1148 869 207 89 1288 13 667 22 456 886 164 101 633 144 512 357 948 773 455 1241 476 1024 165 952 931 591 1282 541 1097 342 106 1008 1084 333 672 704 666 774 259 1209 648 724 143 739 1274 959 88 789 518 924 436 1132 587 49 1214 1279 956 1157 1005 801 909 59 114 146 978 90 || mode=RB method=sk_ac_avg solver=filo2 stage=post_ls ls=pyvrp iter=50
2026-03-15 22:15:40 | INFO     | [POOL #00753] 222 664 746 1047 1071 741 474 1258 151 393 1292 420 381 100 1028 874 1200 346 163 464 537 153 568 169 872 426 973 1082 1239 855 517 1324 1267 386 368 832 209 462 1046 236 1023 121 1271 880 51 1249 277 803 92 514 324 554 1211 768 1096 297 1262 526 1277 150 235 104 140 613 657 1019 953 579 1248 852 1229 1189 || mode=RB method=sk_ac_avg solver=filo2 stage=post_ls ls=pyvrp iter=50
2026-03-15 22:15:40 | INFO     | [POOL #00754] 1031 492 697 641 573 343 427 431 1027 546 349 299 831 1066 273 810 955 1135 220 1255 596 750 159 240 829 39 974 1091 || mode=VB method=fcm solver=filo2 stage=post_ls ls=pyvrp iter=51
2026-03-15 22:15:40 | INFO     | [POOL #00755] 470 780 1242 635 117 1250 489 1105 882 74 735 1308 280 251 404 1199 300 595 949 668 654 1076 1150 1077 781 268 250 175 544 458 1074 189 771 305 97 98 1207 261 710 400 1136 958 987 490 1000 1318 1188 482 167 1275 878 231 509 295 699 289 486 809 583 142 463 607 364 547 378 1051 950 985 1223 290 129 1034 411 912 1078 507 || mode=VB method=fcm solver=filo2 stage=post_ls ls=pyvrp iter=51
2026-03-15 22:15:40 | INFO     | [POOL #00756] 439 1139 1182 1325 467 1056 1020 320 1068 102 36 636 147 1111 162 966 414 481 174 975 190 851 179 608 1098 254 63 21 762 66 871 1320 926 680 334 821 362 24 991 388 730 15 834 450 498 152 625 686 1095 444 1191 663 390 355 935 453 536 998 96 1104 384 1317 1065 1085 765 1310 1233 195 545 782 415 || mode=VB method=fcm solver=filo2 stage=post_ls ls=pyvrp iter=51
2026-03-15 22:15:40 | INFO     | [POOL #00757] 135 1238 505 662 1227 843 155 877 57 133 1088 307 671 421 366 652 75 337 951 192 870 317 629 1012 922 216 472 689 612 477 58 646 990 55 755 705 246 130 508 651 149 540 1187 960 1001 1245 983 890 1194 994 927 982 28 678 197 203 899 1268 767 1133 1014 1285 1075 1158 118 576 131 80 1029 1013 1137 614 || mode=VB method=fcm solver=filo2 stage=post_ls ls=pyvrp iter=51
2026-03-15 22:15:40 | INFO     | [POOL #00758] 1144 501 291 700 128 511 54 82 325 1269 639 965 72 786 830 936 375 1036 243 913 296 702 438 208 523 201 348 601 553 620 249 200 440 968 826 408 721 377 491 653 287 1165 212 643 736 60 571 8 283 754 272 332 714 309 48 707 645 783 598 423 848 196 729 996 790 387 269 656 461 398 588 748 827 315 109 || mode=VB method=fcm solver=filo2 stage=post_ls ls=pyvrp iter=51
2026-03-15 22:15:40 | INFO     | [POOL #00759] 1149 1284 116 47 894 1080 925 1220 1261 26 29 1053 1236 918 1295 442 1006 285 1171 1131 556 424 1218 1121 191 306 44 733 1021 624 626 1225 969 219 120 339 161 229 1 1228 425 1062 69 892 1195 1159 1294 682 331 485 389 1278 1054 876 695 422 570 1022 906 1316 921 418 1252 16 1315 233 650 977 1041 1208 942 1183 || mode=VB method=fcm solver=filo2 stage=post_ls ls=pyvrp iter=51
2026-03-15 22:15:40 | INFO     | [POOL #00760] 1100 292 1201 1099 599 1086 905 1232 1026 446 604 701 673 158 275 690 127 1257 110 820 1206 808 1002 17 338 68 538 984 1197 166 1281 93 107 745 603 634 488 616 813 549 630 731 1314 374 1073 391 976 875 99 891 1128 465 363 920 188 34 712 373 824 981 618 1286 350 532 1123 725 410 1287 727 1045 85 1112 941 || mode=VB method=fcm solver=filo2 stage=post_ls ls=pyvrp iter=51
2026-03-15 22:15:40 | INFO     | [POOL #00761] 779 4 454 720 417 916 728 979 19 1193 797 244 900 480 740 354 469 717 550 793 530 270 837 815 569 574 11 232 1009 316 428 253 478 1180 660 1222 1059 353 61 543 859 1151 435 939 1235 1276 694 230 71 412 180 83 385 1303 1305 271 784 126 1319 1184 566 447 1107 288 1291 1161 563 577 279 1124 787 615 1323 1118 || mode=VB method=fcm solver=filo2 stage=post_ls ls=pyvrp iter=51
2026-03-15 22:15:40 | INFO     | [POOL #00762] 1244 1224 1230 1052 520 234 344 224 703 312 1240 137 1152 565 1101 108 1037 758 371 1125 359 1273 41 914 452 539 713 432 3 115 907 895 581 1190 1297 1290 394 328 910 1079 560 932 264 749 946 493 761 567 709 329 227 592 534 995 56 154 173 186 228 274 1003 844 53 862 33 1039 1298 122 245 182 321 || mode=VB method=fcm solver=filo2 stage=post_ls ls=pyvrp iter=51
2026-03-15 22:15:40 | INFO     | [POOL #00763] 1033 665 1038 409 929 957 293 1251 183 170 1179 766 802 14 770 1264 495 1226 947 564 310 586 1140 840 1254 326 1313 87 396 640 661 1067 1198 816 30 376 124 361 1311 341 865 318 365 510 1035 817 50 1246 81 77 751 145 1011 23 1326 1185 379 42 248 649 38 692 777 483 683 356 794 1186 198 1192 484 1049 437 833 298 || mode=VB method=fcm solver=filo2 stage=post_ls ls=pyvrp iter=51
2026-03-15 22:15:40 | INFO     | [POOL #00764] 222 1189 1229 664 940 676 468 449 1321 674 638 330 923 693 1122 659 738 796 669 500 1072 475 1175 1114 915 1174 1265 732 1177 835 466 756 722 785 313 35 1293 930 2 1304 904 252 970 405 499 1289 199 867 533 206 980 853 1307 845 1163 897 933 1312 743 487 971 497 715 858 1119 737 451 527 1130 211 319 1004 1142 1204 || mode=VB method=fcm solver=filo2 stage=post_ls ls=pyvrp iter=51
2026-03-15 22:15:40 | INFO     | [POOL #00765] 869 207 723 593 1090 1309 1113 84 70 708 908 1210 931 591 1282 1097 541 903 1015 105 1211 554 324 514 1249 303 788 1237 171 622 691 416 1048 1023 236 1046 462 209 832 386 368 121 1271 880 51 277 803 92 297 1262 1096 768 928 276 1173 992 558 1024 165 952 818 791 582 217 954 986 311 430 132 1288 89 681 || mode=VB method=fcm solver=filo2 stage=post_ls ls=pyvrp iter=51
2026-03-15 22:15:40 | INFO     | [POOL #00766] 43 433 266 898 1116 1302 103 814 1253 32 160 1117 628 557 1103 901 372 742 369 238 525 459 263 655 585 883 677 25 795 464 537 1147 267 872 426 169 568 153 1082 973 1267 1324 517 855 1239 163 346 1200 874 1028 100 381 420 526 1277 1292 393 151 1283 1263 847 204 1164 193 997 226 443 879 746 804 5 || mode=VB method=fcm solver=filo2 stage=post_ls ls=pyvrp iter=51
2026-03-15 22:15:40 | INFO     | [POOL #00767] 688 775 223 184 884 1058 964 448 860 1167 842 1050 521 561 675 1143 1089 519 967 123 1205 1043 1280 237 1032 86 999 1092 868 45 506 590 1296 221 961 515 302 247 242 257 896 178 95 367 945 934 873 1219 471 578 792 1129 726 1094 811 548 1044 846 1064 1270 434 31 580 1007 156 || mode=VB method=fcm solver=filo2 stage=post_ls ls=pyvrp iter=51
2026-03-15 22:15:40 | INFO     | [POOL #00768] 747 67 112 345 902 1155 887 1176 1306 562 1209 259 774 666 704 672 333 106 342 1008 1084 194 406 502 1196 919 889 265 1213 850 460 1259 597 716 351 1030 696 763 64 769 1127 1234 479 621 202 322 1327 239 648 724 143 739 1274 959 88 789 518 924 436 1132 587 49 1214 1279 801 176 909 59 114 978 90 || mode=VB method=fcm solver=filo2 stage=post_ls ls=pyvrp iter=51
2026-03-15 22:15:40 | INFO     | [POOL #00769] 358 670 1081 119 1148 989 1221 12 13 963 993 667 22 456 886 164 101 633 139 856 144 512 357 948 773 455 104 1241 476 150 235 1258 474 140 613 741 1071 657 1019 529 1248 579 953 1047 866 46 644 73 893 286 65 1057 340 619 113 294 852 301 828 1300 262 759 382 168 1110 40 542 841 888 1042 1156 589 || mode=VB method=fcm solver=filo2 stage=post_ls ls=pyvrp iter=51
2026-03-15 22:15:40 | INFO     | [POOL #00770] 214 854 1272 535 760 823 395 327 1010 575 552 836 278 1108 1178 370 753 752 347 800 861 37 819 7 956 1157 1005 647 679 627 1231 284 1301 1018 76 20 962 205 806 734 881 1170 210 623 825 1040 407 1141 551 600 187 706 778 602 10 213 864 1215 1115 281 146 572 335 1109 911 79 610 1160 1203 215 617 || mode=VB method=fcm solver=filo2 stage=post_ls ls=pyvrp iter=51
2026-03-15 22:15:40 | INFO     | [POOL #00771] 524 1299 631 776 1243 937 134 938 1070 1256 1153 1060 1093 812 1166 304 522 1202 744 559 606 609 611 78 632 27 62 1168 807 314 496 1217 383 917 336 258 136 397 605 260 1172 1260 972 177 402 849 401 308 392 1016 1145 18 943 757 1216 1322 637 1017 172 157 138 764 1162 1266 473 516 494 111 594 429 241 || mode=VB method=fcm solver=filo2 stage=post_ls ls=pyvrp iter=51
2026-03-15 22:15:40 | INFO     | [POOL #00772] 1302 103 1177 1117 628 557 970 930 1293 2 1304 252 904 372 742 525 369 238 883 1107 288 1291 447 566 1184 1319 126 784 271 1305 412 180 1303 385 83 11 574 569 477 58 646 815 837 270 530 793 550 717 469 354 740 480 563 1161 577 279 900 1124 787 867 199 1289 206 533 1163 1312 632 383 917 336 258 1202 522 || mode=RB method=sk_ac_min solver=filo1 stage=post_ls ls=pyvrp iter=52
2026-03-15 22:15:40 | INFO     | [POOL #00773] 524 1204 1142 135 1238 298 833 437 1049 827 1192 198 133 1088 307 671 794 356 683 483 421 366 652 777 692 38 649 75 337 951 192 890 1245 983 1194 994 927 982 28 678 197 203 174 481 162 414 966 899 1268 767 1133 1014 1285 118 576 131 57 877 80 484 155 843 1029 1013 1227 1137 662 614 1182 1139 439 1130 211 319 || mode=RB method=sk_ac_min solver=filo1 stage=post_ls ls=pyvrp iter=52
2026-03-15 22:15:40 | INFO     | [POOL #00774] 776 134 938 1070 1153 1060 812 1166 304 744 559 606 609 611 78 497 971 487 743 845 1307 980 853 615 720 417 916 728 979 19 1193 797 244 450 498 834 152 625 686 1095 444 663 390 851 190 147 636 96 1104 384 1317 1065 320 1020 1085 765 779 1310 1233 195 451 545 782 527 415 1256 937 1243 631 1299 || mode=RB method=sk_ac_min solver=filo1 stage=post_ls ls=pyvrp iter=52
2026-03-15 22:15:40 | INFO     | [POOL #00775] 1162 172 1017 1093 737 1119 858 1118 715 1323 4 454 536 998 453 935 355 1191 762 66 871 730 15 388 991 24 362 1320 821 334 680 926 540 149 651 508 130 246 705 755 55 990 612 689 472 216 922 1012 629 317 870 960 1001 1187 21 63 254 1098 608 179 975 1111 36 102 1068 1075 1158 1056 467 1325 505 1004 || mode=RB method=sk_ac_min solver=filo1 stage=post_ls ls=pyvrp iter=52
2026-03-15 22:15:40 | INFO     | [POOL #00776] 18 972 1260 136 933 897 1103 405 499 901 459 263 655 585 677 25 795 1147 267 71 230 694 1276 1235 939 435 1151 859 232 1009 23 316 428 1011 145 253 478 543 61 353 1059 1222 660 1180 751 77 81 50 1246 272 332 714 309 48 707 645 783 598 423 848 196 729 379 1185 1326 42 248 790 387 1186 588 748 315 109 || mode=RB method=sk_ac_min solver=filo1 stage=post_ls ls=pyvrp iter=52
2026-03-15 22:15:40 | INFO     | [POOL #00777] 1031 321 182 489 74 735 1308 280 251 404 56 654 1076 1077 544 458 1074 189 771 305 97 98 1207 538 984 68 338 1197 166 1281 93 107 745 603 634 488 549 616 813 396 87 1313 326 374 630 731 1314 1073 391 875 99 891 1128 465 495 1264 770 802 766 1179 389 1278 1054 876 695 422 1022 906 1112 344 520 1230 1183 || mode=RB method=sk_ac_min solver=filo1 stage=post_ls ls=pyvrp iter=52
2026-03-15 22:15:40 | INFO     | [POOL #00778] 942 1208 1041 1033 1052 234 224 85 1045 570 727 410 1287 446 604 701 673 725 1123 532 350 1286 618 981 824 14 373 712 34 820 188 920 363 976 1206 808 1002 17 261 710 400 1136 958 987 490 1000 1257 110 127 690 275 158 895 907 3 115 914 452 432 713 539 1026 1232 905 1086 599 1099 1201 703 292 941 1100 1224 || mode=RB method=sk_ac_min solver=filo1 stage=post_ls ls=pyvrp iter=52
2026-03-15 22:15:40 | INFO     | 
2026-03-15 22:15:40 | INFO     | ================================================================================
2026-03-15 22:15:40 | INFO     | [XL-n1328-k19] RUNTIME SUMMARY BY STAGE
2026-03-15 22:15:40 | INFO     | ================================================================================
2026-03-15 22:15:40 | INFO     |         cluster:  597.198s (  1.6% of total runtime)
2026-03-15 22:15:40 | INFO     |              ls: 1219.863s (  3.3% of total runtime)
2026-03-15 22:15:40 | INFO     |         routing: 34432.355s ( 93.7% of total runtime)
2026-03-15 22:15:40 | INFO     |             scp:  508.160s (  1.4% of total runtime)
2026-03-15 22:15:40 | INFO     |      total_iter: 36705.609s ( 99.8% of total runtime)
2026-03-15 22:15:40 | INFO     | 
2026-03-15 22:15:40 | INFO     | ================================================================================
2026-03-15 22:15:40 | INFO     | [XL-n1328-k19] PERIODIC SNAPSHOT SNAPSHOT_009
2026-03-15 22:15:40 | INFO     | ================================================================================
2026-03-15 22:15:40 | INFO     | Route #1: 156 1007 580 43 433 266 898 448 860 1116 521 561 675 1143 738 669 796 226 997 193 1164 204 847 1263 1283 835 466 756 722 785 35 313 160 807 314 1168 62 27 1217 496 32 1253 1174 732 1265 915 814 605 397 260 1172 177 402 849 401 308 392 1016 1145 943 757 1216 1322 637 138 157 764 1266 473 516 494 111 594 429 || mode=vb method=sk_ac_avg solver=filo1 stage=post_ls ls=pyvrp iter=11
2026-03-15 22:15:40 | INFO     | Route #2: 589 1156 1042 888 841 542 40 1110 168 382 5 804 301 828 619 113 294 449 1321 674 638 330 923 693 1122 659 443 879 644 46 73 340 1057 65 893 286 963 993 132 723 593 430 311 954 217 986 908 708 70 84 1113 1309 1090 345 753 861 37 819 7 1178 1108 278 836 552 575 1010 327 395 823 760 535 1272 854 214 || mode=vb method=sk_ac_avg solver=filo1 stage=post_ls ls=pyvrp iter=11
2026-03-15 22:15:40 | INFO     | Route #3: 1221 759 262 1300 866 1248 529 1019 657 613 140 104 235 1241 150 1277 526 1262 297 92 803 277 51 880 1271 121 1023 236 1046 462 209 832 368 386 1267 1324 517 855 1239 1082 973 426 872 169 568 153 537 464 163 346 1200 874 1028 100 381 420 1292 393 151 1258 474 741 1071 953 579 1047 746 852 664 1229 1189 222 || mode=vb method=sk_ac_avg solver=filo1 stage=post_ls ls=pyvrp iter=11
2026-03-15 22:15:40 | INFO     | Route #4: 90 978 146 114 59 909 801 1005 1157 956 1279 1214 49 587 1132 436 924 518 789 88 959 1274 739 143 724 648 239 1327 322 202 621 1127 769 64 763 696 351 716 597 1259 1030 1234 479 1084 1008 342 106 333 672 704 666 774 259 1209 562 1306 1176 887 1155 902 800 347 752 370 112 67 747 1081 670 358 || mode=vb method=sk_ac_avg solver=filo1 stage=post_ls ls=pyvrp iter=11
2026-03-15 22:15:40 | INFO     | Route #5: 1162 172 1093 1166 304 744 559 606 609 611 497 971 487 743 845 1307 980 853 615 720 417 916 728 979 19 1193 498 450 834 15 730 388 991 24 362 821 334 680 926 1320 871 66 762 152 625 686 1095 444 1191 663 390 355 935 453 998 536 454 4 1323 715 1118 858 1119 737 812 1060 1153 1070 938 134 776 || mode=vb method=sk_ac_avg solver=filo1 stage=post_ls ls=pyvrp iter=11
2026-03-15 22:15:40 | INFO     | Route #6: 681 989 12 13 22 164 633 144 512 357 948 773 455 476 952 165 1024 558 992 1173 276 928 768 1211 1096 554 324 514 1249 303 788 1237 171 622 416 1048 691 850 1213 460 265 889 919 1196 502 406 194 105 1015 903 541 1097 1282 591 931 1210 818 791 582 856 139 101 886 456 667 1288 89 207 869 1148 119 || mode=vb method=sk_ac_avg solver=filo1 stage=post_ls ls=pyvrp iter=11
2026-03-15 22:15:40 | INFO     | Route #7: 1004 505 1325 1137 1013 467 1056 765 1020 320 1068 102 36 147 975 190 851 179 608 1098 254 63 21 1187 1001 960 540 149 870 629 317 508 651 130 246 705 755 55 990 612 1012 922 689 472 216 1326 1185 379 42 248 649 38 692 777 483 683 356 794 671 307 1088 133 198 1192 484 843 1049 437 833 298 1238 135 1142 1204 || mode=vb method=sk_ac_avg solver=filo1 stage=post_ls ls=pyvrp iter=11
2026-03-15 22:15:40 | INFO     | Route #8: 18 972 1260 136 383 632 933 897 1103 405 499 901 372 742 525 369 238 883 1107 288 1291 447 566 1184 1319 126 784 271 1305 412 180 1303 385 83 11 574 569 477 58 646 815 837 270 530 793 550 717 469 354 740 480 563 1161 577 279 900 1124 244 797 787 867 199 1289 206 533 1163 1312 78 917 336 258 1202 522 1017 || mode=vb method=sk_ac_avg solver=filo1 stage=post_ls ls=pyvrp iter=11
2026-03-15 22:15:40 | INFO     | Route #9: 688 775 223 184 884 1058 964 940 676 468 1167 842 1050 967 123 519 1089 1205 1043 1280 237 1032 500 1072 475 1114 1175 86 999 1092 868 45 506 590 1296 221 961 515 302 247 242 257 896 178 95 367 945 934 873 1219 471 578 792 1129 726 1094 811 548 1044 846 1064 1270 434 31 241 || mode=vb method=sk_ac_avg solver=filo1 stage=post_ls ls=pyvrp iter=11
2026-03-15 22:15:40 | INFO     | Route #10: 617 215 1160 610 911 1109 778 706 187 600 551 1141 407 1040 825 806 734 881 1170 210 623 1301 284 1231 627 679 647 176 1018 76 20 205 962 602 10 213 864 1215 1115 281 572 335 79 1203 || mode=vb method=sk_ac_avg solver=filo1 stage=post_ls ls=pyvrp iter=11
2026-03-15 22:15:40 | INFO     | Route #11: 1299 319 211 1130 439 1139 1182 614 662 1227 1029 155 80 877 57 131 576 118 1158 1075 1285 1014 1133 767 1268 899 203 197 994 1194 421 366 652 75 337 951 192 890 1245 983 927 982 28 678 174 481 414 966 162 1111 636 96 1104 384 1317 1065 1085 779 1310 1233 195 451 545 782 527 415 1256 937 1243 631 524 || mode=vb method=sk_ac_avg solver=filo1 stage=post_ls ls=pyvrp iter=11
2026-03-15 22:15:40 | INFO     | Route #12: 109 315 827 748 588 1186 387 790 729 196 848 423 598 783 645 707 48 309 714 332 272 1246 50 81 77 751 1180 660 1222 1059 353 61 543 478 253 145 1011 428 316 23 1009 232 859 1151 435 939 1235 1276 694 230 71 267 1147 795 25 677 585 655 263 459 904 252 1304 2 1293 930 970 557 628 1117 1177 103 1302 || mode=vb method=sk_ac_avg solver=filo1 stage=post_ls ls=pyvrp iter=11
2026-03-15 22:15:40 | INFO     | Route #13: 1144 47 894 1080 925 1220 1261 26 29 1295 442 1006 1269 639 965 72 786 830 936 296 913 375 1036 243 120 219 969 1225 626 161 229 1 1228 425 1062 69 892 1294 1195 1159 44 733 1021 624 306 191 1121 1218 424 556 1131 1171 285 918 1236 1053 293 957 929 1316 921 409 1038 418 1252 16 1315 233 650 977 116 1284 1149 || mode=vb method=sk_ac_avg solver=filo1 stage=post_ls ls=pyvrp iter=11
2026-03-15 22:15:40 | INFO     | Route #14: 665 1251 183 170 331 485 682 339 564 947 1226 310 586 1140 840 1254 440 968 408 721 816 1198 1067 640 661 30 376 124 361 1311 341 865 318 365 510 1035 817 754 283 8 571 60 736 643 212 1165 287 653 491 377 826 200 249 620 553 601 348 201 523 208 438 702 996 269 656 461 398 325 82 54 511 128 700 291 501 || mode=vb method=sk_ac_avg solver=filo1 stage=post_ls ls=pyvrp iter=11
2026-03-15 22:15:40 | INFO     | Route #15: 942 1230 520 344 224 1112 85 1045 727 410 1287 446 604 701 673 725 1123 532 350 1286 618 981 824 14 373 712 34 110 1257 820 188 920 363 976 1206 808 1002 17 261 710 400 1136 958 987 490 1000 127 690 275 158 895 907 3 115 914 452 432 713 539 1026 1232 905 1086 599 1099 1201 703 292 941 1100 1224 1183 || mode=rb method=sk_ac_min solver=filo2 stage=post_ls ls=pyvrp iter=15
2026-03-15 22:15:40 | INFO     | Route #16: 507 1244 1078 912 411 1034 1135 955 810 290 129 312 1240 137 1152 565 1101 108 1037 758 371 1125 359 1273 41 295 509 231 878 1275 167 581 1318 1188 482 1290 1190 1297 394 328 910 1079 560 932 264 749 946 493 761 699 289 486 809 583 142 463 607 364 547 378 1051 950 985 1223 273 1066 831 431 427 343 573 220 697 492 || mode=rb method=sk_ac_min solver=filo2 stage=post_ls ls=pyvrp iter=15
2026-03-15 22:15:40 | INFO     | Route #17: 1208 1041 1033 1052 234 906 1022 570 422 695 876 1054 1278 389 1179 766 802 770 1264 495 465 1128 891 99 875 391 1073 1314 731 630 374 326 1313 87 396 813 616 549 488 634 603 745 107 93 1281 166 1197 338 68 984 538 1207 98 97 305 771 189 1074 458 544 1077 1076 654 56 404 251 280 1308 735 74 489 182 321 1031 || mode=rb method=sk_ac_min solver=filo2 stage=post_ls ls=pyvrp iter=15
2026-03-15 22:15:40 | INFO     | Route #18: 470 642 91 635 117 1250 1105 882 256 380 1069 1138 1212 839 555 513 1154 988 685 218 255 1102 125 282 6 300 1199 595 949 668 1150 268 175 250 781 709 329 567 227 592 534 995 154 173 186 228 274 1003 844 53 862 33 1039 349 299 546 1027 1298 122 245 641 1255 596 750 159 240 829 39 974 || mode=rb method=sk_kmeans solver=filo1 stage=post_ls ls=pyvrp iter=17
2026-03-15 22:15:40 | INFO     | Route #19: 772 1106 441 1025 504 1134 718 1063 185 1181 225 1087 1055 687 1126 885 531 1061 684 503 799 9 323 584 658 1083 798 1120 352 857 528 711 403 822 399 445 181 94 141 863 360 413 419 805 698 1247 838 1146 1169 944 719 52 148 457 1242 780 1091 || mode=rb method=sk_kmeans solver=filo1 stage=post_ls ls=pyvrp iter=17
2026-03-15 22:15:40 | INFO     | 
2026-03-15 22:15:40 | INFO     | [BEST SOLUTION ROUTE SUMMARY]
2026-03-15 22:15:40 | INFO     | --------------------------------------------------------------------------------
2026-03-15 22:15:40 | INFO     |   14 routes | VB    | sk_ac_avg       | solver=filo1      | stage=post_ls | ls=pyvrp
2026-03-15 22:15:40 | INFO     |    3 routes | RB    | sk_ac_min       | solver=filo2      | stage=post_ls | ls=pyvrp
2026-03-15 22:15:40 | INFO     |    2 routes | RB    | sk_kmeans       | solver=filo1      | stage=post_ls | ls=pyvrp
2026-03-15 22:15:40 | INFO     | 
2026-03-15 22:15:40 | INFO     | [ROUTE POOL SUMMARY]
2026-03-15 22:15:40 | INFO     |    76 routes | VB | sk_ac_avg | solver=filo1 | stage=post_ls | ls=pyvrp
2026-03-15 22:15:40 | INFO     |    76 routes | VB | fcm | solver=pyvrp | stage=post_ls | ls=pyvrp
2026-03-15 22:15:40 | INFO     |    75 routes | VB | k_medoids_pyclustering | solver=filo1 | stage=post_ls | ls=pyvrp
2026-03-15 22:15:40 | INFO     |    74 routes | VB | sk_ac_min | solver=filo2 | stage=post_ls | ls=pyvrp
2026-03-15 22:15:40 | INFO     |    50 routes | RB | sk_ac_min | solver=filo1 | stage=post_ls | ls=pyvrp
2026-03-15 22:15:40 | INFO     |    41 routes | RB | sk_ac_complete | solver=pyvrp | stage=post_ls | ls=pyvrp
2026-03-15 22:15:40 | INFO     |    39 routes | VB | sk_kmeans | solver=filo1 | stage=post_ls | ls=pyvrp
2026-03-15 22:15:40 | INFO     |    38 routes | VB | sk_kmeans | solver=filo2 | stage=post_ls | ls=pyvrp
2026-03-15 22:15:40 | INFO     |    38 routes | VB | sk_kmeans | solver=pyvrp | stage=post_ls | ls=pyvrp
2026-03-15 22:15:40 | INFO     |    38 routes | VB | sk_ac_complete | solver=filo1 | stage=post_ls | ls=pyvrp
2026-03-15 22:15:40 | INFO     |    36 routes | VB | sk_ac_complete | solver=filo2 | stage=post_ls | ls=pyvrp
2026-03-15 22:15:40 | INFO     |    23 routes | RB | sk_kmeans | solver=filo1 | stage=post_ls | ls=pyvrp
2026-03-15 22:15:40 | INFO     |    23 routes | RB | sk_ac_avg | solver=filo2 | stage=post_ls | ls=pyvrp
2026-03-15 22:15:40 | INFO     |    22 routes | RB | sk_ac_min | solver=filo2 | stage=post_ls | ls=pyvrp
2026-03-15 22:15:40 | INFO     |    19 routes | VB | sk_ac_complete | solver=pyvrp | stage=post_ls | ls=pyvrp
2026-03-15 22:15:40 | INFO     |    19 routes | VB | fcm | solver=filo1 | stage=post_ls | ls=pyvrp
2026-03-15 22:15:40 | INFO     |    19 routes | VB | k_medoids_pyclustering | solver=pyvrp | stage=post_ls | ls=pyvrp
2026-03-15 22:15:40 | INFO     |    18 routes | VB | fcm | solver=filo2 | stage=post_ls | ls=pyvrp
2026-03-15 22:15:40 | INFO     |    17 routes | RB | sk_ac_complete | solver=filo2 | stage=post_ls | ls=pyvrp
2026-03-15 22:15:40 | INFO     |    11 routes | RB | sk_ac_avg | solver=filo1 | stage=post_ls | ls=pyvrp
2026-03-15 22:15:40 | INFO     |    11 routes | RB | sk_kmeans | solver=pyvrp | stage=post_ls | ls=pyvrp
2026-03-15 22:15:40 | INFO     |     8 routes | RB | sk_ac_avg | solver=pyvrp | stage=post_ls | ls=pyvrp
2026-03-15 22:15:40 | INFO     |     7 routes | RB | sk_kmeans | solver=filo2 | stage=post_ls | ls=pyvrp
