2026-03-15 12:03:00 | INFO     | Logger initialized
2026-03-15 12:03:00 | INIT     | ================================================================================
2026-03-15 12:03:00 | INIT     | [RUN CONFIGURATION] instance=XL-n1374-k278.vrp run=0
2026-03-15 12:03:00 | INIT     | seed = 614129257
2026-03-15 12:03:00 | INIT     | scp_solvers = ['gurobi_mip']
2026-03-15 12:03:00 | INIT     | scp_switch_prob = 0.0
2026-03-15 12:03:00 | INIT     | time_limit_scp = 10000.0
2026-03-15 12:03:00 | INIT     | scp_every = 3
2026-03-15 12:03:00 | INIT     | time_limit_total = 36000.0
2026-03-15 12:03:00 | INIT     | max_no_improvement_iters = 50
2026-03-15 12:03:00 | INIT     | min_avg_cluster_size = 100
2026-03-15 12:03:00 | INIT     | max_avg_cluster_size = 2500
2026-03-15 12:03:00 | INIT     | routing_solvers = ['pyvrp', 'filo1', 'filo2', 'ails2']
2026-03-15 12:03:00 | INIT     | routing_no_improvement = None
2026-03-15 12:03:00 | INIT     | ls_neighbourhood = dri_spatial
2026-03-15 12:03:00 | INIT     | ls_after_routing_max_neighbours = 300
2026-03-15 12:03:00 | INIT     | ls_max_neighbours_restricted = 200
2026-03-15 12:03:00 | INIT     | randomize_polar_angle = True
2026-03-15 12:03:00 | INIT     | warm_start_solutions = None
2026-03-15 12:03:00 | INIT     | log_mode = instance
2026-03-15 12:03:00 | INIT     | log_to_console = False
2026-03-15 12:03:00 | INIT     | periodic_sol_dump = True
2026-03-15 12:03:00 | INIT     | sol_dump_interval = 3600.0
2026-03-15 12:03:00 | INIT     | ================================================================================
2026-03-15 12:03:00 | INFO     | [XL-n1374-k278 ITERATION 1] mode=VB method=sk_kmeans k=1 solver=filo2 ls=pyvrp
2026-03-15 12:03:09 | INFO     | [XL-n1374-k278 CLUSTER] method=sk_kmeans k=1 | sizes=[1373] | min=1373 max=1373 avg=1373.0
2026-03-15 12:03:09 | INFO     | [XL-n1374-k278 ROUTING] Solving clusters with filo2
2026-03-15 12:06:31 | INFO     | [XL-n1374-k278 IMPROVED-VB/RB] best_cost=234482 | Gap: 0.6620%
2026-03-15 12:06:31 | INFO     | [XL-n1374-k278 ITERATION-TIMES 1] cluster=9.326s routing=196.753s ls=5.028s total=211.119s
2026-03-15 12:06:31 | INFO     | [XL-n1374-k278 ITERATION 2] mode=RB method=sk_ac_avg k=3 solver=pyvrp ls=pyvrp
2026-03-15 12:06:31 | INFO     | [XL-n1374-k278 CLUSTER] method=sk_ac_avg k=3 | sizes=[756, 469, 148] | min=148 max=756 avg=457.7
2026-03-15 12:06:31 | INFO     | [XL-n1374-k278 ROUTING] Solving clusters with pyvrp
2026-03-15 12:09:57 | INFO     | [XL-n1374-k278 NO-IMPROVEMENT] best_cost=234482 | streak=1 | Gap: 0.6620%
2026-03-15 12:09:57 | INFO     | [XL-n1374-k278 ITERATION-TIMES 2] cluster=0.047s routing=200.267s ls=5.661s total=205.983s
2026-03-15 12:09:57 | INFO     | [XL-n1374-k278 ITERATION 3] mode=VB method=sk_kmeans k=7 solver=pyvrp ls=pyvrp
2026-03-15 12:10:01 | INFO     | [XL-n1374-k278 CLUSTER] method=sk_kmeans k=7 | sizes=[222, 163, 236, 196, 203, 197, 156] | min=156 max=236 avg=196.1
2026-03-15 12:10:01 | INFO     | [XL-n1374-k278 ROUTING] Solving clusters with pyvrp
2026-03-15 12:13:48 | INFO     | [XL-n1374-k278 SCP] pruning_mode=diversity
2026-03-15 12:13:48 | INFO     | [XL-n1374-k278 SCP] solver=gurobi_mip | route_pool=735
2026-03-15 12:13:48 | INFO     | [XL-n1374-k278 SCP] optimal solution found
2026-03-15 12:13:55 | INFO     | [XL-n1374-k278 SCP-NO-IMPROVEMENT] cost=234482 (best=234482) | Gap: 0.6620%
2026-03-15 12:13:55 | INFO     | [XL-n1374-k278 NO-IMPROVEMENT] best_cost=234482 | streak=2 | Gap: 0.6620%
2026-03-15 12:13:55 | INFO     | [XL-n1374-k278 ITERATION-TIMES 3] cluster=4.156s routing=220.669s ls=6.242s scp=6.737s total=237.812s
2026-03-15 12:13:55 | INFO     | [XL-n1374-k278 ITERATION 4] mode=RB method=sk_ac_complete k=7 solver=pyvrp ls=pyvrp
2026-03-15 12:13:55 | INFO     | [XL-n1374-k278 CLUSTER] method=sk_ac_complete k=7 | sizes=[237, 277, 194, 165, 181, 145, 174] | min=145 max=277 avg=196.1
2026-03-15 12:13:55 | INFO     | [XL-n1374-k278 ROUTING] Solving clusters with pyvrp
2026-03-15 12:17:41 | INFO     | [XL-n1374-k278 NO-IMPROVEMENT] best_cost=234482 | streak=3 | Gap: 0.6620%
2026-03-15 12:17:41 | INFO     | [XL-n1374-k278 ITERATION-TIMES 4] cluster=0.018s routing=220.545s ls=5.947s total=226.518s
2026-03-15 12:17:41 | INFO     | [XL-n1374-k278 ITERATION 5] mode=VB method=k_medoids_pyclustering k=7 solver=filo1 ls=pyvrp
2026-03-15 12:17:55 | INFO     | [XL-n1374-k278 CLUSTER] method=k_medoids_pyclustering k=7 | sizes=[204, 174, 221, 208, 169, 210, 187] | min=169 max=221 avg=196.1
2026-03-15 12:17:55 | INFO     | [XL-n1374-k278 ROUTING] Solving clusters with filo1
2026-03-15 12:21:19 | INFO     | [XL-n1374-k278 NO-IMPROVEMENT] best_cost=234482 | streak=4 | Gap: 0.6620%
2026-03-15 12:21:19 | INFO     | [XL-n1374-k278 ITERATION-TIMES 5] cluster=13.050s routing=194.978s ls=9.561s total=217.600s
2026-03-15 12:21:19 | INFO     | [XL-n1374-k278 ITERATION 6] mode=RB method=sk_kmeans k=7 solver=filo1 ls=pyvrp
2026-03-15 12:21:20 | INFO     | [XL-n1374-k278 CLUSTER] method=sk_kmeans k=7 | sizes=[151, 200, 175, 224, 207, 253, 163] | min=151 max=253 avg=196.1
2026-03-15 12:21:20 | INFO     | [XL-n1374-k278 ROUTING] Solving clusters with filo1
2026-03-15 12:24:37 | INFO     | [XL-n1374-k278 SCP] pruning_mode=diversity
2026-03-15 12:24:37 | INFO     | [XL-n1374-k278 SCP] solver=gurobi_mip | route_pool=1236
2026-03-15 12:24:39 | INFO     | [XL-n1374-k278 SCP] optimal solution found
2026-03-15 12:24:45 | INFO     | [XL-n1374-k278 SCP-NO-IMPROVEMENT] cost=234482 (best=234482) | Gap: 0.6620%
2026-03-15 12:24:45 | INFO     | [XL-n1374-k278 NO-IMPROVEMENT] best_cost=234482 | streak=5 | Gap: 0.6620%
2026-03-15 12:24:45 | INFO     | [XL-n1374-k278 ITERATION-TIMES 6] cluster=0.797s routing=191.210s ls=6.061s scp=8.095s total=206.174s
2026-03-15 12:24:45 | INFO     | [XL-n1374-k278 ITERATION 7] mode=VB method=k_medoids_pyclustering k=2 solver=filo1 ls=pyvrp
2026-03-15 12:24:56 | INFO     | [XL-n1374-k278 CLUSTER] method=k_medoids_pyclustering k=2 | sizes=[675, 698] | min=675 max=698 avg=686.5
2026-03-15 12:24:56 | INFO     | [XL-n1374-k278 ROUTING] Solving clusters with filo1
2026-03-15 12:30:06 | INFO     | [XL-n1374-k278 NO-IMPROVEMENT] best_cost=234482 | streak=6 | Gap: 0.6620%
2026-03-15 12:30:06 | INFO     | [XL-n1374-k278 ITERATION-TIMES 7] cluster=10.392s routing=301.262s ls=8.878s total=320.542s
2026-03-15 12:30:06 | INFO     | [XL-n1374-k278 ITERATION 8] mode=VB method=sk_ac_complete k=7 solver=pyvrp ls=pyvrp
2026-03-15 12:30:09 | INFO     | [XL-n1374-k278 CLUSTER] method=sk_ac_complete k=7 | sizes=[210, 309, 213, 190, 172, 96, 183] | min=96 max=309 avg=196.1
2026-03-15 12:30:09 | INFO     | [XL-n1374-k278 ROUTING] Solving clusters with pyvrp
2026-03-15 12:33:58 | INFO     | [XL-n1374-k278 NO-IMPROVEMENT] best_cost=234482 | streak=7 | Gap: 0.6620%
2026-03-15 12:33:58 | INFO     | [XL-n1374-k278 ITERATION-TIMES 8] cluster=3.514s routing=221.958s ls=7.045s total=232.539s
2026-03-15 12:33:58 | INFO     | [XL-n1374-k278 ITERATION 9] mode=RB method=sk_ac_avg k=9 solver=pyvrp ls=pyvrp
2026-03-15 12:33:58 | INFO     | [XL-n1374-k278 CLUSTER] method=sk_ac_avg k=9 | sizes=[184, 197, 139, 133, 185, 148, 152, 115, 120] | min=115 max=197 avg=152.6
2026-03-15 12:33:58 | INFO     | [XL-n1374-k278 ROUTING] Solving clusters with pyvrp
2026-03-15 12:38:02 | INFO     | [XL-n1374-k278 SCP] pruning_mode=diversity
2026-03-15 12:38:02 | INFO     | [XL-n1374-k278 SCP] solver=gurobi_mip | route_pool=1709
2026-03-15 12:42:51 | INFO     | [XL-n1374-k278 SCP] optimal solution found
2026-03-15 12:43:01 | INFO     | [XL-n1374-k278 IMPROVED-SCP] best_cost=234449 | Gap: 0.6478%
2026-03-15 12:43:01 | INFO     | [XL-n1374-k278 ITERATION-TIMES 9] cluster=0.035s routing=235.274s ls=8.173s scp=299.354s total=542.867s
2026-03-15 12:43:01 | INFO     | [XL-n1374-k278 ITERATION 10] mode=VB method=k_medoids_pyclustering k=2 solver=filo2 ls=pyvrp
2026-03-15 12:43:21 | INFO     | [XL-n1374-k278 CLUSTER] method=k_medoids_pyclustering k=2 | sizes=[675, 698] | min=675 max=698 avg=686.5
2026-03-15 12:43:21 | INFO     | [XL-n1374-k278 ROUTING] Solving clusters with filo2
2026-03-15 12:49:18 | INFO     | [XL-n1374-k278 NO-IMPROVEMENT] best_cost=234449 | streak=1 | Gap: 0.6478%
2026-03-15 12:49:18 | INFO     | [XL-n1374-k278 ITERATION-TIMES 10] cluster=20.021s routing=344.156s ls=12.493s total=376.684s
2026-03-15 12:49:18 | INFO     | [XL-n1374-k278 ITERATION 11] mode=RB method=sk_kmeans k=2 solver=pyvrp ls=pyvrp
2026-03-15 12:49:19 | INFO     | [XL-n1374-k278 CLUSTER] method=sk_kmeans k=2 | sizes=[666, 707] | min=666 max=707 avg=686.5
2026-03-15 12:49:19 | INFO     | [XL-n1374-k278 ROUTING] Solving clusters with pyvrp
2026-03-15 12:52:44 | INFO     | [XL-n1374-k278 NO-IMPROVEMENT] best_cost=234449 | streak=2 | Gap: 0.6478%
2026-03-15 12:52:44 | INFO     | [XL-n1374-k278 ITERATION-TIMES 11] cluster=1.077s routing=197.390s ls=7.665s total=206.147s
2026-03-15 12:52:44 | INFO     | [XL-n1374-k278 ITERATION 12] mode=VB method=sk_ac_min k=5 solver=pyvrp ls=pyvrp
2026-03-15 12:52:49 | INFO     | [XL-n1374-k278 CLUSTER] method=sk_ac_min k=5 | sizes=[1364, 4, 3, 1, 1] | min=1 max=1364 avg=274.6
2026-03-15 12:52:49 | INFO     | [XL-n1374-k278 ROUTING] Solving clusters with pyvrp
2026-03-15 12:56:05 | INFO     | [XL-n1374-k278 SCP] pruning_mode=diversity
2026-03-15 12:56:05 | INFO     | [XL-n1374-k278 SCP] solver=gurobi_mip | route_pool=2196
2026-03-15 14:06:33 | INFO     | [XL-n1374-k278 SCP] optimal solution found
2026-03-15 14:07:36 | INFO     | 
2026-03-15 14:07:36 | INFO     | ================================================================================
2026-03-15 14:07:36 | INFO     | [XL-n1374-k278] PERIODIC SNAPSHOT SNAPSHOT_001
2026-03-15 14:07:36 | INFO     | ================================================================================
2026-03-15 14:07:36 | INFO     | Route #1: 218 409 808 || mode=vb method=sk_kmeans solver=filo2 stage=post_ls ls=pyvrp iter=1
2026-03-15 14:07:36 | INFO     | Route #2: 940 905 478 || mode=vb method=sk_kmeans solver=filo2 stage=post_ls ls=pyvrp iter=1
2026-03-15 14:07:36 | INFO     | Route #3: 1311 654 1317 426 || mode=vb method=sk_kmeans solver=filo2 stage=post_ls ls=pyvrp iter=1
2026-03-15 14:07:36 | INFO     | Route #4: 753 571 480 || mode=vb method=sk_kmeans solver=filo2 stage=post_ls ls=pyvrp iter=1
2026-03-15 14:07:36 | INFO     | Route #5: 587 712 534 839 || mode=vb method=sk_kmeans solver=filo2 stage=post_ls ls=pyvrp iter=1
2026-03-15 14:07:36 | INFO     | Route #6: 714 1231 1025 || mode=vb method=sk_kmeans solver=filo2 stage=post_ls ls=pyvrp iter=1
2026-03-15 14:07:36 | INFO     | Route #7: 1213 1119 947 1151 || mode=vb method=sk_kmeans solver=filo2 stage=post_ls ls=pyvrp iter=1
2026-03-15 14:07:36 | INFO     | Route #8: 994 663 1367 || mode=vb method=sk_kmeans solver=filo2 stage=post_ls ls=pyvrp iter=1
2026-03-15 14:07:36 | INFO     | Route #9: 1172 301 1074 || mode=vb method=sk_kmeans solver=filo2 stage=post_ls ls=pyvrp iter=1
2026-03-15 14:07:36 | INFO     | Route #10: 358 751 1128 || mode=vb method=sk_kmeans solver=filo2 stage=post_ls ls=pyvrp iter=1
2026-03-15 14:07:36 | INFO     | Route #11: 804 626 737 || mode=vb method=sk_kmeans solver=filo2 stage=post_ls ls=pyvrp iter=1
2026-03-15 14:07:36 | INFO     | Route #12: 359 109 922 || mode=vb method=sk_kmeans solver=filo2 stage=post_ls ls=pyvrp iter=1
2026-03-15 14:07:36 | INFO     | Route #13: 1103 914 1262 || mode=vb method=sk_kmeans solver=filo2 stage=post_ls ls=pyvrp iter=1
2026-03-15 14:07:36 | INFO     | Route #14: 513 1235 1011 || mode=vb method=sk_kmeans solver=filo2 stage=post_ls ls=pyvrp iter=1
2026-03-15 14:07:36 | INFO     | Route #15: 522 492 510 1002 || mode=vb method=sk_kmeans solver=filo2 stage=post_ls ls=pyvrp iter=1
2026-03-15 14:07:36 | INFO     | Route #16: 405 370 765 || mode=vb method=sk_kmeans solver=filo2 stage=post_ls ls=pyvrp iter=1
2026-03-15 14:07:36 | INFO     | Route #17: 273 1350 403 521 || mode=vb method=sk_kmeans solver=filo2 stage=post_ls ls=pyvrp iter=1
2026-03-15 14:07:36 | INFO     | Route #18: 64 396 805 || mode=vb method=sk_kmeans solver=filo2 stage=post_ls ls=pyvrp iter=1
2026-03-15 14:07:36 | INFO     | Route #19: 1082 111 507 || mode=vb method=sk_kmeans solver=filo2 stage=post_ls ls=pyvrp iter=1
2026-03-15 14:07:36 | INFO     | Route #20: 981 1007 320 || mode=vb method=sk_kmeans solver=filo2 stage=post_ls ls=pyvrp iter=1
2026-03-15 14:07:36 | INFO     | Route #21: 791 891 759 || mode=vb method=sk_kmeans solver=filo2 stage=post_ls ls=pyvrp iter=1
2026-03-15 14:07:36 | INFO     | Route #22: 688 1216 906 || mode=vb method=sk_kmeans solver=filo2 stage=post_ls ls=pyvrp iter=1
2026-03-15 14:07:36 | INFO     | Route #23: 21 62 1114 || mode=vb method=sk_kmeans solver=filo2 stage=post_ls ls=pyvrp iter=1
2026-03-15 14:07:36 | INFO     | Route #24: 963 1289 433 || mode=vb method=sk_kmeans solver=filo2 stage=post_ls ls=pyvrp iter=1
2026-03-15 14:07:36 | INFO     | Route #25: 385 1340 1174 || mode=vb method=sk_kmeans solver=filo2 stage=post_ls ls=pyvrp iter=1
2026-03-15 14:07:36 | INFO     | Route #26: 74 472 1069 || mode=vb method=sk_kmeans solver=filo2 stage=post_ls ls=pyvrp iter=1
2026-03-15 14:07:36 | INFO     | Route #27: 783 578 859 || mode=vb method=sk_kmeans solver=filo2 stage=post_ls ls=pyvrp iter=1
2026-03-15 14:07:36 | INFO     | Route #28: 465 710 412 || mode=vb method=sk_kmeans solver=filo2 stage=post_ls ls=pyvrp iter=1
2026-03-15 14:07:36 | INFO     | Route #29: 120 591 546 || mode=vb method=sk_kmeans solver=filo2 stage=post_ls ls=pyvrp iter=1
2026-03-15 14:07:36 | INFO     | Route #30: 1237 387 1117 || mode=vb method=sk_kmeans solver=filo2 stage=post_ls ls=pyvrp iter=1
2026-03-15 14:07:36 | INFO     | Route #31: 919 1149 221 || mode=vb method=sk_kmeans solver=filo2 stage=post_ls ls=pyvrp iter=1
2026-03-15 14:07:36 | INFO     | Route #32: 1215 869 1325 || mode=vb method=sk_kmeans solver=filo2 stage=post_ls ls=pyvrp iter=1
2026-03-15 14:07:36 | INFO     | Route #33: 529 1099 1132 || mode=vb method=sk_kmeans solver=filo2 stage=post_ls ls=pyvrp iter=1
2026-03-15 14:07:36 | INFO     | Route #34: 63 1194 490 || mode=vb method=sk_kmeans solver=filo2 stage=post_ls ls=pyvrp iter=1
2026-03-15 14:07:36 | INFO     | Route #35: 899 143 1344 884 || mode=vb method=sk_kmeans solver=filo2 stage=post_ls ls=pyvrp iter=1
2026-03-15 14:07:36 | INFO     | Route #36: 972 166 1091 927 325 1043 1077 || mode=vb method=sk_kmeans solver=filo2 stage=post_ls ls=pyvrp iter=1
2026-03-15 14:07:36 | INFO     | Route #37: 1144 110 1244 || mode=vb method=sk_kmeans solver=filo2 stage=post_ls ls=pyvrp iter=1
2026-03-15 14:07:36 | INFO     | Route #38: 602 985 730 || mode=vb method=sk_kmeans solver=filo2 stage=post_ls ls=pyvrp iter=1
2026-03-15 14:07:36 | INFO     | Route #39: 1075 1349 661 || mode=vb method=sk_kmeans solver=filo2 stage=post_ls ls=pyvrp iter=1
2026-03-15 14:07:36 | INFO     | Route #40: 192 802 483 315 || mode=vb method=sk_kmeans solver=filo2 stage=post_ls ls=pyvrp iter=1
2026-03-15 14:07:36 | INFO     | Route #41: 321 1101 1362 || mode=vb method=sk_kmeans solver=filo2 stage=post_ls ls=pyvrp iter=1
2026-03-15 14:07:36 | INFO     | Route #42: 943 603 782 814 || mode=vb method=sk_kmeans solver=filo2 stage=post_ls ls=pyvrp iter=1
2026-03-15 14:07:36 | INFO     | Route #43: 297 271 210 || mode=vb method=sk_kmeans solver=filo2 stage=post_ls ls=pyvrp iter=1
2026-03-15 14:07:36 | INFO     | Route #44: 1292 723 285 || mode=vb method=sk_kmeans solver=filo2 stage=post_ls ls=pyvrp iter=1
2026-03-15 14:07:36 | INFO     | Route #45: 622 137 543 1070 || mode=vb method=sk_kmeans solver=filo2 stage=post_ls ls=pyvrp iter=1
2026-03-15 14:07:36 | INFO     | Route #46: 53 1018 431 || mode=vb method=sk_kmeans solver=filo2 stage=post_ls ls=pyvrp iter=1
2026-03-15 14:07:36 | INFO     | Route #47: 841 1041 932 || mode=vb method=sk_kmeans solver=filo2 stage=post_ls ls=pyvrp iter=1
2026-03-15 14:07:36 | INFO     | Route #48: 646 236 263 || mode=vb method=sk_kmeans solver=filo2 stage=post_ls ls=pyvrp iter=1
2026-03-15 14:07:36 | INFO     | Route #49: 176 833 628 || mode=vb method=sk_kmeans solver=filo2 stage=post_ls ls=pyvrp iter=1
2026-03-15 14:07:36 | INFO     | Route #50: 1310 821 80 || mode=vb method=sk_kmeans solver=filo2 stage=post_ls ls=pyvrp iter=1
2026-03-15 14:07:36 | INFO     | Route #51: 235 16 1109 1161 215 168 612 204 || mode=scp method=gurobi_mip solver=None stage=scp_post_ls ls=N/A iter=9
2026-03-15 14:07:36 | INFO     | Route #52: 4 1304 991 119 || mode=vb method=sk_kmeans solver=filo2 stage=post_ls ls=pyvrp iter=1
2026-03-15 14:07:36 | INFO     | Route #53: 411 1024 470 || mode=vb method=sk_kmeans solver=filo2 stage=post_ls ls=pyvrp iter=1
2026-03-15 14:07:36 | INFO     | Route #54: 254 469 634 || mode=vb method=sk_kmeans solver=filo2 stage=post_ls ls=pyvrp iter=1
2026-03-15 14:07:36 | INFO     | Route #55: 867 961 992 1006 || mode=vb method=sk_kmeans solver=filo2 stage=post_ls ls=pyvrp iter=1
2026-03-15 14:07:36 | INFO     | Route #56: 844 926 496 || mode=vb method=sk_kmeans solver=filo2 stage=post_ls ls=pyvrp iter=1
2026-03-15 14:07:36 | INFO     | Route #57: 314 731 1258 || mode=vb method=sk_kmeans solver=filo2 stage=post_ls ls=pyvrp iter=1
2026-03-15 14:07:36 | INFO     | Route #58: 701 199 563 || mode=vb method=sk_kmeans solver=filo2 stage=post_ls ls=pyvrp iter=1
2026-03-15 14:07:36 | INFO     | Route #59: 73 997 895 871 || mode=vb method=sk_kmeans solver=filo2 stage=post_ls ls=pyvrp iter=1
2026-03-15 14:07:36 | INFO     | Route #60: 1345 339 797 || mode=vb method=sk_kmeans solver=filo2 stage=post_ls ls=pyvrp iter=1
2026-03-15 14:07:36 | INFO     | Route #61: 237 1028 1037 || mode=vb method=sk_kmeans solver=filo2 stage=post_ls ls=pyvrp iter=1
2026-03-15 14:07:36 | INFO     | Route #62: 853 382 624 || mode=vb method=sk_kmeans solver=filo2 stage=post_ls ls=pyvrp iter=1
2026-03-15 14:07:36 | INFO     | Route #63: 1208 9 1131 || mode=vb method=sk_kmeans solver=filo2 stage=post_ls ls=pyvrp iter=1
2026-03-15 14:07:36 | INFO     | Route #64: 584 999 830 || mode=vb method=sk_kmeans solver=filo2 stage=post_ls ls=pyvrp iter=1
2026-03-15 14:07:36 | INFO     | Route #65: 1348 127 175 234 || mode=vb method=sk_kmeans solver=filo2 stage=post_ls ls=pyvrp iter=1
2026-03-15 14:07:36 | INFO     | Route #66: 390 323 806 354 968 || mode=vb method=sk_kmeans solver=filo2 stage=post_ls ls=pyvrp iter=1
2026-03-15 14:07:36 | INFO     | Route #67: 1112 527 579 336 || mode=vb method=sk_kmeans solver=filo2 stage=post_ls ls=pyvrp iter=1
2026-03-15 14:07:36 | INFO     | Route #68: 923 81 217 || mode=vb method=sk_kmeans solver=filo2 stage=post_ls ls=pyvrp iter=1
2026-03-15 14:07:36 | INFO     | Route #69: 366 1347 190 159 || mode=vb method=sk_kmeans solver=filo2 stage=post_ls ls=pyvrp iter=1
2026-03-15 14:07:36 | INFO     | Route #70: 170 728 1062 || mode=vb method=sk_kmeans solver=filo2 stage=post_ls ls=pyvrp iter=1
2026-03-15 14:07:36 | INFO     | Route #71: 113 77 434 533 1199 486 394 1048 851 || mode=vb method=sk_kmeans solver=filo2 stage=post_ls ls=pyvrp iter=1
2026-03-15 14:07:36 | INFO     | Route #72: 554 888 1326 1238 || mode=vb method=sk_kmeans solver=filo2 stage=post_ls ls=pyvrp iter=1
2026-03-15 14:07:37 | INFO     | Route #73: 1301 682 832 1359 || mode=vb method=sk_kmeans solver=filo2 stage=post_ls ls=pyvrp iter=1
2026-03-15 14:07:37 | INFO     | Route #74: 362 1187 1118 || mode=vb method=sk_kmeans solver=filo2 stage=post_ls ls=pyvrp iter=1
2026-03-15 14:07:37 | INFO     | Route #75: 706 1001 1263 || mode=vb method=sk_kmeans solver=filo2 stage=post_ls ls=pyvrp iter=1
2026-03-15 14:07:37 | INFO     | Route #76: 365 592 741 || mode=vb method=sk_kmeans solver=filo2 stage=post_ls ls=pyvrp iter=1
2026-03-15 14:07:37 | INFO     | Route #77: 1078 658 424 1176 || mode=vb method=sk_kmeans solver=filo2 stage=post_ls ls=pyvrp iter=1
2026-03-15 14:07:37 | INFO     | Route #78: 502 915 291 812 || mode=vb method=sk_kmeans solver=filo2 stage=post_ls ls=pyvrp iter=1
2026-03-15 14:07:37 | INFO     | Route #79: 1338 1257 241 || mode=vb method=sk_kmeans solver=filo2 stage=post_ls ls=pyvrp iter=1
2026-03-15 14:07:37 | INFO     | Route #80: 262 1337 172 || mode=vb method=sk_kmeans solver=filo2 stage=post_ls ls=pyvrp iter=1
2026-03-15 14:07:37 | INFO     | Route #81: 7 1203 24 || mode=vb method=sk_kmeans solver=filo2 stage=post_ls ls=pyvrp iter=1
2026-03-15 14:07:37 | INFO     | Route #82: 536 687 846 || mode=vb method=sk_kmeans solver=filo2 stage=post_ls ls=pyvrp iter=1
2026-03-15 14:07:37 | INFO     | Route #83: 1368 921 1255 || mode=vb method=sk_kmeans solver=filo2 stage=post_ls ls=pyvrp iter=1
2026-03-15 14:07:37 | INFO     | Route #84: 279 327 177 117 516 545 91 1181 780 || mode=vb method=sk_kmeans solver=filo2 stage=post_ls ls=pyvrp iter=1
2026-03-15 14:07:37 | INFO     | Route #85: 230 275 1295 || mode=vb method=sk_kmeans solver=filo2 stage=post_ls ls=pyvrp iter=1
2026-03-15 14:07:37 | INFO     | Route #86: 180 162 647 || mode=vb method=sk_kmeans solver=filo2 stage=post_ls ls=pyvrp iter=1
2026-03-15 14:07:37 | INFO     | Route #87: 958 289 1259 || mode=vb method=sk_kmeans solver=filo2 stage=post_ls ls=pyvrp iter=1
2026-03-15 14:07:37 | INFO     | Route #88: 1023 618 173 || mode=vb method=sk_kmeans solver=filo2 stage=post_ls ls=pyvrp iter=1
2026-03-15 14:07:37 | INFO     | Route #89: 355 1067 509 || mode=vb method=sk_kmeans solver=filo2 stage=post_ls ls=pyvrp iter=1
2026-03-15 14:07:37 | INFO     | Route #90: 1056 660 416 || mode=vb method=sk_kmeans solver=filo2 stage=post_ls ls=pyvrp iter=1
2026-03-15 14:07:37 | INFO     | Route #91: 307 398 1153 717 || mode=vb method=sk_kmeans solver=filo2 stage=post_ls ls=pyvrp iter=1
2026-03-15 14:07:37 | INFO     | Route #92: 583 659 10 || mode=vb method=sk_kmeans solver=filo2 stage=post_ls ls=pyvrp iter=1
2026-03-15 14:07:37 | INFO     | Route #93: 1184 942 103 || mode=vb method=sk_kmeans solver=filo2 stage=post_ls ls=pyvrp iter=1
2026-03-15 14:07:37 | INFO     | Route #94: 1179 471 925 || mode=vb method=sk_kmeans solver=filo2 stage=post_ls ls=pyvrp iter=1
2026-03-15 14:07:37 | INFO     | Route #95: 875 798 704 || mode=vb method=sk_kmeans solver=filo2 stage=post_ls ls=pyvrp iter=1
2026-03-15 14:07:37 | INFO     | Route #96: 1276 854 179 || mode=vb method=sk_kmeans solver=filo2 stage=post_ls ls=pyvrp iter=1
2026-03-15 14:07:37 | INFO     | Route #97: 20 684 1170 || mode=vb method=sk_kmeans solver=filo2 stage=post_ls ls=pyvrp iter=1
2026-03-15 14:07:37 | INFO     | Route #98: 589 152 1129 || mode=vb method=sk_kmeans solver=filo2 stage=post_ls ls=pyvrp iter=1
2026-03-15 14:07:37 | INFO     | Route #99: 410 35 518 || mode=vb method=sk_kmeans solver=filo2 stage=post_ls ls=pyvrp iter=1
2026-03-15 14:07:37 | INFO     | Route #100: 1341 548 280 1207 || mode=vb method=sk_kmeans solver=filo2 stage=post_ls ls=pyvrp iter=1
2026-03-15 14:07:37 | INFO     | Route #101: 1365 374 675 843 || mode=vb method=sk_kmeans solver=filo2 stage=post_ls ls=pyvrp iter=1
2026-03-15 14:07:37 | INFO     | Route #102: 83 1230 33 || mode=vb method=sk_kmeans solver=filo2 stage=post_ls ls=pyvrp iter=1
2026-03-15 14:07:37 | INFO     | Route #103: 761 1111 1029 || mode=vb method=sk_kmeans solver=filo2 stage=post_ls ls=pyvrp iter=1
2026-03-15 14:07:37 | INFO     | Route #104: 242 1087 270 || mode=vb method=sk_kmeans solver=filo2 stage=post_ls ls=pyvrp iter=1
2026-03-15 14:07:37 | INFO     | Route #105: 171 1057 893 || mode=vb method=sk_kmeans solver=filo2 stage=post_ls ls=pyvrp iter=1
2026-03-15 14:07:37 | INFO     | Route #106: 1331 38 1100 639 || mode=vb method=sk_kmeans solver=filo2 stage=post_ls ls=pyvrp iter=1
2026-03-15 14:07:37 | INFO     | Route #107: 135 1290 8 || mode=vb method=sk_kmeans solver=filo2 stage=post_ls ls=pyvrp iter=1
2026-03-15 14:07:37 | INFO     | Route #108: 756 960 422 1305 524 1016 193 733 || mode=vb method=sk_kmeans solver=filo2 stage=post_ls ls=pyvrp iter=1
2026-03-15 14:07:37 | INFO     | Route #109: 238 122 367 734 || mode=vb method=sk_kmeans solver=filo2 stage=post_ls ls=pyvrp iter=1
2026-03-15 14:07:37 | INFO     | Route #110: 512 872 197 54 437 || mode=vb method=sk_kmeans solver=filo2 stage=post_ls ls=pyvrp iter=1
2026-03-15 14:07:37 | INFO     | Route #111: 1218 1248 1126 || mode=vb method=sk_kmeans solver=filo2 stage=post_ls ls=pyvrp iter=1
2026-03-15 14:07:37 | INFO     | Route #112: 990 517 792 || mode=vb method=sk_kmeans solver=filo2 stage=post_ls ls=pyvrp iter=1
2026-03-15 14:07:37 | INFO     | Route #113: 933 22 501 || mode=vb method=sk_kmeans solver=filo2 stage=post_ls ls=pyvrp iter=1
2026-03-15 14:07:37 | INFO     | Route #114: 121 268 1076 1044 || mode=vb method=sk_kmeans solver=filo2 stage=post_ls ls=pyvrp iter=1
2026-03-15 14:07:37 | INFO     | Route #115: 14 361 487 855 212 244 1180 520 || mode=vb method=sk_kmeans solver=filo2 stage=post_ls ls=pyvrp iter=1
2026-03-15 14:07:37 | INFO     | Route #116: 15 150 125 || mode=vb method=sk_kmeans solver=filo2 stage=post_ls ls=pyvrp iter=1
2026-03-15 14:07:37 | INFO     | Route #117: 45 1173 503 || mode=vb method=sk_kmeans solver=filo2 stage=post_ls ls=pyvrp iter=1
2026-03-15 14:07:37 | INFO     | Route #118: 882 379 228 310 169 || mode=vb method=sk_kmeans solver=filo2 stage=post_ls ls=pyvrp iter=1
2026-03-15 14:07:37 | INFO     | Route #119: 1105 72 400 || mode=vb method=sk_kmeans solver=filo2 stage=post_ls ls=pyvrp iter=1
2026-03-15 14:07:37 | INFO     | Route #120: 429 774 446 || mode=vb method=sk_kmeans solver=filo2 stage=post_ls ls=pyvrp iter=1
2026-03-15 14:07:37 | INFO     | Route #121: 225 346 257 || mode=vb method=sk_kmeans solver=filo2 stage=post_ls ls=pyvrp iter=1
2026-03-15 14:07:37 | INFO     | Route #122: 1308 562 1245 || mode=vb method=sk_kmeans solver=filo2 stage=post_ls ls=pyvrp iter=1
2026-03-15 14:07:37 | INFO     | Route #123: 886 1297 78 || mode=vb method=sk_kmeans solver=filo2 stage=post_ls ls=pyvrp iter=1
2026-03-15 14:07:37 | INFO     | Route #124: 264 896 1110 196 || mode=scp method=gurobi_mip solver=None stage=scp_post_ls ls=N/A iter=9
2026-03-15 14:07:37 | INFO     | Route #125: 929 312 131 || mode=vb method=sk_kmeans solver=filo2 stage=post_ls ls=pyvrp iter=1
2026-03-15 14:07:37 | INFO     | Route #126: 462 904 574 763 457 901 1027 309 || mode=vb method=sk_kmeans solver=filo2 stage=post_ls ls=pyvrp iter=1
2026-03-15 14:07:37 | INFO     | Route #127: 324 557 258 552 || mode=vb method=sk_kmeans solver=filo2 stage=post_ls ls=pyvrp iter=1
2026-03-15 14:07:37 | INFO     | Route #128: 973 71 920 || mode=vb method=sk_kmeans solver=filo2 stage=post_ls ls=pyvrp iter=1
2026-03-15 14:07:37 | INFO     | Route #129: 299 604 1088 1316 903 436 306 955 696 || mode=vb method=sk_kmeans solver=filo2 stage=post_ls ls=pyvrp iter=1
2026-03-15 14:07:37 | INFO     | Route #130: 200 1061 787 || mode=vb method=sk_kmeans solver=filo2 stage=post_ls ls=pyvrp iter=1
2026-03-15 14:07:37 | INFO     | Route #131: 304 962 1162 || mode=vb method=sk_kmeans solver=filo2 stage=post_ls ls=pyvrp iter=1
2026-03-15 14:07:37 | INFO     | Route #132: 632 79 344 598 || mode=vb method=sk_kmeans solver=filo2 stage=post_ls ls=pyvrp iter=1
2026-03-15 14:07:37 | INFO     | Route #133: 653 383 467 || mode=vb method=sk_kmeans solver=filo2 stage=post_ls ls=pyvrp iter=1
2026-03-15 14:07:37 | INFO     | Route #134: 13 1084 427 784 287 369 1223 1361 1222 || mode=vb method=sk_kmeans solver=filo2 stage=post_ls ls=pyvrp iter=1
2026-03-15 14:07:37 | INFO     | Route #135: 1336 1152 1032 || mode=vb method=sk_kmeans solver=filo2 stage=post_ls ls=pyvrp iter=1
2026-03-15 14:07:37 | INFO     | Route #136: 694 1240 842 928 || mode=vb method=sk_kmeans solver=filo2 stage=post_ls ls=pyvrp iter=1
2026-03-15 14:07:37 | INFO     | Route #137: 796 1296 609 505 748 51 || mode=vb method=sk_kmeans solver=filo2 stage=post_ls ls=pyvrp iter=1
2026-03-15 14:07:37 | INFO     | Route #138: 1068 705 1286 1339 924 || mode=vb method=sk_kmeans solver=filo2 stage=post_ls ls=pyvrp iter=1
2026-03-15 14:07:37 | INFO     | Route #139: 605 283 648 655 506 44 || mode=vb method=sk_kmeans solver=filo2 stage=post_ls ls=pyvrp iter=1
2026-03-15 14:07:37 | INFO     | Route #140: 619 1227 404 1279 || mode=vb method=sk_kmeans solver=filo2 stage=post_ls ls=pyvrp iter=1
2026-03-15 14:07:37 | INFO     | Route #141: 1052 184 484 136 363 664 489 265 553 || mode=vb method=sk_kmeans solver=filo2 stage=post_ls ls=pyvrp iter=1
2026-03-15 14:07:37 | INFO     | Route #142: 466 49 1086 || mode=vb method=sk_kmeans solver=filo2 stage=post_ls ls=pyvrp iter=1
2026-03-15 14:07:37 | INFO     | Route #143: 1168 1134 550 1014 || mode=vb method=sk_kmeans solver=filo2 stage=post_ls ls=pyvrp iter=1
2026-03-15 14:07:37 | INFO     | Route #144: 128 877 1206 311 811 246 89 848 || mode=vb method=sk_kmeans solver=filo2 stage=post_ls ls=pyvrp iter=1
2026-03-15 14:07:37 | INFO     | Route #145: 116 209 1047 || mode=vb method=sk_kmeans solver=filo2 stage=post_ls ls=pyvrp iter=1
2026-03-15 14:07:37 | INFO     | Route #146: 414 1102 795 139 432 1198 669 881 350 863 || mode=vb method=sk_kmeans solver=filo2 stage=post_ls ls=pyvrp iter=1
2026-03-15 14:07:37 | INFO     | Route #147: 564 559 1190 || mode=vb method=sk_kmeans solver=filo2 stage=post_ls ls=pyvrp iter=1
2026-03-15 14:07:37 | INFO     | Route #148: 858 266 523 || mode=vb method=sk_kmeans solver=filo2 stage=post_ls ls=pyvrp iter=1
2026-03-15 14:07:37 | INFO     | Route #149: 698 317 313 || mode=vb method=sk_kmeans solver=filo2 stage=post_ls ls=pyvrp iter=1
2026-03-15 14:07:37 | INFO     | Route #150: 1354 1307 594 1136 || mode=vb method=sk_kmeans solver=filo2 stage=post_ls ls=pyvrp iter=1
2026-03-15 14:07:37 | INFO     | Route #151: 93 957 700 || mode=vb method=sk_kmeans solver=filo2 stage=post_ls ls=pyvrp iter=1
2026-03-15 14:07:37 | INFO     | Route #152: 822 239 373 || mode=vb method=sk_kmeans solver=filo2 stage=post_ls ls=pyvrp iter=1
2026-03-15 14:07:37 | INFO     | Route #153: 938 739 1330 1017 || mode=vb method=sk_kmeans solver=filo2 stage=post_ls ls=pyvrp iter=1
2026-03-15 14:07:37 | INFO     | Route #154: 537 132 300 987 || mode=vb method=sk_kmeans solver=filo2 stage=post_ls ls=pyvrp iter=1
2026-03-15 14:07:37 | INFO     | Route #155: 1186 386 338 || mode=vb method=sk_kmeans solver=filo2 stage=post_ls ls=pyvrp iter=1
2026-03-15 14:07:37 | INFO     | Route #156: 800 203 547 || mode=vb method=sk_kmeans solver=filo2 stage=post_ls ls=pyvrp iter=1
2026-03-15 14:07:37 | INFO     | Route #157: 727 1071 913 1120 1315 820 1148 || mode=vb method=sk_kmeans solver=filo2 stage=post_ls ls=pyvrp iter=1
2026-03-15 14:07:37 | INFO     | Route #158: 349 683 740 || mode=vb method=sk_kmeans solver=filo2 stage=post_ls ls=pyvrp iter=1
2026-03-15 14:07:37 | INFO     | Route #159: 1268 978 473 || mode=vb method=sk_kmeans solver=filo2 stage=post_ls ls=pyvrp iter=1
2026-03-15 14:07:37 | INFO     | Route #160: 202 729 711 || mode=vb method=sk_kmeans solver=filo2 stage=post_ls ls=pyvrp iter=1
2026-03-15 14:07:37 | INFO     | Route #161: 278 777 732 || mode=vb method=sk_kmeans solver=filo2 stage=post_ls ls=pyvrp iter=1
2026-03-15 14:07:37 | INFO     | Route #162: 26 381 755 708 1358 || mode=vb method=sk_kmeans solver=filo2 stage=post_ls ls=pyvrp iter=1
2026-03-15 14:07:37 | INFO     | Route #163: 818 1254 52 || mode=vb method=sk_kmeans solver=filo2 stage=post_ls ls=pyvrp iter=1
2026-03-15 14:07:37 | INFO     | Route #164: 138 934 1063 || mode=vb method=sk_kmeans solver=filo2 stage=post_ls ls=pyvrp iter=1
2026-03-15 14:07:37 | INFO     | Route #165: 368 880 1081 || mode=vb method=sk_kmeans solver=filo2 stage=post_ls ls=pyvrp iter=1
2026-03-15 14:07:37 | INFO     | Route #166: 495 250 1323 || mode=vb method=sk_kmeans solver=filo2 stage=post_ls ls=pyvrp iter=1
2026-03-15 14:07:37 | INFO     | Route #167: 30 876 760 251 || mode=vb method=sk_kmeans solver=filo2 stage=post_ls ls=pyvrp iter=1
2026-03-15 14:07:37 | INFO     | Route #168: 206 479 762 894 322 255 641 1285 1236 1229 70 185 || mode=vb method=sk_kmeans solver=filo2 stage=post_ls ls=pyvrp iter=1
2026-03-15 14:07:37 | INFO     | Route #169: 330 415 || mode=vb method=sk_kmeans solver=filo2 stage=post_ls ls=pyvrp iter=1
2026-03-15 14:07:37 | INFO     | Route #170: 130 145 980 || mode=vb method=sk_kmeans solver=filo2 stage=post_ls ls=pyvrp iter=1
2026-03-15 14:07:37 | INFO     | Route #171: 743 610 100 689 1178 673 1169 1219 || mode=vb method=sk_kmeans solver=filo2 stage=post_ls ls=pyvrp iter=1
2026-03-15 14:07:37 | INFO     | Route #172: 66 1054 425 305 601 || mode=vb method=sk_kmeans solver=filo2 stage=post_ls ls=pyvrp iter=1
2026-03-15 14:07:37 | INFO     | Route #173: 342 1363 1261 1342 || mode=vb method=sk_kmeans solver=filo2 stage=post_ls ls=pyvrp iter=1
2026-03-15 14:07:37 | INFO     | Route #174: 630 458 1298 1026 || mode=vb method=sk_kmeans solver=filo2 stage=post_ls ls=pyvrp iter=1
2026-03-15 14:07:37 | INFO     | Route #175: 1092 1320 1135 165 || mode=vb method=sk_kmeans solver=filo2 stage=post_ls ls=pyvrp iter=1
2026-03-15 14:07:37 | INFO     | Route #176: 1352 674 803 || mode=vb method=sk_kmeans solver=filo2 stage=post_ls ls=pyvrp iter=1
2026-03-15 14:07:37 | INFO     | Route #177: 48 1004 725 || mode=vb method=sk_kmeans solver=filo2 stage=post_ls ls=pyvrp iter=1
2026-03-15 14:07:37 | INFO     | Route #178: 419 976 69 959 189 67 156 500 1273 144 || mode=vb method=sk_kmeans solver=filo2 stage=post_ls ls=pyvrp iter=1
2026-03-15 14:07:37 | INFO     | Route #179: 2 699 768 764 151 || mode=vb method=sk_kmeans solver=filo2 stage=post_ls ls=pyvrp iter=1
2026-03-15 14:07:37 | INFO     | Route #180: 1104 1200 440 || mode=vb method=sk_kmeans solver=filo2 stage=post_ls ls=pyvrp iter=1
2026-03-15 14:07:37 | INFO     | Route #181: 1253 1256 331 652 76 || mode=vb method=sk_kmeans solver=filo2 stage=post_ls ls=pyvrp iter=1
2026-03-15 14:07:37 | INFO     | Route #182: 1272 650 817 || mode=vb method=sk_kmeans solver=filo2 stage=post_ls ls=pyvrp iter=1
2026-03-15 14:07:37 | INFO     | Route #183: 208 460 789 292 582 348 944 1035 752 || mode=vb method=sk_kmeans solver=filo2 stage=post_ls ls=pyvrp iter=1
2026-03-15 14:07:37 | INFO     | Route #184: 1123 328 709 1089 || mode=vb method=sk_kmeans solver=filo2 stage=post_ls ls=pyvrp iter=1
2026-03-15 14:07:37 | INFO     | Route #185: 988 34 1156 || mode=vb method=sk_kmeans solver=filo2 stage=post_ls ls=pyvrp iter=1
2026-03-15 14:07:37 | INFO     | Route #186: 983 636 408 || mode=vb method=sk_kmeans solver=filo2 stage=post_ls ls=pyvrp iter=1
2026-03-15 14:07:37 | INFO     | Route #187: 163 1232 1233 || mode=vb method=sk_kmeans solver=filo2 stage=post_ls ls=pyvrp iter=1
2026-03-15 14:07:37 | INFO     | Route #188: 352 951 157 1003 1095 569 637 || mode=vb method=sk_kmeans solver=filo2 stage=post_ls ls=pyvrp iter=1
2026-03-15 14:07:37 | INFO     | Route #189: 439 747 82 || mode=vb method=sk_kmeans solver=filo2 stage=post_ls ls=pyvrp iter=1
2026-03-15 14:07:37 | INFO     | Route #190: 953 607 1205 993 || mode=vb method=sk_kmeans solver=filo2 stage=post_ls ls=pyvrp iter=1
2026-03-15 14:07:37 | INFO     | Route #191: 1124 282 372 112 || mode=vb method=sk_kmeans solver=filo2 stage=post_ls ls=pyvrp iter=1
2026-03-15 14:07:37 | INFO     | Route #192: 946 57 1372 240 801 771 259 453 || mode=vb method=sk_kmeans solver=filo2 stage=post_ls ls=pyvrp iter=1
2026-03-15 14:07:37 | INFO     | Route #193: 186 32 1269 956 912 1309 566 977 402 1373 1060 1160 || mode=vb method=sk_kmeans solver=filo2 stage=post_ls ls=pyvrp iter=1
2026-03-15 14:07:37 | INFO     | Route #194: 302 31 106 974 || mode=vb method=sk_kmeans solver=filo2 stage=post_ls ls=pyvrp iter=1
2026-03-15 14:07:37 | INFO     | Route #195: 975 1247 351 227 900 514 252 1332 1327 823 || mode=vb method=sk_kmeans solver=filo2 stage=post_ls ls=pyvrp iter=1
2026-03-15 14:07:37 | INFO     | Route #196: 1159 573 750 17 87 334 249 42 || mode=vb method=sk_kmeans solver=filo2 stage=post_ls ls=pyvrp iter=1
2026-03-15 14:07:37 | INFO     | Route #197: 721 945 1107 60 || mode=vb method=sk_kmeans solver=filo2 stage=post_ls ls=pyvrp iter=1
2026-03-15 14:07:37 | INFO     | Route #198: 588 779 449 || mode=vb method=sk_kmeans solver=filo2 stage=post_ls ls=pyvrp iter=1
2026-03-15 14:07:37 | INFO     | Route #199: 541 1106 114 || mode=vb method=sk_kmeans solver=filo2 stage=post_ls ls=pyvrp iter=1
2026-03-15 14:07:37 | INFO     | Route #200: 936 1066 392 || mode=vb method=sk_kmeans solver=filo2 stage=post_ls ls=pyvrp iter=1
2026-03-15 14:07:37 | INFO     | Route #201: 666 1328 1360 || mode=vb method=sk_kmeans solver=filo2 stage=post_ls ls=pyvrp iter=1
2026-03-15 14:07:37 | INFO     | Route #202: 776 167 766 535 695 1155 617 477 || mode=vb method=sk_kmeans solver=filo2 stage=post_ls ls=pyvrp iter=1
2026-03-15 14:07:37 | INFO     | Route #203: 75 649 97 838 || mode=vb method=sk_kmeans solver=filo2 stage=post_ls ls=pyvrp iter=1
2026-03-15 14:07:37 | INFO     | Route #204: 1090 286 1287 1221 1212 154 1274 319 1165 261 399 || mode=vb method=sk_kmeans solver=filo2 stage=post_ls ls=pyvrp iter=1
2026-03-15 14:07:37 | INFO     | Route #205: 635 201 115 || mode=vb method=sk_kmeans solver=filo2 stage=post_ls ls=pyvrp iter=1
2026-03-15 14:07:37 | INFO     | Route #206: 577 657 614 816 825 1278 685 337 341 1314 || mode=vb method=sk_kmeans solver=filo2 stage=post_ls ls=pyvrp iter=1
2026-03-15 14:07:37 | INFO     | Route #207: 1183 28 1370 499 || mode=vb method=sk_kmeans solver=filo2 stage=post_ls ls=pyvrp iter=1
2026-03-15 14:07:37 | INFO     | Route #208: 253 815 504 1130 || mode=vb method=sk_kmeans solver=filo2 stage=post_ls ls=pyvrp iter=1
2026-03-15 14:07:37 | INFO     | Route #209: 418 862 773 124 || mode=vb method=sk_kmeans solver=filo2 stage=post_ls ls=pyvrp iter=1
2026-03-15 14:07:37 | INFO     | Route #210: 1270 84 989 371 1312 954 1020 95 397 || mode=vb method=sk_kmeans solver=filo2 stage=post_ls ls=pyvrp iter=1
2026-03-15 14:07:37 | INFO     | Route #211: 378 1096 395 1211 || mode=vb method=sk_kmeans solver=filo2 stage=post_ls ls=pyvrp iter=1
2026-03-15 14:07:37 | INFO     | Route #212: 1193 690 898 1065 18 1294 1241 428 754 638 || mode=vb method=sk_kmeans solver=filo2 stage=post_ls ls=pyvrp iter=1
2026-03-15 14:07:37 | INFO     | Route #213: 29 840 1143 879 1334 375 558 1139 672 1008 1079 || mode=vb method=sk_kmeans solver=filo2 stage=post_ls ls=pyvrp iter=1
2026-03-15 14:07:37 | INFO     | Route #214: 586 969 37 866 || mode=vb method=sk_kmeans solver=filo2 stage=post_ls ls=pyvrp iter=1
2026-03-15 14:07:37 | INFO     | Route #215: 640 1299 36 1150 996 464 1000 722 443 || mode=vb method=sk_kmeans solver=filo2 stage=post_ls ls=pyvrp iter=1
2026-03-15 14:07:37 | INFO     | Route #216: 329 911 260 41 1220 40 819 861 810 || mode=vb method=sk_kmeans solver=filo2 stage=post_ls ls=pyvrp iter=1
2026-03-15 14:07:37 | INFO     | Route #217: 423 931 101 332 417 749 799 1127 1366 540 852 1080 835 || mode=vb method=sk_kmeans solver=filo2 stage=post_ls ls=pyvrp iter=1
2026-03-15 14:07:37 | INFO     | Route #218: 794 182 1371 || mode=vb method=sk_kmeans solver=filo2 stage=post_ls ls=pyvrp iter=1
2026-03-15 14:07:37 | INFO     | Route #219: 68 1321 99 245 526 567 155 1059 || mode=vb method=sk_kmeans solver=filo2 stage=post_ls ls=pyvrp iter=1
2026-03-15 14:07:37 | INFO     | Route #220: 1224 86 668 || mode=vb method=sk_kmeans solver=filo2 stage=post_ls ls=pyvrp iter=1
2026-03-15 14:07:37 | INFO     | Route #221: 451 633 12 || mode=vb method=sk_kmeans solver=filo2 stage=post_ls ls=pyvrp iter=1
2026-03-15 14:07:37 | INFO     | Route #222: 1055 613 549 621 1322 966 883 874 873 1192 726 27 813 || mode=vb method=sk_kmeans solver=filo2 stage=post_ls ls=pyvrp iter=1
2026-03-15 14:07:37 | INFO     | Route #223: 670 1177 303 1093 1115 1196 468 || mode=vb method=sk_kmeans solver=filo2 stage=post_ls ls=pyvrp iter=1
2026-03-15 14:07:37 | INFO     | Route #224: 1005 742 1083 1145 || mode=vb method=sk_kmeans solver=filo2 stage=post_ls ls=pyvrp iter=1
2026-03-15 14:07:37 | INFO     | Route #225: 61 298 979 90 92 360 1009 481 1252 || mode=vb method=sk_kmeans solver=filo2 stage=post_ls ls=pyvrp iter=1
2026-03-15 14:07:37 | INFO     | Route #226: 713 288 917 916 || mode=vb method=sk_kmeans solver=filo2 stage=post_ls ls=pyvrp iter=1
2026-03-15 14:07:37 | INFO     | Route #227: 231 967 1280 770 243 1049 1364 222 || mode=vb method=sk_kmeans solver=filo2 stage=post_ls ls=pyvrp iter=1
2026-03-15 14:07:37 | INFO     | Route #228: 11 1157 43 629 772 908 1275 96 1313 667 164 || mode=vb method=sk_kmeans solver=filo2 stage=post_ls ls=pyvrp iter=1
2026-03-15 14:07:37 | INFO     | Route #229: 1291 133 335 532 697 595 850 868 142 || mode=vb method=sk_kmeans solver=filo2 stage=post_ls ls=pyvrp iter=1
2026-03-15 14:07:37 | INFO     | Route #230: 207 1164 508 570 948 1125 435 736 625 790 232 || mode=vb method=sk_kmeans solver=filo2 stage=post_ls ls=pyvrp iter=1
2026-03-15 14:07:37 | INFO     | Route #231: 463 1239 58 1214 793 1246 1167 491 1201 56 || mode=vb method=sk_kmeans solver=filo2 stage=post_ls ls=pyvrp iter=1
2026-03-15 14:07:37 | INFO     | Route #232: 213 1306 1021 1355 || mode=vb method=sk_kmeans solver=filo2 stage=post_ls ls=pyvrp iter=1
2026-03-15 14:07:37 | INFO     | Route #233: 1163 1346 971 998 885 1158 745 326 219 || mode=vb method=sk_kmeans solver=filo2 stage=post_ls ls=pyvrp iter=1
2026-03-15 14:07:37 | INFO     | Route #234: 1042 452 645 715 1010 970 39 918 140 || mode=vb method=sk_kmeans solver=filo2 stage=post_ls ls=pyvrp iter=1
2026-03-15 14:07:37 | INFO     | Route #235: 1031 555 247 910 720 878 46 343 1072 276 || mode=vb method=sk_kmeans solver=filo2 stage=post_ls ls=pyvrp iter=1
2026-03-15 14:07:37 | INFO     | Route #236: 809 1302 211 1013 515 1050 353 281 1185 860 644 421 1188 347 340 539 55 || mode=vb method=sk_kmeans solver=filo2 stage=post_ls ls=pyvrp iter=1
2026-03-15 14:07:37 | INFO     | Route #237: 318 1195 1146 456 1243 902 538 || mode=vb method=sk_kmeans solver=filo2 stage=post_ls ls=pyvrp iter=1
2026-03-15 14:07:37 | INFO     | Route #238: 1033 581 769 1064 94 195 781 191 || mode=vb method=sk_kmeans solver=filo2 stage=post_ls ls=pyvrp iter=1
2026-03-15 14:07:37 | INFO     | Route #239: 719 1266 627 892 556 909 149 216 || mode=vb method=sk_kmeans solver=filo2 stage=post_ls ls=pyvrp iter=1
2026-03-15 14:07:37 | INFO     | Route #240: 293 406 735 724 123 831 1141 1045 1138 || mode=vb method=sk_kmeans solver=filo2 stage=post_ls ls=pyvrp iter=1
2026-03-15 14:07:37 | INFO     | Route #241: 450 1333 870 597 865 897 256 1228 267 686 420 494 1356 703 || mode=vb method=sk_kmeans solver=filo2 stage=post_ls ls=pyvrp iter=1
2026-03-15 14:07:37 | INFO     | Route #242: 849 807 837 939 1209 1022 952 1303 1133 || mode=vb method=sk_kmeans solver=filo2 stage=post_ls ls=pyvrp iter=1
2026-03-15 14:07:37 | INFO     | Route #243: 438 482 1284 544 126 295 676 890 845 224 1249 129 950 || mode=vb method=sk_kmeans solver=filo2 stage=post_ls ls=pyvrp iter=1
2026-03-15 14:07:37 | INFO     | Route #244: 887 1046 25 665 1343 560 828 937 1122 || mode=vb method=sk_kmeans solver=filo2 stage=post_ls ls=pyvrp iter=1
2026-03-15 14:07:37 | INFO     | Route #245: 1085 1189 158 1282 580 1318 23 528 1098 194 488 || mode=vb method=sk_kmeans solver=filo2 stage=post_ls ls=pyvrp iter=1
2026-03-15 14:07:37 | INFO     | Route #246: 531 561 1137 949 447 59 105 615 1210 1300 995 585 || mode=vb method=sk_kmeans solver=filo2 stage=post_ls ls=pyvrp iter=1
2026-03-15 14:07:37 | INFO     | Route #247: 248 308 272 1319 1121 284 377 1260 707 || mode=vb method=sk_kmeans solver=filo2 stage=post_ls ls=pyvrp iter=1
2026-03-15 14:07:37 | INFO     | Route #248: 134 333 442 393 459 857 148 565 941 || mode=vb method=sk_kmeans solver=filo2 stage=post_ls ls=pyvrp iter=1
2026-03-15 14:07:37 | INFO     | Route #249: 1251 1324 294 671 525 444 1217 || mode=vb method=sk_kmeans solver=filo2 stage=post_ls ls=pyvrp iter=1
2026-03-15 14:07:37 | INFO     | Route #250: 827 568 160 758 746 384 1271 187 606 575 1019 1204 || mode=vb method=sk_kmeans solver=filo2 stage=post_ls ls=pyvrp iter=1
2026-03-15 14:07:37 | INFO     | Route #251: 965 984 656 856 824 1036 1038 631 593 662 98 1225 || mode=vb method=sk_kmeans solver=filo2 stage=post_ls ls=pyvrp iter=1
2026-03-15 14:07:37 | INFO     | Route #252: 407 493 519 475 1053 174 1034 277 229 476 107 611 316 || mode=vb method=sk_kmeans solver=filo2 stage=post_ls ls=pyvrp iter=1
2026-03-15 14:07:37 | INFO     | Route #253: 65 767 147 681 1264 1108 269 153 1166 497 864 930 || mode=vb method=sk_kmeans solver=filo2 stage=post_ls ls=pyvrp iter=1
2026-03-15 14:07:37 | INFO     | Route #254: 1234 498 551 1351 1242 || mode=vb method=sk_kmeans solver=filo2 stage=post_ls ls=pyvrp iter=1
2026-03-15 14:07:37 | INFO     | Route #255: 1202 388 620 || mode=rb method=sk_ac_avg solver=pyvrp stage=post_ls ls=pyvrp iter=2
2026-03-15 14:07:37 | INFO     | Route #256: 1015 757 680 || mode=rb method=sk_ac_avg solver=pyvrp stage=post_ls ls=pyvrp iter=2
2026-03-15 14:07:37 | INFO     | Route #257: 1094 274 964 || mode=rb method=sk_ac_avg solver=pyvrp stage=post_ls ls=pyvrp iter=2
2026-03-15 14:07:37 | INFO     | Route #258: 836 118 1051 || mode=vb method=sk_kmeans solver=pyvrp stage=post_ls ls=pyvrp iter=3
2026-03-15 14:07:37 | INFO     | Route #259: 401 380 616 || mode=vb method=sk_kmeans solver=pyvrp stage=post_ls ls=pyvrp iter=3
2026-03-15 14:07:37 | INFO     | Route #260: 214 1182 643 1113 || mode=rb method=sk_ac_complete solver=pyvrp stage=post_ls ls=pyvrp iter=4
2026-03-15 14:07:37 | INFO     | Route #261: 364 461 511 || mode=scp method=gurobi_mip solver=None stage=scp_post_ls ls=N/A iter=9
2026-03-15 14:07:37 | INFO     | Route #262: 1039 1175 1293 || mode=vb method=k_medoids_pyclustering solver=filo1 stage=post_ls ls=pyvrp iter=5
2026-03-15 14:07:37 | INFO     | Route #263: 596 702 1277 || mode=vb method=k_medoids_pyclustering solver=filo1 stage=post_ls ls=pyvrp iter=5
2026-03-15 14:07:37 | INFO     | Route #264: 744 775 || mode=vb method=k_medoids_pyclustering solver=filo1 stage=post_ls ls=pyvrp iter=5
2026-03-15 14:07:37 | INFO     | Route #265: 188 572 1267 1288 || mode=vb method=k_medoids_pyclustering solver=filo1 stage=post_ls ls=pyvrp iter=5
2026-03-15 14:07:37 | INFO     | Route #266: 389 85 693 || mode=vb method=k_medoids_pyclustering solver=filo1 stage=post_ls ls=pyvrp iter=5
2026-03-15 14:07:37 | INFO     | Route #267: 692 623 691 || mode=vb method=k_medoids_pyclustering solver=filo1 stage=post_ls ls=pyvrp iter=5
2026-03-15 14:07:37 | INFO     | Route #268: 778 88 1281 || mode=vb method=k_medoids_pyclustering solver=filo1 stage=post_ls ls=pyvrp iter=5
2026-03-15 14:07:37 | INFO     | Route #269: 356 5 1040 || mode=rb method=sk_kmeans solver=filo1 stage=post_ls ls=pyvrp iter=6
2026-03-15 14:07:37 | INFO     | Route #270: 1329 847 986 || mode=rb method=sk_kmeans solver=filo1 stage=post_ls ls=pyvrp iter=6
2026-03-15 14:07:37 | INFO     | Route #271: 6 1369 1250 || mode=rb method=sk_kmeans solver=filo1 stage=post_ls ls=pyvrp iter=6
2026-03-15 14:07:37 | INFO     | Route #272: 1154 455 1335 || mode=rb method=sk_kmeans solver=filo1 stage=post_ls ls=pyvrp iter=6
2026-03-15 14:07:37 | INFO     | Route #273: 1283 1073 718 || mode=scp method=gurobi_mip solver=None stage=scp_post_ls ls=N/A iter=9
2026-03-15 14:07:37 | INFO     | Route #274: 161 19 205 1012 441 678 530 788 834 542 1265 223 || mode=rb method=sk_ac_avg solver=pyvrp stage=post_ls ls=pyvrp iter=9
2026-03-15 14:07:37 | INFO     | Route #275: 1171 181 233 826 599 445 679 1 1140 141 376 || mode=rb method=sk_ac_avg solver=pyvrp stage=post_ls ls=pyvrp iter=9
2026-03-15 14:07:37 | INFO     | Route #276: 1353 716 935 226 1147 642 1116 198 576 || mode=rb method=sk_ac_avg solver=pyvrp stage=post_ls ls=pyvrp iter=9
2026-03-15 14:07:37 | INFO     | Route #277: 47 146 430 413 1030 296 1191 982 3 1142 474 108 || mode=rb method=sk_ac_avg solver=pyvrp stage=post_ls ls=pyvrp iter=9
2026-03-15 14:07:37 | INFO     | Route #278: 889 391 738 104 829 178 1357 1226 448 || mode=rb method=sk_ac_avg solver=pyvrp stage=post_ls ls=pyvrp iter=9
2026-03-15 14:07:37 | INFO     | Route #279: 786 50 290 || mode=rb method=sk_ac_avg solver=pyvrp stage=post_ls ls=pyvrp iter=9
2026-03-15 14:07:37 | INFO     | Route #280: 677 600 1058 345 || mode=rb method=sk_ac_avg solver=pyvrp stage=post_ls ls=pyvrp iter=9
2026-03-15 14:07:37 | INFO     | Route #281: 183 485 1097 || mode=rb method=sk_ac_avg solver=pyvrp stage=post_ls ls=pyvrp iter=9
2026-03-15 14:07:37 | INFO     | Route #282: 220 608 454 || mode=rb method=sk_ac_avg solver=pyvrp stage=post_ls ls=pyvrp iter=9
2026-03-15 14:07:37 | INFO     | Route #283: 357 1197 907 590 || mode=rb method=sk_ac_avg solver=pyvrp stage=post_ls ls=pyvrp iter=9
2026-03-15 14:07:37 | INFO     | Route #284: 102 651 785 || mode=rb method=sk_ac_avg solver=pyvrp stage=post_ls ls=pyvrp iter=9
2026-03-15 14:07:37 | INFO     | 
2026-03-15 14:07:37 | INFO     | [BEST SOLUTION ROUTE SUMMARY]
2026-03-15 14:07:37 | INFO     | --------------------------------------------------------------------------------
2026-03-15 14:07:37 | INFO     |  252 routes | VB    | sk_kmeans       | solver=filo2      | stage=post_ls | ls=pyvrp
2026-03-15 14:07:37 | INFO     |   14 routes | RB    | sk_ac_avg       | solver=pyvrp      | stage=post_ls | ls=pyvrp
2026-03-15 14:07:37 | INFO     |    7 routes | VB    | k_medoids_pyclustering | solver=filo1      | stage=post_ls | ls=pyvrp
2026-03-15 14:07:37 | INFO     |    4 routes | RB    | sk_kmeans       | solver=filo1      | stage=post_ls | ls=pyvrp
2026-03-15 14:07:37 | INFO     |    4 routes | SCP   | gurobi_mip      | solver=UNKNOWN    | stage=scp_post_ls | ls=N/A
2026-03-15 14:07:37 | INFO     |    2 routes | VB    | sk_kmeans       | solver=pyvrp      | stage=post_ls | ls=pyvrp
2026-03-15 14:07:37 | INFO     |    1 routes | RB    | sk_ac_complete  | solver=pyvrp      | stage=post_ls | ls=pyvrp
2026-03-15 14:07:37 | INFO     | 
2026-03-15 14:07:37 | INFO     | [ROUTE POOL SUMMARY]
2026-03-15 14:07:37 | INFO     |   376 routes | RB | sk_ac_avg | solver=pyvrp | stage=post_ls | ls=pyvrp
2026-03-15 14:07:37 | INFO     |   351 routes | VB | k_medoids_pyclustering | solver=filo1 | stage=post_ls | ls=pyvrp
2026-03-15 14:07:37 | INFO     |   284 routes | VB | sk_kmeans | solver=filo2 | stage=post_ls | ls=pyvrp
2026-03-15 14:07:37 | INFO     |   219 routes | VB | sk_kmeans | solver=pyvrp | stage=post_ls | ls=pyvrp
2026-03-15 14:07:37 | INFO     |   188 routes | VB | sk_ac_min | solver=pyvrp | stage=post_ls | ls=pyvrp
2026-03-15 14:07:37 | INFO     |   181 routes | RB | sk_kmeans | solver=pyvrp | stage=post_ls | ls=pyvrp
2026-03-15 14:07:37 | INFO     |   180 routes | VB | sk_ac_complete | solver=pyvrp | stage=post_ls | ls=pyvrp
2026-03-15 14:07:37 | INFO     |   170 routes | RB | sk_ac_complete | solver=pyvrp | stage=post_ls | ls=pyvrp
2026-03-15 14:07:37 | INFO     |   129 routes | RB | sk_kmeans | solver=filo1 | stage=post_ls | ls=pyvrp
2026-03-15 14:07:37 | INFO     |   116 routes | VB | k_medoids_pyclustering | solver=filo2 | stage=post_ls | ls=pyvrp
2026-03-15 14:07:37 | INFO     |     7 routes | SCP | gurobi_mip | solver=UNKNOWN | stage=scp_post_ls | ls=N/A
2026-03-15 14:07:37 | INFO     | [XL-n1374-k278 IMPROVED-SCP] best_cost=234218 | Gap: 0.5486%
2026-03-15 14:07:37 | INFO     | [XL-n1374-k278 ITERATION-TIMES 12] cluster=4.642s routing=187.099s ls=9.188s scp=4291.797s total=4492.741s
2026-03-15 14:07:37 | INFO     | [XL-n1374-k278 ITERATION 13] mode=RB method=sk_kmeans k=2 solver=pyvrp ls=pyvrp
2026-03-15 14:07:39 | INFO     | [XL-n1374-k278 CLUSTER] method=sk_kmeans k=2 | sizes=[665, 708] | min=665 max=708 avg=686.5
2026-03-15 14:07:39 | INFO     | [XL-n1374-k278 ROUTING] Solving clusters with pyvrp
2026-03-15 14:11:50 | INFO     | [XL-n1374-k278 NO-IMPROVEMENT] best_cost=234218 | streak=1 | Gap: 0.5486%
2026-03-15 14:11:50 | INFO     | [XL-n1374-k278 ITERATION-TIMES 13] cluster=1.851s routing=229.848s ls=21.840s total=253.567s
2026-03-15 14:11:50 | INFO     | [XL-n1374-k278 ITERATION 14] mode=VB method=sk_ac_complete k=10 solver=filo2 ls=pyvrp
2026-03-15 14:12:06 | INFO     | [XL-n1374-k278 CLUSTER] method=sk_ac_complete k=10 | sizes=[198, 203, 123, 167, 116, 120, 121, 107, 125, 93] | min=93 max=203 avg=137.3
2026-03-15 14:12:06 | INFO     | [XL-n1374-k278 ROUTING] Solving clusters with filo2
2026-03-15 14:19:06 | INFO     | [XL-n1374-k278 NO-IMPROVEMENT] best_cost=234218 | streak=2 | Gap: 0.5486%
2026-03-15 14:19:06 | INFO     | [XL-n1374-k278 ITERATION-TIMES 14] cluster=15.521s routing=386.560s ls=33.516s total=435.649s
2026-03-15 14:19:06 | INFO     | [XL-n1374-k278 ITERATION 15] mode=VB method=sk_kmeans k=6 solver=pyvrp ls=pyvrp
2026-03-15 14:19:23 | INFO     | [XL-n1374-k278 CLUSTER] method=sk_kmeans k=6 | sizes=[278, 208, 241, 225, 214, 207] | min=207 max=278 avg=228.8
2026-03-15 14:19:23 | INFO     | [XL-n1374-k278 ROUTING] Solving clusters with pyvrp
2026-03-15 14:24:31 | INFO     | [XL-n1374-k278 SCP] pruning_mode=diversity
2026-03-15 14:24:31 | INFO     | [XL-n1374-k278 SCP] solver=gurobi_mip | route_pool=2672
2026-03-15 16:15:11 | INFO     | [XL-n1374-k278 SCP] optimal solution found
2026-03-15 16:15:29 | INFO     | 
2026-03-15 16:15:29 | INFO     | ================================================================================
2026-03-15 16:15:29 | INFO     | [XL-n1374-k278] PERIODIC SNAPSHOT SNAPSHOT_002
2026-03-15 16:15:29 | INFO     | ================================================================================
2026-03-15 16:15:29 | INFO     | Route #1: 1311 654 1317 426 || mode=vb method=sk_kmeans solver=filo2 stage=post_ls ls=pyvrp iter=1
2026-03-15 16:15:29 | INFO     | Route #2: 753 571 480 || mode=vb method=sk_kmeans solver=filo2 stage=post_ls ls=pyvrp iter=1
2026-03-15 16:15:29 | INFO     | Route #3: 1213 1151 947 415 || mode=scp method=gurobi_mip solver=None stage=scp_post_ls ls=N/A iter=12
2026-03-15 16:15:29 | INFO     | Route #4: 994 663 1367 || mode=vb method=sk_kmeans solver=filo2 stage=post_ls ls=pyvrp iter=1
2026-03-15 16:15:29 | INFO     | Route #5: 1172 301 1074 || mode=vb method=sk_kmeans solver=filo2 stage=post_ls ls=pyvrp iter=1
2026-03-15 16:15:29 | INFO     | Route #6: 358 751 1128 || mode=vb method=sk_kmeans solver=filo2 stage=post_ls ls=pyvrp iter=1
2026-03-15 16:15:29 | INFO     | Route #7: 804 626 737 || mode=vb method=sk_kmeans solver=filo2 stage=post_ls ls=pyvrp iter=1
2026-03-15 16:15:29 | INFO     | Route #8: 1103 914 1262 || mode=vb method=sk_kmeans solver=filo2 stage=post_ls ls=pyvrp iter=1
2026-03-15 16:15:29 | INFO     | Route #9: 522 492 510 1002 || mode=vb method=sk_kmeans solver=filo2 stage=post_ls ls=pyvrp iter=1
2026-03-15 16:15:29 | INFO     | Route #10: 273 1350 403 521 || mode=vb method=sk_kmeans solver=filo2 stage=post_ls ls=pyvrp iter=1
2026-03-15 16:15:29 | INFO     | Route #11: 64 396 805 || mode=vb method=sk_kmeans solver=filo2 stage=post_ls ls=pyvrp iter=1
2026-03-15 16:15:29 | INFO     | Route #12: 677 183 608 || mode=vb method=sk_kmeans solver=filo2 stage=post_ls ls=pyvrp iter=1
2026-03-15 16:15:29 | INFO     | Route #13: 688 1216 906 || mode=vb method=sk_kmeans solver=filo2 stage=post_ls ls=pyvrp iter=1
2026-03-15 16:15:29 | INFO     | Route #14: 21 62 1114 || mode=vb method=sk_kmeans solver=filo2 stage=post_ls ls=pyvrp iter=1
2026-03-15 16:15:29 | INFO     | Route #15: 963 1289 433 || mode=vb method=sk_kmeans solver=filo2 stage=post_ls ls=pyvrp iter=1
2026-03-15 16:15:29 | INFO     | Route #16: 74 472 1069 || mode=vb method=sk_kmeans solver=filo2 stage=post_ls ls=pyvrp iter=1
2026-03-15 16:15:29 | INFO     | Route #17: 783 578 859 || mode=vb method=sk_kmeans solver=filo2 stage=post_ls ls=pyvrp iter=1
2026-03-15 16:15:29 | INFO     | Route #18: 465 710 412 || mode=vb method=sk_kmeans solver=filo2 stage=post_ls ls=pyvrp iter=1
2026-03-15 16:15:29 | INFO     | Route #19: 120 591 546 || mode=vb method=sk_kmeans solver=filo2 stage=post_ls ls=pyvrp iter=1
2026-03-15 16:15:29 | INFO     | Route #20: 1051 836 401 || mode=vb method=sk_kmeans solver=filo2 stage=post_ls ls=pyvrp iter=1
2026-03-15 16:15:29 | INFO     | Route #21: 1215 869 1325 || mode=vb method=sk_kmeans solver=filo2 stage=post_ls ls=pyvrp iter=1
2026-03-15 16:15:29 | INFO     | Route #22: 529 1099 1132 || mode=vb method=sk_kmeans solver=filo2 stage=post_ls ls=pyvrp iter=1
2026-03-15 16:15:29 | INFO     | Route #23: 63 1194 490 || mode=vb method=sk_kmeans solver=filo2 stage=post_ls ls=pyvrp iter=1
2026-03-15 16:15:29 | INFO     | Route #24: 972 166 1091 927 325 1043 1077 || mode=vb method=sk_kmeans solver=filo2 stage=post_ls ls=pyvrp iter=1
2026-03-15 16:15:29 | INFO     | Route #25: 1144 110 1244 || mode=vb method=sk_kmeans solver=filo2 stage=post_ls ls=pyvrp iter=1
2026-03-15 16:15:29 | INFO     | Route #26: 602 985 730 || mode=vb method=sk_kmeans solver=filo2 stage=post_ls ls=pyvrp iter=1
2026-03-15 16:15:29 | INFO     | Route #27: 1075 1349 661 || mode=vb method=sk_kmeans solver=filo2 stage=post_ls ls=pyvrp iter=1
2026-03-15 16:15:29 | INFO     | Route #28: 192 802 483 315 || mode=vb method=sk_kmeans solver=filo2 stage=post_ls ls=pyvrp iter=1
2026-03-15 16:15:29 | INFO     | Route #29: 321 1101 1362 || mode=vb method=sk_kmeans solver=filo2 stage=post_ls ls=pyvrp iter=1
2026-03-15 16:15:29 | INFO     | Route #30: 1292 723 285 || mode=vb method=sk_kmeans solver=filo2 stage=post_ls ls=pyvrp iter=1
2026-03-15 16:15:29 | INFO     | Route #31: 53 1018 431 || mode=vb method=sk_kmeans solver=filo2 stage=post_ls ls=pyvrp iter=1
2026-03-15 16:15:29 | INFO     | Route #32: 841 1041 932 || mode=vb method=sk_kmeans solver=filo2 stage=post_ls ls=pyvrp iter=1
2026-03-15 16:15:29 | INFO     | Route #33: 646 236 263 || mode=vb method=sk_kmeans solver=filo2 stage=post_ls ls=pyvrp iter=1
2026-03-15 16:15:29 | INFO     | Route #34: 176 833 628 || mode=vb method=sk_kmeans solver=filo2 stage=post_ls ls=pyvrp iter=1
2026-03-15 16:15:29 | INFO     | Route #35: 1310 821 80 || mode=vb method=sk_kmeans solver=filo2 stage=post_ls ls=pyvrp iter=1
2026-03-15 16:15:29 | INFO     | Route #36: 220 651 1197 357 || mode=vb method=sk_kmeans solver=filo2 stage=post_ls ls=pyvrp iter=1
2026-03-15 16:15:29 | INFO     | Route #37: 235 16 1109 1161 215 168 612 || mode=vb method=sk_kmeans solver=filo2 stage=post_ls ls=pyvrp iter=1
2026-03-15 16:15:29 | INFO     | Route #38: 4 1304 991 119 || mode=vb method=sk_kmeans solver=filo2 stage=post_ls ls=pyvrp iter=1
2026-03-15 16:15:29 | INFO     | Route #39: 411 1024 470 || mode=vb method=sk_kmeans solver=filo2 stage=post_ls ls=pyvrp iter=1
2026-03-15 16:15:29 | INFO     | Route #40: 1094 454 785 || mode=vb method=sk_kmeans solver=filo2 stage=post_ls ls=pyvrp iter=1
2026-03-15 16:15:29 | INFO     | Route #41: 867 961 992 1006 || mode=vb method=sk_kmeans solver=filo2 stage=post_ls ls=pyvrp iter=1
2026-03-15 16:15:29 | INFO     | Route #42: 314 731 1258 || mode=vb method=sk_kmeans solver=filo2 stage=post_ls ls=pyvrp iter=1
2026-03-15 16:15:29 | INFO     | Route #43: 853 382 624 || mode=vb method=sk_kmeans solver=filo2 stage=post_ls ls=pyvrp iter=1
2026-03-15 16:15:29 | INFO     | Route #44: 1208 9 1131 || mode=vb method=sk_kmeans solver=filo2 stage=post_ls ls=pyvrp iter=1
2026-03-15 16:15:29 | INFO     | Route #45: 584 999 830 || mode=vb method=sk_kmeans solver=filo2 stage=post_ls ls=pyvrp iter=1
2026-03-15 16:15:29 | INFO     | Route #46: 102 907 590 || mode=vb method=sk_kmeans solver=filo2 stage=post_ls ls=pyvrp iter=1
2026-03-15 16:15:29 | INFO     | Route #47: 390 323 806 354 968 || mode=vb method=sk_kmeans solver=filo2 stage=post_ls ls=pyvrp iter=1
2026-03-15 16:15:29 | INFO     | Route #48: 1112 527 579 336 || mode=vb method=sk_kmeans solver=filo2 stage=post_ls ls=pyvrp iter=1
2026-03-15 16:15:29 | INFO     | Route #49: 923 81 217 || mode=vb method=sk_kmeans solver=filo2 stage=post_ls ls=pyvrp iter=1
2026-03-15 16:15:29 | INFO     | Route #50: 366 1347 190 159 || mode=vb method=sk_kmeans solver=filo2 stage=post_ls ls=pyvrp iter=1
2026-03-15 16:15:29 | INFO     | Route #51: 170 728 1062 || mode=vb method=sk_kmeans solver=filo2 stage=post_ls ls=pyvrp iter=1
2026-03-15 16:15:29 | INFO     | Route #52: 113 77 434 533 1199 486 394 1048 851 || mode=vb method=sk_kmeans solver=filo2 stage=post_ls ls=pyvrp iter=1
2026-03-15 16:15:29 | INFO     | Route #53: 554 888 1326 1238 || mode=vb method=sk_kmeans solver=filo2 stage=post_ls ls=pyvrp iter=1
2026-03-15 16:15:29 | INFO     | Route #54: 1301 682 832 1359 || mode=vb method=sk_kmeans solver=filo2 stage=post_ls ls=pyvrp iter=1
2026-03-15 16:15:29 | INFO     | Route #55: 362 1187 1118 || mode=vb method=sk_kmeans solver=filo2 stage=post_ls ls=pyvrp iter=1
2026-03-15 16:15:29 | INFO     | Route #56: 706 1001 1263 || mode=vb method=sk_kmeans solver=filo2 stage=post_ls ls=pyvrp iter=1
2026-03-15 16:15:29 | INFO     | Route #57: 365 592 741 || mode=vb method=sk_kmeans solver=filo2 stage=post_ls ls=pyvrp iter=1
2026-03-15 16:15:29 | INFO     | Route #58: 1078 658 424 1176 || mode=vb method=sk_kmeans solver=filo2 stage=post_ls ls=pyvrp iter=1
2026-03-15 16:15:29 | INFO     | Route #59: 1338 1257 241 || mode=vb method=sk_kmeans solver=filo2 stage=post_ls ls=pyvrp iter=1
2026-03-15 16:15:29 | INFO     | Route #60: 1097 485 290 || mode=vb method=sk_kmeans solver=filo2 stage=post_ls ls=pyvrp iter=1
2026-03-15 16:15:29 | INFO     | Route #61: 786 50 1058 || mode=vb method=sk_kmeans solver=filo2 stage=post_ls ls=pyvrp iter=1
2026-03-15 16:15:29 | INFO     | Route #62: 262 1337 172 || mode=vb method=sk_kmeans solver=filo2 stage=post_ls ls=pyvrp iter=1
2026-03-15 16:15:29 | INFO     | Route #63: 7 1203 24 || mode=vb method=sk_kmeans solver=filo2 stage=post_ls ls=pyvrp iter=1
2026-03-15 16:15:29 | INFO     | Route #64: 536 687 846 || mode=vb method=sk_kmeans solver=filo2 stage=post_ls ls=pyvrp iter=1
2026-03-15 16:15:29 | INFO     | Route #65: 1368 921 1255 || mode=vb method=sk_kmeans solver=filo2 stage=post_ls ls=pyvrp iter=1
2026-03-15 16:15:29 | INFO     | Route #66: 279 327 177 117 516 545 91 1181 780 || mode=vb method=sk_kmeans solver=filo2 stage=post_ls ls=pyvrp iter=1
2026-03-15 16:15:29 | INFO     | Route #67: 230 275 1295 || mode=vb method=sk_kmeans solver=filo2 stage=post_ls ls=pyvrp iter=1
2026-03-15 16:15:29 | INFO     | Route #68: 1281 691 692 || mode=vb method=sk_kmeans solver=filo2 stage=post_ls ls=pyvrp iter=1
2026-03-15 16:15:29 | INFO     | Route #69: 180 162 647 || mode=vb method=sk_kmeans solver=filo2 stage=post_ls ls=pyvrp iter=1
2026-03-15 16:15:29 | INFO     | Route #70: 355 1067 509 || mode=vb method=sk_kmeans solver=filo2 stage=post_ls ls=pyvrp iter=1
2026-03-15 16:15:29 | INFO     | Route #71: 1056 660 416 || mode=vb method=sk_kmeans solver=filo2 stage=post_ls ls=pyvrp iter=1
2026-03-15 16:15:29 | INFO     | Route #72: 307 398 1153 717 || mode=vb method=sk_kmeans solver=filo2 stage=post_ls ls=pyvrp iter=1
2026-03-15 16:15:29 | INFO     | Route #73: 583 659 10 || mode=vb method=sk_kmeans solver=filo2 stage=post_ls ls=pyvrp iter=1
2026-03-15 16:15:29 | INFO     | Route #74: 1184 942 103 || mode=vb method=sk_kmeans solver=filo2 stage=post_ls ls=pyvrp iter=1
2026-03-15 16:15:29 | INFO     | Route #75: 875 798 704 || mode=vb method=sk_kmeans solver=filo2 stage=post_ls ls=pyvrp iter=1
2026-03-15 16:15:29 | INFO     | Route #76: 20 684 1170 || mode=vb method=sk_kmeans solver=filo2 stage=post_ls ls=pyvrp iter=1
2026-03-15 16:15:29 | INFO     | Route #77: 1341 548 280 1207 || mode=vb method=sk_kmeans solver=filo2 stage=post_ls ls=pyvrp iter=1
2026-03-15 16:15:29 | INFO     | Route #78: 1365 374 675 843 || mode=vb method=sk_kmeans solver=filo2 stage=post_ls ls=pyvrp iter=1
2026-03-15 16:15:29 | INFO     | Route #79: 83 1230 33 || mode=vb method=sk_kmeans solver=filo2 stage=post_ls ls=pyvrp iter=1
2026-03-15 16:15:29 | INFO     | Route #80: 761 1111 1029 || mode=vb method=sk_kmeans solver=filo2 stage=post_ls ls=pyvrp iter=1
2026-03-15 16:15:29 | INFO     | Route #81: 171 1057 893 || mode=vb method=sk_kmeans solver=filo2 stage=post_ls ls=pyvrp iter=1
2026-03-15 16:15:29 | INFO     | Route #82: 1331 38 1100 639 || mode=vb method=sk_kmeans solver=filo2 stage=post_ls ls=pyvrp iter=1
2026-03-15 16:15:29 | INFO     | Route #83: 135 1290 8 || mode=vb method=sk_kmeans solver=filo2 stage=post_ls ls=pyvrp iter=1
2026-03-15 16:15:29 | INFO     | Route #84: 756 960 422 1305 524 1016 193 733 || mode=vb method=sk_kmeans solver=filo2 stage=post_ls ls=pyvrp iter=1
2026-03-15 16:15:29 | INFO     | Route #85: 512 872 197 54 437 || mode=vb method=sk_kmeans solver=filo2 stage=post_ls ls=pyvrp iter=1
2026-03-15 16:15:29 | INFO     | Route #86: 1218 1248 1126 || mode=vb method=sk_kmeans solver=filo2 stage=post_ls ls=pyvrp iter=1
2026-03-15 16:15:29 | INFO     | Route #87: 990 517 792 || mode=vb method=sk_kmeans solver=filo2 stage=post_ls ls=pyvrp iter=1
2026-03-15 16:15:29 | INFO     | Route #88: 121 268 1076 1044 || mode=vb method=sk_kmeans solver=filo2 stage=post_ls ls=pyvrp iter=1
2026-03-15 16:15:29 | INFO     | Route #89: 14 361 487 855 212 244 1180 520 || mode=vb method=sk_kmeans solver=filo2 stage=post_ls ls=pyvrp iter=1
2026-03-15 16:15:29 | INFO     | Route #90: 15 150 125 || mode=vb method=sk_kmeans solver=filo2 stage=post_ls ls=pyvrp iter=1
2026-03-15 16:15:29 | INFO     | Route #91: 45 1173 503 || mode=vb method=sk_kmeans solver=filo2 stage=post_ls ls=pyvrp iter=1
2026-03-15 16:15:29 | INFO     | Route #92: 882 379 228 310 169 || mode=vb method=sk_kmeans solver=filo2 stage=post_ls ls=pyvrp iter=1
2026-03-15 16:15:29 | INFO     | Route #93: 1105 72 400 || mode=vb method=sk_kmeans solver=filo2 stage=post_ls ls=pyvrp iter=1
2026-03-15 16:15:29 | INFO     | Route #94: 429 774 446 || mode=vb method=sk_kmeans solver=filo2 stage=post_ls ls=pyvrp iter=1
2026-03-15 16:15:29 | INFO     | Route #95: 225 346 257 || mode=vb method=sk_kmeans solver=filo2 stage=post_ls ls=pyvrp iter=1
2026-03-15 16:15:29 | INFO     | Route #96: 886 1297 78 || mode=vb method=sk_kmeans solver=filo2 stage=post_ls ls=pyvrp iter=1
2026-03-15 16:15:29 | INFO     | Route #97: 929 312 131 || mode=vb method=sk_kmeans solver=filo2 stage=post_ls ls=pyvrp iter=1
2026-03-15 16:15:29 | INFO     | Route #98: 462 904 574 763 457 901 1027 309 || mode=vb method=sk_kmeans solver=filo2 stage=post_ls ls=pyvrp iter=1
2026-03-15 16:15:29 | INFO     | Route #99: 973 71 920 || mode=vb method=sk_kmeans solver=filo2 stage=post_ls ls=pyvrp iter=1
2026-03-15 16:15:29 | INFO     | Route #100: 299 604 1088 1316 903 436 306 955 696 || mode=vb method=sk_kmeans solver=filo2 stage=post_ls ls=pyvrp iter=1
2026-03-15 16:15:29 | INFO     | Route #101: 632 79 344 598 || mode=vb method=sk_kmeans solver=filo2 stage=post_ls ls=pyvrp iter=1
2026-03-15 16:15:29 | INFO     | Route #102: 13 1084 427 784 287 369 1223 1361 1222 || mode=vb method=sk_kmeans solver=filo2 stage=post_ls ls=pyvrp iter=1
2026-03-15 16:15:29 | INFO     | Route #103: 1336 1152 1032 || mode=vb method=sk_kmeans solver=filo2 stage=post_ls ls=pyvrp iter=1
2026-03-15 16:15:29 | INFO     | Route #104: 694 1240 842 928 || mode=vb method=sk_kmeans solver=filo2 stage=post_ls ls=pyvrp iter=1
2026-03-15 16:15:29 | INFO     | Route #105: 796 1296 609 505 748 51 || mode=vb method=sk_kmeans solver=filo2 stage=post_ls ls=pyvrp iter=1
2026-03-15 16:15:29 | INFO     | Route #106: 1068 705 1286 1339 924 || mode=vb method=sk_kmeans solver=filo2 stage=post_ls ls=pyvrp iter=1
2026-03-15 16:15:29 | INFO     | Route #107: 605 283 648 655 506 44 || mode=vb method=sk_kmeans solver=filo2 stage=post_ls ls=pyvrp iter=1
2026-03-15 16:15:29 | INFO     | Route #108: 619 1227 404 1279 || mode=vb method=sk_kmeans solver=filo2 stage=post_ls ls=pyvrp iter=1
2026-03-15 16:15:29 | INFO     | Route #109: 1052 184 484 136 363 664 489 265 553 || mode=vb method=sk_kmeans solver=filo2 stage=post_ls ls=pyvrp iter=1
2026-03-15 16:15:29 | INFO     | Route #110: 1168 1134 550 1014 || mode=vb method=sk_kmeans solver=filo2 stage=post_ls ls=pyvrp iter=1
2026-03-15 16:15:29 | INFO     | Route #111: 128 877 1206 311 811 246 89 848 || mode=vb method=sk_kmeans solver=filo2 stage=post_ls ls=pyvrp iter=1
2026-03-15 16:15:29 | INFO     | Route #112: 116 209 1047 || mode=vb method=sk_kmeans solver=filo2 stage=post_ls ls=pyvrp iter=1
2026-03-15 16:15:29 | INFO     | Route #113: 414 1102 795 139 432 1198 669 881 350 863 || mode=vb method=sk_kmeans solver=filo2 stage=post_ls ls=pyvrp iter=1
2026-03-15 16:15:29 | INFO     | Route #114: 564 559 1190 || mode=vb method=sk_kmeans solver=filo2 stage=post_ls ls=pyvrp iter=1
2026-03-15 16:15:29 | INFO     | Route #115: 858 266 523 || mode=vb method=sk_kmeans solver=filo2 stage=post_ls ls=pyvrp iter=1
2026-03-15 16:15:29 | INFO     | Route #116: 1354 1307 594 1136 || mode=vb method=sk_kmeans solver=filo2 stage=post_ls ls=pyvrp iter=1
2026-03-15 16:15:29 | INFO     | Route #117: 822 239 373 || mode=vb method=sk_kmeans solver=filo2 stage=post_ls ls=pyvrp iter=1
2026-03-15 16:15:29 | INFO     | Route #118: 727 1071 913 1120 1315 820 1148 || mode=vb method=sk_kmeans solver=filo2 stage=post_ls ls=pyvrp iter=1
2026-03-15 16:15:29 | INFO     | Route #119: 274 964 600 || mode=vb method=sk_kmeans solver=filo2 stage=post_ls ls=pyvrp iter=1
2026-03-15 16:15:29 | INFO     | Route #120: 349 683 740 || mode=vb method=sk_kmeans solver=filo2 stage=post_ls ls=pyvrp iter=1
2026-03-15 16:15:29 | INFO     | Route #121: 1268 978 473 || mode=vb method=sk_kmeans solver=filo2 stage=post_ls ls=pyvrp iter=1
2026-03-15 16:15:29 | INFO     | Route #122: 202 729 711 || mode=vb method=sk_kmeans solver=filo2 stage=post_ls ls=pyvrp iter=1
2026-03-15 16:15:29 | INFO     | Route #123: 278 777 732 || mode=vb method=sk_kmeans solver=filo2 stage=post_ls ls=pyvrp iter=1
2026-03-15 16:15:29 | INFO     | Route #124: 26 381 755 708 1358 || mode=vb method=sk_kmeans solver=filo2 stage=post_ls ls=pyvrp iter=1
2026-03-15 16:15:29 | INFO     | Route #125: 818 1254 52 || mode=vb method=sk_kmeans solver=filo2 stage=post_ls ls=pyvrp iter=1
2026-03-15 16:15:29 | INFO     | Route #126: 138 934 1063 || mode=vb method=sk_kmeans solver=filo2 stage=post_ls ls=pyvrp iter=1
2026-03-15 16:15:29 | INFO     | Route #127: 368 880 1081 || mode=vb method=sk_kmeans solver=filo2 stage=post_ls ls=pyvrp iter=1
2026-03-15 16:15:29 | INFO     | Route #128: 495 250 1323 || mode=vb method=sk_kmeans solver=filo2 stage=post_ls ls=pyvrp iter=1
2026-03-15 16:15:29 | INFO     | Route #129: 30 876 760 251 || mode=vb method=sk_kmeans solver=filo2 stage=post_ls ls=pyvrp iter=1
2026-03-15 16:15:29 | INFO     | Route #130: 206 479 762 894 322 255 641 1285 1236 1229 70 185 || mode=vb method=sk_kmeans solver=filo2 stage=post_ls ls=pyvrp iter=1
2026-03-15 16:15:29 | INFO     | Route #131: 330 744 775 || mode=scp method=gurobi_mip solver=None stage=scp_post_ls ls=N/A iter=12
2026-03-15 16:15:29 | INFO     | Route #132: 130 145 980 || mode=vb method=sk_kmeans solver=filo2 stage=post_ls ls=pyvrp iter=1
2026-03-15 16:15:29 | INFO     | Route #133: 743 610 100 689 1178 673 1169 1219 || mode=vb method=sk_kmeans solver=filo2 stage=post_ls ls=pyvrp iter=1
2026-03-15 16:15:29 | INFO     | Route #134: 66 1054 425 305 601 || mode=vb method=sk_kmeans solver=filo2 stage=post_ls ls=pyvrp iter=1
2026-03-15 16:15:29 | INFO     | Route #135: 342 1363 1261 1342 || mode=vb method=sk_kmeans solver=filo2 stage=post_ls ls=pyvrp iter=1
2026-03-15 16:15:29 | INFO     | Route #136: 1092 1320 1135 165 || mode=vb method=sk_kmeans solver=filo2 stage=post_ls ls=pyvrp iter=1
2026-03-15 16:15:29 | INFO     | Route #137: 1352 674 803 || mode=vb method=sk_kmeans solver=filo2 stage=post_ls ls=pyvrp iter=1
2026-03-15 16:15:29 | INFO     | Route #138: 419 976 69 959 189 67 156 500 1273 144 || mode=vb method=sk_kmeans solver=filo2 stage=post_ls ls=pyvrp iter=1
2026-03-15 16:15:29 | INFO     | Route #139: 2 699 768 764 151 || mode=vb method=sk_kmeans solver=filo2 stage=post_ls ls=pyvrp iter=1
2026-03-15 16:15:29 | INFO     | Route #140: 1104 1200 440 || mode=vb method=sk_kmeans solver=filo2 stage=post_ls ls=pyvrp iter=1
2026-03-15 16:15:29 | INFO     | Route #141: 1253 1256 331 652 76 || mode=vb method=sk_kmeans solver=filo2 stage=post_ls ls=pyvrp iter=1
2026-03-15 16:15:29 | INFO     | Route #142: 1272 650 817 || mode=vb method=sk_kmeans solver=filo2 stage=post_ls ls=pyvrp iter=1
2026-03-15 16:15:29 | INFO     | Route #143: 208 460 789 292 582 348 944 1035 752 || mode=vb method=sk_kmeans solver=filo2 stage=post_ls ls=pyvrp iter=1
2026-03-15 16:15:29 | INFO     | Route #144: 988 34 1156 || mode=vb method=sk_kmeans solver=filo2 stage=post_ls ls=pyvrp iter=1
2026-03-15 16:15:29 | INFO     | Route #145: 352 951 157 1003 1095 569 637 || mode=vb method=sk_kmeans solver=filo2 stage=post_ls ls=pyvrp iter=1
2026-03-15 16:15:29 | INFO     | Route #146: 953 607 1205 993 || mode=vb method=sk_kmeans solver=filo2 stage=post_ls ls=pyvrp iter=1
2026-03-15 16:15:29 | INFO     | Route #147: 1124 282 372 112 || mode=vb method=sk_kmeans solver=filo2 stage=post_ls ls=pyvrp iter=1
2026-03-15 16:15:29 | INFO     | Route #148: 946 57 1372 240 801 771 259 453 || mode=vb method=sk_kmeans solver=filo2 stage=post_ls ls=pyvrp iter=1
2026-03-15 16:15:29 | INFO     | Route #149: 186 32 1269 956 912 1309 566 977 402 1373 1060 1160 || mode=vb method=sk_kmeans solver=filo2 stage=post_ls ls=pyvrp iter=1
2026-03-15 16:15:29 | INFO     | Route #150: 302 31 106 974 || mode=vb method=sk_kmeans solver=filo2 stage=post_ls ls=pyvrp iter=1
2026-03-15 16:15:29 | INFO     | Route #151: 975 1247 351 227 900 514 252 1332 1327 823 || mode=vb method=sk_kmeans solver=filo2 stage=post_ls ls=pyvrp iter=1
2026-03-15 16:15:29 | INFO     | Route #152: 1159 573 750 17 87 334 249 42 || mode=vb method=sk_kmeans solver=filo2 stage=post_ls ls=pyvrp iter=1
2026-03-15 16:15:29 | INFO     | Route #153: 721 945 1107 60 || mode=vb method=sk_kmeans solver=filo2 stage=post_ls ls=pyvrp iter=1
2026-03-15 16:15:29 | INFO     | Route #154: 588 779 449 || mode=vb method=sk_kmeans solver=filo2 stage=post_ls ls=pyvrp iter=1
2026-03-15 16:15:29 | INFO     | Route #155: 936 1066 392 || mode=vb method=sk_kmeans solver=filo2 stage=post_ls ls=pyvrp iter=1
2026-03-15 16:15:29 | INFO     | Route #156: 666 1328 1360 || mode=vb method=sk_kmeans solver=filo2 stage=post_ls ls=pyvrp iter=1
2026-03-15 16:15:29 | INFO     | Route #157: 776 167 766 535 695 1155 617 477 || mode=vb method=sk_kmeans solver=filo2 stage=post_ls ls=pyvrp iter=1
2026-03-15 16:15:29 | INFO     | Route #158: 75 649 97 838 || mode=vb method=sk_kmeans solver=filo2 stage=post_ls ls=pyvrp iter=1
2026-03-15 16:15:29 | INFO     | Route #159: 1090 286 1287 1221 1212 154 1274 319 1165 261 399 || mode=vb method=sk_kmeans solver=filo2 stage=post_ls ls=pyvrp iter=1
2026-03-15 16:15:29 | INFO     | Route #160: 635 201 115 || mode=vb method=sk_kmeans solver=filo2 stage=post_ls ls=pyvrp iter=1
2026-03-15 16:15:29 | INFO     | Route #161: 577 657 614 816 825 1278 685 337 341 1314 || mode=vb method=sk_kmeans solver=filo2 stage=post_ls ls=pyvrp iter=1
2026-03-15 16:15:29 | INFO     | Route #162: 1183 28 1370 499 || mode=vb method=sk_kmeans solver=filo2 stage=post_ls ls=pyvrp iter=1
2026-03-15 16:15:29 | INFO     | Route #163: 253 815 504 1130 || mode=vb method=sk_kmeans solver=filo2 stage=post_ls ls=pyvrp iter=1
2026-03-15 16:15:29 | INFO     | Route #164: 418 862 773 124 || mode=vb method=sk_kmeans solver=filo2 stage=post_ls ls=pyvrp iter=1
2026-03-15 16:15:29 | INFO     | Route #165: 1270 84 989 371 1312 954 1020 95 397 || mode=vb method=sk_kmeans solver=filo2 stage=post_ls ls=pyvrp iter=1
2026-03-15 16:15:29 | INFO     | Route #166: 378 1096 395 1211 || mode=vb method=sk_kmeans solver=filo2 stage=post_ls ls=pyvrp iter=1
2026-03-15 16:15:29 | INFO     | Route #167: 1193 690 898 1065 18 1294 1241 428 754 638 || mode=vb method=sk_kmeans solver=filo2 stage=post_ls ls=pyvrp iter=1
2026-03-15 16:15:29 | INFO     | Route #168: 29 840 1143 879 1334 375 558 1139 672 1008 1079 || mode=vb method=sk_kmeans solver=filo2 stage=post_ls ls=pyvrp iter=1
2026-03-15 16:15:29 | INFO     | Route #169: 586 969 37 866 || mode=vb method=sk_kmeans solver=filo2 stage=post_ls ls=pyvrp iter=1
2026-03-15 16:15:29 | INFO     | Route #170: 640 1299 36 1150 996 464 1000 722 443 || mode=vb method=sk_kmeans solver=filo2 stage=post_ls ls=pyvrp iter=1
2026-03-15 16:15:29 | INFO     | Route #171: 329 911 260 41 1220 40 819 861 810 || mode=vb method=sk_kmeans solver=filo2 stage=post_ls ls=pyvrp iter=1
2026-03-15 16:15:29 | INFO     | Route #172: 423 931 101 332 417 749 799 1127 1366 540 852 1080 835 || mode=vb method=sk_kmeans solver=filo2 stage=post_ls ls=pyvrp iter=1
2026-03-15 16:15:29 | INFO     | Route #173: 794 182 1371 || mode=vb method=sk_kmeans solver=filo2 stage=post_ls ls=pyvrp iter=1
2026-03-15 16:15:29 | INFO     | Route #174: 68 1321 99 245 526 567 155 1059 || mode=vb method=sk_kmeans solver=filo2 stage=post_ls ls=pyvrp iter=1
2026-03-15 16:15:29 | INFO     | Route #175: 1224 86 668 || mode=vb method=sk_kmeans solver=filo2 stage=post_ls ls=pyvrp iter=1
2026-03-15 16:15:29 | INFO     | Route #176: 451 633 12 || mode=vb method=sk_kmeans solver=filo2 stage=post_ls ls=pyvrp iter=1
2026-03-15 16:15:29 | INFO     | Route #177: 1055 613 549 621 1322 966 883 874 873 1192 726 27 813 || mode=vb method=sk_kmeans solver=filo2 stage=post_ls ls=pyvrp iter=1
2026-03-15 16:15:29 | INFO     | Route #178: 670 1177 303 1093 1115 1196 468 || mode=vb method=sk_kmeans solver=filo2 stage=post_ls ls=pyvrp iter=1
2026-03-15 16:15:29 | INFO     | Route #179: 1005 742 1083 1145 || mode=vb method=sk_kmeans solver=filo2 stage=post_ls ls=pyvrp iter=1
2026-03-15 16:15:29 | INFO     | Route #180: 61 298 979 90 92 360 1009 481 1252 || mode=vb method=sk_kmeans solver=filo2 stage=post_ls ls=pyvrp iter=1
2026-03-15 16:15:29 | INFO     | Route #181: 713 288 917 916 || mode=vb method=sk_kmeans solver=filo2 stage=post_ls ls=pyvrp iter=1
2026-03-15 16:15:29 | INFO     | Route #182: 231 967 1280 770 243 1049 1364 222 || mode=vb method=sk_kmeans solver=filo2 stage=post_ls ls=pyvrp iter=1
2026-03-15 16:15:29 | INFO     | Route #183: 11 1157 43 629 772 908 1275 96 1313 667 164 || mode=vb method=sk_kmeans solver=filo2 stage=post_ls ls=pyvrp iter=1
2026-03-15 16:15:29 | INFO     | Route #184: 1291 133 335 532 697 595 850 868 142 || mode=vb method=sk_kmeans solver=filo2 stage=post_ls ls=pyvrp iter=1
2026-03-15 16:15:29 | INFO     | Route #185: 207 1164 508 570 948 1125 435 736 625 790 232 || mode=vb method=sk_kmeans solver=filo2 stage=post_ls ls=pyvrp iter=1
2026-03-15 16:15:29 | INFO     | Route #186: 463 1239 58 1214 793 1246 1167 491 1201 56 || mode=vb method=sk_kmeans solver=filo2 stage=post_ls ls=pyvrp iter=1
2026-03-15 16:15:29 | INFO     | Route #187: 213 1306 1021 1355 || mode=vb method=sk_kmeans solver=filo2 stage=post_ls ls=pyvrp iter=1
2026-03-15 16:15:29 | INFO     | Route #188: 1163 1346 971 998 885 1158 745 326 219 || mode=vb method=sk_kmeans solver=filo2 stage=post_ls ls=pyvrp iter=1
2026-03-15 16:15:29 | INFO     | Route #189: 1042 452 645 715 1010 970 39 918 140 || mode=vb method=sk_kmeans solver=filo2 stage=post_ls ls=pyvrp iter=1
2026-03-15 16:15:29 | INFO     | Route #190: 1031 555 247 910 720 878 46 343 1072 276 || mode=vb method=sk_kmeans solver=filo2 stage=post_ls ls=pyvrp iter=1
2026-03-15 16:15:29 | INFO     | Route #191: 809 1302 211 1013 515 1050 353 281 1185 860 644 421 1188 347 340 539 55 || mode=vb method=sk_kmeans solver=filo2 stage=post_ls ls=pyvrp iter=1
2026-03-15 16:15:29 | INFO     | Route #192: 318 1195 1146 456 1243 902 538 || mode=vb method=sk_kmeans solver=filo2 stage=post_ls ls=pyvrp iter=1
2026-03-15 16:15:29 | INFO     | Route #193: 1033 581 769 1064 94 195 781 191 || mode=vb method=sk_kmeans solver=filo2 stage=post_ls ls=pyvrp iter=1
2026-03-15 16:15:29 | INFO     | Route #194: 719 1266 627 892 556 909 149 216 || mode=vb method=sk_kmeans solver=filo2 stage=post_ls ls=pyvrp iter=1
2026-03-15 16:15:29 | INFO     | Route #195: 293 406 735 724 123 831 1141 1045 1138 || mode=vb method=sk_kmeans solver=filo2 stage=post_ls ls=pyvrp iter=1
2026-03-15 16:15:29 | INFO     | Route #196: 450 1333 870 597 865 897 256 1228 267 686 420 494 1356 703 || mode=vb method=sk_kmeans solver=filo2 stage=post_ls ls=pyvrp iter=1
2026-03-15 16:15:29 | INFO     | Route #197: 849 807 837 939 1209 1022 952 1303 1133 || mode=vb method=sk_kmeans solver=filo2 stage=post_ls ls=pyvrp iter=1
2026-03-15 16:15:29 | INFO     | Route #198: 438 482 1284 544 126 295 676 890 845 224 1249 129 950 || mode=vb method=sk_kmeans solver=filo2 stage=post_ls ls=pyvrp iter=1
2026-03-15 16:15:29 | INFO     | Route #199: 887 1046 25 665 1343 560 828 937 1122 || mode=vb method=sk_kmeans solver=filo2 stage=post_ls ls=pyvrp iter=1
2026-03-15 16:15:29 | INFO     | Route #200: 1085 1189 158 1282 580 1318 23 528 1098 194 488 || mode=vb method=sk_kmeans solver=filo2 stage=post_ls ls=pyvrp iter=1
2026-03-15 16:15:29 | INFO     | Route #201: 531 561 1137 949 447 59 105 615 1210 1300 995 585 || mode=vb method=sk_kmeans solver=filo2 stage=post_ls ls=pyvrp iter=1
2026-03-15 16:15:29 | INFO     | Route #202: 248 308 272 1319 1121 284 377 1260 707 || mode=vb method=sk_kmeans solver=filo2 stage=post_ls ls=pyvrp iter=1
2026-03-15 16:15:29 | INFO     | Route #203: 134 333 442 393 459 857 148 565 941 || mode=vb method=sk_kmeans solver=filo2 stage=post_ls ls=pyvrp iter=1
2026-03-15 16:15:29 | INFO     | Route #204: 1251 1324 294 671 525 444 1217 || mode=vb method=sk_kmeans solver=filo2 stage=post_ls ls=pyvrp iter=1
2026-03-15 16:15:29 | INFO     | Route #205: 827 568 160 758 746 384 1271 187 606 575 1019 1204 || mode=vb method=sk_kmeans solver=filo2 stage=post_ls ls=pyvrp iter=1
2026-03-15 16:15:29 | INFO     | Route #206: 965 984 656 856 824 1036 1038 631 593 662 98 1225 || mode=vb method=sk_kmeans solver=filo2 stage=post_ls ls=pyvrp iter=1
2026-03-15 16:15:29 | INFO     | Route #207: 407 493 519 475 1053 174 1034 277 229 476 107 611 316 || mode=vb method=sk_kmeans solver=filo2 stage=post_ls ls=pyvrp iter=1
2026-03-15 16:15:29 | INFO     | Route #208: 65 767 147 681 1264 1108 269 153 1166 497 864 930 || mode=vb method=sk_kmeans solver=filo2 stage=post_ls ls=pyvrp iter=1
2026-03-15 16:15:29 | INFO     | Route #209: 1234 498 551 1351 1242 || mode=vb method=sk_kmeans solver=filo2 stage=post_ls ls=pyvrp iter=1
2026-03-15 16:15:29 | INFO     | Route #210: 383 210 300 || mode=rb method=sk_ac_avg solver=pyvrp stage=post_ls ls=pyvrp iter=2
2026-03-15 16:15:29 | INFO     | Route #211: 271 1028 405 || mode=rb method=sk_ac_avg solver=pyvrp stage=post_ls ls=pyvrp iter=2
2026-03-15 16:15:29 | INFO     | Route #212: 152 589 844 || mode=rb method=sk_ac_avg solver=pyvrp stage=post_ls ls=pyvrp iter=2
2026-03-15 16:15:29 | INFO     | Route #213: 1037 778 88 || mode=rb method=sk_ac_avg solver=pyvrp stage=post_ls ls=pyvrp iter=2
2026-03-15 16:15:29 | INFO     | Route #214: 5 1040 986 || mode=rb method=sk_ac_avg solver=pyvrp stage=post_ls ls=pyvrp iter=2
2026-03-15 16:15:29 | INFO     | Route #215: 1202 388 620 || mode=rb method=sk_ac_avg solver=pyvrp stage=post_ls ls=pyvrp iter=2
2026-03-15 16:15:29 | INFO     | Route #216: 1015 757 680 || mode=rb method=sk_ac_avg solver=pyvrp stage=post_ls ls=pyvrp iter=2
2026-03-15 16:15:29 | INFO     | Route #217: 118 1308 1345 || mode=rb method=sk_ac_avg solver=pyvrp stage=post_ls ls=pyvrp iter=2
2026-03-15 16:15:29 | INFO     | Route #218: 1017 304 547 933 || mode=rb method=sk_ac_avg solver=pyvrp stage=post_ls ls=pyvrp iter=2
2026-03-15 16:15:29 | INFO     | Route #219: 478 940 938 || mode=rb method=sk_ac_avg solver=pyvrp stage=post_ls ls=pyvrp iter=2
2026-03-15 16:15:29 | INFO     | Route #220: 905 782 919 787 || mode=scp method=gurobi_mip solver=None stage=scp_post_ls ls=N/A iter=12
2026-03-15 16:15:29 | INFO     | Route #221: 1023 163 958 || mode=rb method=sk_ac_avg solver=pyvrp stage=post_ls ls=pyvrp iter=2
2026-03-15 16:15:29 | INFO     | Route #222: 82 734 367 541 || mode=rb method=sk_ac_avg solver=pyvrp stage=post_ls ls=pyvrp iter=2
2026-03-15 16:15:29 | INFO     | Route #223: 725 537 987 385 || mode=vb method=sk_kmeans solver=pyvrp stage=post_ls ls=pyvrp iter=3
2026-03-15 16:15:29 | INFO     | Route #224: 653 48 109 || mode=vb method=sk_kmeans solver=pyvrp stage=post_ls ls=pyvrp iter=3
2026-03-15 16:15:29 | INFO     | Route #225: 623 214 455 || mode=vb method=sk_kmeans solver=pyvrp stage=post_ls ls=pyvrp iter=3
2026-03-15 16:15:29 | INFO     | Route #226: 1154 643 1329 || mode=vb method=sk_kmeans solver=pyvrp stage=post_ls ls=pyvrp iter=3
2026-03-15 16:15:29 | INFO     | Route #227: 847 1182 1113 356 || mode=vb method=sk_kmeans solver=pyvrp stage=post_ls ls=pyvrp iter=3
2026-03-15 16:15:29 | INFO     | Route #228: 22 501 634 || mode=vb method=sk_kmeans solver=pyvrp stage=post_ls ls=pyvrp iter=3
2026-03-15 16:15:29 | INFO     | Route #229: 1061 200 739 || mode=vb method=sk_kmeans solver=pyvrp stage=post_ls ls=pyvrp iter=3
2026-03-15 16:15:29 | INFO     | Route #230: 1330 469 254 || mode=vb method=sk_kmeans solver=pyvrp stage=post_ls ls=pyvrp iter=3
2026-03-15 16:15:29 | INFO     | Route #231: 791 759 709 || mode=vb method=sk_kmeans solver=pyvrp stage=post_ls ls=pyvrp iter=3
2026-03-15 16:15:29 | INFO     | Route #232: 1026 552 258 891 || mode=vb method=sk_kmeans solver=pyvrp stage=post_ls ls=pyvrp iter=3
2026-03-15 16:15:29 | INFO     | Route #233: 1245 466 49 || mode=rb method=sk_ac_complete solver=pyvrp stage=post_ls ls=pyvrp iter=4
2026-03-15 16:15:29 | INFO     | Route #234: 1007 409 93 || mode=rb method=sk_ac_complete solver=pyvrp stage=post_ls ls=pyvrp iter=4
2026-03-15 16:15:29 | INFO     | Route #235: 320 981 238 || mode=rb method=sk_ac_complete solver=pyvrp stage=post_ls ls=pyvrp iter=4
2026-03-15 16:15:29 | INFO     | Route #236: 1106 698 122 || mode=rb method=sk_ac_complete solver=pyvrp stage=post_ls ls=pyvrp iter=4
2026-03-15 16:15:29 | INFO     | Route #237: 747 317 114 || mode=rb method=sk_ac_complete solver=pyvrp stage=post_ls ls=pyvrp iter=4
2026-03-15 16:15:29 | INFO     | Route #238: 289 1259 313 || mode=rb method=sk_ac_complete solver=pyvrp stage=post_ls ls=pyvrp iter=4
2026-03-15 16:15:29 | INFO     | Route #239: 35 439 199 || mode=rb method=sk_ac_complete solver=pyvrp stage=post_ls ls=pyvrp iter=4
2026-03-15 16:15:29 | INFO     | Route #240: 471 1179 410 || mode=rb method=sk_ac_complete solver=pyvrp stage=post_ls ls=pyvrp iter=4
2026-03-15 16:15:29 | INFO     | Route #241: 701 563 925 || mode=rb method=sk_ac_complete solver=pyvrp stage=post_ls ls=pyvrp iter=4
2026-03-15 16:15:29 | INFO     | Route #242: 543 518 1232 || mode=rb method=sk_ac_complete solver=pyvrp stage=post_ls ls=pyvrp iter=4
2026-03-15 16:15:29 | INFO     | Route #243: 132 467 1004 || mode=vb method=k_medoids_pyclustering solver=filo1 stage=post_ls ls=pyvrp iter=5
2026-03-15 16:15:29 | INFO     | Route #244: 562 339 797 || mode=vb method=k_medoids_pyclustering solver=filo1 stage=post_ls ls=pyvrp iter=5
2026-03-15 16:15:29 | INFO     | Route #245: 1073 616 380 || mode=vb method=k_medoids_pyclustering solver=filo1 stage=post_ls ls=pyvrp iter=5
2026-03-15 16:15:29 | INFO     | Route #246: 618 1276 1123 || mode=vb method=k_medoids_pyclustering solver=filo1 stage=post_ls ls=pyvrp iter=5
2026-03-15 16:15:29 | INFO     | Route #247: 179 854 408 || mode=vb method=k_medoids_pyclustering solver=filo1 stage=post_ls ls=pyvrp iter=5
2026-03-15 16:15:29 | INFO     | Route #248: 173 800 203 || mode=vb method=k_medoids_pyclustering solver=filo1 stage=post_ls ls=pyvrp iter=5
2026-03-15 16:15:29 | INFO     | Route #249: 1039 1175 1293 || mode=vb method=k_medoids_pyclustering solver=filo1 stage=post_ls ls=pyvrp iter=5
2026-03-15 16:15:29 | INFO     | Route #250: 596 702 1277 || mode=vb method=k_medoids_pyclustering solver=filo1 stage=post_ls ls=pyvrp iter=5
2026-03-15 16:15:29 | INFO     | Route #251: 345 387 1237 || mode=scp method=gurobi_mip solver=None stage=scp_post_ls ls=N/A iter=12
2026-03-15 16:15:29 | INFO     | Route #252: 188 572 1267 1288 || mode=vb method=k_medoids_pyclustering solver=filo1 stage=post_ls ls=pyvrp iter=5
2026-03-15 16:15:29 | INFO     | Route #253: 1117 718 1283 || mode=vb method=k_medoids_pyclustering solver=filo1 stage=post_ls ls=pyvrp iter=5
2026-03-15 16:15:29 | INFO     | Route #254: 73 997 895 1335 || mode=vb method=k_medoids_pyclustering solver=filo1 stage=post_ls ls=pyvrp iter=5
2026-03-15 16:15:29 | INFO     | Route #255: 389 85 693 || mode=vb method=k_medoids_pyclustering solver=filo1 stage=post_ls ls=pyvrp iter=5
2026-03-15 16:15:29 | INFO     | Route #256: 926 496 513 || mode=vb method=k_medoids_pyclustering solver=filo1 stage=post_ls ls=pyvrp iter=5
2026-03-15 16:15:29 | INFO     | Route #257: 1129 237 871 297 || mode=vb method=k_medoids_pyclustering solver=filo1 stage=post_ls ls=pyvrp iter=5
2026-03-15 16:15:29 | INFO     | Route #258: 242 1149 1087 || mode=rb method=sk_kmeans solver=filo1 stage=post_ls ls=pyvrp iter=6
2026-03-15 16:15:29 | INFO     | Route #259: 6 1369 1250 || mode=rb method=sk_kmeans solver=filo1 stage=post_ls ls=pyvrp iter=6
2026-03-15 16:15:29 | INFO     | Route #260: 636 1025 1231 || mode=rb method=sk_kmeans solver=filo1 stage=post_ls ls=pyvrp iter=6
2026-03-15 16:15:29 | INFO     | Route #261: 218 808 714 || mode=rb method=sk_kmeans solver=filo1 stage=post_ls ls=pyvrp iter=6
2026-03-15 16:15:29 | INFO     | Route #262: 700 534 712 839 || mode=rb method=sk_kmeans solver=filo1 stage=post_ls ls=pyvrp iter=6
2026-03-15 16:15:29 | INFO     | Route #263: 899 221 270 || mode=vb method=k_medoids_pyclustering solver=filo1 stage=post_ls ls=pyvrp iter=7
2026-03-15 16:15:29 | INFO     | Route #264: 630 458 1298 1344 || mode=vb method=k_medoids_pyclustering solver=filo1 stage=post_ls ls=pyvrp iter=7
2026-03-15 16:15:29 | INFO     | Route #265: 1162 962 1089 || mode=vb method=k_medoids_pyclustering solver=filo1 stage=post_ls ls=pyvrp iter=7
2026-03-15 16:15:29 | INFO     | Route #266: 328 143 884 983 || mode=vb method=k_medoids_pyclustering solver=filo1 stage=post_ls ls=pyvrp iter=7
2026-03-15 16:15:29 | INFO     | Route #267: 1235 1011 507 || mode=vb method=k_medoids_pyclustering solver=filo1 stage=post_ls ls=pyvrp iter=7
2026-03-15 16:15:29 | INFO     | Route #268: 234 461 511 || mode=vb method=sk_ac_complete solver=pyvrp stage=post_ls ls=pyvrp iter=8
2026-03-15 16:15:29 | INFO     | Route #269: 1348 127 338 364 || mode=vb method=sk_ac_complete solver=pyvrp stage=post_ls ls=pyvrp iter=8
2026-03-15 16:15:29 | INFO     | Route #270: 587 957 324 557 || mode=vb method=sk_ac_complete solver=pyvrp stage=post_ls ls=pyvrp iter=8
2026-03-15 16:15:29 | INFO     | Route #271: 622 137 1070 1233 || mode=rb method=sk_ac_avg solver=pyvrp stage=post_ls ls=pyvrp iter=9
2026-03-15 16:15:29 | INFO     | Route #272: 161 19 205 1012 441 678 530 788 834 542 1265 223 || mode=rb method=sk_ac_avg solver=pyvrp stage=post_ls ls=pyvrp iter=9
2026-03-15 16:15:29 | INFO     | Route #273: 1171 181 233 826 599 445 679 1 1140 141 376 || mode=rb method=sk_ac_avg solver=pyvrp stage=post_ls ls=pyvrp iter=9
2026-03-15 16:15:29 | INFO     | Route #274: 1353 716 935 226 1147 642 1116 198 576 || mode=rb method=sk_ac_avg solver=pyvrp stage=post_ls ls=pyvrp iter=9
2026-03-15 16:15:29 | INFO     | Route #275: 47 146 430 413 1030 296 1191 982 3 1142 474 108 || mode=rb method=sk_ac_avg solver=pyvrp stage=post_ls ls=pyvrp iter=9
2026-03-15 16:15:29 | INFO     | Route #276: 889 391 738 104 829 178 1357 1226 448 || mode=rb method=sk_ac_avg solver=pyvrp stage=post_ls ls=pyvrp iter=9
2026-03-15 16:15:29 | INFO     | Route #277: 264 896 1110 196 || mode=scp method=gurobi_mip solver=None stage=scp_post_ls ls=N/A iter=9
2026-03-15 16:15:29 | INFO     | Route #278: 386 1186 1086 || mode=vb method=k_medoids_pyclustering solver=filo2 stage=post_ls ls=pyvrp iter=10
2026-03-15 16:15:29 | INFO     | Route #279: 1082 111 922 || mode=vb method=k_medoids_pyclustering solver=filo2 stage=post_ls ls=pyvrp iter=10
2026-03-15 16:15:29 | INFO     | Route #280: 1174 1340 359 || mode=vb method=k_medoids_pyclustering solver=filo2 stage=post_ls ls=pyvrp iter=10
2026-03-15 16:15:29 | INFO     | Route #281: 204 502 915 291 812 || mode=vb method=k_medoids_pyclustering solver=filo2 stage=post_ls ls=pyvrp iter=10
2026-03-15 16:15:29 | INFO     | Route #282: 765 370 175 || mode=vb method=k_medoids_pyclustering solver=filo2 stage=post_ls ls=pyvrp iter=10
2026-03-15 16:15:29 | INFO     | Route #283: 943 603 814 1119 || mode=scp method=gurobi_mip solver=None stage=scp_post_ls ls=N/A iter=12
2026-03-15 16:15:29 | INFO     | 
2026-03-15 16:15:29 | INFO     | [BEST SOLUTION ROUTE SUMMARY]
2026-03-15 16:15:29 | INFO     | --------------------------------------------------------------------------------
2026-03-15 16:15:29 | INFO     |  207 routes | VB    | sk_kmeans       | solver=filo2      | stage=post_ls | ls=pyvrp
2026-03-15 16:15:29 | INFO     |   19 routes | VB    | k_medoids_pyclustering | solver=filo1      | stage=post_ls | ls=pyvrp
2026-03-15 16:15:29 | INFO     |   18 routes | RB    | sk_ac_avg       | solver=pyvrp      | stage=post_ls | ls=pyvrp
2026-03-15 16:15:29 | INFO     |   10 routes | RB    | sk_ac_complete  | solver=pyvrp      | stage=post_ls | ls=pyvrp
2026-03-15 16:15:29 | INFO     |   10 routes | VB    | sk_kmeans       | solver=pyvrp      | stage=post_ls | ls=pyvrp
2026-03-15 16:15:29 | INFO     |    6 routes | SCP   | gurobi_mip      | solver=UNKNOWN    | stage=scp_post_ls | ls=N/A
2026-03-15 16:15:29 | INFO     |    5 routes | RB    | sk_kmeans       | solver=filo1      | stage=post_ls | ls=pyvrp
2026-03-15 16:15:29 | INFO     |    5 routes | VB    | k_medoids_pyclustering | solver=filo2      | stage=post_ls | ls=pyvrp
2026-03-15 16:15:29 | INFO     |    3 routes | VB    | sk_ac_complete  | solver=pyvrp      | stage=post_ls | ls=pyvrp
2026-03-15 16:15:29 | INFO     | 
2026-03-15 16:15:29 | INFO     | [ROUTE POOL SUMMARY]
2026-03-15 16:15:29 | INFO     |   387 routes | VB | sk_kmeans | solver=pyvrp | stage=post_ls | ls=pyvrp
2026-03-15 16:15:29 | INFO     |   376 routes | RB | sk_ac_avg | solver=pyvrp | stage=post_ls | ls=pyvrp
2026-03-15 16:15:29 | INFO     |   358 routes | RB | sk_kmeans | solver=pyvrp | stage=post_ls | ls=pyvrp
2026-03-15 16:15:29 | INFO     |   351 routes | VB | k_medoids_pyclustering | solver=filo1 | stage=post_ls | ls=pyvrp
2026-03-15 16:15:29 | INFO     |   284 routes | VB | sk_kmeans | solver=filo2 | stage=post_ls | ls=pyvrp
2026-03-15 16:15:29 | INFO     |   188 routes | VB | sk_ac_min | solver=pyvrp | stage=post_ls | ls=pyvrp
2026-03-15 16:15:29 | INFO     |   180 routes | VB | sk_ac_complete | solver=pyvrp | stage=post_ls | ls=pyvrp
2026-03-15 16:15:29 | INFO     |   170 routes | RB | sk_ac_complete | solver=pyvrp | stage=post_ls | ls=pyvrp
2026-03-15 16:15:29 | INFO     |   129 routes | RB | sk_kmeans | solver=filo1 | stage=post_ls | ls=pyvrp
2026-03-15 16:15:29 | INFO     |   126 routes | VB | sk_ac_complete | solver=filo2 | stage=post_ls | ls=pyvrp
2026-03-15 16:15:29 | INFO     |   116 routes | VB | k_medoids_pyclustering | solver=filo2 | stage=post_ls | ls=pyvrp
2026-03-15 16:15:29 | INFO     |    10 routes | SCP | gurobi_mip | solver=UNKNOWN | stage=scp_post_ls | ls=N/A
2026-03-15 16:15:29 | INFO     | [XL-n1374-k278 IMPROVED-SCP] best_cost=234068 | Gap: 0.4842%
2026-03-15 16:15:29 | INFO     | [XL-n1374-k278 ITERATION-TIMES 15] cluster=17.304s routing=272.845s ls=35.199s scp=6658.138s total=6983.497s
2026-03-15 16:15:29 | INFO     | [XL-n1374-k278 ITERATION 16] mode=RB method=sk_ac_min k=4 solver=filo2 ls=pyvrp
2026-03-15 16:15:29 | INFO     | [XL-n1374-k278 CLUSTER] method=sk_ac_min k=4 | sizes=[1238, 105, 19, 11] | min=11 max=1238 avg=343.2
2026-03-15 16:15:29 | INFO     | [XL-n1374-k278 ROUTING] Solving clusters with filo2
2026-03-15 16:22:05 | INFO     | [XL-n1374-k278 NO-IMPROVEMENT] best_cost=234068 | streak=1 | Gap: 0.4842%
2026-03-15 16:22:05 | INFO     | [XL-n1374-k278 ITERATION-TIMES 16] cluster=0.021s routing=388.485s ls=7.113s total=395.639s
2026-03-15 16:22:05 | INFO     | [XL-n1374-k278 ITERATION 17] mode=VB method=sk_ac_min k=5 solver=filo2 ls=pyvrp
2026-03-15 16:22:12 | INFO     | [XL-n1374-k278 CLUSTER] method=sk_ac_min k=5 | sizes=[1366, 4, 1, 1, 1] | min=1 max=1366 avg=274.6
2026-03-15 16:22:12 | INFO     | [XL-n1374-k278 ROUTING] Solving clusters with filo2
2026-03-15 16:31:52 | INFO     | [XL-n1374-k278 NO-IMPROVEMENT] best_cost=234068 | streak=2 | Gap: 0.4842%
2026-03-15 16:31:52 | INFO     | [XL-n1374-k278 ITERATION-TIMES 17] cluster=7.156s routing=567.015s ls=12.926s total=587.179s
2026-03-15 16:31:52 | INFO     | [XL-n1374-k278 ITERATION 18] mode=VB method=sk_ac_avg k=3 solver=filo1 ls=pyvrp
2026-03-15 16:32:07 | INFO     | [XL-n1374-k278 CLUSTER] method=sk_ac_avg k=3 | sizes=[523, 499, 351] | min=351 max=523 avg=457.7
2026-03-15 16:32:07 | INFO     | [XL-n1374-k278 ROUTING] Solving clusters with filo1
2026-03-15 16:45:05 | INFO     | [XL-n1374-k278 SCP] pruning_mode=diversity
2026-03-15 16:45:05 | INFO     | [XL-n1374-k278 SCP] solver=gurobi_mip | route_pool=2963
2026-03-15 19:31:46 | WARNING  | [XL-n1374-k278 SCP] not optimal (status=9)
2026-03-15 19:32:03 | INFO     | 
2026-03-15 19:32:03 | INFO     | ================================================================================
2026-03-15 19:32:03 | INFO     | [XL-n1374-k278] PERIODIC SNAPSHOT SNAPSHOT_003
2026-03-15 19:32:03 | INFO     | ================================================================================
2026-03-15 19:32:03 | INFO     | Route #1: 1311 654 1317 426 || mode=vb method=sk_kmeans solver=filo2 stage=post_ls ls=pyvrp iter=1
2026-03-15 19:32:03 | INFO     | Route #2: 753 571 480 || mode=vb method=sk_kmeans solver=filo2 stage=post_ls ls=pyvrp iter=1
2026-03-15 19:32:03 | INFO     | Route #3: 994 663 1367 || mode=vb method=sk_kmeans solver=filo2 stage=post_ls ls=pyvrp iter=1
2026-03-15 19:32:03 | INFO     | Route #4: 1172 301 1074 || mode=vb method=sk_kmeans solver=filo2 stage=post_ls ls=pyvrp iter=1
2026-03-15 19:32:03 | INFO     | Route #5: 358 751 1128 || mode=vb method=sk_kmeans solver=filo2 stage=post_ls ls=pyvrp iter=1
2026-03-15 19:32:03 | INFO     | Route #6: 804 626 737 || mode=vb method=sk_kmeans solver=filo2 stage=post_ls ls=pyvrp iter=1
2026-03-15 19:32:03 | INFO     | Route #7: 455 6 1369 || mode=vb method=sk_kmeans solver=filo2 stage=post_ls ls=pyvrp iter=1
2026-03-15 19:32:03 | INFO     | Route #8: 1103 914 1262 || mode=vb method=sk_kmeans solver=filo2 stage=post_ls ls=pyvrp iter=1
2026-03-15 19:32:03 | INFO     | Route #9: 522 492 510 1002 || mode=vb method=sk_kmeans solver=filo2 stage=post_ls ls=pyvrp iter=1
2026-03-15 19:32:03 | INFO     | Route #10: 273 1350 403 521 || mode=vb method=sk_kmeans solver=filo2 stage=post_ls ls=pyvrp iter=1
2026-03-15 19:32:03 | INFO     | Route #11: 64 396 805 || mode=vb method=sk_kmeans solver=filo2 stage=post_ls ls=pyvrp iter=1
2026-03-15 19:32:03 | INFO     | Route #12: 677 183 608 || mode=vb method=sk_kmeans solver=filo2 stage=post_ls ls=pyvrp iter=1
2026-03-15 19:32:03 | INFO     | Route #13: 688 1216 906 || mode=vb method=sk_kmeans solver=filo2 stage=post_ls ls=pyvrp iter=1
2026-03-15 19:32:03 | INFO     | Route #14: 21 62 1114 || mode=vb method=sk_kmeans solver=filo2 stage=post_ls ls=pyvrp iter=1
2026-03-15 19:32:03 | INFO     | Route #15: 963 1289 433 || mode=vb method=sk_kmeans solver=filo2 stage=post_ls ls=pyvrp iter=1
2026-03-15 19:32:03 | INFO     | Route #16: 74 472 1069 || mode=vb method=sk_kmeans solver=filo2 stage=post_ls ls=pyvrp iter=1
2026-03-15 19:32:03 | INFO     | Route #17: 783 578 859 || mode=vb method=sk_kmeans solver=filo2 stage=post_ls ls=pyvrp iter=1
2026-03-15 19:32:03 | INFO     | Route #18: 465 710 412 || mode=vb method=sk_kmeans solver=filo2 stage=post_ls ls=pyvrp iter=1
2026-03-15 19:32:03 | INFO     | Route #19: 120 591 546 || mode=vb method=sk_kmeans solver=filo2 stage=post_ls ls=pyvrp iter=1
2026-03-15 19:32:03 | INFO     | Route #20: 1051 836 401 || mode=vb method=sk_kmeans solver=filo2 stage=post_ls ls=pyvrp iter=1
2026-03-15 19:32:03 | INFO     | Route #21: 63 1194 490 || mode=vb method=sk_kmeans solver=filo2 stage=post_ls ls=pyvrp iter=1
2026-03-15 19:32:03 | INFO     | Route #22: 899 143 1344 884 || mode=vb method=sk_kmeans solver=filo2 stage=post_ls ls=pyvrp iter=1
2026-03-15 19:32:03 | INFO     | Route #23: 972 166 1091 927 325 1043 1077 || mode=vb method=sk_kmeans solver=filo2 stage=post_ls ls=pyvrp iter=1
2026-03-15 19:32:03 | INFO     | Route #24: 1144 110 1244 || mode=vb method=sk_kmeans solver=filo2 stage=post_ls ls=pyvrp iter=1
2026-03-15 19:32:03 | INFO     | Route #25: 602 985 730 || mode=vb method=sk_kmeans solver=filo2 stage=post_ls ls=pyvrp iter=1
2026-03-15 19:32:03 | INFO     | Route #26: 1075 1349 661 || mode=vb method=sk_kmeans solver=filo2 stage=post_ls ls=pyvrp iter=1
2026-03-15 19:32:03 | INFO     | Route #27: 321 1101 1362 || mode=vb method=sk_kmeans solver=filo2 stage=post_ls ls=pyvrp iter=1
2026-03-15 19:32:03 | INFO     | Route #28: 1292 723 285 || mode=vb method=sk_kmeans solver=filo2 stage=post_ls ls=pyvrp iter=1
2026-03-15 19:32:03 | INFO     | Route #29: 53 1018 431 || mode=vb method=sk_kmeans solver=filo2 stage=post_ls ls=pyvrp iter=1
2026-03-15 19:32:03 | INFO     | Route #30: 841 1041 932 || mode=vb method=sk_kmeans solver=filo2 stage=post_ls ls=pyvrp iter=1
2026-03-15 19:32:03 | INFO     | Route #31: 646 236 263 || mode=vb method=sk_kmeans solver=filo2 stage=post_ls ls=pyvrp iter=1
2026-03-15 19:32:03 | INFO     | Route #32: 176 833 628 || mode=vb method=sk_kmeans solver=filo2 stage=post_ls ls=pyvrp iter=1
2026-03-15 19:32:03 | INFO     | Route #33: 1310 821 80 || mode=vb method=sk_kmeans solver=filo2 stage=post_ls ls=pyvrp iter=1
2026-03-15 19:32:03 | INFO     | Route #34: 220 651 1197 357 || mode=vb method=sk_kmeans solver=filo2 stage=post_ls ls=pyvrp iter=1
2026-03-15 19:32:03 | INFO     | Route #35: 235 16 1109 1161 215 168 612 || mode=vb method=sk_kmeans solver=filo2 stage=post_ls ls=pyvrp iter=1
2026-03-15 19:32:03 | INFO     | Route #36: 4 1304 991 119 || mode=vb method=sk_kmeans solver=filo2 stage=post_ls ls=pyvrp iter=1
2026-03-15 19:32:03 | INFO     | Route #37: 411 1024 470 || mode=vb method=sk_kmeans solver=filo2 stage=post_ls ls=pyvrp iter=1
2026-03-15 19:32:03 | INFO     | Route #38: 1094 454 785 || mode=vb method=sk_kmeans solver=filo2 stage=post_ls ls=pyvrp iter=1
2026-03-15 19:32:03 | INFO     | Route #39: 867 961 992 1006 || mode=vb method=sk_kmeans solver=filo2 stage=post_ls ls=pyvrp iter=1
2026-03-15 19:32:03 | INFO     | Route #40: 314 731 1258 || mode=vb method=sk_kmeans solver=filo2 stage=post_ls ls=pyvrp iter=1
2026-03-15 19:32:03 | INFO     | Route #41: 853 382 624 || mode=vb method=sk_kmeans solver=filo2 stage=post_ls ls=pyvrp iter=1
2026-03-15 19:32:03 | INFO     | Route #42: 1208 9 1131 || mode=vb method=sk_kmeans solver=filo2 stage=post_ls ls=pyvrp iter=1
2026-03-15 19:32:03 | INFO     | Route #43: 584 999 830 || mode=vb method=sk_kmeans solver=filo2 stage=post_ls ls=pyvrp iter=1
2026-03-15 19:32:03 | INFO     | Route #44: 102 907 590 || mode=vb method=sk_kmeans solver=filo2 stage=post_ls ls=pyvrp iter=1
2026-03-15 19:32:03 | INFO     | Route #45: 390 323 806 354 968 || mode=vb method=sk_kmeans solver=filo2 stage=post_ls ls=pyvrp iter=1
2026-03-15 19:32:03 | INFO     | Route #46: 1112 527 579 336 || mode=vb method=sk_kmeans solver=filo2 stage=post_ls ls=pyvrp iter=1
2026-03-15 19:32:03 | INFO     | Route #47: 923 81 217 || mode=vb method=sk_kmeans solver=filo2 stage=post_ls ls=pyvrp iter=1
2026-03-15 19:32:03 | INFO     | Route #48: 366 1347 190 159 || mode=vb method=sk_kmeans solver=filo2 stage=post_ls ls=pyvrp iter=1
2026-03-15 19:32:03 | INFO     | Route #49: 170 728 1062 || mode=vb method=sk_kmeans solver=filo2 stage=post_ls ls=pyvrp iter=1
2026-03-15 19:32:03 | INFO     | Route #50: 113 77 434 533 1199 486 394 1048 851 || mode=vb method=sk_kmeans solver=filo2 stage=post_ls ls=pyvrp iter=1
2026-03-15 19:32:03 | INFO     | Route #51: 554 888 1326 1238 || mode=vb method=sk_kmeans solver=filo2 stage=post_ls ls=pyvrp iter=1
2026-03-15 19:32:03 | INFO     | Route #52: 1301 682 832 1359 || mode=vb method=sk_kmeans solver=filo2 stage=post_ls ls=pyvrp iter=1
2026-03-15 19:32:03 | INFO     | Route #53: 706 1001 1263 || mode=vb method=sk_kmeans solver=filo2 stage=post_ls ls=pyvrp iter=1
2026-03-15 19:32:03 | INFO     | Route #54: 1078 658 424 1176 || mode=vb method=sk_kmeans solver=filo2 stage=post_ls ls=pyvrp iter=1
2026-03-15 19:32:03 | INFO     | Route #55: 1338 1257 241 || mode=vb method=sk_kmeans solver=filo2 stage=post_ls ls=pyvrp iter=1
2026-03-15 19:32:03 | INFO     | Route #56: 1097 485 290 || mode=vb method=sk_kmeans solver=filo2 stage=post_ls ls=pyvrp iter=1
2026-03-15 19:32:03 | INFO     | Route #57: 786 50 1058 || mode=vb method=sk_kmeans solver=filo2 stage=post_ls ls=pyvrp iter=1
2026-03-15 19:32:03 | INFO     | Route #58: 536 687 846 || mode=vb method=sk_kmeans solver=filo2 stage=post_ls ls=pyvrp iter=1
2026-03-15 19:32:03 | INFO     | Route #59: 1368 921 1255 || mode=vb method=sk_kmeans solver=filo2 stage=post_ls ls=pyvrp iter=1
2026-03-15 19:32:03 | INFO     | Route #60: 279 327 177 117 516 545 91 1181 780 || mode=vb method=sk_kmeans solver=filo2 stage=post_ls ls=pyvrp iter=1
2026-03-15 19:32:03 | INFO     | Route #61: 230 275 1295 || mode=vb method=sk_kmeans solver=filo2 stage=post_ls ls=pyvrp iter=1
2026-03-15 19:32:03 | INFO     | Route #62: 355 1067 509 || mode=vb method=sk_kmeans solver=filo2 stage=post_ls ls=pyvrp iter=1
2026-03-15 19:32:03 | INFO     | Route #63: 1056 660 416 || mode=vb method=sk_kmeans solver=filo2 stage=post_ls ls=pyvrp iter=1
2026-03-15 19:32:03 | INFO     | Route #64: 307 398 1153 717 || mode=vb method=sk_kmeans solver=filo2 stage=post_ls ls=pyvrp iter=1
2026-03-15 19:32:03 | INFO     | Route #65: 583 659 10 || mode=vb method=sk_kmeans solver=filo2 stage=post_ls ls=pyvrp iter=1
2026-03-15 19:32:03 | INFO     | Route #66: 1184 942 103 || mode=vb method=sk_kmeans solver=filo2 stage=post_ls ls=pyvrp iter=1
2026-03-15 19:32:03 | INFO     | Route #67: 875 798 704 || mode=vb method=sk_kmeans solver=filo2 stage=post_ls ls=pyvrp iter=1
2026-03-15 19:32:03 | INFO     | Route #68: 20 684 1170 || mode=vb method=sk_kmeans solver=filo2 stage=post_ls ls=pyvrp iter=1
2026-03-15 19:32:03 | INFO     | Route #69: 410 35 518 || mode=vb method=sk_kmeans solver=filo2 stage=post_ls ls=pyvrp iter=1
2026-03-15 19:32:03 | INFO     | Route #70: 1365 374 675 843 || mode=vb method=sk_kmeans solver=filo2 stage=post_ls ls=pyvrp iter=1
2026-03-15 19:32:03 | INFO     | Route #71: 83 1230 33 || mode=vb method=sk_kmeans solver=filo2 stage=post_ls ls=pyvrp iter=1
2026-03-15 19:32:03 | INFO     | Route #72: 761 1111 1029 || mode=vb method=sk_kmeans solver=filo2 stage=post_ls ls=pyvrp iter=1
2026-03-15 19:32:03 | INFO     | Route #73: 171 1057 893 || mode=vb method=sk_kmeans solver=filo2 stage=post_ls ls=pyvrp iter=1
2026-03-15 19:32:03 | INFO     | Route #74: 1331 38 1100 639 || mode=vb method=sk_kmeans solver=filo2 stage=post_ls ls=pyvrp iter=1
2026-03-15 19:32:03 | INFO     | Route #75: 135 1290 8 || mode=vb method=sk_kmeans solver=filo2 stage=post_ls ls=pyvrp iter=1
2026-03-15 19:32:03 | INFO     | Route #76: 756 960 422 1305 524 1016 193 733 || mode=vb method=sk_kmeans solver=filo2 stage=post_ls ls=pyvrp iter=1
2026-03-15 19:32:03 | INFO     | Route #77: 512 872 197 54 437 || mode=vb method=sk_kmeans solver=filo2 stage=post_ls ls=pyvrp iter=1
2026-03-15 19:32:03 | INFO     | Route #78: 1218 1248 1126 || mode=vb method=sk_kmeans solver=filo2 stage=post_ls ls=pyvrp iter=1
2026-03-15 19:32:03 | INFO     | Route #79: 933 22 501 || mode=vb method=sk_kmeans solver=filo2 stage=post_ls ls=pyvrp iter=1
2026-03-15 19:32:03 | INFO     | Route #80: 121 268 1076 1044 || mode=vb method=sk_kmeans solver=filo2 stage=post_ls ls=pyvrp iter=1
2026-03-15 19:32:03 | INFO     | Route #81: 14 361 487 855 212 244 1180 520 || mode=vb method=sk_kmeans solver=filo2 stage=post_ls ls=pyvrp iter=1
2026-03-15 19:32:03 | INFO     | Route #82: 15 150 125 || mode=vb method=sk_kmeans solver=filo2 stage=post_ls ls=pyvrp iter=1
2026-03-15 19:32:03 | INFO     | Route #83: 45 1173 503 || mode=vb method=sk_kmeans solver=filo2 stage=post_ls ls=pyvrp iter=1
2026-03-15 19:32:03 | INFO     | Route #84: 1105 72 400 || mode=vb method=sk_kmeans solver=filo2 stage=post_ls ls=pyvrp iter=1
2026-03-15 19:32:03 | INFO     | Route #85: 429 774 446 || mode=vb method=sk_kmeans solver=filo2 stage=post_ls ls=pyvrp iter=1
2026-03-15 19:32:03 | INFO     | Route #86: 225 346 257 || mode=vb method=sk_kmeans solver=filo2 stage=post_ls ls=pyvrp iter=1
2026-03-15 19:32:03 | INFO     | Route #87: 886 1297 78 || mode=vb method=sk_kmeans solver=filo2 stage=post_ls ls=pyvrp iter=1
2026-03-15 19:32:03 | INFO     | Route #88: 929 312 131 || mode=vb method=sk_kmeans solver=filo2 stage=post_ls ls=pyvrp iter=1
2026-03-15 19:32:03 | INFO     | Route #89: 462 904 574 763 457 901 1027 309 || mode=vb method=sk_kmeans solver=filo2 stage=post_ls ls=pyvrp iter=1
2026-03-15 19:32:03 | INFO     | Route #90: 973 71 920 || mode=vb method=sk_kmeans solver=filo2 stage=post_ls ls=pyvrp iter=1
2026-03-15 19:32:03 | INFO     | Route #91: 299 604 1088 1316 903 436 306 955 696 || mode=vb method=sk_kmeans solver=filo2 stage=post_ls ls=pyvrp iter=1
2026-03-15 19:32:03 | INFO     | Route #92: 632 79 344 598 || mode=vb method=sk_kmeans solver=filo2 stage=post_ls ls=pyvrp iter=1
2026-03-15 19:32:03 | INFO     | Route #93: 13 1084 427 784 287 369 1223 1361 1222 || mode=vb method=sk_kmeans solver=filo2 stage=post_ls ls=pyvrp iter=1
2026-03-15 19:32:03 | INFO     | Route #94: 1336 1152 1032 || mode=vb method=sk_kmeans solver=filo2 stage=post_ls ls=pyvrp iter=1
2026-03-15 19:32:03 | INFO     | Route #95: 694 1240 842 928 || mode=vb method=sk_kmeans solver=filo2 stage=post_ls ls=pyvrp iter=1
2026-03-15 19:32:03 | INFO     | Route #96: 796 1296 609 505 748 51 || mode=vb method=sk_kmeans solver=filo2 stage=post_ls ls=pyvrp iter=1
2026-03-15 19:32:03 | INFO     | Route #97: 1068 705 1286 1339 924 || mode=vb method=sk_kmeans solver=filo2 stage=post_ls ls=pyvrp iter=1
2026-03-15 19:32:03 | INFO     | Route #98: 605 283 648 655 506 44 || mode=vb method=sk_kmeans solver=filo2 stage=post_ls ls=pyvrp iter=1
2026-03-15 19:32:03 | INFO     | Route #99: 619 1227 404 1279 || mode=vb method=sk_kmeans solver=filo2 stage=post_ls ls=pyvrp iter=1
2026-03-15 19:32:03 | INFO     | Route #100: 1052 184 484 136 363 664 489 265 553 || mode=vb method=sk_kmeans solver=filo2 stage=post_ls ls=pyvrp iter=1
2026-03-15 19:32:03 | INFO     | Route #101: 1168 1134 550 1014 || mode=vb method=sk_kmeans solver=filo2 stage=post_ls ls=pyvrp iter=1
2026-03-15 19:32:03 | INFO     | Route #102: 128 877 1206 311 811 246 89 848 || mode=vb method=sk_kmeans solver=filo2 stage=post_ls ls=pyvrp iter=1
2026-03-15 19:32:03 | INFO     | Route #103: 116 209 1047 || mode=vb method=sk_kmeans solver=filo2 stage=post_ls ls=pyvrp iter=1
2026-03-15 19:32:03 | INFO     | Route #104: 414 1102 795 139 432 1198 669 881 350 863 || mode=vb method=sk_kmeans solver=filo2 stage=post_ls ls=pyvrp iter=1
2026-03-15 19:32:03 | INFO     | Route #105: 564 559 1190 || mode=vb method=sk_kmeans solver=filo2 stage=post_ls ls=pyvrp iter=1
2026-03-15 19:32:03 | INFO     | Route #106: 858 266 523 || mode=vb method=sk_kmeans solver=filo2 stage=post_ls ls=pyvrp iter=1
2026-03-15 19:32:03 | INFO     | Route #107: 1354 1307 594 1136 || mode=vb method=sk_kmeans solver=filo2 stage=post_ls ls=pyvrp iter=1
2026-03-15 19:32:03 | INFO     | Route #108: 822 239 373 || mode=vb method=sk_kmeans solver=filo2 stage=post_ls ls=pyvrp iter=1
2026-03-15 19:32:03 | INFO     | Route #109: 800 203 547 || mode=vb method=sk_kmeans solver=filo2 stage=post_ls ls=pyvrp iter=1
2026-03-15 19:32:03 | INFO     | Route #110: 727 1071 913 1120 1315 820 1148 || mode=vb method=sk_kmeans solver=filo2 stage=post_ls ls=pyvrp iter=1
2026-03-15 19:32:03 | INFO     | Route #111: 274 964 600 || mode=vb method=sk_kmeans solver=filo2 stage=post_ls ls=pyvrp iter=1
2026-03-15 19:32:03 | INFO     | Route #112: 1268 978 473 || mode=vb method=sk_kmeans solver=filo2 stage=post_ls ls=pyvrp iter=1
2026-03-15 19:32:03 | INFO     | Route #113: 202 729 711 || mode=vb method=sk_kmeans solver=filo2 stage=post_ls ls=pyvrp iter=1
2026-03-15 19:32:03 | INFO     | Route #114: 278 777 732 || mode=vb method=sk_kmeans solver=filo2 stage=post_ls ls=pyvrp iter=1
2026-03-15 19:32:03 | INFO     | Route #115: 26 381 755 708 1358 || mode=vb method=sk_kmeans solver=filo2 stage=post_ls ls=pyvrp iter=1
2026-03-15 19:32:03 | INFO     | Route #116: 818 1254 52 || mode=vb method=sk_kmeans solver=filo2 stage=post_ls ls=pyvrp iter=1
2026-03-15 19:32:03 | INFO     | Route #117: 138 934 1063 || mode=vb method=sk_kmeans solver=filo2 stage=post_ls ls=pyvrp iter=1
2026-03-15 19:32:03 | INFO     | Route #118: 368 880 1081 || mode=vb method=sk_kmeans solver=filo2 stage=post_ls ls=pyvrp iter=1
2026-03-15 19:32:03 | INFO     | Route #119: 495 250 1323 || mode=vb method=sk_kmeans solver=filo2 stage=post_ls ls=pyvrp iter=1
2026-03-15 19:32:03 | INFO     | Route #120: 206 479 762 894 322 255 641 1285 1236 1229 70 185 || mode=vb method=sk_kmeans solver=filo2 stage=post_ls ls=pyvrp iter=1
2026-03-15 19:32:03 | INFO     | Route #121: 130 145 980 || mode=vb method=sk_kmeans solver=filo2 stage=post_ls ls=pyvrp iter=1
2026-03-15 19:32:03 | INFO     | Route #122: 743 610 100 689 1178 673 1169 1219 || mode=vb method=sk_kmeans solver=filo2 stage=post_ls ls=pyvrp iter=1
2026-03-15 19:32:03 | INFO     | Route #123: 66 1054 425 305 601 || mode=vb method=sk_kmeans solver=filo2 stage=post_ls ls=pyvrp iter=1
2026-03-15 19:32:03 | INFO     | Route #124: 342 1363 1261 1342 || mode=vb method=sk_kmeans solver=filo2 stage=post_ls ls=pyvrp iter=1
2026-03-15 19:32:03 | INFO     | Route #125: 1092 1320 1135 165 || mode=vb method=sk_kmeans solver=filo2 stage=post_ls ls=pyvrp iter=1
2026-03-15 19:32:03 | INFO     | Route #126: 419 976 69 959 189 67 156 500 1273 144 || mode=vb method=sk_kmeans solver=filo2 stage=post_ls ls=pyvrp iter=1
2026-03-15 19:32:03 | INFO     | Route #127: 2 699 768 764 151 || mode=vb method=sk_kmeans solver=filo2 stage=post_ls ls=pyvrp iter=1
2026-03-15 19:32:03 | INFO     | Route #128: 1104 1200 440 || mode=vb method=sk_kmeans solver=filo2 stage=post_ls ls=pyvrp iter=1
2026-03-15 19:32:03 | INFO     | Route #129: 1272 650 817 || mode=vb method=sk_kmeans solver=filo2 stage=post_ls ls=pyvrp iter=1
2026-03-15 19:32:03 | INFO     | Route #130: 208 460 789 292 582 348 944 1035 752 || mode=vb method=sk_kmeans solver=filo2 stage=post_ls ls=pyvrp iter=1
2026-03-15 19:32:03 | INFO     | Route #131: 988 34 1156 || mode=vb method=sk_kmeans solver=filo2 stage=post_ls ls=pyvrp iter=1
2026-03-15 19:32:03 | INFO     | Route #132: 352 951 157 1003 1095 569 637 || mode=vb method=sk_kmeans solver=filo2 stage=post_ls ls=pyvrp iter=1
2026-03-15 19:32:03 | INFO     | Route #133: 953 607 1205 993 || mode=vb method=sk_kmeans solver=filo2 stage=post_ls ls=pyvrp iter=1
2026-03-15 19:32:03 | INFO     | Route #134: 1124 282 372 112 || mode=vb method=sk_kmeans solver=filo2 stage=post_ls ls=pyvrp iter=1
2026-03-15 19:32:03 | INFO     | Route #135: 946 57 1372 240 801 771 259 453 || mode=vb method=sk_kmeans solver=filo2 stage=post_ls ls=pyvrp iter=1
2026-03-15 19:32:03 | INFO     | Route #136: 186 32 1269 956 912 1309 566 977 402 1373 1060 1160 || mode=vb method=sk_kmeans solver=filo2 stage=post_ls ls=pyvrp iter=1
2026-03-15 19:32:03 | INFO     | Route #137: 302 31 106 974 || mode=vb method=sk_kmeans solver=filo2 stage=post_ls ls=pyvrp iter=1
2026-03-15 19:32:03 | INFO     | Route #138: 1159 573 750 17 87 334 249 42 || mode=vb method=sk_kmeans solver=filo2 stage=post_ls ls=pyvrp iter=1
2026-03-15 19:32:03 | INFO     | Route #139: 721 945 1107 60 || mode=vb method=sk_kmeans solver=filo2 stage=post_ls ls=pyvrp iter=1
2026-03-15 19:32:03 | INFO     | Route #140: 936 1066 392 || mode=vb method=sk_kmeans solver=filo2 stage=post_ls ls=pyvrp iter=1
2026-03-15 19:32:03 | INFO     | Route #141: 666 1328 1360 || mode=vb method=sk_kmeans solver=filo2 stage=post_ls ls=pyvrp iter=1
2026-03-15 19:32:03 | INFO     | Route #142: 776 167 766 535 695 1155 617 477 || mode=vb method=sk_kmeans solver=filo2 stage=post_ls ls=pyvrp iter=1
2026-03-15 19:32:03 | INFO     | Route #143: 75 649 97 838 || mode=vb method=sk_kmeans solver=filo2 stage=post_ls ls=pyvrp iter=1
2026-03-15 19:32:03 | INFO     | Route #144: 1090 286 1287 1221 1212 154 1274 319 1165 261 399 || mode=vb method=sk_kmeans solver=filo2 stage=post_ls ls=pyvrp iter=1
2026-03-15 19:32:03 | INFO     | Route #145: 635 201 115 || mode=vb method=sk_kmeans solver=filo2 stage=post_ls ls=pyvrp iter=1
2026-03-15 19:32:03 | INFO     | Route #146: 577 657 614 816 825 1278 685 337 341 1314 || mode=vb method=sk_kmeans solver=filo2 stage=post_ls ls=pyvrp iter=1
2026-03-15 19:32:03 | INFO     | Route #147: 1183 28 1370 499 || mode=vb method=sk_kmeans solver=filo2 stage=post_ls ls=pyvrp iter=1
2026-03-15 19:32:03 | INFO     | Route #148: 253 815 504 1130 || mode=vb method=sk_kmeans solver=filo2 stage=post_ls ls=pyvrp iter=1
2026-03-15 19:32:03 | INFO     | Route #149: 418 862 773 124 || mode=vb method=sk_kmeans solver=filo2 stage=post_ls ls=pyvrp iter=1
2026-03-15 19:32:03 | INFO     | Route #150: 1270 84 989 371 1312 954 1020 95 397 || mode=vb method=sk_kmeans solver=filo2 stage=post_ls ls=pyvrp iter=1
2026-03-15 19:32:03 | INFO     | Route #151: 378 1096 395 1211 || mode=vb method=sk_kmeans solver=filo2 stage=post_ls ls=pyvrp iter=1
2026-03-15 19:32:03 | INFO     | Route #152: 1193 690 898 1065 18 1294 1241 428 754 638 || mode=vb method=sk_kmeans solver=filo2 stage=post_ls ls=pyvrp iter=1
2026-03-15 19:32:03 | INFO     | Route #153: 29 840 1143 879 1334 375 558 1139 672 1008 1079 || mode=vb method=sk_kmeans solver=filo2 stage=post_ls ls=pyvrp iter=1
2026-03-15 19:32:03 | INFO     | Route #154: 586 969 37 866 || mode=vb method=sk_kmeans solver=filo2 stage=post_ls ls=pyvrp iter=1
2026-03-15 19:32:03 | INFO     | Route #155: 640 1299 36 1150 996 464 1000 722 443 || mode=vb method=sk_kmeans solver=filo2 stage=post_ls ls=pyvrp iter=1
2026-03-15 19:32:03 | INFO     | Route #156: 329 911 260 41 1220 40 819 861 810 || mode=vb method=sk_kmeans solver=filo2 stage=post_ls ls=pyvrp iter=1
2026-03-15 19:32:03 | INFO     | Route #157: 423 931 101 332 417 749 799 1127 1366 540 852 1080 835 || mode=vb method=sk_kmeans solver=filo2 stage=post_ls ls=pyvrp iter=1
2026-03-15 19:32:03 | INFO     | Route #158: 794 182 1371 || mode=vb method=sk_kmeans solver=filo2 stage=post_ls ls=pyvrp iter=1
2026-03-15 19:32:03 | INFO     | Route #159: 68 1321 99 245 526 567 155 1059 || mode=vb method=sk_kmeans solver=filo2 stage=post_ls ls=pyvrp iter=1
2026-03-15 19:32:03 | INFO     | Route #160: 1224 86 668 || mode=vb method=sk_kmeans solver=filo2 stage=post_ls ls=pyvrp iter=1
2026-03-15 19:32:03 | INFO     | Route #161: 451 633 12 || mode=vb method=sk_kmeans solver=filo2 stage=post_ls ls=pyvrp iter=1
2026-03-15 19:32:03 | INFO     | Route #162: 1055 613 549 621 1322 966 883 874 873 1192 726 27 813 || mode=vb method=sk_kmeans solver=filo2 stage=post_ls ls=pyvrp iter=1
2026-03-15 19:32:03 | INFO     | Route #163: 670 1177 303 1093 1115 1196 468 || mode=vb method=sk_kmeans solver=filo2 stage=post_ls ls=pyvrp iter=1
2026-03-15 19:32:03 | INFO     | Route #164: 1005 742 1083 1145 || mode=vb method=sk_kmeans solver=filo2 stage=post_ls ls=pyvrp iter=1
2026-03-15 19:32:03 | INFO     | Route #165: 61 298 979 90 92 360 1009 481 1252 || mode=vb method=sk_kmeans solver=filo2 stage=post_ls ls=pyvrp iter=1
2026-03-15 19:32:03 | INFO     | Route #166: 713 288 917 916 || mode=vb method=sk_kmeans solver=filo2 stage=post_ls ls=pyvrp iter=1
2026-03-15 19:32:03 | INFO     | Route #167: 231 967 1280 770 243 1049 1364 222 || mode=vb method=sk_kmeans solver=filo2 stage=post_ls ls=pyvrp iter=1
2026-03-15 19:32:03 | INFO     | Route #168: 11 1157 43 629 772 908 1275 96 1313 667 164 || mode=vb method=sk_kmeans solver=filo2 stage=post_ls ls=pyvrp iter=1
2026-03-15 19:32:03 | INFO     | Route #169: 1291 133 335 532 697 595 850 868 142 || mode=vb method=sk_kmeans solver=filo2 stage=post_ls ls=pyvrp iter=1
2026-03-15 19:32:03 | INFO     | Route #170: 207 1164 508 570 948 1125 435 736 625 790 232 || mode=vb method=sk_kmeans solver=filo2 stage=post_ls ls=pyvrp iter=1
2026-03-15 19:32:03 | INFO     | Route #171: 463 1239 58 1214 793 1246 1167 491 1201 56 || mode=vb method=sk_kmeans solver=filo2 stage=post_ls ls=pyvrp iter=1
2026-03-15 19:32:03 | INFO     | Route #172: 1042 452 645 715 1010 970 39 918 140 || mode=vb method=sk_kmeans solver=filo2 stage=post_ls ls=pyvrp iter=1
2026-03-15 19:32:03 | INFO     | Route #173: 1031 555 247 910 720 878 46 343 1072 276 || mode=vb method=sk_kmeans solver=filo2 stage=post_ls ls=pyvrp iter=1
2026-03-15 19:32:03 | INFO     | Route #174: 809 1302 211 1013 515 1050 353 281 1185 860 644 421 1188 347 340 539 55 || mode=vb method=sk_kmeans solver=filo2 stage=post_ls ls=pyvrp iter=1
2026-03-15 19:32:03 | INFO     | Route #175: 318 1195 1146 456 1243 902 538 || mode=vb method=sk_kmeans solver=filo2 stage=post_ls ls=pyvrp iter=1
2026-03-15 19:32:03 | INFO     | Route #176: 1033 581 769 1064 94 195 781 191 || mode=vb method=sk_kmeans solver=filo2 stage=post_ls ls=pyvrp iter=1
2026-03-15 19:32:03 | INFO     | Route #177: 719 1266 627 892 556 909 149 216 || mode=vb method=sk_kmeans solver=filo2 stage=post_ls ls=pyvrp iter=1
2026-03-15 19:32:03 | INFO     | Route #178: 293 406 735 724 123 831 1141 1045 1138 || mode=vb method=sk_kmeans solver=filo2 stage=post_ls ls=pyvrp iter=1
2026-03-15 19:32:03 | INFO     | Route #179: 450 1333 870 597 865 897 256 1228 267 686 420 494 1356 703 || mode=vb method=sk_kmeans solver=filo2 stage=post_ls ls=pyvrp iter=1
2026-03-15 19:32:03 | INFO     | Route #180: 849 807 837 939 1209 1022 952 1303 1133 || mode=vb method=sk_kmeans solver=filo2 stage=post_ls ls=pyvrp iter=1
2026-03-15 19:32:03 | INFO     | Route #181: 438 482 1284 544 126 295 676 890 845 224 1249 129 950 || mode=vb method=sk_kmeans solver=filo2 stage=post_ls ls=pyvrp iter=1
2026-03-15 19:32:03 | INFO     | Route #182: 887 1046 25 665 1343 560 828 937 1122 || mode=vb method=sk_kmeans solver=filo2 stage=post_ls ls=pyvrp iter=1
2026-03-15 19:32:03 | INFO     | Route #183: 1085 1189 158 1282 580 1318 23 528 1098 194 488 || mode=vb method=sk_kmeans solver=filo2 stage=post_ls ls=pyvrp iter=1
2026-03-15 19:32:03 | INFO     | Route #184: 531 561 1137 949 447 59 105 615 1210 1300 995 585 || mode=vb method=sk_kmeans solver=filo2 stage=post_ls ls=pyvrp iter=1
2026-03-15 19:32:03 | INFO     | Route #185: 1234 308 272 1319 1121 284 377 1260 707 || mode=scp method=gurobi_mip solver=None stage=scp_post_ls ls=N/A iter=15
2026-03-15 19:32:03 | INFO     | Route #186: 134 333 442 393 459 857 148 565 941 || mode=vb method=sk_kmeans solver=filo2 stage=post_ls ls=pyvrp iter=1
2026-03-15 19:32:03 | INFO     | Route #187: 1251 1324 294 671 525 444 1217 || mode=vb method=sk_kmeans solver=filo2 stage=post_ls ls=pyvrp iter=1
2026-03-15 19:32:03 | INFO     | Route #188: 827 568 160 758 746 384 1271 187 606 575 1019 1204 || mode=vb method=sk_kmeans solver=filo2 stage=post_ls ls=pyvrp iter=1
2026-03-15 19:32:03 | INFO     | Route #189: 965 984 656 856 824 1036 1038 631 593 662 98 1225 || mode=vb method=sk_kmeans solver=filo2 stage=post_ls ls=pyvrp iter=1
2026-03-15 19:32:03 | INFO     | Route #190: 407 493 519 475 1053 174 1034 277 229 476 107 611 316 || mode=vb method=sk_kmeans solver=filo2 stage=post_ls ls=pyvrp iter=1
2026-03-15 19:32:03 | INFO     | Route #191: 65 767 147 681 1264 1108 269 153 1166 497 864 930 || mode=vb method=sk_kmeans solver=filo2 stage=post_ls ls=pyvrp iter=1
2026-03-15 19:32:03 | INFO     | Route #192: 383 210 300 || mode=rb method=sk_ac_avg solver=pyvrp stage=post_ls ls=pyvrp iter=2
2026-03-15 19:32:03 | INFO     | Route #193: 271 1028 405 || mode=rb method=sk_ac_avg solver=pyvrp stage=post_ls ls=pyvrp iter=2
2026-03-15 19:32:03 | INFO     | Route #194: 152 589 844 || mode=rb method=sk_ac_avg solver=pyvrp stage=post_ls ls=pyvrp iter=2
2026-03-15 19:32:03 | INFO     | Route #195: 1037 778 88 || mode=rb method=sk_ac_avg solver=pyvrp stage=post_ls ls=pyvrp iter=2
2026-03-15 19:32:03 | INFO     | Route #196: 5 1040 986 || mode=rb method=sk_ac_avg solver=pyvrp stage=post_ls ls=pyvrp iter=2
2026-03-15 19:32:03 | INFO     | Route #197: 1202 388 620 || mode=rb method=sk_ac_avg solver=pyvrp stage=post_ls ls=pyvrp iter=2
2026-03-15 19:32:03 | INFO     | Route #198: 1015 757 680 || mode=rb method=sk_ac_avg solver=pyvrp stage=post_ls ls=pyvrp iter=2
2026-03-15 19:32:03 | INFO     | Route #199: 118 1308 1345 || mode=rb method=sk_ac_avg solver=pyvrp stage=post_ls ls=pyvrp iter=2
2026-03-15 19:32:03 | INFO     | Route #200: 162 349 947 || mode=rb method=sk_ac_avg solver=pyvrp stage=post_ls ls=pyvrp iter=2
2026-03-15 19:32:03 | INFO     | Route #201: 740 683 180 || mode=rb method=sk_ac_avg solver=pyvrp stage=post_ls ls=pyvrp iter=2
2026-03-15 19:32:03 | INFO     | Route #202: 478 940 938 || mode=rb method=sk_ac_avg solver=pyvrp stage=post_ls ls=pyvrp iter=2
2026-03-15 19:32:03 | INFO     | Route #203: 173 1123 328 1089 || mode=rb method=sk_ac_avg solver=pyvrp stage=post_ls ls=pyvrp iter=2
2026-03-15 19:32:03 | INFO     | Route #204: 854 802 483 983 || mode=rb method=sk_ac_avg solver=pyvrp stage=post_ls ls=pyvrp iter=2
2026-03-15 19:32:03 | INFO     | Route #205: 179 192 1276 || mode=scp method=gurobi_mip solver=None stage=scp_post_ls ls=N/A iter=15
2026-03-15 19:32:03 | INFO     | Route #206: 698 122 674 || mode=rb method=sk_ac_avg solver=pyvrp stage=post_ls ls=pyvrp iter=2
2026-03-15 19:32:03 | INFO     | Route #207: 82 734 367 541 || mode=rb method=sk_ac_avg solver=pyvrp stage=post_ls ls=pyvrp iter=2
2026-03-15 19:32:03 | INFO     | Route #208: 289 1106 313 || mode=rb method=sk_ac_avg solver=pyvrp stage=post_ls ls=pyvrp iter=2
2026-03-15 19:32:03 | INFO     | Route #209: 563 199 471 || mode=rb method=sk_ac_avg solver=pyvrp stage=post_ls ls=pyvrp iter=2
2026-03-15 19:32:03 | INFO     | Route #210: 251 262 172 || mode=rb method=sk_ac_avg solver=pyvrp stage=post_ls ls=pyvrp iter=2
2026-03-15 19:32:03 | INFO     | Route #211: 823 1327 1332 252 551 1351 || mode=rb method=sk_ac_avg solver=pyvrp stage=post_ls ls=pyvrp iter=2
2026-03-15 19:32:03 | INFO     | Route #212: 725 537 987 385 || mode=vb method=sk_kmeans solver=pyvrp stage=post_ls ls=pyvrp iter=3
2026-03-15 19:32:03 | INFO     | Route #213: 653 48 109 || mode=vb method=sk_kmeans solver=pyvrp stage=post_ls ls=pyvrp iter=3
2026-03-15 19:32:03 | INFO     | Route #214: 693 1250 389 || mode=vb method=sk_kmeans solver=pyvrp stage=post_ls ls=pyvrp iter=3
2026-03-15 19:32:03 | INFO     | Route #215: 1154 643 1329 || mode=vb method=sk_kmeans solver=pyvrp stage=post_ls ls=pyvrp iter=3
2026-03-15 19:32:03 | INFO     | Route #216: 24 741 1203 || mode=vb method=sk_kmeans solver=pyvrp stage=post_ls ls=pyvrp iter=3
2026-03-15 19:32:03 | INFO     | Route #217: 1325 1242 869 || mode=vb method=sk_kmeans solver=pyvrp stage=post_ls ls=pyvrp iter=3
2026-03-15 19:32:03 | INFO     | Route #218: 791 759 709 || mode=vb method=sk_kmeans solver=pyvrp stage=post_ls ls=pyvrp iter=3
2026-03-15 19:32:03 | INFO     | Route #219: 1245 466 49 || mode=rb method=sk_ac_complete solver=pyvrp stage=post_ls ls=pyvrp iter=4
2026-03-15 19:32:03 | INFO     | Route #220: 458 1298 552 449 || mode=rb method=sk_ac_complete solver=pyvrp stage=post_ls ls=pyvrp iter=4
2026-03-15 19:32:03 | INFO     | Route #221: 557 700 258 1026 || mode=rb method=sk_ac_complete solver=pyvrp stage=post_ls ls=pyvrp iter=4
2026-03-15 19:32:03 | INFO     | Route #222: 324 534 957 630 || mode=rb method=sk_ac_complete solver=pyvrp stage=post_ls ls=pyvrp iter=4
2026-03-15 19:32:03 | INFO     | Route #223: 1007 409 93 || mode=rb method=sk_ac_complete solver=pyvrp stage=post_ls ls=pyvrp iter=4
2026-03-15 19:32:03 | INFO     | Route #224: 808 587 712 839 || mode=rb method=sk_ac_complete solver=pyvrp stage=post_ls ls=pyvrp iter=4
2026-03-15 19:32:03 | INFO     | Route #225: 320 981 238 || mode=rb method=sk_ac_complete solver=pyvrp stage=post_ls ls=pyvrp iter=4
2026-03-15 19:32:03 | INFO     | Route #226: 132 467 1004 || mode=vb method=k_medoids_pyclustering solver=filo1 stage=post_ls ls=pyvrp iter=5
2026-03-15 19:32:03 | INFO     | Route #227: 562 339 797 || mode=vb method=k_medoids_pyclustering solver=filo1 stage=post_ls ls=pyvrp iter=5
2026-03-15 19:32:03 | INFO     | Route #228: 1073 616 380 || mode=vb method=k_medoids_pyclustering solver=filo1 stage=post_ls ls=pyvrp iter=5
2026-03-15 19:32:03 | INFO     | Route #229: 990 517 365 || mode=vb method=k_medoids_pyclustering solver=filo1 stage=post_ls ls=pyvrp iter=5
2026-03-15 19:32:03 | INFO     | Route #230: 1039 1175 1293 || mode=vb method=k_medoids_pyclustering solver=filo1 stage=post_ls ls=pyvrp iter=5
2026-03-15 19:32:03 | INFO     | Route #231: 596 702 1277 || mode=vb method=k_medoids_pyclustering solver=filo1 stage=post_ls ls=pyvrp iter=5
2026-03-15 19:32:03 | INFO     | Route #232: 188 572 1267 1288 || mode=vb method=k_medoids_pyclustering solver=filo1 stage=post_ls ls=pyvrp iter=5
2026-03-15 19:32:03 | INFO     | Route #233: 1117 718 1283 || mode=vb method=k_medoids_pyclustering solver=filo1 stage=post_ls ls=pyvrp iter=5
2026-03-15 19:32:03 | INFO     | Route #234: 415 1132 529 || mode=vb method=k_medoids_pyclustering solver=filo1 stage=post_ls ls=pyvrp iter=5
2026-03-15 19:32:03 | INFO     | Route #235: 73 997 895 1335 || mode=vb method=k_medoids_pyclustering solver=filo1 stage=post_ls ls=pyvrp iter=5
2026-03-15 19:32:03 | INFO     | Route #236: 926 496 513 || mode=vb method=k_medoids_pyclustering solver=filo1 stage=post_ls ls=pyvrp iter=5
2026-03-15 19:32:03 | INFO     | Route #237: 1129 237 871 297 || mode=vb method=k_medoids_pyclustering solver=filo1 stage=post_ls ls=pyvrp iter=5
2026-03-15 19:32:03 | INFO     | Route #238: 242 1149 1087 || mode=rb method=sk_kmeans solver=filo1 stage=post_ls ls=pyvrp iter=6
2026-03-15 19:32:03 | INFO     | Route #239: 1341 331 652 76 || mode=rb method=sk_kmeans solver=filo1 stage=post_ls ls=pyvrp iter=6
2026-03-15 19:32:03 | INFO     | Route #240: 792 1207 548 || mode=vb method=k_medoids_pyclustering solver=filo1 stage=post_ls ls=pyvrp iter=7
2026-03-15 19:32:03 | INFO     | Route #241: 1061 919 782 || mode=vb method=k_medoids_pyclustering solver=filo1 stage=post_ls ls=pyvrp iter=7
2026-03-15 19:32:03 | INFO     | Route #242: 543 701 1337 30 || mode=vb method=k_medoids_pyclustering solver=filo1 stage=post_ls ls=pyvrp iter=7
2026-03-15 19:32:03 | INFO     | Route #243: 379 882 1021 || mode=vb method=k_medoids_pyclustering solver=filo1 stage=post_ls ls=pyvrp iter=7
2026-03-15 19:32:03 | INFO     | Route #244: 1355 1306 280 || mode=vb method=k_medoids_pyclustering solver=filo1 stage=post_ls ls=pyvrp iter=7
2026-03-15 19:32:03 | INFO     | Route #245: 925 1232 958 || mode=vb method=k_medoids_pyclustering solver=filo1 stage=post_ls ls=pyvrp iter=7
2026-03-15 19:32:03 | INFO     | Route #246: 592 304 739 1330 || mode=vb method=k_medoids_pyclustering solver=filo1 stage=post_ls ls=pyvrp iter=7
2026-03-15 19:32:03 | INFO     | Route #247: 214 1182 1113 356 || mode=vb method=k_medoids_pyclustering solver=filo1 stage=post_ls ls=pyvrp iter=7
2026-03-15 19:32:03 | INFO     | Route #248: 1235 1011 507 || mode=vb method=k_medoids_pyclustering solver=filo1 stage=post_ls ls=pyvrp iter=7
2026-03-15 19:32:03 | INFO     | Route #249: 1346 326 975 498 228 310 169 || mode=vb method=k_medoids_pyclustering solver=filo1 stage=post_ls ls=pyvrp iter=7
2026-03-15 19:32:03 | INFO     | Route #250: 219 745 1158 1247 351 227 514 900 885 998 971 1163 248 || mode=vb method=k_medoids_pyclustering solver=filo2 stage=post_ls ls=pyvrp iter=10
2026-03-15 19:32:03 | INFO     | Route #251: 234 461 511 || mode=vb method=sk_ac_complete solver=pyvrp stage=post_ls ls=pyvrp iter=8
2026-03-15 19:32:03 | INFO     | Route #252: 1348 127 338 364 || mode=vb method=sk_ac_complete solver=pyvrp stage=post_ls ls=pyvrp iter=8
2026-03-15 19:32:03 | INFO     | Route #253: 588 779 891 || mode=vb method=sk_ac_complete solver=pyvrp stage=post_ls ls=pyvrp iter=8
2026-03-15 19:32:03 | INFO     | Route #254: 163 1352 803 || mode=vb method=sk_ac_complete solver=pyvrp stage=post_ls ls=pyvrp iter=8
2026-03-15 19:32:03 | INFO     | Route #255: 622 137 1070 1233 || mode=rb method=sk_ac_avg solver=pyvrp stage=post_ls ls=pyvrp iter=9
2026-03-15 19:32:03 | INFO     | Route #256: 1259 114 747 || mode=rb method=sk_ac_avg solver=pyvrp stage=post_ls ls=pyvrp iter=9
2026-03-15 19:32:03 | INFO     | Route #257: 270 221 962 || mode=rb method=sk_ac_avg solver=pyvrp stage=post_ls ls=pyvrp iter=9
2026-03-15 19:32:03 | INFO     | Route #258: 362 1187 200 || mode=rb method=sk_ac_avg solver=pyvrp stage=post_ls ls=pyvrp iter=9
2026-03-15 19:32:03 | INFO     | Route #259: 787 1118 254 || mode=rb method=sk_ac_avg solver=pyvrp stage=post_ls ls=pyvrp iter=9
2026-03-15 19:32:03 | INFO     | Route #260: 634 1162 469 || mode=rb method=sk_ac_avg solver=pyvrp stage=post_ls ls=pyvrp iter=9
2026-03-15 19:32:03 | INFO     | Route #261: 161 19 205 1012 441 678 530 788 834 542 1265 223 || mode=rb method=sk_ac_avg solver=pyvrp stage=post_ls ls=pyvrp iter=9
2026-03-15 19:32:03 | INFO     | Route #262: 1171 181 233 826 599 445 679 1 1140 141 376 || mode=rb method=sk_ac_avg solver=pyvrp stage=post_ls ls=pyvrp iter=9
2026-03-15 19:32:03 | INFO     | Route #263: 1353 716 935 226 1147 642 1116 198 576 || mode=rb method=sk_ac_avg solver=pyvrp stage=post_ls ls=pyvrp iter=9
2026-03-15 19:32:03 | INFO     | Route #264: 47 146 430 413 1030 296 1191 982 3 1142 474 108 || mode=rb method=sk_ac_avg solver=pyvrp stage=post_ls ls=pyvrp iter=9
2026-03-15 19:32:03 | INFO     | Route #265: 889 391 738 104 829 178 1357 1226 448 || mode=rb method=sk_ac_avg solver=pyvrp stage=post_ls ls=pyvrp iter=9
2026-03-15 19:32:03 | INFO     | Route #266: 264 896 1110 196 || mode=scp method=gurobi_mip solver=None stage=scp_post_ls ls=N/A iter=9
2026-03-15 19:32:03 | INFO     | Route #267: 876 760 1215 213 1256 1253 || mode=vb method=k_medoids_pyclustering solver=filo2 stage=post_ls ls=pyvrp iter=10
2026-03-15 19:32:03 | INFO     | Route #268: 386 1186 1086 || mode=vb method=k_medoids_pyclustering solver=filo2 stage=post_ls ls=pyvrp iter=10
2026-03-15 19:32:03 | INFO     | Route #269: 1082 111 922 || mode=vb method=k_medoids_pyclustering solver=filo2 stage=post_ls ls=pyvrp iter=10
2026-03-15 19:32:03 | INFO     | Route #270: 1174 1340 359 || mode=vb method=k_medoids_pyclustering solver=filo2 stage=post_ls ls=pyvrp iter=10
2026-03-15 19:32:03 | INFO     | Route #271: 204 502 915 291 812 || mode=vb method=k_medoids_pyclustering solver=filo2 stage=post_ls ls=pyvrp iter=10
2026-03-15 19:32:03 | INFO     | Route #272: 765 370 175 || mode=vb method=k_medoids_pyclustering solver=filo2 stage=post_ls ls=pyvrp iter=10
2026-03-15 19:32:03 | INFO     | Route #273: 943 603 814 905 || mode=rb method=sk_kmeans solver=pyvrp stage=post_ls ls=pyvrp iter=11
2026-03-15 19:32:03 | INFO     | Route #274: 636 1231 408 || mode=scp method=gurobi_mip solver=None stage=scp_post_ls ls=N/A iter=15
2026-03-15 19:32:03 | INFO     | Route #275: 317 439 1179 || mode=vb method=sk_ac_min solver=pyvrp stage=post_ls ls=pyvrp iter=12
2026-03-15 19:32:03 | INFO     | Route #276: 330 744 775 || mode=scp method=gurobi_mip solver=None stage=scp_post_ls ls=N/A iter=12
2026-03-15 19:32:03 | INFO     | Route #277: 345 387 1237 || mode=scp method=gurobi_mip solver=None stage=scp_post_ls ls=N/A iter=12
2026-03-15 19:32:03 | INFO     | Route #278: 1025 218 714 || mode=rb method=sk_kmeans solver=pyvrp stage=post_ls ls=pyvrp iter=13
2026-03-15 19:32:03 | INFO     | Route #279: 315 618 1023 || mode=rb method=sk_kmeans solver=pyvrp stage=post_ls ls=pyvrp iter=13
2026-03-15 19:32:03 | INFO     | Route #280: 1213 1099 1119 1151 || mode=vb method=sk_ac_complete solver=filo2 stage=post_ls ls=pyvrp iter=14
2026-03-15 19:32:03 | INFO     | Route #281: 647 1017 7 || mode=vb method=sk_ac_complete solver=filo2 stage=post_ls ls=pyvrp iter=14
2026-03-15 19:32:03 | INFO     | Route #282: 847 623 692 || mode=vb method=sk_ac_complete solver=filo2 stage=post_ls ls=pyvrp iter=14
2026-03-15 19:32:03 | INFO     | Route #283: 85 691 1281 || mode=vb method=sk_ac_complete solver=filo2 stage=post_ls ls=pyvrp iter=14
2026-03-15 19:32:03 | INFO     | 
2026-03-15 19:32:03 | INFO     | [BEST SOLUTION ROUTE SUMMARY]
2026-03-15 19:32:03 | INFO     | --------------------------------------------------------------------------------
2026-03-15 19:32:03 | INFO     |  190 routes | VB    | sk_kmeans       | solver=filo2      | stage=post_ls | ls=pyvrp
2026-03-15 19:32:03 | INFO     |   30 routes | RB    | sk_ac_avg       | solver=pyvrp      | stage=post_ls | ls=pyvrp
2026-03-15 19:32:03 | INFO     |   22 routes | VB    | k_medoids_pyclustering | solver=filo1      | stage=post_ls | ls=pyvrp
2026-03-15 19:32:03 | INFO     |    7 routes | RB    | sk_ac_complete  | solver=pyvrp      | stage=post_ls | ls=pyvrp
2026-03-15 19:32:03 | INFO     |    7 routes | VB    | k_medoids_pyclustering | solver=filo2      | stage=post_ls | ls=pyvrp
2026-03-15 19:32:03 | INFO     |    7 routes | VB    | sk_kmeans       | solver=pyvrp      | stage=post_ls | ls=pyvrp
2026-03-15 19:32:03 | INFO     |    6 routes | SCP   | gurobi_mip      | solver=UNKNOWN    | stage=scp_post_ls | ls=N/A
2026-03-15 19:32:03 | INFO     |    4 routes | VB    | sk_ac_complete  | solver=filo2      | stage=post_ls | ls=pyvrp
2026-03-15 19:32:03 | INFO     |    4 routes | VB    | sk_ac_complete  | solver=pyvrp      | stage=post_ls | ls=pyvrp
2026-03-15 19:32:03 | INFO     |    3 routes | RB    | sk_kmeans       | solver=pyvrp      | stage=post_ls | ls=pyvrp
2026-03-15 19:32:03 | INFO     |    2 routes | RB    | sk_kmeans       | solver=filo1      | stage=post_ls | ls=pyvrp
2026-03-15 19:32:03 | INFO     |    1 routes | VB    | sk_ac_min       | solver=pyvrp      | stage=post_ls | ls=pyvrp
2026-03-15 19:32:03 | INFO     | 
2026-03-15 19:32:03 | INFO     | [ROUTE POOL SUMMARY]
2026-03-15 19:32:03 | INFO     |   387 routes | VB | sk_kmeans | solver=pyvrp | stage=post_ls | ls=pyvrp
2026-03-15 19:32:03 | INFO     |   376 routes | RB | sk_ac_avg | solver=pyvrp | stage=post_ls | ls=pyvrp
2026-03-15 19:32:03 | INFO     |   358 routes | RB | sk_kmeans | solver=pyvrp | stage=post_ls | ls=pyvrp
2026-03-15 19:32:03 | INFO     |   351 routes | VB | k_medoids_pyclustering | solver=filo1 | stage=post_ls | ls=pyvrp
2026-03-15 19:32:03 | INFO     |   284 routes | VB | sk_kmeans | solver=filo2 | stage=post_ls | ls=pyvrp
2026-03-15 19:32:03 | INFO     |   188 routes | VB | sk_ac_min | solver=pyvrp | stage=post_ls | ls=pyvrp
2026-03-15 19:32:03 | INFO     |   180 routes | VB | sk_ac_complete | solver=pyvrp | stage=post_ls | ls=pyvrp
2026-03-15 19:32:03 | INFO     |   170 routes | RB | sk_ac_complete | solver=pyvrp | stage=post_ls | ls=pyvrp
2026-03-15 19:32:03 | INFO     |   129 routes | RB | sk_kmeans | solver=filo1 | stage=post_ls | ls=pyvrp
2026-03-15 19:32:03 | INFO     |   126 routes | VB | sk_ac_complete | solver=filo2 | stage=post_ls | ls=pyvrp
2026-03-15 19:32:03 | INFO     |   116 routes | VB | k_medoids_pyclustering | solver=filo2 | stage=post_ls | ls=pyvrp
2026-03-15 19:32:03 | INFO     |   101 routes | RB | sk_ac_min | solver=filo2 | stage=post_ls | ls=pyvrp
2026-03-15 19:32:03 | INFO     |   101 routes | VB | sk_ac_avg | solver=filo1 | stage=post_ls | ls=pyvrp
2026-03-15 19:32:03 | INFO     |    86 routes | VB | sk_ac_min | solver=filo2 | stage=post_ls | ls=pyvrp
2026-03-15 19:32:03 | INFO     |    13 routes | SCP | gurobi_mip | solver=UNKNOWN | stage=scp_post_ls | ls=N/A
2026-03-15 19:32:03 | INFO     | [XL-n1374-k278 IMPROVED-SCP] best_cost=233985 | Gap: 0.4486%
2026-03-15 19:32:03 | INFO     | [XL-n1374-k278 ITERATION-TIMES 18] cluster=14.470s routing=760.095s ls=18.462s scp=10018.045s total=10811.103s
2026-03-15 19:32:03 | INFO     | [XL-n1374-k278 ITERATION 19] mode=VB method=sk_ac_min k=6 solver=filo2 ls=pyvrp
2026-03-15 19:32:22 | INFO     | [XL-n1374-k278 CLUSTER] method=sk_ac_min k=6 | sizes=[1350, 6, 11, 1, 4, 1] | min=1 max=1350 avg=228.8
2026-03-15 19:32:22 | INFO     | [XL-n1374-k278 ROUTING] Solving clusters with filo2
2026-03-15 19:43:44 | INFO     | [XL-n1374-k278 NO-IMPROVEMENT] best_cost=233985 | streak=1 | Gap: 0.4486%
2026-03-15 19:43:44 | INFO     | [XL-n1374-k278 ITERATION-TIMES 19] cluster=18.149s routing=643.802s ls=38.917s total=700.901s
2026-03-15 19:43:44 | INFO     | [XL-n1374-k278 ITERATION 20] mode=VB method=k_medoids_pyclustering k=3 solver=pyvrp ls=pyvrp
2026-03-15 19:44:22 | INFO     | [XL-n1374-k278 CLUSTER] method=k_medoids_pyclustering k=3 | sizes=[426, 488, 459] | min=426 max=488 avg=457.7
2026-03-15 19:44:22 | INFO     | [XL-n1374-k278 ROUTING] Solving clusters with pyvrp
2026-03-15 19:48:42 | INFO     | [XL-n1374-k278 NO-IMPROVEMENT] best_cost=233985 | streak=2 | Gap: 0.4486%
2026-03-15 19:48:42 | INFO     | [XL-n1374-k278 ITERATION-TIMES 20] cluster=37.218s routing=243.940s ls=16.812s total=298.042s
2026-03-15 19:48:42 | INFO     | [XL-n1374-k278 ITERATION 21] mode=RB method=sk_ac_min k=7 solver=filo2 ls=pyvrp
2026-03-15 19:48:42 | INFO     | [XL-n1374-k278 CLUSTER] method=sk_ac_min k=7 | sizes=[1219, 19, 84, 7, 12, 11, 21] | min=7 max=1219 avg=196.1
2026-03-15 19:48:42 | INFO     | [XL-n1374-k278 ROUTING] Solving clusters with filo2
2026-03-15 19:59:46 | INFO     | [XL-n1374-k278 SCP] pruning_mode=diversity
2026-03-15 19:59:46 | INFO     | [XL-n1374-k278 SCP] solver=gurobi_mip | route_pool=3292
2026-03-15 22:46:27 | WARNING  | [XL-n1374-k278 SCP] not optimal (status=9)
2026-03-15 22:46:41 | INFO     | 
2026-03-15 22:46:41 | INFO     | ================================================================================
2026-03-15 22:46:41 | INFO     | [XL-n1374-k278] PERIODIC SNAPSHOT SNAPSHOT_004
2026-03-15 22:46:41 | INFO     | ================================================================================
2026-03-15 22:46:41 | INFO     | Route #1: 1311 654 1317 426 || mode=vb method=sk_kmeans solver=filo2 stage=post_ls ls=pyvrp iter=1
2026-03-15 22:46:41 | INFO     | Route #2: 753 571 480 || mode=vb method=sk_kmeans solver=filo2 stage=post_ls ls=pyvrp iter=1
2026-03-15 22:46:41 | INFO     | Route #3: 994 663 1367 || mode=vb method=sk_kmeans solver=filo2 stage=post_ls ls=pyvrp iter=1
2026-03-15 22:46:41 | INFO     | Route #4: 1172 301 1074 || mode=vb method=sk_kmeans solver=filo2 stage=post_ls ls=pyvrp iter=1
2026-03-15 22:46:41 | INFO     | Route #5: 358 751 1128 || mode=vb method=sk_kmeans solver=filo2 stage=post_ls ls=pyvrp iter=1
2026-03-15 22:46:41 | INFO     | Route #6: 804 626 737 || mode=vb method=sk_kmeans solver=filo2 stage=post_ls ls=pyvrp iter=1
2026-03-15 22:46:41 | INFO     | Route #7: 522 492 510 1002 || mode=vb method=sk_kmeans solver=filo2 stage=post_ls ls=pyvrp iter=1
2026-03-15 22:46:41 | INFO     | Route #8: 64 396 805 || mode=vb method=sk_kmeans solver=filo2 stage=post_ls ls=pyvrp iter=1
2026-03-15 22:46:41 | INFO     | Route #9: 677 183 608 || mode=vb method=sk_kmeans solver=filo2 stage=post_ls ls=pyvrp iter=1
2026-03-15 22:46:41 | INFO     | Route #10: 21 62 1114 || mode=vb method=sk_kmeans solver=filo2 stage=post_ls ls=pyvrp iter=1
2026-03-15 22:46:41 | INFO     | Route #11: 465 710 412 || mode=vb method=sk_kmeans solver=filo2 stage=post_ls ls=pyvrp iter=1
2026-03-15 22:46:41 | INFO     | Route #12: 120 591 546 || mode=vb method=sk_kmeans solver=filo2 stage=post_ls ls=pyvrp iter=1
2026-03-15 22:46:41 | INFO     | Route #13: 1051 836 401 || mode=vb method=sk_kmeans solver=filo2 stage=post_ls ls=pyvrp iter=1
2026-03-15 22:46:41 | INFO     | Route #14: 1215 869 1325 || mode=vb method=sk_kmeans solver=filo2 stage=post_ls ls=pyvrp iter=1
2026-03-15 22:46:41 | INFO     | Route #15: 899 143 1344 884 || mode=vb method=sk_kmeans solver=filo2 stage=post_ls ls=pyvrp iter=1
2026-03-15 22:46:41 | INFO     | Route #16: 602 985 730 || mode=vb method=sk_kmeans solver=filo2 stage=post_ls ls=pyvrp iter=1
2026-03-15 22:46:41 | INFO     | Route #17: 321 1101 1362 || mode=vb method=sk_kmeans solver=filo2 stage=post_ls ls=pyvrp iter=1
2026-03-15 22:46:41 | INFO     | Route #18: 1292 723 285 || mode=vb method=sk_kmeans solver=filo2 stage=post_ls ls=pyvrp iter=1
2026-03-15 22:46:41 | INFO     | Route #19: 53 1018 431 || mode=vb method=sk_kmeans solver=filo2 stage=post_ls ls=pyvrp iter=1
2026-03-15 22:46:41 | INFO     | Route #20: 841 1041 932 || mode=vb method=sk_kmeans solver=filo2 stage=post_ls ls=pyvrp iter=1
2026-03-15 22:46:41 | INFO     | Route #21: 1310 821 80 || mode=vb method=sk_kmeans solver=filo2 stage=post_ls ls=pyvrp iter=1
2026-03-15 22:46:41 | INFO     | Route #22: 220 651 1197 357 || mode=vb method=sk_kmeans solver=filo2 stage=post_ls ls=pyvrp iter=1
2026-03-15 22:46:41 | INFO     | Route #23: 235 16 1109 1161 215 168 612 || mode=vb method=sk_kmeans solver=filo2 stage=post_ls ls=pyvrp iter=1
2026-03-15 22:46:41 | INFO     | Route #24: 411 1024 470 || mode=vb method=sk_kmeans solver=filo2 stage=post_ls ls=pyvrp iter=1
2026-03-15 22:46:41 | INFO     | Route #25: 1094 454 785 || mode=vb method=sk_kmeans solver=filo2 stage=post_ls ls=pyvrp iter=1
2026-03-15 22:46:41 | INFO     | Route #26: 853 382 624 || mode=vb method=sk_kmeans solver=filo2 stage=post_ls ls=pyvrp iter=1
2026-03-15 22:46:41 | INFO     | Route #27: 1208 9 1131 || mode=vb method=sk_kmeans solver=filo2 stage=post_ls ls=pyvrp iter=1
2026-03-15 22:46:41 | INFO     | Route #28: 584 999 830 || mode=vb method=sk_kmeans solver=filo2 stage=post_ls ls=pyvrp iter=1
2026-03-15 22:46:41 | INFO     | Route #29: 102 907 590 || mode=vb method=sk_kmeans solver=filo2 stage=post_ls ls=pyvrp iter=1
2026-03-15 22:46:41 | INFO     | Route #30: 390 323 806 354 968 || mode=vb method=sk_kmeans solver=filo2 stage=post_ls ls=pyvrp iter=1
2026-03-15 22:46:41 | INFO     | Route #31: 923 81 217 || mode=vb method=sk_kmeans solver=filo2 stage=post_ls ls=pyvrp iter=1
2026-03-15 22:46:41 | INFO     | Route #32: 170 728 1062 || mode=vb method=sk_kmeans solver=filo2 stage=post_ls ls=pyvrp iter=1
2026-03-15 22:46:41 | INFO     | Route #33: 1301 682 832 1359 || mode=vb method=sk_kmeans solver=filo2 stage=post_ls ls=pyvrp iter=1
2026-03-15 22:46:41 | INFO     | Route #34: 362 1187 1118 || mode=vb method=sk_kmeans solver=filo2 stage=post_ls ls=pyvrp iter=1
2026-03-15 22:46:41 | INFO     | Route #35: 706 1149 221 || mode=scp method=gurobi_mip solver=None stage=scp_post_ls ls=N/A iter=18
2026-03-15 22:46:41 | INFO     | Route #36: 365 592 741 || mode=vb method=sk_kmeans solver=filo2 stage=post_ls ls=pyvrp iter=1
2026-03-15 22:46:41 | INFO     | Route #37: 1078 658 424 1176 || mode=vb method=sk_kmeans solver=filo2 stage=post_ls ls=pyvrp iter=1
2026-03-15 22:46:41 | INFO     | Route #38: 1338 1257 241 || mode=vb method=sk_kmeans solver=filo2 stage=post_ls ls=pyvrp iter=1
2026-03-15 22:46:41 | INFO     | Route #39: 1097 485 290 || mode=vb method=sk_kmeans solver=filo2 stage=post_ls ls=pyvrp iter=1
2026-03-15 22:46:41 | INFO     | Route #40: 786 50 1058 || mode=vb method=sk_kmeans solver=filo2 stage=post_ls ls=pyvrp iter=1
2026-03-15 22:46:41 | INFO     | Route #41: 262 1337 172 || mode=vb method=sk_kmeans solver=filo2 stage=post_ls ls=pyvrp iter=1
2026-03-15 22:46:41 | INFO     | Route #42: 7 1203 24 || mode=vb method=sk_kmeans solver=filo2 stage=post_ls ls=pyvrp iter=1
2026-03-15 22:46:41 | INFO     | Route #43: 536 687 846 || mode=vb method=sk_kmeans solver=filo2 stage=post_ls ls=pyvrp iter=1
2026-03-15 22:46:41 | INFO     | Route #44: 1368 921 1255 || mode=vb method=sk_kmeans solver=filo2 stage=post_ls ls=pyvrp iter=1
2026-03-15 22:46:41 | INFO     | Route #45: 279 327 177 117 516 545 91 1181 780 || mode=vb method=sk_kmeans solver=filo2 stage=post_ls ls=pyvrp iter=1
2026-03-15 22:46:41 | INFO     | Route #46: 1184 942 103 || mode=vb method=sk_kmeans solver=filo2 stage=post_ls ls=pyvrp iter=1
2026-03-15 22:46:41 | INFO     | Route #47: 875 798 704 || mode=vb method=sk_kmeans solver=filo2 stage=post_ls ls=pyvrp iter=1
2026-03-15 22:46:41 | INFO     | Route #48: 1341 548 280 1207 || mode=vb method=sk_kmeans solver=filo2 stage=post_ls ls=pyvrp iter=1
2026-03-15 22:46:41 | INFO     | Route #49: 1365 374 675 843 || mode=vb method=sk_kmeans solver=filo2 stage=post_ls ls=pyvrp iter=1
2026-03-15 22:46:41 | INFO     | Route #50: 242 1087 270 || mode=vb method=sk_kmeans solver=filo2 stage=post_ls ls=pyvrp iter=1
2026-03-15 22:46:41 | INFO     | Route #51: 171 1057 893 || mode=vb method=sk_kmeans solver=filo2 stage=post_ls ls=pyvrp iter=1
2026-03-15 22:46:41 | INFO     | Route #52: 1331 38 1100 639 || mode=vb method=sk_kmeans solver=filo2 stage=post_ls ls=pyvrp iter=1
2026-03-15 22:46:41 | INFO     | Route #53: 135 1290 8 || mode=vb method=sk_kmeans solver=filo2 stage=post_ls ls=pyvrp iter=1
2026-03-15 22:46:41 | INFO     | Route #54: 756 960 422 1305 524 1016 193 733 || mode=vb method=sk_kmeans solver=filo2 stage=post_ls ls=pyvrp iter=1
2026-03-15 22:46:41 | INFO     | Route #55: 512 872 197 54 437 || mode=vb method=sk_kmeans solver=filo2 stage=post_ls ls=pyvrp iter=1
2026-03-15 22:46:41 | INFO     | Route #56: 1218 1248 1126 || mode=vb method=sk_kmeans solver=filo2 stage=post_ls ls=pyvrp iter=1
2026-03-15 22:46:41 | INFO     | Route #57: 990 517 792 || mode=vb method=sk_kmeans solver=filo2 stage=post_ls ls=pyvrp iter=1
2026-03-15 22:46:41 | INFO     | Route #58: 121 268 1076 1044 || mode=vb method=sk_kmeans solver=filo2 stage=post_ls ls=pyvrp iter=1
2026-03-15 22:46:41 | INFO     | Route #59: 14 361 487 855 212 244 1180 520 || mode=vb method=sk_kmeans solver=filo2 stage=post_ls ls=pyvrp iter=1
2026-03-15 22:46:41 | INFO     | Route #60: 15 150 125 || mode=vb method=sk_kmeans solver=filo2 stage=post_ls ls=pyvrp iter=1
2026-03-15 22:46:41 | INFO     | Route #61: 45 1173 503 || mode=vb method=sk_kmeans solver=filo2 stage=post_ls ls=pyvrp iter=1
2026-03-15 22:46:41 | INFO     | Route #62: 882 379 228 310 169 || mode=vb method=sk_kmeans solver=filo2 stage=post_ls ls=pyvrp iter=1
2026-03-15 22:46:41 | INFO     | Route #63: 1105 72 400 || mode=vb method=sk_kmeans solver=filo2 stage=post_ls ls=pyvrp iter=1
2026-03-15 22:46:41 | INFO     | Route #64: 429 774 446 || mode=vb method=sk_kmeans solver=filo2 stage=post_ls ls=pyvrp iter=1
2026-03-15 22:46:41 | INFO     | Route #65: 225 346 257 || mode=vb method=sk_kmeans solver=filo2 stage=post_ls ls=pyvrp iter=1
2026-03-15 22:46:41 | INFO     | Route #66: 886 1297 78 || mode=vb method=sk_kmeans solver=filo2 stage=post_ls ls=pyvrp iter=1
2026-03-15 22:46:41 | INFO     | Route #67: 929 312 131 || mode=vb method=sk_kmeans solver=filo2 stage=post_ls ls=pyvrp iter=1
2026-03-15 22:46:41 | INFO     | Route #68: 973 71 920 || mode=vb method=sk_kmeans solver=filo2 stage=post_ls ls=pyvrp iter=1
2026-03-15 22:46:41 | INFO     | Route #69: 200 1061 787 || mode=vb method=sk_kmeans solver=filo2 stage=post_ls ls=pyvrp iter=1
2026-03-15 22:46:41 | INFO     | Route #70: 1336 1152 1032 || mode=vb method=sk_kmeans solver=filo2 stage=post_ls ls=pyvrp iter=1
2026-03-15 22:46:41 | INFO     | Route #71: 694 1240 842 928 || mode=vb method=sk_kmeans solver=filo2 stage=post_ls ls=pyvrp iter=1
2026-03-15 22:46:41 | INFO     | Route #72: 1068 705 1286 1339 924 || mode=vb method=sk_kmeans solver=filo2 stage=post_ls ls=pyvrp iter=1
2026-03-15 22:46:41 | INFO     | Route #73: 605 283 648 655 506 44 || mode=vb method=sk_kmeans solver=filo2 stage=post_ls ls=pyvrp iter=1
2026-03-15 22:46:41 | INFO     | Route #74: 466 49 1086 || mode=vb method=sk_kmeans solver=filo2 stage=post_ls ls=pyvrp iter=1
2026-03-15 22:46:41 | INFO     | Route #75: 1168 1134 550 1014 || mode=vb method=sk_kmeans solver=filo2 stage=post_ls ls=pyvrp iter=1
2026-03-15 22:46:41 | INFO     | Route #76: 128 877 1206 311 811 246 89 848 || mode=vb method=sk_kmeans solver=filo2 stage=post_ls ls=pyvrp iter=1
2026-03-15 22:46:41 | INFO     | Route #77: 116 209 1047 || mode=vb method=sk_kmeans solver=filo2 stage=post_ls ls=pyvrp iter=1
2026-03-15 22:46:41 | INFO     | Route #78: 564 559 1190 || mode=vb method=sk_kmeans solver=filo2 stage=post_ls ls=pyvrp iter=1
2026-03-15 22:46:41 | INFO     | Route #79: 858 266 523 || mode=vb method=sk_kmeans solver=filo2 stage=post_ls ls=pyvrp iter=1
2026-03-15 22:46:41 | INFO     | Route #80: 1354 1307 594 1136 || mode=vb method=sk_kmeans solver=filo2 stage=post_ls ls=pyvrp iter=1
2026-03-15 22:46:41 | INFO     | Route #81: 822 239 373 || mode=vb method=sk_kmeans solver=filo2 stage=post_ls ls=pyvrp iter=1
2026-03-15 22:46:41 | INFO     | Route #82: 727 1071 913 1120 1315 820 1148 || mode=vb method=sk_kmeans solver=filo2 stage=post_ls ls=pyvrp iter=1
2026-03-15 22:46:41 | INFO     | Route #83: 274 964 600 || mode=vb method=sk_kmeans solver=filo2 stage=post_ls ls=pyvrp iter=1
2026-03-15 22:46:41 | INFO     | Route #84: 1268 978 473 || mode=vb method=sk_kmeans solver=filo2 stage=post_ls ls=pyvrp iter=1
2026-03-15 22:46:41 | INFO     | Route #85: 202 729 711 || mode=vb method=sk_kmeans solver=filo2 stage=post_ls ls=pyvrp iter=1
2026-03-15 22:46:41 | INFO     | Route #86: 278 777 732 || mode=vb method=sk_kmeans solver=filo2 stage=post_ls ls=pyvrp iter=1
2026-03-15 22:46:41 | INFO     | Route #87: 26 381 755 708 1358 || mode=vb method=sk_kmeans solver=filo2 stage=post_ls ls=pyvrp iter=1
2026-03-15 22:46:41 | INFO     | Route #88: 818 1254 52 || mode=vb method=sk_kmeans solver=filo2 stage=post_ls ls=pyvrp iter=1
2026-03-15 22:46:41 | INFO     | Route #89: 138 934 1063 || mode=vb method=sk_kmeans solver=filo2 stage=post_ls ls=pyvrp iter=1
2026-03-15 22:46:41 | INFO     | Route #90: 368 880 1081 || mode=vb method=sk_kmeans solver=filo2 stage=post_ls ls=pyvrp iter=1
2026-03-15 22:46:41 | INFO     | Route #91: 495 250 1323 || mode=vb method=sk_kmeans solver=filo2 stage=post_ls ls=pyvrp iter=1
2026-03-15 22:46:41 | INFO     | Route #92: 30 876 760 251 || mode=vb method=sk_kmeans solver=filo2 stage=post_ls ls=pyvrp iter=1
2026-03-15 22:46:41 | INFO     | Route #93: 130 145 980 || mode=vb method=sk_kmeans solver=filo2 stage=post_ls ls=pyvrp iter=1
2026-03-15 22:46:41 | INFO     | Route #94: 66 1054 425 305 601 || mode=vb method=sk_kmeans solver=filo2 stage=post_ls ls=pyvrp iter=1
2026-03-15 22:46:41 | INFO     | Route #95: 342 1363 1261 1342 || mode=vb method=sk_kmeans solver=filo2 stage=post_ls ls=pyvrp iter=1
2026-03-15 22:46:41 | INFO     | Route #96: 1092 1320 1135 165 || mode=vb method=sk_kmeans solver=filo2 stage=post_ls ls=pyvrp iter=1
2026-03-15 22:46:41 | INFO     | Route #97: 1352 674 803 || mode=vb method=sk_kmeans solver=filo2 stage=post_ls ls=pyvrp iter=1
2026-03-15 22:46:41 | INFO     | Route #98: 1104 1200 440 || mode=vb method=sk_kmeans solver=filo2 stage=post_ls ls=pyvrp iter=1
2026-03-15 22:46:41 | INFO     | Route #99: 1253 1256 331 652 76 || mode=vb method=sk_kmeans solver=filo2 stage=post_ls ls=pyvrp iter=1
2026-03-15 22:46:41 | INFO     | Route #100: 1272 650 817 || mode=vb method=sk_kmeans solver=filo2 stage=post_ls ls=pyvrp iter=1
2026-03-15 22:46:41 | INFO     | Route #101: 208 460 789 292 582 348 944 1035 752 || mode=vb method=sk_kmeans solver=filo2 stage=post_ls ls=pyvrp iter=1
2026-03-15 22:46:41 | INFO     | Route #102: 988 34 1156 || mode=vb method=sk_kmeans solver=filo2 stage=post_ls ls=pyvrp iter=1
2026-03-15 22:46:41 | INFO     | Route #103: 352 951 157 1003 1095 569 637 || mode=vb method=sk_kmeans solver=filo2 stage=post_ls ls=pyvrp iter=1
2026-03-15 22:46:41 | INFO     | Route #104: 1124 282 372 112 || mode=vb method=sk_kmeans solver=filo2 stage=post_ls ls=pyvrp iter=1
2026-03-15 22:46:41 | INFO     | Route #105: 302 31 106 974 || mode=vb method=sk_kmeans solver=filo2 stage=post_ls ls=pyvrp iter=1
2026-03-15 22:46:41 | INFO     | Route #106: 975 1247 351 227 900 514 252 1332 1327 823 || mode=vb method=sk_kmeans solver=filo2 stage=post_ls ls=pyvrp iter=1
2026-03-15 22:46:41 | INFO     | Route #107: 721 945 1107 60 || mode=vb method=sk_kmeans solver=filo2 stage=post_ls ls=pyvrp iter=1
2026-03-15 22:46:41 | INFO     | Route #108: 666 1328 1360 || mode=vb method=sk_kmeans solver=filo2 stage=post_ls ls=pyvrp iter=1
2026-03-15 22:46:41 | INFO     | Route #109: 776 167 766 535 695 1155 617 477 || mode=vb method=sk_kmeans solver=filo2 stage=post_ls ls=pyvrp iter=1
2026-03-15 22:46:41 | INFO     | Route #110: 635 201 115 || mode=vb method=sk_kmeans solver=filo2 stage=post_ls ls=pyvrp iter=1
2026-03-15 22:46:41 | INFO     | Route #111: 577 657 614 816 825 1278 685 337 341 1314 || mode=vb method=sk_kmeans solver=filo2 stage=post_ls ls=pyvrp iter=1
2026-03-15 22:46:41 | INFO     | Route #112: 253 815 504 1130 || mode=vb method=sk_kmeans solver=filo2 stage=post_ls ls=pyvrp iter=1
2026-03-15 22:46:41 | INFO     | Route #113: 29 840 1143 879 1334 375 558 1139 672 1008 1079 || mode=vb method=sk_kmeans solver=filo2 stage=post_ls ls=pyvrp iter=1
2026-03-15 22:46:41 | INFO     | Route #114: 586 969 37 866 || mode=vb method=sk_kmeans solver=filo2 stage=post_ls ls=pyvrp iter=1
2026-03-15 22:46:41 | INFO     | Route #115: 329 911 260 41 1220 40 819 861 810 || mode=vb method=sk_kmeans solver=filo2 stage=post_ls ls=pyvrp iter=1
2026-03-15 22:46:41 | INFO     | Route #116: 423 931 101 332 417 749 799 1127 1366 540 852 1080 835 || mode=vb method=sk_kmeans solver=filo2 stage=post_ls ls=pyvrp iter=1
2026-03-15 22:46:41 | INFO     | Route #117: 794 182 1371 || mode=vb method=sk_kmeans solver=filo2 stage=post_ls ls=pyvrp iter=1
2026-03-15 22:46:41 | INFO     | Route #118: 1224 86 668 || mode=vb method=sk_kmeans solver=filo2 stage=post_ls ls=pyvrp iter=1
2026-03-15 22:46:41 | INFO     | Route #119: 670 1177 303 1093 1115 1196 468 || mode=vb method=sk_kmeans solver=filo2 stage=post_ls ls=pyvrp iter=1
2026-03-15 22:46:41 | INFO     | Route #120: 11 1157 43 629 772 908 1275 96 1313 667 164 || mode=vb method=sk_kmeans solver=filo2 stage=post_ls ls=pyvrp iter=1
2026-03-15 22:46:41 | INFO     | Route #121: 1291 133 335 532 697 595 850 868 142 || mode=vb method=sk_kmeans solver=filo2 stage=post_ls ls=pyvrp iter=1
2026-03-15 22:46:41 | INFO     | Route #122: 207 1164 508 570 948 1125 435 736 625 790 232 || mode=vb method=sk_kmeans solver=filo2 stage=post_ls ls=pyvrp iter=1
2026-03-15 22:46:41 | INFO     | Route #123: 463 1239 58 1214 793 1246 1167 491 1201 56 || mode=vb method=sk_kmeans solver=filo2 stage=post_ls ls=pyvrp iter=1
2026-03-15 22:46:41 | INFO     | Route #124: 213 1306 1021 1355 || mode=vb method=sk_kmeans solver=filo2 stage=post_ls ls=pyvrp iter=1
2026-03-15 22:46:41 | INFO     | Route #125: 1163 1346 971 998 885 1158 745 326 219 || mode=vb method=sk_kmeans solver=filo2 stage=post_ls ls=pyvrp iter=1
2026-03-15 22:46:41 | INFO     | Route #126: 1042 452 645 715 1010 970 39 918 140 || mode=vb method=sk_kmeans solver=filo2 stage=post_ls ls=pyvrp iter=1
2026-03-15 22:46:41 | INFO     | Route #127: 1031 555 247 910 720 878 46 343 1072 276 || mode=vb method=sk_kmeans solver=filo2 stage=post_ls ls=pyvrp iter=1
2026-03-15 22:46:41 | INFO     | Route #128: 318 1195 1146 456 1243 902 538 || mode=vb method=sk_kmeans solver=filo2 stage=post_ls ls=pyvrp iter=1
2026-03-15 22:46:41 | INFO     | Route #129: 1033 581 769 1064 94 195 781 191 || mode=vb method=sk_kmeans solver=filo2 stage=post_ls ls=pyvrp iter=1
2026-03-15 22:46:41 | INFO     | Route #130: 719 1266 627 892 556 909 149 216 || mode=vb method=sk_kmeans solver=filo2 stage=post_ls ls=pyvrp iter=1
2026-03-15 22:46:41 | INFO     | Route #131: 450 1333 870 597 865 897 256 1228 267 686 420 494 1356 703 || mode=vb method=sk_kmeans solver=filo2 stage=post_ls ls=pyvrp iter=1
2026-03-15 22:46:41 | INFO     | Route #132: 438 482 1284 544 126 295 676 890 845 224 1249 129 950 || mode=vb method=sk_kmeans solver=filo2 stage=post_ls ls=pyvrp iter=1
2026-03-15 22:46:41 | INFO     | Route #133: 887 1046 25 665 1343 560 828 937 1122 || mode=vb method=sk_kmeans solver=filo2 stage=post_ls ls=pyvrp iter=1
2026-03-15 22:46:41 | INFO     | Route #134: 1085 1189 158 1282 580 1318 23 528 1098 194 488 || mode=vb method=sk_kmeans solver=filo2 stage=post_ls ls=pyvrp iter=1
2026-03-15 22:46:41 | INFO     | Route #135: 531 561 1137 949 447 59 105 615 1210 1300 995 585 || mode=vb method=sk_kmeans solver=filo2 stage=post_ls ls=pyvrp iter=1
2026-03-15 22:46:41 | INFO     | Route #136: 248 308 272 1319 1121 284 377 1260 707 || mode=vb method=sk_kmeans solver=filo2 stage=post_ls ls=pyvrp iter=1
2026-03-15 22:46:41 | INFO     | Route #137: 1251 1324 294 671 525 444 1217 || mode=vb method=sk_kmeans solver=filo2 stage=post_ls ls=pyvrp iter=1
2026-03-15 22:46:41 | INFO     | Route #138: 827 568 160 758 746 384 1271 187 606 575 1019 1204 || mode=vb method=sk_kmeans solver=filo2 stage=post_ls ls=pyvrp iter=1
2026-03-15 22:46:41 | INFO     | Route #139: 65 767 147 681 1264 1108 269 153 1166 497 864 930 || mode=vb method=sk_kmeans solver=filo2 stage=post_ls ls=pyvrp iter=1
2026-03-15 22:46:41 | INFO     | Route #140: 1234 498 551 1351 1242 || mode=vb method=sk_kmeans solver=filo2 stage=post_ls ls=pyvrp iter=1
2026-03-15 22:46:41 | INFO     | Route #141: 383 210 300 || mode=rb method=sk_ac_avg solver=pyvrp stage=post_ls ls=pyvrp iter=2
2026-03-15 22:46:41 | INFO     | Route #142: 271 1028 405 || mode=rb method=sk_ac_avg solver=pyvrp stage=post_ls ls=pyvrp iter=2
2026-03-15 22:46:41 | INFO     | Route #143: 152 589 844 || mode=rb method=sk_ac_avg solver=pyvrp stage=post_ls ls=pyvrp iter=2
2026-03-15 22:46:41 | INFO     | Route #144: 1037 778 88 || mode=rb method=sk_ac_avg solver=pyvrp stage=post_ls ls=pyvrp iter=2
2026-03-15 22:46:41 | INFO     | Route #145: 230 926 496 || mode=rb method=sk_ac_avg solver=pyvrp stage=post_ls ls=pyvrp iter=2
2026-03-15 22:46:41 | INFO     | Route #146: 914 1262 455 || mode=rb method=sk_ac_avg solver=pyvrp stage=post_ls ls=pyvrp iter=2
2026-03-15 22:46:41 | INFO     | Route #147: 1075 1349 119 || mode=rb method=sk_ac_avg solver=pyvrp stage=post_ls ls=pyvrp iter=2
2026-03-15 22:46:41 | INFO     | Route #148: 1015 757 680 || mode=rb method=sk_ac_avg solver=pyvrp stage=post_ls ls=pyvrp iter=2
2026-03-15 22:46:41 | INFO     | Route #149: 10 1347 190 || mode=rb method=sk_ac_avg solver=pyvrp stage=post_ls ls=pyvrp iter=2
2026-03-15 22:46:41 | INFO     | Route #150: 118 1308 1345 || mode=rb method=sk_ac_avg solver=pyvrp stage=post_ls ls=pyvrp iter=2
2026-03-15 22:46:41 | INFO     | Route #151: 562 1245 527 || mode=rb method=sk_ac_avg solver=pyvrp stage=post_ls ls=pyvrp iter=2
2026-03-15 22:46:41 | INFO     | Route #152: 433 1112 1289 || mode=rb method=sk_ac_avg solver=pyvrp stage=post_ls ls=pyvrp iter=2
2026-03-15 22:46:41 | INFO     | Route #153: 33 349 947 || mode=scp method=gurobi_mip solver=None stage=scp_post_ls ls=N/A iter=18
2026-03-15 22:46:41 | INFO     | Route #154: 740 683 180 || mode=rb method=sk_ac_avg solver=pyvrp stage=post_ls ls=pyvrp iter=2
2026-03-15 22:46:41 | INFO     | Route #155: 173 1123 328 1089 || mode=rb method=sk_ac_avg solver=pyvrp stage=post_ls ls=pyvrp iter=2
2026-03-15 22:46:41 | INFO     | Route #156: 854 802 483 983 || mode=rb method=sk_ac_avg solver=pyvrp stage=post_ls ls=pyvrp iter=2
2026-03-15 22:46:41 | INFO     | Route #157: 1023 163 958 || mode=rb method=sk_ac_avg solver=pyvrp stage=post_ls ls=pyvrp iter=2
2026-03-15 22:46:41 | INFO     | Route #158: 82 734 367 541 || mode=rb method=sk_ac_avg solver=pyvrp stage=post_ls ls=pyvrp iter=2
2026-03-15 22:46:41 | INFO     | Route #159: 181 233 1140 1 679 445 829 104 || mode=vb method=sk_kmeans solver=pyvrp stage=post_ls ls=pyvrp iter=3
2026-03-15 22:46:41 | INFO     | Route #160: 725 537 987 385 || mode=vb method=sk_kmeans solver=pyvrp stage=post_ls ls=pyvrp iter=3
2026-03-15 22:46:41 | INFO     | Route #161: 653 48 109 || mode=vb method=sk_kmeans solver=pyvrp stage=post_ls ls=pyvrp iter=3
2026-03-15 22:46:41 | INFO     | Route #162: 275 691 692 || mode=vb method=sk_kmeans solver=pyvrp stage=post_ls ls=pyvrp iter=3
2026-03-15 22:46:41 | INFO     | Route #163: 472 1056 416 || mode=vb method=sk_kmeans solver=pyvrp stage=post_ls ls=pyvrp iter=3
2026-03-15 22:46:41 | INFO     | Route #164: 74 1069 1029 963 || mode=vb method=sk_kmeans solver=pyvrp stage=post_ls ls=pyvrp iter=3
2026-03-15 22:46:41 | INFO     | Route #165: 307 63 731 || mode=vb method=sk_kmeans solver=pyvrp stage=post_ls ls=pyvrp iter=3
2026-03-15 22:46:41 | INFO     | Route #166: 509 1067 1194 || mode=vb method=sk_kmeans solver=pyvrp stage=post_ls ls=pyvrp iter=3
2026-03-15 22:46:41 | INFO     | Route #167: 936 1066 1326 || mode=vb method=sk_kmeans solver=pyvrp stage=post_ls ls=pyvrp iter=3
2026-03-15 22:46:41 | INFO     | Route #168: 1330 469 254 || mode=vb method=sk_kmeans solver=pyvrp stage=post_ls ls=pyvrp iter=3
2026-03-15 22:46:41 | INFO     | Route #169: 791 759 709 || mode=vb method=sk_kmeans solver=pyvrp stage=post_ls ls=pyvrp iter=3
2026-03-15 22:46:41 | INFO     | Route #170: 1205 388 620 || mode=rb method=sk_ac_complete solver=pyvrp stage=post_ls ls=pyvrp iter=4
2026-03-15 22:46:41 | INFO     | Route #171: 1144 833 628 || mode=rb method=sk_ac_complete solver=pyvrp stage=post_ls ls=pyvrp iter=4
2026-03-15 22:46:41 | INFO     | Route #172: 688 906 339 || mode=rb method=sk_ac_complete solver=pyvrp stage=post_ls ls=pyvrp iter=4
2026-03-15 22:46:41 | INFO     | Route #173: 236 646 578 || mode=rb method=sk_ac_complete solver=pyvrp stage=post_ls ls=pyvrp iter=4
2026-03-15 22:46:41 | INFO     | Route #174: 1340 1082 783 || mode=rb method=sk_ac_complete solver=pyvrp stage=post_ls ls=pyvrp iter=4
2026-03-15 22:46:41 | INFO     | Route #175: 359 111 922 || mode=rb method=sk_ac_complete solver=pyvrp stage=post_ls ls=pyvrp iter=4
2026-03-15 22:46:41 | INFO     | Route #176: 1096 1001 1263 || mode=rb method=sk_kmeans solver=pyvrp stage=post_ls ls=pyvrp iter=11
2026-03-15 22:46:41 | INFO     | Route #177: 669 92 299 604 1088 1316 903 || mode=rb method=sk_ac_complete solver=pyvrp stage=post_ls ls=pyvrp iter=4
2026-03-15 22:46:41 | INFO     | Route #178: 458 1298 552 449 || mode=rb method=sk_ac_complete solver=pyvrp stage=post_ls ls=pyvrp iter=4
2026-03-15 22:46:41 | INFO     | Route #179: 557 700 258 1026 || mode=rb method=sk_ac_complete solver=pyvrp stage=post_ls ls=pyvrp iter=4
2026-03-15 22:46:41 | INFO     | Route #180: 324 534 957 630 || mode=rb method=sk_ac_complete solver=pyvrp stage=post_ls ls=pyvrp iter=4
2026-03-15 22:46:41 | INFO     | Route #181: 1007 409 93 || mode=rb method=sk_ac_complete solver=pyvrp stage=post_ls ls=pyvrp iter=4
2026-03-15 22:46:41 | INFO     | Route #182: 808 587 712 839 || mode=rb method=sk_ac_complete solver=pyvrp stage=post_ls ls=pyvrp iter=4
2026-03-15 22:46:41 | INFO     | Route #183: 320 981 238 || mode=rb method=sk_ac_complete solver=pyvrp stage=post_ls ls=pyvrp iter=4
2026-03-15 22:46:41 | INFO     | Route #184: 1106 698 122 || mode=rb method=sk_ac_complete solver=pyvrp stage=post_ls ls=pyvrp iter=4
2026-03-15 22:46:41 | INFO     | Route #185: 747 317 114 || mode=rb method=sk_ac_complete solver=pyvrp stage=post_ls ls=pyvrp iter=4
2026-03-15 22:46:41 | INFO     | Route #186: 289 1259 313 || mode=rb method=sk_ac_complete solver=pyvrp stage=post_ls ls=pyvrp iter=4
2026-03-15 22:46:41 | INFO     | Route #187: 35 439 199 || mode=rb method=sk_ac_complete solver=pyvrp stage=post_ls ls=pyvrp iter=4
2026-03-15 22:46:41 | INFO     | Route #188: 471 1179 410 || mode=rb method=sk_ac_complete solver=pyvrp stage=post_ls ls=pyvrp iter=4
2026-03-15 22:46:41 | INFO     | Route #189: 701 563 925 || mode=rb method=sk_ac_complete solver=pyvrp stage=post_ls ls=pyvrp iter=4
2026-03-15 22:46:41 | INFO     | Route #190: 543 518 1232 || mode=rb method=sk_ac_complete solver=pyvrp stage=post_ls ls=pyvrp iter=4
2026-03-15 22:46:41 | INFO     | Route #191: 132 467 1004 || mode=vb method=k_medoids_pyclustering solver=filo1 stage=post_ls ls=pyvrp iter=5
2026-03-15 22:46:41 | INFO     | Route #192: 1073 616 380 || mode=vb method=k_medoids_pyclustering solver=filo1 stage=post_ls ls=pyvrp iter=5
2026-03-15 22:46:41 | INFO     | Route #193: 185 70 1229 55 539 340 347 1188 421 644 860 1185 281 353 1050 515 1013 479 || mode=vb method=k_medoids_pyclustering solver=filo1 stage=post_ls ls=pyvrp iter=5
2026-03-15 22:46:41 | INFO     | Route #194: 1370 28 916 || mode=vb method=k_medoids_pyclustering solver=filo1 stage=post_ls ls=pyvrp iter=5
2026-03-15 22:46:41 | INFO     | Route #195: 782 919 378 395 || mode=vb method=k_medoids_pyclustering solver=filo1 stage=post_ls ls=pyvrp iter=5
2026-03-15 22:46:41 | INFO     | Route #196: 1039 1175 1293 || mode=vb method=k_medoids_pyclustering solver=filo1 stage=post_ls ls=pyvrp iter=5
2026-03-15 22:46:41 | INFO     | Route #197: 596 702 1277 || mode=vb method=k_medoids_pyclustering solver=filo1 stage=post_ls ls=pyvrp iter=5
2026-03-15 22:46:41 | INFO     | Route #198: 188 572 1267 1288 || mode=vb method=k_medoids_pyclustering solver=filo1 stage=post_ls ls=pyvrp iter=5
2026-03-15 22:46:41 | INFO     | Route #199: 1117 718 1283 || mode=vb method=k_medoids_pyclustering solver=filo1 stage=post_ls ls=pyvrp iter=5
2026-03-15 22:46:41 | INFO     | Route #200: 415 1132 529 || mode=vb method=k_medoids_pyclustering solver=filo1 stage=post_ls ls=pyvrp iter=5
2026-03-15 22:46:41 | INFO     | Route #201: 159 344 79 598 || mode=vb method=k_medoids_pyclustering solver=filo1 stage=post_ls ls=pyvrp iter=5
2026-03-15 22:46:41 | INFO     | Route #202: 366 659 583 || mode=vb method=k_medoids_pyclustering solver=filo1 stage=post_ls ls=pyvrp iter=5
2026-03-15 22:46:41 | INFO     | Route #203: 355 953 1244 || mode=vb method=k_medoids_pyclustering solver=filo1 stage=post_ls ls=pyvrp iter=5
2026-03-15 22:46:41 | INFO     | Route #204: 73 997 895 1335 || mode=vb method=k_medoids_pyclustering solver=filo1 stage=post_ls ls=pyvrp iter=5
2026-03-15 22:46:41 | INFO     | Route #205: 407 807 939 611 837 609 403 661 || mode=vb method=k_medoids_pyclustering solver=filo1 stage=post_ls ls=pyvrp iter=5
2026-03-15 22:46:41 | INFO     | Route #206: 389 85 693 || mode=vb method=k_medoids_pyclustering solver=filo1 stage=post_ls ls=pyvrp iter=5
2026-03-15 22:46:41 | INFO     | Route #207: 316 1296 521 1350 1258 991 || mode=vb method=k_medoids_pyclustering solver=filo1 stage=post_ls ls=pyvrp iter=5
2026-03-15 22:46:41 | INFO     | Route #208: 314 273 1304 || mode=vb method=k_medoids_pyclustering solver=filo1 stage=post_ls ls=pyvrp iter=5
2026-03-15 22:46:41 | INFO     | Route #209: 1129 237 871 297 || mode=vb method=k_medoids_pyclustering solver=filo1 stage=post_ls ls=pyvrp iter=5
2026-03-15 22:46:41 | INFO     | Route #210: 493 519 229 277 1034 174 1053 475 952 || mode=vb method=k_medoids_pyclustering solver=filo1 stage=post_ls ls=pyvrp iter=5
2026-03-15 22:46:41 | INFO     | Route #211: 51 748 505 476 107 1209 1022 || mode=vb method=k_medoids_pyclustering solver=filo1 stage=post_ls ls=pyvrp iter=5
2026-03-15 22:46:41 | INFO     | Route #212: 490 398 1153 717 || mode=vb method=k_medoids_pyclustering solver=filo1 stage=post_ls ls=pyvrp iter=5
2026-03-15 22:46:41 | INFO     | Route #213: 478 940 814 || mode=rb method=sk_kmeans solver=filo1 stage=post_ls ls=pyvrp iter=6
2026-03-15 22:46:41 | INFO     | Route #214: 905 603 943 838 || mode=rb method=sk_kmeans solver=filo1 stage=post_ls ls=pyvrp iter=6
2026-03-15 22:46:41 | INFO     | Route #215: 647 83 162 || mode=scp method=gurobi_mip solver=None stage=scp_post_ls ls=N/A iter=18
2026-03-15 22:46:41 | INFO     | Route #216: 356 5 1040 || mode=rb method=sk_kmeans solver=filo1 stage=post_ls ls=pyvrp iter=6
2026-03-15 22:46:41 | INFO     | Route #217: 6 1369 1250 || mode=rb method=sk_kmeans solver=filo1 stage=post_ls ls=pyvrp iter=6
2026-03-15 22:46:41 | INFO     | Route #218: 623 1281 1295 || mode=rb method=sk_kmeans solver=filo1 stage=post_ls ls=pyvrp iter=6
2026-03-15 22:46:41 | INFO     | Route #219: 1017 739 938 1230 || mode=rb method=sk_kmeans solver=filo1 stage=post_ls ls=pyvrp iter=6
2026-03-15 22:46:41 | INFO     | Route #220: 304 933 22 || mode=rb method=sk_kmeans solver=filo1 stage=post_ls ls=pyvrp iter=6
2026-03-15 22:46:41 | INFO     | Route #221: 1162 634 501 || mode=rb method=sk_kmeans solver=filo1 stage=post_ls ls=pyvrp iter=6
2026-03-15 22:46:41 | INFO     | Route #222: 633 12 888 || mode=vb method=k_medoids_pyclustering solver=filo1 stage=post_ls ls=pyvrp iter=7
2026-03-15 22:46:41 | INFO     | Route #223: 1111 263 761 || mode=vb method=k_medoids_pyclustering solver=filo1 stage=post_ls ls=pyvrp iter=7
2026-03-15 22:46:41 | INFO     | Route #224: 797 336 1216 579 || mode=vb method=k_medoids_pyclustering solver=filo1 stage=post_ls ls=pyvrp iter=7
2026-03-15 22:46:41 | INFO     | Route #225: 1235 1011 507 || mode=vb method=k_medoids_pyclustering solver=filo1 stage=post_ls ls=pyvrp iter=7
2026-03-15 22:46:41 | INFO     | Route #226: 234 461 511 || mode=vb method=sk_ac_complete solver=pyvrp stage=post_ls ls=pyvrp iter=8
2026-03-15 22:46:41 | INFO     | Route #227: 1348 127 338 364 || mode=vb method=sk_ac_complete solver=pyvrp stage=post_ls ls=pyvrp iter=8
2026-03-15 22:46:41 | INFO     | Route #228: 862 1227 404 1279 || mode=vb method=sk_ac_complete solver=pyvrp stage=post_ls ls=pyvrp iter=8
2026-03-15 22:46:41 | INFO     | Route #229: 992 418 619 1364 1145 || mode=vb method=sk_ac_complete solver=pyvrp stage=post_ls ls=pyvrp iter=8
2026-03-15 22:46:41 | INFO     | Route #230: 451 1211 20 554 || mode=vb method=sk_ac_complete solver=pyvrp stage=post_ls ls=pyvrp iter=8
2026-03-15 22:46:41 | INFO     | Route #231: 588 779 891 || mode=vb method=sk_ac_complete solver=pyvrp stage=post_ls ls=pyvrp iter=8
2026-03-15 22:46:41 | INFO     | Route #232: 1329 986 176 || mode=rb method=sk_ac_avg solver=pyvrp stage=post_ls ls=pyvrp iter=9
2026-03-15 22:46:41 | INFO     | Route #233: 622 137 1070 1233 || mode=rb method=sk_ac_avg solver=pyvrp stage=post_ls ls=pyvrp iter=9
2026-03-15 22:46:41 | INFO     | Route #234: 264 896 1110 196 || mode=scp method=gurobi_mip solver=None stage=scp_post_ls ls=N/A iter=9
2026-03-15 22:46:41 | INFO     | Route #235: 204 502 915 291 812 || mode=vb method=k_medoids_pyclustering solver=filo2 stage=post_ls ls=pyvrp iter=10
2026-03-15 22:46:41 | INFO     | Route #236: 765 370 175 || mode=vb method=k_medoids_pyclustering solver=filo2 stage=post_ls ls=pyvrp iter=10
2026-03-15 22:46:41 | INFO     | Route #237: 1182 1103 1154 || mode=rb method=sk_kmeans solver=pyvrp stage=post_ls ls=pyvrp iter=11
2026-03-15 22:46:41 | INFO     | Route #238: 847 1113 643 214 || mode=rb method=sk_kmeans solver=pyvrp stage=post_ls ls=pyvrp iter=11
2026-03-15 22:46:41 | INFO     | Route #239: 859 513 660 || mode=rb method=sk_kmeans solver=pyvrp stage=post_ls ls=pyvrp iter=11
2026-03-15 22:46:41 | INFO     | Route #240: 800 315 618 || mode=vb method=sk_ac_min solver=pyvrp stage=post_ls ls=pyvrp iter=12
2026-03-15 22:46:41 | INFO     | Route #241: 330 744 775 || mode=scp method=gurobi_mip solver=None stage=scp_post_ls ls=N/A iter=12
2026-03-15 22:46:41 | INFO     | Route #242: 345 387 1237 || mode=scp method=gurobi_mip solver=None stage=scp_post_ls ls=N/A iter=12
2026-03-15 22:46:41 | INFO     | Route #243: 1025 218 714 || mode=rb method=sk_kmeans solver=pyvrp stage=post_ls ls=pyvrp iter=13
2026-03-15 22:46:41 | INFO     | Route #244: 1213 1099 1119 1151 || mode=vb method=sk_ac_complete solver=filo2 stage=post_ls ls=pyvrp iter=14
2026-03-15 22:46:41 | INFO     | Route #245: 110 607 993 1202 || mode=vb method=sk_ac_complete solver=filo2 stage=post_ls ls=pyvrp iter=14
2026-03-15 22:46:41 | INFO     | Route #246: 1005 742 1083 || mode=vb method=sk_ac_complete solver=filo2 stage=post_ls ls=pyvrp iter=14
2026-03-15 22:46:41 | INFO     | Route #247: 1174 1186 386 || mode=vb method=sk_kmeans solver=pyvrp stage=post_ls ls=pyvrp iter=15
2026-03-15 22:46:41 | INFO     | Route #248: 179 192 1276 || mode=scp method=gurobi_mip solver=None stage=scp_post_ls ls=N/A iter=15
2026-03-15 22:46:41 | INFO     | Route #249: 636 1231 408 || mode=scp method=gurobi_mip solver=None stage=scp_post_ls ls=N/A iter=15
2026-03-15 22:46:41 | INFO     | Route #250: 962 203 547 || mode=rb method=sk_ac_min solver=filo2 stage=post_ls ls=pyvrp iter=16
2026-03-15 22:46:41 | INFO     | Route #251: 867 222 961 1006 || mode=rb method=sk_ac_min solver=filo2 stage=post_ls ls=pyvrp iter=16
2026-03-15 22:46:41 | INFO     | Route #252: 1091 533 434 927 325 1043 1077 || mode=rb method=sk_ac_min solver=filo2 stage=post_ls ls=pyvrp iter=16
2026-03-15 22:46:41 | INFO     | Route #253: 399 1133 1303 261 959 189 67 156 1273 144 || mode=vb method=sk_ac_min solver=filo2 stage=post_ls ls=pyvrp iter=17
2026-03-15 22:46:41 | INFO     | Route #254: 392 42 249 1159 1000 1160 || mode=vb method=sk_ac_avg solver=filo1 stage=post_ls ls=pyvrp iter=18
2026-03-15 22:46:41 | INFO     | Route #255: 443 917 288 36 764 || mode=vb method=sk_ac_avg solver=filo1 stage=post_ls ls=pyvrp iter=18
2026-03-15 22:46:41 | INFO     | Route #256: 75 768 713 1299 1183 699 || mode=vb method=sk_ac_avg solver=filo1 stage=post_ls ls=pyvrp iter=18
2026-03-15 22:46:41 | INFO     | Route #257: 499 649 97 || mode=vb method=sk_ac_avg solver=filo1 stage=post_ls ls=pyvrp iter=18
2026-03-15 22:46:41 | INFO     | Route #258: 1270 484 1361 369 287 784 427 1084 13 || mode=vb method=sk_ac_avg solver=filo1 stage=post_ls ls=pyvrp iter=18
2026-03-15 22:46:41 | INFO     | Route #259: 795 139 1055 901 298 61 1198 432 1199 || mode=vb method=sk_ac_avg solver=filo1 stage=post_ls ls=pyvrp iter=18
2026-03-15 22:46:41 | INFO     | Route #260: 801 1372 240 574 904 462 771 || mode=vb method=sk_ac_avg solver=filo1 stage=post_ls ls=pyvrp iter=18
2026-03-15 22:46:41 | INFO     | Route #261: 161 826 599 19 205 1012 678 441 530 788 834 223 || mode=vb method=sk_ac_avg solver=filo1 stage=post_ls ls=pyvrp iter=18
2026-03-15 22:46:41 | INFO     | Route #262: 684 1170 1238 || mode=vb method=sk_ac_avg solver=filo1 stage=post_ls ls=pyvrp iter=18
2026-03-15 22:46:41 | INFO     | Route #263: 773 124 2 1049 || mode=vb method=sk_ac_avg solver=filo1 stage=post_ls ls=pyvrp iter=18
2026-03-15 22:46:41 | INFO     | Route #264: 243 1060 186 566 977 912 573 402 1373 996 1150 640 || mode=vb method=sk_ac_avg solver=filo1 stage=post_ls ls=pyvrp iter=18
2026-03-15 22:46:41 | INFO     | Route #265: 166 863 350 881 1009 360 481 1252 849 || mode=vb method=sk_ac_avg solver=filo1 stage=post_ls ls=pyvrp iter=18
2026-03-15 22:46:41 | INFO     | Route #266: 69 1165 319 1274 154 1212 1221 1287 286 1090 796 500 || mode=vb method=sk_ac_avg solver=filo1 stage=post_ls ls=pyvrp iter=18
2026-03-15 22:46:41 | INFO     | Route #267: 576 198 1116 642 1147 376 226 935 474 108 || mode=vb method=sk_ac_avg solver=filo1 stage=post_ls ls=pyvrp iter=18
2026-03-15 22:46:41 | INFO     | Route #268: 151 1280 967 136 363 664 489 265 || mode=vb method=sk_ac_avg solver=filo1 stage=post_ls ls=pyvrp iter=18
2026-03-15 22:46:41 | INFO     | Route #269: 1219 1169 4 673 743 632 1052 || mode=vb method=sk_ac_avg solver=filo1 stage=post_ls ls=pyvrp iter=18
2026-03-15 22:46:41 | INFO     | Route #270: 47 857 459 662 824 656 1223 || mode=vb method=sk_ac_avg solver=filo1 stage=post_ls ls=pyvrp iter=18
2026-03-15 22:46:41 | INFO     | Route #271: 770 941 1353 134 333 442 716 393 148 565 1171 553 || mode=vb method=sk_ac_avg solver=filo1 stage=post_ls ls=pyvrp iter=18
2026-03-15 22:46:41 | INFO     | Route #272: 1222 984 1036 631 593 1030 296 1191 982 413 146 98 1225 || mode=vb method=sk_ac_avg solver=filo1 stage=post_ls ls=pyvrp iter=18
2026-03-15 22:46:41 | INFO     | Route #273: 856 57 946 448 1226 1357 178 738 391 889 231 || mode=vb method=sk_ac_avg solver=filo1 stage=post_ls ls=pyvrp iter=18
2026-03-15 22:46:41 | INFO     | Route #274: 84 309 955 613 549 621 1322 966 883 874 873 1192 211 || mode=vb method=sk_ac_avg solver=filo1 stage=post_ls ls=pyvrp iter=18
2026-03-15 22:46:41 | INFO     | Route #275: 419 976 724 735 831 123 989 1138 || mode=vb method=sk_ac_avg solver=filo1 stage=post_ls ls=pyvrp iter=18
2026-03-15 22:46:41 | INFO     | Route #276: 1038 453 259 206 155 567 526 245 809 || mode=vb method=sk_ac_avg solver=filo1 stage=post_ls ls=pyvrp iter=18
2026-03-15 22:46:41 | INFO     | Route #277: 1265 542 1236 1285 641 255 322 894 762 || mode=vb method=sk_ac_avg solver=filo1 stage=post_ls ls=pyvrp iter=18
2026-03-15 22:46:41 | INFO     | Route #278: 1302 813 27 726 763 457 436 306 90 979 486 77 113 || mode=vb method=sk_ac_avg solver=filo1 stage=post_ls ls=pyvrp iter=18
2026-03-15 22:46:41 | INFO     | Route #279: 430 1142 3 141 1193 690 898 1065 1294 18 1269 32 956 1309 || mode=vb method=sk_ac_avg solver=filo1 stage=post_ls ls=pyvrp iter=18
2026-03-15 22:46:41 | INFO     | Route #280: 414 696 1059 68 1321 99 1027 394 1048 851 1102 || mode=vb method=sk_ac_avg solver=filo1 stage=post_ls ls=pyvrp iter=18
2026-03-15 22:46:41 | INFO     | Route #281: 722 334 87 17 428 1241 754 750 638 464 || mode=vb method=sk_ac_avg solver=filo1 stage=post_ls ls=pyvrp iter=18
2026-03-15 22:46:41 | INFO     | Route #282: 965 184 610 100 293 1141 406 1178 689 || mode=vb method=sk_ac_avg solver=filo1 stage=post_ls ls=pyvrp iter=18
2026-03-15 22:46:41 | INFO     | Route #283: 397 371 1312 972 954 1020 95 1045 || mode=vb method=sk_ac_avg solver=filo1 stage=post_ls ls=pyvrp iter=18
2026-03-15 22:46:41 | INFO     | 
2026-03-15 22:46:41 | INFO     | [BEST SOLUTION ROUTE SUMMARY]
2026-03-15 22:46:41 | INFO     | --------------------------------------------------------------------------------
2026-03-15 22:46:41 | INFO     |  139 routes | VB    | sk_kmeans       | solver=filo2      | stage=post_ls | ls=pyvrp
2026-03-15 22:46:41 | INFO     |   30 routes | VB    | sk_ac_avg       | solver=filo1      | stage=post_ls | ls=pyvrp
2026-03-15 22:46:41 | INFO     |   26 routes | VB    | k_medoids_pyclustering | solver=filo1      | stage=post_ls | ls=pyvrp
2026-03-15 22:46:41 | INFO     |   20 routes | RB    | sk_ac_complete  | solver=pyvrp      | stage=post_ls | ls=pyvrp
2026-03-15 22:46:41 | INFO     |   19 routes | RB    | sk_ac_avg       | solver=pyvrp      | stage=post_ls | ls=pyvrp
2026-03-15 22:46:41 | INFO     |   12 routes | VB    | sk_kmeans       | solver=pyvrp      | stage=post_ls | ls=pyvrp
2026-03-15 22:46:41 | INFO     |    8 routes | RB    | sk_kmeans       | solver=filo1      | stage=post_ls | ls=pyvrp
2026-03-15 22:46:41 | INFO     |    8 routes | SCP   | gurobi_mip      | solver=UNKNOWN    | stage=scp_post_ls | ls=N/A
2026-03-15 22:46:41 | INFO     |    6 routes | VB    | sk_ac_complete  | solver=pyvrp      | stage=post_ls | ls=pyvrp
2026-03-15 22:46:41 | INFO     |    5 routes | RB    | sk_kmeans       | solver=pyvrp      | stage=post_ls | ls=pyvrp
2026-03-15 22:46:41 | INFO     |    3 routes | RB    | sk_ac_min       | solver=filo2      | stage=post_ls | ls=pyvrp
2026-03-15 22:46:41 | INFO     |    3 routes | VB    | sk_ac_complete  | solver=filo2      | stage=post_ls | ls=pyvrp
2026-03-15 22:46:41 | INFO     |    2 routes | VB    | k_medoids_pyclustering | solver=filo2      | stage=post_ls | ls=pyvrp
2026-03-15 22:46:41 | INFO     |    1 routes | VB    | sk_ac_min       | solver=filo2      | stage=post_ls | ls=pyvrp
2026-03-15 22:46:41 | INFO     |    1 routes | VB    | sk_ac_min       | solver=pyvrp      | stage=post_ls | ls=pyvrp
2026-03-15 22:46:41 | INFO     | 
2026-03-15 22:46:41 | INFO     | [ROUTE POOL SUMMARY]
2026-03-15 22:46:41 | INFO     |   387 routes | VB | sk_kmeans | solver=pyvrp | stage=post_ls | ls=pyvrp
2026-03-15 22:46:41 | INFO     |   376 routes | RB | sk_ac_avg | solver=pyvrp | stage=post_ls | ls=pyvrp
2026-03-15 22:46:41 | INFO     |   358 routes | RB | sk_kmeans | solver=pyvrp | stage=post_ls | ls=pyvrp
2026-03-15 22:46:41 | INFO     |   351 routes | VB | k_medoids_pyclustering | solver=filo1 | stage=post_ls | ls=pyvrp
2026-03-15 22:46:41 | INFO     |   284 routes | VB | sk_kmeans | solver=filo2 | stage=post_ls | ls=pyvrp
2026-03-15 22:46:41 | INFO     |   188 routes | VB | sk_ac_min | solver=pyvrp | stage=post_ls | ls=pyvrp
2026-03-15 22:46:41 | INFO     |   180 routes | VB | sk_ac_complete | solver=pyvrp | stage=post_ls | ls=pyvrp
2026-03-15 22:46:41 | INFO     |   176 routes | VB | k_medoids_pyclustering | solver=pyvrp | stage=post_ls | ls=pyvrp
2026-03-15 22:46:41 | INFO     |   172 routes | RB | sk_ac_min | solver=filo2 | stage=post_ls | ls=pyvrp
2026-03-15 22:46:41 | INFO     |   170 routes | RB | sk_ac_complete | solver=pyvrp | stage=post_ls | ls=pyvrp
2026-03-15 22:46:41 | INFO     |   165 routes | VB | sk_ac_min | solver=filo2 | stage=post_ls | ls=pyvrp
2026-03-15 22:46:41 | INFO     |   129 routes | RB | sk_kmeans | solver=filo1 | stage=post_ls | ls=pyvrp
2026-03-15 22:46:41 | INFO     |   126 routes | VB | sk_ac_complete | solver=filo2 | stage=post_ls | ls=pyvrp
2026-03-15 22:46:41 | INFO     |   116 routes | VB | k_medoids_pyclustering | solver=filo2 | stage=post_ls | ls=pyvrp
2026-03-15 22:46:41 | INFO     |   101 routes | VB | sk_ac_avg | solver=filo1 | stage=post_ls | ls=pyvrp
2026-03-15 22:46:41 | INFO     |    14 routes | SCP | gurobi_mip | solver=UNKNOWN | stage=scp_post_ls | ls=N/A
2026-03-15 22:46:41 | INFO     | [XL-n1374-k278 IMPROVED-SCP] best_cost=233966 | Gap: 0.4405%
2026-03-15 22:46:41 | INFO     | [XL-n1374-k278 ITERATION-TIMES 21] cluster=0.076s routing=645.967s ls=17.867s scp=10014.772s total=10678.753s
2026-03-15 22:46:41 | WARNING  | [XL-n1374-k278 STOP] time limit reached
2026-03-15 22:46:41 | INFO     | [XL-n1374-k278 FINAL SCP] solver=gurobi_mip | route_pool=3293
2026-03-16 01:33:22 | WARNING  | [XL-n1374-k278 SCP] not optimal (status=9)
2026-03-16 01:33:54 | INFO     | 
2026-03-16 01:33:54 | INFO     | ================================================================================
2026-03-16 01:33:54 | INFO     | [XL-n1374-k278] FINAL BEST ROUTES WITH TAGS
2026-03-16 01:33:54 | INFO     | ================================================================================
2026-03-16 01:33:54 | INFO     | Route #1: 1311 654 1317 426 || mode=VB method=sk_kmeans solver=filo2 stage=post_ls ls=pyvrp iter=1
2026-03-16 01:33:54 | INFO     | Route #2: 753 571 480 || mode=VB method=sk_kmeans solver=filo2 stage=post_ls ls=pyvrp iter=1
2026-03-16 01:33:54 | INFO     | Route #3: 994 663 1367 || mode=VB method=sk_kmeans solver=filo2 stage=post_ls ls=pyvrp iter=1
2026-03-16 01:33:54 | INFO     | Route #4: 1172 301 1074 || mode=VB method=sk_kmeans solver=filo2 stage=post_ls ls=pyvrp iter=1
2026-03-16 01:33:54 | INFO     | Route #5: 358 751 1128 || mode=VB method=sk_kmeans solver=filo2 stage=post_ls ls=pyvrp iter=1
2026-03-16 01:33:54 | INFO     | Route #6: 804 626 737 || mode=VB method=sk_kmeans solver=filo2 stage=post_ls ls=pyvrp iter=1
2026-03-16 01:33:54 | INFO     | Route #7: 522 492 510 1002 || mode=VB method=sk_kmeans solver=filo2 stage=post_ls ls=pyvrp iter=1
2026-03-16 01:33:54 | INFO     | Route #8: 64 396 805 || mode=VB method=sk_kmeans solver=filo2 stage=post_ls ls=pyvrp iter=1
2026-03-16 01:33:54 | INFO     | Route #9: 21 62 1114 || mode=VB method=sk_kmeans solver=filo2 stage=post_ls ls=pyvrp iter=1
2026-03-16 01:33:54 | INFO     | Route #10: 783 578 859 || mode=VB method=sk_kmeans solver=filo2 stage=post_ls ls=pyvrp iter=1
2026-03-16 01:33:54 | INFO     | Route #11: 465 710 412 || mode=VB method=sk_kmeans solver=filo2 stage=post_ls ls=pyvrp iter=1
2026-03-16 01:33:54 | INFO     | Route #12: 120 591 546 || mode=VB method=sk_kmeans solver=filo2 stage=post_ls ls=pyvrp iter=1
2026-03-16 01:33:54 | INFO     | Route #13: 1237 387 1117 || mode=VB method=sk_kmeans solver=filo2 stage=post_ls ls=pyvrp iter=1
2026-03-16 01:33:54 | INFO     | Route #14: 1215 869 1325 || mode=VB method=sk_kmeans solver=filo2 stage=post_ls ls=pyvrp iter=1
2026-03-16 01:33:54 | INFO     | Route #15: 899 143 1344 884 || mode=VB method=sk_kmeans solver=filo2 stage=post_ls ls=pyvrp iter=1
2026-03-16 01:33:54 | INFO     | Route #16: 972 166 1091 927 325 1043 1077 || mode=VB method=sk_kmeans solver=filo2 stage=post_ls ls=pyvrp iter=1
2026-03-16 01:33:54 | INFO     | Route #17: 602 985 730 || mode=VB method=sk_kmeans solver=filo2 stage=post_ls ls=pyvrp iter=1
2026-03-16 01:33:54 | INFO     | Route #18: 1075 1349 661 || mode=VB method=sk_kmeans solver=filo2 stage=post_ls ls=pyvrp iter=1
2026-03-16 01:33:54 | INFO     | Route #19: 192 802 483 315 || mode=VB method=sk_kmeans solver=filo2 stage=post_ls ls=pyvrp iter=1
2026-03-16 01:33:54 | INFO     | Route #20: 321 1101 1362 || mode=VB method=sk_kmeans solver=filo2 stage=post_ls ls=pyvrp iter=1
2026-03-16 01:33:54 | INFO     | Route #21: 1292 723 285 || mode=VB method=sk_kmeans solver=filo2 stage=post_ls ls=pyvrp iter=1
2026-03-16 01:33:54 | INFO     | Route #22: 53 1018 431 || mode=VB method=sk_kmeans solver=filo2 stage=post_ls ls=pyvrp iter=1
2026-03-16 01:33:54 | INFO     | Route #23: 841 1041 932 || mode=VB method=sk_kmeans solver=filo2 stage=post_ls ls=pyvrp iter=1
2026-03-16 01:33:54 | INFO     | Route #24: 646 236 263 || mode=VB method=sk_kmeans solver=filo2 stage=post_ls ls=pyvrp iter=1
2026-03-16 01:33:54 | INFO     | Route #25: 1310 821 80 || mode=VB method=sk_kmeans solver=filo2 stage=post_ls ls=pyvrp iter=1
2026-03-16 01:33:54 | INFO     | Route #26: 235 16 1109 1161 215 168 612 || mode=VB method=sk_kmeans solver=filo2 stage=post_ls ls=pyvrp iter=1
2026-03-16 01:33:54 | INFO     | Route #27: 4 1304 991 119 || mode=VB method=sk_kmeans solver=filo2 stage=post_ls ls=pyvrp iter=1
2026-03-16 01:33:54 | INFO     | Route #28: 254 469 634 || mode=VB method=sk_kmeans solver=filo2 stage=post_ls ls=pyvrp iter=1
2026-03-16 01:33:54 | INFO     | Route #29: 867 961 992 1006 || mode=VB method=sk_kmeans solver=filo2 stage=post_ls ls=pyvrp iter=1
2026-03-16 01:33:54 | INFO     | Route #30: 701 199 563 || mode=VB method=sk_kmeans solver=filo2 stage=post_ls ls=pyvrp iter=1
2026-03-16 01:33:54 | INFO     | Route #31: 1345 339 797 || mode=VB method=sk_kmeans solver=filo2 stage=post_ls ls=pyvrp iter=1
2026-03-16 01:33:54 | INFO     | Route #32: 853 382 624 || mode=VB method=sk_kmeans solver=filo2 stage=post_ls ls=pyvrp iter=1
2026-03-16 01:33:54 | INFO     | Route #33: 1208 9 1131 || mode=VB method=sk_kmeans solver=filo2 stage=post_ls ls=pyvrp iter=1
2026-03-16 01:33:54 | INFO     | Route #34: 584 999 830 || mode=VB method=sk_kmeans solver=filo2 stage=post_ls ls=pyvrp iter=1
2026-03-16 01:33:54 | INFO     | Route #35: 102 907 590 || mode=VB method=sk_kmeans solver=filo2 stage=post_ls ls=pyvrp iter=1
2026-03-16 01:33:54 | INFO     | Route #36: 1112 527 579 336 || mode=VB method=sk_kmeans solver=filo2 stage=post_ls ls=pyvrp iter=1
2026-03-16 01:33:54 | INFO     | Route #37: 113 77 434 533 1199 486 394 1048 851 || mode=VB method=sk_kmeans solver=filo2 stage=post_ls ls=pyvrp iter=1
2026-03-16 01:33:54 | INFO     | Route #38: 1301 682 832 1359 || mode=VB method=sk_kmeans solver=filo2 stage=post_ls ls=pyvrp iter=1
2026-03-16 01:33:54 | INFO     | Route #39: 706 1001 1263 || mode=VB method=sk_kmeans solver=filo2 stage=post_ls ls=pyvrp iter=1
2026-03-16 01:33:54 | INFO     | Route #40: 1078 658 424 1176 || mode=VB method=sk_kmeans solver=filo2 stage=post_ls ls=pyvrp iter=1
2026-03-16 01:33:54 | INFO     | Route #41: 1338 1257 241 || mode=VB method=sk_kmeans solver=filo2 stage=post_ls ls=pyvrp iter=1
2026-03-16 01:33:54 | INFO     | Route #42: 262 1337 172 || mode=VB method=sk_kmeans solver=filo2 stage=post_ls ls=pyvrp iter=1
2026-03-16 01:33:54 | INFO     | Route #43: 279 327 177 117 516 545 91 1181 780 || mode=VB method=sk_kmeans solver=filo2 stage=post_ls ls=pyvrp iter=1
2026-03-16 01:33:54 | INFO     | Route #44: 958 289 1259 || mode=VB method=sk_kmeans solver=filo2 stage=post_ls ls=pyvrp iter=1
2026-03-16 01:33:54 | INFO     | Route #45: 1056 660 416 || mode=VB method=sk_kmeans solver=filo2 stage=post_ls ls=pyvrp iter=1
2026-03-16 01:33:54 | INFO     | Route #46: 1184 942 103 || mode=VB method=sk_kmeans solver=filo2 stage=post_ls ls=pyvrp iter=1
2026-03-16 01:33:54 | INFO     | Route #47: 875 798 704 || mode=VB method=sk_kmeans solver=filo2 stage=post_ls ls=pyvrp iter=1
2026-03-16 01:33:54 | INFO     | Route #48: 20 684 1170 || mode=VB method=sk_kmeans solver=filo2 stage=post_ls ls=pyvrp iter=1
2026-03-16 01:33:54 | INFO     | Route #49: 410 35 518 || mode=VB method=sk_kmeans solver=filo2 stage=post_ls ls=pyvrp iter=1
2026-03-16 01:33:54 | INFO     | Route #50: 1341 548 280 1207 || mode=VB method=sk_kmeans solver=filo2 stage=post_ls ls=pyvrp iter=1
2026-03-16 01:33:54 | INFO     | Route #51: 1365 374 675 843 || mode=VB method=sk_kmeans solver=filo2 stage=post_ls ls=pyvrp iter=1
2026-03-16 01:33:54 | INFO     | Route #52: 83 1230 33 || mode=VB method=sk_kmeans solver=filo2 stage=post_ls ls=pyvrp iter=1
2026-03-16 01:33:54 | INFO     | Route #53: 1331 38 1100 639 || mode=VB method=sk_kmeans solver=filo2 stage=post_ls ls=pyvrp iter=1
2026-03-16 01:33:54 | INFO     | Route #54: 135 1290 8 || mode=VB method=sk_kmeans solver=filo2 stage=post_ls ls=pyvrp iter=1
2026-03-16 01:33:54 | INFO     | Route #55: 512 872 197 54 437 || mode=VB method=sk_kmeans solver=filo2 stage=post_ls ls=pyvrp iter=1
2026-03-16 01:33:54 | INFO     | Route #56: 1218 1248 1126 || mode=VB method=sk_kmeans solver=filo2 stage=post_ls ls=pyvrp iter=1
2026-03-16 01:33:54 | INFO     | Route #57: 933 22 501 || mode=VB method=sk_kmeans solver=filo2 stage=post_ls ls=pyvrp iter=1
2026-03-16 01:33:54 | INFO     | Route #58: 14 361 487 855 212 244 1180 520 || mode=VB method=sk_kmeans solver=filo2 stage=post_ls ls=pyvrp iter=1
2026-03-16 01:33:54 | INFO     | Route #59: 15 150 125 || mode=VB method=sk_kmeans solver=filo2 stage=post_ls ls=pyvrp iter=1
2026-03-16 01:33:54 | INFO     | Route #60: 45 1173 503 || mode=VB method=sk_kmeans solver=filo2 stage=post_ls ls=pyvrp iter=1
2026-03-16 01:33:54 | INFO     | Route #61: 882 379 228 310 169 || mode=VB method=sk_kmeans solver=filo2 stage=post_ls ls=pyvrp iter=1
2026-03-16 01:33:54 | INFO     | Route #62: 1105 72 400 || mode=VB method=sk_kmeans solver=filo2 stage=post_ls ls=pyvrp iter=1
2026-03-16 01:33:54 | INFO     | Route #63: 886 1297 78 || mode=VB method=sk_kmeans solver=filo2 stage=post_ls ls=pyvrp iter=1
2026-03-16 01:33:54 | INFO     | Route #64: 929 312 131 || mode=VB method=sk_kmeans solver=filo2 stage=post_ls ls=pyvrp iter=1
2026-03-16 01:33:54 | INFO     | Route #65: 462 904 574 763 457 901 1027 309 || mode=VB method=sk_kmeans solver=filo2 stage=post_ls ls=pyvrp iter=1
2026-03-16 01:33:54 | INFO     | Route #66: 973 71 920 || mode=VB method=sk_kmeans solver=filo2 stage=post_ls ls=pyvrp iter=1
2026-03-16 01:33:54 | INFO     | Route #67: 299 604 1088 1316 903 436 306 955 696 || mode=VB method=sk_kmeans solver=filo2 stage=post_ls ls=pyvrp iter=1
2026-03-16 01:33:54 | INFO     | Route #68: 13 1084 427 784 287 369 1223 1361 1222 || mode=VB method=sk_kmeans solver=filo2 stage=post_ls ls=pyvrp iter=1
2026-03-16 01:33:54 | INFO     | Route #69: 1336 1152 1032 || mode=VB method=sk_kmeans solver=filo2 stage=post_ls ls=pyvrp iter=1
2026-03-16 01:33:54 | INFO     | Route #70: 694 1240 842 928 || mode=VB method=sk_kmeans solver=filo2 stage=post_ls ls=pyvrp iter=1
2026-03-16 01:33:54 | INFO     | Route #71: 605 283 648 655 506 44 || mode=VB method=sk_kmeans solver=filo2 stage=post_ls ls=pyvrp iter=1
2026-03-16 01:33:54 | INFO     | Route #72: 619 1227 404 1279 || mode=VB method=sk_kmeans solver=filo2 stage=post_ls ls=pyvrp iter=1
2026-03-16 01:33:54 | INFO     | Route #73: 1052 184 484 136 363 664 489 265 553 || mode=VB method=sk_kmeans solver=filo2 stage=post_ls ls=pyvrp iter=1
2026-03-16 01:33:54 | INFO     | Route #74: 128 877 1206 311 811 246 89 848 || mode=VB method=sk_kmeans solver=filo2 stage=post_ls ls=pyvrp iter=1
2026-03-16 01:33:54 | INFO     | Route #75: 414 1102 795 139 432 1198 669 881 350 863 || mode=VB method=sk_kmeans solver=filo2 stage=post_ls ls=pyvrp iter=1
2026-03-16 01:33:54 | INFO     | Route #76: 564 559 1190 || mode=VB method=sk_kmeans solver=filo2 stage=post_ls ls=pyvrp iter=1
2026-03-16 01:33:54 | INFO     | Route #77: 858 266 523 || mode=VB method=sk_kmeans solver=filo2 stage=post_ls ls=pyvrp iter=1
2026-03-16 01:33:54 | INFO     | Route #78: 822 239 373 || mode=VB method=sk_kmeans solver=filo2 stage=post_ls ls=pyvrp iter=1
2026-03-16 01:33:54 | INFO     | Route #79: 800 203 547 || mode=VB method=sk_kmeans solver=filo2 stage=post_ls ls=pyvrp iter=1
2026-03-16 01:33:54 | INFO     | Route #80: 727 1071 913 1120 1315 820 1148 || mode=VB method=sk_kmeans solver=filo2 stage=post_ls ls=pyvrp iter=1
2026-03-16 01:33:54 | INFO     | Route #81: 1268 978 473 || mode=VB method=sk_kmeans solver=filo2 stage=post_ls ls=pyvrp iter=1
2026-03-16 01:33:54 | INFO     | Route #82: 202 729 711 || mode=VB method=sk_kmeans solver=filo2 stage=post_ls ls=pyvrp iter=1
2026-03-16 01:33:54 | INFO     | Route #83: 278 777 732 || mode=VB method=sk_kmeans solver=filo2 stage=post_ls ls=pyvrp iter=1
2026-03-16 01:33:54 | INFO     | Route #84: 26 381 755 708 1358 || mode=VB method=sk_kmeans solver=filo2 stage=post_ls ls=pyvrp iter=1
2026-03-16 01:33:54 | INFO     | Route #85: 818 1254 52 || mode=VB method=sk_kmeans solver=filo2 stage=post_ls ls=pyvrp iter=1
2026-03-16 01:33:54 | INFO     | Route #86: 368 880 1081 || mode=VB method=sk_kmeans solver=filo2 stage=post_ls ls=pyvrp iter=1
2026-03-16 01:33:54 | INFO     | Route #87: 30 876 760 251 || mode=VB method=sk_kmeans solver=filo2 stage=post_ls ls=pyvrp iter=1
2026-03-16 01:33:54 | INFO     | Route #88: 206 479 762 894 322 255 641 1285 1236 1229 70 185 || mode=VB method=sk_kmeans solver=filo2 stage=post_ls ls=pyvrp iter=1
2026-03-16 01:33:54 | INFO     | Route #89: 130 145 980 || mode=VB method=sk_kmeans solver=filo2 stage=post_ls ls=pyvrp iter=1
2026-03-16 01:33:54 | INFO     | Route #90: 342 1363 1261 1342 || mode=VB method=sk_kmeans solver=filo2 stage=post_ls ls=pyvrp iter=1
2026-03-16 01:33:54 | INFO     | Route #91: 1352 674 803 || mode=VB method=sk_kmeans solver=filo2 stage=post_ls ls=pyvrp iter=1
2026-03-16 01:33:54 | INFO     | Route #92: 2 699 768 764 151 || mode=VB method=sk_kmeans solver=filo2 stage=post_ls ls=pyvrp iter=1
2026-03-16 01:33:54 | INFO     | Route #93: 1104 1200 440 || mode=VB method=sk_kmeans solver=filo2 stage=post_ls ls=pyvrp iter=1
2026-03-16 01:33:54 | INFO     | Route #94: 1253 1256 331 652 76 || mode=VB method=sk_kmeans solver=filo2 stage=post_ls ls=pyvrp iter=1
2026-03-16 01:33:54 | INFO     | Route #95: 208 460 789 292 582 348 944 1035 752 || mode=VB method=sk_kmeans solver=filo2 stage=post_ls ls=pyvrp iter=1
2026-03-16 01:33:54 | INFO     | Route #96: 988 34 1156 || mode=VB method=sk_kmeans solver=filo2 stage=post_ls ls=pyvrp iter=1
2026-03-16 01:33:54 | INFO     | Route #97: 352 951 157 1003 1095 569 637 || mode=VB method=sk_kmeans solver=filo2 stage=post_ls ls=pyvrp iter=1
2026-03-16 01:33:54 | INFO     | Route #98: 1124 282 372 112 || mode=VB method=sk_kmeans solver=filo2 stage=post_ls ls=pyvrp iter=1
2026-03-16 01:33:54 | INFO     | Route #99: 946 57 1372 240 801 771 259 453 || mode=VB method=sk_kmeans solver=filo2 stage=post_ls ls=pyvrp iter=1
2026-03-16 01:33:54 | INFO     | Route #100: 186 32 1269 956 912 1309 566 977 402 1373 1060 1160 || mode=VB method=sk_kmeans solver=filo2 stage=post_ls ls=pyvrp iter=1
2026-03-16 01:33:54 | INFO     | Route #101: 302 31 106 974 || mode=VB method=sk_kmeans solver=filo2 stage=post_ls ls=pyvrp iter=1
2026-03-16 01:33:54 | INFO     | Route #102: 975 1247 351 227 900 514 252 1332 1327 823 || mode=VB method=sk_kmeans solver=filo2 stage=post_ls ls=pyvrp iter=1
2026-03-16 01:33:54 | INFO     | Route #103: 1159 573 750 17 87 334 249 42 || mode=VB method=sk_kmeans solver=filo2 stage=post_ls ls=pyvrp iter=1
2026-03-16 01:33:54 | INFO     | Route #104: 721 945 1107 60 || mode=VB method=sk_kmeans solver=filo2 stage=post_ls ls=pyvrp iter=1
2026-03-16 01:33:54 | INFO     | Route #105: 936 1066 392 || mode=VB method=sk_kmeans solver=filo2 stage=post_ls ls=pyvrp iter=1
2026-03-16 01:33:54 | INFO     | Route #106: 666 1328 1360 || mode=VB method=sk_kmeans solver=filo2 stage=post_ls ls=pyvrp iter=1
2026-03-16 01:33:54 | INFO     | Route #107: 776 167 766 535 695 1155 617 477 || mode=VB method=sk_kmeans solver=filo2 stage=post_ls ls=pyvrp iter=1
2026-03-16 01:33:54 | INFO     | Route #108: 75 649 97 838 || mode=VB method=sk_kmeans solver=filo2 stage=post_ls ls=pyvrp iter=1
2026-03-16 01:33:54 | INFO     | Route #109: 635 201 115 || mode=VB method=sk_kmeans solver=filo2 stage=post_ls ls=pyvrp iter=1
2026-03-16 01:33:54 | INFO     | Route #110: 1183 28 1370 499 || mode=VB method=sk_kmeans solver=filo2 stage=post_ls ls=pyvrp iter=1
2026-03-16 01:33:54 | INFO     | Route #111: 253 815 504 1130 || mode=VB method=sk_kmeans solver=filo2 stage=post_ls ls=pyvrp iter=1
2026-03-16 01:33:54 | INFO     | Route #112: 418 862 773 124 || mode=VB method=sk_kmeans solver=filo2 stage=post_ls ls=pyvrp iter=1
2026-03-16 01:33:54 | INFO     | Route #113: 1270 84 989 371 1312 954 1020 95 397 || mode=VB method=sk_kmeans solver=filo2 stage=post_ls ls=pyvrp iter=1
2026-03-16 01:33:54 | INFO     | Route #114: 1193 690 898 1065 18 1294 1241 428 754 638 || mode=VB method=sk_kmeans solver=filo2 stage=post_ls ls=pyvrp iter=1
2026-03-16 01:33:54 | INFO     | Route #115: 29 840 1143 879 1334 375 558 1139 672 1008 1079 || mode=VB method=sk_kmeans solver=filo2 stage=post_ls ls=pyvrp iter=1
2026-03-16 01:33:54 | INFO     | Route #116: 586 969 37 866 || mode=VB method=sk_kmeans solver=filo2 stage=post_ls ls=pyvrp iter=1
2026-03-16 01:33:54 | INFO     | Route #117: 640 1299 36 1150 996 464 1000 722 443 || mode=VB method=sk_kmeans solver=filo2 stage=post_ls ls=pyvrp iter=1
2026-03-16 01:33:54 | INFO     | Route #118: 329 911 260 41 1220 40 819 861 810 || mode=VB method=sk_kmeans solver=filo2 stage=post_ls ls=pyvrp iter=1
2026-03-16 01:33:54 | INFO     | Route #119: 423 931 101 332 417 749 799 1127 1366 540 852 1080 835 || mode=VB method=sk_kmeans solver=filo2 stage=post_ls ls=pyvrp iter=1
2026-03-16 01:33:54 | INFO     | Route #120: 794 182 1371 || mode=VB method=sk_kmeans solver=filo2 stage=post_ls ls=pyvrp iter=1
2026-03-16 01:33:54 | INFO     | Route #121: 68 1321 99 245 526 567 155 1059 || mode=VB method=sk_kmeans solver=filo2 stage=post_ls ls=pyvrp iter=1
2026-03-16 01:33:54 | INFO     | Route #122: 1224 86 668 || mode=VB method=sk_kmeans solver=filo2 stage=post_ls ls=pyvrp iter=1
2026-03-16 01:33:54 | INFO     | Route #123: 1055 613 549 621 1322 966 883 874 873 1192 726 27 813 || mode=VB method=sk_kmeans solver=filo2 stage=post_ls ls=pyvrp iter=1
2026-03-16 01:33:54 | INFO     | Route #124: 670 1177 303 1093 1115 1196 468 || mode=VB method=sk_kmeans solver=filo2 stage=post_ls ls=pyvrp iter=1
2026-03-16 01:33:54 | INFO     | Route #125: 1005 742 1083 1145 || mode=VB method=sk_kmeans solver=filo2 stage=post_ls ls=pyvrp iter=1
2026-03-16 01:33:54 | INFO     | Route #126: 61 298 979 90 92 360 1009 481 1252 || mode=VB method=sk_kmeans solver=filo2 stage=post_ls ls=pyvrp iter=1
2026-03-16 01:33:54 | INFO     | Route #127: 713 288 917 916 || mode=VB method=sk_kmeans solver=filo2 stage=post_ls ls=pyvrp iter=1
2026-03-16 01:33:54 | INFO     | Route #128: 231 967 1280 770 243 1049 1364 222 || mode=VB method=sk_kmeans solver=filo2 stage=post_ls ls=pyvrp iter=1
2026-03-16 01:33:54 | INFO     | Route #129: 11 1157 43 629 772 908 1275 96 1313 667 164 || mode=VB method=sk_kmeans solver=filo2 stage=post_ls ls=pyvrp iter=1
2026-03-16 01:33:54 | INFO     | Route #130: 1291 133 335 532 697 595 850 868 142 || mode=VB method=sk_kmeans solver=filo2 stage=post_ls ls=pyvrp iter=1
2026-03-16 01:33:54 | INFO     | Route #131: 463 1239 58 1214 793 1246 1167 491 1201 56 || mode=VB method=sk_kmeans solver=filo2 stage=post_ls ls=pyvrp iter=1
2026-03-16 01:33:54 | INFO     | Route #132: 213 1306 1021 1355 || mode=VB method=sk_kmeans solver=filo2 stage=post_ls ls=pyvrp iter=1
2026-03-16 01:33:54 | INFO     | Route #133: 1163 1346 971 998 885 1158 745 326 219 || mode=VB method=sk_kmeans solver=filo2 stage=post_ls ls=pyvrp iter=1
2026-03-16 01:33:54 | INFO     | Route #134: 1042 452 645 715 1010 970 39 918 140 || mode=VB method=sk_kmeans solver=filo2 stage=post_ls ls=pyvrp iter=1
2026-03-16 01:33:54 | INFO     | Route #135: 1031 555 247 910 720 878 46 343 1072 276 || mode=VB method=sk_kmeans solver=filo2 stage=post_ls ls=pyvrp iter=1
2026-03-16 01:33:54 | INFO     | Route #136: 809 1302 211 1013 515 1050 353 281 1185 860 644 421 1188 347 340 539 55 || mode=VB method=sk_kmeans solver=filo2 stage=post_ls ls=pyvrp iter=1
2026-03-16 01:33:54 | INFO     | Route #137: 318 1195 1146 456 1243 902 538 || mode=VB method=sk_kmeans solver=filo2 stage=post_ls ls=pyvrp iter=1
2026-03-16 01:33:54 | INFO     | Route #138: 1033 581 769 1064 94 195 781 191 || mode=VB method=sk_kmeans solver=filo2 stage=post_ls ls=pyvrp iter=1
2026-03-16 01:33:54 | INFO     | Route #139: 719 1266 627 892 556 909 149 216 || mode=VB method=sk_kmeans solver=filo2 stage=post_ls ls=pyvrp iter=1
2026-03-16 01:33:54 | INFO     | Route #140: 293 406 735 724 123 831 1141 1045 1138 || mode=VB method=sk_kmeans solver=filo2 stage=post_ls ls=pyvrp iter=1
2026-03-16 01:33:54 | INFO     | Route #141: 450 1333 870 597 865 897 256 1228 267 686 420 494 1356 703 || mode=VB method=sk_kmeans solver=filo2 stage=post_ls ls=pyvrp iter=1
2026-03-16 01:33:54 | INFO     | Route #142: 438 482 1284 544 126 295 676 890 845 224 1249 129 950 || mode=VB method=sk_kmeans solver=filo2 stage=post_ls ls=pyvrp iter=1
2026-03-16 01:33:54 | INFO     | Route #143: 887 1046 25 665 1343 560 828 937 1122 || mode=VB method=sk_kmeans solver=filo2 stage=post_ls ls=pyvrp iter=1
2026-03-16 01:33:54 | INFO     | Route #144: 1085 1189 158 1282 580 1318 23 528 1098 194 488 || mode=VB method=sk_kmeans solver=filo2 stage=post_ls ls=pyvrp iter=1
2026-03-16 01:33:54 | INFO     | Route #145: 531 561 1137 949 447 59 105 615 1210 1300 995 585 || mode=VB method=sk_kmeans solver=filo2 stage=post_ls ls=pyvrp iter=1
2026-03-16 01:33:54 | INFO     | Route #146: 248 308 272 1319 1121 284 377 1260 707 || mode=VB method=sk_kmeans solver=filo2 stage=post_ls ls=pyvrp iter=1
2026-03-16 01:33:54 | INFO     | Route #147: 134 333 442 393 459 857 148 565 941 || mode=VB method=sk_kmeans solver=filo2 stage=post_ls ls=pyvrp iter=1
2026-03-16 01:33:54 | INFO     | Route #148: 1251 1324 294 671 525 444 1217 || mode=VB method=sk_kmeans solver=filo2 stage=post_ls ls=pyvrp iter=1
2026-03-16 01:33:54 | INFO     | Route #149: 827 568 160 758 746 384 1271 187 606 575 1019 1204 || mode=VB method=sk_kmeans solver=filo2 stage=post_ls ls=pyvrp iter=1
2026-03-16 01:33:54 | INFO     | Route #150: 965 984 656 856 824 1036 1038 631 593 662 98 1225 || mode=VB method=sk_kmeans solver=filo2 stage=post_ls ls=pyvrp iter=1
2026-03-16 01:33:54 | INFO     | Route #151: 65 767 147 681 1264 1108 269 153 1166 497 864 930 || mode=VB method=sk_kmeans solver=filo2 stage=post_ls ls=pyvrp iter=1
2026-03-16 01:33:54 | INFO     | Route #152: 1234 498 551 1351 1242 || mode=VB method=sk_kmeans solver=filo2 stage=post_ls ls=pyvrp iter=1
2026-03-16 01:33:54 | INFO     | Route #153: 268 1174 1186 || mode=RB method=sk_ac_avg solver=pyvrp stage=post_ls ls=pyvrp iter=2
2026-03-16 01:33:54 | INFO     | Route #154: 383 210 300 || mode=RB method=sk_ac_avg solver=pyvrp stage=post_ls ls=pyvrp iter=2
2026-03-16 01:33:54 | INFO     | Route #155: 1076 237 1129 297 || mode=RB method=sk_ac_avg solver=pyvrp stage=post_ls ls=pyvrp iter=2
2026-03-16 01:33:54 | INFO     | Route #156: 152 589 844 || mode=RB method=sk_ac_avg solver=pyvrp stage=post_ls ls=pyvrp iter=2
2026-03-16 01:33:54 | INFO     | Route #157: 230 926 496 || mode=RB method=sk_ac_avg solver=pyvrp stage=post_ls ls=pyvrp iter=2
2026-03-16 01:33:54 | INFO     | Route #158: 257 1281 1295 || mode=RB method=sk_ac_avg solver=pyvrp stage=post_ls ls=pyvrp iter=2
2026-03-16 01:33:54 | INFO     | Route #159: 1011 225 1235 || mode=RB method=sk_ac_avg solver=pyvrp stage=post_ls ls=pyvrp iter=2
2026-03-16 01:33:54 | INFO     | Route #160: 914 1262 455 || mode=RB method=sk_ac_avg solver=pyvrp stage=post_ls ls=pyvrp iter=2
2026-03-16 01:33:54 | INFO     | Route #161: 346 1329 623 || mode=RB method=sk_ac_avg solver=pyvrp stage=post_ls ls=pyvrp iter=2
2026-03-16 01:33:54 | INFO     | Route #162: 1054 1169 1307 594 || mode=SCP method=gurobi_mip solver=UNKNOWN stage=final_scp_post_ls ls=N/A iter=21
2026-03-16 01:33:54 | INFO     | Route #163: 66 785 702 || mode=RB method=sk_ac_avg solver=pyvrp stage=post_ls ls=pyvrp iter=2
2026-03-16 01:33:54 | INFO     | Route #164: 1293 1277 1175 || mode=RB method=sk_ac_avg solver=pyvrp stage=post_ls ls=pyvrp iter=2
2026-03-16 01:33:54 | INFO     | Route #165: 1015 757 680 || mode=RB method=sk_ac_avg solver=pyvrp stage=post_ls ls=pyvrp iter=2
2026-03-16 01:33:54 | INFO     | Route #166: 1094 274 964 || mode=RB method=sk_ac_avg solver=pyvrp stage=post_ls ls=pyvrp iter=2
2026-03-16 01:33:54 | INFO     | Route #167: 10 1347 190 || mode=RB method=sk_ac_avg solver=pyvrp stage=post_ls ls=pyvrp iter=2
2026-03-16 01:33:54 | INFO     | Route #168: 1323 1086 250 || mode=RB method=sk_ac_avg solver=pyvrp stage=post_ls ls=pyvrp iter=2
2026-03-16 01:33:54 | INFO     | Route #169: 536 792 687 || mode=RB method=sk_ac_avg solver=pyvrp stage=post_ls ls=pyvrp iter=2
2026-03-16 01:33:54 | INFO     | Route #170: 162 349 947 || mode=RB method=sk_ac_avg solver=pyvrp stage=post_ls ls=pyvrp iter=2
2026-03-16 01:33:54 | INFO     | Route #171: 740 683 180 || mode=RB method=sk_ac_avg solver=pyvrp stage=post_ls ls=pyvrp iter=2
2026-03-16 01:33:54 | INFO     | Route #172: 478 940 938 || mode=RB method=sk_ac_avg solver=pyvrp stage=post_ls ls=pyvrp iter=2
2026-03-16 01:33:54 | INFO     | Route #173: 82 734 367 541 || mode=RB method=sk_ac_avg solver=pyvrp stage=post_ls ls=pyvrp iter=2
2026-03-16 01:33:54 | INFO     | Route #174: 429 774 370 || mode=VB method=sk_kmeans solver=pyvrp stage=post_ls ls=pyvrp iter=3
2026-03-16 01:33:54 | INFO     | Route #175: 725 537 987 385 || mode=VB method=sk_kmeans solver=pyvrp stage=post_ls ls=pyvrp iter=3
2026-03-16 01:33:54 | INFO     | Route #176: 275 691 692 || mode=VB method=sk_kmeans solver=pyvrp stage=post_ls ls=pyvrp iter=3
2026-03-16 01:33:54 | INFO     | Route #177: 922 359 1082 || mode=VB method=sk_kmeans solver=pyvrp stage=post_ls ls=pyvrp iter=3
2026-03-16 01:33:54 | INFO     | Route #178: 836 118 1051 || mode=VB method=sk_kmeans solver=pyvrp stage=post_ls ls=pyvrp iter=3
2026-03-16 01:33:54 | INFO     | Route #179: 718 1073 1283 || mode=VB method=sk_kmeans solver=pyvrp stage=post_ls ls=pyvrp iter=3
2026-03-16 01:33:54 | INFO     | Route #180: 401 380 616 || mode=VB method=sk_kmeans solver=pyvrp stage=post_ls ls=pyvrp iter=3
2026-03-16 01:33:54 | INFO     | Route #181: 24 741 1203 || mode=VB method=sk_kmeans solver=pyvrp stage=post_ls ls=pyvrp iter=3
2026-03-16 01:33:54 | INFO     | Route #182: 307 63 731 || mode=VB method=sk_kmeans solver=pyvrp stage=post_ls ls=pyvrp iter=3
2026-03-16 01:33:54 | INFO     | Route #183: 791 759 709 || mode=VB method=sk_kmeans solver=pyvrp stage=post_ls ls=pyvrp iter=3
2026-03-16 01:33:54 | INFO     | Route #184: 1205 388 620 || mode=RB method=sk_ac_complete solver=pyvrp stage=post_ls ls=pyvrp iter=4
2026-03-16 01:33:54 | INFO     | Route #185: 1245 466 49 || mode=RB method=sk_ac_complete solver=pyvrp stage=post_ls ls=pyvrp iter=4
2026-03-16 01:33:54 | INFO     | Route #186: 458 1298 552 449 || mode=RB method=sk_ac_complete solver=pyvrp stage=post_ls ls=pyvrp iter=4
2026-03-16 01:33:54 | INFO     | Route #187: 557 700 258 1026 || mode=RB method=sk_ac_complete solver=pyvrp stage=post_ls ls=pyvrp iter=4
2026-03-16 01:33:54 | INFO     | Route #188: 324 534 957 630 || mode=RB method=sk_ac_complete solver=pyvrp stage=post_ls ls=pyvrp iter=4
2026-03-16 01:33:54 | INFO     | Route #189: 1007 409 93 || mode=RB method=sk_ac_complete solver=pyvrp stage=post_ls ls=pyvrp iter=4
2026-03-16 01:33:54 | INFO     | Route #190: 808 587 712 839 || mode=RB method=sk_ac_complete solver=pyvrp stage=post_ls ls=pyvrp iter=4
2026-03-16 01:33:54 | INFO     | Route #191: 320 981 238 || mode=RB method=sk_ac_complete solver=pyvrp stage=post_ls ls=pyvrp iter=4
2026-03-16 01:33:54 | INFO     | Route #192: 1106 698 122 || mode=RB method=sk_ac_complete solver=pyvrp stage=post_ls ls=pyvrp iter=4
2026-03-16 01:33:54 | INFO     | Route #193: 747 317 114 || mode=RB method=sk_ac_complete solver=pyvrp stage=post_ls ls=pyvrp iter=4
2026-03-16 01:33:54 | INFO     | Route #194: 132 467 1004 || mode=VB method=k_medoids_pyclustering solver=filo1 stage=post_ls ls=pyvrp iter=5
2026-03-16 01:33:54 | INFO     | Route #195: 209 1014 1272 || mode=VB method=k_medoids_pyclustering solver=filo1 stage=post_ls ls=pyvrp iter=5
2026-03-16 01:33:54 | INFO     | Route #196: 1326 12 633 || mode=VB method=k_medoids_pyclustering solver=filo1 stage=post_ls ls=pyvrp iter=5
2026-03-16 01:33:54 | INFO     | Route #197: 618 1276 1123 || mode=VB method=k_medoids_pyclustering solver=filo1 stage=post_ls ls=pyvrp iter=5
2026-03-16 01:33:54 | INFO     | Route #198: 990 517 365 || mode=VB method=k_medoids_pyclustering solver=filo1 stage=post_ls ls=pyvrp iter=5
2026-03-16 01:33:54 | INFO     | Route #199: 188 572 1267 1288 || mode=VB method=k_medoids_pyclustering solver=filo1 stage=post_ls ls=pyvrp iter=5
2026-03-16 01:33:54 | INFO     | Route #200: 354 806 193 1016 524 1305 422 || mode=VB method=sk_ac_min solver=pyvrp stage=post_ls ls=pyvrp iter=12
2026-03-16 01:33:54 | INFO     | Route #201: 485 290 183 || mode=VB method=k_medoids_pyclustering solver=filo1 stage=post_ls ls=pyvrp iter=5
2026-03-16 01:33:54 | INFO     | Route #202: 366 659 583 || mode=VB method=k_medoids_pyclustering solver=filo1 stage=post_ls ls=pyvrp iter=5
2026-03-16 01:33:54 | INFO     | Route #203: 73 997 895 1335 || mode=VB method=k_medoids_pyclustering solver=filo1 stage=post_ls ls=pyvrp iter=5
2026-03-16 01:33:54 | INFO     | Route #204: 389 85 693 || mode=VB method=k_medoids_pyclustering solver=filo1 stage=post_ls ls=pyvrp iter=5
2026-03-16 01:33:54 | INFO     | Route #205: 490 398 1153 717 || mode=VB method=k_medoids_pyclustering solver=filo1 stage=post_ls ls=pyvrp iter=5
2026-03-16 01:33:54 | INFO     | Route #206: 242 1149 1087 || mode=RB method=sk_kmeans solver=filo1 stage=post_ls ls=pyvrp iter=6
2026-03-16 01:33:54 | INFO     | Route #207: 356 5 1040 || mode=RB method=sk_kmeans solver=filo1 stage=post_ls ls=pyvrp iter=6
2026-03-16 01:33:54 | INFO     | Route #208: 6 1369 1250 || mode=RB method=sk_kmeans solver=filo1 stage=post_ls ls=pyvrp iter=6
2026-03-16 01:33:54 | INFO     | Route #209: 765 116 817 || mode=RB method=sk_kmeans solver=filo1 stage=post_ls ls=pyvrp iter=6
2026-03-16 01:33:54 | INFO     | Route #210: 1092 1320 650 1135 || mode=RB method=sk_kmeans solver=filo1 stage=post_ls ls=pyvrp iter=6
2026-03-16 01:33:54 | INFO     | Route #211: 632 610 100 689 1178 419 673 743 || mode=RB method=sk_kmeans solver=filo1 stage=post_ls ls=pyvrp iter=6
2026-03-16 01:33:54 | INFO     | Route #212: 170 50 786 || mode=RB method=sk_kmeans solver=filo1 stage=post_ls ls=pyvrp iter=6
2026-03-16 01:33:54 | INFO     | Route #213: 761 1111 74 || mode=RB method=sk_kmeans solver=filo1 stage=post_ls ls=pyvrp iter=6
2026-03-16 01:33:54 | INFO     | Route #214: 1024 470 968 || mode=VB method=k_medoids_pyclustering solver=filo1 stage=post_ls ls=pyvrp iter=7
2026-03-16 01:33:54 | INFO     | Route #215: 1061 919 782 || mode=VB method=k_medoids_pyclustering solver=filo1 stage=post_ls ls=pyvrp iter=7
2026-03-16 01:33:54 | INFO     | Route #216: 200 1118 787 || mode=VB method=k_medoids_pyclustering solver=filo1 stage=post_ls ls=pyvrp iter=7
2026-03-16 01:33:54 | INFO     | Route #217: 592 304 739 1330 || mode=VB method=k_medoids_pyclustering solver=filo1 stage=post_ls ls=pyvrp iter=7
2026-03-16 01:33:54 | INFO     | Route #218: 1354 79 344 || mode=SCP method=gurobi_mip solver=UNKNOWN stage=final_scp_post_ls ls=N/A iter=21
2026-03-16 01:33:54 | INFO     | Route #219: 1179 439 1070 || mode=VB method=k_medoids_pyclustering solver=filo1 stage=post_ls ls=pyvrp iter=7
2026-03-16 01:33:54 | INFO     | Route #220: 871 88 778 || mode=VB method=k_medoids_pyclustering solver=filo1 stage=post_ls ls=pyvrp iter=7
2026-03-16 01:33:54 | INFO     | Route #221: 934 1144 628 || mode=VB method=k_medoids_pyclustering solver=filo1 stage=post_ls ls=pyvrp iter=7
2026-03-16 01:33:54 | INFO     | Route #222: 833 986 176 || mode=VB method=k_medoids_pyclustering solver=filo1 stage=post_ls ls=pyvrp iter=7
2026-03-16 01:33:54 | INFO     | Route #223: 159 601 305 425 598 || mode=SCP method=gurobi_mip solver=UNKNOWN stage=final_scp_post_ls ls=N/A iter=21
2026-03-16 01:33:54 | INFO     | Route #224: 454 608 357 || mode=VB method=sk_ac_complete solver=pyvrp stage=post_ls ls=pyvrp iter=8
2026-03-16 01:33:54 | INFO     | Route #225: 921 1057 171 || mode=VB method=sk_ac_complete solver=pyvrp stage=post_ls ls=pyvrp iter=8
2026-03-16 01:33:54 | INFO     | Route #226: 1348 127 338 364 || mode=VB method=sk_ac_complete solver=pyvrp stage=post_ls ls=pyvrp iter=8
2026-03-16 01:33:54 | INFO     | Route #227: 165 550 1134 1168 || mode=VB method=sk_ac_complete solver=pyvrp stage=post_ls ls=pyvrp iter=8
2026-03-16 01:33:54 | INFO     | Route #228: 588 779 891 || mode=VB method=sk_ac_complete solver=pyvrp stage=post_ls ls=pyvrp iter=8
2026-03-16 01:33:54 | INFO     | Route #229: 81 923 313 || mode=VB method=sk_ac_complete solver=pyvrp stage=post_ls ls=pyvrp iter=8
2026-03-16 01:33:54 | INFO     | Route #230: 705 1286 1339 924 || mode=RB method=sk_ac_avg solver=pyvrp stage=post_ls ls=pyvrp iter=9
2026-03-16 01:33:54 | INFO     | Route #231: 1028 446 405 || mode=RB method=sk_ac_avg solver=pyvrp stage=post_ls ls=pyvrp iter=9
2026-03-16 01:33:54 | INFO     | Route #232: 1037 271 653 || mode=RB method=sk_ac_avg solver=pyvrp stage=post_ls ls=pyvrp iter=9
2026-03-16 01:33:54 | INFO     | Route #233: 270 221 962 || mode=RB method=sk_ac_avg solver=pyvrp stage=post_ls ls=pyvrp iter=9
2026-03-16 01:33:54 | INFO     | Route #234: 161 19 205 1012 441 678 530 788 834 542 1265 223 || mode=RB method=sk_ac_avg solver=pyvrp stage=post_ls ls=pyvrp iter=9
2026-03-16 01:33:54 | INFO     | Route #235: 1171 181 233 826 599 445 679 1 1140 141 376 || mode=RB method=sk_ac_avg solver=pyvrp stage=post_ls ls=pyvrp iter=9
2026-03-16 01:33:54 | INFO     | Route #236: 1353 716 935 226 1147 642 1116 198 576 || mode=RB method=sk_ac_avg solver=pyvrp stage=post_ls ls=pyvrp iter=9
2026-03-16 01:33:54 | INFO     | Route #237: 47 146 430 413 1030 296 1191 982 3 1142 474 108 || mode=RB method=sk_ac_avg solver=pyvrp stage=post_ls ls=pyvrp iter=9
2026-03-16 01:33:54 | INFO     | Route #238: 889 391 738 104 829 178 1357 1226 448 || mode=RB method=sk_ac_avg solver=pyvrp stage=post_ls ls=pyvrp iter=9
2026-03-16 01:33:54 | INFO     | Route #239: 677 600 1058 345 || mode=RB method=sk_ac_avg solver=pyvrp stage=post_ls ls=pyvrp iter=9
2026-03-16 01:33:54 | INFO     | Route #240: 264 896 1110 196 || mode=SCP method=gurobi_mip solver=UNKNOWN stage=scp_post_ls ls=N/A iter=9
2026-03-16 01:33:54 | INFO     | Route #241: 1132 529 411 || mode=VB method=k_medoids_pyclustering solver=filo2 stage=post_ls ls=pyvrp iter=10
2026-03-16 01:33:54 | INFO     | Route #242: 204 502 915 291 812 || mode=VB method=k_medoids_pyclustering solver=filo2 stage=post_ls ls=pyvrp iter=10
2026-03-16 01:33:54 | INFO     | Route #243: 1368 893 688 || mode=VB method=k_medoids_pyclustering solver=filo2 stage=post_ls ls=pyvrp iter=10
2026-03-16 01:33:54 | INFO     | Route #244: 943 603 814 905 || mode=RB method=sk_kmeans solver=pyvrp stage=post_ls ls=pyvrp iter=11
2026-03-16 01:33:54 | INFO     | Route #245: 1182 1103 1154 || mode=RB method=sk_kmeans solver=pyvrp stage=post_ls ls=pyvrp iter=11
2026-03-16 01:33:54 | INFO     | Route #246: 847 1113 643 214 || mode=RB method=sk_kmeans solver=pyvrp stage=post_ls ls=pyvrp iter=11
2026-03-16 01:33:54 | INFO     | Route #247: 976 156 67 189 959 1303 1133 399 || mode=RB method=sk_kmeans solver=pyvrp stage=post_ls ls=pyvrp iter=11
2026-03-16 01:33:54 | INFO     | Route #248: 1039 596 744 || mode=VB method=sk_ac_min solver=pyvrp stage=post_ls ls=pyvrp iter=12
2026-03-16 01:33:54 | INFO     | Route #249: 1089 328 983 173 || mode=RB method=sk_kmeans solver=pyvrp stage=post_ls ls=pyvrp iter=13
2026-03-16 01:33:54 | INFO     | Route #250: 1025 218 714 || mode=RB method=sk_kmeans solver=pyvrp stage=post_ls ls=pyvrp iter=13
2026-03-16 01:33:54 | INFO     | Route #251: 111 109 1340 || mode=RB method=sk_kmeans solver=pyvrp stage=post_ls ls=pyvrp iter=13
2026-03-16 01:33:54 | INFO     | Route #252: 1289 433 1308 || mode=RB method=sk_kmeans solver=pyvrp stage=post_ls ls=pyvrp iter=13
2026-03-16 01:33:54 | INFO     | Route #253: 472 1069 728 || mode=RB method=sk_kmeans solver=pyvrp stage=post_ls ls=pyvrp iter=13
2026-03-16 01:33:54 | INFO     | Route #254: 386 1044 495 121 || mode=RB method=sk_kmeans solver=pyvrp stage=post_ls ls=pyvrp iter=13
2026-03-16 01:33:54 | INFO     | Route #255: 138 1063 1244 || mode=RB method=sk_kmeans solver=pyvrp stage=post_ls ls=pyvrp iter=13
2026-03-16 01:33:54 | INFO     | Route #256: 1097 1029 1062 963 || mode=RB method=sk_kmeans solver=pyvrp stage=post_ls ls=pyvrp iter=13
2026-03-16 01:33:54 | INFO     | Route #257: 1136 1197 651 220 || mode=RB method=sk_kmeans solver=pyvrp stage=post_ls ls=pyvrp iter=13
2026-03-16 01:33:54 | INFO     | Route #258: 775 415 || mode=SCP method=gurobi_mip solver=UNKNOWN stage=final_scp_post_ls ls=N/A iter=21
2026-03-16 01:33:54 | INFO     | Route #259: 1213 1099 1119 1151 || mode=VB method=sk_ac_complete solver=filo2 stage=post_ls ls=pyvrp iter=14
2026-03-16 01:33:54 | INFO     | Route #260: 647 1017 7 || mode=VB method=sk_ac_complete solver=filo2 stage=post_ls ls=pyvrp iter=14
2026-03-16 01:33:54 | INFO     | Route #261: 163 179 854 || mode=VB method=sk_ac_complete solver=filo2 stage=post_ls ls=pyvrp iter=14
2026-03-16 01:33:54 | INFO     | Route #262: 110 607 993 1202 || mode=VB method=sk_ac_complete solver=filo2 stage=post_ls ls=pyvrp iter=14
2026-03-16 01:33:54 | INFO     | Route #263: 137 217 471 543 || mode=VB method=sk_kmeans solver=pyvrp stage=post_ls ls=pyvrp iter=15
2026-03-16 01:33:54 | INFO     | Route #264: 513 507 48 || mode=VB method=sk_kmeans solver=pyvrp stage=post_ls ls=pyvrp iter=15
2026-03-16 01:33:54 | INFO     | Route #265: 953 355 1194 || mode=VB method=sk_kmeans solver=pyvrp stage=post_ls ls=pyvrp iter=15
2026-03-16 01:33:54 | INFO     | Route #266: 636 1231 408 || mode=SCP method=gurobi_mip solver=UNKNOWN stage=scp_post_ls ls=N/A iter=15
2026-03-16 01:33:54 | INFO     | Route #267: 314 1258 273 1273 || mode=RB method=sk_ac_min solver=filo2 stage=post_ls ls=pyvrp iter=16
2026-03-16 01:33:54 | INFO     | Route #268: 748 505 107 1209 939 611 837 1296 || mode=RB method=sk_ac_min solver=filo2 stage=post_ls ls=pyvrp iter=16
2026-03-16 01:33:54 | INFO     | Route #269: 1187 362 1162 || mode=RB method=sk_ac_min solver=filo2 stage=post_ls ls=pyvrp iter=16
2026-03-16 01:33:54 | INFO     | Route #270: 1219 521 609 51 1350 403 || mode=RB method=sk_ac_min solver=filo2 stage=post_ls ls=pyvrp iter=16
2026-03-16 01:33:54 | INFO     | Route #271: 69 1090 286 1287 1221 1212 154 1274 319 1165 261 || mode=RB method=sk_ac_min solver=filo2 stage=post_ls ls=pyvrp iter=16
2026-03-16 01:33:54 | INFO     | Route #272: 144 849 952 475 1053 174 1034 519 493 1022 807 407 796 500 || mode=RB method=sk_ac_min solver=filo2 stage=post_ls ls=pyvrp iter=16
2026-03-16 01:33:54 | INFO     | Route #273: 1067 509 277 229 476 316 || mode=RB method=sk_ac_min solver=filo2 stage=post_ls ls=pyvrp iter=16
2026-03-16 01:33:54 | INFO     | Route #274: 1068 756 960 733 323 390 330 || mode=SCP method=gurobi_mip solver=UNKNOWN stage=final_scp_post_ls ls=N/A iter=21
2026-03-16 01:33:54 | INFO     | Route #275: 906 1216 562 || mode=VB method=sk_ac_min solver=filo2 stage=post_ls ls=pyvrp iter=17
2026-03-16 01:33:54 | INFO     | Route #276: 1255 511 234 || mode=VB method=sk_ac_min solver=filo2 stage=post_ls ls=pyvrp iter=17
2026-03-16 01:33:54 | INFO     | Route #277: 1314 341 657 625 736 435 1125 948 570 508 1164 207 || mode=VB method=sk_ac_min solver=filo2 stage=post_ls ls=pyvrp iter=17
2026-03-16 01:33:54 | INFO     | Route #278: 461 1047 175 || mode=VB method=sk_ac_min solver=filo2 stage=post_ls ls=pyvrp iter=19
2026-03-16 01:33:54 | INFO     | Route #279: 622 925 846 || mode=RB method=sk_ac_min solver=filo2 stage=post_ls ls=pyvrp iter=21
2026-03-16 01:33:54 | INFO     | Route #280: 554 1211 1096 378 || mode=RB method=sk_ac_min solver=filo2 stage=post_ls ls=pyvrp iter=21
2026-03-16 01:33:54 | INFO     | Route #281: 395 451 888 1238 || mode=RB method=sk_ac_min solver=filo2 stage=post_ls ls=pyvrp iter=21
2026-03-16 01:33:54 | INFO     | Route #282: 577 232 790 614 816 825 1278 685 337 || mode=RB method=sk_ac_min solver=filo2 stage=post_ls ls=pyvrp iter=21
2026-03-16 01:33:54 | INFO     | Route #283: 1023 1232 1233 || mode=SCP method=gurobi_mip solver=UNKNOWN stage=scp_post_ls ls=N/A iter=21
2026-03-16 01:33:54 | INFO     | 
2026-03-16 01:33:54 | INFO     | ================================================================================
2026-03-16 01:33:54 | INFO     | [XL-n1374-k278] SUMMARY — BEST SOLUTION ROUTE ORIGINS
2026-03-16 01:33:54 | INFO     | ================================================================================
2026-03-16 01:33:54 | INFO     |  152 routes | VB | sk_kmeans | solver=filo2 | stage=post_ls | ls=pyvrp
2026-03-16 01:33:54 | INFO     |   30 routes | RB | sk_ac_avg | solver=pyvrp | stage=post_ls | ls=pyvrp
2026-03-16 01:33:54 | INFO     |   19 routes | VB | k_medoids_pyclustering | solver=filo1 | stage=post_ls | ls=pyvrp
2026-03-16 01:33:54 | INFO     |   13 routes | RB | sk_kmeans | solver=pyvrp | stage=post_ls | ls=pyvrp
2026-03-16 01:33:54 | INFO     |   13 routes | VB | sk_kmeans | solver=pyvrp | stage=post_ls | ls=pyvrp
2026-03-16 01:33:54 | INFO     |   11 routes | RB | sk_ac_min | solver=filo2 | stage=post_ls | ls=pyvrp
2026-03-16 01:33:54 | INFO     |   10 routes | RB | sk_ac_complete | solver=pyvrp | stage=post_ls | ls=pyvrp
2026-03-16 01:33:54 | INFO     |    8 routes | RB | sk_kmeans | solver=filo1 | stage=post_ls | ls=pyvrp
2026-03-16 01:33:54 | INFO     |    6 routes | VB | sk_ac_complete | solver=pyvrp | stage=post_ls | ls=pyvrp
2026-03-16 01:33:54 | INFO     |    5 routes | SCP | gurobi_mip | solver=UNKNOWN | stage=final_scp_post_ls | ls=N/A
2026-03-16 01:33:54 | INFO     |    4 routes | VB | sk_ac_complete | solver=filo2 | stage=post_ls | ls=pyvrp
2026-03-16 01:33:54 | INFO     |    4 routes | VB | sk_ac_min | solver=filo2 | stage=post_ls | ls=pyvrp
2026-03-16 01:33:54 | INFO     |    3 routes | SCP | gurobi_mip | solver=UNKNOWN | stage=scp_post_ls | ls=N/A
2026-03-16 01:33:54 | INFO     |    3 routes | VB | k_medoids_pyclustering | solver=filo2 | stage=post_ls | ls=pyvrp
2026-03-16 01:33:54 | INFO     |    2 routes | VB | sk_ac_min | solver=pyvrp | stage=post_ls | ls=pyvrp
2026-03-16 01:33:54 | INFO     | 
2026-03-16 01:33:54 | INFO     | ================================================================================
2026-03-16 01:33:54 | INFO     | [XL-n1374-k278] SUMMARY — ROUTE POOL COMPOSITION
2026-03-16 01:33:54 | INFO     | ================================================================================
2026-03-16 01:33:54 | INFO     |  387 routes | VB | sk_kmeans | solver=pyvrp | stage=post_ls | ls=pyvrp
2026-03-16 01:33:54 | INFO     |  376 routes | RB | sk_ac_avg | solver=pyvrp | stage=post_ls | ls=pyvrp
2026-03-16 01:33:54 | INFO     |  358 routes | RB | sk_kmeans | solver=pyvrp | stage=post_ls | ls=pyvrp
2026-03-16 01:33:54 | INFO     |  351 routes | VB | k_medoids_pyclustering | solver=filo1 | stage=post_ls | ls=pyvrp
2026-03-16 01:33:54 | INFO     |  284 routes | VB | sk_kmeans | solver=filo2 | stage=post_ls | ls=pyvrp
2026-03-16 01:33:54 | INFO     |  188 routes | VB | sk_ac_min | solver=pyvrp | stage=post_ls | ls=pyvrp
2026-03-16 01:33:54 | INFO     |  180 routes | VB | sk_ac_complete | solver=pyvrp | stage=post_ls | ls=pyvrp
2026-03-16 01:33:54 | INFO     |  176 routes | VB | k_medoids_pyclustering | solver=pyvrp | stage=post_ls | ls=pyvrp
2026-03-16 01:33:54 | INFO     |  172 routes | RB | sk_ac_min | solver=filo2 | stage=post_ls | ls=pyvrp
2026-03-16 01:33:54 | INFO     |  170 routes | RB | sk_ac_complete | solver=pyvrp | stage=post_ls | ls=pyvrp
2026-03-16 01:33:54 | INFO     |  165 routes | VB | sk_ac_min | solver=filo2 | stage=post_ls | ls=pyvrp
2026-03-16 01:33:54 | INFO     |  129 routes | RB | sk_kmeans | solver=filo1 | stage=post_ls | ls=pyvrp
2026-03-16 01:33:54 | INFO     |  126 routes | VB | sk_ac_complete | solver=filo2 | stage=post_ls | ls=pyvrp
2026-03-16 01:33:54 | INFO     |  116 routes | VB | k_medoids_pyclustering | solver=filo2 | stage=post_ls | ls=pyvrp
2026-03-16 01:33:54 | INFO     |  101 routes | VB | sk_ac_avg | solver=filo1 | stage=post_ls | ls=pyvrp
2026-03-16 01:33:54 | INFO     |   14 routes | SCP | gurobi_mip | solver=UNKNOWN | stage=scp_post_ls | ls=N/A
2026-03-16 01:33:54 | INFO     |    5 routes | SCP | gurobi_mip | solver=UNKNOWN | stage=final_scp_post_ls | ls=N/A
2026-03-16 01:33:54 | INFO     | 
2026-03-16 01:33:54 | INFO     | ================================================================================
2026-03-16 01:33:54 | INFO     | [XL-n1374-k278] FULL ROUTE POOL DUMP
2026-03-16 01:33:54 | INFO     | ================================================================================
2026-03-16 01:33:54 | INFO     | [POOL #00001] 218 409 808 || mode=VB method=sk_kmeans solver=filo2 stage=post_ls ls=pyvrp iter=1
2026-03-16 01:33:54 | INFO     | [POOL #00002] 940 905 478 || mode=VB method=sk_kmeans solver=filo2 stage=post_ls ls=pyvrp iter=1
2026-03-16 01:33:54 | INFO     | [POOL #00003] 1311 654 1317 426 || mode=VB method=sk_kmeans solver=filo2 stage=post_ls ls=pyvrp iter=1
2026-03-16 01:33:54 | INFO     | [POOL #00004] 753 571 480 || mode=VB method=sk_kmeans solver=filo2 stage=post_ls ls=pyvrp iter=1
2026-03-16 01:33:54 | INFO     | [POOL #00005] 587 712 534 839 || mode=VB method=sk_kmeans solver=filo2 stage=post_ls ls=pyvrp iter=1
2026-03-16 01:33:54 | INFO     | [POOL #00006] 714 1231 1025 || mode=VB method=sk_kmeans solver=filo2 stage=post_ls ls=pyvrp iter=1
2026-03-16 01:33:54 | INFO     | [POOL #00007] 1213 1119 947 1151 || mode=VB method=sk_kmeans solver=filo2 stage=post_ls ls=pyvrp iter=1
2026-03-16 01:33:54 | INFO     | [POOL #00008] 994 663 1367 || mode=VB method=sk_kmeans solver=filo2 stage=post_ls ls=pyvrp iter=1
2026-03-16 01:33:54 | INFO     | [POOL #00009] 1172 301 1074 || mode=VB method=sk_kmeans solver=filo2 stage=post_ls ls=pyvrp iter=1
2026-03-16 01:33:54 | INFO     | [POOL #00010] 358 751 1128 || mode=VB method=sk_kmeans solver=filo2 stage=post_ls ls=pyvrp iter=1
2026-03-16 01:33:54 | INFO     | [POOL #00011] 804 626 737 || mode=VB method=sk_kmeans solver=filo2 stage=post_ls ls=pyvrp iter=1
2026-03-16 01:33:54 | INFO     | [POOL #00012] 359 109 922 || mode=VB method=sk_kmeans solver=filo2 stage=post_ls ls=pyvrp iter=1
2026-03-16 01:33:54 | INFO     | [POOL #00013] 1039 680 1283 || mode=VB method=sk_kmeans solver=filo2 stage=post_ls ls=pyvrp iter=1
2026-03-16 01:33:54 | INFO     | [POOL #00014] 455 6 1369 || mode=VB method=sk_kmeans solver=filo2 stage=post_ls ls=pyvrp iter=1
2026-03-16 01:33:54 | INFO     | [POOL #00015] 1103 914 1262 || mode=VB method=sk_kmeans solver=filo2 stage=post_ls ls=pyvrp iter=1
2026-03-16 01:33:54 | INFO     | [POOL #00016] 513 1235 1011 || mode=VB method=sk_kmeans solver=filo2 stage=post_ls ls=pyvrp iter=1
2026-03-16 01:33:54 | INFO     | [POOL #00017] 522 492 510 1002 || mode=VB method=sk_kmeans solver=filo2 stage=post_ls ls=pyvrp iter=1
2026-03-16 01:33:54 | INFO     | [POOL #00018] 405 370 765 || mode=VB method=sk_kmeans solver=filo2 stage=post_ls ls=pyvrp iter=1
2026-03-16 01:33:54 | INFO     | [POOL #00019] 273 1350 403 521 || mode=VB method=sk_kmeans solver=filo2 stage=post_ls ls=pyvrp iter=1
2026-03-16 01:33:54 | INFO     | [POOL #00020] 64 396 805 || mode=VB method=sk_kmeans solver=filo2 stage=post_ls ls=pyvrp iter=1
2026-03-16 01:33:54 | INFO     | [POOL #00021] 1082 111 507 || mode=VB method=sk_kmeans solver=filo2 stage=post_ls ls=pyvrp iter=1
2026-03-16 01:33:54 | INFO     | [POOL #00022] 677 183 608 || mode=VB method=sk_kmeans solver=filo2 stage=post_ls ls=pyvrp iter=1
2026-03-16 01:33:54 | INFO     | [POOL #00023] 616 380 718 || mode=VB method=sk_kmeans solver=filo2 stage=post_ls ls=pyvrp iter=1
2026-03-16 01:33:54 | INFO     | [POOL #00024] 981 1007 320 || mode=VB method=sk_kmeans solver=filo2 stage=post_ls ls=pyvrp iter=1
2026-03-16 01:33:54 | INFO     | [POOL #00025] 791 891 759 || mode=VB method=sk_kmeans solver=filo2 stage=post_ls ls=pyvrp iter=1
2026-03-16 01:33:54 | INFO     | [POOL #00026] 688 1216 906 || mode=VB method=sk_kmeans solver=filo2 stage=post_ls ls=pyvrp iter=1
2026-03-16 01:33:54 | INFO     | [POOL #00027] 21 62 1114 || mode=VB method=sk_kmeans solver=filo2 stage=post_ls ls=pyvrp iter=1
2026-03-16 01:33:54 | INFO     | [POOL #00028] 963 1289 433 || mode=VB method=sk_kmeans solver=filo2 stage=post_ls ls=pyvrp iter=1
2026-03-16 01:33:54 | INFO     | [POOL #00029] 385 1340 1174 || mode=VB method=sk_kmeans solver=filo2 stage=post_ls ls=pyvrp iter=1
2026-03-16 01:33:54 | INFO     | [POOL #00030] 74 472 1069 || mode=VB method=sk_kmeans solver=filo2 stage=post_ls ls=pyvrp iter=1
2026-03-16 01:33:54 | INFO     | [POOL #00031] 783 578 859 || mode=VB method=sk_kmeans solver=filo2 stage=post_ls ls=pyvrp iter=1
2026-03-16 01:33:54 | INFO     | [POOL #00032] 465 710 412 || mode=VB method=sk_kmeans solver=filo2 stage=post_ls ls=pyvrp iter=1
2026-03-16 01:33:54 | INFO     | [POOL #00033] 120 591 546 || mode=VB method=sk_kmeans solver=filo2 stage=post_ls ls=pyvrp iter=1
2026-03-16 01:33:54 | INFO     | [POOL #00034] 1051 836 401 || mode=VB method=sk_kmeans solver=filo2 stage=post_ls ls=pyvrp iter=1
2026-03-16 01:33:54 | INFO     | [POOL #00035] 702 1277 1175 || mode=VB method=sk_kmeans solver=filo2 stage=post_ls ls=pyvrp iter=1
2026-03-16 01:33:54 | INFO     | [POOL #00036] 1237 387 1117 || mode=VB method=sk_kmeans solver=filo2 stage=post_ls ls=pyvrp iter=1
2026-03-16 01:33:54 | INFO     | [POOL #00037] 919 1149 221 || mode=VB method=sk_kmeans solver=filo2 stage=post_ls ls=pyvrp iter=1
2026-03-16 01:33:54 | INFO     | [POOL #00038] 1215 869 1325 || mode=VB method=sk_kmeans solver=filo2 stage=post_ls ls=pyvrp iter=1
2026-03-16 01:33:54 | INFO     | [POOL #00039] 529 1099 1132 || mode=VB method=sk_kmeans solver=filo2 stage=post_ls ls=pyvrp iter=1
2026-03-16 01:33:54 | INFO     | [POOL #00040] 63 1194 490 || mode=VB method=sk_kmeans solver=filo2 stage=post_ls ls=pyvrp iter=1
2026-03-16 01:33:54 | INFO     | [POOL #00041] 899 143 1344 884 || mode=VB method=sk_kmeans solver=filo2 stage=post_ls ls=pyvrp iter=1
2026-03-16 01:33:54 | INFO     | [POOL #00042] 972 166 1091 927 325 1043 1077 || mode=VB method=sk_kmeans solver=filo2 stage=post_ls ls=pyvrp iter=1
2026-03-16 01:33:54 | INFO     | [POOL #00043] 1144 110 1244 || mode=VB method=sk_kmeans solver=filo2 stage=post_ls ls=pyvrp iter=1
2026-03-16 01:33:54 | INFO     | [POOL #00044] 602 985 730 || mode=VB method=sk_kmeans solver=filo2 stage=post_ls ls=pyvrp iter=1
2026-03-16 01:33:54 | INFO     | [POOL #00045] 1075 1349 661 || mode=VB method=sk_kmeans solver=filo2 stage=post_ls ls=pyvrp iter=1
2026-03-16 01:33:54 | INFO     | [POOL #00046] 192 802 483 315 || mode=VB method=sk_kmeans solver=filo2 stage=post_ls ls=pyvrp iter=1
2026-03-16 01:33:54 | INFO     | [POOL #00047] 321 1101 1362 || mode=VB method=sk_kmeans solver=filo2 stage=post_ls ls=pyvrp iter=1
2026-03-16 01:33:54 | INFO     | [POOL #00048] 943 603 782 814 || mode=VB method=sk_kmeans solver=filo2 stage=post_ls ls=pyvrp iter=1
2026-03-16 01:33:54 | INFO     | [POOL #00049] 297 271 210 || mode=VB method=sk_kmeans solver=filo2 stage=post_ls ls=pyvrp iter=1
2026-03-16 01:33:54 | INFO     | [POOL #00050] 1292 723 285 || mode=VB method=sk_kmeans solver=filo2 stage=post_ls ls=pyvrp iter=1
2026-03-16 01:33:54 | INFO     | [POOL #00051] 622 137 543 1070 || mode=VB method=sk_kmeans solver=filo2 stage=post_ls ls=pyvrp iter=1
2026-03-16 01:33:54 | INFO     | [POOL #00052] 53 1018 431 || mode=VB method=sk_kmeans solver=filo2 stage=post_ls ls=pyvrp iter=1
2026-03-16 01:33:54 | INFO     | [POOL #00053] 841 1041 932 || mode=VB method=sk_kmeans solver=filo2 stage=post_ls ls=pyvrp iter=1
2026-03-16 01:33:54 | INFO     | [POOL #00054] 646 236 263 || mode=VB method=sk_kmeans solver=filo2 stage=post_ls ls=pyvrp iter=1
2026-03-16 01:33:54 | INFO     | [POOL #00055] 176 833 628 || mode=VB method=sk_kmeans solver=filo2 stage=post_ls ls=pyvrp iter=1
2026-03-16 01:33:54 | INFO     | [POOL #00056] 1310 821 80 || mode=VB method=sk_kmeans solver=filo2 stage=post_ls ls=pyvrp iter=1
2026-03-16 01:33:54 | INFO     | [POOL #00057] 220 651 1197 357 || mode=VB method=sk_kmeans solver=filo2 stage=post_ls ls=pyvrp iter=1
2026-03-16 01:33:54 | INFO     | [POOL #00058] 235 16 1109 1161 215 168 612 || mode=VB method=sk_kmeans solver=filo2 stage=post_ls ls=pyvrp iter=1
2026-03-16 01:33:54 | INFO     | [POOL #00059] 4 1304 991 119 || mode=VB method=sk_kmeans solver=filo2 stage=post_ls ls=pyvrp iter=1
2026-03-16 01:33:54 | INFO     | [POOL #00060] 411 1024 470 || mode=VB method=sk_kmeans solver=filo2 stage=post_ls ls=pyvrp iter=1
2026-03-16 01:33:54 | INFO     | [POOL #00061] 1094 454 785 || mode=VB method=sk_kmeans solver=filo2 stage=post_ls ls=pyvrp iter=1
2026-03-16 01:33:54 | INFO     | [POOL #00062] 254 469 634 || mode=VB method=sk_kmeans solver=filo2 stage=post_ls ls=pyvrp iter=1
2026-03-16 01:33:54 | INFO     | [POOL #00063] 867 961 992 1006 || mode=VB method=sk_kmeans solver=filo2 stage=post_ls ls=pyvrp iter=1
2026-03-16 01:33:54 | INFO     | [POOL #00064] 844 926 496 || mode=VB method=sk_kmeans solver=filo2 stage=post_ls ls=pyvrp iter=1
2026-03-16 01:33:54 | INFO     | [POOL #00065] 986 620 1202 || mode=VB method=sk_kmeans solver=filo2 stage=post_ls ls=pyvrp iter=1
2026-03-16 01:33:54 | INFO     | [POOL #00066] 778 1250 693 || mode=VB method=sk_kmeans solver=filo2 stage=post_ls ls=pyvrp iter=1
2026-03-16 01:33:54 | INFO     | [POOL #00067] 314 731 1258 || mode=VB method=sk_kmeans solver=filo2 stage=post_ls ls=pyvrp iter=1
2026-03-16 01:33:54 | INFO     | [POOL #00068] 847 1329 623 || mode=VB method=sk_kmeans solver=filo2 stage=post_ls ls=pyvrp iter=1
2026-03-16 01:33:54 | INFO     | [POOL #00069] 701 199 563 || mode=VB method=sk_kmeans solver=filo2 stage=post_ls ls=pyvrp iter=1
2026-03-16 01:33:54 | INFO     | [POOL #00070] 73 997 895 871 || mode=VB method=sk_kmeans solver=filo2 stage=post_ls ls=pyvrp iter=1
2026-03-16 01:33:54 | INFO     | [POOL #00071] 1345 339 797 || mode=VB method=sk_kmeans solver=filo2 stage=post_ls ls=pyvrp iter=1
2026-03-16 01:33:54 | INFO     | [POOL #00072] 757 1015 1293 || mode=VB method=sk_kmeans solver=filo2 stage=post_ls ls=pyvrp iter=1
2026-03-16 01:33:54 | INFO     | [POOL #00073] 237 1028 1037 || mode=VB method=sk_kmeans solver=filo2 stage=post_ls ls=pyvrp iter=1
2026-03-16 01:33:54 | INFO     | [POOL #00074] 853 382 624 || mode=VB method=sk_kmeans solver=filo2 stage=post_ls ls=pyvrp iter=1
2026-03-16 01:33:54 | INFO     | [POOL #00075] 1208 9 1131 || mode=VB method=sk_kmeans solver=filo2 stage=post_ls ls=pyvrp iter=1
2026-03-16 01:33:54 | INFO     | [POOL #00076] 584 999 830 || mode=VB method=sk_kmeans solver=filo2 stage=post_ls ls=pyvrp iter=1
2026-03-16 01:33:54 | INFO     | [POOL #00077] 1348 127 175 234 || mode=VB method=sk_kmeans solver=filo2 stage=post_ls ls=pyvrp iter=1
2026-03-16 01:33:54 | INFO     | [POOL #00078] 102 907 590 || mode=VB method=sk_kmeans solver=filo2 stage=post_ls ls=pyvrp iter=1
2026-03-16 01:33:54 | INFO     | [POOL #00079] 390 323 806 354 968 || mode=VB method=sk_kmeans solver=filo2 stage=post_ls ls=pyvrp iter=1
2026-03-16 01:33:54 | INFO     | [POOL #00080] 1112 527 579 336 || mode=VB method=sk_kmeans solver=filo2 stage=post_ls ls=pyvrp iter=1
2026-03-16 01:33:54 | INFO     | [POOL #00081] 923 81 217 || mode=VB method=sk_kmeans solver=filo2 stage=post_ls ls=pyvrp iter=1
2026-03-16 01:33:54 | INFO     | [POOL #00082] 366 1347 190 159 || mode=VB method=sk_kmeans solver=filo2 stage=post_ls ls=pyvrp iter=1
2026-03-16 01:33:54 | INFO     | [POOL #00083] 170 728 1062 || mode=VB method=sk_kmeans solver=filo2 stage=post_ls ls=pyvrp iter=1
2026-03-16 01:33:54 | INFO     | [POOL #00084] 113 77 434 533 1199 486 394 1048 851 || mode=VB method=sk_kmeans solver=filo2 stage=post_ls ls=pyvrp iter=1
2026-03-16 01:33:54 | INFO     | [POOL #00085] 554 888 1326 1238 || mode=VB method=sk_kmeans solver=filo2 stage=post_ls ls=pyvrp iter=1
2026-03-16 01:33:54 | INFO     | [POOL #00086] 1301 682 832 1359 || mode=VB method=sk_kmeans solver=filo2 stage=post_ls ls=pyvrp iter=1
2026-03-16 01:33:54 | INFO     | [POOL #00087] 362 1187 1118 || mode=VB method=sk_kmeans solver=filo2 stage=post_ls ls=pyvrp iter=1
2026-03-16 01:33:54 | INFO     | [POOL #00088] 5 356 388 || mode=VB method=sk_kmeans solver=filo2 stage=post_ls ls=pyvrp iter=1
2026-03-16 01:33:54 | INFO     | [POOL #00089] 706 1001 1263 || mode=VB method=sk_kmeans solver=filo2 stage=post_ls ls=pyvrp iter=1
2026-03-16 01:33:54 | INFO     | [POOL #00090] 365 592 741 || mode=VB method=sk_kmeans solver=filo2 stage=post_ls ls=pyvrp iter=1
2026-03-16 01:33:54 | INFO     | [POOL #00091] 1078 658 424 1176 || mode=VB method=sk_kmeans solver=filo2 stage=post_ls ls=pyvrp iter=1
2026-03-16 01:33:54 | INFO     | [POOL #00092] 502 915 291 812 || mode=VB method=sk_kmeans solver=filo2 stage=post_ls ls=pyvrp iter=1
2026-03-16 01:33:54 | INFO     | [POOL #00093] 1338 1257 241 || mode=VB method=sk_kmeans solver=filo2 stage=post_ls ls=pyvrp iter=1
2026-03-16 01:33:54 | INFO     | [POOL #00094] 1097 485 290 || mode=VB method=sk_kmeans solver=filo2 stage=post_ls ls=pyvrp iter=1
2026-03-16 01:33:54 | INFO     | [POOL #00095] 786 50 1058 || mode=VB method=sk_kmeans solver=filo2 stage=post_ls ls=pyvrp iter=1
2026-03-16 01:33:54 | INFO     | [POOL #00096] 262 1337 172 || mode=VB method=sk_kmeans solver=filo2 stage=post_ls ls=pyvrp iter=1
2026-03-16 01:33:54 | INFO     | [POOL #00097] 7 1203 24 || mode=VB method=sk_kmeans solver=filo2 stage=post_ls ls=pyvrp iter=1
2026-03-16 01:33:54 | INFO     | [POOL #00098] 536 687 846 || mode=VB method=sk_kmeans solver=filo2 stage=post_ls ls=pyvrp iter=1
2026-03-16 01:33:54 | INFO     | [POOL #00099] 1368 921 1255 || mode=VB method=sk_kmeans solver=filo2 stage=post_ls ls=pyvrp iter=1
2026-03-16 01:33:54 | INFO     | [POOL #00100] 279 327 177 117 516 545 91 1181 780 || mode=VB method=sk_kmeans solver=filo2 stage=post_ls ls=pyvrp iter=1
2026-03-16 01:33:54 | INFO     | [POOL #00101] 230 275 1295 || mode=VB method=sk_kmeans solver=filo2 stage=post_ls ls=pyvrp iter=1
2026-03-16 01:33:54 | INFO     | [POOL #00102] 1281 691 692 || mode=VB method=sk_kmeans solver=filo2 stage=post_ls ls=pyvrp iter=1
2026-03-16 01:33:54 | INFO     | [POOL #00103] 180 162 647 || mode=VB method=sk_kmeans solver=filo2 stage=post_ls ls=pyvrp iter=1
2026-03-16 01:33:54 | INFO     | [POOL #00104] 958 289 1259 || mode=VB method=sk_kmeans solver=filo2 stage=post_ls ls=pyvrp iter=1
2026-03-16 01:33:54 | INFO     | [POOL #00105] 1023 618 173 || mode=VB method=sk_kmeans solver=filo2 stage=post_ls ls=pyvrp iter=1
2026-03-16 01:33:54 | INFO     | [POOL #00106] 511 461 364 || mode=VB method=sk_kmeans solver=filo2 stage=post_ls ls=pyvrp iter=1
2026-03-16 01:33:54 | INFO     | [POOL #00107] 355 1067 509 || mode=VB method=sk_kmeans solver=filo2 stage=post_ls ls=pyvrp iter=1
2026-03-16 01:33:54 | INFO     | [POOL #00108] 1056 660 416 || mode=VB method=sk_kmeans solver=filo2 stage=post_ls ls=pyvrp iter=1
2026-03-16 01:33:54 | INFO     | [POOL #00109] 307 398 1153 717 || mode=VB method=sk_kmeans solver=filo2 stage=post_ls ls=pyvrp iter=1
2026-03-16 01:33:54 | INFO     | [POOL #00110] 583 659 10 || mode=VB method=sk_kmeans solver=filo2 stage=post_ls ls=pyvrp iter=1
2026-03-16 01:33:54 | INFO     | [POOL #00111] 1184 942 103 || mode=VB method=sk_kmeans solver=filo2 stage=post_ls ls=pyvrp iter=1
2026-03-16 01:33:54 | INFO     | [POOL #00112] 1179 471 925 || mode=VB method=sk_kmeans solver=filo2 stage=post_ls ls=pyvrp iter=1
2026-03-16 01:33:54 | INFO     | [POOL #00113] 875 798 704 || mode=VB method=sk_kmeans solver=filo2 stage=post_ls ls=pyvrp iter=1
2026-03-16 01:33:54 | INFO     | [POOL #00114] 1276 854 179 || mode=VB method=sk_kmeans solver=filo2 stage=post_ls ls=pyvrp iter=1
2026-03-16 01:33:54 | INFO     | [POOL #00115] 20 684 1170 || mode=VB method=sk_kmeans solver=filo2 stage=post_ls ls=pyvrp iter=1
2026-03-16 01:33:54 | INFO     | [POOL #00116] 589 152 1129 || mode=VB method=sk_kmeans solver=filo2 stage=post_ls ls=pyvrp iter=1
2026-03-16 01:33:54 | INFO     | [POOL #00117] 410 35 518 || mode=VB method=sk_kmeans solver=filo2 stage=post_ls ls=pyvrp iter=1
2026-03-16 01:33:54 | INFO     | [POOL #00118] 1341 548 280 1207 || mode=VB method=sk_kmeans solver=filo2 stage=post_ls ls=pyvrp iter=1
2026-03-16 01:33:54 | INFO     | [POOL #00119] 1365 374 675 843 || mode=VB method=sk_kmeans solver=filo2 stage=post_ls ls=pyvrp iter=1
2026-03-16 01:33:54 | INFO     | [POOL #00120] 83 1230 33 || mode=VB method=sk_kmeans solver=filo2 stage=post_ls ls=pyvrp iter=1
2026-03-16 01:33:54 | INFO     | [POOL #00121] 761 1111 1029 || mode=VB method=sk_kmeans solver=filo2 stage=post_ls ls=pyvrp iter=1
2026-03-16 01:33:54 | INFO     | [POOL #00122] 242 1087 270 || mode=VB method=sk_kmeans solver=filo2 stage=post_ls ls=pyvrp iter=1
2026-03-16 01:33:54 | INFO     | [POOL #00123] 171 1057 893 || mode=VB method=sk_kmeans solver=filo2 stage=post_ls ls=pyvrp iter=1
2026-03-16 01:33:54 | INFO     | [POOL #00124] 1331 38 1100 639 || mode=VB method=sk_kmeans solver=filo2 stage=post_ls ls=pyvrp iter=1
2026-03-16 01:33:54 | INFO     | [POOL #00125] 135 1290 8 || mode=VB method=sk_kmeans solver=filo2 stage=post_ls ls=pyvrp iter=1
2026-03-16 01:33:54 | INFO     | [POOL #00126] 756 960 422 1305 524 1016 193 733 || mode=VB method=sk_kmeans solver=filo2 stage=post_ls ls=pyvrp iter=1
2026-03-16 01:33:54 | INFO     | [POOL #00127] 238 122 367 734 || mode=VB method=sk_kmeans solver=filo2 stage=post_ls ls=pyvrp iter=1
2026-03-16 01:33:54 | INFO     | [POOL #00128] 1267 118 345 || mode=VB method=sk_kmeans solver=filo2 stage=post_ls ls=pyvrp iter=1
2026-03-16 01:33:54 | INFO     | [POOL #00129] 512 872 197 54 437 || mode=VB method=sk_kmeans solver=filo2 stage=post_ls ls=pyvrp iter=1
2026-03-16 01:33:54 | INFO     | [POOL #00130] 1218 1248 1126 || mode=VB method=sk_kmeans solver=filo2 stage=post_ls ls=pyvrp iter=1
2026-03-16 01:33:54 | INFO     | [POOL #00131] 389 1154 214 || mode=VB method=sk_kmeans solver=filo2 stage=post_ls ls=pyvrp iter=1
2026-03-16 01:33:54 | INFO     | [POOL #00132] 88 1335 85 || mode=VB method=sk_kmeans solver=filo2 stage=post_ls ls=pyvrp iter=1
2026-03-16 01:33:54 | INFO     | [POOL #00133] 990 517 792 || mode=VB method=sk_kmeans solver=filo2 stage=post_ls ls=pyvrp iter=1
2026-03-16 01:33:54 | INFO     | [POOL #00134] 933 22 501 || mode=VB method=sk_kmeans solver=filo2 stage=post_ls ls=pyvrp iter=1
2026-03-16 01:33:54 | INFO     | [POOL #00135] 121 268 1076 1044 || mode=VB method=sk_kmeans solver=filo2 stage=post_ls ls=pyvrp iter=1
2026-03-16 01:33:54 | INFO     | [POOL #00136] 14 361 487 855 212 244 1180 520 || mode=VB method=sk_kmeans solver=filo2 stage=post_ls ls=pyvrp iter=1
2026-03-16 01:33:54 | INFO     | [POOL #00137] 15 150 125 || mode=VB method=sk_kmeans solver=filo2 stage=post_ls ls=pyvrp iter=1
2026-03-16 01:33:54 | INFO     | [POOL #00138] 45 1173 503 || mode=VB method=sk_kmeans solver=filo2 stage=post_ls ls=pyvrp iter=1
2026-03-16 01:33:54 | INFO     | [POOL #00139] 882 379 228 310 169 || mode=VB method=sk_kmeans solver=filo2 stage=post_ls ls=pyvrp iter=1
2026-03-16 01:33:54 | INFO     | [POOL #00140] 1105 72 400 || mode=VB method=sk_kmeans solver=filo2 stage=post_ls ls=pyvrp iter=1
2026-03-16 01:33:54 | INFO     | [POOL #00141] 1073 1288 572 188 196 204 || mode=VB method=sk_kmeans solver=filo2 stage=post_ls ls=pyvrp iter=1
2026-03-16 01:33:54 | INFO     | [POOL #00142] 429 774 446 || mode=VB method=sk_kmeans solver=filo2 stage=post_ls ls=pyvrp iter=1
2026-03-16 01:33:54 | INFO     | [POOL #00143] 225 346 257 || mode=VB method=sk_kmeans solver=filo2 stage=post_ls ls=pyvrp iter=1
2026-03-16 01:33:54 | INFO     | [POOL #00144] 643 1182 1113 1040 || mode=VB method=sk_kmeans solver=filo2 stage=post_ls ls=pyvrp iter=1
2026-03-16 01:33:54 | INFO     | [POOL #00145] 1308 562 1245 || mode=VB method=sk_kmeans solver=filo2 stage=post_ls ls=pyvrp iter=1
2026-03-16 01:33:54 | INFO     | [POOL #00146] 886 1297 78 || mode=VB method=sk_kmeans solver=filo2 stage=post_ls ls=pyvrp iter=1
2026-03-16 01:33:54 | INFO     | [POOL #00147] 264 896 1110 || mode=VB method=sk_kmeans solver=filo2 stage=post_ls ls=pyvrp iter=1
2026-03-16 01:33:54 | INFO     | [POOL #00148] 929 312 131 || mode=VB method=sk_kmeans solver=filo2 stage=post_ls ls=pyvrp iter=1
2026-03-16 01:33:54 | INFO     | [POOL #00149] 462 904 574 763 457 901 1027 309 || mode=VB method=sk_kmeans solver=filo2 stage=post_ls ls=pyvrp iter=1
2026-03-16 01:33:54 | INFO     | [POOL #00150] 324 557 258 552 || mode=VB method=sk_kmeans solver=filo2 stage=post_ls ls=pyvrp iter=1
2026-03-16 01:33:54 | INFO     | [POOL #00151] 973 71 920 || mode=VB method=sk_kmeans solver=filo2 stage=post_ls ls=pyvrp iter=1
2026-03-16 01:33:54 | INFO     | [POOL #00152] 299 604 1088 1316 903 436 306 955 696 || mode=VB method=sk_kmeans solver=filo2 stage=post_ls ls=pyvrp iter=1
2026-03-16 01:33:54 | INFO     | [POOL #00153] 200 1061 787 || mode=VB method=sk_kmeans solver=filo2 stage=post_ls ls=pyvrp iter=1
2026-03-16 01:33:54 | INFO     | [POOL #00154] 304 962 1162 || mode=VB method=sk_kmeans solver=filo2 stage=post_ls ls=pyvrp iter=1
2026-03-16 01:33:54 | INFO     | [POOL #00155] 632 79 344 598 || mode=VB method=sk_kmeans solver=filo2 stage=post_ls ls=pyvrp iter=1
2026-03-16 01:33:54 | INFO     | [POOL #00156] 653 383 467 || mode=VB method=sk_kmeans solver=filo2 stage=post_ls ls=pyvrp iter=1
2026-03-16 01:33:54 | INFO     | [POOL #00157] 13 1084 427 784 287 369 1223 1361 1222 || mode=VB method=sk_kmeans solver=filo2 stage=post_ls ls=pyvrp iter=1
2026-03-16 01:33:54 | INFO     | [POOL #00158] 1336 1152 1032 || mode=VB method=sk_kmeans solver=filo2 stage=post_ls ls=pyvrp iter=1
2026-03-16 01:33:54 | INFO     | [POOL #00159] 694 1240 842 928 || mode=VB method=sk_kmeans solver=filo2 stage=post_ls ls=pyvrp iter=1
2026-03-16 01:33:54 | INFO     | [POOL #00160] 796 1296 609 505 748 51 || mode=VB method=sk_kmeans solver=filo2 stage=post_ls ls=pyvrp iter=1
2026-03-16 01:33:54 | INFO     | [POOL #00161] 1068 705 1286 1339 924 || mode=VB method=sk_kmeans solver=filo2 stage=post_ls ls=pyvrp iter=1
2026-03-16 01:33:54 | INFO     | [POOL #00162] 605 283 648 655 506 44 || mode=VB method=sk_kmeans solver=filo2 stage=post_ls ls=pyvrp iter=1
2026-03-16 01:33:54 | INFO     | [POOL #00163] 619 1227 404 1279 || mode=VB method=sk_kmeans solver=filo2 stage=post_ls ls=pyvrp iter=1
2026-03-16 01:33:54 | INFO     | [POOL #00164] 1052 184 484 136 363 664 489 265 553 || mode=VB method=sk_kmeans solver=filo2 stage=post_ls ls=pyvrp iter=1
2026-03-16 01:33:54 | INFO     | [POOL #00165] 466 49 1086 || mode=VB method=sk_kmeans solver=filo2 stage=post_ls ls=pyvrp iter=1
2026-03-16 01:33:54 | INFO     | [POOL #00166] 1168 1134 550 1014 || mode=VB method=sk_kmeans solver=filo2 stage=post_ls ls=pyvrp iter=1
2026-03-16 01:33:54 | INFO     | [POOL #00167] 128 877 1206 311 811 246 89 848 || mode=VB method=sk_kmeans solver=filo2 stage=post_ls ls=pyvrp iter=1
2026-03-16 01:33:54 | INFO     | [POOL #00168] 116 209 1047 || mode=VB method=sk_kmeans solver=filo2 stage=post_ls ls=pyvrp iter=1
2026-03-16 01:33:54 | INFO     | [POOL #00169] 414 1102 795 139 432 1198 669 881 350 863 || mode=VB method=sk_kmeans solver=filo2 stage=post_ls ls=pyvrp iter=1
2026-03-16 01:33:54 | INFO     | [POOL #00170] 564 559 1190 || mode=VB method=sk_kmeans solver=filo2 stage=post_ls ls=pyvrp iter=1
2026-03-16 01:33:54 | INFO     | [POOL #00171] 858 266 523 || mode=VB method=sk_kmeans solver=filo2 stage=post_ls ls=pyvrp iter=1
2026-03-16 01:33:54 | INFO     | [POOL #00172] 698 317 313 || mode=VB method=sk_kmeans solver=filo2 stage=post_ls ls=pyvrp iter=1
2026-03-16 01:33:54 | INFO     | [POOL #00173] 1354 1307 594 1136 || mode=VB method=sk_kmeans solver=filo2 stage=post_ls ls=pyvrp iter=1
2026-03-16 01:33:54 | INFO     | [POOL #00174] 93 957 700 || mode=VB method=sk_kmeans solver=filo2 stage=post_ls ls=pyvrp iter=1
2026-03-16 01:33:54 | INFO     | [POOL #00175] 822 239 373 || mode=VB method=sk_kmeans solver=filo2 stage=post_ls ls=pyvrp iter=1
2026-03-16 01:33:54 | INFO     | [POOL #00176] 938 739 1330 1017 || mode=VB method=sk_kmeans solver=filo2 stage=post_ls ls=pyvrp iter=1
2026-03-16 01:33:54 | INFO     | [POOL #00177] 537 132 300 987 || mode=VB method=sk_kmeans solver=filo2 stage=post_ls ls=pyvrp iter=1
2026-03-16 01:33:54 | INFO     | [POOL #00178] 1186 386 338 || mode=VB method=sk_kmeans solver=filo2 stage=post_ls ls=pyvrp iter=1
2026-03-16 01:33:54 | INFO     | [POOL #00179] 800 203 547 || mode=VB method=sk_kmeans solver=filo2 stage=post_ls ls=pyvrp iter=1
2026-03-16 01:33:54 | INFO     | [POOL #00180] 727 1071 913 1120 1315 820 1148 || mode=VB method=sk_kmeans solver=filo2 stage=post_ls ls=pyvrp iter=1
2026-03-16 01:33:54 | INFO     | [POOL #00181] 274 964 600 || mode=VB method=sk_kmeans solver=filo2 stage=post_ls ls=pyvrp iter=1
2026-03-16 01:33:54 | INFO     | [POOL #00182] 349 683 740 || mode=VB method=sk_kmeans solver=filo2 stage=post_ls ls=pyvrp iter=1
2026-03-16 01:33:54 | INFO     | [POOL #00183] 1268 978 473 || mode=VB method=sk_kmeans solver=filo2 stage=post_ls ls=pyvrp iter=1
2026-03-16 01:33:54 | INFO     | [POOL #00184] 202 729 711 || mode=VB method=sk_kmeans solver=filo2 stage=post_ls ls=pyvrp iter=1
2026-03-16 01:33:54 | INFO     | [POOL #00185] 278 777 732 || mode=VB method=sk_kmeans solver=filo2 stage=post_ls ls=pyvrp iter=1
2026-03-16 01:33:54 | INFO     | [POOL #00186] 26 381 755 708 1358 || mode=VB method=sk_kmeans solver=filo2 stage=post_ls ls=pyvrp iter=1
2026-03-16 01:33:54 | INFO     | [POOL #00187] 818 1254 52 || mode=VB method=sk_kmeans solver=filo2 stage=post_ls ls=pyvrp iter=1
2026-03-16 01:33:54 | INFO     | [POOL #00188] 775 596 744 || mode=VB method=sk_kmeans solver=filo2 stage=post_ls ls=pyvrp iter=1
2026-03-16 01:33:54 | INFO     | [POOL #00189] 138 934 1063 || mode=VB method=sk_kmeans solver=filo2 stage=post_ls ls=pyvrp iter=1
2026-03-16 01:33:54 | INFO     | [POOL #00190] 368 880 1081 || mode=VB method=sk_kmeans solver=filo2 stage=post_ls ls=pyvrp iter=1
2026-03-16 01:33:54 | INFO     | [POOL #00191] 495 250 1323 || mode=VB method=sk_kmeans solver=filo2 stage=post_ls ls=pyvrp iter=1
2026-03-16 01:33:54 | INFO     | [POOL #00192] 30 876 760 251 || mode=VB method=sk_kmeans solver=filo2 stage=post_ls ls=pyvrp iter=1
2026-03-16 01:33:54 | INFO     | [POOL #00193] 206 479 762 894 322 255 641 1285 1236 1229 70 185 || mode=VB method=sk_kmeans solver=filo2 stage=post_ls ls=pyvrp iter=1
2026-03-16 01:33:54 | INFO     | [POOL #00194] 330 415 || mode=VB method=sk_kmeans solver=filo2 stage=post_ls ls=pyvrp iter=1
2026-03-16 01:33:54 | INFO     | [POOL #00195] 130 145 980 || mode=VB method=sk_kmeans solver=filo2 stage=post_ls ls=pyvrp iter=1
2026-03-16 01:33:54 | INFO     | [POOL #00196] 743 610 100 689 1178 673 1169 1219 || mode=VB method=sk_kmeans solver=filo2 stage=post_ls ls=pyvrp iter=1
2026-03-16 01:33:54 | INFO     | [POOL #00197] 66 1054 425 305 601 || mode=VB method=sk_kmeans solver=filo2 stage=post_ls ls=pyvrp iter=1
2026-03-16 01:33:54 | INFO     | [POOL #00198] 342 1363 1261 1342 || mode=VB method=sk_kmeans solver=filo2 stage=post_ls ls=pyvrp iter=1
2026-03-16 01:33:54 | INFO     | [POOL #00199] 630 458 1298 1026 || mode=VB method=sk_kmeans solver=filo2 stage=post_ls ls=pyvrp iter=1
2026-03-16 01:33:54 | INFO     | [POOL #00200] 1092 1320 1135 165 || mode=VB method=sk_kmeans solver=filo2 stage=post_ls ls=pyvrp iter=1
2026-03-16 01:33:54 | INFO     | [POOL #00201] 1352 674 803 || mode=VB method=sk_kmeans solver=filo2 stage=post_ls ls=pyvrp iter=1
2026-03-16 01:33:54 | INFO     | [POOL #00202] 48 1004 725 || mode=VB method=sk_kmeans solver=filo2 stage=post_ls ls=pyvrp iter=1
2026-03-16 01:33:54 | INFO     | [POOL #00203] 419 976 69 959 189 67 156 500 1273 144 || mode=VB method=sk_kmeans solver=filo2 stage=post_ls ls=pyvrp iter=1
2026-03-16 01:33:54 | INFO     | [POOL #00204] 2 699 768 764 151 || mode=VB method=sk_kmeans solver=filo2 stage=post_ls ls=pyvrp iter=1
2026-03-16 01:33:54 | INFO     | [POOL #00205] 1104 1200 440 || mode=VB method=sk_kmeans solver=filo2 stage=post_ls ls=pyvrp iter=1
2026-03-16 01:33:54 | INFO     | [POOL #00206] 1253 1256 331 652 76 || mode=VB method=sk_kmeans solver=filo2 stage=post_ls ls=pyvrp iter=1
2026-03-16 01:33:54 | INFO     | [POOL #00207] 1272 650 817 || mode=VB method=sk_kmeans solver=filo2 stage=post_ls ls=pyvrp iter=1
2026-03-16 01:33:54 | INFO     | [POOL #00208] 208 460 789 292 582 348 944 1035 752 || mode=VB method=sk_kmeans solver=filo2 stage=post_ls ls=pyvrp iter=1
2026-03-16 01:33:54 | INFO     | [POOL #00209] 1123 328 709 1089 || mode=VB method=sk_kmeans solver=filo2 stage=post_ls ls=pyvrp iter=1
2026-03-16 01:33:54 | INFO     | [POOL #00210] 988 34 1156 || mode=VB method=sk_kmeans solver=filo2 stage=post_ls ls=pyvrp iter=1
2026-03-16 01:33:54 | INFO     | [POOL #00211] 983 636 408 || mode=VB method=sk_kmeans solver=filo2 stage=post_ls ls=pyvrp iter=1
2026-03-16 01:33:54 | INFO     | [POOL #00212] 163 1232 1233 || mode=VB method=sk_kmeans solver=filo2 stage=post_ls ls=pyvrp iter=1
2026-03-16 01:33:54 | INFO     | [POOL #00213] 352 951 157 1003 1095 569 637 || mode=VB method=sk_kmeans solver=filo2 stage=post_ls ls=pyvrp iter=1
2026-03-16 01:33:54 | INFO     | [POOL #00214] 439 747 82 || mode=VB method=sk_kmeans solver=filo2 stage=post_ls ls=pyvrp iter=1
2026-03-16 01:33:54 | INFO     | [POOL #00215] 953 607 1205 993 || mode=VB method=sk_kmeans solver=filo2 stage=post_ls ls=pyvrp iter=1
2026-03-16 01:33:54 | INFO     | [POOL #00216] 1124 282 372 112 || mode=VB method=sk_kmeans solver=filo2 stage=post_ls ls=pyvrp iter=1
2026-03-16 01:33:54 | INFO     | [POOL #00217] 946 57 1372 240 801 771 259 453 || mode=VB method=sk_kmeans solver=filo2 stage=post_ls ls=pyvrp iter=1
2026-03-16 01:33:54 | INFO     | [POOL #00218] 186 32 1269 956 912 1309 566 977 402 1373 1060 1160 || mode=VB method=sk_kmeans solver=filo2 stage=post_ls ls=pyvrp iter=1
2026-03-16 01:33:54 | INFO     | [POOL #00219] 302 31 106 974 || mode=VB method=sk_kmeans solver=filo2 stage=post_ls ls=pyvrp iter=1
2026-03-16 01:33:54 | INFO     | [POOL #00220] 975 1247 351 227 900 514 252 1332 1327 823 || mode=VB method=sk_kmeans solver=filo2 stage=post_ls ls=pyvrp iter=1
2026-03-16 01:33:54 | INFO     | [POOL #00221] 1159 573 750 17 87 334 249 42 || mode=VB method=sk_kmeans solver=filo2 stage=post_ls ls=pyvrp iter=1
2026-03-16 01:33:54 | INFO     | [POOL #00222] 721 945 1107 60 || mode=VB method=sk_kmeans solver=filo2 stage=post_ls ls=pyvrp iter=1
2026-03-16 01:33:54 | INFO     | [POOL #00223] 588 779 449 || mode=VB method=sk_kmeans solver=filo2 stage=post_ls ls=pyvrp iter=1
2026-03-16 01:33:54 | INFO     | [POOL #00224] 541 1106 114 || mode=VB method=sk_kmeans solver=filo2 stage=post_ls ls=pyvrp iter=1
2026-03-16 01:33:54 | INFO     | [POOL #00225] 936 1066 392 || mode=VB method=sk_kmeans solver=filo2 stage=post_ls ls=pyvrp iter=1
2026-03-16 01:33:54 | INFO     | [POOL #00226] 666 1328 1360 || mode=VB method=sk_kmeans solver=filo2 stage=post_ls ls=pyvrp iter=1
2026-03-16 01:33:54 | INFO     | [POOL #00227] 776 167 766 535 695 1155 617 477 || mode=VB method=sk_kmeans solver=filo2 stage=post_ls ls=pyvrp iter=1
2026-03-16 01:33:54 | INFO     | [POOL #00228] 75 649 97 838 || mode=VB method=sk_kmeans solver=filo2 stage=post_ls ls=pyvrp iter=1
2026-03-16 01:33:54 | INFO     | [POOL #00229] 1090 286 1287 1221 1212 154 1274 319 1165 261 399 || mode=VB method=sk_kmeans solver=filo2 stage=post_ls ls=pyvrp iter=1
2026-03-16 01:33:54 | INFO     | [POOL #00230] 635 201 115 || mode=VB method=sk_kmeans solver=filo2 stage=post_ls ls=pyvrp iter=1
2026-03-16 01:33:54 | INFO     | [POOL #00231] 577 657 614 816 825 1278 685 337 341 1314 || mode=VB method=sk_kmeans solver=filo2 stage=post_ls ls=pyvrp iter=1
2026-03-16 01:33:54 | INFO     | [POOL #00232] 1183 28 1370 499 || mode=VB method=sk_kmeans solver=filo2 stage=post_ls ls=pyvrp iter=1
2026-03-16 01:33:54 | INFO     | [POOL #00233] 253 815 504 1130 || mode=VB method=sk_kmeans solver=filo2 stage=post_ls ls=pyvrp iter=1
2026-03-16 01:33:54 | INFO     | [POOL #00234] 418 862 773 124 || mode=VB method=sk_kmeans solver=filo2 stage=post_ls ls=pyvrp iter=1
2026-03-16 01:33:54 | INFO     | [POOL #00235] 1270 84 989 371 1312 954 1020 95 397 || mode=VB method=sk_kmeans solver=filo2 stage=post_ls ls=pyvrp iter=1
2026-03-16 01:33:54 | INFO     | [POOL #00236] 378 1096 395 1211 || mode=VB method=sk_kmeans solver=filo2 stage=post_ls ls=pyvrp iter=1
2026-03-16 01:33:54 | INFO     | [POOL #00237] 1193 690 898 1065 18 1294 1241 428 754 638 || mode=VB method=sk_kmeans solver=filo2 stage=post_ls ls=pyvrp iter=1
2026-03-16 01:33:54 | INFO     | [POOL #00238] 29 840 1143 879 1334 375 558 1139 672 1008 1079 || mode=VB method=sk_kmeans solver=filo2 stage=post_ls ls=pyvrp iter=1
2026-03-16 01:33:54 | INFO     | [POOL #00239] 586 969 37 866 || mode=VB method=sk_kmeans solver=filo2 stage=post_ls ls=pyvrp iter=1
2026-03-16 01:33:54 | INFO     | [POOL #00240] 640 1299 36 1150 996 464 1000 722 443 || mode=VB method=sk_kmeans solver=filo2 stage=post_ls ls=pyvrp iter=1
2026-03-16 01:33:54 | INFO     | [POOL #00241] 329 911 260 41 1220 40 819 861 810 || mode=VB method=sk_kmeans solver=filo2 stage=post_ls ls=pyvrp iter=1
2026-03-16 01:33:54 | INFO     | [POOL #00242] 423 931 101 332 417 749 799 1127 1366 540 852 1080 835 || mode=VB method=sk_kmeans solver=filo2 stage=post_ls ls=pyvrp iter=1
2026-03-16 01:33:54 | INFO     | [POOL #00243] 794 182 1371 || mode=VB method=sk_kmeans solver=filo2 stage=post_ls ls=pyvrp iter=1
2026-03-16 01:33:54 | INFO     | [POOL #00244] 68 1321 99 245 526 567 155 1059 || mode=VB method=sk_kmeans solver=filo2 stage=post_ls ls=pyvrp iter=1
2026-03-16 01:33:54 | INFO     | [POOL #00245] 1224 86 668 || mode=VB method=sk_kmeans solver=filo2 stage=post_ls ls=pyvrp iter=1
2026-03-16 01:33:54 | INFO     | [POOL #00246] 451 633 12 || mode=VB method=sk_kmeans solver=filo2 stage=post_ls ls=pyvrp iter=1
2026-03-16 01:33:54 | INFO     | [POOL #00247] 1055 613 549 621 1322 966 883 874 873 1192 726 27 813 || mode=VB method=sk_kmeans solver=filo2 stage=post_ls ls=pyvrp iter=1
2026-03-16 01:33:54 | INFO     | [POOL #00248] 670 1177 303 1093 1115 1196 468 || mode=VB method=sk_kmeans solver=filo2 stage=post_ls ls=pyvrp iter=1
2026-03-16 01:33:54 | INFO     | [POOL #00249] 1005 742 1083 1145 || mode=VB method=sk_kmeans solver=filo2 stage=post_ls ls=pyvrp iter=1
2026-03-16 01:33:54 | INFO     | [POOL #00250] 61 298 979 90 92 360 1009 481 1252 || mode=VB method=sk_kmeans solver=filo2 stage=post_ls ls=pyvrp iter=1
2026-03-16 01:33:54 | INFO     | [POOL #00251] 713 288 917 916 || mode=VB method=sk_kmeans solver=filo2 stage=post_ls ls=pyvrp iter=1
2026-03-16 01:33:54 | INFO     | [POOL #00252] 231 967 1280 770 243 1049 1364 222 || mode=VB method=sk_kmeans solver=filo2 stage=post_ls ls=pyvrp iter=1
2026-03-16 01:33:54 | INFO     | [POOL #00253] 11 1157 43 629 772 908 1275 96 1313 667 164 || mode=VB method=sk_kmeans solver=filo2 stage=post_ls ls=pyvrp iter=1
2026-03-16 01:33:54 | INFO     | [POOL #00254] 1291 133 335 532 697 595 850 868 142 || mode=VB method=sk_kmeans solver=filo2 stage=post_ls ls=pyvrp iter=1
2026-03-16 01:33:54 | INFO     | [POOL #00255] 207 1164 508 570 948 1125 435 736 625 790 232 || mode=VB method=sk_kmeans solver=filo2 stage=post_ls ls=pyvrp iter=1
2026-03-16 01:33:54 | INFO     | [POOL #00256] 463 1239 58 1214 793 1246 1167 491 1201 56 || mode=VB method=sk_kmeans solver=filo2 stage=post_ls ls=pyvrp iter=1
2026-03-16 01:33:54 | INFO     | [POOL #00257] 213 1306 1021 1355 || mode=VB method=sk_kmeans solver=filo2 stage=post_ls ls=pyvrp iter=1
2026-03-16 01:33:54 | INFO     | [POOL #00258] 1163 1346 971 998 885 1158 745 326 219 || mode=VB method=sk_kmeans solver=filo2 stage=post_ls ls=pyvrp iter=1
2026-03-16 01:33:54 | INFO     | [POOL #00259] 1042 452 645 715 1010 970 39 918 140 || mode=VB method=sk_kmeans solver=filo2 stage=post_ls ls=pyvrp iter=1
2026-03-16 01:33:54 | INFO     | [POOL #00260] 1031 555 247 910 720 878 46 343 1072 276 || mode=VB method=sk_kmeans solver=filo2 stage=post_ls ls=pyvrp iter=1
2026-03-16 01:33:54 | INFO     | [POOL #00261] 809 1302 211 1013 515 1050 353 281 1185 860 644 421 1188 347 340 539 55 || mode=VB method=sk_kmeans solver=filo2 stage=post_ls ls=pyvrp iter=1
2026-03-16 01:33:54 | INFO     | [POOL #00262] 318 1195 1146 456 1243 902 538 || mode=VB method=sk_kmeans solver=filo2 stage=post_ls ls=pyvrp iter=1
2026-03-16 01:33:54 | INFO     | [POOL #00263] 1033 581 769 1064 94 195 781 191 || mode=VB method=sk_kmeans solver=filo2 stage=post_ls ls=pyvrp iter=1
2026-03-16 01:33:54 | INFO     | [POOL #00264] 719 1266 627 892 556 909 149 216 || mode=VB method=sk_kmeans solver=filo2 stage=post_ls ls=pyvrp iter=1
2026-03-16 01:33:54 | INFO     | [POOL #00265] 47 146 413 1030 296 1191 982 430 474 1353 || mode=VB method=sk_kmeans solver=filo2 stage=post_ls ls=pyvrp iter=1
2026-03-16 01:33:54 | INFO     | [POOL #00266] 293 406 735 724 123 831 1141 1045 1138 || mode=VB method=sk_kmeans solver=filo2 stage=post_ls ls=pyvrp iter=1
2026-03-16 01:33:54 | INFO     | [POOL #00267] 450 1333 870 597 865 897 256 1228 267 686 420 494 1356 703 || mode=VB method=sk_kmeans solver=filo2 stage=post_ls ls=pyvrp iter=1
2026-03-16 01:33:54 | INFO     | [POOL #00268] 849 807 837 939 1209 1022 952 1303 1133 || mode=VB method=sk_kmeans solver=filo2 stage=post_ls ls=pyvrp iter=1
2026-03-16 01:33:54 | INFO     | [POOL #00269] 438 482 1284 544 126 295 676 890 845 224 1249 129 950 || mode=VB method=sk_kmeans solver=filo2 stage=post_ls ls=pyvrp iter=1
2026-03-16 01:33:54 | INFO     | [POOL #00270] 887 1046 25 665 1343 560 828 937 1122 || mode=VB method=sk_kmeans solver=filo2 stage=post_ls ls=pyvrp iter=1
2026-03-16 01:33:54 | INFO     | [POOL #00271] 935 391 738 104 829 178 1357 1226 448 223 || mode=VB method=sk_kmeans solver=filo2 stage=post_ls ls=pyvrp iter=1
2026-03-16 01:33:54 | INFO     | [POOL #00272] 1085 1189 158 1282 580 1318 23 528 1098 194 488 || mode=VB method=sk_kmeans solver=filo2 stage=post_ls ls=pyvrp iter=1
2026-03-16 01:33:54 | INFO     | [POOL #00273] 531 561 1137 949 447 59 105 615 1210 1300 995 585 || mode=VB method=sk_kmeans solver=filo2 stage=post_ls ls=pyvrp iter=1
2026-03-16 01:33:54 | INFO     | [POOL #00274] 716 226 1142 376 1147 642 1116 198 576 || mode=VB method=sk_kmeans solver=filo2 stage=post_ls ls=pyvrp iter=1
2026-03-16 01:33:54 | INFO     | [POOL #00275] 248 308 272 1319 1121 284 377 1260 707 || mode=VB method=sk_kmeans solver=filo2 stage=post_ls ls=pyvrp iter=1
2026-03-16 01:33:54 | INFO     | [POOL #00276] 134 333 442 393 459 857 148 565 941 || mode=VB method=sk_kmeans solver=filo2 stage=post_ls ls=pyvrp iter=1
2026-03-16 01:33:54 | INFO     | [POOL #00277] 889 19 205 1012 441 678 530 788 834 542 1265 || mode=VB method=sk_kmeans solver=filo2 stage=post_ls ls=pyvrp iter=1
2026-03-16 01:33:54 | INFO     | [POOL #00278] 1171 3 181 161 233 826 599 445 679 1 1140 141 108 || mode=VB method=sk_kmeans solver=filo2 stage=post_ls ls=pyvrp iter=1
2026-03-16 01:33:54 | INFO     | [POOL #00279] 1251 1324 294 671 525 444 1217 || mode=VB method=sk_kmeans solver=filo2 stage=post_ls ls=pyvrp iter=1
2026-03-16 01:33:54 | INFO     | [POOL #00280] 827 568 160 758 746 384 1271 187 606 575 1019 1204 || mode=VB method=sk_kmeans solver=filo2 stage=post_ls ls=pyvrp iter=1
2026-03-16 01:33:54 | INFO     | [POOL #00281] 965 984 656 856 824 1036 1038 631 593 662 98 1225 || mode=VB method=sk_kmeans solver=filo2 stage=post_ls ls=pyvrp iter=1
2026-03-16 01:33:54 | INFO     | [POOL #00282] 407 493 519 475 1053 174 1034 277 229 476 107 611 316 || mode=VB method=sk_kmeans solver=filo2 stage=post_ls ls=pyvrp iter=1
2026-03-16 01:33:54 | INFO     | [POOL #00283] 65 767 147 681 1264 1108 269 153 1166 497 864 930 || mode=VB method=sk_kmeans solver=filo2 stage=post_ls ls=pyvrp iter=1
2026-03-16 01:33:54 | INFO     | [POOL #00284] 1234 498 551 1351 1242 || mode=VB method=sk_kmeans solver=filo2 stage=post_ls ls=pyvrp iter=1
2026-03-16 01:33:54 | INFO     | [POOL #00285] 268 1174 1186 || mode=RB method=sk_ac_avg solver=pyvrp stage=post_ls ls=pyvrp iter=2
2026-03-16 01:33:54 | INFO     | [POOL #00286] 121 495 1044 783 || mode=RB method=sk_ac_avg solver=pyvrp stage=post_ls ls=pyvrp iter=2
2026-03-16 01:33:54 | INFO     | [POOL #00287] 1340 1004 725 || mode=RB method=sk_ac_avg solver=pyvrp stage=post_ls ls=pyvrp iter=2
2026-03-16 01:33:54 | INFO     | [POOL #00288] 385 109 922 || mode=RB method=sk_ac_avg solver=pyvrp stage=post_ls ls=pyvrp iter=2
2026-03-16 01:33:54 | INFO     | [POOL #00289] 383 210 300 || mode=RB method=sk_ac_avg solver=pyvrp stage=post_ls ls=pyvrp iter=2
2026-03-16 01:33:54 | INFO     | [POOL #00290] 467 653 48 || mode=RB method=sk_ac_avg solver=pyvrp stage=post_ls ls=pyvrp iter=2
2026-03-16 01:33:54 | INFO     | [POOL #00291] 271 1028 405 || mode=RB method=sk_ac_avg solver=pyvrp stage=post_ls ls=pyvrp iter=2
2026-03-16 01:33:54 | INFO     | [POOL #00292] 646 263 74 || mode=RB method=sk_ac_avg solver=pyvrp stage=post_ls ls=pyvrp iter=2
2026-03-16 01:33:54 | INFO     | [POOL #00293] 236 859 578 || mode=RB method=sk_ac_avg solver=pyvrp stage=post_ls ls=pyvrp iter=2
2026-03-16 01:33:54 | INFO     | [POOL #00294] 1076 237 1129 297 || mode=RB method=sk_ac_avg solver=pyvrp stage=post_ls ls=pyvrp iter=2
2026-03-16 01:33:54 | INFO     | [POOL #00295] 152 589 844 || mode=RB method=sk_ac_avg solver=pyvrp stage=post_ls ls=pyvrp iter=2
2026-03-16 01:33:54 | INFO     | [POOL #00296] 1037 778 88 || mode=RB method=sk_ac_avg solver=pyvrp stage=post_ls ls=pyvrp iter=2
2026-03-16 01:33:54 | INFO     | [POOL #00297] 1029 1069 431 721 || mode=RB method=sk_ac_avg solver=pyvrp stage=post_ls ls=pyvrp iter=2
2026-03-16 01:33:54 | INFO     | [POOL #00298] 85 693 359 || mode=RB method=sk_ac_avg solver=pyvrp stage=post_ls ls=pyvrp iter=2
2026-03-16 01:33:54 | INFO     | [POOL #00299] 230 926 496 || mode=RB method=sk_ac_avg solver=pyvrp stage=post_ls ls=pyvrp iter=2
2026-03-16 01:33:54 | INFO     | [POOL #00300] 660 513 472 || mode=RB method=sk_ac_avg solver=pyvrp stage=post_ls ls=pyvrp iter=2
2026-03-16 01:33:54 | INFO     | [POOL #00301] 1365 583 366 || mode=RB method=sk_ac_avg solver=pyvrp stage=post_ls ls=pyvrp iter=2
2026-03-16 01:33:54 | INFO     | [POOL #00302] 1103 6 275 || mode=RB method=sk_ac_avg solver=pyvrp stage=post_ls ls=pyvrp iter=2
2026-03-16 01:33:54 | INFO     | [POOL #00303] 257 1281 1295 || mode=RB method=sk_ac_avg solver=pyvrp stage=post_ls ls=pyvrp iter=2
2026-03-16 01:33:54 | INFO     | [POOL #00304] 1011 225 1235 || mode=RB method=sk_ac_avg solver=pyvrp stage=post_ls ls=pyvrp iter=2
2026-03-16 01:33:54 | INFO     | [POOL #00305] 643 1182 1369 1335 || mode=RB method=sk_ac_avg solver=pyvrp stage=post_ls ls=pyvrp iter=2
2026-03-16 01:33:54 | INFO     | [POOL #00306] 945 1018 1056 || mode=RB method=sk_ac_avg solver=pyvrp stage=post_ls ls=pyvrp iter=2
2026-03-16 01:33:54 | INFO     | [POOL #00307] 914 1262 455 || mode=RB method=sk_ac_avg solver=pyvrp stage=post_ls ls=pyvrp iter=2
2026-03-16 01:33:54 | INFO     | [POOL #00308] 346 1329 623 || mode=RB method=sk_ac_avg solver=pyvrp stage=post_ls ls=pyvrp iter=2
2026-03-16 01:33:54 | INFO     | [POOL #00309] 691 1250 176 || mode=RB method=sk_ac_avg solver=pyvrp stage=post_ls ls=pyvrp iter=2
2026-03-16 01:33:54 | INFO     | [POOL #00310] 692 833 628 || mode=RB method=sk_ac_avg solver=pyvrp stage=post_ls ls=pyvrp iter=2
2026-03-16 01:33:54 | INFO     | [POOL #00311] 62 999 1114 || mode=RB method=sk_ac_avg solver=pyvrp stage=post_ls ls=pyvrp iter=2
2026-03-16 01:33:54 | INFO     | [POOL #00312] 5 1040 986 || mode=RB method=sk_ac_avg solver=pyvrp stage=post_ls ls=pyvrp iter=2
2026-03-16 01:33:54 | INFO     | [POOL #00313] 1205 356 1113 847 || mode=RB method=sk_ac_avg solver=pyvrp stage=post_ls ls=pyvrp iter=2
2026-03-16 01:33:54 | INFO     | [POOL #00314] 60 373 239 || mode=RB method=sk_ac_avg solver=pyvrp stage=post_ls ls=pyvrp iter=2
2026-03-16 01:33:54 | INFO     | [POOL #00315] 1202 388 620 || mode=RB method=sk_ac_avg solver=pyvrp stage=post_ls ls=pyvrp iter=2
2026-03-16 01:33:54 | INFO     | [POOL #00316] 53 584 1002 || mode=RB method=sk_ac_avg solver=pyvrp stage=post_ls ls=pyvrp iter=2
2026-03-16 01:33:54 | INFO     | [POOL #00317] 110 1144 21 || mode=RB method=sk_ac_avg solver=pyvrp stage=post_ls ls=pyvrp iter=2
2026-03-16 01:33:54 | INFO     | [POOL #00318] 607 993 138 416 || mode=RB method=sk_ac_avg solver=pyvrp stage=post_ls ls=pyvrp iter=2
2026-03-16 01:33:54 | INFO     | [POOL #00319] 490 355 1194 || mode=RB method=sk_ac_avg solver=pyvrp stage=post_ls ls=pyvrp iter=2
2026-03-16 01:33:54 | INFO     | [POOL #00320] 1107 522 492 510 || mode=RB method=sk_ac_avg solver=pyvrp stage=post_ls ls=pyvrp iter=2
2026-03-16 01:33:54 | INFO     | [POOL #00321] 659 822 374 || mode=RB method=sk_ac_avg solver=pyvrp stage=post_ls ls=pyvrp iter=2
2026-03-16 01:33:54 | INFO     | [POOL #00322] 717 953 1244 830 || mode=RB method=sk_ac_avg solver=pyvrp stage=post_ls ls=pyvrp iter=2
2026-03-16 01:33:54 | INFO     | [POOL #00323] 843 675 1078 907 || mode=RB method=sk_ac_avg solver=pyvrp stage=post_ls ls=pyvrp iter=2
2026-03-16 01:33:54 | INFO     | [POOL #00324] 63 1063 934 || mode=RB method=sk_ac_avg solver=pyvrp stage=post_ls ls=pyvrp iter=2
2026-03-16 01:33:54 | INFO     | [POOL #00325] 1258 398 1153 307 || mode=RB method=sk_ac_avg solver=pyvrp stage=post_ls ls=pyvrp iter=2
2026-03-16 01:33:54 | INFO     | [POOL #00326] 1304 731 314 || mode=RB method=sk_ac_avg solver=pyvrp stage=post_ls ls=pyvrp iter=2
2026-03-16 01:33:54 | INFO     | [POOL #00327] 609 107 476 505 509 1067 || mode=RB method=sk_ac_avg solver=pyvrp stage=post_ls ls=pyvrp iter=2
2026-03-16 01:33:54 | INFO     | [POOL #00328] 1075 1349 119 || mode=RB method=sk_ac_avg solver=pyvrp stage=post_ls ls=pyvrp iter=2
2026-03-16 01:33:54 | INFO     | [POOL #00329] 316 1296 403 273 991 || mode=RB method=sk_ac_avg solver=pyvrp stage=post_ls ls=pyvrp iter=2
2026-03-16 01:33:54 | INFO     | [POOL #00330] 277 229 1034 174 1053 286 1090 796 || mode=RB method=sk_ac_avg solver=pyvrp stage=post_ls ls=pyvrp iter=2
2026-03-16 01:33:54 | INFO     | [POOL #00331] 1350 51 748 521 156 || mode=RB method=sk_ac_avg solver=pyvrp stage=post_ls ls=pyvrp iter=2
2026-03-16 01:33:54 | INFO     | [POOL #00332] 661 837 611 939 1022 952 849 67 || mode=RB method=sk_ac_avg solver=pyvrp stage=post_ls ls=pyvrp iter=2
2026-03-16 01:33:54 | INFO     | [POOL #00333] 407 807 1209 493 519 475 1287 1221 1212 154 1274 319 1165 || mode=RB method=sk_ac_avg solver=pyvrp stage=post_ls ls=pyvrp iter=2
2026-03-16 01:33:54 | INFO     | [POOL #00334] 9 658 424 1176 || mode=RB method=sk_ac_avg solver=pyvrp stage=post_ls ls=pyvrp iter=2
2026-03-16 01:33:54 | INFO     | [POOL #00335] 61 979 1009 881 350 863 261 399 || mode=RB method=sk_ac_avg solver=pyvrp stage=post_ls ls=pyvrp iter=2
2026-03-16 01:33:54 | INFO     | [POOL #00336] 1055 901 298 90 604 299 92 360 481 1252 || mode=RB method=sk_ac_avg solver=pyvrp stage=post_ls ls=pyvrp iter=2
2026-03-16 01:33:54 | INFO     | [POOL #00337] 669 1088 1316 903 549 613 436 306 || mode=RB method=sk_ac_avg solver=pyvrp stage=post_ls ls=pyvrp iter=2
2026-03-16 01:33:54 | INFO     | [POOL #00338] 813 457 621 1322 966 883 874 873 1192 211 259 696 414 || mode=RB method=sk_ac_avg solver=pyvrp stage=post_ls ls=pyvrp iter=2
2026-03-16 01:33:54 | INFO     | [POOL #00339] 1050 1079 1008 672 1139 558 375 1334 879 29 860 1188 70 || mode=RB method=sk_ac_avg solver=pyvrp stage=post_ls ls=pyvrp iter=2
2026-03-16 01:33:54 | INFO     | [POOL #00340] 795 486 1199 432 1198 533 434 77 113 989 84 || mode=RB method=sk_ac_avg solver=pyvrp stage=post_ls ls=pyvrp iter=2
2026-03-16 01:33:54 | INFO     | [POOL #00341] 479 515 353 281 1185 1143 840 644 421 1236 1285 1229 542 || mode=RB method=sk_ac_avg solver=pyvrp stage=post_ls ls=pyvrp iter=2
2026-03-16 01:33:54 | INFO     | [POOL #00342] 809 1302 726 763 1013 255 641 322 894 762 57 || mode=RB method=sk_ac_avg solver=pyvrp stage=post_ls ls=pyvrp iter=2
2026-03-16 01:33:54 | INFO     | [POOL #00343] 144 189 959 1133 1303 1020 95 397 1270 || mode=RB method=sk_ac_avg solver=pyvrp stage=post_ls ls=pyvrp iter=2
2026-03-16 01:33:54 | INFO     | [POOL #00344] 1045 954 1048 394 851 1312 371 || mode=RB method=sk_ac_avg solver=pyvrp stage=post_ls ls=pyvrp iter=2
2026-03-16 01:33:54 | INFO     | [POOL #00345] 982 1191 834 788 530 441 678 539 340 347 55 223 || mode=RB method=sk_ac_avg solver=pyvrp stage=post_ls ls=pyvrp iter=2
2026-03-16 01:33:54 | INFO     | [POOL #00346] 13 1084 856 453 206 771 462 904 574 27 955 139 1027 309 1102 || mode=RB method=sk_ac_avg solver=pyvrp stage=post_ls ls=pyvrp iter=2
2026-03-16 01:33:54 | INFO     | [POOL #00347] 801 240 1372 946 185 448 1265 593 || mode=RB method=sk_ac_avg solver=pyvrp stage=post_ls ls=pyvrp iter=2
2026-03-16 01:33:54 | INFO     | [POOL #00348] 1054 4 1273 500 69 976 419 673 159 || mode=RB method=sk_ac_avg solver=pyvrp stage=post_ls ls=pyvrp iter=2
2026-03-16 01:33:54 | INFO     | [POOL #00349] 1030 296 889 1226 1357 178 104 738 391 413 || mode=RB method=sk_ac_avg solver=pyvrp stage=post_ls ls=pyvrp iter=2
2026-03-16 01:33:54 | INFO     | [POOL #00350] 829 19 205 1012 1 679 445 599 161 3 1142 || mode=RB method=sk_ac_avg solver=pyvrp stage=post_ls ls=pyvrp iter=2
2026-03-16 01:33:54 | INFO     | [POOL #00351] 430 181 233 826 1140 690 32 442 || mode=RB method=sk_ac_avg solver=pyvrp stage=post_ls ls=pyvrp iter=2
2026-03-16 01:33:54 | INFO     | [POOL #00352] 638 754 428 1241 1294 18 1065 898 1193 141 376 || mode=RB method=sk_ac_avg solver=pyvrp stage=post_ls ls=pyvrp iter=2
2026-03-16 01:33:54 | INFO     | [POOL #00353] 1052 632 610 100 406 735 724 123 831 || mode=RB method=sk_ac_avg solver=pyvrp stage=post_ls ls=pyvrp iter=2
2026-03-16 01:33:54 | INFO     | [POOL #00354] 231 565 148 1225 824 631 1038 1036 656 1223 489 || mode=RB method=sk_ac_avg solver=pyvrp stage=post_ls ls=pyvrp iter=2
2026-03-16 01:33:54 | INFO     | [POOL #00355] 1160 1060 1373 402 912 956 1269 1309 566 977 186 576 || mode=RB method=sk_ac_avg solver=pyvrp stage=post_ls ls=pyvrp iter=2
2026-03-16 01:33:54 | INFO     | [POOL #00356] 108 716 474 935 226 1147 642 1116 198 134 || mode=RB method=sk_ac_avg solver=pyvrp stage=post_ls ls=pyvrp iter=2
2026-03-16 01:33:54 | INFO     | [POOL #00357] 553 47 857 98 662 146 459 393 333 1353 || mode=RB method=sk_ac_avg solver=pyvrp stage=post_ls ls=pyvrp iter=2
2026-03-16 01:33:54 | INFO     | [POOL #00358] 1222 427 784 287 369 1361 984 484 965 || mode=RB method=sk_ac_avg solver=pyvrp stage=post_ls ls=pyvrp iter=2
2026-03-16 01:33:54 | INFO     | [POOL #00359] 1138 184 1141 293 1178 689 743 425 || mode=RB method=sk_ac_avg solver=pyvrp stage=post_ls ls=pyvrp iter=2
2026-03-16 01:33:54 | INFO     | [POOL #00360] 243 1049 941 1171 136 363 664 265 || mode=RB method=sk_ac_avg solver=pyvrp stage=post_ls ls=pyvrp iter=2
2026-03-16 01:33:54 | INFO     | [POOL #00361] 222 1145 1364 770 1280 967 || mode=RB method=sk_ac_avg solver=pyvrp stage=post_ls ls=pyvrp iter=2
2026-03-16 01:33:54 | INFO     | [POOL #00362] 1219 1169 102 1136 || mode=RB method=sk_ac_avg solver=pyvrp stage=post_ls ls=pyvrp iter=2
2026-03-16 01:33:54 | INFO     | [POOL #00363] 594 1307 79 1354 || mode=RB method=sk_ac_avg solver=pyvrp stage=post_ls ls=pyvrp iter=2
2026-03-16 01:33:54 | INFO     | [POOL #00364] 66 785 702 || mode=RB method=sk_ac_avg solver=pyvrp stage=post_ls ls=pyvrp iter=2
2026-03-16 01:33:54 | INFO     | [POOL #00365] 1293 1277 1175 || mode=RB method=sk_ac_avg solver=pyvrp stage=post_ls ls=pyvrp iter=2
2026-03-16 01:33:54 | INFO     | [POOL #00366] 344 598 305 601 || mode=RB method=sk_ac_avg solver=pyvrp stage=post_ls ls=pyvrp iter=2
2026-03-16 01:33:54 | INFO     | [POOL #00367] 1208 1131 590 || mode=RB method=sk_ac_avg solver=pyvrp stage=post_ls ls=pyvrp iter=2
2026-03-16 01:33:54 | INFO     | [POOL #00368] 1015 757 680 || mode=RB method=sk_ac_avg solver=pyvrp stage=post_ls ls=pyvrp iter=2
2026-03-16 01:33:54 | INFO     | [POOL #00369] 1283 1117 1039 || mode=RB method=sk_ac_avg solver=pyvrp stage=post_ls ls=pyvrp iter=2
2026-03-16 01:33:54 | INFO     | [POOL #00370] 756 16 1109 1161 215 168 || mode=RB method=sk_ac_avg solver=pyvrp stage=post_ls ls=pyvrp iter=2
2026-03-16 01:33:54 | INFO     | [POOL #00371] 468 1196 1115 1093 1177 670 235 || mode=RB method=sk_ac_avg solver=pyvrp stage=post_ls ls=pyvrp iter=2
2026-03-16 01:33:54 | INFO     | [POOL #00372] 572 26 864 1166 153 269 1108 930 450 612 || mode=RB method=sk_ac_avg solver=pyvrp stage=post_ls ls=pyvrp iter=2
2026-03-16 01:33:54 | INFO     | [POOL #00373] 1237 1288 1073 || mode=RB method=sk_ac_avg solver=pyvrp stage=post_ls ls=pyvrp iter=2
2026-03-16 01:33:54 | INFO     | [POOL #00374] 454 183 677 || mode=RB method=sk_ac_avg solver=pyvrp stage=post_ls ls=pyvrp iter=2
2026-03-16 01:33:54 | INFO     | [POOL #00375] 1094 274 964 || mode=RB method=sk_ac_avg solver=pyvrp stage=post_ls ls=pyvrp iter=2
2026-03-16 01:33:54 | INFO     | [POOL #00376] 303 1031 147 820 1148 488 247 1264 767 65 || mode=RB method=sk_ac_avg solver=pyvrp stage=post_ls ls=pyvrp iter=2
2026-03-16 01:33:54 | INFO     | [POOL #00377] 387 345 1058 600 || mode=RB method=sk_ac_avg solver=pyvrp stage=post_ls ls=pyvrp iter=2
2026-03-16 01:33:54 | INFO     | [POOL #00378] 703 681 555 910 1333 720 878 727 46 343 512 196 || mode=RB method=sk_ac_avg solver=pyvrp stage=post_ls ls=pyvrp iter=2
2026-03-16 01:33:54 | INFO     | [POOL #00379] 1267 708 1358 || mode=RB method=sk_ac_avg solver=pyvrp stage=post_ls ls=pyvrp iter=2
2026-03-16 01:33:54 | INFO     | [POOL #00380] 1120 897 256 1228 267 686 420 494 1356 1315 || mode=RB method=sk_ac_avg solver=pyvrp stage=post_ls ls=pyvrp iter=2
2026-03-16 01:33:54 | INFO     | [POOL #00381] 755 502 197 872 276 497 || mode=RB method=sk_ac_avg solver=pyvrp stage=post_ls ls=pyvrp iter=2
2026-03-16 01:33:54 | INFO     | [POOL #00382] 64 805 381 188 204 || mode=RB method=sk_ac_avg solver=pyvrp stage=post_ls ls=pyvrp iter=2
2026-03-16 01:33:54 | INFO     | [POOL #00383] 608 1097 485 || mode=RB method=sk_ac_avg solver=pyvrp stage=post_ls ls=pyvrp iter=2
2026-03-16 01:33:54 | INFO     | [POOL #00384] 10 1347 190 || mode=RB method=sk_ac_avg solver=pyvrp stage=post_ls ls=pyvrp iter=2
2026-03-16 01:33:54 | INFO     | [POOL #00385] 1071 913 194 1098 528 23 1318 580 597 870 || mode=RB method=sk_ac_avg solver=pyvrp stage=post_ls ls=pyvrp iter=2
2026-03-16 01:33:54 | INFO     | [POOL #00386] 118 1308 1345 || mode=RB method=sk_ac_avg solver=pyvrp stage=post_ls ls=pyvrp iter=2
2026-03-16 01:33:54 | INFO     | [POOL #00387] 1085 283 648 655 506 832 || mode=RB method=sk_ac_avg solver=pyvrp stage=post_ls ls=pyvrp iter=2
2026-03-16 01:33:54 | INFO     | [POOL #00388] 1189 865 1282 158 682 44 || mode=RB method=sk_ac_avg solver=pyvrp stage=post_ls ls=pyvrp iter=2
2026-03-16 01:33:54 | INFO     | [POOL #00389] 291 264 396 || mode=RB method=sk_ac_avg solver=pyvrp stage=post_ls ls=pyvrp iter=2
2026-03-16 01:33:54 | INFO     | [POOL #00390] 896 437 54 || mode=RB method=sk_ac_avg solver=pyvrp stage=post_ls ls=pyvrp iter=2
2026-03-16 01:33:54 | INFO     | [POOL #00391] 15 302 1301 1359 605 1072 || mode=RB method=sk_ac_avg solver=pyvrp stage=post_ls ls=pyvrp iter=2
2026-03-16 01:33:54 | INFO     | [POOL #00392] 1110 915 1248 1126 || mode=RB method=sk_ac_avg solver=pyvrp stage=post_ls ls=pyvrp iter=2
2026-03-16 01:33:54 | INFO     | [POOL #00393] 786 50 963 || mode=RB method=sk_ac_avg solver=pyvrp stage=post_ls ls=pyvrp iter=2
2026-03-16 01:33:54 | INFO     | [POOL #00394] 797 339 906 || mode=RB method=sk_ac_avg solver=pyvrp stage=post_ls ls=pyvrp iter=2
2026-03-16 01:33:54 | INFO     | [POOL #00395] 1216 688 1218 || mode=RB method=sk_ac_avg solver=pyvrp stage=post_ls ls=pyvrp iter=2
2026-03-16 01:33:54 | INFO     | [POOL #00396] 1368 503 1173 || mode=RB method=sk_ac_avg solver=pyvrp stage=post_ls ls=pyvrp iter=2
2026-03-16 01:33:54 | INFO     | [POOL #00397] 150 106 125 || mode=RB method=sk_ac_avg solver=pyvrp stage=post_ls ls=pyvrp iter=2
2026-03-16 01:33:54 | INFO     | [POOL #00398] 171 1057 45 || mode=RB method=sk_ac_avg solver=pyvrp stage=post_ls ls=pyvrp iter=2
2026-03-16 01:33:54 | INFO     | [POOL #00399] 562 1245 527 || mode=RB method=sk_ac_avg solver=pyvrp stage=post_ls ls=pyvrp iter=2
2026-03-16 01:33:54 | INFO     | [POOL #00400] 433 1112 1289 || mode=RB method=sk_ac_avg solver=pyvrp stage=post_ls ls=pyvrp iter=2
2026-03-16 01:33:54 | INFO     | [POOL #00401] 336 364 511 812 || mode=RB method=sk_ac_avg solver=pyvrp stage=post_ls ls=pyvrp iter=2
2026-03-16 01:33:54 | INFO     | [POOL #00402] 1320 1092 31 974 || mode=RB method=sk_ac_avg solver=pyvrp stage=post_ls ls=pyvrp iter=2
2026-03-16 01:33:54 | INFO     | [POOL #00403] 234 921 893 || mode=RB method=sk_ac_avg solver=pyvrp stage=post_ls ls=pyvrp iter=2
2026-03-16 01:33:54 | INFO     | [POOL #00404] 579 466 49 || mode=RB method=sk_ac_avg solver=pyvrp stage=post_ls ls=pyvrp iter=2
2026-03-16 01:33:54 | INFO     | [POOL #00405] 1255 461 338 || mode=RB method=sk_ac_avg solver=pyvrp stage=post_ls ls=pyvrp iter=2
2026-03-16 01:33:54 | INFO     | [POOL #00406] 290 1062 728 || mode=RB method=sk_ac_avg solver=pyvrp stage=post_ls ls=pyvrp iter=2
2026-03-16 01:33:54 | INFO     | [POOL #00407] 386 127 175 165 || mode=RB method=sk_ac_avg solver=pyvrp stage=post_ls ls=pyvrp iter=2
2026-03-16 01:33:54 | INFO     | [POOL #00408] 1135 817 1047 || mode=RB method=sk_ac_avg solver=pyvrp stage=post_ls ls=pyvrp iter=2
2026-03-16 01:33:54 | INFO     | [POOL #00409] 1323 1086 250 || mode=RB method=sk_ac_avg solver=pyvrp stage=post_ls ls=pyvrp iter=2
2026-03-16 01:33:54 | INFO     | [POOL #00410] 209 650 1272 || mode=RB method=sk_ac_avg solver=pyvrp stage=post_ls ls=pyvrp iter=2
2026-03-16 01:33:54 | INFO     | [POOL #00411] 761 1111 170 || mode=RB method=sk_ac_avg solver=pyvrp stage=post_ls ls=pyvrp iter=2
2026-03-16 01:33:54 | INFO     | [POOL #00412] 765 116 370 || mode=RB method=sk_ac_avg solver=pyvrp stage=post_ls ls=pyvrp iter=2
2026-03-16 01:33:54 | INFO     | [POOL #00413] 987 132 537 1348 || mode=RB method=sk_ac_avg solver=pyvrp stage=post_ls ls=pyvrp iter=2
2026-03-16 01:33:54 | INFO     | [POOL #00414] 1253 1243 308 1319 1121 58 1239 456 || mode=RB method=sk_ac_avg solver=pyvrp stage=post_ls ls=pyvrp iter=2
2026-03-16 01:33:54 | INFO     | [POOL #00415] 536 792 687 || mode=RB method=sk_ac_avg solver=pyvrp stage=post_ls ls=pyvrp iter=2
2026-03-16 01:33:54 | INFO     | [POOL #00416] 924 654 1311 || mode=RB method=sk_ac_avg solver=pyvrp stage=post_ls ls=pyvrp iter=2
2026-03-16 01:33:54 | INFO     | [POOL #00417] 626 1128 751 || mode=RB method=sk_ac_avg solver=pyvrp stage=post_ls ls=pyvrp iter=2
2026-03-16 01:33:54 | INFO     | [POOL #00418] 705 1339 1286 538 1195 463 || mode=RB method=sk_ac_avg solver=pyvrp stage=post_ls ls=pyvrp iter=2
2026-03-16 01:33:54 | INFO     | [POOL #00419] 1068 520 14 361 487 244 1180 318 || mode=RB method=sk_ac_avg solver=pyvrp stage=post_ls ls=pyvrp iter=2
2026-03-16 01:33:54 | INFO     | [POOL #00420] 571 737 804 || mode=RB method=sk_ac_avg solver=pyvrp stage=post_ls ls=pyvrp iter=2
2026-03-16 01:33:54 | INFO     | [POOL #00421] 960 422 1016 1305 1341 426 1317 || mode=RB method=sk_ac_avg solver=pyvrp stage=post_ls ls=pyvrp iter=2
2026-03-16 01:33:54 | INFO     | [POOL #00422] 354 806 193 733 323 390 || mode=RB method=sk_ac_avg solver=pyvrp stage=post_ls ls=pyvrp iter=2
2026-03-16 01:33:54 | INFO     | [POOL #00423] 358 753 480 || mode=RB method=sk_ac_avg solver=pyvrp stage=post_ls ls=pyvrp iter=2
2026-03-16 01:33:54 | INFO     | [POOL #00424] 330 968 415 || mode=RB method=sk_ac_avg solver=pyvrp stage=post_ls ls=pyvrp iter=2
2026-03-16 01:33:54 | INFO     | [POOL #00425] 1207 1338 846 || mode=RB method=sk_ac_avg solver=pyvrp stage=post_ls ls=pyvrp iter=2
2026-03-16 01:33:54 | INFO     | [POOL #00426] 1213 647 1119 1151 || mode=RB method=sk_ac_avg solver=pyvrp stage=post_ls ls=pyvrp iter=2
2026-03-16 01:33:54 | INFO     | [POOL #00427] 1017 304 547 933 || mode=RB method=sk_ac_avg solver=pyvrp stage=post_ls ls=pyvrp iter=2
2026-03-16 01:33:54 | INFO     | [POOL #00428] 867 75 768 699 2 || mode=RB method=sk_ac_avg solver=pyvrp stage=post_ls ls=pyvrp iter=2
2026-03-16 01:33:54 | INFO     | [POOL #00429] 162 349 947 || mode=RB method=sk_ac_avg solver=pyvrp stage=post_ls ls=pyvrp iter=2
2026-03-16 01:33:54 | INFO     | [POOL #00430] 961 992 1006 || mode=RB method=sk_ac_avg solver=pyvrp stage=post_ls ls=pyvrp iter=2
2026-03-16 01:33:54 | INFO     | [POOL #00431] 713 288 722 1000 1150 1299 640 764 151 || mode=RB method=sk_ac_avg solver=pyvrp stage=post_ls ls=pyvrp iter=2
2026-03-16 01:33:54 | INFO     | [POOL #00432] 740 683 180 || mode=RB method=sk_ac_avg solver=pyvrp stage=post_ls ls=pyvrp iter=2
2026-03-16 01:33:54 | INFO     | [POOL #00433] 866 443 917 1183 || mode=RB method=sk_ac_avg solver=pyvrp stage=post_ls ls=pyvrp iter=2
2026-03-16 01:33:54 | INFO     | [POOL #00434] 969 37 1370 1005 || mode=RB method=sk_ac_avg solver=pyvrp stage=post_ls ls=pyvrp iter=2
2026-03-16 01:33:54 | INFO     | [POOL #00435] 905 943 649 742 || mode=RB method=sk_ac_avg solver=pyvrp stage=post_ls ls=pyvrp iter=2
2026-03-16 01:33:54 | INFO     | [POOL #00436] 28 586 499 || mode=RB method=sk_ac_avg solver=pyvrp stage=post_ls ls=pyvrp iter=2
2026-03-16 01:33:54 | INFO     | [POOL #00437] 36 996 334 42 368 || mode=RB method=sk_ac_avg solver=pyvrp stage=post_ls ls=pyvrp iter=2
2026-03-16 01:33:54 | INFO     | [POOL #00438] 838 97 1083 || mode=RB method=sk_ac_avg solver=pyvrp stage=post_ls ls=pyvrp iter=2
2026-03-16 01:33:54 | INFO     | [POOL #00439] 916 880 1081 || mode=RB method=sk_ac_avg solver=pyvrp stage=post_ls ls=pyvrp iter=2
2026-03-16 01:33:54 | INFO     | [POOL #00440] 478 940 938 || mode=RB method=sk_ac_avg solver=pyvrp stage=post_ls ls=pyvrp iter=2
2026-03-16 01:33:54 | INFO     | [POOL #00441] 573 750 17 87 382 853 249 || mode=RB method=sk_ac_avg solver=pyvrp stage=post_ls ls=pyvrp iter=2
2026-03-16 01:33:54 | INFO     | [POOL #00442] 1326 266 624 1159 464 || mode=RB method=sk_ac_avg solver=pyvrp stage=post_ls ls=pyvrp iter=2
2026-03-16 01:33:54 | INFO     | [POOL #00443] 1238 12 633 || mode=RB method=sk_ac_avg solver=pyvrp stage=post_ls ls=pyvrp iter=2
2026-03-16 01:33:54 | INFO     | [POOL #00444] 202 666 888 || mode=RB method=sk_ac_avg solver=pyvrp stage=post_ls ls=pyvrp iter=2
2026-03-16 01:33:54 | INFO     | [POOL #00445] 603 782 919 787 || mode=RB method=sk_ac_avg solver=pyvrp stage=post_ls ls=pyvrp iter=2
2026-03-16 01:33:54 | INFO     | [POOL #00446] 1360 1328 858 || mode=RB method=sk_ac_avg solver=pyvrp stage=post_ls ls=pyvrp iter=2
2026-03-16 01:33:54 | INFO     | [POOL #00447] 1104 729 451 || mode=RB method=sk_ac_avg solver=pyvrp stage=post_ls ls=pyvrp iter=2
2026-03-16 01:33:54 | INFO     | [POOL #00448] 554 711 1200 1331 || mode=RB method=sk_ac_avg solver=pyvrp stage=post_ls ls=pyvrp iter=2
2026-03-16 01:33:54 | INFO     | [POOL #00449] 739 200 1118 || mode=RB method=sk_ac_avg solver=pyvrp stage=post_ls ls=pyvrp iter=2
2026-03-16 01:33:54 | INFO     | [POOL #00450] 814 242 1149 || mode=RB method=sk_ac_avg solver=pyvrp stage=post_ls ls=pyvrp iter=2
2026-03-16 01:33:54 | INFO     | [POOL #00451] 1001 440 115 || mode=RB method=sk_ac_avg solver=pyvrp stage=post_ls ls=pyvrp iter=2
2026-03-16 01:33:54 | INFO     | [POOL #00452] 1263 706 38 1100 || mode=RB method=sk_ac_avg solver=pyvrp stage=post_ls ls=pyvrp iter=2
2026-03-16 01:33:54 | INFO     | [POOL #00453] 523 145 980 || mode=RB method=sk_ac_avg solver=pyvrp stage=post_ls ls=pyvrp iter=2
2026-03-16 01:33:54 | INFO     | [POOL #00454] 517 777 501 || mode=RB method=sk_ac_avg solver=pyvrp stage=post_ls ls=pyvrp iter=2
2026-03-16 01:33:54 | INFO     | [POOL #00455] 1061 1187 270 || mode=RB method=sk_ac_avg solver=pyvrp stage=post_ls ls=pyvrp iter=2
2026-03-16 01:33:54 | INFO     | [POOL #00456] 639 635 221 || mode=RB method=sk_ac_avg solver=pyvrp stage=post_ls ls=pyvrp iter=2
2026-03-16 01:33:54 | INFO     | [POOL #00457] 1087 201 130 || mode=RB method=sk_ac_avg solver=pyvrp stage=post_ls ls=pyvrp iter=2
2026-03-16 01:33:54 | INFO     | [POOL #00458] 1162 800 278 || mode=RB method=sk_ac_avg solver=pyvrp stage=post_ls ls=pyvrp iter=2
2026-03-16 01:33:54 | INFO     | [POOL #00459] 899 709 143 884 || mode=RB method=sk_ac_avg solver=pyvrp stage=post_ls ls=pyvrp iter=2
2026-03-16 01:33:54 | INFO     | [POOL #00460] 962 732 634 || mode=RB method=sk_ac_avg solver=pyvrp stage=post_ls ls=pyvrp iter=2
2026-03-16 01:33:54 | INFO     | [POOL #00461] 1026 552 258 1344 || mode=RB method=sk_ac_avg solver=pyvrp stage=post_ls ls=pyvrp iter=2
2026-03-16 01:33:54 | INFO     | [POOL #00462] 173 1123 328 1089 || mode=RB method=sk_ac_avg solver=pyvrp stage=post_ls ls=pyvrp iter=2
2026-03-16 01:33:54 | INFO     | [POOL #00463] 957 534 324 557 || mode=RB method=sk_ac_avg solver=pyvrp stage=post_ls ls=pyvrp iter=2
2026-03-16 01:33:54 | INFO     | [POOL #00464] 839 712 700 458 || mode=RB method=sk_ac_avg solver=pyvrp stage=post_ls ls=pyvrp iter=2
2026-03-16 01:33:54 | INFO     | [POOL #00465] 1184 103 636 || mode=RB method=sk_ac_avg solver=pyvrp stage=post_ls ls=pyvrp iter=2
2026-03-16 01:33:54 | INFO     | [POOL #00466] 630 587 409 808 || mode=RB method=sk_ac_avg solver=pyvrp stage=post_ls ls=pyvrp iter=2
2026-03-16 01:33:54 | INFO     | [POOL #00467] 203 315 1276 || mode=RB method=sk_ac_avg solver=pyvrp stage=post_ls ls=pyvrp iter=2
2026-03-16 01:33:54 | INFO     | [POOL #00468] 854 802 483 983 || mode=RB method=sk_ac_avg solver=pyvrp stage=post_ls ls=pyvrp iter=2
2026-03-16 01:33:54 | INFO     | [POOL #00469] 942 218 1007 || mode=RB method=sk_ac_avg solver=pyvrp stage=post_ls ls=pyvrp iter=2
2026-03-16 01:33:54 | INFO     | [POOL #00470] 320 93 1298 || mode=RB method=sk_ac_avg solver=pyvrp stage=post_ls ls=pyvrp iter=2
2026-03-16 01:33:54 | INFO     | [POOL #00471] 254 362 469 || mode=RB method=sk_ac_avg solver=pyvrp stage=post_ls ls=pyvrp iter=2
2026-03-16 01:33:54 | INFO     | [POOL #00472] 179 192 408 || mode=RB method=sk_ac_avg solver=pyvrp stage=post_ls ls=pyvrp iter=2
2026-03-16 01:33:54 | INFO     | [POOL #00473] 618 803 1352 || mode=RB method=sk_ac_avg solver=pyvrp stage=post_ls ls=pyvrp iter=2
2026-03-16 01:33:54 | INFO     | [POOL #00474] 114 981 238 || mode=RB method=sk_ac_avg solver=pyvrp stage=post_ls ls=pyvrp iter=2
2026-03-16 01:33:54 | INFO     | [POOL #00475] 1023 163 958 || mode=RB method=sk_ac_avg solver=pyvrp stage=post_ls ls=pyvrp iter=2
2026-03-16 01:33:54 | INFO     | [POOL #00476] 698 122 674 || mode=RB method=sk_ac_avg solver=pyvrp stage=post_ls ls=pyvrp iter=2
2026-03-16 01:33:54 | INFO     | [POOL #00477] 82 734 367 541 || mode=RB method=sk_ac_avg solver=pyvrp stage=post_ls ls=pyvrp iter=2
2026-03-16 01:33:54 | INFO     | [POOL #00478] 1330 704 798 || mode=RB method=sk_ac_avg solver=pyvrp stage=post_ls ls=pyvrp iter=2
2026-03-16 01:33:54 | INFO     | [POOL #00479] 289 1106 313 || mode=RB method=sk_ac_avg solver=pyvrp stage=post_ls ls=pyvrp iter=2
2026-03-16 01:33:54 | INFO     | [POOL #00480] 35 317 747 || mode=RB method=sk_ac_avg solver=pyvrp stage=post_ls ls=pyvrp iter=2
2026-03-16 01:33:54 | INFO     | [POOL #00481] 1179 81 1259 || mode=RB method=sk_ac_avg solver=pyvrp stage=post_ls ls=pyvrp iter=2
2026-03-16 01:33:54 | INFO     | [POOL #00482] 439 923 543 || mode=RB method=sk_ac_avg solver=pyvrp stage=post_ls ls=pyvrp iter=2
2026-03-16 01:33:54 | INFO     | [POOL #00483] 518 410 1070 || mode=RB method=sk_ac_avg solver=pyvrp stage=post_ls ls=pyvrp iter=2
2026-03-16 01:33:54 | INFO     | [POOL #00484] 563 199 471 || mode=RB method=sk_ac_avg solver=pyvrp stage=post_ls ls=pyvrp iter=2
2026-03-16 01:33:54 | INFO     | [POOL #00485] 1337 701 217 137 || mode=RB method=sk_ac_avg solver=pyvrp stage=post_ls ls=pyvrp iter=2
2026-03-16 01:33:54 | INFO     | [POOL #00486] 30 622 875 592 || mode=RB method=sk_ac_avg solver=pyvrp stage=post_ls ls=pyvrp iter=2
2026-03-16 01:33:54 | INFO     | [POOL #00487] 251 262 172 || mode=RB method=sk_ac_avg solver=pyvrp stage=post_ls ls=pyvrp iter=2
2026-03-16 01:33:54 | INFO     | [POOL #00488] 823 1327 1332 252 551 1351 || mode=RB method=sk_ac_avg solver=pyvrp stage=post_ls ls=pyvrp iter=2
2026-03-16 01:33:54 | INFO     | [POOL #00489] 925 1232 1233 || mode=RB method=sk_ac_avg solver=pyvrp stage=post_ls ls=pyvrp iter=2
2026-03-16 01:33:54 | INFO     | [POOL #00490] 1292 241 1257 || mode=RB method=sk_ac_avg solver=pyvrp stage=post_ls ls=pyvrp iter=2
2026-03-16 01:33:54 | INFO     | [POOL #00491] 741 990 365 || mode=RB method=sk_ac_avg solver=pyvrp stage=post_ls ls=pyvrp iter=2
2026-03-16 01:33:54 | INFO     | [POOL #00492] 169 310 228 975 498 379 || mode=RB method=sk_ac_avg solver=pyvrp stage=post_ls ls=pyvrp iter=2
2026-03-16 01:33:54 | INFO     | [POOL #00493] 1256 248 219 1242 760 876 || mode=RB method=sk_ac_avg solver=pyvrp stage=post_ls ls=pyvrp iter=2
2026-03-16 01:33:54 | INFO     | [POOL #00494] 1306 882 1021 || mode=RB method=sk_ac_avg solver=pyvrp stage=post_ls ls=pyvrp iter=2
2026-03-16 01:33:54 | INFO     | [POOL #00495] 377 208 460 789 292 582 348 944 1035 || mode=RB method=sk_ac_avg solver=pyvrp stage=post_ls ls=pyvrp iter=2
2026-03-16 01:33:54 | INFO     | [POOL #00496] 1234 326 1158 1247 351 227 514 900 885 998 971 272 902 || mode=RB method=sk_ac_avg solver=pyvrp stage=post_ls ls=pyvrp iter=2
2026-03-16 01:33:54 | INFO     | [POOL #00497] 548 280 1355 213 || mode=RB method=sk_ac_avg solver=pyvrp stage=post_ls ls=pyvrp iter=2
2026-03-16 01:33:54 | INFO     | [POOL #00498] 1214 707 1260 284 752 745 1346 1163 || mode=RB method=sk_ac_avg solver=pyvrp stage=post_ls ls=pyvrp iter=2
2026-03-16 01:33:54 | INFO     | [POOL #00499] 285 723 22 || mode=RB method=sk_ac_avg solver=pyvrp stage=post_ls ls=pyvrp iter=2
2026-03-16 01:33:54 | INFO     | [POOL #00500] 76 652 331 || mode=RB method=sk_ac_avg solver=pyvrp stage=post_ls ls=pyvrp iter=2
2026-03-16 01:33:54 | INFO     | [POOL #00501] 524 568 160 758 746 384 1271 187 606 575 1019 1201 56 212 || mode=RB method=sk_ac_avg solver=pyvrp stage=post_ls ls=pyvrp iter=2
2026-03-16 01:33:54 | INFO     | [POOL #00502] 855 491 1204 1167 1246 793 1146 827 || mode=RB method=sk_ac_avg solver=pyvrp stage=post_ls ls=pyvrp iter=2
2026-03-16 01:33:54 | INFO     | [POOL #00503] 129 1249 1033 581 96 1275 908 772 629 43 11 295 544 780 || mode=RB method=sk_ac_avg solver=pyvrp stage=post_ls ls=pyvrp iter=2
2026-03-16 01:33:54 | INFO     | [POOL #00504] 164 667 1313 848 128 335 133 41 || mode=RB method=sk_ac_avg solver=pyvrp stage=post_ls ls=pyvrp iter=2
2026-03-16 01:33:54 | INFO     | [POOL #00505] 126 191 781 195 94 1064 769 1157 676 918 || mode=RB method=sk_ac_avg solver=pyvrp stage=post_ls ls=pyvrp iter=2
2026-03-16 01:33:54 | INFO     | [POOL #00506] 516 482 845 890 1284 545 91 1181 || mode=RB method=sk_ac_avg solver=pyvrp stage=post_ls ls=pyvrp iter=2
2026-03-16 01:33:54 | INFO     | [POOL #00507] 177 665 25 1046 887 224 117 950 || mode=RB method=sk_ac_avg solver=pyvrp stage=post_ls ls=pyvrp iter=2
2026-03-16 01:33:54 | INFO     | [POOL #00508] 1042 452 715 279 1010 970 39 438 || mode=RB method=sk_ac_avg solver=pyvrp stage=post_ls ls=pyvrp iter=2
2026-03-16 01:33:54 | INFO     | [POOL #00509] 951 1003 157 637 142 828 1122 || mode=RB method=sk_ac_avg solver=pyvrp stage=post_ls ls=pyvrp iter=2
2026-03-16 01:33:54 | INFO     | [POOL #00510] 341 337 685 1278 657 232 352 937 645 140 || mode=RB method=sk_ac_avg solver=pyvrp stage=post_ls ls=pyvrp iter=2
2026-03-16 01:33:54 | INFO     | [POOL #00511] 207 1164 508 570 948 1125 435 736 625 614 816 825 1314 || mode=RB method=sk_ac_avg solver=pyvrp stage=post_ls ls=pyvrp iter=2
2026-03-16 01:33:54 | INFO     | [POOL #00512] 790 167 766 535 695 617 531 776 || mode=RB method=sk_ac_avg solver=pyvrp stage=post_ls ls=pyvrp iter=2
2026-03-16 01:33:54 | INFO     | [POOL #00513] 1095 868 850 595 697 532 1220 1343 560 || mode=RB method=sk_ac_avg solver=pyvrp stage=post_ls ls=pyvrp iter=2
2026-03-16 01:33:54 | INFO     | [POOL #00514] 577 561 1155 1137 949 447 59 105 615 1210 1300 477 || mode=RB method=sk_ac_avg solver=pyvrp stage=post_ls ls=pyvrp iter=2
2026-03-16 01:33:54 | INFO     | [POOL #00515] 810 569 861 819 329 911 260 1291 327 || mode=RB method=sk_ac_avg solver=pyvrp stage=post_ls ls=pyvrp iter=2
2026-03-16 01:33:54 | INFO     | [POOL #00516] 89 246 811 311 1206 877 995 585 40 || mode=RB method=sk_ac_avg solver=pyvrp stage=post_ls ls=pyvrp iter=2
2026-03-16 01:33:54 | INFO     | [POOL #00517] 224 887 164 667 1313 848 335 133 41 || mode=VB method=sk_kmeans solver=pyvrp stage=post_ls ls=pyvrp iter=3
2026-03-16 01:33:54 | INFO     | [POOL #00518] 1120 1098 528 865 1228 267 686 191 494 1315 || mode=VB method=sk_kmeans solver=pyvrp stage=post_ls ls=pyvrp iter=3
2026-03-16 01:33:54 | INFO     | [POOL #00519] 46 727 870 23 256 897 1318 580 1282 158 1085 || mode=VB method=sk_kmeans solver=pyvrp stage=post_ls ls=pyvrp iter=3
2026-03-16 01:33:54 | INFO     | [POOL #00520] 488 1148 820 194 913 1071 681 || mode=VB method=sk_kmeans solver=pyvrp stage=post_ls ls=pyvrp iter=3
2026-03-16 01:33:54 | INFO     | [POOL #00521] 497 605 283 648 655 1359 1189 597 878 1333 || mode=VB method=sk_kmeans solver=pyvrp stage=post_ls ls=pyvrp iter=3
2026-03-16 01:33:54 | INFO     | [POOL #00522] 767 1031 147 555 910 720 343 247 1264 1115 930 612 || mode=VB method=sk_kmeans solver=pyvrp stage=post_ls ls=pyvrp iter=3
2026-03-16 01:33:54 | INFO     | [POOL #00523] 253 512 1166 153 269 276 872 1072 1108 1093 65 || mode=VB method=sk_kmeans solver=pyvrp stage=post_ls ls=pyvrp iter=3
2026-03-16 01:33:54 | INFO     | [POOL #00524] 450 1161 864 1196 26 468 188 196 204 || mode=VB method=sk_kmeans solver=pyvrp stage=post_ls ls=pyvrp iter=3
2026-03-16 01:33:54 | INFO     | [POOL #00525] 129 845 890 676 1157 769 1064 94 195 781 420 1356 703 || mode=VB method=sk_kmeans solver=pyvrp stage=post_ls ls=pyvrp iter=3
2026-03-16 01:33:54 | INFO     | [POOL #00526] 756 16 1109 215 168 || mode=VB method=sk_kmeans solver=pyvrp stage=post_ls ls=pyvrp iter=3
2026-03-16 01:33:54 | INFO     | [POOL #00527] 670 1177 303 970 39 452 140 235 || mode=VB method=sk_kmeans solver=pyvrp stage=post_ls ls=pyvrp iter=3
2026-03-16 01:33:54 | INFO     | [POOL #00528] 645 1266 627 892 556 149 216 1251 || mode=VB method=sk_kmeans solver=pyvrp stage=post_ls ls=pyvrp iter=3
2026-03-16 01:33:54 | INFO     | [POOL #00529] 279 327 665 25 1046 177 1010 || mode=VB method=sk_kmeans solver=pyvrp stage=post_ls ls=pyvrp iter=3
2026-03-16 01:33:54 | INFO     | [POOL #00530] 444 525 671 294 1324 909 || mode=VB method=sk_kmeans solver=pyvrp stage=post_ls ls=pyvrp iter=3
2026-03-16 01:33:54 | INFO     | [POOL #00531] 1122 828 951 1003 157 142 560 715 918 || mode=VB method=sk_kmeans solver=pyvrp stage=post_ls ls=pyvrp iter=3
2026-03-16 01:33:54 | INFO     | [POOL #00532] 1314 341 337 825 816 614 625 790 657 577 || mode=VB method=sk_kmeans solver=pyvrp stage=post_ls ls=pyvrp iter=3
2026-03-16 01:33:54 | INFO     | [POOL #00533] 1278 508 570 948 1125 435 736 531 776 232 352 || mode=VB method=sk_kmeans solver=pyvrp stage=post_ls ls=pyvrp iter=3
2026-03-16 01:33:54 | INFO     | [POOL #00534] 950 117 482 1284 545 516 91 1181 780 438 || mode=VB method=sk_kmeans solver=pyvrp stage=post_ls ls=pyvrp iter=3
2026-03-16 01:33:54 | INFO     | [POOL #00535] 850 617 1155 695 535 766 167 || mode=VB method=sk_kmeans solver=pyvrp stage=post_ls ls=pyvrp iter=3
2026-03-16 01:33:54 | INFO     | [POOL #00536] 569 1220 532 697 595 868 1095 1217 || mode=VB method=sk_kmeans solver=pyvrp stage=post_ls ls=pyvrp iter=3
2026-03-16 01:33:54 | INFO     | [POOL #00537] 1291 128 89 246 811 311 1206 877 40 || mode=VB method=sk_kmeans solver=pyvrp stage=post_ls ls=pyvrp iter=3
2026-03-16 01:33:54 | INFO     | [POOL #00538] 937 637 810 861 819 329 911 260 1343 || mode=VB method=sk_kmeans solver=pyvrp stage=post_ls ls=pyvrp iter=3
2026-03-16 01:33:54 | INFO     | [POOL #00539] 477 585 995 1300 1210 615 105 59 447 949 1137 561 || mode=VB method=sk_kmeans solver=pyvrp stage=post_ls ls=pyvrp iter=3
2026-03-16 01:33:54 | INFO     | [POOL #00540] 1249 1033 581 96 1275 908 772 629 43 11 295 126 544 || mode=VB method=sk_kmeans solver=pyvrp stage=post_ls ls=pyvrp iter=3
2026-03-16 01:33:54 | INFO     | [POOL #00541] 166 434 533 1198 432 1199 77 || mode=VB method=sk_kmeans solver=pyvrp stage=post_ls ls=pyvrp iter=3
2026-03-16 01:33:54 | INFO     | [POOL #00542] 325 881 350 863 927 1091 1045 || mode=VB method=sk_kmeans solver=pyvrp stage=post_ls ls=pyvrp iter=3
2026-03-16 01:33:54 | INFO     | [POOL #00543] 1252 481 360 92 979 298 61 955 139 1027 1102 || mode=VB method=sk_kmeans solver=pyvrp stage=post_ls ls=pyvrp iter=3
2026-03-16 01:33:54 | INFO     | [POOL #00544] 669 1009 299 604 1088 1316 903 90 || mode=VB method=sk_kmeans solver=pyvrp stage=post_ls ls=pyvrp iter=3
2026-03-16 01:33:54 | INFO     | [POOL #00545] 901 306 436 613 883 874 873 457 || mode=VB method=sk_kmeans solver=pyvrp stage=post_ls ls=pyvrp iter=3
2026-03-16 01:33:54 | INFO     | [POOL #00546] 113 486 1055 549 621 1322 966 1079 1008 672 1139 558 281 515 || mode=VB method=sk_kmeans solver=pyvrp stage=post_ls ls=pyvrp iter=3
2026-03-16 01:33:54 | INFO     | [POOL #00547] 185 70 1285 860 644 840 1143 375 1334 879 29 1185 353 1050 1192 || mode=VB method=sk_kmeans solver=pyvrp stage=post_ls ls=pyvrp iter=3
2026-03-16 01:33:54 | INFO     | [POOL #00548] 1012 441 678 530 788 539 340 347 1188 421 1236 55 || mode=VB method=sk_kmeans solver=pyvrp stage=post_ls ls=pyvrp iter=3
2026-03-16 01:33:54 | INFO     | [POOL #00549] 1265 448 1229 322 641 255 1013 894 762 479 211 || mode=VB method=sk_kmeans solver=pyvrp stage=post_ls ls=pyvrp iter=3
2026-03-16 01:33:54 | INFO     | [POOL #00550] 181 233 1140 1 679 445 829 104 || mode=VB method=sk_kmeans solver=pyvrp stage=post_ls ls=pyvrp iter=3
2026-03-16 01:33:54 | INFO     | [POOL #00551] 982 1191 161 826 599 205 19 834 542 1226 223 || mode=VB method=sk_kmeans solver=pyvrp stage=post_ls ls=pyvrp iter=3
2026-03-16 01:33:54 | INFO     | [POOL #00552] 593 1030 296 889 1357 178 738 391 413 || mode=VB method=sk_kmeans solver=pyvrp stage=post_ls ls=pyvrp iter=3
2026-03-16 01:33:54 | INFO     | [POOL #00553] 631 946 57 1372 240 801 259 1038 || mode=VB method=sk_kmeans solver=pyvrp stage=post_ls ls=pyvrp iter=3
2026-03-16 01:33:54 | INFO     | [POOL #00554] 553 662 824 1036 856 656 1223 369 || mode=VB method=sk_kmeans solver=pyvrp stage=post_ls ls=pyvrp iter=3
2026-03-16 01:33:54 | INFO     | [POOL #00555] 453 206 771 462 904 574 726 763 27 813 1302 809 414 || mode=VB method=sk_kmeans solver=pyvrp stage=post_ls ls=pyvrp iter=3
2026-03-16 01:33:54 | INFO     | [POOL #00556] 1312 309 795 394 1048 851 972 954 || mode=VB method=sk_kmeans solver=pyvrp stage=post_ls ls=pyvrp iter=3
2026-03-16 01:33:54 | INFO     | [POOL #00557] 1047 209 405 || mode=VB method=sk_kmeans solver=pyvrp stage=post_ls ls=pyvrp iter=3
2026-03-16 01:33:54 | INFO     | [POOL #00558] 429 774 370 || mode=VB method=sk_kmeans solver=pyvrp stage=post_ls ls=pyvrp iter=3
2026-03-16 01:33:54 | INFO     | [POOL #00559] 446 1028 132 || mode=VB method=sk_kmeans solver=pyvrp stage=post_ls ls=pyvrp iter=3
2026-03-16 01:33:54 | INFO     | [POOL #00560] 467 1037 210 || mode=VB method=sk_kmeans solver=pyvrp stage=post_ls ls=pyvrp iter=3
2026-03-16 01:33:54 | INFO     | [POOL #00561] 1340 1004 300 || mode=VB method=sk_kmeans solver=pyvrp stage=post_ls ls=pyvrp iter=3
2026-03-16 01:33:54 | INFO     | [POOL #00562] 725 537 987 385 || mode=VB method=sk_kmeans solver=pyvrp stage=post_ls ls=pyvrp iter=3
2026-03-16 01:33:54 | INFO     | [POOL #00563] 271 1129 152 || mode=VB method=sk_kmeans solver=pyvrp stage=post_ls ls=pyvrp iter=3
2026-03-16 01:33:54 | INFO     | [POOL #00564] 653 48 109 || mode=VB method=sk_kmeans solver=pyvrp stage=post_ls ls=pyvrp iter=3
2026-03-16 01:33:54 | INFO     | [POOL #00565] 297 871 895 73 || mode=VB method=sk_kmeans solver=pyvrp stage=post_ls ls=pyvrp iter=3
2026-03-16 01:33:54 | INFO     | [POOL #00566] 237 778 88 || mode=VB method=sk_kmeans solver=pyvrp stage=post_ls ls=pyvrp iter=3
2026-03-16 01:33:54 | INFO     | [POOL #00567] 111 589 383 || mode=VB method=sk_kmeans solver=pyvrp stage=post_ls ls=pyvrp iter=3
2026-03-16 01:33:54 | INFO     | [POOL #00568] 1369 1262 997 1335 || mode=VB method=sk_kmeans solver=pyvrp stage=post_ls ls=pyvrp iter=3
2026-03-16 01:33:54 | INFO     | [POOL #00569] 1103 914 6 || mode=VB method=sk_kmeans solver=pyvrp stage=post_ls ls=pyvrp iter=3
2026-03-16 01:33:54 | INFO     | [POOL #00570] 693 1250 389 || mode=VB method=sk_kmeans solver=pyvrp stage=post_ls ls=pyvrp iter=3
2026-03-16 01:33:54 | INFO     | [POOL #00571] 1281 85 230 || mode=VB method=sk_kmeans solver=pyvrp stage=post_ls ls=pyvrp iter=3
2026-03-16 01:33:54 | INFO     | [POOL #00572] 623 214 455 || mode=VB method=sk_kmeans solver=pyvrp stage=post_ls ls=pyvrp iter=3
2026-03-16 01:33:54 | INFO     | [POOL #00573] 1154 643 1329 || mode=VB method=sk_kmeans solver=pyvrp stage=post_ls ls=pyvrp iter=3
2026-03-16 01:33:54 | INFO     | [POOL #00574] 275 691 692 || mode=VB method=sk_kmeans solver=pyvrp stage=post_ls ls=pyvrp iter=3
2026-03-16 01:33:54 | INFO     | [POOL #00575] 507 844 926 || mode=VB method=sk_kmeans solver=pyvrp stage=post_ls ls=pyvrp iter=3
2026-03-16 01:33:54 | INFO     | [POOL #00576] 922 359 1082 || mode=VB method=sk_kmeans solver=pyvrp stage=post_ls ls=pyvrp iter=3
2026-03-16 01:33:54 | INFO     | [POOL #00577] 847 1182 1113 356 || mode=VB method=sk_kmeans solver=pyvrp stage=post_ls ls=pyvrp iter=3
2026-03-16 01:33:54 | INFO     | [POOL #00578] 496 1295 513 || mode=VB method=sk_kmeans solver=pyvrp stage=post_ls ls=pyvrp iter=3
2026-03-16 01:33:54 | INFO     | [POOL #00579] 660 1235 1011 || mode=VB method=sk_kmeans solver=pyvrp stage=post_ls ls=pyvrp iter=3
2026-03-16 01:33:54 | INFO     | [POOL #00580] 999 1205 993 || mode=VB method=sk_kmeans solver=pyvrp stage=post_ls ls=pyvrp iter=3
2026-03-16 01:33:54 | INFO     | [POOL #00581] 472 1056 416 || mode=VB method=sk_kmeans solver=pyvrp stage=post_ls ls=pyvrp iter=3
2026-03-16 01:33:54 | INFO     | [POOL #00582] 783 250 1323 || mode=VB method=sk_kmeans solver=pyvrp stage=post_ls ls=pyvrp iter=3
2026-03-16 01:33:54 | INFO     | [POOL #00583] 74 1069 1029 963 || mode=VB method=sk_kmeans solver=pyvrp stage=post_ls ls=pyvrp iter=3
2026-03-16 01:33:54 | INFO     | [POOL #00584] 728 1111 527 || mode=VB method=sk_kmeans solver=pyvrp stage=post_ls ls=pyvrp iter=3
2026-03-16 01:33:54 | INFO     | [POOL #00585] 859 578 268 || mode=VB method=sk_kmeans solver=pyvrp stage=post_ls ls=pyvrp iter=3
2026-03-16 01:33:54 | INFO     | [POOL #00586] 127 1076 1174 1044 || mode=VB method=sk_kmeans solver=pyvrp stage=post_ls ls=pyvrp iter=3
2026-03-16 01:33:54 | INFO     | [POOL #00587] 964 786 600 || mode=VB method=sk_kmeans solver=pyvrp stage=post_ls ls=pyvrp iter=3
2026-03-16 01:33:54 | INFO     | [POOL #00588] 1058 433 50 || mode=VB method=sk_kmeans solver=pyvrp stage=post_ls ls=pyvrp iter=3
2026-03-16 01:33:54 | INFO     | [POOL #00589] 386 1186 761 || mode=VB method=sk_kmeans solver=pyvrp stage=post_ls ls=pyvrp iter=3
2026-03-16 01:33:54 | INFO     | [POOL #00590] 579 1086 1289 || mode=VB method=sk_kmeans solver=pyvrp stage=post_ls ls=pyvrp iter=3
2026-03-16 01:33:54 | INFO     | [POOL #00591] 170 1062 1112 345 || mode=VB method=sk_kmeans solver=pyvrp stage=post_ls ls=pyvrp iter=3
2026-03-16 01:33:54 | INFO     | [POOL #00592] 466 1348 495 121 || mode=VB method=sk_kmeans solver=pyvrp stage=post_ls ls=pyvrp iter=3
2026-03-16 01:33:54 | INFO     | [POOL #00593] 836 118 1051 || mode=VB method=sk_kmeans solver=pyvrp stage=post_ls ls=pyvrp iter=3
2026-03-16 01:33:54 | INFO     | [POOL #00594] 718 1073 1283 || mode=VB method=sk_kmeans solver=pyvrp stage=post_ls ls=pyvrp iter=3
2026-03-16 01:33:54 | INFO     | [POOL #00595] 401 380 616 || mode=VB method=sk_kmeans solver=pyvrp stage=post_ls ls=pyvrp iter=3
2026-03-16 01:33:54 | INFO     | [POOL #00596] 49 562 1308 || mode=VB method=sk_kmeans solver=pyvrp stage=post_ls ls=pyvrp iter=3
2026-03-16 01:33:54 | INFO     | [POOL #00597] 1267 708 602 || mode=VB method=sk_kmeans solver=pyvrp stage=post_ls ls=pyvrp iter=3
2026-03-16 01:33:54 | INFO     | [POOL #00598] 339 1345 730 || mode=VB method=sk_kmeans solver=pyvrp stage=post_ls ls=pyvrp iter=3
2026-03-16 01:33:54 | INFO     | [POOL #00599] 1245 336 797 1358 || mode=VB method=sk_kmeans solver=pyvrp stage=post_ls ls=pyvrp iter=3
2026-03-16 01:33:54 | INFO     | [POOL #00600] 572 381 755 1288 || mode=VB method=sk_kmeans solver=pyvrp stage=post_ls ls=pyvrp iter=3
2026-03-16 01:33:54 | INFO     | [POOL #00601] 1130 504 805 || mode=VB method=sk_kmeans solver=pyvrp stage=post_ls ls=pyvrp iter=3
2026-03-16 01:33:54 | INFO     | [POOL #00602] 815 64 985 || mode=VB method=sk_kmeans solver=pyvrp stage=post_ls ls=pyvrp iter=3
2026-03-16 01:33:54 | INFO     | [POOL #00603] 396 264 688 || mode=VB method=sk_kmeans solver=pyvrp stage=post_ls ls=pyvrp iter=3
2026-03-16 01:33:54 | INFO     | [POOL #00604] 1368 893 906 || mode=VB method=sk_kmeans solver=pyvrp stage=post_ls ls=pyvrp iter=3
2026-03-16 01:33:54 | INFO     | [POOL #00605] 896 54 197 || mode=VB method=sk_kmeans solver=pyvrp stage=post_ls ls=pyvrp iter=3
2026-03-16 01:33:54 | INFO     | [POOL #00606] 832 44 437 || mode=VB method=sk_kmeans solver=pyvrp stage=post_ls ls=pyvrp iter=3
2026-03-16 01:33:54 | INFO     | [POOL #00607] 921 511 234 || mode=VB method=sk_kmeans solver=pyvrp stage=post_ls ls=pyvrp iter=3
2026-03-16 01:33:54 | INFO     | [POOL #00608] 1173 302 15 1110 || mode=VB method=sk_kmeans solver=pyvrp stage=post_ls ls=pyvrp iter=3
2026-03-16 01:33:54 | INFO     | [POOL #00609] 506 682 1301 974 || mode=VB method=sk_kmeans solver=pyvrp stage=post_ls ls=pyvrp iter=3
2026-03-16 01:33:54 | INFO     | [POOL #00610] 364 461 503 || mode=VB method=sk_kmeans solver=pyvrp stage=post_ls ls=pyvrp iter=3
2026-03-16 01:33:54 | INFO     | [POOL #00611] 165 175 338 1216 || mode=VB method=sk_kmeans solver=pyvrp stage=post_ls ls=pyvrp iter=3
2026-03-16 01:33:54 | INFO     | [POOL #00612] 1135 1272 31 || mode=VB method=sk_kmeans solver=pyvrp stage=post_ls ls=pyvrp iter=3
2026-03-16 01:33:54 | INFO     | [POOL #00613] 1255 817 765 || mode=VB method=sk_kmeans solver=pyvrp stage=post_ls ls=pyvrp iter=3
2026-03-16 01:33:54 | INFO     | [POOL #00614] 1092 1320 650 116 || mode=VB method=sk_kmeans solver=pyvrp stage=post_ls ls=pyvrp iter=3
2026-03-16 01:33:54 | INFO     | [POOL #00615] 463 793 1246 1167 1204 491 487 56 524 || mode=VB method=sk_kmeans solver=pyvrp stage=post_ls ls=pyvrp iter=3
2026-03-16 01:33:54 | INFO     | [POOL #00616] 960 520 244 212 855 58 1319 308 1234 || mode=VB method=sk_kmeans solver=pyvrp stage=post_ls ls=pyvrp iter=3
2026-03-16 01:33:54 | INFO     | [POOL #00617] 719 1042 361 14 1180 318 1305 422 || mode=VB method=sk_kmeans solver=pyvrp stage=post_ls ls=pyvrp iter=3
2026-03-16 01:33:54 | INFO     | [POOL #00618] 705 538 902 1243 456 1146 1195 827 || mode=VB method=sk_kmeans solver=pyvrp stage=post_ls ls=pyvrp iter=3
2026-03-16 01:33:54 | INFO     | [POOL #00619] 1068 1016 193 806 354 323 || mode=VB method=sk_kmeans solver=pyvrp stage=post_ls ls=pyvrp iter=3
2026-03-16 01:33:54 | INFO     | [POOL #00620] 330 390 968 || mode=VB method=sk_kmeans solver=pyvrp stage=post_ls ls=pyvrp iter=3
2026-03-16 01:33:54 | INFO     | [POOL #00621] 924 1339 1286 1253 1341 733 || mode=VB method=sk_kmeans solver=pyvrp stage=post_ls ls=pyvrp iter=3
2026-03-16 01:33:54 | INFO     | [POOL #00622] 331 1306 1021 || mode=VB method=sk_kmeans solver=pyvrp stage=post_ls ls=pyvrp iter=3
2026-03-16 01:33:54 | INFO     | [POOL #00623] 24 741 1203 || mode=VB method=sk_kmeans solver=pyvrp stage=post_ls ls=pyvrp iter=3
2026-03-16 01:33:54 | INFO     | [POOL #00624] 365 592 7 || mode=VB method=sk_kmeans solver=pyvrp stage=post_ls ls=pyvrp iter=3
2026-03-16 01:33:54 | INFO     | [POOL #00625] 1207 280 1355 || mode=VB method=sk_kmeans solver=pyvrp stage=post_ls ls=pyvrp iter=3
2026-03-16 01:33:54 | INFO     | [POOL #00626] 76 652 548 536 || mode=VB method=sk_kmeans solver=pyvrp stage=post_ls ls=pyvrp iter=3
2026-03-16 01:33:54 | INFO     | [POOL #00627] 875 285 687 || mode=VB method=sk_kmeans solver=pyvrp stage=post_ls ls=pyvrp iter=3
2026-03-16 01:33:54 | INFO     | [POOL #00628] 564 925 846 || mode=VB method=sk_kmeans solver=pyvrp stage=post_ls ls=pyvrp iter=3
2026-03-16 01:33:54 | INFO     | [POOL #00629] 882 559 1190 || mode=VB method=sk_kmeans solver=pyvrp stage=post_ls ls=pyvrp iter=3
2026-03-16 01:33:54 | INFO     | [POOL #00630] 498 1215 876 30 || mode=VB method=sk_kmeans solver=pyvrp stage=post_ls ls=pyvrp iter=3
2026-03-16 01:33:54 | INFO     | [POOL #00631] 1325 1242 869 || mode=VB method=sk_kmeans solver=pyvrp stage=post_ls ls=pyvrp iter=3
2026-03-16 01:33:54 | INFO     | [POOL #00632] 760 823 551 1351 || mode=VB method=sk_kmeans solver=pyvrp stage=post_ls ls=pyvrp iter=3
2026-03-16 01:33:54 | INFO     | [POOL #00633] 701 1337 1327 1332 252 351 1247 248 || mode=VB method=sk_kmeans solver=pyvrp stage=post_ls ls=pyvrp iter=3
2026-03-16 01:33:54 | INFO     | [POOL #00634] 219 745 1158 514 582 292 348 944 208 377 || mode=VB method=sk_kmeans solver=pyvrp stage=post_ls ls=pyvrp iter=3
2026-03-16 01:33:54 | INFO     | [POOL #00635] 213 169 310 228 326 1346 1163 272 1256 || mode=VB method=sk_kmeans solver=pyvrp stage=post_ls ls=pyvrp iter=3
2026-03-16 01:33:54 | INFO     | [POOL #00636] 971 752 998 885 900 227 975 379 || mode=VB method=sk_kmeans solver=pyvrp stage=post_ls ls=pyvrp iter=3
2026-03-16 01:33:54 | INFO     | [POOL #00637] 207 835 1080 852 540 789 460 1035 284 1121 || mode=VB method=sk_kmeans solver=pyvrp stage=post_ls ls=pyvrp iter=3
2026-03-16 01:33:54 | INFO     | [POOL #00638] 1260 423 931 1164 101 417 749 799 1127 1366 332 1271 685 606 1019 1201 || mode=VB method=sk_kmeans solver=pyvrp stage=post_ls ls=pyvrp iter=3
2026-03-16 01:33:54 | INFO     | [POOL #00639] 1214 568 575 187 384 746 758 160 707 1239 || mode=VB method=sk_kmeans solver=pyvrp stage=post_ls ls=pyvrp iter=3
2026-03-16 01:33:54 | INFO     | [POOL #00640] 1268 62 1114 || mode=VB method=sk_kmeans solver=pyvrp stage=post_ls ls=pyvrp iter=3
2026-03-16 01:33:54 | INFO     | [POOL #00641] 21 830 584 || mode=VB method=sk_kmeans solver=pyvrp stage=post_ls ls=pyvrp iter=3
2026-03-16 01:33:54 | INFO     | [POOL #00642] 978 473 239 || mode=VB method=sk_kmeans solver=pyvrp stage=post_ls ls=pyvrp iter=3
2026-03-16 01:33:54 | INFO     | [POOL #00643] 1002 1362 1144 || mode=VB method=sk_kmeans solver=pyvrp stage=post_ls ls=pyvrp iter=3
2026-03-16 01:33:54 | INFO     | [POOL #00644] 366 1304 991 1365 || mode=VB method=sk_kmeans solver=pyvrp stage=post_ls ls=pyvrp iter=3
2026-03-16 01:33:54 | INFO     | [POOL #00645] 717 1101 492 510 || mode=VB method=sk_kmeans solver=pyvrp stage=post_ls ls=pyvrp iter=3
2026-03-16 01:33:54 | INFO     | [POOL #00646] 321 953 607 110 || mode=VB method=sk_kmeans solver=pyvrp stage=post_ls ls=pyvrp iter=3
2026-03-16 01:33:54 | INFO     | [POOL #00647] 1244 355 490 || mode=VB method=sk_kmeans solver=pyvrp stage=post_ls ls=pyvrp iter=3
2026-03-16 01:33:54 | INFO     | [POOL #00648] 522 1153 398 1258 || mode=VB method=sk_kmeans solver=pyvrp stage=post_ls ls=pyvrp iter=3
2026-03-16 01:33:54 | INFO     | [POOL #00649] 373 314 273 || mode=VB method=sk_kmeans solver=pyvrp stage=post_ls ls=pyvrp iter=3
2026-03-16 01:33:54 | INFO     | [POOL #00650] 307 63 731 || mode=VB method=sk_kmeans solver=pyvrp stage=post_ls ls=pyvrp iter=3
2026-03-16 01:33:54 | INFO     | [POOL #00651] 509 1067 1194 || mode=VB method=sk_kmeans solver=pyvrp stage=post_ls ls=pyvrp iter=3
2026-03-16 01:33:54 | INFO     | [POOL #00652] 939 505 748 51 609 316 || mode=VB method=sk_kmeans solver=pyvrp stage=post_ls ls=pyvrp iter=3
2026-03-16 01:33:54 | INFO     | [POOL #00653] 1273 521 1350 403 661 || mode=VB method=sk_kmeans solver=pyvrp stage=post_ls ls=pyvrp iter=3
2026-03-16 01:33:54 | INFO     | [POOL #00654] 107 476 229 277 1034 174 1053 475 519 493 1209 407 796 || mode=VB method=sk_kmeans solver=pyvrp stage=post_ls ls=pyvrp iter=3
2026-03-16 01:33:54 | INFO     | [POOL #00655] 1043 319 1274 154 1212 1221 1287 286 1090 1165 || mode=VB method=sk_kmeans solver=pyvrp stage=post_ls ls=pyvrp iter=3
2026-03-16 01:33:54 | INFO     | [POOL #00656] 399 1133 1303 261 849 67 189 959 156 69 || mode=VB method=sk_kmeans solver=pyvrp stage=post_ls ls=pyvrp iter=3
2026-03-16 01:33:54 | INFO     | [POOL #00657] 1296 837 611 807 1022 952 1077 1020 95 84 965 || mode=VB method=sk_kmeans solver=pyvrp stage=post_ls ls=pyvrp iter=3
2026-03-16 01:33:54 | INFO     | [POOL #00658] 1347 190 500 976 1178 || mode=VB method=sk_kmeans solver=pyvrp stage=post_ls ls=pyvrp iter=3
2026-03-16 01:33:54 | INFO     | [POOL #00659] 100 293 406 735 724 123 831 1141 1138 || mode=VB method=sk_kmeans solver=pyvrp stage=post_ls ls=pyvrp iter=3
2026-03-16 01:33:54 | INFO     | [POOL #00660] 1270 484 696 989 371 397 689 610 184 1052 || mode=VB method=sk_kmeans solver=pyvrp stage=post_ls ls=pyvrp iter=3
2026-03-16 01:33:54 | INFO     | [POOL #00661] 743 673 419 144 4 1169 1219 || mode=VB method=sk_kmeans solver=pyvrp stage=post_ls ls=pyvrp iter=3
2026-03-16 01:33:54 | INFO     | [POOL #00662] 1136 357 220 1094 || mode=VB method=sk_kmeans solver=pyvrp stage=post_ls ls=pyvrp iter=3
2026-03-16 01:33:54 | INFO     | [POOL #00663] 1054 1354 344 66 || mode=VB method=sk_kmeans solver=pyvrp stage=post_ls ls=pyvrp iter=3
2026-03-16 01:33:54 | INFO     | [POOL #00664] 159 598 632 425 305 601 || mode=VB method=sk_kmeans solver=pyvrp stage=post_ls ls=pyvrp iter=3
2026-03-16 01:33:54 | INFO     | [POOL #00665] 594 1307 102 || mode=VB method=sk_kmeans solver=pyvrp stage=post_ls ls=pyvrp iter=3
2026-03-16 01:33:54 | INFO     | [POOL #00666] 702 785 1039 || mode=VB method=sk_kmeans solver=pyvrp stage=post_ls ls=pyvrp iter=3
2026-03-16 01:33:54 | INFO     | [POOL #00667] 1208 1176 1131 || mode=VB method=sk_kmeans solver=pyvrp stage=post_ls ls=pyvrp iter=3
2026-03-16 01:33:54 | INFO     | [POOL #00668] 9 658 424 590 || mode=VB method=sk_kmeans solver=pyvrp stage=post_ls ls=pyvrp iter=3
2026-03-16 01:33:54 | INFO     | [POOL #00669] 79 907 1197 651 || mode=VB method=sk_kmeans solver=pyvrp stage=post_ls ls=pyvrp iter=3
2026-03-16 01:33:54 | INFO     | [POOL #00670] 274 290 485 || mode=VB method=sk_kmeans solver=pyvrp stage=post_ls ls=pyvrp iter=3
2026-03-16 01:33:54 | INFO     | [POOL #00671] 818 1097 608 || mode=VB method=sk_kmeans solver=pyvrp stage=post_ls ls=pyvrp iter=3
2026-03-16 01:33:54 | INFO     | [POOL #00672] 973 1254 843 1078 || mode=VB method=sk_kmeans solver=pyvrp stage=post_ls ls=pyvrp iter=3
2026-03-16 01:33:54 | INFO     | [POOL #00673] 920 675 52 || mode=VB method=sk_kmeans solver=pyvrp stage=post_ls ls=pyvrp iter=3
2026-03-16 01:33:54 | INFO     | [POOL #00674] 822 374 71 || mode=VB method=sk_kmeans solver=pyvrp stage=post_ls ls=pyvrp iter=3
2026-03-16 01:33:54 | INFO     | [POOL #00675] 151 243 1049 1353 134 333 442 764 75 || mode=VB method=sk_kmeans solver=pyvrp stage=post_ls ls=pyvrp iter=3
2026-03-16 01:33:54 | INFO     | [POOL #00676] 2 699 768 1364 || mode=VB method=sk_kmeans solver=pyvrp stage=post_ls ls=pyvrp iter=3
2026-03-16 01:33:54 | INFO     | [POOL #00677] 231 265 664 489 47 967 1280 770 || mode=VB method=sk_kmeans solver=pyvrp stage=post_ls ls=pyvrp iter=3
2026-03-16 01:33:54 | INFO     | [POOL #00678] 1222 363 984 1361 287 784 427 1084 136 13 || mode=VB method=sk_kmeans solver=pyvrp stage=post_ls ls=pyvrp iter=3
2026-03-16 01:33:54 | INFO     | [POOL #00679] 148 1225 857 98 459 146 430 474 716 108 393 565 1171 || mode=VB method=sk_kmeans solver=pyvrp stage=post_ls ls=pyvrp iter=3
2026-03-16 01:33:54 | INFO     | [POOL #00680] 640 1299 36 917 866 || mode=VB method=sk_kmeans solver=pyvrp stage=post_ls ls=pyvrp iter=3
2026-03-16 01:33:54 | INFO     | [POOL #00681] 1160 1150 198 642 1147 376 3 1142 226 935 941 || mode=VB method=sk_kmeans solver=pyvrp stage=post_ls ls=pyvrp iter=3
2026-03-16 01:33:54 | INFO     | [POOL #00682] 141 1193 690 898 1065 18 1294 1241 956 1269 32 1116 || mode=VB method=sk_kmeans solver=pyvrp stage=post_ls ls=pyvrp iter=3
2026-03-16 01:33:54 | INFO     | [POOL #00683] 996 1373 402 573 912 1309 566 977 186 1060 576 || mode=VB method=sk_kmeans solver=pyvrp stage=post_ls ls=pyvrp iter=3
2026-03-16 01:33:54 | INFO     | [POOL #00684] 464 1159 638 750 754 428 17 87 334 249 || mode=VB method=sk_kmeans solver=pyvrp stage=post_ls ls=pyvrp iter=3
2026-03-16 01:33:54 | INFO     | [POOL #00685] 880 1081 722 288 713 || mode=VB method=sk_kmeans solver=pyvrp stage=post_ls ls=pyvrp iter=3
2026-03-16 01:33:54 | INFO     | [POOL #00686] 1000 42 392 368 || mode=VB method=sk_kmeans solver=pyvrp stage=post_ls ls=pyvrp iter=3
2026-03-16 01:33:54 | INFO     | [POOL #00687] 37 28 916 || mode=VB method=sk_kmeans solver=pyvrp stage=post_ls ls=pyvrp iter=3
2026-03-16 01:33:54 | INFO     | [POOL #00688] 936 1066 1326 || mode=VB method=sk_kmeans solver=pyvrp stage=post_ls ls=pyvrp iter=3
2026-03-16 01:33:54 | INFO     | [POOL #00689] 266 858 666 || mode=VB method=sk_kmeans solver=pyvrp stage=post_ls ls=pyvrp iter=3
2026-03-16 01:33:54 | INFO     | [POOL #00690] 1183 443 1370 586 969 || mode=VB method=sk_kmeans solver=pyvrp stage=post_ls ls=pyvrp iter=3
2026-03-16 01:33:54 | INFO     | [POOL #00691] 1104 523 711 || mode=VB method=sk_kmeans solver=pyvrp stage=post_ls ls=pyvrp iter=3
2026-03-16 01:33:54 | INFO     | [POOL #00692] 729 1328 1360 || mode=VB method=sk_kmeans solver=pyvrp stage=post_ls ls=pyvrp iter=3
2026-03-16 01:33:54 | INFO     | [POOL #00693] 97 202 888 || mode=VB method=sk_kmeans solver=pyvrp stage=post_ls ls=pyvrp iter=3
2026-03-16 01:33:54 | INFO     | [POOL #00694] 378 1096 395 554 || mode=VB method=sk_kmeans solver=pyvrp stage=post_ls ls=pyvrp iter=3
2026-03-16 01:33:54 | INFO     | [POOL #00695] 1083 499 1005 || mode=VB method=sk_kmeans solver=pyvrp stage=post_ls ls=pyvrp iter=3
2026-03-16 01:33:54 | INFO     | [POOL #00696] 1211 451 603 905 || mode=VB method=sk_kmeans solver=pyvrp stage=post_ls ls=pyvrp iter=3
2026-03-16 01:33:54 | INFO     | [POOL #00697] 742 649 838 943 || mode=VB method=sk_kmeans solver=pyvrp stage=post_ls ls=pyvrp iter=3
2026-03-16 01:33:54 | INFO     | [POOL #00698] 1151 162 180 || mode=VB method=sk_kmeans solver=pyvrp stage=post_ls ls=pyvrp iter=3
2026-03-16 01:33:54 | INFO     | [POOL #00699] 1119 1017 647 529 || mode=VB method=sk_kmeans solver=pyvrp stage=post_ls ls=pyvrp iter=3
2026-03-16 01:33:54 | INFO     | [POOL #00700] 1213 1099 1132 || mode=VB method=sk_kmeans solver=pyvrp stage=post_ls ls=pyvrp iter=3
2026-03-16 01:33:54 | INFO     | [POOL #00701] 947 1310 821 || mode=VB method=sk_kmeans solver=pyvrp stage=post_ls ls=pyvrp iter=3
2026-03-16 01:33:54 | INFO     | [POOL #00702] 867 1145 961 222 || mode=VB method=sk_kmeans solver=pyvrp stage=post_ls ls=pyvrp iter=3
2026-03-16 01:33:54 | INFO     | [POOL #00703] 415 80 992 1006 || mode=VB method=sk_kmeans solver=pyvrp stage=post_ls ls=pyvrp iter=3
2026-03-16 01:33:54 | INFO     | [POOL #00704] 546 723 1292 || mode=VB method=sk_kmeans solver=pyvrp stage=post_ls ls=pyvrp iter=3
2026-03-16 01:33:54 | INFO     | [POOL #00705] 800 315 203 || mode=VB method=sk_kmeans solver=pyvrp stage=post_ls ls=pyvrp iter=3
2026-03-16 01:33:54 | INFO     | [POOL #00706] 120 704 933 || mode=VB method=sk_kmeans solver=pyvrp stage=post_ls ls=pyvrp iter=3
2026-03-16 01:33:54 | INFO     | [POOL #00707] 798 591 278 || mode=VB method=sk_kmeans solver=pyvrp stage=post_ls ls=pyvrp iter=3
2026-03-16 01:33:54 | INFO     | [POOL #00708] 706 440 1200 || mode=VB method=sk_kmeans solver=pyvrp stage=post_ls ls=pyvrp iter=3
2026-03-16 01:33:54 | INFO     | [POOL #00709] 22 501 634 || mode=VB method=sk_kmeans solver=pyvrp stage=post_ls ls=pyvrp iter=3
2026-03-16 01:33:54 | INFO     | [POOL #00710] 732 777 547 || mode=VB method=sk_kmeans solver=pyvrp stage=post_ls ls=pyvrp iter=3
2026-03-16 01:33:54 | INFO     | [POOL #00711] 1061 200 739 || mode=VB method=sk_kmeans solver=pyvrp stage=post_ls ls=pyvrp iter=3
2026-03-16 01:33:54 | INFO     | [POOL #00712] 1330 469 254 || mode=VB method=sk_kmeans solver=pyvrp stage=post_ls ls=pyvrp iter=3
2026-03-16 01:33:54 | INFO     | [POOL #00713] 814 242 919 || mode=VB method=sk_kmeans solver=pyvrp stage=post_ls ls=pyvrp iter=3
2026-03-16 01:33:54 | INFO     | [POOL #00714] 1100 115 1331 782 || mode=VB method=sk_kmeans solver=pyvrp stage=post_ls ls=pyvrp iter=3
2026-03-16 01:33:54 | INFO     | [POOL #00715] 270 1149 221 || mode=VB method=sk_kmeans solver=pyvrp stage=post_ls ls=pyvrp iter=3
2026-03-16 01:33:54 | INFO     | [POOL #00716] 639 1001 1263 || mode=VB method=sk_kmeans solver=pyvrp stage=post_ls ls=pyvrp iter=3
2026-03-16 01:33:54 | INFO     | [POOL #00717] 1087 112 635 38 || mode=VB method=sk_kmeans solver=pyvrp stage=post_ls ls=pyvrp iter=3
2026-03-16 01:33:54 | INFO     | [POOL #00718] 791 759 709 || mode=VB method=sk_kmeans solver=pyvrp stage=post_ls ls=pyvrp iter=3
2026-03-16 01:33:54 | INFO     | [POOL #00719] 328 588 201 || mode=VB method=sk_kmeans solver=pyvrp stage=post_ls ls=pyvrp iter=3
2026-03-16 01:33:54 | INFO     | [POOL #00720] 1089 143 899 787 || mode=VB method=sk_kmeans solver=pyvrp stage=post_ls ls=pyvrp iter=3
2026-03-16 01:33:54 | INFO     | [POOL #00721] 372 282 449 400 || mode=VB method=sk_kmeans solver=pyvrp stage=post_ls ls=pyvrp iter=3
2026-03-16 01:33:54 | INFO     | [POOL #00722] 794 1124 779 || mode=VB method=sk_kmeans solver=pyvrp stage=post_ls ls=pyvrp iter=3
2026-03-16 01:33:54 | INFO     | [POOL #00723] 1026 552 258 891 || mode=VB method=sk_kmeans solver=pyvrp stage=post_ls ls=pyvrp iter=3
2026-03-16 01:33:54 | INFO     | [POOL #00724] 1105 1371 942 || mode=VB method=sk_kmeans solver=pyvrp stage=post_ls ls=pyvrp iter=3
2026-03-16 01:33:54 | INFO     | [POOL #00725] 72 182 1298 || mode=VB method=sk_kmeans solver=pyvrp stage=post_ls ls=pyvrp iter=3
2026-03-16 01:33:54 | INFO     | [POOL #00726] 218 93 1184 || mode=VB method=sk_kmeans solver=pyvrp stage=post_ls ls=pyvrp iter=3
2026-03-16 01:33:54 | INFO     | [POOL #00727] 103 1025 1231 || mode=VB method=sk_kmeans solver=pyvrp stage=post_ls ls=pyvrp iter=3
2026-03-16 01:33:54 | INFO     | [POOL #00728] 636 714 192 || mode=VB method=sk_kmeans solver=pyvrp stage=post_ls ls=pyvrp iter=3
2026-03-16 01:33:54 | INFO     | [POOL #00729] 884 1344 408 1352 || mode=VB method=sk_kmeans solver=pyvrp stage=post_ls ls=pyvrp iter=3
2026-03-16 01:33:54 | INFO     | [POOL #00730] 1106 541 317 || mode=VB method=sk_kmeans solver=pyvrp stage=post_ls ls=pyvrp iter=3
2026-03-16 01:33:54 | INFO     | [POOL #00731] 1259 698 114 || mode=VB method=sk_kmeans solver=pyvrp stage=post_ls ls=pyvrp iter=3
2026-03-16 01:33:54 | INFO     | [POOL #00732] 289 747 82 || mode=VB method=sk_kmeans solver=pyvrp stage=post_ls ls=pyvrp iter=3
2026-03-16 01:33:54 | INFO     | [POOL #00733] 958 674 179 || mode=VB method=sk_kmeans solver=pyvrp stage=post_ls ls=pyvrp iter=3
2026-03-16 01:33:54 | INFO     | [POOL #00734] 1179 439 313 || mode=VB method=sk_kmeans solver=pyvrp stage=post_ls ls=pyvrp iter=3
2026-03-16 01:33:54 | INFO     | [POOL #00735] 1123 1276 803 || mode=VB method=sk_kmeans solver=pyvrp stage=post_ls ls=pyvrp iter=3
2026-03-16 01:33:54 | INFO     | [POOL #00736] 419 144 1273 500 156 67 189 959 69 976 100 || mode=RB method=sk_ac_complete solver=pyvrp stage=post_ls ls=pyvrp iter=4
2026-03-16 01:33:54 | INFO     | [POOL #00737] 1219 1169 673 1178 689 743 1052 || mode=RB method=sk_ac_complete solver=pyvrp stage=post_ls ls=pyvrp iter=4
2026-03-16 01:33:54 | INFO     | [POOL #00738] 1138 1141 831 123 724 735 406 293 610 || mode=RB method=sk_ac_complete solver=pyvrp stage=post_ls ls=pyvrp iter=4
2026-03-16 01:33:54 | INFO     | [POOL #00739] 1045 95 1020 954 113 1312 371 397 989 84 965 || mode=RB method=sk_ac_complete solver=pyvrp stage=post_ls ls=pyvrp iter=4
2026-03-16 01:33:54 | INFO     | [POOL #00740] 1222 984 656 1036 1038 631 593 662 824 856 1084 489 || mode=RB method=sk_ac_complete solver=pyvrp stage=post_ls ls=pyvrp iter=4
2026-03-16 01:33:54 | INFO     | [POOL #00741] 13 427 784 287 369 1223 1361 414 || mode=RB method=sk_ac_complete solver=pyvrp stage=post_ls ls=pyvrp iter=4
2026-03-16 01:33:54 | INFO     | [POOL #00742] 265 664 363 136 484 184 1270 || mode=RB method=sk_ac_complete solver=pyvrp stage=post_ls ls=pyvrp iter=4
2026-03-16 01:33:54 | INFO     | [POOL #00743] 243 134 333 442 393 459 98 857 1225 148 565 1171 || mode=RB method=sk_ac_complete solver=pyvrp stage=post_ls ls=pyvrp iter=4
2026-03-16 01:33:54 | INFO     | [POOL #00744] 151 1279 1049 941 770 1280 967 553 231 || mode=RB method=sk_ac_complete solver=pyvrp stage=post_ls ls=pyvrp iter=4
2026-03-16 01:33:54 | INFO     | [POOL #00745] 222 961 992 80 || mode=RB method=sk_ac_complete solver=pyvrp stage=post_ls ls=pyvrp iter=4
2026-03-16 01:33:54 | INFO     | [POOL #00746] 1006 821 1310 || mode=RB method=sk_ac_complete solver=pyvrp stage=post_ls ls=pyvrp iter=4
2026-03-16 01:33:54 | INFO     | [POOL #00747] 345 401 1267 || mode=RB method=sk_ac_complete solver=pyvrp stage=post_ls ls=pyvrp iter=4
2026-03-16 01:33:54 | INFO     | [POOL #00748] 297 237 230 1261 || mode=RB method=sk_ac_complete solver=pyvrp stage=post_ls ls=pyvrp iter=4
2026-03-16 01:33:54 | INFO     | [POOL #00749] 88 1335 1250 || mode=RB method=sk_ac_complete solver=pyvrp stage=post_ls ls=pyvrp iter=4
2026-03-16 01:33:54 | INFO     | [POOL #00750] 589 275 1281 || mode=RB method=sk_ac_complete solver=pyvrp stage=post_ls ls=pyvrp iter=4
2026-03-16 01:33:54 | INFO     | [POOL #00751] 778 1154 389 || mode=RB method=sk_ac_complete solver=pyvrp stage=post_ls ls=pyvrp iter=4
2026-03-16 01:33:54 | INFO     | [POOL #00752] 691 85 693 || mode=RB method=sk_ac_complete solver=pyvrp stage=post_ls ls=pyvrp iter=4
2026-03-16 01:33:54 | INFO     | [POOL #00753] 1363 1295 692 || mode=RB method=sk_ac_complete solver=pyvrp stage=post_ls ls=pyvrp iter=4
2026-03-16 01:33:54 | INFO     | [POOL #00754] 214 1182 643 1113 || mode=RB method=sk_ac_complete solver=pyvrp stage=post_ls ls=pyvrp iter=4
2026-03-16 01:33:54 | INFO     | [POOL #00755] 225 257 176 || mode=RB method=sk_ac_complete solver=pyvrp stage=post_ls ls=pyvrp iter=4
2026-03-16 01:33:54 | INFO     | [POOL #00756] 507 342 513 || mode=RB method=sk_ac_complete solver=pyvrp stage=post_ls ls=pyvrp iter=4
2026-03-16 01:33:54 | INFO     | [POOL #00757] 993 1202 356 847 || mode=RB method=sk_ac_complete solver=pyvrp stage=post_ls ls=pyvrp iter=4
2026-03-16 01:33:54 | INFO     | [POOL #00758] 1205 388 620 || mode=RB method=sk_ac_complete solver=pyvrp stage=post_ls ls=pyvrp iter=4
2026-03-16 01:33:54 | INFO     | [POOL #00759] 1144 833 628 || mode=RB method=sk_ac_complete solver=pyvrp stage=post_ls ls=pyvrp iter=4
2026-03-16 01:33:54 | INFO     | [POOL #00760] 138 934 1244 || mode=RB method=sk_ac_complete solver=pyvrp stage=post_ls ls=pyvrp iter=4
2026-03-16 01:33:54 | INFO     | [POOL #00761] 830 607 1063 510 || mode=RB method=sk_ac_complete solver=pyvrp stage=post_ls ls=pyvrp iter=4
2026-03-16 01:33:54 | INFO     | [POOL #00762] 62 110 953 398 || mode=RB method=sk_ac_complete solver=pyvrp stage=post_ls ls=pyvrp iter=4
2026-03-16 01:33:54 | INFO     | [POOL #00763] 584 999 416 || mode=RB method=sk_ac_complete solver=pyvrp stage=post_ls ls=pyvrp iter=4
2026-03-16 01:33:54 | INFO     | [POOL #00764] 355 1067 509 159 || mode=RB method=sk_ac_complete solver=pyvrp stage=post_ls ls=pyvrp iter=4
2026-03-16 01:33:54 | INFO     | [POOL #00765] 1153 1194 63 || mode=RB method=sk_ac_complete solver=pyvrp stage=post_ls ls=pyvrp iter=4
2026-03-16 01:33:54 | INFO     | [POOL #00766] 522 717 490 1258 || mode=RB method=sk_ac_complete solver=pyvrp stage=post_ls ls=pyvrp iter=4
2026-03-16 01:33:54 | INFO     | [POOL #00767] 307 731 314 || mode=RB method=sk_ac_complete solver=pyvrp stage=post_ls ls=pyvrp iter=4
2026-03-16 01:33:54 | INFO     | [POOL #00768] 945 1002 492 1107 || mode=RB method=sk_ac_complete solver=pyvrp stage=post_ls ls=pyvrp iter=4
2026-03-16 01:33:54 | INFO     | [POOL #00769] 53 1114 21 || mode=RB method=sk_ac_complete solver=pyvrp stage=post_ls ls=pyvrp iter=4
2026-03-16 01:33:54 | INFO     | [POOL #00770] 74 431 1018 || mode=RB method=sk_ac_complete solver=pyvrp stage=post_ls ls=pyvrp iter=4
2026-03-16 01:33:54 | INFO     | [POOL #00771] 822 239 978 || mode=RB method=sk_ac_complete solver=pyvrp stage=post_ls ls=pyvrp iter=4
2026-03-16 01:33:54 | INFO     | [POOL #00772] 424 658 843 1254 || mode=RB method=sk_ac_complete solver=pyvrp stage=post_ls ls=pyvrp iter=4
2026-03-16 01:33:54 | INFO     | [POOL #00773] 1365 373 473 721 || mode=RB method=sk_ac_complete solver=pyvrp stage=post_ls ls=pyvrp iter=4
2026-03-16 01:33:54 | INFO     | [POOL #00774] 920 675 71 || mode=RB method=sk_ac_complete solver=pyvrp stage=post_ls ls=pyvrp iter=4
2026-03-16 01:33:54 | INFO     | [POOL #00775] 583 659 973 || mode=RB method=sk_ac_complete solver=pyvrp stage=post_ls ls=pyvrp iter=4
2026-03-16 01:33:54 | INFO     | [POOL #00776] 1078 374 366 1176 || mode=RB method=sk_ac_complete solver=pyvrp stage=post_ls ls=pyvrp iter=4
2026-03-16 01:33:54 | INFO     | [POOL #00777] 60 1268 52 || mode=RB method=sk_ac_complete solver=pyvrp stage=post_ls ls=pyvrp iter=4
2026-03-16 01:33:54 | INFO     | [POOL #00778] 263 472 1069 || mode=RB method=sk_ac_complete solver=pyvrp stage=post_ls ls=pyvrp iter=4
2026-03-16 01:33:54 | INFO     | [POOL #00779] 1058 1289 1111 || mode=RB method=sk_ac_complete solver=pyvrp stage=post_ls ls=pyvrp iter=4
2026-03-16 01:33:54 | INFO     | [POOL #00780] 1245 466 49 || mode=RB method=sk_ac_complete solver=pyvrp stage=post_ls ls=pyvrp iter=4
2026-03-16 01:33:54 | INFO     | [POOL #00781] 818 1029 1112 1308 || mode=RB method=sk_ac_complete solver=pyvrp stage=post_ls ls=pyvrp iter=4
2026-03-16 01:33:54 | INFO     | [POOL #00782] 336 234 364 1216 || mode=RB method=sk_ac_complete solver=pyvrp stage=post_ls ls=pyvrp iter=4
2026-03-16 01:33:54 | INFO     | [POOL #00783] 688 906 339 || mode=RB method=sk_ac_complete solver=pyvrp stage=post_ls ls=pyvrp iter=4
2026-03-16 01:33:54 | INFO     | [POOL #00784] 433 527 1345 || mode=RB method=sk_ac_complete solver=pyvrp stage=post_ls ls=pyvrp iter=4
2026-03-16 01:33:54 | INFO     | [POOL #00785] 236 646 578 || mode=RB method=sk_ac_complete solver=pyvrp stage=post_ls ls=pyvrp iter=4
2026-03-16 01:33:54 | INFO     | [POOL #00786] 1348 127 467 495 || mode=RB method=sk_ac_complete solver=pyvrp stage=post_ls ls=pyvrp iter=4
2026-03-16 01:33:54 | INFO     | [POOL #00787] 893 1367 663 || mode=RB method=sk_ac_complete solver=pyvrp stage=post_ls ls=pyvrp iter=4
2026-03-16 01:33:54 | INFO     | [POOL #00788] 797 562 579 || mode=RB method=sk_ac_complete solver=pyvrp stage=post_ls ls=pyvrp iter=4
2026-03-16 01:33:54 | INFO     | [POOL #00789] 503 45 15 || mode=RB method=sk_ac_complete solver=pyvrp stage=post_ls ls=pyvrp iter=4
2026-03-16 01:33:54 | INFO     | [POOL #00790] 974 106 302 1173 || mode=RB method=sk_ac_complete solver=pyvrp stage=post_ls ls=pyvrp iter=4
2026-03-16 01:33:54 | INFO     | [POOL #00791] 1340 1082 783 || mode=RB method=sk_ac_complete solver=pyvrp stage=post_ls ls=pyvrp iter=4
2026-03-16 01:33:54 | INFO     | [POOL #00792] 125 31 1057 || mode=RB method=sk_ac_complete solver=pyvrp stage=post_ls ls=pyvrp iter=4
2026-03-16 01:33:54 | INFO     | [POOL #00793] 511 461 165 || mode=RB method=sk_ac_complete solver=pyvrp stage=post_ls ls=pyvrp iter=4
2026-03-16 01:33:54 | INFO     | [POOL #00794] 171 1272 1135 || mode=RB method=sk_ac_complete solver=pyvrp stage=post_ls ls=pyvrp iter=4
2026-03-16 01:33:54 | INFO     | [POOL #00795] 650 1320 1092 150 || mode=RB method=sk_ac_complete solver=pyvrp stage=post_ls ls=pyvrp iter=4
2026-03-16 01:33:54 | INFO     | [POOL #00796] 338 1047 994 || mode=RB method=sk_ac_complete solver=pyvrp stage=post_ls ls=pyvrp iter=4
2026-03-16 01:33:54 | INFO     | [POOL #00797] 859 1342 1056 || mode=RB method=sk_ac_complete solver=pyvrp stage=post_ls ls=pyvrp iter=4
2026-03-16 01:33:54 | INFO     | [POOL #00798] 1168 550 1014 116 || mode=RB method=sk_ac_complete solver=pyvrp stage=post_ls ls=pyvrp iter=4
2026-03-16 01:33:54 | INFO     | [POOL #00799] 370 1028 1037 || mode=RB method=sk_ac_complete solver=pyvrp stage=post_ls ls=pyvrp iter=4
2026-03-16 01:33:54 | INFO     | [POOL #00800] 359 111 922 || mode=RB method=sk_ac_complete solver=pyvrp stage=post_ls ls=pyvrp iter=4
2026-03-16 01:33:54 | INFO     | [POOL #00801] 405 1134 209 || mode=RB method=sk_ac_complete solver=pyvrp stage=post_ls ls=pyvrp iter=4
2026-03-16 01:33:54 | INFO     | [POOL #00802] 175 765 817 || mode=RB method=sk_ac_complete solver=pyvrp stage=post_ls ls=pyvrp iter=4
2026-03-16 01:33:54 | INFO     | [POOL #00803] 132 1004 1174 || mode=RB method=sk_ac_complete solver=pyvrp stage=post_ls ls=pyvrp iter=4
2026-03-16 01:33:54 | INFO     | [POOL #00804] 867 1145 1364 619 1227 || mode=RB method=sk_ac_complete solver=pyvrp stage=post_ls ls=pyvrp iter=4
2026-03-16 01:33:54 | INFO     | [POOL #00805] 764 1299 699 768 75 || mode=RB method=sk_ac_complete solver=pyvrp stage=post_ls ls=pyvrp iter=4
2026-03-16 01:33:54 | INFO     | [POOL #00806] 640 36 288 917 866 1183 || mode=RB method=sk_ac_complete solver=pyvrp stage=post_ls ls=pyvrp iter=4
2026-03-16 01:33:54 | INFO     | [POOL #00807] 1353 576 198 1116 642 1147 1060 1150 713 || mode=RB method=sk_ac_complete solver=pyvrp stage=post_ls ls=pyvrp iter=4
2026-03-16 01:33:54 | INFO     | [POOL #00808] 430 1030 296 1191 982 3 1142 226 935 474 108 || mode=RB method=sk_ac_complete solver=pyvrp stage=post_ls ls=pyvrp iter=4
2026-03-16 01:33:54 | INFO     | [POOL #00809] 47 448 1226 1357 178 104 738 391 413 146 || mode=RB method=sk_ac_complete solver=pyvrp stage=post_ls ls=pyvrp iter=4
2026-03-16 01:33:54 | INFO     | [POOL #00810] 1160 977 566 1309 956 1269 32 1193 141 233 826 161 181 716 || mode=RB method=sk_ac_complete solver=pyvrp stage=post_ls ls=pyvrp iter=4
2026-03-16 01:33:54 | INFO     | [POOL #00811] 186 690 1140 1 679 445 599 829 223 || mode=RB method=sk_ac_complete solver=pyvrp stage=post_ls ls=pyvrp iter=4
2026-03-16 01:33:54 | INFO     | [POOL #00812] 368 42 638 1159 996 1000 || mode=RB method=sk_ac_complete solver=pyvrp stage=post_ls ls=pyvrp iter=4
2026-03-16 01:33:54 | INFO     | [POOL #00813] 1373 573 750 754 428 1241 1294 18 1065 898 376 || mode=RB method=sk_ac_complete solver=pyvrp stage=post_ls ls=pyvrp iter=4
2026-03-16 01:33:54 | INFO     | [POOL #00814] 464 402 912 17 87 266 858 || mode=RB method=sk_ac_complete solver=pyvrp stage=post_ls ls=pyvrp iter=4
2026-03-16 01:33:54 | INFO     | [POOL #00815] 722 1081 880 443 || mode=RB method=sk_ac_complete solver=pyvrp stage=post_ls ls=pyvrp iter=4
2026-03-16 01:33:54 | INFO     | [POOL #00816] 249 334 382 853 || mode=RB method=sk_ac_complete solver=pyvrp stage=post_ls ls=pyvrp iter=4
2026-03-16 01:33:54 | INFO     | [POOL #00817] 624 1066 1326 || mode=RB method=sk_ac_complete solver=pyvrp stage=post_ls ls=pyvrp iter=4
2026-03-16 01:33:54 | INFO     | [POOL #00818] 392 12 633 || mode=RB method=sk_ac_complete solver=pyvrp stage=post_ls ls=pyvrp iter=4
2026-03-16 01:33:54 | INFO     | [POOL #00819] 1360 666 936 || mode=RB method=sk_ac_complete solver=pyvrp stage=post_ls ls=pyvrp iter=4
2026-03-16 01:33:54 | INFO     | [POOL #00820] 711 1328 1240 842 || mode=RB method=sk_ac_complete solver=pyvrp stage=post_ls ls=pyvrp iter=4
2026-03-16 01:33:54 | INFO     | [POOL #00821] 928 523 729 || mode=RB method=sk_ac_complete solver=pyvrp stage=post_ls ls=pyvrp iter=4
2026-03-16 01:33:54 | INFO     | [POOL #00822] 1001 694 1104 || mode=RB method=sk_ac_complete solver=pyvrp stage=post_ls ls=pyvrp iter=4
2026-03-16 01:33:54 | INFO     | [POOL #00823] 888 1238 1370 969 || mode=RB method=sk_ac_complete solver=pyvrp stage=post_ls ls=pyvrp iter=4
2026-03-16 01:33:54 | INFO     | [POOL #00824] 554 202 97 || mode=RB method=sk_ac_complete solver=pyvrp stage=post_ls ls=pyvrp iter=4
2026-03-16 01:33:54 | INFO     | [POOL #00825] 814 378 1211 451 || mode=RB method=sk_ac_complete solver=pyvrp stage=post_ls ls=pyvrp iter=4
2026-03-16 01:33:54 | INFO     | [POOL #00826] 1096 1149 221 || mode=RB method=sk_ac_complete solver=pyvrp stage=post_ls ls=pyvrp iter=4
2026-03-16 01:33:54 | INFO     | [POOL #00827] 395 1263 919 782 || mode=RB method=sk_ac_complete solver=pyvrp stage=post_ls ls=pyvrp iter=4
2026-03-16 01:33:54 | INFO     | [POOL #00828] 603 943 838 649 || mode=RB method=sk_ac_complete solver=pyvrp stage=post_ls ls=pyvrp iter=4
2026-03-16 01:33:54 | INFO     | [POOL #00829] 1083 586 499 || mode=RB method=sk_ac_complete solver=pyvrp stage=post_ls ls=pyvrp iter=4
2026-03-16 01:33:54 | INFO     | [POOL #00830] 404 2 1005 742 || mode=RB method=sk_ac_complete solver=pyvrp stage=post_ls ls=pyvrp iter=4
2026-03-16 01:33:54 | INFO     | [POOL #00831] 533 1198 979 90 298 61 901 1055 955 139 795 || mode=RB method=sk_ac_complete solver=pyvrp stage=post_ls ls=pyvrp iter=4
2026-03-16 01:33:54 | INFO     | [POOL #00832] 1022 1209 519 174 1034 277 229 476 107 611 837 316 || mode=RB method=sk_ac_complete solver=pyvrp stage=post_ls ls=pyvrp iter=4
2026-03-16 01:33:54 | INFO     | [POOL #00833] 1165 319 1287 1212 1221 1053 475 493 939 807 407 849 || mode=RB method=sk_ac_complete solver=pyvrp stage=post_ls ls=pyvrp iter=4
2026-03-16 01:33:54 | INFO     | [POOL #00834] 261 952 1090 286 154 1274 1252 481 360 1009 || mode=RB method=sk_ac_complete solver=pyvrp stage=post_ls ls=pyvrp iter=4
2026-03-16 01:33:54 | INFO     | [POOL #00835] 669 92 299 604 1088 1316 903 || mode=RB method=sk_ac_complete solver=pyvrp stage=post_ls ls=pyvrp iter=4
2026-03-16 01:33:54 | INFO     | [POOL #00836] 306 436 613 549 621 1322 966 883 874 873 || mode=RB method=sk_ac_complete solver=pyvrp stage=post_ls ls=pyvrp iter=4
2026-03-16 01:33:54 | INFO     | [POOL #00837] 185 70 894 1229 55 539 340 347 1188 421 644 860 281 353 1050 1192 726 || mode=RB method=sk_ac_complete solver=pyvrp stage=post_ls ls=pyvrp iter=4
2026-03-16 01:33:54 | INFO     | [POOL #00838] 479 1013 515 1185 1236 1285 641 255 322 762 || mode=RB method=sk_ac_complete solver=pyvrp stage=post_ls ls=pyvrp iter=4
2026-03-16 01:33:54 | INFO     | [POOL #00839] 206 771 904 574 211 763 457 27 813 1302 809 || mode=RB method=sk_ac_complete solver=pyvrp stage=post_ls ls=pyvrp iter=4
2026-03-16 01:33:54 | INFO     | [POOL #00840] 453 259 801 462 240 1372 57 946 || mode=RB method=sk_ac_complete solver=pyvrp stage=post_ls ls=pyvrp iter=4
2026-03-16 01:33:54 | INFO     | [POOL #00841] 1102 309 1027 394 1048 851 972 1133 399 || mode=RB method=sk_ac_complete solver=pyvrp stage=post_ls ls=pyvrp iter=4
2026-03-16 01:33:54 | INFO     | [POOL #00842] 1303 1077 1043 325 927 1091 166 696 || mode=RB method=sk_ac_complete solver=pyvrp stage=post_ls ls=pyvrp iter=4
2026-03-16 01:33:54 | INFO     | [POOL #00843] 77 434 863 881 350 432 1199 486 || mode=RB method=sk_ac_complete solver=pyvrp stage=post_ls ls=pyvrp iter=4
2026-03-16 01:33:54 | INFO     | [POOL #00844] 1033 581 11 43 629 908 772 1064 1157 191 703 || mode=RB method=sk_ac_complete solver=pyvrp stage=post_ls ls=pyvrp iter=4
2026-03-16 01:33:54 | INFO     | [POOL #00845] 528 1228 267 94 769 195 781 686 420 494 1356 || mode=RB method=sk_ac_complete solver=pyvrp stage=post_ls ls=pyvrp iter=4
2026-03-16 01:33:54 | INFO     | [POOL #00846] 450 276 1072 1085 158 1282 580 1318 897 256 23 865 1098 1120 || mode=RB method=sk_ac_complete solver=pyvrp stage=post_ls ls=pyvrp iter=4
2026-03-16 01:33:54 | INFO     | [POOL #00847] 1301 682 1359 648 283 || mode=RB method=sk_ac_complete solver=pyvrp stage=post_ls ls=pyvrp iter=4
2026-03-16 01:33:54 | INFO     | [POOL #00848] 1031 727 1071 913 194 1315 126 544 780 || mode=RB method=sk_ac_complete solver=pyvrp stage=post_ls ls=pyvrp iter=4
2026-03-16 01:33:54 | INFO     | [POOL #00849] 343 1189 597 870 46 878 720 1333 910 247 || mode=RB method=sk_ac_complete solver=pyvrp stage=post_ls ls=pyvrp iter=4
2026-03-16 01:33:54 | INFO     | [POOL #00850] 555 488 1148 820 295 676 890 845 224 || mode=RB method=sk_ac_complete solver=pyvrp stage=post_ls ls=pyvrp iter=4
2026-03-16 01:33:54 | INFO     | [POOL #00851] 44 832 506 655 605 || mode=RB method=sk_ac_complete solver=pyvrp stage=post_ls ls=pyvrp iter=4
2026-03-16 01:33:54 | INFO     | [POOL #00852] 177 1249 482 1284 545 516 91 1181 438 || mode=RB method=sk_ac_complete solver=pyvrp stage=post_ls ls=pyvrp iter=4
2026-03-16 01:33:54 | INFO     | [POOL #00853] 117 887 1046 25 665 327 279 || mode=RB method=sk_ac_complete solver=pyvrp stage=post_ls ls=pyvrp iter=4
2026-03-16 01:33:54 | INFO     | [POOL #00854] 577 232 657 790 1278 685 337 341 || mode=RB method=sk_ac_complete solver=pyvrp stage=post_ls ls=pyvrp iter=4
2026-03-16 01:33:54 | INFO     | [POOL #00855] 560 1343 477 260 329 819 861 569 810 937 || mode=RB method=sk_ac_complete solver=pyvrp stage=post_ls ls=pyvrp iter=4
2026-03-16 01:33:54 | INFO     | [POOL #00856] 950 129 667 1313 848 128 335 133 41 911 1291 || mode=RB method=sk_ac_complete solver=pyvrp stage=post_ls ls=pyvrp iter=4
2026-03-16 01:33:54 | INFO     | [POOL #00857] 352 1095 868 850 595 697 532 40 1220 || mode=RB method=sk_ac_complete solver=pyvrp stage=post_ls ls=pyvrp iter=4
2026-03-16 01:33:54 | INFO     | [POOL #00858] 776 167 766 535 695 1155 617 || mode=RB method=sk_ac_complete solver=pyvrp stage=post_ls ls=pyvrp iter=4
2026-03-16 01:33:54 | INFO     | [POOL #00859] 164 89 877 1206 311 246 811 1275 96 || mode=RB method=sk_ac_complete solver=pyvrp stage=post_ls ls=pyvrp iter=4
2026-03-16 01:33:54 | INFO     | [POOL #00860] 241 137 1070 1233 || mode=RB method=sk_ac_complete solver=pyvrp stage=post_ls ls=pyvrp iter=4
2026-03-16 01:33:54 | INFO     | [POOL #00861] 1257 622 1338 || mode=RB method=sk_ac_complete solver=pyvrp stage=post_ls ls=pyvrp iter=4
2026-03-16 01:33:54 | INFO     | [POOL #00862] 328 1371 899 || mode=RB method=sk_ac_complete solver=pyvrp stage=post_ls ls=pyvrp iter=4
2026-03-16 01:33:54 | INFO     | [POOL #00863] 1100 639 131 || mode=RB method=sk_ac_complete solver=pyvrp stage=post_ls ls=pyvrp iter=4
2026-03-16 01:33:54 | INFO     | [POOL #00864] 1089 709 312 38 || mode=RB method=sk_ac_complete solver=pyvrp stage=post_ls ls=pyvrp iter=4
2026-03-16 01:33:54 | INFO     | [POOL #00865] 929 115 980 || mode=RB method=sk_ac_complete solver=pyvrp stage=post_ls ls=pyvrp iter=4
2026-03-16 01:33:54 | INFO     | [POOL #00866] 1331 130 635 || mode=RB method=sk_ac_complete solver=pyvrp stage=post_ls ls=pyvrp iter=4
2026-03-16 01:33:54 | INFO     | [POOL #00867] 145 201 112 372 || mode=RB method=sk_ac_complete solver=pyvrp stage=post_ls ls=pyvrp iter=4
2026-03-16 01:33:54 | INFO     | [POOL #00868] 143 1344 884 408 || mode=RB method=sk_ac_complete solver=pyvrp stage=post_ls ls=pyvrp iter=4
2026-03-16 01:33:54 | INFO     | [POOL #00869] 588 282 779 || mode=RB method=sk_ac_complete solver=pyvrp stage=post_ls ls=pyvrp iter=4
2026-03-16 01:33:54 | INFO     | [POOL #00870] 1105 400 1124 || mode=RB method=sk_ac_complete solver=pyvrp stage=post_ls ls=pyvrp iter=4
2026-03-16 01:33:54 | INFO     | [POOL #00871] 182 794 72 || mode=RB method=sk_ac_complete solver=pyvrp stage=post_ls ls=pyvrp iter=4
2026-03-16 01:33:54 | INFO     | [POOL #00872] 458 1298 552 449 || mode=RB method=sk_ac_complete solver=pyvrp stage=post_ls ls=pyvrp iter=4
2026-03-16 01:33:54 | INFO     | [POOL #00873] 557 700 258 1026 || mode=RB method=sk_ac_complete solver=pyvrp stage=post_ls ls=pyvrp iter=4
2026-03-16 01:33:54 | INFO     | [POOL #00874] 1231 1025 218 || mode=RB method=sk_ac_complete solver=pyvrp stage=post_ls ls=pyvrp iter=4
2026-03-16 01:33:54 | INFO     | [POOL #00875] 324 534 957 630 || mode=RB method=sk_ac_complete solver=pyvrp stage=post_ls ls=pyvrp iter=4
2026-03-16 01:33:54 | INFO     | [POOL #00876] 1007 409 93 || mode=RB method=sk_ac_complete solver=pyvrp stage=post_ls ls=pyvrp iter=4
2026-03-16 01:33:54 | INFO     | [POOL #00877] 808 587 712 839 || mode=RB method=sk_ac_complete solver=pyvrp stage=post_ls ls=pyvrp iter=4
2026-03-16 01:33:54 | INFO     | [POOL #00878] 1123 315 1276 || mode=RB method=sk_ac_complete solver=pyvrp stage=post_ls ls=pyvrp iter=4
2026-03-16 01:33:54 | INFO     | [POOL #00879] 320 981 238 || mode=RB method=sk_ac_complete solver=pyvrp stage=post_ls ls=pyvrp iter=4
2026-03-16 01:33:54 | INFO     | [POOL #00880] 1106 698 122 || mode=RB method=sk_ac_complete solver=pyvrp stage=post_ls ls=pyvrp iter=4
2026-03-16 01:33:54 | INFO     | [POOL #00881] 747 317 114 || mode=RB method=sk_ac_complete solver=pyvrp stage=post_ls ls=pyvrp iter=4
2026-03-16 01:33:54 | INFO     | [POOL #00882] 179 803 1352 || mode=RB method=sk_ac_complete solver=pyvrp stage=post_ls ls=pyvrp iter=4
2026-03-16 01:33:54 | INFO     | [POOL #00883] 289 1259 313 || mode=RB method=sk_ac_complete solver=pyvrp stage=post_ls ls=pyvrp iter=4
2026-03-16 01:33:54 | INFO     | [POOL #00884] 674 163 958 || mode=RB method=sk_ac_complete solver=pyvrp stage=post_ls ls=pyvrp iter=4
2026-03-16 01:33:54 | INFO     | [POOL #00885] 35 439 199 || mode=RB method=sk_ac_complete solver=pyvrp stage=post_ls ls=pyvrp iter=4
2026-03-16 01:33:54 | INFO     | [POOL #00886] 471 1179 410 || mode=RB method=sk_ac_complete solver=pyvrp stage=post_ls ls=pyvrp iter=4
2026-03-16 01:33:54 | INFO     | [POOL #00887] 701 563 925 || mode=RB method=sk_ac_complete solver=pyvrp stage=post_ls ls=pyvrp iter=4
2026-03-16 01:33:54 | INFO     | [POOL #00888] 543 518 1232 || mode=RB method=sk_ac_complete solver=pyvrp stage=post_ls ls=pyvrp iter=4
2026-03-16 01:33:54 | INFO     | [POOL #00889] 909 1324 294 525 1167 1246 1204 || mode=RB method=sk_ac_complete solver=pyvrp stage=post_ls ls=pyvrp iter=4
2026-03-16 01:33:54 | INFO     | [POOL #00890] 719 1266 627 892 556 149 216 1251 || mode=RB method=sk_ac_complete solver=pyvrp stage=post_ls ls=pyvrp iter=4
2026-03-16 01:33:54 | INFO     | [POOL #00891] 1217 444 487 855 1239 456 1146 463 1341 || mode=RB method=sk_ac_complete solver=pyvrp stage=post_ls ls=pyvrp iter=4
2026-03-16 01:33:54 | INFO     | [POOL #00892] 1068 520 1180 14 361 244 1195 318 || mode=RB method=sk_ac_complete solver=pyvrp stage=post_ls ls=pyvrp iter=4
2026-03-16 01:33:54 | INFO     | [POOL #00893] 1234 1163 971 998 944 582 514 900 885 1158 745 326 || mode=RB method=sk_ac_complete solver=pyvrp stage=post_ls ls=pyvrp iter=4
2026-03-16 01:33:54 | INFO     | [POOL #00894] 705 538 1339 924 || mode=RB method=sk_ac_complete solver=pyvrp stage=post_ls ls=pyvrp iter=4
2026-03-16 01:33:54 | INFO     | [POOL #00895] 652 548 280 1286 || mode=RB method=sk_ac_complete solver=pyvrp stage=post_ls ls=pyvrp iter=4
2026-03-16 01:33:54 | INFO     | [POOL #00896] 1207 331 76 || mode=RB method=sk_ac_complete solver=pyvrp stage=post_ls ls=pyvrp iter=4
2026-03-16 01:33:54 | INFO     | [POOL #00897] 30 1215 869 219 || mode=RB method=sk_ac_complete solver=pyvrp stage=post_ls ls=pyvrp iter=4
2026-03-16 01:33:54 | INFO     | [POOL #00898] 251 823 1327 551 || mode=RB method=sk_ac_complete solver=pyvrp stage=post_ls ls=pyvrp iter=4
2026-03-16 01:33:54 | INFO     | [POOL #00899] 1325 1351 760 876 || mode=RB method=sk_ac_complete solver=pyvrp stage=post_ls ls=pyvrp iter=4
2026-03-16 01:33:54 | INFO     | [POOL #00900] 379 498 975 228 310 169 248 || mode=RB method=sk_ac_complete solver=pyvrp stage=post_ls ls=pyvrp iter=4
2026-03-16 01:33:54 | INFO     | [POOL #00901] 882 1242 1332 252 227 351 1247 || mode=RB method=sk_ac_complete solver=pyvrp stage=post_ls ls=pyvrp iter=4
2026-03-16 01:33:54 | INFO     | [POOL #00902] 1256 308 272 1346 1121 1319 1243 902 1253 || mode=RB method=sk_ac_complete solver=pyvrp stage=post_ls ls=pyvrp iter=4
2026-03-16 01:33:54 | INFO     | [POOL #00903] 212 56 1201 491 160 208 460 789 292 348 1035 || mode=RB method=sk_ac_complete solver=pyvrp stage=post_ls ls=pyvrp iter=4
2026-03-16 01:33:54 | INFO     | [POOL #00904] 671 606 187 1271 384 746 758 575 1019 568 || mode=RB method=sk_ac_complete solver=pyvrp stage=post_ls ls=pyvrp iter=4
2026-03-16 01:33:54 | INFO     | [POOL #00905] 752 284 377 1260 707 793 1214 58 827 || mode=RB method=sk_ac_complete solver=pyvrp stage=post_ls ls=pyvrp iter=4
2026-03-16 01:33:54 | INFO     | [POOL #00906] 612 168 215 1109 16 235 1042 719 || mode=VB method=k_medoids_pyclustering solver=filo1 stage=post_ls ls=pyvrp iter=5
2026-03-16 01:33:54 | INFO     | [POOL #00907] 264 915 1110 502 || mode=VB method=k_medoids_pyclustering solver=filo1 stage=post_ls ls=pyvrp iter=5
2026-03-16 01:33:54 | INFO     | [POOL #00908] 132 467 1004 || mode=VB method=k_medoids_pyclustering solver=filo1 stage=post_ls ls=pyvrp iter=5
2026-03-16 01:33:54 | INFO     | [POOL #00909] 405 1037 271 || mode=VB method=k_medoids_pyclustering solver=filo1 stage=post_ls ls=pyvrp iter=5
2026-03-16 01:33:54 | INFO     | [POOL #00910] 429 1134 550 || mode=VB method=k_medoids_pyclustering solver=filo1 stage=post_ls ls=pyvrp iter=5
2026-03-16 01:33:54 | INFO     | [POOL #00911] 774 446 1028 || mode=VB method=k_medoids_pyclustering solver=filo1 stage=post_ls ls=pyvrp iter=5
2026-03-16 01:33:54 | INFO     | [POOL #00912] 906 1216 688 253 450 || mode=VB method=k_medoids_pyclustering solver=filo1 stage=post_ls ls=pyvrp iter=5
2026-03-16 01:33:54 | INFO     | [POOL #00913] 1345 291 153 1166 864 || mode=VB method=k_medoids_pyclustering solver=filo1 stage=post_ls ls=pyvrp iter=5
2026-03-16 01:33:54 | INFO     | [POOL #00914] 1168 370 765 || mode=VB method=k_medoids_pyclustering solver=filo1 stage=post_ls ls=pyvrp iter=5
2026-03-16 01:33:54 | INFO     | [POOL #00915] 859 268 1174 || mode=VB method=k_medoids_pyclustering solver=filo1 stage=post_ls ls=pyvrp iter=5
2026-03-16 01:33:54 | INFO     | [POOL #00916] 1076 922 1340 || mode=VB method=k_medoids_pyclustering solver=filo1 stage=post_ls ls=pyvrp iter=5
2026-03-16 01:33:54 | INFO     | [POOL #00917] 562 339 797 || mode=VB method=k_medoids_pyclustering solver=filo1 stage=post_ls ls=pyvrp iter=5
2026-03-16 01:33:54 | INFO     | [POOL #00918] 600 786 50 || mode=VB method=k_medoids_pyclustering solver=filo1 stage=post_ls ls=pyvrp iter=5
2026-03-16 01:33:54 | INFO     | [POOL #00919] 755 504 815 468 || mode=VB method=k_medoids_pyclustering solver=filo1 stage=post_ls ls=pyvrp iter=5
2026-03-16 01:33:54 | INFO     | [POOL #00920] 1073 616 380 || mode=VB method=k_medoids_pyclustering solver=filo1 stage=post_ls ls=pyvrp iter=5
2026-03-16 01:33:54 | INFO     | [POOL #00921] 209 1014 1272 || mode=VB method=k_medoids_pyclustering solver=filo1 stage=post_ls ls=pyvrp iter=5
2026-03-16 01:33:54 | INFO     | [POOL #00922] 121 495 1044 1058 || mode=VB method=k_medoids_pyclustering solver=filo1 stage=post_ls ls=pyvrp iter=5
2026-03-16 01:33:54 | INFO     | [POOL #00923] 26 503 165 893 || mode=VB method=k_medoids_pyclustering solver=filo1 stage=post_ls ls=pyvrp iter=5
2026-03-16 01:33:54 | INFO     | [POOL #00924] 437 974 655 648 283 605 276 497 || mode=VB method=k_medoids_pyclustering solver=filo1 stage=post_ls ls=pyvrp iter=5
2026-03-16 01:33:54 | INFO     | [POOL #00925] 1072 1189 597 870 1098 194 1120 913 1071 || mode=VB method=k_medoids_pyclustering solver=filo1 stage=post_ls ls=pyvrp iter=5
2026-03-16 01:33:54 | INFO     | [POOL #00926] 708 1358 1308 401 || mode=VB method=k_medoids_pyclustering solver=filo1 stage=post_ls ls=pyvrp iter=5
2026-03-16 01:33:54 | INFO     | [POOL #00927] 15 302 1173 812 || mode=VB method=k_medoids_pyclustering solver=filo1 stage=post_ls ls=pyvrp iter=5
2026-03-16 01:33:54 | INFO     | [POOL #00928] 106 1301 682 506 || mode=VB method=k_medoids_pyclustering solver=filo1 stage=post_ls ls=pyvrp iter=5
2026-03-16 01:33:54 | INFO     | [POOL #00929] 31 150 125 204 || mode=VB method=k_medoids_pyclustering solver=filo1 stage=post_ls ls=pyvrp iter=5
2026-03-16 01:33:54 | INFO     | [POOL #00930] 364 461 511 196 || mode=VB method=k_medoids_pyclustering solver=filo1 stage=post_ls ls=pyvrp iter=5
2026-03-16 01:33:54 | INFO     | [POOL #00931] 381 1130 269 39 918 || mode=VB method=k_medoids_pyclustering solver=filo1 stage=post_ls ls=pyvrp iter=5
2026-03-16 01:33:54 | INFO     | [POOL #00932] 872 1359 832 44 || mode=VB method=k_medoids_pyclustering solver=filo1 stage=post_ls ls=pyvrp iter=5
2026-03-16 01:33:54 | INFO     | [POOL #00933] 1161 1196 1115 1093 303 1177 670 || mode=VB method=k_medoids_pyclustering solver=filo1 stage=post_ls ls=pyvrp iter=5
2026-03-16 01:33:54 | INFO     | [POOL #00934] 930 1333 720 878 46 727 820 1148 488 703 438 || mode=VB method=k_medoids_pyclustering solver=filo1 stage=post_ls ls=pyvrp iter=5
2026-03-16 01:33:54 | INFO     | [POOL #00935] 65 767 1031 147 681 555 910 247 1264 1108 512 || mode=VB method=k_medoids_pyclustering solver=filo1 stage=post_ls ls=pyvrp iter=5
2026-03-16 01:33:54 | INFO     | [POOL #00936] 343 865 528 1228 256 897 23 1318 580 1282 158 1085 || mode=VB method=k_medoids_pyclustering solver=filo1 stage=post_ls ls=pyvrp iter=5
2026-03-16 01:33:54 | INFO     | [POOL #00937] 491 1204 1167 525 1324 444 1251 || mode=VB method=k_medoids_pyclustering solver=filo1 stage=post_ls ls=pyvrp iter=5
2026-03-16 01:33:54 | INFO     | [POOL #00938] 810 861 819 1220 40 532 697 41 || mode=VB method=k_medoids_pyclustering solver=filo1 stage=post_ls ls=pyvrp iter=5
2026-03-16 01:33:54 | INFO     | [POOL #00939] 1122 937 828 1343 1291 665 25 1046 327 950 || mode=VB method=k_medoids_pyclustering solver=filo1 stage=post_ls ls=pyvrp iter=5
2026-03-16 01:33:54 | INFO     | [POOL #00940] 142 637 157 1003 1095 951 294 || mode=VB method=k_medoids_pyclustering solver=filo1 stage=post_ls ls=pyvrp iter=5
2026-03-16 01:33:54 | INFO     | [POOL #00941] 553 1030 1265 448 1357 178 104 738 391 889 1191 || mode=VB method=k_medoids_pyclustering solver=filo1 stage=post_ls ls=pyvrp iter=5
2026-03-16 01:33:54 | INFO     | [POOL #00942] 568 160 758 746 101 332 417 749 799 1127 1366 1164 931 423 || mode=VB method=k_medoids_pyclustering solver=filo1 stage=post_ls ls=pyvrp iter=5
2026-03-16 01:33:54 | INFO     | [POOL #00943] 671 341 337 187 384 575 1019 1246 || mode=VB method=k_medoids_pyclustering solver=filo1 stage=post_ls ls=pyvrp iter=5
2026-03-16 01:33:54 | INFO     | [POOL #00944] 970 1010 129 117 177 279 715 645 452 || mode=VB method=k_medoids_pyclustering solver=filo1 stage=post_ls ls=pyvrp iter=5
2026-03-16 01:33:54 | INFO     | [POOL #00945] 216 149 909 556 892 627 1266 140 || mode=VB method=k_medoids_pyclustering solver=filo1 stage=post_ls ls=pyvrp iter=5
2026-03-16 01:33:54 | INFO     | [POOL #00946] 545 482 845 890 676 295 544 1284 1181 || mode=VB method=k_medoids_pyclustering solver=filo1 stage=post_ls ls=pyvrp iter=5
2026-03-16 01:33:54 | INFO     | [POOL #00947] 1314 657 790 736 435 1125 948 570 508 1271 || mode=VB method=k_medoids_pyclustering solver=filo1 stage=post_ls ls=pyvrp iter=5
2026-03-16 01:33:54 | INFO     | [POOL #00948] 560 477 569 329 911 260 164 887 516 780 || mode=VB method=k_medoids_pyclustering solver=filo1 stage=post_ls ls=pyvrp iter=5
2026-03-16 01:33:54 | INFO     | [POOL #00949] 1217 352 577 232 776 625 614 816 825 1278 685 606 || mode=VB method=k_medoids_pyclustering solver=filo1 stage=post_ls ls=pyvrp iter=5
2026-03-16 01:33:54 | INFO     | [POOL #00950] 1157 769 1064 43 629 772 908 1275 96 11 || mode=VB method=k_medoids_pyclustering solver=filo1 stage=post_ls ls=pyvrp iter=5
2026-03-16 01:33:54 | INFO     | [POOL #00951] 91 126 191 781 195 94 267 686 420 494 1356 1315 || mode=VB method=k_medoids_pyclustering solver=filo1 stage=post_ls ls=pyvrp iter=5
2026-03-16 01:33:54 | INFO     | [POOL #00952] 133 335 128 848 1313 667 581 1033 224 1249 || mode=VB method=k_medoids_pyclustering solver=filo1 stage=post_ls ls=pyvrp iter=5
2026-03-16 01:33:54 | INFO     | [POOL #00953] 868 595 877 1206 311 811 246 89 || mode=VB method=k_medoids_pyclustering solver=filo1 stage=post_ls ls=pyvrp iter=5
2026-03-16 01:33:54 | INFO     | [POOL #00954] 95 954 972 1048 394 851 1312 || mode=VB method=k_medoids_pyclustering solver=filo1 stage=post_ls ls=pyvrp iter=5
2026-03-16 01:33:54 | INFO     | [POOL #00955] 1102 795 486 1199 432 1198 533 434 77 113 || mode=VB method=k_medoids_pyclustering solver=filo1 stage=post_ls ls=pyvrp iter=5
2026-03-16 01:33:54 | INFO     | [POOL #00956] 1303 1077 1043 325 1091 166 1020 || mode=VB method=k_medoids_pyclustering solver=filo1 stage=post_ls ls=pyvrp iter=5
2026-03-16 01:33:54 | INFO     | [POOL #00957] 1252 481 360 1009 881 350 863 927 || mode=VB method=k_medoids_pyclustering solver=filo1 stage=post_ls ls=pyvrp iter=5
2026-03-16 01:33:54 | INFO     | [POOL #00958] 108 376 32 956 1309 912 402 977 566 186 1060 || mode=VB method=k_medoids_pyclustering solver=filo1 stage=post_ls ls=pyvrp iter=5
2026-03-16 01:33:54 | INFO     | [POOL #00959] 669 92 299 979 298 61 139 1027 309 414 || mode=VB method=k_medoids_pyclustering solver=filo1 stage=post_ls ls=pyvrp iter=5
2026-03-16 01:33:54 | INFO     | [POOL #00960] 231 47 148 459 146 430 413 223 593 631 1038 1036 || mode=VB method=k_medoids_pyclustering solver=filo1 stage=post_ls ls=pyvrp iter=5
2026-03-16 01:33:54 | INFO     | [POOL #00961] 1159 1211 451 1096 || mode=VB method=k_medoids_pyclustering solver=filo1 stage=post_ls ls=pyvrp iter=5
2026-03-16 01:33:54 | INFO     | [POOL #00962] 716 474 935 226 1147 642 1116 198 576 || mode=VB method=k_medoids_pyclustering solver=filo1 stage=post_ls ls=pyvrp iter=5
2026-03-16 01:33:54 | INFO     | [POOL #00963] 829 19 205 1012 678 441 530 788 834 || mode=VB method=k_medoids_pyclustering solver=filo1 stage=post_ls ls=pyvrp iter=5
2026-03-16 01:33:54 | INFO     | [POOL #00964] 809 211 1192 873 874 883 966 1322 621 549 613 955 || mode=VB method=k_medoids_pyclustering solver=filo1 stage=post_ls ls=pyvrp iter=5
2026-03-16 01:33:54 | INFO     | [POOL #00965] 856 946 57 1372 240 801 771 206 453 || mode=VB method=k_medoids_pyclustering solver=filo1 stage=post_ls ls=pyvrp iter=5
2026-03-16 01:33:54 | INFO     | [POOL #00966] 185 70 1229 55 539 340 347 1188 421 644 860 1185 281 353 1050 515 1013 479 || mode=VB method=k_medoids_pyclustering solver=filo1 stage=post_ls ls=pyvrp iter=5
2026-03-16 01:33:54 | INFO     | [POOL #00967] 1142 3 233 1140 1 679 445 599 826 161 1171 || mode=VB method=k_medoids_pyclustering solver=filo1 stage=post_ls ls=pyvrp iter=5
2026-03-16 01:33:54 | INFO     | [POOL #00968] 1055 901 306 436 903 1316 1088 604 90 || mode=VB method=k_medoids_pyclustering solver=filo1 stage=post_ls ls=pyvrp iter=5
2026-03-16 01:33:54 | INFO     | [POOL #00969] 640 1160 1150 996 1373 573 750 754 1241 428 17 87 638 464 1000 || mode=VB method=k_medoids_pyclustering solver=filo1 stage=post_ls ls=pyvrp iter=5
2026-03-16 01:33:54 | INFO     | [POOL #00970] 1226 542 1236 1285 641 255 322 894 762 || mode=VB method=k_medoids_pyclustering solver=filo1 stage=post_ls ls=pyvrp iter=5
2026-03-16 01:33:54 | INFO     | [POOL #00971] 696 1302 813 27 457 763 726 574 904 462 259 || mode=VB method=k_medoids_pyclustering solver=filo1 stage=post_ls ls=pyvrp iter=5
2026-03-16 01:33:54 | INFO     | [POOL #00972] 1225 857 98 662 824 656 1223 784 1084 13 489 || mode=VB method=k_medoids_pyclustering solver=filo1 stage=post_ls ls=pyvrp iter=5
2026-03-16 01:33:54 | INFO     | [POOL #00973] 1269 18 1294 1065 898 690 1193 141 181 982 296 || mode=VB method=k_medoids_pyclustering solver=filo1 stage=post_ls ls=pyvrp iter=5
2026-03-16 01:33:54 | INFO     | [POOL #00974] 69 261 1165 319 1274 154 1212 1221 1287 286 1090 796 || mode=VB method=k_medoids_pyclustering solver=filo1 stage=post_ls ls=pyvrp iter=5
2026-03-16 01:33:54 | INFO     | [POOL #00975] 143 759 899 || mode=VB method=k_medoids_pyclustering solver=filo1 stage=post_ls ls=pyvrp iter=5
2026-03-16 01:33:54 | INFO     | [POOL #00976] 1087 1149 221 || mode=VB method=k_medoids_pyclustering solver=filo1 stage=post_ls ls=pyvrp iter=5
2026-03-16 01:33:54 | INFO     | [POOL #00977] 1089 328 962 || mode=VB method=k_medoids_pyclustering solver=filo1 stage=post_ls ls=pyvrp iter=5
2026-03-16 01:33:54 | INFO     | [POOL #00978] 779 1124 282 || mode=VB method=k_medoids_pyclustering solver=filo1 stage=post_ls ls=pyvrp iter=5
2026-03-16 01:33:54 | INFO     | [POOL #00979] 304 469 1330 || mode=VB method=k_medoids_pyclustering solver=filo1 stage=post_ls ls=pyvrp iter=5
2026-03-16 01:33:54 | INFO     | [POOL #00980] 839 712 534 458 || mode=VB method=k_medoids_pyclustering solver=filo1 stage=post_ls ls=pyvrp iter=5
2026-03-16 01:33:54 | INFO     | [POOL #00981] 523 928 1200 || mode=VB method=k_medoids_pyclustering solver=filo1 stage=post_ls ls=pyvrp iter=5
2026-03-16 01:33:54 | INFO     | [POOL #00982] 400 449 72 || mode=VB method=k_medoids_pyclustering solver=filo1 stage=post_ls ls=pyvrp iter=5
2026-03-16 01:33:54 | INFO     | [POOL #00983] 1240 842 145 115 || mode=VB method=k_medoids_pyclustering solver=filo1 stage=post_ls ls=pyvrp iter=5
2026-03-16 01:33:54 | INFO     | [POOL #00984] 1370 28 916 || mode=VB method=k_medoids_pyclustering solver=filo1 stage=post_ls ls=pyvrp iter=5
2026-03-16 01:33:54 | INFO     | [POOL #00985] 940 841 603 || mode=VB method=k_medoids_pyclustering solver=filo1 stage=post_ls ls=pyvrp iter=5
2026-03-16 01:33:54 | INFO     | [POOL #00986] 1326 12 633 || mode=VB method=k_medoids_pyclustering solver=filo1 stage=post_ls ls=pyvrp iter=5
2026-03-16 01:33:54 | INFO     | [POOL #00987] 242 706 1263 || mode=VB method=k_medoids_pyclustering solver=filo1 stage=post_ls ls=pyvrp iter=5
2026-03-16 01:33:54 | INFO     | [POOL #00988] 694 440 1001 || mode=VB method=k_medoids_pyclustering solver=filo1 stage=post_ls ls=pyvrp iter=5
2026-03-16 01:33:54 | INFO     | [POOL #00989] 711 1104 729 || mode=VB method=k_medoids_pyclustering solver=filo1 stage=post_ls ls=pyvrp iter=5
2026-03-16 01:33:54 | INFO     | [POOL #00990] 131 312 709 || mode=VB method=k_medoids_pyclustering solver=filo1 stage=post_ls ls=pyvrp iter=5
2026-03-16 01:33:54 | INFO     | [POOL #00991] 742 969 37 866 || mode=VB method=k_medoids_pyclustering solver=filo1 stage=post_ls ls=pyvrp iter=5
2026-03-16 01:33:54 | INFO     | [POOL #00992] 478 905 349 || mode=VB method=k_medoids_pyclustering solver=filo1 stage=post_ls ls=pyvrp iter=5
2026-03-16 01:33:54 | INFO     | [POOL #00993] 932 1041 814 || mode=VB method=k_medoids_pyclustering solver=filo1 stage=post_ls ls=pyvrp iter=5
2026-03-16 01:33:54 | INFO     | [POOL #00994] 938 683 740 || mode=VB method=k_medoids_pyclustering solver=filo1 stage=post_ls ls=pyvrp iter=5
2026-03-16 01:33:54 | INFO     | [POOL #00995] 546 591 278 || mode=VB method=k_medoids_pyclustering solver=filo1 stage=post_ls ls=pyvrp iter=5
2026-03-16 01:33:54 | INFO     | [POOL #00996] 122 367 541 || mode=VB method=k_medoids_pyclustering solver=filo1 stage=post_ls ls=pyvrp iter=5
2026-03-16 01:33:54 | INFO     | [POOL #00997] 618 1276 1123 || mode=VB method=k_medoids_pyclustering solver=filo1 stage=post_ls ls=pyvrp iter=5
2026-03-16 01:33:54 | INFO     | [POOL #00998] 838 97 943 || mode=VB method=k_medoids_pyclustering solver=filo1 stage=post_ls ls=pyvrp iter=5
2026-03-16 01:33:54 | INFO     | [POOL #00999] 787 270 1061 || mode=VB method=k_medoids_pyclustering solver=filo1 stage=post_ls ls=pyvrp iter=5
2026-03-16 01:33:54 | INFO     | [POOL #01000] 409 93 587 || mode=VB method=k_medoids_pyclustering solver=filo1 stage=post_ls ls=pyvrp iter=5
2026-03-16 01:33:54 | INFO     | [POOL #01001] 1007 808 218 || mode=VB method=k_medoids_pyclustering solver=filo1 stage=post_ls ls=pyvrp iter=5
2026-03-16 01:33:54 | INFO     | [POOL #01002] 201 635 929 || mode=VB method=k_medoids_pyclustering solver=filo1 stage=post_ls ls=pyvrp iter=5
2026-03-16 01:33:54 | INFO     | [POOL #01003] 884 1344 1105 891 || mode=VB method=k_medoids_pyclustering solver=filo1 stage=post_ls ls=pyvrp iter=5
2026-03-16 01:33:54 | INFO     | [POOL #01004] 649 554 888 1238 || mode=VB method=k_medoids_pyclustering solver=filo1 stage=post_ls ls=pyvrp iter=5
2026-03-16 01:33:54 | INFO     | [POOL #01005] 179 854 408 || mode=VB method=k_medoids_pyclustering solver=filo1 stage=post_ls ls=pyvrp iter=5
2026-03-16 01:33:54 | INFO     | [POOL #01006] 698 734 1106 || mode=VB method=k_medoids_pyclustering solver=filo1 stage=post_ls ls=pyvrp iter=5
2026-03-16 01:33:54 | INFO     | [POOL #01007] 739 254 200 || mode=VB method=k_medoids_pyclustering solver=filo1 stage=post_ls ls=pyvrp iter=5
2026-03-16 01:33:54 | INFO     | [POOL #01008] 782 919 378 395 || mode=VB method=k_medoids_pyclustering solver=filo1 stage=post_ls ls=pyvrp iter=5
2026-03-16 01:33:54 | INFO     | [POOL #01009] 983 103 636 || mode=VB method=k_medoids_pyclustering solver=filo1 stage=post_ls ls=pyvrp iter=5
2026-03-16 01:33:54 | INFO     | [POOL #01010] 917 586 499 || mode=VB method=k_medoids_pyclustering solver=filo1 stage=post_ls ls=pyvrp iter=5
2026-03-16 01:33:54 | INFO     | [POOL #01011] 372 588 791 || mode=VB method=k_medoids_pyclustering solver=filo1 stage=post_ls ls=pyvrp iter=5
2026-03-16 01:33:54 | INFO     | [POOL #01012] 173 800 203 || mode=VB method=k_medoids_pyclustering solver=filo1 stage=post_ls ls=pyvrp iter=5
2026-03-16 01:33:54 | INFO     | [POOL #01013] 42 624 368 || mode=VB method=k_medoids_pyclustering solver=filo1 stage=post_ls ls=pyvrp iter=5
2026-03-16 01:33:54 | INFO     | [POOL #01014] 182 258 794 || mode=VB method=k_medoids_pyclustering solver=filo1 stage=post_ls ls=pyvrp iter=5
2026-03-16 01:33:54 | INFO     | [POOL #01015] 1360 1328 202 || mode=VB method=k_medoids_pyclustering solver=filo1 stage=post_ls ls=pyvrp iter=5
2026-03-16 01:33:54 | INFO     | [POOL #01016] 980 130 112 || mode=VB method=k_medoids_pyclustering solver=filo1 stage=post_ls ls=pyvrp iter=5
2026-03-16 01:33:54 | INFO     | [POOL #01017] 124 1005 1083 || mode=VB method=k_medoids_pyclustering solver=filo1 stage=post_ls ls=pyvrp iter=5
2026-03-16 01:33:54 | INFO     | [POOL #01018] 942 1184 1371 || mode=VB method=k_medoids_pyclustering solver=filo1 stage=post_ls ls=pyvrp iter=5
2026-03-16 01:33:54 | INFO     | [POOL #01019] 1298 324 557 1026 || mode=VB method=k_medoids_pyclustering solver=filo1 stage=post_ls ls=pyvrp iter=5
2026-03-16 01:33:54 | INFO     | [POOL #01020] 630 957 700 552 || mode=VB method=k_medoids_pyclustering solver=filo1 stage=post_ls ls=pyvrp iter=5
2026-03-16 01:33:54 | INFO     | [POOL #01021] 137 543 1290 251 || mode=VB method=k_medoids_pyclustering solver=filo1 stage=post_ls ls=pyvrp iter=5
2026-03-16 01:33:54 | INFO     | [POOL #01022] 668 751 1128 || mode=VB method=k_medoids_pyclustering solver=filo1 stage=post_ls ls=pyvrp iter=5
2026-03-16 01:33:54 | INFO     | [POOL #01023] 827 1146 1239 58 1214 793 707 1260 1121 1319 || mode=VB method=k_medoids_pyclustering solver=filo1 stage=post_ls ls=pyvrp iter=5
2026-03-16 01:33:54 | INFO     | [POOL #01024] 1292 723 875 || mode=VB method=k_medoids_pyclustering solver=filo1 stage=post_ls ls=pyvrp iter=5
2026-03-16 01:33:54 | INFO     | [POOL #01025] 559 135 262 || mode=VB method=k_medoids_pyclustering solver=filo1 stage=post_ls ls=pyvrp iter=5
2026-03-16 01:33:54 | INFO     | [POOL #01026] 846 1207 76 || mode=VB method=k_medoids_pyclustering solver=filo1 stage=post_ls ls=pyvrp iter=5
2026-03-16 01:33:54 | INFO     | [POOL #01027] 741 592 7 || mode=VB method=k_medoids_pyclustering solver=filo1 stage=post_ls ls=pyvrp iter=5
2026-03-16 01:33:54 | INFO     | [POOL #01028] 960 318 1195 1253 705 1317 426 || mode=VB method=k_medoids_pyclustering solver=filo1 stage=post_ls ls=pyvrp iter=5
2026-03-16 01:33:54 | INFO     | [POOL #01029] 1341 1339 924 654 || mode=VB method=k_medoids_pyclustering solver=filo1 stage=post_ls ls=pyvrp iter=5
2026-03-16 01:33:54 | INFO     | [POOL #01030] 571 24 1203 || mode=VB method=k_medoids_pyclustering solver=filo1 stage=post_ls ls=pyvrp iter=5
2026-03-16 01:33:54 | INFO     | [POOL #01031] 1337 701 172 || mode=VB method=k_medoids_pyclustering solver=filo1 stage=post_ls ls=pyvrp iter=5
2026-03-16 01:33:54 | INFO     | [POOL #01032] 1179 439 82 || mode=VB method=k_medoids_pyclustering solver=filo1 stage=post_ls ls=pyvrp iter=5
2026-03-16 01:33:54 | INFO     | [POOL #01033] 1234 1256 169 310 228 975 498 379 || mode=VB method=k_medoids_pyclustering solver=filo1 stage=post_ls ls=pyvrp iter=5
2026-03-16 01:33:54 | INFO     | [POOL #01034] 1311 536 792 || mode=VB method=k_medoids_pyclustering solver=filo1 stage=post_ls ls=pyvrp iter=5
2026-03-16 01:33:54 | INFO     | [POOL #01035] 687 241 285 || mode=VB method=k_medoids_pyclustering solver=filo1 stage=post_ls ls=pyvrp iter=5
2026-03-16 01:33:54 | INFO     | [POOL #01036] 8 564 280 || mode=VB method=k_medoids_pyclustering solver=filo1 stage=post_ls ls=pyvrp iter=5
2026-03-16 01:33:54 | INFO     | [POOL #01037] 798 1070 925 || mode=VB method=k_medoids_pyclustering solver=filo1 stage=post_ls ls=pyvrp iter=5
2026-03-16 01:33:54 | INFO     | [POOL #01038] 248 351 252 1332 551 1242 1325 || mode=VB method=k_medoids_pyclustering solver=filo1 stage=post_ls ls=pyvrp iter=5
2026-03-16 01:33:54 | INFO     | [POOL #01039] 14 361 56 487 1201 855 212 244 1180 || mode=VB method=k_medoids_pyclustering solver=filo1 stage=post_ls ls=pyvrp iter=5
2026-03-16 01:33:54 | INFO     | [POOL #01040] 652 548 331 || mode=VB method=k_medoids_pyclustering solver=filo1 stage=post_ls ls=pyvrp iter=5
2026-03-16 01:33:54 | INFO     | [POOL #01041] 86 1224 354 || mode=VB method=k_medoids_pyclustering solver=filo1 stage=post_ls ls=pyvrp iter=5
2026-03-16 01:33:54 | INFO     | [POOL #01042] 869 1215 760 || mode=VB method=k_medoids_pyclustering solver=filo1 stage=post_ls ls=pyvrp iter=5
2026-03-16 01:33:54 | INFO     | [POOL #01043] 463 284 208 460 789 540 852 1080 835 207 520 || mode=VB method=k_medoids_pyclustering solver=filo1 stage=post_ls ls=pyvrp iter=5
2026-03-16 01:33:54 | INFO     | [POOL #01044] 990 517 365 || mode=VB method=k_medoids_pyclustering solver=filo1 stage=post_ls ls=pyvrp iter=5
2026-03-16 01:33:54 | INFO     | [POOL #01045] 1351 1327 823 876 || mode=VB method=k_medoids_pyclustering solver=filo1 stage=post_ls ls=pyvrp iter=5
2026-03-16 01:33:54 | INFO     | [POOL #01046] 1190 30 882 219 || mode=VB method=k_medoids_pyclustering solver=filo1 stage=post_ls ls=pyvrp iter=5
2026-03-16 01:33:54 | INFO     | [POOL #01047] 1233 1232 1162 || mode=VB method=k_medoids_pyclustering solver=filo1 stage=post_ls ls=pyvrp iter=5
2026-03-16 01:33:54 | INFO     | [POOL #01048] 1286 308 272 1243 902 456 538 || mode=VB method=k_medoids_pyclustering solver=filo1 stage=post_ls ls=pyvrp iter=5
2026-03-16 01:33:54 | INFO     | [POOL #01049] 1163 1247 227 900 514 582 292 348 944 1035 377 || mode=VB method=k_medoids_pyclustering solver=filo1 stage=post_ls ls=pyvrp iter=5
2026-03-16 01:33:54 | INFO     | [POOL #01050] 1346 971 752 998 885 1158 745 326 || mode=VB method=k_medoids_pyclustering solver=filo1 stage=post_ls ls=pyvrp iter=5
2026-03-16 01:33:54 | INFO     | [POOL #01051] 1039 1175 1293 || mode=VB method=k_medoids_pyclustering solver=filo1 stage=post_ls ls=pyvrp iter=5
2026-03-16 01:33:54 | INFO     | [POOL #01052] 608 220 357 || mode=VB method=k_medoids_pyclustering solver=filo1 stage=post_ls ls=pyvrp iter=5
2026-03-16 01:33:54 | INFO     | [POOL #01053] 964 274 677 || mode=VB method=k_medoids_pyclustering solver=filo1 stage=post_ls ls=pyvrp iter=5
2026-03-16 01:33:54 | INFO     | [POOL #01054] 596 702 1277 || mode=VB method=k_medoids_pyclustering solver=filo1 stage=post_ls ls=pyvrp iter=5
2026-03-16 01:33:54 | INFO     | [POOL #01055] 886 1297 651 || mode=VB method=k_medoids_pyclustering solver=filo1 stage=post_ls ls=pyvrp iter=5
2026-03-16 01:33:54 | INFO     | [POOL #01056] 744 775 || mode=VB method=k_medoids_pyclustering solver=filo1 stage=post_ls ls=pyvrp iter=5
2026-03-16 01:33:54 | INFO     | [POOL #01057] 345 387 1237 756 || mode=VB method=k_medoids_pyclustering solver=filo1 stage=post_ls ls=pyvrp iter=5
2026-03-16 01:33:54 | INFO     | [POOL #01058] 144 976 724 831 123 371 397 989 84 || mode=VB method=k_medoids_pyclustering solver=filo1 stage=post_ls ls=pyvrp iter=5
2026-03-16 01:33:54 | INFO     | [POOL #01059] 1208 1131 1197 || mode=VB method=k_medoids_pyclustering solver=filo1 stage=post_ls ls=pyvrp iter=5
2026-03-16 01:33:54 | INFO     | [POOL #01060] 188 572 1267 1288 || mode=VB method=k_medoids_pyclustering solver=filo1 stage=post_ls ls=pyvrp iter=5
2026-03-16 01:33:54 | INFO     | [POOL #01061] 1117 718 1283 || mode=VB method=k_medoids_pyclustering solver=filo1 stage=post_ls ls=pyvrp iter=5
2026-03-16 01:33:54 | INFO     | [POOL #01062] 415 1132 529 || mode=VB method=k_medoids_pyclustering solver=filo1 stage=post_ls ls=pyvrp iter=5
2026-03-16 01:33:54 | INFO     | [POOL #01063] 162 180 862 || mode=VB method=k_medoids_pyclustering solver=filo1 stage=post_ls ls=pyvrp iter=5
2026-03-16 01:33:54 | INFO     | [POOL #01064] 1219 1169 4 419 673 743 || mode=VB method=k_medoids_pyclustering solver=filo1 stage=post_ls ls=pyvrp iter=5
2026-03-16 01:33:54 | INFO     | [POOL #01065] 1172 1099 1213 || mode=VB method=k_medoids_pyclustering solver=filo1 stage=post_ls ls=pyvrp iter=5
2026-03-16 01:33:54 | INFO     | [POOL #01066] 733 806 193 1016 524 1305 422 1068 || mode=VB method=k_medoids_pyclustering solver=filo1 stage=post_ls ls=pyvrp iter=5
2026-03-16 01:33:54 | INFO     | [POOL #01067] 968 323 390 330 || mode=VB method=k_medoids_pyclustering solver=filo1 stage=post_ls ls=pyvrp iter=5
2026-03-16 01:33:54 | INFO     | [POOL #01068] 1151 1119 1017 647 || mode=VB method=k_medoids_pyclustering solver=filo1 stage=post_ls ls=pyvrp iter=5
2026-03-16 01:33:54 | INFO     | [POOL #01069] 1074 301 947 || mode=VB method=k_medoids_pyclustering solver=filo1 stage=post_ls ls=pyvrp iter=5
2026-03-16 01:33:54 | INFO     | [POOL #01070] 159 344 79 598 || mode=VB method=k_medoids_pyclustering solver=filo1 stage=post_ls ls=pyvrp iter=5
2026-03-16 01:33:54 | INFO     | [POOL #01071] 1273 500 156 67 849 189 959 1133 399 735 || mode=VB method=k_medoids_pyclustering solver=filo1 stage=post_ls ls=pyvrp iter=5
2026-03-16 01:33:54 | INFO     | [POOL #01072] 418 1227 619 1145 || mode=VB method=k_medoids_pyclustering solver=filo1 stage=post_ls ls=pyvrp iter=5
2026-03-16 01:33:54 | INFO     | [POOL #01073] 1052 1270 184 363 664 265 || mode=VB method=k_medoids_pyclustering solver=filo1 stage=post_ls ls=pyvrp iter=5
2026-03-16 01:33:54 | INFO     | [POOL #01074] 965 484 984 1361 369 287 427 136 1222 || mode=VB method=k_medoids_pyclustering solver=filo1 stage=post_ls ls=pyvrp iter=5
2026-03-16 01:33:54 | INFO     | [POOL #01075] 967 565 393 442 333 134 1353 941 151 || mode=VB method=k_medoids_pyclustering solver=filo1 stage=post_ls ls=pyvrp iter=5
2026-03-16 01:33:54 | INFO     | [POOL #01076] 1280 770 1049 404 1279 1364 || mode=VB method=k_medoids_pyclustering solver=filo1 stage=post_ls ls=pyvrp iter=5
2026-03-16 01:33:54 | INFO     | [POOL #01077] 867 2 699 773 || mode=VB method=k_medoids_pyclustering solver=filo1 stage=post_ls ls=pyvrp iter=5
2026-03-16 01:33:54 | INFO     | [POOL #01078] 75 768 713 1183 288 36 1299 764 243 || mode=VB method=k_medoids_pyclustering solver=filo1 stage=post_ls ls=pyvrp iter=5
2026-03-16 01:33:54 | INFO     | [POOL #01079] 632 610 100 689 1178 293 406 1141 1045 1138 || mode=VB method=k_medoids_pyclustering solver=filo1 stage=post_ls ls=pyvrp iter=5
2026-03-16 01:33:54 | INFO     | [POOL #01080] 1144 999 416 || mode=VB method=k_medoids_pyclustering solver=filo1 stage=post_ls ls=pyvrp iter=5
2026-03-16 01:33:54 | INFO     | [POOL #01081] 1097 818 973 || mode=VB method=k_medoids_pyclustering solver=filo1 stage=post_ls ls=pyvrp iter=5
2026-03-16 01:33:54 | INFO     | [POOL #01082] 485 290 183 || mode=VB method=k_medoids_pyclustering solver=filo1 stage=post_ls ls=pyvrp iter=5
2026-03-16 01:33:54 | INFO     | [POOL #01083] 366 659 583 || mode=VB method=k_medoids_pyclustering solver=filo1 stage=post_ls ls=pyvrp iter=5
2026-03-16 01:33:54 | INFO     | [POOL #01084] 728 1029 1062 || mode=VB method=k_medoids_pyclustering solver=filo1 stage=post_ls ls=pyvrp iter=5
2026-03-16 01:33:54 | INFO     | [POOL #01085] 78 920 1078 || mode=VB method=k_medoids_pyclustering solver=filo1 stage=post_ls ls=pyvrp iter=5
2026-03-16 01:33:54 | INFO     | [POOL #01086] 721 1268 945 || mode=VB method=k_medoids_pyclustering solver=filo1 stage=post_ls ls=pyvrp iter=5
2026-03-16 01:33:54 | INFO     | [POOL #01087] 1182 214 1250 || mode=VB method=k_medoids_pyclustering solver=filo1 stage=post_ls ls=pyvrp iter=5
2026-03-16 01:33:54 | INFO     | [POOL #01088] 355 953 1244 || mode=VB method=k_medoids_pyclustering solver=filo1 stage=post_ls ls=pyvrp iter=5
2026-03-16 01:33:54 | INFO     | [POOL #01089] 60 978 473 || mode=VB method=k_medoids_pyclustering solver=filo1 stage=post_ls ls=pyvrp iter=5
2026-03-16 01:33:54 | INFO     | [POOL #01090] 1254 52 71 || mode=VB method=k_medoids_pyclustering solver=filo1 stage=post_ls ls=pyvrp iter=5
2026-03-16 01:33:54 | INFO     | [POOL #01091] 73 997 895 1335 || mode=VB method=k_medoids_pyclustering solver=filo1 stage=post_ls ls=pyvrp iter=5
2026-03-16 01:33:54 | INFO     | [POOL #01092] 407 807 939 611 837 609 403 661 || mode=VB method=k_medoids_pyclustering solver=filo1 stage=post_ls ls=pyvrp iter=5
2026-03-16 01:33:54 | INFO     | [POOL #01093] 389 85 693 || mode=VB method=k_medoids_pyclustering solver=filo1 stage=post_ls ls=pyvrp iter=5
2026-03-16 01:33:54 | INFO     | [POOL #01094] 578 507 783 || mode=VB method=k_medoids_pyclustering solver=filo1 stage=post_ls ls=pyvrp iter=5
2026-03-16 01:33:54 | INFO     | [POOL #01095] 316 1296 521 1350 1258 991 || mode=VB method=k_medoids_pyclustering solver=filo1 stage=post_ls ls=pyvrp iter=5
2026-03-16 01:33:54 | INFO     | [POOL #01096] 314 273 1304 || mode=VB method=k_medoids_pyclustering solver=filo1 stage=post_ls ls=pyvrp iter=5
2026-03-16 01:33:54 | INFO     | [POOL #01097] 492 110 607 993 || mode=VB method=k_medoids_pyclustering solver=filo1 stage=post_ls ls=pyvrp iter=5
2026-03-16 01:33:54 | INFO     | [POOL #01098] 359 111 1082 || mode=VB method=k_medoids_pyclustering solver=filo1 stage=post_ls ls=pyvrp iter=5
2026-03-16 01:33:54 | INFO     | [POOL #01099] 926 496 513 || mode=VB method=k_medoids_pyclustering solver=filo1 stage=post_ls ls=pyvrp iter=5
2026-03-16 01:33:54 | INFO     | [POOL #01100] 692 623 691 || mode=VB method=k_medoids_pyclustering solver=filo1 stage=post_ls ls=pyvrp iter=5
2026-03-16 01:33:54 | INFO     | [POOL #01101] 1129 237 871 297 || mode=VB method=k_medoids_pyclustering solver=filo1 stage=post_ls ls=pyvrp iter=5
2026-03-16 01:33:54 | INFO     | [POOL #01102] 493 519 229 277 1034 174 1053 475 952 || mode=VB method=k_medoids_pyclustering solver=filo1 stage=post_ls ls=pyvrp iter=5
2026-03-16 01:33:54 | INFO     | [POOL #01103] 51 748 505 476 107 1209 1022 || mode=VB method=k_medoids_pyclustering solver=filo1 stage=post_ls ls=pyvrp iter=5
2026-03-16 01:33:54 | INFO     | [POOL #01104] 1002 510 522 1107 || mode=VB method=k_medoids_pyclustering solver=filo1 stage=post_ls ls=pyvrp iter=5
2026-03-16 01:33:54 | INFO     | [POOL #01105] 490 398 1153 717 || mode=VB method=k_medoids_pyclustering solver=filo1 stage=post_ls ls=pyvrp iter=5
2026-03-16 01:33:54 | INFO     | [POOL #01106] 1114 62 1056 || mode=VB method=k_medoids_pyclustering solver=filo1 stage=post_ls ls=pyvrp iter=5
2026-03-16 01:33:54 | INFO     | [POOL #01107] 778 88 1281 || mode=VB method=k_medoids_pyclustering solver=filo1 stage=post_ls ls=pyvrp iter=5
2026-03-16 01:33:54 | INFO     | [POOL #01108] 1170 888 1238 768 || mode=RB method=sk_kmeans solver=filo1 stage=post_ls ls=pyvrp iter=6
2026-03-16 01:33:54 | INFO     | [POOL #01109] 1005 742 1083 713 || mode=RB method=sk_kmeans solver=filo1 stage=post_ls ls=pyvrp iter=6
2026-03-16 01:33:54 | INFO     | [POOL #01110] 649 1032 37 969 || mode=RB method=sk_kmeans solver=filo1 stage=post_ls ls=pyvrp iter=6
2026-03-16 01:33:54 | INFO     | [POOL #01111] 499 1152 586 || mode=RB method=sk_kmeans solver=filo1 stage=post_ls ls=pyvrp iter=6
2026-03-16 01:33:54 | INFO     | [POOL #01112] 1183 42 368 1336 || mode=RB method=sk_kmeans solver=filo1 stage=post_ls ls=pyvrp iter=6
2026-03-16 01:33:54 | INFO     | [POOL #01113] 711 523 1001 || mode=RB method=sk_kmeans solver=filo1 stage=post_ls ls=pyvrp iter=6
2026-03-16 01:33:54 | INFO     | [POOL #01114] 478 940 814 || mode=RB method=sk_kmeans solver=filo1 stage=post_ls ls=pyvrp iter=6
2026-03-16 01:33:54 | INFO     | [POOL #01115] 905 603 943 838 || mode=RB method=sk_kmeans solver=filo1 stage=post_ls ls=pyvrp iter=6
2026-03-16 01:33:54 | INFO     | [POOL #01116] 862 773 124 75 151 || mode=RB method=sk_kmeans solver=filo1 stage=post_ls ls=pyvrp iter=6
2026-03-16 01:33:54 | INFO     | [POOL #01117] 378 1096 395 418 || mode=RB method=sk_kmeans solver=filo1 stage=post_ls ls=pyvrp iter=6
2026-03-16 01:33:54 | INFO     | [POOL #01118] 1104 729 20 || mode=RB method=sk_kmeans solver=filo1 stage=post_ls ls=pyvrp iter=6
2026-03-16 01:33:54 | INFO     | [POOL #01119] 866 917 288 36 1160 243 || mode=RB method=sk_kmeans solver=filo1 stage=post_ls ls=pyvrp iter=6
2026-03-16 01:33:54 | INFO     | [POOL #01120] 242 1149 1087 || mode=RB method=sk_kmeans solver=filo1 stage=post_ls ls=pyvrp iter=6
2026-03-16 01:33:54 | INFO     | [POOL #01121] 684 554 97 || mode=RB method=sk_kmeans solver=filo1 stage=post_ls ls=pyvrp iter=6
2026-03-16 01:33:54 | INFO     | [POOL #01122] 764 1299 699 2 || mode=RB method=sk_kmeans solver=filo1 stage=post_ls ls=pyvrp iter=6
2026-03-16 01:33:54 | INFO     | [POOL #01123] 647 83 33 || mode=RB method=sk_kmeans solver=filo1 stage=post_ls ls=pyvrp iter=6
2026-03-16 01:33:54 | INFO     | [POOL #01124] 782 1263 1211 451 || mode=RB method=sk_kmeans solver=filo1 stage=post_ls ls=pyvrp iter=6
2026-03-16 01:33:54 | INFO     | [POOL #01125] 221 270 919 || mode=RB method=sk_kmeans solver=filo1 stage=post_ls ls=pyvrp iter=6
2026-03-16 01:33:54 | INFO     | [POOL #01126] 1150 32 1269 956 1241 1294 18 1065 898 690 1193 || mode=RB method=sk_kmeans solver=filo1 stage=post_ls ls=pyvrp iter=6
2026-03-16 01:33:54 | INFO     | [POOL #01127] 640 1060 186 977 566 1309 912 573 402 1373 996 1000 || mode=RB method=sk_kmeans solver=filo1 stage=post_ls ls=pyvrp iter=6
2026-03-16 01:33:54 | INFO     | [POOL #01128] 338 175 461 || mode=RB method=sk_kmeans solver=filo1 stage=post_ls ls=pyvrp iter=6
2026-03-16 01:33:54 | INFO     | [POOL #01129] 579 562 336 || mode=RB method=sk_kmeans solver=filo1 stage=post_ls ls=pyvrp iter=6
2026-03-16 01:33:54 | INFO     | [POOL #01130] 356 5 1040 || mode=RB method=sk_kmeans solver=filo1 stage=post_ls ls=pyvrp iter=6
2026-03-16 01:33:54 | INFO     | [POOL #01131] 1329 847 986 || mode=RB method=sk_kmeans solver=filo1 stage=post_ls ls=pyvrp iter=6
2026-03-16 01:33:54 | INFO     | [POOL #01132] 6 1369 1250 || mode=RB method=sk_kmeans solver=filo1 stage=post_ls ls=pyvrp iter=6
2026-03-16 01:33:54 | INFO     | [POOL #01133] 1112 121 1086 527 || mode=RB method=sk_kmeans solver=filo1 stage=post_ls ls=pyvrp iter=6
2026-03-16 01:33:54 | INFO     | [POOL #01134] 1186 386 1348 || mode=RB method=sk_kmeans solver=filo1 stage=post_ls ls=pyvrp iter=6
2026-03-16 01:33:54 | INFO     | [POOL #01135] 765 116 817 || mode=RB method=sk_kmeans solver=filo1 stage=post_ls ls=pyvrp iter=6
2026-03-16 01:33:54 | INFO     | [POOL #01136] 234 511 893 || mode=RB method=sk_kmeans solver=filo1 stage=post_ls ls=pyvrp iter=6
2026-03-16 01:33:54 | INFO     | [POOL #01137] 1168 550 1134 127 || mode=RB method=sk_kmeans solver=filo1 stage=post_ls ls=pyvrp iter=6
2026-03-16 01:33:54 | INFO     | [POOL #01138] 1173 45 15 253 || mode=RB method=sk_kmeans solver=filo1 stage=post_ls ls=pyvrp iter=6
2026-03-16 01:33:54 | INFO     | [POOL #01139] 437 1110 264 812 || mode=RB method=sk_kmeans solver=filo1 stage=post_ls ls=pyvrp iter=6
2026-03-16 01:33:54 | INFO     | [POOL #01140] 370 1047 994 || mode=RB method=sk_kmeans solver=filo1 stage=post_ls ls=pyvrp iter=6
2026-03-16 01:33:54 | INFO     | [POOL #01141] 1092 1320 650 1135 || mode=RB method=sk_kmeans solver=filo1 stage=post_ls ls=pyvrp iter=6
2026-03-16 01:33:54 | INFO     | [POOL #01142] 623 1281 1295 || mode=RB method=sk_kmeans solver=filo1 stage=post_ls ls=pyvrp iter=6
2026-03-16 01:33:54 | INFO     | [POOL #01143] 1057 663 1367 || mode=RB method=sk_kmeans solver=filo1 stage=post_ls ls=pyvrp iter=6
2026-03-16 01:33:54 | INFO     | [POOL #01144] 1340 1174 1044 || mode=RB method=sk_kmeans solver=filo1 stage=post_ls ls=pyvrp iter=6
2026-03-16 01:33:54 | INFO     | [POOL #01145] 872 197 54 974 || mode=RB method=sk_kmeans solver=filo1 stage=post_ls ls=pyvrp iter=6
2026-03-16 01:33:54 | INFO     | [POOL #01146] 1130 504 815 512 || mode=RB method=sk_kmeans solver=filo1 stage=post_ls ls=pyvrp iter=6
2026-03-16 01:33:54 | INFO     | [POOL #01147] 1154 455 1335 || mode=RB method=sk_kmeans solver=filo1 stage=post_ls ls=pyvrp iter=6
2026-03-16 01:33:54 | INFO     | [POOL #01148] 359 922 268 || mode=RB method=sk_kmeans solver=filo1 stage=post_ls ls=pyvrp iter=6
2026-03-16 01:33:54 | INFO     | [POOL #01149] 896 503 364 || mode=RB method=sk_kmeans solver=filo1 stage=post_ls ls=pyvrp iter=6
2026-03-16 01:33:54 | INFO     | [POOL #01150] 502 915 291 1308 || mode=RB method=sk_kmeans solver=filo1 stage=post_ls ls=pyvrp iter=6
2026-03-16 01:33:54 | INFO     | [POOL #01151] 165 171 31 302 || mode=RB method=sk_kmeans solver=filo1 stage=post_ls ls=pyvrp iter=6
2026-03-16 01:33:54 | INFO     | [POOL #01152] 330 || mode=RB method=sk_kmeans solver=filo1 stage=post_ls ls=pyvrp iter=6
2026-03-16 01:33:54 | INFO     | [POOL #01153] 867 1145 961 992 1006 || mode=RB method=sk_kmeans solver=filo1 stage=post_ls ls=pyvrp iter=6
2026-03-16 01:33:54 | INFO     | [POOL #01154] 222 1364 1049 770 1280 967 553 || mode=RB method=sk_kmeans solver=filo1 stage=post_ls ls=pyvrp iter=6
2026-03-16 01:33:54 | INFO     | [POOL #01155] 1017 739 938 1230 || mode=RB method=sk_kmeans solver=filo1 stage=post_ls ls=pyvrp iter=6
2026-03-16 01:33:54 | INFO     | [POOL #01156] 1213 1119 947 415 || mode=RB method=sk_kmeans solver=filo1 stage=post_ls ls=pyvrp iter=6
2026-03-16 01:33:54 | INFO     | [POOL #01157] 1052 184 484 136 363 664 489 265 231 || mode=RB method=sk_kmeans solver=filo1 stage=post_ls ls=pyvrp iter=6
2026-03-16 01:33:54 | INFO     | [POOL #01158] 1253 1256 1306 1021 1207 || mode=RB method=sk_kmeans solver=filo1 stage=post_ls ls=pyvrp iter=6
2026-03-16 01:33:54 | INFO     | [POOL #01159] 1341 331 652 76 || mode=RB method=sk_kmeans solver=filo1 stage=post_ls ls=pyvrp iter=6
2026-03-16 01:33:54 | INFO     | [POOL #01160] 656 259 206 1302 155 567 526 245 1027 309 || mode=RB method=sk_kmeans solver=filo1 stage=post_ls ls=pyvrp iter=6
2026-03-16 01:33:54 | INFO     | [POOL #01161] 1020 954 113 1312 371 397 989 84 1270 965 || mode=RB method=sk_kmeans solver=filo1 stage=post_ls ls=pyvrp iter=6
2026-03-16 01:33:54 | INFO     | [POOL #01162] 47 565 148 459 146 474 716 108 333 134 1353 941 || mode=RB method=sk_kmeans solver=filo1 stage=post_ls ls=pyvrp iter=6
2026-03-16 01:33:54 | INFO     | [POOL #01163] 414 696 1102 1048 394 1199 533 434 95 || mode=RB method=sk_kmeans solver=filo1 stage=post_ls ls=pyvrp iter=6
2026-03-16 01:33:54 | INFO     | [POOL #01164] 393 430 413 296 1030 593 662 98 857 || mode=RB method=sk_kmeans solver=filo1 stage=post_ls ls=pyvrp iter=6
2026-03-16 01:33:54 | INFO     | [POOL #01165] 462 904 574 726 763 457 901 1055 139 || mode=RB method=sk_kmeans solver=filo1 stage=post_ls ls=pyvrp iter=6
2026-03-16 01:33:54 | INFO     | [POOL #01166] 1225 223 448 185 946 57 1372 240 801 631 || mode=RB method=sk_kmeans solver=filo1 stage=post_ls ls=pyvrp iter=6
2026-03-16 01:33:54 | INFO     | [POOL #01167] 984 1059 68 1321 99 809 453 1038 1036 824 856 || mode=RB method=sk_kmeans solver=filo1 stage=post_ls ls=pyvrp iter=6
2026-03-16 01:33:54 | INFO     | [POOL #01168] 863 350 881 669 1198 432 486 851 || mode=RB method=sk_kmeans solver=filo1 stage=post_ls ls=pyvrp iter=6
2026-03-16 01:33:54 | INFO     | [POOL #01169] 226 376 1147 642 1116 198 576 442 || mode=RB method=sk_kmeans solver=filo1 stage=post_ls ls=pyvrp iter=6
2026-03-16 01:33:54 | INFO     | [POOL #01170] 982 1191 391 738 104 826 233 181 1142 935 || mode=RB method=sk_kmeans solver=filo1 stage=post_ls ls=pyvrp iter=6
2026-03-16 01:33:54 | INFO     | [POOL #01171] 77 299 604 1088 1316 903 436 306 955 || mode=RB method=sk_kmeans solver=filo1 stage=post_ls ls=pyvrp iter=6
2026-03-16 01:33:54 | INFO     | [POOL #01172] 795 613 549 621 1322 966 883 874 873 1050 1192 27 813 || mode=RB method=sk_kmeans solver=filo1 stage=post_ls ls=pyvrp iter=6
2026-03-16 01:33:54 | INFO     | [POOL #01173] 70 1285 1236 539 340 347 1188 421 644 860 1185 281 353 515 1013 || mode=RB method=sk_kmeans solver=filo1 stage=post_ls ls=pyvrp iter=6
2026-03-16 01:33:54 | INFO     | [POOL #01174] 771 211 479 762 894 322 255 641 1229 1357 || mode=RB method=sk_kmeans solver=filo1 stage=post_ls ls=pyvrp iter=6
2026-03-16 01:33:54 | INFO     | [POOL #01175] 889 178 829 834 19 205 445 599 161 3 1171 || mode=RB method=sk_kmeans solver=filo1 stage=post_ls ls=pyvrp iter=6
2026-03-16 01:33:54 | INFO     | [POOL #01176] 141 1140 1 679 1012 441 678 530 788 55 542 1226 1265 || mode=RB method=sk_kmeans solver=filo1 stage=post_ls ls=pyvrp iter=6
2026-03-16 01:33:54 | INFO     | [POOL #01177] 632 610 100 689 1178 419 673 743 || mode=RB method=sk_kmeans solver=filo1 stage=post_ls ls=pyvrp iter=6
2026-03-16 01:33:54 | INFO     | [POOL #01178] 273 314 991 || mode=RB method=sk_kmeans solver=filo1 stage=post_ls ls=pyvrp iter=6
2026-03-16 01:33:54 | INFO     | [POOL #01179] 1002 492 321 717 || mode=RB method=sk_kmeans solver=filo1 stage=post_ls ls=pyvrp iter=6
2026-03-16 01:33:54 | INFO     | [POOL #01180] 4 1107 473 60 || mode=RB method=sk_kmeans solver=filo1 stage=post_ls ls=pyvrp iter=6
2026-03-16 01:33:54 | INFO     | [POOL #01181] 1097 78 1297 || mode=RB method=sk_kmeans solver=filo1 stage=post_ls ls=pyvrp iter=6
2026-03-16 01:33:54 | INFO     | [POOL #01182] 170 50 786 || mode=RB method=sk_kmeans solver=filo1 stage=post_ls ls=pyvrp iter=6
2026-03-16 01:33:54 | INFO     | [POOL #01183] 761 1111 74 || mode=RB method=sk_kmeans solver=filo1 stage=post_ls ls=pyvrp iter=6
2026-03-16 01:33:54 | INFO     | [POOL #01184] 999 1144 510 || mode=RB method=sk_kmeans solver=filo1 stage=post_ls ls=pyvrp iter=6
2026-03-16 01:33:54 | INFO     | [POOL #01185] 53 62 1114 || mode=RB method=sk_kmeans solver=filo1 stage=post_ls ls=pyvrp iter=6
2026-03-16 01:33:54 | INFO     | [POOL #01186] 144 1273 500 67 189 959 1303 1133 69 976 || mode=RB method=sk_kmeans solver=filo1 stage=post_ls ls=pyvrp iter=6
2026-03-16 01:33:54 | INFO     | [POOL #01187] 1304 403 609 837 611 807 407 156 || mode=RB method=sk_kmeans solver=filo1 stage=post_ls ls=pyvrp iter=6
2026-03-16 01:33:54 | INFO     | [POOL #01188] 1069 1056 660 || mode=RB method=sk_kmeans solver=filo1 stage=post_ls ls=pyvrp iter=6
2026-03-16 01:33:54 | INFO     | [POOL #01189] 973 52 71 || mode=RB method=sk_kmeans solver=filo1 stage=post_ls ls=pyvrp iter=6
2026-03-16 01:33:54 | INFO     | [POOL #01190] 1219 1169 1208 590 || mode=RB method=sk_kmeans solver=filo1 stage=post_ls ls=pyvrp iter=6
2026-03-16 01:33:54 | INFO     | [POOL #01191] 661 1350 51 521 1296 || mode=RB method=sk_kmeans solver=filo1 stage=post_ls ls=pyvrp iter=6
2026-03-16 01:33:54 | INFO     | [POOL #01192] 1131 920 1078 || mode=RB method=sk_kmeans solver=filo1 stage=post_ls ls=pyvrp iter=6
2026-03-16 01:33:54 | INFO     | [POOL #01193] 886 907 102 || mode=RB method=sk_kmeans solver=filo1 stage=post_ls ls=pyvrp iter=6
2026-03-16 01:33:54 | INFO     | [POOL #01194] 1244 110 1362 || mode=RB method=sk_kmeans solver=filo1 stage=post_ls ls=pyvrp iter=6
2026-03-16 01:33:54 | INFO     | [POOL #01195] 490 1194 1101 || mode=RB method=sk_kmeans solver=filo1 stage=post_ls ls=pyvrp iter=6
2026-03-16 01:33:54 | INFO     | [POOL #01196] 316 107 476 229 277 505 748 || mode=RB method=sk_kmeans solver=filo1 stage=post_ls ls=pyvrp iter=6
2026-03-16 01:33:54 | INFO     | [POOL #01197] 1268 945 978 || mode=RB method=sk_kmeans solver=filo1 stage=post_ls ls=pyvrp iter=6
2026-03-16 01:33:54 | INFO     | [POOL #01198] 721 1018 416 1029 || mode=RB method=sk_kmeans solver=filo1 stage=post_ls ls=pyvrp iter=6
2026-03-16 01:33:54 | INFO     | [POOL #01199] 728 1062 818 || mode=RB method=sk_kmeans solver=filo1 stage=post_ls ls=pyvrp iter=6
2026-03-16 01:33:54 | INFO     | [POOL #01200] 796 1022 939 1209 493 519 1034 174 1053 475 952 849 || mode=RB method=sk_kmeans solver=filo1 stage=post_ls ls=pyvrp iter=6
2026-03-16 01:33:54 | INFO     | [POOL #01201] 1058 600 964 || mode=RB method=sk_kmeans solver=filo1 stage=post_ls ls=pyvrp iter=6
2026-03-16 01:33:54 | INFO     | [POOL #01202] 472 431 1254 || mode=RB method=sk_kmeans solver=filo1 stage=post_ls ls=pyvrp iter=6
2026-03-16 01:33:54 | INFO     | [POOL #01203] 1249 224 845 890 676 295 126 544 1284 482 1181 || mode=RB method=sk_kmeans solver=filo1 stage=post_ls ls=pyvrp iter=6
2026-03-16 01:33:54 | INFO     | [POOL #01204] 848 89 246 811 311 1206 877 595 || mode=RB method=sk_kmeans solver=filo1 stage=post_ls ls=pyvrp iter=6
2026-03-16 01:33:54 | INFO     | [POOL #01205] 452 1266 627 892 909 149 216 1251 || mode=RB method=sk_kmeans solver=filo1 stage=post_ls ls=pyvrp iter=6
2026-03-16 01:33:54 | INFO     | [POOL #01206] 715 279 177 327 828 937 1122 556 || mode=RB method=sk_kmeans solver=filo1 stage=post_ls ls=pyvrp iter=6
2026-03-16 01:33:54 | INFO     | [POOL #01207] 1217 444 1324 294 671 525 1204 || mode=RB method=sk_kmeans solver=filo1 stage=post_ls ls=pyvrp iter=6
2026-03-16 01:33:54 | INFO     | [POOL #01208] 1315 420 686 94 769 195 781 191 494 1356 || mode=RB method=sk_kmeans solver=filo1 stage=post_ls ls=pyvrp iter=6
2026-03-16 01:33:54 | INFO     | [POOL #01209] 645 129 117 516 545 91 1010 970 39 || mode=RB method=sk_kmeans solver=filo1 stage=post_ls ls=pyvrp iter=6
2026-03-16 01:33:54 | INFO     | [POOL #01210] 1264 247 910 720 878 555 681 147 1031 65 || mode=RB method=sk_kmeans solver=filo1 stage=post_ls ls=pyvrp iter=6
2026-03-16 01:33:54 | INFO     | [POOL #01211] 810 569 861 819 868 1095 1003 157 || mode=RB method=sk_kmeans solver=filo1 stage=post_ls ls=pyvrp iter=6
2026-03-16 01:33:54 | INFO     | [POOL #01212] 438 703 488 1148 820 913 1071 727 46 || mode=RB method=sk_kmeans solver=filo1 stage=post_ls ls=pyvrp iter=6
2026-03-16 01:33:54 | INFO     | [POOL #01213] 133 335 128 697 532 40 1220 329 || mode=RB method=sk_kmeans solver=filo1 stage=post_ls ls=pyvrp iter=6
2026-03-16 01:33:54 | INFO     | [POOL #01214] 450 864 1166 269 1108 767 918 140 1042 719 || mode=RB method=sk_kmeans solver=filo1 stage=post_ls ls=pyvrp iter=6
2026-03-16 01:33:54 | INFO     | [POOL #01215] 497 153 276 1072 1085 1189 158 1282 580 1318 865 528 870 597 343 930 || mode=RB method=sk_kmeans solver=filo1 stage=post_ls ls=pyvrp iter=6
2026-03-16 01:33:54 | INFO     | [POOL #01216] 1120 194 1098 267 1228 256 897 23 1333 || mode=RB method=sk_kmeans solver=filo1 stage=post_ls ls=pyvrp iter=6
2026-03-16 01:33:54 | INFO     | [POOL #01217] 568 575 606 685 1271 187 384 746 758 160 || mode=RB method=sk_kmeans solver=filo1 stage=post_ls ls=pyvrp iter=6
2026-03-16 01:33:54 | INFO     | [POOL #01218] 1291 665 25 1046 477 637 142 951 352 || mode=RB method=sk_kmeans solver=filo1 stage=post_ls ls=pyvrp iter=6
2026-03-16 01:33:54 | INFO     | [POOL #01219] 950 887 164 667 1313 41 260 911 1343 560 || mode=RB method=sk_kmeans solver=filo1 stage=post_ls ls=pyvrp iter=6
2026-03-16 01:33:54 | INFO     | [POOL #01220] 577 232 776 790 614 816 825 1278 337 1019 || mode=RB method=sk_kmeans solver=filo1 stage=post_ls ls=pyvrp iter=6
2026-03-16 01:33:54 | INFO     | [POOL #01221] 1033 581 96 1275 908 772 629 43 1064 1157 11 780 || mode=RB method=sk_kmeans solver=filo1 stage=post_ls ls=pyvrp iter=6
2026-03-16 01:33:54 | INFO     | [POOL #01222] 827 207 1164 508 570 948 1125 435 736 625 657 341 1314 || mode=RB method=sk_kmeans solver=filo1 stage=post_ls ls=pyvrp iter=6
2026-03-16 01:33:54 | INFO     | [POOL #01223] 304 933 22 || mode=RB method=sk_kmeans solver=filo1 stage=post_ls ls=pyvrp iter=6
2026-03-16 01:33:54 | INFO     | [POOL #01224] 1162 634 501 || mode=RB method=sk_kmeans solver=filo1 stage=post_ls ls=pyvrp iter=6
2026-03-16 01:33:54 | INFO     | [POOL #01225] 137 925 622 || mode=RB method=sk_kmeans solver=filo1 stage=post_ls ls=pyvrp iter=6
2026-03-16 01:33:54 | INFO     | [POOL #01226] 636 1025 1231 || mode=RB method=sk_kmeans solver=filo1 stage=post_ls ls=pyvrp iter=6
2026-03-16 01:33:54 | INFO     | [POOL #01227] 218 808 714 || mode=RB method=sk_kmeans solver=filo1 stage=post_ls ls=pyvrp iter=6
2026-03-16 01:33:54 | INFO     | [POOL #01228] 700 534 712 839 || mode=RB method=sk_kmeans solver=filo1 stage=post_ls ls=pyvrp iter=6
2026-03-16 01:33:54 | INFO     | [POOL #01229] 876 760 262 || mode=RB method=sk_kmeans solver=filo1 stage=post_ls ls=pyvrp iter=6
2026-03-16 01:33:54 | INFO     | [POOL #01230] 72 1026 1371 || mode=RB method=sk_kmeans solver=filo1 stage=post_ls ls=pyvrp iter=6
2026-03-16 01:33:54 | INFO     | [POOL #01231] 449 400 588 || mode=RB method=sk_kmeans solver=filo1 stage=post_ls ls=pyvrp iter=6
2026-03-16 01:33:54 | INFO     | [POOL #01232] 143 759 791 || mode=RB method=sk_kmeans solver=filo1 stage=post_ls ls=pyvrp iter=6
2026-03-16 01:33:54 | INFO     | [POOL #01233] 112 372 899 709 || mode=RB method=sk_kmeans solver=filo1 stage=post_ls ls=pyvrp iter=6
2026-03-16 01:33:54 | INFO     | [POOL #01234] 552 557 1298 458 || mode=RB method=sk_kmeans solver=filo1 stage=post_ls ls=pyvrp iter=6
2026-03-16 01:33:54 | INFO     | [POOL #01235] 324 957 587 630 || mode=RB method=sk_kmeans solver=filo1 stage=post_ls ls=pyvrp iter=6
2026-03-16 01:33:54 | INFO     | [POOL #01236] 30 251 543 1070 || mode=RB method=sk_kmeans solver=filo1 stage=post_ls ls=pyvrp iter=6
2026-03-16 01:33:54 | INFO     | [POOL #01237] 899 221 270 || mode=VB method=k_medoids_pyclustering solver=filo1 stage=post_ls ls=pyvrp iter=7
2026-03-16 01:33:54 | INFO     | [POOL #01238] 674 1352 163 || mode=VB method=k_medoids_pyclustering solver=filo1 stage=post_ls ls=pyvrp iter=7
2026-03-16 01:33:54 | INFO     | [POOL #01239] 411 480 358 || mode=VB method=k_medoids_pyclustering solver=filo1 stage=post_ls ls=pyvrp iter=7
2026-03-16 01:33:54 | INFO     | [POOL #01240] 1024 470 968 || mode=VB method=k_medoids_pyclustering solver=filo1 stage=post_ls ls=pyvrp iter=7
2026-03-16 01:33:54 | INFO     | [POOL #01241] 751 1128 1311 || mode=VB method=k_medoids_pyclustering solver=filo1 stage=post_ls ls=pyvrp iter=7
2026-03-16 01:33:54 | INFO     | [POOL #01242] 1203 24 753 || mode=VB method=k_medoids_pyclustering solver=filo1 stage=post_ls ls=pyvrp iter=7
2026-03-16 01:33:54 | INFO     | [POOL #01243] 924 1339 654 || mode=VB method=k_medoids_pyclustering solver=filo1 stage=post_ls ls=pyvrp iter=7
2026-03-16 01:33:54 | INFO     | [POOL #01244] 792 1207 548 || mode=VB method=k_medoids_pyclustering solver=filo1 stage=post_ls ls=pyvrp iter=7
2026-03-16 01:33:54 | INFO     | [POOL #01245] 965 1270 484 136 363 664 489 265 553 || mode=VB method=k_medoids_pyclustering solver=filo1 stage=post_ls ls=pyvrp iter=7
2026-03-16 01:33:54 | INFO     | [POOL #01246] 131 312 1187 || mode=VB method=k_medoids_pyclustering solver=filo1 stage=post_ls ls=pyvrp iter=7
2026-03-16 01:33:54 | INFO     | [POOL #01247] 7 741 571 || mode=VB method=k_medoids_pyclustering solver=filo1 stage=post_ls ls=pyvrp iter=7
2026-03-16 01:33:54 | INFO     | [POOL #01248] 1061 919 782 || mode=VB method=k_medoids_pyclustering solver=filo1 stage=post_ls ls=pyvrp iter=7
2026-03-16 01:33:54 | INFO     | [POOL #01249] 200 1118 787 || mode=VB method=k_medoids_pyclustering solver=filo1 stage=post_ls ls=pyvrp iter=7
2026-03-16 01:33:54 | INFO     | [POOL #01250] 1105 1371 891 || mode=VB method=k_medoids_pyclustering solver=filo1 stage=post_ls ls=pyvrp iter=7
2026-03-16 01:33:54 | INFO     | [POOL #01251] 543 701 1337 30 || mode=VB method=k_medoids_pyclustering solver=filo1 stage=post_ls ls=pyvrp iter=7
2026-03-16 01:33:54 | INFO     | [POOL #01252] 1256 213 1215 760 876 || mode=VB method=k_medoids_pyclustering solver=filo1 stage=post_ls ls=pyvrp iter=7
2026-03-16 01:33:54 | INFO     | [POOL #01253] 379 882 1021 || mode=VB method=k_medoids_pyclustering solver=filo1 stage=post_ls ls=pyvrp iter=7
2026-03-16 01:33:54 | INFO     | [POOL #01254] 218 93 587 || mode=VB method=k_medoids_pyclustering solver=filo1 stage=post_ls ls=pyvrp iter=7
2026-03-16 01:33:54 | INFO     | [POOL #01255] 1099 1310 821 || mode=VB method=k_medoids_pyclustering solver=filo1 stage=post_ls ls=pyvrp iter=7
2026-03-16 01:33:54 | INFO     | [POOL #01256] 1132 1213 529 || mode=VB method=k_medoids_pyclustering solver=filo1 stage=post_ls ls=pyvrp iter=7
2026-03-16 01:33:54 | INFO     | [POOL #01257] 324 700 534 839 || mode=VB method=k_medoids_pyclustering solver=filo1 stage=post_ls ls=pyvrp iter=7
2026-03-16 01:33:54 | INFO     | [POOL #01258] 1355 1306 280 || mode=VB method=k_medoids_pyclustering solver=filo1 stage=post_ls ls=pyvrp iter=7
2026-03-16 01:33:54 | INFO     | [POOL #01259] 712 957 409 || mode=VB method=k_medoids_pyclustering solver=filo1 stage=post_ls ls=pyvrp iter=7
2026-03-16 01:33:54 | INFO     | [POOL #01260] 97 649 1032 || mode=VB method=k_medoids_pyclustering solver=filo1 stage=post_ls ls=pyvrp iter=7
2026-03-16 01:33:54 | INFO     | [POOL #01261] 917 722 443 969 || mode=VB method=k_medoids_pyclustering solver=filo1 stage=post_ls ls=pyvrp iter=7
2026-03-16 01:33:54 | INFO     | [POOL #01262] 1026 552 258 557 || mode=VB method=k_medoids_pyclustering solver=filo1 stage=post_ls ls=pyvrp iter=7
2026-03-16 01:33:54 | INFO     | [POOL #01263] 418 619 1364 961 || mode=VB method=k_medoids_pyclustering solver=filo1 stage=post_ls ls=pyvrp iter=7
2026-03-16 01:33:54 | INFO     | [POOL #01264] 633 12 888 || mode=VB method=k_medoids_pyclustering solver=filo1 stage=post_ls ls=pyvrp iter=7
2026-03-16 01:33:54 | INFO     | [POOL #01265] 222 1006 992 80 || mode=VB method=k_medoids_pyclustering solver=filo1 stage=post_ls ls=pyvrp iter=7
2026-03-16 01:33:54 | INFO     | [POOL #01266] 952 1090 286 1287 1212 1221 475 493 1209 1022 807 || mode=VB method=k_medoids_pyclustering solver=filo1 stage=post_ls ls=pyvrp iter=7
2026-03-16 01:33:54 | INFO     | [POOL #01267] 635 130 1263 || mode=VB method=k_medoids_pyclustering solver=filo1 stage=post_ls ls=pyvrp iter=7
2026-03-16 01:33:54 | INFO     | [POOL #01268] 141 1193 690 18 1294 1065 898 1140 233 181 || mode=VB method=k_medoids_pyclustering solver=filo1 stage=post_ls ls=pyvrp iter=7
2026-03-16 01:33:54 | INFO     | [POOL #01269] 451 1240 842 928 || mode=VB method=k_medoids_pyclustering solver=filo1 stage=post_ls ls=pyvrp iter=7
2026-03-16 01:33:54 | INFO     | [POOL #01270] 630 458 1298 1344 || mode=VB method=k_medoids_pyclustering solver=filo1 stage=post_ls ls=pyvrp iter=7
2026-03-16 01:33:54 | INFO     | [POOL #01271] 925 1232 958 || mode=VB method=k_medoids_pyclustering solver=filo1 stage=post_ls ls=pyvrp iter=7
2026-03-16 01:33:54 | INFO     | [POOL #01272] 592 304 739 1330 || mode=VB method=k_medoids_pyclustering solver=filo1 stage=post_ls ls=pyvrp iter=7
2026-03-16 01:33:54 | INFO     | [POOL #01273] 640 464 853 382 624 || mode=VB method=k_medoids_pyclustering solver=filo1 stage=post_ls ls=pyvrp iter=7
2026-03-16 01:33:54 | INFO     | [POOL #01274] 151 1279 1049 134 1353 941 770 1280 || mode=VB method=k_medoids_pyclustering solver=filo1 stage=post_ls ls=pyvrp iter=7
2026-03-16 01:33:54 | INFO     | [POOL #01275] 1141 831 123 724 735 406 1178 || mode=VB method=k_medoids_pyclustering solver=filo1 stage=post_ls ls=pyvrp iter=7
2026-03-16 01:33:54 | INFO     | [POOL #01276] 1162 962 1089 || mode=VB method=k_medoids_pyclustering solver=filo1 stage=post_ls ls=pyvrp iter=7
2026-03-16 01:33:54 | INFO     | [POOL #01277] 19 205 530 678 441 1012 1 679 445 599 826 161 || mode=VB method=k_medoids_pyclustering solver=filo1 stage=post_ls ls=pyvrp iter=7
2026-03-16 01:33:54 | INFO     | [POOL #01278] 186 32 1269 956 1309 912 573 402 977 566 1373 1060 || mode=VB method=k_medoids_pyclustering solver=filo1 stage=post_ls ls=pyvrp iter=7
2026-03-16 01:33:54 | INFO     | [POOL #01279] 714 1007 808 || mode=VB method=k_medoids_pyclustering solver=filo1 stage=post_ls ls=pyvrp iter=7
2026-03-16 01:33:54 | INFO     | [POOL #01280] 1052 1169 1307 344 || mode=VB method=k_medoids_pyclustering solver=filo1 stage=post_ls ls=pyvrp iter=7
2026-03-16 01:33:54 | INFO     | [POOL #01281] 415 390 330 || mode=VB method=k_medoids_pyclustering solver=filo1 stage=post_ls ls=pyvrp iter=7
2026-03-16 01:33:54 | INFO     | [POOL #01282] 414 873 874 883 966 1322 621 549 613 436 306 || mode=VB method=k_medoids_pyclustering solver=filo1 stage=post_ls ls=pyvrp iter=7
2026-03-16 01:33:54 | INFO     | [POOL #01283] 184 610 689 419 673 743 632 || mode=VB method=k_medoids_pyclustering solver=filo1 stage=post_ls ls=pyvrp iter=7
2026-03-16 01:33:54 | INFO     | [POOL #01284] 933 1233 137 622 || mode=VB method=k_medoids_pyclustering solver=filo1 stage=post_ls ls=pyvrp iter=7
2026-03-16 01:33:54 | INFO     | [POOL #01285] 696 813 27 726 763 457 1192 1013 894 762 479 211 1222 || mode=VB method=k_medoids_pyclustering solver=filo1 stage=post_ls ls=pyvrp iter=7
2026-03-16 01:33:54 | INFO     | [POOL #01286] 37 1336 1238 554 || mode=VB method=k_medoids_pyclustering solver=filo1 stage=post_ls ls=pyvrp iter=7
2026-03-16 01:33:54 | INFO     | [POOL #01287] 13 453 1302 155 567 526 245 99 309 1102 || mode=VB method=k_medoids_pyclustering solver=filo1 stage=post_ls ls=pyvrp iter=7
2026-03-16 01:33:54 | INFO     | [POOL #01288] 889 1357 178 829 104 738 391 1191 982 108 || mode=VB method=k_medoids_pyclustering solver=filo1 stage=post_ls ls=pyvrp iter=7
2026-03-16 01:33:54 | INFO     | [POOL #01289] 862 1227 75 404 867 || mode=VB method=k_medoids_pyclustering solver=filo1 stage=post_ls ls=pyvrp iter=7
2026-03-16 01:33:54 | INFO     | [POOL #01290] 180 124 773 1145 || mode=VB method=k_medoids_pyclustering solver=filo1 stage=post_ls ls=pyvrp iter=7
2026-03-16 01:33:54 | INFO     | [POOL #01291] 1179 439 1070 || mode=VB method=k_medoids_pyclustering solver=filo1 stage=post_ls ls=pyvrp iter=7
2026-03-16 01:33:54 | INFO     | [POOL #01292] 1150 996 1000 1159 42 392 || mode=VB method=k_medoids_pyclustering solver=filo1 stage=post_ls ls=pyvrp iter=7
2026-03-16 01:33:54 | INFO     | [POOL #01293] 1138 1045 95 972 851 1048 394 795 1027 1321 68 1059 || mode=VB method=k_medoids_pyclustering solver=filo1 stage=post_ls ls=pyvrp iter=7
2026-03-16 01:33:54 | INFO     | [POOL #01294] 856 1372 240 574 904 462 771 206 809 || mode=VB method=k_medoids_pyclustering solver=filo1 stage=post_ls ls=pyvrp iter=7
2026-03-16 01:33:54 | INFO     | [POOL #01295] 328 143 884 983 || mode=VB method=k_medoids_pyclustering solver=filo1 stage=post_ls ls=pyvrp iter=7
2026-03-16 01:33:54 | INFO     | [POOL #01296] 399 1133 1303 1077 325 927 1091 || mode=VB method=k_medoids_pyclustering solver=filo1 stage=post_ls ls=pyvrp iter=7
2026-03-16 01:33:54 | INFO     | [POOL #01297] 515 1050 353 281 1185 860 644 421 1188 347 340 539 542 1226 223 || mode=VB method=k_medoids_pyclustering solver=filo1 stage=post_ls ls=pyvrp iter=7
2026-03-16 01:33:54 | INFO     | [POOL #01298] 1361 1223 369 287 784 427 1084 231 || mode=VB method=k_medoids_pyclustering solver=filo1 stage=post_ls ls=pyvrp iter=7
2026-03-16 01:33:54 | INFO     | [POOL #01299] 249 334 87 17 428 1241 754 750 638 || mode=VB method=k_medoids_pyclustering solver=filo1 stage=post_ls ls=pyvrp iter=7
2026-03-16 01:33:54 | INFO     | [POOL #01300] 935 226 1142 3 376 1147 642 1116 198 576 243 || mode=VB method=k_medoids_pyclustering solver=filo1 stage=post_ls ls=pyvrp iter=7
2026-03-16 01:33:54 | INFO     | [POOL #01301] 1043 881 1009 360 481 1252 1274 154 319 1165 69 || mode=VB method=k_medoids_pyclustering solver=filo1 stage=post_ls ls=pyvrp iter=7
2026-03-16 01:33:54 | INFO     | [POOL #01302] 984 656 824 1036 1038 631 593 662 98 148 47 || mode=VB method=k_medoids_pyclustering solver=filo1 stage=post_ls ls=pyvrp iter=7
2026-03-16 01:33:54 | INFO     | [POOL #01303] 413 296 1030 1265 448 946 57 801 259 || mode=VB method=k_medoids_pyclustering solver=filo1 stage=post_ls ls=pyvrp iter=7
2026-03-16 01:33:54 | INFO     | [POOL #01304] 333 442 1160 36 288 866 1183 768 || mode=VB method=k_medoids_pyclustering solver=filo1 stage=post_ls ls=pyvrp iter=7
2026-03-16 01:33:54 | INFO     | [POOL #01305] 834 788 55 1236 1285 641 255 322 1229 70 185 || mode=VB method=k_medoids_pyclustering solver=filo1 stage=post_ls ls=pyvrp iter=7
2026-03-16 01:33:54 | INFO     | [POOL #01306] 84 989 397 371 1312 113 954 1020 293 100 || mode=VB method=k_medoids_pyclustering solver=filo1 stage=post_ls ls=pyvrp iter=7
2026-03-16 01:33:54 | INFO     | [POOL #01307] 4 1273 156 67 849 189 959 976 144 || mode=VB method=k_medoids_pyclustering solver=filo1 stage=post_ls ls=pyvrp iter=7
2026-03-16 01:33:54 | INFO     | [POOL #01308] 261 863 350 669 92 299 90 298 61 486 || mode=VB method=k_medoids_pyclustering solver=filo1 stage=post_ls ls=pyvrp iter=7
2026-03-16 01:33:54 | INFO     | [POOL #01309] 1171 565 393 716 474 430 146 459 857 1225 967 || mode=VB method=k_medoids_pyclustering solver=filo1 stage=post_ls ls=pyvrp iter=7
2026-03-16 01:33:54 | INFO     | [POOL #01310] 500 796 407 939 519 1053 174 1034 229 476 107 611 837 1296 316 || mode=VB method=k_medoids_pyclustering solver=filo1 stage=post_ls ls=pyvrp iter=7
2026-03-16 01:33:54 | INFO     | [POOL #01311] 139 1055 979 604 1088 1316 903 901 955 || mode=VB method=k_medoids_pyclustering solver=filo1 stage=post_ls ls=pyvrp iter=7
2026-03-16 01:33:54 | INFO     | [POOL #01312] 150 31 302 1110 || mode=VB method=k_medoids_pyclustering solver=filo1 stage=post_ls ls=pyvrp iter=7
2026-03-16 01:33:54 | INFO     | [POOL #01313] 1111 263 761 || mode=VB method=k_medoids_pyclustering solver=filo1 stage=post_ls ls=pyvrp iter=7
2026-03-16 01:33:54 | INFO     | [POOL #01314] 1015 680 1277 || mode=VB method=k_medoids_pyclustering solver=filo1 stage=post_ls ls=pyvrp iter=7
2026-03-16 01:33:54 | INFO     | [POOL #01315] 1348 364 234 1308 || mode=VB method=k_medoids_pyclustering solver=filo1 stage=post_ls ls=pyvrp iter=7
2026-03-16 01:33:54 | INFO     | [POOL #01316] 62 53 1018 || mode=VB method=k_medoids_pyclustering solver=filo1 stage=post_ls ls=pyvrp iter=7
2026-03-16 01:33:54 | INFO     | [POOL #01317] 52 1254 973 || mode=VB method=k_medoids_pyclustering solver=filo1 stage=post_ls ls=pyvrp iter=7
2026-03-16 01:33:54 | INFO     | [POOL #01318] 1040 5 847 || mode=VB method=k_medoids_pyclustering solver=filo1 stage=post_ls ls=pyvrp iter=7
2026-03-16 01:33:54 | INFO     | [POOL #01319] 1281 692 513 || mode=VB method=k_medoids_pyclustering solver=filo1 stage=post_ls ls=pyvrp iter=7
2026-03-16 01:33:54 | INFO     | [POOL #01320] 10 1347 190 1219 || mode=VB method=k_medoids_pyclustering solver=filo1 stage=post_ls ls=pyvrp iter=7
2026-03-16 01:33:54 | INFO     | [POOL #01321] 386 1340 1174 || mode=VB method=k_medoids_pyclustering solver=filo1 stage=post_ls ls=pyvrp iter=7
2026-03-16 01:33:54 | INFO     | [POOL #01322] 237 1028 446 || mode=VB method=k_medoids_pyclustering solver=filo1 stage=post_ls ls=pyvrp iter=7
2026-03-16 01:33:54 | INFO     | [POOL #01323] 871 88 778 || mode=VB method=k_medoids_pyclustering solver=filo1 stage=post_ls ls=pyvrp iter=7
2026-03-16 01:33:54 | INFO     | [POOL #01324] 934 1144 628 || mode=VB method=k_medoids_pyclustering solver=filo1 stage=post_ls ls=pyvrp iter=7
2026-03-16 01:33:54 | INFO     | [POOL #01325] 718 454 1094 || mode=VB method=k_medoids_pyclustering solver=filo1 stage=post_ls ls=pyvrp iter=7
2026-03-16 01:33:54 | INFO     | [POOL #01326] 833 986 176 || mode=VB method=k_medoids_pyclustering solver=filo1 stage=post_ls ls=pyvrp iter=7
2026-03-16 01:33:54 | INFO     | [POOL #01327] 920 71 1097 || mode=VB method=k_medoids_pyclustering solver=filo1 stage=post_ls ls=pyvrp iter=7
2026-03-16 01:33:54 | INFO     | [POOL #01328] 1354 79 594 1136 || mode=VB method=k_medoids_pyclustering solver=filo1 stage=post_ls ls=pyvrp iter=7
2026-03-16 01:33:54 | INFO     | [POOL #01329] 524 318 1195 361 14 1180 1305 960 || mode=VB method=k_medoids_pyclustering solver=filo1 stage=post_ls ls=pyvrp iter=7
2026-03-16 01:33:54 | INFO     | [POOL #01330] 405 774 429 || mode=VB method=k_medoids_pyclustering solver=filo1 stage=post_ls ls=pyvrp iter=7
2026-03-16 01:33:54 | INFO     | [POOL #01331] 338 175 1186 || mode=VB method=k_medoids_pyclustering solver=filo1 stage=post_ls ls=pyvrp iter=7
2026-03-16 01:33:54 | INFO     | [POOL #01332] 1029 74 818 || mode=VB method=k_medoids_pyclustering solver=filo1 stage=post_ls ls=pyvrp iter=7
2026-03-16 01:33:54 | INFO     | [POOL #01333] 623 691 85 || mode=VB method=k_medoids_pyclustering solver=filo1 stage=post_ls ls=pyvrp iter=7
2026-03-16 01:33:54 | INFO     | [POOL #01334] 16 1109 670 438 235 1042 719 756 || mode=VB method=k_medoids_pyclustering solver=filo1 stage=post_ls ls=pyvrp iter=7
2026-03-16 01:33:54 | INFO     | [POOL #01335] 168 215 1283 757 || mode=VB method=k_medoids_pyclustering solver=filo1 stage=post_ls ls=pyvrp iter=7
2026-03-16 01:33:54 | INFO     | [POOL #01336] 159 601 305 425 598 1054 || mode=VB method=k_medoids_pyclustering solver=filo1 stage=post_ls ls=pyvrp iter=7
2026-03-16 01:33:54 | INFO     | [POOL #01337] 332 1366 1127 417 749 799 508 570 948 1125 435 736 || mode=VB method=k_medoids_pyclustering solver=filo1 stage=post_ls ls=pyvrp iter=7
2026-03-16 01:33:54 | INFO     | [POOL #01338] 1037 271 297 || mode=VB method=k_medoids_pyclustering solver=filo1 stage=post_ls ls=pyvrp iter=7
2026-03-16 01:33:54 | INFO     | [POOL #01339] 431 472 1069 || mode=VB method=k_medoids_pyclustering solver=filo1 stage=post_ls ls=pyvrp iter=7
2026-03-16 01:33:54 | INFO     | [POOL #01340] 797 336 1216 579 || mode=VB method=k_medoids_pyclustering solver=filo1 stage=post_ls ls=pyvrp iter=7
2026-03-16 01:33:54 | INFO     | [POOL #01341] 1068 1341 1253 538 705 1317 426 || mode=VB method=k_medoids_pyclustering solver=filo1 stage=post_ls ls=pyvrp iter=7
2026-03-16 01:33:54 | INFO     | [POOL #01342] 204 1130 504 815 512 || mode=VB method=k_medoids_pyclustering solver=filo1 stage=post_ls ls=pyvrp iter=7
2026-03-16 01:33:54 | INFO     | [POOL #01343] 783 1082 859 || mode=VB method=k_medoids_pyclustering solver=filo1 stage=post_ls ls=pyvrp iter=7
2026-03-16 01:33:54 | INFO     | [POOL #01344] 196 253 188 1196 26 572 1288 || mode=VB method=k_medoids_pyclustering solver=filo1 stage=post_ls ls=pyvrp iter=7
2026-03-16 01:33:54 | INFO     | [POOL #01345] 752 1035 789 540 852 1080 835 1164 101 931 207 423 1239 || mode=VB method=k_medoids_pyclustering solver=filo1 stage=post_ls ls=pyvrp iter=7
2026-03-16 01:33:54 | INFO     | [POOL #01346] 609 1350 403 661 || mode=VB method=k_medoids_pyclustering solver=filo1 stage=post_ls ls=pyvrp iter=7
2026-03-16 01:33:54 | INFO     | [POOL #01347] 506 682 1359 655 648 283 605 153 || mode=VB method=k_medoids_pyclustering solver=filo1 stage=post_ls ls=pyvrp iter=7
2026-03-16 01:33:54 | INFO     | [POOL #01348] 214 1182 1113 356 || mode=VB method=k_medoids_pyclustering solver=filo1 stage=post_ls ls=pyvrp iter=7
2026-03-16 01:33:54 | INFO     | [POOL #01349] 450 497 269 276 872 197 54 || mode=VB method=k_medoids_pyclustering solver=filo1 stage=post_ls ls=pyvrp iter=7
2026-03-16 01:33:54 | INFO     | [POOL #01350] 138 999 1114 || mode=VB method=k_medoids_pyclustering solver=filo1 stage=post_ls ls=pyvrp iter=7
2026-03-16 01:33:54 | INFO     | [POOL #01351] 106 125 1301 1166 || mode=VB method=k_medoids_pyclustering solver=filo1 stage=post_ls ls=pyvrp iter=7
2026-03-16 01:33:54 | INFO     | [POOL #01352] 715 279 327 177 117 516 91 1181 || mode=VB method=k_medoids_pyclustering solver=filo1 stage=post_ls ls=pyvrp iter=7
2026-03-16 01:33:54 | INFO     | [POOL #01353] 212 56 491 1204 1167 525 1324 444 1217 || mode=VB method=k_medoids_pyclustering solver=filo1 stage=post_ls ls=pyvrp iter=7
2026-03-16 01:33:54 | INFO     | [POOL #01354] 51 748 1258 991 || mode=VB method=k_medoids_pyclustering solver=filo1 stage=post_ls ls=pyvrp iter=7
2026-03-16 01:33:54 | INFO     | [POOL #01355] 264 896 437 || mode=VB method=k_medoids_pyclustering solver=filo1 stage=post_ls ls=pyvrp iter=7
2026-03-16 01:33:54 | INFO     | [POOL #01356] 503 1057 171 || mode=VB method=k_medoids_pyclustering solver=filo1 stage=post_ls ls=pyvrp iter=7
2026-03-16 01:33:54 | INFO     | [POOL #01357] 703 820 1120 194 1098 528 865 1318 580 1282 158 1189 1085 1072 || mode=VB method=k_medoids_pyclustering solver=filo1 stage=post_ls ls=pyvrp iter=7
2026-03-16 01:33:54 | INFO     | [POOL #01358] 1291 41 133 335 128 1313 667 581 || mode=VB method=k_medoids_pyclustering solver=filo1 stage=post_ls ls=pyvrp iter=7
2026-03-16 01:33:54 | INFO     | [POOL #01359] 65 303 1177 1010 970 39 918 452 140 || mode=VB method=k_medoids_pyclustering solver=filo1 stage=post_ls ls=pyvrp iter=7
2026-03-16 01:33:54 | INFO     | [POOL #01360] 284 377 208 460 292 582 348 944 || mode=VB method=k_medoids_pyclustering solver=filo1 stage=post_ls ls=pyvrp iter=7
2026-03-16 01:33:54 | INFO     | [POOL #01361] 354 806 193 1016 733 323 || mode=VB method=k_medoids_pyclustering solver=filo1 stage=post_ls ls=pyvrp iter=7
2026-03-16 01:33:54 | INFO     | [POOL #01362] 1244 110 1063 || mode=VB method=k_medoids_pyclustering solver=filo1 stage=post_ls ls=pyvrp iter=7
2026-03-16 01:33:54 | INFO     | [POOL #01363] 861 819 1220 40 532 697 850 868 || mode=VB method=k_medoids_pyclustering solver=filo1 stage=post_ls ls=pyvrp iter=7
2026-03-16 01:33:54 | INFO     | [POOL #01364] 612 930 1115 864 755 381 468 || mode=VB method=k_medoids_pyclustering solver=filo1 stage=post_ls ls=pyvrp iter=7
2026-03-16 01:33:54 | INFO     | [POOL #01365] 731 277 505 521 || mode=VB method=k_medoids_pyclustering solver=filo1 stage=post_ls ls=pyvrp iter=7
2026-03-16 01:33:54 | INFO     | [POOL #01366] 129 845 890 676 295 126 544 1284 482 545 780 || mode=VB method=k_medoids_pyclustering solver=filo1 stage=post_ls ls=pyvrp iter=7
2026-03-16 01:33:54 | INFO     | [POOL #01367] 1235 1011 507 || mode=VB method=k_medoids_pyclustering solver=filo1 stage=post_ls ls=pyvrp iter=7
2026-03-16 01:33:54 | INFO     | [POOL #01368] 1173 45 15 || mode=VB method=k_medoids_pyclustering solver=filo1 stage=post_ls ls=pyvrp iter=7
2026-03-16 01:33:54 | INFO     | [POOL #01369] 832 44 974 || mode=VB method=k_medoids_pyclustering solver=filo1 stage=post_ls ls=pyvrp iter=7
2026-03-16 01:33:54 | INFO     | [POOL #01370] 950 887 1046 25 665 1343 560 937 1122 909 || mode=VB method=k_medoids_pyclustering solver=filo1 stage=post_ls ls=pyvrp iter=7
2026-03-16 01:33:54 | INFO     | [POOL #01371] 1108 1264 247 555 681 147 1031 767 1093 || mode=VB method=k_medoids_pyclustering solver=filo1 stage=post_ls ls=pyvrp iter=7
2026-03-16 01:33:54 | INFO     | [POOL #01372] 1286 248 308 272 1243 456 1146 827 422 || mode=VB method=k_medoids_pyclustering solver=filo1 stage=post_ls ls=pyvrp iter=7
2026-03-16 01:33:54 | INFO     | [POOL #01373] 1201 1246 606 187 1271 685 337 341 1314 671 || mode=VB method=k_medoids_pyclustering solver=filo1 stage=post_ls ls=pyvrp iter=7
2026-03-16 01:33:54 | INFO     | [POOL #01374] 1148 1315 420 686 94 195 781 191 494 1356 || mode=VB method=k_medoids_pyclustering solver=filo1 stage=post_ls ls=pyvrp iter=7
2026-03-16 01:33:54 | INFO     | [POOL #01375] 343 597 23 897 256 1228 267 870 46 1333 || mode=VB method=k_medoids_pyclustering solver=filo1 stage=post_ls ls=pyvrp iter=7
2026-03-16 01:33:54 | INFO     | [POOL #01376] 463 902 1319 1121 58 855 487 244 || mode=VB method=k_medoids_pyclustering solver=filo1 stage=post_ls ls=pyvrp iter=7
2026-03-16 01:33:54 | INFO     | [POOL #01377] 294 352 951 157 637 142 828 || mode=VB method=k_medoids_pyclustering solver=filo1 stage=post_ls ls=pyvrp iter=7
2026-03-16 01:33:54 | INFO     | [POOL #01378] 488 913 1071 727 878 720 910 || mode=VB method=k_medoids_pyclustering solver=filo1 stage=post_ls ls=pyvrp iter=7
2026-03-16 01:33:54 | INFO     | [POOL #01379] 1358 1345 708 1161 || mode=VB method=k_medoids_pyclustering solver=filo1 stage=post_ls ls=pyvrp iter=7
2026-03-16 01:33:54 | INFO     | [POOL #01380] 520 1251 216 149 556 892 627 1266 645 || mode=VB method=k_medoids_pyclustering solver=filo1 stage=post_ls ls=pyvrp iter=7
2026-03-16 01:33:54 | INFO     | [POOL #01381] 577 232 657 790 625 614 816 825 1278 1019 || mode=VB method=k_medoids_pyclustering solver=filo1 stage=post_ls ls=pyvrp iter=7
2026-03-16 01:33:54 | INFO     | [POOL #01382] 1214 707 1260 160 758 746 384 575 568 793 || mode=VB method=k_medoids_pyclustering solver=filo1 stage=post_ls ls=pyvrp iter=7
2026-03-16 01:33:54 | INFO     | [POOL #01383] 1346 326 975 498 228 310 169 || mode=VB method=k_medoids_pyclustering solver=filo1 stage=post_ls ls=pyvrp iter=7
2026-03-16 01:33:54 | INFO     | [POOL #01384] 1249 224 1033 164 260 911 329 569 810 1095 1003 || mode=VB method=k_medoids_pyclustering solver=filo1 stage=post_ls ls=pyvrp iter=7
2026-03-16 01:33:54 | INFO     | [POOL #01385] 219 745 1158 1247 351 227 514 900 885 998 971 1163 1234 || mode=VB method=k_medoids_pyclustering solver=filo1 stage=post_ls ls=pyvrp iter=7
2026-03-16 01:33:54 | INFO     | [POOL #01386] 544 126 195 94 267 1228 256 897 865 194 1120 1031 || mode=VB method=sk_ac_complete solver=pyvrp stage=post_ls ls=pyvrp iter=8
2026-03-16 01:33:54 | INFO     | [POOL #01387] 1264 1333 46 870 597 1282 580 1318 23 528 1098 820 1148 703 || mode=VB method=sk_ac_complete solver=pyvrp stage=post_ls ls=pyvrp iter=8
2026-03-16 01:33:54 | INFO     | [POOL #01388] 343 1085 1189 158 1359 655 648 283 605 1072 497 || mode=VB method=sk_ac_complete solver=pyvrp stage=post_ls ls=pyvrp iter=8
2026-03-16 01:33:54 | INFO     | [POOL #01389] 910 720 878 1071 727 555 681 65 || mode=VB method=sk_ac_complete solver=pyvrp stage=post_ls ls=pyvrp iter=8
2026-03-16 01:33:54 | INFO     | [POOL #01390] 1368 974 896 || mode=VB method=sk_ac_complete solver=pyvrp stage=post_ls ls=pyvrp iter=8
2026-03-16 01:33:54 | INFO     | [POOL #01391] 264 1110 276 247 147 767 || mode=VB method=sk_ac_complete solver=pyvrp stage=post_ls ls=pyvrp iter=8
2026-03-16 01:33:54 | INFO     | [POOL #01392] 1130 504 815 1166 || mode=VB method=sk_ac_complete solver=pyvrp stage=post_ls ls=pyvrp iter=8
2026-03-16 01:33:54 | INFO     | [POOL #01393] 572 468 26 1196 864 1115 930 || mode=VB method=sk_ac_complete solver=pyvrp stage=post_ls ls=pyvrp iter=8
2026-03-16 01:33:54 | INFO     | [POOL #01394] 1093 1108 269 153 755 381 196 || mode=VB method=sk_ac_complete solver=pyvrp stage=post_ls ls=pyvrp iter=8
2026-03-16 01:33:54 | INFO     | [POOL #01395] 616 1288 188 253 215 450 || mode=VB method=sk_ac_complete solver=pyvrp stage=post_ls ls=pyvrp iter=8
2026-03-16 01:33:54 | INFO     | [POOL #01396] 756 719 235 16 1109 1161 168 612 || mode=VB method=sk_ac_complete solver=pyvrp stage=post_ls ls=pyvrp iter=8
2026-03-16 01:33:54 | INFO     | [POOL #01397] 204 1283 1073 718 || mode=VB method=sk_ac_complete solver=pyvrp stage=post_ls ls=pyvrp iter=8
2026-03-16 01:33:54 | INFO     | [POOL #01398] 1042 140 452 918 39 970 1010 1177 || mode=VB method=sk_ac_complete solver=pyvrp stage=post_ls ls=pyvrp iter=8
2026-03-16 01:33:54 | INFO     | [POOL #01399] 438 670 645 715 279 828 937 892 627 1266 || mode=VB method=sk_ac_complete solver=pyvrp stage=post_ls ls=pyvrp iter=8
2026-03-16 01:33:54 | INFO     | [POOL #01400] 1181 117 1046 25 665 327 177 || mode=VB method=sk_ac_complete solver=pyvrp stage=post_ls ls=pyvrp iter=8
2026-03-16 01:33:54 | INFO     | [POOL #01401] 1343 477 329 819 861 569 810 637 142 || mode=VB method=sk_ac_complete solver=pyvrp stage=post_ls ls=pyvrp iter=8
2026-03-16 01:33:54 | INFO     | [POOL #01402] 1291 911 260 1220 532 41 164 887 224 1249 91 || mode=VB method=sk_ac_complete solver=pyvrp stage=post_ls ls=pyvrp iter=8
2026-03-16 01:33:54 | INFO     | [POOL #01403] 303 545 1284 890 845 482 516 780 || mode=VB method=sk_ac_complete solver=pyvrp stage=post_ls ls=pyvrp iter=8
2026-03-16 01:33:54 | INFO     | [POOL #01404] 560 40 697 128 848 1313 667 581 1033 || mode=VB method=sk_ac_complete solver=pyvrp stage=post_ls ls=pyvrp iter=8
2026-03-16 01:33:54 | INFO     | [POOL #01405] 335 1300 1210 615 105 59 995 585 595 || mode=VB method=sk_ac_complete solver=pyvrp stage=post_ls ls=pyvrp iter=8
2026-03-16 01:33:54 | INFO     | [POOL #01406] 950 129 676 43 629 908 772 1064 769 1157 295 || mode=VB method=sk_ac_complete solver=pyvrp stage=post_ls ls=pyvrp iter=8
2026-03-16 01:33:54 | INFO     | [POOL #01407] 11 96 1275 811 246 311 1206 877 89 133 || mode=VB method=sk_ac_complete solver=pyvrp stage=post_ls ls=pyvrp iter=8
2026-03-16 01:33:54 | INFO     | [POOL #01408] 1356 420 686 781 191 494 1315 913 488 || mode=VB method=sk_ac_complete solver=pyvrp stage=post_ls ls=pyvrp iter=8
2026-03-16 01:33:54 | INFO     | [POOL #01409] 1037 1028 653 || mode=VB method=sk_ac_complete solver=pyvrp stage=post_ls ls=pyvrp iter=8
2026-03-16 01:33:54 | INFO     | [POOL #01410] 111 507 342 || mode=VB method=sk_ac_complete solver=pyvrp stage=post_ls ls=pyvrp iter=8
2026-03-16 01:33:54 | INFO     | [POOL #01411] 895 997 73 1182 || mode=VB method=sk_ac_complete solver=pyvrp stage=post_ls ls=pyvrp iter=8
2026-03-16 01:33:54 | INFO     | [POOL #01412] 275 1281 225 || mode=VB method=sk_ac_complete solver=pyvrp stage=post_ls ls=pyvrp iter=8
2026-03-16 01:33:54 | INFO     | [POOL #01413] 1329 691 1295 || mode=VB method=sk_ac_complete solver=pyvrp stage=post_ls ls=pyvrp iter=8
2026-03-16 01:33:54 | INFO     | [POOL #01414] 1113 643 623 1363 || mode=VB method=sk_ac_complete solver=pyvrp stage=post_ls ls=pyvrp iter=8
2026-03-16 01:33:54 | INFO     | [POOL #01415] 513 346 692 || mode=VB method=sk_ac_complete solver=pyvrp stage=post_ls ls=pyvrp iter=8
2026-03-16 01:33:54 | INFO     | [POOL #01416] 833 176 257 || mode=VB method=sk_ac_complete solver=pyvrp stage=post_ls ls=pyvrp iter=8
2026-03-16 01:33:54 | INFO     | [POOL #01417] 628 1144 1063 || mode=VB method=sk_ac_complete solver=pyvrp stage=post_ls ls=pyvrp iter=8
2026-03-16 01:33:54 | INFO     | [POOL #01418] 1101 1244 934 || mode=VB method=sk_ac_complete solver=pyvrp stage=post_ls ls=pyvrp iter=8
2026-03-16 01:33:54 | INFO     | [POOL #01419] 830 584 1362 || mode=VB method=sk_ac_complete solver=pyvrp stage=post_ls ls=pyvrp iter=8
2026-03-16 01:33:54 | INFO     | [POOL #01420] 1194 355 1153 || mode=VB method=sk_ac_complete solver=pyvrp stage=post_ls ls=pyvrp iter=8
2026-03-16 01:33:54 | INFO     | [POOL #01421] 398 509 1067 717 || mode=VB method=sk_ac_complete solver=pyvrp stage=post_ls ls=pyvrp iter=8
2026-03-16 01:33:54 | INFO     | [POOL #01422] 490 492 510 1002 || mode=VB method=sk_ac_complete solver=pyvrp stage=post_ls ls=pyvrp iter=8
2026-03-16 01:33:54 | INFO     | [POOL #01423] 62 21 978 || mode=VB method=sk_ac_complete solver=pyvrp stage=post_ls ls=pyvrp iter=8
2026-03-16 01:33:54 | INFO     | [POOL #01424] 1107 522 473 1365 || mode=VB method=sk_ac_complete solver=pyvrp stage=post_ls ls=pyvrp iter=8
2026-03-16 01:33:54 | INFO     | [POOL #01425] 907 9 1176 79 || mode=VB method=sk_ac_complete solver=pyvrp stage=post_ls ls=pyvrp iter=8
2026-03-16 01:33:54 | INFO     | [POOL #01426] 314 1258 273 || mode=VB method=sk_ac_complete solver=pyvrp stage=post_ls ls=pyvrp iter=8
2026-03-16 01:33:54 | INFO     | [POOL #01427] 721 416 74 1062 || mode=VB method=sk_ac_complete solver=pyvrp stage=post_ls ls=pyvrp iter=8
2026-03-16 01:33:54 | INFO     | [POOL #01428] 263 472 973 || mode=VB method=sk_ac_complete solver=pyvrp stage=post_ls ls=pyvrp iter=8
2026-03-16 01:33:54 | INFO     | [POOL #01429] 424 366 10 1078 || mode=VB method=sk_ac_complete solver=pyvrp stage=post_ls ls=pyvrp iter=8
2026-03-16 01:33:54 | INFO     | [POOL #01430] 52 843 1254 || mode=VB method=sk_ac_complete solver=pyvrp stage=post_ls ls=pyvrp iter=8
2026-03-16 01:33:54 | INFO     | [POOL #01431] 1136 1197 590 1307 || mode=VB method=sk_ac_complete solver=pyvrp stage=post_ls ls=pyvrp iter=8
2026-03-16 01:33:54 | INFO     | [POOL #01432] 374 659 583 || mode=VB method=sk_ac_complete solver=pyvrp stage=post_ls ls=pyvrp iter=8
2026-03-16 01:33:54 | INFO     | [POOL #01433] 1054 598 1354 344 || mode=VB method=sk_ac_complete solver=pyvrp stage=post_ls ls=pyvrp iter=8
2026-03-16 01:33:54 | INFO     | [POOL #01434] 1131 658 1208 || mode=VB method=sk_ac_complete solver=pyvrp stage=post_ls ls=pyvrp iter=8
2026-03-16 01:33:54 | INFO     | [POOL #01435] 1094 677 220 651 || mode=VB method=sk_ac_complete solver=pyvrp stage=post_ls ls=pyvrp iter=8
2026-03-16 01:33:54 | INFO     | [POOL #01436] 1219 1169 102 594 || mode=VB method=sk_ac_complete solver=pyvrp stage=post_ls ls=pyvrp iter=8
2026-03-16 01:33:54 | INFO     | [POOL #01437] 963 1111 1069 1029 || mode=VB method=sk_ac_complete solver=pyvrp stage=post_ls ls=pyvrp iter=8
2026-03-16 01:33:54 | INFO     | [POOL #01438] 159 601 66 596 || mode=VB method=sk_ac_complete solver=pyvrp stage=post_ls ls=pyvrp iter=8
2026-03-16 01:33:54 | INFO     | [POOL #01439] 454 608 357 || mode=VB method=sk_ac_complete solver=pyvrp stage=post_ls ls=pyvrp iter=8
2026-03-16 01:33:54 | INFO     | [POOL #01440] 797 1289 433 || mode=VB method=sk_ac_complete solver=pyvrp stage=post_ls ls=pyvrp iter=8
2026-03-16 01:33:54 | INFO     | [POOL #01441] 728 818 1097 || mode=VB method=sk_ac_complete solver=pyvrp stage=post_ls ls=pyvrp iter=8
2026-03-16 01:33:54 | INFO     | [POOL #01442] 380 1237 1117 || mode=VB method=sk_ac_complete solver=pyvrp stage=post_ls ls=pyvrp iter=8
2026-03-16 01:33:54 | INFO     | [POOL #01443] 387 401 1267 || mode=VB method=sk_ac_complete solver=pyvrp stage=post_ls ls=pyvrp iter=8
2026-03-16 01:33:54 | INFO     | [POOL #01444] 708 1358 339 1308 || mode=VB method=sk_ac_complete solver=pyvrp stage=post_ls ls=pyvrp iter=8
2026-03-16 01:33:54 | INFO     | [POOL #01445] 1058 579 336 345 || mode=VB method=sk_ac_complete solver=pyvrp stage=post_ls ls=pyvrp iter=8
2026-03-16 01:33:54 | INFO     | [POOL #01446] 250 1323 527 || mode=VB method=sk_ac_complete solver=pyvrp stage=post_ls ls=pyvrp iter=8
2026-03-16 01:33:54 | INFO     | [POOL #01447] 1112 1086 121 495 || mode=VB method=sk_ac_complete solver=pyvrp stage=post_ls ls=pyvrp iter=8
2026-03-16 01:33:54 | INFO     | [POOL #01448] 562 1216 1345 || mode=VB method=sk_ac_complete solver=pyvrp stage=post_ls ls=pyvrp iter=8
2026-03-16 01:33:54 | INFO     | [POOL #01449] 466 49 761 || mode=VB method=sk_ac_complete solver=pyvrp stage=post_ls ls=pyvrp iter=8
2026-03-16 01:33:54 | INFO     | [POOL #01450] 688 906 1245 || mode=VB method=sk_ac_complete solver=pyvrp stage=post_ls ls=pyvrp iter=8
2026-03-16 01:33:54 | INFO     | [POOL #01451] 44 832 506 || mode=VB method=sk_ac_complete solver=pyvrp stage=post_ls ls=pyvrp iter=8
2026-03-16 01:33:54 | INFO     | [POOL #01452] 234 461 511 || mode=VB method=sk_ac_complete solver=pyvrp stage=post_ls ls=pyvrp iter=8
2026-03-16 01:33:54 | INFO     | [POOL #01453] 921 1057 171 || mode=VB method=sk_ac_complete solver=pyvrp stage=post_ls ls=pyvrp iter=8
2026-03-16 01:33:54 | INFO     | [POOL #01454] 302 106 1301 682 || mode=VB method=sk_ac_complete solver=pyvrp stage=post_ls ls=pyvrp iter=8
2026-03-16 01:33:54 | INFO     | [POOL #01455] 503 893 1255 || mode=VB method=sk_ac_complete solver=pyvrp stage=post_ls ls=pyvrp iter=8
2026-03-16 01:33:54 | INFO     | [POOL #01456] 31 150 125 || mode=VB method=sk_ac_complete solver=pyvrp stage=post_ls ls=pyvrp iter=8
2026-03-16 01:33:54 | INFO     | [POOL #01457] 1348 127 338 364 || mode=VB method=sk_ac_complete solver=pyvrp stage=post_ls ls=pyvrp iter=8
2026-03-16 01:33:54 | INFO     | [POOL #01458] 987 537 725 386 || mode=VB method=sk_ac_complete solver=pyvrp stage=post_ls ls=pyvrp iter=8
2026-03-16 01:33:54 | INFO     | [POOL #01459] 1186 385 109 || mode=VB method=sk_ac_complete solver=pyvrp stage=post_ls ls=pyvrp iter=8
2026-03-16 01:33:54 | INFO     | [POOL #01460] 165 550 1134 1168 || mode=VB method=sk_ac_complete solver=pyvrp stage=post_ls ls=pyvrp iter=8
2026-03-16 01:33:54 | INFO     | [POOL #01461] 1174 1340 783 || mode=VB method=sk_ac_complete solver=pyvrp stage=post_ls ls=pyvrp iter=8
2026-03-16 01:33:54 | INFO     | [POOL #01462] 48 271 175 || mode=VB method=sk_ac_complete solver=pyvrp stage=post_ls ls=pyvrp iter=8
2026-03-16 01:33:54 | INFO     | [POOL #01463] 1044 268 1076 1261 || mode=VB method=sk_ac_complete solver=pyvrp stage=post_ls ls=pyvrp iter=8
2026-03-16 01:33:54 | INFO     | [POOL #01464] 1268 945 60 || mode=VB method=sk_ac_complete solver=pyvrp stage=post_ls ls=pyvrp iter=8
2026-03-16 01:33:54 | INFO     | [POOL #01465] 984 1361 287 784 427 1084 136 363 1222 || mode=VB method=sk_ac_complete solver=pyvrp stage=post_ls ls=pyvrp iter=8
2026-03-16 01:33:54 | INFO     | [POOL #01466] 4 419 673 1178 689 743 || mode=VB method=sk_ac_complete solver=pyvrp stage=post_ls ls=pyvrp iter=8
2026-03-16 01:33:54 | INFO     | [POOL #01467] 13 369 1223 656 856 824 857 148 47 553 || mode=VB method=sk_ac_complete solver=pyvrp stage=post_ls ls=pyvrp iter=8
2026-03-16 01:33:54 | INFO     | [POOL #01468] 1270 84 989 397 1020 954 113 1312 371 1045 || mode=VB method=sk_ac_complete solver=pyvrp stage=post_ls ls=pyvrp iter=8
2026-03-16 01:33:54 | INFO     | [POOL #01469] 484 1036 1038 631 593 662 146 459 565 1171 || mode=VB method=sk_ac_complete solver=pyvrp stage=post_ls ls=pyvrp iter=8
2026-03-16 01:33:54 | INFO     | [POOL #01470] 231 1225 98 223 1265 1226 1357 178 738 391 1191 982 413 430 || mode=VB method=sk_ac_complete solver=pyvrp stage=post_ls ls=pyvrp iter=8
2026-03-16 01:33:54 | INFO     | [POOL #01471] 1142 161 233 826 599 829 104 889 296 1030 || mode=VB method=sk_ac_complete solver=pyvrp stage=post_ls ls=pyvrp iter=8
2026-03-16 01:33:54 | INFO     | [POOL #01472] 198 1116 642 1147 376 226 474 393 || mode=VB method=sk_ac_complete solver=pyvrp stage=post_ls ls=pyvrp iter=8
2026-03-16 01:33:54 | INFO     | [POOL #01473] 32 1269 956 1241 1294 18 1065 898 690 1193 141 181 3 935 108 || mode=VB method=sk_ac_complete solver=pyvrp stage=post_ls ls=pyvrp iter=8
2026-03-16 01:33:54 | INFO     | [POOL #01474] 576 1060 1373 402 912 1309 566 977 186 716 || mode=VB method=sk_ac_complete solver=pyvrp stage=post_ls ls=pyvrp iter=8
2026-03-16 01:33:54 | INFO     | [POOL #01475] 1150 996 573 750 754 428 17 87 334 249 || mode=VB method=sk_ac_complete solver=pyvrp stage=post_ls ls=pyvrp iter=8
2026-03-16 01:33:54 | INFO     | [POOL #01476] 624 382 853 464 || mode=VB method=sk_ac_complete solver=pyvrp stage=post_ls ls=pyvrp iter=8
2026-03-16 01:33:54 | INFO     | [POOL #01477] 288 722 42 638 1159 1000 36 1160 640 || mode=VB method=sk_ac_complete solver=pyvrp stage=post_ls ls=pyvrp iter=8
2026-03-16 01:33:54 | INFO     | [POOL #01478] 1326 1066 392 1183 || mode=VB method=sk_ac_complete solver=pyvrp stage=post_ls ls=pyvrp iter=8
2026-03-16 01:33:54 | INFO     | [POOL #01479] 1336 936 12 || mode=VB method=sk_ac_complete solver=pyvrp stage=post_ls ls=pyvrp iter=8
2026-03-16 01:33:54 | INFO     | [POOL #01480] 866 443 917 713 || mode=VB method=sk_ac_complete solver=pyvrp stage=post_ls ls=pyvrp iter=8
2026-03-16 01:33:54 | INFO     | [POOL #01481] 151 1083 742 1005 || mode=VB method=sk_ac_complete solver=pyvrp stage=post_ls ls=pyvrp iter=8
2026-03-16 01:33:54 | INFO     | [POOL #01482] 867 75 2 124 773 || mode=VB method=sk_ac_complete solver=pyvrp stage=post_ls ls=pyvrp iter=8
2026-03-16 01:33:54 | INFO     | [POOL #01483] 768 699 1299 442 764 || mode=VB method=sk_ac_complete solver=pyvrp stage=post_ls ls=pyvrp iter=8
2026-03-16 01:33:54 | INFO     | [POOL #01484] 862 1227 404 1279 || mode=VB method=sk_ac_complete solver=pyvrp stage=post_ls ls=pyvrp iter=8
2026-03-16 01:33:54 | INFO     | [POOL #01485] 992 418 619 1364 1145 || mode=VB method=sk_ac_complete solver=pyvrp stage=post_ls ls=pyvrp iter=8
2026-03-16 01:33:54 | INFO     | [POOL #01486] 1006 961 222 || mode=VB method=sk_ac_complete solver=pyvrp stage=post_ls ls=pyvrp iter=8
2026-03-16 01:33:54 | INFO     | [POOL #01487] 243 1049 134 333 1353 941 770 1280 967 || mode=VB method=sk_ac_complete solver=pyvrp stage=post_ls ls=pyvrp iter=8
2026-03-16 01:33:54 | INFO     | [POOL #01488] 1052 316 521 1350 403 991 || mode=VB method=sk_ac_complete solver=pyvrp stage=post_ls ls=pyvrp iter=8
2026-03-16 01:33:54 | INFO     | [POOL #01489] 927 863 350 881 1198 432 77 || mode=VB method=sk_ac_complete solver=pyvrp stage=post_ls ls=pyvrp iter=8
2026-03-16 01:33:54 | INFO     | [POOL #01490] 505 277 229 1034 174 1053 493 || mode=VB method=sk_ac_complete solver=pyvrp stage=post_ls ls=pyvrp iter=8
2026-03-16 01:33:54 | INFO     | [POOL #01491] 1165 319 1274 154 1287 286 1090 952 || mode=VB method=sk_ac_complete solver=pyvrp stage=post_ls ls=pyvrp iter=8
2026-03-16 01:33:54 | INFO     | [POOL #01492] 669 92 299 360 1009 481 1252 1212 1221 475 519 796 || mode=VB method=sk_ac_complete solver=pyvrp stage=post_ls ls=pyvrp iter=8
2026-03-16 01:33:54 | INFO     | [POOL #01493] 486 1199 979 298 61 901 27 955 139 68 696 || mode=VB method=sk_ac_complete solver=pyvrp stage=post_ls ls=pyvrp iter=8
2026-03-16 01:33:54 | INFO     | [POOL #01494] 90 604 1088 1316 903 549 621 1322 966 883 1055 795 || mode=VB method=sk_ac_complete solver=pyvrp stage=post_ls ls=pyvrp iter=8
2026-03-16 01:33:54 | INFO     | [POOL #01495] 1013 515 281 879 1334 375 558 1139 672 1008 1079 1050 || mode=VB method=sk_ac_complete solver=pyvrp stage=post_ls ls=pyvrp iter=8
2026-03-16 01:33:54 | INFO     | [POOL #01496] 57 1372 240 574 904 462 771 809 414 || mode=VB method=sk_ac_complete solver=pyvrp stage=post_ls ls=pyvrp iter=8
2026-03-16 01:33:54 | INFO     | [POOL #01497] 185 70 1229 1285 1236 421 644 860 840 1143 29 1185 353 1192 726 || mode=VB method=sk_ac_complete solver=pyvrp stage=post_ls ls=pyvrp iter=8
2026-03-16 01:33:54 | INFO     | [POOL #01498] 834 788 678 539 340 347 1188 55 322 479 211 801 1302 1059 || mode=VB method=sk_ac_complete solver=pyvrp stage=post_ls ls=pyvrp iter=8
2026-03-16 01:33:54 | INFO     | [POOL #01499] 542 19 530 441 1012 445 679 1 1140 || mode=VB method=sk_ac_complete solver=pyvrp stage=post_ls ls=pyvrp iter=8
2026-03-16 01:33:54 | INFO     | [POOL #01500] 448 205 641 255 894 762 946 || mode=VB method=sk_ac_complete solver=pyvrp stage=post_ls ls=pyvrp iter=8
2026-03-16 01:33:54 | INFO     | [POOL #01501] 813 763 457 873 874 613 436 306 || mode=VB method=sk_ac_complete solver=pyvrp stage=post_ls ls=pyvrp iter=8
2026-03-16 01:33:54 | INFO     | [POOL #01502] 453 259 206 155 567 526 245 99 || mode=VB method=sk_ac_complete solver=pyvrp stage=post_ls ls=pyvrp iter=8
2026-03-16 01:33:54 | INFO     | [POOL #01503] 1102 309 1321 1027 394 1048 851 972 95 || mode=VB method=sk_ac_complete solver=pyvrp stage=post_ls ls=pyvrp iter=8
2026-03-16 01:33:54 | INFO     | [POOL #01504] 1347 190 500 69 976 425 || mode=VB method=sk_ac_complete solver=pyvrp stage=post_ls ls=pyvrp iter=8
2026-03-16 01:33:54 | INFO     | [POOL #01505] 144 1273 156 67 189 959 261 1303 1133 610 || mode=VB method=sk_ac_complete solver=pyvrp stage=post_ls ls=pyvrp iter=8
2026-03-16 01:33:54 | INFO     | [POOL #01506] 166 1091 533 434 325 1043 1077 399 || mode=VB method=sk_ac_complete solver=pyvrp stage=post_ls ls=pyvrp iter=8
2026-03-16 01:33:54 | INFO     | [POOL #01507] 305 632 184 664 489 265 965 || mode=VB method=sk_ac_complete solver=pyvrp stage=post_ls ls=pyvrp iter=8
2026-03-16 01:33:54 | INFO     | [POOL #01508] 119 1304 1349 || mode=VB method=sk_ac_complete solver=pyvrp stage=post_ls ls=pyvrp iter=8
2026-03-16 01:33:54 | INFO     | [POOL #01509] 1075 661 609 837 611 1296 849 || mode=VB method=sk_ac_complete solver=pyvrp stage=post_ls ls=pyvrp iter=8
2026-03-16 01:33:54 | INFO     | [POOL #01510] 51 748 476 107 939 1209 1022 807 407 || mode=VB method=sk_ac_complete solver=pyvrp stage=post_ls ls=pyvrp iter=8
2026-03-16 01:33:54 | INFO     | [POOL #01511] 591 777 547 || mode=VB method=sk_ac_complete solver=pyvrp stage=post_ls ls=pyvrp iter=8
2026-03-16 01:33:54 | INFO     | [POOL #01512] 1162 962 1123 || mode=VB method=sk_ac_complete solver=pyvrp stage=post_ls ls=pyvrp iter=8
2026-03-16 01:33:54 | INFO     | [POOL #01513] 1238 1170 97 || mode=VB method=sk_ac_complete solver=pyvrp stage=post_ls ls=pyvrp iter=8
2026-03-16 01:33:54 | INFO     | [POOL #01514] 451 1211 20 554 || mode=VB method=sk_ac_complete solver=pyvrp stage=post_ls ls=pyvrp iter=8
2026-03-16 01:33:54 | INFO     | [POOL #01515] 684 633 888 || mode=VB method=sk_ac_complete solver=pyvrp stage=post_ls ls=pyvrp iter=8
2026-03-16 01:33:54 | INFO     | [POOL #01516] 202 706 919 || mode=VB method=sk_ac_complete solver=pyvrp stage=post_ls ls=pyvrp iter=8
2026-03-16 01:33:54 | INFO     | [POOL #01517] 378 38 1100 1149 || mode=VB method=sk_ac_complete solver=pyvrp stage=post_ls ls=pyvrp iter=8
2026-03-16 01:33:54 | INFO     | [POOL #01518] 782 1087 1089 328 || mode=VB method=sk_ac_complete solver=pyvrp stage=post_ls ls=pyvrp iter=8
2026-03-16 01:33:54 | INFO     | [POOL #01519] 221 899 131 || mode=VB method=sk_ac_complete solver=pyvrp stage=post_ls ls=pyvrp iter=8
2026-03-16 01:33:54 | INFO     | [POOL #01520] 395 1096 242 || mode=VB method=sk_ac_complete solver=pyvrp stage=post_ls ls=pyvrp iter=8
2026-03-16 01:33:54 | INFO     | [POOL #01521] 1331 145 201 112 || mode=VB method=sk_ac_complete solver=pyvrp stage=post_ls ls=pyvrp iter=8
2026-03-16 01:33:54 | INFO     | [POOL #01522] 270 312 639 || mode=VB method=sk_ac_complete solver=pyvrp stage=post_ls ls=pyvrp iter=8
2026-03-16 01:33:54 | INFO     | [POOL #01523] 372 282 1124 449 || mode=VB method=sk_ac_complete solver=pyvrp stage=post_ls ls=pyvrp iter=8
2026-03-16 01:33:54 | INFO     | [POOL #01524] 588 779 891 || mode=VB method=sk_ac_complete solver=pyvrp stage=post_ls ls=pyvrp iter=8
2026-03-16 01:33:54 | INFO     | [POOL #01525] 143 552 182 1026 || mode=VB method=sk_ac_complete solver=pyvrp stage=post_ls ls=pyvrp iter=8
2026-03-16 01:33:54 | INFO     | [POOL #01526] 93 258 794 || mode=VB method=sk_ac_complete solver=pyvrp stage=post_ls ls=pyvrp iter=8
2026-03-16 01:33:54 | INFO     | [POOL #01527] 587 957 324 557 || mode=VB method=sk_ac_complete solver=pyvrp stage=post_ls ls=pyvrp iter=8
2026-03-16 01:33:54 | INFO     | [POOL #01528] 884 103 636 || mode=VB method=sk_ac_complete solver=pyvrp stage=post_ls ls=pyvrp iter=8
2026-03-16 01:33:54 | INFO     | [POOL #01529] 674 409 218 || mode=VB method=sk_ac_complete solver=pyvrp stage=post_ls ls=pyvrp iter=8
2026-03-16 01:33:54 | INFO     | [POOL #01530] 734 367 808 1007 || mode=VB method=sk_ac_complete solver=pyvrp stage=post_ls ls=pyvrp iter=8
2026-03-16 01:33:54 | INFO     | [POOL #01531] 541 122 698 || mode=VB method=sk_ac_complete solver=pyvrp stage=post_ls ls=pyvrp iter=8
2026-03-16 01:33:54 | INFO     | [POOL #01532] 163 1352 803 || mode=VB method=sk_ac_complete solver=pyvrp stage=post_ls ls=pyvrp iter=8
2026-03-16 01:33:54 | INFO     | [POOL #01533] 81 923 313 || mode=VB method=sk_ac_complete solver=pyvrp stage=post_ls ls=pyvrp iter=8
2026-03-16 01:33:54 | INFO     | [POOL #01534] 1232 1106 82 || mode=VB method=sk_ac_complete solver=pyvrp stage=post_ls ls=pyvrp iter=8
2026-03-16 01:33:54 | INFO     | [POOL #01535] 1276 315 800 || mode=VB method=sk_ac_complete solver=pyvrp stage=post_ls ls=pyvrp iter=8
2026-03-16 01:33:54 | INFO     | [POOL #01536] 732 203 278 || mode=VB method=sk_ac_complete solver=pyvrp stage=post_ls ls=pyvrp iter=8
2026-03-16 01:33:54 | INFO     | [POOL #01537] 232 657 776 1095 1003 157 951 || mode=VB method=sk_ac_complete solver=pyvrp stage=post_ls ls=pyvrp iter=8
2026-03-16 01:33:54 | INFO     | [POOL #01538] 752 1035 460 789 835 377 284 1260 707 || mode=VB method=sk_ac_complete solver=pyvrp stage=post_ls ls=pyvrp iter=8
2026-03-16 01:33:54 | INFO     | [POOL #01539] 326 745 1158 885 998 971 1346 1163 248 1256 || mode=VB method=sk_ac_complete solver=pyvrp stage=post_ls ls=pyvrp iter=8
2026-03-16 01:33:54 | INFO     | [POOL #01540] 213 1247 351 227 1332 252 514 900 582 292 348 944 || mode=VB method=sk_ac_complete solver=pyvrp stage=post_ls ls=pyvrp iter=8
2026-03-16 01:33:54 | INFO     | [POOL #01541] 208 1080 852 540 1366 1127 799 749 417 332 101 1164 931 207 423 827 || mode=VB method=sk_ac_complete solver=pyvrp stage=post_ls ls=pyvrp iter=8
2026-03-16 01:33:54 | INFO     | [POOL #01542] 577 167 766 535 1125 435 736 625 790 || mode=VB method=sk_ac_complete solver=pyvrp stage=post_ls ls=pyvrp iter=8
2026-03-16 01:33:54 | INFO     | [POOL #01543] 868 850 617 1155 949 447 1137 695 561 531 || mode=VB method=sk_ac_complete solver=pyvrp stage=post_ls ls=pyvrp iter=8
2026-03-16 01:33:54 | INFO     | [POOL #01544] 1019 337 825 816 614 948 570 508 1278 341 1314 352 || mode=VB method=sk_ac_complete solver=pyvrp stage=post_ls ls=pyvrp iter=8
2026-03-16 01:33:54 | INFO     | [POOL #01545] 1180 1217 909 1122 556 149 216 1251 361 || mode=VB method=sk_ac_complete solver=pyvrp stage=post_ls ls=pyvrp iter=8
2026-03-16 01:33:54 | INFO     | [POOL #01546] 422 524 318 1146 456 1243 272 308 1234 || mode=VB method=sk_ac_complete solver=pyvrp stage=post_ls ls=pyvrp iter=8
2026-03-16 01:33:54 | INFO     | [POOL #01547] 1341 463 1195 244 212 855 487 14 || mode=VB method=sk_ac_complete solver=pyvrp stage=post_ls ls=pyvrp iter=8
2026-03-16 01:33:54 | INFO     | [POOL #01548] 1068 960 1305 1016 193 806 354 || mode=VB method=sk_ac_complete solver=pyvrp stage=post_ls ls=pyvrp iter=8
2026-03-16 01:33:54 | INFO     | [POOL #01549] 415 733 323 390 330 || mode=VB method=sk_ac_complete solver=pyvrp stage=post_ls ls=pyvrp iter=8
2026-03-16 01:33:54 | INFO     | [POOL #01550] 529 1132 1172 || mode=VB method=sk_ac_complete solver=pyvrp stage=post_ls ls=pyvrp iter=8
2026-03-16 01:33:54 | INFO     | [POOL #01551] 411 1099 1074 || mode=VB method=sk_ac_complete solver=pyvrp stage=post_ls ls=pyvrp iter=8
2026-03-16 01:33:54 | INFO     | [POOL #01552] 1151 301 1119 1213 || mode=VB method=sk_ac_complete solver=pyvrp stage=post_ls ls=pyvrp iter=8
2026-03-16 01:33:54 | INFO     | [POOL #01553] 24 1203 647 || mode=VB method=sk_ac_complete solver=pyvrp stage=post_ls ls=pyvrp iter=8
2026-03-16 01:33:54 | INFO     | [POOL #01554] 304 704 798 || mode=VB method=sk_ac_complete solver=pyvrp stage=post_ls ls=pyvrp iter=8
2026-03-16 01:33:54 | INFO     | [POOL #01555] 723 546 120 || mode=VB method=sk_ac_complete solver=pyvrp stage=post_ls ls=pyvrp iter=8
2026-03-16 01:33:54 | INFO     | [POOL #01556] 285 241 1257 || mode=VB method=sk_ac_complete solver=pyvrp stage=post_ls ls=pyvrp iter=8
2026-03-16 01:33:54 | INFO     | [POOL #01557] 875 1292 1233 137 || mode=VB method=sk_ac_complete solver=pyvrp stage=post_ls ls=pyvrp iter=8
2026-03-16 01:33:54 | INFO     | [POOL #01558] 1337 701 217 543 || mode=VB method=sk_ac_complete solver=pyvrp stage=post_ls ls=pyvrp iter=8
2026-03-16 01:33:54 | INFO     | [POOL #01559] 925 1215 882 || mode=VB method=sk_ac_complete solver=pyvrp stage=post_ls ls=pyvrp iter=8
2026-03-16 01:33:54 | INFO     | [POOL #01560] 1351 760 876 622 || mode=VB method=sk_ac_complete solver=pyvrp stage=post_ls ls=pyvrp iter=8
2026-03-16 01:33:54 | INFO     | [POOL #01561] 30 823 1327 551 || mode=VB method=sk_ac_complete solver=pyvrp stage=post_ls ls=pyvrp iter=8
2026-03-16 01:33:54 | INFO     | [POOL #01562] 1286 548 652 76 || mode=VB method=sk_ac_complete solver=pyvrp stage=post_ls ls=pyvrp iter=8
2026-03-16 01:33:54 | INFO     | [POOL #01563] 280 1355 219 1121 1319 902 1253 || mode=VB method=sk_ac_complete solver=pyvrp stage=post_ls ls=pyvrp iter=8
2026-03-16 01:33:54 | INFO     | [POOL #01564] 1239 58 1214 793 1246 1167 491 56 520 || mode=VB method=sk_ac_complete solver=pyvrp stage=post_ls ls=pyvrp iter=8
2026-03-16 01:33:54 | INFO     | [POOL #01565] 444 1324 294 671 525 1204 1201 || mode=VB method=sk_ac_complete solver=pyvrp stage=post_ls ls=pyvrp iter=8
2026-03-16 01:33:54 | INFO     | [POOL #01566] 827 1146 456 902 1243 1319 1121 272 308 248 || mode=RB method=sk_ac_avg solver=pyvrp stage=post_ls ls=pyvrp iter=9
2026-03-16 01:33:54 | INFO     | [POOL #01567] 422 244 212 855 487 361 14 960 || mode=RB method=sk_ac_avg solver=pyvrp stage=post_ls ls=pyvrp iter=9
2026-03-16 01:33:54 | INFO     | [POOL #01568] 1305 318 520 1180 1195 538 1253 463 1341 || mode=RB method=sk_ac_avg solver=pyvrp stage=post_ls ls=pyvrp iter=9
2026-03-16 01:33:54 | INFO     | [POOL #01569] 756 1068 390 330 || mode=RB method=sk_ac_avg solver=pyvrp stage=post_ls ls=pyvrp iter=9
2026-03-16 01:33:54 | INFO     | [POOL #01570] 705 1286 1339 924 || mode=RB method=sk_ac_avg solver=pyvrp stage=post_ls ls=pyvrp iter=9
2026-03-16 01:33:54 | INFO     | [POOL #01571] 411 480 529 || mode=RB method=sk_ac_avg solver=pyvrp stage=post_ls ls=pyvrp iter=9
2026-03-16 01:33:54 | INFO     | [POOL #01572] 821 1310 415 || mode=RB method=sk_ac_avg solver=pyvrp stage=post_ls ls=pyvrp iter=9
2026-03-16 01:33:54 | INFO     | [POOL #01573] 80 947 1151 1119 || mode=RB method=sk_ac_avg solver=pyvrp stage=post_ls ls=pyvrp iter=9
2026-03-16 01:33:54 | INFO     | [POOL #01574] 1224 86 571 || mode=RB method=sk_ac_avg solver=pyvrp stage=post_ls ls=pyvrp iter=9
2026-03-16 01:33:54 | INFO     | [POOL #01575] 1017 83 162 || mode=RB method=sk_ac_avg solver=pyvrp stage=post_ls ls=pyvrp iter=9
2026-03-16 01:33:54 | INFO     | [POOL #01576] 76 792 536 || mode=RB method=sk_ac_avg solver=pyvrp stage=post_ls ls=pyvrp iter=9
2026-03-16 01:33:54 | INFO     | [POOL #01577] 668 687 846 || mode=RB method=sk_ac_avg solver=pyvrp stage=post_ls ls=pyvrp iter=9
2026-03-16 01:33:54 | INFO     | [POOL #01578] 652 548 331 213 1256 || mode=RB method=sk_ac_avg solver=pyvrp stage=post_ls ls=pyvrp iter=9
2026-03-16 01:33:54 | INFO     | [POOL #01579] 1346 326 1021 1306 || mode=RB method=sk_ac_avg solver=pyvrp stage=post_ls ls=pyvrp iter=9
2026-03-16 01:33:54 | INFO     | [POOL #01580] 882 1351 551 227 351 || mode=RB method=sk_ac_avg solver=pyvrp stage=post_ls ls=pyvrp iter=9
2026-03-16 01:33:54 | INFO     | [POOL #01581] 379 498 1247 975 228 310 169 || mode=RB method=sk_ac_avg solver=pyvrp stage=post_ls ls=pyvrp iter=9
2026-03-16 01:33:54 | INFO     | [POOL #01582] 1242 823 1327 1332 252 514 900 1035 || mode=RB method=sk_ac_avg solver=pyvrp stage=post_ls ls=pyvrp iter=9
2026-03-16 01:33:54 | INFO     | [POOL #01583] 971 745 1158 998 885 582 348 284 1260 || mode=RB method=sk_ac_avg solver=pyvrp stage=post_ls ls=pyvrp iter=9
2026-03-16 01:33:54 | INFO     | [POOL #01584] 1163 752 944 292 789 460 208 377 707 || mode=RB method=sk_ac_avg solver=pyvrp stage=post_ls ls=pyvrp iter=9
2026-03-16 01:33:54 | INFO     | [POOL #01585] 160 758 746 384 1271 187 606 575 1019 1204 1201 || mode=RB method=sk_ac_avg solver=pyvrp stage=post_ls ls=pyvrp iter=9
2026-03-16 01:33:54 | INFO     | [POOL #01586] 56 491 1167 1246 793 1214 58 1239 524 || mode=RB method=sk_ac_avg solver=pyvrp stage=post_ls ls=pyvrp iter=9
2026-03-16 01:33:54 | INFO     | [POOL #01587] 419 976 69 959 189 849 67 156 1273 || mode=RB method=sk_ac_avg solver=pyvrp stage=post_ls ls=pyvrp iter=9
2026-03-16 01:33:54 | INFO     | [POOL #01588] 796 407 807 939 1209 1022 952 1165 325 1077 261 || mode=RB method=sk_ac_avg solver=pyvrp stage=post_ls ls=pyvrp iter=9
2026-03-16 01:33:54 | INFO     | [POOL #01589] 316 837 611 107 476 229 277 1034 174 1053 475 519 493 || mode=RB method=sk_ac_avg solver=pyvrp stage=post_ls ls=pyvrp iter=9
2026-03-16 01:33:54 | INFO     | [POOL #01590] 1303 319 1274 154 1212 1221 1287 286 1090 || mode=RB method=sk_ac_avg solver=pyvrp stage=post_ls ls=pyvrp iter=9
2026-03-16 01:33:54 | INFO     | [POOL #01591] 77 432 1198 1009 881 350 166 || mode=RB method=sk_ac_avg solver=pyvrp stage=post_ls ls=pyvrp iter=9
2026-03-16 01:33:54 | INFO     | [POOL #01592] 1043 1252 481 360 299 90 979 298 61 901 486 || mode=RB method=sk_ac_avg solver=pyvrp stage=post_ls ls=pyvrp iter=9
2026-03-16 01:33:54 | INFO     | [POOL #01593] 309 1027 139 955 1199 533 434 927 1091 || mode=RB method=sk_ac_avg solver=pyvrp stage=post_ls ls=pyvrp iter=9
2026-03-16 01:33:54 | INFO     | [POOL #01594] 1055 903 1316 1088 604 92 669 863 || mode=RB method=sk_ac_avg solver=pyvrp stage=post_ls ls=pyvrp iter=9
2026-03-16 01:33:54 | INFO     | [POOL #01595] 771 904 574 726 763 1192 457 27 813 || mode=RB method=sk_ac_avg solver=pyvrp stage=post_ls ls=pyvrp iter=9
2026-03-16 01:33:54 | INFO     | [POOL #01596] 84 1312 1102 795 394 1048 851 972 113 371 || mode=RB method=sk_ac_avg solver=pyvrp stage=post_ls ls=pyvrp iter=9
2026-03-16 01:33:54 | INFO     | [POOL #01597] 414 696 369 856 824 1036 1038 631 593 662 98 1225 || mode=RB method=sk_ac_avg solver=pyvrp stage=post_ls ls=pyvrp iter=9
2026-03-16 01:33:54 | INFO     | [POOL #01598] 1270 989 397 656 1223 287 1361 984 484 || mode=RB method=sk_ac_avg solver=pyvrp stage=post_ls ls=pyvrp iter=9
2026-03-16 01:33:54 | INFO     | [POOL #01599] 1222 265 664 363 136 1084 784 427 13 489 553 || mode=RB method=sk_ac_avg solver=pyvrp stage=post_ls ls=pyvrp iter=9
2026-03-16 01:33:54 | INFO     | [POOL #01600] 1138 184 1141 831 123 406 293 100 610 || mode=RB method=sk_ac_avg solver=pyvrp stage=post_ls ls=pyvrp iter=9
2026-03-16 01:33:54 | INFO     | [POOL #01601] 965 1045 95 954 1020 1133 399 724 735 || mode=RB method=sk_ac_avg solver=pyvrp stage=post_ls ls=pyvrp iter=9
2026-03-16 01:33:54 | INFO     | [POOL #01602] 110 607 993 628 || mode=RB method=sk_ac_avg solver=pyvrp stage=post_ls ls=pyvrp iter=9
2026-03-16 01:33:54 | INFO     | [POOL #01603] 844 230 1363 1261 || mode=RB method=sk_ac_avg solver=pyvrp stage=post_ls ls=pyvrp iter=9
2026-03-16 01:33:54 | INFO     | [POOL #01604] 1011 1235 496 || mode=RB method=sk_ac_avg solver=pyvrp stage=post_ls ls=pyvrp iter=9
2026-03-16 01:33:54 | INFO     | [POOL #01605] 693 88 778 || mode=RB method=sk_ac_avg solver=pyvrp stage=post_ls ls=pyvrp iter=9
2026-03-16 01:33:54 | INFO     | [POOL #01606] 1244 1205 833 || mode=RB method=sk_ac_avg solver=pyvrp stage=post_ls ls=pyvrp iter=9
2026-03-16 01:33:54 | INFO     | [POOL #01607] 926 692 1342 || mode=RB method=sk_ac_avg solver=pyvrp stage=post_ls ls=pyvrp iter=9
2026-03-16 01:33:54 | INFO     | [POOL #01608] 847 1113 1182 643 || mode=RB method=sk_ac_avg solver=pyvrp stage=post_ls ls=pyvrp iter=9
2026-03-16 01:33:54 | INFO     | [POOL #01609] 991 490 717 1002 || mode=RB method=sk_ac_avg solver=pyvrp stage=post_ls ls=pyvrp iter=9
2026-03-16 01:33:54 | INFO     | [POOL #01610] 63 731 119 || mode=RB method=sk_ac_avg solver=pyvrp stage=post_ls ls=pyvrp iter=9
2026-03-16 01:33:54 | INFO     | [POOL #01611] 510 492 321 522 || mode=RB method=sk_ac_avg solver=pyvrp stage=post_ls ls=pyvrp iter=9
2026-03-16 01:33:54 | INFO     | [POOL #01612] 1296 609 748 505 51 || mode=RB method=sk_ac_avg solver=pyvrp stage=post_ls ls=pyvrp iter=9
2026-03-16 01:33:54 | INFO     | [POOL #01613] 273 314 978 || mode=RB method=sk_ac_avg solver=pyvrp stage=post_ls ls=pyvrp iter=9
2026-03-16 01:33:54 | INFO     | [POOL #01614] 1304 403 1350 521 500 144 || mode=RB method=sk_ac_avg solver=pyvrp stage=post_ls ls=pyvrp iter=9
2026-03-16 01:33:54 | INFO     | [POOL #01615] 355 953 1362 || mode=RB method=sk_ac_avg solver=pyvrp stage=post_ls ls=pyvrp iter=9
2026-03-16 01:33:54 | INFO     | [POOL #01616] 275 1250 1335 || mode=RB method=sk_ac_avg solver=pyvrp stage=post_ls ls=pyvrp iter=9
2026-03-16 01:33:54 | INFO     | [POOL #01617] 1295 1281 342 || mode=RB method=sk_ac_avg solver=pyvrp stage=post_ls ls=pyvrp iter=9
2026-03-16 01:33:54 | INFO     | [POOL #01618] 1101 1063 934 || mode=RB method=sk_ac_avg solver=pyvrp stage=post_ls ls=pyvrp iter=9
2026-03-16 01:33:54 | INFO     | [POOL #01619] 138 1144 513 || mode=RB method=sk_ac_avg solver=pyvrp stage=post_ls ls=pyvrp iter=9
2026-03-16 01:33:54 | INFO     | [POOL #01620] 1329 986 176 || mode=RB method=sk_ac_avg solver=pyvrp stage=post_ls ls=pyvrp iter=9
2026-03-16 01:33:54 | INFO     | [POOL #01621] 622 137 1070 1233 || mode=RB method=sk_ac_avg solver=pyvrp stage=post_ls ls=pyvrp iter=9
2026-03-16 01:33:54 | INFO     | [POOL #01622] 179 408 983 || mode=RB method=sk_ac_avg solver=pyvrp stage=post_ls ls=pyvrp iter=9
2026-03-16 01:33:54 | INFO     | [POOL #01623] 328 103 942 || mode=RB method=sk_ac_avg solver=pyvrp stage=post_ls ls=pyvrp iter=9
2026-03-16 01:33:54 | INFO     | [POOL #01624] 1089 1371 636 || mode=RB method=sk_ac_avg solver=pyvrp stage=post_ls ls=pyvrp iter=9
2026-03-16 01:33:54 | INFO     | [POOL #01625] 1026 552 1298 1344 || mode=RB method=sk_ac_avg solver=pyvrp stage=post_ls ls=pyvrp iter=9
2026-03-16 01:33:54 | INFO     | [POOL #01626] 238 541 122 || mode=RB method=sk_ac_avg solver=pyvrp stage=post_ls ls=pyvrp iter=9
2026-03-16 01:33:54 | INFO     | [POOL #01627] 163 674 854 || mode=RB method=sk_ac_avg solver=pyvrp stage=post_ls ls=pyvrp iter=9
2026-03-16 01:33:54 | INFO     | [POOL #01628] 313 317 734 367 || mode=RB method=sk_ac_avg solver=pyvrp stage=post_ls ls=pyvrp iter=9
2026-03-16 01:33:54 | INFO     | [POOL #01629] 1352 1106 698 || mode=RB method=sk_ac_avg solver=pyvrp stage=post_ls ls=pyvrp iter=9
2026-03-16 01:33:54 | INFO     | [POOL #01630] 1259 114 747 || mode=RB method=sk_ac_avg solver=pyvrp stage=post_ls ls=pyvrp iter=9
2026-03-16 01:33:54 | INFO     | [POOL #01631] 289 82 439 || mode=RB method=sk_ac_avg solver=pyvrp stage=post_ls ls=pyvrp iter=9
2026-03-16 01:33:54 | INFO     | [POOL #01632] 1179 471 199 || mode=RB method=sk_ac_avg solver=pyvrp stage=post_ls ls=pyvrp iter=9
2026-03-16 01:33:54 | INFO     | [POOL #01633] 262 701 1337 219 1234 || mode=RB method=sk_ac_avg solver=pyvrp stage=post_ls ls=pyvrp iter=9
2026-03-16 01:33:54 | INFO     | [POOL #01634] 172 563 543 || mode=RB method=sk_ac_avg solver=pyvrp stage=post_ls ls=pyvrp iter=9
2026-03-16 01:33:54 | INFO     | [POOL #01635] 109 359 1082 || mode=RB method=sk_ac_avg solver=pyvrp stage=post_ls ls=pyvrp iter=9
2026-03-16 01:33:54 | INFO     | [POOL #01636] 1044 385 987 537 || mode=RB method=sk_ac_avg solver=pyvrp stage=post_ls ls=pyvrp iter=9
2026-03-16 01:33:54 | INFO     | [POOL #01637] 761 1086 1323 || mode=RB method=sk_ac_avg solver=pyvrp stage=post_ls ls=pyvrp iter=9
2026-03-16 01:33:54 | INFO     | [POOL #01638] 1028 446 405 || mode=RB method=sk_ac_avg solver=pyvrp stage=post_ls ls=pyvrp iter=9
2026-03-16 01:33:54 | INFO     | [POOL #01639] 1047 994 511 || mode=RB method=sk_ac_avg solver=pyvrp stage=post_ls ls=pyvrp iter=9
2026-03-16 01:33:54 | INFO     | [POOL #01640] 1037 271 653 || mode=RB method=sk_ac_avg solver=pyvrp stage=post_ls ls=pyvrp iter=9
2026-03-16 01:33:54 | INFO     | [POOL #01641] 264 915 896 || mode=RB method=sk_ac_avg solver=pyvrp stage=post_ls ls=pyvrp iter=9
2026-03-16 01:33:54 | INFO     | [POOL #01642] 152 237 1129 || mode=RB method=sk_ac_avg solver=pyvrp stage=post_ls ls=pyvrp iter=9
2026-03-16 01:33:54 | INFO     | [POOL #01643] 297 1134 550 1168 || mode=RB method=sk_ac_avg solver=pyvrp stage=post_ls ls=pyvrp iter=9
2026-03-16 01:33:54 | INFO     | [POOL #01644] 111 589 48 || mode=RB method=sk_ac_avg solver=pyvrp stage=post_ls ls=pyvrp iter=9
2026-03-16 01:33:54 | INFO     | [POOL #01645] 472 859 495 || mode=RB method=sk_ac_avg solver=pyvrp stage=post_ls ls=pyvrp iter=9
2026-03-16 01:33:54 | INFO     | [POOL #01646] 1029 74 1111 || mode=RB method=sk_ac_avg solver=pyvrp stage=post_ls ls=pyvrp iter=9
2026-03-16 01:33:54 | INFO     | [POOL #01647] 1112 121 250 1069 || mode=RB method=sk_ac_avg solver=pyvrp stage=post_ls ls=pyvrp iter=9
2026-03-16 01:33:54 | INFO     | [POOL #01648] 1348 127 725 386 || mode=RB method=sk_ac_avg solver=pyvrp stage=post_ls ls=pyvrp iter=9
2026-03-16 01:33:54 | INFO     | [POOL #01649] 1345 906 336 || mode=RB method=sk_ac_avg solver=pyvrp stage=post_ls ls=pyvrp iter=9
2026-03-16 01:33:54 | INFO     | [POOL #01650] 1308 797 339 || mode=RB method=sk_ac_avg solver=pyvrp stage=post_ls ls=pyvrp iter=9
2026-03-16 01:33:54 | INFO     | [POOL #01651] 234 364 165 1173 || mode=RB method=sk_ac_avg solver=pyvrp stage=post_ls ls=pyvrp iter=9
2026-03-16 01:33:54 | INFO     | [POOL #01652] 502 812 688 1216 || mode=RB method=sk_ac_avg solver=pyvrp stage=post_ls ls=pyvrp iter=9
2026-03-16 01:33:54 | INFO     | [POOL #01653] 291 45 15 || mode=RB method=sk_ac_avg solver=pyvrp stage=post_ls ls=pyvrp iter=9
2026-03-16 01:33:54 | INFO     | [POOL #01654] 612 450 910 720 878 46 1071 727 555 || mode=RB method=sk_ac_avg solver=pyvrp stage=post_ls ls=pyvrp iter=9
2026-03-16 01:33:54 | INFO     | [POOL #01655] 1031 488 913 194 1315 820 1148 703 || mode=RB method=sk_ac_avg solver=pyvrp stage=post_ls ls=pyvrp iter=9
2026-03-16 01:33:54 | INFO     | [POOL #01656] 276 1072 605 283 648 655 506 682 || mode=RB method=sk_ac_avg solver=pyvrp stage=post_ls ls=pyvrp iter=9
2026-03-16 01:33:54 | INFO     | [POOL #01657] 247 1333 343 1085 1189 597 870 528 865 1318 580 1282 158 1359 || mode=RB method=sk_ac_avg solver=pyvrp stage=post_ls ls=pyvrp iter=9
2026-03-16 01:33:54 | INFO     | [POOL #01658] 1120 1098 23 897 256 1228 267 686 420 494 1356 || mode=RB method=sk_ac_avg solver=pyvrp stage=post_ls ls=pyvrp iter=9
2026-03-16 01:33:54 | INFO     | [POOL #01659] 125 106 1301 188 || mode=RB method=sk_ac_avg solver=pyvrp stage=post_ls ls=pyvrp iter=9
2026-03-16 01:33:54 | INFO     | [POOL #01660] 581 667 1313 128 335 133 260 || mode=RB method=sk_ac_avg solver=pyvrp stage=post_ls ls=pyvrp iter=9
2026-03-16 01:33:54 | INFO     | [POOL #01661] 780 676 11 1157 769 1064 94 195 781 191 126 || mode=RB method=sk_ac_avg solver=pyvrp stage=post_ls ls=pyvrp iter=9
2026-03-16 01:33:54 | INFO     | [POOL #01662] 177 665 25 1046 887 1249 117 129 950 || mode=RB method=sk_ac_avg solver=pyvrp stage=post_ls ls=pyvrp iter=9
2026-03-16 01:33:54 | INFO     | [POOL #01663] 438 918 39 970 1010 715 645 452 1042 || mode=RB method=sk_ac_avg solver=pyvrp stage=post_ls ls=pyvrp iter=9
2026-03-16 01:33:54 | INFO     | [POOL #01664] 279 327 1291 477 157 1003 951 828 937 || mode=RB method=sk_ac_avg solver=pyvrp stage=post_ls ls=pyvrp iter=9
2026-03-16 01:33:54 | INFO     | [POOL #01665] 1251 1122 294 671 525 444 1217 || mode=RB method=sk_ac_avg solver=pyvrp stage=post_ls ls=pyvrp iter=9
2026-03-16 01:33:54 | INFO     | [POOL #01666] 1324 637 810 569 861 819 329 1343 || mode=RB method=sk_ac_avg solver=pyvrp stage=post_ls ls=pyvrp iter=9
2026-03-16 01:33:54 | INFO     | [POOL #01667] 341 790 625 614 816 825 1278 685 337 568 || mode=RB method=sk_ac_avg solver=pyvrp stage=post_ls ls=pyvrp iter=9
2026-03-16 01:33:54 | INFO     | [POOL #01668] 1314 577 232 657 736 435 1125 948 570 508 1164 207 || mode=RB method=sk_ac_avg solver=pyvrp stage=post_ls ls=pyvrp iter=9
2026-03-16 01:33:54 | INFO     | [POOL #01669] 868 617 1155 695 535 766 531 776 352 || mode=RB method=sk_ac_avg solver=pyvrp stage=post_ls ls=pyvrp iter=9
2026-03-16 01:33:54 | INFO     | [POOL #01670] 532 1300 1210 615 105 59 447 949 1137 167 || mode=RB method=sk_ac_avg solver=pyvrp stage=post_ls ls=pyvrp iter=9
2026-03-16 01:33:54 | INFO     | [POOL #01671] 142 850 595 697 40 1220 41 911 560 || mode=RB method=sk_ac_avg solver=pyvrp stage=post_ls ls=pyvrp iter=9
2026-03-16 01:33:54 | INFO     | [POOL #01672] 89 246 811 311 1206 877 995 585 561 1095 || mode=RB method=sk_ac_avg solver=pyvrp stage=post_ls ls=pyvrp iter=9
2026-03-16 01:33:54 | INFO     | [POOL #01673] 140 224 1033 164 848 1275 96 908 772 629 43 295 544 || mode=RB method=sk_ac_avg solver=pyvrp stage=post_ls ls=pyvrp iter=9
2026-03-16 01:33:54 | INFO     | [POOL #01674] 905 603 943 124 || mode=RB method=sk_ac_avg solver=pyvrp stage=post_ls ls=pyvrp iter=9
2026-03-16 01:33:54 | INFO     | [POOL #01675] 1145 418 862 180 || mode=RB method=sk_ac_avg solver=pyvrp stage=post_ls ls=pyvrp iter=9
2026-03-16 01:33:54 | INFO     | [POOL #01676] 151 1083 499 742 || mode=RB method=sk_ac_avg solver=pyvrp stage=post_ls ls=pyvrp iter=9
2026-03-16 01:33:54 | INFO     | [POOL #01677] 640 768 713 36 288 866 773 || mode=RB method=sk_ac_avg solver=pyvrp stage=post_ls ls=pyvrp iter=9
2026-03-16 01:33:54 | INFO     | [POOL #01678] 1005 1152 1032 || mode=RB method=sk_ac_avg solver=pyvrp stage=post_ls ls=pyvrp iter=9
2026-03-16 01:33:54 | INFO     | [POOL #01679] 586 917 1000 996 1150 1183 || mode=RB method=sk_ac_avg solver=pyvrp stage=post_ls ls=pyvrp iter=9
2026-03-16 01:33:54 | INFO     | [POOL #01680] 1238 1336 1370 969 || mode=RB method=sk_ac_avg solver=pyvrp stage=post_ls ls=pyvrp iter=9
2026-03-16 01:33:54 | INFO     | [POOL #01681] 368 42 249 1159 1160 || mode=RB method=sk_ac_avg solver=pyvrp stage=post_ls ls=pyvrp iter=9
2026-03-16 01:33:54 | INFO     | [POOL #01682] 334 853 382 87 17 750 464 || mode=RB method=sk_ac_avg solver=pyvrp stage=post_ls ls=pyvrp iter=9
2026-03-16 01:33:54 | INFO     | [POOL #01683] 12 936 392 || mode=RB method=sk_ac_avg solver=pyvrp stage=post_ls ls=pyvrp iter=9
2026-03-16 01:33:54 | INFO     | [POOL #01684] 888 633 202 || mode=RB method=sk_ac_avg solver=pyvrp stage=post_ls ls=pyvrp iter=9
2026-03-16 01:33:54 | INFO     | [POOL #01685] 554 711 928 1200 || mode=RB method=sk_ac_avg solver=pyvrp stage=post_ls ls=pyvrp iter=9
2026-03-16 01:33:54 | INFO     | [POOL #01686] 1263 842 1240 694 || mode=RB method=sk_ac_avg solver=pyvrp stage=post_ls ls=pyvrp iter=9
2026-03-16 01:33:54 | INFO     | [POOL #01687] 635 201 706 || mode=RB method=sk_ac_avg solver=pyvrp stage=post_ls ls=pyvrp iter=9
2026-03-16 01:33:54 | INFO     | [POOL #01688] 270 221 962 || mode=RB method=sk_ac_avg solver=pyvrp stage=post_ls ls=pyvrp iter=9
2026-03-16 01:33:54 | INFO     | [POOL #01689] 362 1187 200 || mode=RB method=sk_ac_avg solver=pyvrp stage=post_ls ls=pyvrp iter=9
2026-03-16 01:33:54 | INFO     | [POOL #01690] 787 1118 254 || mode=RB method=sk_ac_avg solver=pyvrp stage=post_ls ls=pyvrp iter=9
2026-03-16 01:33:54 | INFO     | [POOL #01691] 634 1162 469 || mode=RB method=sk_ac_avg solver=pyvrp stage=post_ls ls=pyvrp iter=9
2026-03-16 01:33:54 | INFO     | [POOL #01692] 33 1230 349 || mode=RB method=sk_ac_avg solver=pyvrp stage=post_ls ls=pyvrp iter=9
2026-03-16 01:33:54 | INFO     | [POOL #01693] 647 7 741 || mode=RB method=sk_ac_avg solver=pyvrp stage=post_ls ls=pyvrp iter=9
2026-03-16 01:33:54 | INFO     | [POOL #01694] 1229 1236 1285 641 255 322 894 762 206 809 || mode=RB method=sk_ac_avg solver=pyvrp stage=post_ls ls=pyvrp iter=9
2026-03-16 01:33:54 | INFO     | [POOL #01695] 211 1050 1079 1008 672 1139 558 375 1334 879 281 1013 || mode=RB method=sk_ac_avg solver=pyvrp stage=post_ls ls=pyvrp iter=9
2026-03-16 01:33:54 | INFO     | [POOL #01696] 185 70 55 539 340 347 1188 421 644 860 840 1143 29 1185 353 515 479 1302 || mode=RB method=sk_ac_avg solver=pyvrp stage=post_ls ls=pyvrp iter=9
2026-03-16 01:33:54 | INFO     | [POOL #01697] 161 19 205 1012 441 678 530 788 834 542 1265 223 || mode=RB method=sk_ac_avg solver=pyvrp stage=post_ls ls=pyvrp iter=9
2026-03-16 01:33:54 | INFO     | [POOL #01698] 1171 181 233 826 599 445 679 1 1140 141 376 || mode=RB method=sk_ac_avg solver=pyvrp stage=post_ls ls=pyvrp iter=9
2026-03-16 01:33:54 | INFO     | [POOL #01699] 1353 716 935 226 1147 642 1116 198 576 || mode=RB method=sk_ac_avg solver=pyvrp stage=post_ls ls=pyvrp iter=9
2026-03-16 01:33:54 | INFO     | [POOL #01700] 47 146 430 413 1030 296 1191 982 3 1142 474 108 || mode=RB method=sk_ac_avg solver=pyvrp stage=post_ls ls=pyvrp iter=9
2026-03-16 01:33:54 | INFO     | [POOL #01701] 889 391 738 104 829 178 1357 1226 448 || mode=RB method=sk_ac_avg solver=pyvrp stage=post_ls ls=pyvrp iter=9
2026-03-16 01:33:54 | INFO     | [POOL #01702] 786 50 290 || mode=RB method=sk_ac_avg solver=pyvrp stage=post_ls ls=pyvrp iter=9
2026-03-16 01:33:54 | INFO     | [POOL #01703] 677 600 1058 345 || mode=RB method=sk_ac_avg solver=pyvrp stage=post_ls ls=pyvrp iter=9
2026-03-16 01:33:54 | INFO     | [POOL #01704] 183 485 1097 || mode=RB method=sk_ac_avg solver=pyvrp stage=post_ls ls=pyvrp iter=9
2026-03-16 01:33:54 | INFO     | [POOL #01705] 220 608 454 || mode=RB method=sk_ac_avg solver=pyvrp stage=post_ls ls=pyvrp iter=9
2026-03-16 01:33:54 | INFO     | [POOL #01706] 357 1197 907 590 || mode=RB method=sk_ac_avg solver=pyvrp stage=post_ls ls=pyvrp iter=9
2026-03-16 01:33:54 | INFO     | [POOL #01707] 102 651 785 || mode=RB method=sk_ac_avg solver=pyvrp stage=post_ls ls=pyvrp iter=9
2026-03-16 01:33:54 | INFO     | [POOL #01708] 235 16 1109 1161 215 168 || mode=RB method=sk_ac_avg solver=pyvrp stage=post_ls ls=pyvrp iter=9
2026-03-16 01:33:54 | INFO     | [POOL #01709] 1267 572 1288 196 204 || mode=RB method=sk_ac_avg solver=pyvrp stage=post_ls ls=pyvrp iter=9
2026-03-16 01:33:54 | INFO     | [POOL #01710] 235 16 1109 1161 215 168 612 204 || mode=SCP method=gurobi_mip solver=UNKNOWN stage=scp_post_ls ls=N/A iter=9
2026-03-16 01:33:54 | INFO     | [POOL #01711] 264 896 1110 196 || mode=SCP method=gurobi_mip solver=UNKNOWN stage=scp_post_ls ls=N/A iter=9
2026-03-16 01:33:54 | INFO     | [POOL #01712] 301 1119 1074 || mode=VB method=k_medoids_pyclustering solver=filo2 stage=post_ls ls=pyvrp iter=10
2026-03-16 01:33:54 | INFO     | [POOL #01713] 1337 701 262 || mode=VB method=k_medoids_pyclustering solver=filo2 stage=post_ls ls=pyvrp iter=10
2026-03-16 01:33:54 | INFO     | [POOL #01714] 217 563 172 || mode=VB method=k_medoids_pyclustering solver=filo2 stage=post_ls ls=pyvrp iter=10
2026-03-16 01:33:54 | INFO     | [POOL #01715] 706 1001 451 || mode=VB method=k_medoids_pyclustering solver=filo2 stage=post_ls ls=pyvrp iter=10
2026-03-16 01:33:54 | INFO     | [POOL #01716] 1132 529 411 || mode=VB method=k_medoids_pyclustering solver=filo2 stage=post_ls ls=pyvrp iter=10
2026-03-16 01:33:54 | INFO     | [POOL #01717] 180 947 1151 || mode=VB method=k_medoids_pyclustering solver=filo2 stage=post_ls ls=pyvrp iter=10
2026-03-16 01:33:54 | INFO     | [POOL #01718] 1089 328 143 709 || mode=VB method=k_medoids_pyclustering solver=filo2 stage=post_ls ls=pyvrp iter=10
2026-03-16 01:33:54 | INFO     | [POOL #01719] 782 919 242 || mode=VB method=k_medoids_pyclustering solver=filo2 stage=post_ls ls=pyvrp iter=10
2026-03-16 01:33:54 | INFO     | [POOL #01720] 320 1007 714 || mode=VB method=k_medoids_pyclustering solver=filo2 stage=post_ls ls=pyvrp iter=10
2026-03-16 01:33:54 | INFO     | [POOL #01721] 867 1227 773 862 || mode=VB method=k_medoids_pyclustering solver=filo2 stage=post_ls ls=pyvrp iter=10
2026-03-16 01:33:54 | INFO     | [POOL #01722] 543 251 559 30 || mode=VB method=k_medoids_pyclustering solver=filo2 stage=post_ls ls=pyvrp iter=10
2026-03-16 01:33:54 | INFO     | [POOL #01723] 270 1087 1149 || mode=VB method=k_medoids_pyclustering solver=filo2 stage=post_ls ls=pyvrp iter=10
2026-03-16 01:33:54 | INFO     | [POOL #01724] 1232 82 439 || mode=VB method=k_medoids_pyclustering solver=filo2 stage=post_ls ls=pyvrp iter=10
2026-03-16 01:33:54 | INFO     | [POOL #01725] 838 97 499 || mode=VB method=k_medoids_pyclustering solver=filo2 stage=post_ls ls=pyvrp iter=10
2026-03-16 01:33:54 | INFO     | [POOL #01726] 1000 996 573 912 1309 956 1269 32 1193 141 233 161 982 430 || mode=VB method=k_medoids_pyclustering solver=filo2 stage=post_ls ls=pyvrp iter=10
2026-03-16 01:33:54 | INFO     | [POOL #01727] 547 962 1162 || mode=VB method=k_medoids_pyclustering solver=filo2 stage=post_ls ls=pyvrp iter=10
2026-03-16 01:33:54 | INFO     | [POOL #01728] 1317 924 654 || mode=VB method=k_medoids_pyclustering solver=filo2 stage=post_ls ls=pyvrp iter=10
2026-03-16 01:33:54 | INFO     | [POOL #01729] 122 541 981 || mode=VB method=k_medoids_pyclustering solver=filo2 stage=post_ls ls=pyvrp iter=10
2026-03-16 01:33:54 | INFO     | [POOL #01730] 206 801 240 1372 57 946 185 448 223 || mode=VB method=k_medoids_pyclustering solver=filo2 stage=post_ls ls=pyvrp iter=10
2026-03-16 01:33:54 | INFO     | [POOL #01731] 610 399 1133 261 1303 1020 95 371 397 989 || mode=VB method=k_medoids_pyclustering solver=filo2 stage=post_ls ls=pyvrp iter=10
2026-03-16 01:33:54 | INFO     | [POOL #01732] 967 1280 770 1145 222 415 || mode=VB method=k_medoids_pyclustering solver=filo2 stage=post_ls ls=pyvrp iter=10
2026-03-16 01:33:54 | INFO     | [POOL #01733] 533 92 299 979 298 61 139 1027 || mode=VB method=k_medoids_pyclustering solver=filo2 stage=post_ls ls=pyvrp iter=10
2026-03-16 01:33:54 | INFO     | [POOL #01734] 1371 1105 312 || mode=VB method=k_medoids_pyclustering solver=filo2 stage=post_ls ls=pyvrp iter=10
2026-03-16 01:33:54 | INFO     | [POOL #01735] 802 238 367 734 || mode=VB method=k_medoids_pyclustering solver=filo2 stage=post_ls ls=pyvrp iter=10
2026-03-16 01:33:54 | INFO     | [POOL #01736] 1222 984 1361 369 287 784 427 1084 136 || mode=VB method=k_medoids_pyclustering solver=filo2 stage=post_ls ls=pyvrp iter=10
2026-03-16 01:33:54 | INFO     | [POOL #01737] 192 483 1344 884 || mode=VB method=k_medoids_pyclustering solver=filo2 stage=post_ls ls=pyvrp iter=10
2026-03-16 01:33:54 | INFO     | [POOL #01738] 1190 564 925 || mode=VB method=k_medoids_pyclustering solver=filo2 stage=post_ls ls=pyvrp iter=10
2026-03-16 01:33:54 | INFO     | [POOL #01739] 288 722 443 917 1183 || mode=VB method=k_medoids_pyclustering solver=filo2 stage=post_ls ls=pyvrp iter=10
2026-03-16 01:33:54 | INFO     | [POOL #01740] 965 1270 184 484 363 664 489 265 || mode=VB method=k_medoids_pyclustering solver=filo2 stage=post_ls ls=pyvrp iter=10
2026-03-16 01:33:54 | INFO     | [POOL #01741] 479 762 894 322 255 641 1285 1236 55 1229 70 || mode=VB method=k_medoids_pyclustering solver=filo2 stage=post_ls ls=pyvrp iter=10
2026-03-16 01:33:54 | INFO     | [POOL #01742] 2 699 1299 768 || mode=VB method=k_medoids_pyclustering solver=filo2 stage=post_ls ls=pyvrp iter=10
2026-03-16 01:33:54 | INFO     | [POOL #01743] 1364 1279 404 619 418 || mode=VB method=k_medoids_pyclustering solver=filo2 stage=post_ls ls=pyvrp iter=10
2026-03-16 01:33:54 | INFO     | [POOL #01744] 27 457 873 874 883 966 1322 621 549 613 1055 || mode=VB method=k_medoids_pyclustering solver=filo2 stage=post_ls ls=pyvrp iter=10
2026-03-16 01:33:54 | INFO     | [POOL #01745] 464 1159 638 17 87 334 249 42 || mode=VB method=k_medoids_pyclustering solver=filo2 stage=post_ls ls=pyvrp iter=10
2026-03-16 01:33:54 | INFO     | [POOL #01746] 1171 108 181 826 599 1140 1 679 445 829 104 || mode=VB method=k_medoids_pyclustering solver=filo2 stage=post_ls ls=pyvrp iter=10
2026-03-16 01:33:54 | INFO     | [POOL #01747] 414 696 1223 656 1036 1038 631 593 824 856 47 || mode=VB method=k_medoids_pyclustering solver=filo2 stage=post_ls ls=pyvrp iter=10
2026-03-16 01:33:54 | INFO     | [POOL #01748] 716 935 226 1142 3 376 1147 642 1116 198 || mode=VB method=k_medoids_pyclustering solver=filo2 stage=post_ls ls=pyvrp iter=10
2026-03-16 01:33:54 | INFO     | [POOL #01749] 809 1302 813 904 574 726 763 211 462 771 259 453 || mode=VB method=k_medoids_pyclustering solver=filo2 stage=post_ls ls=pyvrp iter=10
2026-03-16 01:33:54 | INFO     | [POOL #01750] 673 419 1178 689 743 632 1052 || mode=VB method=k_medoids_pyclustering solver=filo2 stage=post_ls ls=pyvrp iter=10
2026-03-16 01:33:54 | INFO     | [POOL #01751] 640 750 754 428 1241 1294 18 1065 898 690 || mode=VB method=k_medoids_pyclustering solver=filo2 stage=post_ls ls=pyvrp iter=10
2026-03-16 01:33:54 | INFO     | [POOL #01752] 434 669 1009 360 481 1252 1274 154 319 1165 69 || mode=VB method=k_medoids_pyclustering solver=filo2 stage=post_ls ls=pyvrp iter=10
2026-03-16 01:33:54 | INFO     | [POOL #01753] 151 1049 1353 134 333 442 764 75 || mode=VB method=k_medoids_pyclustering solver=filo2 stage=post_ls ls=pyvrp iter=10
2026-03-16 01:33:54 | INFO     | [POOL #01754] 1138 1045 954 851 1048 394 795 309 1102 1312 84 || mode=VB method=k_medoids_pyclustering solver=filo2 stage=post_ls ls=pyvrp iter=10
2026-03-16 01:33:54 | INFO     | [POOL #01755] 1141 831 123 724 735 406 293 100 || mode=VB method=k_medoids_pyclustering solver=filo2 stage=post_ls ls=pyvrp iter=10
2026-03-16 01:33:54 | INFO     | [POOL #01756] 1192 1050 353 1185 29 1143 840 860 644 421 1188 347 340 539 || mode=VB method=k_medoids_pyclustering solver=filo2 stage=post_ls ls=pyvrp iter=10
2026-03-16 01:33:54 | INFO     | [POOL #01757] 1160 36 1150 1060 1373 402 977 566 186 576 243 || mode=VB method=k_medoids_pyclustering solver=filo2 stage=post_ls ls=pyvrp iter=10
2026-03-16 01:33:54 | INFO     | [POOL #01758] 1265 1226 542 834 788 530 678 441 1012 205 19 || mode=VB method=k_medoids_pyclustering solver=filo2 stage=post_ls ls=pyvrp iter=10
2026-03-16 01:33:54 | INFO     | [POOL #01759] 876 760 1215 213 1256 1253 || mode=VB method=k_medoids_pyclustering solver=filo2 stage=post_ls ls=pyvrp iter=10
2026-03-16 01:33:54 | INFO     | [POOL #01760] 113 486 1199 432 1198 350 881 863 || mode=VB method=k_medoids_pyclustering solver=filo2 stage=post_ls ls=pyvrp iter=10
2026-03-16 01:33:54 | INFO     | [POOL #01761] 148 1030 296 889 1357 178 738 391 1191 413 231 || mode=VB method=k_medoids_pyclustering solver=filo2 stage=post_ls ls=pyvrp iter=10
2026-03-16 01:33:54 | INFO     | [POOL #01762] 77 90 604 1088 1316 903 436 306 901 || mode=VB method=k_medoids_pyclustering solver=filo2 stage=post_ls ls=pyvrp iter=10
2026-03-16 01:33:54 | INFO     | [POOL #01763] 553 1225 857 98 459 662 146 474 393 565 941 || mode=VB method=k_medoids_pyclustering solver=filo2 stage=post_ls ls=pyvrp iter=10
2026-03-16 01:33:54 | INFO     | [POOL #01764] 955 1079 1008 672 1139 558 375 1334 879 281 515 1013 13 || mode=VB method=k_medoids_pyclustering solver=filo2 stage=post_ls ls=pyvrp iter=10
2026-03-16 01:33:54 | INFO     | [POOL #01765] 1037 1028 405 || mode=VB method=k_medoids_pyclustering solver=filo2 stage=post_ls ls=pyvrp iter=10
2026-03-16 01:33:54 | INFO     | [POOL #01766] 1097 485 964 || mode=VB method=k_medoids_pyclustering solver=filo2 stage=post_ls ls=pyvrp iter=10
2026-03-16 01:33:54 | INFO     | [POOL #01767] 628 1144 138 || mode=VB method=k_medoids_pyclustering solver=filo2 stage=post_ls ls=pyvrp iter=10
2026-03-16 01:33:54 | INFO     | [POOL #01768] 1289 1112 527 || mode=VB method=k_medoids_pyclustering solver=filo2 stage=post_ls ls=pyvrp iter=10
2026-03-16 01:33:54 | INFO     | [POOL #01769] 1094 274 454 || mode=VB method=k_medoids_pyclustering solver=filo2 stage=post_ls ls=pyvrp iter=10
2026-03-16 01:33:54 | INFO     | [POOL #01770] 336 1216 906 1358 || mode=VB method=k_medoids_pyclustering solver=filo2 stage=post_ls ls=pyvrp iter=10
2026-03-16 01:33:54 | INFO     | [POOL #01771] 386 1186 1086 || mode=VB method=k_medoids_pyclustering solver=filo2 stage=post_ls ls=pyvrp iter=10
2026-03-16 01:33:54 | INFO     | [POOL #01772] 497 1166 153 269 276 1072 54 197 || mode=VB method=k_medoids_pyclustering solver=filo2 stage=post_ls ls=pyvrp iter=10
2026-03-16 01:33:54 | INFO     | [POOL #01773] 490 398 717 522 || mode=VB method=k_medoids_pyclustering solver=filo2 stage=post_ls ls=pyvrp iter=10
2026-03-16 01:33:54 | INFO     | [POOL #01774] 675 1254 52 || mode=VB method=k_medoids_pyclustering solver=filo2 stage=post_ls ls=pyvrp iter=10
2026-03-16 01:33:54 | INFO     | [POOL #01775] 1002 510 492 321 || mode=VB method=k_medoids_pyclustering solver=filo2 stage=post_ls ls=pyvrp iter=10
2026-03-16 01:33:54 | INFO     | [POOL #01776] 1082 111 922 || mode=VB method=k_medoids_pyclustering solver=filo2 stage=post_ls ls=pyvrp iter=10
2026-03-16 01:33:54 | INFO     | [POOL #01777] 1308 339 1345 || mode=VB method=k_medoids_pyclustering solver=filo2 stage=post_ls ls=pyvrp iter=10
2026-03-16 01:33:54 | INFO     | [POOL #01778] 403 51 1258 991 || mode=VB method=k_medoids_pyclustering solver=filo2 stage=post_ls ls=pyvrp iter=10
2026-03-16 01:33:54 | INFO     | [POOL #01779] 1174 1340 359 || mode=VB method=k_medoids_pyclustering solver=filo2 stage=post_ls ls=pyvrp iter=10
2026-03-16 01:33:54 | INFO     | [POOL #01780] 159 1169 1208 1307 || mode=VB method=k_medoids_pyclustering solver=filo2 stage=post_ls ls=pyvrp iter=10
2026-03-16 01:33:54 | INFO     | [POOL #01781] 1111 761 433 || mode=VB method=k_medoids_pyclustering solver=filo2 stage=post_ls ls=pyvrp iter=10
2026-03-16 01:33:54 | INFO     | [POOL #01782] 1214 707 1260 284 377 207 423 160 575 568 793 || mode=VB method=k_medoids_pyclustering solver=filo2 stage=post_ls ls=pyvrp iter=10
2026-03-16 01:33:54 | INFO     | [POOL #01783] 1130 504 815 512 450 || mode=VB method=k_medoids_pyclustering solver=filo2 stage=post_ls ls=pyvrp iter=10
2026-03-16 01:33:54 | INFO     | [POOL #01784] 204 502 915 291 812 || mode=VB method=k_medoids_pyclustering solver=filo2 stage=post_ls ls=pyvrp iter=10
2026-03-16 01:33:54 | INFO     | [POOL #01785] 878 46 727 1071 913 1148 488 || mode=VB method=k_medoids_pyclustering solver=filo2 stage=post_ls ls=pyvrp iter=10
2026-03-16 01:33:54 | INFO     | [POOL #01786] 1085 605 283 648 655 1359 682 506 || mode=VB method=k_medoids_pyclustering solver=filo2 stage=post_ls ls=pyvrp iter=10
2026-03-16 01:33:54 | INFO     | [POOL #01787] 1073 1288 572 168 || mode=VB method=k_medoids_pyclustering solver=filo2 stage=post_ls ls=pyvrp iter=10
2026-03-16 01:33:54 | INFO     | [POOL #01788] 16 1109 1161 215 1283 || mode=VB method=k_medoids_pyclustering solver=filo2 stage=post_ls ls=pyvrp iter=10
2026-03-16 01:33:54 | INFO     | [POOL #01789] 1304 273 1350 || mode=VB method=k_medoids_pyclustering solver=filo2 stage=post_ls ls=pyvrp iter=10
2026-03-16 01:33:54 | INFO     | [POOL #01790] 60 945 721 843 || mode=VB method=k_medoids_pyclustering solver=filo2 stage=post_ls ls=pyvrp iter=10
2026-03-16 01:33:54 | INFO     | [POOL #01791] 71 973 818 || mode=VB method=k_medoids_pyclustering solver=filo2 stage=post_ls ls=pyvrp iter=10
2026-03-16 01:33:54 | INFO     | [POOL #01792] 171 302 15 1110 || mode=VB method=k_medoids_pyclustering solver=filo2 stage=post_ls ls=pyvrp iter=10
2026-03-16 01:33:54 | INFO     | [POOL #01793] 785 344 598 || mode=VB method=k_medoids_pyclustering solver=filo2 stage=post_ls ls=pyvrp iter=10
2026-03-16 01:33:54 | INFO     | [POOL #01794] 1068 463 1146 456 1243 902 1286 1339 || mode=VB method=k_medoids_pyclustering solver=filo2 stage=post_ls ls=pyvrp iter=10
2026-03-16 01:33:54 | INFO     | [POOL #01795] 140 452 645 715 279 1010 970 39 918 || mode=VB method=k_medoids_pyclustering solver=filo2 stage=post_ls ls=pyvrp iter=10
2026-03-16 01:33:54 | INFO     | [POOL #01796] 765 370 175 || mode=VB method=k_medoids_pyclustering solver=filo2 stage=post_ls ls=pyvrp iter=10
2026-03-16 01:33:54 | INFO     | [POOL #01797] 1266 627 892 937 1122 556 149 216 || mode=VB method=k_medoids_pyclustering solver=filo2 stage=post_ls ls=pyvrp iter=10
2026-03-16 01:33:54 | INFO     | [POOL #01798] 755 708 1058 600 || mode=VB method=k_medoids_pyclustering solver=filo2 stage=post_ls ls=pyvrp iter=10
2026-03-16 01:33:54 | INFO     | [POOL #01799] 1368 893 688 || mode=VB method=k_medoids_pyclustering solver=filo2 stage=post_ls ls=pyvrp iter=10
2026-03-16 01:33:54 | INFO     | [POOL #01800] 931 1164 101 332 417 749 799 1127 1366 540 852 1080 835 || mode=VB method=k_medoids_pyclustering solver=filo2 stage=post_ls ls=pyvrp iter=10
2026-03-16 01:33:54 | INFO     | [POOL #01801] 232 167 766 695 1155 617 850 868 || mode=VB method=k_medoids_pyclustering solver=filo2 stage=post_ls ls=pyvrp iter=10
2026-03-16 01:33:54 | INFO     | [POOL #01802] 589 844 507 || mode=VB method=k_medoids_pyclustering solver=filo2 stage=post_ls ls=pyvrp iter=10
2026-03-16 01:33:54 | INFO     | [POOL #01803] 521 609 277 505 748 || mode=VB method=k_medoids_pyclustering solver=filo2 stage=post_ls ls=pyvrp iter=10
2026-03-16 01:33:54 | INFO     | [POOL #01804] 468 1196 26 381 864 1115 930 || mode=VB method=k_medoids_pyclustering solver=filo2 stage=post_ls ls=pyvrp iter=10
2026-03-16 01:33:54 | INFO     | [POOL #01805] 150 106 1301 872 || mode=VB method=k_medoids_pyclustering solver=filo2 stage=post_ls ls=pyvrp iter=10
2026-03-16 01:33:54 | INFO     | [POOL #01806] 520 244 487 444 1251 361 14 || mode=VB method=k_medoids_pyclustering solver=filo2 stage=post_ls ls=pyvrp iter=10
2026-03-16 01:33:54 | INFO     | [POOL #01807] 1108 1264 247 1333 720 910 555 681 147 767 || mode=VB method=k_medoids_pyclustering solver=filo2 stage=post_ls ls=pyvrp iter=10
2026-03-16 01:33:54 | INFO     | [POOL #01808] 1003 1095 810 569 861 819 329 1291 327 || mode=VB method=k_medoids_pyclustering solver=filo2 stage=post_ls ls=pyvrp iter=10
2026-03-16 01:33:54 | INFO     | [POOL #01809] 234 511 1255 188 196 || mode=VB method=k_medoids_pyclustering solver=filo2 stage=post_ls ls=pyvrp iter=10
2026-03-16 01:33:54 | INFO     | [POOL #01810] 921 165 461 || mode=VB method=k_medoids_pyclustering solver=filo2 stage=post_ls ls=pyvrp iter=10
2026-03-16 01:33:54 | INFO     | [POOL #01811] 164 335 128 697 532 40 1220 477 560 || mode=VB method=k_medoids_pyclustering solver=filo2 stage=post_ls ls=pyvrp iter=10
2026-03-16 01:33:54 | INFO     | [POOL #01812] 733 806 354 323 390 330 || mode=VB method=k_medoids_pyclustering solver=filo2 stage=post_ls ls=pyvrp iter=10
2026-03-16 01:33:54 | INFO     | [POOL #01813] 827 758 746 384 187 337 341 671 56 || mode=VB method=k_medoids_pyclustering solver=filo2 stage=post_ls ls=pyvrp iter=10
2026-03-16 01:33:54 | INFO     | [POOL #01814] 719 1042 235 438 670 1177 303 1093 65 253 || mode=VB method=k_medoids_pyclustering solver=filo2 stage=post_ls ls=pyvrp iter=10
2026-03-16 01:33:54 | INFO     | [POOL #01815] 119 1107 374 1365 || mode=VB method=k_medoids_pyclustering solver=filo2 stage=post_ls ls=pyvrp iter=10
2026-03-16 01:33:54 | INFO     | [POOL #01816] 426 705 538 1195 1180 318 524 || mode=VB method=k_medoids_pyclustering solver=filo2 stage=post_ls ls=pyvrp iter=10
2026-03-16 01:33:54 | INFO     | [POOL #01817] 756 960 422 1305 1016 193 || mode=VB method=k_medoids_pyclustering solver=filo2 stage=post_ls ls=pyvrp iter=10
2026-03-16 01:33:54 | INFO     | [POOL #01818] 780 11 96 1275 908 772 629 43 1064 769 1157 || mode=VB method=k_medoids_pyclustering solver=filo2 stage=post_ls ls=pyvrp iter=10
2026-03-16 01:33:54 | INFO     | [POOL #01819] 544 126 295 191 781 686 420 494 1356 1315 703 || mode=VB method=k_medoids_pyclustering solver=filo2 stage=post_ls ls=pyvrp iter=10
2026-03-16 01:33:54 | INFO     | [POOL #01820] 1343 911 260 41 133 1313 667 581 1033 224 || mode=VB method=k_medoids_pyclustering solver=filo2 stage=post_ls ls=pyvrp iter=10
2026-03-16 01:33:54 | INFO     | [POOL #01821] 343 1189 158 1282 580 1318 865 528 1098 194 1120 820 1031 || mode=VB method=k_medoids_pyclustering solver=filo2 stage=post_ls ls=pyvrp iter=10
2026-03-16 01:33:54 | INFO     | [POOL #01822] 219 745 1158 1247 351 227 514 900 885 998 971 1163 248 || mode=VB method=k_medoids_pyclustering solver=filo2 stage=post_ls ls=pyvrp iter=10
2026-03-16 01:33:54 | INFO     | [POOL #01823] 1217 909 1324 525 1167 1246 1204 491 1201 || mode=VB method=k_medoids_pyclustering solver=filo2 stage=post_ls ls=pyvrp iter=10
2026-03-16 01:33:54 | INFO     | [POOL #01824] 1019 606 1271 508 570 948 1125 535 435 736 776 577 || mode=VB method=k_medoids_pyclustering solver=filo2 stage=post_ls ls=pyvrp iter=10
2026-03-16 01:33:54 | INFO     | [POOL #01825] 212 855 1239 58 1121 1319 272 308 1234 || mode=VB method=k_medoids_pyclustering solver=filo2 stage=post_ls ls=pyvrp iter=10
2026-03-16 01:33:54 | INFO     | [POOL #01826] 676 195 94 267 1228 256 897 23 597 870 612 || mode=VB method=k_medoids_pyclustering solver=filo2 stage=post_ls ls=pyvrp iter=10
2026-03-16 01:33:54 | INFO     | [POOL #01827] 1314 657 790 625 614 816 825 1278 685 || mode=VB method=k_medoids_pyclustering solver=filo2 stage=post_ls ls=pyvrp iter=10
2026-03-16 01:33:54 | INFO     | [POOL #01828] 733 1016 193 806 354 390 || mode=RB method=sk_kmeans solver=pyvrp stage=post_ls ls=pyvrp iter=11
2026-03-16 01:33:54 | INFO     | [POOL #01829] 756 960 323 968 330 || mode=RB method=sk_kmeans solver=pyvrp stage=post_ls ls=pyvrp iter=11
2026-03-16 01:33:54 | INFO     | [POOL #01830] 1074 947 647 || mode=RB method=sk_kmeans solver=pyvrp stage=post_ls ls=pyvrp iter=11
2026-03-16 01:33:54 | INFO     | [POOL #01831] 222 1172 415 || mode=RB method=sk_kmeans solver=pyvrp stage=post_ls ls=pyvrp iter=11
2026-03-16 01:33:54 | INFO     | [POOL #01832] 151 1279 404 619 1364 1145 867 || mode=RB method=sk_kmeans solver=pyvrp stage=post_ls ls=pyvrp iter=11
2026-03-16 01:33:54 | INFO     | [POOL #01833] 1280 1084 427 287 369 1361 984 484 1222 || mode=RB method=sk_kmeans solver=pyvrp stage=post_ls ls=pyvrp iter=11
2026-03-16 01:33:54 | INFO     | [POOL #01834] 180 862 418 || mode=RB method=sk_kmeans solver=pyvrp stage=post_ls ls=pyvrp iter=11
2026-03-16 01:33:54 | INFO     | [POOL #01835] 1227 75 764 134 1049 770 || mode=RB method=sk_kmeans solver=pyvrp stage=post_ls ls=pyvrp iter=11
2026-03-16 01:33:54 | INFO     | [POOL #01836] 47 784 856 824 631 1038 1036 656 1223 13 || mode=RB method=sk_kmeans solver=pyvrp stage=post_ls ls=pyvrp iter=11
2026-03-16 01:33:54 | INFO     | [POOL #01837] 83 1230 162 || mode=RB method=sk_kmeans solver=pyvrp stage=post_ls ls=pyvrp iter=11
2026-03-16 01:33:54 | INFO     | [POOL #01838] 941 1353 393 146 459 98 857 148 565 967 231 || mode=RB method=sk_kmeans solver=pyvrp stage=post_ls ls=pyvrp iter=11
2026-03-16 01:33:54 | INFO     | [POOL #01839] 593 1372 762 479 211 240 771 206 1302 809 || mode=RB method=sk_kmeans solver=pyvrp stage=post_ls ls=pyvrp iter=11
2026-03-16 01:33:54 | INFO     | [POOL #01840] 1171 430 296 1357 1226 448 185 57 801 259 453 || mode=RB method=sk_kmeans solver=pyvrp stage=post_ls ls=pyvrp iter=11
2026-03-16 01:33:54 | INFO     | [POOL #01841] 1225 662 413 982 161 233 826 738 391 || mode=RB method=sk_kmeans solver=pyvrp stage=post_ls ls=pyvrp iter=11
2026-03-16 01:33:54 | INFO     | [POOL #01842] 1050 1079 1008 672 1139 558 375 29 860 644 421 1265 || mode=RB method=sk_kmeans solver=pyvrp stage=post_ls ls=pyvrp iter=11
2026-03-16 01:33:54 | INFO     | [POOL #01843] 1030 1229 55 1236 1285 641 255 322 894 70 946 || mode=RB method=sk_kmeans solver=pyvrp stage=post_ls ls=pyvrp iter=11
2026-03-16 01:33:54 | INFO     | [POOL #01844] 1013 515 353 281 1185 879 1334 1143 840 1188 347 340 539 542 223 || mode=RB method=sk_kmeans solver=pyvrp stage=post_ls ls=pyvrp iter=11
2026-03-16 01:33:54 | INFO     | [POOL #01845] 773 443 917 36 640 || mode=RB method=sk_kmeans solver=pyvrp stage=post_ls ls=pyvrp iter=11
2026-03-16 01:33:54 | INFO     | [POOL #01846] 889 178 834 788 530 441 678 1012 205 19 599 181 || mode=RB method=sk_kmeans solver=pyvrp stage=post_ls ls=pyvrp iter=11
2026-03-16 01:33:54 | INFO     | [POOL #01847] 243 333 442 1060 402 573 638 1159 464 1000 1150 1160 || mode=RB method=sk_kmeans solver=pyvrp stage=post_ls ls=pyvrp iter=11
2026-03-16 01:33:54 | INFO     | [POOL #01848] 288 866 1005 124 || mode=RB method=sk_kmeans solver=pyvrp stage=post_ls ls=pyvrp iter=11
2026-03-16 01:33:54 | INFO     | [POOL #01849] 1191 104 829 445 679 1 1140 690 1269 || mode=RB method=sk_kmeans solver=pyvrp stage=post_ls ls=pyvrp iter=11
2026-03-16 01:33:54 | INFO     | [POOL #01850] 1083 586 37 1183 713 || mode=RB method=sk_kmeans solver=pyvrp stage=post_ls ls=pyvrp iter=11
2026-03-16 01:33:54 | INFO     | [POOL #01851] 1142 3 141 1193 898 1065 18 1294 1241 1309 186 || mode=RB method=sk_kmeans solver=pyvrp stage=post_ls ls=pyvrp iter=11
2026-03-16 01:33:54 | INFO     | [POOL #01852] 108 376 32 956 754 428 17 750 912 566 977 1373 996 || mode=RB method=sk_kmeans solver=pyvrp stage=post_ls ls=pyvrp iter=11
2026-03-16 01:33:54 | INFO     | [POOL #01853] 916 28 742 || mode=RB method=sk_kmeans solver=pyvrp stage=post_ls ls=pyvrp iter=11
2026-03-16 01:33:54 | INFO     | [POOL #01854] 722 1081 880 969 || mode=RB method=sk_kmeans solver=pyvrp stage=post_ls ls=pyvrp iter=11
2026-03-16 01:33:54 | INFO     | [POOL #01855] 649 1032 499 || mode=RB method=sk_kmeans solver=pyvrp stage=post_ls ls=pyvrp iter=11
2026-03-16 01:33:54 | INFO     | [POOL #01856] 1152 1336 1370 || mode=RB method=sk_kmeans solver=pyvrp stage=post_ls ls=pyvrp iter=11
2026-03-16 01:33:54 | INFO     | [POOL #01857] 249 334 87 382 853 || mode=RB method=sk_kmeans solver=pyvrp stage=post_ls ls=pyvrp iter=11
2026-03-16 01:33:54 | INFO     | [POOL #01858] 349 97 838 || mode=RB method=sk_kmeans solver=pyvrp stage=post_ls ls=pyvrp iter=11
2026-03-16 01:33:54 | INFO     | [POOL #01859] 740 683 33 || mode=RB method=sk_kmeans solver=pyvrp stage=post_ls ls=pyvrp iter=11
2026-03-16 01:33:54 | INFO     | [POOL #01860] 1238 1360 711 554 || mode=RB method=sk_kmeans solver=pyvrp stage=post_ls ls=pyvrp iter=11
2026-03-16 01:33:54 | INFO     | [POOL #01861] 888 1328 523 || mode=RB method=sk_kmeans solver=pyvrp stage=post_ls ls=pyvrp iter=11
2026-03-16 01:33:54 | INFO     | [POOL #01862] 943 603 814 905 || mode=RB method=sk_kmeans solver=pyvrp stage=post_ls ls=pyvrp iter=11
2026-03-16 01:33:54 | INFO     | [POOL #01863] 451 1211 395 378 || mode=RB method=sk_kmeans solver=pyvrp stage=post_ls ls=pyvrp iter=11
2026-03-16 01:33:54 | INFO     | [POOL #01864] 202 729 694 || mode=RB method=sk_kmeans solver=pyvrp stage=post_ls ls=pyvrp iter=11
2026-03-16 01:33:54 | INFO     | [POOL #01865] 1096 1001 1263 || mode=RB method=sk_kmeans solver=pyvrp stage=post_ls ls=pyvrp iter=11
2026-03-16 01:33:54 | INFO     | [POOL #01866] 929 145 842 1240 || mode=RB method=sk_kmeans solver=pyvrp stage=post_ls ls=pyvrp iter=11
2026-03-16 01:33:54 | INFO     | [POOL #01867] 928 130 635 || mode=RB method=sk_kmeans solver=pyvrp stage=post_ls ls=pyvrp iter=11
2026-03-16 01:33:54 | INFO     | [POOL #01868] 782 706 1100 787 || mode=RB method=sk_kmeans solver=pyvrp stage=post_ls ls=pyvrp iter=11
2026-03-16 01:33:54 | INFO     | [POOL #01869] 38 112 201 1331 || mode=RB method=sk_kmeans solver=pyvrp stage=post_ls ls=pyvrp iter=11
2026-03-16 01:33:54 | INFO     | [POOL #01870] 312 115 980 || mode=RB method=sk_kmeans solver=pyvrp stage=post_ls ls=pyvrp iter=11
2026-03-16 01:33:54 | INFO     | [POOL #01871] 919 1149 270 || mode=RB method=sk_kmeans solver=pyvrp stage=post_ls ls=pyvrp iter=11
2026-03-16 01:33:54 | INFO     | [POOL #01872] 1087 639 242 || mode=RB method=sk_kmeans solver=pyvrp stage=post_ls ls=pyvrp iter=11
2026-03-16 01:33:54 | INFO     | [POOL #01873] 884 759 791 || mode=RB method=sk_kmeans solver=pyvrp stage=post_ls ls=pyvrp iter=11
2026-03-16 01:33:54 | INFO     | [POOL #01874] 1187 709 143 328 || mode=RB method=sk_kmeans solver=pyvrp stage=post_ls ls=pyvrp iter=11
2026-03-16 01:33:54 | INFO     | [POOL #01875] 1061 1118 547 || mode=RB method=sk_kmeans solver=pyvrp stage=post_ls ls=pyvrp iter=11
2026-03-16 01:33:54 | INFO     | [POOL #01876] 200 1089 962 || mode=RB method=sk_kmeans solver=pyvrp stage=post_ls ls=pyvrp iter=11
2026-03-16 01:33:54 | INFO     | [POOL #01877] 1298 93 1025 || mode=RB method=sk_kmeans solver=pyvrp stage=post_ls ls=pyvrp iter=11
2026-03-16 01:33:54 | INFO     | [POOL #01878] 1007 218 1231 || mode=RB method=sk_kmeans solver=pyvrp stage=post_ls ls=pyvrp iter=11
2026-03-16 01:33:54 | INFO     | [POOL #01879] 802 483 983 1123 || mode=RB method=sk_kmeans solver=pyvrp stage=post_ls ls=pyvrp iter=11
2026-03-16 01:33:54 | INFO     | [POOL #01880] 800 1023 278 || mode=RB method=sk_kmeans solver=pyvrp stage=post_ls ls=pyvrp iter=11
2026-03-16 01:33:54 | INFO     | [POOL #01881] 173 618 163 || mode=RB method=sk_kmeans solver=pyvrp stage=post_ls ls=pyvrp iter=11
2026-03-16 01:33:54 | INFO     | [POOL #01882] 698 367 541 || mode=RB method=sk_kmeans solver=pyvrp stage=post_ls ls=pyvrp iter=11
2026-03-16 01:33:54 | INFO     | [POOL #01883] 777 732 304 || mode=RB method=sk_kmeans solver=pyvrp stage=post_ls ls=pyvrp iter=11
2026-03-16 01:33:54 | INFO     | [POOL #01884] 313 317 734 122 || mode=RB method=sk_kmeans solver=pyvrp stage=post_ls ls=pyvrp iter=11
2026-03-16 01:33:54 | INFO     | [POOL #01885] 958 289 1106 || mode=RB method=sk_kmeans solver=pyvrp stage=post_ls ls=pyvrp iter=11
2026-03-16 01:33:54 | INFO     | [POOL #01886] 591 120 798 || mode=RB method=sk_kmeans solver=pyvrp stage=post_ls ls=pyvrp iter=11
2026-03-16 01:33:54 | INFO     | [POOL #01887] 1233 546 704 || mode=RB method=sk_kmeans solver=pyvrp stage=post_ls ls=pyvrp iter=11
2026-03-16 01:33:54 | INFO     | [POOL #01888] 990 1330 739 1017 || mode=RB method=sk_kmeans solver=pyvrp stage=post_ls ls=pyvrp iter=11
2026-03-16 01:33:54 | INFO     | [POOL #01889] 517 22 933 || mode=RB method=sk_kmeans solver=pyvrp stage=post_ls ls=pyvrp iter=11
2026-03-16 01:33:54 | INFO     | [POOL #01890] 1338 1179 172 || mode=RB method=sk_kmeans solver=pyvrp stage=post_ls ls=pyvrp iter=11
2026-03-16 01:33:54 | INFO     | [POOL #01891] 543 701 1337 251 || mode=RB method=sk_kmeans solver=pyvrp stage=post_ls ls=pyvrp iter=11
2026-03-16 01:33:54 | INFO     | [POOL #01892] 1257 1070 925 || mode=RB method=sk_kmeans solver=pyvrp stage=post_ls ls=pyvrp iter=11
2026-03-16 01:33:54 | INFO     | [POOL #01893] 622 137 241 875 || mode=RB method=sk_kmeans solver=pyvrp stage=post_ls ls=pyvrp iter=11
2026-03-16 01:33:54 | INFO     | [POOL #01894] 262 876 1215 || mode=RB method=sk_kmeans solver=pyvrp stage=post_ls ls=pyvrp iter=11
2026-03-16 01:33:54 | INFO     | [POOL #01895] 760 823 1327 1332 252 351 1247 || mode=RB method=sk_kmeans solver=pyvrp stage=post_ls ls=pyvrp iter=11
2026-03-16 01:33:54 | INFO     | [POOL #01896] 30 882 498 1339 || mode=RB method=sk_kmeans solver=pyvrp stage=post_ls ls=pyvrp iter=11
2026-03-16 01:33:54 | INFO     | [POOL #01897] 379 1351 551 1158 745 || mode=RB method=sk_kmeans solver=pyvrp stage=post_ls ls=pyvrp iter=11
2026-03-16 01:33:54 | INFO     | [POOL #01898] 169 975 227 900 514 582 292 852 1080 835 460 208 || mode=RB method=sk_kmeans solver=pyvrp stage=post_ls ls=pyvrp iter=11
2026-03-16 01:33:54 | INFO     | [POOL #01899] 752 1035 944 348 885 998 971 1346 1163 || mode=RB method=sk_kmeans solver=pyvrp stage=post_ls ls=pyvrp iter=11
2026-03-16 01:33:54 | INFO     | [POOL #01900] 423 207 931 1164 101 332 417 749 799 1127 1366 540 789 1121 || mode=RB method=sk_kmeans solver=pyvrp stage=post_ls ls=pyvrp iter=11
2026-03-16 01:33:54 | INFO     | [POOL #01901] 846 687 1317 || mode=RB method=sk_kmeans solver=pyvrp stage=post_ls ls=pyvrp iter=11
2026-03-16 01:33:54 | INFO     | [POOL #01902] 1246 337 685 1271 187 384 746 758 || mode=RB method=sk_kmeans solver=pyvrp stage=post_ls ls=pyvrp iter=11
2026-03-16 01:33:54 | INFO     | [POOL #01903] 1319 707 1260 284 377 160 575 568 793 || mode=RB method=sk_kmeans solver=pyvrp stage=post_ls ls=pyvrp iter=11
2026-03-16 01:33:54 | INFO     | [POOL #01904] 1128 792 536 || mode=RB method=sk_kmeans solver=pyvrp stage=post_ls ls=pyvrp iter=11
2026-03-16 01:33:54 | INFO     | [POOL #01905] 657 790 625 736 435 1125 614 232 577 || mode=RB method=sk_kmeans solver=pyvrp stage=post_ls ls=pyvrp iter=11
2026-03-16 01:33:54 | INFO     | [POOL #01906] 1217 294 1314 341 825 816 948 570 508 1278 606 1019 || mode=RB method=sk_kmeans solver=pyvrp stage=post_ls ls=pyvrp iter=11
2026-03-16 01:33:54 | INFO     | [POOL #01907] 1234 308 272 326 228 310 219 248 1256 1341 || mode=RB method=sk_kmeans solver=pyvrp stage=post_ls ls=pyvrp iter=11
2026-03-16 01:33:54 | INFO     | [POOL #01908] 804 751 1311 || mode=RB method=sk_kmeans solver=pyvrp stage=post_ls ls=pyvrp iter=11
2026-03-16 01:33:54 | INFO     | [POOL #01909] 1251 444 1324 525 671 1167 1201 520 || mode=RB method=sk_kmeans solver=pyvrp stage=post_ls ls=pyvrp iter=11
2026-03-16 01:33:54 | INFO     | [POOL #01910] 827 1146 1239 58 1214 1204 491 855 212 422 || mode=RB method=sk_kmeans solver=pyvrp stage=post_ls ls=pyvrp iter=11
2026-03-16 01:33:54 | INFO     | [POOL #01911] 626 737 86 || mode=RB method=sk_kmeans solver=pyvrp stage=post_ls ls=pyvrp iter=11
2026-03-16 01:33:54 | INFO     | [POOL #01912] 705 924 654 426 || mode=RB method=sk_kmeans solver=pyvrp stage=post_ls ls=pyvrp iter=11
2026-03-16 01:33:54 | INFO     | [POOL #01913] 524 318 1195 456 1243 902 538 1253 463 || mode=RB method=sk_kmeans solver=pyvrp stage=post_ls ls=pyvrp iter=11
2026-03-16 01:33:54 | INFO     | [POOL #01914] 358 668 1224 || mode=RB method=sk_kmeans solver=pyvrp stage=post_ls ls=pyvrp iter=11
2026-03-16 01:33:54 | INFO     | [POOL #01915] 1305 1180 244 56 487 361 14 1068 || mode=RB method=sk_kmeans solver=pyvrp stage=post_ls ls=pyvrp iter=11
2026-03-16 01:33:54 | INFO     | [POOL #01916] 1092 1272 765 || mode=RB method=sk_kmeans solver=pyvrp stage=post_ls ls=pyvrp iter=11
2026-03-16 01:33:54 | INFO     | [POOL #01917] 562 466 1245 || mode=RB method=sk_kmeans solver=pyvrp stage=post_ls ls=pyvrp iter=11
2026-03-16 01:33:54 | INFO     | [POOL #01918] 461 338 386 || mode=RB method=sk_kmeans solver=pyvrp stage=post_ls ls=pyvrp iter=11
2026-03-16 01:33:54 | INFO     | [POOL #01919] 1044 987 132 537 || mode=RB method=sk_kmeans solver=pyvrp stage=post_ls ls=pyvrp iter=11
2026-03-16 01:33:54 | INFO     | [POOL #01920] 1348 127 725 385 || mode=RB method=sk_kmeans solver=pyvrp stage=post_ls ls=pyvrp iter=11
2026-03-16 01:33:54 | INFO     | [POOL #01921] 467 1004 109 || mode=RB method=sk_kmeans solver=pyvrp stage=post_ls ls=pyvrp iter=11
2026-03-16 01:33:54 | INFO     | [POOL #01922] 653 778 88 || mode=RB method=sk_kmeans solver=pyvrp stage=post_ls ls=pyvrp iter=11
2026-03-16 01:33:54 | INFO     | [POOL #01923] 49 1174 268 || mode=RB method=sk_kmeans solver=pyvrp stage=post_ls ls=pyvrp iter=11
2026-03-16 01:33:54 | INFO     | [POOL #01924] 1186 1340 1076 || mode=RB method=sk_kmeans solver=pyvrp stage=post_ls ls=pyvrp iter=11
2026-03-16 01:33:54 | INFO     | [POOL #01925] 1112 121 495 578 || mode=RB method=sk_kmeans solver=pyvrp stage=post_ls ls=pyvrp iter=11
2026-03-16 01:33:54 | INFO     | [POOL #01926] 507 1082 783 || mode=RB method=sk_kmeans solver=pyvrp stage=post_ls ls=pyvrp iter=11
2026-03-16 01:33:54 | INFO     | [POOL #01927] 472 1069 1289 || mode=RB method=sk_kmeans solver=pyvrp stage=post_ls ls=pyvrp iter=11
2026-03-16 01:33:54 | INFO     | [POOL #01928] 1182 1103 1154 || mode=RB method=sk_kmeans solver=pyvrp stage=post_ls ls=pyvrp iter=11
2026-03-16 01:33:54 | INFO     | [POOL #01929] 847 1113 643 214 || mode=RB method=sk_kmeans solver=pyvrp stage=post_ls ls=pyvrp iter=11
2026-03-16 01:33:54 | INFO     | [POOL #01930] 1062 1029 1097 220 || mode=RB method=sk_kmeans solver=pyvrp stage=post_ls ls=pyvrp iter=11
2026-03-16 01:33:54 | INFO     | [POOL #01931] 607 1205 356 993 || mode=RB method=sk_kmeans solver=pyvrp stage=post_ls ls=pyvrp iter=11
2026-03-16 01:33:54 | INFO     | [POOL #01932] 859 513 660 || mode=RB method=sk_kmeans solver=pyvrp stage=post_ls ls=pyvrp iter=11
2026-03-16 01:33:54 | INFO     | [POOL #01933] 176 833 138 || mode=RB method=sk_kmeans solver=pyvrp stage=post_ls ls=pyvrp iter=11
2026-03-16 01:33:54 | INFO     | [POOL #01934] 999 1063 110 || mode=RB method=sk_kmeans solver=pyvrp stage=post_ls ls=pyvrp iter=11
2026-03-16 01:33:54 | INFO     | [POOL #01935] 373 473 721 416 || mode=RB method=sk_kmeans solver=pyvrp stage=post_ls ls=pyvrp iter=11
2026-03-16 01:33:54 | INFO     | [POOL #01936] 398 953 1244 717 || mode=RB method=sk_kmeans solver=pyvrp stage=post_ls ls=pyvrp iter=11
2026-03-16 01:33:54 | INFO     | [POOL #01937] 945 1268 74 || mode=RB method=sk_kmeans solver=pyvrp stage=post_ls ls=pyvrp iter=11
2026-03-16 01:33:54 | INFO     | [POOL #01938] 485 728 170 || mode=RB method=sk_kmeans solver=pyvrp stage=post_ls ls=pyvrp iter=11
2026-03-16 01:33:54 | INFO     | [POOL #01939] 1365 60 1107 119 || mode=RB method=sk_kmeans solver=pyvrp stage=post_ls ls=pyvrp iter=11
2026-03-16 01:33:54 | INFO     | [POOL #01940] 51 748 1258 522 || mode=RB method=sk_kmeans solver=pyvrp stage=post_ls ls=pyvrp iter=11
2026-03-16 01:33:54 | INFO     | [POOL #01941] 991 273 1350 609 316 || mode=RB method=sk_kmeans solver=pyvrp stage=post_ls ls=pyvrp iter=11
2026-03-16 01:33:54 | INFO     | [POOL #01942] 1078 374 675 843 || mode=RB method=sk_kmeans solver=pyvrp stage=post_ls ls=pyvrp iter=11
2026-03-16 01:33:54 | INFO     | [POOL #01943] 521 505 1034 174 1053 1221 1212 319 1165 261 || mode=RB method=sk_kmeans solver=pyvrp stage=post_ls ls=pyvrp iter=11
2026-03-16 01:33:54 | INFO     | [POOL #01944] 1296 837 611 107 476 277 519 493 1022 807 849 || mode=RB method=sk_kmeans solver=pyvrp stage=post_ls ls=pyvrp iter=11
2026-03-16 01:33:54 | INFO     | [POOL #01945] 355 1067 509 229 || mode=RB method=sk_kmeans solver=pyvrp stage=post_ls ls=pyvrp iter=11
2026-03-16 01:33:54 | INFO     | [POOL #01946] 952 1090 286 1274 154 1287 475 1209 939 796 || mode=RB method=sk_kmeans solver=pyvrp stage=post_ls ls=pyvrp iter=11
2026-03-16 01:33:54 | INFO     | [POOL #01947] 9 424 1176 590 || mode=RB method=sk_kmeans solver=pyvrp stage=post_ls ls=pyvrp iter=11
2026-03-16 01:33:54 | INFO     | [POOL #01948] 190 659 583 || mode=RB method=sk_kmeans solver=pyvrp stage=post_ls ls=pyvrp iter=11
2026-03-16 01:33:54 | INFO     | [POOL #01949] 1347 1304 403 407 144 || mode=RB method=sk_kmeans solver=pyvrp stage=post_ls ls=pyvrp iter=11
2026-03-16 01:33:54 | INFO     | [POOL #01950] 61 549 903 1316 1088 604 360 481 1252 || mode=RB method=sk_kmeans solver=pyvrp stage=post_ls ls=pyvrp iter=11
2026-03-16 01:33:54 | INFO     | [POOL #01951] 350 1009 92 299 90 979 298 1055 || mode=RB method=sk_kmeans solver=pyvrp stage=post_ls ls=pyvrp iter=11
2026-03-16 01:33:54 | INFO     | [POOL #01952] 632 743 689 1178 1141 100 610 184 || mode=RB method=sk_kmeans solver=pyvrp stage=post_ls ls=pyvrp iter=11
2026-03-16 01:33:54 | INFO     | [POOL #01953] 651 1197 102 || mode=RB method=sk_kmeans solver=pyvrp stage=post_ls ls=pyvrp iter=11
2026-03-16 01:33:54 | INFO     | [POOL #01954] 1027 139 1199 432 1198 669 881 863 || mode=RB method=sk_kmeans solver=pyvrp stage=post_ls ls=pyvrp iter=11
2026-03-16 01:33:54 | INFO     | [POOL #01955] 976 156 67 189 959 1303 1133 399 || mode=RB method=sk_kmeans solver=pyvrp stage=post_ls ls=pyvrp iter=11
2026-03-16 01:33:54 | INFO     | [POOL #01956] 1059 27 726 1192 873 874 883 966 1322 621 436 306 || mode=RB method=sk_kmeans solver=pyvrp stage=post_ls ls=pyvrp iter=11
2026-03-16 01:33:54 | INFO     | [POOL #01957] 414 696 397 113 77 486 533 434 927 325 1043 1077 || mode=RB method=sk_kmeans solver=pyvrp stage=post_ls ls=pyvrp iter=11
2026-03-16 01:33:54 | INFO     | [POOL #01958] 99 567 955 901 613 457 763 || mode=RB method=sk_kmeans solver=pyvrp stage=post_ls ls=pyvrp iter=11
2026-03-16 01:33:54 | INFO     | [POOL #01959] 1208 1131 907 || mode=RB method=sk_kmeans solver=pyvrp stage=post_ls ls=pyvrp iter=11
2026-03-16 01:33:54 | INFO     | [POOL #01960] 1102 68 309 795 394 851 1048 166 1091 95 || mode=RB method=sk_kmeans solver=pyvrp stage=post_ls ls=pyvrp iter=11
2026-03-16 01:33:54 | INFO     | [POOL #01961] 462 574 904 813 155 526 245 1321 || mode=RB method=sk_kmeans solver=pyvrp stage=post_ls ls=pyvrp iter=11
2026-03-16 01:33:54 | INFO     | [POOL #01962] 1138 1045 1020 954 972 1312 371 989 84 || mode=RB method=sk_kmeans solver=pyvrp stage=post_ls ls=pyvrp iter=11
2026-03-16 01:33:54 | INFO     | [POOL #01963] 594 79 344 1219 1054 || mode=RB method=sk_kmeans solver=pyvrp stage=post_ls ls=pyvrp iter=11
2026-03-16 01:33:54 | INFO     | [POOL #01964] 425 1273 500 69 724 123 831 735 406 293 || mode=RB method=sk_kmeans solver=pyvrp stage=post_ls ls=pyvrp iter=11
2026-03-16 01:33:54 | INFO     | [POOL #01965] 4 10 366 658 || mode=RB method=sk_kmeans solver=pyvrp stage=post_ls ls=pyvrp iter=11
2026-03-16 01:33:54 | INFO     | [POOL #01966] 1052 673 419 1169 1307 || mode=RB method=sk_kmeans solver=pyvrp stage=post_ls ls=pyvrp iter=11
2026-03-16 01:33:54 | INFO     | [POOL #01967] 1136 357 608 || mode=RB method=sk_kmeans solver=pyvrp stage=post_ls ls=pyvrp iter=11
2026-03-16 01:33:54 | INFO     | [POOL #01968] 1058 963 527 1308 || mode=RB method=sk_kmeans solver=pyvrp stage=post_ls ls=pyvrp iter=11
2026-03-16 01:33:54 | INFO     | [POOL #01969] 553 265 489 664 363 136 1270 965 || mode=RB method=sk_kmeans solver=pyvrp stage=post_ls ls=pyvrp iter=11
2026-03-16 01:33:54 | INFO     | [POOL #01970] 598 1354 305 601 159 || mode=RB method=sk_kmeans solver=pyvrp stage=post_ls ls=pyvrp iter=11
2026-03-16 01:33:54 | INFO     | [POOL #01971] 1094 401 1267 || mode=RB method=sk_kmeans solver=pyvrp stage=post_ls ls=pyvrp iter=11
2026-03-16 01:33:54 | INFO     | [POOL #01972] 1293 1015 757 204 || mode=RB method=sk_kmeans solver=pyvrp stage=post_ls ls=pyvrp iter=11
2026-03-16 01:33:54 | INFO     | [POOL #01973] 345 616 1073 196 || mode=RB method=sk_kmeans solver=pyvrp stage=post_ls ls=pyvrp iter=11
2026-03-16 01:33:54 | INFO     | [POOL #01974] 596 1277 1039 || mode=RB method=sk_kmeans solver=pyvrp stage=post_ls ls=pyvrp iter=11
2026-03-16 01:33:54 | INFO     | [POOL #01975] 168 215 1161 1109 16 1042 || mode=RB method=sk_kmeans solver=pyvrp stage=post_ls ls=pyvrp iter=11
2026-03-16 01:33:54 | INFO     | [POOL #01976] 387 1237 718 || mode=RB method=sk_kmeans solver=pyvrp stage=post_ls ls=pyvrp iter=11
2026-03-16 01:33:54 | INFO     | [POOL #01977] 1175 1117 680 || mode=RB method=sk_kmeans solver=pyvrp stage=post_ls ls=pyvrp iter=11
2026-03-16 01:33:54 | INFO     | [POOL #01978] 930 497 153 269 276 815 805 || mode=RB method=sk_kmeans solver=pyvrp stage=post_ls ls=pyvrp iter=11
2026-03-16 01:33:54 | INFO     | [POOL #01979] 612 450 1196 755 64 708 || mode=RB method=sk_kmeans solver=pyvrp stage=post_ls ls=pyvrp iter=11
2026-03-16 01:33:54 | INFO     | [POOL #01980] 253 26 572 1288 1283 || mode=RB method=sk_kmeans solver=pyvrp stage=post_ls ls=pyvrp iter=11
2026-03-16 01:33:54 | INFO     | [POOL #01981] 216 149 909 556 1122 828 937 892 719 || mode=RB method=sk_kmeans solver=pyvrp stage=post_ls ls=pyvrp iter=11
2026-03-16 01:33:54 | INFO     | [POOL #01982] 65 1093 767 1108 147 1031 303 1177 670 || mode=RB method=sk_kmeans solver=pyvrp stage=post_ls ls=pyvrp iter=11
2026-03-16 01:33:54 | INFO     | [POOL #01983] 951 1003 142 665 25 1046 129 1181 || mode=RB method=sk_kmeans solver=pyvrp stage=post_ls ls=pyvrp iter=11
2026-03-16 01:33:54 | INFO     | [POOL #01984] 970 1010 545 516 117 327 177 950 || mode=RB method=sk_kmeans solver=pyvrp stage=post_ls ls=pyvrp iter=11
2026-03-16 01:33:54 | INFO     | [POOL #01985] 560 810 569 861 819 850 868 1095 157 || mode=RB method=sk_kmeans solver=pyvrp stage=post_ls ls=pyvrp iter=11
2026-03-16 01:33:54 | INFO     | [POOL #01986] 637 1220 532 335 41 260 1343 || mode=RB method=sk_kmeans solver=pyvrp stage=post_ls ls=pyvrp iter=11
2026-03-16 01:33:54 | INFO     | [POOL #01987] 352 531 561 1137 949 447 59 105 615 1210 1300 995 911 || mode=RB method=sk_kmeans solver=pyvrp stage=post_ls ls=pyvrp iter=11
2026-03-16 01:33:54 | INFO     | [POOL #01988] 40 595 697 128 848 1313 667 1249 || mode=RB method=sk_kmeans solver=pyvrp stage=post_ls ls=pyvrp iter=11
2026-03-16 01:33:54 | INFO     | [POOL #01989] 780 91 482 1284 890 845 164 887 279 || mode=RB method=sk_kmeans solver=pyvrp stage=post_ls ls=pyvrp iter=11
2026-03-16 01:33:54 | INFO     | [POOL #01990] 329 585 877 1206 311 811 246 89 133 1291 || mode=RB method=sk_kmeans solver=pyvrp stage=post_ls ls=pyvrp iter=11
2026-03-16 01:33:54 | INFO     | [POOL #01991] 438 39 715 627 1266 645 452 140 235 || mode=RB method=sk_kmeans solver=pyvrp stage=post_ls ls=pyvrp iter=11
2026-03-16 01:33:54 | INFO     | [POOL #01992] 544 295 11 43 629 772 908 1275 96 581 1033 224 || mode=RB method=sk_kmeans solver=pyvrp stage=post_ls ls=pyvrp iter=11
2026-03-16 01:33:54 | INFO     | [POOL #01993] 468 381 1358 602 || mode=RB method=sk_kmeans solver=pyvrp stage=post_ls ls=pyvrp iter=11
2026-03-16 01:33:54 | INFO     | [POOL #01994] 339 730 985 || mode=RB method=sk_kmeans solver=pyvrp stage=post_ls ls=pyvrp iter=11
2026-03-16 01:33:54 | INFO     | [POOL #01995] 488 1148 820 1315 913 1071 1333 1264 || mode=RB method=sk_kmeans solver=pyvrp stage=post_ls ls=pyvrp iter=11
2026-03-16 01:33:54 | INFO     | [POOL #01996] 1115 1130 504 396 || mode=RB method=sk_kmeans solver=pyvrp stage=post_ls ls=pyvrp iter=11
2026-03-16 01:33:54 | INFO     | [POOL #01997] 864 343 46 727 878 720 910 247 || mode=RB method=sk_kmeans solver=pyvrp stage=post_ls ls=pyvrp iter=11
2026-03-16 01:33:54 | INFO     | [POOL #01998] 1120 194 1098 528 256 1228 267 686 420 494 1356 703 || mode=RB method=sk_kmeans solver=pyvrp stage=post_ls ls=pyvrp iter=11
2026-03-16 01:33:54 | INFO     | [POOL #01999] 1166 1189 1282 580 1318 897 23 865 597 870 555 681 || mode=RB method=sk_kmeans solver=pyvrp stage=post_ls ls=pyvrp iter=11
2026-03-16 01:33:54 | INFO     | [POOL #02000] 437 44 1359 283 1072 512 || mode=RB method=sk_kmeans solver=pyvrp stage=post_ls ls=pyvrp iter=11
2026-03-16 01:33:54 | INFO     | [POOL #02001] 188 896 291 812 || mode=RB method=sk_kmeans solver=pyvrp stage=post_ls ls=pyvrp iter=11
2026-03-16 01:33:54 | INFO     | [POOL #02002] 1085 158 682 832 506 655 || mode=RB method=sk_kmeans solver=pyvrp stage=post_ls ls=pyvrp iter=11
2026-03-16 01:33:54 | INFO     | [POOL #02003] 1345 906 380 || mode=RB method=sk_kmeans solver=pyvrp stage=post_ls ls=pyvrp iter=11
2026-03-16 01:33:54 | INFO     | [POOL #02004] 605 648 302 31 171 || mode=RB method=sk_kmeans solver=pyvrp stage=post_ls ls=pyvrp iter=11
2026-03-16 01:33:54 | INFO     | [POOL #02005] 1301 125 150 || mode=RB method=sk_kmeans solver=pyvrp stage=post_ls ls=pyvrp iter=11
2026-03-16 01:33:54 | INFO     | [POOL #02006] 893 511 688 || mode=RB method=sk_kmeans solver=pyvrp stage=post_ls ls=pyvrp iter=11
2026-03-16 01:33:54 | INFO     | [POOL #02007] 1057 1135 817 || mode=RB method=sk_kmeans solver=pyvrp stage=post_ls ls=pyvrp iter=11
2026-03-16 01:33:54 | INFO     | [POOL #02008] 116 650 1320 106 || mode=RB method=sk_kmeans solver=pyvrp stage=post_ls ls=pyvrp iter=11
2026-03-16 01:33:54 | INFO     | [POOL #02009] 688 906 579 || mode=VB method=sk_ac_min solver=pyvrp stage=post_ls ls=pyvrp iter=12
2026-03-16 01:33:54 | INFO     | [POOL #02010] 204 188 572 1267 380 || mode=VB method=sk_ac_min solver=pyvrp stage=post_ls ls=pyvrp iter=12
2026-03-16 01:33:54 | INFO     | [POOL #02011] 106 125 1301 497 930 || mode=VB method=sk_ac_min solver=pyvrp stage=post_ls ls=pyvrp iter=12
2026-03-16 01:33:54 | INFO     | [POOL #02012] 502 1110 974 437 || mode=VB method=sk_ac_min solver=pyvrp stage=post_ls ls=pyvrp iter=12
2026-03-16 01:33:54 | INFO     | [POOL #02013] 15 302 171 915 || mode=VB method=sk_ac_min solver=pyvrp stage=post_ls ls=pyvrp iter=12
2026-03-16 01:33:54 | INFO     | [POOL #02014] 812 291 264 253 || mode=VB method=sk_ac_min solver=pyvrp stage=post_ls ls=pyvrp iter=12
2026-03-16 01:33:54 | INFO     | [POOL #02015] 1283 1288 616 || mode=VB method=sk_ac_min solver=pyvrp stage=post_ls ls=pyvrp iter=12
2026-03-16 01:33:54 | INFO     | [POOL #02016] 1272 31 150 || mode=VB method=sk_ac_min solver=pyvrp stage=post_ls ls=pyvrp iter=12
2026-03-16 01:33:54 | INFO     | [POOL #02017] 234 1368 896 || mode=VB method=sk_ac_min solver=pyvrp stage=post_ls ls=pyvrp iter=12
2026-03-16 01:33:54 | INFO     | [POOL #02018] 466 921 893 || mode=VB method=sk_ac_min solver=pyvrp stage=post_ls ls=pyvrp iter=12
2026-03-16 01:33:54 | INFO     | [POOL #02019] 755 708 1358 401 || mode=VB method=sk_ac_min solver=pyvrp stage=post_ls ls=pyvrp iter=12
2026-03-16 01:33:54 | INFO     | [POOL #02020] 165 1255 364 1216 || mode=VB method=sk_ac_min solver=pyvrp stage=post_ls ls=pyvrp iter=12
2026-03-16 01:33:54 | INFO     | [POOL #02021] 1039 596 744 || mode=VB method=sk_ac_min solver=pyvrp stage=post_ls ls=pyvrp iter=12
2026-03-16 01:33:54 | INFO     | [POOL #02022] 461 994 175 || mode=VB method=sk_ac_min solver=pyvrp stage=post_ls ls=pyvrp iter=12
2026-03-16 01:33:54 | INFO     | [POOL #02023] 336 1348 127 511 || mode=VB method=sk_ac_min solver=pyvrp stage=post_ls ls=pyvrp iter=12
2026-03-16 01:33:54 | INFO     | [POOL #02024] 1117 345 680 || mode=VB method=sk_ac_min solver=pyvrp stage=post_ls ls=pyvrp iter=12
2026-03-16 01:33:54 | INFO     | [POOL #02025] 797 562 1245 || mode=VB method=sk_ac_min solver=pyvrp stage=post_ls ls=pyvrp iter=12
2026-03-16 01:33:54 | INFO     | [POOL #02026] 132 210 338 || mode=VB method=sk_ac_min solver=pyvrp stage=post_ls ls=pyvrp iter=12
2026-03-16 01:33:54 | INFO     | [POOL #02027] 725 1186 49 || mode=VB method=sk_ac_min solver=pyvrp stage=post_ls ls=pyvrp iter=12
2026-03-16 01:33:54 | INFO     | [POOL #02028] 537 987 300 467 || mode=VB method=sk_ac_min solver=pyvrp stage=post_ls ls=pyvrp iter=12
2026-03-16 01:33:54 | INFO     | [POOL #02029] 1129 271 383 || mode=VB method=sk_ac_min solver=pyvrp stage=post_ls ls=pyvrp iter=12
2026-03-16 01:33:54 | INFO     | [POOL #02030] 111 48 653 || mode=VB method=sk_ac_min solver=pyvrp stage=post_ls ls=pyvrp iter=12
2026-03-16 01:33:54 | INFO     | [POOL #02031] 109 1004 385 || mode=VB method=sk_ac_min solver=pyvrp stage=post_ls ls=pyvrp iter=12
2026-03-16 01:33:54 | INFO     | [POOL #02032] 786 963 1112 527 || mode=VB method=sk_ac_min solver=pyvrp stage=post_ls ls=pyvrp iter=12
2026-03-16 01:33:54 | INFO     | [POOL #02033] 297 871 895 230 || mode=VB method=sk_ac_min solver=pyvrp stage=post_ls ls=pyvrp iter=12
2026-03-16 01:33:54 | INFO     | [POOL #02034] 1062 1289 433 || mode=VB method=sk_ac_min solver=pyvrp stage=post_ls ls=pyvrp iter=12
2026-03-16 01:33:54 | INFO     | [POOL #02035] 1369 73 997 1335 || mode=VB method=sk_ac_min solver=pyvrp stage=post_ls ls=pyvrp iter=12
2026-03-16 01:33:54 | INFO     | [POOL #02036] 1058 600 677 220 || mode=VB method=sk_ac_min solver=pyvrp stage=post_ls ls=pyvrp iter=12
2026-03-16 01:33:54 | INFO     | [POOL #02037] 513 692 926 || mode=VB method=sk_ac_min solver=pyvrp stage=post_ls ls=pyvrp iter=12
2026-03-16 01:33:54 | INFO     | [POOL #02038] 50 728 1029 || mode=VB method=sk_ac_min solver=pyvrp stage=post_ls ls=pyvrp iter=12
2026-03-16 01:33:54 | INFO     | [POOL #02039] 691 1154 623 || mode=VB method=sk_ac_min solver=pyvrp stage=post_ls ls=pyvrp iter=12
2026-03-16 01:33:54 | INFO     | [POOL #02040] 455 6 214 || mode=VB method=sk_ac_min solver=pyvrp stage=post_ls ls=pyvrp iter=12
2026-03-16 01:33:54 | INFO     | [POOL #02041] 275 85 1363 || mode=VB method=sk_ac_min solver=pyvrp stage=post_ls ls=pyvrp iter=12
2026-03-16 01:33:54 | INFO     | [POOL #02042] 431 1056 1069 || mode=VB method=sk_ac_min solver=pyvrp stage=post_ls ls=pyvrp iter=12
2026-03-16 01:33:54 | INFO     | [POOL #02043] 416 1018 1261 1342 || mode=VB method=sk_ac_min solver=pyvrp stage=post_ls ls=pyvrp iter=12
2026-03-16 01:33:54 | INFO     | [POOL #02044] 388 5 847 || mode=VB method=sk_ac_min solver=pyvrp stage=post_ls ls=pyvrp iter=12
2026-03-16 01:33:54 | INFO     | [POOL #02045] 973 74 818 || mode=VB method=sk_ac_min solver=pyvrp stage=post_ls ls=pyvrp iter=12
2026-03-16 01:33:54 | INFO     | [POOL #02046] 1202 620 1329 || mode=VB method=sk_ac_min solver=pyvrp stage=post_ls ls=pyvrp iter=12
2026-03-16 01:33:54 | INFO     | [POOL #02047] 660 986 176 || mode=VB method=sk_ac_min solver=pyvrp stage=post_ls ls=pyvrp iter=12
2026-03-16 01:33:54 | INFO     | [POOL #02048] 675 21 53 || mode=VB method=sk_ac_min solver=pyvrp stage=post_ls ls=pyvrp iter=12
2026-03-16 01:33:54 | INFO     | [POOL #02049] 945 830 62 721 || mode=VB method=sk_ac_min solver=pyvrp stage=post_ls ls=pyvrp iter=12
2026-03-16 01:33:54 | INFO     | [POOL #02050] 492 1362 584 || mode=VB method=sk_ac_min solver=pyvrp stage=post_ls ls=pyvrp iter=12
2026-03-16 01:33:54 | INFO     | [POOL #02051] 1002 510 110 321 || mode=VB method=sk_ac_min solver=pyvrp stage=post_ls ls=pyvrp iter=12
2026-03-16 01:33:54 | INFO     | [POOL #02052] 1097 1078 9 1176 || mode=VB method=sk_ac_min solver=pyvrp stage=post_ls ls=pyvrp iter=12
2026-03-16 01:33:54 | INFO     | [POOL #02053] 60 978 717 843 || mode=VB method=sk_ac_min solver=pyvrp stage=post_ls ls=pyvrp iter=12
2026-03-16 01:33:54 | INFO     | [POOL #02054] 991 1107 473 1365 || mode=VB method=sk_ac_min solver=pyvrp stage=post_ls ls=pyvrp iter=12
2026-03-16 01:33:54 | INFO     | [POOL #02055] 590 907 1197 1136 || mode=VB method=sk_ac_min solver=pyvrp stage=post_ls ls=pyvrp iter=12
2026-03-16 01:33:54 | INFO     | [POOL #02056] 658 583 920 || mode=VB method=sk_ac_min solver=pyvrp stage=post_ls ls=pyvrp iter=12
2026-03-16 01:33:54 | INFO     | [POOL #02057] 63 522 1268 || mode=VB method=sk_ac_min solver=pyvrp stage=post_ls ls=pyvrp iter=12
2026-03-16 01:33:54 | INFO     | [POOL #02058] 490 1194 509 || mode=VB method=sk_ac_min solver=pyvrp stage=post_ls ls=pyvrp iter=12
2026-03-16 01:33:54 | INFO     | [POOL #02059] 1131 424 1208 || mode=VB method=sk_ac_min solver=pyvrp stage=post_ls ls=pyvrp iter=12
2026-03-16 01:33:54 | INFO     | [POOL #02060] 632 366 659 374 || mode=VB method=sk_ac_min solver=pyvrp stage=post_ls ls=pyvrp iter=12
2026-03-16 01:33:54 | INFO     | [POOL #02061] 493 748 505 1067 398 || mode=VB method=sk_ac_min solver=pyvrp stage=post_ls ls=pyvrp iter=12
2026-03-16 01:33:54 | INFO     | [POOL #02062] 500 190 1347 10 || mode=VB method=sk_ac_min solver=pyvrp stage=post_ls ls=pyvrp iter=12
2026-03-16 01:33:54 | INFO     | [POOL #02063] 1349 273 1304 || mode=VB method=sk_ac_min solver=pyvrp stage=post_ls ls=pyvrp iter=12
2026-03-16 01:33:54 | INFO     | [POOL #02064] 159 598 344 66 || mode=VB method=sk_ac_min solver=pyvrp stage=post_ls ls=pyvrp iter=12
2026-03-16 01:33:54 | INFO     | [POOL #02065] 731 51 1350 609 || mode=VB method=sk_ac_min solver=pyvrp stage=post_ls ls=pyvrp iter=12
2026-03-16 01:33:54 | INFO     | [POOL #02066] 119 1075 661 1296 || mode=VB method=sk_ac_min solver=pyvrp stage=post_ls ls=pyvrp iter=12
2026-03-16 01:33:54 | INFO     | [POOL #02067] 314 1258 403 611 521 316 || mode=VB method=sk_ac_min solver=pyvrp stage=post_ls ls=pyvrp iter=12
2026-03-16 01:33:54 | INFO     | [POOL #02068] 837 107 476 229 277 1153 307 || mode=VB method=sk_ac_min solver=pyvrp stage=post_ls ls=pyvrp iter=12
2026-03-16 01:33:54 | INFO     | [POOL #02069] 407 939 519 1034 174 1053 286 1090 952 || mode=VB method=sk_ac_min solver=pyvrp stage=post_ls ls=pyvrp iter=12
2026-03-16 01:33:54 | INFO     | [POOL #02070] 1052 305 425 1054 601 || mode=VB method=sk_ac_min solver=pyvrp stage=post_ls ls=pyvrp iter=12
2026-03-16 01:33:54 | INFO     | [POOL #02071] 743 689 1178 144 4 1169 1219 || mode=VB method=sk_ac_min solver=pyvrp stage=post_ls ls=pyvrp iter=12
2026-03-16 01:33:54 | INFO     | [POOL #02072] 1273 156 67 796 849 189 959 69 976 419 || mode=VB method=sk_ac_min solver=pyvrp stage=post_ls ls=pyvrp iter=12
2026-03-16 01:33:54 | INFO     | [POOL #02073] 863 350 1274 154 1212 1221 1287 475 1209 1022 807 || mode=VB method=sk_ac_min solver=pyvrp stage=post_ls ls=pyvrp iter=12
2026-03-16 01:33:54 | INFO     | [POOL #02074] 673 406 724 735 1141 100 610 184 1138 || mode=VB method=sk_ac_min solver=pyvrp stage=post_ls ls=pyvrp iter=12
2026-03-16 01:33:54 | INFO     | [POOL #02075] 1077 881 669 1009 481 1252 319 1165 261 399 || mode=VB method=sk_ac_min solver=pyvrp stage=post_ls ls=pyvrp iter=12
2026-03-16 01:33:54 | INFO     | [POOL #02076] 1133 1303 1091 434 533 166 95 || mode=VB method=sk_ac_min solver=pyvrp stage=post_ls ls=pyvrp iter=12
2026-03-16 01:33:54 | INFO     | [POOL #02077] 1045 989 397 954 1020 123 831 293 || mode=VB method=sk_ac_min solver=pyvrp stage=post_ls ls=pyvrp iter=12
2026-03-16 01:33:54 | INFO     | [POOL #02078] 77 1199 432 1198 927 325 1043 || mode=VB method=sk_ac_min solver=pyvrp stage=post_ls ls=pyvrp iter=12
2026-03-16 01:33:54 | INFO     | [POOL #02079] 92 299 604 90 979 298 61 486 || mode=VB method=sk_ac_min solver=pyvrp stage=post_ls ls=pyvrp iter=12
2026-03-16 01:33:54 | INFO     | [POOL #02080] 360 1088 1316 903 549 613 436 901 1055 139 309 || mode=VB method=sk_ac_min solver=pyvrp stage=post_ls ls=pyvrp iter=12
2026-03-16 01:33:54 | INFO     | [POOL #02081] 1027 306 621 1322 1079 966 883 874 873 457 955 || mode=VB method=sk_ac_min solver=pyvrp stage=post_ls ls=pyvrp iter=12
2026-03-16 01:33:54 | INFO     | [POOL #02082] 1222 984 809 1302 206 771 462 904 574 801 259 453 631 13 || mode=VB method=sk_ac_min solver=pyvrp stage=post_ls ls=pyvrp iter=12
2026-03-16 01:33:54 | INFO     | [POOL #02083] 484 1361 1223 369 287 784 136 || mode=VB method=sk_ac_min solver=pyvrp stage=post_ls ls=pyvrp iter=12
2026-03-16 01:33:54 | INFO     | [POOL #02084] 479 1013 515 281 840 1143 879 1334 375 558 1139 672 1008 1050 || mode=VB method=sk_ac_min solver=pyvrp stage=post_ls ls=pyvrp iter=12
2026-03-16 01:33:54 | INFO     | [POOL #02085] 813 27 726 211 763 255 322 1229 894 762 223 98 || mode=VB method=sk_ac_min solver=pyvrp stage=post_ls ls=pyvrp iter=12
2026-03-16 01:33:54 | INFO     | [POOL #02086] 1270 656 1036 1038 824 662 857 1225 941 || mode=VB method=sk_ac_min solver=pyvrp stage=post_ls ls=pyvrp iter=12
2026-03-16 01:33:54 | INFO     | [POOL #02087] 459 1030 448 185 946 1372 240 || mode=VB method=sk_ac_min solver=pyvrp stage=post_ls ls=pyvrp iter=12
2026-03-16 01:33:54 | INFO     | [POOL #02088] 414 696 57 70 641 1285 1236 1188 347 340 539 788 542 || mode=VB method=sk_ac_min solver=pyvrp stage=post_ls ls=pyvrp iter=12
2026-03-16 01:33:54 | INFO     | [POOL #02089] 1192 353 1185 29 860 644 421 55 829 104 391 935 || mode=VB method=sk_ac_min solver=pyvrp stage=post_ls ls=pyvrp iter=12
2026-03-16 01:33:54 | INFO     | [POOL #02090] 231 1084 856 593 1226 1357 178 738 889 296 413 146 || mode=VB method=sk_ac_min solver=pyvrp stage=post_ls ls=pyvrp iter=12
2026-03-16 01:33:54 | INFO     | [POOL #02091] 965 363 427 148 393 565 1353 1049 || mode=VB method=sk_ac_min solver=pyvrp stage=post_ls ls=pyvrp iter=12
2026-03-16 01:33:54 | INFO     | [POOL #02092] 1265 834 530 678 441 19 205 1012 1 679 445 599 161 || mode=VB method=sk_ac_min solver=pyvrp stage=post_ls ls=pyvrp iter=12
2026-03-16 01:33:54 | INFO     | [POOL #02093] 222 1145 770 1280 47 489 664 265 553 || mode=VB method=sk_ac_min solver=pyvrp stage=post_ls ls=pyvrp iter=12
2026-03-16 01:33:54 | INFO     | [POOL #02094] 1191 826 1140 898 1065 1294 18 1193 141 181 1142 || mode=VB method=sk_ac_min solver=pyvrp stage=post_ls ls=pyvrp iter=12
2026-03-16 01:33:54 | INFO     | [POOL #02095] 198 1116 642 1147 376 3 226 474 716 108 || mode=VB method=sk_ac_min solver=pyvrp stage=post_ls ls=pyvrp iter=12
2026-03-16 01:33:54 | INFO     | [POOL #02096] 967 1171 430 982 233 690 1269 956 32 186 576 || mode=VB method=sk_ac_min solver=pyvrp stage=post_ls ls=pyvrp iter=12
2026-03-16 01:33:54 | INFO     | [POOL #02097] 404 764 768 1299 442 333 134 151 || mode=VB method=sk_ac_min solver=pyvrp stage=post_ls ls=pyvrp iter=12
2026-03-16 01:33:54 | INFO     | [POOL #02098] 243 1150 1373 402 912 1309 566 977 1060 36 867 || mode=VB method=sk_ac_min solver=pyvrp stage=post_ls ls=pyvrp iter=12
2026-03-16 01:33:54 | INFO     | [POOL #02099] 640 1160 996 573 750 754 1241 428 17 87 638 1159 464 1000 || mode=VB method=sk_ac_min solver=pyvrp stage=post_ls ls=pyvrp iter=12
2026-03-16 01:33:54 | INFO     | [POOL #02100] 334 249 42 1081 || mode=VB method=sk_ac_min solver=pyvrp stage=post_ls ls=pyvrp iter=12
2026-03-16 01:33:54 | INFO     | [POOL #02101] 866 443 880 722 1183 || mode=VB method=sk_ac_min solver=pyvrp stage=post_ls ls=pyvrp iter=12
2026-03-16 01:33:54 | INFO     | [POOL #02102] 1279 1227 619 1364 || mode=VB method=sk_ac_min solver=pyvrp stage=post_ls ls=pyvrp iter=12
2026-03-16 01:33:54 | INFO     | [POOL #02103] 28 368 1370 || mode=VB method=sk_ac_min solver=pyvrp stage=post_ls ls=pyvrp iter=12
2026-03-16 01:33:54 | INFO     | [POOL #02104] 862 773 2 75 || mode=VB method=sk_ac_min solver=pyvrp stage=post_ls ls=pyvrp iter=12
2026-03-16 01:33:54 | INFO     | [POOL #02105] 969 37 586 742 || mode=VB method=sk_ac_min solver=pyvrp stage=post_ls ls=pyvrp iter=12
2026-03-16 01:33:54 | INFO     | [POOL #02106] 124 1005 699 || mode=VB method=sk_ac_min solver=pyvrp stage=post_ls ls=pyvrp iter=12
2026-03-16 01:33:54 | INFO     | [POOL #02107] 1083 499 1032 || mode=VB method=sk_ac_min solver=pyvrp stage=post_ls ls=pyvrp iter=12
2026-03-16 01:33:54 | INFO     | [POOL #02108] 1238 936 1066 || mode=VB method=sk_ac_min solver=pyvrp stage=post_ls ls=pyvrp iter=12
2026-03-16 01:33:54 | INFO     | [POOL #02109] 392 1326 888 554 || mode=VB method=sk_ac_min solver=pyvrp stage=post_ls ls=pyvrp iter=12
2026-03-16 01:33:54 | INFO     | [POOL #02110] 1336 1152 649 || mode=VB method=sk_ac_min solver=pyvrp stage=post_ls ls=pyvrp iter=12
2026-03-16 01:33:54 | INFO     | [POOL #02111] 97 943 478 || mode=VB method=sk_ac_min solver=pyvrp stage=post_ls ls=pyvrp iter=12
2026-03-16 01:33:54 | INFO     | [POOL #02112] 838 1096 940 || mode=VB method=sk_ac_min solver=pyvrp stage=post_ls ls=pyvrp iter=12
2026-03-16 01:33:54 | INFO     | [POOL #02113] 1263 635 791 || mode=VB method=sk_ac_min solver=pyvrp stage=post_ls ls=pyvrp iter=12
2026-03-16 01:33:54 | INFO     | [POOL #02114] 639 1100 395 1211 || mode=VB method=sk_ac_min solver=pyvrp stage=post_ls ls=pyvrp iter=12
2026-03-16 01:33:54 | INFO     | [POOL #02115] 1119 1151 947 418 || mode=VB method=sk_ac_min solver=pyvrp stage=post_ls ls=pyvrp iter=12
2026-03-16 01:33:54 | INFO     | [POOL #02116] 782 919 378 603 || mode=VB method=sk_ac_min solver=pyvrp stage=post_ls ls=pyvrp iter=12
2026-03-16 01:33:54 | INFO     | [POOL #02117] 301 162 180 || mode=VB method=sk_ac_min solver=pyvrp stage=post_ls ls=pyvrp iter=12
2026-03-16 01:33:54 | INFO     | [POOL #02118] 706 115 1001 || mode=VB method=sk_ac_min solver=pyvrp stage=post_ls ls=pyvrp iter=12
2026-03-16 01:33:54 | INFO     | [POOL #02119] 372 282 1124 552 || mode=VB method=sk_ac_min solver=pyvrp stage=post_ls ls=pyvrp iter=12
2026-03-16 01:33:54 | INFO     | [POOL #02120] 328 1089 814 905 || mode=VB method=sk_ac_min solver=pyvrp stage=post_ls ls=pyvrp iter=12
2026-03-16 01:33:54 | INFO     | [POOL #02121] 400 449 779 || mode=VB method=sk_ac_min solver=pyvrp stage=post_ls ls=pyvrp iter=12
2026-03-16 01:33:54 | INFO     | [POOL #02122] 529 1074 1172 || mode=VB method=sk_ac_min solver=pyvrp stage=post_ls ls=pyvrp iter=12
2026-03-16 01:33:54 | INFO     | [POOL #02123] 221 759 899 || mode=VB method=sk_ac_min solver=pyvrp stage=post_ls ls=pyvrp iter=12
2026-03-16 01:33:54 | INFO     | [POOL #02124] 1026 72 588 || mode=VB method=sk_ac_min solver=pyvrp stage=post_ls ls=pyvrp iter=12
2026-03-16 01:33:54 | INFO     | [POOL #02125] 143 891 709 270 || mode=VB method=sk_ac_min solver=pyvrp stage=post_ls ls=pyvrp iter=12
2026-03-16 01:33:54 | INFO     | [POOL #02126] 1298 258 182 || mode=VB method=sk_ac_min solver=pyvrp stage=post_ls ls=pyvrp iter=12
2026-03-16 01:33:54 | INFO     | [POOL #02127] 938 254 469 || mode=VB method=sk_ac_min solver=pyvrp stage=post_ls ls=pyvrp iter=12
2026-03-16 01:33:54 | INFO     | [POOL #02128] 712 534 700 794 || mode=VB method=sk_ac_min solver=pyvrp stage=post_ls ls=pyvrp iter=12
2026-03-16 01:33:54 | INFO     | [POOL #02129] 1105 458 630 1025 || mode=VB method=sk_ac_min solver=pyvrp stage=post_ls ls=pyvrp iter=12
2026-03-16 01:33:54 | INFO     | [POOL #02130] 218 839 1371 || mode=VB method=sk_ac_min solver=pyvrp stage=post_ls ls=pyvrp iter=12
2026-03-16 01:33:54 | INFO     | [POOL #02131] 1123 983 1344 884 || mode=VB method=sk_ac_min solver=pyvrp stage=post_ls ls=pyvrp iter=12
2026-03-16 01:33:54 | INFO     | [POOL #02132] 390 7 1017 647 || mode=VB method=sk_ac_min solver=pyvrp stage=post_ls ls=pyvrp iter=12
2026-03-16 01:33:54 | INFO     | [POOL #02133] 636 1231 1276 || mode=VB method=sk_ac_min solver=pyvrp stage=post_ls ls=pyvrp iter=12
2026-03-16 01:33:54 | INFO     | [POOL #02134] 93 409 808 || mode=VB method=sk_ac_min solver=pyvrp stage=post_ls ls=pyvrp iter=12
2026-03-16 01:33:54 | INFO     | [POOL #02135] 547 777 1162 || mode=VB method=sk_ac_min solver=pyvrp stage=post_ls ls=pyvrp iter=12
2026-03-16 01:33:54 | INFO     | [POOL #02136] 1023 179 854 || mode=VB method=sk_ac_min solver=pyvrp stage=post_ls ls=pyvrp iter=12
2026-03-16 01:33:54 | INFO     | [POOL #02137] 408 192 803 || mode=VB method=sk_ac_min solver=pyvrp stage=post_ls ls=pyvrp iter=12
2026-03-16 01:33:54 | INFO     | [POOL #02138] 674 714 483 || mode=VB method=sk_ac_min solver=pyvrp stage=post_ls ls=pyvrp iter=12
2026-03-16 01:33:54 | INFO     | [POOL #02139] 800 315 618 || mode=VB method=sk_ac_min solver=pyvrp stage=post_ls ls=pyvrp iter=12
2026-03-16 01:33:54 | INFO     | [POOL #02140] 591 173 203 || mode=VB method=sk_ac_min solver=pyvrp stage=post_ls ls=pyvrp iter=12
2026-03-16 01:33:54 | INFO     | [POOL #02141] 704 546 278 || mode=VB method=sk_ac_min solver=pyvrp stage=post_ls ls=pyvrp iter=12
2026-03-16 01:33:54 | INFO     | [POOL #02142] 1232 1352 163 || mode=VB method=sk_ac_min solver=pyvrp stage=post_ls ls=pyvrp iter=12
2026-03-16 01:33:54 | INFO     | [POOL #02143] 723 120 798 || mode=VB method=sk_ac_min solver=pyvrp stage=post_ls ls=pyvrp iter=12
2026-03-16 01:33:54 | INFO     | [POOL #02144] 285 1292 687 || mode=VB method=sk_ac_min solver=pyvrp stage=post_ls ls=pyvrp iter=12
2026-03-16 01:33:54 | INFO     | [POOL #02145] 137 925 1233 875 || mode=VB method=sk_ac_min solver=pyvrp stage=post_ls ls=pyvrp iter=12
2026-03-16 01:33:54 | INFO     | [POOL #02146] 317 439 1179 || mode=VB method=sk_ac_min solver=pyvrp stage=post_ls ls=pyvrp iter=12
2026-03-16 01:33:54 | INFO     | [POOL #02147] 34 846 241 || mode=VB method=sk_ac_min solver=pyvrp stage=post_ls ls=pyvrp iter=12
2026-03-16 01:33:54 | INFO     | [POOL #02148] 988 1156 626 || mode=VB method=sk_ac_min solver=pyvrp stage=post_ls ls=pyvrp iter=12
2026-03-16 01:33:54 | INFO     | [POOL #02149] 82 217 701 1337 || mode=VB method=sk_ac_min solver=pyvrp stage=post_ls ls=pyvrp iter=12
2026-03-16 01:33:54 | INFO     | [POOL #02150] 172 262 876 || mode=VB method=sk_ac_min solver=pyvrp stage=post_ls ls=pyvrp iter=12
2026-03-16 01:33:54 | INFO     | [POOL #02151] 792 882 1021 || mode=VB method=sk_ac_min solver=pyvrp stage=post_ls ls=pyvrp iter=12
2026-03-16 01:33:54 | INFO     | [POOL #02152] 536 652 548 1355 || mode=VB method=sk_ac_min solver=pyvrp stage=post_ls ls=pyvrp iter=12
2026-03-16 01:33:54 | INFO     | [POOL #02153] 1207 280 1306 || mode=VB method=sk_ac_min solver=pyvrp stage=post_ls ls=pyvrp iter=12
2026-03-16 01:33:54 | INFO     | [POOL #02154] 76 331 213 1339 || mode=VB method=sk_ac_min solver=pyvrp stage=post_ls ls=pyvrp iter=12
2026-03-16 01:33:54 | INFO     | [POOL #02155] 760 823 1327 1332 252 1247 1158 1163 || mode=VB method=sk_ac_min solver=pyvrp stage=post_ls ls=pyvrp iter=12
2026-03-16 01:33:54 | INFO     | [POOL #02156] 971 752 900 514 551 1351 1242 || mode=VB method=sk_ac_min solver=pyvrp stage=post_ls ls=pyvrp iter=12
2026-03-16 01:33:54 | INFO     | [POOL #02157] 379 498 351 227 745 219 || mode=VB method=sk_ac_min solver=pyvrp stage=post_ls ls=pyvrp iter=12
2026-03-16 01:33:54 | INFO     | [POOL #02158] 1068 960 323 968 415 || mode=VB method=sk_ac_min solver=pyvrp stage=post_ls ls=pyvrp iter=12
2026-03-16 01:33:54 | INFO     | [POOL #02159] 1121 1346 326 975 228 310 169 272 || mode=VB method=sk_ac_min solver=pyvrp stage=post_ls ls=pyvrp iter=12
2026-03-16 01:33:54 | INFO     | [POOL #02160] 354 806 193 1016 524 1305 422 || mode=VB method=sk_ac_min solver=pyvrp stage=post_ls ls=pyvrp iter=12
2026-03-16 01:33:54 | INFO     | [POOL #02161] 827 1146 456 902 1243 1319 308 248 1286 || mode=VB method=sk_ac_min solver=pyvrp stage=post_ls ls=pyvrp iter=12
2026-03-16 01:33:54 | INFO     | [POOL #02162] 208 460 292 582 348 944 885 998 1253 || mode=VB method=sk_ac_min solver=pyvrp stage=post_ls ls=pyvrp iter=12
2026-03-16 01:33:54 | INFO     | [POOL #02163] 733 56 487 491 1167 525 444 || mode=VB method=sk_ac_min solver=pyvrp stage=post_ls ls=pyvrp iter=12
2026-03-16 01:33:54 | INFO     | [POOL #02164] 793 568 758 746 101 332 852 1080 835 207 423 || mode=VB method=sk_ac_min solver=pyvrp stage=post_ls ls=pyvrp iter=12
2026-03-16 01:33:54 | INFO     | [POOL #02165] 614 736 435 535 447 1137 1155 617 || mode=VB method=sk_ac_min solver=pyvrp stage=post_ls ls=pyvrp iter=12
2026-03-16 01:33:54 | INFO     | [POOL #02166] 719 1042 318 705 1317 426 1341 || mode=VB method=sk_ac_min solver=pyvrp stage=post_ls ls=pyvrp iter=12
2026-03-16 01:33:54 | INFO     | [POOL #02167] 341 337 1278 685 1271 384 187 606 1019 1246 1201 || mode=VB method=sk_ac_min solver=pyvrp stage=post_ls ls=pyvrp iter=12
2026-03-16 01:33:54 | INFO     | [POOL #02168] 671 577 232 776 531 167 561 850 868 1095 1324 || mode=VB method=sk_ac_min solver=pyvrp stage=post_ls ls=pyvrp iter=12
2026-03-16 01:33:54 | INFO     | [POOL #02169] 1251 216 149 909 556 627 1266 || mode=VB method=sk_ac_min solver=pyvrp stage=post_ls ls=pyvrp iter=12
2026-03-16 01:33:54 | INFO     | [POOL #02170] 1204 575 160 931 1164 417 749 799 1127 1366 540 789 1035 || mode=VB method=sk_ac_min solver=pyvrp stage=post_ls ls=pyvrp iter=12
2026-03-16 01:33:54 | INFO     | [POOL #02171] 212 855 1214 707 1260 377 284 58 1239 || mode=VB method=sk_ac_min solver=pyvrp stage=post_ls ls=pyvrp iter=12
2026-03-16 01:33:54 | INFO     | [POOL #02172] 645 715 142 157 1003 951 352 294 1217 || mode=VB method=sk_ac_min solver=pyvrp stage=post_ls ls=pyvrp iter=12
2026-03-16 01:33:54 | INFO     | [POOL #02173] 937 560 1343 477 133 335 697 532 40 1220 329 1291 || mode=VB method=sk_ac_min solver=pyvrp stage=post_ls ls=pyvrp iter=12
2026-03-16 01:33:54 | INFO     | [POOL #02174] 766 695 949 59 105 615 1210 1300 1206 585 || mode=VB method=sk_ac_min solver=pyvrp stage=post_ls ls=pyvrp iter=12
2026-03-16 01:33:54 | INFO     | [POOL #02175] 887 1313 848 667 581 890 845 545 || mode=VB method=sk_ac_min solver=pyvrp stage=post_ls ls=pyvrp iter=12
2026-03-16 01:33:54 | INFO     | [POOL #02176] 911 260 41 569 637 828 1122 || mode=VB method=sk_ac_min solver=pyvrp stage=post_ls ls=pyvrp iter=12
2026-03-16 01:33:54 | INFO     | [POOL #02177] 810 861 819 595 89 128 164 || mode=VB method=sk_ac_min solver=pyvrp stage=post_ls ls=pyvrp iter=12
2026-03-16 01:33:54 | INFO     | [POOL #02178] 279 177 1046 25 665 327 892 || mode=VB method=sk_ac_min solver=pyvrp stage=post_ls ls=pyvrp iter=12
2026-03-16 01:33:54 | INFO     | [POOL #02179] 918 39 1181 516 117 129 1010 970 || mode=VB method=sk_ac_min solver=pyvrp stage=post_ls ls=pyvrp iter=12
2026-03-16 01:33:54 | INFO     | [POOL #02180] 950 1249 224 1033 43 629 1064 769 1157 295 126 544 91 780 || mode=VB method=sk_ac_min solver=pyvrp stage=post_ls ls=pyvrp iter=12
2026-03-16 01:33:54 | INFO     | [POOL #02181] 463 538 1234 1256 924 654 || mode=VB method=sk_ac_min solver=pyvrp stage=post_ls ls=pyvrp iter=12
2026-03-16 01:33:54 | INFO     | [POOL #02182] 1093 555 1148 820 1284 482 || mode=VB method=sk_ac_min solver=pyvrp stage=post_ls ls=pyvrp iter=12
2026-03-16 01:33:54 | INFO     | [POOL #02183] 703 1356 420 686 94 195 781 191 494 1315 1120 488 1031 65 || mode=VB method=sk_ac_min solver=pyvrp stage=post_ls ls=pyvrp iter=12
2026-03-16 01:33:54 | INFO     | [POOL #02184] 612 450 864 1108 767 303 1177 670 438 235 || mode=VB method=sk_ac_min solver=pyvrp stage=post_ls ls=pyvrp iter=12
2026-03-16 01:33:54 | INFO     | [POOL #02185] 147 913 1098 267 1228 256 23 865 870 1333 || mode=VB method=sk_ac_min solver=pyvrp stage=post_ls ls=pyvrp iter=12
2026-03-16 01:33:54 | INFO     | [POOL #02186] 681 727 1071 194 528 897 1318 580 1282 597 || mode=VB method=sk_ac_min solver=pyvrp stage=post_ls ls=pyvrp iter=12
2026-03-16 01:33:54 | INFO     | [POOL #02187] 1264 247 910 720 878 46 1085 283 605 276 153 || mode=VB method=sk_ac_min solver=pyvrp stage=post_ls ls=pyvrp iter=12
2026-03-16 01:33:54 | INFO     | [POOL #02188] 1073 1130 26 468 || mode=VB method=sk_ac_min solver=pyvrp stage=post_ls ls=pyvrp iter=12
2026-03-16 01:33:54 | INFO     | [POOL #02189] 343 1189 158 682 506 1359 1072 || mode=VB method=sk_ac_min solver=pyvrp stage=post_ls ls=pyvrp iter=12
2026-03-16 01:33:54 | INFO     | [POOL #02190] 1115 1166 269 872 54 197 || mode=VB method=sk_ac_min solver=pyvrp stage=post_ls ls=pyvrp iter=12
2026-03-16 01:33:54 | INFO     | [POOL #02191] 44 832 655 648 196 || mode=VB method=sk_ac_min solver=pyvrp stage=post_ls ls=pyvrp iter=12
2026-03-16 01:33:54 | INFO     | [POOL #02192] 1196 512 815 504 381 || mode=VB method=sk_ac_min solver=pyvrp stage=post_ls ls=pyvrp iter=12
2026-03-16 01:33:54 | INFO     | [POOL #02193] 140 452 361 14 244 1195 1180 520 || mode=VB method=sk_ac_min solver=pyvrp stage=post_ls ls=pyvrp iter=12
2026-03-16 01:33:54 | INFO     | [POOL #02194] 825 816 508 570 948 1125 625 790 657 1314 || mode=VB method=sk_ac_min solver=pyvrp stage=post_ls ls=pyvrp iter=12
2026-03-16 01:33:54 | INFO     | [POOL #02195] 995 877 311 246 811 1275 908 772 96 11 676 || mode=VB method=sk_ac_min solver=pyvrp stage=post_ls ls=pyvrp iter=12
2026-03-16 01:33:54 | INFO     | [POOL #02196] 775 330 || mode=VB method=sk_ac_min solver=pyvrp stage=post_ls ls=pyvrp iter=12
2026-03-16 01:33:54 | INFO     | [POOL #02197] 1213 1151 947 415 || mode=SCP method=gurobi_mip solver=UNKNOWN stage=scp_post_ls ls=N/A iter=12
2026-03-16 01:33:54 | INFO     | [POOL #02198] 330 744 775 || mode=SCP method=gurobi_mip solver=UNKNOWN stage=scp_post_ls ls=N/A iter=12
2026-03-16 01:33:54 | INFO     | [POOL #02199] 905 782 919 787 || mode=SCP method=gurobi_mip solver=UNKNOWN stage=scp_post_ls ls=N/A iter=12
2026-03-16 01:33:54 | INFO     | [POOL #02200] 345 387 1237 || mode=SCP method=gurobi_mip solver=UNKNOWN stage=scp_post_ls ls=N/A iter=12
2026-03-16 01:33:54 | INFO     | [POOL #02201] 943 603 814 1119 || mode=SCP method=gurobi_mip solver=UNKNOWN stage=scp_post_ls ls=N/A iter=12
2026-03-16 01:33:54 | INFO     | [POOL #02202] 806 1016 1341 705 1317 426 || mode=RB method=sk_kmeans solver=pyvrp stage=post_ls ls=pyvrp iter=13
2026-03-16 01:33:54 | INFO     | [POOL #02203] 480 753 1099 || mode=RB method=sk_kmeans solver=pyvrp stage=post_ls ls=pyvrp iter=13
2026-03-16 01:33:54 | INFO     | [POOL #02204] 415 390 960 756 330 || mode=RB method=sk_kmeans solver=pyvrp stage=post_ls ls=pyvrp iter=13
2026-03-16 01:33:54 | INFO     | [POOL #02205] 1017 1119 301 1151 || mode=RB method=sk_kmeans solver=pyvrp stage=post_ls ls=pyvrp iter=13
2026-03-16 01:33:54 | INFO     | [POOL #02206] 961 1364 821 80 || mode=RB method=sk_kmeans solver=pyvrp stage=post_ls ls=pyvrp iter=13
2026-03-16 01:33:54 | INFO     | [POOL #02207] 151 1145 992 1006 222 || mode=RB method=sk_kmeans solver=pyvrp stage=post_ls ls=pyvrp iter=13
2026-03-16 01:33:54 | INFO     | [POOL #02208] 1172 1074 1213 || mode=RB method=sk_kmeans solver=pyvrp stage=post_ls ls=pyvrp iter=13
2026-03-16 01:33:54 | INFO     | [POOL #02209] 162 947 1310 || mode=RB method=sk_kmeans solver=pyvrp stage=post_ls ls=pyvrp iter=13
2026-03-16 01:33:54 | INFO     | [POOL #02210] 1280 941 1353 134 442 716 393 565 967 || mode=RB method=sk_kmeans solver=pyvrp stage=post_ls ls=pyvrp iter=13
2026-03-16 01:33:54 | INFO     | [POOL #02211] 619 862 180 || mode=RB method=sk_kmeans solver=pyvrp stage=post_ls ls=pyvrp iter=13
2026-03-16 01:33:54 | INFO     | [POOL #02212] 136 427 784 287 369 1361 || mode=RB method=sk_kmeans solver=pyvrp stage=post_ls ls=pyvrp iter=13
2026-03-16 01:33:54 | INFO     | [POOL #02213] 1223 656 1036 1038 631 824 857 47 231 || mode=RB method=sk_kmeans solver=pyvrp stage=post_ls ls=pyvrp iter=13
2026-03-16 01:33:54 | INFO     | [POOL #02214] 770 713 768 1183 699 124 || mode=RB method=sk_kmeans solver=pyvrp stage=post_ls ls=pyvrp iter=13
2026-03-16 01:33:54 | INFO     | [POOL #02215] 867 1279 404 75 773 418 || mode=RB method=sk_kmeans solver=pyvrp stage=post_ls ls=pyvrp iter=13
2026-03-16 01:33:54 | INFO     | [POOL #02216] 946 185 448 1226 1357 178 889 296 982 146 || mode=RB method=sk_kmeans solver=pyvrp stage=post_ls ls=pyvrp iter=13
2026-03-16 01:33:54 | INFO     | [POOL #02217] 809 1302 771 211 479 762 894 322 255 641 70 1265 1030 98 || mode=RB method=sk_kmeans solver=pyvrp stage=post_ls ls=pyvrp iter=13
2026-03-16 01:33:54 | INFO     | [POOL #02218] 333 198 226 413 662 459 148 || mode=RB method=sk_kmeans solver=pyvrp stage=post_ls ls=pyvrp iter=13
2026-03-16 01:33:54 | INFO     | [POOL #02219] 489 1084 856 593 57 1372 240 801 259 453 13 || mode=RB method=sk_kmeans solver=pyvrp stage=post_ls ls=pyvrp iter=13
2026-03-16 01:33:54 | INFO     | [POOL #02220] 1013 515 281 1185 29 1143 840 860 644 421 1236 1285 1229 542 223 1225 553 || mode=RB method=sk_kmeans solver=pyvrp stage=post_ls ls=pyvrp iter=13
2026-03-16 01:33:54 | INFO     | [POOL #02221] 1049 764 2 1227 || mode=RB method=sk_kmeans solver=pyvrp stage=post_ls ls=pyvrp iter=13
2026-03-16 01:33:54 | INFO     | [POOL #02222] 353 879 1334 375 558 1139 672 1008 1079 1050 || mode=RB method=sk_kmeans solver=pyvrp stage=post_ls ls=pyvrp iter=13
2026-03-16 01:33:54 | INFO     | [POOL #02223] 1171 430 738 104 829 233 181 3 1142 474 108 || mode=RB method=sk_kmeans solver=pyvrp stage=post_ls ls=pyvrp iter=13
2026-03-16 01:33:54 | INFO     | [POOL #02224] 834 530 788 55 1188 347 340 539 678 441 19 || mode=RB method=sk_kmeans solver=pyvrp stage=post_ls ls=pyvrp iter=13
2026-03-16 01:33:54 | INFO     | [POOL #02225] 1191 391 599 445 205 1012 679 1 1140 826 161 || mode=RB method=sk_kmeans solver=pyvrp stage=post_ls ls=pyvrp iter=13
2026-03-16 01:33:54 | INFO     | [POOL #02226] 243 576 1116 186 1373 368 443 || mode=RB method=sk_kmeans solver=pyvrp stage=post_ls ls=pyvrp iter=13
2026-03-16 01:33:54 | INFO     | [POOL #02227] 642 1147 141 1193 690 1269 956 912 1309 566 977 402 996 || mode=RB method=sk_kmeans solver=pyvrp stage=post_ls ls=pyvrp iter=13
2026-03-16 01:33:54 | INFO     | [POOL #02228] 288 722 42 638 1159 464 1150 1160 || mode=RB method=sk_kmeans solver=pyvrp stage=post_ls ls=pyvrp iter=13
2026-03-16 01:33:54 | INFO     | [POOL #02229] 935 376 32 898 1065 18 1294 1241 428 754 || mode=RB method=sk_kmeans solver=pyvrp stage=post_ls ls=pyvrp iter=13
2026-03-16 01:33:54 | INFO     | [POOL #02230] 37 28 1083 || mode=RB method=sk_kmeans solver=pyvrp stage=post_ls ls=pyvrp iter=13
2026-03-16 01:33:54 | INFO     | [POOL #02231] 1000 249 334 853 392 || mode=RB method=sk_kmeans solver=pyvrp stage=post_ls ls=pyvrp iter=13
2026-03-16 01:33:54 | INFO     | [POOL #02232] 97 1032 1005 || mode=RB method=sk_kmeans solver=pyvrp stage=post_ls ls=pyvrp iter=13
2026-03-16 01:33:54 | INFO     | [POOL #02233] 1060 573 750 17 87 382 624 || mode=RB method=sk_kmeans solver=pyvrp stage=post_ls ls=pyvrp iter=13
2026-03-16 01:33:54 | INFO     | [POOL #02234] 1360 858 266 || mode=RB method=sk_kmeans solver=pyvrp stage=post_ls ls=pyvrp iter=13
2026-03-16 01:33:54 | INFO     | [POOL #02235] 202 666 554 || mode=RB method=sk_kmeans solver=pyvrp stage=post_ls ls=pyvrp iter=13
2026-03-16 01:33:54 | INFO     | [POOL #02236] 729 1104 694 || mode=RB method=sk_kmeans solver=pyvrp stage=post_ls ls=pyvrp iter=13
2026-03-16 01:33:54 | INFO     | [POOL #02237] 1240 523 1328 || mode=RB method=sk_kmeans solver=pyvrp stage=post_ls ls=pyvrp iter=13
2026-03-16 01:33:54 | INFO     | [POOL #02238] 932 782 378 395 || mode=RB method=sk_kmeans solver=pyvrp stage=post_ls ls=pyvrp iter=13
2026-03-16 01:33:54 | INFO     | [POOL #02239] 440 928 145 112 || mode=RB method=sk_kmeans solver=pyvrp stage=post_ls ls=pyvrp iter=13
2026-03-16 01:33:54 | INFO     | [POOL #02240] 1096 919 1041 || mode=RB method=sk_kmeans solver=pyvrp stage=post_ls ls=pyvrp iter=13
2026-03-16 01:33:54 | INFO     | [POOL #02241] 1331 842 1200 711 || mode=RB method=sk_kmeans solver=pyvrp stage=post_ls ls=pyvrp iter=13
2026-03-16 01:33:54 | INFO     | [POOL #02242] 1100 38 639 787 || mode=RB method=sk_kmeans solver=pyvrp stage=post_ls ls=pyvrp iter=13
2026-03-16 01:33:54 | INFO     | [POOL #02243] 635 312 221 || mode=RB method=sk_kmeans solver=pyvrp stage=post_ls ls=pyvrp iter=13
2026-03-16 01:33:54 | INFO     | [POOL #02244] 636 854 203 || mode=RB method=sk_kmeans solver=pyvrp stage=post_ls ls=pyvrp iter=13
2026-03-16 01:33:54 | INFO     | [POOL #02245] 458 258 552 449 || mode=RB method=sk_kmeans solver=pyvrp stage=post_ls ls=pyvrp iter=13
2026-03-16 01:33:54 | INFO     | [POOL #02246] 630 957 700 1344 || mode=RB method=sk_kmeans solver=pyvrp stage=post_ls ls=pyvrp iter=13
2026-03-16 01:33:54 | INFO     | [POOL #02247] 962 800 517 || mode=RB method=sk_kmeans solver=pyvrp stage=post_ls ls=pyvrp iter=13
2026-03-16 01:33:54 | INFO     | [POOL #02248] 483 802 808 192 || mode=RB method=sk_kmeans solver=pyvrp stage=post_ls ls=pyvrp iter=13
2026-03-16 01:33:54 | INFO     | [POOL #02249] 1118 1123 1276 || mode=RB method=sk_kmeans solver=pyvrp stage=post_ls ls=pyvrp iter=13
2026-03-16 01:33:54 | INFO     | [POOL #02250] 1089 328 983 173 || mode=RB method=sk_kmeans solver=pyvrp stage=post_ls ls=pyvrp iter=13
2026-03-16 01:33:54 | INFO     | [POOL #02251] 1025 218 714 || mode=RB method=sk_kmeans solver=pyvrp stage=post_ls ls=pyvrp iter=13
2026-03-16 01:33:54 | INFO     | [POOL #02252] 469 254 841 || mode=RB method=sk_kmeans solver=pyvrp stage=post_ls ls=pyvrp iter=13
2026-03-16 01:33:54 | INFO     | [POOL #02253] 179 1231 408 || mode=RB method=sk_kmeans solver=pyvrp stage=post_ls ls=pyvrp iter=13
2026-03-16 01:33:54 | INFO     | [POOL #02254] 933 362 200 || mode=RB method=sk_kmeans solver=pyvrp stage=post_ls ls=pyvrp iter=13
2026-03-16 01:33:54 | INFO     | [POOL #02255] 315 618 1023 || mode=RB method=sk_kmeans solver=pyvrp stage=post_ls ls=pyvrp iter=13
2026-03-16 01:33:54 | INFO     | [POOL #02256] 588 372 131 || mode=RB method=sk_kmeans solver=pyvrp stage=post_ls ls=pyvrp iter=13
2026-03-16 01:33:54 | INFO     | [POOL #02257] 289 1352 803 || mode=RB method=sk_kmeans solver=pyvrp stage=post_ls ls=pyvrp iter=13
2026-03-16 01:33:54 | INFO     | [POOL #02258] 1179 313 1232 || mode=RB method=sk_kmeans solver=pyvrp stage=post_ls ls=pyvrp iter=13
2026-03-16 01:33:54 | INFO     | [POOL #02259] 547 591 704 || mode=RB method=sk_kmeans solver=pyvrp stage=post_ls ls=pyvrp iter=13
2026-03-16 01:33:54 | INFO     | [POOL #02260] 701 317 439 || mode=RB method=sk_kmeans solver=pyvrp stage=post_ls ls=pyvrp iter=13
2026-03-16 01:33:54 | INFO     | [POOL #02261] 22 798 1292 || mode=RB method=sk_kmeans solver=pyvrp stage=post_ls ls=pyvrp iter=13
2026-03-16 01:33:54 | INFO     | [POOL #02262] 1233 543 251 559 || mode=RB method=sk_kmeans solver=pyvrp stage=post_ls ls=pyvrp iter=13
2026-03-16 01:33:54 | INFO     | [POOL #02263] 1070 925 846 || mode=RB method=sk_kmeans solver=pyvrp stage=post_ls ls=pyvrp iter=13
2026-03-16 01:33:54 | INFO     | [POOL #02264] 169 351 1325 1021 1306 || mode=RB method=sk_kmeans solver=pyvrp stage=post_ls ls=pyvrp iter=13
2026-03-16 01:33:54 | INFO     | [POOL #02265] 1338 1257 285 || mode=RB method=sk_kmeans solver=pyvrp stage=post_ls ls=pyvrp iter=13
2026-03-16 01:33:54 | INFO     | [POOL #02266] 876 1242 1351 944 1035 || mode=RB method=sk_kmeans solver=pyvrp stage=post_ls ls=pyvrp iter=13
2026-03-16 01:33:54 | INFO     | [POOL #02267] 823 1327 551 1332 252 1247 752 971 1234 || mode=RB method=sk_kmeans solver=pyvrp stage=post_ls ls=pyvrp iter=13
2026-03-16 01:33:54 | INFO     | [POOL #02268] 1121 745 1158 326 228 379 || mode=RB method=sk_kmeans solver=pyvrp stage=post_ls ls=pyvrp iter=13
2026-03-16 01:33:54 | INFO     | [POOL #02269] 30 882 498 975 310 || mode=RB method=sk_kmeans solver=pyvrp stage=post_ls ls=pyvrp iter=13
2026-03-16 01:33:54 | INFO     | [POOL #02270] 213 280 792 536 || mode=RB method=sk_kmeans solver=pyvrp stage=post_ls ls=pyvrp iter=13
2026-03-16 01:33:54 | INFO     | [POOL #02271] 423 789 292 348 582 514 900 227 885 998 || mode=RB method=sk_kmeans solver=pyvrp stage=post_ls ls=pyvrp iter=13
2026-03-16 01:33:54 | INFO     | [POOL #02272] 76 687 990 || mode=RB method=sk_kmeans solver=pyvrp stage=post_ls ls=pyvrp iter=13
2026-03-16 01:33:54 | INFO     | [POOL #02273] 377 931 1164 101 508 570 948 816 1278 685 606 || mode=RB method=sk_kmeans solver=pyvrp stage=post_ls ls=pyvrp iter=13
2026-03-16 01:33:54 | INFO     | [POOL #02274] 1207 564 1190 || mode=RB method=sk_kmeans solver=pyvrp stage=post_ls ls=pyvrp iter=13
2026-03-16 01:33:54 | INFO     | [POOL #02275] 207 835 332 417 749 799 1127 1366 540 852 1080 460 208 || mode=RB method=sk_kmeans solver=pyvrp stage=post_ls ls=pyvrp iter=13
2026-03-16 01:33:54 | INFO     | [POOL #02276] 1214 1271 825 614 1125 435 736 625 790 657 || mode=RB method=sk_kmeans solver=pyvrp stage=post_ls ls=pyvrp iter=13
2026-03-16 01:33:54 | INFO     | [POOL #02277] 1256 1239 272 1355 548 652 || mode=RB method=sk_kmeans solver=pyvrp stage=post_ls ls=pyvrp iter=13
2026-03-16 01:33:54 | INFO     | [POOL #02278] 827 58 707 1260 284 1346 1163 219 1319 || mode=RB method=sk_kmeans solver=pyvrp stage=post_ls ls=pyvrp iter=13
2026-03-16 01:33:54 | INFO     | [POOL #02279] 1201 671 746 758 575 1019 793 855 463 || mode=RB method=sk_kmeans solver=pyvrp stage=post_ls ls=pyvrp iter=13
2026-03-16 01:33:54 | INFO     | [POOL #02280] 1286 248 308 331 1339 || mode=RB method=sk_kmeans solver=pyvrp stage=post_ls ls=pyvrp iter=13
2026-03-16 01:33:54 | INFO     | [POOL #02281] 1204 1246 1314 577 232 341 337 187 384 160 568 || mode=RB method=sk_kmeans solver=pyvrp stage=post_ls ls=pyvrp iter=13
2026-03-16 01:33:54 | INFO     | [POOL #02282] 56 491 1167 525 294 1324 444 || mode=RB method=sk_kmeans solver=pyvrp stage=post_ls ls=pyvrp iter=13
2026-03-16 01:33:54 | INFO     | [POOL #02283] 571 1128 751 || mode=RB method=sk_kmeans solver=pyvrp stage=post_ls ls=pyvrp iter=13
2026-03-16 01:33:54 | INFO     | [POOL #02284] 654 1311 1224 || mode=RB method=sk_kmeans solver=pyvrp stage=post_ls ls=pyvrp iter=13
2026-03-16 01:33:54 | INFO     | [POOL #02285] 733 318 520 1180 1195 538 1253 193 || mode=RB method=sk_kmeans solver=pyvrp stage=post_ls ls=pyvrp iter=13
2026-03-16 01:33:54 | INFO     | [POOL #02286] 1146 244 212 487 1217 1251 361 14 1068 || mode=RB method=sk_kmeans solver=pyvrp stage=post_ls ls=pyvrp iter=13
2026-03-16 01:33:54 | INFO     | [POOL #02287] 7 365 647 || mode=RB method=sk_kmeans solver=pyvrp stage=post_ls ls=pyvrp iter=13
2026-03-16 01:33:54 | INFO     | [POOL #02288] 422 524 1305 456 1243 902 924 || mode=RB method=sk_kmeans solver=pyvrp stage=post_ls ls=pyvrp iter=13
2026-03-16 01:33:54 | INFO     | [POOL #02289] 358 86 668 354 || mode=RB method=sk_kmeans solver=pyvrp stage=post_ls ls=pyvrp iter=13
2026-03-16 01:33:54 | INFO     | [POOL #02290] 663 461 511 || mode=RB method=sk_kmeans solver=pyvrp stage=post_ls ls=pyvrp iter=13
2026-03-16 01:33:54 | INFO     | [POOL #02291] 725 429 209 || mode=RB method=sk_kmeans solver=pyvrp stage=post_ls ls=pyvrp iter=13
2026-03-16 01:33:54 | INFO     | [POOL #02292] 774 446 383 || mode=RB method=sk_kmeans solver=pyvrp stage=post_ls ls=pyvrp iter=13
2026-03-16 01:33:54 | INFO     | [POOL #02293] 111 109 1340 || mode=RB method=sk_kmeans solver=pyvrp stage=post_ls ls=pyvrp iter=13
2026-03-16 01:33:54 | INFO     | [POOL #02294] 1076 385 987 537 || mode=RB method=sk_kmeans solver=pyvrp stage=post_ls ls=pyvrp iter=13
2026-03-16 01:33:54 | INFO     | [POOL #02295] 653 210 300 || mode=RB method=sk_kmeans solver=pyvrp stage=post_ls ls=pyvrp iter=13
2026-03-16 01:33:54 | INFO     | [POOL #02296] 48 1129 152 || mode=RB method=sk_kmeans solver=pyvrp stage=post_ls ls=pyvrp iter=13
2026-03-16 01:33:54 | INFO     | [POOL #02297] 297 237 1335 691 || mode=RB method=sk_kmeans solver=pyvrp stage=post_ls ls=pyvrp iter=13
2026-03-16 01:33:54 | INFO     | [POOL #02298] 1289 433 1308 || mode=RB method=sk_kmeans solver=pyvrp stage=post_ls ls=pyvrp iter=13
2026-03-16 01:33:54 | INFO     | [POOL #02299] 472 1069 728 || mode=RB method=sk_kmeans solver=pyvrp stage=post_ls ls=pyvrp iter=13
2026-03-16 01:33:54 | INFO     | [POOL #02300] 386 1044 495 121 || mode=RB method=sk_kmeans solver=pyvrp stage=post_ls ls=pyvrp iter=13
2026-03-16 01:33:54 | INFO     | [POOL #02301] 496 275 230 || mode=RB method=sk_kmeans solver=pyvrp stage=post_ls ls=pyvrp iter=13
2026-03-16 01:33:54 | INFO     | [POOL #02302] 357 608 1094 || mode=RB method=sk_kmeans solver=pyvrp stage=post_ls ls=pyvrp iter=13
2026-03-16 01:33:54 | INFO     | [POOL #02303] 356 1205 607 110 || mode=RB method=sk_kmeans solver=pyvrp stage=post_ls ls=pyvrp iter=13
2026-03-16 01:33:54 | INFO     | [POOL #02304] 176 833 934 || mode=RB method=sk_kmeans solver=pyvrp stage=post_ls ls=pyvrp iter=13
2026-03-16 01:33:54 | INFO     | [POOL #02305] 473 1107 522 721 || mode=RB method=sk_kmeans solver=pyvrp stage=post_ls ls=pyvrp iter=13
2026-03-16 01:33:54 | INFO     | [POOL #02306] 138 1063 1244 || mode=RB method=sk_kmeans solver=pyvrp stage=post_ls ls=pyvrp iter=13
2026-03-16 01:33:54 | INFO     | [POOL #02307] 490 953 398 1258 || mode=RB method=sk_kmeans solver=pyvrp stage=post_ls ls=pyvrp iter=13
2026-03-16 01:33:54 | INFO     | [POOL #02308] 1144 1194 1153 || mode=RB method=sk_kmeans solver=pyvrp stage=post_ls ls=pyvrp iter=13
2026-03-16 01:33:54 | INFO     | [POOL #02309] 60 978 717 510 || mode=RB method=sk_kmeans solver=pyvrp stage=post_ls ls=pyvrp iter=13
2026-03-16 01:33:54 | INFO     | [POOL #02310] 1002 492 993 628 || mode=RB method=sk_kmeans solver=pyvrp stage=post_ls ls=pyvrp iter=13
2026-03-16 01:33:54 | INFO     | [POOL #02311] 1078 374 991 119 || mode=RB method=sk_kmeans solver=pyvrp stage=post_ls ls=pyvrp iter=13
2026-03-16 01:33:54 | INFO     | [POOL #02312] 1268 945 314 || mode=RB method=sk_kmeans solver=pyvrp stage=post_ls ls=pyvrp iter=13
2026-03-16 01:33:54 | INFO     | [POOL #02313] 920 583 366 || mode=RB method=sk_kmeans solver=pyvrp stage=post_ls ls=pyvrp iter=13
2026-03-16 01:33:54 | INFO     | [POOL #02314] 818 290 485 || mode=RB method=sk_kmeans solver=pyvrp stage=post_ls ls=pyvrp iter=13
2026-03-16 01:33:54 | INFO     | [POOL #02315] 939 1209 107 476 229 277 505 609 316 || mode=RB method=sk_kmeans solver=pyvrp stage=post_ls ls=pyvrp iter=13
2026-03-16 01:33:54 | INFO     | [POOL #02316] 1350 51 748 611 837 849 || mode=RB method=sk_kmeans solver=pyvrp stage=post_ls ls=pyvrp iter=13
2026-03-16 01:33:54 | INFO     | [POOL #02317] 1304 273 403 521 144 || mode=RB method=sk_kmeans solver=pyvrp stage=post_ls ls=pyvrp iter=13
2026-03-16 01:33:54 | INFO     | [POOL #02318] 519 1034 174 1053 1221 1212 1287 286 1090 || mode=RB method=sk_kmeans solver=pyvrp stage=post_ls ls=pyvrp iter=13
2026-03-16 01:33:54 | INFO     | [POOL #02319] 659 10 1347 || mode=RB method=sk_kmeans solver=pyvrp stage=post_ls ls=pyvrp iter=13
2026-03-16 01:33:54 | INFO     | [POOL #02320] 500 796 407 493 475 154 1274 1252 481 360 604 1088 1316 90 979 || mode=RB method=sk_kmeans solver=pyvrp stage=post_ls ls=pyvrp iter=13
2026-03-16 01:33:54 | INFO     | [POOL #02321] 1296 807 1022 952 1077 261 1133 724 || mode=RB method=sk_kmeans solver=pyvrp stage=post_ls ls=pyvrp iter=13
2026-03-16 01:33:54 | INFO     | [POOL #02322] 1303 1043 325 881 350 863 927 || mode=RB method=sk_kmeans solver=pyvrp stage=post_ls ls=pyvrp iter=13
2026-03-16 01:33:54 | INFO     | [POOL #02323] 1097 1029 1062 963 || mode=RB method=sk_kmeans solver=pyvrp stage=post_ls ls=pyvrp iter=13
2026-03-16 01:33:54 | INFO     | [POOL #02324] 1165 319 1009 92 299 669 113 397 1270 || mode=RB method=sk_kmeans solver=pyvrp stage=post_ls ls=pyvrp iter=13
2026-03-16 01:33:54 | INFO     | [POOL #02325] 1365 675 843 973 || mode=RB method=sk_kmeans solver=pyvrp stage=post_ls ls=pyvrp iter=13
2026-03-16 01:33:54 | INFO     | [POOL #02326] 190 67 189 959 123 831 || mode=RB method=sk_kmeans solver=pyvrp stage=post_ls ls=pyvrp iter=13
2026-03-16 01:33:54 | INFO     | [POOL #02327] 77 434 533 1198 432 1199 486 851 || mode=RB method=sk_kmeans solver=pyvrp stage=post_ls ls=pyvrp iter=13
2026-03-16 01:33:54 | INFO     | [POOL #02328] 414 696 309 1027 955 457 763 574 904 462 206 984 1222 || mode=RB method=sk_kmeans solver=pyvrp stage=post_ls ls=pyvrp iter=13
2026-03-16 01:33:54 | INFO     | [POOL #02329] 795 613 549 621 1322 966 883 874 873 1192 726 27 813 || mode=RB method=sk_kmeans solver=pyvrp stage=post_ls ls=pyvrp iter=13
2026-03-16 01:33:54 | INFO     | [POOL #02330] 1045 95 954 1048 394 166 1091 399 || mode=RB method=sk_kmeans solver=pyvrp stage=post_ls ls=pyvrp iter=13
2026-03-16 01:33:54 | INFO     | [POOL #02331] 1102 139 1055 901 306 436 903 298 61 || mode=RB method=sk_kmeans solver=pyvrp stage=post_ls ls=pyvrp iter=13
2026-03-16 01:33:54 | INFO     | [POOL #02332] 4 1273 156 69 976 735 406 293 100 610 1052 || mode=RB method=sk_kmeans solver=pyvrp stage=post_ls ls=pyvrp iter=13
2026-03-16 01:33:54 | INFO     | [POOL #02333] 102 907 1169 1219 || mode=RB method=sk_kmeans solver=pyvrp stage=post_ls ls=pyvrp iter=13
2026-03-16 01:33:54 | INFO     | [POOL #02334] 1138 1141 1020 972 1312 371 989 84 965 || mode=RB method=sk_kmeans solver=pyvrp stage=post_ls ls=pyvrp iter=13
2026-03-16 01:33:54 | INFO     | [POOL #02335] 1054 673 419 1178 689 743 425 || mode=RB method=sk_kmeans solver=pyvrp stage=post_ls ls=pyvrp iter=13
2026-03-16 01:33:54 | INFO     | [POOL #02336] 159 344 1307 594 || mode=RB method=sk_kmeans solver=pyvrp stage=post_ls ls=pyvrp iter=13
2026-03-16 01:33:54 | INFO     | [POOL #02337] 1136 1197 651 220 || mode=RB method=sk_kmeans solver=pyvrp stage=post_ls ls=pyvrp iter=13
2026-03-16 01:33:54 | INFO     | [POOL #02338] 632 184 484 363 664 265 || mode=RB method=sk_kmeans solver=pyvrp stage=post_ls ls=pyvrp iter=13
2026-03-16 01:33:54 | INFO     | [POOL #02339] 305 1354 79 598 || mode=RB method=sk_kmeans solver=pyvrp stage=post_ls ls=pyvrp iter=13
2026-03-16 01:33:54 | INFO     | [POOL #02340] 596 1058 345 1283 || mode=RB method=sk_kmeans solver=pyvrp stage=post_ls ls=pyvrp iter=13
2026-03-16 01:33:54 | INFO     | [POOL #02341] 775 || mode=RB method=sk_kmeans solver=pyvrp stage=post_ls ls=pyvrp iter=13
2026-03-16 01:33:54 | INFO     | [POOL #02342] 744 66 601 || mode=RB method=sk_kmeans solver=pyvrp stage=post_ls ls=pyvrp iter=13
2026-03-16 01:33:54 | INFO     | [POOL #02343] 612 168 215 1073 718 || mode=RB method=sk_kmeans solver=pyvrp stage=post_ls ls=pyvrp iter=13
2026-03-16 01:33:54 | INFO     | [POOL #02344] 16 1109 670 438 235 1042 719 323 || mode=RB method=sk_kmeans solver=pyvrp stage=post_ls ls=pyvrp iter=13
2026-03-16 01:33:54 | INFO     | [POOL #02345] 450 1072 648 655 1301 125 || mode=RB method=sk_kmeans solver=pyvrp stage=post_ls ls=pyvrp iter=13
2026-03-16 01:33:54 | INFO     | [POOL #02346] 1266 216 149 909 556 627 715 645 || mode=RB method=sk_kmeans solver=pyvrp stage=post_ls ls=pyvrp iter=13
2026-03-16 01:33:54 | INFO     | [POOL #02347] 204 1288 572 1267 || mode=RB method=sk_kmeans solver=pyvrp stage=post_ls ls=pyvrp iter=13
2026-03-16 01:33:54 | INFO     | [POOL #02348] 1177 303 1010 970 39 918 452 140 || mode=RB method=sk_kmeans solver=pyvrp stage=post_ls ls=pyvrp iter=13
2026-03-16 01:33:54 | INFO     | [POOL #02349] 1345 64 708 || mode=RB method=sk_kmeans solver=pyvrp stage=post_ls ls=pyvrp iter=13
2026-03-16 01:33:54 | INFO     | [POOL #02350] 892 937 828 142 1003 157 637 1343 560 || mode=RB method=sk_kmeans solver=pyvrp stage=post_ls ls=pyvrp iter=13
2026-03-16 01:33:54 | INFO     | [POOL #02351] 352 951 810 861 819 569 327 279 || mode=RB method=sk_kmeans solver=pyvrp stage=post_ls ls=pyvrp iter=13
2026-03-16 01:33:54 | INFO     | [POOL #02352] 950 177 1291 665 1046 581 890 516 || mode=RB method=sk_kmeans solver=pyvrp stage=post_ls ls=pyvrp iter=13
2026-03-16 01:33:54 | INFO     | [POOL #02353] 129 117 164 848 128 595 850 868 1095 || mode=RB method=sk_kmeans solver=pyvrp stage=post_ls ls=pyvrp iter=13
2026-03-16 01:33:54 | INFO     | [POOL #02354] 531 561 585 89 697 1220 41 25 || mode=RB method=sk_kmeans solver=pyvrp stage=post_ls ls=pyvrp iter=13
2026-03-16 01:33:54 | INFO     | [POOL #02355] 1122 1137 949 447 59 105 615 1210 1300 995 40 || mode=RB method=sk_kmeans solver=pyvrp stage=post_ls ls=pyvrp iter=13
2026-03-16 01:33:54 | INFO     | [POOL #02356] 329 911 260 133 532 335 1313 667 1033 224 1249 || mode=RB method=sk_kmeans solver=pyvrp stage=post_ls ls=pyvrp iter=13
2026-03-16 01:33:54 | INFO     | [POOL #02357] 780 1181 91 545 482 1284 544 126 820 1148 703 || mode=RB method=sk_kmeans solver=pyvrp stage=post_ls ls=pyvrp iter=13
2026-03-16 01:33:54 | INFO     | [POOL #02358] 381 755 1130 1196 || mode=RB method=sk_kmeans solver=pyvrp stage=post_ls ls=pyvrp iter=13
2026-03-16 01:33:54 | INFO     | [POOL #02359] 877 1206 311 246 811 1275 908 772 96 887 || mode=RB method=sk_kmeans solver=pyvrp stage=post_ls ls=pyvrp iter=13
2026-03-16 01:33:54 | INFO     | [POOL #02360] 147 681 555 878 720 247 1264 1108 1115 || mode=RB method=sk_kmeans solver=pyvrp stage=post_ls ls=pyvrp iter=13
2026-03-16 01:33:54 | INFO     | [POOL #02361] 295 1157 94 769 1064 629 43 11 676 845 || mode=RB method=sk_kmeans solver=pyvrp stage=post_ls ls=pyvrp iter=13
2026-03-16 01:33:54 | INFO     | [POOL #02362] 502 805 504 1166 497 253 || mode=RB method=sk_kmeans solver=pyvrp stage=post_ls ls=pyvrp iter=13
2026-03-16 01:33:54 | INFO     | [POOL #02363] 1031 488 194 913 1071 727 46 910 1333 || mode=RB method=sk_kmeans solver=pyvrp stage=post_ls ls=pyvrp iter=13
2026-03-16 01:33:54 | INFO     | [POOL #02364] 153 269 276 872 197 815 || mode=RB method=sk_kmeans solver=pyvrp stage=post_ls ls=pyvrp iter=13
2026-03-16 01:33:54 | INFO     | [POOL #02365] 767 1315 494 191 781 195 267 686 420 1356 || mode=RB method=sk_kmeans solver=pyvrp stage=post_ls ls=pyvrp iter=13
2026-03-16 01:33:54 | INFO     | [POOL #02366] 1120 1098 1228 256 897 23 528 865 870 597 343 930 || mode=RB method=sk_kmeans solver=pyvrp stage=post_ls ls=pyvrp iter=13
2026-03-16 01:33:54 | INFO     | [POOL #02367] 605 283 1359 682 158 1282 580 1318 1189 1085 || mode=RB method=sk_kmeans solver=pyvrp stage=post_ls ls=pyvrp iter=13
2026-03-16 01:33:54 | INFO     | [POOL #02368] 44 832 506 512 || mode=RB method=sk_kmeans solver=pyvrp stage=post_ls ls=pyvrp iter=13
2026-03-16 01:33:54 | INFO     | [POOL #02369] 196 188 468 26 864 1093 65 1161 || mode=RB method=sk_kmeans solver=pyvrp stage=post_ls ls=pyvrp iter=13
2026-03-16 01:33:54 | INFO     | [POOL #02370] 54 974 896 || mode=RB method=sk_kmeans solver=pyvrp stage=post_ls ls=pyvrp iter=13
2026-03-16 01:33:54 | INFO     | [POOL #02371] 291 915 1110 437 || mode=RB method=sk_kmeans solver=pyvrp stage=post_ls ls=pyvrp iter=13
2026-03-16 01:33:54 | INFO     | [POOL #02372] 396 688 906 || mode=RB method=sk_kmeans solver=pyvrp stage=post_ls ls=pyvrp iter=13
2026-03-16 01:33:54 | INFO     | [POOL #02373] 1112 527 579 1358 || mode=RB method=sk_kmeans solver=pyvrp stage=post_ls ls=pyvrp iter=13
2026-03-16 01:33:54 | INFO     | [POOL #02374] 264 812 1216 336 || mode=RB method=sk_kmeans solver=pyvrp stage=post_ls ls=pyvrp iter=13
2026-03-16 01:33:54 | INFO     | [POOL #02375] 1057 15 45 || mode=RB method=sk_kmeans solver=pyvrp stage=post_ls ls=pyvrp iter=13
2026-03-16 01:33:54 | INFO     | [POOL #02376] 1173 302 171 165 || mode=RB method=sk_kmeans solver=pyvrp stage=post_ls ls=pyvrp iter=13
2026-03-16 01:33:54 | INFO     | [POOL #02377] 1367 150 106 || mode=RB method=sk_kmeans solver=pyvrp stage=post_ls ls=pyvrp iter=13
2026-03-16 01:33:54 | INFO     | [POOL #02378] 234 893 503 || mode=RB method=sk_kmeans solver=pyvrp stage=post_ls ls=pyvrp iter=13
2026-03-16 01:33:54 | INFO     | [POOL #02379] 323 354 806 193 1016 422 1068 || mode=VB method=sk_ac_complete solver=filo2 stage=post_ls ls=pyvrp iter=14
2026-03-16 01:33:54 | INFO     | [POOL #02380] 1213 1099 1119 1151 || mode=VB method=sk_ac_complete solver=filo2 stage=post_ls ls=pyvrp iter=14
2026-03-16 01:33:54 | INFO     | [POOL #02381] 733 1341 705 1195 1180 520 318 1305 524 || mode=VB method=sk_ac_complete solver=filo2 stage=post_ls ls=pyvrp iter=14
2026-03-16 01:33:54 | INFO     | [POOL #02382] 647 1017 7 || mode=VB method=sk_ac_complete solver=filo2 stage=post_ls ls=pyvrp iter=14
2026-03-16 01:33:54 | INFO     | [POOL #02383] 330 390 821 1006 || mode=VB method=sk_ac_complete solver=filo2 stage=post_ls ls=pyvrp iter=14
2026-03-16 01:33:54 | INFO     | [POOL #02384] 538 1286 1339 924 || mode=VB method=sk_ac_complete solver=filo2 stage=post_ls ls=pyvrp iter=14
2026-03-16 01:33:54 | INFO     | [POOL #02385] 1217 444 909 556 892 149 216 1251 || mode=VB method=sk_ac_complete solver=filo2 stage=post_ls ls=pyvrp iter=14
2026-03-16 01:33:54 | INFO     | [POOL #02386] 756 16 1109 670 235 1042 719 960 || mode=VB method=sk_ac_complete solver=filo2 stage=post_ls ls=pyvrp iter=14
2026-03-16 01:33:54 | INFO     | [POOL #02387] 1163 1346 971 745 326 228 310 169 || mode=VB method=sk_ac_complete solver=filo2 stage=post_ls ls=pyvrp iter=14
2026-03-16 01:33:54 | INFO     | [POOL #02388] 627 1122 937 828 327 177 279 715 645 || mode=VB method=sk_ac_complete solver=filo2 stage=post_ls ls=pyvrp iter=14
2026-03-16 01:33:54 | INFO     | [POOL #02389] 58 1214 793 1246 1167 1204 491 56 || mode=VB method=sk_ac_complete solver=filo2 stage=post_ls ls=pyvrp iter=14
2026-03-16 01:33:54 | INFO     | [POOL #02390] 752 998 885 944 292 789 460 208 || mode=VB method=sk_ac_complete solver=filo2 stage=post_ls ls=pyvrp iter=14
2026-03-16 01:33:54 | INFO     | [POOL #02391] 140 452 1266 970 1010 1181 39 918 438 || mode=VB method=sk_ac_complete solver=filo2 stage=post_ls ls=pyvrp iter=14
2026-03-16 01:33:54 | INFO     | [POOL #02392] 568 1019 575 187 384 746 758 160 423 207 377 || mode=VB method=sk_ac_complete solver=filo2 stage=post_ls ls=pyvrp iter=14
2026-03-16 01:33:54 | INFO     | [POOL #02393] 14 361 244 212 487 1201 855 1146 827 || mode=VB method=sk_ac_complete solver=filo2 stage=post_ls ls=pyvrp iter=14
2026-03-16 01:33:54 | INFO     | [POOL #02394] 1253 902 1243 308 272 1319 1121 1239 456 463 || mode=VB method=sk_ac_complete solver=filo2 stage=post_ls ls=pyvrp iter=14
2026-03-16 01:33:54 | INFO     | [POOL #02395] 1021 379 498 975 219 248 || mode=VB method=sk_ac_complete solver=filo2 stage=post_ls ls=pyvrp iter=14
2026-03-16 01:33:54 | INFO     | [POOL #02396] 707 1260 284 1035 348 582 514 900 227 351 1247 1158 1234 || mode=VB method=sk_ac_complete solver=filo2 stage=post_ls ls=pyvrp iter=14
2026-03-16 01:33:54 | INFO     | [POOL #02397] 501 634 469 || mode=VB method=sk_ac_complete solver=filo2 stage=post_ls ls=pyvrp iter=14
2026-03-16 01:33:54 | INFO     | [POOL #02398] 933 22 875 || mode=VB method=sk_ac_complete solver=filo2 stage=post_ls ls=pyvrp iter=14
2026-03-16 01:33:54 | INFO     | [POOL #02399] 254 1061 814 || mode=VB method=sk_ac_complete solver=filo2 stage=post_ls ls=pyvrp iter=14
2026-03-16 01:33:54 | INFO     | [POOL #02400] 622 925 1070 || mode=VB method=sk_ac_complete solver=filo2 stage=post_ls ls=pyvrp iter=14
2026-03-16 01:33:54 | INFO     | [POOL #02401] 557 324 1298 1344 || mode=VB method=sk_ac_complete solver=filo2 stage=post_ls ls=pyvrp iter=14
2026-03-16 01:33:54 | INFO     | [POOL #02402] 143 891 1105 884 || mode=VB method=sk_ac_complete solver=filo2 stage=post_ls ls=pyvrp iter=14
2026-03-16 01:33:54 | INFO     | [POOL #02403] 439 217 172 || mode=VB method=sk_ac_complete solver=filo2 stage=post_ls ls=pyvrp iter=14
2026-03-16 01:33:54 | INFO     | [POOL #02404] 1123 1276 800 || mode=VB method=sk_ac_complete solver=filo2 stage=post_ls ls=pyvrp iter=14
2026-03-16 01:33:54 | INFO     | [POOL #02405] 547 203 1162 || mode=VB method=sk_ac_complete solver=filo2 stage=post_ls ls=pyvrp iter=14
2026-03-16 01:33:54 | INFO     | [POOL #02406] 30 559 251 137 || mode=VB method=sk_ac_complete solver=filo2 stage=post_ls ls=pyvrp iter=14
2026-03-16 01:33:54 | INFO     | [POOL #02407] 940 787 200 || mode=VB method=sk_ac_complete solver=filo2 stage=post_ls ls=pyvrp iter=14
2026-03-16 01:33:54 | INFO     | [POOL #02408] 564 1190 882 || mode=VB method=sk_ac_complete solver=filo2 stage=post_ls ls=pyvrp iter=14
2026-03-16 01:33:54 | INFO     | [POOL #02409] 163 179 854 || mode=VB method=sk_ac_complete solver=filo2 stage=post_ls ls=pyvrp iter=14
2026-03-16 01:33:54 | INFO     | [POOL #02410] 1179 35 410 || mode=VB method=sk_ac_complete solver=filo2 stage=post_ls ls=pyvrp iter=14
2026-03-16 01:33:54 | INFO     | [POOL #02411] 1078 1365 10 366 || mode=VB method=sk_ac_complete solver=filo2 stage=post_ls ls=pyvrp iter=14
2026-03-16 01:33:54 | INFO     | [POOL #02412] 1254 843 675 || mode=VB method=sk_ac_complete solver=filo2 stage=post_ls ls=pyvrp iter=14
2026-03-16 01:33:54 | INFO     | [POOL #02413] 1107 473 978 || mode=VB method=sk_ac_complete solver=filo2 stage=post_ls ls=pyvrp iter=14
2026-03-16 01:33:54 | INFO     | [POOL #02414] 847 623 692 || mode=VB method=sk_ac_complete solver=filo2 stage=post_ls ls=pyvrp iter=14
2026-03-16 01:33:54 | INFO     | [POOL #02415] 110 607 993 1202 || mode=VB method=sk_ac_complete solver=filo2 stage=post_ls ls=pyvrp iter=14
2026-03-16 01:33:54 | INFO     | [POOL #02416] 346 257 176 || mode=VB method=sk_ac_complete solver=filo2 stage=post_ls ls=pyvrp iter=14
2026-03-16 01:33:54 | INFO     | [POOL #02417] 721 53 1018 || mode=VB method=sk_ac_complete solver=filo2 stage=post_ls ls=pyvrp iter=14
2026-03-16 01:33:54 | INFO     | [POOL #02418] 85 691 1281 || mode=VB method=sk_ac_complete solver=filo2 stage=post_ls ls=pyvrp iter=14
2026-03-16 01:33:54 | INFO     | [POOL #02419] 364 175 338 || mode=VB method=sk_ac_complete solver=filo2 stage=post_ls ls=pyvrp iter=14
2026-03-16 01:33:54 | INFO     | [POOL #02420] 511 1255 1368 || mode=VB method=sk_ac_complete solver=filo2 stage=post_ls ls=pyvrp iter=14
2026-03-16 01:33:54 | INFO     | [POOL #02421] 165 1367 461 || mode=VB method=sk_ac_complete solver=filo2 stage=post_ls ls=pyvrp iter=14
2026-03-16 01:33:54 | INFO     | [POOL #02422] 268 1174 1044 || mode=VB method=sk_ac_complete solver=filo2 stage=post_ls ls=pyvrp iter=14
2026-03-16 01:33:54 | INFO     | [POOL #02423] 237 1028 271 || mode=VB method=sk_ac_complete solver=filo2 stage=post_ls ls=pyvrp iter=14
2026-03-16 01:33:54 | INFO     | [POOL #02424] 45 974 54 512 || mode=VB method=sk_ac_complete solver=filo2 stage=post_ls ls=pyvrp iter=14
2026-03-16 01:33:54 | INFO     | [POOL #02425] 297 1129 152 || mode=VB method=sk_ac_complete solver=filo2 stage=post_ls ls=pyvrp iter=14
2026-03-16 01:33:54 | INFO     | [POOL #02426] 1047 994 663 || mode=VB method=sk_ac_complete solver=filo2 stage=post_ls ls=pyvrp iter=14
2026-03-16 01:33:54 | INFO     | [POOL #02427] 1037 446 405 || mode=VB method=sk_ac_complete solver=filo2 stage=post_ls ls=pyvrp iter=14
2026-03-16 01:33:54 | INFO     | [POOL #02428] 755 381 26 1196 468 253 || mode=VB method=sk_ac_complete solver=filo2 stage=post_ls ls=pyvrp iter=14
2026-03-16 01:33:54 | INFO     | [POOL #02429] 44 832 1359 655 605 1085 1072 || mode=VB method=sk_ac_complete solver=filo2 stage=post_ls ls=pyvrp iter=14
2026-03-16 01:33:54 | INFO     | [POOL #02430] 555 1148 46 878 720 910 247 1264 || mode=VB method=sk_ac_complete solver=filo2 stage=post_ls ls=pyvrp iter=14
2026-03-16 01:33:54 | INFO     | [POOL #02431] 1130 504 1166 497 864 1115 930 || mode=VB method=sk_ac_complete solver=filo2 stage=post_ls ls=pyvrp iter=14
2026-03-16 01:33:54 | INFO     | [POOL #02432] 450 1333 727 1071 913 194 1315 820 || mode=VB method=sk_ac_complete solver=filo2 stage=post_ls ls=pyvrp iter=14
2026-03-16 01:33:54 | INFO     | [POOL #02433] 1177 303 1031 147 681 1108 767 1093 65 || mode=VB method=sk_ac_complete solver=filo2 stage=post_ls ls=pyvrp iter=14
2026-03-16 01:33:54 | INFO     | [POOL #02434] 343 870 597 1318 580 1282 158 1189 648 283 || mode=VB method=sk_ac_complete solver=filo2 stage=post_ls ls=pyvrp iter=14
2026-03-16 01:33:54 | INFO     | [POOL #02435] 703 1356 267 1228 256 897 23 865 528 1098 1120 488 || mode=VB method=sk_ac_complete solver=filo2 stage=post_ls ls=pyvrp iter=14
2026-03-16 01:33:54 | INFO     | [POOL #02436] 862 2 1227 || mode=VB method=sk_ac_complete solver=filo2 stage=post_ls ls=pyvrp iter=14
2026-03-16 01:33:54 | INFO     | [POOL #02437] 696 1361 1223 656 369 287 427 || mode=VB method=sk_ac_complete solver=filo2 stage=post_ls ls=pyvrp iter=14
2026-03-16 01:33:54 | INFO     | [POOL #02438] 243 1049 764 442 333 134 1353 941 770 || mode=VB method=sk_ac_complete solver=filo2 stage=post_ls ls=pyvrp iter=14
2026-03-16 01:33:54 | INFO     | [POOL #02439] 1052 305 425 1054 601 159 || mode=VB method=sk_ac_complete solver=filo2 stage=post_ls ls=pyvrp iter=14
2026-03-16 01:33:54 | INFO     | [POOL #02440] 1138 1045 1141 831 123 724 735 406 610 || mode=VB method=sk_ac_complete solver=filo2 stage=post_ls ls=pyvrp iter=14
2026-03-16 01:33:54 | INFO     | [POOL #02441] 415 867 151 1280 967 265 1270 965 || mode=VB method=sk_ac_complete solver=filo2 stage=post_ls ls=pyvrp iter=14
2026-03-16 01:33:54 | INFO     | [POOL #02442] 1222 984 856 824 1036 1038 631 593 430 935 474 716 || mode=VB method=sk_ac_complete solver=filo2 stage=post_ls ls=pyvrp iter=14
2026-03-16 01:33:54 | INFO     | [POOL #02443] 75 768 713 1299 699 1145 || mode=VB method=sk_ac_complete solver=filo2 stage=post_ls ls=pyvrp iter=14
2026-03-16 01:33:54 | INFO     | [POOL #02444] 231 553 489 664 13 363 136 484 184 632 || mode=VB method=sk_ac_complete solver=filo2 stage=post_ls ls=pyvrp iter=14
2026-03-16 01:33:54 | INFO     | [POOL #02445] 1171 565 148 393 459 146 662 98 857 1225 784 1084 47 || mode=VB method=sk_ac_complete solver=filo2 stage=post_ls ls=pyvrp iter=14
2026-03-16 01:33:54 | INFO     | [POOL #02446] 1347 119 190 || mode=VB method=sk_ac_complete solver=filo2 stage=post_ls ls=pyvrp iter=14
2026-03-16 01:33:54 | INFO     | [POOL #02447] 795 139 1055 306 436 613 549 903 1316 1088 360 481 || mode=VB method=sk_ac_complete solver=filo2 stage=post_ls ls=pyvrp iter=14
2026-03-16 01:33:54 | INFO     | [POOL #02448] 166 1091 927 325 1043 1077 1303 || mode=VB method=sk_ac_complete solver=filo2 stage=post_ls ls=pyvrp iter=14
2026-03-16 01:33:54 | INFO     | [POOL #02449] 1022 1209 493 475 1287 1221 1212 154 1274 1252 319 1165 261 || mode=VB method=sk_ac_complete solver=filo2 stage=post_ls ls=pyvrp iter=14
2026-03-16 01:33:54 | INFO     | [POOL #02450] 1296 521 403 1304 991 || mode=VB method=sk_ac_complete solver=filo2 stage=post_ls ls=pyvrp iter=14
2026-03-16 01:33:54 | INFO     | [POOL #02451] 863 881 350 1198 432 1199 486 || mode=VB method=sk_ac_complete solver=filo2 stage=post_ls ls=pyvrp iter=14
2026-03-16 01:33:54 | INFO     | [POOL #02452] 976 399 1133 959 189 67 156 1273 144 || mode=VB method=sk_ac_complete solver=filo2 stage=post_ls ls=pyvrp iter=14
2026-03-16 01:33:54 | INFO     | [POOL #02453] 77 434 533 61 298 901 955 813 771 259 809 || mode=VB method=sk_ac_complete solver=filo2 stage=post_ls ls=pyvrp iter=14
2026-03-16 01:33:54 | INFO     | [POOL #02454] 669 1009 92 299 604 90 979 || mode=VB method=sk_ac_complete solver=filo2 stage=post_ls ls=pyvrp iter=14
2026-03-16 01:33:54 | INFO     | [POOL #02455] 453 206 1302 155 567 526 245 99 68 1059 414 || mode=VB method=sk_ac_complete solver=filo2 stage=post_ls ls=pyvrp iter=14
2026-03-16 01:33:54 | INFO     | [POOL #02456] 939 519 1034 174 1053 286 1090 952 69 || mode=VB method=sk_ac_complete solver=filo2 stage=post_ls ls=pyvrp iter=14
2026-03-16 01:33:54 | INFO     | [POOL #02457] 500 796 849 407 807 611 837 609 51 1350 || mode=VB method=sk_ac_complete solver=filo2 stage=post_ls ls=pyvrp iter=14
2026-03-16 01:33:54 | INFO     | [POOL #02458] 352 577 232 657 776 850 868 569 1343 || mode=VB method=sk_ac_complete solver=filo2 stage=post_ls ls=pyvrp iter=14
2026-03-16 01:33:54 | INFO     | [POOL #02459] 667 848 89 246 811 311 1206 877 995 || mode=VB method=sk_ac_complete solver=filo2 stage=post_ls ls=pyvrp iter=14
2026-03-16 01:33:54 | INFO     | [POOL #02460] 606 685 1278 825 337 341 671 525 || mode=VB method=sk_ac_complete solver=filo2 stage=post_ls ls=pyvrp iter=14
2026-03-16 01:33:54 | INFO     | [POOL #02461] 780 91 545 1284 544 126 890 845 482 516 || mode=VB method=sk_ac_complete solver=filo2 stage=post_ls ls=pyvrp iter=14
2026-03-16 01:33:54 | INFO     | [POOL #02462] 164 1313 128 697 532 335 133 || mode=VB method=sk_ac_complete solver=filo2 stage=post_ls ls=pyvrp iter=14
2026-03-16 01:33:54 | INFO     | [POOL #02463] 1324 560 1291 665 25 1046 887 224 1249 117 950 || mode=VB method=sk_ac_complete solver=filo2 stage=post_ls ls=pyvrp iter=14
2026-03-16 01:33:54 | INFO     | [POOL #02464] 494 420 686 191 781 195 94 769 1157 295 || mode=VB method=sk_ac_complete solver=filo2 stage=post_ls ls=pyvrp iter=14
2026-03-16 01:33:54 | INFO     | [POOL #02465] 676 11 43 1064 629 772 908 1275 96 581 1033 129 || mode=VB method=sk_ac_complete solver=filo2 stage=post_ls ls=pyvrp iter=14
2026-03-16 01:33:54 | INFO     | [POOL #02466] 1125 535 447 59 105 615 1210 1300 585 477 || mode=VB method=sk_ac_complete solver=filo2 stage=post_ls ls=pyvrp iter=14
2026-03-16 01:33:54 | INFO     | [POOL #02467] 1314 790 625 614 736 435 948 570 508 816 1271 || mode=VB method=sk_ac_complete solver=filo2 stage=post_ls ls=pyvrp iter=14
2026-03-16 01:33:54 | INFO     | [POOL #02468] 595 617 1155 949 1137 695 766 167 561 531 || mode=VB method=sk_ac_complete solver=filo2 stage=post_ls ls=pyvrp iter=14
2026-03-16 01:33:54 | INFO     | [POOL #02469] 773 124 180 || mode=VB method=sk_ac_complete solver=filo2 stage=post_ls ls=pyvrp iter=14
2026-03-16 01:33:54 | INFO     | [POOL #02470] 1005 742 1083 || mode=VB method=sk_ac_complete solver=filo2 stage=post_ls ls=pyvrp iter=14
2026-03-16 01:33:54 | INFO     | [POOL #02471] 1336 1238 1152 || mode=VB method=sk_ac_complete solver=filo2 stage=post_ls ls=pyvrp iter=14
2026-03-16 01:33:54 | INFO     | [POOL #02472] 1326 1066 392 || mode=VB method=sk_ac_complete solver=filo2 stage=post_ls ls=pyvrp iter=14
2026-03-16 01:33:54 | INFO     | [POOL #02473] 640 288 722 443 917 1183 || mode=VB method=sk_ac_complete solver=filo2 stage=post_ls ls=pyvrp iter=14
2026-03-16 01:33:54 | INFO     | [POOL #02474] 936 12 888 || mode=VB method=sk_ac_complete solver=filo2 stage=post_ls ls=pyvrp iter=14
2026-03-16 01:33:54 | INFO     | [POOL #02475] 451 202 633 || mode=VB method=sk_ac_complete solver=filo2 stage=post_ls ls=pyvrp iter=14
2026-03-16 01:33:54 | INFO     | [POOL #02476] 42 249 334 87 17 428 754 || mode=VB method=sk_ac_complete solver=filo2 stage=post_ls ls=pyvrp iter=14
2026-03-16 01:33:54 | INFO     | [POOL #02477] 1160 36 1150 996 1060 1147 642 1116 198 576 || mode=VB method=sk_ac_complete solver=filo2 stage=post_ls ls=pyvrp iter=14
2026-03-16 01:33:54 | INFO     | [POOL #02478] 1096 395 1211 554 || mode=VB method=sk_ac_complete solver=filo2 stage=post_ls ls=pyvrp iter=14
2026-03-16 01:33:54 | INFO     | [POOL #02479] 1159 638 750 1241 1294 18 1065 898 690 1193 141 || mode=VB method=sk_ac_complete solver=filo2 stage=post_ls ls=pyvrp iter=14
2026-03-16 01:33:54 | INFO     | [POOL #02480] 186 32 1269 956 1309 912 573 402 977 566 1373 464 1000 || mode=VB method=sk_ac_complete solver=filo2 stage=post_ls ls=pyvrp iter=14
2026-03-16 01:33:54 | INFO     | [POOL #02481] 66 344 598 || mode=VB method=sk_ac_complete solver=filo2 stage=post_ls ls=pyvrp iter=14
2026-03-16 01:33:54 | INFO     | [POOL #02482] 1073 1288 572 188 204 || mode=VB method=sk_ac_complete solver=filo2 stage=post_ls ls=pyvrp iter=14
2026-03-16 01:33:54 | INFO     | [POOL #02483] 1267 1358 1345 || mode=VB method=sk_ac_complete solver=filo2 stage=post_ls ls=pyvrp iter=14
2026-03-16 01:33:54 | INFO     | [POOL #02484] 886 1297 1197 || mode=VB method=sk_ac_complete solver=filo2 stage=post_ls ls=pyvrp iter=14
2026-03-16 01:33:54 | INFO     | [POOL #02485] 651 78 1097 || mode=VB method=sk_ac_complete solver=filo2 stage=post_ls ls=pyvrp iter=14
2026-03-16 01:33:54 | INFO     | [POOL #02486] 1308 562 579 || mode=VB method=sk_ac_complete solver=filo2 stage=post_ls ls=pyvrp iter=14
2026-03-16 01:33:54 | INFO     | [POOL #02487] 907 9 424 1176 || mode=VB method=sk_ac_complete solver=filo2 stage=post_ls ls=pyvrp iter=14
2026-03-16 01:33:54 | INFO     | [POOL #02488] 433 50 963 || mode=VB method=sk_ac_complete solver=filo2 stage=post_ls ls=pyvrp iter=14
2026-03-16 01:33:54 | INFO     | [POOL #02489] 336 1216 688 708 || mode=VB method=sk_ac_complete solver=filo2 stage=post_ls ls=pyvrp iter=14
2026-03-16 01:33:54 | INFO     | [POOL #02490] 1131 658 920 || mode=VB method=sk_ac_complete solver=filo2 stage=post_ls ls=pyvrp iter=14
2026-03-16 01:33:54 | INFO     | [POOL #02491] 1029 761 1289 || mode=VB method=sk_ac_complete solver=filo2 stage=post_ls ls=pyvrp iter=14
2026-03-16 01:33:54 | INFO     | [POOL #02492] 1283 196 1161 215 168 612 || mode=VB method=sk_ac_complete solver=filo2 stage=post_ls ls=pyvrp iter=14
2026-03-16 01:33:54 | INFO     | [POOL #02493] 785 1094 1117 || mode=VB method=sk_ac_complete solver=filo2 stage=post_ls ls=pyvrp iter=14
2026-03-16 01:33:54 | INFO     | [POOL #02494] 1111 74 818 || mode=VB method=sk_ac_complete solver=filo2 stage=post_ls ls=pyvrp iter=14
2026-03-16 01:33:54 | INFO     | [POOL #02495] 1136 102 357 || mode=VB method=sk_ac_complete solver=filo2 stage=post_ls ls=pyvrp iter=14
2026-03-16 01:33:54 | INFO     | [POOL #02496] 345 1058 786 677 || mode=VB method=sk_ac_complete solver=filo2 stage=post_ls ls=pyvrp iter=14
2026-03-16 01:33:54 | INFO     | [POOL #02497] 738 104 829 178 1357 448 946 || mode=VB method=sk_ac_complete solver=filo2 stage=post_ls ls=pyvrp iter=14
2026-03-16 01:33:54 | INFO     | [POOL #02498] 726 763 1050 966 1322 621 883 874 873 457 27 || mode=VB method=sk_ac_complete solver=filo2 stage=post_ls ls=pyvrp iter=14
2026-03-16 01:33:54 | INFO     | [POOL #02499] 762 894 322 255 641 1285 1236 55 1229 70 185 223 || mode=VB method=sk_ac_complete solver=filo2 stage=post_ls ls=pyvrp iter=14
2026-03-16 01:33:54 | INFO     | [POOL #02500] 479 1013 1143 879 1334 375 558 1139 672 1008 1079 || mode=VB method=sk_ac_complete solver=filo2 stage=post_ls ls=pyvrp iter=14
2026-03-16 01:33:54 | INFO     | [POOL #02501] 211 1192 515 353 281 1185 29 840 860 644 421 1188 347 340 539 || mode=VB method=sk_ac_complete solver=filo2 stage=post_ls ls=pyvrp iter=14
2026-03-16 01:33:54 | INFO     | [POOL #02502] 57 1372 240 574 904 462 801 || mode=VB method=sk_ac_complete solver=filo2 stage=post_ls ls=pyvrp iter=14
2026-03-16 01:33:54 | INFO     | [POOL #02503] 161 826 599 445 679 1 1140 233 181 376 || mode=VB method=sk_ac_complete solver=filo2 stage=post_ls ls=pyvrp iter=14
2026-03-16 01:33:54 | INFO     | [POOL #02504] 413 1030 296 889 391 1191 982 3 1142 226 108 || mode=VB method=sk_ac_complete solver=filo2 stage=post_ls ls=pyvrp iter=14
2026-03-16 01:33:54 | INFO     | [POOL #02505] 1059 1321 99 526 139 1048 851 371 || mode=VB method=sk_kmeans solver=pyvrp stage=post_ls ls=pyvrp iter=15
2026-03-16 01:33:54 | INFO     | [POOL #02506] 972 434 533 432 1199 394 || mode=VB method=sk_kmeans solver=pyvrp stage=post_ls ls=pyvrp iter=15
2026-03-16 01:33:54 | INFO     | [POOL #02507] 68 309 1027 245 155 567 813 904 462 771 206 || mode=VB method=sk_kmeans solver=pyvrp stage=post_ls ls=pyvrp iter=15
2026-03-16 01:33:54 | INFO     | [POOL #02508] 113 77 1198 979 90 604 1088 299 92 669 || mode=VB method=sk_kmeans solver=pyvrp stage=post_ls ls=pyvrp iter=15
2026-03-16 01:33:54 | INFO     | [POOL #02509] 1312 1055 901 903 1316 298 61 486 || mode=VB method=sk_kmeans solver=pyvrp stage=post_ls ls=pyvrp iter=15
2026-03-16 01:33:54 | INFO     | [POOL #02510] 809 1302 27 574 726 763 873 457 955 1102 989 84 || mode=VB method=sk_kmeans solver=pyvrp stage=post_ls ls=pyvrp iter=15
2026-03-16 01:33:54 | INFO     | [POOL #02511] 453 259 801 57 1372 762 894 542 223 1225 || mode=VB method=sk_kmeans solver=pyvrp stage=post_ls ls=pyvrp iter=15
2026-03-16 01:33:54 | INFO     | [POOL #02512] 795 306 436 613 549 621 1322 1079 966 883 874 696 414 || mode=VB method=sk_kmeans solver=pyvrp stage=post_ls ls=pyvrp iter=15
2026-03-16 01:33:54 | INFO     | [POOL #02513] 70 421 840 1143 879 1334 375 558 1139 672 1008 1050 || mode=VB method=sk_kmeans solver=pyvrp stage=post_ls ls=pyvrp iter=15
2026-03-16 01:33:54 | INFO     | [POOL #02514] 240 211 1192 515 353 281 1185 29 644 860 1013 479 946 || mode=VB method=sk_kmeans solver=pyvrp stage=post_ls ls=pyvrp iter=15
2026-03-16 01:33:54 | INFO     | [POOL #02515] 322 255 641 1285 1236 1188 347 340 539 55 1229 185 98 || mode=VB method=sk_kmeans solver=pyvrp stage=post_ls ls=pyvrp iter=15
2026-03-16 01:33:54 | INFO     | [POOL #02516] 161 599 679 1 1012 441 678 530 788 834 19 205 || mode=VB method=sk_kmeans solver=pyvrp stage=post_ls ls=pyvrp iter=15
2026-03-16 01:33:54 | INFO     | [POOL #02517] 1265 448 1226 1357 178 738 982 430 474 || mode=VB method=sk_kmeans solver=pyvrp stage=post_ls ls=pyvrp iter=15
2026-03-16 01:33:54 | INFO     | [POOL #02518] 413 391 104 829 445 826 233 181 || mode=VB method=sk_kmeans solver=pyvrp stage=post_ls ls=pyvrp iter=15
2026-03-16 01:33:54 | INFO     | [POOL #02519] 642 1147 186 32 1269 898 1065 1140 1193 141 376 108 || mode=VB method=sk_kmeans solver=pyvrp stage=post_ls ls=pyvrp iter=15
2026-03-16 01:33:54 | INFO     | [POOL #02520] 1000 996 1373 402 977 1309 956 1241 1294 18 690 || mode=VB method=sk_kmeans solver=pyvrp stage=post_ls ls=pyvrp iter=15
2026-03-16 01:33:54 | INFO     | [POOL #02521] 638 853 87 17 428 754 750 573 912 566 || mode=VB method=sk_kmeans solver=pyvrp stage=post_ls ls=pyvrp iter=15
2026-03-16 01:33:54 | INFO     | [POOL #02522] 464 1159 334 249 42 722 || mode=VB method=sk_kmeans solver=pyvrp stage=post_ls ls=pyvrp iter=15
2026-03-16 01:33:54 | INFO     | [POOL #02523] 716 935 226 1142 3 1191 889 296 1030 593 631 856 || mode=VB method=sk_kmeans solver=pyvrp stage=post_ls ls=pyvrp iter=15
2026-03-16 01:33:54 | INFO     | [POOL #02524] 1083 969 288 36 1160 713 151 || mode=VB method=sk_kmeans solver=pyvrp stage=post_ls ls=pyvrp iter=15
2026-03-16 01:33:54 | INFO     | [POOL #02525] 640 1299 1150 1060 1116 198 576 393 || mode=VB method=sk_kmeans solver=pyvrp stage=post_ls ls=pyvrp iter=15
2026-03-16 01:33:54 | INFO     | [POOL #02526] 2 699 768 75 || mode=VB method=sk_kmeans solver=pyvrp stage=post_ls ls=pyvrp iter=15
2026-03-16 01:33:54 | INFO     | [POOL #02527] 1145 1364 418 821 80 || mode=VB method=sk_kmeans solver=pyvrp stage=post_ls ls=pyvrp iter=15
2026-03-16 01:33:54 | INFO     | [POOL #02528] 867 404 764 442 333 134 1353 941 770 || mode=VB method=sk_kmeans solver=pyvrp stage=post_ls ls=pyvrp iter=15
2026-03-16 01:33:54 | INFO     | [POOL #02529] 243 1049 857 656 1223 369 136 13 || mode=VB method=sk_kmeans solver=pyvrp stage=post_ls ls=pyvrp iter=15
2026-03-16 01:33:54 | INFO     | [POOL #02530] 1222 484 984 1361 287 784 427 1084 363 553 || mode=VB method=sk_kmeans solver=pyvrp stage=post_ls ls=pyvrp iter=15
2026-03-16 01:33:54 | INFO     | [POOL #02531] 1171 565 148 459 146 662 824 1038 1036 47 231 || mode=VB method=sk_kmeans solver=pyvrp stage=post_ls ls=pyvrp iter=15
2026-03-16 01:33:54 | INFO     | [POOL #02532] 619 1227 862 || mode=VB method=sk_kmeans solver=pyvrp stage=post_ls ls=pyvrp iter=15
2026-03-16 01:33:54 | INFO     | [POOL #02533] 265 664 489 967 1280 222 || mode=VB method=sk_kmeans solver=pyvrp stage=post_ls ls=pyvrp iter=15
2026-03-16 01:33:54 | INFO     | [POOL #02534] 56 487 491 1204 793 58 855 212 || mode=VB method=sk_kmeans solver=pyvrp stage=post_ls ls=pyvrp iter=15
2026-03-16 01:33:54 | INFO     | [POOL #02535] 1305 318 520 1180 14 361 1042 719 || mode=VB method=sk_kmeans solver=pyvrp stage=post_ls ls=pyvrp iter=15
2026-03-16 01:33:54 | INFO     | [POOL #02536] 1341 463 902 1243 456 1146 244 1195 524 || mode=VB method=sk_kmeans solver=pyvrp stage=post_ls ls=pyvrp iter=15
2026-03-16 01:33:54 | INFO     | [POOL #02537] 390 733 422 1016 193 806 354 || mode=VB method=sk_kmeans solver=pyvrp stage=post_ls ls=pyvrp iter=15
2026-03-16 01:33:54 | INFO     | [POOL #02538] 1286 213 331 76 || mode=VB method=sk_kmeans solver=pyvrp stage=post_ls ls=pyvrp iter=15
2026-03-16 01:33:54 | INFO     | [POOL #02539] 753 358 1224 || mode=VB method=sk_kmeans solver=pyvrp stage=post_ls ls=pyvrp iter=15
2026-03-16 01:33:54 | INFO     | [POOL #02540] 330 323 415 || mode=VB method=sk_kmeans solver=pyvrp stage=post_ls ls=pyvrp iter=15
2026-03-16 01:33:54 | INFO     | [POOL #02541] 571 737 86 || mode=VB method=sk_kmeans solver=pyvrp stage=post_ls ls=pyvrp iter=15
2026-03-16 01:33:54 | INFO     | [POOL #02542] 592 647 1119 1151 || mode=VB method=sk_kmeans solver=pyvrp stage=post_ls ls=pyvrp iter=15
2026-03-16 01:33:54 | INFO     | [POOL #02543] 751 804 626 || mode=VB method=sk_kmeans solver=pyvrp stage=post_ls ls=pyvrp iter=15
2026-03-16 01:33:54 | INFO     | [POOL #02544] 741 517 990 || mode=VB method=sk_kmeans solver=pyvrp stage=post_ls ls=pyvrp iter=15
2026-03-16 01:33:54 | INFO     | [POOL #02545] 668 241 622 652 || mode=VB method=sk_kmeans solver=pyvrp stage=post_ls ls=pyvrp iter=15
2026-03-16 01:33:54 | INFO     | [POOL #02546] 548 280 1355 272 || mode=VB method=sk_kmeans solver=pyvrp stage=post_ls ls=pyvrp iter=15
2026-03-16 01:33:54 | INFO     | [POOL #02547] 137 217 471 543 || mode=VB method=sk_kmeans solver=pyvrp stage=post_ls ls=pyvrp iter=15
2026-03-16 01:33:54 | INFO     | [POOL #02548] 1306 1021 379 1256 || mode=VB method=sk_kmeans solver=pyvrp stage=post_ls ls=pyvrp iter=15
2026-03-16 01:33:54 | INFO     | [POOL #02549] 869 1215 30 || mode=VB method=sk_kmeans solver=pyvrp stage=post_ls ls=pyvrp iter=15
2026-03-16 01:33:54 | INFO     | [POOL #02550] 876 823 1327 551 || mode=VB method=sk_kmeans solver=pyvrp stage=post_ls ls=pyvrp iter=15
2026-03-16 01:33:54 | INFO     | [POOL #02551] 1158 1247 252 1332 1242 760 251 || mode=VB method=sk_kmeans solver=pyvrp stage=post_ls ls=pyvrp iter=15
2026-03-16 01:33:54 | INFO     | [POOL #02552] 248 219 228 975 351 227 514 900 885 998 971 1121 || mode=VB method=sk_kmeans solver=pyvrp stage=post_ls ls=pyvrp iter=15
2026-03-16 01:33:54 | INFO     | [POOL #02553] 882 1325 1351 498 || mode=VB method=sk_kmeans solver=pyvrp stage=post_ls ls=pyvrp iter=15
2026-03-16 01:33:54 | INFO     | [POOL #02554] 752 944 348 582 292 460 284 || mode=VB method=sk_kmeans solver=pyvrp stage=post_ls ls=pyvrp iter=15
2026-03-16 01:33:54 | INFO     | [POOL #02555] 169 310 326 745 1346 1163 308 1234 1253 || mode=VB method=sk_kmeans solver=pyvrp stage=post_ls ls=pyvrp iter=15
2026-03-16 01:33:54 | INFO     | [POOL #02556] 423 207 931 1164 332 417 749 799 1127 1366 540 852 1080 789 1035 || mode=VB method=sk_kmeans solver=pyvrp stage=post_ls ls=pyvrp iter=15
2026-03-16 01:33:54 | INFO     | [POOL #02557] 827 1239 1260 377 208 835 101 384 187 160 568 1214 || mode=VB method=sk_kmeans solver=pyvrp stage=post_ls ls=pyvrp iter=15
2026-03-16 01:33:54 | INFO     | [POOL #02558] 1319 707 758 746 575 1019 1246 1167 1201 || mode=VB method=sk_kmeans solver=pyvrp stage=post_ls ls=pyvrp iter=15
2026-03-16 01:33:54 | INFO     | [POOL #02559] 511 1255 503 || mode=VB method=sk_kmeans solver=pyvrp stage=post_ls ls=pyvrp iter=15
2026-03-16 01:33:54 | INFO     | [POOL #02560] 999 628 176 || mode=VB method=sk_kmeans solver=pyvrp stage=post_ls ls=pyvrp iter=15
2026-03-16 01:33:54 | INFO     | [POOL #02561] 250 783 646 || mode=VB method=sk_kmeans solver=pyvrp stage=post_ls ls=pyvrp iter=15
2026-03-16 01:33:54 | INFO     | [POOL #02562] 345 401 616 || mode=VB method=sk_kmeans solver=pyvrp stage=post_ls ls=pyvrp iter=15
2026-03-16 01:33:54 | INFO     | [POOL #02563] 380 1267 1288 || mode=VB method=sk_kmeans solver=pyvrp stage=post_ls ls=pyvrp iter=15
2026-03-16 01:33:54 | INFO     | [POOL #02564] 602 797 562 || mode=VB method=sk_kmeans solver=pyvrp stage=post_ls ls=pyvrp iter=15
2026-03-16 01:33:54 | INFO     | [POOL #02565] 578 859 263 || mode=VB method=sk_kmeans solver=pyvrp stage=post_ls ls=pyvrp iter=15
2026-03-16 01:33:54 | INFO     | [POOL #02566] 730 893 921 || mode=VB method=sk_kmeans solver=pyvrp stage=post_ls ls=pyvrp iter=15
2026-03-16 01:33:54 | INFO     | [POOL #02567] 1086 1323 579 || mode=VB method=sk_kmeans solver=pyvrp stage=post_ls ls=pyvrp iter=15
2026-03-16 01:33:54 | INFO     | [POOL #02568] 1308 1345 985 || mode=VB method=sk_kmeans solver=pyvrp stage=post_ls ls=pyvrp iter=15
2026-03-16 01:33:54 | INFO     | [POOL #02569] 572 381 755 708 || mode=VB method=sk_kmeans solver=pyvrp stage=post_ls ls=pyvrp iter=15
2026-03-16 01:33:54 | INFO     | [POOL #02570] 461 994 364 || mode=VB method=sk_kmeans solver=pyvrp stage=post_ls ls=pyvrp iter=15
2026-03-16 01:33:54 | INFO     | [POOL #02571] 495 653 210 || mode=VB method=sk_kmeans solver=pyvrp stage=post_ls ls=pyvrp iter=15
2026-03-16 01:33:54 | INFO     | [POOL #02572] 264 291 812 || mode=VB method=sk_kmeans solver=pyvrp stage=post_ls ls=pyvrp iter=15
2026-03-16 01:33:54 | INFO     | [POOL #02573] 209 1134 1037 || mode=VB method=sk_kmeans solver=pyvrp stage=post_ls ls=pyvrp iter=15
2026-03-16 01:33:54 | INFO     | [POOL #02574] 1174 1186 386 || mode=VB method=sk_kmeans solver=pyvrp stage=post_ls ls=pyvrp iter=15
2026-03-16 01:33:54 | INFO     | [POOL #02575] 336 338 234 1216 || mode=VB method=sk_kmeans solver=pyvrp stage=post_ls ls=pyvrp iter=15
2026-03-16 01:33:54 | INFO     | [POOL #02576] 1069 778 871 297 || mode=VB method=sk_kmeans solver=pyvrp stage=post_ls ls=pyvrp iter=15
2026-03-16 01:33:54 | INFO     | [POOL #02577] 1173 45 54 196 || mode=VB method=sk_kmeans solver=pyvrp stage=post_ls ls=pyvrp iter=15
2026-03-16 01:33:54 | INFO     | [POOL #02578] 693 389 1154 || mode=VB method=sk_kmeans solver=pyvrp stage=post_ls ls=pyvrp iter=15
2026-03-16 01:33:54 | INFO     | [POOL #02579] 1114 62 660 || mode=VB method=sk_kmeans solver=pyvrp stage=post_ls ls=pyvrp iter=15
2026-03-16 01:33:54 | INFO     | [POOL #02580] 1358 1368 915 502 || mode=VB method=sk_kmeans solver=pyvrp stage=post_ls ls=pyvrp iter=15
2026-03-16 01:33:54 | INFO     | [POOL #02581] 1205 1202 833 || mode=VB method=sk_kmeans solver=pyvrp stage=post_ls ls=pyvrp iter=15
2026-03-16 01:33:54 | INFO     | [POOL #02582] 437 974 506 197 || mode=VB method=sk_kmeans solver=pyvrp stage=post_ls ls=pyvrp iter=15
2026-03-16 01:33:54 | INFO     | [POOL #02583] 513 507 48 || mode=VB method=sk_kmeans solver=pyvrp stage=post_ls ls=pyvrp iter=15
2026-03-16 01:33:54 | INFO     | [POOL #02584] 1047 765 175 || mode=VB method=sk_kmeans solver=pyvrp stage=post_ls ls=pyvrp iter=15
2026-03-16 01:33:54 | INFO     | [POOL #02585] 896 150 31 || mode=VB method=sk_kmeans solver=pyvrp stage=post_ls ls=pyvrp iter=15
2026-03-16 01:33:54 | INFO     | [POOL #02586] 1029 728 170 || mode=VB method=sk_kmeans solver=pyvrp stage=post_ls ls=pyvrp iter=15
2026-03-16 01:33:54 | INFO     | [POOL #02587] 44 682 832 || mode=VB method=sk_kmeans solver=pyvrp stage=post_ls ls=pyvrp iter=15
2026-03-16 01:33:54 | INFO     | [POOL #02588] 589 237 152 || mode=VB method=sk_kmeans solver=pyvrp stage=post_ls ls=pyvrp iter=15
2026-03-16 01:33:54 | INFO     | [POOL #02589] 356 388 620 || mode=VB method=sk_kmeans solver=pyvrp stage=post_ls ls=pyvrp iter=15
2026-03-16 01:33:54 | INFO     | [POOL #02590] 236 111 1340 || mode=VB method=sk_kmeans solver=pyvrp stage=post_ls ls=pyvrp iter=15
2026-03-16 01:33:54 | INFO     | [POOL #02591] 993 1329 692 || mode=VB method=sk_kmeans solver=pyvrp stage=post_ls ls=pyvrp iter=15
2026-03-16 01:33:54 | INFO     | [POOL #02592] 1281 346 257 || mode=VB method=sk_kmeans solver=pyvrp stage=post_ls ls=pyvrp iter=15
2026-03-16 01:33:54 | INFO     | [POOL #02593] 1058 50 290 || mode=VB method=sk_kmeans solver=pyvrp stage=post_ls ls=pyvrp iter=15
2026-03-16 01:33:54 | INFO     | [POOL #02594] 129 11 43 629 772 908 1275 96 1313 667 164 950 || mode=VB method=sk_kmeans solver=pyvrp stage=post_ls ls=pyvrp iter=15
2026-03-16 01:33:54 | INFO     | [POOL #02595] 1264 1315 420 686 781 295 676 890 845 || mode=VB method=sk_kmeans solver=pyvrp stage=post_ls ls=pyvrp iter=15
2026-03-16 01:33:54 | INFO     | [POOL #02596] 343 597 870 528 23 897 256 1228 267 703 || mode=VB method=sk_kmeans solver=pyvrp stage=post_ls ls=pyvrp iter=15
2026-03-16 01:33:54 | INFO     | [POOL #02597] 1071 194 1098 865 1318 580 1282 158 1189 1085 1072 || mode=VB method=sk_kmeans solver=pyvrp stage=post_ls ls=pyvrp iter=15
2026-03-16 01:33:54 | INFO     | [POOL #02598] 878 46 727 913 1120 820 1148 488 65 || mode=VB method=sk_kmeans solver=pyvrp stage=post_ls ls=pyvrp iter=15
2026-03-16 01:33:54 | INFO     | [POOL #02599] 497 1166 153 269 276 648 655 1359 283 605 872 || mode=VB method=sk_kmeans solver=pyvrp stage=post_ls ls=pyvrp iter=15
2026-03-16 01:33:54 | INFO     | [POOL #02600] 1108 247 1333 720 910 555 681 147 1031 767 || mode=VB method=sk_kmeans solver=pyvrp stage=post_ls ls=pyvrp iter=15
2026-03-16 01:33:54 | INFO     | [POOL #02601] 670 1181 91 516 117 1010 970 39 || mode=VB method=sk_kmeans solver=pyvrp stage=post_ls ls=pyvrp iter=15
2026-03-16 01:33:54 | INFO     | [POOL #02602] 235 140 452 1266 1177 303 1093 930 450 612 || mode=VB method=sk_kmeans solver=pyvrp stage=post_ls ls=pyvrp iter=15
2026-03-16 01:33:54 | INFO     | [POOL #02603] 780 545 1284 482 224 25 665 937 || mode=VB method=sk_kmeans solver=pyvrp stage=post_ls ls=pyvrp iter=15
2026-03-16 01:33:54 | INFO     | [POOL #02604] 1068 960 1115 864 1196 26 468 253 || mode=VB method=sk_kmeans solver=pyvrp stage=post_ls ls=pyvrp iter=15
2026-03-16 01:33:54 | INFO     | [POOL #02605] 715 627 892 556 909 149 216 1251 || mode=VB method=sk_kmeans solver=pyvrp stage=post_ls ls=pyvrp iter=15
2026-03-16 01:33:54 | INFO     | [POOL #02606] 1217 444 1324 525 294 177 279 || mode=VB method=sk_kmeans solver=pyvrp stage=post_ls ls=pyvrp iter=15
2026-03-16 01:33:54 | INFO     | [POOL #02607] 671 1314 1095 1003 157 637 142 560 918 438 || mode=VB method=sk_kmeans solver=pyvrp stage=post_ls ls=pyvrp iter=15
2026-03-16 01:33:54 | INFO     | [POOL #02608] 606 1278 816 625 790 657 352 828 1122 || mode=VB method=sk_kmeans solver=pyvrp stage=post_ls ls=pyvrp iter=15
2026-03-16 01:33:54 | INFO     | [POOL #02609] 167 766 535 1125 948 570 508 337 341 || mode=VB method=sk_kmeans solver=pyvrp stage=post_ls ls=pyvrp iter=15
2026-03-16 01:33:54 | INFO     | [POOL #02610] 949 447 1137 695 435 736 614 825 685 1271 || mode=VB method=sk_kmeans solver=pyvrp stage=post_ls ls=pyvrp iter=15
2026-03-16 01:33:54 | INFO     | [POOL #02611] 577 232 776 531 561 1155 617 850 868 569 || mode=VB method=sk_kmeans solver=pyvrp stage=post_ls ls=pyvrp iter=15
2026-03-16 01:33:54 | INFO     | [POOL #02612] 327 1046 329 1220 133 41 260 911 887 || mode=VB method=sk_kmeans solver=pyvrp stage=post_ls ls=pyvrp iter=15
2026-03-16 01:33:54 | INFO     | [POOL #02613] 810 861 819 595 697 128 848 || mode=VB method=sk_kmeans solver=pyvrp stage=post_ls ls=pyvrp iter=15
2026-03-16 01:33:54 | INFO     | [POOL #02614] 951 59 105 615 1210 1300 995 585 40 1343 1291 645 || mode=VB method=sk_kmeans solver=pyvrp stage=post_ls ls=pyvrp iter=15
2026-03-16 01:33:54 | INFO     | [POOL #02615] 477 532 877 1206 311 811 246 89 335 || mode=VB method=sk_kmeans solver=pyvrp stage=post_ls ls=pyvrp iter=15
2026-03-16 01:33:54 | INFO     | [POOL #02616] 544 126 1356 494 191 195 94 1064 769 1157 581 1033 1249 || mode=VB method=sk_kmeans solver=pyvrp stage=post_ls ls=pyvrp iter=15
2026-03-16 01:33:54 | INFO     | [POOL #02617] 1330 304 365 || mode=VB method=sk_kmeans solver=pyvrp stage=post_ls ls=pyvrp iter=15
2026-03-16 01:33:54 | INFO     | [POOL #02618] 469 254 739 || mode=VB method=sk_kmeans solver=pyvrp stage=post_ls ls=pyvrp iter=15
2026-03-16 01:33:54 | INFO     | [POOL #02619] 1017 1118 1061 || mode=VB method=sk_kmeans solver=pyvrp stage=post_ls ls=pyvrp iter=15
2026-03-16 01:33:54 | INFO     | [POOL #02620] 649 1032 1005 || mode=VB method=sk_kmeans solver=pyvrp stage=post_ls ls=pyvrp iter=15
2026-03-16 01:33:54 | INFO     | [POOL #02621] 392 624 382 || mode=VB method=sk_kmeans solver=pyvrp stage=post_ls ls=pyvrp iter=15
2026-03-16 01:33:54 | INFO     | [POOL #02622] 1089 143 884 328 || mode=VB method=sk_kmeans solver=pyvrp stage=post_ls ls=pyvrp iter=15
2026-03-16 01:33:54 | INFO     | [POOL #02623] 711 523 1328 || mode=VB method=sk_kmeans solver=pyvrp stage=post_ls ls=pyvrp iter=15
2026-03-16 01:33:54 | INFO     | [POOL #02624] 1104 729 554 || mode=VB method=sk_kmeans solver=pyvrp stage=post_ls ls=pyvrp iter=15
2026-03-16 01:33:54 | INFO     | [POOL #02625] 201 112 372 709 || mode=VB method=sk_kmeans solver=pyvrp stage=post_ls ls=pyvrp iter=15
2026-03-16 01:33:54 | INFO     | [POOL #02626] 1371 449 400 || mode=VB method=sk_kmeans solver=pyvrp stage=post_ls ls=pyvrp iter=15
2026-03-16 01:33:54 | INFO     | [POOL #02627] 289 958 723 || mode=VB method=sk_kmeans solver=pyvrp stage=post_ls ls=pyvrp iter=15
2026-03-16 01:33:54 | INFO     | [POOL #02628] 674 541 1352 || mode=VB method=sk_kmeans solver=pyvrp stage=post_ls ls=pyvrp iter=15
2026-03-16 01:33:54 | INFO     | [POOL #02629] 962 800 278 || mode=VB method=sk_kmeans solver=pyvrp stage=post_ls ls=pyvrp iter=15
2026-03-16 01:33:54 | INFO     | [POOL #02630] 981 409 1231 || mode=VB method=sk_kmeans solver=pyvrp stage=post_ls ls=pyvrp iter=15
2026-03-16 01:33:54 | INFO     | [POOL #02631] 362 200 787 || mode=VB method=sk_kmeans solver=pyvrp stage=post_ls ls=pyvrp iter=15
2026-03-16 01:33:54 | INFO     | [POOL #02632] 798 546 1292 || mode=VB method=sk_kmeans solver=pyvrp stage=post_ls ls=pyvrp iter=15
2026-03-16 01:33:54 | INFO     | [POOL #02633] 72 794 1124 || mode=VB method=sk_kmeans solver=pyvrp stage=post_ls ls=pyvrp iter=15
2026-03-16 01:33:54 | INFO     | [POOL #02634] 1162 899 221 || mode=VB method=sk_kmeans solver=pyvrp stage=post_ls ls=pyvrp iter=15
2026-03-16 01:33:54 | INFO     | [POOL #02635] 182 1298 942 || mode=VB method=sk_kmeans solver=pyvrp stage=post_ls ls=pyvrp iter=15
2026-03-16 01:33:54 | INFO     | [POOL #02636] 1123 179 163 || mode=VB method=sk_kmeans solver=pyvrp stage=post_ls ls=pyvrp iter=15
2026-03-16 01:33:54 | INFO     | [POOL #02637] 1344 630 534 957 || mode=VB method=sk_kmeans solver=pyvrp stage=post_ls ls=pyvrp iter=15
2026-03-16 01:33:54 | INFO     | [POOL #02638] 1106 317 1179 || mode=VB method=sk_kmeans solver=pyvrp stage=post_ls ls=pyvrp iter=15
2026-03-16 01:33:54 | INFO     | [POOL #02639] 635 130 145 || mode=VB method=sk_kmeans solver=pyvrp stage=post_ls ls=pyvrp iter=15
2026-03-16 01:33:54 | INFO     | [POOL #02640] 591 1232 1233 || mode=VB method=sk_kmeans solver=pyvrp stage=post_ls ls=pyvrp iter=15
2026-03-16 01:33:54 | INFO     | [POOL #02641] 458 324 700 1105 || mode=VB method=sk_kmeans solver=pyvrp stage=post_ls ls=pyvrp iter=15
2026-03-16 01:33:54 | INFO     | [POOL #02642] 218 93 1025 || mode=VB method=sk_kmeans solver=pyvrp stage=post_ls ls=pyvrp iter=15
2026-03-16 01:33:54 | INFO     | [POOL #02643] 1279 586 499 742 || mode=VB method=sk_kmeans solver=pyvrp stage=post_ls ls=pyvrp iter=15
2026-03-16 01:33:54 | INFO     | [POOL #02644] 522 717 1002 945 || mode=VB method=sk_kmeans solver=pyvrp stage=post_ls ls=pyvrp iter=15
2026-03-16 01:33:54 | INFO     | [POOL #02645] 1090 286 1287 1221 1212 154 1274 1252 319 || mode=VB method=sk_kmeans solver=pyvrp stage=post_ls ls=pyvrp iter=15
2026-03-16 01:33:54 | INFO     | [POOL #02646] 796 407 807 939 107 519 1209 1022 952 189 959 || mode=VB method=sk_kmeans solver=pyvrp stage=post_ls ls=pyvrp iter=15
2026-03-16 01:33:54 | INFO     | [POOL #02647] 144 500 67 849 1165 481 360 1009 881 350 863 || mode=VB method=sk_kmeans solver=pyvrp stage=post_ls ls=pyvrp iter=15
2026-03-16 01:33:54 | INFO     | [POOL #02648] 397 95 954 1020 1303 1133 399 293 || mode=VB method=sk_kmeans solver=pyvrp stage=post_ls ls=pyvrp iter=15
2026-03-16 01:33:54 | INFO     | [POOL #02649] 1045 166 1091 927 325 1043 1077 261 1052 || mode=VB method=sk_kmeans solver=pyvrp stage=post_ls ls=pyvrp iter=15
2026-03-16 01:33:54 | INFO     | [POOL #02650] 1175 1277 1039 || mode=VB method=sk_kmeans solver=pyvrp stage=post_ls ls=pyvrp iter=15
2026-03-16 01:33:54 | INFO     | [POOL #02651] 601 1054 598 66 || mode=VB method=sk_kmeans solver=pyvrp stage=post_ls ls=pyvrp iter=15
2026-03-16 01:33:54 | INFO     | [POOL #02652] 965 1270 184 632 425 305 159 || mode=VB method=sk_kmeans solver=pyvrp stage=post_ls ls=pyvrp iter=15
2026-03-16 01:33:54 | INFO     | [POOL #02653] 744 785 702 || mode=VB method=sk_kmeans solver=pyvrp stage=post_ls ls=pyvrp iter=15
2026-03-16 01:33:54 | INFO     | [POOL #02654] 596 344 79 1354 || mode=VB method=sk_kmeans solver=pyvrp stage=post_ls ls=pyvrp iter=15
2026-03-16 01:33:54 | INFO     | [POOL #02655] 775 1293 || mode=VB method=sk_kmeans solver=pyvrp stage=post_ls ls=pyvrp iter=15
2026-03-16 01:33:54 | INFO     | [POOL #02656] 651 102 594 || mode=VB method=sk_kmeans solver=pyvrp stage=post_ls ls=pyvrp iter=15
2026-03-16 01:33:54 | INFO     | [POOL #02657] 1307 1208 1169 1219 || mode=VB method=sk_kmeans solver=pyvrp stage=post_ls ls=pyvrp iter=15
2026-03-16 01:33:54 | INFO     | [POOL #02658] 590 1131 907 || mode=VB method=sk_kmeans solver=pyvrp stage=post_ls ls=pyvrp iter=15
2026-03-16 01:33:54 | INFO     | [POOL #02659] 366 10 1078 1197 || mode=VB method=sk_kmeans solver=pyvrp stage=post_ls ls=pyvrp iter=15
2026-03-16 01:33:54 | INFO     | [POOL #02660] 1141 831 123 724 735 406 100 610 1138 || mode=VB method=sk_kmeans solver=pyvrp stage=post_ls ls=pyvrp iter=15
2026-03-16 01:33:54 | INFO     | [POOL #02661] 1347 1075 156 69 976 || mode=VB method=sk_kmeans solver=pyvrp stage=post_ls ls=pyvrp iter=15
2026-03-16 01:33:54 | INFO     | [POOL #02662] 510 1362 584 || mode=VB method=sk_kmeans solver=pyvrp stage=post_ls ls=pyvrp iter=15
2026-03-16 01:33:54 | INFO     | [POOL #02663] 63 1101 490 || mode=VB method=sk_kmeans solver=pyvrp stage=post_ls ls=pyvrp iter=15
2026-03-16 01:33:54 | INFO     | [POOL #02664] 991 314 273 1273 || mode=VB method=sk_kmeans solver=pyvrp stage=post_ls ls=pyvrp iter=15
2026-03-16 01:33:54 | INFO     | [POOL #02665] 1268 21 721 || mode=VB method=sk_kmeans solver=pyvrp stage=post_ls ls=pyvrp iter=15
2026-03-16 01:33:54 | INFO     | [POOL #02666] 321 110 607 492 || mode=VB method=sk_kmeans solver=pyvrp stage=post_ls ls=pyvrp iter=15
2026-03-16 01:33:54 | INFO     | [POOL #02667] 316 609 403 731 1258 || mode=VB method=sk_kmeans solver=pyvrp stage=post_ls ls=pyvrp iter=15
2026-03-16 01:33:54 | INFO     | [POOL #02668] 934 1144 830 || mode=VB method=sk_kmeans solver=pyvrp stage=post_ls ls=pyvrp iter=15
2026-03-16 01:33:54 | INFO     | [POOL #02669] 1107 307 398 1153 || mode=VB method=sk_kmeans solver=pyvrp stage=post_ls ls=pyvrp iter=15
2026-03-16 01:33:54 | INFO     | [POOL #02670] 493 475 1053 174 1034 229 509 1067 || mode=VB method=sk_kmeans solver=pyvrp stage=post_ls ls=pyvrp iter=15
2026-03-16 01:33:54 | INFO     | [POOL #02671] 748 505 277 476 611 837 || mode=VB method=sk_kmeans solver=pyvrp stage=post_ls ls=pyvrp iter=15
2026-03-16 01:33:54 | INFO     | [POOL #02672] 953 355 1194 || mode=VB method=sk_kmeans solver=pyvrp stage=post_ls ls=pyvrp iter=15
2026-03-16 01:33:54 | INFO     | [POOL #02673] 1234 308 272 1319 1121 284 377 1260 707 || mode=SCP method=gurobi_mip solver=UNKNOWN stage=scp_post_ls ls=N/A iter=15
2026-03-16 01:33:54 | INFO     | [POOL #02674] 179 192 1276 || mode=SCP method=gurobi_mip solver=UNKNOWN stage=scp_post_ls ls=N/A iter=15
2026-03-16 01:33:54 | INFO     | [POOL #02675] 636 1231 408 || mode=SCP method=gurobi_mip solver=UNKNOWN stage=scp_post_ls ls=N/A iter=15
2026-03-16 01:33:54 | INFO     | [POOL #02676] 680 1277 596 || mode=RB method=sk_ac_min solver=filo2 stage=post_ls ls=pyvrp iter=16
2026-03-16 01:33:54 | INFO     | [POOL #02677] 670 1177 303 1031 767 1108 1093 65 930 450 612 || mode=RB method=sk_ac_min solver=filo2 stage=post_ls ls=pyvrp iter=16
2026-03-16 01:33:54 | INFO     | [POOL #02678] 1308 730 1358 708 || mode=RB method=sk_ac_min solver=filo2 stage=post_ls ls=pyvrp iter=16
2026-03-16 01:33:54 | INFO     | [POOL #02679] 236 859 495 || mode=RB method=sk_ac_min solver=filo2 stage=post_ls ls=pyvrp iter=16
2026-03-16 01:33:54 | INFO     | [POOL #02680] 741 626 737 || mode=RB method=sk_ac_min solver=filo2 stage=post_ls ls=pyvrp iter=16
2026-03-16 01:33:54 | INFO     | [POOL #02681] 1175 1039 744 || mode=RB method=sk_ac_min solver=filo2 stage=post_ls ls=pyvrp iter=16
2026-03-16 01:33:54 | INFO     | [POOL #02682] 603 395 1211 451 || mode=RB method=sk_ac_min solver=filo2 stage=post_ls ls=pyvrp iter=16
2026-03-16 01:33:54 | INFO     | [POOL #02683] 345 1058 963 786 || mode=RB method=sk_ac_min solver=filo2 stage=post_ls ls=pyvrp iter=16
2026-03-16 01:33:54 | INFO     | [POOL #02684] 718 1288 1073 || mode=RB method=sk_ac_min solver=filo2 stage=post_ls ls=pyvrp iter=16
2026-03-16 01:33:54 | INFO     | [POOL #02685] 639 38 1100 378 || mode=RB method=sk_ac_min solver=filo2 stage=post_ls ls=pyvrp iter=16
2026-03-16 01:33:54 | INFO     | [POOL #02686] 1340 111 1082 || mode=RB method=sk_ac_min solver=filo2 stage=post_ls ls=pyvrp iter=16
2026-03-16 01:33:54 | INFO     | [POOL #02687] 962 203 547 || mode=RB method=sk_ac_min solver=filo2 stage=post_ls ls=pyvrp iter=16
2026-03-16 01:33:54 | INFO     | [POOL #02688] 1061 270 814 || mode=RB method=sk_ac_min solver=filo2 stage=post_ls ls=pyvrp iter=16
2026-03-16 01:33:54 | INFO     | [POOL #02689] 971 1158 900 514 252 1332 551 1242 1325 || mode=RB method=sk_ac_min solver=filo2 stage=post_ls ls=pyvrp iter=16
2026-03-16 01:33:54 | INFO     | [POOL #02690] 411 529 415 || mode=RB method=sk_ac_min solver=filo2 stage=post_ls ls=pyvrp iter=16
2026-03-16 01:33:54 | INFO     | [POOL #02691] 5 643 1329 || mode=RB method=sk_ac_min solver=filo2 stage=post_ls ls=pyvrp iter=16
2026-03-16 01:33:54 | INFO     | [POOL #02692] 1154 214 1182 || mode=RB method=sk_ac_min solver=filo2 stage=post_ls ls=pyvrp iter=16
2026-03-16 01:33:54 | INFO     | [POOL #02693] 50 1062 170 || mode=RB method=sk_ac_min solver=filo2 stage=post_ls ls=pyvrp iter=16
2026-03-16 01:33:54 | INFO     | [POOL #02694] 636 483 192 || mode=RB method=sk_ac_min solver=filo2 stage=post_ls ls=pyvrp iter=16
2026-03-16 01:33:54 | INFO     | [POOL #02695] 121 1076 1174 1044 || mode=RB method=sk_ac_min solver=filo2 stage=post_ls ls=pyvrp iter=16
2026-03-16 01:33:54 | INFO     | [POOL #02696] 554 1238 1336 742 || mode=RB method=sk_ac_min solver=filo2 stage=post_ls ls=pyvrp iter=16
2026-03-16 01:33:54 | INFO     | [POOL #02697] 1111 728 1029 || mode=RB method=sk_ac_min solver=filo2 stage=post_ls ls=pyvrp iter=16
2026-03-16 01:33:54 | INFO     | [POOL #02698] 165 31 302 15 || mode=RB method=sk_ac_min solver=filo2 stage=post_ls ls=pyvrp iter=16
2026-03-16 01:33:54 | INFO     | [POOL #02699] 797 1345 985 || mode=RB method=sk_ac_min solver=filo2 stage=post_ls ls=pyvrp iter=16
2026-03-16 01:33:54 | INFO     | [POOL #02700] 159 601 66 702 || mode=RB method=sk_ac_min solver=filo2 stage=post_ls ls=pyvrp iter=16
2026-03-16 01:33:54 | INFO     | [POOL #02701] 1293 756 960 1068 390 330 || mode=RB method=sk_ac_min solver=filo2 stage=post_ls ls=pyvrp iter=16
2026-03-16 01:33:54 | INFO     | [POOL #02702] 265 664 363 484 184 632 1052 || mode=RB method=sk_ac_min solver=filo2 stage=post_ls ls=pyvrp iter=16
2026-03-16 01:33:54 | INFO     | [POOL #02703] 1040 356 1113 847 || mode=RB method=sk_ac_min solver=filo2 stage=post_ls ls=pyvrp iter=16
2026-03-16 01:33:54 | INFO     | [POOL #02704] 74 263 761 || mode=RB method=sk_ac_min solver=filo2 stage=post_ls ls=pyvrp iter=16
2026-03-16 01:33:54 | INFO     | [POOL #02705] 782 919 1096 || mode=RB method=sk_ac_min solver=filo2 stage=post_ls ls=pyvrp iter=16
2026-03-16 01:33:54 | INFO     | [POOL #02706] 344 79 598 1054 || mode=RB method=sk_ac_min solver=filo2 stage=post_ls ls=pyvrp iter=16
2026-03-16 01:33:54 | INFO     | [POOL #02707] 422 1305 318 1180 14 361 452 140 || mode=RB method=sk_ac_min solver=filo2 stage=post_ls ls=pyvrp iter=16
2026-03-16 01:33:54 | INFO     | [POOL #02708] 168 215 1109 16 235 1042 719 || mode=RB method=sk_ac_min solver=filo2 stage=post_ls ls=pyvrp iter=16
2026-03-16 01:33:54 | INFO     | [POOL #02709] 343 1085 1189 158 1282 580 1318 597 870 1071 727 || mode=RB method=sk_ac_min solver=filo2 stage=post_ls ls=pyvrp iter=16
2026-03-16 01:33:54 | INFO     | [POOL #02710] 305 1107 473 60 || mode=RB method=sk_ac_min solver=filo2 stage=post_ls ls=pyvrp iter=16
2026-03-16 01:33:54 | INFO     | [POOL #02711] 143 1344 884 983 || mode=RB method=sk_ac_min solver=filo2 stage=post_ls ls=pyvrp iter=16
2026-03-16 01:33:54 | INFO     | [POOL #02712] 572 1267 602 || mode=RB method=sk_ac_min solver=filo2 stage=post_ls ls=pyvrp iter=16
2026-03-16 01:33:54 | INFO     | [POOL #02713] 867 222 961 1006 || mode=RB method=sk_ac_min solver=filo2 stage=post_ls ls=pyvrp iter=16
2026-03-16 01:33:54 | INFO     | [POOL #02714] 314 1258 273 1273 || mode=RB method=sk_ac_min solver=filo2 stage=post_ls ls=pyvrp iter=16
2026-03-16 01:33:54 | INFO     | [POOL #02715] 646 578 783 || mode=RB method=sk_ac_min solver=filo2 stage=post_ls ls=pyvrp iter=16
2026-03-16 01:33:54 | INFO     | [POOL #02716] 336 1168 550 1134 || mode=RB method=sk_ac_min solver=filo2 stage=post_ls ls=pyvrp iter=16
2026-03-16 01:33:54 | INFO     | [POOL #02717] 748 505 107 1209 939 611 837 1296 || mode=RB method=sk_ac_min solver=filo2 stage=post_ls ls=pyvrp iter=16
2026-03-16 01:33:54 | INFO     | [POOL #02718] 1183 1083 1005 124 || mode=RB method=sk_ac_min solver=filo2 stage=post_ls ls=pyvrp iter=16
2026-03-16 01:33:54 | INFO     | [POOL #02719] 1187 362 1162 || mode=RB method=sk_ac_min solver=filo2 stage=post_ls ls=pyvrp iter=16
2026-03-16 01:33:54 | INFO     | [POOL #02720] 196 188 381 755 1130 512 || mode=RB method=sk_ac_min solver=filo2 stage=post_ls ls=pyvrp iter=16
2026-03-16 01:33:54 | INFO     | [POOL #02721] 901 306 436 613 621 1322 966 883 874 873 || mode=RB method=sk_ac_min solver=filo2 stage=post_ls ls=pyvrp iter=16
2026-03-16 01:33:54 | INFO     | [POOL #02722] 1161 1115 864 1196 26 468 253 || mode=RB method=sk_ac_min solver=filo2 stage=post_ls ls=pyvrp iter=16
2026-03-16 01:33:54 | INFO     | [POOL #02723] 264 915 1110 437 || mode=RB method=sk_ac_min solver=filo2 stage=post_ls ls=pyvrp iter=16
2026-03-16 01:33:54 | INFO     | [POOL #02724] 795 486 1199 432 1198 350 881 863 1138 || mode=RB method=sk_ac_min solver=filo2 stage=post_ls ls=pyvrp iter=16
2026-03-16 01:33:54 | INFO     | [POOL #02725] 573 754 428 1241 1294 18 1065 898 690 1193 141 || mode=RB method=sk_ac_min solver=filo2 stage=post_ls ls=pyvrp iter=16
2026-03-16 01:33:54 | INFO     | [POOL #02726] 1091 533 434 927 325 1043 1077 || mode=RB method=sk_ac_min solver=filo2 stage=post_ls ls=pyvrp iter=16
2026-03-16 01:33:54 | INFO     | [POOL #02727] 313 1106 163 || mode=RB method=sk_ac_min solver=filo2 stage=post_ls ls=pyvrp iter=16
2026-03-16 01:33:54 | INFO     | [POOL #02728] 147 681 555 488 878 720 910 247 1264 || mode=RB method=sk_ac_min solver=filo2 stage=post_ls ls=pyvrp iter=16
2026-03-16 01:33:54 | INFO     | [POOL #02729] 1166 269 276 872 815 504 || mode=RB method=sk_ac_min solver=filo2 stage=post_ls ls=pyvrp iter=16
2026-03-16 01:33:54 | INFO     | [POOL #02730] 497 153 1072 974 45 1173 || mode=RB method=sk_ac_min solver=filo2 stage=post_ls ls=pyvrp iter=16
2026-03-16 01:33:54 | INFO     | [POOL #02731] 955 27 726 763 457 1192 211 240 801 || mode=RB method=sk_ac_min solver=filo2 stage=post_ls ls=pyvrp iter=16
2026-03-16 01:33:54 | INFO     | [POOL #02732] 827 855 58 1214 793 1246 1204 487 || mode=RB method=sk_ac_min solver=filo2 stage=post_ls ls=pyvrp iter=16
2026-03-16 01:33:54 | INFO     | [POOL #02733] 1247 351 227 885 998 284 377 1260 1239 || mode=RB method=sk_ac_min solver=filo2 stage=post_ls ls=pyvrp iter=16
2026-03-16 01:33:54 | INFO     | [POOL #02734] 1120 528 865 23 897 256 1228 267 686 420 494 1356 703 || mode=RB method=sk_ac_min solver=filo2 stage=post_ls ls=pyvrp iter=16
2026-03-16 01:33:54 | INFO     | [POOL #02735] 669 299 604 1088 1316 903 549 1055 139 || mode=RB method=sk_ac_min solver=filo2 stage=post_ls ls=pyvrp iter=16
2026-03-16 01:33:54 | INFO     | [POOL #02736] 831 123 1020 954 95 371 989 84 || mode=RB method=sk_ac_min solver=filo2 stage=post_ls ls=pyvrp iter=16
2026-03-16 01:33:54 | INFO     | [POOL #02737] 180 773 862 1145 || mode=RB method=sk_ac_min solver=filo2 stage=post_ls ls=pyvrp iter=16
2026-03-16 01:33:54 | INFO     | [POOL #02738] 13 57 1372 946 448 1226 296 413 430 || mode=RB method=sk_ac_min solver=filo2 stage=post_ls ls=pyvrp iter=16
2026-03-16 01:33:54 | INFO     | [POOL #02739] 1216 291 812 502 || mode=RB method=sk_ac_min solver=filo2 stage=post_ls ls=pyvrp iter=16
2026-03-16 01:33:54 | INFO     | [POOL #02740] 1219 521 609 51 1350 403 || mode=RB method=sk_ac_min solver=filo2 stage=post_ls ls=pyvrp iter=16
2026-03-16 01:33:54 | INFO     | [POOL #02741] 69 1090 286 1287 1221 1212 154 1274 319 1165 261 || mode=RB method=sk_ac_min solver=filo2 stage=post_ls ls=pyvrp iter=16
2026-03-16 01:33:54 | INFO     | [POOL #02742] 56 491 1167 671 525 294 1324 || mode=RB method=sk_ac_min solver=filo2 stage=post_ls ls=pyvrp iter=16
2026-03-16 01:33:54 | INFO     | [POOL #02743] 379 498 975 228 310 169 1256 || mode=RB method=sk_ac_min solver=filo2 stage=post_ls ls=pyvrp iter=16
2026-03-16 01:33:54 | INFO     | [POOL #02744] 1169 419 673 689 100 610 425 || mode=RB method=sk_ac_min solver=filo2 stage=post_ls ls=pyvrp iter=16
2026-03-16 01:33:54 | INFO     | [POOL #02745] 1265 542 539 340 347 1188 421 644 860 1185 281 353 1050 515 1013 479 || mode=RB method=sk_ac_min solver=filo2 stage=post_ls ls=pyvrp iter=16
2026-03-16 01:33:54 | INFO     | [POOL #02746] 414 809 1302 567 813 904 574 462 771 206 259 453 || mode=RB method=sk_ac_min solver=filo2 stage=post_ls ls=pyvrp iter=16
2026-03-16 01:33:54 | INFO     | [POOL #02747] 108 716 474 935 226 1147 642 1116 198 576 || mode=RB method=sk_ac_min solver=filo2 stage=post_ls ls=pyvrp iter=16
2026-03-16 01:33:54 | INFO     | [POOL #02748] 1364 619 1279 770 1280 967 || mode=RB method=sk_ac_min solver=filo2 stage=post_ls ls=pyvrp iter=16
2026-03-16 01:33:54 | INFO     | [POOL #02749] 624 382 87 17 750 638 464 996 || mode=RB method=sk_ac_min solver=filo2 stage=post_ls ls=pyvrp iter=16
2026-03-16 01:33:54 | INFO     | [POOL #02750] 204 757 1283 1015 || mode=RB method=sk_ac_min solver=filo2 stage=post_ls ls=pyvrp iter=16
2026-03-16 01:33:54 | INFO     | [POOL #02751] 1142 3 982 1191 391 738 104 178 1357 889 1030 || mode=RB method=sk_ac_min solver=filo2 stage=post_ls ls=pyvrp iter=16
2026-03-16 01:33:54 | INFO     | [POOL #02752] 1171 829 19 205 1012 441 678 530 788 834 || mode=RB method=sk_ac_min solver=filo2 stage=post_ls ls=pyvrp iter=16
2026-03-16 01:33:54 | INFO     | [POOL #02753] 640 36 1150 1159 42 722 288 || mode=RB method=sk_ac_min solver=filo2 stage=post_ls ls=pyvrp iter=16
2026-03-16 01:33:54 | INFO     | [POOL #02754] 489 856 824 593 631 1038 1036 656 1223 || mode=RB method=sk_ac_min solver=filo2 stage=post_ls ls=pyvrp iter=16
2026-03-16 01:33:54 | INFO     | [POOL #02755] 743 1178 293 406 724 735 1141 1045 1270 || mode=RB method=sk_ac_min solver=filo2 stage=post_ls ls=pyvrp iter=16
2026-03-16 01:33:54 | INFO     | [POOL #02756] 144 849 952 475 1053 174 1034 519 493 1022 807 407 796 500 || mode=RB method=sk_ac_min solver=filo2 stage=post_ls ls=pyvrp iter=16
2026-03-16 01:33:54 | INFO     | [POOL #02757] 1253 902 308 272 1243 456 1146 244 520 || mode=RB method=sk_ac_min solver=filo2 stage=post_ls ls=pyvrp iter=16
2026-03-16 01:33:54 | INFO     | [POOL #02758] 1222 136 1084 427 784 287 369 1361 984 965 || mode=RB method=sk_ac_min solver=filo2 stage=post_ls ls=pyvrp iter=16
2026-03-16 01:33:54 | INFO     | [POOL #02759] 1067 509 277 229 476 316 || mode=RB method=sk_ac_min solver=filo2 stage=post_ls ls=pyvrp iter=16
2026-03-16 01:33:54 | INFO     | [POOL #02760] 1148 820 1315 1098 194 913 46 1333 || mode=RB method=sk_ac_min solver=filo2 stage=post_ls ls=pyvrp iter=16
2026-03-16 01:33:54 | INFO     | [POOL #02761] 645 1266 627 715 1010 970 39 918 || mode=RB method=sk_ac_min solver=filo2 stage=post_ls ls=pyvrp iter=16
2026-03-16 01:33:54 | INFO     | [POOL #02762] 426 1317 705 538 1195 524 || mode=RB method=sk_ac_min solver=filo2 stage=post_ls ls=pyvrp iter=16
2026-03-16 01:33:54 | INFO     | [POOL #02763] 397 113 972 166 77 1048 394 851 1312 || mode=RB method=sk_ac_min solver=filo2 stage=post_ls ls=pyvrp iter=16
2026-03-16 01:33:54 | INFO     | [POOL #02764] 212 1201 568 1019 575 606 187 1271 384 746 758 160 707 || mode=RB method=sk_ac_min solver=filo2 stage=post_ls ls=pyvrp iter=16
2026-03-16 01:33:54 | INFO     | [POOL #02765] 1234 248 219 326 745 1346 1163 1121 1319 463 || mode=RB method=sk_ac_min solver=filo2 stage=post_ls ls=pyvrp iter=16
2026-03-16 01:33:54 | INFO     | [POOL #02766] 1102 309 1027 526 155 245 99 1321 68 1059 696 || mode=RB method=sk_ac_min solver=filo2 stage=post_ls ls=pyvrp iter=16
2026-03-16 01:33:54 | INFO     | [POOL #02767] 404 1227 418 992 || mode=RB method=sk_ac_min solver=filo2 stage=post_ls ls=pyvrp iter=16
2026-03-16 01:33:54 | INFO     | [POOL #02768] 941 565 393 459 146 662 98 857 1225 148 47 553 231 || mode=RB method=sk_ac_min solver=filo2 stage=post_ls ls=pyvrp iter=16
2026-03-16 01:33:54 | INFO     | [POOL #02769] 911 260 1220 819 861 569 951 || mode=RB method=sk_ac_min solver=filo2 stage=post_ls ls=pyvrp iter=16
2026-03-16 01:33:54 | INFO     | [POOL #02770] 352 1314 341 337 685 1278 816 948 570 508 1164 207 || mode=RB method=sk_ac_min solver=filo2 stage=post_ls ls=pyvrp iter=16
2026-03-16 01:33:54 | INFO     | [POOL #02771] 477 329 532 697 128 335 133 41 1291 || mode=RB method=sk_ac_min solver=filo2 stage=post_ls ls=pyvrp iter=16
2026-03-16 01:33:54 | INFO     | [POOL #02772] 657 232 577 1095 1003 157 637 142 || mode=RB method=sk_ac_min solver=filo2 stage=post_ls ls=pyvrp iter=16
2026-03-16 01:33:54 | INFO     | [POOL #02773] 825 614 1125 535 766 435 736 625 790 || mode=RB method=sk_ac_min solver=filo2 stage=post_ls ls=pyvrp iter=16
2026-03-16 01:33:54 | INFO     | [POOL #02774] 585 995 877 1300 1210 615 105 59 447 949 1137 || mode=RB method=sk_ac_min solver=filo2 stage=post_ls ls=pyvrp iter=16
2026-03-16 01:33:54 | INFO     | [POOL #02775] 40 595 1206 311 811 246 89 848 || mode=RB method=sk_ac_min solver=filo2 stage=post_ls ls=pyvrp iter=16
2026-03-16 01:33:54 | INFO     | [POOL #02776] 776 531 561 167 695 1155 617 850 868 810 || mode=RB method=sk_ac_min solver=filo2 stage=post_ls ls=pyvrp iter=16
2026-03-16 01:33:54 | INFO     | [POOL #02777] 857 459 662 824 856 656 1223 || mode=VB method=sk_ac_min solver=filo2 stage=post_ls ls=pyvrp iter=17
2026-03-16 01:33:54 | INFO     | [POOL #02778] 884 636 408 || mode=VB method=sk_ac_min solver=filo2 stage=post_ls ls=pyvrp iter=17
2026-03-16 01:33:54 | INFO     | [POOL #02779] 320 1007 218 || mode=VB method=sk_ac_min solver=filo2 stage=post_ls ls=pyvrp iter=17
2026-03-16 01:33:54 | INFO     | [POOL #02780] 564 8 925 || mode=VB method=sk_ac_min solver=filo2 stage=post_ls ls=pyvrp iter=17
2026-03-16 01:33:54 | INFO     | [POOL #02781] 990 517 304 || mode=VB method=sk_ac_min solver=filo2 stage=post_ls ls=pyvrp iter=17
2026-03-16 01:33:54 | INFO     | [POOL #02782] 302 31 1092 1320 || mode=VB method=sk_ac_min solver=filo2 stage=post_ls ls=pyvrp iter=17
2026-03-16 01:33:54 | INFO     | [POOL #02783] 831 1020 954 1312 371 397 989 || mode=VB method=sk_ac_min solver=filo2 stage=post_ls ls=pyvrp iter=17
2026-03-16 01:33:54 | INFO     | [POOL #02784] 1138 632 79 344 598 || mode=VB method=sk_ac_min solver=filo2 stage=post_ls ls=pyvrp iter=17
2026-03-16 01:33:54 | INFO     | [POOL #02785] 1162 328 1089 || mode=VB method=sk_ac_min solver=filo2 stage=post_ls ls=pyvrp iter=17
2026-03-16 01:33:54 | INFO     | [POOL #02786] 403 1350 609 611 1296 407 849 || mode=VB method=sk_ac_min solver=filo2 stage=post_ls ls=pyvrp iter=17
2026-03-16 01:33:54 | INFO     | [POOL #02787] 1173 45 15 188 || mode=VB method=sk_ac_min solver=filo2 stage=post_ls ls=pyvrp iter=17
2026-03-16 01:33:54 | INFO     | [POOL #02788] 285 241 846 || mode=VB method=sk_ac_min solver=filo2 stage=post_ls ls=pyvrp iter=17
2026-03-16 01:33:54 | INFO     | [POOL #02789] 962 1123 800 || mode=VB method=sk_ac_min solver=filo2 stage=post_ls ls=pyvrp iter=17
2026-03-16 01:33:54 | INFO     | [POOL #02790] 513 660 53 || mode=VB method=sk_ac_min solver=filo2 stage=post_ls ls=pyvrp iter=17
2026-03-16 01:33:54 | INFO     | [POOL #02791] 416 1018 1056 || mode=VB method=sk_ac_min solver=filo2 stage=post_ls ls=pyvrp iter=17
2026-03-16 01:33:54 | INFO     | [POOL #02792] 1325 1242 551 227 || mode=VB method=sk_ac_min solver=filo2 stage=post_ls ls=pyvrp iter=17
2026-03-16 01:33:54 | INFO     | [POOL #02793] 716 474 226 376 642 1116 198 576 || mode=VB method=sk_ac_min solver=filo2 stage=post_ls ls=pyvrp iter=17
2026-03-16 01:33:54 | INFO     | [POOL #02794] 1085 1189 597 870 194 913 1071 910 || mode=VB method=sk_ac_min solver=filo2 stage=post_ls ls=pyvrp iter=17
2026-03-16 01:33:54 | INFO     | [POOL #02795] 900 514 252 1332 1337 701 172 || mode=VB method=sk_ac_min solver=filo2 stage=post_ls ls=pyvrp iter=17
2026-03-16 01:33:54 | INFO     | [POOL #02796] 399 1133 1303 261 959 189 67 156 1273 144 || mode=VB method=sk_ac_min solver=filo2 stage=post_ls ls=pyvrp iter=17
2026-03-16 01:33:54 | INFO     | [POOL #02797] 1280 770 941 1353 1049 404 1279 || mode=VB method=sk_ac_min solver=filo2 stage=post_ls ls=pyvrp iter=17
2026-03-16 01:33:54 | INFO     | [POOL #02798] 265 489 664 363 136 484 184 1270 || mode=VB method=sk_ac_min solver=filo2 stage=post_ls ls=pyvrp iter=17
2026-03-16 01:33:54 | INFO     | [POOL #02799] 431 721 1268 || mode=VB method=sk_ac_min solver=filo2 stage=post_ls ls=pyvrp iter=17
2026-03-16 01:33:54 | INFO     | [POOL #02800] 307 490 398 717 || mode=VB method=sk_ac_min solver=filo2 stage=post_ls ls=pyvrp iter=17
2026-03-16 01:33:54 | INFO     | [POOL #02801] 573 750 754 428 1241 1294 18 1065 898 1193 141 1147 || mode=VB method=sk_ac_min solver=filo2 stage=post_ls ls=pyvrp iter=17
2026-03-16 01:33:54 | INFO     | [POOL #02802] 166 1091 434 927 325 1043 1077 || mode=VB method=sk_ac_min solver=filo2 stage=post_ls ls=pyvrp iter=17
2026-03-16 01:33:54 | INFO     | [POOL #02803] 222 418 619 1364 1145 || mode=VB method=sk_ac_min solver=filo2 stage=post_ls ls=pyvrp iter=17
2026-03-16 01:33:54 | INFO     | [POOL #02804] 276 655 1359 832 44 || mode=VB method=sk_ac_min solver=filo2 stage=post_ls ls=pyvrp iter=17
2026-03-16 01:33:54 | INFO     | [POOL #02805] 1058 1308 1358 708 || mode=VB method=sk_ac_min solver=filo2 stage=post_ls ls=pyvrp iter=17
2026-03-16 01:33:54 | INFO     | [POOL #02806] 192 238 981 || mode=VB method=sk_ac_min solver=filo2 stage=post_ls ls=pyvrp iter=17
2026-03-16 01:33:54 | INFO     | [POOL #02807] 546 1232 1233 || mode=VB method=sk_ac_min solver=filo2 stage=post_ls ls=pyvrp iter=17
2026-03-16 01:33:54 | INFO     | [POOL #02808] 1348 127 175 364 || mode=VB method=sk_ac_min solver=filo2 stage=post_ls ls=pyvrp iter=17
2026-03-16 01:33:54 | INFO     | [POOL #02809] 719 1042 452 918 1177 303 1093 670 438 || mode=VB method=sk_ac_min solver=filo2 stage=post_ls ls=pyvrp iter=17
2026-03-16 01:33:54 | INFO     | [POOL #02810] 1068 756 960 733 354 323 390 330 || mode=VB method=sk_ac_min solver=filo2 stage=post_ls ls=pyvrp iter=17
2026-03-16 01:33:54 | INFO     | [POOL #02811] 77 1199 432 61 979 1198 533 || mode=VB method=sk_ac_min solver=filo2 stage=post_ls ls=pyvrp iter=17
2026-03-16 01:33:54 | INFO     | [POOL #02812] 1150 1000 722 443 917 || mode=VB method=sk_ac_min solver=filo2 stage=post_ls ls=pyvrp iter=17
2026-03-16 01:33:54 | INFO     | [POOL #02813] 437 54 648 283 605 1072 497 || mode=VB method=sk_ac_min solver=filo2 stage=post_ls ls=pyvrp iter=17
2026-03-16 01:33:54 | INFO     | [POOL #02814] 1336 1238 554 603 || mode=VB method=sk_ac_min solver=filo2 stage=post_ls ls=pyvrp iter=17
2026-03-16 01:33:54 | INFO     | [POOL #02815] 318 1195 1146 456 902 1243 308 1256 1234 || mode=VB method=sk_ac_min solver=filo2 stage=post_ls ls=pyvrp iter=17
2026-03-16 01:33:54 | INFO     | [POOL #02816] 1178 406 735 724 123 1141 293 100 610 || mode=VB method=sk_ac_min solver=filo2 stage=post_ls ls=pyvrp iter=17
2026-03-16 01:33:54 | INFO     | [POOL #02817] 906 1216 562 || mode=VB method=sk_ac_min solver=filo2 stage=post_ls ls=pyvrp iter=17
2026-03-16 01:33:54 | INFO     | [POOL #02818] 65 767 147 681 555 247 1264 1108 269 153 1166 || mode=VB method=sk_ac_min solver=filo2 stage=post_ls ls=pyvrp iter=17
2026-03-16 01:33:54 | INFO     | [POOL #02819] 140 645 1266 627 892 556 149 216 1251 || mode=VB method=sk_ac_min solver=filo2 stage=post_ls ls=pyvrp iter=17
2026-03-16 01:33:54 | INFO     | [POOL #02820] 715 279 129 516 1181 1010 970 39 || mode=VB method=sk_ac_min solver=filo2 stage=post_ls ls=pyvrp iter=17
2026-03-16 01:33:54 | INFO     | [POOL #02821] 179 163 958 || mode=VB method=sk_ac_min solver=filo2 stage=post_ls ls=pyvrp iter=17
2026-03-16 01:33:54 | INFO     | [POOL #02822] 705 1253 538 1339 924 || mode=VB method=sk_ac_min solver=filo2 stage=post_ls ls=pyvrp iter=17
2026-03-16 01:33:54 | INFO     | [POOL #02823] 117 1046 25 665 1343 1291 327 177 || mode=VB method=sk_ac_min solver=filo2 stage=post_ls ls=pyvrp iter=17
2026-03-16 01:33:54 | INFO     | [POOL #02824] 827 1239 58 793 1246 1167 1204 491 1201 56 || mode=VB method=sk_ac_min solver=filo2 stage=post_ls ls=pyvrp iter=17
2026-03-16 01:33:54 | INFO     | [POOL #02825] 1217 352 951 1095 1003 157 142 560 828 937 1122 || mode=VB method=sk_ac_min solver=filo2 stage=post_ls ls=pyvrp iter=17
2026-03-16 01:33:54 | INFO     | [POOL #02826] 231 553 967 427 784 287 369 1361 984 965 || mode=VB method=sk_ac_min solver=filo2 stage=post_ls ls=pyvrp iter=17
2026-03-16 01:33:54 | INFO     | [POOL #02827] 108 935 1142 3 181 161 391 738 104 829 178 1357 889 || mode=VB method=sk_ac_min solver=filo2 stage=post_ls ls=pyvrp iter=17
2026-03-16 01:33:54 | INFO     | [POOL #02828] 425 1304 273 119 || mode=VB method=sk_ac_min solver=filo2 stage=post_ls ls=pyvrp iter=17
2026-03-16 01:33:54 | INFO     | [POOL #02829] 75 764 768 713 1299 442 333 134 243 || mode=VB method=sk_ac_min solver=filo2 stage=post_ls ls=pyvrp iter=17
2026-03-16 01:33:54 | INFO     | [POOL #02830] 316 521 509 1067 355 || mode=VB method=sk_ac_min solver=filo2 stage=post_ls ls=pyvrp iter=17
2026-03-16 01:33:54 | INFO     | [POOL #02831] 414 1059 68 1321 1027 795 394 1048 851 972 95 1045 || mode=VB method=sk_ac_min solver=filo2 stage=post_ls ls=pyvrp iter=17
2026-03-16 01:33:54 | INFO     | [POOL #02832] 1255 511 234 || mode=VB method=sk_ac_min solver=filo2 stage=post_ls ls=pyvrp iter=17
2026-03-16 01:33:54 | INFO     | [POOL #02833] 1319 1121 1346 752 284 1260 707 1214 || mode=VB method=sk_ac_min solver=filo2 stage=post_ls ls=pyvrp iter=17
2026-03-16 01:33:54 | INFO     | [POOL #02834] 148 146 413 1030 296 1191 982 430 393 565 1171 || mode=VB method=sk_ac_min solver=filo2 stage=post_ls ls=pyvrp iter=17
2026-03-16 01:33:54 | INFO     | [POOL #02835] 801 211 873 874 883 966 1322 621 549 903 90 || mode=VB method=sk_ac_min solver=filo2 stage=post_ls ls=pyvrp iter=17
2026-03-16 01:33:54 | INFO     | [POOL #02836] 806 193 1016 1341 463 524 1305 422 || mode=VB method=sk_ac_min solver=filo2 stage=post_ls ls=pyvrp iter=17
2026-03-16 01:33:54 | INFO     | [POOL #02837] 482 845 890 676 295 126 544 1284 545 91 780 || mode=VB method=sk_ac_min solver=filo2 stage=post_ls ls=pyvrp iter=17
2026-03-16 01:33:54 | INFO     | [POOL #02838] 196 504 197 872 815 || mode=VB method=sk_ac_min solver=filo2 stage=post_ls ls=pyvrp iter=17
2026-03-16 01:33:54 | INFO     | [POOL #02839] 939 519 1053 174 1034 277 229 476 837 || mode=VB method=sk_ac_min solver=filo2 stage=post_ls ls=pyvrp iter=17
2026-03-16 01:33:54 | INFO     | [POOL #02840] 945 978 991 500 976 || mode=VB method=sk_ac_min solver=filo2 stage=post_ls ls=pyvrp iter=17
2026-03-16 01:33:54 | INFO     | [POOL #02841] 1052 601 305 1054 66 || mode=VB method=sk_ac_min solver=filo2 stage=post_ls ls=pyvrp iter=17
2026-03-16 01:33:54 | INFO     | [POOL #02842] 326 745 1158 1247 351 885 998 971 1163 272 || mode=VB method=sk_ac_min solver=filo2 stage=post_ls ls=pyvrp iter=17
2026-03-16 01:33:54 | INFO     | [POOL #02843] 669 92 299 604 1088 1316 298 486 113 || mode=VB method=sk_ac_min solver=filo2 stage=post_ls ls=pyvrp iter=17
2026-03-16 01:33:54 | INFO     | [POOL #02844] 69 1165 319 1252 481 360 1009 881 350 863 || mode=VB method=sk_ac_min solver=filo2 stage=post_ls ls=pyvrp iter=17
2026-03-16 01:33:54 | INFO     | [POOL #02845] 1222 631 240 1372 57 946 448 593 1084 13 || mode=VB method=sk_ac_min solver=filo2 stage=post_ls ls=pyvrp iter=17
2026-03-16 01:33:54 | INFO     | [POOL #02846] 19 205 1012 678 441 530 788 834 542 1226 1265 1225 || mode=VB method=sk_ac_min solver=filo2 stage=post_ls ls=pyvrp iter=17
2026-03-16 01:33:54 | INFO     | [POOL #02847] 996 1373 402 977 566 1309 912 956 32 186 1060 || mode=VB method=sk_ac_min solver=filo2 stage=post_ls ls=pyvrp iter=17
2026-03-16 01:33:54 | INFO     | [POOL #02848] 743 689 673 419 1169 1219 || mode=VB method=sk_ac_min solver=filo2 stage=post_ls ls=pyvrp iter=17
2026-03-16 01:33:54 | INFO     | [POOL #02849] 952 1090 286 1274 154 1212 1221 1287 475 493 1022 || mode=VB method=sk_ac_min solver=filo2 stage=post_ls ls=pyvrp iter=17
2026-03-16 01:33:54 | INFO     | [POOL #02850] 1269 690 1140 1 679 445 599 826 233 || mode=VB method=sk_ac_min solver=filo2 stage=post_ls ls=pyvrp iter=17
2026-03-16 01:33:54 | INFO     | [POOL #02851] 477 637 569 329 911 260 164 887 950 || mode=VB method=sk_ac_min solver=filo2 stage=post_ls ls=pyvrp iter=17
2026-03-16 01:33:54 | INFO     | [POOL #02852] 51 748 505 107 1209 807 796 || mode=VB method=sk_ac_min solver=filo2 stage=post_ls ls=pyvrp iter=17
2026-03-16 01:33:54 | INFO     | [POOL #02853] 98 539 340 347 1188 421 644 860 1185 281 353 1050 515 1192 1013 479 || mode=VB method=sk_ac_min solver=filo2 stage=post_ls ls=pyvrp iter=17
2026-03-16 01:33:54 | INFO     | [POOL #02854] 1120 1098 1228 267 94 195 781 191 686 420 494 1356 703 || mode=VB method=sk_ac_min solver=filo2 stage=post_ls ls=pyvrp iter=17
2026-03-16 01:33:54 | INFO     | [POOL #02855] 1031 488 1148 820 727 46 878 720 1333 612 || mode=VB method=sk_ac_min solver=filo2 stage=post_ls ls=pyvrp iter=17
2026-03-16 01:33:54 | INFO     | [POOL #02856] 1102 309 99 526 155 1302 453 1038 1036 || mode=VB method=sk_ac_min solver=filo2 stage=post_ls ls=pyvrp iter=17
2026-03-16 01:33:54 | INFO     | [POOL #02857] 809 245 567 955 27 574 904 462 771 206 259 47 || mode=VB method=sk_ac_min solver=filo2 stage=post_ls ls=pyvrp iter=17
2026-03-16 01:33:54 | INFO     | [POOL #02858] 1314 341 657 625 736 435 1125 948 570 508 1164 207 || mode=VB method=sk_ac_min solver=filo2 stage=post_ls ls=pyvrp iter=17
2026-03-16 01:33:54 | INFO     | [POOL #02859] 696 813 726 763 457 613 436 306 901 1055 139 84 || mode=VB method=sk_ac_min solver=filo2 stage=post_ls ls=pyvrp iter=17
2026-03-16 01:33:54 | INFO     | [POOL #02860] 204 381 755 1130 512 253 450 || mode=VB method=sk_ac_min solver=filo2 stage=post_ls ls=pyvrp iter=17
2026-03-16 01:33:54 | INFO     | [POOL #02861] 699 866 288 36 1160 640 || mode=VB method=sk_ac_min solver=filo2 stage=post_ls ls=pyvrp iter=17
2026-03-16 01:33:54 | INFO     | [POOL #02862] 1315 528 865 23 256 897 1318 580 1282 158 343 || mode=VB method=sk_ac_min solver=filo2 stage=post_ls ls=pyvrp iter=17
2026-03-16 01:33:54 | INFO     | [POOL #02863] 241 622 1257 || mode=VB method=sk_ac_avg solver=filo1 stage=post_ls ls=pyvrp iter=18
2026-03-16 01:33:54 | INFO     | [POOL #02864] 687 280 548 || mode=VB method=sk_ac_avg solver=filo1 stage=post_ls ls=pyvrp iter=18
2026-03-16 01:33:54 | INFO     | [POOL #02865] 1283 757 960 1068 330 || mode=VB method=sk_ac_avg solver=filo1 stage=post_ls ls=pyvrp iter=18
2026-03-16 01:33:54 | INFO     | [POOL #02866] 140 452 918 39 767 1108 864 1115 || mode=VB method=sk_ac_avg solver=filo1 stage=post_ls ls=pyvrp iter=18
2026-03-16 01:33:54 | INFO     | [POOL #02867] 163 179 315 || mode=VB method=sk_ac_avg solver=filo1 stage=post_ls ls=pyvrp iter=18
2026-03-16 01:33:54 | INFO     | [POOL #02868] 410 958 1232 || mode=VB method=sk_ac_avg solver=filo1 stage=post_ls ls=pyvrp iter=18
2026-03-16 01:33:54 | INFO     | [POOL #02869] 114 1106 1259 || mode=VB method=sk_ac_avg solver=filo1 stage=post_ls ls=pyvrp iter=18
2026-03-16 01:33:54 | INFO     | [POOL #02870] 714 1025 636 || mode=VB method=sk_ac_avg solver=filo1 stage=post_ls ls=pyvrp iter=18
2026-03-16 01:33:54 | INFO     | [POOL #02871] 727 1071 913 1315 820 1148 703 || mode=VB method=sk_ac_avg solver=filo1 stage=post_ls ls=pyvrp iter=18
2026-03-16 01:33:54 | INFO     | [POOL #02872] 1293 1015 680 || mode=VB method=sk_ac_avg solver=filo1 stage=post_ls ls=pyvrp iter=18
2026-03-16 01:33:54 | INFO     | [POOL #02873] 204 1130 504 805 || mode=VB method=sk_ac_avg solver=filo1 stage=post_ls ls=pyvrp iter=18
2026-03-16 01:33:54 | INFO     | [POOL #02874] 518 289 1233 || mode=VB method=sk_ac_avg solver=filo1 stage=post_ls ls=pyvrp iter=18
2026-03-16 01:33:54 | INFO     | [POOL #02875] 329 260 1220 40 819 861 569 810 || mode=VB method=sk_ac_avg solver=filo1 stage=post_ls ls=pyvrp iter=18
2026-03-16 01:33:54 | INFO     | [POOL #02876] 970 1010 129 117 177 327 279 715 645 || mode=VB method=sk_ac_avg solver=filo1 stage=post_ls ls=pyvrp iter=18
2026-03-16 01:33:54 | INFO     | [POOL #02877] 343 1085 1359 506 655 648 283 605 1072 276 153 || mode=VB method=sk_ac_avg solver=filo1 stage=post_ls ls=pyvrp iter=18
2026-03-16 01:33:54 | INFO     | [POOL #02878] 1251 444 909 556 892 627 1266 || mode=VB method=sk_ac_avg solver=filo1 stage=post_ls ls=pyvrp iter=18
2026-03-16 01:33:54 | INFO     | [POOL #02879] 1070 925 137 705 || mode=VB method=sk_ac_avg solver=filo1 stage=post_ls ls=pyvrp iter=18
2026-03-16 01:33:54 | INFO     | [POOL #02880] 587 712 839 630 || mode=VB method=sk_ac_avg solver=filo1 stage=post_ls ls=pyvrp iter=18
2026-03-16 01:33:54 | INFO     | [POOL #02881] 409 218 1231 || mode=VB method=sk_ac_avg solver=filo1 stage=post_ls ls=pyvrp iter=18
2026-03-16 01:33:54 | INFO     | [POOL #02882] 534 957 93 || mode=VB method=sk_ac_avg solver=filo1 stage=post_ls ls=pyvrp iter=18
2026-03-16 01:33:54 | INFO     | [POOL #02883] 1120 194 1098 528 256 1228 267 686 420 494 1356 || mode=VB method=sk_ac_avg solver=filo1 stage=post_ls ls=pyvrp iter=18
2026-03-16 01:33:54 | INFO     | [POOL #02884] 354 806 1016 1305 422 733 323 || mode=VB method=sk_ac_avg solver=filo1 stage=post_ls ls=pyvrp iter=18
2026-03-16 01:33:54 | INFO     | [POOL #02885] 196 815 197 872 269 1166 512 || mode=VB method=sk_ac_avg solver=filo1 stage=post_ls ls=pyvrp iter=18
2026-03-16 01:33:54 | INFO     | [POOL #02886] 828 142 637 157 1003 1095 951 352 || mode=VB method=sk_ac_avg solver=filo1 stage=post_ls ls=pyvrp iter=18
2026-03-16 01:33:54 | INFO     | [POOL #02887] 1031 147 681 555 488 878 720 910 247 || mode=VB method=sk_ac_avg solver=filo1 stage=post_ls ls=pyvrp iter=18
2026-03-16 01:33:54 | INFO     | [POOL #02888] 192 483 802 884 || mode=VB method=sk_ac_avg solver=filo1 stage=post_ls ls=pyvrp iter=18
2026-03-16 01:33:54 | INFO     | [POOL #02889] 983 408 854 390 || mode=VB method=sk_ac_avg solver=filo1 stage=post_ls ls=pyvrp iter=18
2026-03-16 01:33:54 | INFO     | [POOL #02890] 752 998 885 227 351 1247 498 310 169 || mode=VB method=sk_ac_avg solver=filo1 stage=post_ls ls=pyvrp iter=18
2026-03-16 01:33:54 | INFO     | [POOL #02891] 30 882 379 975 || mode=VB method=sk_ac_avg solver=filo1 stage=post_ls ls=pyvrp iter=18
2026-03-16 01:33:54 | INFO     | [POOL #02892] 887 1046 25 665 1343 560 937 1122 216 || mode=VB method=sk_ac_avg solver=filo1 stage=post_ls ls=pyvrp iter=18
2026-03-16 01:33:54 | INFO     | [POOL #02893] 524 318 1180 14 361 244 1195 1341 || mode=VB method=sk_ac_avg solver=filo1 stage=post_ls ls=pyvrp iter=18
2026-03-16 01:33:54 | INFO     | [POOL #02894] 193 990 517 592 || mode=VB method=sk_ac_avg solver=filo1 stage=post_ls ls=pyvrp iter=18
2026-03-16 01:33:54 | INFO     | [POOL #02895] 1035 944 348 582 292 789 460 208 377 827 || mode=VB method=sk_ac_avg solver=filo1 stage=post_ls ls=pyvrp iter=18
2026-03-16 01:33:54 | INFO     | [POOL #02896] 1201 1204 1246 1167 525 294 1324 149 || mode=VB method=sk_ac_avg solver=filo1 stage=post_ls ls=pyvrp iter=18
2026-03-16 01:33:54 | INFO     | [POOL #02897] 697 877 1206 311 811 246 89 848 || mode=VB method=sk_ac_avg solver=filo1 stage=post_ls ls=pyvrp iter=18
2026-03-16 01:33:54 | INFO     | [POOL #02898] 212 855 58 1214 793 491 487 520 || mode=VB method=sk_ac_avg solver=filo1 stage=post_ls ls=pyvrp iter=18
2026-03-16 01:33:54 | INFO     | [POOL #02899] 463 1146 456 902 1243 1319 272 308 248 1234 || mode=VB method=sk_ac_avg solver=filo1 stage=post_ls ls=pyvrp iter=18
2026-03-16 01:33:54 | INFO     | [POOL #02900] 736 435 695 1155 617 595 532 477 || mode=VB method=sk_ac_avg solver=filo1 stage=post_ls ls=pyvrp iter=18
2026-03-16 01:33:54 | INFO     | [POOL #02901] 497 832 682 44 || mode=VB method=sk_ac_avg solver=filo1 stage=post_ls ls=pyvrp iter=18
2026-03-16 01:33:54 | INFO     | [POOL #02902] 577 232 776 657 790 625 614 816 825 56 || mode=VB method=sk_ac_avg solver=filo1 stage=post_ls ls=pyvrp iter=18
2026-03-16 01:33:54 | INFO     | [POOL #02903] 219 228 326 745 1346 1163 1121 1239 || mode=VB method=sk_ac_avg solver=filo1 stage=post_ls ls=pyvrp iter=18
2026-03-16 01:33:54 | INFO     | [POOL #02904] 164 667 1313 128 335 133 41 911 1291 || mode=VB method=sk_ac_avg solver=filo1 stage=post_ls ls=pyvrp iter=18
2026-03-16 01:33:54 | INFO     | [POOL #02905] 707 1260 284 207 423 758 187 606 575 568 || mode=VB method=sk_ac_avg solver=filo1 stage=post_ls ls=pyvrp iter=18
2026-03-16 01:33:54 | INFO     | [POOL #02906] 612 450 930 65 1093 303 1177 670 438 235 1042 719 || mode=VB method=sk_ac_avg solver=filo1 stage=post_ls ls=pyvrp iter=18
2026-03-16 01:33:54 | INFO     | [POOL #02907] 950 1249 224 1033 581 96 1275 908 772 629 43 295 544 || mode=VB method=sk_ac_avg solver=filo1 stage=post_ls ls=pyvrp iter=18
2026-03-16 01:33:54 | INFO     | [POOL #02908] 1019 1271 508 570 948 1125 535 766 167 850 868 || mode=VB method=sk_ac_avg solver=filo1 stage=post_ls ls=pyvrp iter=18
2026-03-16 01:33:54 | INFO     | [POOL #02909] 1264 1333 46 870 597 865 23 897 1318 580 1282 158 1189 || mode=VB method=sk_ac_avg solver=filo1 stage=post_ls ls=pyvrp iter=18
2026-03-16 01:33:54 | INFO     | [POOL #02910] 160 746 384 685 1278 337 341 1314 671 1217 || mode=VB method=sk_ac_avg solver=filo1 stage=post_ls ls=pyvrp iter=18
2026-03-16 01:33:54 | INFO     | [POOL #02911] 392 42 249 1159 1000 1160 || mode=VB method=sk_ac_avg solver=filo1 stage=post_ls ls=pyvrp iter=18
2026-03-16 01:33:54 | INFO     | [POOL #02912] 443 917 288 36 764 || mode=VB method=sk_ac_avg solver=filo1 stage=post_ls ls=pyvrp iter=18
2026-03-16 01:33:54 | INFO     | [POOL #02913] 75 768 713 1299 1183 699 || mode=VB method=sk_ac_avg solver=filo1 stage=post_ls ls=pyvrp iter=18
2026-03-16 01:33:54 | INFO     | [POOL #02914] 1227 862 947 || mode=VB method=sk_ac_avg solver=filo1 stage=post_ls ls=pyvrp iter=18
2026-03-16 01:33:54 | INFO     | [POOL #02915] 499 649 97 || mode=VB method=sk_ac_avg solver=filo1 stage=post_ls ls=pyvrp iter=18
2026-03-16 01:33:54 | INFO     | [POOL #02916] 1017 378 1096 395 || mode=VB method=sk_ac_avg solver=filo1 stage=post_ls ls=pyvrp iter=18
2026-03-16 01:33:54 | INFO     | [POOL #02917] 1270 484 1361 369 287 784 427 1084 13 || mode=VB method=sk_ac_avg solver=filo1 stage=post_ls ls=pyvrp iter=18
2026-03-16 01:33:54 | INFO     | [POOL #02918] 795 139 1055 901 298 61 1198 432 1199 || mode=VB method=sk_ac_avg solver=filo1 stage=post_ls ls=pyvrp iter=18
2026-03-16 01:33:54 | INFO     | [POOL #02919] 801 1372 240 574 904 462 771 || mode=VB method=sk_ac_avg solver=filo1 stage=post_ls ls=pyvrp iter=18
2026-03-16 01:33:54 | INFO     | [POOL #02920] 221 899 639 || mode=VB method=sk_ac_avg solver=filo1 stage=post_ls ls=pyvrp iter=18
2026-03-16 01:33:54 | INFO     | [POOL #02921] 312 131 919 || mode=VB method=sk_ac_avg solver=filo1 stage=post_ls ls=pyvrp iter=18
2026-03-16 01:33:54 | INFO     | [POOL #02922] 161 826 599 19 205 1012 678 441 530 788 834 223 || mode=VB method=sk_ac_avg solver=filo1 stage=post_ls ls=pyvrp iter=18
2026-03-16 01:33:54 | INFO     | [POOL #02923] 1149 1100 38 782 || mode=VB method=sk_ac_avg solver=filo1 stage=post_ls ls=pyvrp iter=18
2026-03-16 01:33:54 | INFO     | [POOL #02924] 684 1170 1238 || mode=VB method=sk_ac_avg solver=filo1 stage=post_ls ls=pyvrp iter=18
2026-03-16 01:33:54 | INFO     | [POOL #02925] 773 124 2 1049 || mode=VB method=sk_ac_avg solver=filo1 stage=post_ls ls=pyvrp iter=18
2026-03-16 01:33:54 | INFO     | [POOL #02926] 243 1060 186 566 977 912 573 402 1373 996 1150 640 || mode=VB method=sk_ac_avg solver=filo1 stage=post_ls ls=pyvrp iter=18
2026-03-16 01:33:54 | INFO     | [POOL #02927] 166 863 350 881 1009 360 481 1252 849 || mode=VB method=sk_ac_avg solver=filo1 stage=post_ls ls=pyvrp iter=18
2026-03-16 01:33:54 | INFO     | [POOL #02928] 69 1165 319 1274 154 1212 1221 1287 286 1090 796 500 || mode=VB method=sk_ac_avg solver=filo1 stage=post_ls ls=pyvrp iter=18
2026-03-16 01:33:54 | INFO     | [POOL #02929] 794 700 324 458 || mode=VB method=sk_ac_avg solver=filo1 stage=post_ls ls=pyvrp iter=18
2026-03-16 01:33:54 | INFO     | [POOL #02930] 576 198 1116 642 1147 376 226 935 474 108 || mode=VB method=sk_ac_avg solver=filo1 stage=post_ls ls=pyvrp iter=18
2026-03-16 01:33:54 | INFO     | [POOL #02931] 151 1280 967 136 363 664 489 265 || mode=VB method=sk_ac_avg solver=filo1 stage=post_ls ls=pyvrp iter=18
2026-03-16 01:33:54 | INFO     | [POOL #02932] 1219 1169 4 673 743 632 1052 || mode=VB method=sk_ac_avg solver=filo1 stage=post_ls ls=pyvrp iter=18
2026-03-16 01:33:54 | INFO     | [POOL #02933] 47 857 459 662 824 656 1223 || mode=VB method=sk_ac_avg solver=filo1 stage=post_ls ls=pyvrp iter=18
2026-03-16 01:33:54 | INFO     | [POOL #02934] 770 941 1353 134 333 442 716 393 148 565 1171 553 || mode=VB method=sk_ac_avg solver=filo1 stage=post_ls ls=pyvrp iter=18
2026-03-16 01:33:54 | INFO     | [POOL #02935] 1222 984 1036 631 593 1030 296 1191 982 413 146 98 1225 || mode=VB method=sk_ac_avg solver=filo1 stage=post_ls ls=pyvrp iter=18
2026-03-16 01:33:54 | INFO     | [POOL #02936] 1344 1371 1105 || mode=VB method=sk_ac_avg solver=filo1 stage=post_ls ls=pyvrp iter=18
2026-03-16 01:33:54 | INFO     | [POOL #02937] 856 57 946 448 1226 1357 178 738 391 889 231 || mode=VB method=sk_ac_avg solver=filo1 stage=post_ls ls=pyvrp iter=18
2026-03-16 01:33:54 | INFO     | [POOL #02938] 938 254 739 || mode=VB method=sk_ac_avg solver=filo1 stage=post_ls ls=pyvrp iter=18
2026-03-16 01:33:54 | INFO     | [POOL #02939] 84 309 955 613 549 621 1322 966 883 874 873 1192 211 || mode=VB method=sk_ac_avg solver=filo1 stage=post_ls ls=pyvrp iter=18
2026-03-16 01:33:54 | INFO     | [POOL #02940] 419 976 724 735 831 123 989 1138 || mode=VB method=sk_ac_avg solver=filo1 stage=post_ls ls=pyvrp iter=18
2026-03-16 01:33:54 | INFO     | [POOL #02941] 1038 453 259 206 155 567 526 245 809 || mode=VB method=sk_ac_avg solver=filo1 stage=post_ls ls=pyvrp iter=18
2026-03-16 01:33:54 | INFO     | [POOL #02942] 1265 542 1236 1285 641 255 322 894 762 || mode=VB method=sk_ac_avg solver=filo1 stage=post_ls ls=pyvrp iter=18
2026-03-16 01:33:54 | INFO     | [POOL #02943] 1302 813 27 726 763 457 436 306 90 979 486 77 113 || mode=VB method=sk_ac_avg solver=filo1 stage=post_ls ls=pyvrp iter=18
2026-03-16 01:33:54 | INFO     | [POOL #02944] 430 1142 3 141 1193 690 898 1065 1294 18 1269 32 956 1309 || mode=VB method=sk_ac_avg solver=filo1 stage=post_ls ls=pyvrp iter=18
2026-03-16 01:33:54 | INFO     | [POOL #02945] 414 696 1059 68 1321 99 1027 394 1048 851 1102 || mode=VB method=sk_ac_avg solver=filo1 stage=post_ls ls=pyvrp iter=18
2026-03-16 01:33:54 | INFO     | [POOL #02946] 722 334 87 17 428 1241 754 750 638 464 || mode=VB method=sk_ac_avg solver=filo1 stage=post_ls ls=pyvrp iter=18
2026-03-16 01:33:54 | INFO     | [POOL #02947] 965 184 610 100 293 1141 406 1178 689 || mode=VB method=sk_ac_avg solver=filo1 stage=post_ls ls=pyvrp iter=18
2026-03-16 01:33:54 | INFO     | [POOL #02948] 397 371 1312 972 954 1020 95 1045 || mode=VB method=sk_ac_avg solver=filo1 stage=post_ls ls=pyvrp iter=18
2026-03-16 01:33:54 | INFO     | [POOL #02949] 1202 1205 1144 || mode=VB method=sk_ac_avg solver=filo1 stage=post_ls ls=pyvrp iter=18
2026-03-16 01:33:54 | INFO     | [POOL #02950] 596 702 785 || mode=VB method=sk_ac_avg solver=filo1 stage=post_ls ls=pyvrp iter=18
2026-03-16 01:33:54 | INFO     | [POOL #02951] 502 1110 915 291 || mode=VB method=sk_ac_avg solver=filo1 stage=post_ls ls=pyvrp iter=18
2026-03-16 01:33:55 | INFO     | [POOL #02952] 550 1134 405 || mode=VB method=sk_ac_avg solver=filo1 stage=post_ls ls=pyvrp iter=18
2026-03-16 01:33:55 | INFO     | [POOL #02953] 495 268 1174 || mode=VB method=sk_ac_avg solver=filo1 stage=post_ls ls=pyvrp iter=18
2026-03-16 01:33:55 | INFO     | [POOL #02954] 893 1255 511 || mode=VB method=sk_ac_avg solver=filo1 stage=post_ls ls=pyvrp iter=18
2026-03-16 01:33:55 | INFO     | [POOL #02955] 345 602 1358 708 || mode=VB method=sk_ac_avg solver=filo1 stage=post_ls ls=pyvrp iter=18
2026-03-16 01:33:55 | INFO     | [POOL #02956] 1154 1250 121 || mode=VB method=sk_ac_avg solver=filo1 stage=post_ls ls=pyvrp iter=18
2026-03-16 01:33:55 | INFO     | [POOL #02957] 1044 725 127 386 || mode=VB method=sk_ac_avg solver=filo1 stage=post_ls ls=pyvrp iter=18
2026-03-16 01:33:55 | INFO     | [POOL #02958] 152 1129 383 || mode=VB method=sk_ac_avg solver=filo1 stage=post_ls ls=pyvrp iter=18
2026-03-16 01:33:55 | INFO     | [POOL #02959] 64 396 985 || mode=VB method=sk_ac_avg solver=filo1 stage=post_ls ls=pyvrp iter=18
2026-03-16 01:33:55 | INFO     | [POOL #02960] 1073 1288 572 || mode=VB method=sk_ac_avg solver=filo1 stage=post_ls ls=pyvrp iter=18
2026-03-16 01:33:55 | INFO     | [POOL #02961] 600 50 290 || mode=VB method=sk_ac_avg solver=filo1 stage=post_ls ls=pyvrp iter=18
2026-03-16 01:33:55 | INFO     | [POOL #02962] 1058 401 1267 || mode=VB method=sk_ac_avg solver=filo1 stage=post_ls ls=pyvrp iter=18
2026-03-16 01:33:55 | INFO     | [POOL #02963] 906 688 1368 || mode=VB method=sk_ac_avg solver=filo1 stage=post_ls ls=pyvrp iter=18
2026-03-16 01:33:55 | INFO     | [POOL #02964] 706 1149 221 || mode=SCP method=gurobi_mip solver=UNKNOWN stage=scp_post_ls ls=N/A iter=18
2026-03-16 01:33:55 | INFO     | [POOL #02965] 33 349 947 || mode=SCP method=gurobi_mip solver=UNKNOWN stage=scp_post_ls ls=N/A iter=18
2026-03-16 01:33:55 | INFO     | [POOL #02966] 647 83 162 || mode=SCP method=gurobi_mip solver=UNKNOWN stage=scp_post_ls ls=N/A iter=18
2026-03-16 01:33:55 | INFO     | [POOL #02967] 270 1187 1118 || mode=VB method=sk_ac_min solver=filo2 stage=post_ls ls=pyvrp iter=19
2026-03-16 01:33:55 | INFO     | [POOL #02968] 773 349 162 || mode=VB method=sk_ac_min solver=filo2 stage=post_ls ls=pyvrp iter=19
2026-03-16 01:33:55 | INFO     | [POOL #02969] 882 1215 701 || mode=VB method=sk_ac_min solver=filo2 stage=post_ls ls=pyvrp iter=19
2026-03-16 01:33:55 | INFO     | [POOL #02970] 461 1047 175 || mode=VB method=sk_ac_min solver=filo2 stage=post_ls ls=pyvrp iter=19
2026-03-16 01:33:55 | INFO     | [POOL #02971] 415 193 806 354 323 || mode=VB method=sk_ac_min solver=filo2 stage=post_ls ls=pyvrp iter=19
2026-03-16 01:33:55 | INFO     | [POOL #02972] 359 48 109 || mode=VB method=sk_ac_min solver=filo2 stage=post_ls ls=pyvrp iter=19
2026-03-16 01:33:55 | INFO     | [POOL #02973] 1096 451 97 || mode=VB method=sk_ac_min solver=filo2 stage=post_ls ls=pyvrp iter=19
2026-03-16 01:33:55 | INFO     | [POOL #02974] 521 355 953 1244 || mode=VB method=sk_ac_min solver=filo2 stage=post_ls ls=pyvrp iter=19
2026-03-16 01:33:55 | INFO     | [POOL #02975] 548 280 331 || mode=VB method=sk_ac_min solver=filo2 stage=post_ls ls=pyvrp iter=19
2026-03-16 01:33:55 | INFO     | [POOL #02976] 543 1179 439 || mode=VB method=sk_ac_min solver=filo2 stage=post_ls ls=pyvrp iter=19
2026-03-16 01:33:55 | INFO     | [POOL #02977] 969 586 649 124 || mode=VB method=sk_ac_min solver=filo2 stage=post_ls ls=pyvrp iter=19
2026-03-16 01:33:55 | INFO     | [POOL #02978] 1163 1346 971 998 752 284 1260 707 793 || mode=VB method=sk_ac_min solver=filo2 stage=post_ls ls=pyvrp iter=19
2026-03-16 01:33:55 | INFO     | [POOL #02979] 652 1207 687 || mode=VB method=sk_ac_min solver=filo2 stage=post_ls ls=pyvrp iter=19
2026-03-16 01:33:55 | INFO     | [POOL #02980] 443 722 916 37 || mode=VB method=sk_ac_min solver=filo2 stage=post_ls ls=pyvrp iter=19
2026-03-16 01:33:55 | INFO     | [POOL #02981] 28 1370 499 || mode=VB method=sk_ac_min solver=filo2 stage=post_ls ls=pyvrp iter=19
2026-03-16 01:33:55 | INFO     | [POOL #02982] 1044 297 237 1129 || mode=VB method=sk_ac_min solver=filo2 stage=post_ls ls=pyvrp iter=19
2026-03-16 01:33:55 | INFO     | [POOL #02983] 733 76 792 536 || mode=VB method=sk_ac_min solver=filo2 stage=post_ls ls=pyvrp iter=19
2026-03-16 01:33:55 | INFO     | [POOL #02984] 965 1270 984 1361 369 287 784 427 1084 13 231 || mode=VB method=sk_ac_min solver=filo2 stage=post_ls ls=pyvrp iter=19
2026-03-16 01:33:55 | INFO     | [POOL #02985] 243 1049 764 333 134 1353 941 770 1280 || mode=VB method=sk_ac_min solver=filo2 stage=post_ls ls=pyvrp iter=19
2026-03-16 01:33:55 | INFO     | [POOL #02986] 1194 1067 509 476 107 || mode=VB method=sk_ac_min solver=filo2 stage=post_ls ls=pyvrp iter=19
2026-03-16 01:33:55 | INFO     | [POOL #02987] 1217 444 909 149 216 892 627 1266 || mode=VB method=sk_ac_min solver=filo2 stage=post_ls ls=pyvrp iter=19
2026-03-16 01:33:55 | INFO     | [POOL #02988] 75 1227 862 418 || mode=VB method=sk_ac_min solver=filo2 stage=post_ls ls=pyvrp iter=19
2026-03-16 01:33:55 | INFO     | [POOL #02989] 44 832 682 1085 || mode=VB method=sk_ac_min solver=filo2 stage=post_ls ls=pyvrp iter=19
2026-03-16 01:33:55 | INFO     | [POOL #02990] 1170 684 1211 || mode=VB method=sk_ac_min solver=filo2 stage=post_ls ls=pyvrp iter=19
2026-03-16 01:33:55 | INFO     | [POOL #02991] 743 673 419 976 1178 689 100 610 || mode=VB method=sk_ac_min solver=filo2 stage=post_ls ls=pyvrp iter=19
2026-03-16 01:33:55 | INFO     | [POOL #02992] 967 824 593 631 1038 1036 656 1223 || mode=VB method=sk_ac_min solver=filo2 stage=post_ls ls=pyvrp iter=19
2026-03-16 01:33:55 | INFO     | [POOL #02993] 1309 956 32 1269 690 1140 1 679 445 599 161 3 1142 || mode=VB method=sk_ac_min solver=filo2 stage=post_ls ls=pyvrp iter=19
2026-03-16 01:33:55 | INFO     | [POOL #02994] 568 746 384 187 685 1278 337 341 491 || mode=VB method=sk_ac_min solver=filo2 stage=post_ls ls=pyvrp iter=19
2026-03-16 01:33:55 | INFO     | [POOL #02995] 609 1350 1258 314 || mode=VB method=sk_ac_min solver=filo2 stage=post_ls ls=pyvrp iter=19
2026-03-16 01:33:55 | INFO     | [POOL #02996] 1220 532 697 128 335 133 41 || mode=VB method=sk_ac_min solver=filo2 stage=post_ls ls=pyvrp iter=19
2026-03-16 01:33:55 | INFO     | [POOL #02997] 1238 888 20 554 || mode=VB method=sk_ac_min solver=filo2 stage=post_ls ls=pyvrp iter=19
2026-03-16 01:33:55 | INFO     | [POOL #02998] 1171 565 148 857 98 662 459 393 716 442 || mode=VB method=sk_ac_min solver=filo2 stage=post_ls ls=pyvrp iter=19
2026-03-16 01:33:55 | INFO     | [POOL #02999] 868 850 766 695 1155 617 595 40 477 || mode=VB method=sk_ac_min solver=filo2 stage=post_ls ls=pyvrp iter=19
2026-03-16 01:33:55 | INFO     | [POOL #03000] 1160 1373 573 750 754 428 1241 1294 18 1065 898 1193 141 || mode=VB method=sk_ac_min solver=filo2 stage=post_ls ls=pyvrp iter=19
2026-03-16 01:33:55 | INFO     | [POOL #03001] 268 783 646 || mode=VB method=sk_ac_min solver=filo2 stage=post_ls ls=pyvrp iter=19
2026-03-16 01:33:55 | INFO     | [POOL #03002] 294 352 951 1095 1003 157 637 || mode=VB method=sk_ac_min solver=filo2 stage=post_ls ls=pyvrp iter=19
2026-03-16 01:33:55 | INFO     | [POOL #03003] 219 326 1247 351 227 514 900 885 1158 745 248 || mode=VB method=sk_ac_min solver=filo2 stage=post_ls ls=pyvrp iter=19
2026-03-16 01:33:55 | INFO     | [POOL #03004] 918 39 970 1010 1177 303 1093 65 || mode=VB method=sk_ac_min solver=filo2 stage=post_ls ls=pyvrp iter=19
2026-03-16 01:33:55 | INFO     | [POOL #03005] 856 762 894 322 255 641 1285 1236 542 || mode=VB method=sk_ac_min solver=filo2 stage=post_ls ls=pyvrp iter=19
2026-03-16 01:33:55 | INFO     | [POOL #03006] 192 714 238 || mode=VB method=sk_ac_min solver=filo2 stage=post_ls ls=pyvrp iter=19
2026-03-16 01:33:55 | INFO     | [POOL #03007] 946 57 1372 240 801 771 259 453 1222 || mode=VB method=sk_ac_min solver=filo2 stage=post_ls ls=pyvrp iter=19
2026-03-16 01:33:55 | INFO     | [POOL #03008] 1000 996 402 912 977 566 186 1060 1150 || mode=VB method=sk_ac_min solver=filo2 stage=post_ls ls=pyvrp iter=19
2026-03-16 01:33:55 | INFO     | [POOL #03009] 253 864 1166 153 269 247 681 767 1161 || mode=VB method=sk_ac_min solver=filo2 stage=post_ls ls=pyvrp iter=19
2026-03-16 01:33:55 | INFO     | [POOL #03010] 989 371 1312 1102 394 1048 851 113 397 || mode=VB method=sk_ac_min solver=filo2 stage=post_ls ls=pyvrp iter=19
2026-03-16 01:33:55 | INFO     | [POOL #03011] 146 413 1030 296 889 178 1357 1226 448 1265 223 1225 47 || mode=VB method=sk_ac_min solver=filo2 stage=post_ls ls=pyvrp iter=19
2026-03-16 01:33:55 | INFO     | [POOL #03012] 1020 1303 261 1133 959 189 67 69 144 || mode=VB method=sk_ac_min solver=filo2 stage=post_ls ls=pyvrp iter=19
2026-03-16 01:33:55 | INFO     | [POOL #03013] 181 233 826 104 738 391 1191 982 430 || mode=VB method=sk_ac_min solver=filo2 stage=post_ls ls=pyvrp iter=19
2026-03-16 01:33:55 | INFO     | [POOL #03014] 837 611 939 505 748 51 || mode=VB method=sk_ac_min solver=filo2 stage=post_ls ls=pyvrp iter=19
2026-03-16 01:33:55 | INFO     | [POOL #03015] 142 810 569 861 819 329 911 260 1343 || mode=VB method=sk_ac_min solver=filo2 stage=post_ls ls=pyvrp iter=19
2026-03-16 01:33:55 | INFO     | [POOL #03016] 1273 156 316 1304 991 119 || mode=VB method=sk_ac_min solver=filo2 stage=post_ls ls=pyvrp iter=19
2026-03-16 01:33:55 | INFO     | [POOL #03017] 506 1359 655 648 283 605 1072 276 497 196 204 || mode=VB method=sk_ac_min solver=filo2 stage=post_ls ls=pyvrp iter=19
2026-03-16 01:33:55 | INFO     | [POOL #03018] 1165 319 154 1212 1221 1287 286 1090 952 || mode=VB method=sk_ac_min solver=filo2 stage=post_ls ls=pyvrp iter=19
2026-03-16 01:33:55 | INFO     | [POOL #03019] 500 796 849 407 807 1296 403 273 || mode=VB method=sk_ac_min solver=filo2 stage=post_ls ls=pyvrp iter=19
2026-03-16 01:33:55 | INFO     | [POOL #03020] 815 504 1130 188 || mode=VB method=sk_ac_min solver=filo2 stage=post_ls ls=pyvrp iter=19
2026-03-16 01:33:55 | INFO     | [POOL #03021] 277 229 1034 174 1053 475 519 493 1209 1022 || mode=VB method=sk_ac_min solver=filo2 stage=post_ls ls=pyvrp iter=19
2026-03-16 01:33:55 | INFO     | [POOL #03022] 90 604 1088 1316 903 436 306 901 1055 84 || mode=VB method=sk_ac_min solver=filo2 stage=post_ls ls=pyvrp iter=19
2026-03-16 01:33:55 | INFO     | [POOL #03023] 1120 1098 267 1228 256 897 23 528 865 870 343 || mode=VB method=sk_ac_min solver=filo2 stage=post_ls ls=pyvrp iter=19
2026-03-16 01:33:55 | INFO     | [POOL #03024] 58 1214 160 423 207 758 575 1019 1246 1204 || mode=VB method=sk_ac_min solver=filo2 stage=post_ls ls=pyvrp iter=19
2026-03-16 01:33:55 | INFO     | [POOL #03025] 1033 581 11 1157 43 629 772 908 1275 96 667 164 || mode=VB method=sk_ac_min solver=filo2 stage=post_ls ls=pyvrp iter=19
2026-03-16 01:33:55 | INFO     | [POOL #03026] 399 1274 1252 481 360 1009 669 881 350 863 || mode=VB method=sk_ac_min solver=filo2 stage=post_ls ls=pyvrp iter=19
2026-03-16 01:33:55 | INFO     | [POOL #03027] 954 77 434 533 432 1199 486 1027 309 || mode=VB method=sk_ac_min solver=filo2 stage=post_ls ls=pyvrp iter=19
2026-03-16 01:33:55 | INFO     | [POOL #03028] 827 1146 855 487 56 212 244 361 14 || mode=VB method=sk_ac_min solver=filo2 stage=post_ls ls=pyvrp iter=19
2026-03-16 01:33:55 | INFO     | [POOL #03029] 1016 1341 463 1195 1180 520 318 1305 422 || mode=VB method=sk_ac_min solver=filo2 stage=post_ls ls=pyvrp iter=19
2026-03-16 01:33:55 | INFO     | [POOL #03030] 414 809 1302 813 27 457 763 726 574 904 462 206 || mode=VB method=sk_ac_min solver=filo2 stage=post_ls ls=pyvrp iter=19
2026-03-16 01:33:55 | INFO     | [POOL #03031] 1253 902 1243 308 272 1319 1121 1239 456 524 || mode=VB method=sk_ac_min solver=filo2 stage=post_ls ls=pyvrp iter=19
2026-03-16 01:33:55 | INFO     | [POOL #03032] 645 715 279 327 177 117 516 1181 || mode=VB method=sk_ac_min solver=filo2 stage=post_ls ls=pyvrp iter=19
2026-03-16 01:33:55 | INFO     | [POOL #03033] 950 129 1249 224 887 1046 25 665 1291 560 828 937 || mode=VB method=sk_ac_min solver=filo2 stage=post_ls ls=pyvrp iter=19
2026-03-16 01:33:55 | INFO     | [POOL #03034] 670 1031 147 555 878 720 910 1264 1108 || mode=VB method=sk_ac_min solver=filo2 stage=post_ls ls=pyvrp iter=19
2026-03-16 01:33:55 | INFO     | [POOL #03035] 727 1071 1189 158 1282 580 1318 597 1333 1115 930 || mode=VB method=sk_ac_min solver=filo2 stage=post_ls ls=pyvrp iter=19
2026-03-16 01:33:55 | INFO     | [POOL #03036] 488 1148 820 1315 194 913 46 || mode=VB method=sk_ac_min solver=filo2 stage=post_ls ls=pyvrp iter=19
2026-03-16 01:33:55 | INFO     | [POOL #03037] 612 450 468 1196 26 381 755 || mode=VB method=sk_ac_min solver=filo2 stage=post_ls ls=pyvrp iter=19
2026-03-16 01:33:55 | INFO     | [POOL #03038] 606 1271 508 570 948 1125 535 167 776 232 577 || mode=VB method=sk_ac_min solver=filo2 stage=post_ls ls=pyvrp iter=19
2026-03-16 01:33:55 | INFO     | [POOL #03039] 1314 657 790 625 435 736 614 816 825 1201 || mode=VB method=sk_ac_min solver=filo2 stage=post_ls ls=pyvrp iter=19
2026-03-16 01:33:55 | INFO     | [POOL #03040] 1251 556 1122 1324 525 671 1167 || mode=VB method=sk_ac_min solver=filo2 stage=post_ls ls=pyvrp iter=19
2026-03-16 01:33:55 | INFO     | [POOL #03041] 95 1198 92 299 979 298 61 795 || mode=VB method=sk_ac_min solver=filo2 stage=post_ls ls=pyvrp iter=19
2026-03-16 01:33:55 | INFO     | [POOL #03042] 211 1192 873 874 883 966 1322 621 549 613 955 139 696 || mode=VB method=sk_ac_min solver=filo2 stage=post_ls ls=pyvrp iter=19
2026-03-16 01:33:55 | INFO     | [POOL #03043] 1313 848 89 246 811 311 1206 877 || mode=VB method=sk_ac_min solver=filo2 stage=post_ls ls=pyvrp iter=19
2026-03-16 01:33:55 | INFO     | [POOL #03044] 191 781 195 769 1064 94 686 420 494 1356 703 || mode=VB method=sk_ac_min solver=filo2 stage=post_ls ls=pyvrp iter=19
2026-03-16 01:33:55 | INFO     | [POOL #03045] 330 390 1068 960 719 1042 452 140 438 235 || mode=VB method=sk_ac_min solver=filo2 stage=post_ls ls=pyvrp iter=19
2026-03-16 01:33:55 | INFO     | [POOL #03046] 675 239 822 || mode=VB method=k_medoids_pyclustering solver=pyvrp stage=post_ls ls=pyvrp iter=20
2026-03-16 01:33:55 | INFO     | [POOL #03047] 190 156 189 959 1133 735 293 || mode=VB method=k_medoids_pyclustering solver=pyvrp stage=post_ls ls=pyvrp iter=20
2026-03-16 01:33:55 | INFO     | [POOL #03048] 661 1075 1347 || mode=VB method=k_medoids_pyclustering solver=pyvrp stage=post_ls ls=pyvrp iter=20
2026-03-16 01:33:55 | INFO     | [POOL #03049] 500 407 807 837 611 939 1209 1022 952 849 67 69 144 || mode=VB method=k_medoids_pyclustering solver=pyvrp stage=post_ls ls=pyvrp iter=20
2026-03-16 01:33:55 | INFO     | [POOL #03050] 1296 505 748 51 521 || mode=VB method=k_medoids_pyclustering solver=pyvrp stage=post_ls ls=pyvrp iter=20
2026-03-16 01:33:55 | INFO     | [POOL #03051] 1138 954 319 154 1212 1221 1287 286 1090 || mode=VB method=k_medoids_pyclustering solver=pyvrp stage=post_ls ls=pyvrp iter=20
2026-03-16 01:33:55 | INFO     | [POOL #03052] 796 493 519 475 1053 174 1034 277 229 476 107 609 316 || mode=VB method=k_medoids_pyclustering solver=pyvrp stage=post_ls ls=pyvrp iter=20
2026-03-16 01:33:55 | INFO     | [POOL #03053] 724 1303 1077 1043 325 927 1091 || mode=VB method=k_medoids_pyclustering solver=pyvrp stage=post_ls ls=pyvrp iter=20
2026-03-16 01:33:55 | INFO     | [POOL #03054] 1020 1048 394 795 1027 99 1321 1102 84 || mode=VB method=k_medoids_pyclustering solver=pyvrp stage=post_ls ls=pyvrp iter=20
2026-03-16 01:33:55 | INFO     | [POOL #03055] 863 350 881 1009 360 481 1252 1274 1165 261 399 || mode=VB method=k_medoids_pyclustering solver=pyvrp stage=post_ls ls=pyvrp iter=20
2026-03-16 01:33:55 | INFO     | [POOL #03056] 166 434 533 432 1199 77 972 || mode=VB method=k_medoids_pyclustering solver=pyvrp stage=post_ls ls=pyvrp iter=20
2026-03-16 01:33:55 | INFO     | [POOL #03057] 139 1055 298 979 90 299 92 1198 486 851 || mode=VB method=k_medoids_pyclustering solver=pyvrp stage=post_ls ls=pyvrp iter=20
2026-03-16 01:33:55 | INFO     | [POOL #03058] 1059 245 526 567 155 259 453 824 || mode=VB method=k_medoids_pyclustering solver=pyvrp stage=post_ls ls=pyvrp iter=20
2026-03-16 01:33:55 | INFO     | [POOL #03059] 1302 771 462 904 240 1372 57 946 || mode=VB method=k_medoids_pyclustering solver=pyvrp stage=post_ls ls=pyvrp iter=20
2026-03-16 01:33:55 | INFO     | [POOL #03060] 669 604 1088 1316 903 306 61 309 68 || mode=VB method=k_medoids_pyclustering solver=pyvrp stage=post_ls ls=pyvrp iter=20
2026-03-16 01:33:55 | INFO     | [POOL #03061] 414 955 457 883 966 1322 621 549 613 436 901 113 || mode=VB method=k_medoids_pyclustering solver=pyvrp stage=post_ls ls=pyvrp iter=20
2026-03-16 01:33:55 | INFO     | [POOL #03062] 801 211 1192 874 873 763 726 574 27 813 809 696 || mode=VB method=k_medoids_pyclustering solver=pyvrp stage=post_ls ls=pyvrp iter=20
2026-03-16 01:33:55 | INFO     | [POOL #03063] 206 1050 1079 1008 672 1139 558 1143 29 1185 281 515 1013 || mode=VB method=k_medoids_pyclustering solver=pyvrp stage=post_ls ls=pyvrp iter=20
2026-03-16 01:33:55 | INFO     | [POOL #03064] 448 70 1229 55 1285 641 255 322 894 762 479 || mode=VB method=k_medoids_pyclustering solver=pyvrp stage=post_ls ls=pyvrp iter=20
2026-03-16 01:33:55 | INFO     | [POOL #03065] 353 879 1334 375 840 860 644 421 1188 1236 542 185 856 || mode=VB method=k_medoids_pyclustering solver=pyvrp stage=post_ls ls=pyvrp iter=20
2026-03-16 01:33:55 | INFO     | [POOL #03066] 1140 1 1012 441 678 347 340 539 788 530 834 || mode=VB method=k_medoids_pyclustering solver=pyvrp stage=post_ls ls=pyvrp iter=20
2026-03-16 01:33:55 | INFO     | [POOL #03067] 474 1191 161 826 599 445 679 205 19 1226 1265 223 1225 || mode=VB method=k_medoids_pyclustering solver=pyvrp stage=post_ls ls=pyvrp iter=20
2026-03-16 01:33:55 | INFO     | [POOL #03068] 1142 3 181 233 104 829 178 1357 1030 146 || mode=VB method=k_medoids_pyclustering solver=pyvrp stage=post_ls ls=pyvrp iter=20
2026-03-16 01:33:55 | INFO     | [POOL #03069] 935 226 982 391 738 889 296 413 430 || mode=VB method=k_medoids_pyclustering solver=pyvrp stage=post_ls ls=pyvrp iter=20
2026-03-16 01:33:55 | INFO     | [POOL #03070] 148 376 141 1193 690 898 1065 1294 18 1269 956 32 1147 642 || mode=VB method=k_medoids_pyclustering solver=pyvrp stage=post_ls ls=pyvrp iter=20
2026-03-16 01:33:55 | INFO     | [POOL #03071] 722 638 750 754 1241 428 17 87 996 1150 || mode=VB method=k_medoids_pyclustering solver=pyvrp stage=post_ls ls=pyvrp iter=20
2026-03-16 01:33:55 | INFO     | [POOL #03072] 1060 186 402 573 912 1309 566 977 1373 464 36 1160 || mode=VB method=k_medoids_pyclustering solver=pyvrp stage=post_ls ls=pyvrp iter=20
2026-03-16 01:33:55 | INFO     | [POOL #03073] 624 382 936 || mode=VB method=k_medoids_pyclustering solver=pyvrp stage=post_ls ls=pyvrp iter=20
2026-03-16 01:33:55 | INFO     | [POOL #03074] 1326 853 249 42 || mode=VB method=k_medoids_pyclustering solver=pyvrp stage=post_ls ls=pyvrp iter=20
2026-03-16 01:33:55 | INFO     | [POOL #03075] 1000 1159 334 880 499 || mode=VB method=k_medoids_pyclustering solver=pyvrp stage=post_ls ls=pyvrp iter=20
2026-03-16 01:33:55 | INFO     | [POOL #03076] 711 523 1066 || mode=VB method=k_medoids_pyclustering solver=pyvrp stage=post_ls ls=pyvrp iter=20
2026-03-16 01:33:55 | INFO     | [POOL #03077] 368 1081 866 || mode=VB method=k_medoids_pyclustering solver=pyvrp stage=post_ls ls=pyvrp iter=20
2026-03-16 01:33:55 | INFO     | [POOL #03078] 554 888 1238 586 || mode=VB method=k_medoids_pyclustering solver=pyvrp stage=post_ls ls=pyvrp iter=20
2026-03-16 01:33:55 | INFO     | [POOL #03079] 640 917 443 1083 || mode=VB method=k_medoids_pyclustering solver=pyvrp stage=post_ls ls=pyvrp iter=20
2026-03-16 01:33:55 | INFO     | [POOL #03080] 969 742 1005 124 || mode=VB method=k_medoids_pyclustering solver=pyvrp stage=post_ls ls=pyvrp iter=20
2026-03-16 01:33:55 | INFO     | [POOL #03081] 649 451 1211 838 || mode=VB method=k_medoids_pyclustering solver=pyvrp stage=post_ls ls=pyvrp iter=20
2026-03-16 01:33:55 | INFO     | [POOL #03082] 28 1370 97 || mode=VB method=k_medoids_pyclustering solver=pyvrp stage=post_ls ls=pyvrp iter=20
2026-03-16 01:33:55 | INFO     | [POOL #03083] 773 37 916 288 || mode=VB method=k_medoids_pyclustering solver=pyvrp stage=post_ls ls=pyvrp iter=20
2026-03-16 01:33:55 | INFO     | [POOL #03084] 442 576 198 1116 716 108 393 1353 941 || mode=VB method=k_medoids_pyclustering solver=pyvrp stage=post_ls ls=pyvrp iter=20
2026-03-16 01:33:55 | INFO     | [POOL #03085] 404 768 713 1299 1183 699 || mode=VB method=k_medoids_pyclustering solver=pyvrp stage=post_ls ls=pyvrp iter=20
2026-03-16 01:33:55 | INFO     | [POOL #03086] 418 862 2 1279 || mode=VB method=k_medoids_pyclustering solver=pyvrp stage=post_ls ls=pyvrp iter=20
2026-03-16 01:33:55 | INFO     | [POOL #03087] 331 548 1207 || mode=VB method=k_medoids_pyclustering solver=pyvrp stage=post_ls ls=pyvrp iter=20
2026-03-16 01:33:55 | INFO     | [POOL #03088] 1145 75 764 333 134 1049 243 770 1280 || mode=VB method=k_medoids_pyclustering solver=pyvrp stage=post_ls ls=pyvrp iter=20
2026-03-16 01:33:55 | INFO     | [POOL #03089] 151 1364 821 80 992 || mode=VB method=k_medoids_pyclustering solver=pyvrp stage=post_ls ls=pyvrp iter=20
2026-03-16 01:33:55 | INFO     | [POOL #03090] 1036 1038 631 593 662 459 98 857 565 1171 || mode=VB method=k_medoids_pyclustering solver=pyvrp stage=post_ls ls=pyvrp iter=20
2026-03-16 01:33:55 | INFO     | [POOL #03091] 1222 369 1223 656 1312 371 397 989 1045 || mode=VB method=k_medoids_pyclustering solver=pyvrp stage=post_ls ls=pyvrp iter=20
2026-03-16 01:33:55 | INFO     | [POOL #03092] 489 13 136 984 1361 287 784 427 1084 47 967 553 231 || mode=VB method=k_medoids_pyclustering solver=pyvrp stage=post_ls ls=pyvrp iter=20
2026-03-16 01:33:55 | INFO     | [POOL #03093] 601 1054 598 425 305 || mode=VB method=k_medoids_pyclustering solver=pyvrp stage=post_ls ls=pyvrp iter=20
2026-03-16 01:33:55 | INFO     | [POOL #03094] 1354 344 79 1219 632 1052 || mode=VB method=k_medoids_pyclustering solver=pyvrp stage=post_ls ls=pyvrp iter=20
2026-03-16 01:33:55 | INFO     | [POOL #03095] 265 664 363 484 184 1270 965 || mode=VB method=k_medoids_pyclustering solver=pyvrp stage=post_ls ls=pyvrp iter=20
2026-03-16 01:33:55 | INFO     | [POOL #03096] 689 673 419 976 1273 4 || mode=VB method=k_medoids_pyclustering solver=pyvrp stage=post_ls ls=pyvrp iter=20
2026-03-16 01:33:55 | INFO     | [POOL #03097] 743 1178 406 831 123 95 1141 100 610 || mode=VB method=k_medoids_pyclustering solver=pyvrp stage=post_ls ls=pyvrp iter=20
2026-03-16 01:33:55 | INFO     | [POOL #03098] 294 352 951 1003 157 637 560 || mode=VB method=k_medoids_pyclustering solver=pyvrp stage=post_ls ls=pyvrp iter=20
2026-03-16 01:33:55 | INFO     | [POOL #03099] 887 164 667 1313 848 128 335 911 645 || mode=VB method=k_medoids_pyclustering solver=pyvrp stage=post_ls ls=pyvrp iter=20
2026-03-16 01:33:55 | INFO     | [POOL #03100] 1234 1163 1346 745 1158 998 752 971 1121 1319 902 || mode=VB method=k_medoids_pyclustering solver=pyvrp stage=post_ls ls=pyvrp iter=20
2026-03-16 01:33:55 | INFO     | [POOL #03101] 1122 937 828 1291 25 665 177 279 || mode=VB method=k_medoids_pyclustering solver=pyvrp stage=post_ls ls=pyvrp iter=20
2026-03-16 01:33:55 | INFO     | [POOL #03102] 149 1324 525 671 1167 491 1201 212 520 || mode=VB method=k_medoids_pyclustering solver=pyvrp stage=post_ls ls=pyvrp iter=20
2026-03-16 01:33:55 | INFO     | [POOL #03103] 652 272 308 1243 456 244 || mode=VB method=k_medoids_pyclustering solver=pyvrp stage=post_ls ls=pyvrp iter=20
2026-03-16 01:33:55 | INFO     | [POOL #03104] 235 140 452 216 556 892 627 1266 || mode=VB method=k_medoids_pyclustering solver=pyvrp stage=post_ls ls=pyvrp iter=20
2026-03-16 01:33:55 | INFO     | [POOL #03105] 960 14 1251 909 444 361 1042 719 || mode=VB method=k_medoids_pyclustering solver=pyvrp stage=post_ls ls=pyvrp iter=20
2026-03-16 01:33:55 | INFO     | [POOL #03106] 1317 705 538 1195 1180 318 || mode=VB method=k_medoids_pyclustering solver=pyvrp stage=post_ls ls=pyvrp iter=20
2026-03-16 01:33:55 | INFO     | [POOL #03107] 733 806 193 1016 1305 422 1068 || mode=VB method=k_medoids_pyclustering solver=pyvrp stage=post_ls ls=pyvrp iter=20
2026-03-16 01:33:55 | INFO     | [POOL #03108] 1341 654 1311 86 || mode=VB method=k_medoids_pyclustering solver=pyvrp stage=post_ls ls=pyvrp iter=20
2026-03-16 01:33:55 | INFO     | [POOL #03109] 426 1286 1339 924 || mode=VB method=k_medoids_pyclustering solver=pyvrp stage=post_ls ls=pyvrp iter=20
2026-03-16 01:33:55 | INFO     | [POOL #03110] 330 390 323 354 968 || mode=VB method=k_medoids_pyclustering solver=pyvrp stage=post_ls ls=pyvrp iter=20
2026-03-16 01:33:55 | INFO     | [POOL #03111] 415 || mode=VB method=k_medoids_pyclustering solver=pyvrp stage=post_ls ls=pyvrp iter=20
2026-03-16 01:33:55 | INFO     | [POOL #03112] 7 647 1099 || mode=VB method=k_medoids_pyclustering solver=pyvrp stage=post_ls ls=pyvrp iter=20
2026-03-16 01:33:55 | INFO     | [POOL #03113] 358 1128 76 213 || mode=VB method=k_medoids_pyclustering solver=pyvrp stage=post_ls ls=pyvrp iter=20
2026-03-16 01:33:55 | INFO     | [POOL #03114] 947 1227 619 || mode=VB method=k_medoids_pyclustering solver=pyvrp stage=post_ls ls=pyvrp iter=20
2026-03-16 01:33:55 | INFO     | [POOL #03115] 846 1338 622 || mode=VB method=k_medoids_pyclustering solver=pyvrp stage=post_ls ls=pyvrp iter=20
2026-03-16 01:33:55 | INFO     | [POOL #03116] 737 571 753 || mode=VB method=k_medoids_pyclustering solver=pyvrp stage=post_ls ls=pyvrp iter=20
2026-03-16 01:33:55 | INFO     | [POOL #03117] 180 162 1017 || mode=VB method=k_medoids_pyclustering solver=pyvrp stage=post_ls ls=pyvrp iter=20
2026-03-16 01:33:55 | INFO     | [POOL #03118] 943 603 940 || mode=VB method=k_medoids_pyclustering solver=pyvrp stage=post_ls ls=pyvrp iter=20
2026-03-16 01:33:55 | INFO     | [POOL #03119] 395 842 928 440 || mode=VB method=k_medoids_pyclustering solver=pyvrp stage=post_ls ls=pyvrp iter=20
2026-03-16 01:33:55 | INFO     | [POOL #03120] 919 242 378 || mode=VB method=k_medoids_pyclustering solver=pyvrp stage=post_ls ls=pyvrp iter=20
2026-03-16 01:33:55 | INFO     | [POOL #03121] 709 899 38 1100 || mode=VB method=k_medoids_pyclustering solver=pyvrp stage=post_ls ls=pyvrp iter=20
2026-03-16 01:33:55 | INFO     | [POOL #03122] 706 1149 270 || mode=VB method=k_medoids_pyclustering solver=pyvrp stage=post_ls ls=pyvrp iter=20
2026-03-16 01:33:55 | INFO     | [POOL #03123] 1087 312 131 || mode=VB method=k_medoids_pyclustering solver=pyvrp stage=post_ls ls=pyvrp iter=20
2026-03-16 01:33:55 | INFO     | [POOL #03124] 704 546 241 || mode=VB method=k_medoids_pyclustering solver=pyvrp stage=post_ls ls=pyvrp iter=20
2026-03-16 01:33:55 | INFO     | [POOL #03125] 980 1240 1200 || mode=VB method=k_medoids_pyclustering solver=pyvrp stage=post_ls ls=pyvrp iter=20
2026-03-16 01:33:55 | INFO     | [POOL #03126] 929 130 115 || mode=VB method=k_medoids_pyclustering solver=pyvrp stage=post_ls ls=pyvrp iter=20
2026-03-16 01:33:55 | INFO     | [POOL #03127] 1172 1151 1310 || mode=VB method=k_medoids_pyclustering solver=pyvrp stage=post_ls ls=pyvrp iter=20
2026-03-16 01:33:55 | INFO     | [POOL #03128] 203 800 875 || mode=VB method=k_medoids_pyclustering solver=pyvrp stage=post_ls ls=pyvrp iter=20
2026-03-16 01:33:55 | INFO     | [POOL #03129] 328 1089 782 814 || mode=VB method=k_medoids_pyclustering solver=pyvrp stage=post_ls ls=pyvrp iter=20
2026-03-16 01:33:55 | INFO     | [POOL #03130] 803 1276 315 || mode=VB method=k_medoids_pyclustering solver=pyvrp stage=post_ls ls=pyvrp iter=20
2026-03-16 01:33:55 | INFO     | [POOL #03131] 480 668 1224 || mode=VB method=k_medoids_pyclustering solver=pyvrp stage=post_ls ls=pyvrp iter=20
2026-03-16 01:33:55 | INFO     | [POOL #03132] 458 700 552 794 || mode=VB method=k_medoids_pyclustering solver=pyvrp stage=post_ls ls=pyvrp iter=20
2026-03-16 01:33:55 | INFO     | [POOL #03133] 258 1298 218 || mode=VB method=k_medoids_pyclustering solver=pyvrp stage=post_ls ls=pyvrp iter=20
2026-03-16 01:33:55 | INFO     | [POOL #03134] 547 1232 518 || mode=VB method=k_medoids_pyclustering solver=pyvrp stage=post_ls ls=pyvrp iter=20
2026-03-16 01:33:55 | INFO     | [POOL #03135] 1344 557 182 1026 || mode=VB method=k_medoids_pyclustering solver=pyvrp stage=post_ls ls=pyvrp iter=20
2026-03-16 01:33:55 | INFO     | [POOL #03136] 1233 82 471 543 || mode=VB method=k_medoids_pyclustering solver=pyvrp stage=post_ls ls=pyvrp iter=20
2026-03-16 01:33:55 | INFO     | [POOL #03137] 563 1179 410 || mode=VB method=k_medoids_pyclustering solver=pyvrp stage=post_ls ls=pyvrp iter=20
2026-03-16 01:33:55 | INFO     | [POOL #03138] 876 1337 701 137 || mode=VB method=k_medoids_pyclustering solver=pyvrp stage=post_ls ls=pyvrp iter=20
2026-03-16 01:33:55 | INFO     | [POOL #03139] 498 1327 823 760 || mode=VB method=k_medoids_pyclustering solver=pyvrp stage=post_ls ls=pyvrp iter=20
2026-03-16 01:33:55 | INFO     | [POOL #03140] 1242 551 1332 252 227 351 1247 975 169 || mode=VB method=k_medoids_pyclustering solver=pyvrp stage=post_ls ls=pyvrp iter=20
2026-03-16 01:33:55 | INFO     | [POOL #03141] 564 30 1190 219 248 || mode=VB method=k_medoids_pyclustering solver=pyvrp stage=post_ls ls=pyvrp iter=20
2026-03-16 01:33:55 | INFO     | [POOL #03142] 1021 379 228 310 1256 || mode=VB method=k_medoids_pyclustering solver=pyvrp stage=post_ls ls=pyvrp iter=20
2026-03-16 01:33:55 | INFO     | [POOL #03143] 1253 284 348 292 582 514 900 885 326 || mode=VB method=k_medoids_pyclustering solver=pyvrp stage=post_ls ls=pyvrp iter=20
2026-03-16 01:33:55 | INFO     | [POOL #03144] 1239 1260 208 835 1080 852 540 1366 1127 799 749 417 332 || mode=VB method=k_medoids_pyclustering solver=pyvrp stage=post_ls ls=pyvrp iter=20
2026-03-16 01:33:55 | INFO     | [POOL #03145] 869 1351 1325 1146 463 || mode=VB method=k_medoids_pyclustering solver=pyvrp stage=post_ls ls=pyvrp iter=20
2026-03-16 01:33:55 | INFO     | [POOL #03146] 1271 508 570 948 435 736 625 790 657 577 || mode=VB method=k_medoids_pyclustering solver=pyvrp stage=post_ls ls=pyvrp iter=20
2026-03-16 01:33:55 | INFO     | [POOL #03147] 1095 531 167 766 695 535 1125 816 825 341 1314 1217 || mode=VB method=k_medoids_pyclustering solver=pyvrp stage=post_ls ls=pyvrp iter=20
2026-03-16 01:33:55 | INFO     | [POOL #03148] 707 423 207 1164 101 384 187 337 606 575 1019 || mode=VB method=k_medoids_pyclustering solver=pyvrp stage=post_ls ls=pyvrp iter=20
2026-03-16 01:33:55 | INFO     | [POOL #03149] 524 568 160 758 746 931 460 789 944 1035 377 || mode=VB method=k_medoids_pyclustering solver=pyvrp stage=post_ls ls=pyvrp iter=20
2026-03-16 01:33:55 | INFO     | [POOL #03150] 142 569 868 617 1155 614 1278 685 56 || mode=VB method=k_medoids_pyclustering solver=pyvrp stage=post_ls ls=pyvrp iter=20
2026-03-16 01:33:55 | INFO     | [POOL #03151] 559 1215 882 || mode=VB method=k_medoids_pyclustering solver=pyvrp stage=post_ls ls=pyvrp iter=20
2026-03-16 01:33:55 | INFO     | [POOL #03152] 329 532 697 595 850 776 232 || mode=VB method=k_medoids_pyclustering solver=pyvrp stage=post_ls ls=pyvrp iter=20
2026-03-16 01:33:55 | INFO     | [POOL #03153] 715 1046 89 246 811 311 1206 877 1343 || mode=VB method=k_medoids_pyclustering solver=pyvrp stage=post_ls ls=pyvrp iter=20
2026-03-16 01:33:55 | INFO     | [POOL #03154] 810 861 819 40 1220 133 41 260 327 || mode=VB method=k_medoids_pyclustering solver=pyvrp stage=post_ls ls=pyvrp iter=20
2026-03-16 01:33:55 | INFO     | [POOL #03155] 1135 650 1014 1168 || mode=VB method=k_medoids_pyclustering solver=pyvrp stage=post_ls ls=pyvrp iter=20
2026-03-16 01:33:55 | INFO     | [POOL #03156] 338 370 209 || mode=VB method=k_medoids_pyclustering solver=pyvrp stage=post_ls ls=pyvrp iter=20
2026-03-16 01:33:55 | INFO     | [POOL #03157] 405 429 1037 || mode=VB method=k_medoids_pyclustering solver=pyvrp stage=post_ls ls=pyvrp iter=20
2026-03-16 01:33:55 | INFO     | [POOL #03158] 386 127 1348 797 || mode=VB method=k_medoids_pyclustering solver=pyvrp stage=post_ls ls=pyvrp iter=20
2026-03-16 01:33:55 | INFO     | [POOL #03159] 1044 725 175 364 || mode=VB method=k_medoids_pyclustering solver=pyvrp stage=post_ls ls=pyvrp iter=20
2026-03-16 01:33:55 | INFO     | [POOL #03160] 1134 446 1028 || mode=VB method=k_medoids_pyclustering solver=pyvrp stage=post_ls ls=pyvrp iter=20
2026-03-16 01:33:55 | INFO     | [POOL #03161] 550 774 297 467 || mode=VB method=k_medoids_pyclustering solver=pyvrp stage=post_ls ls=pyvrp iter=20
2026-03-16 01:33:55 | INFO     | [POOL #03162] 589 237 271 || mode=VB method=k_medoids_pyclustering solver=pyvrp stage=post_ls ls=pyvrp iter=20
2026-03-16 01:33:55 | INFO     | [POOL #03163] 1004 653 132 || mode=VB method=k_medoids_pyclustering solver=pyvrp stage=post_ls ls=pyvrp iter=20
2026-03-16 01:33:55 | INFO     | [POOL #03164] 783 109 1340 || mode=VB method=k_medoids_pyclustering solver=pyvrp stage=post_ls ls=pyvrp iter=20
2026-03-16 01:33:55 | INFO     | [POOL #03165] 778 1369 1154 || mode=VB method=k_medoids_pyclustering solver=pyvrp stage=post_ls ls=pyvrp iter=20
2026-03-16 01:33:55 | INFO     | [POOL #03166] 1295 1281 1235 || mode=VB method=k_medoids_pyclustering solver=pyvrp stage=post_ls ls=pyvrp iter=20
2026-03-16 01:33:55 | INFO     | [POOL #03167] 1011 342 859 || mode=VB method=k_medoids_pyclustering solver=pyvrp stage=post_ls ls=pyvrp iter=20
2026-03-16 01:33:55 | INFO     | [POOL #03168] 356 1182 214 1363 || mode=VB method=k_medoids_pyclustering solver=pyvrp stage=post_ls ls=pyvrp iter=20
2026-03-16 01:33:55 | INFO     | [POOL #03169] 692 257 628 || mode=VB method=k_medoids_pyclustering solver=pyvrp stage=post_ls ls=pyvrp iter=20
2026-03-16 01:33:55 | INFO     | [POOL #03170] 986 1113 643 847 || mode=VB method=k_medoids_pyclustering solver=pyvrp stage=post_ls ls=pyvrp iter=20
2026-03-16 01:33:55 | INFO     | [POOL #03171] 275 691 5 || mode=VB method=k_medoids_pyclustering solver=pyvrp stage=post_ls ls=pyvrp iter=20
2026-03-16 01:33:55 | INFO     | [POOL #03172] 1323 1086 433 || mode=VB method=k_medoids_pyclustering solver=pyvrp stage=post_ls ls=pyvrp iter=20
2026-03-16 01:33:55 | INFO     | [POOL #03173] 507 844 1082 || mode=VB method=k_medoids_pyclustering solver=pyvrp stage=post_ls ls=pyvrp iter=20
2026-03-16 01:33:55 | INFO     | [POOL #03174] 62 355 509 || mode=VB method=k_medoids_pyclustering solver=pyvrp stage=post_ls ls=pyvrp iter=20
2026-03-16 01:33:55 | INFO     | [POOL #03175] 1018 176 833 || mode=VB method=k_medoids_pyclustering solver=pyvrp stage=post_ls ls=pyvrp iter=20
2026-03-16 01:33:55 | INFO     | [POOL #03176] 121 250 495 || mode=VB method=k_medoids_pyclustering solver=pyvrp stage=post_ls ls=pyvrp iter=20
2026-03-16 01:33:55 | INFO     | [POOL #03177] 1040 1144 138 || mode=VB method=k_medoids_pyclustering solver=pyvrp stage=post_ls ls=pyvrp iter=20
2026-03-16 01:33:55 | INFO     | [POOL #03178] 1362 1063 110 || mode=VB method=k_medoids_pyclustering solver=pyvrp stage=post_ls ls=pyvrp iter=20
2026-03-16 01:33:55 | INFO     | [POOL #03179] 1069 1342 1261 513 || mode=VB method=k_medoids_pyclustering solver=pyvrp stage=post_ls ls=pyvrp iter=20
2026-03-16 01:33:55 | INFO     | [POOL #03180] 6 1103 225 || mode=VB method=k_medoids_pyclustering solver=pyvrp stage=post_ls ls=pyvrp iter=20
2026-03-16 01:33:55 | INFO     | [POOL #03181] 1067 1153 398 307 || mode=VB method=k_medoids_pyclustering solver=pyvrp stage=post_ls ls=pyvrp iter=20
2026-03-16 01:33:55 | INFO     | [POOL #03182] 60 978 1268 || mode=VB method=k_medoids_pyclustering solver=pyvrp stage=post_ls ls=pyvrp iter=20
2026-03-16 01:33:55 | INFO     | [POOL #03183] 1107 522 717 473 || mode=VB method=k_medoids_pyclustering solver=pyvrp stage=post_ls ls=pyvrp iter=20
2026-03-16 01:33:55 | INFO     | [POOL #03184] 1029 1111 1112 1308 || mode=VB method=k_medoids_pyclustering solver=pyvrp stage=post_ls ls=pyvrp iter=20
2026-03-16 01:33:55 | INFO     | [POOL #03185] 731 1350 403 || mode=VB method=k_medoids_pyclustering solver=pyvrp stage=post_ls ls=pyvrp iter=20
2026-03-16 01:33:55 | INFO     | [POOL #03186] 1258 314 465 || mode=VB method=k_medoids_pyclustering solver=pyvrp stage=post_ls ls=pyvrp iter=20
2026-03-16 01:33:55 | INFO     | [POOL #03187] 485 721 945 843 || mode=VB method=k_medoids_pyclustering solver=pyvrp stage=post_ls ls=pyvrp iter=20
2026-03-16 01:33:55 | INFO     | [POOL #03188] 373 412 710 || mode=VB method=k_medoids_pyclustering solver=pyvrp stage=post_ls ls=pyvrp iter=20
2026-03-16 01:33:55 | INFO     | [POOL #03189] 579 562 527 || mode=VB method=k_medoids_pyclustering solver=pyvrp stage=post_ls ls=pyvrp iter=20
2026-03-16 01:33:55 | INFO     | [POOL #03190] 658 659 583 || mode=VB method=k_medoids_pyclustering solver=pyvrp stage=post_ls ls=pyvrp iter=20
2026-03-16 01:33:55 | INFO     | [POOL #03191] 1365 10 366 424 || mode=VB method=k_medoids_pyclustering solver=pyvrp stage=post_ls ls=pyvrp iter=20
2026-03-16 01:33:55 | INFO     | [POOL #03192] 1097 818 1289 || mode=VB method=k_medoids_pyclustering solver=pyvrp stage=post_ls ls=pyvrp iter=20
2026-03-16 01:33:55 | INFO     | [POOL #03193] 963 50 290 || mode=VB method=k_medoids_pyclustering solver=pyvrp stage=post_ls ls=pyvrp iter=20
2026-03-16 01:33:55 | INFO     | [POOL #03194] 1131 920 1297 || mode=VB method=k_medoids_pyclustering solver=pyvrp stage=post_ls ls=pyvrp iter=20
2026-03-16 01:33:55 | INFO     | [POOL #03195] 1197 9 1176 907 || mode=VB method=k_medoids_pyclustering solver=pyvrp stage=post_ls ls=pyvrp iter=20
2026-03-16 01:33:55 | INFO     | [POOL #03196] 886 78 651 || mode=VB method=k_medoids_pyclustering solver=pyvrp stage=post_ls ls=pyvrp iter=20
2026-03-16 01:33:55 | INFO     | [POOL #03197] 1117 1058 786 || mode=VB method=k_medoids_pyclustering solver=pyvrp stage=post_ls ls=pyvrp iter=20
2026-03-16 01:33:55 | INFO     | [POOL #03198] 590 1208 1169 159 || mode=VB method=k_medoids_pyclustering solver=pyvrp stage=post_ls ls=pyvrp iter=20
2026-03-16 01:33:55 | INFO     | [POOL #03199] 66 1136 1094 || mode=VB method=k_medoids_pyclustering solver=pyvrp stage=post_ls ls=pyvrp iter=20
2026-03-16 01:33:55 | INFO     | [POOL #03200] 1237 718 1283 || mode=VB method=k_medoids_pyclustering solver=pyvrp stage=post_ls ls=pyvrp iter=20
2026-03-16 01:33:55 | INFO     | [POOL #03201] 345 401 380 || mode=VB method=k_medoids_pyclustering solver=pyvrp stage=post_ls ls=pyvrp iter=20
2026-03-16 01:33:55 | INFO     | [POOL #03202] 387 616 1073 || mode=VB method=k_medoids_pyclustering solver=pyvrp stage=post_ls ls=pyvrp iter=20
2026-03-16 01:33:55 | INFO     | [POOL #03203] 708 1345 339 || mode=VB method=k_medoids_pyclustering solver=pyvrp stage=post_ls ls=pyvrp iter=20
2026-03-16 01:33:55 | INFO     | [POOL #03204] 438 1181 516 117 129 1010 970 39 918 || mode=VB method=k_medoids_pyclustering solver=pyvrp stage=post_ls ls=pyvrp iter=20
2026-03-16 01:33:55 | INFO     | [POOL #03205] 864 497 1166 153 1333 878 46 727 555 1115 930 450 612 || mode=VB method=k_medoids_pyclustering solver=pyvrp stage=post_ls ls=pyvrp iter=20
2026-03-16 01:33:55 | INFO     | [POOL #03206] 64 815 1130 || mode=VB method=k_medoids_pyclustering solver=pyvrp stage=post_ls ls=pyvrp iter=20
2026-03-16 01:33:55 | INFO     | [POOL #03207] 780 91 545 482 1284 544 126 820 1148 488 || mode=VB method=k_medoids_pyclustering solver=pyvrp stage=post_ls ls=pyvrp iter=20
2026-03-16 01:33:55 | INFO     | [POOL #03208] 396 291 805 || mode=VB method=k_medoids_pyclustering solver=pyvrp stage=post_ls ls=pyvrp iter=20
2026-03-16 01:33:55 | INFO     | [POOL #03209] 950 1249 224 1033 581 96 1275 908 772 629 43 11 890 || mode=VB method=k_medoids_pyclustering solver=pyvrp stage=post_ls ls=pyvrp iter=20
2026-03-16 01:33:55 | INFO     | [POOL #03210] 1264 247 910 720 1189 648 1085 343 269 || mode=VB method=k_medoids_pyclustering solver=pyvrp stage=post_ls ls=pyvrp iter=20
2026-03-16 01:33:55 | INFO     | [POOL #03211] 845 676 295 1157 769 1064 94 195 420 494 1315 1120 || mode=VB method=k_medoids_pyclustering solver=pyvrp stage=post_ls ls=pyvrp iter=20
2026-03-16 01:33:55 | INFO     | [POOL #03212] 504 872 437 896 || mode=VB method=k_medoids_pyclustering solver=pyvrp stage=post_ls ls=pyvrp iter=20
2026-03-16 01:33:55 | INFO     | [POOL #03213] 188 512 663 994 1255 || mode=VB method=k_medoids_pyclustering solver=pyvrp stage=post_ls ls=pyvrp iter=20
2026-03-16 01:33:55 | INFO     | [POOL #03214] 703 1356 191 781 686 267 1228 23 865 870 || mode=VB method=k_medoids_pyclustering solver=pyvrp stage=post_ls ls=pyvrp iter=20
2026-03-16 01:33:55 | INFO     | [POOL #03215] 1071 913 597 44 655 283 || mode=VB method=k_medoids_pyclustering solver=pyvrp stage=post_ls ls=pyvrp iter=20
2026-03-16 01:33:55 | INFO     | [POOL #03216] 1072 1359 506 54 197 || mode=VB method=k_medoids_pyclustering solver=pyvrp stage=post_ls ls=pyvrp iter=20
2026-03-16 01:33:55 | INFO     | [POOL #03217] 681 194 1098 528 256 897 1318 580 1282 158 605 || mode=VB method=k_medoids_pyclustering solver=pyvrp stage=post_ls ls=pyvrp iter=20
2026-03-16 01:33:55 | INFO     | [POOL #03218] 276 832 1301 974 || mode=VB method=k_medoids_pyclustering solver=pyvrp stage=post_ls ls=pyvrp iter=20
2026-03-16 01:33:55 | INFO     | [POOL #03219] 125 106 45 || mode=VB method=k_medoids_pyclustering solver=pyvrp stage=post_ls ls=pyvrp iter=20
2026-03-16 01:33:55 | INFO     | [POOL #03220] 682 150 1092 1320 || mode=VB method=k_medoids_pyclustering solver=pyvrp stage=post_ls ls=pyvrp iter=20
2026-03-16 01:33:55 | INFO     | [POOL #03221] 31 1272 1047 || mode=VB method=k_medoids_pyclustering solver=pyvrp stage=post_ls ls=pyvrp iter=20
2026-03-16 01:33:55 | INFO     | [POOL #03222] 251 30 882 1286 || mode=RB method=sk_ac_min solver=filo2 stage=post_ls ls=pyvrp iter=21
2026-03-16 01:33:55 | INFO     | [POOL #03223] 162 180 418 || mode=RB method=sk_ac_min solver=filo2 stage=post_ls ls=pyvrp iter=21
2026-03-16 01:33:55 | INFO     | [POOL #03224] 974 54 197 872 612 || mode=RB method=sk_ac_min solver=filo2 stage=post_ls ls=pyvrp iter=21
2026-03-16 01:33:55 | INFO     | [POOL #03225] 140 452 645 715 1010 970 39 918 235 || mode=RB method=sk_ac_min solver=filo2 stage=post_ls ls=pyvrp iter=21
2026-03-16 01:33:55 | INFO     | [POOL #03226] 622 925 846 || mode=RB method=sk_ac_min solver=filo2 stage=post_ls ls=pyvrp iter=21
2026-03-16 01:33:55 | INFO     | [POOL #03227] 699 1299 713 768 640 764 151 || mode=RB method=sk_ac_min solver=filo2 stage=post_ls ls=pyvrp iter=21
2026-03-16 01:33:55 | INFO     | [POOL #03228] 830 1144 999 || mode=RB method=sk_ac_min solver=filo2 stage=post_ls ls=pyvrp iter=21
2026-03-16 01:33:55 | INFO     | [POOL #03229] 1068 733 193 806 354 323 390 || mode=RB method=sk_ac_min solver=filo2 stage=post_ls ls=pyvrp iter=21
2026-03-16 01:33:55 | INFO     | [POOL #03230] 415 330 775 || mode=RB method=sk_ac_min solver=filo2 stage=post_ls ls=pyvrp iter=21
2026-03-16 01:33:55 | INFO     | [POOL #03231] 273 1350 403 500 144 || mode=RB method=sk_ac_min solver=filo2 stage=post_ls ls=pyvrp iter=21
2026-03-16 01:33:55 | INFO     | [POOL #03232] 751 804 358 || mode=RB method=sk_ac_min solver=filo2 stage=post_ls ls=pyvrp iter=21
2026-03-16 01:33:55 | INFO     | [POOL #03233] 1296 521 661 1304 991 || mode=RB method=sk_ac_min solver=filo2 stage=post_ls ls=pyvrp iter=21
2026-03-16 01:33:55 | INFO     | [POOL #03234] 137 1070 1233 285 || mode=RB method=sk_ac_min solver=filo2 stage=post_ls ls=pyvrp iter=21
2026-03-16 01:33:55 | INFO     | [POOL #03235] 297 383 210 || mode=RB method=sk_ac_min solver=filo2 stage=post_ls ls=pyvrp iter=21
2026-03-16 01:33:55 | INFO     | [POOL #03236] 884 1344 891 143 || mode=RB method=sk_ac_min solver=filo2 stage=post_ls ls=pyvrp iter=21
2026-03-16 01:33:55 | INFO     | [POOL #03237] 757 1283 450 168 756 || mode=RB method=sk_ac_min solver=filo2 stage=post_ls ls=pyvrp iter=21
2026-03-16 01:33:55 | INFO     | [POOL #03238] 1078 920 71 || mode=RB method=sk_ac_min solver=filo2 stage=post_ls ls=pyvrp iter=21
2026-03-16 01:33:55 | INFO     | [POOL #03239] 248 169 310 498 379 1021 || mode=RB method=sk_ac_min solver=filo2 stage=post_ls ls=pyvrp iter=21
2026-03-16 01:33:55 | INFO     | [POOL #03240] 262 701 1337 213 || mode=RB method=sk_ac_min solver=filo2 stage=post_ls ls=pyvrp iter=21
2026-03-16 01:33:55 | INFO     | [POOL #03241] 461 165 503 196 || mode=RB method=sk_ac_min solver=filo2 stage=post_ls ls=pyvrp iter=21
2026-03-16 01:33:55 | INFO     | [POOL #03242] 51 748 505 611 807 407 796 || mode=RB method=sk_ac_min solver=filo2 stage=post_ls ls=pyvrp iter=21
2026-03-16 01:33:55 | INFO     | [POOL #03243] 1234 1256 971 900 514 252 1332 551 1242 1325 || mode=RB method=sk_ac_min solver=filo2 stage=post_ls ls=pyvrp iter=21
2026-03-16 01:33:55 | INFO     | [POOL #03244] 851 1048 394 486 1199 533 434 100 || mode=RB method=sk_ac_min solver=filo2 stage=post_ls ls=pyvrp iter=21
2026-03-16 01:33:55 | INFO     | [POOL #03245] 554 1211 1096 378 || mode=RB method=sk_ac_min solver=filo2 stage=post_ls ls=pyvrp iter=21
2026-03-16 01:33:55 | INFO     | [POOL #03246] 395 451 888 1238 || mode=RB method=sk_ac_min solver=filo2 stage=post_ls ls=pyvrp iter=21
2026-03-16 01:33:55 | INFO     | [POOL #03247] 795 139 1055 901 61 298 90 979 1198 432 || mode=RB method=sk_ac_min solver=filo2 stage=post_ls ls=pyvrp iter=21
2026-03-16 01:33:55 | INFO     | [POOL #03248] 118 708 1267 || mode=RB method=sk_ac_min solver=filo2 stage=post_ls ls=pyvrp iter=21
2026-03-16 01:33:55 | INFO     | [POOL #03249] 687 1207 548 || mode=RB method=sk_ac_min solver=filo2 stage=post_ls ls=pyvrp iter=21
2026-03-16 01:33:55 | INFO     | [POOL #03250] 391 738 104 829 178 1357 1226 448 223 98 1225 || mode=RB method=sk_ac_min solver=filo2 stage=post_ls ls=pyvrp iter=21
2026-03-16 01:33:55 | INFO     | [POOL #03251] 1308 1345 1358 215 || mode=RB method=sk_ac_min solver=filo2 stage=post_ls ls=pyvrp iter=21
2026-03-16 01:33:55 | INFO     | [POOL #03252] 1004 653 467 || mode=RB method=sk_ac_min solver=filo2 stage=post_ls ls=pyvrp iter=21
2026-03-16 01:33:55 | INFO     | [POOL #03253] 1244 953 355 1273 || mode=RB method=sk_ac_min solver=filo2 stage=post_ls ls=pyvrp iter=21
2026-03-16 01:33:55 | INFO     | [POOL #03254] 767 1031 147 681 1108 269 153 1166 864 1115 || mode=RB method=sk_ac_min solver=filo2 stage=post_ls ls=pyvrp iter=21
2026-03-16 01:33:55 | INFO     | [POOL #03255] 707 1260 284 752 998 745 1346 1163 || mode=RB method=sk_ac_min solver=filo2 stage=post_ls ls=pyvrp iter=21
2026-03-16 01:33:55 | INFO     | [POOL #03256] 321 110 607 993 || mode=RB method=sk_ac_min solver=filo2 stage=post_ls ls=pyvrp iter=21
2026-03-16 01:33:55 | INFO     | [POOL #03257] 960 422 1305 520 1180 1195 318 524 1016 || mode=RB method=sk_ac_min solver=filo2 stage=post_ls ls=pyvrp iter=21
2026-03-16 01:33:55 | INFO     | [POOL #03258] 703 1315 194 913 1071 727 555 || mode=RB method=sk_ac_min solver=filo2 stage=post_ls ls=pyvrp iter=21
2026-03-16 01:33:55 | INFO     | [POOL #03259] 364 338 127 725 || mode=RB method=sk_ac_min solver=filo2 stage=post_ls ls=pyvrp iter=21
2026-03-16 01:33:55 | INFO     | [POOL #03260] 343 46 870 597 528 865 1318 580 1282 158 1189 1085 1072 276 497 || mode=RB method=sk_ac_min solver=filo2 stage=post_ls ls=pyvrp iter=21
2026-03-16 01:33:55 | INFO     | [POOL #03261] 1002 510 1101 717 || mode=RB method=sk_ac_min solver=filo2 stage=post_ls ls=pyvrp iter=21
2026-03-16 01:33:55 | INFO     | [POOL #03262] 1062 74 818 || mode=RB method=sk_ac_min solver=filo2 stage=post_ls ls=pyvrp iter=21
2026-03-16 01:33:55 | INFO     | [POOL #03263] 1209 493 519 1053 174 1034 229 277 609 316 || mode=RB method=sk_ac_min solver=filo2 stage=post_ls ls=pyvrp iter=21
2026-03-16 01:33:55 | INFO     | [POOL #03264] 399 1133 261 849 67 189 959 156 976 || mode=RB method=sk_ac_min solver=filo2 stage=post_ls ls=pyvrp iter=21
2026-03-16 01:33:55 | INFO     | [POOL #03265] 1073 1288 572 16 || mode=RB method=sk_ac_min solver=filo2 stage=post_ls ls=pyvrp iter=21
2026-03-16 01:33:55 | INFO     | [POOL #03266] 204 45 1057 171 || mode=RB method=sk_ac_min solver=filo2 stage=post_ls ls=pyvrp iter=21
2026-03-16 01:33:55 | INFO     | [POOL #03267] 522 490 307 632 || mode=RB method=sk_ac_min solver=filo2 stage=post_ls ls=pyvrp iter=21
2026-03-16 01:33:55 | INFO     | [POOL #03268] 328 983 483 802 || mode=RB method=sk_ac_min solver=filo2 stage=post_ls ls=pyvrp iter=21
2026-03-16 01:33:55 | INFO     | [POOL #03269] 201 112 372 1089 || mode=RB method=sk_ac_min solver=filo2 stage=post_ls ls=pyvrp iter=21
2026-03-16 01:33:55 | INFO     | [POOL #03270] 1109 670 1177 303 1093 65 930 1161 || mode=RB method=sk_ac_min solver=filo2 stage=post_ls ls=pyvrp iter=21
2026-03-16 01:33:55 | INFO     | [POOL #03271] 1146 456 1121 1319 272 308 1243 902 1253 || mode=RB method=sk_ac_min solver=filo2 stage=post_ls ls=pyvrp iter=21
2026-03-16 01:33:55 | INFO     | [POOL #03272] 1022 475 1287 1221 1212 154 1274 286 1090 952 || mode=RB method=sk_ac_min solver=filo2 stage=post_ls ls=pyvrp iter=21
2026-03-16 01:33:55 | INFO     | [POOL #03273] 1264 247 910 1333 720 878 488 1148 820 || mode=RB method=sk_ac_min solver=filo2 stage=post_ls ls=pyvrp iter=21
2026-03-16 01:33:55 | INFO     | [POOL #03274] 150 106 125 512 || mode=RB method=sk_ac_min solver=filo2 stage=post_ls ls=pyvrp iter=21
2026-03-16 01:33:55 | INFO     | [POOL #03275] 108 935 226 1142 3 982 1191 296 1030 413 430 || mode=RB method=sk_ac_min solver=filo2 stage=post_ls ls=pyvrp iter=21
2026-03-16 01:33:55 | INFO     | [POOL #03276] 1052 184 484 136 363 664 489 265 || mode=RB method=sk_ac_min solver=filo2 stage=post_ls ls=pyvrp iter=21
2026-03-16 01:33:55 | INFO     | [POOL #03277] 166 1091 927 325 1043 1077 1303 69 || mode=RB method=sk_ac_min solver=filo2 stage=post_ls ls=pyvrp iter=21
2026-03-16 01:33:55 | INFO     | [POOL #03278] 1042 14 361 487 855 212 244 || mode=RB method=sk_ac_min solver=filo2 stage=post_ls ls=pyvrp iter=21
2026-03-16 01:33:55 | INFO     | [POOL #03279] 113 77 863 350 881 1009 360 481 1252 319 1165 || mode=RB method=sk_ac_min solver=filo2 stage=post_ls ls=pyvrp iter=21
2026-03-16 01:33:55 | INFO     | [POOL #03280] 219 326 1158 885 227 351 1247 975 228 || mode=RB method=sk_ac_min solver=filo2 stage=post_ls ls=pyvrp iter=21
2026-03-16 01:33:55 | INFO     | [POOL #03281] 837 939 107 476 509 1067 398 || mode=RB method=sk_ac_min solver=filo2 stage=post_ls ls=pyvrp iter=21
2026-03-16 01:33:55 | INFO     | [POOL #03282] 13 185 70 1229 55 1236 1285 641 255 322 894 762 || mode=RB method=sk_ac_min solver=filo2 stage=post_ls ls=pyvrp iter=21
2026-03-16 01:33:55 | INFO     | [POOL #03283] 414 99 245 526 567 155 206 259 453 1222 || mode=RB method=sk_ac_min solver=filo2 stage=post_ls ls=pyvrp iter=21
2026-03-16 01:33:55 | INFO     | [POOL #03284] 539 340 347 1188 421 644 860 1185 281 353 1050 515 1192 1013 479 || mode=RB method=sk_ac_min solver=filo2 stage=post_ls ls=pyvrp iter=21
2026-03-16 01:33:55 | INFO     | [POOL #03285] 989 1102 309 1321 68 1059 1038 631 1036 856 1223 696 || mode=RB method=sk_ac_min solver=filo2 stage=post_ls ls=pyvrp iter=21
2026-03-16 01:33:55 | INFO     | [POOL #03286] 809 1302 771 801 240 1372 57 946 593 231 || mode=RB method=sk_ac_min solver=filo2 stage=post_ls ls=pyvrp iter=21
2026-03-16 01:33:55 | INFO     | [POOL #03287] 243 134 333 442 716 474 393 1353 941 967 553 || mode=RB method=sk_ac_min solver=filo2 stage=post_ls ls=pyvrp iter=21
2026-03-16 01:33:55 | INFO     | [POOL #03288] 1027 955 27 457 763 211 726 574 904 462 813 || mode=RB method=sk_ac_min solver=filo2 stage=post_ls ls=pyvrp iter=21
2026-03-16 01:33:55 | INFO     | [POOL #03289] 873 874 883 966 1322 621 549 613 436 306 84 || mode=RB method=sk_ac_min solver=filo2 stage=post_ls ls=pyvrp iter=21
2026-03-16 01:33:55 | INFO     | [POOL #03290] 965 1270 984 1361 369 287 784 427 1084 47 || mode=RB method=sk_ac_min solver=filo2 stage=post_ls ls=pyvrp iter=21
2026-03-16 01:33:55 | INFO     | [POOL #03291] 656 824 662 146 459 857 148 565 1171 || mode=RB method=sk_ac_min solver=filo2 stage=post_ls ls=pyvrp iter=21
2026-03-16 01:33:55 | INFO     | [POOL #03292] 577 232 790 614 816 825 1278 685 337 || mode=RB method=sk_ac_min solver=filo2 stage=post_ls ls=pyvrp iter=21
2026-03-16 01:33:55 | INFO     | [POOL #03293] 1023 1232 1233 || mode=SCP method=gurobi_mip solver=UNKNOWN stage=scp_post_ls ls=N/A iter=21
2026-03-16 01:33:55 | INFO     | [POOL #03294] 1054 1169 1307 594 || mode=SCP method=gurobi_mip solver=UNKNOWN stage=final_scp_post_ls ls=N/A iter=21
2026-03-16 01:33:55 | INFO     | [POOL #03295] 1354 79 344 || mode=SCP method=gurobi_mip solver=UNKNOWN stage=final_scp_post_ls ls=N/A iter=21
2026-03-16 01:33:55 | INFO     | [POOL #03296] 159 601 305 425 598 || mode=SCP method=gurobi_mip solver=UNKNOWN stage=final_scp_post_ls ls=N/A iter=21
2026-03-16 01:33:55 | INFO     | [POOL #03297] 775 415 || mode=SCP method=gurobi_mip solver=UNKNOWN stage=final_scp_post_ls ls=N/A iter=21
2026-03-16 01:33:55 | INFO     | [POOL #03298] 1068 756 960 733 323 390 330 || mode=SCP method=gurobi_mip solver=UNKNOWN stage=final_scp_post_ls ls=N/A iter=21
2026-03-16 01:33:55 | INFO     | 
2026-03-16 01:33:55 | INFO     | ================================================================================
2026-03-16 01:33:55 | INFO     | [XL-n1374-k278] RUNTIME SUMMARY BY STAGE
2026-03-16 01:33:55 | INFO     | ================================================================================
2026-03-16 01:33:55 | INFO     |         cluster:  178.841s (  0.4% of total runtime)
2026-03-16 01:33:55 | INFO     |              ls:  294.593s (  0.6% of total runtime)
2026-03-16 01:33:55 | INFO     |         routing: 6850.118s ( 14.1% of total runtime)
2026-03-16 01:33:55 | INFO     |             scp: 41329.479s ( 84.9% of total runtime)
2026-03-16 01:33:55 | INFO     |      total_iter: 38621.054s ( 79.4% of total runtime)
2026-03-16 01:33:55 | INFO     | 
2026-03-16 01:33:55 | INFO     | ================================================================================
2026-03-16 01:33:55 | INFO     | [XL-n1374-k278] PERIODIC SNAPSHOT SNAPSHOT_005
2026-03-16 01:33:55 | INFO     | ================================================================================
2026-03-16 01:33:55 | INFO     | Route #1: 1311 654 1317 426 || mode=vb method=sk_kmeans solver=filo2 stage=post_ls ls=pyvrp iter=1
2026-03-16 01:33:55 | INFO     | Route #2: 753 571 480 || mode=vb method=sk_kmeans solver=filo2 stage=post_ls ls=pyvrp iter=1
2026-03-16 01:33:55 | INFO     | Route #3: 994 663 1367 || mode=vb method=sk_kmeans solver=filo2 stage=post_ls ls=pyvrp iter=1
2026-03-16 01:33:55 | INFO     | Route #4: 1172 301 1074 || mode=vb method=sk_kmeans solver=filo2 stage=post_ls ls=pyvrp iter=1
2026-03-16 01:33:55 | INFO     | Route #5: 358 751 1128 || mode=vb method=sk_kmeans solver=filo2 stage=post_ls ls=pyvrp iter=1
2026-03-16 01:33:55 | INFO     | Route #6: 804 626 737 || mode=vb method=sk_kmeans solver=filo2 stage=post_ls ls=pyvrp iter=1
2026-03-16 01:33:55 | INFO     | Route #7: 522 492 510 1002 || mode=vb method=sk_kmeans solver=filo2 stage=post_ls ls=pyvrp iter=1
2026-03-16 01:33:55 | INFO     | Route #8: 64 396 805 || mode=vb method=sk_kmeans solver=filo2 stage=post_ls ls=pyvrp iter=1
2026-03-16 01:33:55 | INFO     | Route #9: 21 62 1114 || mode=vb method=sk_kmeans solver=filo2 stage=post_ls ls=pyvrp iter=1
2026-03-16 01:33:55 | INFO     | Route #10: 783 578 859 || mode=vb method=sk_kmeans solver=filo2 stage=post_ls ls=pyvrp iter=1
2026-03-16 01:33:55 | INFO     | Route #11: 465 710 412 || mode=vb method=sk_kmeans solver=filo2 stage=post_ls ls=pyvrp iter=1
2026-03-16 01:33:55 | INFO     | Route #12: 120 591 546 || mode=vb method=sk_kmeans solver=filo2 stage=post_ls ls=pyvrp iter=1
2026-03-16 01:33:55 | INFO     | Route #13: 1237 387 1117 || mode=vb method=sk_kmeans solver=filo2 stage=post_ls ls=pyvrp iter=1
2026-03-16 01:33:55 | INFO     | Route #14: 1215 869 1325 || mode=vb method=sk_kmeans solver=filo2 stage=post_ls ls=pyvrp iter=1
2026-03-16 01:33:55 | INFO     | Route #15: 899 143 1344 884 || mode=vb method=sk_kmeans solver=filo2 stage=post_ls ls=pyvrp iter=1
2026-03-16 01:33:55 | INFO     | Route #16: 972 166 1091 927 325 1043 1077 || mode=vb method=sk_kmeans solver=filo2 stage=post_ls ls=pyvrp iter=1
2026-03-16 01:33:55 | INFO     | Route #17: 602 985 730 || mode=vb method=sk_kmeans solver=filo2 stage=post_ls ls=pyvrp iter=1
2026-03-16 01:33:55 | INFO     | Route #18: 1075 1349 661 || mode=vb method=sk_kmeans solver=filo2 stage=post_ls ls=pyvrp iter=1
2026-03-16 01:33:55 | INFO     | Route #19: 192 802 483 315 || mode=vb method=sk_kmeans solver=filo2 stage=post_ls ls=pyvrp iter=1
2026-03-16 01:33:55 | INFO     | Route #20: 321 1101 1362 || mode=vb method=sk_kmeans solver=filo2 stage=post_ls ls=pyvrp iter=1
2026-03-16 01:33:55 | INFO     | Route #21: 1292 723 285 || mode=vb method=sk_kmeans solver=filo2 stage=post_ls ls=pyvrp iter=1
2026-03-16 01:33:55 | INFO     | Route #22: 53 1018 431 || mode=vb method=sk_kmeans solver=filo2 stage=post_ls ls=pyvrp iter=1
2026-03-16 01:33:55 | INFO     | Route #23: 841 1041 932 || mode=vb method=sk_kmeans solver=filo2 stage=post_ls ls=pyvrp iter=1
2026-03-16 01:33:55 | INFO     | Route #24: 646 236 263 || mode=vb method=sk_kmeans solver=filo2 stage=post_ls ls=pyvrp iter=1
2026-03-16 01:33:55 | INFO     | Route #25: 1310 821 80 || mode=vb method=sk_kmeans solver=filo2 stage=post_ls ls=pyvrp iter=1
2026-03-16 01:33:55 | INFO     | Route #26: 235 16 1109 1161 215 168 612 || mode=vb method=sk_kmeans solver=filo2 stage=post_ls ls=pyvrp iter=1
2026-03-16 01:33:55 | INFO     | Route #27: 4 1304 991 119 || mode=vb method=sk_kmeans solver=filo2 stage=post_ls ls=pyvrp iter=1
2026-03-16 01:33:55 | INFO     | Route #28: 254 469 634 || mode=vb method=sk_kmeans solver=filo2 stage=post_ls ls=pyvrp iter=1
2026-03-16 01:33:55 | INFO     | Route #29: 867 961 992 1006 || mode=vb method=sk_kmeans solver=filo2 stage=post_ls ls=pyvrp iter=1
2026-03-16 01:33:55 | INFO     | Route #30: 701 199 563 || mode=vb method=sk_kmeans solver=filo2 stage=post_ls ls=pyvrp iter=1
2026-03-16 01:33:55 | INFO     | Route #31: 1345 339 797 || mode=vb method=sk_kmeans solver=filo2 stage=post_ls ls=pyvrp iter=1
2026-03-16 01:33:55 | INFO     | Route #32: 853 382 624 || mode=vb method=sk_kmeans solver=filo2 stage=post_ls ls=pyvrp iter=1
2026-03-16 01:33:55 | INFO     | Route #33: 1208 9 1131 || mode=vb method=sk_kmeans solver=filo2 stage=post_ls ls=pyvrp iter=1
2026-03-16 01:33:55 | INFO     | Route #34: 584 999 830 || mode=vb method=sk_kmeans solver=filo2 stage=post_ls ls=pyvrp iter=1
2026-03-16 01:33:55 | INFO     | Route #35: 102 907 590 || mode=vb method=sk_kmeans solver=filo2 stage=post_ls ls=pyvrp iter=1
2026-03-16 01:33:55 | INFO     | Route #36: 1112 527 579 336 || mode=vb method=sk_kmeans solver=filo2 stage=post_ls ls=pyvrp iter=1
2026-03-16 01:33:55 | INFO     | Route #37: 113 77 434 533 1199 486 394 1048 851 || mode=vb method=sk_kmeans solver=filo2 stage=post_ls ls=pyvrp iter=1
2026-03-16 01:33:55 | INFO     | Route #38: 1301 682 832 1359 || mode=vb method=sk_kmeans solver=filo2 stage=post_ls ls=pyvrp iter=1
2026-03-16 01:33:55 | INFO     | Route #39: 706 1001 1263 || mode=vb method=sk_kmeans solver=filo2 stage=post_ls ls=pyvrp iter=1
2026-03-16 01:33:55 | INFO     | Route #40: 1078 658 424 1176 || mode=vb method=sk_kmeans solver=filo2 stage=post_ls ls=pyvrp iter=1
2026-03-16 01:33:55 | INFO     | Route #41: 1338 1257 241 || mode=vb method=sk_kmeans solver=filo2 stage=post_ls ls=pyvrp iter=1
2026-03-16 01:33:55 | INFO     | Route #42: 262 1337 172 || mode=vb method=sk_kmeans solver=filo2 stage=post_ls ls=pyvrp iter=1
2026-03-16 01:33:55 | INFO     | Route #43: 279 327 177 117 516 545 91 1181 780 || mode=vb method=sk_kmeans solver=filo2 stage=post_ls ls=pyvrp iter=1
2026-03-16 01:33:55 | INFO     | Route #44: 958 289 1259 || mode=vb method=sk_kmeans solver=filo2 stage=post_ls ls=pyvrp iter=1
2026-03-16 01:33:55 | INFO     | Route #45: 1056 660 416 || mode=vb method=sk_kmeans solver=filo2 stage=post_ls ls=pyvrp iter=1
2026-03-16 01:33:55 | INFO     | Route #46: 1184 942 103 || mode=vb method=sk_kmeans solver=filo2 stage=post_ls ls=pyvrp iter=1
2026-03-16 01:33:55 | INFO     | Route #47: 875 798 704 || mode=vb method=sk_kmeans solver=filo2 stage=post_ls ls=pyvrp iter=1
2026-03-16 01:33:55 | INFO     | Route #48: 20 684 1170 || mode=vb method=sk_kmeans solver=filo2 stage=post_ls ls=pyvrp iter=1
2026-03-16 01:33:55 | INFO     | Route #49: 410 35 518 || mode=vb method=sk_kmeans solver=filo2 stage=post_ls ls=pyvrp iter=1
2026-03-16 01:33:55 | INFO     | Route #50: 1341 548 280 1207 || mode=vb method=sk_kmeans solver=filo2 stage=post_ls ls=pyvrp iter=1
2026-03-16 01:33:55 | INFO     | Route #51: 1365 374 675 843 || mode=vb method=sk_kmeans solver=filo2 stage=post_ls ls=pyvrp iter=1
2026-03-16 01:33:55 | INFO     | Route #52: 83 1230 33 || mode=vb method=sk_kmeans solver=filo2 stage=post_ls ls=pyvrp iter=1
2026-03-16 01:33:55 | INFO     | Route #53: 1331 38 1100 639 || mode=vb method=sk_kmeans solver=filo2 stage=post_ls ls=pyvrp iter=1
2026-03-16 01:33:55 | INFO     | Route #54: 135 1290 8 || mode=vb method=sk_kmeans solver=filo2 stage=post_ls ls=pyvrp iter=1
2026-03-16 01:33:55 | INFO     | Route #55: 512 872 197 54 437 || mode=vb method=sk_kmeans solver=filo2 stage=post_ls ls=pyvrp iter=1
2026-03-16 01:33:55 | INFO     | Route #56: 1218 1248 1126 || mode=vb method=sk_kmeans solver=filo2 stage=post_ls ls=pyvrp iter=1
2026-03-16 01:33:55 | INFO     | Route #57: 933 22 501 || mode=vb method=sk_kmeans solver=filo2 stage=post_ls ls=pyvrp iter=1
2026-03-16 01:33:55 | INFO     | Route #58: 14 361 487 855 212 244 1180 520 || mode=vb method=sk_kmeans solver=filo2 stage=post_ls ls=pyvrp iter=1
2026-03-16 01:33:55 | INFO     | Route #59: 15 150 125 || mode=vb method=sk_kmeans solver=filo2 stage=post_ls ls=pyvrp iter=1
2026-03-16 01:33:55 | INFO     | Route #60: 45 1173 503 || mode=vb method=sk_kmeans solver=filo2 stage=post_ls ls=pyvrp iter=1
2026-03-16 01:33:55 | INFO     | Route #61: 882 379 228 310 169 || mode=vb method=sk_kmeans solver=filo2 stage=post_ls ls=pyvrp iter=1
2026-03-16 01:33:55 | INFO     | Route #62: 1105 72 400 || mode=vb method=sk_kmeans solver=filo2 stage=post_ls ls=pyvrp iter=1
2026-03-16 01:33:55 | INFO     | Route #63: 886 1297 78 || mode=vb method=sk_kmeans solver=filo2 stage=post_ls ls=pyvrp iter=1
2026-03-16 01:33:55 | INFO     | Route #64: 929 312 131 || mode=vb method=sk_kmeans solver=filo2 stage=post_ls ls=pyvrp iter=1
2026-03-16 01:33:55 | INFO     | Route #65: 462 904 574 763 457 901 1027 309 || mode=vb method=sk_kmeans solver=filo2 stage=post_ls ls=pyvrp iter=1
2026-03-16 01:33:55 | INFO     | Route #66: 973 71 920 || mode=vb method=sk_kmeans solver=filo2 stage=post_ls ls=pyvrp iter=1
2026-03-16 01:33:55 | INFO     | Route #67: 299 604 1088 1316 903 436 306 955 696 || mode=vb method=sk_kmeans solver=filo2 stage=post_ls ls=pyvrp iter=1
2026-03-16 01:33:55 | INFO     | Route #68: 13 1084 427 784 287 369 1223 1361 1222 || mode=vb method=sk_kmeans solver=filo2 stage=post_ls ls=pyvrp iter=1
2026-03-16 01:33:55 | INFO     | Route #69: 1336 1152 1032 || mode=vb method=sk_kmeans solver=filo2 stage=post_ls ls=pyvrp iter=1
2026-03-16 01:33:55 | INFO     | Route #70: 694 1240 842 928 || mode=vb method=sk_kmeans solver=filo2 stage=post_ls ls=pyvrp iter=1
2026-03-16 01:33:55 | INFO     | Route #71: 605 283 648 655 506 44 || mode=vb method=sk_kmeans solver=filo2 stage=post_ls ls=pyvrp iter=1
2026-03-16 01:33:55 | INFO     | Route #72: 619 1227 404 1279 || mode=vb method=sk_kmeans solver=filo2 stage=post_ls ls=pyvrp iter=1
2026-03-16 01:33:55 | INFO     | Route #73: 1052 184 484 136 363 664 489 265 553 || mode=vb method=sk_kmeans solver=filo2 stage=post_ls ls=pyvrp iter=1
2026-03-16 01:33:55 | INFO     | Route #74: 128 877 1206 311 811 246 89 848 || mode=vb method=sk_kmeans solver=filo2 stage=post_ls ls=pyvrp iter=1
2026-03-16 01:33:55 | INFO     | Route #75: 414 1102 795 139 432 1198 669 881 350 863 || mode=vb method=sk_kmeans solver=filo2 stage=post_ls ls=pyvrp iter=1
2026-03-16 01:33:55 | INFO     | Route #76: 564 559 1190 || mode=vb method=sk_kmeans solver=filo2 stage=post_ls ls=pyvrp iter=1
2026-03-16 01:33:55 | INFO     | Route #77: 858 266 523 || mode=vb method=sk_kmeans solver=filo2 stage=post_ls ls=pyvrp iter=1
2026-03-16 01:33:55 | INFO     | Route #78: 822 239 373 || mode=vb method=sk_kmeans solver=filo2 stage=post_ls ls=pyvrp iter=1
2026-03-16 01:33:55 | INFO     | Route #79: 800 203 547 || mode=vb method=sk_kmeans solver=filo2 stage=post_ls ls=pyvrp iter=1
2026-03-16 01:33:55 | INFO     | Route #80: 727 1071 913 1120 1315 820 1148 || mode=vb method=sk_kmeans solver=filo2 stage=post_ls ls=pyvrp iter=1
2026-03-16 01:33:55 | INFO     | Route #81: 1268 978 473 || mode=vb method=sk_kmeans solver=filo2 stage=post_ls ls=pyvrp iter=1
2026-03-16 01:33:55 | INFO     | Route #82: 202 729 711 || mode=vb method=sk_kmeans solver=filo2 stage=post_ls ls=pyvrp iter=1
2026-03-16 01:33:55 | INFO     | Route #83: 278 777 732 || mode=vb method=sk_kmeans solver=filo2 stage=post_ls ls=pyvrp iter=1
2026-03-16 01:33:55 | INFO     | Route #84: 26 381 755 708 1358 || mode=vb method=sk_kmeans solver=filo2 stage=post_ls ls=pyvrp iter=1
2026-03-16 01:33:55 | INFO     | Route #85: 818 1254 52 || mode=vb method=sk_kmeans solver=filo2 stage=post_ls ls=pyvrp iter=1
2026-03-16 01:33:55 | INFO     | Route #86: 368 880 1081 || mode=vb method=sk_kmeans solver=filo2 stage=post_ls ls=pyvrp iter=1
2026-03-16 01:33:55 | INFO     | Route #87: 30 876 760 251 || mode=vb method=sk_kmeans solver=filo2 stage=post_ls ls=pyvrp iter=1
2026-03-16 01:33:55 | INFO     | Route #88: 206 479 762 894 322 255 641 1285 1236 1229 70 185 || mode=vb method=sk_kmeans solver=filo2 stage=post_ls ls=pyvrp iter=1
2026-03-16 01:33:55 | INFO     | Route #89: 130 145 980 || mode=vb method=sk_kmeans solver=filo2 stage=post_ls ls=pyvrp iter=1
2026-03-16 01:33:55 | INFO     | Route #90: 342 1363 1261 1342 || mode=vb method=sk_kmeans solver=filo2 stage=post_ls ls=pyvrp iter=1
2026-03-16 01:33:55 | INFO     | Route #91: 1352 674 803 || mode=vb method=sk_kmeans solver=filo2 stage=post_ls ls=pyvrp iter=1
2026-03-16 01:33:55 | INFO     | Route #92: 2 699 768 764 151 || mode=vb method=sk_kmeans solver=filo2 stage=post_ls ls=pyvrp iter=1
2026-03-16 01:33:55 | INFO     | Route #93: 1104 1200 440 || mode=vb method=sk_kmeans solver=filo2 stage=post_ls ls=pyvrp iter=1
2026-03-16 01:33:55 | INFO     | Route #94: 1253 1256 331 652 76 || mode=vb method=sk_kmeans solver=filo2 stage=post_ls ls=pyvrp iter=1
2026-03-16 01:33:55 | INFO     | Route #95: 208 460 789 292 582 348 944 1035 752 || mode=vb method=sk_kmeans solver=filo2 stage=post_ls ls=pyvrp iter=1
2026-03-16 01:33:55 | INFO     | Route #96: 988 34 1156 || mode=vb method=sk_kmeans solver=filo2 stage=post_ls ls=pyvrp iter=1
2026-03-16 01:33:55 | INFO     | Route #97: 352 951 157 1003 1095 569 637 || mode=vb method=sk_kmeans solver=filo2 stage=post_ls ls=pyvrp iter=1
2026-03-16 01:33:55 | INFO     | Route #98: 1124 282 372 112 || mode=vb method=sk_kmeans solver=filo2 stage=post_ls ls=pyvrp iter=1
2026-03-16 01:33:55 | INFO     | Route #99: 946 57 1372 240 801 771 259 453 || mode=vb method=sk_kmeans solver=filo2 stage=post_ls ls=pyvrp iter=1
2026-03-16 01:33:55 | INFO     | Route #100: 186 32 1269 956 912 1309 566 977 402 1373 1060 1160 || mode=vb method=sk_kmeans solver=filo2 stage=post_ls ls=pyvrp iter=1
2026-03-16 01:33:55 | INFO     | Route #101: 302 31 106 974 || mode=vb method=sk_kmeans solver=filo2 stage=post_ls ls=pyvrp iter=1
2026-03-16 01:33:55 | INFO     | Route #102: 975 1247 351 227 900 514 252 1332 1327 823 || mode=vb method=sk_kmeans solver=filo2 stage=post_ls ls=pyvrp iter=1
2026-03-16 01:33:55 | INFO     | Route #103: 1159 573 750 17 87 334 249 42 || mode=vb method=sk_kmeans solver=filo2 stage=post_ls ls=pyvrp iter=1
2026-03-16 01:33:55 | INFO     | Route #104: 721 945 1107 60 || mode=vb method=sk_kmeans solver=filo2 stage=post_ls ls=pyvrp iter=1
2026-03-16 01:33:55 | INFO     | Route #105: 936 1066 392 || mode=vb method=sk_kmeans solver=filo2 stage=post_ls ls=pyvrp iter=1
2026-03-16 01:33:55 | INFO     | Route #106: 666 1328 1360 || mode=vb method=sk_kmeans solver=filo2 stage=post_ls ls=pyvrp iter=1
2026-03-16 01:33:55 | INFO     | Route #107: 776 167 766 535 695 1155 617 477 || mode=vb method=sk_kmeans solver=filo2 stage=post_ls ls=pyvrp iter=1
2026-03-16 01:33:55 | INFO     | Route #108: 75 649 97 838 || mode=vb method=sk_kmeans solver=filo2 stage=post_ls ls=pyvrp iter=1
2026-03-16 01:33:55 | INFO     | Route #109: 635 201 115 || mode=vb method=sk_kmeans solver=filo2 stage=post_ls ls=pyvrp iter=1
2026-03-16 01:33:55 | INFO     | Route #110: 1183 28 1370 499 || mode=vb method=sk_kmeans solver=filo2 stage=post_ls ls=pyvrp iter=1
2026-03-16 01:33:55 | INFO     | Route #111: 253 815 504 1130 || mode=vb method=sk_kmeans solver=filo2 stage=post_ls ls=pyvrp iter=1
2026-03-16 01:33:55 | INFO     | Route #112: 418 862 773 124 || mode=vb method=sk_kmeans solver=filo2 stage=post_ls ls=pyvrp iter=1
2026-03-16 01:33:55 | INFO     | Route #113: 1270 84 989 371 1312 954 1020 95 397 || mode=vb method=sk_kmeans solver=filo2 stage=post_ls ls=pyvrp iter=1
2026-03-16 01:33:55 | INFO     | Route #114: 1193 690 898 1065 18 1294 1241 428 754 638 || mode=vb method=sk_kmeans solver=filo2 stage=post_ls ls=pyvrp iter=1
2026-03-16 01:33:55 | INFO     | Route #115: 29 840 1143 879 1334 375 558 1139 672 1008 1079 || mode=vb method=sk_kmeans solver=filo2 stage=post_ls ls=pyvrp iter=1
2026-03-16 01:33:55 | INFO     | Route #116: 586 969 37 866 || mode=vb method=sk_kmeans solver=filo2 stage=post_ls ls=pyvrp iter=1
2026-03-16 01:33:55 | INFO     | Route #117: 640 1299 36 1150 996 464 1000 722 443 || mode=vb method=sk_kmeans solver=filo2 stage=post_ls ls=pyvrp iter=1
2026-03-16 01:33:55 | INFO     | Route #118: 329 911 260 41 1220 40 819 861 810 || mode=vb method=sk_kmeans solver=filo2 stage=post_ls ls=pyvrp iter=1
2026-03-16 01:33:55 | INFO     | Route #119: 423 931 101 332 417 749 799 1127 1366 540 852 1080 835 || mode=vb method=sk_kmeans solver=filo2 stage=post_ls ls=pyvrp iter=1
2026-03-16 01:33:55 | INFO     | Route #120: 794 182 1371 || mode=vb method=sk_kmeans solver=filo2 stage=post_ls ls=pyvrp iter=1
2026-03-16 01:33:55 | INFO     | Route #121: 68 1321 99 245 526 567 155 1059 || mode=vb method=sk_kmeans solver=filo2 stage=post_ls ls=pyvrp iter=1
2026-03-16 01:33:55 | INFO     | Route #122: 1224 86 668 || mode=vb method=sk_kmeans solver=filo2 stage=post_ls ls=pyvrp iter=1
2026-03-16 01:33:55 | INFO     | Route #123: 1055 613 549 621 1322 966 883 874 873 1192 726 27 813 || mode=vb method=sk_kmeans solver=filo2 stage=post_ls ls=pyvrp iter=1
2026-03-16 01:33:55 | INFO     | Route #124: 670 1177 303 1093 1115 1196 468 || mode=vb method=sk_kmeans solver=filo2 stage=post_ls ls=pyvrp iter=1
2026-03-16 01:33:55 | INFO     | Route #125: 1005 742 1083 1145 || mode=vb method=sk_kmeans solver=filo2 stage=post_ls ls=pyvrp iter=1
2026-03-16 01:33:55 | INFO     | Route #126: 61 298 979 90 92 360 1009 481 1252 || mode=vb method=sk_kmeans solver=filo2 stage=post_ls ls=pyvrp iter=1
2026-03-16 01:33:55 | INFO     | Route #127: 713 288 917 916 || mode=vb method=sk_kmeans solver=filo2 stage=post_ls ls=pyvrp iter=1
2026-03-16 01:33:55 | INFO     | Route #128: 231 967 1280 770 243 1049 1364 222 || mode=vb method=sk_kmeans solver=filo2 stage=post_ls ls=pyvrp iter=1
2026-03-16 01:33:55 | INFO     | Route #129: 11 1157 43 629 772 908 1275 96 1313 667 164 || mode=vb method=sk_kmeans solver=filo2 stage=post_ls ls=pyvrp iter=1
2026-03-16 01:33:55 | INFO     | Route #130: 1291 133 335 532 697 595 850 868 142 || mode=vb method=sk_kmeans solver=filo2 stage=post_ls ls=pyvrp iter=1
2026-03-16 01:33:55 | INFO     | Route #131: 463 1239 58 1214 793 1246 1167 491 1201 56 || mode=vb method=sk_kmeans solver=filo2 stage=post_ls ls=pyvrp iter=1
2026-03-16 01:33:55 | INFO     | Route #132: 213 1306 1021 1355 || mode=vb method=sk_kmeans solver=filo2 stage=post_ls ls=pyvrp iter=1
2026-03-16 01:33:55 | INFO     | Route #133: 1163 1346 971 998 885 1158 745 326 219 || mode=vb method=sk_kmeans solver=filo2 stage=post_ls ls=pyvrp iter=1
2026-03-16 01:33:55 | INFO     | Route #134: 1042 452 645 715 1010 970 39 918 140 || mode=vb method=sk_kmeans solver=filo2 stage=post_ls ls=pyvrp iter=1
2026-03-16 01:33:55 | INFO     | Route #135: 1031 555 247 910 720 878 46 343 1072 276 || mode=vb method=sk_kmeans solver=filo2 stage=post_ls ls=pyvrp iter=1
2026-03-16 01:33:55 | INFO     | Route #136: 809 1302 211 1013 515 1050 353 281 1185 860 644 421 1188 347 340 539 55 || mode=vb method=sk_kmeans solver=filo2 stage=post_ls ls=pyvrp iter=1
2026-03-16 01:33:55 | INFO     | Route #137: 318 1195 1146 456 1243 902 538 || mode=vb method=sk_kmeans solver=filo2 stage=post_ls ls=pyvrp iter=1
2026-03-16 01:33:55 | INFO     | Route #138: 1033 581 769 1064 94 195 781 191 || mode=vb method=sk_kmeans solver=filo2 stage=post_ls ls=pyvrp iter=1
2026-03-16 01:33:55 | INFO     | Route #139: 719 1266 627 892 556 909 149 216 || mode=vb method=sk_kmeans solver=filo2 stage=post_ls ls=pyvrp iter=1
2026-03-16 01:33:55 | INFO     | Route #140: 293 406 735 724 123 831 1141 1045 1138 || mode=vb method=sk_kmeans solver=filo2 stage=post_ls ls=pyvrp iter=1
2026-03-16 01:33:55 | INFO     | Route #141: 450 1333 870 597 865 897 256 1228 267 686 420 494 1356 703 || mode=vb method=sk_kmeans solver=filo2 stage=post_ls ls=pyvrp iter=1
2026-03-16 01:33:55 | INFO     | Route #142: 438 482 1284 544 126 295 676 890 845 224 1249 129 950 || mode=vb method=sk_kmeans solver=filo2 stage=post_ls ls=pyvrp iter=1
2026-03-16 01:33:55 | INFO     | Route #143: 887 1046 25 665 1343 560 828 937 1122 || mode=vb method=sk_kmeans solver=filo2 stage=post_ls ls=pyvrp iter=1
2026-03-16 01:33:55 | INFO     | Route #144: 1085 1189 158 1282 580 1318 23 528 1098 194 488 || mode=vb method=sk_kmeans solver=filo2 stage=post_ls ls=pyvrp iter=1
2026-03-16 01:33:55 | INFO     | Route #145: 531 561 1137 949 447 59 105 615 1210 1300 995 585 || mode=vb method=sk_kmeans solver=filo2 stage=post_ls ls=pyvrp iter=1
2026-03-16 01:33:55 | INFO     | Route #146: 248 308 272 1319 1121 284 377 1260 707 || mode=vb method=sk_kmeans solver=filo2 stage=post_ls ls=pyvrp iter=1
2026-03-16 01:33:55 | INFO     | Route #147: 134 333 442 393 459 857 148 565 941 || mode=vb method=sk_kmeans solver=filo2 stage=post_ls ls=pyvrp iter=1
2026-03-16 01:33:55 | INFO     | Route #148: 1251 1324 294 671 525 444 1217 || mode=vb method=sk_kmeans solver=filo2 stage=post_ls ls=pyvrp iter=1
2026-03-16 01:33:55 | INFO     | Route #149: 827 568 160 758 746 384 1271 187 606 575 1019 1204 || mode=vb method=sk_kmeans solver=filo2 stage=post_ls ls=pyvrp iter=1
2026-03-16 01:33:55 | INFO     | Route #150: 965 984 656 856 824 1036 1038 631 593 662 98 1225 || mode=vb method=sk_kmeans solver=filo2 stage=post_ls ls=pyvrp iter=1
2026-03-16 01:33:55 | INFO     | Route #151: 65 767 147 681 1264 1108 269 153 1166 497 864 930 || mode=vb method=sk_kmeans solver=filo2 stage=post_ls ls=pyvrp iter=1
2026-03-16 01:33:55 | INFO     | Route #152: 1234 498 551 1351 1242 || mode=vb method=sk_kmeans solver=filo2 stage=post_ls ls=pyvrp iter=1
2026-03-16 01:33:55 | INFO     | Route #153: 268 1174 1186 || mode=rb method=sk_ac_avg solver=pyvrp stage=post_ls ls=pyvrp iter=2
2026-03-16 01:33:55 | INFO     | Route #154: 383 210 300 || mode=rb method=sk_ac_avg solver=pyvrp stage=post_ls ls=pyvrp iter=2
2026-03-16 01:33:55 | INFO     | Route #155: 1076 237 1129 297 || mode=rb method=sk_ac_avg solver=pyvrp stage=post_ls ls=pyvrp iter=2
2026-03-16 01:33:55 | INFO     | Route #156: 152 589 844 || mode=rb method=sk_ac_avg solver=pyvrp stage=post_ls ls=pyvrp iter=2
2026-03-16 01:33:55 | INFO     | Route #157: 230 926 496 || mode=rb method=sk_ac_avg solver=pyvrp stage=post_ls ls=pyvrp iter=2
2026-03-16 01:33:55 | INFO     | Route #158: 257 1281 1295 || mode=rb method=sk_ac_avg solver=pyvrp stage=post_ls ls=pyvrp iter=2
2026-03-16 01:33:55 | INFO     | Route #159: 1011 225 1235 || mode=rb method=sk_ac_avg solver=pyvrp stage=post_ls ls=pyvrp iter=2
2026-03-16 01:33:55 | INFO     | Route #160: 914 1262 455 || mode=rb method=sk_ac_avg solver=pyvrp stage=post_ls ls=pyvrp iter=2
2026-03-16 01:33:55 | INFO     | Route #161: 346 1329 623 || mode=rb method=sk_ac_avg solver=pyvrp stage=post_ls ls=pyvrp iter=2
2026-03-16 01:33:55 | INFO     | Route #162: 1054 1169 1307 594 || mode=scp method=gurobi_mip solver=None stage=final_scp_post_ls ls=N/A iter=21
2026-03-16 01:33:55 | INFO     | Route #163: 66 785 702 || mode=rb method=sk_ac_avg solver=pyvrp stage=post_ls ls=pyvrp iter=2
2026-03-16 01:33:55 | INFO     | Route #164: 1293 1277 1175 || mode=rb method=sk_ac_avg solver=pyvrp stage=post_ls ls=pyvrp iter=2
2026-03-16 01:33:55 | INFO     | Route #165: 1015 757 680 || mode=rb method=sk_ac_avg solver=pyvrp stage=post_ls ls=pyvrp iter=2
2026-03-16 01:33:55 | INFO     | Route #166: 1094 274 964 || mode=rb method=sk_ac_avg solver=pyvrp stage=post_ls ls=pyvrp iter=2
2026-03-16 01:33:55 | INFO     | Route #167: 10 1347 190 || mode=rb method=sk_ac_avg solver=pyvrp stage=post_ls ls=pyvrp iter=2
2026-03-16 01:33:55 | INFO     | Route #168: 1323 1086 250 || mode=rb method=sk_ac_avg solver=pyvrp stage=post_ls ls=pyvrp iter=2
2026-03-16 01:33:55 | INFO     | Route #169: 536 792 687 || mode=rb method=sk_ac_avg solver=pyvrp stage=post_ls ls=pyvrp iter=2
2026-03-16 01:33:55 | INFO     | Route #170: 162 349 947 || mode=rb method=sk_ac_avg solver=pyvrp stage=post_ls ls=pyvrp iter=2
2026-03-16 01:33:55 | INFO     | Route #171: 740 683 180 || mode=rb method=sk_ac_avg solver=pyvrp stage=post_ls ls=pyvrp iter=2
2026-03-16 01:33:55 | INFO     | Route #172: 478 940 938 || mode=rb method=sk_ac_avg solver=pyvrp stage=post_ls ls=pyvrp iter=2
2026-03-16 01:33:55 | INFO     | Route #173: 82 734 367 541 || mode=rb method=sk_ac_avg solver=pyvrp stage=post_ls ls=pyvrp iter=2
2026-03-16 01:33:55 | INFO     | Route #174: 429 774 370 || mode=vb method=sk_kmeans solver=pyvrp stage=post_ls ls=pyvrp iter=3
2026-03-16 01:33:55 | INFO     | Route #175: 725 537 987 385 || mode=vb method=sk_kmeans solver=pyvrp stage=post_ls ls=pyvrp iter=3
2026-03-16 01:33:55 | INFO     | Route #176: 275 691 692 || mode=vb method=sk_kmeans solver=pyvrp stage=post_ls ls=pyvrp iter=3
2026-03-16 01:33:55 | INFO     | Route #177: 922 359 1082 || mode=vb method=sk_kmeans solver=pyvrp stage=post_ls ls=pyvrp iter=3
2026-03-16 01:33:55 | INFO     | Route #178: 836 118 1051 || mode=vb method=sk_kmeans solver=pyvrp stage=post_ls ls=pyvrp iter=3
2026-03-16 01:33:55 | INFO     | Route #179: 718 1073 1283 || mode=vb method=sk_kmeans solver=pyvrp stage=post_ls ls=pyvrp iter=3
2026-03-16 01:33:55 | INFO     | Route #180: 401 380 616 || mode=vb method=sk_kmeans solver=pyvrp stage=post_ls ls=pyvrp iter=3
2026-03-16 01:33:55 | INFO     | Route #181: 24 741 1203 || mode=vb method=sk_kmeans solver=pyvrp stage=post_ls ls=pyvrp iter=3
2026-03-16 01:33:55 | INFO     | Route #182: 307 63 731 || mode=vb method=sk_kmeans solver=pyvrp stage=post_ls ls=pyvrp iter=3
2026-03-16 01:33:55 | INFO     | Route #183: 791 759 709 || mode=vb method=sk_kmeans solver=pyvrp stage=post_ls ls=pyvrp iter=3
2026-03-16 01:33:55 | INFO     | Route #184: 1205 388 620 || mode=rb method=sk_ac_complete solver=pyvrp stage=post_ls ls=pyvrp iter=4
2026-03-16 01:33:55 | INFO     | Route #185: 1245 466 49 || mode=rb method=sk_ac_complete solver=pyvrp stage=post_ls ls=pyvrp iter=4
2026-03-16 01:33:55 | INFO     | Route #186: 458 1298 552 449 || mode=rb method=sk_ac_complete solver=pyvrp stage=post_ls ls=pyvrp iter=4
2026-03-16 01:33:55 | INFO     | Route #187: 557 700 258 1026 || mode=rb method=sk_ac_complete solver=pyvrp stage=post_ls ls=pyvrp iter=4
2026-03-16 01:33:55 | INFO     | Route #188: 324 534 957 630 || mode=rb method=sk_ac_complete solver=pyvrp stage=post_ls ls=pyvrp iter=4
2026-03-16 01:33:55 | INFO     | Route #189: 1007 409 93 || mode=rb method=sk_ac_complete solver=pyvrp stage=post_ls ls=pyvrp iter=4
2026-03-16 01:33:55 | INFO     | Route #190: 808 587 712 839 || mode=rb method=sk_ac_complete solver=pyvrp stage=post_ls ls=pyvrp iter=4
2026-03-16 01:33:55 | INFO     | Route #191: 320 981 238 || mode=rb method=sk_ac_complete solver=pyvrp stage=post_ls ls=pyvrp iter=4
2026-03-16 01:33:55 | INFO     | Route #192: 1106 698 122 || mode=rb method=sk_ac_complete solver=pyvrp stage=post_ls ls=pyvrp iter=4
2026-03-16 01:33:55 | INFO     | Route #193: 747 317 114 || mode=rb method=sk_ac_complete solver=pyvrp stage=post_ls ls=pyvrp iter=4
2026-03-16 01:33:55 | INFO     | Route #194: 132 467 1004 || mode=vb method=k_medoids_pyclustering solver=filo1 stage=post_ls ls=pyvrp iter=5
2026-03-16 01:33:55 | INFO     | Route #195: 209 1014 1272 || mode=vb method=k_medoids_pyclustering solver=filo1 stage=post_ls ls=pyvrp iter=5
2026-03-16 01:33:55 | INFO     | Route #196: 1326 12 633 || mode=vb method=k_medoids_pyclustering solver=filo1 stage=post_ls ls=pyvrp iter=5
2026-03-16 01:33:55 | INFO     | Route #197: 618 1276 1123 || mode=vb method=k_medoids_pyclustering solver=filo1 stage=post_ls ls=pyvrp iter=5
2026-03-16 01:33:55 | INFO     | Route #198: 990 517 365 || mode=vb method=k_medoids_pyclustering solver=filo1 stage=post_ls ls=pyvrp iter=5
2026-03-16 01:33:55 | INFO     | Route #199: 188 572 1267 1288 || mode=vb method=k_medoids_pyclustering solver=filo1 stage=post_ls ls=pyvrp iter=5
2026-03-16 01:33:55 | INFO     | Route #200: 354 806 193 1016 524 1305 422 || mode=vb method=sk_ac_min solver=pyvrp stage=post_ls ls=pyvrp iter=12
2026-03-16 01:33:55 | INFO     | Route #201: 485 290 183 || mode=vb method=k_medoids_pyclustering solver=filo1 stage=post_ls ls=pyvrp iter=5
2026-03-16 01:33:55 | INFO     | Route #202: 366 659 583 || mode=vb method=k_medoids_pyclustering solver=filo1 stage=post_ls ls=pyvrp iter=5
2026-03-16 01:33:55 | INFO     | Route #203: 73 997 895 1335 || mode=vb method=k_medoids_pyclustering solver=filo1 stage=post_ls ls=pyvrp iter=5
2026-03-16 01:33:55 | INFO     | Route #204: 389 85 693 || mode=vb method=k_medoids_pyclustering solver=filo1 stage=post_ls ls=pyvrp iter=5
2026-03-16 01:33:55 | INFO     | Route #205: 490 398 1153 717 || mode=vb method=k_medoids_pyclustering solver=filo1 stage=post_ls ls=pyvrp iter=5
2026-03-16 01:33:55 | INFO     | Route #206: 242 1149 1087 || mode=rb method=sk_kmeans solver=filo1 stage=post_ls ls=pyvrp iter=6
2026-03-16 01:33:55 | INFO     | Route #207: 356 5 1040 || mode=rb method=sk_kmeans solver=filo1 stage=post_ls ls=pyvrp iter=6
2026-03-16 01:33:55 | INFO     | Route #208: 6 1369 1250 || mode=rb method=sk_kmeans solver=filo1 stage=post_ls ls=pyvrp iter=6
2026-03-16 01:33:55 | INFO     | Route #209: 765 116 817 || mode=rb method=sk_kmeans solver=filo1 stage=post_ls ls=pyvrp iter=6
2026-03-16 01:33:55 | INFO     | Route #210: 1092 1320 650 1135 || mode=rb method=sk_kmeans solver=filo1 stage=post_ls ls=pyvrp iter=6
2026-03-16 01:33:55 | INFO     | Route #211: 632 610 100 689 1178 419 673 743 || mode=rb method=sk_kmeans solver=filo1 stage=post_ls ls=pyvrp iter=6
2026-03-16 01:33:55 | INFO     | Route #212: 170 50 786 || mode=rb method=sk_kmeans solver=filo1 stage=post_ls ls=pyvrp iter=6
2026-03-16 01:33:55 | INFO     | Route #213: 761 1111 74 || mode=rb method=sk_kmeans solver=filo1 stage=post_ls ls=pyvrp iter=6
2026-03-16 01:33:55 | INFO     | Route #214: 1024 470 968 || mode=vb method=k_medoids_pyclustering solver=filo1 stage=post_ls ls=pyvrp iter=7
2026-03-16 01:33:55 | INFO     | Route #215: 1061 919 782 || mode=vb method=k_medoids_pyclustering solver=filo1 stage=post_ls ls=pyvrp iter=7
2026-03-16 01:33:55 | INFO     | Route #216: 200 1118 787 || mode=vb method=k_medoids_pyclustering solver=filo1 stage=post_ls ls=pyvrp iter=7
2026-03-16 01:33:55 | INFO     | Route #217: 592 304 739 1330 || mode=vb method=k_medoids_pyclustering solver=filo1 stage=post_ls ls=pyvrp iter=7
2026-03-16 01:33:55 | INFO     | Route #218: 1354 79 344 || mode=scp method=gurobi_mip solver=None stage=final_scp_post_ls ls=N/A iter=21
2026-03-16 01:33:55 | INFO     | Route #219: 1179 439 1070 || mode=vb method=k_medoids_pyclustering solver=filo1 stage=post_ls ls=pyvrp iter=7
2026-03-16 01:33:55 | INFO     | Route #220: 871 88 778 || mode=vb method=k_medoids_pyclustering solver=filo1 stage=post_ls ls=pyvrp iter=7
2026-03-16 01:33:55 | INFO     | Route #221: 934 1144 628 || mode=vb method=k_medoids_pyclustering solver=filo1 stage=post_ls ls=pyvrp iter=7
2026-03-16 01:33:55 | INFO     | Route #222: 833 986 176 || mode=vb method=k_medoids_pyclustering solver=filo1 stage=post_ls ls=pyvrp iter=7
2026-03-16 01:33:55 | INFO     | Route #223: 159 601 305 425 598 || mode=scp method=gurobi_mip solver=None stage=final_scp_post_ls ls=N/A iter=21
2026-03-16 01:33:55 | INFO     | Route #224: 454 608 357 || mode=vb method=sk_ac_complete solver=pyvrp stage=post_ls ls=pyvrp iter=8
2026-03-16 01:33:55 | INFO     | Route #225: 921 1057 171 || mode=vb method=sk_ac_complete solver=pyvrp stage=post_ls ls=pyvrp iter=8
2026-03-16 01:33:55 | INFO     | Route #226: 1348 127 338 364 || mode=vb method=sk_ac_complete solver=pyvrp stage=post_ls ls=pyvrp iter=8
2026-03-16 01:33:55 | INFO     | Route #227: 165 550 1134 1168 || mode=vb method=sk_ac_complete solver=pyvrp stage=post_ls ls=pyvrp iter=8
2026-03-16 01:33:55 | INFO     | Route #228: 588 779 891 || mode=vb method=sk_ac_complete solver=pyvrp stage=post_ls ls=pyvrp iter=8
2026-03-16 01:33:55 | INFO     | Route #229: 81 923 313 || mode=vb method=sk_ac_complete solver=pyvrp stage=post_ls ls=pyvrp iter=8
2026-03-16 01:33:55 | INFO     | Route #230: 705 1286 1339 924 || mode=rb method=sk_ac_avg solver=pyvrp stage=post_ls ls=pyvrp iter=9
2026-03-16 01:33:55 | INFO     | Route #231: 1028 446 405 || mode=rb method=sk_ac_avg solver=pyvrp stage=post_ls ls=pyvrp iter=9
2026-03-16 01:33:55 | INFO     | Route #232: 1037 271 653 || mode=rb method=sk_ac_avg solver=pyvrp stage=post_ls ls=pyvrp iter=9
2026-03-16 01:33:55 | INFO     | Route #233: 270 221 962 || mode=rb method=sk_ac_avg solver=pyvrp stage=post_ls ls=pyvrp iter=9
2026-03-16 01:33:55 | INFO     | Route #234: 161 19 205 1012 441 678 530 788 834 542 1265 223 || mode=rb method=sk_ac_avg solver=pyvrp stage=post_ls ls=pyvrp iter=9
2026-03-16 01:33:55 | INFO     | Route #235: 1171 181 233 826 599 445 679 1 1140 141 376 || mode=rb method=sk_ac_avg solver=pyvrp stage=post_ls ls=pyvrp iter=9
2026-03-16 01:33:55 | INFO     | Route #236: 1353 716 935 226 1147 642 1116 198 576 || mode=rb method=sk_ac_avg solver=pyvrp stage=post_ls ls=pyvrp iter=9
2026-03-16 01:33:55 | INFO     | Route #237: 47 146 430 413 1030 296 1191 982 3 1142 474 108 || mode=rb method=sk_ac_avg solver=pyvrp stage=post_ls ls=pyvrp iter=9
2026-03-16 01:33:55 | INFO     | Route #238: 889 391 738 104 829 178 1357 1226 448 || mode=rb method=sk_ac_avg solver=pyvrp stage=post_ls ls=pyvrp iter=9
2026-03-16 01:33:55 | INFO     | Route #239: 677 600 1058 345 || mode=rb method=sk_ac_avg solver=pyvrp stage=post_ls ls=pyvrp iter=9
2026-03-16 01:33:55 | INFO     | Route #240: 264 896 1110 196 || mode=scp method=gurobi_mip solver=None stage=scp_post_ls ls=N/A iter=9
2026-03-16 01:33:55 | INFO     | Route #241: 1132 529 411 || mode=vb method=k_medoids_pyclustering solver=filo2 stage=post_ls ls=pyvrp iter=10
2026-03-16 01:33:55 | INFO     | Route #242: 204 502 915 291 812 || mode=vb method=k_medoids_pyclustering solver=filo2 stage=post_ls ls=pyvrp iter=10
2026-03-16 01:33:55 | INFO     | Route #243: 1368 893 688 || mode=vb method=k_medoids_pyclustering solver=filo2 stage=post_ls ls=pyvrp iter=10
2026-03-16 01:33:55 | INFO     | Route #244: 943 603 814 905 || mode=rb method=sk_kmeans solver=pyvrp stage=post_ls ls=pyvrp iter=11
2026-03-16 01:33:55 | INFO     | Route #245: 1182 1103 1154 || mode=rb method=sk_kmeans solver=pyvrp stage=post_ls ls=pyvrp iter=11
2026-03-16 01:33:55 | INFO     | Route #246: 847 1113 643 214 || mode=rb method=sk_kmeans solver=pyvrp stage=post_ls ls=pyvrp iter=11
2026-03-16 01:33:55 | INFO     | Route #247: 976 156 67 189 959 1303 1133 399 || mode=rb method=sk_kmeans solver=pyvrp stage=post_ls ls=pyvrp iter=11
2026-03-16 01:33:55 | INFO     | Route #248: 1039 596 744 || mode=vb method=sk_ac_min solver=pyvrp stage=post_ls ls=pyvrp iter=12
2026-03-16 01:33:55 | INFO     | Route #249: 1089 328 983 173 || mode=rb method=sk_kmeans solver=pyvrp stage=post_ls ls=pyvrp iter=13
2026-03-16 01:33:55 | INFO     | Route #250: 1025 218 714 || mode=rb method=sk_kmeans solver=pyvrp stage=post_ls ls=pyvrp iter=13
2026-03-16 01:33:55 | INFO     | Route #251: 111 109 1340 || mode=rb method=sk_kmeans solver=pyvrp stage=post_ls ls=pyvrp iter=13
2026-03-16 01:33:55 | INFO     | Route #252: 1289 433 1308 || mode=rb method=sk_kmeans solver=pyvrp stage=post_ls ls=pyvrp iter=13
2026-03-16 01:33:55 | INFO     | Route #253: 472 1069 728 || mode=rb method=sk_kmeans solver=pyvrp stage=post_ls ls=pyvrp iter=13
2026-03-16 01:33:55 | INFO     | Route #254: 386 1044 495 121 || mode=rb method=sk_kmeans solver=pyvrp stage=post_ls ls=pyvrp iter=13
2026-03-16 01:33:55 | INFO     | Route #255: 138 1063 1244 || mode=rb method=sk_kmeans solver=pyvrp stage=post_ls ls=pyvrp iter=13
2026-03-16 01:33:55 | INFO     | Route #256: 1097 1029 1062 963 || mode=rb method=sk_kmeans solver=pyvrp stage=post_ls ls=pyvrp iter=13
2026-03-16 01:33:55 | INFO     | Route #257: 1136 1197 651 220 || mode=rb method=sk_kmeans solver=pyvrp stage=post_ls ls=pyvrp iter=13
2026-03-16 01:33:55 | INFO     | Route #258: 775 415 || mode=scp method=gurobi_mip solver=None stage=final_scp_post_ls ls=N/A iter=21
2026-03-16 01:33:55 | INFO     | Route #259: 1213 1099 1119 1151 || mode=vb method=sk_ac_complete solver=filo2 stage=post_ls ls=pyvrp iter=14
2026-03-16 01:33:55 | INFO     | Route #260: 647 1017 7 || mode=vb method=sk_ac_complete solver=filo2 stage=post_ls ls=pyvrp iter=14
2026-03-16 01:33:55 | INFO     | Route #261: 163 179 854 || mode=vb method=sk_ac_complete solver=filo2 stage=post_ls ls=pyvrp iter=14
2026-03-16 01:33:55 | INFO     | Route #262: 110 607 993 1202 || mode=vb method=sk_ac_complete solver=filo2 stage=post_ls ls=pyvrp iter=14
2026-03-16 01:33:55 | INFO     | Route #263: 137 217 471 543 || mode=vb method=sk_kmeans solver=pyvrp stage=post_ls ls=pyvrp iter=15
2026-03-16 01:33:55 | INFO     | Route #264: 513 507 48 || mode=vb method=sk_kmeans solver=pyvrp stage=post_ls ls=pyvrp iter=15
2026-03-16 01:33:55 | INFO     | Route #265: 953 355 1194 || mode=vb method=sk_kmeans solver=pyvrp stage=post_ls ls=pyvrp iter=15
2026-03-16 01:33:55 | INFO     | Route #266: 636 1231 408 || mode=scp method=gurobi_mip solver=None stage=scp_post_ls ls=N/A iter=15
2026-03-16 01:33:55 | INFO     | Route #267: 314 1258 273 1273 || mode=rb method=sk_ac_min solver=filo2 stage=post_ls ls=pyvrp iter=16
2026-03-16 01:33:55 | INFO     | Route #268: 748 505 107 1209 939 611 837 1296 || mode=rb method=sk_ac_min solver=filo2 stage=post_ls ls=pyvrp iter=16
2026-03-16 01:33:55 | INFO     | Route #269: 1187 362 1162 || mode=rb method=sk_ac_min solver=filo2 stage=post_ls ls=pyvrp iter=16
2026-03-16 01:33:55 | INFO     | Route #270: 1219 521 609 51 1350 403 || mode=rb method=sk_ac_min solver=filo2 stage=post_ls ls=pyvrp iter=16
2026-03-16 01:33:55 | INFO     | Route #271: 69 1090 286 1287 1221 1212 154 1274 319 1165 261 || mode=rb method=sk_ac_min solver=filo2 stage=post_ls ls=pyvrp iter=16
2026-03-16 01:33:55 | INFO     | Route #272: 144 849 952 475 1053 174 1034 519 493 1022 807 407 796 500 || mode=rb method=sk_ac_min solver=filo2 stage=post_ls ls=pyvrp iter=16
2026-03-16 01:33:55 | INFO     | Route #273: 1067 509 277 229 476 316 || mode=rb method=sk_ac_min solver=filo2 stage=post_ls ls=pyvrp iter=16
2026-03-16 01:33:55 | INFO     | Route #274: 1068 756 960 733 323 390 330 || mode=scp method=gurobi_mip solver=None stage=final_scp_post_ls ls=N/A iter=21
2026-03-16 01:33:55 | INFO     | Route #275: 906 1216 562 || mode=vb method=sk_ac_min solver=filo2 stage=post_ls ls=pyvrp iter=17
2026-03-16 01:33:55 | INFO     | Route #276: 1255 511 234 || mode=vb method=sk_ac_min solver=filo2 stage=post_ls ls=pyvrp iter=17
2026-03-16 01:33:55 | INFO     | Route #277: 1314 341 657 625 736 435 1125 948 570 508 1164 207 || mode=vb method=sk_ac_min solver=filo2 stage=post_ls ls=pyvrp iter=17
2026-03-16 01:33:55 | INFO     | Route #278: 461 1047 175 || mode=vb method=sk_ac_min solver=filo2 stage=post_ls ls=pyvrp iter=19
2026-03-16 01:33:55 | INFO     | Route #279: 622 925 846 || mode=rb method=sk_ac_min solver=filo2 stage=post_ls ls=pyvrp iter=21
2026-03-16 01:33:55 | INFO     | Route #280: 554 1211 1096 378 || mode=rb method=sk_ac_min solver=filo2 stage=post_ls ls=pyvrp iter=21
2026-03-16 01:33:55 | INFO     | Route #281: 395 451 888 1238 || mode=rb method=sk_ac_min solver=filo2 stage=post_ls ls=pyvrp iter=21
2026-03-16 01:33:55 | INFO     | Route #282: 577 232 790 614 816 825 1278 685 337 || mode=rb method=sk_ac_min solver=filo2 stage=post_ls ls=pyvrp iter=21
2026-03-16 01:33:55 | INFO     | Route #283: 1023 1232 1233 || mode=scp method=gurobi_mip solver=None stage=scp_post_ls ls=N/A iter=21
2026-03-16 01:33:55 | INFO     | 
2026-03-16 01:33:55 | INFO     | [BEST SOLUTION ROUTE SUMMARY]
2026-03-16 01:33:55 | INFO     | --------------------------------------------------------------------------------
2026-03-16 01:33:55 | INFO     |  152 routes | VB    | sk_kmeans       | solver=filo2      | stage=post_ls | ls=pyvrp
2026-03-16 01:33:55 | INFO     |   30 routes | RB    | sk_ac_avg       | solver=pyvrp      | stage=post_ls | ls=pyvrp
2026-03-16 01:33:55 | INFO     |   19 routes | VB    | k_medoids_pyclustering | solver=filo1      | stage=post_ls | ls=pyvrp
2026-03-16 01:33:55 | INFO     |   13 routes | RB    | sk_kmeans       | solver=pyvrp      | stage=post_ls | ls=pyvrp
2026-03-16 01:33:55 | INFO     |   13 routes | VB    | sk_kmeans       | solver=pyvrp      | stage=post_ls | ls=pyvrp
2026-03-16 01:33:55 | INFO     |   11 routes | RB    | sk_ac_min       | solver=filo2      | stage=post_ls | ls=pyvrp
2026-03-16 01:33:55 | INFO     |   10 routes | RB    | sk_ac_complete  | solver=pyvrp      | stage=post_ls | ls=pyvrp
2026-03-16 01:33:55 | INFO     |    8 routes | RB    | sk_kmeans       | solver=filo1      | stage=post_ls | ls=pyvrp
2026-03-16 01:33:55 | INFO     |    6 routes | VB    | sk_ac_complete  | solver=pyvrp      | stage=post_ls | ls=pyvrp
2026-03-16 01:33:55 | INFO     |    5 routes | SCP   | gurobi_mip      | solver=UNKNOWN    | stage=final_scp_post_ls | ls=N/A
2026-03-16 01:33:55 | INFO     |    4 routes | VB    | sk_ac_complete  | solver=filo2      | stage=post_ls | ls=pyvrp
2026-03-16 01:33:55 | INFO     |    4 routes | VB    | sk_ac_min       | solver=filo2      | stage=post_ls | ls=pyvrp
2026-03-16 01:33:55 | INFO     |    3 routes | SCP   | gurobi_mip      | solver=UNKNOWN    | stage=scp_post_ls | ls=N/A
2026-03-16 01:33:55 | INFO     |    3 routes | VB    | k_medoids_pyclustering | solver=filo2      | stage=post_ls | ls=pyvrp
2026-03-16 01:33:55 | INFO     |    2 routes | VB    | sk_ac_min       | solver=pyvrp      | stage=post_ls | ls=pyvrp
2026-03-16 01:33:55 | INFO     | 
2026-03-16 01:33:55 | INFO     | [ROUTE POOL SUMMARY]
2026-03-16 01:33:55 | INFO     |   387 routes | VB | sk_kmeans | solver=pyvrp | stage=post_ls | ls=pyvrp
2026-03-16 01:33:55 | INFO     |   376 routes | RB | sk_ac_avg | solver=pyvrp | stage=post_ls | ls=pyvrp
2026-03-16 01:33:55 | INFO     |   358 routes | RB | sk_kmeans | solver=pyvrp | stage=post_ls | ls=pyvrp
2026-03-16 01:33:55 | INFO     |   351 routes | VB | k_medoids_pyclustering | solver=filo1 | stage=post_ls | ls=pyvrp
2026-03-16 01:33:55 | INFO     |   284 routes | VB | sk_kmeans | solver=filo2 | stage=post_ls | ls=pyvrp
2026-03-16 01:33:55 | INFO     |   188 routes | VB | sk_ac_min | solver=pyvrp | stage=post_ls | ls=pyvrp
2026-03-16 01:33:55 | INFO     |   180 routes | VB | sk_ac_complete | solver=pyvrp | stage=post_ls | ls=pyvrp
2026-03-16 01:33:55 | INFO     |   176 routes | VB | k_medoids_pyclustering | solver=pyvrp | stage=post_ls | ls=pyvrp
2026-03-16 01:33:55 | INFO     |   172 routes | RB | sk_ac_min | solver=filo2 | stage=post_ls | ls=pyvrp
2026-03-16 01:33:55 | INFO     |   170 routes | RB | sk_ac_complete | solver=pyvrp | stage=post_ls | ls=pyvrp
2026-03-16 01:33:55 | INFO     |   165 routes | VB | sk_ac_min | solver=filo2 | stage=post_ls | ls=pyvrp
2026-03-16 01:33:55 | INFO     |   129 routes | RB | sk_kmeans | solver=filo1 | stage=post_ls | ls=pyvrp
2026-03-16 01:33:55 | INFO     |   126 routes | VB | sk_ac_complete | solver=filo2 | stage=post_ls | ls=pyvrp
2026-03-16 01:33:55 | INFO     |   116 routes | VB | k_medoids_pyclustering | solver=filo2 | stage=post_ls | ls=pyvrp
2026-03-16 01:33:55 | INFO     |   101 routes | VB | sk_ac_avg | solver=filo1 | stage=post_ls | ls=pyvrp
2026-03-16 01:33:55 | INFO     |    14 routes | SCP | gurobi_mip | solver=UNKNOWN | stage=scp_post_ls | ls=N/A
2026-03-16 01:33:55 | INFO     |     5 routes | SCP | gurobi_mip | solver=UNKNOWN | stage=final_scp_post_ls | ls=N/A
